TimeStamp, dwkrz_0   , dwkrz_1   , dwkrz_2   , dwkrz_3   , fpvdk_w   , fra_w     , frm_w     , gangi     , lambts_w  , lamelsh_w , lamfa_w   , lamlash_w , lamsbg_w  , lamsoni_w , ldrlms_w  , ldtvm     , ml_w      , msdk_w    , mshfm_w   , nmot_w    , plsol     , ps_w      , pu        , pvdks_w   , rl_w      , rlmax_w   , rlmx_w    , rlroh_w   , rlsol_w   , tabgm_w   , tanslin   , te_w      , tevfakge_w, ti_b1     , tmotlin   , wdkba     , wdks      , wkrm      , wnwi_w    , wped_w    , zwist     , zwout     , zwsol     
  sec.ms , °KW       , °KW       , °KW       , °KW       , -         , -         , -         , gear      , -         , -         , -         , -         , -         , -         , , , g/s       , g/s       , g/s       , rpm       , mbar      , mbar      , mbar      , mbar      , , , , , , °C        , °C        , ms        , ms        , ms        , °C        , DK      , DK      , °KW       , °KW       , PED     , °KW       , °KW       , °KW       
TIME,IgnitionRetardCyl1,IgnitionRetardCyl4,IgnitionRetardCyl2,IgnitionRetardCyl3,,AdaptationPartial,LambdaControlAvg,SelectedGear,LambdaPartProtection,,TargetAFRDriverRequest,,AirFuelRatioDesired,AirFuelRatioCurrent,ChargeLimitEngineProtection,WastegateDutyCycle,,MassAirFlowAtThrottlePlate,MassAirFlow,EngineSpeed,BoostPressureDesired,,BaroPressure,BoostPressureActual,EngineLoad,EngineLoadCorrected,EngineLoadSpecified,,EngineLoadRequested,EGTModelBeforeCat,IntakeAirTemperature,EffInjectionTime,,FuelInjectorOnTime,CoolantTemperature,ThrottlePlateAngle,ThrottlePlateAngleRequested,AvgIgnitionRetardKnockControl,CamshaftAngle,AccelPedalPosition,IgnitionTimingAngle,IgnitionTimingAngleOverall,
0,0,0,0,0,0.923951,1.00113,1,3,1,1,1,0,0.953371,1.05005,0,0,4.47223,4.38889,4.75,1438.25,970,272.422,970,987.383,16.4297,106.828,109.828,17.6016,16.5703,454.042,55.5,1.224,0.736001,1.904,92.25,1.56863,1.96079,-0.75,0.703125,5.39558,25.5,25.5,25.5
0.033,0,0,0,0,0.926697,1.00113,1,3,1,1,1,0,0.953371,1.04785,0,0,4.47223,4.38889,4.52778,1436,970,272.891,970,987.383,16.4766,106.898,109.711,16.7344,16.6641,454.042,55.5,1.204,0.754668,1.884,92.25,1.56863,1.96079,-0.75,0.265625,5.39558,25.5,25.5,25.5
0.067,0,0,0,0,0.927491,1.00113,1,3,1,1,1,0,0.953371,1.0459,0,0,4.47223,4.38889,4.72223,1431.5,970,273.438,970,987.383,16.5,106.805,109.477,17.4141,16.7344,454.042,55.5,1.216,0.736001,1.896,92.25,1.56863,1.96079,-0.75,0.15625,5.39558,25.5,25.5,25.5
0.1,0,0,0,0,0.929444,1.00113,1,3,1,1,1,0,0.953371,1.0459,0,0,4.47223,4.38889,4.25,1429,970,272.695,970,987.383,16.4531,106.805,109.477,15.6563,16.8516,454.042,55.5,1.172,0.757334,1.852,92.25,1.56863,1.96079,-0.75,0.203125,5.39558,26.25,26.25,25.5
0.133,0,0,0,0,0.929383,1.00113,1,3,1,1,1,0,0.953371,1.04395,0,0,4.47223,4.41667,4.47223,1428.75,970,272.695,970,987.383,16.4531,106.594,109.383,16.4531,16.8516,454.042,55.5,1.184,0.744001,1.864,92.25,1.56863,1.96079,-0.75,0.484375,5.39558,26.25,26.25,25.5
0.167,0,0,0,0,0.929993,1.00113,1.01065,3,1,1,1,0,0.953371,1.04395,0,0,4.47223,4.41667,4.52778,1429.5,970,273.125,970,987.383,16.5,106.547,109.43,16.6172,16.7578,454.1,55.5,1.208,0.752001,1.888,92.25,1.56863,1.96079,-0.75,0.671875,5.39558,26.25,26.25,26.25
0.2,0,0,0,0,0.931458,1.00113,1.01633,3,1,1,1,0,0.953371,1.04199,0,0,4.47223,4.38889,4.66667,1429,970,274.063,970,987.383,16.5469,106.547,109.43,17.1094,16.7578,454.1,55.5,1.228,0.770668,1.916,92.25,1.56863,1.96079,-0.75,0.359375,5.39558,27,27,26.25
0.233,0,0,0,0,0.928956,1.00113,1.01935,3,1,1,1,0,0.953371,1.04395,0,0,4.47223,4.38889,4.52778,1423.25,970,274.063,970,984.727,16.5469,106.594,109.266,17.2969,16.8047,454.1,55.5,1.236,0.776001,1.924,92.25,1.96079,1.96079,-0.75,0.5,5.39558,26.25,26.25,26.25
0.267,0,0,0,0,0.932374,1.00113,1.02121,3,1,1,1,0,0.953371,1.04199,0,0,4.47223,4.41667,4.58334,1421.5,970,275.352,970,987.344,16.6406,106.453,109.102,17.3672,16.9219,454.1,55.5,1.24,0.778668,1.928,92.25,1.56863,1.96079,-0.75,0.296875,5.39558,26.25,26.25,26.25
0.3,0,0,0,0,0.933533,1.00113,1.02536,3,1,1,1,0,0.953371,1.04199,0,0,4.47223,4.41667,4.52778,1420.5,970,275.391,970,987.344,16.6641,106.453,109.102,17.1094,16.9453,454.1,55.5,1.24,0.762668,1.92,92.25,1.96079,1.96079,-0.75,0.328125,5.39558,26.25,26.25,26.25
0.333,0,0,0,0,0.931824,1.00113,1.02927,3,1,1,1,0,0.953371,1.04199,0,0,4.47223,4.47223,4.47223,1421,970,275.078,970,984.727,16.6406,106.313,109.102,16.875,16.9219,454.1,55.5,1.24,0.762668,1.92,92.25,1.56863,1.96079,-0.75,0.53125,5.39558,26.25,26.25,26.25
0.367,0,0,0,0,0.93213,1.00113,1.03381,3,1,1,1,0,0.953371,1.04199,0,0,4.47223,4.47223,4.5,1421,970,275.43,970,984.727,16.6641,106.336,109.078,16.875,16.9219,454.159,55.5,1.244,0.778668,1.924,92.25,1.56863,1.96079,-0.75,0.421875,5.39558,26.25,26.25,26.25
0.4,0,0,0,0,0.933228,1.00113,1.03983,3,1,1,1,0,0.953371,1.04004,0,0,4.47223,4.47223,4.44445,1416.25,970,275.586,970,984.727,16.6641,106.336,109.078,16.6172,16.9453,454.159,55.5,1.248,0.784001,1.944,92.25,1.96079,1.96079,-0.75,0.515625,5.39558,26.25,26.25,26.25
0.433,0,0,0,0,0.933411,1.00113,1.04508,3,1,1,1,0,0.953371,1.04004,0,0,4.47223,4.47223,4.47223,1413,970,275.625,970,984.727,16.6641,106.336,108.914,16.7109,17.0625,454.159,55.5,1.256,0.786668,1.952,92.25,1.96079,1.96079,-0.75,0.09375,5.39558,26.25,26.25,26.25
0.467,0,0,0,0,0.933839,1.00113,1.04947,3,1,1,1,0,0.953371,1.03784,0,0,4.47223,4.47223,4.52778,1408,970,276.758,970,984.727,16.7578,106.195,108.68,16.9219,17.1797,454.159,55.5,1.272,0.800001,1.968,92.25,1.96079,1.96079,-0.75,0.171875,5.39558,26.25,26.25,26.25
0.5,0,0,0,0,0.934449,1.00113,1.05554,3,1,1,1,0,0.953371,1.03589,0,0,4.47223,4.47223,4.69445,1412,970,277.266,970,984.727,16.7813,106.195,108.68,17.4375,17.2266,454.159,55.5,1.296,0.792001,1.976,92.25,1.96079,1.96079,-0.75,0.453125,5.39558,26.25,26.25,26.25
0.533,0,0,0,0,0.935303,1.00113,1.05945,3,1,1,1,0,0.953371,1.03394,0,0,4.47223,4.47223,4.44445,1413,970,276.836,970,984.727,16.7578,106.008,108.75,16.5234,17.1094,454.159,55.5,1.268,0.797334,1.948,92.25,1.96079,1.96079,-0.75,0.296875,5.39558,26.25,26.25,25.5
0.567,0,0,0,0,0.935242,1.00113,1.06427,3,1,1,1,0,0.953371,1.03394,0,0,4.47223,4.47223,4.44445,1412.5,970,276.445,970,984.727,16.7344,106.078,108.773,16.5234,17.0859,454.198,55.5,1.272,0.797334,1.952,92.25,1.96079,1.96079,-0.75,0.734375,5.39558,26.25,26.25,26.25
0.6,0,0,0,0,0.936097,1.00113,1.06802,3,1,1,1,0,0.953371,1.03003,0,0,4.47223,4.5,4.58334,1408.25,970,277.5,970,984.727,16.8047,106.078,108.773,17.0625,17.1563,454.198,55.5,1.292,0.813334,1.972,92.25,1.96079,1.96079,-0.75,0.625,5.39558,26.25,26.25,26.25
0.633,0,0,0,0,0.934083,1.00113,1.07117,3,1,1,1,0,0.953371,1.02832,0,0,4.47223,4.47223,4.52778,1403.25,970,278.711,970,982.109,16.8984,106.102,108.563,17.5313,17.2266,454.198,55.5,1.316,0.813334,1.996,92.25,1.96079,1.96079,-0.75,0.265625,5.39558,27,27,25.5
0.667,0,0,0,0,0.937562,1.00113,1.07407,3,1,1,1,0,0.953371,1.02661,0,0,4.47223,4.47223,4.61111,1401.25,970,279.961,970,984.688,16.9688,105.891,108.352,17.6953,17.25,454.198,55.5,1.324,0.826668,2.004,92.25,1.96079,1.96079,-0.75,0.203125,5.39558,27,27,25.5
0.7,0,0,0,0,0.938355,1.00113,1.07623,3,1,1,1,0,0.953371,1.02149,0,0,4.47223,4.5,4.58334,1399.25,970,279.414,970,984.727,16.9453,105.891,108.352,16.9922,17.2031,454.198,55.5,1.308,0.816001,1.988,92.25,1.96079,1.96079,-0.75,0.15625,5.39558,27,27,26.25
0.733,0,0,0,0,0.936463,1.00113,1.07791,3,1,1,1,0,0.953371,1.01831,0,0,4.52778,4.5,4.72223,1399.25,970,280.352,970,982.109,17.0156,105.727,108.281,17.5547,17.2031,454.198,55.5,1.32,0.837334,2,92.25,1.96079,1.96079,-0.75,0.53125,5.39558,27,27,27
0.767,0,0,0,0,0.940125,1.00113,1.07935,3,1,1,1,0,0.953371,1.01489,0,0,4.52778,4.5,4.5,1400.25,970,280.352,970,984.727,17.0156,105.68,108.328,16.6172,17.1563,454.237,55.5,1.296,0.837334,1.976,92.25,1.96079,1.96079,-0.75,0.78125,5.39558,27,27,27
0.8,0,0,0,0,0.938233,1.00113,1.08142,3,1,1,1,0,0.953371,1.01148,0,0,4.52778,4.5,4.55556,1398,970,281.875,970,982.109,17.1094,105.68,108.328,17.3906,17.1797,454.237,55.5,1.32,0.840001,2,92.25,1.96079,1.96079,-0.75,0.65625,5.39558,27,27,27
0.833,0,0,0,0,0.941773,1.00113,1.08304,3,1,1,1,0,0.953371,1.01001,0,0,4.52778,4.55556,4.69445,1396.25,970,283.047,970,984.688,17.2031,105.75,108.234,17.8594,17.25,454.237,55.5,1.332,0.848001,2.012,92.25,1.96079,1.96079,-0.75,0.5625,5.39558,27.75,27.75,27
0.867,0,0,0,0,0.939454,1.00113,1.0838,3,1,1,1,0,0.953371,1.00733,0,0,4.52778,4.55556,4.38889,1395.75,970,281.211,970,982.109,17.0625,105.68,108.164,16.0547,17.25,454.237,55.5,1.28,0.816001,1.96,92.25,1.96079,1.96079,-0.75,0.234375,5.39558,27.75,27.75,27
0.9,0,0,0,0,0.942994,1.00113,1.08521,3,1,1,1,0,0.953371,1.00488,0,0,4.52778,4.55556,4.58334,1391.5,970,283.281,970,984.688,17.2266,105.68,108.164,17.4609,17.3438,454.237,55.5,1.324,0.845334,2.004,92.25,1.96079,1.96079,-0.75,0.15625,5.39558,27,27,27
0.933,0,0,0,0,0.940003,1.00113,1.08542,3,1,1,1,0,0.953371,1.00171,0,0,4.47223,4.5,4.75,1388,970,282.461,970,982.109,17.1563,105.609,107.953,18.1875,17.3906,454.237,55.5,1.356,0.813334,2.036,92.25,1.96079,1.96079,-0.75,0.453125,5.39558,27,27,27
0.967,0,0,0,0,0.940369,1.00113,1.08569,3,1,1,1,0,0.953371,0.998537,0,0,4.52778,4.5,4.77778,1387.5,970,284.141,970,982.109,17.2734,105.422,107.859,18.2344,17.4375,454.276,55.5,1.356,0.858668,2.036,92.25,1.96079,1.96079,-0.75,0.625,5.39558,27,27,27
1,0,0,0,0,0.941163,1.00113,1.0846,3,1,1,1,0,0.953371,0.991212,0,0,4.52778,4.52778,4.58334,1388.25,970,283.203,970,982.109,17.2266,105.422,107.859,17.4141,17.4375,454.276,55.5,1.332,0.829334,2.012,92.25,1.96079,1.96079,-0.75,0.84375,5.39558,27,27,27
1.033,0,0,0,0,0.941773,1.00113,1.08533,3,1,1,1,0,0.953371,0.988527,0,0,4.52778,4.52778,4.58334,1388.25,970,283.398,970,982.109,17.2266,105.375,107.883,17.3672,17.3906,454.276,55.5,1.328,0.845334,2.008,92.25,1.96079,1.96079,-0.75,0.484375,5.39558,27,27,27
1.067,0,0,0,0,0.942139,1.00113,1.08582,3,1,1,1,0,0.953371,0.986085,0,0,4.52778,4.52778,4.55556,1387.5,970,283.242,970,982.109,17.2266,105.398,107.883,17.25,17.3906,454.276,55.5,1.324,0.840001,2.004,92.25,1.96079,1.96079,-0.75,0.3125,5.39558,27,27,27
1.1,0,0,0,0,0.942506,1.00113,1.0863,3,1,1,1,0,0.953371,0.983644,0,0,4.52778,4.52778,4.47223,1382.75,970,283.125,970,982.109,17.2031,105.398,107.883,16.9688,17.4844,454.276,55.5,1.316,0.848001,2.004,92.25,1.96079,1.96079,-0.75,0.359375,5.39558,27,27,27
1.133,0,0,0,0,0.942506,1.00113,1.0856,3,1,1,1,0,0.953371,0.979982,0,0,4.52778,4.52778,4.55556,1380,970,283.242,970,982.109,17.2266,105.375,107.695,17.2969,17.5547,454.276,55.5,1.324,0.842668,2.012,92.25,1.96079,1.56863,-0.75,0.40625,5.39558,27,27,27
1.167,0,0,0,0,0.94275,1.00113,1.08579,3,1,1,1,0,0.953371,0.978517,0,0,4.52778,4.52778,4.63889,1377.75,970,283.906,970,982.109,17.2734,105.234,107.508,17.6484,17.6484,454.315,55.5,1.336,0.850668,2.024,92.25,1.96079,1.56863,-0.75,0.640625,5.39558,27,27,27
1.2,0,0,0,0,0.940308,1.00113,1.08563,3,1,1,1,0,0.953371,0.976076,0,0,4.52778,4.52778,4.66667,1378,970,284.063,970,979.453,17.2734,105.234,107.508,17.7422,17.6484,454.315,55.5,1.34,0.837334,2.02,92.25,1.96079,1.56863,-0.75,0.765625,5.39558,27,27,27
1.233,0,0,0,0,0.944031,1.00113,1.08493,3,1,1,1,0,0.953371,0.973634,0,0,4.52778,4.52778,4.44445,1378.75,970,284.258,970,982.109,17.2969,105.094,107.508,16.7578,17.6016,454.315,55.5,1.308,0.861334,1.988,92.25,1.96079,1.96079,-0.75,0.515625,5.39558,27,27,27
1.267,0,0,0,0,0.944031,1.00113,1.08487,3,1,1,1,0,0.953371,0.972414,0,0,4.52778,4.52778,4.52778,1378.25,970,283.906,970,982.109,17.2734,105.094,107.531,17.0859,17.6016,454.315,55.5,1.32,0.834668,2,92.25,1.96079,1.96079,-0.75,0.546875,5.39558,27,27,27.75
1.3,0,0,0,0,0.943726,1.00113,1.08423,3,1,1,1,0,0.953371,0.969972,0,0,4.52778,4.52778,4.58334,1377.25,970,283.477,970,982.109,17.25,105.094,107.531,17.3672,17.7188,454.315,55.5,1.324,0.837334,2.028,92.25,1.96079,1.56863,-0.75,0.296875,5.39558,27,27,26.25
1.333,0,0,0,0,0.941163,1.00113,1.08377,3,1,1,1,0,0.953371,0.968507,0,0,4.47223,4.5,4.44445,1373.25,970,283.867,970,979.453,17.2734,105.117,107.484,17.5078,17.8125,454.315,55.5,1.332,0.848001,2.036,92.25,1.96079,1.56863,-0.75,0.359375,5.39558,27,27,26.25
1.367,0,0,0,0,0.941651,1.00113,1.08334,3,1,1,1,0,0.953371,0.967287,0,0,4.47223,4.55556,4.47223,1369.5,970,284.258,970,979.453,17.2969,105.07,107.203,17.5313,17.8125,454.335,55.5,1.332,0.848001,2.036,92.25,1.96079,1.96079,-0.75,0.65625,5.39558,27,27,26.25
1.4,0,0,0,0,0.94275,1.00113,1.0831,3,1,1,1,0,0.953371,0.966066,0,0,4.52778,4.55556,4.52778,1366.5,970,285.703,970,979.453,17.3906,105.07,107.203,17.6016,17.9063,454.335,55.5,1.336,0.853334,2.016,92.25,1.96079,1.96079,-0.75,0.71875,5.39558,27.75,27.75,26.25
1.433,0,0,0,0,0.942689,1.00113,1.08264,3,1,1,1,0,0.953371,0.964845,0,0,4.47223,4.52778,4.52778,1369,970,285.117,970,979.453,17.3672,104.836,107.133,17.4844,17.8828,454.335,55.5,1.34,0.840001,2.02,92.25,1.96079,1.96079,-0.75,0.484375,5.39558,27,27,27
1.467,0,0,0,0,0.942628,1.00113,1.08176,3,1,1,1,0,0.953371,0.962404,0,0,4.52778,4.52778,4.52778,1371,970,285.117,970,979.453,17.3672,104.789,107.25,17.3906,17.7891,454.335,55.5,1.332,0.853334,2.012,92.25,1.96079,1.96079,-0.75,0.609375,5.39558,27,27,27
1.5,0,0,0,0,0.943055,1.00113,1.08151,3,1,1,1,0,0.953371,0.961183,0,0,4.52778,4.52778,4.72223,1368.75,970,286.563,970,979.453,17.4609,104.789,107.25,18.1172,17.7422,454.335,55.5,1.352,0.853334,2.032,92.25,1.96079,1.96079,-0.75,0.359375,5.39558,27.75,27.75,26.25
1.533,0,0,0,0,0.944092,1.00113,1.08121,3,1,1,1,0,0.953371,0.959962,0,0,4.47223,4.52778,4.33334,1366.25,970,285.273,970,979.453,17.3672,104.906,107.18,16.6641,17.8359,454.335,55.5,1.308,0.834668,1.988,92.25,1.96079,1.96079,-0.75,0.46875,5.39558,27,27,26.25
1.567,0,0,0,0,0.94275,1.00113,1.08078,3,1,1,1,0,0.953371,0.958498,0,0,4.47223,4.52778,4.66667,1361.25,970,284.922,970,979.453,17.3438,104.859,107.016,18,17.8125,454.354,55.5,1.352,0.829334,2.032,92.25,1.96079,1.96079,-0.75,0.53125,5.39558,27,27,27.75
1.6,0,0,0,0,0.942994,1.00113,1.07971,3,1,1,1,0,0.953371,0.956056,0,0,4.47223,4.52778,4.58334,1358.25,970,285.469,970,979.453,17.3906,104.859,107.016,17.6953,18.0469,454.354,55.5,1.336,0.853334,2.016,92.25,1.96079,1.96079,-0.75,0.875,5.39558,27,27,26.25
1.633,0,0,0,0,0.943055,1.00113,1.07925,3,1,1,1,0,0.953371,0.954835,0,0,4.47223,4.52778,4.41667,1357.75,970,284.453,970,979.453,17.3203,104.695,106.758,17.0625,18.0938,454.354,55.5,1.308,0.837334,1.988,92.25,1.96079,1.96079,-0.75,0.796875,5.39558,27,27,26.25
1.667,0,0,0,0,0.942322,1.00113,1.07877,3,1,1,1,0,0.953371,0.953615,0,0,4.47223,4.52778,4.61111,1360,970,285.156,970,979.453,17.3672,104.484,106.852,17.7656,18.0234,454.354,55.5,1.328,0.837334,2.008,92.25,1.96079,1.96079,-0.75,0.265625,5.39558,27,27,27
1.7,0,0,0,0,0.943482,1.00113,1.07837,3,1,1,1,0,0.953371,0.952394,0,0,4.47223,4.52778,4.47223,1360,970,285.898,970,979.453,17.4141,104.484,106.852,17.2031,18,454.354,55.5,1.316,0.861334,1.996,92.25,1.96079,1.96079,-0.75,0.328125,5.39558,27.75,27.75,26.25
1.733,0,0,0,0,0.943116,1.00113,1.07776,3,1,1,1,0,0.953371,0.951173,0,0,4.47223,4.52778,4.47223,1359,970,285.586,970,979.453,17.3906,104.578,106.852,17.2266,18,454.354,55.5,1.32,0.840001,2,92.25,1.96079,1.96079,-0.75,0.375,5.39558,27,27,26.25
1.767,0,0,0,0,0.943116,1.00113,1.07758,3,1,1,1,0,0.953371,0.951173,0,0,4.47223,4.52778,4.69445,1355.25,970,287.422,970,979.453,17.5313,104.578,106.781,18.1406,17.9297,454.413,55.5,1.344,0.858668,2.024,92.25,1.96079,1.96079,-0.75,0.46875,5.39558,27,27,27
1.8,0,0,0,0,0.943665,1.00113,1.07712,3,1,1,1,0,0.953371,0.951173,0,0,4.47223,4.58334,4.38889,1352.75,970,286.523,970,979.453,17.4609,104.578,106.781,16.9688,18.0469,454.413,55.5,1.308,0.840001,1.996,92.25,1.96079,1.96079,-0.75,0.90625,5.39558,27,27,27
1.833,0,0,0,0,0.943543,1.00113,1.07675,3,1,1,1,0,0.953371,0.951173,0,0,4.47223,4.58334,4.61111,1349,970,287.773,970,979.453,17.5547,104.508,106.523,17.9063,18.0938,454.413,55.5,1.336,0.858668,2.024,92.25,1.96079,1.96079,-0.75,0.734375,5.39558,27,27,27
1.867,0,0,0,0,0.943787,1.00113,1.07687,3,1,1,1,0,0.953371,0.952394,0,0,4.47223,4.58334,4.58334,1348.75,970,288.125,970,979.453,17.5781,104.297,106.453,17.7891,18.1641,454.413,55.5,1.336,0.858668,2.024,92.25,1.96079,1.96079,-0.75,0.546875,5.39558,27,27,27
1.9,0,0,0,0,0.943604,1.00113,1.0762,3,1,1,1,0,0.953371,0.952394,0,0,4.47223,4.58334,4.63889,1350.25,970,288.398,970,979.453,17.6016,104.297,106.453,17.9766,18.1172,454.413,55.5,1.344,0.850668,2.024,92.25,1.96079,1.96079,-0.75,0.484375,5.39558,27.75,27.75,27
1.933,0,0,0,0,0.943909,1.00113,1.07636,3,1,1,1,0,0.953371,0.953615,0,0,4.52778,4.58334,4.63889,1351,970,288.984,970,979.453,17.6484,104.25,106.5,17.9766,18.0938,454.413,55.5,1.34,0.861334,2.02,92.25,1.96079,1.96079,-0.75,0.15625,5.39558,27,27,27
1.967,0,0,0,0,0.941285,1.00113,1.0766,3,1,1,1,0,0.953371,0.954835,0,0,4.47223,4.55556,4.69445,1346.5,970,290.234,970,976.836,17.7188,104.297,106.406,18.8672,18.1406,454.432,55.5,1.364,0.848001,2.044,92.25,1.96079,1.96079,-0.75,0.390625,5.39558,27,27,27
2,0,0,0,0,0.942078,1.00113,1.07672,3,1,1,1,0,0.953371,0.956056,0,0,4.52778,4.58334,4.58334,1346.25,970,290.195,970,976.836,17.7188,104.297,106.406,17.6953,18.1875,454.432,55.5,1.328,0.856001,1.996,92.25,1.96079,1.96079,-0.75,0.71875,5.39558,27.75,27.75,27
2.033,0,0,0,0,0.944947,1.00113,1.07642,3,1,1,1,0,0.953371,0.956056,0,0,4.52778,4.58334,4.44445,1342.5,970,289.766,970,979.453,17.6953,104.203,106.313,17.1094,18.1875,454.432,55.5,1.32,0.848001,1.988,92.25,1.96079,1.96079,-0.75,0.765625,5.39558,27.75,27.75,27.75
2.067,0,0,0,0,0.941773,1.00113,1.07633,3,1,1,1,0,0.953371,0.956056,0,0,4.52778,4.58334,4.61111,1340.5,970,289.961,970,976.836,17.7188,104.133,106.148,17.8359,18.3281,454.432,55.5,1.344,0.848001,2.012,92.25,1.96079,1.96079,-0.75,0.859375,5.39558,27.75,27.75,27.75
2.1,0,0,0,0,0.941773,1.00113,1.07642,3,1,1,1,0,0.953371,0.956056,0,0,4.47223,4.55556,4.61111,1339,970,291.211,970,976.836,17.8125,104.133,106.148,18.3984,18.3516,454.432,55.5,1.356,0.858668,2.044,92.25,1.96079,1.96079,-0.75,0.421875,5.39558,27.75,27.75,27
2.133,0,0,0,0,0.945191,1.00113,1.07651,3,1,1,1,0,0.953371,0.956056,0,0,4.52778,4.55556,4.69445,1339.5,970,292.5,970,979.414,17.8828,104.016,106.078,18.6328,18.3516,454.432,55.5,1.364,0.877334,2.052,92.25,1.96079,1.96079,-0.75,0.390625,5.39558,27.75,27.75,27
2.167,0,0,0,0,0.942933,1.00113,1.0773,3,1,1,1,0,0.953371,0.957277,0,0,4.52778,4.55556,4.61111,1340.5,970,291.563,970,976.836,17.8359,103.922,106.102,18.3047,18.3516,454.452,55.5,1.36,0.848001,2.048,92.25,1.96079,1.96079,-0.75,0.421875,5.39558,27.75,27.75,27
2.2,0,0,0,0,0.943299,1.00113,1.07758,3,1,1,1,0,0.953371,0.957277,0,0,4.52778,4.5,4.63889,1340.25,970,292.344,970,976.836,17.8828,103.922,106.102,18.3516,18.3047,454.452,55.5,1.36,0.874668,2.048,92.25,1.96079,1.96079,-0.75,0.34375,5.39558,27.75,27.75,27
2.233,0,0,0,0,0.944031,1.00113,1.07785,3,1,1,1,0,0.953371,0.957277,0,0,4.52778,4.55556,4.66667,1336.25,970,292.852,970,976.836,17.9063,103.969,106.055,18.4219,18.3281,454.452,55.5,1.364,0.864001,2.052,92.25,1.96079,1.96079,-0.75,0.859375,5.39558,27.75,27.75,27
2.267,0,0,0,0,0.94452,1.00113,1.07797,3,1,1,1,0,0.953371,0.957277,0,0,4.52778,4.55556,4.69445,1334.25,970,293.828,970,976.836,17.9766,103.922,105.914,18.5391,18.4219,454.452,55.5,1.368,0.877334,2.056,92.25,1.96079,1.96079,-0.75,0.90625,5.39558,27.75,27.75,27
2.3,0,0,0,0,0.944581,1.00113,1.07864,3,1,1,1,0,0.953371,0.958498,0,0,4.52778,4.55556,4.75,1329.25,970,294.18,970,976.836,18.0234,103.922,105.914,18.7734,18.4922,454.452,55.5,1.38,0.861334,2.06,92.25,1.96079,1.96079,-0.75,0.5625,5.39558,27.75,27.75,27
2.333,0,0,0,0,0.945191,1.00113,1.0795,3,1,1,1,0,0.953371,0.959962,0,0,4.52778,4.55556,4.58334,1328.5,970,294.297,970,976.836,18.0234,103.805,105.727,18.1172,18.5625,454.452,55.5,1.356,0.874668,2.036,92.25,1.96079,1.96079,-0.75,0.515625,5.39558,27.75,27.75,26.25
2.367,0,0,0,0,0.945191,1.00113,1.07959,3,1,1,1,0,0.953371,0.959962,0,0,4.52778,4.55556,4.47223,1329.25,970,293.672,970,976.836,17.9766,103.641,105.727,17.6484,18.5625,454.51,55.5,1.344,0.866668,2.024,92.25,1.96079,1.96079,-0.75,0.21875,5.39558,27.75,27.75,26.25
2.4,0,0,0,0,0.945618,1.00113,1.07968,3,1,1,1,0,0.953371,0.959962,0,0,4.52778,4.55556,4.58334,1330,970,294.219,970,976.836,18.0234,103.641,105.727,18.0703,18.4453,454.51,55.5,1.36,0.877334,2.04,92.25,1.96079,1.96079,-0.75,0.46875,5.39558,27.75,27.75,26.25
2.433,0,0,0,0,0.945985,1.00113,1.07993,3,1,1,1,0,0.953371,0.959962,0,0,4.52778,4.58334,4.52778,1329.25,970,294.297,970,976.836,18.0234,103.641,105.727,17.8594,18.4219,454.51,55.5,1.352,0.882668,2.032,92.25,1.96079,1.96079,-0.75,0.8125,5.39558,27.75,27.75,27.75
2.467,0,0,0,0,0.945985,1.00113,1.08026,3,1,1,1,0,0.953371,0.959962,0,0,4.52778,4.58334,4.58334,1328.25,970,294.375,970,976.836,18.0234,103.664,105.703,18.0938,18.4453,454.51,55.5,1.36,0.872001,2.04,92.25,1.96079,1.96079,-0.75,0.625,5.39558,27.75,27.75,27.75
2.5,0,0,0,0,0.94629,1.00113,1.08075,3,1,1,1,0,0.953371,0.959962,0,0,4.52778,4.58334,4.52778,1324.25,970,295.039,970,976.836,18.0703,103.664,105.703,17.9063,18.4922,454.51,55.5,1.356,0.890668,2.036,92.25,1.96079,1.96079,-0.75,0.703125,5.39558,27.75,27.75,27.75
2.533,0,0,0,0,0.946412,1.00113,1.08045,3,1,1,1,0,0.953371,0.958498,0,0,4.52778,4.55556,4.52778,1321.75,970,294.805,970,976.836,18.0703,103.641,105.539,17.9297,18.6797,454.51,55.5,1.36,0.874668,2.04,92.25,1.96079,1.96079,-0.75,0.6875,5.39558,27.75,27.75,28.5
2.567,0,0,0,0,0.946351,1.00113,1.08096,3,1,1,1,0,0.953371,0.958498,0,0,4.52778,4.58334,4.61111,1320,970,295.117,970,976.836,18.0703,103.5,105.398,18.2813,19.125,454.569,55.5,1.372,0.882668,2.052,92.25,1.96079,1.96079,-0.75,0.265625,6.11428,27.75,27.75,27
2.6,0,0,0,0,0.946046,1.00113,1.08148,3,1,1,1,0,0.953371,0.958498,0,0,4.52778,4.58334,4.72223,1320,970,295.625,970,976.836,18.1172,103.5,105.398,18.7266,19.1484,454.569,55.5,1.376,0.869334,2.056,92.25,1.96079,1.96079,-0.75,0.53125,6.11428,27.75,27.75,26.25
2.633,0,0,0,0,0.946473,1.00113,1.08173,3,1,1,1,0,0.953371,0.958498,0,0,4.52778,4.58334,4.52778,1321.75,970,295.313,970,976.836,18.0938,103.406,105.398,17.9297,19.0781,454.569,55.5,1.36,0.877334,2.04,92.25,1.96079,1.96079,-0.75,0.625,6.11428,27.75,27.75,26.25
2.667,0,0,0,0,0.945985,1.00113,1.08194,3,1,1,1,0,0.953371,0.958498,0,0,4.52778,4.88889,4.66667,1319.25,970,295.547,970,976.836,18.1172,103.383,105.445,18.5156,18.9844,454.569,55.5,1.372,0.874668,2.052,92.25,1.96079,1.96079,-0.75,0.703125,6.11428,27.75,27.75,27.75
2.7,0,0,0,0,0.944947,1.00113,1.08225,3,1,1,1,0,0.953371,0.958498,0,0,4.58334,4.86111,4.97223,1318.75,970,298.086,970,976.836,18.2813,103.383,105.445,19.7344,19.125,454.569,55.5,1.404,0.912001,2.1,92.25,1.96079,1.96079,-0.75,0.78125,6.11428,27.75,27.75,28.5
2.733,0,0,0,0,0.945496,1.00113,1.08249,3,1,1,1,0,0.953371,0.958498,0,0,4.63889,4.86111,4.97223,1315.25,970,302.188,970,976.836,18.5859,103.43,105.305,19.7813,19.1719,454.569,55.5,1.42,0.925334,2.116,92.25,1.96079,1.96079,-0.75,0.578125,6.11428,28.5,28.5,26.25
2.767,0,0,0,0,0.946107,1.00113,1.08203,3,1,1,1,0,0.953371,0.957277,0,0,4.63889,4.86111,4.80556,1313.25,970,303.047,970,976.836,18.6563,103.313,105.141,19.1484,19.1719,454.628,55.5,1.4,0.925334,2.096,92.25,1.96079,1.96079,-0.75,0.40625,6.11428,28.5,28.5,25.5
2.8,0,0,0,0,0.946168,1.00113,1.08231,3,1,1,1,0,0.953371,0.957277,0,0,4.66667,4.86111,4.86111,1312.5,970,305.664,970,976.836,18.8203,103.313,105.141,19.3828,19.6172,454.628,55.5,1.42,0.928001,2.108,92.25,1.96079,1.96079,-0.75,0.640625,6.83451,29.25,29.25,27
2.833,0,0,0,0,0.94629,1.00113,1.08301,3,1,1,1,0,0.953371,0.958498,0,0,4.66667,4.86111,4.86111,1313.75,970,306.484,970,976.836,18.8906,103.172,105.117,19.3594,19.4766,454.628,55.5,1.42,0.928001,2.108,92.25,1.96079,1.96079,-0.75,0.59375,6.83451,29.25,29.25,27
2.867,0,0,0,0,0.946351,1.00113,1.08243,3,1,1,1,0,0.953371,0.957277,0,0,4.72223,4.83334,4.86111,1314.5,970,307.188,970,976.836,18.9375,103.172,105.188,19.3594,19.4531,454.628,55.5,1.424,0.930668,2.112,92.25,1.96079,1.96079,-0.75,0.640625,6.83451,29.25,29.25,29.25
2.9,0,0,0,0,0.946595,1.00113,1.08304,3,1,1,1,0,0.953371,0.958498,0,0,4.72223,4.83334,4.69445,1311.75,970,307.461,970,976.836,18.9609,103.172,105.188,18.7266,19.5,454.628,55.5,1.412,0.922668,2.092,92.25,1.96079,1.96079,-0.75,0.796875,6.83451,29.25,29.25,29.25
2.933,0,0,0,0,0.946046,1.00113,1.08307,3,1,1,1,0,0.953371,0.958498,0,0,4.66667,4.83334,4.91667,1307.5,970,308.789,970,976.836,19.0547,103.242,105,19.6875,19.5469,454.628,55.5,1.44,0.930668,2.12,92.25,1.96079,1.96079,-0.75,0.671875,6.83451,29.25,29.25,29.25
2.967,0,0,0,0,0.943787,1.00113,1.08429,3,1,1,1,0,0.953371,0.961183,0,0,4.72223,4.80556,4.77778,1307.75,970,309.844,970,974.18,19.125,103.055,104.953,19.7344,19.5938,454.647,55.5,1.448,0.941335,2.128,92.25,1.96079,1.96079,-0.75,0.5,6.83451,29.25,29.25,29.25
3,0,0,0,0,0.946961,1.00113,1.08478,3,1,1,1,0,0.953371,0.962404,0,0,4.72223,4.83334,4.80556,1306,970,310.156,970,976.836,19.1484,103.055,104.953,19.1719,19.5938,454.647,55.5,1.436,0.941335,2.116,92.25,1.96079,1.96079,-0.75,0.328125,6.83451,29.25,29.25,28.5
3.033,0,0,0,0,0.944215,1.00113,1.08408,3,1,1,1,0,0.953371,0.961183,0,0,4.72223,4.83334,4.91667,1304,970,310.938,970,974.18,19.2188,103.031,104.883,19.6641,19.6172,454.647,55.5,1.452,0.949335,2.132,92.25,1.96079,1.96079,-0.75,0.40625,6.83451,29.25,29.25,28.5
3.067,0,0,0,0,0.944581,1.00113,1.08429,3,1,1,1,0,0.953371,0.961183,0,0,4.72223,4.83334,4.75,1301.25,970,311.641,970,974.18,19.2656,102.961,104.695,19.6641,20.0391,454.647,55.5,1.452,0.952001,2.132,92.25,1.96079,1.96079,-0.75,0.734375,7.19309,30,30,28.5
3.1,0,0,0,0,0.945313,1.00113,1.08579,3,1,1,1,0,0.953371,0.963625,0,0,4.77778,4.83334,4.77778,1304.25,970,311.641,970,974.18,19.2656,102.961,104.695,18.8906,19.9688,454.647,55.5,1.436,0.957335,2.116,92.25,1.96079,1.96079,-0.75,0.859375,7.19309,30,30,28.5
3.133,0,0,0,0,0.94452,1.00113,1.08612,3,1,1,1,0,0.953371,0.963625,0,0,4.72223,4.77778,4.75,1304,970,311.914,970,974.18,19.2656,102.82,104.813,19.4531,19.9453,454.647,55.5,1.46,0.954668,2.14,92.25,1.96079,1.96079,-0.75,0.859375,7.19309,30,30,28.5
3.167,0,0,0,0,0.945191,1.00113,1.0864,3,1,1,1,0,0.953371,0.963625,0,0,4.77778,4.77778,4.80556,1304,970,313.359,970,974.18,19.3828,102.914,104.789,19.5234,19.9688,454.706,55.5,1.46,0.970668,2.14,92.25,1.96079,1.96079,-0.75,0.6875,7.19309,30,30,28.5
3.2,0,0,0,0,0.946168,1.00113,1.08746,3,1,1,1,0,0.953371,0.964845,0,0,4.77778,4.77778,4.86111,1301.5,970,313.906,970,974.18,19.4063,102.914,104.789,19.7344,19.9922,454.706,55.5,1.472,0.965335,2.16,92.25,1.96079,1.96079,-0.75,0.359375,7.19309,30,30,29.25
3.233,0,0,0,0,0.946351,1.00113,1.08777,3,1,1,1,0,0.953371,0.964845,0,0,4.77778,4.77778,4.86111,1296.5,970,313.75,970,974.18,19.4063,102.914,104.625,19.7344,20.0625,454.706,55.5,1.48,0.949335,2.168,92.25,1.96079,1.96079,-0.75,0.40625,7.19309,30,30,29.25
3.267,0,0,0,0,0.946473,1.00113,1.0882,3,1,1,1,0,0.953371,0.964845,0,0,4.77778,4.77778,4.75,1294.75,970,313.555,970,974.18,19.4063,102.75,104.461,19.2891,20.1094,454.706,55.5,1.46,0.968001,2.148,92.25,1.96079,1.96079,-0.75,0.390625,7.19309,30,30,29.25
3.3,0,0,0,0,0.946717,1.00113,1.08881,3,1,1,1,0,0.953371,0.964845,0,0,4.77778,4.83334,4.72223,1296,970,313.516,970,974.18,19.3828,102.75,104.461,19.125,20.1563,454.706,55.5,1.456,0.962668,2.144,92.25,1.96079,1.96079,-0.75,0.609375,7.19309,30,30,29.25
3.333,0,0,0,0,0.946351,1.00113,1.08878,3,1,1,1,0,0.953371,0.963625,0,0,4.77778,4.83334,4.80556,1296.5,970,313.594,970,974.18,19.4063,102.633,104.508,19.4531,20.1094,454.706,55.5,1.468,0.962668,2.156,92.25,1.96079,1.96079,-0.75,1.04688,7.19309,30,30,28.5
3.367,0,0,0,0,0.94629,1.00113,1.08936,3,1,1,1,0,0.953371,0.963625,0,0,4.77778,4.83334,4.86111,1296.75,970,313.984,970,974.18,19.4297,102.656,104.531,19.6641,20.0859,454.764,55.5,1.468,0.962668,2.156,92.25,1.96079,1.96079,-0.75,0.78125,7.19309,30,30,28.5
3.4,0,0,0,0,0.946229,1.00113,1.08948,3,1,1,1,0,0.953371,0.962404,0,0,4.72223,4.77778,4.86111,1292.75,970,313.984,970,974.18,19.4297,102.656,104.531,19.7109,20.1563,454.764,55.5,1.48,0.957335,2.16,92.25,1.96079,1.96079,-0.75,0.59375,7.19309,30,30,28.5
3.433,0,0,0,0,0.949342,1.00113,1.09015,3,1,1,1,0,0.953371,0.962404,0,0,4.72223,4.83334,4.69445,1293,970,313.32,970,976.797,19.3828,102.703,104.391,19.0313,20.1797,454.764,55.5,1.448,0.952001,2.128,92.25,1.96079,1.96079,-0.75,0.46875,7.19309,30,30,28.5
3.467,0,0,0,0,0.946107,1.00113,1.09073,3,1,1,1,0,0.953371,0.962404,0,0,4.72223,4.77778,4.80556,1292.75,970,313.633,970,974.18,19.4063,102.563,104.391,19.6406,20.1797,454.764,55.5,1.476,0.957335,2.156,92.25,1.96079,1.96079,-0.75,0.34375,7.19309,30,30,28.5
3.5,0,0,0,0,0.946351,1.00113,1.09024,3,1,1,1,0,0.953371,0.959962,0,0,4.72223,4.83334,4.72223,1289.75,970,313.438,970,974.18,19.3828,102.563,104.391,19.2891,20.8125,454.764,55.5,1.456,0.954668,2.144,92.25,1.96079,1.96079,-0.75,0.453125,7.55321,30,30,29.25
3.533,0,0,0,0,0.946107,1.00113,1.09073,3,1,1,1,0,0.953371,0.959962,0,0,4.72223,4.77778,4.86111,1287.25,970,314.336,970,974.18,19.4531,102.586,104.203,19.8516,20.8594,454.764,55.5,1.48,0.965335,2.168,92.25,1.96079,1.96079,-0.75,0.8125,7.55321,30,30,28.5
3.567,0,0,0,0,0.946534,1.00113,1.09052,3,1,1,1,0,0.953371,0.958498,0,0,4.72223,4.77778,4.80556,1287.25,970,314.531,970,974.18,19.4766,102.398,104.203,19.5938,20.8594,454.823,55.5,1.48,0.970668,2.168,92.25,1.96079,1.96079,-0.75,0.875,7.55321,30,30,28.5
3.6,0,0,0,0,0.949464,1.00113,1.09052,3,1,1,1,0,0.953371,0.957277,0,0,4.72223,4.88889,4.72223,1288.75,970,313.594,970,976.836,19.4063,102.398,104.203,18.6094,20.8359,454.823,55.5,1.44,0.973335,2.12,92.25,1.96079,2.35294,-0.75,0.78125,7.55321,30,30,28.5
3.633,0,0,0,0,0.945679,1.00113,1.09024,3,1,1,1,0,0.953371,0.956056,0,0,4.72223,5,4.86111,1288.75,970,314.336,970,974.18,19.4531,102.445,104.25,19.8984,21.8672,454.823,55.5,1.484,0.970668,2.164,92.25,2.35294,2.35294,-0.75,0.4375,8.27343,30,30,29.25
3.667,0,0,0,0,0.944642,1.00113,1.08994,3,1,1,1,0,0.953371,0.954835,0,0,4.72223,5,5.02778,1286.25,970,316.133,970,974.18,19.5703,102.469,104.156,20.6016,21.9141,454.823,55.5,1.504,0.970668,2.184,92.25,2.35294,2.35294,-0.75,0.53125,8.27343,30,30,29.25
3.7,0,0,0,0,0.944947,1.00113,1.09009,3,1,1,1,0,0.953371,0.954835,0,0,4.77778,5.22223,5,1282.75,970,318.828,970,974.18,19.7813,102.469,104.156,20.4844,22.5,454.823,55.5,1.504,0.992001,2.192,92.25,2.35294,2.35294,-0.75,0.5,8.63202,30.75,30.75,27.75
3.733,0,0,0,0,0.944276,1.00113,1.08942,3,1,1,1,0,0.953371,0.953615,0,0,4.83334,5.36112,5.38889,1281.25,970,322.5,970,974.18,20.0391,102.375,104.039,22.1016,23.1094,454.823,55.5,1.552,1.02133,2.24,92.25,2.7451,2.7451,-0.75,0.515625,8.99213,31.5,31.5,27.75
3.767,0,0,0,0,0.944947,1.00113,1.08942,3,1,1,1,0,0.953371,0.953615,0,0,4.94445,5.36112,5.66667,1281.25,970,327.5,970,974.18,20.3906,102.281,103.969,23.2031,22.9922,454.901,55.5,1.6,1.05867,2.288,92.25,2.7451,2.7451,-0.75,0.71875,8.99213,31.5,31.5,27.75
3.8,0,0,0,0,0.946107,1.00113,1.08923,3,1,1,1,0,0.953371,0.953615,0,0,5,5.41667,5.44445,1281.75,970,332.461,970,974.18,20.7422,102.281,103.969,22.2656,23.5078,454.901,55.5,1.592,1.04,2.272,92.25,2.7451,2.7451,-0.75,0.75,9.35224,30.75,30.75,35.25
3.833,0,0,0,0,0.946351,1.00113,1.08911,3,1,1,1,0,0.953371,0.953615,0,0,5.11112,5.41667,5.5,1284.25,970,335.156,970,974.18,20.9297,102.211,103.992,22.4531,23.4375,454.901,55.5,1.6,1.064,2.28,92.25,2.7451,2.7451,-0.75,0.515625,9.35224,30.75,30.75,35.25
3.867,0,0,0,0,0.943909,1.00113,1.08954,3,1,1,1,0,0.953371,0.954835,0,0,5.16667,5.58334,5.75,1282.75,970,342.227,970,971.523,21.4219,102.281,104.086,24.0938,23.4141,454.901,55.5,1.664,1.064,2.344,92.25,2.7451,2.7451,-0.75,0.625,9.35224,30.75,30.75,35.25
3.9,0,0,0,0,0.947816,1.00113,1.0892,3,1,1,1,0,0.953371,0.954835,0,0,5.27778,5.58334,5.72223,1280.75,970,346.094,970,974.18,21.7031,102.281,104.086,23.8828,23.4844,454.901,55.5,1.684,1.11467,2.372,92.25,2.7451,2.7451,-0.75,0.53125,9.35224,30.75,30.75,34.5
3.933,0,0,0,0,0.948426,1.00113,1.08896,3,1,1,1,0,0.953371,0.954835,0,0,5.27778,5.61112,5.88889,1279.25,970,350.703,970,974.18,22.0313,102.352,103.945,23.9531,24.1875,454.901,55.5,1.692,1.09333,2.38,92.25,2.7451,2.7451,-0.75,0.5,9.71235,31.5,31.5,34.5
3.967,0,0,0,0,0.949036,1.00113,1.08878,3,1,1,1,0,0.953371,0.954835,0,0,5.30556,5.61112,5.63889,1278.5,970,352.148,970,974.18,22.125,102.211,103.875,22.9688,24.2344,454.999,55.5,1.676,1.12267,2.364,92.25,2.7451,2.7451,-0.75,0.546875,9.71235,31.5,31.5,33.75
4,0,0,0,0,0.949219,1.00113,1.0892,3,1,1,1,0,0.953371,0.956056,0,0,5.36112,5.80556,5.58334,1275.5,970,355.195,970,974.18,22.3359,102.211,103.875,22.8516,24.3281,454.999,55.5,1.68,1.13067,2.36,92.25,2.7451,3.13726,-0.75,0.890625,9.71235,31.5,31.5,33.75
4.033,0,0,0,0,0.945985,1.00113,1.08905,3,1,1,1,0,0.953371,0.956056,0,0,5.47223,5.88889,6.02778,1275.5,970,358.906,970,971.523,22.6172,102.164,103.758,24.7031,25.0781,454.999,55.5,1.72,1.14133,2.4,92.25,3.13726,3.13726,-0.75,0.84375,10.0709,30.75,30.75,33.75
4.067,0,0,0,0,0.949158,1.00113,1.08893,3,1,1,1,0,0.953371,0.956056,0,0,5.47223,5.86112,5.88889,1275.5,970,362.227,970,974.141,22.8516,102.07,103.758,24.7266,25.0781,454.999,55.5,1.744,1.15467,2.424,92.25,3.13726,3.13726,-0.75,0.453125,10.0709,30,30,33.75
4.1,0,0,0,0,0.950013,1.00113,1.08896,3,1,1,1,0,0.953371,0.956056,0,0,5.58334,5.88889,5.80556,1279,970,365.82,970,974.18,23.0859,102.07,103.758,23.6484,24.9844,454.999,55.5,1.748,1.16,2.428,92.25,3.13726,3.13726,-0.75,0.40625,10.0709,30.75,30.75,33.75
4.133,0,0,0,0,0.949708,1.00113,1.0896,3,1,1,1,0,0.953371,0.957277,0,0,5.63889,5.88889,5.94445,1277.75,970,368.633,970,974.141,23.2969,102.094,103.898,24.8672,24.9844,454.999,55.5,1.78,1.176,2.46,92.25,3.13726,3.13726,-0.75,0.546875,10.0709,30,30,33.75
4.167,0,0,0,0,0.950501,1.00113,1.08972,3,1,1,1,0,0.953371,0.957277,0,0,5.69445,5.94445,6.08334,1277,970,370.859,970,974.18,23.4609,102.211,103.828,24.7266,25.0078,455.135,55.5,1.788,1.17867,2.468,92.25,3.13726,3.13726,-0.75,0.609375,10.0709,30,30,33.75
4.2,0,0,0,0,0.950989,1.00113,1.09,3,1,1,1,0,0.953859,0.957277,0,0,5.69445,5.91667,6.02778,1275.75,970,374.18,970,974.18,23.6953,102.211,103.828,24.6094,25.7813,455.135,55.5,1.8,1.18133,2.48,92.25,3.13726,3.13726,-0.75,0.890625,10.4311,30,30,33.75
4.233,0,0,0,0,0.951539,1.00113,1.09021,3,1,1,1,0,0.953859,0.957277,0,0,5.75,5.94445,6.13889,1276,970,376.367,970,974.18,23.8359,102.141,103.781,25.1016,25.8047,455.135,55.5,1.828,1.20267,2.508,92.25,3.13726,3.13726,-0.75,0.796875,10.4311,30,30,33
4.267,0,0,0,0,0.94983,1.00113,1.09003,3,1,1,1,0,0.953859,0.956056,0,0,5.80556,6.02778,6.19445,1272.25,970,381.836,970,971.523,24.2344,102.117,103.688,26.0391,25.8281,455.135,55.5,1.884,1.216,2.564,92.25,3.13726,3.13726,-0.75,0.78125,10.4311,30,30,33
4.3,0,0,0,0,0.951356,1.00113,1.09049,3,1,1,1,0,0.953859,0.956056,0,0,5.91667,6.11112,6.30556,1273,970,384.219,970,971.523,24.3984,102.117,103.688,25.7578,26.6016,455.135,55.5,1.884,1.232,2.572,92.25,3.13726,3.13726,-0.75,0.453125,10.7912,30,30,33.75
4.333,0,0,0,0,0.954835,1.00113,1.09009,3,1,1,1,0,0.953859,0.954835,0,0,5.97223,6.11112,6.16667,1273.75,970,387.891,970,974.18,24.6563,102.047,103.711,25.1016,26.5781,455.135,55.5,1.884,1.248,2.572,92.25,3.13726,3.13726,-0.75,0.265625,10.7912,29.25,29.25,33
4.367,0,0,0,0,0.955262,1.00113,1.09042,3,1,1,1,0,0.953859,0.954835,0,0,5.97223,6.13889,6.30556,1274.25,970,389.531,970,974.18,24.7734,102.047,103.711,25.7109,26.5781,455.292,55.5,1.912,1.232,2.6,92.25,3.52941,3.52941,-0.75,0.375,10.7912,29.25,29.25,33
4.4,0,0,0,0,0.953187,1.00113,1.09027,3,1,1,1,0,0.953859,0.953615,0,0,6,6.44445,6.86112,1274.25,970,397.852,970,971.523,25.3594,102.047,103.711,28.6875,27.2813,455.292,55.5,2.008,1.256,2.676,92.25,3.52941,3.52941,-0.75,0.765625,11.1498,29.25,29.25,33
4.433,0,0,0,0,0.957093,1.00113,1.09045,3,1,1,1,0,0.953859,0.953615,0,0,6.16667,6.44445,6.55556,1274.5,970,400.938,970,974.141,25.5938,102.047,103.711,27.3281,27.2813,455.292,55.5,2.012,1.304,2.68,92.25,3.52941,3.52941,-0.75,0.859375,11.1498,29.25,29.25,32.25
4.467,0,0,0,0,0.955506,1.00113,1.08948,3,1,1,1,0,0.953859,0.951173,0,0,6.16667,6.47223,6.47223,1273.75,970,402.031,970,971.523,25.6641,102.047,103.711,26.2969,28.0078,455.292,55.5,1.988,1.29067,2.656,92.25,3.52941,3.52941,-0.75,1,11.5099,29.25,29.25,32.25
4.5,0,0,0,0,0.955994,1.00113,1.08676,3,1,1,1,0,1,0.948488,0,0,6.22223,6.47223,6.69445,1271.5,970,408.242,970,971.523,26.1094,102.047,103.711,27.8438,29.0391,455.292,55.5,1.96,1.32,2.64,92.25,3.52941,3.52941,-0.75,0.609375,11.87,30.75,30.75,34.5
4.533,0,0,0,0,0.95984,1.00113,1.0878,3,1,1,1,0,1,0.947267,0,0,6.27778,6.52778,6.41667,1270.75,970,408.164,970,974.18,26.0859,102.07,103.617,26.0625,29.8594,455.292,55.5,1.86,1.21333,2.54,92.25,3.52941,3.92157,-0.75,0.296875,12.2301,29.25,29.25,33.75
4.567,0,0,0,0,0.956238,1.00113,1.08746,3,1,1,1,0,1,0.944826,0,0,6.33334,6.77778,6.61112,1271.75,970,409.492,970,971.523,26.1797,101.977,103.617,26.9297,30.5625,455.448,55.5,1.86,1.22133,2.54,92.25,3.92157,3.92157,-0.75,0.5,12.5887,29.25,29.25,33.75
4.6,0,0,0,0,0.956238,1.00113,1.08664,3,1,1,1,0,1,0.942384,0,0,6.44445,7.08334,7.33334,1274.75,970,420.625,970,971.523,26.9766,101.977,103.617,29.8125,31.1953,455.448,55.5,1.992,1.28267,2.66,92.25,3.92157,3.92157,-0.75,0.4375,12.9488,28.5,28.5,33.75
4.633,0,0,0,0,0.957215,1.00113,1.08566,3,1,1,1,0,1,0.938722,0,0,6.61112,7.02778,7.30556,1274.75,970,425.977,970,971.523,27.3516,101.977,103.734,30.375,31.875,455.448,55.5,2.04,1.32533,2.708,92.25,4.70588,4.31373,-0.75,0.640625,13.3089,27.75,27.75,33
4.667,0,0,0,0,0.958131,1.00113,1.08511,3,1,1,1,0,1,0.937501,0,0,6.69445,7.52778,7.75001,1274.75,970,438.125,970,971.523,28.2188,102.117,103.758,32.0625,31.875,455.448,55.5,2.116,1.33067,2.784,92.25,4.31373,4.31373,-0.75,0.90625,13.3089,27.75,27.75,33
4.7,0,0,0,0,0.958863,1.00113,1.08463,3,1,1,1,0,1,0.937501,0,0,6.91667,7.58334,7.61112,1276.5,970,443.125,970,971.523,28.5703,102.117,103.758,31.3828,32.625,455.448,55.5,2.116,1.368,2.804,92.25,4.31373,4.31373,-0.75,0.734375,13.669,27.75,27.75,33.75
4.733,0,0,0,0,0.959229,1.00113,1.08414,3,1,1,1,0,1,0.937501,0,0,7.02778,7.61112,7.86112,1275.25,970,453.828,970,971.523,29.3203,102.117,103.805,32.3906,33.3516,455.448,55.5,2.192,1.392,2.88,92.25,4.31373,4.31373,-0.75,0.734375,14.0276,27,27,24.75
4.767,0,0,0,0,0.960206,1.00113,1.08301,3,1,1,1,0,1,0.938722,0,0,7.08334,7.69445,7.75001,1274.5,970,456.953,970,971.523,29.5547,102.164,103.734,31.3125,33.3984,455.624,55.5,2.176,1.416,2.864,92.25,4.70588,4.70588,-0.75,0.359375,14.0276,27,27,24.75
4.8,0,0,0,0,0.960206,1.00113,1.06699,3,1,1,1,0,1,0.943605,0,0,7.25001,7.8889,8.36112,1275.25,970,470.508,970,971.523,30.5156,102.164,103.734,34.5,33.3984,455.624,55.5,2.428,1.496,3.116,92.25,4.70588,4.70588,-0.75,0.328125,14.0276,27,27,24.75
4.833,0,0,0,0,0.961671,1.00113,1.07044,3,1,1,1,0,1,0.947267,0,0,7.50001,7.94445,8.27778,1277.5,970,476.094,970,971.523,30.9609,102.328,103.758,34.0547,33.2344,455.624,55.5,2.444,1.57867,3.132,92.25,4.70588,4.70588,-0.75,0.515625,14.0276,27,27,31.5
4.867,0,0,0,0,0.962891,1.00113,1.0712,3,1,1,1,0,1,0.953615,0,0,7.50001,8.02778,8.11112,1278.75,970,478.828,970,971.523,31.1719,102.164,103.875,32.6953,33.1172,455.624,55.5,2.388,1.54134,3.076,92.25,4.70588,4.70588,-0.75,0.703125,14.0276,27,27,31.5
4.9,0,0,0,0,0.966065,1.00113,1.0679,3,1,1,1,0,1,0.959962,0,0,7.66667,8.05556,8.27778,1281.75,970,486.211,970,974.18,31.6875,102.164,103.875,33.3984,33.1172,455.624,55.5,2.44,1.58134,3.12,92.25,4.70588,4.70588,-0.75,0.875,14.0276,27,27,31.5
4.933,0,0,0,0,0.966614,1.00113,1.06522,3,1,1,1,0,1,0.964845,0,0,7.72223,8.05556,8.11112,1281.75,970,487.969,970,974.18,31.8047,102.258,103.992,32.8125,33,455.624,55.5,2.412,1.552,3.092,92.25,4.70588,4.70588,-0.75,0.890625,14.0276,26.25,26.25,31.5
4.967,0,0,0,0,0.963563,1.00113,1.06125,3,1,1,1,0,1,0.969972,0,0,7.83334,8.02778,8.16667,1280.75,970,491.758,970,971.523,32.0859,102.352,103.992,33.7969,33,455.819,55.5,2.444,1.57334,3.124,92.25,4.70588,4.70588,-0.75,0.5,14.0276,26.25,26.25,31.5
5,0,0,0,0,0.966614,1.00113,1.0574,3,1,1,1,0,1,0.969972,0,0,7.83334,8.00001,7.97223,1279,970,492.188,970,974.18,32.1094,102.352,103.992,32.3672,33.8203,455.819,55.5,2.396,1.54134,3.064,92.25,4.70588,4.70588,-0.75,0.328125,14.3877,26.25,26.25,31.5
5.033,0,0,0,0,0.966492,1.00113,1.05551,3,1,1,1,0,1,0.968507,0,0,7.83334,8.00001,8.1389,1278,970,493.75,970,974.18,32.2266,102.352,103.898,33.1172,33.8672,455.819,55.5,2.412,1.55734,3.08,92.25,4.70588,4.70588,-0.75,0.421875,14.3877,26.25,26.25,31.5
5.067,0,0,0,0,0.966798,1.00113,1.05289,3,1,1,1,0,1,0.966066,0,0,7.8889,8.00001,7.97223,1281.5,970,495.352,970,974.18,32.3438,102.281,103.922,32.4375,34.5,455.819,55.5,2.392,1.55734,3.06,92.25,4.70588,4.70588,-0.75,0.5,14.7478,26.25,26.25,30.75
5.1,0,0,0,0,0.966553,1.00113,1.04996,3,1,1,1,0,1,0.962404,0,0,7.8889,8.11112,7.94445,1282.75,970,495.352,970,974.18,32.3438,102.281,103.922,32.3438,34.3594,455.819,55.5,2.276,1.464,2.956,92.25,4.70588,4.70588,-0.75,0.8125,14.7478,26.25,26.25,31.5
5.133,0,0,0,0,0.966065,1.00113,1.04895,3,1,1,1,0,1,0.959962,0,0,7.8889,8.11112,8.05556,1286.25,970,496.719,970,974.18,32.4375,102.305,104.086,32.7422,34.3125,455.819,55.5,2.3,1.47467,2.98,92.25,4.70588,4.70588,-0.75,0.78125,14.7478,26.25,26.25,30.75
5.167,0,0,0,0,0.965821,1.00113,1.04736,3,1,1,1,0,1,0.957277,0,0,7.94445,8.11112,8.22223,1289.25,970,498.164,970,974.18,32.5313,102.469,104.273,33.375,34.1484,456.073,55.5,2.32,1.48,3,92.25,5.09804,4.70588,-0.75,0.75,14.7478,26.25,26.25,30.75
5.2,0,0,0,0,0.966431,1.00113,1.04562,3,1,1,1,0,1,0.956056,0,0,7.97223,8.22223,8.3889,1285.75,970,502.461,970,974.18,32.8359,102.469,104.273,34.1719,35.5781,456.073,55.5,2.348,1.50667,3.028,92.25,4.70588,4.70588,-0.75,0.5,15.4665,26.25,26.25,30.75
5.233,0,0,0,0,0.967103,1.00113,1.04453,3,1,1,1,0,1,0.954835,0,0,8.02778,8.22223,8.19445,1285,970,503.32,970,974.18,32.9063,102.609,104.133,33.3984,36.3984,456.073,55.5,2.324,1.496,3.004,92.25,4.70588,4.70588,-0.75,0.53125,15.8266,26.25,26.25,31.5
5.267,0,0,0,0,0.967103,1.00113,1.04294,3,1,1,1,0,1,0.954835,0,0,8.02778,8.47223,8.41667,1286,970,506.914,970,974.18,33.1641,102.469,104.109,34.2656,37.8047,456.073,55.5,2.376,1.51467,3.056,92.25,5.09804,5.4902,-0.75,0.5625,16.5469,26.25,26.25,31.5
5.3,0,0,0,0,0.967103,1.00113,1.04236,3,1,1,1,0,1,0.957277,0,0,8.08334,9.19445,8.72223,1289.75,970,510.469,970,974.18,33.3984,102.469,104.109,35.4141,39.1172,456.073,55.5,2.392,1.528,3.072,92.25,5.4902,5.4902,-0.75,0.625,17.2656,25.5,25.5,31.5
5.333,0,0,0,0,0.965516,1.00113,1.03922,3,1,1,1,0,1,0.958498,0,0,8.36112,9.19445,9.47223,1292.5,970,518.32,970,974.18,33.9609,102.469,104.297,38.3672,40.2656,456.073,55.5,2.524,1.624,3.204,92.25,5.4902,5.4902,-0.75,0.859375,17.9858,25.5,25.5,23.25
5.367,0,0,0,0,0.966431,1.00113,1.03922,3,1,1,1,0,1,0.964845,0,0,8.58334,9.47223,9.33334,1296,970,529.648,970,974.18,34.7578,102.656,104.461,37.6875,42.6563,456.327,55.5,2.548,1.64,3.228,92.25,5.88235,6.27451,-0.75,0.84375,19.4247,25.5,25.5,22.5
5.4,0,0,0,0,0.966187,1.00113,1.03763,3,1,1,1,0,1,0.968507,0,0,8.66667,9.6389,9.6389,1296.5,970,536.25,970,974.18,35.2266,102.656,104.461,38.9297,47.0391,456.327,55.5,2.768,1.78134,3.448,92.25,6.27451,6.66667,-0.75,0.484375,22.1225,25.5,25.5,22.5
5.433,0,0,0,0,0.966065,1.00113,1.0369,3,1,1,1,0,1,0.972414,0,0,8.83334,10.9445,10.5,1298,970,555.664,970,974.18,36.6094,102.82,104.578,42.375,51.6328,456.327,55.5,2.988,1.86667,3.668,92.25,6.66667,7.45098,-0.75,0.46875,24.8203,24.75,24.75,29.25
5.467,0,0,0,0,0.962403,1.00113,1.03665,3,1,1,1,0,1,0.977296,0,0,9.27779,11.5556,11.3889,1298,970,570.469,970,971.523,37.6641,102.891,104.578,45.9609,58.5703,456.327,55.5,3.188,2.05067,3.868,92.25,7.45098,8.62745,-0.75,0.53125,28.957,24,24,29.25
5.5,0,0,0,0,0.961488,1.00113,1.03571,3,1,1,1,0,1,0.981203,0,0,9.58334,13.3056,12.8333,1303,1000,608.32,970,971.523,40.3594,102.891,104.578,52.0547,65.0156,456.327,55.5,3.596,2.09867,4.276,92.25,8.62745,9.41177,-0.75,0.578125,32.7336,23.25,23.25,21.75
5.533,-1.5,-0.75,-1.5,0,0.960145,1.00113,1.0368,3,1,1,1,0,1,0.987306,0,0,10.4445,14.2778,13.6111,1307.5,1090,632.227,970,971.484,42.0469,102.914,104.766,55.4766,70.8281,456.327,55.5,3.748,2.36534,4.428,92.25,9.80392,10.5882,-0.75,0.640625,36.6903,21,21,21
5.567,-1.5,-0.75,-1.5,0,0.955567,1.00113,1.04038,3,1,1,1,0,1,0.992677,0,0,10.9722,16.9167,15.4167,1317.75,1190,686.445,970,968.906,45.9141,103.102,105.164,62.0156,78.4922,456.874,55.5,4.092,2.48267,4.772,92.25,11.3726,12.1569,-0.75,0.71875,42.2659,20.25,20.25,21
5.6,-1.5,-0.75,-1.5,0,0.949464,1.00113,1.03867,3,1,1,1,0,1,0.994142,0,0,11.5,17.4167,16.5278,1323,1240,719.102,970,966.25,48.2109,103.102,105.164,66.5625,83.0625,456.874,55.5,4.352,2.552,5.032,92.25,12.549,13.3333,-0.75,0.765625,46.0425,20.25,20.25,20.25
5.633,-1.5,-0.75,-1.5,0,0.945191,1.00113,1.0387,3,1,1,1,0,1,0.995607,0,0,12.7778,17.9722,17.2222,1327.5,1300,751.719,970,963.594,50.6484,103.688,105.492,68.8125,87.6563,456.874,55.5,4.532,2.81867,5.212,92.25,14.1177,14.5098,-0.75,0.484375,49.6406,18,18,20.25
5.667,-1.5,-0.75,-1.5,0,0.939332,1.00113,1.04044,3,1,1,1,0,1,1,0,5.85938,14,19.75,18.3889,1329.5,1360,816.445,970,963.594,55.2656,103.758,105.727,73.4063,93.0234,456.874,55.5,4.512,2.848,5.192,92.25,16.0784,16.0784,-0.75,0.203125,53.9573,15.75,15.75,17.25
5.7,-1.5,-0.75,-1.5,0,0.936707,1.00113,1.04334,3,1,1,1,0,1,1.00733,0,5.85938,14.5556,18.7778,18.5,1331.25,1380,845.352,970,963.594,57.3281,103.758,105.727,73.5469,95.5547,456.874,55.5,4.8,3.03467,5.488,92.25,17.2549,18.0392,-0.75,0.265625,56.4751,15.75,15.75,17.25
5.733,-1.5,-0.75,-1.5,0,0.939515,1.00113,1.04633,3,1,1,1,0,1,1.0166,0,14.4531,15.3056,21.0556,18.5278,1327.25,1420,890.43,970,966.25,60.5391,103.969,105.82,72.9844,98.3906,456.874,55.5,4.92,3.248,5.608,92.25,22.7451,37.2549,-0.75,0.515625,59.1729,13.5,13.5,26.25
5.767,-1.5,-0.75,-1.5,0,0.930421,1.00113,1.04947,3,1,1,1,0,1,1.02661,0,24.2188,15.9722,16.1945,21.9722,1331.75,1480,968.789,970,958.32,66.1172,103.992,105.586,87.9844,102.844,457.772,55.5,5.148,3.896,5.836,92.25,44.3137,55.2941,-0.75,0.703125,63.4896,12,12,25.5
5.8,-1.5,-0.75,-1.5,0,0.961793,1.00113,1.05734,3,1,1,1,0,1,1.05005,0,24.2188,16.7778,16.6389,19.25,1338,1500,983.438,970,966.25,67.1484,103.992,105.586,75.375,103.992,457.772,55.5,5.328,3.48267,6.016,92.25,56.0785,65.0981,-0.75,0.703125,66.1874,8.25,8.25,13.5
5.833,-1.5,-0.75,-1.5,0,0.977357,1.00113,1.06073,3,1,1,1,0,1,1.05933,0,33.5938,17.2222,17.0833,18.5833,1334.25,1490,991.641,970,968.867,67.7578,103.828,106.055,72.3516,103.828,457.772,55.5,5.364,3.61067,6.052,92.25,65.8824,69.0196,-0.75,6.32813,68.5251,9,9,25.5
5.867,-1.5,-0.75,-1.5,0,0.987611,1.00113,1.07312,3,1,1,1,0,1,1.08765,0,39.0625,17.5833,17.4445,18.3611,1359.75,1500,998.008,970,971.523,67.8516,104.297,106.289,69.3047,104.297,457.772,55.5,5.34,3.59467,6.028,92.25,70.5883,69.0196,-0.75,10.6875,70.6843,4.5,4.5,4.5
5.9,-1.5,-0.75,-1.5,0,0.994447,1.00113,1.0755,3,1,1,1,0,1,1.08301,0,39.0625,17.75,17.5,19.0556,1365,1500,1004.65,970,974.18,68.3438,104.297,106.289,72.0469,104.297,457.772,55.5,5.404,3.63734,6.084,92.25,70.5883,69.0196,-0.75,12.4063,71.583,6.75,6.75,6.75
5.933,-1.5,-0.75,-1.5,0,1.00006,1.00113,1.08246,3,1,1,1,0,1,1.07813,0,43.75,17.75,18.3333,19.0278,1370.5,1510,1011.88,970,976.836,67.9453,104.227,107.156,70.9922,104.227,457.772,55.5,5.324,3.58667,6.004,92.25,71.7647,70.9804,-0.75,14.0469,73.202,7.5,7.5,7.5
5.967,-1.5,-0.75,-1.5,0,1.00458,1.00113,1.0918,3,1,1,1,0,1,1.07593,0,48.8281,17.9167,18.4167,19,1371.25,1530,1021.48,970,979.453,67.875,104.273,107.367,70.9453,104.273,458.514,55.5,5.332,3.63467,6.012,92.25,72.1569,70.9804,-0.75,16.8594,75.3596,9,9,11.25
6,-1.5,-0.75,-1.5,0,1.00848,1.00113,1.09296,3,1,1,1,0,1,1.05225,0,48.8281,17.75,18.5,18.9445,1362,1520,1026.41,970,982.109,68.25,104.273,107.367,70.9922,104.273,458.514,55.5,5.392,3.592,6.08,92.25,71.7647,70.9804,-0.75,18,76.9786,10.5,10.5,16.5
6.033,-1.5,-0.75,-1.5,0,1.01172,1.00113,1.09894,3,1,1,1,0,1,1.04785,0,59.7656,17.75,18.4722,19.2222,1370,1540,1032.42,970,984.688,68.0156,104.672,106.922,72.0703,104.672,458.514,55.5,5.368,3.616,6.056,92.25,71.7647,71.7647,-0.75,19.2969,78.0574,9.75,9.75,12.75
6.067,-1.5,-0.75,-1.5,0,1.02039,1.00113,1.10172,3,1,1,0.976076,0,1,1.04199,0,67.9688,17.9722,18.6389,19.1667,1385.25,1540,1040.98,970,990,68.1328,104.297,107.391,70.5703,104.297,458.514,55.5,5.4,3.64,6.088,92.25,72.1569,71.7647,-0.75,20.0625,79.3163,6.75,6.75,6.75
6.1,-1.5,-0.75,-1.5,0,1.02313,1.00113,1.10159,3,1,1,0.976076,0,0.976076,1.03394,0,67.9688,18.1111,18.75,19.4445,1383,1540,1049.06,970,992.656,68.7422,104.297,107.391,71.4609,104.297,458.514,55.5,5.584,3.65334,6.272,92.25,72.1569,71.7647,-0.75,20.5,79.3163,8.25,8.25,9.75
6.133,-1.5,-0.75,-1.5,0,1.02606,1.00113,1.10233,3,1,1,0.968263,0,0.976076,1.03003,0,69.9219,18.2222,18.75,19.4722,1389.75,1550,1053.71,970,995.273,68.8594,104.836,107.695,71.6953,104.836,458.514,55.5,5.592,3.77334,6.28,92.25,72.1569,73.3334,-0.75,20.8594,79.3163,8.25,8.25,8.25
6.167,-1.5,-0.75,-0.75,0,1.03052,1.00113,1.0994,3,1,1,0.962648,0,0.976076,1.0166,0,69.9219,18.6945,18.9167,20.25,1410.75,1560,1063.87,970,997.969,69.5859,105.422,108.258,73.125,105.422,459.725,55.5,5.652,3.816,6.34,92.25,73.7255,73.3334,-0.75,18.8125,79.3163,4.5,4.5,4.5
6.2,-1.5,-0.75,-0.75,0,1.03894,1.00113,1.10037,3,1,1,0.962648,0,0.962648,1.01489,0,69.9219,18.8056,18.9445,19.6945,1414.25,1560,1066.64,970,1003.2,69.7969,105.422,108.258,71.3438,105.422,459.725,55.5,5.736,3.87467,6.424,92.25,73.3334,73.3334,-0.75,16.4844,79.3163,6,6,6
6.233,-1.5,-0.75,-0.75,0,1.03955,1.00113,1.09824,3,1,1,0.958253,0,0.962648,1.01001,0,69.9219,18.8611,19.75,20.3056,1413.75,1560,1075.43,970,1003.24,70.875,106.313,108.75,73.3828,106.313,459.725,55.5,5.844,3.89867,6.532,92.25,74.1177,74.902,-0.75,15.0313,79.3163,8.25,8.25,8.25
6.267,-1.5,-0.75,-0.75,0,1.04773,1.00113,1.10092,3,1,1,0.95508,0,0.962648,0.997072,0,69.9219,19.25,19.9167,20.7222,1428.25,1560,1083.2,970,1011.17,71.9531,106.852,109.008,73.2188,106.852,459.725,55.5,5.952,3.97867,6.64,92.25,74.5098,74.902,-0.75,12.2031,79.3163,6,6,6
6.3,-1.5,-0.75,-0.75,0,1.0509,1.00113,1.10272,3,1,1,0.95508,0,0.95508,1.00855,0,69.9219,19.5556,19.8611,20.8333,1424.25,1560,1088.13,970,1013.75,72.3516,106.852,109.008,75.0703,106.852,459.725,55.5,6.028,4.02934,6.732,92.25,74.902,74.902,-0.75,11.4219,79.3163,8.25,8.25,8.25
6.333,-1.5,-0.75,-0.75,0,1.05634,1.00113,1.1012,3,1,1,0.952638,0,0.95508,1.00366,0,69.9219,20.0278,20,21.0834,1435.75,1560,1091.52,970,1016.45,73.2188,107.32,109.195,74.5078,107.32,459.725,55.5,6.12,4.14667,6.824,92.25,75.2941,76.0785,-0.75,9.76563,79.3163,5.25,5.25,5.25
6.367,-1.5,-0.75,-0.75,0,1.06525,1.00113,1.10828,3,1,1,0.950685,0,0.95508,1.00488,0,69.9219,20.3056,20.1945,21.0834,1448,1550,1095.27,970,1021.68,73.5469,107.602,110.063,73.7578,107.602,460.741,55.5,6.124,4.14934,6.828,92.25,76.0785,76.0785,-0.75,8.6875,79.3163,5.25,5.25,5.25
6.4,-1.5,-0.75,-0.75,0,1.06635,1.00113,1.10919,3,1,1,0.950685,0,0.950685,1.00366,0,69.9219,20.5833,20.9167,21.4445,1451.75,1550,1100.98,970,1021.72,74.6484,107.602,110.063,75.4219,107.602,460.741,55.5,6.256,4.22934,6.936,92.25,76.0785,76.0785,-0.75,8.25,79.3163,6.75,6.75,6.75
6.433,-1.5,-0.75,-0.75,0,1.07483,1.00113,1.10797,3,1,1,0.949464,0,0.950685,0.982423,0,69.9219,20.7778,21.0278,21.8611,1452,1560,1103.36,970,1029.65,75.1641,108.422,110.203,76.1719,108.422,460.741,55.5,6.292,4.26134,6.972,92.25,76.4706,77.2549,-0.75,6.39063,79.3163,7.5,7.5,7.5
6.467,-1.5,-0.75,-0.75,0,1.08313,1.00113,1.11606,3,1,1,0.948244,0,0.950685,0.986085,0,69.9219,21.1111,21.1667,22,1465.5,1550,1104.92,970,1037.58,75.6328,108.211,110.719,75.9375,108.211,460.741,55.5,6.36,4.30934,7.04,92.25,77.2549,77.2549,-0.75,5.53125,79.3163,6,6,6
6.5,-1.5,-0.75,-0.75,0,1.08313,1.00113,1.11429,3,1,1,0.948244,0,0.948244,0.973634,0,69.9219,21.2222,21.2778,22.4167,1471,1550,1106.6,970,1037.58,75.7734,108.211,110.719,77.3203,108.211,460.741,55.5,6.356,4.29334,7.044,92.25,78.0392,77.2549,-0.75,5.29688,79.3163,7.5,7.5,7.5
6.533,-1.5,-0.75,-0.75,0,1.08978,1.00113,1.11441,3,1,1,0.947511,0,0.948244,0.963625,0,69.9219,21.4167,21.2778,22.2222,1473.75,1550,1108.59,970,1042.81,76.2656,108.656,110.906,77.0391,108.656,460.741,55.5,6.404,4.33867,7.092,92.25,78.4314,79.2157,-0.75,4.5625,79.3163,7.5,7.5,6.75
6.567,-1.5,-0.75,-0.75,0,1.09863,1.00113,1.11292,3,1,1,0.947023,0,0.948244,0.949953,0,69.9219,21.75,22.2778,22.3889,1491,1550,1109.69,970,1048.13,76.5234,108.773,111.258,75.3516,108.773,462.362,55.5,6.392,4.33067,7.08,92.25,79.2157,79.2157,-0.75,3.96875,79.3163,6.75,6.75,6.75
6.6,-1.5,-0.75,-0.75,0,1.09827,1.00113,1.11099,3,1,1,0.947023,0,0.947023,0.938722,0,69.9219,21.8611,22.2778,23.0278,1500.5,1550,1111.99,970,1050.78,76.7109,108.773,111.258,77.8125,108.773,462.362,55.5,6.38,4.31734,7.068,92.25,79.6079,79.2157,-0.75,3.3125,79.3163,6,6,6
6.633,-1.5,-0.75,-0.75,0,1.10333,1.00113,1.11139,3,1,1,0.946535,0,0.947023,0.943605,0,69.9219,22.1111,22.2778,23.3334,1500.75,1550,1116.37,970,1056.02,77.3203,108.961,112.008,79.4766,108.961,462.362,55.5,6.456,4.37334,7.144,92.25,79.6079,81.1765,-0.75,2.54688,79.6764,7.5,7.5,7.5
6.667,-1.5,-0.75,-0.75,0,1.11347,1.00113,1.10602,3,1,1,0.946291,0,0.947023,0.93213,0,70.7031,22.2222,22.5556,23.0834,1502.75,1560,1117.85,970,1063.95,77.5781,109.688,112.055,77.1563,109.688,462.362,55.5,6.424,4.35201,7.112,92.25,81.5687,81.1765,-0.75,1.71875,81.1153,7.5,7.5,9.75
6.7,-1.5,-0.75,-0.75,0,1.11102,1.00113,1.10571,3,1,1,0.946291,0,0.946291,0.936525,0,70.7031,22.3334,22.5556,23.6667,1514.25,1560,1118.2,970,1063.98,77.6016,109.688,112.055,79.4297,109.688,462.362,54.75,6.392,4.31734,7.08,92.25,81.1765,81.1765,-0.75,1.57813,82.3742,7.5,7.5,7.5
6.733,-1.5,-0.75,-0.75,0,1.11957,1.00113,1.10288,3,1,1,0.946046,0,0.946291,0.936525,0,72.6563,22.6389,22.6667,23.4445,1523.5,1550,1118.13,970,1071.91,78.0703,109.828,112.664,77.5547,109.828,462.362,54.75,6.448,4.36801,7.136,92.25,81.9608,82.353,-0.75,1.20313,83.0944,6,6,6
6.767,-1.5,-0.75,-0.75,0,1.12293,1.00113,1.10126,3,1,1,0.945802,0,0.946291,0.935304,0,73.4375,22.8056,23.4722,23.4722,1535,1560,1117.23,970,1077.19,78.0234,110.25,113.648,77.2031,110.25,463.807,54.75,6.388,4.32801,7.076,92.25,82.353,82.353,-0.75,1.14063,83.8131,8.25,8.25,8.25
6.8,-1.5,-0.75,-0.75,0,1.12018,1.00113,1.10031,3,1,1,0.945802,0,0.945802,0.937501,0,73.4375,22.9722,23.4722,24.0556,1547.75,1560,1121.25,970,1077.19,78.3047,110.25,113.648,79.2188,110.25,463.807,54.75,6.424,4.33867,7.112,92.25,82.353,82.353,-0.75,1.07813,84.1732,6.75,6.75,8.25
6.833,-1.5,-0.75,-0.75,0,1.12817,1.00113,1.09769,3,1,1,0.945802,0,0.945802,0.93091,0,74.2188,22.9722,23.5834,24.4445,1547,1560,1123.67,970,1085.12,77.9531,110.109,114.258,79.8516,110.109,463.807,54.75,6.356,4.30667,7.044,92.25,83.1373,84.3138,-0.75,0.40625,84.5333,7.5,7.5,7.5
6.867,-1.5,-0.75,-0.75,0,1.13074,1.00113,1.09769,3,1,1,0.945558,0,0.945802,0.934328,0,74.6094,23.1389,23.6945,24.4445,1550.75,1580,1128.67,970,1087.77,78.3047,111.352,114.398,79.7813,111.352,463.807,54.75,6.396,4.33334,7.084,92.25,84.7059,84.3138,-0.75,0.09375,84.5333,8.25,8.25,7.5
6.9,-1.5,-0.75,-0.75,0,1.13916,1.00113,1.09558,3,1,1,0.945558,0,0.945558,0.93091,0,74.6094,23.3056,23.8056,24.4722,1561.25,1580,1132.54,970,1095.7,78.6094,111.352,114.398,79.2656,111.352,463.807,54.75,6.412,4.34934,7.1,92.25,84.3138,84.3138,-0.75,0.390625,84.5333,7.5,7.5,7.5
6.933,-1.5,-0.75,-0.75,0,1.14374,1.00113,1.09595,3,1,1,0.945558,0,0.945558,0.935304,0,74.6094,23.5,24.7222,24.9445,1576.25,1580,1134.06,970,1100.98,78.7266,111.445,114.891,79.5234,111.445,463.807,54.75,6.408,4.33867,7.096,92.25,84.7059,85.4902,-0.75,0.515625,84.5333,8.25,8.25,6.75
6.967,-1.5,-0.75,-0.75,0,1.14545,1.00113,1.09338,3,1,1,0.945558,0,0.945558,0.935304,0,74.6094,23.7778,24.75,24.9722,1585.75,1590,1136.33,970,1106.25,78.9141,111.914,115.852,79.2891,111.914,465.721,54.75,6.404,4.34134,7.092,92.25,85.4902,85.4902,-0.75,0.78125,84.5333,7.5,7.5,6.75
7,-1.5,-0.75,-0.75,0,1.14227,1.00113,1.09381,3,1,1,0.945558,0,0.945558,0.937501,0,74.6094,23.8889,24.7222,25.3056,1589.25,1590,1139.49,970,1106.25,79.1484,111.914,115.852,80.9297,111.914,465.721,54.75,6.432,4.35467,7.12,92.25,85.4902,85.4902,-0.75,0.21875,84.5333,7.5,7.5,6.75
7.033,-1.5,-0.75,0,0,1.14783,1.00113,1.09485,3,1,1,0.945558,0,0.945558,0.946046,0,74.6094,24.25,24.8334,25.4167,1597,1600,1146.76,970,1111.52,79.6875,112.711,116.414,80.7188,112.711,465.721,54.75,6.504,4.40534,7.192,92.25,86.6667,87.451,-0.75,-0.015625,84.5333,6.75,6.75,6.75
7.067,-1.5,-0.75,0,0,1.15472,1.00113,1.09348,3,1,1,0.945314,0,0.945558,0.942384,0,74.6094,24.3611,25,25.8889,1605.75,1600,1151.05,970,1116.84,80.0391,113.203,116.813,81.9609,112.711,465.721,54.75,6.524,4.40001,7.212,92.25,87.8432,87.451,0,0.03125,84.5333,9,9,6.75
7.1,-1.5,-0.75,0,0,1.15924,1.00113,1.09598,3,1,1,0.945314,0,0.945314,0.951173,0,74.6094,24.6667,25.8334,26.0556,1618.75,1600,1156.64,970,1122.11,80.4609,113.203,116.813,81.7734,113.203,465.721,54.75,6.568,4.43467,7.256,92.25,87.8432,87.451,0,0.09375,84.5333,8.25,8.25,7.5
7.133,-1.5,-0.75,0,0,1.16773,1.00113,1.09418,3,1,1,0.945314,0,0.945314,0.944826,0,74.6094,24.8889,25.9167,25.3334,1624.75,1610,1153.52,970,1132.66,80.4141,113.719,117.633,78.4922,113.719,465.721,54.75,6.536,4.42667,7.224,92.25,88.6275,89.4118,0,0.46875,84.5333,7.5,7.5,7.5
7.167,-1.5,-0.75,0,0,1.16107,1.00113,1.09631,3,1,1,0.945314,0,0.945314,0.947267,0,74.6094,25.2222,25.8056,26.5278,1634.75,1610,1159.8,970,1132.62,80.8828,114.398,118.406,83.3906,114.398,467.831,54.75,6.588,4.46134,7.276,92.25,89.804,89.4118,0,0.28125,84.5333,8.25,8.25,7.5
7.2,-1.5,-0.75,0,0,1.16809,1.00113,1.09488,3,1,1,0.945314,0,0.945314,0.942384,0,74.6094,25.4167,26.0278,26.3611,1644.25,1610,1164.06,970,1137.97,81.375,114.398,118.406,80.9063,114.398,467.831,54.75,6.652,4.51201,7.34,92.25,89.804,89.4118,0,0,84.5333,7.5,7.5,7.5
7.233,-1.5,-0.75,0,0,1.16889,1.00113,1.09589,3,1,1,0.945314,0,0.945314,0.944826,0,74.6094,25.6945,26.8334,27,1651.75,1620,1168.4,970,1140.59,81.9844,115.219,118.969,83.1797,115.219,467.831,54.75,6.708,4.53067,7.396,92.25,90.1961,91.3726,0,-0.234375,84.5333,9,9,7.5
7.267,-1.5,-0.75,0,0,1.17438,1.00113,1.09464,3,1,1,0.945314,0,0.945314,0.944826,0,74.6094,25.9167,26.9722,26.6945,1656.25,1620,1168.36,970,1148.52,82.125,115.5,119.508,81.3047,115.5,467.831,54.75,6.7,4.53601,7.388,92.25,91.7647,91.3726,0,0.15625,84.5333,7.5,7.5,7.5
7.3,-1.5,-0.75,0,0,1.17481,1.00113,1.09509,3,1,1,0.945314,0,0.945314,0.944826,0,74.6094,25.9722,26.9722,27.5556,1667.75,1620,1168.48,970,1153.79,82.1484,115.5,119.508,83.625,115.5,467.831,54.75,6.676,4.50134,7.364,92.25,90.9804,91.3726,0,0.21875,84.5333,8.25,8.25,7.5
7.333,-1.5,-0.75,0,0,1.177,1.00113,1.09509,3,1,1,0.945314,0,0.945314,0.946046,0,74.6094,26.3889,26.9722,27.9445,1678.25,1620,1171.91,970,1159.1,82.5,115.852,119.977,84.3516,115.852,467.831,54.75,6.72,4.54934,7.408,92.25,92.1569,92.5491,0,0.265625,84.5333,6.75,6.75,7.5
7.367,-1.5,-0.75,0,0,1.17889,1.00113,1.09442,3,1,1,0.945314,0,0.945314,0.941164,0,74.6094,26.5,27.8889,28.1389,1688.5,1630,1178.01,970,1161.72,83.1094,116.273,120.656,85.1719,116.273,469.725,54.75,6.764,4.54401,7.452,92.25,92.5491,92.5491,0,0.109375,84.5333,8.25,8.25,7.5
7.4,-1.5,-0.75,0,0,1.1853,1.00113,1.09393,3,1,1,0.945314,0,0.945314,0.941164,0,74.6094,26.75,27.9722,28.4722,1691,1630,1181.45,970,1169.65,83.3906,116.273,120.656,85.3125,116.273,469.725,54.75,6.784,4.58134,7.472,92.25,92.9412,92.5491,0,0.15625,84.5333,6.75,6.75,7.5
7.433,-1.5,-0.75,0,0,1.18311,1.00113,1.09396,3,1,1,0.945314,0,0.945314,0.942384,0,74.6094,27.1945,28,28.3056,1700.25,1630,1185.04,970,1169.65,83.8594,116.883,121.523,85.0547,116.883,469.725,54.75,6.844,4.63467,7.532,92.25,94.1177,94.902,0,-0.140625,84.5333,8.25,8.25,7.5
7.467,-1.5,-0.75,0,0,1.19061,1.00113,1.09335,3,1,1,0.945314,0,0.945314,0.944826,0,74.6094,27.3889,28.2222,28.2778,1713.75,1640,1184.65,970,1180.23,83.9063,117.445,121.805,83.0156,117.445,469.725,54.75,6.82,4.61867,7.508,92.25,95.2942,94.902,0,0.46875,84.5333,6.75,6.75,7.5
7.5,-1.5,-0.75,0,0,1.18958,1.00113,1.0921,3,1,1,0.945314,0,0.945314,0.939943,0,74.6094,27.5,28.1667,28.3889,1723.5,1640,1184.88,970,1182.85,83.9297,117.445,121.805,83.6719,117.445,469.725,54.75,6.796,4.61067,7.484,92.25,95.2942,94.902,0,0.21875,84.5333,8.25,8.25,7.5
7.533,-1.5,-0.75,0,0,1.19342,1.00113,1.09293,3,1,1,0.945314,0,0.945314,0.943605,0,74.6094,27.8334,29.0556,29.6111,1735.25,1640,1191.33,970,1188.16,84.6094,117.773,122.648,86.7656,117.773,469.725,54.75,6.872,4.62934,7.56,92.25,95.6863,97.2549,0,0,84.5333,6.75,6.75,7.5
7.567,-1.5,-0.75,0,0,1.19952,1.00113,1.09125,3,1,1,0.945314,0,0.945314,0.938722,0,74.6094,28.0834,29.25,28.5556,1738.5,1640,1189.69,970,1196.05,84.6797,118.477,123.445,82.9453,118.477,471.776,54.75,6.848,4.63734,7.536,92.25,97.6471,97.2549,0,0.109375,84.5333,8.25,8.25,7.5
7.6,-1.5,-0.75,0,0,1.19891,1.00113,1.09183,3,1,1,0.945314,0,0.945314,0.941164,0,74.6094,28.1945,29.2222,29.6667,1746.5,1640,1192.7,970,1201.37,84.9141,118.477,123.445,85.9219,118.477,471.776,54.75,6.864,4.63734,7.544,92.25,97.2549,97.2549,0,0.25,84.5333,6,6,7.5
7.633,-1.5,-0.75,0,0,1.20154,1.00113,1.08963,3,1,1,0.945314,0,0.945314,0.934328,0,74.6094,28.4167,29.2778,29.9722,1752.5,1650,1197.54,970,1206.6,85.3594,118.969,123.727,86.5781,118.969,471.776,54.75,6.896,4.66401,7.576,92.25,97.6471,99.2157,0,0.3125,84.5333,7.5,7.5,6.75
7.667,-1.5,-0.75,0,0,1.20227,1.00113,1.08923,3,1,1,0.945314,0,0.945314,0.937501,0,74.6094,28.8889,29.3334,30,1768.25,1650,1199.92,970,1209.3,85.6641,119.203,124.289,86.6016,119.203,471.776,54.75,6.928,4.69334,7.608,92.25,100,99.2157,0,0.203125,84.5333,6,6,6.75
7.7,-1.5,-0.75,0,0,1.2088,1.00113,1.08746,3,1,1,0.945314,0,0.945314,0.934328,0,74.6094,29,30.2778,30.8889,1782,1650,1204.06,970,1217.19,85.9922,119.203,124.289,87.9141,119.203,471.776,54.75,6.948,4.69334,7.628,92.25,98.4314,99.2157,0,-0.296875,84.5333,8.25,8.25,7.5
7.733,-1.5,-0.75,0,0,1.21271,1.00113,1.08749,3,1,1,0.945314,0,0.945314,0.938722,0,74.6094,29.5834,30.3611,31.0556,1793.25,1650,1207.07,970,1222.5,86.4844,119.859,125.625,87.9141,119.859,471.776,54.75,7.02,4.75467,7.7,92.25,100,100,0,-0.140625,84.5333,4.5,4.5,4.5
7.767,-1.5,-0.75,0,0,1.21912,1.00113,1.08539,3,1,1,0.945314,0,0.945314,0.935304,0,74.6094,29.8056,30.5556,31.0556,1796.5,1660,1212.03,970,1230.43,87.0938,120.891,126.563,87.3516,120.891,474.139,54.75,7.044,4.77067,7.724,92.25,100,100,0,0,84.5333,7.5,7.5,9
7.8,-1.5,-0.75,0,0,1.2204,1.00113,1.08453,3,1,1,0.945314,0,0.945314,0.935304,0,74.6094,29.9722,30.6111,31.7222,1805,1660,1218.91,970,1233.05,87.6328,120.891,126.563,89.7188,120.891,474.139,54.75,7.1,4.78401,7.804,92.25,100,100,0,0.421875,84.5333,6,6,8.25
7.833,-1.5,-0.75,0,0,1.22894,1.00113,1.08313,3,1,1,0.945314,0,0.945314,0.93213,0,74.6094,30.3334,31.5556,31.8611,1810.25,1670,1221.33,970,1240.98,87.8906,121.5,126.867,89.1797,121.5,474.139,54.75,7.116,4.82134,7.82,92.25,100,100,0,-0.015625,84.5333,6.75,6.75,7.5
7.867,-1.5,-0.75,0,0,1.23114,1.00113,1.08188,3,1,1,0.945314,0,0.945314,0.93213,0,74.6094,30.8611,31.6667,32.0278,1828.75,1670,1226.17,970,1246.25,88.5,121.898,127.922,88.8047,121.898,474.139,54.75,7.144,4.84001,7.848,92.25,100,100,0,-0.015625,84.8919,6,6,6
7.9,-1.5,-0.75,0,0,1.2337,1.00113,1.07968,3,1,1,0.945314,0,0.945314,0.928712,0,74.6094,30.9167,31.75,32.7222,1838,1670,1230.31,970,1251.56,88.8516,121.898,127.922,90.5625,121.898,474.139,54.75,7.156,4.84001,7.852,92.25,100,100,0,-0.203125,84.8919,7.5,7.5,6.75
7.933,-1.5,-0.75,0,0,1.24072,1.00113,1.07904,3,1,1,0.945314,0,0.945314,0.929933,0,74.6094,31.3889,31.9167,32.5556,1847.5,1670,1232.97,970,1259.41,89.2266,122.672,128.648,88.9219,122.672,474.139,54.75,7.18,4.87467,7.876,92.25,100,100,0,0.265625,84.8919,6.75,6.75,6.75
7.967,-1.5,-0.75,0,0,1.24335,1.00113,1.07599,3,1,1,0.945314,0,0.945314,0.925539,0,74.6094,31.6667,32.75,32.75,1854.75,1680,1234.38,970,1264.73,89.5313,123.258,129.469,90,123.258,476.796,54.75,7.192,4.87467,7.888,92.25,100,100,0,0.359375,84.8919,8.25,8.25,6.75
8,-1.5,-0.75,0,0,1.24378,1.00113,1.07474,3,1,1,0.945314,0,0.945314,0.926515,0,74.6094,31.8889,32.8056,33.4722,1868.5,1680,1241.09,970,1267.38,90.0938,123.258,129.469,91.2891,123.258,476.796,54.75,7.232,4.89867,7.936,92.25,100,100,0,0.25,84.8919,6,6,6.75
8.033,-1.5,-0.75,0,0,1.25299,1.00113,1.07169,3,1,1,0.941408,0,0.945314,0.921144,0,74.6094,32.1945,33.0278,33.6945,1868.5,1680,1240.94,970,1277.97,90.4922,124.219,130.289,90.6563,124.219,476.796,54.75,7.236,4.92001,7.94,92.25,100,100,0,-0.203125,84.8919,7.5,7.5,6
8.067,-1.5,-0.75,0,0,1.25678,1.00113,1.06986,3,1,1,0.938478,0,0.945314,0.923341,0,74.6094,32.6667,33.0556,33.9445,1884,1680,1246.25,970,1283.24,91.0078,124.477,130.758,91.5234,124.477,476.796,54.75,7.268,4.92801,7.972,92.25,100,100,0,0.15625,84.8919,6,6,6
8.1,-1.5,-0.75,0,0,1.25842,1.00113,1.06686,3,1,1,0.938478,0,0.938478,0.918703,0,74.6094,32.8889,34.0556,34.7778,1898.25,1680,1250.94,970,1285.9,91.4063,124.477,130.758,92.6016,124.477,476.796,54.75,7.332,4.93334,8.02,92.25,99.6079,100,0,0.328125,85.252,7.5,7.5,6.75
8.133,-1.5,-0.75,0,0,1.2655,1.00113,1.06546,3,1,1,0.932374,0,0.938478,0.922121,0,75,33.5834,34.0556,35.1389,1908.75,1680,1258.83,970,1293.83,92.3203,125.063,132.141,93.6797,125.063,476.796,54.75,7.444,5.04801,8.132,92.25,100,100,0,0.484375,85.252,5.25,5.25,6.75
8.167,-1.5,-0.75,0,0,1.26917,1.00113,1.06241,3,1,1,0.927736,0,0.938478,0.923341,0,75,33.6945,34.25,36.3334,1911.25,1690,1270.86,970,1296.45,93.3281,125.883,132.328,97.5234,125.883,479.647,54.75,7.512,5.05067,8.2,92.25,99.6079,100,0,-0.015625,85.252,7.5,7.5,8.25
8.2,-1.5,-0.75,0,0,1.27966,1.00113,1.06088,3,1,1,0.927736,0,0.927736,0.926515,0,75,34.2222,34.5278,36.0278,1928.25,1690,1275.35,970,1304.38,93.7031,125.883,132.328,95.0859,125.883,479.647,54.75,7.608,5.14401,8.296,92.25,100,100,0,-0.03125,85.9723,4.5,4.5,4.5
8.233,-1.5,-0.75,0,0,1.28894,1.00113,1.06061,3,1,1,0.924318,0,0.927736,0.929933,0,75.7813,34.6389,35.5834,36.5,1940,1690,1278.98,970,1312.27,94.2656,126.234,133.5,95.25,126.234,479.647,54.75,7.652,5.19201,8.34,92.25,100,100,0,0.140625,85.9723,4.5,4.5,4.5
8.267,-1.5,-0.75,0,0,1.29529,1.00113,1.05951,3,1,1,0.921632,0,0.927736,0.933107,0,76.1719,35.25,35.6945,36.5834,1951.25,1700,1282.23,970,1320.23,94.7109,127.078,134.344,95.2031,127.078,479.647,54.75,7.684,5.21334,8.372,92.25,100,100,0,0.203125,86.3308,5.25,5.25,5.25
8.3,-1.5,-0.75,0,0,1.3028,1.00113,1.06006,3,1,1,0.921632,0,0.921632,0.936525,0,76.1719,35.3889,35.75,37.5278,1957.5,1700,1289.88,970,1328.13,95.3438,127.078,134.344,98.1328,127.078,479.647,54.75,7.788,5.21867,8.484,92.25,100,100,0,-0.015625,86.691,5.25,5.25,5.25
8.333,-1.5,-0.75,0,0,1.30805,1.00113,1.06174,3,1,1,0.91797,0,0.921632,0.93213,0,76.1719,35.8334,36.1111,37.3889,1960.75,1710,1293.98,970,1330.78,95.8359,127.711,135.422,96.5391,127.711,479.647,54.75,7.84,5.32001,8.536,92.25,100,100,0,-0.078125,86.691,6,6,5.25
8.367,-1.5,-0.75,0,0,1.31439,1.00113,1.06162,3,1,1,0.91504,0,0.921632,0.933107,0,76.5625,36.3056,37.1389,37.9167,1986,1710,1299.8,970,1338.71,96.5625,128.719,136.313,97.1016,128.719,482.225,54.75,7.912,5.34401,8.608,92.25,100,100,0,0.234375,87.0511,6,6,5.25
8.4,-1.5,-0.75,0,0,1.32141,1.00113,1.06165,3,1,1,0.91504,0,0.91504,0.929933,0,76.5625,36.7223,37.3334,38.75,2000.25,1710,1301.48,970,1346.64,96.7266,128.719,136.313,98.0625,128.719,482.225,54.75,7.96,5.35734,8.656,92.25,100,100,0,0.28125,87.0511,7.5,7.5,6
8.433,-1.5,-0.75,0,0,1.32361,1.00113,1.06384,3,1,1,0.908937,0,0.91504,0.933107,0,76.5625,37.1667,38.25,39,2007,1720,1308.48,970,1349.26,97.5469,129.422,137.555,99.1641,129.422,482.225,54.75,8.08,5.45334,8.776,92.25,100,100,0,0.125,87.0511,5.25,5.25,7.5
8.467,-1.5,-0.75,0,0,1.3324,1.00113,1.06424,3,1,1,0.904298,0,0.91504,0.933107,0,76.9531,37.4723,38.4445,39.3611,2005,1720,1313.63,970,1359.8,97.9922,130.078,137.859,99.8906,130.078,482.225,54.75,8.112,5.50934,8.808,92.25,100,100,0,0.03125,87.4112,6.75,6.75,9.75
8.5,-1.5,-0.75,0,0,1.33972,1.00113,1.06509,3,1,1,0.904298,0,0.904298,0.933107,0,76.9531,37.6945,38.5556,39.9445,2018.5,1720,1321.17,970,1367.77,98.6016,130.078,137.859,100.828,130.078,482.225,54.75,8.288,5.52534,8.968,92.25,99.6079,100,0,0.234375,87.4112,6,6,6.75
8.533,-1.5,-0.75,0,0,1.34363,1.00113,1.06598,3,1,1,0.898927,0,0.904298,0.924318,0,76.9531,38.3889,38.7778,39.6389,2035.25,1730,1324.8,970,1370.43,98.8594,130.195,139.078,98.8125,130.195,482.225,54.75,8.324,5.65334,9.004,92.25,100,100,0,0.453125,87.4112,5.25,5.25,5.25
8.567,-1.5,-0.75,0,0,1.35883,1.00113,1.06668,3,1,1,0.894777,0,0.904298,0.922121,0,76.9531,39.0278,39.1111,41.4167,2050.75,1740,1336.84,970,1383.63,99.7734,131.203,140.297,102.07,131.203,485.116,54.75,8.424,5.72001,9.104,92.25,100,100,0,0,87.4112,6,6,6
8.6,-1.5,-0.75,0,0,1.36554,1.00113,1.06738,3,1,1,0.894777,0,0.894777,0.919923,0,76.9531,39.1945,40.0556,41.4723,2057.25,1740,1343.79,970,1388.87,100.336,131.203,140.297,102.961,131.203,485.116,54.75,8.568,5.73067,9.248,92.25,100,100,0,-0.078125,87.4112,6.75,6.75,6.75
8.633,-1.5,-0.75,0,0,1.37128,1.00113,1.06894,3,1,1,0.887941,0,0.894777,0.919923,0,76.9531,39.6111,40.2778,41.25,2062.75,1750,1347.46,970,1394.18,100.617,132.258,141.047,101.695,132.258,485.116,54.75,8.596,5.84534,9.276,92.25,100,100,0,-0.09375,87.4112,6.75,6.75,6.75
8.667,-1.5,-0.75,0,0,1.37708,1.00113,1.06894,3,1,1,0.882814,0,0.894777,0.915529,0,76.9531,40.3056,40.5278,41.8611,2082.75,1760,1357.7,970,1399.49,101.461,132.891,141.703,102.492,132.891,485.116,54.75,8.68,5.90134,9.36,92.25,100,100,0,0.3125,87.4112,5.25,5.25,6
8.7,-1.5,-0.75,0,0,1.38684,1.00113,1.06928,3,1,1,0.882814,0,0.882814,0.907716,0,76.9531,40.5278,40.6667,42.1667,2094.5,1760,1363.05,970,1407.38,101.883,132.891,141.703,102.773,132.891,485.116,54.75,8.828,5.93601,9.524,92.25,100,100,0,0.265625,87.4112,6.75,6.75,6
8.733,-1.5,-0.75,0,0,1.39533,1.00113,1.07135,3,1,1,0.875001,0,0.882814,0.905519,0,76.9531,41,41.7223,42.8056,2102.25,1770,1368.52,970,1415.31,102.281,133.406,143.18,104.016,133.406,485.116,54.75,8.888,6.05067,9.584,92.25,100,100,0,-0.046875,87.4112,5.25,5.25,6
8.767,-1.5,-0.75,0,0,1.40057,1.00113,1.07163,3,1,1,0.869142,0,0.882814,0.902345,0,76.9531,41.4723,42.0278,43.5556,2108.5,1780,1378.79,970,1420.63,103.125,134.766,143.367,105.234,134.766,487.811,54.75,8.972,6.10667,9.668,92.25,100,100,0,-0.078125,87.4112,7.5,7.5,7.5
8.8,-1.5,-0.75,0,0,1.41095,1.00113,1.07156,3,1,1,0.869142,0,0.869142,0.897706,0,76.9531,41.5834,42.1945,43.5,2120.25,1780,1381.37,970,1431.17,103.336,134.766,143.367,104.672,134.766,487.811,54.75,9.136,6.10934,9.824,92.25,100,100,0,0.0625,87.4112,6.75,6.75,6.75
8.833,-1.5,-0.75,0,0,1.41406,1.00113,1.07346,3,1,1,0.864747,0,0.869142,0.894533,0,76.9531,42.3334,43.1945,44.1389,2133.25,1780,1386.91,970,1433.79,103.969,135.164,144.867,105.797,135.164,487.811,54.75,9.216,6.27201,9.904,92.25,100,100,0,0.125,87.4112,4.5,4.5,4.5
8.867,-1.5,-0.75,0,0,1.42352,1.00113,1.07275,3,1,1,0.861329,0,0.869142,0.88672,0,76.9531,42.8611,43.4167,44.8334,2146.5,1800,1395.08,970,1444.34,104.625,136.242,145.758,106.969,136.242,487.811,54.75,9.284,6.31467,9.972,92.25,100,100,0,-0.046875,87.4112,6,6,6
8.9,-1.5,-0.75,0,0,1.42957,1.00113,1.07294,3,1,1,0.861329,0,0.861329,0.882326,0,76.9531,42.9723,43.6667,44.6667,2154.25,1800,1398.32,970,1449.65,104.906,136.242,145.758,105.656,136.242,487.811,54.75,9.388,6.32801,10.076,92.25,100,100,0,-0.015625,87.4112,6,6,7.5
8.933,-1.5,-0.75,0,0,1.43189,1.00113,1.07443,3,1,1,0.856935,0,0.861329,0.878175,0,76.9531,43.3889,43.8056,45.2778,2160.25,1810,1403.95,970,1452.3,105.352,137.063,146.508,108,137.063,487.811,54.75,9.476,6.41867,10.164,92.25,100,100,0,0.171875,87.4112,8.25,8.25,6.75
8.967,-1.5,-0.75,0,0,1.44641,1.00113,1.07379,3,1,1,0.853761,0,0.861329,0.870851,0,76.9531,44.0278,45.0278,46.0834,2177.25,1820,1412.73,970,1465.51,106.055,137.742,147.094,107.484,137.742,490.936,54.75,9.524,6.47201,10.212,92.25,100,100,0,0.25,87.4112,7.5,7.5,6.75
9,-1.5,-0.75,0,0,1.45099,1.00113,1.07443,3,1,1,0.853761,0,0.853761,0.867921,0,76.9531,44.1945,45.2223,46.75,2192.5,1820,1421.99,970,1470.74,106.828,137.742,147.094,108.844,137.742,490.936,54.75,9.7,6.49067,10.388,92.25,100,100,0,0.03125,87.4112,6,6,7.5
9.033,-1.5,-0.75,0,0,1.45667,1.00113,1.07468,3,1,1,0.847413,0,0.853761,0.858888,0,76.9531,44.6389,45.3889,46.4723,2198.5,1820,1422.62,970,1476.09,106.852,138.258,148.594,108.141,138.258,490.936,54.75,9.676,6.54667,10.364,92.25,100,100,0,-0.25,87.4112,8.25,8.25,6.75
9.067,-1.5,-0.75,0,0,1.46765,1.00113,1.07214,3,1,1,0.842531,0,0.853761,0.849611,0,76.9531,45.2778,46.6389,47.1667,2213,1840,1432.03,970,1486.6,107.602,139.688,149.414,108.516,139.688,490.936,54.75,9.764,6.62667,10.452,92.25,100,100,0,0.375,87.4112,8.25,8.25,7.5
9.1,-1.5,-0.75,0,0,1.4679,1.00113,1.07059,3,1,1,0.842531,0,0.842531,0.843263,0,76.9531,45.6389,46.6389,47.1111,2225.5,1840,1434.88,970,1489.3,107.859,139.688,149.414,108.563,139.688,490.936,54.75,9.888,6.62134,10.568,92.25,100,100,0,0.265625,87.4112,8.25,8.25,8.25
9.133,-1.5,-0.75,0,0,1.47565,1.00113,1.06824,3,1,1,0.836915,0,0.842531,0.833986,0,76.9531,45.9723,46.8889,47.6667,2234,1850,1435.66,970,1499.84,107.906,140.461,150.633,108.609,140.461,490.936,54.75,9.876,6.69334,10.556,92.25,100,100,0,-0.265625,87.4112,8.25,8.25,7.5
9.167,-1.5,-0.75,0,0,1.48602,1.00113,1.06494,3,1,1,0.832765,0,0.842531,0.830324,0,76.9531,46.5556,47.1945,48.4445,2242.75,1860,1446.6,970,1510.43,108.773,141.609,151.289,109.5,141.609,494.139,54.75,9.96,6.75201,10.64,92.25,100,100,0,0.078125,87.4112,7.5,7.5,8.25
9.2,-1.5,-0.75,0,0,1.4906,1.00113,1.06213,3,1,1,0.832765,0,0.832765,0.827638,0,76.9531,46.6389,47.1667,48.1111,2243.75,1860,1451.02,970,1515.66,109.125,141.609,151.289,110.039,141.609,494.139,54.75,10.084,6.76268,10.772,92.25,100,100,0,0.203125,87.4112,9,9,12
9.233,-1.5,-0.75,0,0,1.49262,1.00113,1.06049,3,1,1,0.829591,0,0.832765,0.825685,0,76.9531,47.0278,48.3056,48.8334,2263,1870,1456.29,970,1518.36,109.57,142.266,151.922,111.023,142.266,494.139,54.75,10.096,6.84801,10.784,92.25,100,100,0,0.046875,87.4112,7.5,7.5,8.25
9.267,-1.5,-0.75,0,0,1.49933,1.00113,1.05783,3,1,1,0.827394,0,0.832765,0.827638,0,76.5625,47.6667,48.5278,49.6945,2274,1880,1464.26,970,1528.87,110.18,142.852,153.141,111.938,142.852,494.139,54.75,10.148,6.87734,10.836,92.25,100,100,0,-0.03125,87.0511,8.25,8.25,8.25
9.3,-1.5,-0.75,0,0,1.51013,1.00113,1.05579,3,1,1,0.827394,0,0.827394,0.822999,0,76.5625,48.0834,48.8612,50.1112,2286.75,1880,1469.3,970,1539.49,110.602,142.852,153.141,111.117,142.852,494.139,54.75,10.24,6.90668,10.928,92.25,99.6079,100,0,-0.109375,87.0511,7.5,7.5,7.5
9.333,-1.5,-0.75,0,0,1.5238,1.00113,1.05454,3,1,1,0.825685,0,0.827394,0.817384,0,76.5625,48.5834,49.8612,49.8889,2296,1890,1473.36,970,1552.7,110.906,144.023,154.383,110.906,144.023,494.139,54.75,10.26,6.95468,10.948,92.25,100,100,0,0.3125,87.0511,7.5,7.5,7.5
9.367,-1.5,-0.75,0,0,1.52869,1.00113,1.05234,3,1,1,0.82422,0,0.827394,0.816408,0,76.5625,49.4167,50.0834,52.1112,2313,1910,1487.62,970,1560.59,112.008,145.242,155.086,115.078,145.242,497.753,54.75,10.396,7.04801,11.084,92.25,100,100,0,-0.09375,87.0511,9,9,8.25
9.4,-1.5,-0.75,0,0,1.53217,1.00113,1.05142,3,1,1,0.82422,0,0.82422,0.819337,0,76.5625,49.5834,50.5,51.3612,2323.25,1910,1490.31,970,1563.2,112.266,145.242,155.086,112.898,145.242,497.753,54.75,10.444,7.07468,11.132,92.25,100,100,0,-0.59375,87.0511,9.75,9.75,9
9.433,-1.5,-0.75,0,0,1.53418,1.00113,1.05057,3,1,1,0.823243,0,0.82422,0.819337,0,76.5625,50.3889,51.5,52.9723,2332.25,1920,1502.62,970,1565.9,113.203,145.945,156.305,117,145.945,497.753,54.75,10.548,7.14934,11.236,92.25,100,100,0,-0.046875,87.0511,9,9,9
9.467,-1.5,-0.75,0,0,1.54639,1.00113,1.04862,3,1,1,0.822511,0,0.82422,0.812745,0,76.5625,50.6945,51.9167,53.2223,2336.75,1930,1509.84,970,1579.1,113.742,147.117,157.219,116.344,147.117,497.753,54.75,10.572,7.16534,11.26,92.25,100,100,0,0.109375,87.0511,10.5,10.5,12.75
9.5,-1.5,-0.75,0,0,1.55335,1.00113,1.04721,3,1,1,0.822511,0,0.822511,0.807374,0,76.5625,50.8612,52.1389,53.2778,2344.5,1930,1516.6,970,1587.03,114.281,147.117,157.219,115.547,147.117,497.753,54.75,10.708,7.21068,11.396,92.25,100,100,0,-0.4375,87.0511,9.75,9.75,11.25
9.533,-1.5,-0.75,0,0,1.55872,1.00113,1.04593,3,1,1,0.822023,0,0.822511,0.809083,0,76.5625,51.6112,52.3334,53.0834,2361.75,1950,1523.95,970,1592.3,114.844,148.055,157.875,115.289,148.055,497.753,54.75,10.72,7.26934,11.408,92.25,100,100,0,-0.109375,87.0511,9,9,9.75
9.567,-1.5,-0.75,0,0,1.56824,1.00113,1.04358,3,1,1,0.821534,0,0.822511,0.81006,0,76.5625,52.4723,53.6389,55.1667,2379.75,1950,1533.91,970,1602.89,115.57,148.688,159.328,118.898,148.688,501.307,54.75,10.772,7.29868,11.46,92.25,100,100,0,0.140625,87.0511,8.25,8.25,8.25
9.6,-1.5,-0.75,0,0,1.57929,1.00113,1.04129,3,1,1,0.821534,0,0.821534,0.807374,0,76.5625,52.4723,53.9167,54,2387.75,1950,1532.66,970,1616.09,115.477,148.688,159.328,115.805,148.688,501.307,54.75,10.728,7.26401,11.416,92.25,100,100,0,0.140625,87.0511,9,9,9
9.633,-1.5,-0.75,0,0,1.58338,1.00113,1.03995,3,1,1,0.82129,0,0.821534,0.807374,0,76.5625,53.0556,54.1389,55.3889,2392.25,1970,1546.99,970,1621.33,116.578,150.094,160.055,118.148,150.094,501.307,54.75,10.88,7.35734,11.568,92.25,100,100,0,-0.140625,87.0511,9,9,11.25
9.667,-1.5,-0.75,0,0,1.59033,1.00113,1.0379,3,1,1,0.821046,0,0.821534,0.807374,0,76.5625,53.9723,54.3889,57.1389,2404.5,1980,1561.37,970,1626.64,117.656,150.867,160.875,122.742,150.867,501.307,54.75,11.012,7.45868,11.7,92.25,100,100,0,0.125,87.0511,11.25,11.25,9.75
9.7,-1.5,-0.75,0,0,1.61426,1.00113,1.03595,3,1,1,0.821046,0,0.821046,0.806398,0,76.5625,54.2778,54.8334,56.2778,2421,1980,1564.41,970,1650.43,117.891,150.867,160.875,118.242,150.867,501.307,54.75,10.992,7.45601,11.68,92.25,100,100,0,0.015625,87.0511,10.5,10.5,9.75
9.733,-1.5,-0.75,0,0,1.60712,1.00113,1.03461,3,1,1,0.820802,0,0.821046,0.81006,0,76.5625,54.9167,56.0556,57.1389,2434,1990,1570.7,970,1647.73,118.617,152.016,162.422,120.375,152.016,501.307,54.75,11.056,7.47201,11.744,92.25,100,100,0,0.109375,87.0511,9.75,9.75,10.5
9.767,-1.5,-0.75,0,0,1.62091,1.00113,1.03275,3,1,1,0.820802,0,0.821046,0.81006,0,76.5625,55.6667,56.5556,58.7223,2444.75,2010,1580.04,970,1663.63,119.32,153.188,163.195,122.297,153.188,505.057,54.75,11.124,7.53334,11.812,92.25,100,100,0,-0.046875,87.0511,11.25,11.25,10.5
9.8,-1.5,-0.75,0,0,1.63416,1.00113,1.03125,3,1,1,0.820802,0,0.820802,0.808107,0,76.5625,56.0278,58.1945,58,2453,2010,1589.53,970,1676.84,120.07,153.188,163.195,119.344,153.188,505.057,54.75,11.196,7.58668,11.892,92.25,100,100,0,0.296875,87.0511,10.5,10.5,10.5
9.833,-1.5,-0.75,0,0,1.63239,1.00113,1.02918,3,1,1,0.820558,0,0.820802,0.802736,0,76.5625,56.5834,58.1389,58.3056,2463.75,2020,1593.28,970,1679.45,120.305,153.984,164.109,120.797,153.984,505.057,54.75,11.184,7.57334,11.88,92.25,100,100,0,0.328125,87.0511,9,9,10.5
9.867,-1.5,-0.75,0,0,1.64166,1.00113,1.02701,3,1,1,0.820558,0,0.820802,0.801759,0,76.5625,57.2223,58.1667,58.9445,2476.75,2030,1603.32,970,1692.7,121.031,154.898,165.281,123.281,154.898,505.057,54.75,11.28,7.63734,11.976,92.25,100,100,0,-0.0625,87.0511,10.5,10.5,9.75
9.9,-1.5,-0.75,0,0,1.65381,1.00113,1.02469,3,1,1,0.820558,0,0.820558,0.800782,0,76.5625,57.3612,58.9167,59.5834,2485.5,2030,1606.37,970,1705.9,121.266,154.898,165.281,121.078,154.898,505.057,54.75,11.244,7.62934,11.94,92.25,100,100,0,-0.03125,87.0511,11.25,11.25,9.75
9.933,-1.5,-0.75,0,0,1.659,1.00113,1.02185,3,1,1,0.820558,0,0.820558,0.798341,0,76.5625,58.0556,60.3334,61,2493.75,2050,1613.67,970,1713.83,122.063,156.422,166.055,123.773,156.422,505.057,54.75,11.328,7.66934,12.024,92.25,100,100,0,0.34375,87.0511,9,9,10.5
9.967,-1.5,-0.75,0,0,1.66663,1.00113,1.01941,3,1,1,0.820314,0,0.820558,0.804445,0,76.5625,58.8612,60.5834,61.8056,2516.75,2060,1627.62,970,1727.03,123.094,156.867,167.133,125.227,156.867,509.295,54.75,11.42,7.71201,12.116,92.25,99.6079,100,0,-0.296875,87.0511,9.75,9.75,9.75
10,-1.5,-0.75,0,0,1.67291,1.00113,1.01813,3,1,1,0.820314,0,0.820314,0.809083,0,76.5625,59.25,60.8334,61.5834,2519.5,2060,1633.79,970,1734.96,123.516,156.867,167.133,124.5,156.867,509.295,54.75,11.468,7.74401,12.156,92.25,99.6079,100,0,0,87.0511,11.25,11.25,9.75
10.033,-1.5,-0.75,0,0,1.68341,1.00113,1.01618,3,1,1,0.820314,0,0.820314,0.808107,0,76.5625,60.1389,61.1945,63.2223,2535.25,2070,1651.72,970,1745.51,124.852,158.016,168.258,127.313,158.016,509.295,54.75,11.624,7.85601,12.312,92.25,100,100,0,0.328125,87.0511,10.5,10.5,11.25
10.067,-1.5,-0.75,0,0,1.69141,1.00113,1.01556,3,1,1,0.820314,0,0.820314,0.811769,0,76.5625,61.3056,62.7223,64.7501,2552.75,2090,1662.11,970,1758.75,125.813,159.469,169.5,129.609,159.469,509.295,54.75,11.72,7.93601,12.408,92.25,99.6079,100,0,-0.015625,87.0511,9.75,9.75,10.5
10.1,-1.5,-0.75,0,0,1.7038,1.00113,1.01553,3,1,1,0.820314,0,0.820314,0.818361,0,76.5625,61.6389,63.1945,65.5556,2561,2090,1675.7,970,1771.95,126.797,159.469,169.5,130.828,159.469,509.295,54.75,11.864,7.99734,12.552,92.25,100,100,0,-0.34375,87.0511,11.25,11.25,10.5
10.133,-1.5,-0.75,0,0,1.71057,1.00113,1.01431,3,1,1,0.820314,0,0.820314,0.812745,0,76.5625,62.3889,64.4445,65.3056,2563.75,2100,1684.88,970,1779.88,127.523,160.547,170.109,129.938,160.547,509.295,54.75,11.944,8.08534,12.632,92.25,100,100,0,0.0625,87.0511,10.5,10.5,10.5
10.167,-1.5,-0.75,0,0,1.72962,1.00113,1.01434,3,1,1,0.820314,0,0.820314,0.816408,0,76.5625,63.7223,65.1667,67.6112,2581.5,2110,1712.27,970,1798.36,129.633,161.18,170.719,131.93,161.18,513.709,54.75,12.244,8.26668,12.932,92.25,100,100,0,0.171875,87.0511,9,9,10.5
10.2,-1.5,-0.75,0,0,1.7337,1.00113,1.01474,3,1,1,0.820314,0,0.820314,0.822023,0,76.5625,63.9723,65.3056,67.6945,2588.75,2110,1719.3,970,1803.63,130.031,161.18,170.719,133.125,161.18,513.709,54.75,12.272,8.28001,12.968,92.25,100,100,0,-0.234375,87.0511,9.75,9.75,9.75
10.233,-1.5,-0.75,0,0,1.74115,1.00113,1.01492,3,1,1,0.820314,0,0.820314,0.821046,0,76.5625,65.1667,65.5556,69.1945,2603.5,2120,1740.86,970,1811.56,131.836,162.023,171.961,136.195,162.023,513.709,54.75,12.528,8.43201,13.224,92.25,99.6079,100,0,-0.28125,87.0511,10.5,10.5,9
10.267,-1.5,-0.75,0,0,1.75403,1.00113,1.01486,3,1,1,0.820314,0,0.820314,0.817384,0,76.5625,66.1112,67.0834,69.4445,2612.25,2140,1749.65,970,1824.77,132.609,163.195,172.852,137.039,163.195,513.709,54.75,12.596,8.52534,13.292,92.25,100,100,0,0.25,87.0511,9.75,9.75,9.75
10.3,-1.5,-0.75,0,0,1.78412,1.00113,1.01508,3,1,1,0.820314,0,0.820314,0.82007,0,76.5625,67.3056,68.1945,70.7501,2625,2140,1774.65,970,1851.17,134.414,163.195,172.852,134.648,163.195,513.709,54.75,12.86,8.72268,13.548,92.25,100,100,0,0.046875,87.0511,7.5,7.5,9
10.333,-1.5,-0.75,0,0,1.78589,1.00113,1.01587,3,1,1,0.820314,0,0.820314,0.825685,0,76.5625,68.0278,68.2778,72.6667,2638.75,2150,1796.56,970,1851.17,136.219,164.086,173.672,141.469,164.086,513.709,54.75,12.988,8.73868,13.676,92.25,100,100,0,-0.234375,87.0511,9.75,9.75,8.25
10.367,-1.5,-0.75,0,0,1.80597,1.00113,1.01715,3,1,1,0.820314,0,0.820314,0.832033,0,76.5625,69.4723,69.0556,73.9167,2648.75,2160,1811.17,970,1869.65,137.461,164.953,174.492,142.664,164.953,518.397,54.75,13.104,8.86934,13.792,92.25,100,100,0,0.265625,87.0511,9.75,9.75,8.25
10.4,-1.5,-0.75,0,0,1.82153,1.00113,1.01758,3,1,1,0.820314,0,0.820314,0.829347,0,76.5625,69.9167,70.7501,75.0556,2658.75,2160,1830.63,970,1880.23,138.914,164.953,174.492,145.313,164.953,518.397,54.75,13.28,8.92001,13.976,92.25,100,100,0,-0.03125,87.0511,8.25,8.25,9
10.433,-1.5,-0.75,0,0,1.84168,1.00113,1.01904,3,1,1,0.820314,0,0.820314,0.826661,0,76.5625,71.3056,71.5834,75.1667,2674,2170,1839.65,970,1898.75,139.734,165.75,175.195,141.773,165.75,518.397,54.75,13.352,9.03734,14.048,92.25,100,100,0,0.046875,87.0511,9,9,8.25
10.467,-1.5,-0.75,0,0,1.85437,1.00113,1.0199,3,1,1,0.820314,0,0.820314,0.819337,0,76.5625,71.7223,72.0278,77.4445,2684.75,2180,1860.78,970,1909.3,141.563,166.641,176.227,148.852,166.641,518.397,54.75,13.576,9.18934,14.272,92.25,100,100,0,0.203125,87.0511,9,9,8.25
10.5,-1.5,-0.75,0,0,1.88214,1.00113,1.01987,3,1,1,0.820314,0,0.820314,0.819337,0,76.5625,72.8889,74.1389,78.0001,2696.25,2180,1878.13,970,1933.09,142.898,166.641,176.227,147.164,166.641,518.397,54.75,13.72,9.23468,14.408,92.25,100,100,0,-0.28125,87.0511,9,9,8.25
10.533,-1.5,-0.75,0,0,1.9032,1.00113,1.01895,3,1,1,0.820314,0,0.820314,0.818361,0,76.5625,74.8612,74.5278,80.0278,2708.25,2190,1897.03,970,1951.56,144.914,168,177.141,151.289,168,518.397,54.75,13.912,9.41601,14.6,92.25,100,100,0,0,87.0511,7.5,7.5,7.5
10.567,-1.5,-0.75,0,0,1.93457,1.00113,1.01932,3,1,1,0.820314,0,0.820314,0.824708,0,76.5625,76.3612,76.1945,80.889,2727,2190,1916.76,970,1977.93,146.742,168.75,178.547,148.477,168.75,524.12,54.75,14.14,9.57068,14.828,92.25,100,100,0,0.046875,87.0511,6,6,6
10.6,-1.5,-0.75,0,0,1.94086,1.00113,1.02014,3,1,1,0.820314,0,0.820314,0.832033,0,76.5625,77.0001,77.5278,83.0556,2732.25,2190,1944.92,970,1977.97,148.945,168.75,178.547,156.281,168.75,524.12,54.75,14.408,9.65868,15.104,92.25,100,100,0,0.21875,87.0511,7.5,7.5,7.5
10.633,-1.5,-0.75,0,0,1.97241,1.00113,1.02139,3,1,1,0.820314,0,0.820314,0.8313,0,76.5625,78.5556,78.8056,84.6945,2744,2200,1968.91,970,2007.03,150.891,169.875,179.016,155.578,169.875,524.12,54.75,14.656,9.85068,15.352,92.25,100,100,0,-0.421875,87.0511,6,6,6
10.667,-1.5,-0.75,0,0,1.98737,1.00113,1.02463,3,1,1,0.820314,0,0.820314,0.836671,0,76.5625,80.7223,79.4167,85.6112,2756.75,2210,1998.09,970,2009.69,153.445,170.602,180.094,160.031,170.602,524.12,54.75,14.996,10.1573,15.692,92.25,100,100,0,0.265625,87.0511,6,6,6
10.7,-1.5,-0.75,0,0,2.02912,1.00113,1.02673,3,1,1,0.820314,0,0.820314,0.840333,0,76.5625,81.7501,81.0834,86.1112,2770.25,2210,2012.89,970,2046.64,154.594,170.602,180.094,154.852,170.602,524.12,54.75,15.292,10.264,15.988,92.25,100,100,0,0.375,87.0511,6,6,5.25
10.733,-1.5,-0.75,0,0,2.04382,1.00113,1.0296,3,1,1,0.820314,0,0.820314,0.84131,0,76.5625,82.6112,82.889,89.0001,2780,2220,2035.63,970,2054.61,156.656,171.727,181.148,163.336,171.727,524.12,54.75,15.608,10.4027,16.304,92.25,100,100,0,-0.0625,87.0511,6,6,6
10.767,-1.5,-0.75,0,0,2.08563,1.00113,1.03369,3,1,1,0.820314,0,0.820314,0.842286,0,76.5625,84.3612,84.0556,90.0556,2789.25,2230,2057.62,970,2091.56,158.484,172.641,181.641,163.477,172.641,530.975,54.75,15.896,10.6427,16.592,92.25,100,100,0,0.234375,87.0511,6,6,5.25
10.8,-1.5,-0.75,0,0,2.09705,1.00113,1.0361,3,1,1,0.820314,0,0.820314,0.84131,0,76.5625,85.4723,85.0556,91.3612,2802.25,2230,2082.42,970,2096.88,160.43,172.641,181.641,165.867,172.641,530.975,55.5,16.344,10.7867,17.04,92.25,100,100,0,0.28125,87.0511,6,6,4.5
10.833,-1.5,-0.75,0,0,2.13751,1.00113,1.03934,3,1,1,0.820314,0,0.820314,0.845949,0,76.5625,87.2501,87.889,92.0556,2811,2240,2105.16,970,2128.55,162.586,173.484,183.07,162.75,173.484,530.975,55.5,16.756,11.1013,17.452,92.25,100,100,0,-0.140625,87.0511,3.75,3.75,6
10.867,-1.5,-0.75,0,0,2.15906,1.00113,1.04266,3,1,1,0.820314,0,0.820314,0.840333,0,76.5625,88.639,88.7778,94.7223,2832.5,2250,2134.41,970,2147.03,165.047,174.68,183.68,169.477,174.68,530.975,55.5,17.284,11.304,17.98,92.25,100,100,0,-0.09375,87.0511,3,3,3
10.9,-1.5,-0.75,0,0,2.18884,1.00113,1.0455,3,1,1,0.820314,0,0.820314,0.837648,0,76.5625,89.4723,89.1945,96.0001,2845.25,2250,2155.51,970,2170.78,166.711,174.68,183.68,170.016,174.68,530.975,55.5,17.6,11.3867,18.296,92.25,100,100,0,0.21875,87.0511,3.75,3.75,3.75
10.933,-1.5,-0.75,0,0,2.21497,1.00113,1.04639,3,1,1,0.820314,0,0.820314,0.832033,0,76.5625,91.8334,90.4167,98.0001,2857.75,2260,2180.08,970,2189.3,168.961,175.523,184.875,173.719,175.523,530.975,55.5,18.056,11.6773,18.752,92.25,100,100,0,-0.25,87.0511,5.25,5.25,5.25
10.967,-1.5,-0.75,0,0,2.25482,1.00113,1.04694,3,1,1,0.820314,0,0.820314,0.824708,0,76.5625,93.4167,90.4167,97.5001,2866,2270,2200.7,970,2215.74,170.836,176.648,185.766,173.32,176.648,539.53,55.5,18.216,11.8827,18.912,92.25,100,100,0,-0.046875,87.0511,5.25,5.25,5.25
11,-1.5,-0.75,0,0,2.27643,1.00113,1.04642,3,1,1,0.820314,0,0.820314,0.818361,0,76.5625,94.6112,90.4167,99.3612,2884,2270,2221.68,970,2226.29,172.477,176.648,185.766,175.289,176.648,539.53,55.5,18.36,11.9787,19.072,92.25,100,100,0,0.09375,87.0511,3,3,3
11.033,-1.5,-0.75,0,0,2.3075,1.00113,1.04614,3,1,1,0.820314,0,0.820314,0.816408,0,76.5625,96.0279,91.7223,101,2888,2280,2240.04,970,2242.15,174.211,177.68,186.797,178.453,177.68,539.53,55.5,18.52,12.112,19.232,92.25,100,100,0,-0.515625,87.0511,6,6,6
11.067,-1.5,-0.75,0,0,2.35767,1.00113,1.04526,3,1,1,0.820314,0,0.820314,0.815675,0,76.5625,97.0556,98.4723,102.889,2899,2290,2258.2,970,2271.21,175.992,178.781,187.992,179.719,178.781,539.53,55.5,18.668,12.224,19.38,92.25,100,100,0,0.15625,87.0511,6.75,6.75,6.75
11.1,-1.5,-0.75,0,0,2.36957,1.00113,1.04239,3,1,1,0.820314,0,0.820314,0.809083,0,76.5625,97.8612,100.083,102.111,2921.25,2290,2262.58,970,2281.76,176.32,178.781,187.992,179.531,178.781,539.53,55.5,18.632,12.2053,19.32,92.25,100,100,0,0.296875,87.0511,4.5,4.5,4.5
11.133,-1.5,-0.75,0,0,2.40277,1.00113,1.04071,3,1,1,0.820314,0,0.820314,0.807374,0,76.5625,99.7779,103,103.556,2922.75,2300,2282.46,970,2313.44,178.031,179.766,188.484,176.836,179.766,539.53,55.5,18.764,12.3333,19.452,92.25,100,100,0,-0.328125,87.0511,6.75,6.75,9
11.167,-1.5,-0.75,0,0,2.41199,1.00113,1.03864,3,1,1,0.820314,0,0.820314,0.805421,0,76.5625,101.167,100.583,105,2939,2300,2304.77,970,2313.48,180.023,180.258,189.281,182.813,180.258,549.549,55.5,18.912,12.3973,19.6,92.25,100,100,0,-0.015625,87.0511,6.75,6.75,9
11.2,-1.5,-0.75,0,0,2.44367,1.00113,1.0369,3,1,1,0.820314,0,0.820314,0.806398,0,76.5625,101.917,104.528,104.278,2967,2300,2311.09,970,2337.19,180.516,180.258,189.281,176.719,180.258,549.549,55.5,18.92,12.448,19.616,92.25,100,100,0,-0.0625,87.0511,4.5,4.5,4.5
11.233,-1.5,-0.75,0,0,2.43439,1.00113,1.03436,3,1,1,0.820314,0,0.820314,0.801759,0,76.5625,103.306,101.972,105.889,2967.25,2300,2326.64,970,2326.68,182.297,180.75,191.203,185.531,180.75,549.549,55.5,19.056,12.4987,19.752,92.25,100,100,0,-0.203125,87.0511,7.5,7.5,7.5
11.267,-1.5,-0.75,0,0,2.45477,1.00113,1.03265,3,1,1,0.820314,0,0.820314,0.806398,0,76.5625,104.139,105.167,107.695,2982.75,2300,2338.44,970,2345.16,183.328,180.469,191.555,186.797,180.469,549.549,55.5,19.112,12.5387,19.808,92.25,100,100,0,0.140625,87.0511,7.5,7.5,7.5
11.3,-1.5,-0.75,0,0,2.46289,1.00113,1.03015,3,1,1,0.820314,0,0.820314,0.803712,0,76.5625,104.889,104.361,107.75,2996.5,2300,2346.48,970,2350.43,183.961,180.469,191.555,186.094,180.469,549.549,55.5,19.128,12.568,19.832,92.25,100,100,0,0.0625,87.0511,6.75,6.75,6.75
11.333,-1.5,-0.75,0,0,2.49262,1.00113,1.02872,3,1,1,0.820314,0,0.820314,0.81006,0,76.5625,105.861,109.75,106.639,2998.75,2300,2344.96,970,2371.6,184.172,181.336,192.75,180.703,181.336,549.549,55.5,19.112,12.6267,19.816,92.25,100,100,0,-0.484375,87.0511,7.5,7.5,9.75
11.367,-1.5,0,0,-1.5,2.48157,1.00113,1.02789,3,1,1,0.820314,0,0.820314,0.816408,0,76.5625,106.5,109.722,107.5,3015,2300,2349.14,970,2368.95,184.523,181.102,192.984,185.438,181.102,559.94,55.5,19.14,12.5973,19.844,92.25,100,100,0,0.125,87.0511,8.25,8.25,9.75
11.4,-1.5,0,0,-1.5,2.48554,1.00113,1.02841,3,1,1,0.820314,0,0.820314,0.817384,0,76.5625,106.75,108.945,107.583,3039.5,2300,2350.35,970,2379.45,184.594,181.102,192.984,182.742,181.102,559.94,55.5,19.152,12.608,19.848,92.25,100,100,-0.75,-0.28125,87.0511,6,6,6
11.433,-1.5,0,0,-1.5,2.46955,1.00113,1.02866,3,1,1,0.820314,0,0.820314,0.818361,0,76.5625,107.195,104.917,107.639,3045.75,2310,2352.77,970,2368.95,184.734,181.406,193.195,186.516,181.406,559.94,55.5,19.168,12.5973,19.864,92.25,99.6079,100,-0.75,-0.390625,87.0511,6.75,6.75,7.5
11.467,-1.5,0,0,-1.5,2.47571,1.00113,1.0293,3,1,1,0.820314,0,0.820314,0.822023,0,76.5625,108.25,103.75,109,3056,2290,2367.89,970,2368.95,185.906,180.164,193.266,188.016,180.164,559.94,55.5,19.284,12.6773,19.98,92.25,99.6079,100,-0.75,0,87.0511,6.75,6.75,8.25
11.5,-1.5,0,0,-1.5,2.49164,1.00113,1.0289,3,1,1,0.820314,0,0.820314,0.818361,0,76.5625,108.472,108.778,110.361,3066.5,2290,2368.83,970,2379.49,185.977,180.164,193.266,188.18,180.164,559.94,55.5,19.272,12.68,19.968,92.25,100,100,-0.75,-0.140625,87.0511,8.25,8.25,8.25
11.533,-1.5,0,0,-1.5,2.51587,1.00113,1.02994,3,1,1,0.820314,0,0.820314,0.823732,0,76.5625,109.361,113.417,109.861,3079.25,2290,2366.88,970,2400.59,185.766,180.188,193.43,182.555,180.188,559.94,55.5,19.268,12.72,19.964,92.25,100,100,-0.75,-0.4375,87.0511,8.25,8.25,7.5
11.567,-1.5,0,0,-2.25,2.50922,1.00113,1.0311,3,1,1,0.820314,0,0.820314,0.82837,0,76.5625,110.333,110.333,111.111,3090.75,2290,2380.78,970,2392.73,186.844,180.094,193.57,187.359,180.094,569.979,55.5,19.384,12.7867,20.08,92.25,100,100,-0.75,-0.015625,87.0511,7.5,7.5,7.5
11.6,-1.5,0,0,-2.25,2.51435,1.00113,1.0322,3,1,1,0.820314,0,0.820314,0.825685,0,76.5625,110.75,108.695,111.945,3088.5,2290,2393.95,970,2390.08,187.922,180.094,193.57,189.867,180.094,569.979,55.5,19.504,12.8427,20.208,92.25,100,100,-0.75,-0.421875,87.0511,6,6,12
11.633,-1.5,0,0,-2.25,2.51941,1.00113,1.03348,3,1,1,0.820314,0,0.820314,0.825685,0,76.5625,111.945,107.028,112.222,3107.75,2290,2403.2,970,2390.08,188.672,180.047,193.547,189.75,180.047,569.979,55.5,19.592,12.9413,20.296,92.25,100,100,-0.75,-0.328125,87.0511,5.25,5.25,6
11.667,-1.5,0,0,-2.25,2.53699,1.00113,1.03406,3,1,1,0.820314,0,0.820314,0.823732,0,76.5625,112.083,110.333,111,3127.25,2290,2393.2,970,2398.01,187.805,180.07,193.734,186.07,180.07,569.979,55.5,19.496,12.88,20.2,92.25,100,100,-0.75,-0.296875,87.0511,4.5,4.5,4.5
11.7,-1.5,0,0,-2.25,2.54254,1.00113,1.03281,3,1,1,0.820314,0,0.820314,0.811769,0,76.5625,112.417,111.222,114.111,3133,2290,2404.3,970,2400.63,188.695,180.07,193.734,191.438,180.07,569.979,55.5,19.572,12.8987,20.268,92.25,100,100,-0.75,-0.578125,87.0511,5.25,5.25,6
11.733,-1.5,0,0,-2.25,2.55463,1.00113,1.03201,3,1,1,0.820314,0,0.820314,0.812745,0,76.5625,113.472,106.945,114.528,3138.25,2290,2414.14,970,2405.9,189.492,179.977,193.828,190.289,179.977,569.979,55.5,19.62,12.9653,20.316,92.25,100,100,-0.75,-0.265625,87.0511,6.75,6.75,6.75
11.767,-1.5,0,0,-2.25,2.56049,1.00113,1.03174,3,1,1,0.820314,0,0.820314,0.822999,0,76.5625,114.222,106.083,116.889,3154.75,2290,2428.36,970,2392.77,190.617,179.977,193.969,197.578,179.977,580.291,55.5,19.728,12.9707,20.424,92.25,100,100,-0.75,-0.25,87.0511,6,6,6
11.8,-1.5,0,0,-2.25,2.60571,1.00113,1.03049,3,1,1,0.820314,0,0.820314,0.818361,0,76.5625,115.028,102.028,114.278,3164.5,2290,2424.92,970,2413.87,190.336,179.977,193.969,187.758,179.977,580.291,56.25,19.66,13.0267,20.356,92.25,100,100,-0.75,-0.8125,87.0511,6,6,6
11.833,-1.5,0,0,-2.25,2.63147,1.00113,1.03153,3,1,1,0.820314,0,0.820314,0.821046,0,76.5625,115.556,101.056,115.722,3169,2290,2433.13,970,2413.87,190.992,179.906,194.039,190.313,179.906,580.291,56.25,19.744,13.064,20.44,92.25,100,100,-0.75,-0.1875,87.0511,6,6,6.75
11.867,-1.5,0,0,-2.25,2.67414,1.00113,1.0318,3,1,1,0.820314,0,0.820314,0.82007,0,76.5625,115.778,103,116.556,3186.25,2290,2428.98,970,2421.72,190.617,179.883,194.203,190.805,179.883,580.291,56.25,19.712,13.024,20.408,92.25,100,100,-0.75,-0.671875,87.0511,7.5,7.5,6.75
11.9,-1.5,0,0,-2.25,2.70001,1.00113,1.03214,3,1,1,0.820314,0,0.820314,0.822023,0,76.5625,115.889,101.056,117.611,3189.75,2290,2435.98,970,2421.72,191.203,179.883,194.203,192.563,179.883,580.291,56.25,19.776,13.0373,20.488,92.25,100,100,-0.75,-0.625,87.0511,6,6,6.75
11.933,-1.5,0,0,-2.25,2.71314,1.00113,1.03214,3,1,1,0.820314,0,0.820314,0.823732,0,76.5625,116.667,101.056,116.167,3206,2290,2440.55,970,2405.98,191.602,179.836,194.227,193.664,179.836,580.291,56.25,19.8,13.08,20.512,92.25,100,100,-0.75,-0.25,87.0511,5.25,5.25,5.25
11.967,-1.5,0,0,-2.25,2.77936,1.00113,1.03601,3,1,1,0.820314,0,0.820314,0.837648,0,76.5625,117.472,102.583,117.722,3218,2290,2437.03,970,2427.03,191.273,179.836,194.32,190.359,179.836,590.721,56.25,19.836,13.1333,20.548,92.25,100,100,-0.75,-0.546875,87.0511,5.25,5.25,5.25
12,-2.25,0,0,-2.25,2.79175,1.00113,1.03772,3,1,1,0.820314,0,0.820314,0.835695,0,76.5625,117.472,102.556,116.778,3215.25,2290,2437.19,970,2411.25,191.297,179.836,194.32,193.688,179.836,590.721,56.25,19.828,13.0933,20.516,92.25,100,100,-0.75,-0.53125,87.0511,7.5,7.5,7.5
12.033,-2.25,0,0,-2.25,2.84387,1.00113,1.03946,3,1,1,0.820314,0,0.820314,0.832033,0,76.5625,118.056,102.583,117.722,3234.5,2290,2436.33,970,2429.69,191.227,179.766,194.461,188.977,179.766,590.721,56.25,19.876,13.176,20.564,92.25,100,100,-0.75,-0.453125,87.0511,5.25,5.25,5.25
12.067,-2.25,0,0,-2.25,2.89838,1.00113,1.04337,3,1,1,0.820314,0,0.820314,0.833009,0,76.5625,118,105.111,118.833,3248.5,2290,2432.77,970,2427.07,190.898,179.742,194.625,192.07,179.742,590.721,56.25,19.92,13.16,20.608,92.25,100,100,-0.75,-0.984375,87.0511,5.25,5.25,5.25
12.1,-2.25,0,0,-2.25,2.90998,1.00113,1.04404,3,1,1,0.820314,0,0.820314,0.8313,0,76.5625,118.278,104.083,118.5,3235.75,2290,2431.13,970,2435,190.781,179.742,194.625,190.289,179.742,590.721,56.25,19.916,13.1867,20.604,92.25,100,100,-0.75,-0.53125,87.0511,7.5,7.5,9
12.133,-2.25,0,0,-2.25,2.9068,1.00113,1.04428,3,1,1,0.820314,0,0.820314,0.826661,0,76.5625,119.445,102.583,118.833,3267.25,2290,2440.2,970,2432.34,191.531,179.695,194.625,190.102,179.695,590.721,56.25,19.972,13.248,20.66,92.25,100,100,-0.75,-0.625,87.0511,4.5,4.5,4.5
12.167,-2.25,0,0,-2.25,2.91931,1.00113,1.04654,3,1,1,0.820314,0,0.820314,0.82837,0,76.5625,119.306,104.083,119.389,3279,2290,2429.84,970,2442.89,190.664,179.695,194.789,189.211,179.695,601.424,56.25,19.936,13.2347,20.624,92.25,100,100,-0.75,-0.703125,87.0511,5.25,5.25,5.25
12.2,-2.25,0,0,-2.25,2.92566,1.00113,1.04758,3,1,1,0.820314,0,0.820314,0.827638,0,76.5625,119.667,105.083,118.611,3285,2290,2426.02,970,2448.2,190.383,179.695,194.789,187.266,179.695,601.424,56.25,19.92,13.2533,20.64,92.25,100,100,-0.75,-0.578125,87.0511,5.25,5.25,6
12.233,-2.25,0,0,-2.25,2.89734,1.00113,1.0484,3,1,1,0.820314,0,0.820314,0.827638,0,76.5625,119.889,108.528,117.5,3299,2290,2426.29,970,2424.45,190.383,179.625,194.906,190.547,179.625,601.424,56.25,19.904,13.2,20.624,92.25,100,100,-0.75,-0.671875,87.0511,4.5,4.5,4.5
12.267,-2.25,0,0,-2.25,2.90051,1.00113,1.05048,3,1,1,0.820314,0,0.820314,0.832033,0,76.5625,119.778,110.472,118.833,3302.5,2290,2421.99,970,2427.11,190.055,179.578,194.93,190.711,179.578,601.424,56.25,19.944,13.2,20.664,92.25,100,100,-0.75,-0.203125,87.0511,5.25,5.25,6.75
12.3,-2.25,0,0,-2.25,2.90985,1.00113,1.05127,3,1,1,0.820314,0,0.820314,0.829347,0,76.5625,119.667,112.389,118.945,3320.25,2290,2413.87,970,2434.96,189.422,179.578,194.93,187.922,179.578,601.424,56.25,19.904,13.1707,20.616,93,100,100,-0.75,-0.640625,87.0511,4.5,4.5,4.5
12.333,-2.25,0,0,-2.25,2.91303,1.00113,1.05237,3,1,1,0.820314,0,0.820314,0.82837,0,76.5625,119.833,114.945,118.611,3320,2290,2409.61,970,2437.62,189.023,179.578,195.117,186.844,179.578,601.424,56.25,19.864,13.168,20.576,93,100,100,-0.75,-0.921875,87.0511,6.75,6.75,6.75
12.367,-2.25,0,0,-2.25,2.89722,1.00113,1.05454,3,1,1,0.820314,0,0.820314,0.827638,0,76.5625,120.083,114.945,118.5,3335,2290,2411.37,970,2424.41,189.164,179.508,195.164,188.531,179.508,612.069,56.25,19.932,13.192,20.644,93,100,100,-0.75,-0.25,87.0511,5.25,5.25,6
12.4,-2.25,0,0,-2.25,2.90998,1.00113,1.05435,3,1,1,0.820314,0,0.820314,0.825685,0,76.5625,120.306,118.639,119.306,3339.25,2290,2401.41,970,2435,188.391,179.508,195.164,187.078,179.508,612.069,56.25,19.856,13.1627,20.568,93,100,100,-0.75,-0.6875,87.0511,6,6,6
12.433,-2.25,0,0,-2.25,2.89405,1.00113,1.05438,3,1,1,0.820314,0,0.820314,0.822999,0,76.5625,120.833,118.639,120.5,3351.75,2290,2407.42,970,2421.76,188.859,179.508,195.281,190.992,179.508,612.069,56.25,19.908,13.1627,20.62,93,100,100,-0.75,-0.578125,87.0511,6.75,6.75,6.75
12.467,-2.25,0,0,-2.25,2.89722,1.00113,1.05661,3,1,1,0.820314,0,0.820314,0.826661,0,76.5625,121.222,119.389,120.861,3361.5,2290,2407.34,970,2424.41,188.859,179.461,195.375,190.313,179.461,612.069,56.25,19.932,13.1813,20.644,93,100,100,-0.75,-0.53125,87.0511,6.75,6.75,6.75
12.5,-2.25,0,0,-2.25,2.91303,1.00113,1.05643,3,1,1,0.820314,0,0.820314,0.822999,0,76.5625,121.167,120.306,120.945,3374.75,2290,2399.3,970,2437.62,188.227,179.461,195.375,187.078,179.461,612.069,56.25,19.848,13.1627,20.56,92.25,100,100,-0.75,-0.859375,87.0511,5.25,5.25,5.25
12.533,-2.25,0,0,-2.25,2.89734,1.00113,1.05734,3,1,1,0.820314,0,0.820314,0.823732,0,76.5625,121.806,120.306,121.528,3390.5,2290,2406.02,970,2424.45,188.742,179.414,195.469,190.523,179.414,612.069,56.25,19.932,13.1867,20.644,92.25,100,100,-0.75,-0.34375,87.0511,7.5,7.5,6
12.567,-2.25,0,0,-2.25,2.9068,1.00113,1.05957,3,1,1,0.820314,0,0.820314,0.8313,0,76.5625,122.639,118.445,122.222,3401.25,2290,2408.91,970,2432.34,188.953,179.391,195.633,189.094,179.391,622.615,56.25,19.988,13.256,20.7,92.25,100,100,-0.75,-0.671875,87.0511,5.25,5.25,5.25
12.6,-2.25,0,0,-2.25,2.90363,1.00113,1.06104,3,1,1,0.820314,0,0.820314,0.8313,0,76.5625,123.139,119.083,120.945,3407.5,2290,2406.45,970,2429.69,188.766,179.391,195.633,186.938,179.391,622.615,56.25,19.984,13.2853,20.688,93,100,100,-0.75,-0.765625,87.0511,6,6,6
12.633,-2.25,0,0,-2.25,2.89105,1.00113,1.06152,3,1,1,0.820314,0,0.820314,0.823732,0,76.5625,122.972,120.028,122.222,3407,2280,2411.8,970,2419.18,189.188,179.32,195.68,191.414,179.32,622.615,56.25,20.04,13.2933,20.744,93,100,100,-0.75,-0.546875,87.0511,5.25,5.25,7.5
12.667,-2.25,0,0,-2.25,2.90668,1.00113,1.06198,3,1,1,0.820314,0,0.820314,0.821046,0,76.5625,123.389,120.056,123.222,3424.25,2280,2407.27,970,2432.3,188.836,179.32,195.773,188.273,179.32,622.615,56.25,20,13.2827,20.704,93,100,100,-0.75,-0.390625,87.0511,6,6,6
12.7,-2.25,0,0,-2.25,2.91626,1.00113,1.06308,3,1,1,0.820314,0,0.820314,0.822023,0,76.5625,123.25,122.833,122.445,3432.75,2280,2395.39,970,2440.27,187.898,179.32,195.773,185.953,179.32,622.615,57,19.936,13.24,20.632,93,100,100,-0.75,-0.125,87.0511,5.25,5.25,6
12.733,-2.25,0,0,-2.25,2.90515,1.00113,1.06329,3,1,1,0.820314,0,0.820314,0.827638,0,76.5625,124.417,124.667,122.667,3437,2270,2394.14,970,2432.34,189.117,179.391,195.938,188.203,179.391,622.615,57,20.048,13.3093,20.744,93,100,100,-0.75,-0.125,87.0511,5.25,5.25,7.5
12.767,-2.25,0,0,-2.25,2.90582,1.00113,1.06516,3,1,1,0.820314,0,0.820314,0.82837,0,76.5625,124.639,126.417,123.361,3457.75,2250,2390.43,970,2435,188.813,178.031,195.984,187.008,178.031,633.026,57,20.06,13.312,20.756,93,100,100,-0.75,-0.40625,87.0511,5.25,5.25,5.25
12.8,-2.25,0,0,-2.25,2.8891,1.00113,1.06448,3,1,1,0.820314,0,0.820314,0.82007,0,76.5625,124.306,133.417,124.278,3468,2250,2378.28,970,2427.11,187.852,178.031,195.984,190.125,178.031,633.026,57,19.956,13.2347,20.652,93,100,100,-0.75,-0.40625,87.0511,5.25,5.25,6
12.833,-2.25,0,0,-2.25,2.87537,1.00113,1.06354,3,1,1,0.820314,0,0.820314,0.815675,0,76.5625,124.528,130.833,123.139,3479,2270,2378.4,970,2429.69,187.828,179.297,196.148,186.445,179.297,633.026,57,19.94,13.224,20.636,93,100,100,-0.75,-0.578125,87.0511,5.25,5.25,6
12.867,-2.25,0,0,-2.25,2.85645,1.00113,1.06363,3,1,1,0.820314,0,0.820314,0.821046,0,76.5625,125,131.695,125.806,3485,2270,2382.85,970,2429.69,188.203,179.273,196.172,190.289,179.273,633.026,57,19.976,13.216,20.672,93,99.6079,99.6079,-0.75,-0.484375,87.0511,5.25,5.25,6
12.9,-2.25,0,0,-2.25,2.84143,1.00113,1.0622,3,1,1,0.820314,0,0.820314,0.815675,0,76.5625,125.472,132.583,123.861,3499.25,2270,2379.69,970,2427.11,187.969,179.273,196.172,187.055,179.273,633.026,57,19.924,13.2107,20.62,92.25,99.6079,99.6079,-0.75,-0.15625,87.0511,5.25,5.25,6
12.933,-2.25,0,0,-2.25,2.82288,1.00113,1.06244,3,1,1,0.820314,0,0.820314,0.817384,0,76.5625,125.695,133.472,123.472,3506.25,2270,2376.95,970,2424.41,187.711,179.227,196.336,186.023,179.227,633.026,57,19.908,13.2,20.604,92.25,99.6079,99.6079,-0.75,-0.546875,87.0511,5.25,5.25,6
12.967,-2.25,0,0,-2.25,2.80512,1.00113,1.06418,3,1,1,0.820314,0,0.820314,0.826661,0,76.5625,125.75,134.333,124.778,3511.5,2270,2374.96,970,2429.65,187.57,179.18,196.336,186.445,179.18,643.514,57,19.888,13.184,20.584,92.25,99.6079,100,-0.75,-0.203125,87.0511,5.25,5.25,6
13,-2.25,0,0,-2.25,2.77216,1.00113,1.06415,3,1,1,0.820314,0,0.820314,0.822999,0,76.5625,126.111,135.195,124.361,3527.25,2270,2374.65,970,2416.48,187.547,179.18,196.336,187.43,179.18,643.514,57,19.916,13.2213,20.628,93,99.6079,100,-0.75,-0.640625,87.0511,6,6,6.75
13.033,-2.25,0,0,-2.25,2.77533,1.00113,1.06384,3,1,1,0.820314,0,0.820314,0.815675,0,76.5625,126,141.333,124.861,3546,2270,2356.29,970,2434.96,186.164,179.344,196.453,183.305,179.344,643.514,57,19.784,13.1227,20.496,93,99.6079,100,-0.75,-0.59375,87.0511,4.5,4.5,4.5
13.067,-2.25,0,0,-2.25,2.72827,1.0011,1.06445,3,1,1,0.820314,0,0.820314,0.817384,0,76.5625,126.222,145.445,125.917,3552.25,2260,2353.09,970,2419.14,186.141,179.32,196.547,187.922,179.32,643.514,57,19.792,13.112,20.504,93,100,100,-0.75,-0.265625,87.0511,6,6,6
13.1,-2.25,0,0,-2.25,2.69141,1.0011,1.06332,3,1,1,0.820314,0,0.820314,0.819337,0,76.5625,126.167,145.445,124.861,3557.25,2260,2348.55,970,2419.14,185.766,179.32,196.547,186.023,179.32,643.514,57,19.744,13.096,20.44,93,100,99.6079,-0.75,-0.34375,87.0511,6,6,6.75
13.133,-2.25,0,0,-2.25,2.65387,1.0011,1.06311,3,1,1,0.820314,0,0.820314,0.821046,0,76.5625,125.917,147.778,124.25,3559.5,2260,2341.64,970,2419.18,185.297,179.297,196.57,185.32,179.297,643.514,57,19.696,13.0373,20.392,93,99.6079,99.6079,-0.75,-0.421875,87.0511,8.25,8.25,8.25
13.167,-2.25,0,0,-2.25,2.59461,1.0011,1.06159,3,1,1,0.820314,0,0.820314,0.81006,0,76.5625,126.333,149.417,125.667,3576,2260,2342.93,970,2416.52,185.555,179.602,196.617,186.68,179.602,653.358,57,19.688,13.032,20.384,93,99.6079,99.6079,-0.75,-0.6875,87.0511,6,6,6.75
13.2,-2.25,0,0,-2.25,2.55011,1.00113,1.05869,3,1,1,0.820314,0,0.820314,0.804445,0,76.5625,126.611,150.222,127.667,3585.75,2260,2344.96,970,2416.48,185.742,179.602,196.617,188.555,179.602,653.358,57,19.668,12.9973,20.364,92.25,99.6079,99.2157,-0.75,-0.109375,87.0511,6,6,6.75
13.233,-2.25,0,0,-2.25,2.52112,1.00113,1.05789,3,1,1,0.820314,0,0.820314,0.812745,0,76.5625,126.917,148.611,126.583,3590.5,2260,2336.76,970,2429.65,185.227,179.695,196.688,183.938,179.695,653.358,57,19.6,12.9653,20.296,92.25,99.2157,99.6079,-0.75,-0.390625,87.0511,8.25,8.25,6.75
13.267,-2.25,0,0,-2.25,2.47638,1.00113,1.05765,3,1,1,0.820314,0,0.820314,0.821046,0,76.5625,127.389,137.389,127.111,3612.25,2260,2330.23,970,2432.3,184.945,179.93,196.781,183.047,179.93,653.358,57,19.576,12.936,20.272,92.25,99.6079,99.6079,-0.75,-0.109375,87.0511,6,6,6.75
13.3,-2.25,0,0,-2.25,2.45276,1.0011,1.05673,3,1,1,0.820314,0,0.820314,0.814699,0,76.5625,127.778,128.806,126.722,3616.5,2260,2333.13,970,2427.07,185.156,179.93,196.781,184.336,179.93,653.358,57.75,19.584,12.9573,20.28,93,99.6079,100,-0.75,0.078125,87.0511,6,6,6.75
13.333,-2.25,0,0,-2.25,2.44769,1.0011,1.05902,3,1,1,0.820314,0,0.820314,0.82007,0,76.5625,128.028,128.833,127.528,3624,2260,2330.82,970,2427.11,185.086,179.93,196.828,185.813,179.93,653.358,57.75,19.62,12.968,20.316,93,100,100,-0.75,-0.640625,87.0511,8.25,8.25,6.75
13.367,-2.25,0,0,-2.25,2.45374,1.0011,1.06217,3,1,1,0.820314,0,0.820314,0.832033,0,76.5625,128.722,130.833,128.722,3641,2260,2329.49,970,2437.62,185.227,180.328,196.922,184.219,180.328,663.221,57.75,19.676,13.0107,20.372,93,100,100,-0.75,-0.484375,87.0511,6,6,6.75
13.4,-2.25,0,0,-2.25,2.45062,1.0011,1.0618,3,1,1,0.820314,0,0.820314,0.825685,0,76.5625,129.167,126.833,129.25,3648.25,2270,2337.66,970,2432.3,185.883,180.328,196.922,185.461,180.328,663.221,57.75,19.732,13.0427,20.436,93,100,100,-0.75,-0.984375,87.0511,6,6,6.75
13.433,-2.25,0,0,-2.25,2.45777,1.00113,1.06397,3,1,1,0.820314,0,0.820314,0.826661,0,76.5625,129.306,134.306,129.111,3656.75,2260,2328.83,970,2435,185.273,180.258,196.969,184.711,180.258,663.221,57.75,19.696,13.032,20.4,93,100,100,-0.75,-0.515625,87.0511,6.75,6.75,6.75
13.467,-2.25,0,0,-2.25,2.44245,1.00113,1.06674,3,1,1,0.820314,0,0.820314,0.825685,0,76.5625,129.417,130.333,128.611,3666,2270,2323.16,970,2437.62,184.945,180.586,197.016,184.406,180.586,663.221,57.75,19.72,13.048,20.424,93,100,100,-0.75,-0.390625,87.0511,6,6,6.75
13.5,-2.25,0,0,-2.25,2.43994,1.00113,1.06409,3,1,1,0.820314,0,0.820314,0.816408,0,76.5625,129.472,129.333,128.639,3672.25,2270,2323.44,970,2440.27,184.969,180.586,197.016,183.797,180.586,663.221,57.75,19.676,13.0347,20.372,93,100,100,-0.75,-0.703125,87.0511,6,6,7.5
13.533,-2.25,0,0,-2.25,2.43555,1.0011,1.06287,3,1,1,0.820314,0,0.820314,0.815675,0,76.5625,129.639,130.333,128.861,3685.75,2260,2318.55,970,2437.62,184.664,180.609,197.063,184.336,180.609,663.221,57.75,19.628,12.9893,20.324,93,100,100,-0.75,-0.65625,87.0511,6,6,6
13.567,-2.25,0,0,-2.25,2.43244,1.00113,1.0639,3,1,1,0.820314,0,0.820314,0.822999,0,76.5625,130.445,130.667,129.25,3698.5,2270,2316.33,970,2437.62,184.664,180.891,197.133,184.523,180.891,672.674,57.75,19.656,12.984,20.352,93,99.6079,100,-0.75,-0.953125,87.0511,6.75,6.75,7.5
13.6,-2.25,0,0,-2.25,2.42371,1.00113,1.06461,3,1,1,0.820314,0,0.820314,0.824708,0,76.5625,130.5,127.528,129.389,3716,2270,2315.82,970,2432.34,184.617,180.891,197.133,184.148,180.891,672.674,57.75,19.656,12.9787,20.352,93,99.6079,100,-0.75,-0.484375,87.0511,5.25,5.25,5.25
13.633,-2.25,0,0,-2.25,2.42957,1.0011,1.06305,3,1,1,0.820314,0,0.820314,0.815675,0,76.5625,130.639,131.75,129.25,3714.5,2260,2308.55,970,2435,184.242,181.055,197.25,182.344,181.055,672.674,57.75,19.596,12.96,20.292,93,100,100,-0.75,-0.84375,87.0511,6.75,6.75,8.25
13.667,-2.25,0,0,-2.25,2.41315,1.00113,1.06403,3,1,1,0.820314,0,0.820314,0.816408,0,76.5625,130.611,129.667,130.083,3727,2260,2303.13,970,2427.07,183.82,180.938,197.25,185.32,180.938,672.674,57.75,19.584,12.896,20.28,93,100,100,-0.75,-0.578125,87.0511,7.5,7.5,7.5
13.7,-2.25,0,0,-2.25,2.41712,1.00113,1.06317,3,1,1,0.820314,0,0.820314,0.821046,0,76.5625,130.917,131,130.75,3732.5,2260,2302.38,970,2435,183.75,180.938,197.25,182.414,180.938,672.674,57.75,19.552,12.928,20.248,92.25,99.6079,100,-0.75,-0.625,87.0511,7.5,7.5,9
13.733,-2.25,0,0,-2.25,2.40643,1.0011,1.06595,3,1,1,0.820314,0,0.820314,0.830324,0,76.5625,131.139,128.889,130.611,3745.75,2270,2303.36,970,2421.8,183.609,181.078,197.344,185.133,181.078,672.674,57.75,19.592,12.904,20.288,92.25,99.6079,100,-0.75,-0.90625,87.0511,7.5,7.5,8.25
13.767,-2.25,0,0,-2.25,2.41596,1.0011,1.06751,3,1,1,0.820314,0,0.820314,0.823732,0,76.5625,131.25,135.195,131.445,3760.75,2270,2294.53,970,2432.34,183.023,181.383,197.438,182.672,181.383,681.99,57.75,19.56,12.8907,20.256,92.25,99.6079,100,-0.75,-0.890625,87.0511,7.5,7.5,7.5
13.8,-2.25,0,0,-2.25,2.40759,1.0011,1.06818,3,1,1,0.820314,0,0.820314,0.821046,0,76.5625,131.611,133.583,129.806,3763.5,2270,2292.11,970,2424.41,182.813,181.383,197.438,181.547,181.383,681.99,57.75,19.544,12.9253,20.24,93,100,100,-0.75,-0.296875,87.0511,7.5,7.5,9
13.833,-2.25,0,0,-2.25,2.3952,1.0011,1.06839,3,1,1,0.820314,0,0.820314,0.825685,0,76.5625,131.611,130.389,130.195,3775.75,2250,2288.71,970,2419.14,182.695,180,197.484,182.672,180,681.99,57.75,19.536,12.904,20.232,93,100,100,-0.75,-0.296875,87.0511,7.5,7.5,8.25
13.867,-2.25,0,0,-2.25,2.39722,1.0011,1.06915,3,1,1,0.820314,0,0.820314,0.822023,0,76.5625,132.028,132.528,131.972,3784,2250,2287.7,970,2424.38,182.789,180.211,197.555,182.953,180.211,681.99,57.75,19.556,12.904,20.252,93,100,100,-0.75,-0.625,87.0511,9.75,9.75,8.25
13.9,-2.25,0,0,-2.25,2.39954,1.00113,1.06781,3,1,1,0.820314,0,0.820314,0.816408,0,76.5625,132.472,132.528,130.861,3794.5,2250,2285.78,970,2424.38,182.625,180.211,197.555,180.586,180.211,681.99,58.5,19.512,12.912,20.2,93,100,100,-0.75,-0.546875,87.0511,9.75,9.75,8.25
13.933,-2.25,0,0,-2.25,2.39722,1.00113,1.06625,3,1,1,0.820314,0,0.820314,0.814699,0,76.5625,132.722,131.445,132.556,3804.5,2250,2288.01,970,2421.76,182.906,180.234,197.602,183.047,180.234,681.99,58.5,19.528,12.8773,20.216,93,100,100,-0.75,-0.703125,87.0511,9.75,9.75,8.25
13.967,-2.25,0,0,-2.25,2.39771,1.0011,1.0658,3,1,1,0.820314,0,0.820314,0.82007,0,76.5625,133.306,133.917,134.806,3816.25,2250,2293.44,970,2413.87,183.516,180.563,197.672,186.609,180.563,691.092,58.5,19.572,12.8853,20.26,93,100,100,-0.75,-0.140625,87.0511,9.75,9.75,8.25
14,-2.25,0,0,-2.25,2.40448,1.00113,1.06412,3,1,1,0.820314,0,0.820314,0.816408,0,76.5625,133.695,137.111,132.695,3828.25,2250,2284.96,970,2419.18,182.813,180.563,197.672,182.063,180.563,691.092,58.5,19.472,12.8827,20.168,93,100,100,-0.75,-0.734375,87.0511,9.75,9.75,8.25
14.033,-2.25,0,0,-2.25,2.39856,1.00113,1.06793,3,1,1,0.820314,0,0.820314,0.825685,0,76.5625,133.75,136.056,131.556,3839.75,2250,2278.63,970,2416.48,182.438,180.609,197.766,180.328,180.609,691.092,58.5,19.504,12.88,20.2,93,100,100,-0.75,-0.4375,87.0511,9.75,9.75,8.25
14.067,-2.25,-1.5,0,-2.25,2.38703,1.0011,1.06796,3,1,1,0.820314,0,0.820314,0.823732,0,76.5625,133.528,136.389,134.667,3847,2250,2276.41,970,2416.48,182.391,180.797,197.789,184.195,180.797,691.092,58.5,19.508,12.8373,20.204,93,100,100,-1.5,-0.59375,87.0511,8.25,8.25,8.25
14.1,-2.25,-1.5,0,-2.25,2.37805,1.0011,1.07068,3,1,1,0.820314,0,0.820314,0.825685,0,76.5625,134,132,131.722,3853,2250,2272.42,970,2411.21,182.039,180.797,197.789,181.008,180.797,691.092,58.5,19.508,12.8667,20.204,93,100,100,-1.5,-0.609375,87.0511,10.5,10.5,8.25
14.133,-2.25,-1.5,0,-2.25,2.38745,1.00113,1.07044,3,1,1,0.820314,0,0.820314,0.823732,0,76.5625,134.111,135.278,132.417,3859.5,2250,2270.31,970,2421.76,182.063,181.031,197.883,178.805,181.031,691.092,58.5,19.504,12.8827,20.2,93,99.6079,100,-1.5,-0.15625,87.0511,10.5,10.5,9
14.167,-2.25,-1.5,0,-2.25,2.38751,1.00113,1.07156,3,1,1,0.820314,0,0.820314,0.821046,0,76.5625,134.639,135.306,132,3875.25,2250,2269.34,970,2413.87,182.039,180.984,197.906,178.078,180.984,699.647,58.5,19.504,12.8907,20.2,93,100,100,-1.5,-0.625,87.0511,8.25,8.25,9
14.2,-2.25,-1.5,0,-2.25,2.38025,1.0011,1.07092,3,1,1,0.820314,0,0.820314,0.821046,0,76.5625,134.972,137.945,133.667,3893,2250,2266.8,970,2411.21,181.805,180.984,197.906,180.773,180.984,699.647,58.5,19.484,12.8693,20.18,93,100,100,-1.5,0.140625,87.0511,7.5,7.5,7.5
14.233,-2.25,-1.5,0,-2.25,2.37409,1.0011,1.06778,3,1,1,0.820314,0,0.820314,0.814699,0,76.5625,135.083,135.75,134.861,3892.5,2250,2267.5,970,2408.59,182.109,181.453,198.023,183.188,181.453,699.647,58.5,19.46,12.8533,20.156,93,100,100,-1.5,-0.8125,87.0511,8.25,8.25,9
14.267,-2.25,-1.5,0,-2.25,2.37598,1.00113,1.06549,3,1,1,0.820314,0,0.820314,0.808107,0,76.5625,135.889,134.639,135.222,3906.75,2250,2267.73,970,2416.45,182.18,181.242,198.047,180.961,181.242,699.647,58.5,19.432,12.8293,20.128,93,100,100,-1.5,-0.21875,87.0511,8.25,8.25,8.25
14.3,-2.25,-1.5,0,-2.25,2.36994,1.0011,1.06204,3,1,1,0.820314,0,0.820314,0.805421,0,76.5625,135.5,136.833,134.667,3909.75,2250,2259.92,970,2413.87,181.5,181.242,198.047,181.289,181.242,699.647,58.5,19.316,12.768,20.012,93,100,100,-1.5,-0.640625,87.0511,8.25,8.25,9.75
14.333,-2.25,-1.5,0,-2.25,2.3681,1.00113,1.05878,3,1,1,0.820314,0,0.820314,0.808107,0,76.5625,135.833,135.722,134.5,3919,2250,2258.4,970,2416.45,181.523,181.664,198.117,179.742,181.664,699.647,58.5,19.264,12.704,19.96,93,100,100,-1.5,-0.203125,87.0511,8.25,8.25,9.75
14.367,-2.25,-1.5,0,-2.25,2.36066,1.0011,1.05783,3,1,1,0.820314,0,0.820314,0.815675,0,76.5625,136.306,136.028,134.361,3935.25,2250,2255.35,970,2408.55,181.641,181.758,198.188,182.742,181.758,707.869,58.5,19.268,12.6853,19.964,93,100,100,-1.5,-0.5625,87.0511,10.5,10.5,9
14.4,-2.25,-1.5,0,-2.25,2.36456,1.0011,1.05786,3,1,1,0.820314,0,0.820314,0.816408,0,76.5625,136.722,137.167,134.806,3941.5,2250,2253.36,970,2413.91,181.289,181.758,198.188,179.602,181.758,707.869,58.5,19.236,12.6693,19.948,93,100,100,-1.5,-0.34375,87.0511,9,9,9
14.433,-2.25,-1.5,0,-2.25,2.36121,1.0011,1.05927,3,1,1,0.820314,0,0.820314,0.822023,0,76.5625,137,137.167,135.639,3956.5,2250,2253.2,970,2413.87,181.383,181.781,198.258,180.117,181.781,707.869,58.5,19.264,12.6933,19.976,93,100,100,-1.5,-0.75,87.0511,9,9,9
14.467,-2.25,-1.5,0,-2.25,2.34534,1.00113,1.06094,3,1,1,0.820314,0,0.820314,0.822023,0,76.5625,137.167,133.945,135.222,3968.75,2250,2250.82,970,2403.32,181.359,182.133,198.328,181.875,182.133,707.869,58.5,19.288,12.6907,20,93,100,100,-1.5,-0.484375,87.0511,8.25,8.25,9
14.5,-2.25,-1.5,0,-2.25,2.35669,1.00113,1.06088,3,1,1,0.820314,0,0.820314,0.818361,0,76.5625,137.528,137.472,136.222,3979.75,2260,2248.2,970,2411.21,181.125,182.133,198.328,179.367,182.133,707.869,59.25,19.26,12.7147,19.964,93,100,100,-1.5,-0.21875,87.0511,8.25,8.25,9
14.533,-2.25,-1.5,0,-1.5,2.34815,1.0011,1.06186,3,1,1,0.820314,0,0.820314,0.819337,0,76.5625,137.861,135.167,136,3986.5,2250,2247.11,970,2403.28,181.195,182.203,198.398,179.93,182.203,707.869,59.25,19.28,12.72,19.984,93,100,100,-0.75,-0.421875,87.0511,9,9,9
14.567,-2.25,-1.5,0,-1.5,2.35333,1.00113,1.06061,3,1,1,0.820314,0,0.820314,0.817384,0,76.5625,137.417,143.083,137.611,3994,2250,2237.93,970,2408.59,180.469,182.273,198.422,181.195,182.273,715.955,59.25,19.2,12.6347,19.904,93,100,100,-0.75,-0.0625,87.0511,8.25,8.25,9
14.6,-2.25,-1.5,0,-1.5,2.3396,1.00113,1.05948,3,1,1,0.820314,0,0.820314,0.813722,0,76.5625,138,135.167,137.139,4002.5,2250,2241.52,970,2403.28,180.75,182.273,198.422,181.195,182.273,715.955,59.25,19.204,12.6587,19.9,93,100,100,-0.75,-0.6875,87.0511,9,9,9.75
14.633,-2.25,-1.5,0,-1.5,2.33783,1.0011,1.05853,3,1,1,0.820314,0,0.820314,0.816408,0,76.5625,138.806,131.75,137.639,4012.25,2260,2247.46,970,2400.63,181.148,182.344,198.492,181.008,182.344,715.955,59.25,19.228,12.6693,19.924,93,100,100,-0.75,-0.34375,87.0511,9,9,9.75
14.667,-2.25,-1.5,0,-1.5,2.3523,1.00113,1.05856,3,1,1,0.820314,0,0.820314,0.819337,0,76.5625,139.445,137.778,136.472,4033.75,2260,2241.76,970,2403.28,181.125,182.93,198.539,176.93,182.93,715.955,59.25,19.228,12.6693,19.924,93,100,100,-0.75,-0.28125,87.0511,9.75,9.75,9.75
14.7,-2.25,-1.5,0,-1.5,2.35199,1.00113,1.06006,3,1,1,0.820314,0,0.820314,0.822999,0,76.5625,139.611,142.389,138.445,4037.5,2260,2237.15,970,2403.24,180.727,182.93,198.539,179.156,182.93,715.955,59.25,19.212,12.64,19.932,93,100,100,-0.75,-0.09375,87.0511,9.75,9.75,9.75
14.733,-2.25,-1.5,0,-1.5,2.35248,1.00113,1.05643,3,1,1,0.820314,0,0.820314,0.812745,0,76.5625,139.611,142.389,138.917,4044,2240,2236.84,970,2403.28,180.867,181.313,198.539,178.969,181.313,715.955,59.25,19.16,12.6213,19.88,93,100,100,-0.75,-0.578125,87.0511,9.75,9.75,9.75
14.767,-2.25,-1.5,0,-1.5,2.33234,1.0011,1.05725,3,1,1,0.820314,0,0.820314,0.815675,0,76.5625,139.833,139.083,138.195,4056.75,2240,2234.3,970,2384.84,180.984,182.016,198.563,182.086,182.016,724.119,59.25,19.192,12.6373,19.912,93,100,100,-0.75,-0.1875,87.0511,9.75,9.75,9.75
14.8,-2.25,-1.5,0,-2.25,2.33759,1.0011,1.05554,3,0.974855,1,0.820314,0,0.820314,0.813722,0,76.5625,139.945,144.889,139.361,4067,2240,2226.21,970,2395.35,180.281,182.016,198.563,181.664,182.016,724.119,59.25,19.088,12.6053,19.776,93.75,100,100,-1.5,-0.53125,87.0511,9,9,9.75
14.833,-2.25,-1.5,0,-2.25,2.32733,1.00113,1.05792,3,0.974855,1,0.820314,0,0.820314,0.822023,0,76.5625,140.889,135.5,137.611,4077.5,2240,2227.97,970,2395.35,180.727,182.156,198.586,177.281,182.156,724.119,59.25,19.172,12.6507,19.86,93.75,100,100,-1.5,-0.21875,87.0511,9,9,9.75
14.867,-2.25,-1.5,0,-2.25,2.33582,1.0011,1.05997,3,0.974855,1,0.820314,0,0.820314,0.825685,0,76.5625,140.417,146,140.917,4079.75,2240,2220.08,970,2403.28,180.281,182.461,198.609,180.563,182.461,724.119,59.25,19.172,12.6213,19.86,93.75,100,100,-1.5,-0.328125,87.0511,8.25,8.25,9.75
14.9,-1.5,-1.5,0,-2.25,2.31616,1.0011,1.06253,3,0.954835,1,0.820314,0,0.820314,0.826661,0,76.5625,140.778,136.778,140.083,4088.75,2240,2223.75,970,2390.08,180.563,182.461,198.609,182.367,182.461,724.119,60,19.26,12.64,19.972,93,99.6079,100,-0.75,-0.140625,87.0511,9,9,9
14.933,-1.5,-1.5,0,-2.25,2.32135,1.0011,1.06394,3,0.954835,1,0.820314,0,0.820314,0.824708,0,76.5625,141.695,138.056,141.083,4102.25,2240,2226.84,970,2392.73,181.219,182.953,198.633,181.359,182.953,724.119,60,19.316,12.696,20.028,93,100,100,-0.75,-0.625,87.0511,9.75,9.75,9
14.967,-1.5,-1.5,0,-2.25,2.32648,1.00113,1.06488,3,0.954835,1,0.820314,0,0.820314,0.824708,0,76.5625,142.333,142.806,141.806,4120.25,2240,2222.5,970,2392.77,181.172,183.164,198.68,182.273,183.164,731.932,60,19.324,12.712,20.036,93,99.6079,100,-0.75,0.484375,87.0511,11.25,11.25,9.75
15,-1.5,-1.5,0,-2.25,2.31848,1.0011,1.0639,3,0.938966,1,0.820314,0,0.820314,0.82007,0,76.5625,142.278,141.75,142.417,4120.75,2240,2222.07,970,2390.08,181.078,183.164,198.68,183.234,183.164,731.932,60,19.308,12.6773,20.012,93,100,100,-0.75,0.015625,87.0511,10.5,10.5,10.5
15.033,-1.5,-1.5,0,-2.25,2.33234,1.0011,1.06174,3,0.938966,1,0.820314,0,0.820314,0.816408,0,76.5625,142.278,148.778,141.917,4125.75,2240,2215.23,970,2403.28,180.656,183.445,198.68,179.508,183.445,731.932,60,19.22,12.6693,19.924,93,99.6079,100,-0.75,-0.140625,87.0511,11.25,11.25,11.25
15.067,-1.5,-1.5,0,-2.25,2.31775,1.00113,1.05893,3,0.938966,1,0.820314,0,0.820314,0.81006,0,76.5625,142.861,146.5,143.083,4144,2250,2207.34,970,2408.52,180.375,184.031,198.727,179.531,184.031,731.932,60,19.16,12.6053,19.864,93,100,100,-0.75,0.203125,87.0511,9,9,9.75
15.1,-1.5,-1.5,0,-2.25,2.31922,1.0011,1.05713,3,0.926271,1,0.820314,0,0.820314,0.816408,0,76.5625,143.25,144.195,143.083,4152,2250,2210.51,970,2408.52,180.609,184.031,198.727,178.477,184.031,731.932,60,19.14,12.6507,19.836,93.75,100,100,-0.75,-0.46875,87.0511,9,9,9.75
15.133,-1.5,-1.5,0,-2.25,2.31763,1.00113,1.05603,3,0.926271,1,0.820314,0,0.820314,0.816408,0,76.5625,143.833,145.333,143.778,4164.25,2240,2210.39,970,2405.9,180.867,184.125,198.75,180.422,184.125,731.932,60,19.152,12.6133,19.848,93.75,100,100,-0.75,-0.09375,87.0511,8.25,8.25,8.25
15.167,-1.5,-1.5,0,-2.25,2.31976,1.0011,1.05798,3,0.926271,1,0.820314,0,0.820314,0.82007,0,76.5625,144.583,144.361,143.583,4170,2250,2214.88,970,2400.63,181.477,184.547,198.75,180.492,184.547,739.451,60,19.244,12.6667,19.94,93.75,100,100,-0.75,-0.109375,87.0511,11.25,11.25,9
15.2,-1.5,-1.5,0,-2.25,2.31616,1.00113,1.05853,3,0.916017,1,0.820314,0,0.820314,0.822023,0,76.5625,144.778,144.361,145.278,4188.75,2250,2216.88,970,2395.39,181.617,184.547,198.75,183.797,184.547,739.451,60,19.26,12.68,19.972,93.75,100,100,-0.75,-0.09375,87.0511,11.25,11.25,9.75
15.233,-1.5,-1.5,0,-2.25,2.30536,1.00113,1.06479,3,0.916017,1,0.820314,0,0.820314,0.837648,0,76.5625,146.278,135.556,143.917,4193.25,2250,2220.74,970,2384.8,182.625,185.32,198.82,183.117,185.32,739.451,60,19.452,12.8267,20.164,93.75,100,100,-0.75,-0.3125,87.0511,9.75,9.75,9.75
15.267,-1.5,-1.5,0,-2.25,2.31781,1.00113,1.06961,3,0.916017,1,0.820314,0,0.820314,0.833986,0,76.5625,145.806,144.361,144.25,4198.5,2240,2214.8,970,2384.8,181.922,184.711,198.82,181.898,184.711,739.451,60,19.456,12.8293,20.168,93.75,100,100,-0.75,-0.078125,87.0511,9.75,9.75,10.5
15.3,-1.5,-1.5,0,-2.25,2.31238,1.0011,1.06857,3,0.907716,1,0.820314,0,0.820314,0.816408,0,76.5625,145.472,147.056,145.278,4210.5,2240,2209.84,970,2384.8,181.453,184.711,198.82,182.977,184.711,739.451,60,19.408,12.76,20.104,93,100,100,-0.75,-0.359375,87.0511,9.75,9.75,9.75
15.333,-1.5,-1.5,0,-2.25,2.31415,1.00113,1.06821,3,0.907716,1,0.820314,0,0.820314,0.819337,0,76.5625,145.861,151.778,144.611,4219.25,2240,2199.14,970,2392.73,180.984,184.828,198.844,180.727,184.828,739.451,60,19.344,12.7707,20.04,93,100,100,-0.75,-0.171875,87.0511,9,9,9.75
15.367,-1.5,-1.5,0,-2.25,2.32642,1.0011,1.06436,3,0.907716,1,0.820314,0,0.820314,0.816408,0,76.5625,146.611,156.333,146.833,4230.5,2230,2197.38,970,2411.17,181.008,184.43,198.867,178.406,184.43,746.678,60,19.284,12.752,19.98,93,100,100,-0.75,-0.390625,87.0511,11.25,11.25,9
15.4,-1.5,-1.5,0,-2.25,2.30267,1.0011,1.06287,3,0.89966,1,0.820314,0,0.820314,0.812745,0,76.5625,147.028,142.139,145.806,4241.25,2230,2205.66,970,2392.7,181.688,184.43,198.867,180.398,184.43,746.678,61.5,19.34,12.7307,20.044,93,100,100,-0.75,-0.109375,87.0511,11.25,11.25,9.75
15.433,-1.5,-1.5,0,-2.25,2.32471,1.0011,1.05832,3,0.89966,1,0.820314,0,0.820314,0.807374,0,76.5625,148.083,154.333,145.445,4256.5,2240,2196.64,970,2405.9,181.359,185.203,198.891,175.313,185.203,746.678,61.5,19.216,12.672,19.92,93,100,100,-0.75,-0.328125,87.0511,11.25,11.25,9.75
15.467,-1.5,-1.5,0,-2.25,2.30335,1.0011,1.05692,3,0.89966,1,0.820314,0,0.820314,0.811036,0,76.5625,146.556,158.889,146.861,4261.25,2230,2182.66,970,2390.08,180.328,185.156,198.914,182.578,185.156,746.678,61.5,19.124,12.544,19.828,93,100,100,-0.75,0.25,87.0511,10.5,10.5,9.75
15.5,-1.5,-1.5,0,-2.25,2.27777,1.0011,1.05283,3,0.893068,1,0.820314,0,0.820314,0.808107,0,76.5625,146.5,147.195,146.139,4268.5,2230,2181.37,970,2384.84,180.188,185.156,198.914,182.93,185.156,746.678,61.5,19.04,12.52,19.752,93.75,100,100,-0.75,-0.109375,87.0511,9.75,9.75,10.5
15.533,-1.5,-1.5,0,-2.25,2.27796,1.0011,1.05322,3,0.893068,1,0.820314,0,0.820314,0.813722,0,76.5625,148.083,140.861,147.861,4278.25,2240,2191.17,970,2387.42,181.313,185.766,198.938,182.344,185.766,746.678,61.5,19.168,12.608,19.88,93.75,100,100,-0.75,-0.390625,87.0511,10.5,10.5,9.75
15.567,-1.5,-1.5,0,-2.25,2.30152,1.0011,1.05072,3,0.893068,1,0.820314,0,0.820314,0.812745,0,76.5625,148.611,155.778,147.861,4298.5,2240,2181.13,970,2400.59,180.75,186.07,198.961,177.797,186.07,753.631,61.5,19.052,12.584,19.764,93.75,100,100,-0.75,-0.40625,87.0511,12,12,10.5
15.6,-1.5,-1.5,0,-2.25,2.29205,1.0011,1.05179,3,0.887941,1,0.820314,0,0.820314,0.812745,0,76.5625,148.889,155.778,147.195,4302.75,2240,2173.13,970,2392.7,180,186.07,198.961,177.891,186.07,753.631,61.5,18.992,12.584,19.696,93,100,100,-0.75,0.09375,87.0511,9.75,9.75,10.5
15.633,-1.5,-1.5,0,-2.25,2.2533,1.0011,1.04898,3,0.887941,1,0.820314,0,0.820314,0.808107,0,76.5625,148.083,139.5,147.695,4310.75,2240,2185.31,970,2361.02,180.82,185.836,198.984,184.992,185.836,753.631,61.5,19.048,12.4667,19.752,93,100,100,-0.75,-0.15625,87.0511,9,9,10.5
15.667,-1.5,-1.5,0,-2.25,2.28632,1.0011,1.04883,3,0.887941,1,0.820314,0,0.820314,0.815675,0,76.5625,148.722,152.195,146.833,4322,2250,2170.98,970,2390.04,179.813,186.703,199.008,176.18,186.703,753.631,61.5,18.932,12.488,19.636,93,100,100,-0.75,-0.546875,87.0511,9.75,9.75,9.75
15.7,-1.5,-1.5,0,-2.25,2.2713,1.0011,1.04663,3,0.88379,1,0.820314,0,0.820314,0.813722,0,76.5625,149.111,142.111,149.417,4331.5,2250,2184.3,970,2376.88,180.914,186.703,199.008,181.266,186.703,753.631,61.5,19.02,12.4533,19.716,93.75,100,100,-0.75,-0.125,87.0511,9.75,9.75,9.75
15.733,-1.5,-1.5,0,-2.25,2.27265,1.0011,1.04413,3,0.88379,1,0.820314,0,0.820314,0.808107,0,76.5625,149.361,149.861,149.083,4341.5,2240,2177.15,970,2374.26,180.727,186.68,199.055,183.375,186.68,753.631,61.5,18.948,12.456,19.644,93.75,100,100,-0.75,-0.28125,87.0511,9.75,9.75,9.75
15.767,-1.5,-1.5,0,-2.25,2.24951,1.0011,1.0452,3,0.88379,1,0.820314,0,0.820314,0.815675,0,76.5625,149.528,140.75,151.361,4357.75,2240,2179.02,970,2368.98,181.125,186.82,199.078,188.133,186.82,760.076,61.5,19.024,12.416,19.72,93.75,100,100,-0.75,-0.28125,87.0511,10.5,10.5,10.5
15.8,-2.25,-1.5,0,-2.25,2.2771,1.0011,1.04401,3,0.880372,1,0.820314,0,0.820314,0.817384,0,76.5625,151.028,146.056,148.75,4368.5,2240,2176.02,970,2390.04,180.82,186.82,199.078,176.93,186.82,760.076,62.25,18.944,12.5387,19.64,93.75,100,100,-1.5,0.140625,87.0511,9,9,9
15.833,-2.25,-1.5,0,-2.25,2.2702,1.0011,1.04752,3,0.880372,1,0.820314,0,0.820314,0.82007,0,76.5625,150.806,150.083,150.667,4368,2230,2172.19,970,2382.15,180.867,186.117,199.102,181.336,186.117,760.076,62.25,19.02,12.4747,19.716,93.75,100,100,-1.5,-0.546875,87.0511,9.75,9.75,11.25
15.867,-2.25,-1.5,0,-2.25,2.26868,1.0011,1.04941,3,0.880372,1,0.820314,0,0.820314,0.824708,0,76.5625,151.333,148.833,151.25,4379.5,2230,2173.36,970,2379.49,181.055,186.164,199.102,181.148,186.164,760.076,62.25,19.06,12.5413,19.756,93.75,100,100,-1.5,-0.53125,87.0511,10.5,10.5,10.5
15.9,-2.25,-1.5,0,-2.25,2.27936,1.0011,1.04895,3,0.876222,1,0.820314,0,0.820314,0.819337,0,76.5625,151.333,158.722,149.25,4389,2230,2159.41,970,2382.15,179.789,186.164,199.102,177.258,186.164,760.076,62.25,18.928,12.5173,19.632,93.75,100,100,-1.5,-0.28125,87.0511,10.5,10.5,10.5
15.933,-2.25,-1.5,0,-2.25,2.26386,1.0011,1.04764,3,0.876222,1,0.820314,0,0.820314,0.813722,0,76.5625,151.333,151.389,148.917,4400,2230,2158.87,970,2374.22,180.141,186.891,199.148,177.961,186.891,760.076,62.25,18.916,12.4293,19.62,93.75,100,100,-1.5,-0.015625,87.0511,9.75,9.75,9.75
15.967,-2.25,-1.5,0,-2.25,2.24085,1.0011,1.04746,3,0.876222,1,0.820314,0,0.820314,0.817384,0,76.5625,150.917,151.417,150.667,4409.75,2230,2152.11,970,2358.36,179.813,186.938,199.172,183.891,186.938,766.287,62.25,18.86,12.3813,19.564,93.75,100,100,-1.5,-0.125,87.0511,9.75,9.75,10.5
16,-2.25,-1.5,0,-2.25,2.25165,1.0011,1.04547,3,0.872804,1,0.820314,0,0.820314,0.817384,0,76.5625,151.611,148.806,151.528,4421.5,2230,2157.23,970,2371.6,180.211,186.938,199.172,179.555,186.938,766.287,62.25,18.896,12.392,19.6,93.75,100,100,-1.5,-0.671875,87.0511,10.5,10.5,10.5
16.033,-2.25,-1.5,0,-2.25,2.26843,1.0011,1.04385,3,0.872804,1,0.820314,0,0.820314,0.814699,0,76.5625,152.361,160.111,151.528,4433.75,2230,2146.72,970,2387.42,179.508,187.289,199.195,175.406,187.289,766.287,62.25,18.792,12.384,19.496,93.75,100,100,-1.5,-0.234375,87.0511,10.5,10.5,10.5
16.067,-2.25,-1.5,-1.5,-2.25,2.24024,1.0011,1.04508,3,0.872804,1,0.820314,0,0.820314,0.818361,0,76.5625,151.667,156.445,151.028,4451.5,2230,2139.8,970,2363.71,179.32,187.898,199.219,182.25,187.898,766.287,62.25,18.732,12.3013,19.436,93.75,100,100,-1.5,-0.09375,87.0511,8.25,8.25,8.25
16.1,-2.25,-1.5,-1.5,-2.25,2.22913,1.0011,1.04401,3,0.868654,1,0.820314,0,0.820314,0.816408,0,76.5625,152.611,146.056,151.722,4453,2230,2149.65,970,2361.02,180.117,187.898,199.219,182.625,187.898,766.287,62.25,18.836,12.3067,19.532,93.75,100,100,-1.5,-0.21875,87.0511,9.75,9.75,10.5
16.133,-2.25,-1.5,-1.5,-2.25,2.24707,1.0011,1.04364,3,0.868654,1,0.820314,0,0.820314,0.813722,0,76.5625,152.583,159.139,152.583,4452.25,2230,2137.97,970,2379.45,179.25,187.852,199.242,178.664,187.852,766.287,62.25,18.704,12.2933,19.4,93.75,100,100,-1.5,-0.046875,87.0511,9.75,9.75,11.25
16.167,-2.25,-1.5,-1.5,-2.25,2.24768,1.0011,1.04257,3,0.868654,1,0.820314,0,0.820314,0.815675,0,76.5625,153.917,154.111,154.917,4466.25,2230,2146.37,970,2379.45,180.188,188.414,199.266,178.875,188.414,772.224,62.25,18.808,12.352,19.504,93.75,100,100,-1.5,-0.21875,87.0511,10.5,10.5,10.5
16.2,-2.25,-1.5,-1.5,-3,2.23462,1.0011,1.04181,3,0.865236,1,0.820314,0,0.820314,0.817384,0,76.5625,153.695,150.167,153.333,4474.25,2240,2144.96,970,2363.67,180.023,188.414,199.266,181.641,188.414,772.224,63,18.78,12.3253,19.484,93.75,100,100,-1.5,-0.421875,87.0511,9.75,9.75,9.75
16.233,-2.25,-1.5,-1.5,-3,2.24182,1.0011,1.04428,3,0.865236,1,0.820314,0,0.820314,0.824708,0,76.5625,153.695,157.861,152.083,4491.5,2220,2131.56,970,2374.22,179.18,187.406,199.289,177.445,187.406,772.224,63,18.704,12.2853,19.408,93.75,100,100,-1.5,-0.25,87.0511,9,9,9.75
16.267,-2.25,-1.5,-1.5,-3,2.24664,1.0011,1.04709,3,0.865236,1,0.820314,0,0.820314,0.829347,0,76.5625,155.389,154.111,155.667,4501.75,2220,2142.54,970,2387.38,180.422,187.664,199.313,176.203,187.664,772.224,63,18.892,12.448,19.596,93.75,100,100,-1.5,-0.671875,87.0511,9.75,9.75,9.75
16.3,-2.25,-1.5,-1.5,-3,2.23407,1.0011,1.04974,3,0.86255,1,0.820314,0,0.820314,0.825685,0,76.5625,155.833,148.722,154.917,4510.5,2220,2144.45,970,2366.29,180.539,187.664,199.313,179.93,187.664,772.224,63,18.94,12.4587,19.652,93.75,100,100,-1.5,-0.109375,87.0511,10.5,10.5,9.75
16.333,-2.25,-1.5,-1.5,-3,2.23438,1.0011,1.04846,3,0.86255,1,0.820314,0,0.820314,0.816408,0,76.5625,154.917,157.972,153.333,4514.5,2220,2133.01,970,2363.71,179.766,187.992,199.336,180.469,187.992,772.224,63,18.816,12.3733,19.528,93.75,100,100,-1.5,-0.515625,87.0511,10.5,10.5,9.75
16.367,-2.25,-1.5,-1.5,-3,2.22559,1.0011,1.04828,3,0.86255,1,0.820314,0,0.820314,0.822023,0,76.5625,156.417,147.333,154.972,4530.25,2220,2140.35,970,2361.02,180.703,188.414,199.336,180.164,188.414,778.142,63,18.94,12.4293,19.652,93.75,100,100,-1.5,-0.125,87.0511,10.5,10.5,9.75
16.4,-2.25,-1.5,-1.5,-3,2.23511,1.0011,1.04709,3,0.860353,1,0.820314,0,0.820314,0.817384,0,76.5625,155.5,158.167,154.583,4533,2220,2130.94,970,2366.29,179.813,188.414,199.336,177.82,188.414,778.142,63,18.8,12.3733,19.512,93.75,100,100,-1.5,-0.171875,87.0511,10.5,10.5,10.5
16.433,-3,-1.5,-1.5,-3,2.2312,1.0011,1.04446,3,0.860353,1,0.820314,0,0.820314,0.809083,0,76.5625,155.5,160.806,153.528,4543.25,2220,2124.02,970,2358.4,179.438,188.625,199.336,178.594,188.625,778.142,63,18.692,12.2987,19.404,93.75,100,100,-2.25,-0.5,87.0511,11.25,11.25,12
16.467,-3,-1.5,-1.5,-3,2.21198,1.0011,1.0416,3,0.860353,1,0.820314,0,0.820314,0.81006,0,76.5625,156.25,151.583,155,4558.5,2220,2126.8,970,2345.16,180.023,189.141,199.359,182.484,189.141,778.142,63,18.712,12.2453,19.424,93.75,100,100,-2.25,-0.640625,87.0511,9.75,9.75,9.75
16.5,-3,-1.5,-1.5,-3,2.21619,1.0011,1.04144,3,0.858644,1,0.820314,0,0.820314,0.82007,0,76.5625,156.528,155.583,155.195,4570.25,2230,2121.68,970,2350.47,179.531,189.141,199.359,179.414,189.141,778.142,63,18.664,12.2373,19.384,93.75,100,100,-2.25,-0.046875,87.0511,9.75,9.75,10.5
16.533,-3,-1.5,-1.5,-3,2.21265,1.0011,1.04242,3,0.858644,1,0.820314,0,0.820314,0.823732,0,76.5625,156.028,159.556,156,4573,2220,2116.95,970,2347.81,179.016,188.93,199.383,181.875,188.93,778.142,63,18.6,12.1707,19.32,93.75,100,100,-2.25,-0.25,87.0511,9,9,9
16.567,-3,-1.5,-1.5,-3.75,2.21539,1.0011,1.04181,3,0.858644,1,0.820314,0,0.820314,0.811036,0,76.5625,157.528,152.833,154.778,4585.75,2230,2120.47,970,2358.36,179.414,189.586,199.383,176.531,189.586,784.236,63,18.664,12.2293,19.384,93.75,100,100,-2.25,-0.109375,87.0511,9.75,9.75,9.75
16.6,-3,-1.5,-1.5,-3.75,2.2013,1.0011,1.04364,3,0.85547,1,0.820314,0,0.820314,0.818361,0,76.5625,156.833,154.195,155.833,4599,2230,2118.28,970,2339.92,179.18,189.586,199.383,182.789,189.586,784.236,63.75,18.628,12.1973,19.332,93.75,100,100,-2.25,-0.546875,87.0511,9,9,9.75
16.633,-3,-1.5,-1.5,-3.75,2.21069,1.0011,1.04126,3,0.85547,1,0.820314,0,0.820314,0.821046,0,76.5625,157.528,156.889,155.639,4606,2230,2111.52,970,2355.74,178.922,189.75,199.383,177.586,189.75,784.236,63.75,18.564,12.2027,19.268,93.75,100,100,-2.25,-0.1875,87.0511,9.75,9.75,9.75
16.667,-3,-1.5,-3,-3.75,2.21778,1.0011,1.0434,3,0.85547,1,0.820314,0,0.820314,0.82007,0,76.5625,158.222,162.25,158.722,4612.5,2230,2113.79,970,2358.36,179.484,189.984,199.406,179.297,189.984,784.236,63.75,18.644,12.2507,19.348,93.75,100,100,-2.25,0.234375,87.0511,9.75,9.75,9.75
16.7,-3,-1.5,-3,-3.75,2.20191,1.0011,1.04193,3,0.853273,1,0.820314,0,0.820314,0.816408,0,76.5625,158.056,156.917,156.556,4619.5,2230,2112.42,970,2342.54,179.297,189.984,199.406,180.773,189.984,784.236,63.75,18.608,12.2187,19.304,93.75,100,100,-2.25,-0.109375,87.0511,9.75,9.75,9.75
16.733,-3,-1.5,-3,-3.75,2.22119,1.0011,1.04245,3,0.853273,1,0.820314,0,0.820314,0.818361,0,76.5625,159.389,168.611,154.778,4636,2210,2093.01,970,2363.63,179.039,190.172,199.406,172.078,190.172,784.236,63.75,18.572,12.28,19.268,93.75,100,100,-2.25,-0.078125,87.0511,9,9,9.75
16.767,-3,-1.5,-3,-3.75,2.21497,1.0011,1.0423,3,0.853273,1,0.820314,0,0.820314,0.821046,0,76.5625,158.556,173.5,158.556,4643.75,2200,2085.55,970,2366.25,178.5,189.258,199.43,174.938,189.258,789.861,63.75,18.508,12.1467,19.204,93.75,100,100,-2.25,-0.15625,87.0511,10.5,10.5,11.25
16.8,-3,-1.5,-3,-3.75,2.18317,1.0011,1.03909,3,0.85132,1,0.820314,0,0.820314,0.808107,0,76.5625,158.861,156.5,159,4646.75,2200,2094.22,970,2345.16,179.25,189.258,199.43,180.281,189.258,789.861,63.75,18.484,12.1387,19.188,93.75,100,100,-2.25,0.609375,87.0511,9,9,9.75
16.833,-3,-1.5,-3,-3.75,2.17761,1.0011,1.03818,3,0.85132,1,0.820314,0,0.820314,0.808107,0,76.5625,159.972,150.445,159.222,4655.25,2220,2099.49,970,2334.61,180.023,190.992,199.43,181.992,190.992,789.861,63.75,18.596,12.1707,19.3,93.75,100,100,-2.25,-0.15625,87.0511,9,9,9
16.867,-3,-1.5,-3,-3.75,2.18219,1.0011,1.03909,3,0.85132,1,0.820314,0,0.820314,0.825685,0,76.5625,159.667,160.472,158.583,4680,2220,2085.98,970,2337.27,179.039,191.156,199.453,179.484,191.156,789.861,63.75,18.468,12.1067,19.172,93.75,99.6079,100,-2.25,0.03125,87.0511,10.5,10.5,9
16.9,-3,-1.5,-3,-3.75,2.17688,1.0011,1.04099,3,0.848146,1,0.820314,0,0.820314,0.829347,0,76.5625,158.972,166.639,159.639,4683,2220,2076.84,970,2342.58,178.172,191.156,199.453,182.273,191.156,789.861,64.5,18.396,11.9973,19.1,93.75,100,100,-2.25,-0.359375,87.0511,10.5,10.5,9
16.933,-3,-1.5,-3,-3.75,2.15576,1.0011,1.04236,3,0.848146,1,0.820314,0,0.820314,0.82007,0,76.5625,161.111,150.278,159.639,4691,2220,2096.84,970,2331.95,180.211,191.531,199.453,182.414,191.531,789.861,64.5,18.668,12.1707,19.372,93.75,100,100,-2.25,0.203125,87.0511,9.75,9.75,9
16.967,-3,-1.5,-3,-3.75,2.18311,1.0011,1.04389,3,0.848146,1,0.820314,0,0.820314,0.821046,0,76.5625,161.806,157.917,160.5,4699.75,2220,2090.51,970,2347.81,179.906,191.836,199.453,178.148,191.836,795.271,64.5,18.66,12.208,19.364,93.75,99.6079,100,-2.25,0.3125,87.0511,9.75,9.75,9.75
17,-3.75,-1.5,-3,-3.75,2.20545,1.0011,1.04266,3,0.845704,1,0.820314,0,0.820314,0.82007,0,76.5625,161.278,177.75,159.639,4712.5,2220,2072.5,970,2363.67,178.219,191.836,199.453,174.117,191.836,795.271,64.5,18.428,12.176,19.132,93.75,99.6079,100,-3,-0.109375,87.0511,11.25,11.25,9.75
17.033,-3.75,-1.5,-3,-3.75,2.18079,1.0011,1.0401,3,0.845704,1,0.820314,0,0.820314,0.809083,0,76.5625,161.806,159.167,161.583,4721.25,2220,2087.81,970,2345.16,179.484,191.742,199.477,178.875,191.742,795.271,64.5,18.52,12.1387,19.224,93.75,100,100,-3,-0.390625,87.0511,9.75,9.75,9.75
17.067,-4.5,-1.5,-3,-3.75,2.17652,1.0011,1.04074,3,0.845704,1,0.820314,0,0.820314,0.822023,0,76.5625,163.722,152.945,160.195,4733.25,2220,2092.77,970,2329.34,180.258,192.586,199.477,175.875,192.586,795.271,64.5,18.624,12.2693,19.328,93.75,100,100,-3,-0.015625,87.0511,8.25,8.25,8.25
17.1,-4.5,-1.5,-3,-3.75,2.20398,1.0011,1.04089,3,0.843751,1,0.820314,0,0.820314,0.82007,0,76.5625,162.222,185.083,162.222,4739.25,2220,2064.45,970,2350.43,177.656,192.586,199.477,175.641,192.586,795.271,64.5,18.352,12.144,19.048,93.75,100,100,-3,0.21875,87.0511,9,9,9
17.133,-4.5,-1.5,-3,-3.75,2.19635,1.0011,1.04019,3,0.843751,1,0.820314,0,0.820314,0.818361,0,76.5625,160.722,183.972,162,4752,2220,2057.62,970,2358.36,177.164,192.258,199.5,168.352,192.258,795.271,64.5,18.2,11.9467,18.896,93.75,100,100,-3,-0.296875,87.0511,10.5,10.5,9
17.167,-4.5,-1.5,-3,-3.75,2.16455,1.0011,1.04239,3,0.843751,1,0.820314,0,0.820314,0.822023,0,76.5625,162.222,162,162.778,4754.25,2220,2069.61,970,2342.54,178.547,192.914,199.5,178.43,192.914,800.681,64.5,18.452,12.048,19.148,93.75,100,100,-3,0.09375,87.0511,6.75,6.75,9.75
17.2,-4.5,-1.5,-3,-3.75,2.16107,1.0011,1.04273,3,0.842286,1,0.820314,0,0.820314,0.825685,0,76.5625,163.028,154.778,162.889,4767,2220,2077.7,970,2329.34,179.25,192.914,199.5,179.859,192.914,800.681,66,18.552,12.12,19.248,93.75,100,100,-3,-0.109375,87.0511,6,6,6
17.233,-4.5,-1.5,-3,-3.75,2.16675,1.0011,1.0462,3,0.842286,1,0.820314,0,0.820314,0.8313,0,76.5625,163.25,157.778,161.111,4767,2220,2076.56,970,2326.68,179.25,192.844,199.5,177.656,192.844,800.681,66,18.6,12.1813,19.296,93.75,100,100,-3,0.171875,87.0511,9.75,9.75,9.75
17.267,-4.5,-1.5,-3,-3.75,2.18616,1.0011,1.04636,3,0.842286,1,0.820314,0,0.820314,0.82007,0,76.5625,163.25,181.611,162,4788.5,2230,2056.6,970,2339.88,177.891,193.641,199.523,175.172,193.641,800.681,66,18.396,12.0987,19.092,93.75,100,100,-3,-0.046875,87.0511,7.5,7.5,7.5
17.3,-4.5,-1.5,-3,-3.75,2.18073,1.0011,1.04468,3,0.841066,1,0.820314,0,0.820314,0.811036,0,76.5625,163.139,177.472,162.806,4795.25,2230,2056.8,970,2347.77,177.844,193.641,199.523,174.539,193.641,800.681,66,18.364,12.0693,19.068,93.75,100,100,-3,-0.53125,87.0511,7.5,7.5,7.5
17.333,-4.5,-1.5,-3,-3.75,2.15656,1.0011,1.04382,3,0.841066,1,0.820314,0,0.820314,0.816408,0,76.5625,162.75,165.278,164.278,4802.25,2220,2063.01,970,2329.34,178.406,193.266,199.523,181.758,193.266,800.681,66,18.416,12.0453,19.12,93.75,100,100,-3,-0.046875,87.0511,9.75,9.75,9.75
17.367,-4.5,-1.5,-3,-3.75,2.15894,1.0011,1.04202,3,0.841066,1,0.820314,0,0.820314,0.818361,0,76.5625,164.472,162.583,164.472,4812.25,2230,2065.47,970,2329.34,179.039,194.297,199.547,179.25,194.297,805.642,66,18.436,12.0907,19.14,93.75,100,100,-3,0.125,87.0511,6.75,6.75,9
17.4,-4.5,-1.5,-3,-3.75,2.16474,1.0011,1.04303,3,0.840089,1,0.820314,0,0.820314,0.821046,0,76.5625,164.611,169.806,163.083,4821.5,2230,2058.36,970,2331.95,178.336,194.297,199.547,177.352,194.297,805.642,66,18.392,12.064,19.096,93.75,100,100,-3,0.203125,87.0511,8.25,8.25,8.25
17.433,-4.5,-1.5,-3,-3.75,2.16272,1.0011,1.04312,3,0.840089,1,0.820314,0,0.820314,0.819337,0,76.5625,165.278,162.861,163.333,4829.25,2210,2062.03,970,2334.61,178.828,192.656,199.547,175.336,192.656,805.642,66,18.444,12.0667,19.148,93.75,100,100,-3,-0.1875,87.0511,8.25,8.25,8.25
17.467,-4.5,-1.5,-3,-3.75,2.12683,1.0011,1.04233,3,0.840089,1,0.820314,0,0.820314,0.814699,0,76.5625,165.222,151.695,163.778,4842.5,2210,2060.59,970,2308.2,179.063,193.383,199.57,181.898,193.383,805.642,66,18.464,12.008,19.168,93.75,100,100,-3,0.34375,87.0511,6.75,6.75,7.5
17.5,-4.5,-1.5,-3,-3.75,2.15894,1.0011,1.04193,3,0.837648,1,0.820314,0,0.820314,0.818361,0,76.5625,164.722,182.111,164.195,4851,2210,2033.98,970,2337.23,176.578,193.383,199.57,176.438,193.383,805.642,66.75,18.164,12.008,18.876,93.75,100,100,-3,0.203125,87.0511,9.75,9.75,7.5
17.533,-4.5,-1.5,-3,-3.75,2.13971,1.0011,1.0415,3,0.837648,1,0.820314,0,0.820314,0.818361,0,76.5625,165.111,161.083,166.195,4864.5,2210,2049.69,970,2329.34,177.797,192.984,199.57,178.125,192.984,805.642,66.75,18.3,11.944,19.012,93.75,100,100,-3,0.5625,87.0511,8.25,8.25,7.5
17.567,-4.5,-1.5,-3,-3.75,2.1344,1.0011,1.04306,3,0.837648,1,0.820314,0,0.820314,0.824708,0,76.5625,166.278,153.472,165.056,4870.75,2220,2056.52,970,2318.75,178.688,193.945,199.594,178.664,193.945,810.818,66.75,18.432,12.024,19.144,93.75,100,100,-3,-0.09375,87.0511,7.5,7.5,7.5
17.6,-4.5,-1.5,-3,-3.75,2.1438,1.0011,1.04285,3,0.835695,1,0.820314,0,0.820314,0.819337,0,76.5625,167.139,158.5,165.083,4884.25,2220,2057.81,970,2313.48,178.758,193.945,199.594,178.266,193.945,810.818,66.75,18.432,12.0587,19.136,93.75,99.6079,100,-3,-0.28125,87.0511,10.5,10.5,7.5
17.633,-4.5,-1.5,-3,-3.75,2.16699,1.0011,1.04285,3,0.835695,1,0.820314,0,0.820314,0.814699,0,76.5625,166.167,181.611,164.833,4888.25,2210,2040.55,970,2331.95,177.422,193.734,199.594,173.883,193.734,810.818,66.75,18.26,12.0133,18.964,93.75,99.6079,100,-3,0.28125,87.0511,9,9,8.25
17.667,-4.5,-1.5,-3,-3.75,2.13947,1.0011,1.04141,3,0.835695,1,0.820314,0,0.820314,0.814699,0,76.5625,166.695,165.028,165.306,4901,2220,2043.52,970,2313.48,177.914,194.063,199.594,177.469,194.063,810.818,66.75,18.3,11.9573,19.004,93.75,100,100,-3,0.1875,87.0511,6.75,6.75,8.25
17.7,-4.5,-1.5,-3,-3.75,2.13953,1.0011,1.04053,3,0.83423,1,0.820314,0,0.820314,0.816408,0,76.5625,166.056,168.972,166.417,4909.75,2220,2037.34,970,2316.09,177.305,194.063,199.594,177.563,194.063,810.818,66.75,18.196,11.8987,18.9,93.75,100,100,-3,0.203125,87.0511,9.75,9.75,8.25
17.733,-4.5,-1.5,-3,-3.75,2.13483,1.0011,1.04044,3,0.83423,1,0.820314,0,0.820314,0.82007,0,76.5625,167.195,161.889,164.611,4918.75,2200,2039.34,970,2310.82,177.68,192.961,199.617,175.898,192.961,810.818,66.75,18.268,11.9227,18.972,93.75,99.6079,100,-3,-0.109375,87.0511,8.25,8.25,7.5
17.767,-4.5,-1.5,-3,-3.75,2.13886,1.0011,1.04111,3,0.83423,1,0.820314,0,0.820314,0.819337,0,76.5625,166.445,174.028,167.278,4931.75,2200,2029.61,970,2321.41,177.047,193.313,199.617,177.68,193.313,815.623,66.75,18.16,11.8347,18.864,93.75,100,100,-3,0.234375,87.0511,9.75,9.75,7.5
17.8,-4.5,-1.5,-3,-3.75,2.11756,1.0011,1.04105,3,0.833009,1,0.820314,0,0.820314,0.816408,0,76.5625,167.778,153.167,165.945,4935,2200,2040.98,970,2300.27,178.055,193.313,199.617,178.453,193.313,815.623,66.75,18.28,11.896,18.992,93.75,100,100,-3,0.203125,87.0511,8.25,8.25,7.5
17.833,-4.5,-1.5,-3,-3.75,2.12946,1.0011,1.04144,3,0.833009,1,0.820314,0,0.820314,0.82007,0,76.5625,167.667,162.583,166.195,4946.25,2200,2037.85,970,2300.27,177.656,193.195,199.641,177.445,193.195,815.623,66.75,18.244,11.9173,18.956,93.75,100,100,-3,0.546875,87.0511,7.5,7.5,7.5
17.867,-4.5,-1.5,-3,-3.75,2.14484,1.0011,1.04141,3,0.833009,1,0.820314,0,0.820314,0.819337,0,76.5625,167.139,180.806,167.056,4956,2210,2023.44,970,2316.09,176.602,193.922,199.641,176.438,193.922,815.623,66.75,18.112,11.832,18.824,93.75,100,100,-3,0.390625,87.0511,10.5,10.5,7.5
17.9,-4.5,-3,-3,-3.75,2.11139,1.0011,1.04096,3,0.832033,1,0.820314,0,0.820314,0.816408,0,76.5625,168.583,153.806,166.833,4974.25,2210,2043.44,970,2284.41,178.383,193.922,199.641,180.727,193.922,815.623,67.5,18.312,11.8827,19.016,93.75,100,100,-3,-0.078125,87.0511,9,9,8.25
17.933,-4.5,-3,-3,-3.75,2.13111,1.0011,1.03912,3,0.832033,1,0.820314,0,0.820314,0.813722,0,76.5625,169.167,166.667,166.195,4984,2200,2026.76,970,2302.89,177.281,194.063,199.664,173.531,194.063,815.623,67.5,18.172,11.9067,18.876,93.75,100,100,-3,0.890625,87.0511,7.5,7.5,7.5
17.967,-4.5,-3,-3,-3.75,2.12378,1.0011,1.03653,3,0.832033,1,0.820314,0,0.820314,0.81006,0,76.5625,167.778,171.445,168.167,4987.5,2200,2019.53,970,2300.27,176.508,193.781,199.664,177.305,193.781,819.978,67.5,18.032,11.7467,18.736,93.75,100,100,-3,0.375,87.0511,8.25,8.25,9.75
18,-4.5,-3,-3,-3.75,2.11817,1.0011,1.03479,3,0.8313,1,0.820314,0,0.820314,0.812745,0,76.5625,167.833,168.389,167.528,4999,2200,2018.24,970,2302.89,176.344,193.781,199.664,176.555,193.781,819.978,67.5,17.952,11.7253,18.656,93.75,100,100,-3,0.28125,87.0511,7.5,7.5,7.5
18.033,-4.5,-3,-3,-3.75,2.10999,1.0011,1.03473,3,0.8313,1,0.820314,0,0.820314,0.818361,0,76.5625,168.139,166.389,169.056,4999,2210,2016.84,970,2302.89,176.531,194.836,199.664,179.156,194.836,819.978,67.5,17.98,11.6853,18.684,93.75,100,100,-3,0.21875,87.0511,6.75,6.75,9
18.067,-4.5,-3,-3,-3.75,2.10321,1.0011,1.03528,3,0.8313,1,0.820314,0,0.820314,0.816408,0,76.5625,170.222,154.445,168.389,5012.5,2210,2030.94,970,2292.34,177.867,194.484,199.688,178.055,194.484,819.978,67.5,18.18,11.8267,18.884,93.75,100,100,-3,0.015625,87.0511,6,6,6
18.1,-4.5,-3,-3,-3.75,2.10797,1.00107,1.03653,3,0.830568,1,0.820314,0,0.820314,0.821046,0,76.5625,169.75,154.806,169.083,5024.25,2210,2028.75,970,2284.45,177.633,194.484,199.688,179.109,194.484,819.978,67.5,18.152,11.824,18.856,93.75,100,100,-3,0.546875,87.0511,7.5,7.5,9
18.133,-4.5,-3,-3,-3.75,2.13159,1.0011,1.03442,3,0.830568,1,0.820314,0,0.820314,0.813722,0,76.5625,170.695,170.806,170.417,5035,2200,2027.62,970,2297.58,177.516,193.406,199.641,175.711,193.406,819.978,67.5,18.12,11.8427,18.824,93.75,100,100,-3,0.0625,87.0511,9,9,8.25
18.167,-4.5,-3,-3,-3.75,2.13422,1.00107,1.03427,3,0.830568,1,0.820314,0,0.820314,0.816408,0,76.5625,170.611,177.583,169.722,5056.25,2200,2019.34,970,2297.58,176.719,193.523,199.594,174.914,193.523,824.412,67.5,18.008,11.776,18.712,93.75,99.6079,100,-3,0.578125,87.0511,8.25,8.25,7.5
18.2,-4.5,-3,-3,-3.75,2.11676,1.0011,1.03281,3,0.828615,1,0.820314,0,0.820314,0.814699,0,76.5625,170.806,163.778,170.417,5037.75,2200,2028.87,970,2284.41,177.563,193.523,199.594,178.102,193.523,824.412,68.25,18.068,11.768,18.772,93.75,100,100,-3,1.10938,87.0511,7.5,7.5,9
18.233,-4.5,-3,-3,-3.75,2.12982,1.00107,1.03381,3,0.828615,1,0.820314,0,0.820314,0.82007,0,76.5625,171.445,167.945,171.111,5058,2200,2030.98,970,2287.07,177.68,193.383,199.617,176.625,193.383,824.412,68.25,18.124,11.832,18.828,93.75,100,100,-3,0.125,87.0511,9,9,10.5
18.267,-4.5,-3,-3,-3.75,2.12366,1.0011,1.03412,3,0.828615,1,0.820314,0,0.820314,0.82007,0,76.5625,171.667,169.861,171.111,5067.5,2200,2026.05,970,2281.76,177.234,193.734,199.57,177.703,193.734,824.412,68.25,18.06,11.7653,18.764,93.75,100,100,-3,0.6875,87.0511,6.75,6.75,6.75
18.3,-4.5,-3,-3,-3.75,2.13587,1.00107,1.03531,3,0.826906,1,0.820314,0,0.820314,0.822023,0,76.5625,170.917,182.695,171.333,5083,2200,2013.79,970,2297.58,176.063,193.734,199.57,174.258,193.734,824.412,68.25,17.936,11.712,18.648,93.75,100,100,-3,0.234375,87.0511,7.5,7.5,7.5
18.333,-4.5,-3,-3,-3.75,2.13312,1.0011,1.03433,3,0.826906,1,0.820314,0,0.820314,0.815675,0,76.5625,169.917,187.389,171.556,5083,2200,2007.93,970,2308.2,175.102,193.055,199.523,175.289,193.055,824.412,68.25,17.796,11.6,18.508,93.75,100,100,-3,0.96875,87.0511,9,9,9
18.367,-4.5,-3,-3,-3.75,2.10962,1.00107,1.03473,3,0.826906,1,0.820314,0,0.820314,0.821046,0,76.5625,171.139,168.472,171.778,5107.25,2210,2016.88,970,2300.27,175.875,193.664,199.5,177.023,193.664,828.631,68.25,17.9,11.6427,18.612,93.75,100,100,-3,0.640625,87.0511,6.75,6.75,6.75
18.4,-4.5,-3,-3,-3.75,2.10199,1.00107,1.03458,3,0.825441,1,0.820314,0,0.820314,0.822999,0,76.5625,171.389,157.806,170.195,5109.75,2210,2023.16,970,2292.34,176.391,193.664,199.5,177.141,193.664,828.631,68.25,17.996,11.664,18.692,93.75,100,100,-3,0.078125,87.0511,9,9,8.25
18.433,-4.5,-3,-3,-3.75,2.11493,1.0011,1.03442,3,0.825441,1,0.820314,0,0.820314,0.816408,0,76.5625,174,157.278,170.417,5129,2190,2032.38,970,2292.34,177.211,191.883,199.453,173.063,191.883,828.631,68.25,18.084,11.8133,18.78,93.75,100,100,-3,0.578125,87.0511,9,9,8.25
18.467,-4.5,-3,-3,-3.75,2.12708,1.00107,1.03494,3,0.825441,1,0.820314,0,0.820314,0.821046,0,76.5625,173.417,172.333,172.472,5133.25,2190,2027.27,970,2284.41,176.672,191.813,199.453,175.5,191.813,828.631,68.25,18.044,11.792,18.74,93.75,100,100,-3,0.390625,87.0511,9,9,9
18.5,-4.5,-3,-3,-3.75,2.14087,1.00107,1.03589,3,0.824464,1,0.820314,0,0.820314,0.822999,0,76.5625,172.028,190.5,171.111,5141.25,2190,2007.5,970,2302.85,174.797,191.813,199.453,171.328,191.813,828.631,69,17.82,11.6773,18.532,93.75,100,100,-3,0.859375,87.0511,8.25,8.25,8.25
18.533,-4.5,-4.5,-3,-3.75,2.09381,1.0011,1.03516,3,0.824464,1,0.820314,0,0.820314,0.816408,0,76.5625,172.25,158.222,171.333,5145.75,2190,2019.26,970,2271.21,175.828,191.883,199.43,179.133,191.883,828.631,69,17.88,11.6667,18.592,93.75,100,100,-3.75,0.4375,87.0511,7.5,7.5,7.5
18.567,-4.5,-4.5,-3,-3.75,2.12213,1.0011,1.03433,3,0.824464,1,0.820314,0,0.820314,0.816408,0,76.5625,173.167,174.583,171.556,5163.5,2180,2013.05,970,2292.34,175.242,190.594,199.383,172.148,190.594,832.498,69,17.872,11.6427,18.584,93.75,99.6079,100,-3.75,0.625,87.0511,6.75,6.75,6.75
18.6,-4.5,-4.5,-3,-3.75,2.11249,1.0011,1.03626,3,0.823732,1,0.820314,0,0.820314,0.826661,0,76.5625,172.361,177.611,171.556,5167,2180,2006.48,970,2284.41,174.563,190.594,199.383,174.422,190.594,832.498,69,17.78,11.6187,18.484,93.75,100,100,-3.75,0.75,87.0511,6,6,6
18.633,-4.5,-4.5,-3,-3.75,2.12726,1.0011,1.03656,3,0.823732,1,0.820314,0,0.820314,0.826661,0,76.5625,171.945,186.667,173.361,5167.75,2180,2004.14,970,2300.23,173.93,190.078,199.359,172.781,190.078,832.498,69,17.7,11.5707,18.404,93.75,100,100,-3.75,0.359375,87.0511,9,9,9
18.667,-4.5,-4.5,-3,-3.75,2.08923,1.0011,1.04034,3,0.823732,1,0.820314,0,0.820314,0.825685,0,76.5625,174.222,157.25,172.917,5194.75,2180,2029.88,970,2260.63,176.25,190.617,199.336,178.477,190.617,832.498,69,18.072,11.7253,18.776,93.75,99.2157,100,-3.75,0.453125,87.0511,4.5,4.5,4.5
18.7,-4.5,-4.5,-3,-3.75,2.1084,1.0011,1.04065,3,0.822999,1,0.820314,0,0.820314,0.821046,0,76.5625,174.222,164.722,173.833,5190.25,2180,2024.57,970,2265.98,175.711,190.617,199.336,177.398,190.617,832.498,69,18.012,11.744,18.716,93.75,100,100,-3.75,0.703125,87.0511,9,9,9
18.733,-4.5,-4.5,-3,-3.75,2.12543,1.0011,1.03848,3,0.822999,1,0.820314,0,0.820314,0.815675,0,76.5625,174.167,177.417,172.472,5208.25,2160,2017.15,970,2279.1,174.984,188.742,199.313,172.711,188.742,832.498,69,17.912,11.72,18.616,93.75,100,100,-3.75,1.14063,87.0511,7.5,7.5,7.5
18.767,-4.5,-4.5,-3,-3.75,2.12512,1.0011,1.03885,3,0.822999,1,0.820314,0,0.820314,0.819337,0,76.5625,173.945,181.222,173.139,5212.75,2160,2012.81,970,2276.45,174.563,188.859,199.266,173.297,188.859,836.209,69,17.84,11.6587,18.544,93.75,100,100,-3.75,0.796875,87.0511,7.5,7.5,7.5
18.8,-4.5,-4.5,-3,-3.75,2.09509,1.0011,1.03699,3,0.822511,1,0.820314,0,0.820314,0.816408,0,76.5625,173.695,164.806,174.972,5230,2160,2020.27,970,2252.73,175.195,188.859,199.266,181.758,188.859,836.209,69.75,17.84,11.576,18.536,93.75,100,100,-3.75,0.40625,87.0511,7.5,7.5,7.5
18.833,-4.5,-4.5,-3,-3.75,2.12287,1.00107,1.03873,3,0.822511,1,0.820314,0,0.820314,0.822999,0,76.5625,173.417,186.222,175.417,5224.5,2160,2010.2,970,2279.14,174.234,188.789,199.242,177.07,188.789,836.209,69.75,17.78,11.5947,18.476,93.75,99.6079,100,-3.75,0.796875,87.0511,7.5,7.5,9.75
18.867,-4.5,-4.5,-3,-3.75,2.09754,1.00107,1.04031,3,0.822511,1,0.820314,0,0.820314,0.824708,0,76.5625,176.306,159.056,175.195,5251,2150,2035.59,970,2260.63,176.531,187.5,199.219,178.688,187.5,836.209,69.75,18.132,11.7707,18.828,93.75,100,100,-3.75,0.90625,87.0511,6.75,6.75,6.75
18.9,-4.5,-4.5,-3,-3.75,2.12164,1.00107,1.04141,3,0.822023,1,0.820314,0,0.820314,0.822023,0,76.5625,176.417,176.556,174.75,5250.25,2150,2022.19,970,2268.59,175.242,187.5,199.219,175.242,187.5,836.209,69.75,18.008,11.7893,18.712,93.75,100,100,-3.75,0.546875,87.0511,7.5,7.5,7.5
18.933,-4.5,-4.5,-3,-3.75,2.11981,1.00107,1.04147,3,0.822023,1,0.820314,0,0.820314,0.82007,0,76.5625,176.25,167.833,173.611,5254.75,2150,2029.34,970,2260.66,175.477,187.031,199.195,174.234,187.031,836.209,69.75,18.036,11.776,18.74,93.75,100,100,-3.75,1.125,87.0511,7.5,7.5,7.5
18.967,-4.5,-4.5,-3,-3.75,2.13721,1.00107,1.03876,3,0.822023,1,0.820314,0,0.820314,0.809083,0,76.5625,176.25,184.778,175.417,5277,2160,2020.78,970,2271.21,174.656,187.547,199.172,171.891,187.547,840.174,69.75,17.888,11.7067,18.592,93.75,100,100,-3.75,1.0625,87.4112,6.75,6.75,6.75
19,-4.5,-4.5,-3,-3.75,2.10687,1.00107,1.03647,3,0.821779,1,0.820314,0,0.820314,0.814699,0,76.5625,175.333,170.778,176.111,5279.75,2160,2023.32,970,2247.42,174.82,187.547,199.172,179.32,187.547,840.174,69.75,17.796,11.5893,18.5,93.75,100,100,-3.75,1.03125,87.4112,6.75,6.75,6.75
19.033,-4.5,-4.5,-3,-3.75,2.12335,1.0011,1.03409,3,0.821779,1,0.820314,0,0.820314,0.812745,0,77.3438,177.222,179.5,176.75,5293.75,2120,2015.04,970,2268.55,175.289,185.672,199.148,173.625,185.672,840.174,69.75,17.84,11.64,18.544,93.75,100,100,-3.75,0.765625,87.7698,8.25,8.25,7.5
19.067,-4.5,-4.5,-3,-3.75,2.10614,1.0011,1.03555,3,0.821779,1,0.820314,0,0.820314,0.819337,0,77.7344,176.583,176.333,174.972,5306.75,2110,2004.84,970,2260.63,174.281,184.336,199.125,173.672,184.336,840.174,69.75,17.716,11.5733,18.42,93.75,99.6079,100,-3.75,0.734375,88.1299,8.25,8.25,7.5
19.1,-4.5,-4.5,-3,-3.75,2.10083,1.00107,1.03552,3,0.82129,1,0.820314,0,0.820314,0.817384,0,77.7344,176.417,174.5,175.917,5306.75,2110,2004.77,970,2255.35,174.234,184.336,199.125,175.219,184.336,840.174,69.75,17.668,11.5547,18.388,93.75,99.6079,100,-3.75,1.35938,88.1299,7.5,7.5,7.5
19.133,-4.5,-4.5,-3,-3.75,2.09845,1.0011,1.03574,3,0.82129,1,0.820314,0,0.820314,0.816408,0,77.7344,177.056,169.972,174.056,5321,2130,2004.88,970,2247.42,174.234,185.742,199.078,173.109,185.742,840.174,69.75,17.72,11.5813,18.44,93.75,99.6079,100,-3.75,0.84375,88.1299,7.5,7.5,7.5
19.167,-4.5,-4.5,-3,-3.75,2.10834,1.0011,1.03757,3,0.82129,1,0.820314,0,0.820314,0.825685,0,77.7344,175.722,191.028,177.722,5327.5,2130,1992.03,970,2260.63,173.016,185.719,199.055,175.523,185.719,843.572,69.75,17.504,11.456,18.224,93.75,100,100,-3.75,0.78125,88.1299,7.5,7.5,7.5
19.2,-4.5,-4.5,-3,-3.75,2.08423,1.0011,1.03815,3,0.82129,1,0.820314,0,0.820314,0.821046,0,77.7344,177.417,160.945,177.722,5337,2130,2013.44,970,2247.42,174.914,185.719,199.055,175.617,185.719,843.572,71.25,17.804,11.528,18.508,93.75,100,100,-3.75,1.42188,88.1299,9,9,7.5
19.233,-4.5,-4.5,-3,-3.75,2.11792,1.0011,1.039,3,0.82129,1,0.820314,0,0.820314,0.819337,0,77.7344,177.278,188,178.667,5347.5,2130,2000.27,970,2265.94,173.672,185.766,199.031,172.711,185.766,843.572,71.25,17.68,11.576,18.384,93.75,100,100,-3.75,0.96875,88.1299,8.25,8.25,7.5
19.267,-4.5,-4.5,-3,-3.75,2.094,1.00107,1.0379,3,0.82129,1,0.820314,0,0.820314,0.816408,0,78.125,178.222,169.306,178.139,5360,2110,2008.24,970,2252.7,174.352,184.406,199.008,175.992,184.406,843.572,71.25,17.752,11.5493,18.456,93.75,100,100,-3.75,1.14063,88.49,9,9,7.5
19.3,-4.5,-4.5,-3,-3.75,2.10523,1.00107,1.03781,3,0.821046,1,0.820314,0,0.820314,0.819337,0,78.125,179.25,171.361,177.945,5367.5,2110,2014.41,970,2255.31,174.867,184.406,199.008,173.555,184.406,843.572,71.25,17.84,11.6453,18.56,93.75,100,100,-3.75,0.859375,88.8501,8.25,8.25,6.75
19.333,-4.5,-4.5,-3,-3.75,2.12689,1.0011,1.03839,3,0.821046,1,0.820314,0,0.820314,0.819337,0,78.5156,177.639,196.583,178.445,5373.25,2110,2001.09,970,2265.94,173.227,183.984,198.961,172.969,183.984,843.572,71.25,17.616,11.5547,18.336,93.75,100,100,-3.75,1.21875,88.8501,7.5,7.5,8.25
19.367,-4.5,-4.5,-3,-3.75,2.09772,1.0011,1.0369,3,0.821046,1,0.820314,0,0.820314,0.814699,0,78.9063,179.278,167.75,180.056,5383,2120,2019.8,970,2250.12,174.867,184.43,198.961,177.82,184.43,847.048,71.25,17.804,11.592,18.524,93.75,100,100,-3.75,1.4375,89.2087,7.5,7.5,7.5
19.4,-4.5,-4.5,-3,-3.75,2.09296,1.00107,1.03632,3,0.820802,1,0.820314,0,0.820314,0.812745,0,78.9063,179.972,162.722,178.889,5409.25,2120,2020.63,970,2239.53,174.891,184.43,198.961,177.938,184.43,847.048,71.25,17.792,11.5813,18.496,93.75,100,100,-3.75,1.32813,89.5688,7.5,7.5,7.5
19.433,-4.5,-4.5,-3,-3.75,2.12427,1.00107,1.03714,3,0.820802,1,0.820314,0,0.820314,0.823732,0,79.2969,178.639,196.278,179.556,5410.25,2090,2001.48,970,2263.28,173.133,181.313,198.891,173.484,181.313,847.048,71.25,17.564,11.528,18.268,93.75,100,100,-3.75,1.26563,89.5688,6,6,6
19.467,-4.5,-4.5,-3,-3.75,2.11188,1.00107,1.03781,3,0.820802,1,0.820314,0,0.820314,0.821046,0,79.2969,179.972,176.306,180.528,5408.25,2080,2017.34,970,2260.63,174.492,181.078,198.914,175.266,181.078,847.048,71.25,17.78,11.592,18.484,93.75,100,100,-3.75,1.53125,89.5688,9,9,13.5
19.5,-4.5,-4.5,-3,-3.75,2.11719,1.00107,1.0398,3,0.820802,1,0.820314,0,0.820314,0.822999,0,79.2969,179.972,187.639,179.556,5426.75,2080,2007.7,970,2260.63,173.578,181.078,198.914,174.82,181.078,847.048,72.75,17.724,11.592,18.436,93.75,100,100,-3.75,0.796875,89.5688,8.25,8.25,8.25
19.533,-4.5,-4.5,-3,-3.75,2.11829,1.0011,1.03986,3,0.820802,1,0.820314,0,0.820314,0.819337,0,79.2969,180.361,184.972,180.056,5430.75,2090,2009.96,970,2268.52,173.766,181.406,198.844,172.617,181.406,847.048,72.75,17.74,11.5893,18.452,93.75,100,100,-3.75,0.828125,89.5688,6,6,6
19.567,-4.5,-4.5,-3,-3.75,2.10065,1.0011,1.03964,3,0.820802,1,0.820314,0,0.820314,0.816408,0,79.2969,181.306,167.445,179.583,5441.5,2090,2018.71,970,2252.73,174.492,181.219,198.844,174.984,181.219,850.388,72.75,17.868,11.6187,18.58,93.75,100,100,-3.75,1.0625,89.5688,7.5,7.5,8.25
19.6,-4.5,-4.5,-3,-3.75,2.11402,1.0011,1.03888,3,0.820558,1,0.820314,0,0.820314,0.817384,0,79.2969,181.861,180.028,180.972,5454.5,2090,2016.25,970,2255.35,174.211,181.219,198.844,174.211,181.219,850.388,72.75,17.828,11.6453,18.532,93.75,100,100,-3.75,1.26563,89.9289,6,6,6
19.633,-4.5,-4.5,-3,-3.75,2.11878,1.0011,1.03857,3,0.820558,1,0.820314,0,0.820314,0.819337,0,79.6875,180.722,186.139,180.5,5465.25,2090,2010.86,970,2263.24,173.32,180.984,198.797,172.594,180.984,850.388,72.75,17.66,11.5467,18.364,93.75,100,100,-3.75,1.375,89.9289,8.25,8.25,8.25
19.667,-4.5,-4.5,-3,-3.75,2.125,1.00107,1.03864,3,0.820558,1,0.820314,0,0.820314,0.815675,0,79.6875,181.472,189.445,182.639,5474.25,2090,2011.13,970,2279.1,173.273,181.313,198.773,171.563,181.313,850.388,72.75,17.648,11.536,18.352,93.75,100,100,-3.75,0.65625,89.9289,9,9,7.5
19.7,-4.5,-4.5,-3,-3.75,2.08985,1.0011,1.03915,3,0.820558,1,0.820314,0,0.820314,0.821046,0,79.6875,181.917,164.417,181.695,5473.25,2090,2032.93,970,2242.15,175.195,181.313,198.773,178.43,181.313,850.388,72.75,17.9,11.5653,18.604,93.75,100,100,-3.75,1.01563,89.9289,7.5,7.5,8.25
19.733,-4.5,-4.5,-3,-3.75,2.11847,1.0011,1.03986,3,0.820558,1,0.820314,0,0.820314,0.823732,0,79.6875,182.222,180.333,182.361,5487.25,2080,2019.8,970,2265.94,173.977,179.555,198.75,173.742,179.555,850.388,72.75,17.808,11.6133,18.512,93.75,99.6079,100,-3.75,1.15625,89.9289,7.5,7.5,7.5
19.767,-4.5,-4.5,-3,-3.75,2.0976,1.00107,1.04126,3,0.820558,1,0.820314,0,0.820314,0.819337,0,79.6875,183.083,165.972,180.667,5498.5,2080,2031.17,970,2236.88,174.938,179.578,198.727,177.141,179.578,853.591,72.75,17.956,11.6667,18.66,93.75,100,100,-3.75,1.07813,89.9289,6.75,6.75,6.75
19.8,-4.5,-4.5,-3,-3.75,2.12512,1.0011,1.04074,3,0.820558,1,0.820314,0,0.820314,0.817384,0,79.6875,182.75,186.417,183.806,5508.5,2080,2020.12,970,2263.28,173.859,179.578,198.727,173.438,179.578,853.591,72.75,17.812,11.616,18.508,93.75,100,100,-3.75,0.25,89.9289,6.75,6.75,6.75
19.833,-4.5,-4.5,-3,-3.75,2.1247,1.0011,1.04041,3,0.820558,1,0.820314,0,0.820314,0.819337,0,79.6875,182.556,190.583,180.778,5516.5,2080,2010.51,970,2263.28,172.969,179.672,198.609,171.563,179.672,853.591,72.75,17.648,11.544,18.344,93.75,100,100,-3.75,0.625,89.9289,7.5,7.5,8.25
19.867,-4.5,-4.5,-3,-3.75,2.12006,1.00107,1.03851,3,0.820558,1,0.820314,0,0.820314,0.812745,0,79.6875,182.972,185.75,182.389,5531.75,2060,2013.16,970,2271.17,173.133,178.148,198.328,171.258,178.148,853.591,72.75,17.668,11.5387,18.364,93.75,100,100,-3.75,0.46875,89.9289,6,6,6
19.9,-4.5,-4.5,-3,-3.75,2.10675,1.0011,1.03864,3,0.820558,1,0.820314,0,0.820314,0.818361,0,79.6875,182.861,175.695,183.5,5531.75,2060,2018.4,970,2252.73,173.531,178.148,198.328,176.625,178.148,853.591,74.25,17.728,11.5547,18.424,93.75,100,100,-3.75,0.46875,89.9289,7.5,7.5,8.25
19.933,-4.5,-4.5,-3,-3.75,2.11176,1.00107,1.03928,3,0.820558,1,0.820314,0,0.820314,0.822023,0,79.6875,183.333,177.639,183.5,5541,2050,2023.71,970,2258.05,173.578,176.414,198.234,175.359,176.414,853.591,74.25,17.732,11.5467,18.428,93.75,100,100,-3.75,0.734375,89.9289,7.5,7.5,7.5
19.967,-4.5,-4.5,-3,-3.75,2.10498,1.0011,1.03989,3,0.820558,1,0.820314,0,0.820314,0.82007,0,79.6875,184.778,167.695,183.778,5556.5,2050,2032.81,970,2247.42,174.328,176.813,197.789,175.406,176.813,856.873,74.25,17.832,11.6373,18.528,93.75,100,100,-3.75,0.828125,89.9289,6,6,6
20,-4.5,-4.5,-3,-3.75,2.11633,1.00107,1.0405,3,0.820558,1,0.820314,0,0.820314,0.82007,0,79.6875,183.139,176.528,183.583,5553.25,2060,2027.85,970,2252.66,173.836,176.813,197.789,174,176.813,856.873,74.25,17.78,11.5653,18.5,93.75,100,100,-3.75,0.75,89.9289,8.25,8.25,9
20.033,-4.5,-4.5,-3,-3.75,2.12384,1.00107,1.03857,3,0.820558,1,0.820314,0,0.820314,0.812745,0,79.6875,182.056,195.833,182.361,5576,2050,2009.34,970,2252.7,172.125,176.438,197.883,174.211,176.438,856.873,74.25,17.496,11.4533,18.216,93.75,100,100,-3.75,0.71875,89.9289,7.5,7.5,7.5
20.067,-4.5,-4.5,-3,-3.75,2.10889,1.00107,1.03601,3,0.820558,1,0.820314,0,0.820314,0.809083,0,79.6875,185,175.333,182.083,5586.5,2050,2018.05,970,2250.04,172.875,176.438,197.32,171.117,176.438,856.873,74.25,17.596,11.5227,18.316,93.75,100,100,-3.75,0.34375,89.9289,6.75,6.75,6.75
20.1,-4.5,-4.5,-3,-3.75,2.10535,1.00107,1.03476,3,0.818849,1,0.820314,0,0.818849,0.815675,0,79.6875,184.583,172.056,182.167,5589.5,2050,2018.91,970,2239.49,172.922,176.438,197.32,172.289,176.438,856.873,74.25,17.592,11.496,18.304,94.5,100,100,-3.75,1.14063,89.9289,6.75,6.75,6.75
20.133,-4.5,-4.5,-3,-3.75,2.1358,1.00107,1.03409,3,0.818849,1,0.820314,0,0.818849,0.818361,0,79.6875,185,193.695,183.083,5599,2040,2009.49,970,2263.24,172.055,175.008,197.203,165.445,175.008,856.873,74.25,17.492,11.512,18.204,94.5,100,100,-3.75,0.421875,89.9289,7.5,7.5,7.5
20.167,-4.5,-4.5,-3,-3.75,2.09186,1.00107,1.03623,3,0.818849,1,0.820314,0,0.818849,0.821046,0,79.6875,183.5,173.5,184.917,5607.25,2040,2011.6,970,2226.29,172.219,175.008,197.156,175.758,175.008,860.017,74.25,17.464,11.384,18.176,94.5,100,100,-3.75,0.390625,89.9289,6,6,6
20.2,-4.5,-4.5,-3,-3.75,2.11029,1.0011,1.03684,3,0.817628,1,0.820314,0,0.817628,0.818361,0,79.6875,184.778,188.306,183.778,5608.5,2040,2002.85,970,2236.88,171.422,175.008,197.156,171.117,175.008,860.017,75,17.456,11.464,18.152,94.5,100,100,-3.75,0.546875,89.9289,6.75,6.75,6.75
20.233,-4.5,-4.5,-3,-3.75,2.08905,1.0011,1.03842,3,0.817628,1,0.820314,0,0.817628,0.82007,0,79.6875,184.25,168.528,183.222,5625.25,2040,2012.07,970,2218.36,171.891,174.633,197.016,173.438,174.633,860.017,75,17.512,11.4267,18.208,94.5,100,100,-3.75,1,89.9289,8.25,8.25,6.75
20.267,-4.5,-4.5,-3,-3.75,2.10895,1.0011,1.03864,3,0.817628,1,0.820314,0,0.817628,0.818361,0,79.6875,184.778,183.889,181.945,5641,2030,2000.43,970,2239.45,170.813,173.602,196.5,166.031,173.602,860.017,75,17.348,11.3733,18.044,94.5,100,100,-3.75,0.78125,89.9289,5.25,5.25,5.25
20.3,-4.5,-4.5,-3,-3.75,2.09747,1.0011,1.03867,3,0.816652,1,0.820314,0,0.816652,0.817384,0,79.6875,182.861,185.389,180.111,5650.75,2030,1991.72,970,2228.95,170.016,173.602,196.5,167.344,173.602,860.017,75,17.224,11.312,17.928,94.5,100,100,-3.75,0.984375,89.9289,5.25,5.25,5.25
20.333,-4.5,-4.5,-3,-3.75,2.08997,1.00107,1.03638,3,0.816652,1,0.820314,0,0.816652,0.811036,0,79.6875,183.556,180.361,182.639,5653.75,2020,1995.9,970,2215.74,170.391,173.227,196.383,171.07,173.227,860.017,75,17.268,11.3253,17.972,94.5,100,100,-3.75,0.984375,89.9289,6.75,6.75,6.75
20.367,-4.5,-4.5,-3,-3.75,2.09448,1.0011,1.03656,3,0.816652,1,0.820314,0,0.816652,0.812745,0,79.6875,184.361,183.695,182.639,5661.25,2020,1993.36,970,2213.09,170.156,173.227,196.195,168.891,173.227,863.025,75,17.252,11.344,17.956,94.5,100,100,-3.75,0.546875,89.9289,6,6,6
20.4,-4.5,-4.5,-3,-3.75,2.07385,1.0011,1.03598,3,0.815675,1,0.820314,0,0.815675,0.816408,0,79.6875,182.75,176.028,183.5,5663.5,2020,1994.57,970,2189.3,170.25,173.227,196.195,175.594,173.227,863.025,75,17.156,11.2267,17.86,94.5,100,100,-3.75,1.125,89.9289,8.25,8.25,8.25
20.433,-4.5,-4.5,-3,-3.75,2.07941,1.00107,1.03519,3,0.815675,1,0.820314,0,0.815675,0.812745,0,79.6875,185.111,173.472,182.361,5680.5,1990,1991.41,970,2197.23,169.969,170.414,196.008,168.258,170.414,863.025,75,17.228,11.3253,17.932,94.5,100,100,-3.75,0.984375,89.9289,6.75,6.75,7.5
20.467,-4.5,-4.5,-3,-3.75,2.08978,1.0011,1.03644,3,0.815675,1,0.820314,0,0.815675,0.816408,0,79.6875,182.917,195.611,183.083,5693.5,1990,1973.24,970,2207.81,168.328,170.414,195.844,167.906,170.414,863.025,75,16.948,11.1733,17.652,94.5,100,98.8236,-3.75,1.04688,89.9289,5.25,5.25,5.25
20.5,-4.5,-4.5,-3,-3.75,2.06616,1.00107,1.03653,3,0.815187,1,0.820314,0,0.815187,0.816408,0,79.6875,183.195,174.722,183.083,5702.25,1990,1981.17,970,2189.3,169.031,170.414,195.844,170.109,170.414,863.025,75,17.028,11.1867,17.74,94.5,98.8236,98.8236,-3.75,1,89.9289,6.75,6.75,7.5
20.533,-4.5,-4.5,-3,-3.75,2.07666,1.0011,1.03687,3,0.815187,1,0.820314,0,0.815187,0.812745,0,79.6875,182.333,191.5,182.639,5723,1990,1965.16,970,2205.16,167.227,170.039,195.328,167.156,170.039,863.025,75,16.788,11.1013,17.5,94.5,98.8236,100,-3.75,0.828125,89.9289,5.25,5.25,5.25
20.567,-4.5,-4.5,-3,-3.75,2.04236,1.00107,1.03708,3,0.815187,1,0.820314,0,0.815187,0.813722,0,79.6875,183.195,165.195,182.083,5715.25,2000,1980.04,970,2181.41,168.563,170.414,195.023,172.875,170.414,865.916,75,16.968,11.1227,17.68,94.5,100,100,-3.75,0.625,89.9289,8.25,8.25,9.75
20.6,-4.5,-4.5,-3,-3.75,2.06763,1.0011,1.03842,3,0.814454,1,0.820314,0,0.814454,0.818361,0,79.6875,184.722,176.083,184.917,5725,2000,1981.76,970,2194.61,168.727,170.414,195.023,169.641,170.414,865.916,76.5,17.092,11.2133,17.788,94.5,100,100,-3.75,1.26563,89.9289,6.75,6.75,6.75
20.633,-4.5,-4.5,-3,-3.75,2.07861,1.0011,1.03946,3,0.814454,1,0.820314,0,0.814454,0.82007,0,79.6875,184.778,191.639,182.861,5736,1980,1964.57,970,2199.88,168.352,169.805,194.625,166.055,169.805,865.916,76.5,17.052,11.2427,17.748,94.5,100,100,-3.75,0.65625,89.9289,8.25,8.25,8.25
20.667,-4.5,-4.5,-3,-3.75,2.07892,1.00107,1.04117,3,0.814454,1,0.820314,0,0.814454,0.816408,0,79.6875,183.556,201.028,183.583,5749.25,1960,1950.39,970,2210.43,167.063,168.609,194.086,164.648,168.609,865.916,76.5,16.872,11.1467,17.568,94.5,100,100,-3.75,0.859375,89.9289,7.5,7.5,9
20.7,-4.5,-4.5,-3,-3.75,2.04633,1.00107,1.0398,3,0.81421,1,0.820314,0,0.81421,0.809083,0,79.6875,183.5,177.25,182.083,5759.25,1960,1953.75,970,2194.61,167.344,168.609,194.086,166.102,168.609,865.916,76.5,16.836,11.1173,17.548,94.5,100,100,-3.75,1.15625,89.9289,6,6,6
20.733,-4.5,-4.5,-3,-3.75,2.03577,1.00107,1.03983,3,0.81421,1,0.820314,0,0.81421,0.811769,0,79.6875,184.028,167.111,182.167,5763.5,1960,1959.57,970,2178.75,167.508,168.047,193.547,168.07,168.047,865.916,76.5,16.876,11.1093,17.588,94.5,99.6079,100,-3.75,0.953125,89.9289,6,6,6
20.767,-4.5,-4.5,-3,-3.75,2.03656,1.00107,1.03778,3,0.81421,1,0.820314,0,0.81421,0.81006,0,79.6875,183.083,177.361,182.083,5780.25,1960,1949.3,970,2176.09,166.57,168.398,193.219,167.836,168.398,868.494,76.5,16.676,11.0133,17.388,94.5,99.6079,100,-3.75,0.671875,89.9289,6.75,6.75,6.75
20.8,-4.5,-4.5,-3,-3.75,2.0376,1.00107,1.03897,3,0.813722,1,0.820314,0,0.813722,0.817384,0,79.6875,183.333,174.445,181.945,5788,1960,1949.14,970,2178.75,166.547,168.398,193.219,164.813,168.398,868.494,76.5,16.724,11.0507,17.42,94.5,100,100,-3.75,1.15625,89.9289,6,6,6
20.833,-4.5,-4.5,-3,-3.75,2.04267,1.0011,1.03928,3,0.813722,1,0.820314,0,0.813722,0.815675,0,79.6875,184.361,179.333,183.778,5790.25,1960,1951.95,970,2170.82,166.805,168.023,192.75,167.438,168.023,868.494,76.5,16.764,11.0827,17.46,94.5,100,100,-3.75,1.39063,89.9289,7.5,7.5,9
20.867,-4.5,-4.5,-3,-3.75,2.02216,1.0011,1.04114,3,0.813722,1,0.820314,0,0.813722,0.816408,0,79.6875,185.278,165.389,182.639,5800.25,1940,1957.89,970,2152.34,167.344,166.594,192.141,168.867,166.594,868.494,76.5,16.896,11.104,17.592,94.5,99.6079,100,-3.75,0.734375,89.9289,7.5,7.5,7.5
20.9,-4.5,-4.5,-3,-3.75,2.05298,1.0011,1.04395,3,0.812013,1,0.820314,0,0.812013,0.821046,0,79.6875,184.083,199.417,183.5,5809.25,1940,1931.84,970,2176.09,164.977,166.594,192.141,163.898,166.594,868.494,76.5,16.692,11.104,17.388,94.5,99.6079,100,-3.75,1.28125,89.9289,9,9,9
20.933,-4.5,-4.5,-3,-3.75,2.05316,1.00107,1.04254,3,0.812013,1,0.820314,0,0.812013,0.811769,0,79.6875,183.139,205.778,182.917,5825,1930,1923.52,970,2186.68,164.227,165.188,191.766,162,165.188,868.494,76.5,16.428,10.928,17.124,94.5,99.6079,100,-3.75,0.828125,89.9289,6.75,6.75,6.75
20.967,-4.5,-4.5,-3,-3.75,1.98956,1.0011,1.0434,3,0.812013,1,0.820314,0,0.812013,0.811769,0,79.6875,182.695,163.722,182.361,5836.5,1930,1937.07,970,2144.41,165.445,165.188,191.25,172.547,165.188,870.779,76.5,16.588,10.9227,17.284,94.5,100,100,-3.75,0.8125,89.9289,6.75,6.75,6.75
21,-4.5,-4.5,-3,-3.75,2.01135,1.00107,1.04376,3,0.810548,1,0.820314,0,0.810548,0.816408,0,79.6875,184.583,165.5,184.639,5841,1930,1943.05,970,2154.96,166.008,165.188,191.25,168.539,165.188,870.779,78,16.788,11.008,17.5,94.5,100,100,-3.75,1.14063,89.9289,6,6,6
21.033,-4.5,-4.5,-3,-3.75,2.04791,1.0011,1.04443,3,0.810548,1,0.820314,0,0.810548,0.815675,0,79.6875,183.278,198.917,182.861,5846.75,1930,1923.59,970,2184.02,163.875,164.836,191.063,160.828,164.836,870.779,78,16.54,10.984,17.252,94.5,100,100,-3.75,0.859375,89.9289,7.5,7.5,7.5
21.067,-4.5,-4.5,-3,-3.75,2.03192,1.0011,1.04724,3,0.810548,1,0.820314,0,0.810548,0.816408,0,79.6875,184.195,186.417,182.917,5867.25,1930,1926.29,970,2170.82,164.133,165.188,190.617,160.781,165.188,870.779,78,16.632,11.0347,17.344,94.5,100,100,-3.75,1.15625,89.9289,8.25,8.25,6.75
21.1,-4.5,-4.5,-3,-3.75,2.01965,1.00107,1.04898,3,0.809327,1,0.820314,0,0.809327,0.818361,0,79.6875,183.445,182.417,184.056,5882.25,1930,1928.98,970,2152.34,164.367,165.188,190.617,166.758,165.188,870.779,78,16.66,11.0107,17.364,94.5,100,100,-3.75,0.578125,89.9289,7.5,7.5,5.25
21.133,-4.5,-4.5,-3,-3.75,2.01496,1.0011,1.05063,3,0.809327,1,0.820314,0,0.809327,0.811769,0,79.6875,184.611,177.111,182.639,5882.25,1900,1926.91,970,2149.69,164.203,162,189.867,164.25,162,872.986,78,16.732,11.056,17.436,94.5,100,100,-3.75,1.26563,89.9289,7.5,7.5,6.75
21.167,-4.5,-4.5,-3,-3.75,2.02954,1.0011,1.05209,3,0.809327,1,0.820314,0,0.809327,0.813722,0,79.6875,182.917,200.833,183.361,5885.75,1900,1909.73,970,2160.27,162.633,162,189.445,162.703,162,872.986,78,16.464,10.9413,17.168,94.5,100,100,-3.75,0.828125,89.9289,9,9,7.5
21.2,-4.5,-4.5,-3,-3.75,2.00635,1.00107,1.05002,3,0.808351,1,0.820314,0,0.808351,0.809083,0,79.6875,183.667,174.861,182.917,5893.75,1900,1920.78,970,2146.99,163.617,162,189.445,163.547,162,872.986,78,16.588,10.928,17.292,94.5,100,100,-3.75,0.765625,89.9289,7.5,7.5,9.75
21.233,-4.5,-4.5,-3,-3.75,2.03192,1.00107,1.05014,3,0.808351,1,0.820314,0,0.808351,0.806398,0,79.6875,181.278,214.75,182.083,5903,1880,1888.87,970,2170.82,160.734,160.594,189.188,160.992,160.594,872.986,78,16.18,10.8027,16.884,94.5,100,100,-3.75,1.15625,89.9289,9,9,9.75
21.267,-4.5,-4.5,-3,-3.75,2.00433,1.00107,1.04819,3,0.808351,1,0.820314,0,0.808351,0.801759,0,79.6875,183.25,184.945,183.222,5909,1880,1908.13,970,2152.34,162.492,160.594,188.695,163.336,160.594,872.986,78,16.4,10.896,17.104,94.5,100,100,-3.75,0.90625,89.9289,9,9,9
21.3,-4.5,-4.5,-3,-3.75,2.02631,1.00107,1.04834,3,0.807618,1,0.820314,0,0.807618,0.805421,0,79.6875,183.611,204.278,184.056,5928.75,1880,1893.75,970,2181.41,161.18,160.594,188.695,158.508,160.594,872.986,78,16.26,10.8507,16.964,94.5,100,100,-3.75,1.29688,89.9289,7.5,7.5,5.25
21.333,-4.5,-4.5,-3,-3.75,1.96723,1.00107,1.04779,3,0.807618,1,0.820314,0,0.807618,0.809083,0,79.6875,185.167,164.695,182.083,5934.5,1870,1925.27,970,2131.21,163.664,158.836,188.063,165.773,158.836,872.986,78,16.564,10.9067,17.268,94.5,100,100,-3.75,1.03125,89.9289,9,9,6.75
21.367,-4.5,-4.5,-3,-3.75,2.008,1.00107,1.0492,3,0.807618,1,0.820314,0,0.807618,0.808107,0,79.6875,183.389,191.861,182.083,5942.75,1870,1898.67,970,2152.34,161.25,159.188,187.453,160.125,159.188,875.076,78,16.28,10.848,16.984,94.5,100,100,-3.75,1.20313,89.9289,9,9,7.5
21.4,-4.5,-4.5,-3,-3.75,2.00568,1.00107,1.04767,3,0.80713,1,0.820314,0,0.80713,0.80005,0,79.6875,183.389,191.556,184.056,5948.75,1870,1900.04,970,2152.34,161.367,159.188,187.453,162.07,159.188,875.076,79.5,16.264,10.8107,16.996,94.5,99.6079,100,-3.75,1.10938,89.9289,7.5,7.5,7.5
21.433,-4.5,-4.5,-3,-3.75,1.9906,1.00107,1.04923,3,0.80713,1,0.820314,0,0.80713,0.808107,0,79.6875,183.25,183.222,183.222,5963,1870,1900.82,970,2144.41,161.438,158.813,187.219,164.789,158.813,875.076,79.5,16.26,10.792,16.992,94.5,100,100,-3.75,1.14063,89.9289,9.75,9.75,7.5
21.467,-4.5,-4.5,-3,-3.75,1.99536,1.00107,1.04807,3,0.80713,1,0.820314,0,0.80713,0.804445,0,79.6875,185.528,174.278,182.917,5972.5,1870,1906.09,970,2144.41,161.906,158.813,186.352,158.109,158.813,875.076,79.5,16.408,10.9173,17.14,94.5,100,100,-3.75,1.5,89.9289,9,9,7.5
21.5,-4.5,-4.5,-3,-3.75,2.00855,1.00107,1.04761,3,0.806642,1,0.820314,0,0.806642,0.804445,0,79.6875,183.445,201,185.195,5983,1870,1886.64,970,2154.92,160.148,158.813,186.352,159.352,158.813,875.076,79.5,16.116,10.8133,16.828,94.5,100,100,-3.75,0.65625,89.9289,7.5,7.5,8.25
21.533,-4.5,-4.5,-3,-3.75,2.00714,1.00107,1.04959,3,0.806642,1,0.820314,0,0.806642,0.809083,0,79.6875,181.472,210.778,182.917,5991.5,1870,1872.3,970,2162.89,158.531,158.484,185.953,158.391,158.484,875.076,79.5,15.884,10.6267,16.596,94.5,99.6079,100,-3.75,1.23438,89.9289,9.75,9.75,7.5
21.567,-4.5,-4.5,-3,-3,1.96582,1.0011,1.04926,3,0.806642,1,0.820314,0,0.806642,0.805421,0,79.6875,184.611,165.389,184.639,6002.25,1850,1902.54,970,2139.18,161.25,157.406,185.578,163.242,157.406,876.716,79.5,16.236,10.752,16.948,94.5,99.6079,100,-3.75,1.15625,89.9289,9.75,9.75,8.25
21.6,-4.5,-4.5,-3,-3,2.00897,1.0011,1.04852,3,0.806154,1,0.820314,0,0.806154,0.803712,0,79.6875,183.778,205.972,184.639,6013,1850,1877.5,970,2178.75,158.977,157.406,185.578,156.188,157.406,876.716,79.5,16.004,10.7387,16.716,94.5,99.6079,100,-3.75,0.65625,89.9289,8.25,8.25,9
21.633,-4.5,-4.5,-3,-3,1.98432,1.00107,1.05014,3,0.806154,1,0.820314,0,0.806154,0.808107,0,79.6875,183.139,190.472,181.5,6020.25,1840,1877.85,970,2162.89,159.023,155.672,185.086,157.992,155.672,876.716,79.5,15.96,10.656,16.672,94.5,100,100,-3.75,0.796875,89.9289,10.5,10.5,9.75
21.667,-4.5,-4.5,-3,-3,1.95551,1.00107,1.05231,3,0.806154,1,0.820314,0,0.806154,0.812745,0,79.6875,186.861,165.528,183.778,6030,1840,1911.33,970,2128.55,162.047,155.672,184.477,161.531,155.672,876.716,79.5,16.46,10.8987,17.172,94.5,99.2157,100,-3.75,0.9375,89.9289,9.75,9.75,9
21.7,-4.5,-4.5,-3,-3,1.9621,1.00107,1.05447,3,0.805909,1,0.820314,0,0.805909,0.814699,0,79.6875,186.556,166.111,184.056,6039.75,1840,1905.43,970,2115.35,161.508,155.672,184.477,162.844,155.672,876.716,80.25,16.452,10.9227,17.156,94.5,100,100,-3.75,0.75,89.9289,8.25,8.25,9
21.733,-4.5,-4.5,-3,-3,1.98212,1.00107,1.05649,3,0.805909,1,0.820314,0,0.805909,0.811036,0,79.6875,185.361,178.778,183.778,6044.5,1820,1892.54,970,2120.63,160.359,154.266,184.078,159.844,154.266,876.716,80.25,16.304,10.8533,17.008,94.5,100,100,-3.75,0.640625,89.9289,9.75,9.75,9
21.767,-3.75,-4.5,-3,-3,2.00049,1.00107,1.05466,3,0.805909,1,0.820314,0,0.805909,0.798341,0,79.6875,184.528,202.639,183.778,6064.25,1820,1874.88,970,2136.45,158.766,154.266,183.703,155.93,154.266,878.455,80.25,16.036,10.7307,16.74,94.5,100,100,-3.75,0.953125,89.9289,10.5,10.5,9.75
21.8,-3.75,-4.5,-3,-3,1.97479,1.0011,1.05093,3,0.805665,1,0.820314,0,0.805665,0.793702,0,79.6875,184.139,188.111,181.5,6075.25,1820,1872.23,970,2118.01,158.531,154.266,183.703,157.477,154.266,878.455,80.25,15.936,10.6613,16.648,94.5,99.6079,100,-3,0.625,89.9289,9.75,9.75,9.75
21.833,-3.75,-4.5,-3,-3,1.99323,1.0011,1.04935,3,0.805665,1,0.820314,0,0.805665,0.797609,0,79.6875,180.528,219.945,183.778,6076.5,1790,1844.38,970,2152.34,155.695,151.125,183.281,156.727,151.125,878.455,80.25,15.424,10.384,16.136,94.5,99.6079,100,-3,0.8125,89.9289,10.5,10.5,10.5
21.867,-3.75,-4.5,-3,-3,1.95093,1.00107,1.04956,3,0.805665,1,0.820314,0,0.805665,0.807374,0,79.6875,181.945,185.389,182.083,6090,1790,1856.05,970,2141.8,156.727,151.453,182.648,159.117,151.453,878.455,80.25,15.576,10.4187,16.288,94.5,97.6471,100,-3,0.578125,89.9289,10.5,10.5,9
21.9,-3.75,-4.5,-3,-3,1.93115,1.00107,1.05389,3,0.805421,1,0.820314,0,0.805421,0.818361,0,79.6875,183.556,163.389,183.222,6097.5,1790,1878.87,970,2131.21,158.789,151.453,182.648,159.281,151.453,878.455,80.25,15.912,10.5147,16.624,95.25,98.8236,100,-3,1,89.9289,9.75,9.75,9.75
21.933,-3.75,-4.5,-3,-3,1.92908,1.00107,1.05856,3,0.805421,1,0.820314,0,0.805421,0.82007,0,79.6875,188.306,163.389,182.639,6107.25,1790,1900.27,970,2104.77,160.711,151.125,182.297,157.195,151.125,878.455,80.25,16.428,10.8907,17.14,95.25,100,100,-3,0.578125,89.9289,9.75,9.75,7.5
21.967,-3.75,-4.5,-3,-3,1.96491,1.00107,1.06186,3,0.805421,1,0.820314,0,0.805421,0.811769,0,79.6875,183.028,195.25,183.5,6127.25,1790,1853.2,970,2131.21,156.492,151.125,182.063,156.82,151.125,879.744,80.25,15.792,10.5707,16.504,95.25,100,100,-3,0.578125,89.9289,10.5,10.5,9
22,-3.75,-4.5,-3,-3,1.94116,1.00107,1.05994,3,0.805421,1,0.820314,0,0.805421,0.796876,0,79.6875,184.528,162.972,183.5,6136,1790,1872.93,970,2107.42,158.273,151.125,182.063,159.469,151.125,879.744,82.5,15.996,10.624,16.712,94.5,100,100,-3,0.59375,89.9289,9,9,9
22.033,-3.75,-4.5,-3,-3,1.95807,1.00107,1.05844,3,0.805421,1,0.820314,0,0.805421,0.799073,0,79.6875,183.667,182.139,182.639,6141,1770,1859.06,970,2120.63,156.68,149.391,181.828,155.578,149.391,879.744,82.5,15.796,10.568,16.512,94.5,100,100,-3,0.53125,89.9289,10.5,10.5,9.75
22.067,-3.75,-4.5,-3,-3,1.92487,1.00107,1.05554,3,0.805421,1,0.820314,0,0.805421,0.804445,0,79.6875,185.417,161.556,182.083,6145,1780,1879.61,970,2086.29,158.508,149.719,181.688,160.266,149.719,879.744,82.5,15.996,10.632,16.712,94.5,99.6079,100,-3,0.71875,89.9289,10.5,10.5,9.75
22.1,-3.75,-4.5,-3,-3,1.98139,1.00107,1.0574,3,0.805177,1,0.820314,0,0.805177,0.802736,0,79.6875,184.833,208.806,182.639,6155,1780,1841.72,970,2125.9,155.109,149.719,181.688,152.977,149.719,879.744,82.5,15.644,10.6107,16.36,95.25,100,100,-3,0.53125,89.9289,9,9,9.75
22.133,-3.75,-4.5,-2.25,-3,1.96478,1.0011,1.05606,3,0.805177,1,0.820314,0,0.805177,0.800782,0,79.6875,182.75,198.611,182.361,6165,1760,1839.69,970,2131.21,154.922,147.984,181.289,152.531,147.984,879.744,82.5,15.464,10.4133,16.18,95.25,100,100,-3,0.78125,89.9289,10.5,10.5,9.75
22.167,-3.75,-4.5,-2.25,-3,1.95105,1.00107,1.05768,3,0.805177,1,0.820314,0,0.805177,0.807374,0,79.6875,182.972,189.5,183.222,6181.5,1760,1843.52,970,2128.55,155.273,147.984,180.914,155.32,147.984,880.798,82.5,15.524,10.4133,16.24,95.25,99.6079,100,-3,0.828125,89.9289,9.75,9.75,9.75
22.2,-3.75,-4.5,-2.25,-3,1.94006,1.00107,1.05863,3,0.805177,1,0.820314,0,0.805177,0.811769,0,79.6875,184.028,179.083,183.222,6185.5,1760,1848.48,970,2118.01,155.695,147.984,180.914,156.492,147.984,880.798,82.5,15.62,10.4373,16.352,95.25,100,99.2157,-3,0.703125,89.9289,11.25,11.25,9.75
22.233,-3.75,-4.5,-2.25,-3,1.9353,1.00107,1.06033,3,0.805177,1,0.820314,0,0.805177,0.808107,0,79.6875,185.417,162.278,182.639,6191.75,1740,1862.81,970,2107.42,156.633,146.297,180.727,156.023,146.297,880.798,82.5,15.816,10.5573,16.548,95.25,98.8236,100,-3,1.03125,89.9289,9.75,9.75,9.75
22.267,-3.75,-4.5,-2.25,-3,1.93561,1.0011,1.06171,3,0.805177,1,0.820314,0,0.805177,0.807374,0,79.6875,183.833,174.5,184.056,6198.25,1750,1853.55,970,2104.8,155.813,146.602,180.563,158.93,146.602,880.798,82.5,15.684,10.4507,16.416,95.25,100,100,-3,1.21875,89.9289,9.75,9.75,10.5
22.3,-3.75,-4.5,-2.25,-3,1.9577,1.00107,1.06265,3,0.804933,1,0.820314,0,0.804933,0.808107,0,79.6875,184.583,187.611,184.333,6208.5,1750,1847.77,970,2125.9,155.273,146.602,180.563,152.695,146.602,880.798,82.5,15.668,10.504,16.4,94.5,100,100,-3,0.65625,89.9289,11.25,11.25,9.75
22.333,-3.75,-4.5,-2.25,-3,1.93012,1.00107,1.06317,3,0.804933,1,0.820314,0,0.804933,0.808107,0,79.6875,185.528,162.056,181.222,6230.5,1740,1857.34,970,2091.6,156.141,146.273,180.398,156,146.273,880.798,82.5,15.776,10.5467,16.508,94.5,100,100,-3,0.734375,89.9289,9,9,8.25
22.367,-3.75,-4.5,-2.25,-3,1.95349,1.0011,1.06409,3,0.804933,1,0.820314,0,0.804933,0.806398,0,79.6875,184.195,191.139,184.333,6238.25,1740,1842.77,970,2099.49,154.828,146.273,180.094,154.828,146.273,881.99,82.5,15.608,10.4933,16.34,94.5,100,100,-3,0.875,89.9289,9,9,7.5
22.4,-3.75,-4.5,-2.25,-3,1.95123,1.00107,1.0621,3,0.804933,1,0.820314,0,0.804933,0.799073,0,79.6875,183.556,196,182.639,6246,1740,1831.17,970,2104.73,153.797,146.273,180.094,152.414,146.273,881.99,82.5,15.436,10.4027,16.18,94.5,100,100,-3,1.09375,89.9289,11.25,11.25,8.25
22.433,-3.75,-4.5,-2.25,-3,1.93475,1.0011,1.06107,3,0.804933,1,0.820314,0,0.804933,0.7959,0,79.6875,181.056,196.667,182.639,6250,1710,1825.08,970,2088.98,152.93,143.18,179.766,158.578,143.18,881.99,82.5,15.204,10.2267,15.948,94.5,99.6079,100,-3,0.828125,89.9289,9.75,9.75,12
22.467,-3.75,-4.5,-2.25,-3,1.93701,1.00107,1.05988,3,0.804933,1,0.820314,0,0.804933,0.803712,0,79.6875,183.445,185.917,182.639,6259,1710,1829.84,970,2107.42,153.352,143.484,179.578,153.094,143.484,881.99,82.5,15.292,10.3093,16.036,94.5,88.6275,50.1961,-3,0.71875,89.9289,12,12,12
22.5,-3.75,-4.5,-2.25,-3,1.94629,1.0011,1.06107,3,0.804933,1,0.820314,0,0.804933,0.809083,0,79.6875,184.361,186.889,185.472,6266.75,1710,1829.18,970,2117.97,153.305,143.484,179.578,153.164,143.484,881.99,84,15.244,10.3307,15.996,95.25,56.0785,49.8039,-3,1.35938,89.9289,10.5,10.5,10.5
22.533,-3.75,-4.5,-2.25,-3,1.98261,1.00107,1.06134,3,0.804933,1,0.820314,0,0.804933,0.802736,0,79.6875,180.195,215.945,182.083,6270.75,1710,1788.01,970,2162.89,149.625,143.156,179.414,145.805,143.156,881.99,84,15.032,10.4987,15.784,95.25,50.5883,49.8039,-3,0.859375,89.9289,12,12,11.25
22.567,-3.75,-4.5,-2.25,-3,1.96277,1.00107,1.05795,3,0.804933,1,0.820314,0,0.804933,0.788087,0,79.6875,180.139,194.722,182.278,6287.75,1710,1795.04,970,2176.09,150.258,143.156,179.273,149.977,143.156,882.576,84,14.7,9.88535,15.452,95.25,48.6275,47.0588,-3,0.78125,89.9289,11.25,11.25,9.75
22.6,-3.75,-4.5,-2.25,-3,1.98541,1.00107,1.05389,3,0.804933,1,0.820314,0,0.804933,0.788087,0,79.6875,180.611,193.5,181.222,6301,1710,1780.9,970,2213.09,149.016,143.156,179.273,145.289,143.156,882.576,84,14.84,9.92268,15.6,95.25,46.2745,45.0981,-3,0.9375,89.9289,9.75,9.75,10.5
22.633,-3.75,-4.5,-2.25,-3,1.99829,1.0011,1.04993,3,0.804933,1,0.820314,0,0.804933,0.791993,0,79.6875,178.445,190.861,181.25,6314.25,1690,1768.87,970,2236.88,147.938,141.773,178.758,146.438,141.773,882.576,84,14.628,9.96801,15.388,95.25,43.9216,45.0981,-3,1.07813,89.9289,12,12,11.25
22.667,-3.75,-4.5,-2.25,-3,2.00476,1.00107,1.0463,3,0.804933,1,0.820314,0,0.804933,0.790529,0,79.6875,179.556,180.556,182.639,6313,1690,1779.18,970,2255.35,148.875,141.773,178.453,149.156,141.773,882.576,84,14.504,9.84268,15.264,95.25,42.353,41.9608,-3,0.828125,89.9289,10.5,10.5,11.25
22.7,-3.75,-4.5,-2.25,-3,2.03143,1.0011,1.04538,3,0.804933,1,0.820314,0,0.804933,0.792726,0,79.6875,179.083,184.083,181.25,6315.75,1690,1762.93,970,2287.07,147.398,141.773,178.453,145.781,141.773,882.576,85.5,14.5,9.90401,15.26,95.25,41.1765,41.9608,-3,0.796875,89.9289,12.75,12.75,10.5
22.733,-3.75,-4.5,-2.25,-3,2.0387,1.00107,1.04407,3,0.804933,1,0.820314,0,0.804933,0.798341,0,79.6875,177.806,181.472,179.25,6327.75,1680,1762.19,970,2300.27,147.023,140.086,178.477,146.719,140.086,882.576,85.5,14.304,9.74401,15.064,95.25,40.3922,41.1765,-3,1.07813,89.9289,11.25,11.25,12.75
22.767,-3.75,-4.5,-2.25,-3,2.05707,1.0011,1.0463,3,0.804933,1,0.820314,0,0.804933,0.807374,0,79.6875,177.639,176.361,180.528,6347.75,1680,1760.43,970,2329.34,146.859,140.367,178.289,147.023,140.367,882.908,85.5,14.284,9.68801,15.044,95.25,39.2157,38.8235,-3,1.1875,89.9289,10.5,10.5,10.5
22.8,-3.75,-4.5,-2.25,-3,2.0871,1.00107,1.04736,3,0.804689,1,0.820314,0,0.804689,0.804445,0,79.6875,178.111,179.361,180.667,6357.25,1680,1745.51,970,2363.67,145.523,140.367,178.289,142.922,140.367,882.908,85.5,14.292,9.80001,15.06,94.5,38.4314,38.8235,-3,0.953125,89.9289,12,12,9.75
22.833,-3.75,-4.5,-2.25,-3,2.08399,1.00107,1.04816,3,0.804689,1,0.820314,0,0.804689,0.804445,0,79.6875,177.695,179.917,178.695,6359.75,1650,1754.61,970,2361.02,146.32,137.297,177.867,147.469,137.297,882.908,85.5,14.076,9.54135,14.844,94.5,38.4314,38.4314,-3,1.21875,89.9289,11.25,11.25,12
22.867,-3.75,-4.5,-2.25,-3,2.11316,1.00107,1.04904,3,0.804689,1,0.820314,0,0.804689,0.805421,0,79.6875,176.722,166.5,179.111,6366.5,1650,1739.49,970,2395.35,144.961,137.297,177.68,143.156,137.297,882.908,85.5,14.336,9.75468,15.104,94.5,36.0784,36.8628,-3,1.28125,89.9289,12.75,12.75,12
22.9,-3.75,-4.5,-2.25,-3,2.12702,1.00107,1.04819,3,0.804689,1,0.820314,0,0.804689,0.800782,0,79.6875,175.945,176.667,177.583,6365.25,1650,1731.88,970,2408.55,144.305,137.297,177.68,144,137.297,882.908,87,14.04,9.54401,14.828,95.25,36.4706,36.8628,-3,1.35938,89.9289,11.25,11.25,13.5
22.933,-3.75,-4.5,-2.25,-3,2.14081,1.0011,1.04617,3,0.804689,1,0.820314,0,0.804689,0.795167,0,79.6875,175.5,178.361,178.139,6384.25,1650,1731.84,970,2424.38,144,137.016,177.68,143.109,137.016,882.908,87,13.8,9.36001,14.588,95.25,36.4706,35.6863,-3,1.32813,89.9289,12,12,9.75
22.967,-3.75,-4.5,-2.25,-3,2.15991,1.0011,1.04508,3,0.804689,1,0.820314,0,0.804689,0.80005,0,79.6875,174.167,175.722,174.833,6393.75,1640,1713.79,970,2445.51,142.406,135.914,177.398,140.039,135.914,883.025,87,13.696,9.33334,14.484,95.25,35.2941,35.6863,-3,0.3125,89.9289,12,12,9.75
23,-3.75,-4.5,-2.25,-3,2.1662,1.0011,1.04596,3,0.804689,1,0.820314,0,0.804689,0.806398,0,79.6875,173.945,172.778,174.833,6399.25,1640,1709.41,970,2453.48,142.008,135.914,177.398,141.352,135.914,883.025,88.5,13.728,9.30401,14.508,95.25,35.2941,34.902,-3,1.04688,89.9289,13.5,13.5,12.75
23.033,-3.75,-3.75,-2.25,-3,2.16614,1.0011,1.04697,3,0.804689,1,0.820314,0,0.804689,0.806398,0,79.6875,174.056,169.583,174.972,6414.25,1620,1710.43,970,2456.13,142.102,134.227,176.953,142.781,134.227,883.025,88.5,13.724,9.26134,14.504,95.25,34.5098,34.5098,-3,0.671875,89.9289,12,12,10.5
23.067,-3.75,-3.75,-2.25,-3,2.17426,1.0011,1.04804,3,0.804689,1,0.820314,0,0.804689,0.805421,0,79.6875,173.861,168.361,172.917,6433.5,1620,1700.08,970,2466.64,141.164,134.227,176.742,140.367,134.227,883.025,88.5,13.556,9.18134,14.336,95.25,34.1177,34.1177,-3,0.609375,89.9289,12,12,10.5
23.1,-3.75,-3.75,-2.25,-3,2.18384,1.00107,1.04749,3,0.804689,1,0.820314,0,0.804689,0.801759,0,79.6875,171.972,172.611,169.389,6426.5,1620,1684.88,970,2474.61,139.805,134.227,176.742,137.953,134.227,883.025,88.5,13.296,9.17334,14.076,95.25,34.5098,33.7255,-3,0.65625,89.9289,12.75,12.75,12
23.133,-3.75,-3.75,-2.25,-3,2.1983,1.0011,1.04605,3,0.804689,1,0.820314,0,0.804689,0.7959,0,79.6875,169.806,170.695,171.028,6441.75,1620,1671.41,970,2490.47,138.305,133.945,176.531,137.484,133.945,883.025,88.5,13.216,8.98668,13.996,95.25,33.3333,33.7255,-3,0.921875,89.9289,12,12,15
23.167,-3.75,-3.75,-2.25,-3,2.19965,1.00107,1.04422,3,0.804689,1,0.820314,0,0.804689,0.798341,0,79.6875,170.972,167.861,171.889,6443.25,1620,1678.44,970,2493.09,138.914,134.227,176.32,139.477,134.227,882.556,88.5,13.268,8.94134,14.048,95.25,33.3333,32.9412,-3,0.890625,89.9289,13.5,13.5,12.75
23.2,-3.75,-3.75,-2.25,-3,2.21277,1.00107,1.04248,3,0.804689,1,0.820314,0,0.804689,0.801759,0,79.6875,171.278,166.445,171.028,6462.5,1620,1670.78,970,2503.67,138.234,134.227,176.32,137.227,134.227,882.556,88.5,13.204,9.09334,14,95.25,32.9412,32.9412,-3,0.5625,89.9289,12,12,10.5
23.233,-3.75,-3.75,-2.25,-3,2.2171,1.0011,1.04157,3,0.804689,1,0.820314,0,0.804689,0.796876,0,79.6875,169.111,168.389,168.5,6464,1600,1658.24,970,2506.29,137.133,132.539,176.203,136.852,132.539,882.556,88.5,13.056,8.84001,13.852,95.25,32.9412,32.9412,-3,0.921875,89.9289,12.75,12.75,12.75
23.267,-3.75,-3.75,-2.25,-3,2.24115,1.0011,1.04089,3,0.804689,1,0.820314,0,0.804689,0.798341,0,79.6875,169.417,170.833,168.167,6472.25,1600,1658.71,970,2503.67,137.203,132.539,176.039,138.539,132.539,882.556,88.5,13.032,8.81068,13.828,95.25,32.9412,32.9412,-3,0.953125,89.9289,12.75,12.75,12.75
23.3,-3.75,-3.75,-2.25,-3,2.31177,1.00107,1.04062,3,0.804689,1,0.820314,0,0.804689,0.802736,0,79.6875,170.111,168.278,168.861,6473.75,1600,1657.81,970,2511.56,137.133,132.539,176.039,136.43,132.539,882.556,88.5,13.116,8.85334,13.916,95.25,32.1569,32.549,-3,0.71875,89.9289,13.5,13.5,12.75
23.333,-3.75,-3.75,-2.25,-3,2.35779,1.0011,1.04163,3,0.804689,1,0.820314,0,0.804689,0.805421,0,79.6875,171.667,170.611,167.528,6492,1590,1675.51,970,2511.56,138.422,130.875,175.828,137.93,130.875,882.556,88.5,13.144,8.88801,13.944,95.25,32.549,32.1569,-3,0.640625,89.9289,12,12,10.5
23.367,-3.75,-3.75,-2.25,-3,2.40796,1.00107,1.04193,3,0.804689,1,0.820314,0,0.804689,0.80005,0,79.6875,169.639,168.472,164.833,6504.75,1590,1656.13,970,2519.53,136.711,131.156,175.57,135.938,131.156,882.107,88.5,12.932,8.80801,13.732,95.25,31.7647,31.7647,-3,0.640625,89.9289,12.75,12.75,12
23.4,-3.75,-3.75,-2.25,-3,2.43726,1.0011,1.03879,3,0.804689,1,0.820314,0,0.804689,0.792726,0,79.6875,168.889,165,164.583,6497.5,1590,1638.09,970,2527.42,135.117,131.156,175.57,133.289,131.156,882.107,90,12.752,8.69334,13.552,95.25,31.3726,31.3726,-3,0.75,89.9289,12.75,12.75,15.75
23.433,-3.75,-3.75,-2.25,-3,2.4635,1.0011,1.03619,3,0.804689,1,0.820314,0,0.804689,0.788087,0,79.6875,166.389,166.333,163.278,6510.25,1590,1625.78,970,2538.01,133.758,130.617,175.359,134.109,130.617,882.107,90,12.544,8.53068,13.344,95.25,30.9804,31.3726,-3,0.671875,89.9289,14.25,14.25,12.75
23.467,-3.75,-3.75,-2.25,-3,2.47559,1.0011,1.03149,3,0.804689,1,0.820314,0,0.804689,0.791993,0,79.6875,165.583,164.222,162.889,6527.25,1570,1614.8,970,2535.35,132.844,129.492,175.125,132.07,129.492,882.107,90,12.332,8.39734,13.132,95.25,30.9804,30.9804,-3,0.546875,89.9289,13.5,13.5,9.75
23.5,-3.75,-3.75,-2.25,-3,2.49085,1.0011,1.03037,3,0.804689,1,0.820314,0,0.804689,0.796876,0,79.6875,164.945,165,160.611,6535.75,1570,1603.83,970,2543.28,131.883,129.492,175.125,130.43,129.492,882.107,90,12.096,8.37068,12.904,95.25,30.9804,30.9804,-3,0.234375,89.9289,12.75,12.75,12
23.533,-3.75,-3.75,-2.25,-3,2.34888,1.0011,1.0296,3,0.804689,1,0.820314,0,0.804689,0.797609,0,79.6875,163.778,158.083,160.917,6538.75,1540,1579.41,970,2543.55,130.664,127.359,174.75,128.836,127.359,882.107,90,11.96,8.17601,12.768,95.25,30.5882,30.5882,-3,0.78125,89.9289,12.75,12.75,12
23.567,-3.75,-3.75,-2.25,-3,2.3501,1.0011,1.03015,3,0.804689,1,0.820314,0,0.804689,0.801759,0,79.6875,161.639,159,159.639,6558.75,1530,1561.17,970,2543.55,129.094,126.469,174.656,127.758,126.469,881.267,90,11.8,8.13334,12.608,95.25,30.5882,30.5882,-3,1.01563,89.9289,13.5,13.5,12
23.6,-3.75,-3.75,-2.25,-3,2.3479,1.0011,1.03333,3,0.804689,1,0.820314,0,0.804689,0.809083,0,79.6875,161.111,159.195,159.639,6564.5,1530,1555.47,970,2540.66,128.625,126.469,174.656,128.18,126.469,881.267,90,11.832,8.07734,12.668,95.25,30.5882,30.5882,-3,0.515625,89.9289,14.25,14.25,12
23.633,-3.75,-3.75,-2.25,-3,2.35077,1.0011,1.0372,3,0.804689,1,0.820314,0,0.804689,0.817384,0,79.6875,159.945,159.667,159.139,6563,1540,1545.47,970,2543.28,127.5,127.102,174.234,127.242,127.102,881.267,90,11.704,7.99734,12.54,95.25,30.5882,30.5882,-3,0.421875,89.9289,15,15,13.5
23.667,-3.75,-3.75,-2.25,-3,2.3504,1.0011,1.04147,3,0.804689,1,0.820314,0,0.804689,0.815675,0,79.6875,160.083,158.583,159.945,6583.25,1540,1541.72,970,2543.52,127.219,127.359,174.141,127.172,127.359,881.267,90,11.772,8.01601,12.608,95.25,30.5882,30.5882,-3,0.734375,89.9289,14.25,14.25,10.5
23.7,-3.75,-3.75,-2.25,-3,2.34534,1.0011,1.04654,3,0.804689,1,0.820314,0,0.804689,0.814699,0,79.6875,159.5,158.583,160.667,6591.75,1540,1540.43,970,2538.05,127.148,127.359,174.141,128.695,127.359,881.267,90,11.892,8.00534,12.728,95.25,30.5882,30.5882,-3,0.796875,89.9289,13.5,13.5,12
23.733,-3.75,-3.75,-2.25,-3,2.3476,1.0011,1.04834,3,0.804689,1,0.820314,0,0.804689,0.817384,0,79.6875,159.5,161.361,160.306,6590.5,1520,1535.63,970,2540.66,126.773,125.695,173.836,127.969,125.695,881.267,90,11.76,8.00801,12.596,95.25,30.9804,30.5882,-3,0.4375,89.9289,13.5,13.5,13.5
23.767,-3.75,-3.75,-2.25,-3,2.34473,1.0011,1.05191,3,0.804689,1,0.820314,0,0.804689,0.817384,0,79.6875,159.722,158.722,159.333,6613.75,1120,1532.97,970,2538.01,126.609,89.9766,173.555,126.633,89.9766,880.291,90,11.836,8.09868,12.672,95.25,30.5882,30.5882,-3,0.703125,89.9289,13.5,13.5,9.75
23.8,-3.75,-3.75,-2.25,-3,2.3421,1.0011,1.05612,3,0.804689,1,0.820314,0,0.804689,0.82007,0,79.6875,159.889,149.972,160.167,6613.75,1170,1510.59,970,2535.35,124.664,89.9766,173.555,118.992,89.9766,880.291,92.25,10.54,7.45068,11.392,95.25,29.8039,25.4902,-3,0.75,89.9289,14.25,14.25,11.25
23.833,-3.75,-3.75,-2.25,-3,2.34961,1.0011,1.05911,3,0.804689,1,0.820314,0,0.804689,0.819337,0,79.6875,138.5,118.945,150.833,6597.75,1170,1319.02,970,2543.55,107.438,89.7891,173.391,94.6641,89.7891,880.291,92.25,8.524,6.21867,9.376,95.25,25.4902,25.4902,-3,0.84375,89.9289,17.25,17.25,27
23.867,-3.75,-3.75,-2.25,-3,2.34961,1.00113,1.0607,3,0.804689,1,0.820314,0,0.804689,0.808107,0,79.6875,118.167,110.667,135.833,6609.25,1170,1145.78,970,2543.55,92.1797,89.9766,173.555,87.9609,89.9766,880.291,92.25,7.608,5.49334,8.46,95.25,24.7059,25.4902,-3,0.796875,89.9289,19.5,19.5,21
23.9,-3.75,-3.75,-2.25,-3,2.34961,1.00113,1.06903,3,0.82422,1,0.820314,0,0.820314,0.834962,0,79.6875,114.695,111.556,127.583,6621,1170,1119.34,970,2543.55,90.1172,89.9766,173.555,88.5,89.9766,880.291,92.25,7.448,5.44001,8.3,95.25,24.7059,25.098,-3,0.515625,89.9289,16.5,16.5,16.5
23.933,-3.75,-3.75,-2.25,-3,2.38074,1.00113,1.08243,3,0.82422,1,0.820314,0,0.820314,0.865236,0,79.6875,112.195,109.945,124.695,6618,1170,1097.77,970,2543.55,88.4531,89.9766,173.297,87.2813,89.9766,880.291,92.25,7.464,5.32801,8.316,95.25,24.3137,24.7059,-3,0.71875,89.9289,16.5,16.5,16.5
23.967,-3.75,-3.75,-2.25,-4.5,2.42609,1.00113,1.1066,3,0.82422,1,0.820314,0,0.820314,0.895509,0,79.6875,111.333,109.945,122.111,6638.5,1160,1087.42,970,2543.55,87.8438,89.9766,173.109,87.0469,89.9766,878.181,92.25,7.632,5.44801,8.484,95.25,24.3137,24.7059,-3,0.46875,89.9289,12,12,12
24,-3.75,-3.75,-2.25,-4.5,2.34961,1.00113,1.13077,3,0.837892,1,0.820314,0,0.820314,0.898927,0,79.6875,111.028,110.667,121.806,6638.5,1160,1084.65,970,2543.55,87.7734,89.9766,173.109,87.6094,89.9766,878.181,92.25,7.808,5.52534,8.664,95.25,24.7059,24.7059,-3,0.828125,89.9289,17.25,17.25,17.25
24.033,-3.75,-3.75,-2.25,-4.5,2.34961,1.00113,1.15717,3,0.837892,1,0.820314,0,0.820314,0.936525,0,79.6875,111.556,110.667,120.361,6640,1160,1086.09,970,2543.55,87.8906,89.7891,173.016,87.5859,89.7891,878.181,92.25,8.012,5.71201,8.868,95.25,24.7059,24.7059,-3,0.3125,89.9289,16.5,16.5,16.5
24.067,-3.75,-4.5,-2.25,-4.5,2.34961,1.00113,1.19458,3,0.837892,1,0.820314,0,0.820314,0.961183,0,79.6875,111.556,111.556,120.778,6654.75,1160,1084.88,970,2543.55,87.9844,89.9766,172.898,88.1016,89.9766,878.181,92.25,8.292,5.89601,9.148,95.25,24.7059,24.7059,-3.75,0.515625,89.9289,12.75,12.75,12.75
24.1,-3.75,-4.5,-2.25,-4.5,2.34961,1.00113,1.22257,3,0.844728,1,0.820314,0,0.820314,0.947267,0,79.6875,111.889,111.556,120.833,6656.25,1160,1085,970,2543.55,88.125,89.9766,172.898,88.0781,89.9766,878.181,92.25,8.488,5.96001,9.344,95.25,24.7059,24.7059,-3.75,0.515625,89.9289,15.75,15.75,15.75
24.133,-3.75,-4.5,-2.25,-4.5,2.34961,1.00113,1.23718,3,0.844728,1,0.820314,0,0.820314,0.907716,0,79.2969,111.722,110.667,121,6663.5,1160,1078.16,970,2543.55,87.6328,89.9766,172.523,87.2344,89.9766,878.181,92.25,8.532,6.07734,9.388,95.25,24.7059,24.7059,-3.75,0.984375,89.2087,17.25,17.25,17.25
24.167,-3.75,-4.5,-2.25,-4.5,2.34961,1.00113,1.24463,3,0.844728,1,0.820314,0,0.820314,0.870851,0,73.4375,111.722,110.667,121.361,6672.5,1140,1077.89,970,2543.55,87.7266,89.9766,172.5,87.0703,88.3125,876.873,92.25,8.576,6.11734,9.432,95.25,24.7059,24.7059,-3.75,0.90625,79.4963,17.25,17.25,17.25
24.2,-3.75,-4.5,-2.25,-4.5,2.34961,1.00113,1.24338,3,0.848146,1,0.820314,0,0.820314,0.855226,0,73.4375,111.722,111.556,121.111,6680,1050,1078.52,970,2543.55,87.8672,89.9766,172.5,87.6563,81.3516,876.873,92.25,8.492,6.08534,9.356,95.25,24.7059,24.3137,-3.75,0.703125,64.7485,17.25,17.25,17.25
24.233,-3.75,-4.5,-2.25,-5.25,2.34961,1.00113,1.24167,3,0.848146,1,0.820314,0,0.820314,0.846925,0,17.5781,109.917,105.889,121.861,6681.5,970,1054.73,970,2543.55,85.5938,89.7891,172.313,83.0859,55.4531,876.873,92.25,7.82,5.76267,8.684,95.25,23.9216,21.5686,-3.75,0.5,45.6839,18.75,18.75,18.75
24.267,-3.75,-4.5,-2.25,-5.25,2.34961,1.00113,1.23715,3,0.848146,1,0.820314,0,0.820314,0.821046,0,0,95.0279,76.4445,113.917,6681.5,970,907.656,970,2543.55,72.3281,89.9766,172.313,59.9766,15.75,876.873,92.25,5.828,4.16801,6.692,95.25,19.2157,17.2549,-3.75,0.9375,17.9858,12,12,-22.5
24.3,-3.75,-4.5,-2.25,-5.25,2.34943,1.00113,1.23489,3,0.869386,1,0.820314,0,0.820314,0.811036,0,0,80.5834,38.1667,103.195,6638.5,970,684.063,970,2543.28,52.0547,89.9766,172.313,30.0938,15.75,876.873,92.25,3.564,3.32267,4.428,95.25,10.9804,5.4902,-3.75,0.953125,0,12,12,-24.75
24.333,0,0,0,0,2.31037,1.00113,1.22937,3,0.869386,1,0.820314,0,0.820314,0.798341,0,0,43.1389,17.5,80.0556,6560,970,424.258,970,2501.02,28.5,89.9766,173.297,13.9688,15.75,876.873,92.25,1.752,1.25067,2.616,95.25,4.70588,5.4902,-3.75,0.5625,0,14.25,14.25,-17.25
24.367,0,0,0,0,2.20477,1.00113,1.21072,3,0.869386,1,0.820314,0,0.820314,0.753419,0,0,23.25,17.8611,52.6389,6462.5,970,310.508,970,2342.54,18.1641,89.9766,175.57,14.4844,15.75,871.345,92.25,1.34,0.925334,2.204,95.25,4.70588,5.4902,-3.75,0.578125,0,16.5,16.5,-16.5
24.4,0,0,0,0,2.08069,1.00113,1.23505,3,0.942384,1,0.820314,0,0.820314,0.869874,0,0,19.8889,17.1667,46.3334,6368,970,279.805,970,2181.41,15.375,89.9766,175.57,14.1328,15.75,871.345,90,1.268,0.973335,2.144,95.25,5.09804,5.4902,-3.75,1,0,16.5,16.5,-13.5
24.433,0,0,0,0,1.90772,1.00113,1.24387,3,0.942384,1,0.820314,0,0.820314,0.929933,0,0,17.1111,15.7778,42.75,6387,970,263.164,970,2065.16,13.8516,89.7891,176.18,12.9375,15.75,871.345,90,1.252,0.845334,2.128,95.25,5.09804,5.4902,-3.75,0.6875,0,17.25,17.25,-12.75
24.467,0,0,0,0,1.732,1.00113,1.25,3,0.942384,1,0.820314,0,0.820314,0.953615,0,0,15.9445,16,39.9723,6286.5,970,256.836,970,1874.96,13.2656,89.9766,178.266,13.3359,15.75,871.345,90,1.28,0.845334,2.156,95.25,5.88235,5.88235,-3.75,0.8125,0,17.25,17.25,-12.75
24.5,0,0,0,0,1.6637,1.00113,1.25,3,0.982912,1,0.820314,0,0.820314,0.961183,0,0,15.8333,16.4722,40.3611,6274.75,970,258.906,970,1801.02,13.4531,89.9766,178.266,13.7578,15.75,871.345,90,1.32,0.861334,2.188,95.25,6.27451,6.27451,-3.75,0.5,0,16.5,16.5,-12.75
24.533,0,0,0,0,1.57099,1.00113,1.25,3,0.982912,1,0.820314,0,0.820314,0.976076,0,0,15.9445,16.3056,36.8889,6167.75,970,260.742,970,1700.63,13.5938,89.7891,179.836,13.8516,15.75,867.302,90,1.336,0.874668,2.204,95.25,6.66667,7.05883,-3.75,0.359375,0,16.5,16.5,-12.75
24.567,0,0,0,0,1.49774,1.00113,1.25,3,0.982912,1,0.820314,0,0.820314,0.986085,0,0,16.1389,16.3889,36.1389,6142.5,970,263.125,970,1621.37,13.8281,89.9766,181.5,13.9688,15.75,867.302,90,1.36,0.893334,2.228,95.25,7.05883,7.45098,-3.75,0.703125,0,16.5,16.5,-12.75
24.6,0,0,0,0,1.46356,1.00113,1.25,3,1,1,0.820314,0,0.820314,0.893312,0,0,16.1945,16.8889,32.1667,6108.5,970,266.406,970,1584.38,14.1094,89.9766,181.5,14.4609,15.75,867.302,88.5,1.384,0.901334,2.268,95.25,7.45098,7.45098,-3.75,0.609375,0,15.75,15.75,-12.75
24.633,0,0,0,0,1.41968,1.00113,1.25,3,1,1,0.820314,0,0.820314,0.830324,0,0,16.4722,16.6111,32.9167,6064.25,970,268.125,970,1536.84,14.2734,89.9766,182.438,14.3203,15.75,867.302,88.5,1.38,0.901334,2.264,95.25,7.45098,7.84314,-3.75,1.01563,0,15.75,15.75,-13.5
24.667,0,0,0,0,1.36597,1.00113,1.25,3,1,1,0.820314,0,0.820314,0.782716,0,0,16.4722,16.5,30.9722,6020.25,970,269.102,970,1478.71,14.3672,89.9766,184.641,14.3438,15.75,867.302,88.5,1.392,0.906668,2.276,95.25,7.84314,8.2353,-3.75,0.8125,0,15.75,15.75,-12.75
24.7,0,0,0,0,1.33185,1.00113,1.24307,3,1.02319,1,0.820314,0,0.820314,0.772462,0,0,16.3611,16.4445,29.2222,5984.25,970,269.102,970,1441.76,14.3672,89.9766,184.641,14.3672,15.75,867.302,87,1.392,0.909334,2.288,95.25,7.84314,8.2353,-3.75,1.04688,0,15.75,15.75,-12.75
24.733,0,0,0,0,1.30255,1.00113,1.2204,3,1.02319,1,0.820314,0,0.820314,0.751222,0,0,16.3611,16.6945,30.2222,5947.5,970,270.977,970,1410.04,14.5078,89.7891,186.68,14.6953,15,867.302,87,1.384,0.904001,2.28,95.25,8.2353,8.2353,-3.75,1.20313,0,15,15,-13.5
24.767,0,0,0,0,1.26837,1.00113,1.20288,3,1.02319,1,0.820314,0,0.820314,0.754152,0,0,16.6389,16.6389,29.5278,5909,970,274.023,970,1373.05,14.7656,89.9766,188.578,14.7422,15,866.697,87,1.38,0.901334,2.276,95.25,8.2353,8.2353,-3.75,0.984375,0,15,15,-13.5
24.8,0,0,0,0,1.25128,1.00113,1.18842,3,1.03491,1,0.820314,0,0.820314,0.746339,0,0,16.5833,16.4167,28.8611,5886.75,970,273.281,970,1354.57,14.7188,89.9766,188.578,14.6016,15,866.697,85.5,1.356,0.890668,2.252,95.25,8.2353,8.2353,-3.75,1.40625,0,15,15,-13.5
24.833,0,0,0,0,1.23425,1.00113,1.17365,3,1.03491,1,0.820314,0,0.820314,0.729982,0,0,16.3611,16.1111,29.4445,5853.5,970,272.422,970,1336.09,14.625,89.9766,190.102,14.3906,15,866.697,85.5,1.344,0.861334,2.24,95.25,8.2353,8.2353,-3.75,0.90625,0,15,15,-13.5
24.867,0,0,0,0,1.21222,1.00113,1.15817,3,1.03491,1,0.820314,0,0.820314,0.729982,0,0,16.1389,16.1945,29.6389,5807,970,272.305,970,1312.3,14.625,89.9766,191.648,14.6016,15,866.697,85.5,1.328,0.850668,2.224,95.25,8.62745,8.62745,-3.75,1.45313,0,14.25,14.25,-13.5
24.9,0,0,0,0,1.20001,1.00113,1.14496,3,1.04102,1,0.820314,0,0.820314,0.729982,0,0,16.1945,16.3333,30.3611,5783.5,970,273.359,970,1299.1,14.7188,89.9766,191.648,14.7656,15,866.697,84,1.328,0.856001,2.24,95.25,8.62745,8.62745,-3.75,1.14063,0,14.25,14.25,-13.5
24.933,0,0,0,0,1.19025,1.00113,1.13254,3,1.04102,1,0.820314,0,0.820314,0.729982,0,0,16.1945,16.2778,29.25,5755.75,970,273.867,970,1288.52,14.7656,89.9766,193.219,14.7891,15,866.697,84,1.324,0.848001,2.236,95.25,8.62745,8.62745,-3.75,1.04688,0,14.25,14.25,-13.5
24.967,0,0,0,0,1.1781,1.00113,1.11707,3,1.04102,1,0.820314,0,0.820314,0.729982,0,0,16.1389,16.1945,29.5278,5719.5,970,273.945,970,1275.31,14.7656,89.9766,194.273,14.8125,15,866.267,84,1.312,0.834668,2.224,95.25,8.62745,8.62745,-3.75,1.125,0,14.25,14.25,-13.5
25,0,0,0,0,1.16583,1.00113,1.10587,3,1.04785,1,0.820314,0,0.820314,0.729982,0,0,16.0833,16.0833,29.4445,5698,970,273.828,970,1262.11,14.7656,89.9766,194.273,14.7656,15,866.267,84,1.308,0.826668,2.22,95.25,9.01961,9.01961,-3.75,0.953125,0,13.5,13.5,-13.5
25.033,0,0,0,0,1.15613,1.00113,1.09464,3,1.04785,1,0.820314,0,0.820314,0.729982,0,0,15.9445,15.9722,29.1111,5681.75,970,273.828,970,1251.56,14.7422,89.7891,195.633,14.7188,15,866.267,84,1.288,0.818668,2.2,95.25,9.01961,9.01961,-3.75,1.04688,0,13.5,13.5,-13.5
25.067,0,0,0,0,1.1488,1.00113,1.07971,3,1.04785,1,0.820314,0,0.820314,0.729982,0,0,15.8889,15.9722,28.3056,5648.5,970,274.023,970,1243.63,14.7422,89.9766,196.289,14.7891,15,866.267,84,1.276,0.808001,2.188,95.25,9.01961,9.01961,-3.75,1.29688,0,13.5,13.5,-13.5
25.1,0,0,0,0,1.13904,1.00113,1.06845,3,1.05518,1,0.820314,0,0.820314,0.729982,0,0,15.7778,16,28.8056,5626.25,970,273.711,970,1233.05,14.7188,89.9766,196.289,14.8828,15,866.267,84,1.268,0.797334,2.196,95.25,9.01961,9.01961,-3.75,1.25,0,13.5,13.5,-12.75
25.133,0,0,0,0,1.13171,1.00113,1.05722,4,1.05518,1,0.820314,0,0.820314,0.729982,0,0,15.8333,15.8889,27.7222,5602,970,274.57,970,1225.12,14.7891,89.9766,196.922,14.8359,15,866.267,84,1.256,0.794668,2.184,95.25,9.01961,9.01961,-3.75,1.09375,0,13.5,13.5,-12.75
25.167,0,0,0,0,1.12195,1.00113,1.04224,4,1.05518,1,0.820314,0,0.820314,0.729982,0,0,15.7222,15.75,27.3334,5576,970,274.492,970,1214.57,14.7891,89.9766,197.344,14.7891,15,865.779,84,1.24,0.781334,2.168,95.25,9.01961,9.01961,-3.75,1.57813,0,12.75,12.75,-12.75
25.2,0,0,0,0,1.11951,1.00113,1.03101,4,1.05884,1,0.820314,0,0.820314,0.729982,0,0,15.6667,15.7222,26.7222,5560.5,970,274.531,970,1211.91,14.7891,89.9766,197.344,14.7891,15,865.779,82.5,1.228,0.776001,2.16,96,9.01961,9.01961,-3.75,1.40625,0,12.75,12.75,-13.5
25.233,0,0,0,0,1.1098,1.00113,1.01978,4,1.05884,1,0.820314,0,0.820314,0.729982,0,0,15.5556,15.5833,26.9722,5540,970,274.141,970,1201.37,14.7656,89.9766,197.883,14.7188,15,865.779,82.5,1.212,0.762668,2.144,96,9.01961,9.01961,-3.75,0.953125,0,12.75,12.75,0.75
25.267,0,0,0,0,1.1073,1.00113,1.00479,4,1.05884,1,0.820314,0,0.820314,0.729982,0,0,15.5556,15.6111,23.2778,5505.5,970,274.492,970,1198.71,14.7891,89.9766,198.328,14.8359,15,865.779,82.5,1.208,0.757334,2.14,96,9.01961,9.01961,-3.75,1.1875,0,12.75,12.75,0
25.3,0,0,0,0,1.11951,1.00113,0.994843,4,1.06445,1,0.820314,0,0.820314,0.733888,0,0,15.6111,15.8889,16.8333,5488.25,970,276.406,970,1211.91,14.9766,89.9766,198.328,15.1406,15,865.779,82.5,1.212,0.757334,2.144,95.25,9.01961,9.01961,-3.75,1.23438,0,12.75,12.75,-0.75
25.333,0,0,0,0,1.11798,1.00113,0.984742,4,1.06445,1,0.820314,0,0.820314,0.737062,0,0,15.7222,15.9167,15.75,5480.25,970,277.5,970,1209.3,15.0938,89.7422,198.727,15.1875,14.25,865.779,82.5,1.204,0.757334,2.136,95.25,9.01961,9.01961,-3.75,0.59375,0,12,12,-1.5
25.367,0,0,0,0,1.11542,1.00113,0.973756,4,1.06445,1,0.820314,0,0.820314,0.745607,0,0,15.6667,15.5833,16.5833,5452.5,970,276.367,970,1203.98,15.0469,90,198.797,14.9531,14.25,865.271,82.5,1.18,0.736001,2.112,95.25,9.01961,8.62745,-3.75,0.96875,0,11.25,11.25,-2.25
25.4,0,0,0,0,1.11493,1.00113,0.96637,4,1.06738,1,0.820314,0,0.820314,0.751222,0,0,15.5,14.9445,15.1389,5433.75,970,272.852,970,1201.37,14.7188,90,198.797,14.3906,14.25,865.271,82.5,1.144,0.722668,2.068,95.25,8.62745,8.62745,-3.75,0.5625,0,33,33,42.75
25.433,0,0,0,0,1.11401,1.00113,0.960725,4,1.06738,1,0.820314,0,0.820314,0.759034,0,0,15.0833,14.6111,14.3889,5429.75,970,270.313,970,1198.71,14.5547,89.9766,198.844,14.3438,14.25,865.271,82.5,1.136,0.706668,2.06,95.25,8.2353,8.2353,-3.75,1.45313,0,33,33,42.75
25.467,0,0,0,0,1.10718,1.00113,0.954926,4,1.06738,1,0.820314,0,0.820314,0.769288,0,0,15.0278,14.4445,15.1667,5402.25,970,271.875,970,1190.78,14.7656,90,198.891,15.7031,14.25,865.271,82.5,1.188,0.738668,2.112,95.25,8.2353,8.2353,-3.75,1.04688,0,32.25,32.25,34.5
25.5,0,0,0,0,1.10834,1.00113,0.951264,4,1.06885,1,0.820314,0,0.820314,0.773195,0,0,14.8056,14.4722,13.8889,5387.75,970,265,970,1190.78,14.1328,90,198.891,13.9453,14.25,865.271,80.25,1.092,0.664001,2.032,96,8.2353,8.2353,-3.75,0.609375,0,32.25,32.25,42
25.533,0,0,0,0,1.10211,1.00113,0.947846,4,1.06885,1,0.820314,0,0.820314,0.776368,0,0,14.2778,14.4445,13.2222,5379,970,262.695,970,1185.51,13.9922,90,198.938,14.2031,14.25,865.271,80.25,1.092,0.661334,2.032,96,8.2353,8.2353,-3.75,1.125,0,32.25,32.25,42
25.567,0,0,0,0,1.09985,1.00113,0.942872,4,1.06885,1,0.820314,0,0.820314,0.778566,0,0,14.6111,14.5,13.6945,5355,970,265.039,970,1182.85,14.25,89.9766,198.984,13.9688,14.25,864.802,80.25,1.084,0.672001,2.024,96,8.2353,8.2353,-3.75,1.07813,0,32.25,32.25,32.25
25.6,0,0,0,0,1.09644,1.00113,0.939606,4,1.06958,1,0.820314,0,0.820314,0.781739,0,0,14.3889,14.4445,14.3889,5339.75,970,265.273,970,1180.23,14.2734,89.9766,198.984,14.5078,14.25,864.802,80.25,1.108,0.680001,2.048,96,8.2353,8.2353,-3.75,0.546875,0,32.25,32.25,42
25.633,0,0,0,0,1.09436,1.00113,0.935975,4,1.06958,1,0.820314,0,0.820314,0.784913,0,0,14.2778,14.4445,13.9445,5333.25,970,263.281,970,1177.58,14.1094,89.8125,199.031,14.2734,14.25,864.802,80.25,1.088,0.674668,2.028,96,8.2353,8.2353,-3.75,0.953125,0,11.25,11.25,-4.5
25.667,0,0,0,0,1.09058,1.00113,0.932313,4,1.06958,1,0.820314,0,0.820314,0.789796,0,0,14.3333,14.3611,14.8333,5308.75,970,264.688,970,1174.92,14.2734,89.9766,199.078,15.0938,14.25,864.802,80.25,1.128,0.666667,2.068,96,8.2353,8.2353,-3.75,0.859375,0,32.25,32.25,32.25
25.7,0,0,0,0,1.08911,1.00113,0.929352,4,1.07007,1,0.820314,0,0.820314,0.791261,0,0,14.5,14.5278,13.9445,5303,970,265.664,970,1172.3,14.3672,89.9766,199.078,14.25,14.25,864.802,80.25,1.084,0.680001,2.024,96,8.62745,8.2353,-3.75,1.25,0,31.5,31.5,42
25.733,0,0,0,0,1.08917,1.00113,0.928101,4,1.07007,1,0.820314,0,0.820314,0.796876,0,0,14.2778,14.2778,13.2778,5284.25,970,261.406,970,1172.3,14.0391,89.9766,199.125,13.1484,14.25,864.802,80.25,1.04,0.656001,1.98,96,8.2353,8.2353,-3.75,1.10938,0,11.25,11.25,-6
25.767,0,0,0,0,1.0874,1.00113,0.927186,4,1.07007,1,0.820314,0,0.820314,0.804445,0,0,14.5,14.25,14.1667,5253.75,970,264.844,970,1169.65,14.4141,89.9766,199.172,14.1797,14.25,863.689,80.25,1.092,0.677334,2.032,96,8.2353,8.2353,-3.75,0.6875,0,11.25,11.25,-6.75
25.8,0,0,0,0,1.0824,1.00113,0.926362,4,1.07398,1,0.820314,0,0.820314,0.806398,0,0,14.2222,14.2778,14.2778,5243.75,970,266.563,970,1164.38,14.5547,89.9766,199.172,15.0938,14.25,863.689,80.25,1.14,0.653334,2.084,96,8.2353,8.2353,-3.75,1.10938,0,11.25,11.25,-6.75
25.833,0,0,0,0,1.08051,1.00113,0.927399,4,1.07398,1,0.820314,0,0.820314,0.811036,0,0,14.4445,14.25,14,5221.75,970,265.898,970,1161.72,14.5547,90,199.242,15.0234,14.25,863.689,80.25,1.136,0.680001,2.08,96,8.2353,8.2353,-3.75,0.671875,0,10.5,10.5,-6.75
25.867,0,0,0,0,1.08203,1.00113,0.929719,4,1.07398,1,0.820314,0,0.820314,0.82007,0,0,14.5556,14.1389,13.8333,5197.5,970,266.055,970,1161.72,14.6484,90,199.289,14.3203,14.25,863.689,80.25,1.112,0.693334,2.056,96,8.2353,8.2353,-3.75,0.9375,0,21,21,21
25.9,0,0,0,0,1.07697,1.00113,0.930299,4,1.08008,1,0.820314,0,0.820314,0.822023,0,0,14.2778,14.0556,13.5833,5173.25,970,264.414,970,1156.45,14.4844,90,199.289,14.8125,14.25,863.689,80.25,1.136,0.685334,2.096,96,8.2353,8.2353,-3.75,0.90625,0,30.75,30.75,41.25
25.933,0,0,0,0,1.08093,1.00113,0.932282,4,1.08008,1,0.820314,0,0.820314,0.822999,0,0,14.6389,14.0833,13.9722,5169.5,970,266.367,970,1159.06,14.7422,90,199.359,13.8984,14.25,863.689,80.25,1.1,0.672001,2.06,96,8.2353,8.2353,-3.75,0.859375,0,30.75,30.75,41.25
25.967,0,0,0,0,1.07623,1.00113,0.933106,4,1.08008,1,0.820314,0,0.820314,0.819337,0,0,13.9722,13.9445,13.75,5147.5,970,260.43,970,1153.79,14.25,90.0234,199.383,14.5547,14.25,862.478,80.25,1.116,0.653334,2.076,96,8.2353,8.2353,-3.75,1.10938,0,27,27,27
26,0,0,0,0,1.07275,1.00113,0.932221,4,1.08301,1,0.820314,0,0.820314,0.813722,0,0,13.8056,13.8889,14.5833,5133.25,970,261.758,970,1151.17,14.3672,90.0234,199.383,15.1875,14.25,862.478,79.5,1.148,0.658667,2.092,96,8.2353,8.2353,-3.75,0.578125,0,30.75,30.75,40.5
26.033,0,0,0,0,1.07416,1.00113,0.929261,4,1.08301,1,0.820314,0,0.820314,0.806398,0,0,13.8611,13.7778,12.25,5115.75,970,256.719,970,1151.17,13.9688,89.9766,199.43,12.6094,14.25,862.478,79.5,1.044,0.650667,1.988,96,8.2353,8.2353,-3.75,0.65625,3.41649,29.25,29.25,29.25
26.067,0,0,0,0,1.06732,1.00113,0.925873,4,1.08301,1,0.820314,0,0.820314,0.802736,0,0,13.8056,13.7778,13.6945,5105.5,970,259.688,970,1145.9,14.2734,90,199.477,14.7422,14.25,862.478,79.5,1.128,0.680001,2.072,96,8.2353,8.2353,-3.75,1.03125,15.4665,30.75,30.75,40.5
26.1,0,0,0,0,1.06793,1.00113,0.922517,4,1.08838,1,0.820314,0,0.820314,0.801759,0,0,13.6945,13.7778,12.7778,5089,970,255.117,970,1145.9,13.8516,90,199.477,13.4531,16.9688,862.478,79.5,1.056,0.645334,2,96,8.2353,8.2353,-3.75,0.671875,23.3814,30,30,40.5
26.133,0,0,0,0,1.06403,1.00113,0.920289,4,1.08838,1,0.820314,0,0.820314,0.805421,0,0,13.4722,14.1667,13.3611,5079.5,970,255.625,970,1143.24,13.9688,89.9531,199.547,14.3203,24.4688,862.478,79.5,1.152,0.688001,2.096,96,8.62745,10.9804,-3.75,1.14063,28.957,30,30,40.5
26.167,0,0,0,0,1.04486,1.00113,0.91861,4,1.08838,1,0.820314,0,0.820314,0.811036,0,0,15.3056,21.4722,19.0556,5070,970,287.813,970,1124.77,16.8516,90.0469,199.57,22.6641,28.9922,861.619,79.5,1.64,0.989335,2.584,96,12.549,15.2941,-3.75,1.07813,31.6548,31.5,31.5,28.5
26.2,0,0,0,0,1.03284,1.00113,0.918091,4,1.09107,1,0.820314,0,0.820314,0.811769,0,0,19.6111,26.1389,25.0834,5078.5,970,351.328,970,1111.52,22.5,90.0469,199.57,28.7109,27.7969,861.619,79.5,2.036,1.136,2.98,96,15.2941,15.6863,-3.75,0.734375,30.9346,9,9,9
26.233,0,0,0,0,1.0246,1.00113,0.921601,4,1.09107,1,0.820314,0,0.820314,0.822023,0,0,26.75,28.4722,30.5556,5088,970,418.633,970,1100.98,28.4297,90.0469,199.523,33,18.8203,861.619,79.5,2.268,1.46134,3.212,96,16.4706,14.1177,-3.75,0.984375,23.3814,6,6,6
26.267,0,0,0,0,1.04523,1.00113,0.924287,4,1.09107,1,0.820314,0,0.820314,0.839601,0,0,26.1111,20.3333,28.1667,5102.75,970,391.094,970,1122.11,25.9453,89.9766,199.5,20.8594,14.25,861.619,79.5,1.612,1.10667,2.556,96,12.1569,8.62745,-3.75,0.546875,8.63202,6,6,-0.75
26.3,0,0,0,0,1.06982,1.00113,0.928498,4,1.08985,1,0.820314,0,0.820314,0.855226,0,0,22.5,15.0556,18.9167,5099.25,970,336.992,970,1148.52,21.1641,89.9766,199.5,14.3672,14.25,861.619,79.5,1.32,0.962668,2.264,96.75,9.01961,8.2353,-3.75,1.01563,0,8.25,8.25,8.25
26.333,0,0,0,0,1.07965,1.00113,0.940797,4,1.08985,1,0.820314,0,0.820314,0.860597,0,0,15.8889,13.5278,14.4167,5085.5,970,276.914,970,1159.1,15.8672,90.1406,199.523,12.8906,17.2734,861.619,79.5,1.172,0.728001,2.116,96.75,8.2353,8.2353,-3.75,0.625,0,24.75,24.75,24.75
26.367,0,0,0,0,1.07715,1.00113,0.948426,4,1.08985,1,0.820314,0,0.820314,0.85132,0,0,14,15.5,14.1111,5072.5,970,261.445,970,1156.45,14.5313,89.9766,199.547,14.8125,14.8125,860.213,79.5,1.176,0.693334,2.12,96.75,9.01961,9.80392,-3.75,0.890625,0,30,30,40.5
26.4,0,0,0,0,1.07227,1.00113,0.952454,4,1.0918,1,0.820314,0,0.820314,0.839601,0,0,14.9167,15.0556,15.1945,5071.75,970,276.211,970,1151.17,15.8438,89.9766,199.547,16.3125,14.25,860.213,79.5,1.28,0.781334,2.212,96.75,9.01961,8.62745,-3.75,0.75,0,31.5,31.5,39.75
26.433,0,0,0,0,1.07465,1.00113,0.952302,4,1.0918,1,0.820314,0,0.820314,0.823732,0,0,15.1389,13.8056,14.1667,5057.25,970,269.063,970,1153.75,15.2344,90,199.57,14.1797,14.25,860.213,79.5,1.188,0.733334,2.12,96.75,8.2353,8.2353,-3.75,0.59375,0,26.25,26.25,26.25
26.467,0,0,0,0,1.07227,1.00113,0.94983,4,1.0918,1,0.820314,0,0.820314,0.817384,0,0,13.8611,13.3056,13.0278,5048.75,970,258.633,970,1151.17,14.3203,89.9766,199.594,13.7344,14.25,860.213,79.5,1.132,0.682668,2.064,96.75,7.84314,8.2353,-3.75,1.26563,0,30,30,40.5
26.5,0,0,0,0,1.06982,1.00113,0.94574,4,1.09278,1,0.820314,0,0.820314,0.812745,0,0,13.3611,13.2778,12.3056,5031.75,970,252.109,970,1148.52,13.7578,89.9766,199.594,13.4766,14.25,860.213,79.5,1.088,0.658667,2.028,96,7.84314,8.2353,-3.75,0.875,0,30,30,40.5
26.533,0,0,0,0,1.06982,1.00113,0.939179,4,1.09278,1,0.820314,0,0.820314,0.801759,0,0,13.3611,13.3611,13,5016.5,970,253.125,970,1148.52,13.875,89.9766,199.641,13.6875,14.25,859.197,79.5,1.096,0.680001,2.036,96,7.84314,8.2353,-3.75,0.765625,0,27.75,27.75,27.75
26.567,0,0,0,0,1.06732,1.00113,0.934144,4,1.09278,1,0.820314,0,0.820314,0.794435,0,0,13,13.4722,12.9167,5008.25,970,249.961,970,1145.9,13.6406,89.9766,199.664,13.7344,14.25,859.197,79.5,1.076,0.632001,2.016,96,8.2353,8.2353,-3.75,0.546875,0,30,30,40.5
26.6,0,0,0,0,1.06732,1.00113,0.929871,4,1.09717,1,0.820314,0,0.820314,0.793702,0,0,13.3056,13.4722,12.9445,5005.75,970,253.242,970,1145.9,13.9453,89.9766,199.664,13.4531,14.25,859.197,79.5,1.076,0.661334,2.04,96,8.2353,8.2353,-3.75,0.515625,0,9.75,9.75,9
26.633,0,0,0,0,1.06488,1.00113,0.923951,4,1.09717,1,0.820314,0,0.820314,0.794435,0,0,13.3056,13.4722,13.3889,4980,970,254.141,970,1143.24,14.0391,89.9531,199.664,14.1797,14.25,859.197,79.5,1.092,0.658667,2.056,96,8.2353,8.2353,-3.75,0.953125,0,29.25,29.25,40.5
26.667,0,0,0,0,1.06238,1.00113,0.919678,4,1.09717,1,0.820314,0,0.820314,0.794435,0,0,13.4167,13.4445,12.6945,4961.75,970,255.078,970,1140.59,14.0859,89.8125,199.664,13.6406,14.25,859.197,79.5,1.076,0.645334,2.04,96,8.2353,8.2353,-3.75,0.453125,0,22.5,22.5,22.5
26.7,0,0,0,0,1.05994,1.00113,0.917054,4,1.09937,1,0.820314,0,0.820314,0.796876,0,0,13.3056,13.4167,13.6389,4957,970,257.148,970,1137.97,14.2734,89.8125,199.664,14.4141,14.25,859.197,78,1.108,0.666667,2.056,96,8.2353,8.2353,-3.75,0.640625,0.538643,29.25,29.25,40.5
26.733,0,0,0,0,1.0575,1.00113,0.913575,4,1.09937,1,0.820314,0,0.820314,0.798341,0,0,13.4167,13.3889,12.5,4935,970,254.492,970,1135.31,14.0156,89.7422,199.641,13.9453,14.25,857.83,78,1.072,0.642667,2.02,96,8.2353,8.2353,-3.75,0.265625,17.2656,29.25,29.25,29.25
26.767,0,0,0,0,1.05499,1.00113,0.910187,4,1.09937,1,0.820314,0,0.820314,0.7959,0,0,13.3056,13.3889,12.9722,4927.5,970,257.031,970,1132.66,14.2031,89.7891,199.617,14.3438,27.7969,857.83,78,1.144,0.672001,2.092,96,8.2353,9.80392,-3.75,0.46875,29.6757,29.25,29.25,40.5
26.8,0,0,0,0,1.05011,1.00113,0.907654,4,1.10059,1,0.820314,0,0.820314,0.795167,0,0,13.3056,19.3611,15.0556,4914.75,970,264.727,970,1127.38,14.8828,89.7891,199.617,17.1094,36.3984,857.83,78,1.36,0.749334,2.3,96.75,11.3726,17.2549,-3.75,0.515625,38.3092,29.25,29.25,40.5
26.833,0,0,0,0,1.01318,1.00113,0.903748,4,1.10059,1,0.820314,0,0.820314,0.795167,0,0,19.25,32.6945,28.75,4923.5,970,372.422,970,1087.77,24.3984,90.0234,199.617,36.75,46.2656,857.83,78,2.444,1.24267,3.384,96.75,18.0392,18.4314,-3.75,0.3125,43.7048,9.75,9.75,9.75
26.867,0,0,0,0,0.998475,1.00113,0.908509,4,1.10059,1,0.820314,0,0.820314,0.802736,0,0,30.1667,36.0834,35.3611,4947,970,473.438,970,1071.91,33.3516,90.2344,199.641,41.0391,48.9141,857.83,78,3.048,2.00534,3.988,96.75,19.6078,22.7451,-3.75,0.734375,43.7048,5.25,5.25,-8.25
26.9,0,0,0,0,0.981263,1.00113,0.911103,4,1.09766,1,0.820314,0,0.820314,0.838624,0,0,35.3889,47.3056,42.4445,4974.25,970,550.703,970,1053.44,40.1953,90.2344,199.641,48.6328,39.8906,857.83,78,3.448,2.20267,4.372,96.75,23.9216,23.9216,-3.75,0.484375,36.6903,5.25,5.25,-17.25
26.933,0,0,0,0,0.981202,1.00113,1.01361,4,1.09766,1,0.820314,0,0.820314,0.915529,0,0,44.4723,40.1667,50.4723,4997.5,970,615.703,970,1053.4,46.1719,90.4922,199.664,42.0703,17.8594,858.533,78,3.116,2.24,4.04,96.75,22.3529,14.1177,-3.75,0.390625,17.6257,5.25,5.25,-13.5
26.967,0,0,0,0,1.04523,1.00113,1.01276,4,1.09766,1,0.820314,0,0.820314,0.956056,0,0,38.2223,24.6945,43.4723,5043.5,970,519.414,970,1122.11,37.6172,90.1172,199.641,25.6406,16.2188,858.533,78,2.496,1.68534,3.42,96.75,14.5098,10.5882,-3.75,0.484375,3.05638,6,6,-21
27,0,0,0,0,1.10913,1.00113,1.02652,4,1.09522,1,0.820314,0,0.820314,0.956056,0,0,30.5556,19.7222,31.6389,5065.75,970,418.555,970,1190.78,28.6406,90.1172,199.641,20.3672,19.4766,858.533,78,1.984,1.40267,2.908,96.75,11.3726,9.01961,-3.75,0.8125,0,6,6,-25.5
27.033,0,0,0,0,1.14362,1.00113,1.05762,4,1.09522,1,0.820314,0,0.820314,0.90674,0,0,22.75,17.6389,20.9445,5064,970,337.148,970,1227.77,21.3281,90,199.547,18.2344,17.4609,858.533,78,1.716,1.13067,2.64,96.75,9.80392,10.1961,-3.75,1.48438,0,6,6,-22.5
27.067,0,0,0,0,1.14612,1.00113,1.08762,4,1.09522,1,0.820314,0,0.820314,0.871583,0,0,19.0833,17.4445,20.4445,5059.75,970,316.914,970,1230.43,19.5234,89.8828,199.57,18.0469,16.4766,858.533,78,1.664,1.02667,2.588,96.75,9.80392,9.41177,-3.75,0.78125,0,6,6,-13.5
27.1,0,0,0,0,1.151,1.00113,1.08405,4,1.09497,1,0.820314,0,0.820314,0.8313,0,0,18.3333,16.6945,17.6667,5036.75,970,304.18,970,1235.7,18.3984,89.8828,199.57,17.3438,15.7266,858.533,78,1.588,1.00267,2.528,96.75,9.41177,9.41177,-3.75,0.75,0,6.75,6.75,-2.25
27.133,0,0,0,0,1.14612,1.00113,1.0679,4,1.09497,1,0.820314,0,0.820314,0.784181,0,0,17.2222,16,16.2222,5025.75,970,292.93,970,1230.43,17.4844,90.1172,199.641,16.6641,14.8359,854.998,78,1.5,0.960001,2.44,96.75,9.01961,8.2353,-3.75,0.640625,0,36,36,38.25
27.167,0,0,0,0,1.14612,1.00113,1.05707,4,1.09497,1,0.820314,0,0.820314,0.783448,0,0,16.0278,14.9445,12.25,5020,970,282.461,970,1230.43,16.5703,90.0234,199.641,15.5859,14.25,854.998,78,1.424,0.864001,2.364,96.75,8.2353,7.84314,-3.75,1.09375,0,34.5,34.5,39
27.2,0,0,0,0,1.13379,1.00113,1.03842,4,1.09839,1,0.820314,0,0.820314,0.766847,0,0,15.3889,13.75,13.6389,5010,970,270.078,970,1217.19,15.4688,90.0234,199.641,14.3672,14.25,854.998,78,1.304,0.834668,2.224,96.75,7.84314,7.45098,-3.75,0.609375,0,31.5,31.5,39.75
27.233,0,0,0,0,1.13379,1.00113,1.01556,4,1.09839,1,0.820314,0,0.820314,0.733888,0,0,14.1667,13.5556,11.75,4978.25,970,261.563,970,1217.23,14.7422,89.9531,199.688,14.25,14.25,854.998,78,1.236,0.752001,2.156,96.75,7.45098,7.45098,-3.75,0.296875,0,29.25,29.25,40.5
27.267,0,0,0,0,1.12885,1.00113,1.00525,4,1.09839,1,0.820314,0,0.820314,0.746339,0,0,13.6945,13.5,15.3333,4962.75,970,258.281,970,1211.91,14.4375,89.6719,199.664,14.2266,14.25,854.998,78,1.208,0.725334,2.128,96.75,7.45098,7.45098,-3.75,0.78125,0,29.25,29.25,40.5
27.3,0,0,0,0,1.12647,1.00113,1,4,1.09986,1,0.820314,0,0.820314,0.737794,0,0,13.5833,13.4167,10.3333,4955.25,970,256.797,970,1209.34,14.2969,89.6719,199.664,14.1563,14.25,854.998,78,1.196,0.720001,2.124,96.75,7.45098,7.45098,-3.75,0.453125,0,29.25,29.25,40.5
27.333,0,0,0,0,1.1214,1.00113,1,4,1.09986,1,0.820314,0,0.820314,0.729982,0,0,13.3611,13.4167,15.1945,4931.75,970,256.211,970,1203.95,14.2031,89.7656,199.641,14.2266,14.25,853.845,78,1.192,0.717334,2.12,96.75,7.45098,7.45098,-3.75,0.890625,0,29.25,29.25,40.5
27.367,0,0,0,0,1.12146,1.00113,1,4,1.09986,1,0.820314,0,0.820314,0.729982,0,0,13.3056,13.3611,9.25001,4919.5,970,256.563,970,1203.98,14.2266,89.7891,199.617,14.2031,14.25,853.845,78,1.196,0.720001,2.124,96.75,7.45098,7.45098,-3.75,0.359375,0,30,30,40.5
27.4,0,0,0,0,1.10913,1.00113,1,4,1.10474,1,0.820314,0,0.820314,0.729982,0,0,13.2778,13.1945,15,4901.75,970,255.508,970,1190.78,14.1328,89.7891,199.617,14.0859,14.25,853.845,78,1.18,0.714668,2.084,96.75,7.45098,7.45098,-3.75,0.21875,0,30,30,40.5
27.433,0,0,0,0,1.10913,1.00113,0.95871,4,1.10474,1,0.820314,0,0.820314,0.729982,0,0,13.1667,13.25,8.25001,4890.75,970,255.82,970,1190.78,14.1328,89.7656,199.617,14.1797,14.25,853.845,78,1.132,0.714668,2.036,96.75,7.45098,7.45098,-3.75,0.515625,0,29.25,29.25,40.5
27.467,0,0,0,0,1.10175,1.00113,0.946534,4,1.10474,1,0.820314,0,0.820314,0.729982,0,0,13.0556,13.1111,15.8056,4882.75,970,255,970,1182.85,14.0391,89.7891,199.594,14.0391,14.25,853.845,78,1.116,0.672001,2.02,96.75,7.45098,7.45098,-3.75,0.140625,0,29.25,29.25,40.5
27.5,0,0,0,0,1.10913,1.00113,0.935151,4,1.10694,1,0.820314,0,0.820314,0.729982,0,0,13,13.1945,9.55556,4867.75,970,255.43,970,1190.78,14.0625,89.7891,199.594,14.1797,14.25,853.845,78,1.104,0.666667,2.016,96.75,7.45098,7.45098,-3.75,0.5,0,29.25,29.25,40.5
27.533,0,0,0,0,1.09686,1.00113,0.921296,4,1.10694,1,0.820314,0,0.820314,0.73462,0,0,13,13.0833,15.1945,4855.75,970,255.273,970,1177.58,14.0391,89.8359,199.594,14.1094,14.25,852.459,78,1.088,0.658667,2,96.75,7.45098,7.45098,-3.75,0.453125,0,29.25,29.25,40.5
27.567,0,0,0,0,1.10175,1.00113,0.911988,4,1.10694,1,0.820314,0,0.820314,0.7417,0,0,12.9445,13.1389,8.19445,4846.5,970,255.82,970,1182.85,14.0625,89.8359,199.57,14.1797,14.25,852.459,78,1.076,0.650667,1.988,96.75,7.45098,7.45098,-3.75,0.484375,0,20.25,20.25,20.25
27.6,0,0,0,0,1.08948,1.00113,0.906007,4,1.10816,1,0.820314,0,0.820314,0.753419,0,0,12.9445,13,15.6667,4833.25,970,255.43,970,1169.65,14.0391,89.8359,199.57,14.0625,14.25,852.459,78,1.068,0.645334,1.988,96.75,7.45098,7.45098,-3.75,0.3125,0,21.75,21.75,21.75
27.633,0,0,0,0,1.09198,1.00113,0.89911,4,1.10816,1,0.820314,0,0.820314,0.766847,0,0,12.9445,13.0278,9.77779,4810,970,256.563,970,1172.3,14.1094,89.7891,199.547,14.1797,14.25,852.459,78,1.064,0.645334,1.984,96.75,7.45098,7.45098,-3.75,0,0,8.25,8.25,-1.5
27.667,0,0,0,0,1.08209,1.00113,0.898133,4,1.10816,1,0.820314,0,0.820314,0.778566,0,0,12.8333,12.7778,14.1945,4798.25,970,256.133,970,1161.72,14.0391,89.6953,199.547,13.9219,14.25,852.459,78,1.052,0.637334,1.972,96.75,7.45098,7.45098,-3.75,0.5625,0,8.25,8.25,-2.25
27.7,0,0,0,0,1.08948,1.00113,0.898804,4,1.11279,1,0.820314,0,0.820314,0.790529,0,0,12.7778,12.9167,11.3889,4775.5,970,256.758,970,1169.65,14.0859,89.6953,199.547,14.1563,14.25,852.459,78,1.06,0.642667,1.98,96.75,7.45098,7.45098,-3.75,0.046875,0,8.25,8.25,6.75
27.733,0,0,0,0,1.07965,1.00113,0.902863,4,1.11279,1,0.820314,0,0.820314,0.807374,0,0,12.7778,12.8889,15.4445,4757.25,970,257.383,970,1159.1,14.1094,89.6719,199.523,14.1797,14.25,850.955,78,1.064,0.642667,1.984,96.75,7.45098,7.45098,-3.75,0.53125,0,18,18,18
27.767,0,0,0,0,1.08453,1.00113,0.90619,4,1.11279,1,0.820314,0,0.820314,0.817384,0,0,12.7222,12.8611,11.6111,4744.5,970,257.656,970,1164.38,14.1094,89.7656,199.5,14.1797,14.25,850.955,78,1.072,0.650667,1.992,96.75,7.45098,7.45098,-3.75,-0.21875,0,20.25,20.25,20.25
27.8,0,0,0,0,1.07227,1.00113,0.912842,4,1.11499,1,0.820314,0,0.820314,0.826661,0,0,12.7222,12.7778,12.2778,4730.25,970,258.164,970,1151.17,14.1563,89.7656,199.5,14.1328,14.25,850.955,78,1.072,0.653334,1.976,96.75,7.45098,7.45098,-3.75,0.15625,0,21,21,21
27.833,0,0,0,0,1.07715,1.00113,0.921082,4,1.11499,1,0.820314,0,0.820314,0.837648,0,0,12.6667,12.7778,12.1945,4717.5,970,258.242,970,1156.45,14.1328,90.5156,199.477,14.1797,14.25,850.955,78,1.084,0.656001,1.988,96.75,7.45098,7.45098,-3.75,0.28125,0,17.25,17.25,17.25
27.867,0,0,0,0,1.06982,1.00113,0.927827,4,1.11499,1,0.820314,0,0.820314,0.842286,0,0,12.6389,12.6389,11.8889,4709.5,970,258.086,970,1148.52,14.0859,90.5625,199.477,14.0391,14.25,850.955,78,1.088,0.658667,1.992,96.75,7.45098,7.45098,-3.75,-0.015625,0,15.75,15.75,15.75
27.9,0,0,0,0,1.06976,1.00113,0.934693,4,1.11597,1,0.820314,0,0.820314,0.847658,0,0,12.6389,12.6945,13.5833,4689.5,970,258.164,970,1148.48,14.0859,90.5625,199.477,14.1563,14.25,850.955,78,1.096,0.664001,2.024,96.75,7.45098,7.45098,-3.75,0.046875,0,23.25,23.25,23.25
27.933,0,0,0,0,1.06488,1.00113,0.943604,4,1.11597,1,0.820314,0,0.820314,0.852296,0,0,12.6389,12.6111,11.6667,4671.25,970,258.945,970,1143.24,14.1328,90.5625,199.453,14.1328,14.25,849.822,78,1.108,0.677334,2.036,96.75,7.45098,7.45098,-3.75,0.078125,0,18.75,18.75,18.75
27.967,0,0,0,0,1.06488,1.00113,0.950074,4,1.11597,1,0.820314,0,0.820314,0.853273,0,0,12.5833,12.6945,13.0556,4665.5,970,259.297,970,1143.2,14.1328,90.4688,199.453,14.2266,14.25,849.822,78,1.116,0.680001,2.044,96.75,7.45098,7.45098,-3.75,0.25,0,13.5,13.5,13.5
