TimeStamp, dwkrz_0   , dwkrz_1   , dwkrz_2   , dwkrz_3   , fpvdk_w   , fra_w     , frm_w     , gangi     , lambts_w  , lamelsh_w , lamfa_w   , lamlash_w , lamsbg_w  , lamsoni_w , ldrlms_w  , ldtvm     , ml_w      , msdk_w    , mshfm_w   , nmot_w    , plsol     , ps_w      , pu        , pvdks_w   , rl_w      , rlmax_w   , rlmx_w    , rlroh_w   , rlsol_w   , tabgm_w   , tanslin   , te_w      , tevfakge_w, ti_b1     , tmotlin   , wdkba     , wdks      , wkrm      , wnwi_w    , wped_w    , zwist     , zwout     , zwsol     
  sec.ms , °KW       , °KW       , °KW       , °KW       , -         , -         , -         , gear      , -         , -         , -         , -         , -         , -         , , , g/s       , g/s       , g/s       , rpm       , mbar      , mbar      , mbar      , mbar      , , , , , , °C        , °C        , ms        , ms        , ms        , °C        , DK      , DK      , °KW       , °KW       , PED     , °KW       , °KW       , °KW       
TIME,IgnitionRetardCyl1,IgnitionRetardCyl4,IgnitionRetardCyl2,IgnitionRetardCyl3,,AdaptationPartial,LambdaControlAvg,SelectedGear,LambdaPartProtection,,TargetAFRDriverRequest,,AirFuelRatioDesired,AirFuelRatioCurrent,ChargeLimitEngineProtection,WastegateDutyCycle,,MassAirFlowAtThrottlePlate,MassAirFlow,EngineSpeed,BoostPressureDesired,,BaroPressure,BoostPressureActual,EngineLoad,EngineLoadCorrected,EngineLoadSpecified,,EngineLoadRequested,EGTModelBeforeCat,IntakeAirTemperature,EffInjectionTime,,FuelInjectorOnTime,CoolantTemperature,ThrottlePlateAngle,ThrottlePlateAngleRequested,AvgIgnitionRetardKnockControl,CamshaftAngle,AccelPedalPosition,IgnitionTimingAngle,IgnitionTimingAngleOverall,
0,0,0,0,0,1.01343,0.99997,0.910371,4,1,1,1,0,1,1,0,0,8.02778,7.86112,7.63889,1237.25,970,557.93,970,997.969,34.1953,102.492,102.328,33.0469,34.9922,605.565,36.75,2.272,1.464,2.96,89.25,4.31373,4.31373,0,21.0625,13.8491,30.75,30.75,36
0.033,0,0,0,0,1.01019,0.99997,0.910584,4,1,1,1,0,1,0.997072,0,0,8.02778,7.80556,7.83334,1239.5,970,557.5,970,995.313,34.1719,102.305,102.375,33.9141,34.7813,605.565,36.75,2.292,1.464,2.98,89.25,4.31373,4.31373,0,21.0469,13.8491,30.75,30.75,36
0.067,0,0,0,0,1.01025,0.99997,0.90973,4,1,1,1,0,1,0.994142,0,0,8.02778,7.77778,7.8889,1240.5,970,558.75,970,995.313,34.2656,102.352,102.492,34.6875,34.6875,604.92,36.75,2.316,1.49067,3.004,89.25,4.31373,4.31373,0,21.0625,13.8491,31.5,31.5,36.75
0.1,0,0,0,0,1.01093,0.99997,0.909394,4,1,1,1,0,1,0.991212,0,0,8.08334,7.83334,7.80556,1240.5,970,558.75,970,995.313,34.2656,102.352,102.492,34.2656,34.6406,604.92,36.75,2.304,1.488,2.972,89.25,4.31373,4.31373,0,21.3281,13.8491,32.25,32.25,36.75
0.133,0,0,0,0,1.01392,0.99997,0.91034,4,1,1,1,0,1,0.989992,0,0,8.08334,7.91667,7.77778,1237.75,970,557.695,970,997.969,34.1719,102.469,102.375,33.5625,34.8516,604.92,36.75,2.284,1.488,2.952,89.25,4.31373,4.31373,0,21.6406,13.8491,32.25,32.25,36.75
0.167,0,0,0,0,1.01007,0.99997,0.909547,4,1,1,1,0,1,0.987306,0,0,7.97223,7.8889,8.02778,1237,970,558.711,970,995.313,34.2656,102.352,102.352,35.4141,34.9219,604.92,36.75,2.328,1.472,2.996,89.25,4.31373,4.31373,0,21.4531,13.8491,31.5,31.5,36.75
0.2,0,0,0,0,1.01294,0.99997,0.909669,4,1,1,1,0,1,0.987306,0,0,8.08334,7.8889,7.91667,1238.75,970,559.492,970,997.93,34.3125,102.352,102.352,34.8047,34.8281,604.92,36.75,2.32,1.496,2.988,90,4.31373,4.31373,0,21.4531,13.8491,30.75,30.75,36
0.233,0,0,0,0,1.01062,0.99997,0.908723,4,1,1,1,0,1,0.988527,0,0,8.02778,7.86112,7.83334,1237.25,970,558.75,970,995.313,34.2656,102.328,102.375,33.8203,34.9219,604.92,36.75,2.3,1.48267,2.968,90,4.31373,4.31373,0,21.375,13.8491,30.75,30.75,36
0.267,0,0,0,0,1.01044,0.99997,0.908753,4,1,1,1,0,1,0.989992,0,0,8.08334,7.8889,8.11112,1240.25,970,561.055,970,995.313,34.4297,102.352,102.469,35.5313,34.8047,604.295,36.75,2.336,1.49067,3.004,90,4.31373,4.31373,0,20.875,13.8491,31.5,31.5,36.75
0.3,0,0,0,0,1.01379,0.99997,0.907136,4,1,1,1,0,1,0.989992,0,0,8.08334,7.8889,7.80556,1241,970,560.664,970,997.93,34.4063,102.352,102.469,34.1719,34.6641,604.295,36.75,2.42,1.56267,3.1,90,4.31373,4.31373,0,20.9844,13.8491,31.5,31.5,36.75
0.333,0,0,0,0,1.01086,0.99997,0.907288,4,1,1,1,0,1,0.992677,0,0,8.08334,7.91667,7.86112,1238.5,970,559.805,970,995.313,34.3359,102.445,102.422,33.8438,34.8047,604.295,36.75,2.404,1.552,3.084,90,4.31373,4.31373,0,21.3906,13.8491,31.5,31.5,36.75
0.367,0,0,0,0,1.01386,0.99997,0.906769,4,1,1,1,0,1,0.994142,0,0,8.08334,7.94445,7.86112,1237.25,970,561.055,970,997.969,34.4297,102.398,102.375,33.9141,34.9219,604.295,36.75,2.416,1.58667,3.096,90,4.31373,4.31373,0,21.3594,13.8491,30.75,30.75,35.25
0.4,0,0,0,0,1.0105,0.99997,0.905732,4,1,1,1,0,1,0.995607,0,0,8.08334,7.94445,7.86112,1238,970,560.352,970,995.313,34.3828,102.398,102.375,33.9844,34.8984,604.295,36.75,2.412,1.55467,3.092,90,4.31373,4.31373,0,21.6719,13.8491,31.5,31.5,36
0.433,0,0,0,0,1.013,0.99997,0.906617,4,1,1,1,0,1,1,0,0,8.08334,7.91667,7.94445,1241,970,561.172,970,997.969,34.4297,102.352,102.492,34.9453,34.6641,604.295,36.75,2.432,1.568,3.1,90,4.31373,4.31373,0,21.5469,13.8491,31.5,31.5,36
0.467,0,0,0,0,1.01001,0.99997,0.905671,4,1,1,1,0,1,1.00171,0,0,8.08334,7.8889,7.94445,1241,970,560.156,970,995.313,34.3594,102.469,102.492,34.3359,34.6406,603.67,36.75,2.408,1.54934,3.076,90,4.31373,4.31373,0,21.0156,13.8491,32.25,32.25,37.5
0.5,0,0,0,0,1.01282,0.99997,0.904542,4,1,1,1,0,1,1.00171,0,0,8.08334,7.86112,7.86112,1239.25,970,560.664,970,997.969,34.4063,102.469,102.492,34.7109,34.7813,603.67,36.75,2.424,1.56534,3.092,89.25,4.31373,4.31373,0,21.1406,13.8491,32.25,32.25,37.5
0.533,0,0,0,0,1.01013,0.99997,0.904999,4,1,1,1,0,1,1.00171,0,0,8.08334,7.80556,7.61112,1236.5,970,558.75,970,995.313,34.2656,102.469,102.328,33.6797,34.9453,603.67,36.75,2.396,1.54667,3.064,89.25,4.31373,4.31373,0,21.1406,13.8491,31.5,31.5,36.75
0.567,0,0,0,0,1.00964,0.99997,0.904389,4,1,1,1,0,1,1,0,0,8.02778,7.8889,7.77778,1235.5,970,557.93,970,995.313,34.1953,102.305,102.305,33.7266,35.0156,603.67,36.75,2.388,1.54134,3.056,89.25,4.31373,4.31373,0,21.125,13.8491,31.5,31.5,36.75
0.6,0,0,0,0,1.01227,0.99997,0.90503,4,1,1,1,0,1,0.998537,0,0,8.08334,7.80556,8.02778,1238.5,970,559.688,970,997.969,34.3359,102.305,102.305,35.3906,34.8281,603.67,36.75,2.328,1.50134,2.996,89.25,4.31373,4.31373,0,21.5625,13.8491,31.5,31.5,36
0.633,0,0,0,0,1.01227,0.99997,0.904053,4,1,1,1,0,1,0.995607,0,0,8.02778,7.8889,7.91667,1241.75,970,558.672,970,997.969,34.2422,102.281,102.445,34.1953,34.7813,603.67,36.75,2.292,1.47467,2.96,89.25,4.31373,4.31373,0,21.6094,13.8491,31.5,31.5,36.75
0.667,0,0,0,0,1.0119,0.99997,0.904328,4,1,1,1,0,1,0.994142,0,0,8.08334,7.80556,7.63889,1241.5,970,557.813,970,997.969,34.1953,102.422,102.516,33.6797,34.5703,603.065,36.75,2.284,1.47467,2.952,89.25,4.31373,4.31373,0,21.3594,13.8491,32.25,32.25,37.5
0.7,0,0,0,0,1.00855,0.99997,0.904969,4,1,1,1,0,1,0.992677,0,0,8.02778,7.80556,7.86112,1235.75,970,556.602,970,995.313,34.1016,102.422,102.516,34.7578,34.7109,603.065,36.75,2.3,1.45334,2.968,89.25,4.31373,4.31373,0,21.1875,13.8491,31.5,31.5,36.75
0.733,0,0,0,0,1.01111,0.99997,0.905457,4,1,1,1,0,1,0.992677,0,0,7.97223,7.80556,7.8889,1235.25,970,556.719,970,997.969,34.1016,102.492,102.305,34.1953,34.9688,603.065,36.75,2.288,1.48534,2.956,89.25,4.31373,4.31373,0,21.2031,13.8491,31.5,31.5,36.75
0.767,0,0,0,0,1.01154,0.99997,0.906068,4,1,1,1,0,1,0.992677,0,0,8.02778,7.80556,7.86112,1235.75,970,557.656,970,997.969,34.1719,102.305,102.305,34.7344,34.9922,603.065,36.75,2.316,1.49334,2.984,89.25,4.31373,4.31373,0,21.2344,13.8491,31.5,31.5,36.75
0.8,0,0,0,0,1.00818,0.99997,0.90622,4,1,1,1,0,1,0.992677,0,0,8.02778,7.80556,7.8889,1242,970,556.719,970,995.313,34.1016,102.305,102.305,34.6875,34.7813,603.065,36.75,2.3,1.48534,2.98,89.25,4.31373,4.31373,0,21.1875,13.8491,31.5,31.5,36.75
0.833,0,0,0,0,1.0108,0.99997,0.906098,4,1,1,1,0,1,0.994142,0,0,8.02778,7.83334,7.72223,1241.25,970,556.406,970,997.93,34.0781,102.281,102.539,33.9141,34.5703,603.065,36.75,2.276,1.48534,2.956,89.25,4.31373,4.31373,0,21.6406,13.8491,32.25,32.25,37.5
0.867,0,0,0,0,1.0105,0.99997,0.9068,4,1,1,1,0,1,0.997072,0,0,7.97223,7.91667,7.63889,1236,970,554.258,970,997.969,33.9141,102.516,102.445,33.1406,34.7578,602.479,36.75,2.244,1.464,2.924,89.25,4.31373,4.31373,0,21.5469,13.8491,31.5,31.5,36.75
0.9,0,0,0,0,1.00671,0.99997,0.906037,4,1,1,1,0,1,0.998537,0,0,7.97223,7.83334,7.75001,1237,970,554.727,970,995.313,33.9609,102.516,102.445,34.2422,34.9453,602.479,36.75,2.392,1.544,3.06,89.25,4.31373,4.31373,0,21.3125,13.8491,30.75,30.75,36
0.933,0,0,0,0,1.00897,0.99997,0.906434,4,1,1,1,0,1,1,0,0,7.97223,7.77778,7.77778,1236.5,970,555.195,970,997.93,33.9844,102.422,102.328,34.2891,34.9453,602.479,36.75,2.404,1.544,3.072,89.25,4.31373,4.31373,0,21,13.8491,30.75,30.75,36
0.967,0,0,0,0,1.00928,0.99997,0.90741,4,1,1,1,0,1,1.00366,0,0,7.97223,7.77778,7.83334,1240.25,970,555.078,970,997.969,33.9844,102.305,102.469,33.8438,34.7109,602.479,36.75,2.392,1.54934,3.06,89.25,4.31373,4.31373,0,21,13.8491,31.5,31.5,36.75
1,0,0,0,0,1.00659,0.99997,0.906098,4,1,1,1,0,1,1.00366,0,0,7.97223,7.77778,7.69445,1240,970,554.961,970,995.313,33.9844,102.305,102.469,33.9141,34.7109,602.479,36.75,2.388,1.54134,3.056,89.25,4.31373,4.31373,0,21.2031,13.8491,31.5,31.5,36.75
1.033,0,0,0,0,1.00659,0.99997,0.906739,4,1,1,1,0,1,1.00611,0,0,7.97223,7.77778,7.75001,1238.5,970,555.156,970,995.313,33.9844,102.445,102.422,34.125,34.7813,602.479,36.75,2.396,1.54667,3.064,89.25,4.31373,4.31373,0,21.2813,13.8491,31.5,31.5,36.75
1.067,0,0,0,0,1.0069,0.99997,0.906495,4,1,1,1,0,1,1.00733,0,0,7.97223,7.83334,7.75001,1236.75,970,555.82,970,995.313,34.0313,102.398,102.352,34.0547,34.8984,601.873,36.75,2.396,1.552,3.064,89.25,4.31373,4.31373,0,21.3281,13.8491,31.5,31.5,36.75
1.1,0,0,0,0,1.00946,0.99997,0.906098,4,1,1,1,0,1,1.00733,0,0,8.02778,7.77778,8.1389,1236.75,970,558.203,970,997.93,34.2188,102.398,102.352,35.6484,34.9453,601.873,36.75,2.44,1.57334,3.108,89.25,4.31373,4.31373,0,21.4375,13.8491,31.5,31.5,36.75
1.133,0,0,0,0,1.01019,0.99997,0.906495,4,1,1,1,0,1,1.00611,0,0,8.02778,7.80556,7.75001,1239.5,970,556.836,970,997.969,34.125,102.328,102.445,33.3047,34.7578,601.873,36.75,2.376,1.53334,3.044,89.25,4.31373,4.31373,0,21.375,13.8491,31.5,31.5,36.75
1.167,0,0,0,0,1.00964,0.99997,0.907105,4,1,1,1,0,1,1.00611,0,0,8.02778,7.86112,7.75001,1239.75,970,555.898,970,997.969,34.0547,102.422,102.469,33.6328,34.7344,601.873,36.75,2.388,1.54667,3.056,89.25,4.31373,4.31373,0,21.0469,13.8491,31.5,31.5,36.75
1.2,0,0,0,0,1.00635,0.99997,0.907715,4,1,1,1,0,1,1.00488,0,0,7.97223,7.80556,7.80556,1237.5,970,555.781,970,995.313,34.0313,102.422,102.469,33.9844,34.8516,601.873,36.75,2.284,1.472,2.952,89.25,4.31373,4.31373,0,21.3594,13.8491,31.5,31.5,36
1.233,0,0,0,0,1.00665,0.99997,0.907502,4,1,1,1,0,1,1.00366,0,0,8.02778,7.77778,8.02778,1238.75,970,558.047,970,995.313,34.1953,102.445,102.422,35.5547,34.8047,601.873,36.75,2.32,1.496,2.988,89.25,4.31373,4.31373,0,21.0156,13.8491,31.5,31.5,36
1.267,0,0,0,0,1.00971,0.99997,0.906983,4,1,1,1,0,1,1,0,0,8.02778,7.86112,7.69445,1237.25,970,556.602,970,997.969,34.1016,102.398,102.375,33.3984,34.9219,601.229,36.75,2.268,1.464,2.936,89.25,4.31373,4.31373,0,21.3281,13.8491,31.5,31.5,36.75
1.3,0,0,0,0,1.00897,0.99997,0.908051,4,1,1,1,0,1,0.998537,0,0,7.97223,7.86112,7.80556,1236.25,970,556.406,970,997.969,34.0781,102.398,102.375,33.9844,35.0156,601.229,36.75,2.28,1.472,2.948,90,4.31373,4.31373,0,21.6719,13.8491,31.5,31.5,36.75
1.333,0,0,0,0,1.00598,0.99997,0.908692,4,1,1,1,0,1,0.998537,0,0,8.02778,7.77778,7.97223,1237.75,970,558.477,970,995.313,34.2422,102.352,102.375,35.3438,34.9453,601.229,36.75,2.328,1.47734,2.996,90,4.31373,4.31373,0,21.4844,13.8491,30.75,30.75,36
1.367,0,0,0,0,1.0069,0.99997,0.909058,4,1,1,1,0,1,0.997072,0,0,8.08334,7.83334,7.83334,1238.75,970,559.063,970,995.313,34.2891,102.352,102.422,34.6406,34.8281,601.229,36.75,2.32,1.496,2.988,90,4.31373,4.31373,0,21.1875,13.8491,30.75,30.75,36
1.4,0,0,0,0,1.00708,0.99997,0.910126,4,1,1,1,0,1,0.998537,0,0,8.08334,7.83334,7.69445,1240.25,970,558.516,970,995.313,34.2422,102.352,102.422,34.5938,34.6875,601.229,36.75,2.316,1.488,2.996,89.25,4.31373,4.31373,0,21.1406,13.8491,31.5,31.5,37.5
1.433,0,0,0,0,1.00995,0.99997,0.909424,4,1,1,1,0,1,0.998537,0,0,8.08334,7.80556,7.86112,1238.25,970,558.516,970,997.969,34.2422,102.398,102.469,33.9609,34.7578,601.229,36.75,2.304,1.496,2.984,89.25,4.31373,4.31373,0,20.8906,13.8491,30.75,30.75,36
1.467,0,0,0,0,1.01007,0.99997,0.910645,4,1,1,1,0,1,1.00171,0,0,8.02778,7.77778,7.83334,1237,970,559.063,970,997.969,34.2891,102.445,102.352,34.6172,34.9453,600.623,36.75,2.32,1.496,3,89.25,4.31373,4.31373,0,21.2344,13.8491,30.75,30.75,36
1.5,0,0,0,0,1.00995,0.99997,0.910157,4,1,1,1,0,1,1.00366,0,0,8.02778,7.80556,7.86112,1238.25,970,557.188,970,997.969,34.1484,102.445,102.352,34.1016,34.9453,600.623,36.75,2.416,1.472,3.084,89.25,4.31373,4.31373,0,21.4844,13.8491,31.5,31.5,36.75
1.533,0,0,0,0,1.00958,0.99997,0.911133,4,1,1,1,0,1,1.00611,0,0,8.02778,7.80556,7.8889,1237.5,970,557.422,970,997.969,34.1484,102.328,102.398,34.3125,34.9219,600.623,36.75,2.428,1.56,3.096,89.25,4.31373,4.31373,0,21.4844,13.8491,30.75,30.75,36
1.567,0,0,0,0,1.0069,0.99997,0.910828,4,1,1,1,0,1,1.00611,0,0,8.02778,7.77778,7.72223,1238.75,970,557.969,970,995.313,34.1953,102.375,102.445,34.2891,34.8047,600.623,36.75,2.432,1.568,3.1,89.25,4.31373,4.31373,0,21.5781,13.8491,30.75,30.75,36
1.6,0,0,0,0,1.00977,0.99997,0.910523,4,1,1,1,0,1,1.00733,0,0,8.02778,7.80556,7.75001,1239.25,970,557.227,970,997.969,34.1484,102.375,102.445,33.7031,34.8281,600.623,36.75,2.416,1.55734,3.084,89.25,4.31373,4.31373,0,21.5,13.8491,31.5,31.5,36.75
1.633,0,0,0,0,1.00958,0.99997,0.910371,4,1,1,1,0,1,1.00733,0,0,8.02778,7.80556,7.80556,1236.5,970,557.031,970,997.969,34.125,102.422,102.445,34.0313,34.9453,600.623,36.75,2.42,1.55734,3.088,89.25,4.31373,4.31373,0,21,13.8491,31.5,31.5,36.75
1.667,0,0,0,0,1.00671,0.99997,0.910279,4,1,1,1,0,1,1.00733,0,0,8.02778,7.77778,7.86112,1237.75,970,558.125,970,995.313,34.2188,102.422,102.375,34.9453,34.8984,600.018,36.75,2.444,1.56,3.112,89.25,4.31373,4.31373,0,21.1094,13.8491,31.5,31.5,36.75
1.7,0,0,0,0,1.00983,0.99997,0.909394,4,1,1,1,0,1,1.00611,0,0,8.02778,7.80556,7.91667,1239.5,970,558.398,970,997.969,34.2422,102.422,102.375,34.4063,34.875,600.018,36.75,2.44,1.57334,3.108,89.25,4.31373,4.31373,0,21.0156,13.8491,31.5,31.5,36
1.733,0,0,0,0,1.01007,0.99997,0.910462,4,1,1,1,0,1,1.00611,0,0,8.02778,7.86112,7.69445,1238.25,970,557.344,970,997.969,34.1484,102.352,102.398,33.5391,34.875,600.018,36.75,2.404,1.54934,3.072,89.25,4.31373,4.31373,0,21.3281,13.8491,31.5,31.5,36
1.767,0,0,0,0,1.00696,0.99997,0.909852,4,1,1,1,0,1,1.00366,0,0,8.02778,7.77778,7.91667,1238.75,970,558.984,970,995.313,34.2656,102.375,102.422,35.1563,34.875,600.018,36.75,2.452,1.56267,3.12,89.25,4.31373,4.31373,0,21.7188,13.8491,31.5,31.5,36.75
1.8,0,0,0,0,1.01025,0.99997,0.909852,4,1,1,1,0,1,1,0,0,8.02778,7.77778,7.69445,1238,970,558.711,970,997.93,34.2656,102.375,102.422,34.1016,34.875,600.018,36.75,2.308,1.488,2.988,89.25,4.31373,4.31373,0,21.4063,13.8491,31.5,31.5,36.75
1.833,0,0,0,0,1.00763,0.99997,0.909547,4,1,1,1,0,1,0.998537,0,0,8.02778,7.80556,7.69445,1237.25,970,557.422,970,995.313,34.1484,102.398,102.375,33.4219,34.9453,600.018,36.75,2.284,1.47467,2.964,89.25,4.31373,4.31373,0,21.3594,13.8491,31.5,31.5,36.75
1.867,0,0,0,0,1.01019,0.99997,0.909333,4,1,1,1,0,1,0.997072,0,0,8.02778,7.86112,7.69445,1237.25,970,557.07,970,997.969,34.125,102.352,102.375,33.4219,34.9922,599.432,36.75,2.284,1.49867,2.964,89.25,4.31373,4.31373,0,21.0156,13.8491,30.75,30.75,36
1.9,0,0,0,0,1.00934,0.99997,0.909089,4,1,1,1,0,1,0.994142,0,0,8.02778,7.80556,7.72223,1239.25,970,556.25,970,997.969,34.0781,102.352,102.375,33.5859,34.8281,599.432,36.75,2.288,1.47734,2.968,88.5,4.31373,4.31373,0,20.9219,13.8491,30.75,30.75,36
1.933,0,0,0,0,1.00885,0.99997,0.908692,4,1,1,1,0,1,0.992677,0,0,8.02778,7.80556,7.72223,1239.5,970,555.547,970,997.969,34.0313,102.352,102.445,33.6328,34.7578,599.432,36.75,2.288,1.47734,2.968,88.5,4.31373,4.31373,0,21.3438,13.8491,30.75,30.75,36
1.967,0,0,0,0,1.00824,0.99997,0.909302,4,1,1,1,0,1,0.991212,0,0,7.97223,7.77778,7.63889,1239.25,970,553.984,970,997.969,33.9141,102.422,102.445,33.375,34.8281,599.432,36.75,2.284,1.48,2.964,88.5,4.31373,4.31373,0,21.5781,13.8491,31.5,31.5,36.75
2,0,0,0,0,1.00763,0.99997,0.908509,4,1,1,1,0,1,0.989992,0,0,7.97223,7.77778,7.69445,1236.5,970,553.633,970,997.969,33.8906,102.422,102.445,33.6797,34.9453,599.432,36.75,2.288,1.47734,2.968,89.25,4.31373,4.31373,0,21.4531,13.8491,30.75,30.75,36
2.033,0,0,0,0,1.00476,0.99997,0.908265,4,1,1,1,0,1,0.991212,0,0,7.97223,7.77778,7.8889,1234.5,970,554.648,970,995.313,33.9609,102.422,102.258,34.6406,35.0859,599.432,36.75,2.316,1.488,2.984,89.25,4.31373,4.31373,0,21.4844,13.8491,30.75,30.75,36
2.067,0,0,0,0,1.00531,0.99997,0.908845,4,1,1,1,0,1,0.994142,0,0,7.97223,7.77778,7.97223,1237,970,556.68,970,995.313,34.1016,102.234,102.352,34.7578,34.9453,598.807,36.75,2.324,1.49867,2.992,89.25,4.31373,4.31373,0,21.2969,13.8491,30.75,30.75,36
2.1,0,0,0,0,1.00574,0.99997,0.907715,4,1,1,1,0,1,0.995607,0,0,8.02778,7.77778,7.69445,1239,970,556.758,970,995.313,34.1016,102.234,102.352,34.1719,34.8281,598.807,36.75,2.424,1.56267,3.092,88.5,4.31373,4.31373,0,21.1094,13.8491,30.75,30.75,36
2.133,0,0,0,0,1.00586,0.99997,0.907777,4,1,1,1,0,1,0.997072,0,0,8.02778,7.83334,7.8889,1239.75,970,558.047,970,995.313,34.1953,102.328,102.422,34.7813,34.8047,598.807,36.75,2.44,1.56534,3.108,88.5,4.31373,4.31373,0,20.9844,13.8491,30.75,30.75,36
2.167,0,0,0,0,1.00897,0.99997,0.907014,4,1,1,1,0,1,0.998537,0,0,8.02778,7.77778,7.80556,1237.75,970,558.359,970,997.93,34.2188,102.398,102.375,34.4063,34.8516,598.807,36.75,2.428,1.56534,3.096,88.5,4.31373,4.31373,0,21.2344,13.8491,30.75,30.75,36
2.2,0,0,0,0,1.00928,0.99997,0.907838,4,1,1,1,0,1,1.00171,0,0,8.02778,7.86112,8.00001,1237.75,970,559.219,970,997.969,34.2891,102.398,102.375,34.6875,34.875,598.807,36.75,2.44,1.568,3.108,89.25,4.31373,4.31373,0,21.4375,13.8491,31.5,31.5,36.75
2.233,0,0,0,0,1.00671,0.99997,0.907532,4,1,1,1,0,1,1.00366,0,0,8.02778,7.8889,7.72223,1238,970,559.023,970,995.313,34.2891,102.352,102.375,34.1719,34.875,598.807,36.75,2.428,1.57334,3.096,89.25,4.31373,4.31373,0,21.3438,13.8491,31.5,31.5,36.75
2.267,0,0,0,0,1.00708,0.99997,0.906617,4,1,1,1,0,1,1.00488,0,0,8.08334,7.83334,8.19445,1238.25,970,561.719,970,995.313,34.4766,102.352,102.398,36.1172,34.875,598.221,36.75,2.476,1.59734,3.144,89.25,4.31373,4.31373,0,21.4531,13.8491,31.5,31.5,36.75
2.3,0,0,0,0,1.0108,0.99997,0.905884,4,1,1,1,0,1,1.00366,0,0,8.08334,7.86112,7.8889,1238.5,970,561.484,970,997.969,34.4531,102.352,102.398,34.1953,34.9453,598.221,36.75,2.432,1.576,3.112,89.25,4.31373,4.31373,0,21.2969,13.8491,30.75,30.75,35.25
2.333,0,0,0,0,1.01056,0.99997,0.905762,4,1,1,1,0,1,1.00171,0,0,8.08334,7.83334,7.97223,1238.5,970,562.734,970,997.93,34.5469,102.375,102.422,35.2969,34.1016,598.221,36.75,2.464,1.568,3.144,89.25,4.31373,4.31373,0,21.3125,13.489,30.75,30.75,36
2.367,0,0,0,0,1.00855,0.99997,0.906495,4,1,1,1,0,1,1,0,0,8.08334,7.91667,7.8889,1237,970,562.461,970,995.313,34.5234,102.398,102.398,34.9922,34.1484,598.221,36.75,2.452,1.57067,3.132,89.25,4.31373,4.31373,0,21.2813,13.489,31.5,31.5,36
2.4,0,0,0,0,1.00842,0.99997,0.906159,4,1,1,1,0,1,0.998537,0,0,8.1389,7.8889,7.94445,1237.5,970,563.359,970,995.313,34.5938,102.398,102.398,35.1328,34.1953,598.221,36.75,2.344,1.512,3.024,89.25,4.31373,4.31373,0,21.1094,13.489,31.5,31.5,36
2.433,0,0,0,0,1.01141,0.99997,0.905549,4,1,1,1,0,1,0.995607,0,0,8.1389,7.80556,7.8889,1237.75,970,562.813,970,997.969,34.5703,102.375,102.375,34.2422,34.1484,598.221,36.75,2.328,1.512,3.008,89.25,4.31373,4.31373,0,21.3594,13.489,31.5,31.5,36
2.467,0,0,0,0,1.01086,0.99997,0.905396,4,1,1,1,0,1,0.992677,0,0,8.08334,7.77778,7.94445,1240.25,970,560.156,970,997.969,34.3594,102.352,102.398,34.5938,34.1484,597.616,36.75,2.316,1.46667,2.996,89.25,4.31373,4.31373,0,21.7344,13.489,31.5,31.5,36.75
2.5,0,0,0,0,1.0105,0.99997,0.905305,4,1,1,1,0,1,0.991212,0,0,8.02778,7.69445,7.61112,1238.25,970,559.258,970,997.93,34.2891,102.352,102.398,33.7734,33.9844,597.616,36.75,2.292,1.48,2.96,89.25,3.92157,4.31373,0,21.375,13.489,32.25,32.25,37.5
2.533,0,0,0,0,1.01062,0.99997,0.905152,4,1,1,1,0,1,0.989992,0,0,8.02778,7.58334,7.55556,1238.25,970,557.07,970,997.969,34.125,102.375,102.398,32.8359,34.1484,597.616,36.75,2.268,1.46667,2.936,89.25,3.92157,4.31373,0,21.0469,13.489,31.5,31.5,36.75
2.567,0,0,0,0,1.01007,0.99997,0.905701,4,1,1,1,0,1,0.988527,0,0,7.97223,7.58334,7.58334,1236.5,970,553.984,970,997.969,33.9141,102.375,102.328,33.1172,34.2656,597.616,36.75,2.268,1.464,2.936,89.25,3.92157,4.31373,0,21.1406,13.489,31.5,31.5,36.75
2.6,0,0,0,0,1.00977,0.99997,0.904664,4,1,1,1,0,1,0.986085,0,0,7.97223,7.61112,7.77778,1236,970,554.102,970,997.969,33.9141,102.375,102.328,34.0078,34.2656,597.616,36.75,2.284,1.47467,2.952,89.25,3.92157,4.31373,0,21.2188,13.489,31.5,31.5,36.75
2.633,0,0,0,0,1.01032,0.99997,0.903626,4,1,1,1,0,1,0.986085,0,0,7.97223,7.61112,7.80556,1237.75,970,554.375,970,997.969,33.9375,102.305,102.375,34.1016,34.1484,597.616,36.75,2.288,1.47734,2.956,89.25,3.92157,4.31373,0,21.3125,13.489,31.5,31.5,36.75
2.667,0,0,0,0,1.01141,0.99997,0.9021,4,1,1,1,0,1,0.986085,0,0,7.97223,7.63889,7.50001,1238.75,970,553.203,970,997.969,33.8438,102.352,102.422,32.8125,34.0781,597.049,36.75,2.252,1.48267,2.92,89.25,4.31373,4.31373,0,21.5156,13.489,31.5,31.5,36.75
2.7,0,0,0,0,1.0108,0.99997,0.902131,4,1,1,1,0,1,0.987306,0,0,7.94445,7.63889,7.66667,1238.5,970,552.773,970,997.969,33.8203,102.352,102.422,33.5625,34.0547,597.049,36.75,2.376,1.53334,3.044,89.25,4.31373,4.31373,0,21.4688,13.489,30.75,30.75,36
2.733,0,0,0,0,1.01074,0.99997,0.902131,4,1,1,1,0,1,0.989992,0,0,7.94445,7.69445,7.63889,1237.5,970,552.227,970,997.969,33.7734,102.398,102.375,33.4688,34.1484,597.049,36.75,2.368,1.528,3.036,89.25,4.31373,4.31373,0,21.4688,13.489,30.75,30.75,36
2.767,0,0,0,0,1.01068,0.99997,0.900574,4,1,1,1,0,1,0.991212,0,0,7.94445,7.63889,7.58334,1236,970,551.289,970,997.969,33.7031,102.352,102.328,33.3047,34.2656,597.049,36.75,2.364,1.528,3.032,89.25,4.31373,4.31373,0,21.1406,13.489,30.75,30.75,36
2.8,0,0,0,0,1.00787,0.99997,0.900757,4,1,1,1,0,1,0.994142,0,0,7.94445,7.66667,7.66667,1236.5,970,551.172,970,995.313,33.7031,102.352,102.328,33.6328,34.1953,597.049,36.75,2.372,1.53067,3.04,88.5,4.31373,4.31373,0,20.875,13.489,31.5,31.5,36.75
2.833,0,0,0,0,1.00794,0.99997,0.899964,4,1,1,1,0,1,0.995607,0,0,7.94445,7.61112,7.61112,1240,970,551.563,970,995.313,33.7266,102.305,102.398,33.7734,34.1484,597.049,36.75,2.372,1.53067,3.04,88.5,4.31373,4.31373,0,21.1094,13.489,30.75,30.75,36.75
2.867,0,0,0,0,1.01117,0.99997,0.898438,4,1,1,1,0,1,0.997072,0,0,7.8889,7.69445,7.52778,1238.25,970,550.117,970,997.969,33.6094,102.375,102.398,32.7656,34.2891,596.444,36.75,2.34,1.512,3.008,88.5,4.31373,4.31373,0,21.4219,13.489,31.5,31.5,30
2.9,0,0,0,0,1.01074,0.99997,0.897309,4,1,1,1,0,1,0.997072,0,0,7.94445,7.63889,7.80556,1237.75,970,550.703,970,997.969,33.6563,102.375,102.398,34.0078,34.2656,596.444,36.75,2.368,1.528,3.036,88.5,4.31373,4.31373,0,21.3594,13.489,31.5,31.5,29.25
2.933,0,0,0,0,1.00836,0.99997,0.898621,4,1,1,1,0,1,0.998537,0,0,7.94445,7.66667,7.63889,1236.5,970,551.289,970,995.313,33.7031,102.375,102.305,34.0078,34.4063,596.444,36.75,2.372,1.52267,3.04,88.5,4.31373,4.31373,0,21.5781,13.489,31.5,31.5,29.25
2.967,0,0,0,0,1.01111,0.99997,0.898987,4,1,1,1,0,1,0.998537,0,0,7.8889,7.66667,7.47223,1236.75,970,550.703,970,997.969,33.6563,102.281,102.352,33.3281,34.2188,596.444,36.75,2.356,1.52,3.024,88.5,4.31373,4.31373,0,21.3125,13.489,31.5,31.5,29.25
3,0,0,0,0,1.00781,0.99997,0.898652,4,1,1,1,0,1,0.998537,0,0,7.8889,7.66667,7.55556,1239,970,548.828,970,995.313,33.5156,102.281,102.352,33.4688,34.1484,596.444,36.75,2.244,1.432,2.924,88.5,4.31373,4.31373,0,21.3438,13.489,31.5,31.5,36.75
3.033,0,0,0,0,1.01007,0.99997,0.898225,4,1,1,1,0,1,0.997072,0,0,7.8889,7.66667,7.66667,1237.25,970,548.477,970,997.969,33.4922,102.328,102.422,33.3047,34.0781,596.444,36.75,2.232,1.448,2.912,88.5,4.31373,4.31373,0,20.9531,13.489,30.75,30.75,36
3.067,0,0,0,0,1.00708,0.99997,0.89795,4,1,1,1,0,1,0.995607,0,0,7.8889,7.69445,7.69445,1239,970,548.438,970,995.313,33.4922,102.398,102.422,33.4688,34.0781,595.838,36.75,2.236,1.44267,2.916,88.5,4.31373,4.31373,0,20.8281,13.489,30.75,30.75,36
3.1,0,0,0,0,1.0072,0.99997,0.898682,4,1,1,1,0,1,0.994142,0,0,7.8889,7.66667,7.75001,1236.75,970,551.133,970,995.313,33.7031,102.398,102.422,34.3125,34.3594,595.838,36.75,2.26,1.464,2.928,88.5,4.31373,4.31373,0,21.3125,13.489,30.75,30.75,29.25
3.133,0,0,0,0,1.01062,0.99997,0.898316,4,1,1,1,0,1,0.991212,0,0,7.94445,7.69445,7.72223,1235.75,970,550.859,970,997.969,33.6797,102.398,102.352,33.5391,34.3594,595.838,36.75,2.244,1.45867,2.912,88.5,4.31373,4.31373,0,21.1875,13.489,30.75,30.75,29.25
3.167,0,0,0,0,1.00763,0.99997,0.898865,4,1,1,1,0,1,0.991212,0,0,7.8889,7.66667,7.77778,1236.75,970,551.875,970,995.313,33.75,102.328,102.281,34.5,34.4766,595.838,36.75,2.264,1.448,2.932,88.5,4.31373,4.31373,0,21.6094,13.489,31.5,31.5,29.25
3.2,0,0,0,0,1.00812,0.99997,0.900513,4,1,1,1,0,1,0.992677,0,0,7.94445,7.77778,7.63889,1236.75,970,551.953,970,995.313,33.75,102.328,102.281,33.8203,34.3828,595.838,36.75,2.248,1.45067,2.916,88.5,4.31373,4.31373,0,21.3594,13.489,31.5,31.5,29.25
3.233,0,0,0,0,1.00818,0.99997,0.89914,4,1,1,1,0,1,0.992677,0,0,7.94445,7.77778,7.69445,1239.5,970,552.188,970,995.313,33.7734,102.258,102.352,33.9141,34.0313,595.838,36.75,2.248,1.45067,2.916,88.5,4.31373,4.31373,0,21.1719,13.489,31.5,31.5,29.25
3.267,0,0,0,0,1.00812,0.99997,0.90033,4,1,1,1,0,1,0.995607,0,0,7.94445,7.80556,7.72223,1236,970,553.164,970,995.313,33.8438,102.328,102.422,34.0313,34.0781,595.272,36.75,2.248,1.456,2.916,88.5,4.31373,4.31373,0,21.0938,13.489,30.75,30.75,36
3.3,0,0,0,0,1.00806,0.99997,0.899903,4,1,1,1,0,1,0.998537,0,0,7.94445,7.77778,7.66667,1235,970,553.086,970,995.313,33.8438,102.328,102.422,33.7969,34.2422,595.272,36.75,2.36,1.52267,3.028,88.5,4.31373,4.31373,0,20.9844,13.489,31.5,31.5,36
3.333,0,0,0,0,1.00775,0.99997,0.900971,4,1,1,1,0,1,1.00171,0,0,7.94445,7.77778,7.83334,1235,970,554.023,970,995.313,33.9141,102.398,102.281,34.4766,34.3359,595.272,36.75,2.376,1.53334,3.044,88.5,4.31373,4.31373,0,21.3438,13.489,31.5,31.5,36
3.367,0,0,0,0,1.00763,0.99997,0.901124,4,1,1,1,0,1,1.00366,0,0,7.94445,7.77778,7.86112,1236.75,970,554.492,970,995.313,33.9375,102.258,102.352,34.5,34.2656,595.272,36.75,2.38,1.52,3.048,88.5,4.31373,4.31373,0,21.3906,13.489,31.5,31.5,36.75
3.4,0,0,0,0,1.01032,0.99997,0.900391,4,1,1,1,0,1,1.00488,0,0,7.94445,7.69445,7.52778,1237,970,553.203,970,997.93,33.8438,102.258,102.352,33.0938,34.2188,595.272,36.75,2.344,1.512,3.012,88.5,4.31373,4.31373,0,21.5469,13.489,31.5,31.5,36.75
3.433,0,0,0,0,1.00714,0.99997,0.901154,4,1,1,1,0,1,1.00733,0,0,7.94445,7.69445,7.72223,1237.75,970,552.344,970,995.313,33.7734,102.328,102.375,33.2813,34.125,595.272,36.75,2.344,1.512,3.012,88.5,4.31373,4.31373,0,21.75,13.489,31.5,31.5,36.75
3.467,0,0,0,0,1.0072,0.99997,0.90088,4,1,1,1,0,1,1.00855,0,0,7.97223,7.66667,7.72223,1236.75,970,553.711,970,995.313,33.8906,102.352,102.352,34.0078,34.1953,594.686,36.75,2.368,1.53334,3.036,88.5,4.31373,4.31373,0,21.125,13.489,30.75,30.75,36
3.5,0,0,0,0,1.00757,0.99997,0.901002,4,1,1,1,0,1,1.01001,0,0,7.97223,7.69445,7.83334,1236.5,970,554.492,970,995.313,33.9375,102.352,102.352,34.4297,34.2188,594.686,36.75,2.384,1.53867,3.064,88.5,4.31373,4.31373,0,20.9844,13.489,31.5,31.5,36
3.533,0,0,0,0,1.00787,0.99997,0.902283,4,1,1,1,0,1,1.01148,0,0,7.97223,7.77778,7.72223,1234.25,970,554.609,970,995.313,33.9609,102.328,102.258,34.0313,34.4063,594.686,36.75,2.372,1.53067,3.052,88.5,4.31373,4.31373,0,21.25,13.489,31.5,31.5,36
3.567,0,0,0,0,1.00812,0.99997,0.90207,4,1,1,1,0,1,1.01001,0,0,7.97223,7.69445,7.66667,1235.75,970,555.078,970,995.313,33.9844,102.258,102.305,33.7031,34.2656,594.686,36.75,2.368,1.54134,3.048,88.5,4.31373,4.31373,0,21.3594,13.489,30.75,30.75,36
3.6,0,0,0,0,1.00806,0.99997,0.903779,4,1,1,1,0,1,1.01001,0,0,7.97223,7.69445,7.66667,1238.25,970,554.531,970,995.313,33.9375,102.258,102.305,33.6328,34.1484,594.686,36.75,2.252,1.45334,2.932,88.5,4.31373,4.31373,0,21.4531,13.489,31.5,31.5,36
3.633,0,0,0,0,1.01074,0.99997,0.903687,4,1,1,1,0,1,1.00855,0,0,7.97223,7.77778,7.63889,1237.5,970,552.891,970,997.969,33.8203,102.281,102.375,32.9297,34.125,594.686,36.75,2.224,1.456,2.892,88.5,4.31373,4.31373,0,21.625,13.489,30.75,30.75,36
3.667,0,0,0,0,1.00702,0.99997,0.904328,4,1,1,1,0,1,1.00733,0,0,7.94445,7.69445,7.77778,1233.5,970,553.672,970,995.313,33.8906,102.375,102.234,34.3594,34.3828,594.119,36.75,2.268,1.464,2.936,88.5,4.31373,4.31373,0,21.3438,13.489,30.75,30.75,36
3.7,0,0,0,0,1.00739,0.99997,0.905732,4,1,1,1,0,1,1.00611,0,0,7.94445,7.66667,7.66667,1233.75,970,553.555,970,995.313,33.8672,102.375,102.234,33.8203,34.3828,594.119,36.75,2.256,1.456,2.924,88.5,4.31373,4.31373,0,21.125,13.489,31.5,31.5,36.75
3.733,0,0,0,0,1.00787,0.99997,0.906434,4,1,1,1,0,1,1.00488,0,0,7.97223,7.69445,7.75001,1236.75,970,555.469,970,995.313,34.0078,102.211,102.328,34.0547,34.2422,594.119,36.75,2.268,1.48,2.936,88.5,4.31373,4.31373,0,21.2813,13.489,31.5,31.5,36.75
3.767,0,0,0,0,1.00848,0.99997,0.906159,4,1,1,1,0,1,1,0,0,7.97223,7.69445,7.66667,1237.5,970,554.961,970,995.313,33.9844,102.305,102.375,33.6797,34.1719,594.119,36.75,2.26,1.45867,2.928,88.5,4.31373,4.31373,0,21.1875,13.489,31.5,31.5,36.75
3.8,0,0,0,0,1.00861,0.99997,0.908295,4,1,1,1,0,1,1.00171,0,0,7.97223,7.69445,7.69445,1237.5,970,554.805,970,995.313,33.9609,102.305,102.375,33.7734,34.125,594.119,36.75,2.264,1.46667,2.932,88.5,4.31373,4.31373,0,21.4219,13.489,31.5,31.5,36.75
3.833,0,0,0,0,1.00879,0.99997,0.908021,4,1,1,1,0,1,1.00171,0,0,7.97223,7.69445,7.63889,1233.75,970,554.258,970,995.313,33.9141,102.352,102.375,33.6094,34.125,594.119,36.75,2.256,1.46134,2.924,88.5,4.31373,4.31373,0,21.4688,13.489,30.75,30.75,36
3.867,0,0,0,0,1.00879,0.99997,0.908936,4,1,1,1,0,1,1.00366,0,0,7.94445,7.66667,7.72223,1231.25,970,554.453,970,995.313,33.9375,102.352,102.141,34.0547,34.5703,593.553,36.75,2.268,1.464,2.936,88.5,4.31373,4.31373,0,21.3906,13.489,30.75,30.75,36
3.9,0,0,0,0,1.00903,0.99997,0.908326,4,1,1,1,0,1,1.00488,0,0,7.94445,7.66667,7.72223,1237.25,970,554.531,970,995.313,33.9375,102.352,102.141,33.8672,34.4297,593.553,36.75,2.376,1.46934,3.044,88.5,4.31373,4.31373,0,21.5156,13.489,31.5,31.5,36.75
3.933,0,0,0,0,1.00922,0.99997,0.908936,4,1,1,1,0,1,1.00611,0,0,7.97223,7.66667,7.75001,1239.5,970,554.531,970,995.313,33.9375,102.117,102.375,33.9375,34.2422,593.553,36.75,2.384,1.53334,3.052,88.5,4.31373,4.31373,0,21.1875,13.489,31.5,31.5,36.75
3.967,0,0,0,0,1.0094,0.99997,0.909638,4,1,1,1,0,1,1.00855,0,0,7.94445,7.66667,7.44445,1236.75,970,551.484,970,995.313,33.7266,102.352,102.328,32.6953,34.2656,593.553,36.75,2.344,1.52,3.012,88.5,4.31373,4.31373,0,21.0156,13.489,31.5,31.5,36.75
4,0,0,0,0,1.00867,0.99997,0.908448,4,1,1,1,0,1,1.00855,0,0,7.94445,7.66667,7.72223,1234.75,970,551.797,970,995.313,33.75,102.352,102.328,33.9375,34.1719,593.553,36.75,2.372,1.53067,3.052,88.5,4.31373,4.31373,0,21.2188,13.489,30.75,30.75,36
4.033,0,0,0,0,1.00848,0.99997,0.908875,4,1,1,1,0,1,1.01001,0,0,7.94445,7.69445,7.50001,1235.25,970,550.625,970,995.313,33.6563,102.328,102.281,32.9766,34.3125,593.553,36.75,2.344,1.53067,3.024,88.5,4.31373,4.31373,0,21.4219,13.489,30.75,30.75,36
4.067,0,0,0,0,1.00769,0.99997,0.908478,4,1,1,1,0,1,1.01001,0,0,7.8889,7.66667,7.66667,1235.5,970,550.508,970,995.313,33.6563,102.258,102.258,33.6797,34.3594,592.967,36.75,2.364,1.52267,3.044,88.5,4.31373,4.31373,0,21.5469,13.489,30.75,30.75,36
4.1,0,0,0,0,1.00769,0.99997,0.908784,4,1,1,1,0,1,1.01148,0,0,7.8889,7.66667,7.61112,1235.75,970,550.156,970,995.313,33.6328,102.258,102.258,33.4219,34.2891,592.967,36.75,2.356,1.52,3.024,88.5,4.31373,4.31373,0,21.5156,13.489,30.75,30.75,36
4.133,0,0,0,0,1.00751,0.99997,0.909577,4,1,1,1,0,1,1.01148,0,0,7.8889,7.66667,7.61112,1235.25,970,549.844,970,995.313,33.6094,102.234,102.281,33.4453,34.3125,592.967,36.75,2.356,1.52,3.024,88.5,4.31373,4.31373,0,21.2188,13.489,30.75,30.75,36
4.167,0,0,0,0,1.00732,0.99997,0.909302,4,1,1,1,0,1,1.01001,0,0,7.8889,7.66667,7.72223,1236.75,970,550.156,970,995.313,33.6328,102.258,102.352,33.8672,34.3359,592.967,36.75,2.372,1.52534,3.04,88.5,4.31373,4.31373,0,21.3125,13.489,31.5,31.5,36.75
4.2,0,0,0,0,1.00745,0.99997,0.909669,4,1,1,1,0,1,1.00733,0,0,7.94445,7.66667,7.80556,1237,970,551.016,970,995.313,33.6797,102.258,102.352,34.2188,34.1953,592.967,36.75,2.268,1.464,2.936,88.5,4.31373,4.31373,0,20.8594,13.489,31.5,31.5,36.75
4.233,0,0,0,0,1.00794,0.99997,0.910157,4,1,1,1,0,1,1.00733,0,0,7.8889,7.66667,7.61112,1235,970,550.664,970,995.313,33.6563,102.328,102.281,33.4453,34.3125,592.967,36.75,2.252,1.45334,2.92,88.5,4.31373,4.31373,0,21.0156,13.489,31.5,31.5,36.75
4.267,0,0,0,0,1.00818,0.99997,0.909974,4,1,1,1,0,1,1.00488,0,0,7.8889,7.66667,7.61112,1232,970,551.289,970,995.313,33.7031,102.258,102.164,33.5156,34.4063,592.362,36.75,2.256,1.46667,2.924,88.5,4.31373,4.31373,0,21.3438,13.489,31.5,31.5,36.75
4.3,0,0,0,0,1.00794,0.99997,0.909516,4,1,1,1,0,1,1.00171,0,0,7.8889,7.66667,7.61112,1235.25,970,550.898,970,995.313,33.6797,102.258,102.164,33.4453,34.3359,592.362,36.75,2.256,1.456,2.924,88.5,4.31373,4.31373,0,21.6094,13.489,31.5,31.5,36.75
4.333,0,0,0,0,1.00781,0.99997,0.910767,4,1,1,1,0,1,1,0,0,7.94445,7.66667,7.66667,1236,970,550.859,970,995.313,33.6797,102.141,102.328,33.6563,34.2656,592.362,36.75,2.256,1.456,2.924,88.5,4.31373,4.31373,0,21.6406,13.489,31.5,31.5,36.75
4.367,0,0,0,0,1.00745,0.99997,0.912141,4,1,1,1,0,1,1,0,0,7.8889,7.66667,7.63889,1236.75,970,549.688,970,995.313,33.5859,102.305,102.352,33.5156,34.1953,592.362,36.75,2.256,1.44534,2.924,88.5,4.31373,4.31373,0,21.2813,13.489,31.5,31.5,36.75
4.4,0,0,0,0,1.00732,0.99997,0.912659,4,1,1,1,0,1,1,0,0,7.8889,7.66667,7.66667,1232.75,970,549.883,970,995.313,33.6094,102.305,102.352,33.7266,34.4063,592.362,36.75,2.26,1.45867,2.928,88.5,4.31373,4.31373,0,21.0313,13.489,31.5,31.5,36.75
4.433,0,0,0,0,1.00745,0.99997,0.912812,4,1,1,1,0,1,1.00171,0,0,7.8889,7.61112,7.69445,1232.5,970,550.234,970,995.313,33.6328,102.352,102.188,33.8672,34.4531,592.362,36.75,2.268,1.464,2.948,88.5,4.31373,4.31373,0,21.125,13.489,31.5,31.5,36.75
4.467,0,0,0,0,1.00757,0.99997,0.913758,4,1,1,1,0,1,1.00488,0,0,7.8889,7.66667,7.63889,1236,970,550.469,970,995.313,33.6563,102.164,102.328,33.6563,34.2891,591.795,36.75,2.268,1.46667,2.948,88.5,4.31373,4.31373,0,21.2344,13.489,30.75,30.75,36
4.5,0,0,0,0,1.00726,0.99997,0.914155,4,1,1,1,0,1,1.00611,0,0,7.8889,7.69445,7.52778,1238.25,970,549.648,970,995.313,33.5859,102.164,102.328,33.1172,34.1953,591.795,36.75,2.364,1.52534,3.044,88.5,4.31373,4.31373,0,21.3438,13.489,30.75,30.75,36
4.533,0,0,0,0,1.00696,0.99997,0.91272,4,1,1,1,0,1,1.00611,0,0,7.94445,7.66667,7.61112,1235,970,550.195,970,995.313,33.6328,102.305,102.422,33.5625,34.0547,591.795,36.75,2.376,1.536,3.056,88.5,4.31373,4.31373,0,21.4844,13.489,30.75,30.75,36
4.567,0,0,0,0,1.00684,0.99997,0.914246,4,1,1,1,0,1,1.00855,0,0,7.8889,7.66667,7.69445,1232.25,970,550.703,970,995.313,33.6563,102.422,102.188,33.9844,34.5,591.795,36.75,2.384,1.53867,3.064,88.5,4.31373,4.31373,0,21.375,13.489,30.75,30.75,36
4.6,0,0,0,0,1.00684,0.99997,0.914399,4,1,1,1,0,1,1.01001,0,0,7.8889,7.61112,7.58334,1230.5,970,550.586,970,995.313,33.6563,102.422,102.188,33.5859,34.5703,591.795,36.75,2.384,1.53867,3.064,88.5,4.31373,4.31373,0,21.5625,13.489,31.5,31.5,36.75
4.633,0,0,0,0,1.00665,0.99997,0.913392,4,1,1,1,0,1,1.01001,0,0,7.8889,7.66667,7.72223,1235.75,970,550.703,970,995.313,33.6563,102.164,102.211,34.0078,34.5,591.795,36.75,2.384,1.53067,3.052,88.5,4.31373,4.31373,0,21.1094,13.489,31.5,31.5,36
4.667,0,0,0,0,1.00671,0.99997,0.914735,4,1,1,1,0,1,1.01319,0,0,7.94445,7.63889,7.66667,1238.25,970,550.742,970,995.313,33.6563,102.188,102.398,33.7031,34.1719,591.209,36.75,2.384,1.53867,3.052,88.5,4.31373,4.31373,0,20.9844,13.489,31.5,31.5,36
4.7,0,0,0,0,1.00678,0.99997,0.913544,4,1,1,1,0,1,1.01148,0,0,7.94445,7.63889,7.72223,1234.5,970,551.328,970,995.313,33.7031,102.188,102.398,34.0547,34.125,591.209,36.75,2.392,1.53867,3.06,88.5,4.31373,4.31373,0,21.2656,13.489,30.75,30.75,36
4.733,0,0,0,0,1.00702,0.99997,0.914551,4,1,1,1,0,1,1.01001,0,0,7.8889,7.66667,7.58334,1231.75,970,551.055,970,995.313,33.6797,102.398,102.258,33.5391,34.3359,591.209,36.75,2.376,1.544,3.044,88.5,4.31373,4.31373,0,21.1563,13.489,31.5,31.5,36.75
4.767,0,0,0,0,1.00708,0.99997,0.914307,4,1,1,1,0,1,1.00855,0,0,7.8889,7.66667,7.77778,1230.5,970,552.109,970,995.313,33.7734,102.234,102.117,34.4063,34.5938,591.209,36.75,2.404,1.54934,3.072,88.5,4.31373,4.31373,0,21.375,13.489,31.5,31.5,36.75
4.8,0,0,0,0,1.00763,0.99997,0.914094,4,1,1,1,0,1,1.00611,0,0,7.94445,7.66667,7.69445,1234.75,970,553.359,970,995.313,33.8672,102.234,102.117,33.9375,34.5,591.209,36.75,2.292,1.56,2.98,88.5,4.31373,4.31373,0,21.5938,13.489,31.5,31.5,36.75
4.833,0,0,0,0,1.00787,0.99997,0.914643,4,1,1,1,0,1,1.00366,0,0,7.94445,7.66667,7.66667,1236,970,553.203,970,995.313,33.8438,102.094,102.281,33.7734,34.2656,591.209,36.75,2.284,1.47734,2.972,88.5,4.31373,4.31373,0,21.3906,13.489,31.5,31.5,36.75
4.867,0,0,0,0,1.00818,0.99997,0.9133,4,1,1,1,0,1,0.998537,0,0,7.97223,7.66667,7.52778,1236,970,553.438,970,995.313,33.8672,102.258,102.352,33.1875,34.1953,590.662,36.75,2.268,1.49067,2.956,88.5,4.31373,4.31373,0,21.0469,13.489,31.5,31.5,36.75
4.9,0,0,0,0,1.00812,0.99997,0.913819,4,1,1,1,0,1,0.997072,0,0,7.94445,7.66667,7.72223,1234,970,553.75,970,995.313,33.8906,102.258,102.352,34.0781,34.2422,590.662,36.75,2.292,1.48,2.96,88.5,4.31373,4.31373,0,21.125,13.489,30.75,30.75,36
4.933,0,0,0,0,1.00812,0.99997,0.914704,4,1,1,1,0,1,0.995607,0,0,7.94445,7.66667,7.72223,1229.5,970,554.18,970,995.313,33.9141,102.352,102.258,34.1953,34.6406,590.662,36.75,2.296,1.48,2.964,88.5,4.31373,4.31373,0,21.1719,13.489,30.75,30.75,36
4.967,0,0,0,0,1.00836,0.99997,0.913972,4,1,1,1,0,1,0.992677,0,0,7.94445,7.66667,7.77778,1233.5,970,555,970,995.313,33.9844,102.234,102.164,34.3125,34.5469,590.662,36.75,2.304,1.48,2.972,88.5,4.31373,4.31373,0,21.3281,13.489,31.5,31.5,36
5,0,0,0,0,1.00873,0.99997,0.914826,4,1,1,1,0,1,0.992677,0,0,7.97223,7.69445,7.69445,1236.75,970,554.805,970,995.313,33.9609,102.234,102.164,33.8672,34.2422,590.662,36.75,2.292,1.48,2.972,88.5,4.31373,4.31373,0,21.5156,13.489,31.5,31.5,36.75
5.033,0,0,0,0,1.00873,0.99997,0.913331,4,1,1,1,0,1,0.992677,0,0,7.97223,7.69445,7.75001,1234.5,970,555.117,970,995.313,33.9844,102.141,102.258,34.1719,34.3359,590.662,36.75,2.296,1.48267,2.976,88.5,4.31373,4.31373,0,21.3438,13.489,31.5,31.5,36.75
5.067,0,0,0,0,1.00842,0.99997,0.913148,4,1,1,1,0,1,0.992677,0,0,7.94445,7.77778,7.58334,1233.5,970,553.242,970,995.313,33.8438,102.234,102.234,33.4688,34.3359,590.096,36.75,2.268,1.464,2.948,88.5,4.31373,4.31373,0,21.4219,13.489,31.5,31.5,36.75
5.1,0,0,0,0,1.00769,0.99997,0.912873,4,1,1,1,0,1,0.994142,0,0,7.94445,7.77778,7.61112,1234,970,552.852,970,995.313,33.8203,102.234,102.234,33.5859,34.3828,590.096,36.75,2.38,1.536,3.048,88.5,4.31373,4.31373,0,21.125,13.489,30.75,30.75,36
5.133,0,0,0,0,1.00708,0.99997,0.911896,4,1,1,1,0,1,0.995607,0,0,7.94445,7.66667,7.83334,1233.75,970,553.906,970,995.313,33.8906,102.211,102.234,34.5469,34.4063,590.096,36.75,2.412,1.55467,3.08,88.5,4.31373,4.31373,0,21.1406,13.489,30.75,30.75,36
5.167,0,0,0,0,1.00812,0.99997,0.911835,4,1,1,1,0,1,0.997072,0,0,7.97223,7.66667,7.66667,1234,970,555.117,970,995.313,33.9844,102.211,102.258,33.8203,34.4063,590.096,36.75,2.404,1.56534,3.072,88.5,4.31373,4.31373,0,21.1094,13.489,31.5,31.5,36
5.2,0,0,0,0,1.00812,0.99997,0.911408,4,1,1,1,0,1,0.998537,0,0,7.94445,7.66667,7.61112,1232.5,970,554.57,970,995.313,33.9609,102.211,102.258,33.6328,34.4531,590.096,36.75,2.388,1.54134,3.056,88.5,4.31373,4.31373,0,21.25,13.489,31.5,31.5,36
5.233,0,0,0,0,1.00806,0.99997,0.911683,4,1,1,1,0,1,1.00171,0,0,7.97223,7.69445,7.77778,1233.5,970,555.078,970,995.313,33.9844,102.234,102.234,34.3125,34.4063,590.096,36.75,2.404,1.54934,3.072,88.5,4.31373,4.31373,0,21.5156,13.489,31.5,31.5,36
5.267,0,0,0,0,1.00818,0.99997,0.909791,4,1,1,1,0,1,1.00171,0,0,7.94445,7.66667,7.52778,1234.5,970,553.516,970,995.313,33.8672,102.211,102.258,33.2109,34.3594,589.549,36.75,2.368,1.53867,3.036,88.5,4.31373,4.31373,0,21.6406,13.489,31.5,31.5,36.75
5.3,0,0,0,0,1.00763,0.99997,0.909577,4,1,1,1,0,1,1.00366,0,0,7.94445,7.66667,7.58334,1235.5,970,552.852,970,995.313,33.8203,102.211,102.258,33.4453,34.2656,589.549,36.75,2.372,1.53067,3.04,88.5,4.31373,4.31373,0,21.0313,13.489,30.75,30.75,36
5.333,0,0,0,0,1.00732,0.99997,0.908692,4,1,1,1,0,1,1.00171,0,0,7.8889,7.61112,7.52778,1233,970,551.992,970,995.313,33.75,102.234,102.211,33.2578,34.4531,589.549,36.75,2.368,1.528,3.036,88.5,4.31373,4.31373,0,21.0469,13.489,30.75,30.75,36
5.367,0,0,0,0,1.00745,0.99997,0.908539,4,1,1,1,0,1,0.998537,0,0,7.94445,7.66667,7.69445,1231.75,970,552.773,970,995.313,33.8203,102.188,102.164,34.0078,34.5234,589.549,36.75,2.388,1.54134,3.056,88.5,4.31373,4.31373,0,21.2188,13.489,30.75,30.75,36
5.4,0,0,0,0,1.00757,0.99997,0.907807,4,1,1,1,0,1,0.995607,0,0,7.94445,7.66667,7.75001,1234.5,970,553.281,970,995.313,33.8672,102.188,102.164,34.1719,34.3359,589.549,36.75,2.288,1.47467,2.956,88.5,4.31373,4.31373,0,21.375,13.489,30.75,30.75,36
5.433,0,0,0,0,1.00787,0.99997,0.907654,4,1,1,1,0,1,0.994142,0,0,7.94445,7.66667,7.69445,1234.5,970,553.672,970,995.313,33.8906,102.141,102.258,33.9375,34.4063,589.549,36.75,2.272,1.472,2.952,88.5,4.31373,4.31373,0,21.2031,13.489,31.5,31.5,36.75
5.467,0,0,0,0,1.00806,0.99997,0.908326,4,1,1,1,0,1,0.992677,0,0,7.94445,7.66667,7.75001,1233,970,554.102,970,995.313,33.9141,102.234,102.211,34.1953,34.4531,589.022,36.75,2.276,1.46934,2.956,88.5,4.31373,4.31373,0,21.5938,13.489,31.5,31.5,36.75
5.5,0,0,0,0,1.00824,0.99997,0.908356,4,1,1,1,0,1,0.992677,0,0,7.94445,7.66667,7.63889,1233.75,970,553.75,970,995.313,33.8906,102.234,102.211,33.7031,34.3828,589.022,36.75,2.264,1.46134,2.944,88.5,4.31373,4.31373,0,21.5313,13.489,31.5,31.5,36.75
5.533,0,0,0,0,1.00806,0.99997,0.908601,4,1,1,1,0,1,0.992677,0,0,7.94445,7.61112,7.58334,1233,970,552.813,970,995.313,33.8203,102.188,102.164,33.4922,34.5234,589.022,36.75,2.26,1.456,2.94,88.5,4.31373,4.31373,0,21.3125,13.489,31.5,31.5,36.75
5.567,0,0,0,0,1.00812,0.99997,0.90915,4,1,1,1,0,1,0.992677,0,0,7.94445,7.66667,7.83334,1233.25,970,553.906,970,995.313,33.8906,102.141,102.211,34.5703,34.4766,589.022,36.75,2.284,1.47467,2.964,88.5,4.31373,4.31373,0,21.1094,13.489,31.5,31.5,36.75
5.6,0,0,0,0,1.00867,0.99997,0.909424,4,1,1,1,0,1,0.992677,0,0,7.94445,7.66667,7.72223,1233.75,970,554.688,970,995.313,33.9609,102.141,102.211,34.0781,34.4063,589.022,36.75,2.28,1.472,2.948,88.5,4.31373,4.31373,0,20.9844,13.489,31.5,31.5,36
5.633,0,0,0,0,1.00897,0.99997,0.909638,4,1,1,1,0,1,0.994142,0,0,7.94445,7.66667,7.66667,1233.25,970,554.492,970,995.313,33.9375,102.188,102.234,33.8438,34.3828,589.022,36.75,2.28,1.472,2.948,88.5,4.31373,4.31373,0,21.0938,13.489,31.5,31.5,36
5.667,0,0,0,0,1.00903,0.99997,0.907929,4,1,1,1,0,1,0.992677,0,0,7.97223,7.66667,7.66667,1235.25,970,554.258,970,995.313,33.9375,102.211,102.281,33.7969,34.2891,588.475,36.75,2.268,1.464,2.936,88.5,4.31373,4.31373,0,21.6563,13.489,31.5,31.5,36
5.7,0,0,0,0,1.00928,0.99997,0.908601,4,1,1,1,0,1,0.994142,0,0,7.94445,7.66667,7.72223,1230.5,970,555.352,970,995.313,34.0078,102.211,102.281,34.2891,34.5703,588.475,36.75,2.4,1.47467,3.08,88.5,4.31373,4.31373,0,21.4844,13.489,31.5,31.5,36.75
5.733,0,0,0,0,1.00958,0.99997,0.908662,4,1,1,1,0,1,0.995607,0,0,7.94445,7.66667,7.61112,1231.75,970,555,970,995.313,33.9844,102.258,102.117,33.7734,34.5234,588.475,36.75,2.388,1.54934,3.068,88.5,4.31373,4.31373,0,21.625,13.489,31.5,31.5,36.75
5.767,0,0,0,0,1.0094,0.99997,0.907899,4,1,1,1,0,1,0.997072,0,0,7.97223,7.69445,7.61112,1234.25,970,554.805,970,995.313,33.9609,102.094,102.258,33.7031,34.3594,588.475,36.75,2.38,1.54934,3.06,88.5,4.31373,4.31373,0,21.4844,13.489,31.5,31.5,36.75
5.8,0,0,0,0,1.00922,0.99997,0.908539,4,1,1,1,0,1,1,0,0,7.97223,7.66667,7.75001,1233.5,970,555.313,970,995.313,34.0078,102.094,102.258,34.3125,34.4063,588.475,36.75,2.404,1.54934,3.072,88.5,4.31373,4.31373,0,20.9063,13.489,30.75,30.75,36
5.833,0,0,0,0,1.00934,0.99997,0.908906,4,1,1,1,0,1,1.00366,0,0,7.97223,7.69445,7.80556,1235.25,970,556.016,970,995.313,34.0547,102.234,102.234,34.5,34.2891,588.475,36.75,2.408,1.54934,3.076,88.5,4.31373,4.31373,0,20.9688,13.489,30.75,30.75,36
5.867,0,0,0,0,1.00916,0.99997,0.908417,4,1,1,1,0,1,1.00733,0,0,7.97223,7.66667,7.69445,1232,970,555.156,970,995.313,33.9844,102.211,102.211,34.1016,34.4297,587.948,36.75,2.404,1.536,3.072,88.5,4.31373,4.31373,0,21.25,13.489,31.5,31.5,36
5.9,0,0,0,0,1.00903,0.99997,0.907441,4,1,1,1,0,1,1.00733,0,0,7.94445,7.66667,7.72223,1230.25,970,555.586,970,995.313,34.0313,102.211,102.211,34.2891,34.6406,587.948,36.75,2.404,1.54934,3.072,88.5,4.31373,4.31373,0,21.0781,13.489,31.5,31.5,36.75
5.933,0,0,0,0,1.00922,0.99997,0.907227,4,1,1,1,0,1,1.00611,0,0,7.94445,7.61112,7.61112,1232.5,970,555.156,970,995.313,33.9844,102.188,102.188,33.75,34.4766,587.948,36.75,2.388,1.54134,3.056,88.5,4.31373,4.31373,0,21.5625,13.489,31.5,31.5,36.75
5.967,0,0,0,0,1.00928,0.99997,0.907777,4,1,1,1,0,1,1.00366,0,0,7.97223,7.66667,7.66667,1232.25,970,555.273,970,995.313,34.0078,102.164,102.188,33.9844,34.4531,587.948,36.75,2.4,1.54667,3.068,88.5,4.31373,4.31373,0,21.75,13.489,31.5,31.5,36.75
6,0,0,0,0,1.00934,0.99997,0.907044,4,1,1,1,0,1,1,0,0,7.97223,7.66667,7.69445,1233.75,970,555.352,970,995.313,34.0078,102.164,102.188,34.0781,34.4063,587.948,36.75,2.288,1.47467,2.968,88.5,4.31373,4.31373,0,21.2188,13.489,31.5,31.5,36.75
6.033,0,0,0,0,1.00946,0.99997,0.907502,4,1,1,1,0,1,0.998537,0,0,7.94445,7.66667,7.41667,1234.5,970,553.633,970,995.313,33.8906,102.164,102.258,32.8594,34.3125,587.948,36.75,2.252,1.45334,2.932,88.5,4.31373,4.31373,0,21.1719,13.489,31.5,31.5,36.75
6.067,0,0,0,0,1.00855,0.99997,0.908326,4,1,1,1,0,1,0.997072,0,0,7.94445,7.66667,7.75001,1231.5,970,553.281,970,995.313,33.8672,102.234,102.164,34.2422,34.3828,587.42,36.75,2.288,1.456,2.968,88.5,4.31373,4.31373,0,21.0938,13.489,31.5,31.5,36.75
6.1,0,0,0,0,1.00885,0.99997,0.908082,4,1,1,1,0,1,0.995607,0,0,7.94445,7.66667,7.83334,1231.5,970,554.336,970,995.313,33.9375,102.234,102.164,34.5938,34.5,587.42,36.75,2.292,1.48,2.96,88.5,4.31373,4.31373,0,21.2656,13.489,31.5,31.5,36
6.133,0,0,0,0,1.00916,0.99997,0.908753,4,1,1,1,0,1,0.995607,0,0,7.94445,7.66667,7.58334,1230.25,970,553.984,970,995.313,33.9141,102.141,102.117,33.7031,34.6406,587.42,36.75,2.268,1.464,2.936,88.5,4.31373,4.31373,0,21.5,13.489,31.5,31.5,36
6.167,0,0,0,0,1.00922,0.99997,0.90857,4,1,1,1,0,1,0.992677,0,0,7.94445,7.66667,7.50001,1233.75,970,553.633,970,995.313,33.8906,102.094,102.234,33.2344,34.4063,587.42,36.75,2.256,1.48,2.924,88.5,4.31373,4.31373,0,21.5313,13.489,31.5,31.5,36.75
6.2,0,0,0,0,1.00861,0.99997,0.909089,4,1,1,1,0,1,0.992677,0,0,7.94445,7.66667,7.44445,1235,970,552.266,970,995.313,33.7734,102.094,102.234,32.9766,34.2891,587.42,36.75,2.244,1.448,2.912,88.5,4.31373,4.31373,0,21.3594,13.489,30.75,30.75,36
6.233,0,0,0,0,1.008,0.99997,0.908631,4,1,1,1,0,1,0.992677,0,0,7.94445,7.66667,7.63889,1232.25,970,552.383,970,995.313,33.7969,102.211,102.188,33.8672,34.4766,587.42,36.75,2.264,1.46134,2.944,88.5,4.31373,4.31373,0,21.3594,13.489,30.75,30.75,36
6.267,0,0,0,0,1.00824,0.99997,0.907929,4,1,1,1,0,1,0.994142,0,0,7.94445,7.69445,7.75001,1230.5,970,554.023,970,995.313,33.9141,102.164,102.117,34.4063,34.5703,586.873,36.75,2.28,1.472,2.96,88.5,4.31373,4.31373,0,21.0156,13.489,31.5,31.5,36.75
6.3,0,0,0,0,1.0083,0.99997,0.908356,4,1,1,1,0,1,0.995607,0,0,7.94445,7.66667,7.58334,1229.25,970,553.672,970,995.313,33.8906,102.164,102.117,33.7031,34.7109,586.873,36.75,2.38,1.536,3.06,88.5,4.31373,4.31373,0,21.1406,13.489,31.5,31.5,36.75
6.333,0,0,0,0,1.008,0.99997,0.908845,4,1,1,1,0,1,0.998537,0,0,7.94445,7.66667,7.80556,1235,970,554.531,970,995.313,33.9375,102.094,102.211,34.5,34.4531,586.873,36.75,2.408,1.536,3.076,88.5,4.31373,4.31373,0,21.125,13.489,31.5,31.5,36
6.367,0,0,0,0,1.00842,0.99997,0.907471,4,1,1,1,0,1,0.998537,0,0,7.97223,7.63889,7.80556,1236,970,555.313,970,995.313,34.0078,102.188,102.328,34.4766,34.2422,586.873,36.75,2.412,1.55467,3.08,88.5,4.31373,4.31373,0,21.2969,13.489,31.5,31.5,36
6.4,0,0,0,0,1.00897,0.99997,0.908143,4,1,1,1,0,1,1.00171,0,0,7.97223,7.63889,7.77778,1232,970,555.977,970,995.313,34.0547,102.188,102.328,34.4531,34.4766,586.873,36.75,2.416,1.55734,3.084,88.5,4.31373,4.31373,0,21.625,13.489,31.5,31.5,36.75
6.433,0,0,0,0,1.00909,0.99997,0.908478,4,1,1,1,0,1,1.00488,0,0,7.97223,7.69445,7.77778,1230,970,556.563,970,995.313,34.1016,102.305,102.164,34.5234,34.5234,586.873,36.75,2.408,1.54667,3.076,88.5,4.31373,3.92157,0,21.3281,13.489,31.5,31.5,36.75
6.467,0,0,0,0,1.00934,0.99997,0.907136,4,1,1,1,0,1,1.00611,0,0,7.97223,7.63889,7.72223,1230.75,970,556.797,970,995.313,34.125,102.141,102.117,34.2656,34.5938,586.366,36.75,2.404,1.54934,3.072,88.5,4.31373,4.31373,0,21.0781,13.489,31.5,31.5,36.75
6.5,0,0,0,0,1.00958,0.99997,0.907105,4,1,1,1,0,1,1.00733,0,0,7.97223,7.63889,7.86112,1232,970,557.813,970,995.313,34.1953,102.141,102.117,34.8047,34.6406,586.366,36.75,2.424,1.54934,3.092,88.5,4.31373,4.31373,0,21.0469,13.489,31.5,31.5,36
6.533,0,0,0,0,1.01007,0.99997,0.906495,4,1,1,1,0,1,1.00488,0,0,7.97223,7.63889,7.75001,1234.75,970,557.93,970,995.313,34.1953,102.094,102.164,34.2891,34.5,586.366,36.75,2.412,1.56267,3.08,88.5,4.31373,4.31373,0,21.3125,13.489,31.5,31.5,36.75
6.567,0,0,0,0,1.01068,0.99997,0.907471,4,1,1,1,0,1,1.00366,0,0,8.02778,7.63889,7.77778,1233.5,970,558.242,970,995.313,34.2188,102.141,102.234,34.4297,34.3594,586.366,36.75,2.42,1.56,3.088,88.5,4.31373,4.31373,0,21.4063,13.489,31.5,31.5,36.75
6.6,0,0,0,0,1.01074,0.99997,0.907319,4,1,1,1,0,1,1.00171,0,0,7.97223,7.66667,7.58334,1231,970,556.797,970,995.313,34.125,102.141,102.234,33.6797,34.4297,586.366,36.75,2.284,1.54934,2.964,88.5,4.31373,4.31373,0,21.3125,13.489,30.75,30.75,36
6.633,0,0,0,0,1.01044,0.99997,0.906586,4,1,1,1,0,1,0.998537,0,0,7.97223,7.66667,7.80556,1231.25,970,556.602,970,995.313,34.1016,102.211,102.141,34.0078,34.5469,586.366,36.75,2.284,1.472,2.964,88.5,4.31373,3.92157,0,21.5938,13.489,30.75,30.75,36
6.667,0,0,0,0,1.01032,0.99997,0.90738,4,1,1,1,0,1,0.997072,0,0,7.94445,7.63889,7.61112,1231,970,555.469,970,995.313,34.0078,102.117,102.094,33.9141,34.6172,585.838,36.75,2.28,1.46667,2.96,88.5,3.92157,3.92157,0,21.4844,13.489,31.5,31.5,36.75
6.7,0,0,0,0,1.01025,0.99997,0.906617,4,1,1,1,0,1,0.994142,0,0,7.97223,7.61112,7.72223,1233.25,970,555.859,970,995.313,34.0547,102.117,102.094,34.2891,34.5938,585.838,36.75,2.292,1.48,2.96,88.5,3.92157,4.31373,0,21.2813,13.489,30.75,30.75,36
6.733,0,0,0,0,1.01056,0.99997,0.906861,4,1,1,1,0,1,0.992677,0,0,7.97223,7.63889,7.77778,1233.5,970,556.523,970,995.313,34.1016,102.07,102.211,34.5,34.3828,585.838,36.75,2.304,1.48,2.972,88.5,3.92157,4.31373,0,21.0938,13.489,30.75,30.75,36
6.767,0,0,0,0,1.01129,0.99997,0.907624,4,1,1,1,0,1,0.991212,0,0,7.97223,7.61112,7.77778,1230.75,970,557.695,970,995.313,34.1719,102.188,102.164,34.5469,34.5,585.838,36.75,2.316,1.488,2.984,88.5,3.92157,4.31373,0,20.9844,13.489,30.75,30.75,36
6.8,0,0,0,0,1.0119,0.99997,0.90741,4,1,1,1,0,1,0.989992,0,0,7.97223,7.61112,7.69445,1231.75,970,557.656,970,995.313,34.1719,102.188,102.164,34.1484,34.5469,585.838,36.75,2.308,1.488,2.976,88.5,3.92157,4.31373,0,21.3438,13.489,30.75,30.75,36
6.833,0,0,0,0,1.01221,0.99997,0.907075,4,1,1,1,0,1,0.989992,0,0,7.97223,7.61112,7.66667,1231,970,557.461,970,995.313,34.1719,102.141,102.141,34.0547,34.5703,585.838,36.75,2.292,1.48,2.96,88.5,3.92157,4.31373,0,21.6719,13.489,30.75,30.75,36
6.867,0,0,0,0,1.01239,0.99997,0.906281,4,1,1,1,0,1,0.991212,0,0,7.97223,7.61112,7.66667,1230,970,556.836,970,995.313,34.125,102.117,102.094,34.0781,34.5938,585.311,36.75,2.292,1.47734,2.96,88.5,3.92157,4.31373,0,21.4688,13.489,31.5,31.5,36.75
6.9,0,0,0,0,1.01251,0.99997,0.905793,4,1,1,1,0,1,0.991212,0,0,7.97223,7.61112,7.61112,1233.75,970,556.211,970,995.313,34.0781,102.117,102.094,33.7266,34.3828,585.311,36.75,2.396,1.54667,3.076,88.5,3.92157,4.31373,0,21.2969,13.489,30.75,30.75,36
6.933,0,0,0,0,1.01257,0.99997,0.906281,4,1,1,1,0,1,0.994142,0,0,7.97223,7.61112,7.50001,1232.75,970,555,970,995.313,33.9844,102.07,102.211,33.2813,34.4297,585.311,36.75,2.376,1.53334,3.056,88.5,4.31373,4.31373,0,21.3125,13.489,30.75,30.75,36
6.967,0,0,0,0,1.01221,0.99997,0.904938,4,1,1,1,0,1,0.995607,0,0,7.94445,7.61112,7.61112,1231.25,970,554.57,970,995.313,33.9609,102.188,102.141,33.7969,34.5,585.311,36.75,2.396,1.544,3.076,88.5,3.92157,3.92157,0,20.9375,13.489,31.5,31.5,36.75
7,0,0,0,0,1.01221,0.99997,0.905121,4,1,1,1,0,1,0.998537,0,0,7.94445,7.66667,7.75001,1231.5,970,555.156,970,995.313,33.9844,102.188,102.141,34.3594,34.5,585.311,36.75,2.412,1.55467,3.092,88.5,3.92157,3.92157,0,20.9219,13.489,30.75,30.75,36
7.033,0,0,0,0,1.01227,0.99997,0.903779,4,1,1,1,0,1,0.998537,0,0,7.94445,7.72223,7.61112,1231,970,554.844,970,995.313,33.9609,102.117,102.141,33.7969,34.5703,585.311,36.75,2.392,1.54134,3.072,88.5,3.92157,4.31373,0,21.2813,13.489,30.75,30.75,36
7.067,0,0,0,0,1.0119,0.99997,0.90265,4,1,1,1,0,1,1,0,0,7.94445,7.61112,7.63889,1231.75,970,554.688,970,995.313,33.9609,102.117,102.164,33.8906,34.5234,584.784,36.75,2.388,1.544,3.068,88.5,3.92157,4.31373,0,21.3438,13.489,30.75,30.75,36
7.1,0,0,0,0,1.01202,0.99997,0.901917,4,1,1,1,0,1,1,0,0,7.94445,7.61112,7.66667,1231.75,970,554.727,970,995.313,33.9609,102.117,102.164,34.0078,34.5,584.784,36.75,2.388,1.54134,3.068,88.5,3.92157,4.31373,0,21.625,13.489,31.5,31.5,36.75
7.133,0,0,0,0,1.01215,0.99997,0.90207,4,1,1,1,0,1,1,0,0,7.94445,7.61112,7.61112,1233,970,554.375,970,995.313,33.9375,102.141,102.211,33.7266,34.4297,584.784,36.75,2.384,1.53867,3.052,88.5,4.31373,4.31373,0,21.5156,13.489,31.5,31.5,36.75
7.167,0,0,0,0,1.01215,0.99997,0.90268,4,1,1,1,0,1,1,0,0,7.94445,7.61112,7.58334,1231.5,970,553.672,970,995.313,33.8906,102.188,102.164,33.6563,34.5,584.784,36.75,2.384,1.53867,3.052,88.5,4.31373,4.31373,0,21.0313,13.489,31.5,31.5,36.75
7.2,0,0,0,0,1.0119,0.99997,0.901856,4,1,1,1,0,1,0.998537,0,0,7.8889,7.55556,7.44445,1230.5,970,552.461,970,995.313,33.7969,102.188,102.164,33.0938,34.5469,584.784,36.75,2.252,1.45334,2.92,88.5,4.31373,4.31373,0,21.0313,13.489,31.5,31.5,36.75
7.233,0,0,0,0,1.01154,0.99997,0.901185,4,1,1,1,0,1,0.995607,0,0,7.8889,7.66667,7.63889,1230.25,970,552.539,970,995.313,33.7969,102.141,102.07,33.9375,34.7109,584.784,36.75,2.264,1.45867,2.932,88.5,4.31373,4.31373,0,21.0938,13.489,30.75,30.75,36
7.267,0,0,0,0,1.01135,0.99997,0.901246,4,1,1,1,0,1,0.992677,0,0,7.8889,7.66667,7.66667,1229.75,970,552.93,970,995.313,33.8203,102.047,102.094,34.0781,34.6406,584.295,36.75,2.264,1.46134,2.932,88.5,4.31373,4.31373,0,21.1563,13.489,30.75,30.75,36
7.3,0,0,0,0,1.01129,0.99997,0.901124,4,1,1,1,0,1,0.991212,0,0,7.94445,7.66667,7.61112,1231.75,970,552.852,970,995.313,33.8203,102.047,102.094,33.7734,34.5,584.295,36.75,2.26,1.45867,2.928,88.5,4.31373,4.31373,0,21.3906,13.489,31.5,31.5,36.75
7.333,0,0,0,0,1.01129,0.99997,0.901276,4,1,1,1,0,1,0.989992,0,0,7.94445,7.66667,7.55556,1233.25,970,553.008,970,995.313,33.8438,102.07,102.164,33.4922,34.4766,584.295,36.75,2.256,1.46667,2.92,88.5,4.31373,4.31373,0,21.6406,13.489,31.5,31.5,36.75
7.367,0,0,0,0,1.01117,0.99997,0.901673,4,1,1,1,0,1,0.988527,0,0,7.94445,7.61112,7.69445,1230.25,970,553.477,970,995.313,33.8672,102.141,102.117,34.1719,34.5703,584.295,36.75,2.268,1.464,2.932,88.5,4.31373,4.31373,0,21.4688,13.489,31.5,31.5,36.75
7.4,0,0,0,0,1.01148,0.99997,0.901704,4,1,1,1,0,1,0.988527,0,0,7.94445,7.66667,7.77778,1229.75,970,555.352,970,995.313,34.0078,102.141,102.117,34.5469,34.6172,584.295,36.75,2.284,1.472,2.952,88.5,4.31373,4.31373,0,21.2031,13.489,30.75,30.75,36
7.433,0,0,0,0,1.01178,0.99997,0.901551,4,1,1,1,0,1,0.989992,0,0,7.94445,7.66667,7.55556,1230.25,970,554.688,970,995.313,33.9609,102.094,102.094,33.5859,34.6172,584.295,36.75,2.264,1.47467,2.932,88.5,4.31373,4.31373,0,21.25,13.489,31.5,31.5,36.75
7.467,0,0,0,0,1.0116,0.99997,0.901032,4,1,1,1,0,1,0.992677,0,0,7.94445,7.66667,7.61112,1230.25,970,554.453,970,995.313,33.9375,102.07,102.117,33.8203,34.6172,583.787,36.75,2.268,1.464,2.936,88.5,4.31373,4.31373,0,21.1563,13.489,31.5,31.5,36.75
7.5,0,0,0,0,1.01129,0.99997,0.900819,4,1,1,1,0,1,0.994142,0,0,7.94445,7.66667,7.63889,1233,970,554.18,970,995.313,33.9141,102.07,102.117,33.9609,34.5,583.787,36.75,2.376,1.53067,3.044,88.5,4.31373,4.31373,0,21.1563,13.489,31.5,31.5,36.75
7.533,0,0,0,0,1.01111,0.99997,0.901581,4,1,1,1,0,1,0.997072,0,0,7.94445,7.66667,7.50001,1229.75,970,553.477,970,995.313,33.8672,102.094,102.211,33.4688,34.4297,583.787,36.75,2.368,1.53334,3.036,88.5,4.31373,4.31373,0,21.5469,13.489,30.75,30.75,36
7.567,0,0,0,0,1.01062,0.99997,0.901307,4,1,1,1,0,1,1,0,0,7.94445,7.72223,7.69445,1228,970,554.141,970,995.313,33.9141,102.188,102.023,34.3359,34.7578,583.787,36.75,2.38,1.536,3.048,88.5,4.31373,3.92157,0,21.4844,13.489,30.75,30.75,36
7.6,0,0,0,0,1.01032,0.99997,0.901856,4,1,1,1,0,1,1.00366,0,0,7.94445,7.63889,7.77778,1231.5,970,555.039,970,995.313,33.9844,102.188,102.023,34.5938,34.7578,583.787,36.75,2.404,1.54934,3.084,88.5,4.31373,3.92157,0,21.3438,13.489,30.75,30.75,36
7.633,0,0,0,0,1.01056,0.99997,0.901948,4,1,1,1,0,1,1.00611,0,0,7.94445,7.63889,7.52778,1232,970,554.336,970,995.313,33.9375,102,102.164,33.5156,34.5469,583.787,36.75,2.376,1.54934,3.056,88.5,4.31373,4.31373,0,21.4219,13.489,30.75,30.75,36
7.667,0,0,0,0,1.01001,0.99997,0.901002,4,1,1,1,0,1,1.00733,0,0,7.94445,7.63889,7.44445,1232.5,970,552.227,970,995.313,33.7734,102.141,102.234,33.1641,34.4063,583.26,36.75,2.356,1.528,3.036,88.5,4.31373,4.31373,0,20.9688,13.489,30.75,30.75,36
7.7,0,0,0,0,1.00934,0.99997,0.899872,4,1,1,1,0,1,1.00611,0,0,7.94445,7.63889,7.63889,1231.75,960,552.539,965,995.313,33.7969,102.141,102.234,34.0078,34.4063,583.26,36.75,2.376,1.53334,3.044,88.5,4.31373,4.31373,0,21.2656,13.489,30.75,30.75,36
7.733,0,0,0,0,1.00909,0.99997,0.900971,4,1,1,1,0,1,1.00611,0,0,7.94445,7.63889,7.72223,1228.25,960,553.516,965,995.313,33.8672,102.211,102.047,34.4766,34.7578,583.26,36.75,2.4,1.53334,3.068,88.5,4.31373,3.92157,0,21.3438,13.489,30.75,30.75,36
7.767,0,0,0,0,1.00916,0.99997,0.902405,4,1,1,1,0,1,1.00611,0,0,7.8889,7.63889,7.69445,1229,960,554.219,965,995.313,33.9141,102.023,101.977,34.3359,34.875,583.26,36.75,2.392,1.53334,3.06,88.5,4.31373,3.92157,0,21.3125,13.489,31.5,31.5,36.75
7.8,0,0,0,0,1.00922,0.99997,0.901093,4,1,1,1,0,1,1.00171,0,0,7.94445,7.63889,7.58334,1230,960,554.063,965,995.313,33.9141,102.023,101.977,33.8203,34.6641,583.26,36.75,2.276,1.46667,2.944,88.5,4.31373,4.31373,0,21.6406,13.489,31.5,31.5,36.75
7.833,0,0,0,0,1.00903,0.99997,0.901215,4,1,1,1,0,1,1,0,0,7.94445,7.69445,7.69445,1232.5,960,554.492,965,995.313,33.9375,101.953,102.188,34.2188,34.4063,583.26,36.75,2.268,1.464,2.936,88.5,4.31373,4.31373,0,21.3594,13.489,31.5,31.5,36.75
7.867,0,0,0,0,1.00867,0.99997,0.902253,4,1,1,1,0,1,0.998537,0,0,7.94445,7.63889,7.61112,1231.75,960,554.023,965,995.313,33.9141,102.164,102.164,33.8906,34.4531,582.752,36.75,2.264,1.456,2.932,88.5,4.31373,4.31373,0,21.2188,13.489,31.5,31.5,36.75
7.9,0,0,0,0,1.00842,0.99997,0.902375,4,1,1,1,0,1,0.997072,0,0,7.8889,7.63889,7.44445,1229.5,960,553.008,965,995.313,33.8438,102.164,102.164,33.2344,34.5938,582.752,36.75,2.248,1.45067,2.916,88.5,4.31373,4.31373,0,21.2813,13.489,31.5,31.5,36.75
7.933,0,0,0,0,1.00769,0.99997,0.902405,4,1,1,1,0,1,0.995607,0,0,7.8889,7.69445,7.58334,1227.5,960,553.047,965,995.313,33.8438,102.141,102,33.8906,34.8047,582.752,36.75,2.256,1.456,2.924,88.5,3.92157,4.31373,0,21.0938,13.489,31.5,31.5,36.75
7.967,0,0,0,0,1.00714,0.99997,0.903168,4,1,1,1,0,1,0.994142,0,0,7.8889,7.69445,7.50001,1230.5,960,552.109,965,995.313,33.7734,101.977,102.117,33.4688,34.6172,582.752,36.75,2.252,1.456,2.92,88.5,3.92157,4.31373,0,21.3594,13.489,31.5,31.5,36.75
8,0,0,0,0,1.00647,0.99997,0.903809,4,1,1,1,0,1,0.994142,0,0,7.94445,7.61112,7.83334,1231.25,960,553.711,965,995.313,33.8906,101.977,102.117,34.8516,34.5703,582.752,36.75,2.296,1.48267,2.964,88.5,4.31373,4.31373,0,21.7344,13.489,31.5,31.5,36.75
8.033,0,0,0,0,1.00696,0.99997,0.903748,4,1,1,1,0,1,0.995607,0,0,7.94445,7.61112,7.66667,1229.25,960,554.141,965,995.313,33.9141,102.094,102.07,34.1953,34.6641,582.752,36.75,2.28,1.472,2.948,88.5,4.31373,4.31373,0,21.4063,13.489,31.5,31.5,36.75
8.067,0,0,0,0,1.00714,0.99997,0.903077,4,1,1,1,0,1,0.997072,0,0,7.94445,7.58334,7.55556,1230,960,554.023,965,995.313,33.9141,102.047,102.094,33.7031,34.5938,582.264,36.75,2.268,1.472,2.936,88.5,4.31373,4.31373,0,21.2656,13.489,31.5,31.5,36.75
8.1,0,0,0,0,1.00702,0.99997,0.903168,4,1,1,1,0,1,0.998537,0,0,7.94445,7.66667,7.58334,1231.5,960,553.789,965,995.313,33.8906,102.047,102.094,33.7734,35.25,582.264,36.75,2.376,1.53334,3.044,88.5,4.31373,4.31373,0,21.2031,13.8491,31.5,31.5,36.75
8.133,0,0,0,0,1.00684,0.99997,0.903901,4,1,1,1,0,1,1.00171,0,0,7.94445,7.63889,7.66667,1229.5,960,554.219,965,995.313,33.9141,102.07,102.094,34.1953,35.3438,582.264,36.75,2.388,1.54134,3.068,88.5,4.31373,4.31373,0,20.8906,13.8491,31.5,31.5,36.75
8.167,0,0,0,0,1.00641,0.99997,0.904145,4,1,1,1,0,1,1.00611,0,0,7.8889,7.66667,7.66667,1227.5,960,554.141,965,995.313,33.9141,102.07,102,34.2422,35.5313,582.264,36.75,2.4,1.53334,3.08,88.5,3.92157,4.31373,0,21.2031,13.8491,31.5,31.5,36.75
8.2,0,0,0,0,1.00647,0.99997,0.903748,4,1,1,1,0,1,1.00733,0,0,7.94445,7.66667,7.72223,1231.25,970,554.805,970,995.313,33.9609,102.07,102,34.3828,35.3203,582.264,36.75,2.408,1.552,3.088,88.5,4.31373,4.31373,0,21.4844,13.8491,30.75,30.75,36
8.233,0,0,0,0,1.00647,0.99997,0.903992,4,1,1,1,0,1,1.00855,0,0,7.97223,7.69445,7.72223,1232.25,970,555.469,970,995.313,34.0078,101.977,102.234,34.3359,35.1328,582.264,36.75,2.412,1.54934,3.08,88.5,4.31373,4.31373,0,21.4844,13.8491,30.75,30.75,36
8.267,0,0,0,0,1.00647,0.99997,0.903046,4,1,1,1,0,1,1.00855,0,0,7.97223,7.77778,7.72223,1231.25,970,556.016,970,995.313,34.0547,102.211,102.141,34.3828,35.2969,581.756,36.75,2.412,1.55467,3.08,88.5,4.31373,4.31373,0,21.7344,13.8491,30.75,30.75,36
8.3,0,0,0,0,1.00635,0.99997,0.902711,4,1,1,1,0,1,1.00855,0,0,7.97223,7.77778,7.83334,1227,970,557.344,970,995.313,34.1484,102.211,102.141,34.9688,35.5313,581.756,36.75,2.428,1.56534,3.096,88.5,4.31373,4.31373,0,21.4844,13.8491,30.75,30.75,36
8.333,0,0,0,0,1.00641,0.99997,0.903718,4,1,1,1,0,1,1.00855,0,0,7.97223,7.77778,7.55556,1225.5,970,556.602,970,995.313,34.1016,102.117,102,33.8203,35.6016,581.756,36.75,2.396,1.54934,3.064,88.5,4.31373,4.31373,0,21.25,13.8491,31.5,31.5,36.75
8.367,0,0,0,0,1.00555,0.99997,0.904298,4,1,1,1,0,1,1.00611,0,0,7.97223,7.77778,7.61112,1230.25,970,556.328,970,995.313,34.0781,101.977,102.117,33.9375,35.4141,581.756,36.75,2.404,1.54934,3.072,88.5,4.31373,4.31373,0,21.0938,13.8491,31.5,31.5,36.75
8.4,0,0,0,0,1.00507,0.99997,0.904511,4,1,1,1,0,1,1.00488,0,0,7.97223,7.77778,7.80556,1233.5,970,557.656,970,995.313,34.1719,101.977,102.117,34.6641,35.1797,581.756,36.75,2.308,1.48534,2.976,88.5,4.31373,4.31373,0,21.1094,13.8491,31.5,31.5,36
8.433,0,0,0,0,1.00513,0.99997,0.902863,4,1,1,1,0,1,1,0,0,7.97223,7.77778,7.69445,1230.75,970,557.773,970,995.313,34.1953,102.094,102.234,34.2656,35.0859,581.756,36.75,2.3,1.488,2.968,88.5,4.31373,4.31373,0,21.2031,13.8491,31.5,31.5,36.75
8.467,0,0,0,0,1.00482,0.99997,0.904603,4,1,1,1,0,1,0.998537,0,0,7.97223,7.80556,7.72223,1228.5,970,558.125,970,995.313,34.2188,102.211,102.047,34.4531,35.4844,581.248,36.75,2.308,1.488,2.976,88.5,4.31373,4.31373,0,21.5313,13.8491,31.5,31.5,36.75
8.5,0,0,0,0,1.00458,0.99997,0.903901,4,1,1,1,0,1,0.995607,0,0,7.97223,7.80556,7.77778,1226.75,970,559.531,970,995.313,34.3125,102.211,102.047,34.7344,36.2813,581.248,36.75,2.312,1.49067,3,88.5,4.31373,4.31373,0,21.875,14.2077,30.75,30.75,36
8.533,0,0,0,0,1.00452,0.99997,0.903992,4,1,1,1,0,1,0.994142,0,0,7.97223,7.83334,7.80556,1229,970,560.234,970,995.313,34.3594,102.023,101.977,34.8047,37.0313,581.248,36.75,2.32,1.49067,3.008,88.5,4.31373,4.31373,0,21.2969,14.5678,31.5,31.5,36.75
8.567,0,0,0,0,1.00446,0.99997,0.904633,4,1,1,1,0,1,0.992677,0,0,8.02778,7.83334,7.86112,1230.75,970,561.133,970,995.313,34.4297,101.953,102.117,34.9688,41.0625,581.248,36.75,2.332,1.504,3.02,88.5,4.31373,5.09804,0,21.0313,16.7254,31.5,31.5,36.75
8.6,0,0,0,0,1.00464,0.99997,0.905488,4,1,1,1,0,1,0.994142,0,0,8.08334,8.94445,8.30556,1231.5,970,565.625,970,995.313,34.7578,101.953,102.117,36.8438,44.7422,581.248,36.75,2.392,1.544,3.06,88.5,5.09804,5.09804,0,21.1875,18.8845,30.75,30.75,35.25
8.633,0,0,0,0,1.00067,0.99997,0.905305,4,1,1,1,0,1,0.997072,0,0,8.1389,9.58334,9.3889,1230,970,575.664,970,992.656,35.5078,102.094,102.164,41.5078,48.2344,581.248,36.75,2.592,1.544,3.26,88.5,5.4902,5.88235,0,20.9063,20.6836,30.75,30.75,35.25
8.667,0,0,0,0,0.999696,0.99997,0.904847,4,1,1,1,0,1,1,0,0,8.52778,10.7222,10.4722,1230,970,602.656,970,992.656,37.5,102.141,102.094,46.5703,54.7031,580.78,36.75,2.928,1.75734,3.596,88.5,6.27451,7.05883,0,21.2344,24.4602,29.25,29.25,34.5
8.7,0,0,0,0,0.998963,0.99997,0.905213,4,1,1,1,0,1,1.00171,0,0,9.05556,11.8333,10.9445,1231.25,970,618.828,970,992.656,38.7188,102.141,102.094,48.3516,59.1563,580.78,36.75,3.104,1.99734,3.784,88.5,7.05883,7.45098,0,21.4844,27.158,29.25,29.25,35.25
8.733,0,0,0,0,0.997315,0.99997,0.905976,4,1,1,1,0,1,1.00488,0,0,9.05556,12.0278,11.8889,1231.75,1000,639.141,970,992.656,40.2188,102.07,102.164,52.3594,63.7969,580.78,36.75,3.388,1.99734,4.068,88.5,7.84314,8.2353,0,21.4531,30.0358,28.5,28.5,27
8.767,0,0,0,0,0.992554,0.99997,0.906281,4,1,1,1,0,1,1.00855,0,0,9.80556,13.8056,13,1237.5,1090,681.484,970,990.039,43.3359,102.141,102.305,57.3047,69.9375,580.78,36.75,3.704,2.15734,4.384,88.5,8.62745,9.41177,0,21.5781,34.1725,27,27,25.5
8.8,0,0,0,0,0.987672,0.99997,1.00604,4,1,1,1,0,1,1.01489,0,0,10.6389,14.5833,13.5,1241,1120,705.469,970,987.383,45.1172,102.141,102.305,59.4375,72.3516,580.78,36.75,4.02,2.528,4.688,88.5,9.80392,10.1961,0,21.3438,36.1501,27,27,25.5
8.833,0,0,0,0,0.98523,0.99997,1.00781,4,1,1,1,0,1,1.02661,0,0,11.1389,15.3889,14.3333,1241.75,1150,731.797,970,987.383,47.0625,102.281,102.539,62.7891,75.3516,580.78,36.75,4.292,2.664,4.96,88.5,10.5882,10.9804,0,20.9531,38.4893,27,27,26.25
8.867,0,0,0,0,0.981202,0.99997,1.00931,4,1,1,1,0,1,1.03589,0,0,11.5556,16.8611,15.2222,1240.5,1200,783.359,970,987.383,50.8828,102.516,102.492,66.2344,79.6172,580.467,36.75,4.468,2.728,5.136,88.5,11.7647,11.7647,0,21.1563,41.7257,24.75,24.75,24.75
8.9,0,0,0,0,0.976441,0.99997,1.01099,4,1,1,1,0,1,1.04004,0,0,12.5278,16.3611,15.6667,1247,1220,809.023,970,987.344,52.7813,102.516,102.492,68.1094,81.8438,580.467,36.75,4.644,2.888,5.312,88.5,12.549,12.9412,0,21.3281,43.5248,24,24,24
8.933,0,0,0,0,0.975037,0.99997,1.0148,4,1,1,1,0,1,1.0459,0,0,13,16.3056,16.1111,1251,1260,833.008,970,987.383,54.5625,102.727,102.867,68.8828,84.75,580.467,36.75,4.676,2.95467,5.344,88.5,13.3333,13.7255,0,21.4375,45.6839,21.75,21.75,24
8.967,0,0,0,0,0.971619,0.99997,1.01727,4,1,1,1,0,1,1.04004,0,0,13.3611,16.8056,16.2778,1246.25,1280,874.375,970,987.383,57.75,102.844,102.703,70.1484,87,580.467,36.75,4.708,2.984,5.376,88.5,14.902,15.2941,0,21.4844,47.6615,20.25,20.25,20.25
9,0,0,0,0,0.969483,0.99997,1.0231,4,1,1,1,0,1,1.04395,0,0,14.0556,17.1111,16.6111,1244.75,1310,894.688,970,987.383,59.2734,102.844,102.703,71.3906,89.0156,580.467,36.75,4.864,3.12267,5.532,88.5,15.6863,15.6863,0,21.2344,48.9204,19.5,19.5,21
9.033,0,0,0,0,0.972352,0.99997,1.02658,4,1,1,1,0,1,1.0459,0,0,14.3889,15.6389,16.6667,1245.75,1310,912.813,970,990.039,60.6094,102.68,102.68,71.4375,89.8125,580.467,36.75,5.104,3.32534,5.784,88.5,16.8628,18.0392,0,21.2969,49.6406,18,18,19.5
9.067,0,0,0,0,0.977174,0.99997,1.02899,4,1,1,1,0,1,1.03784,0,0.390625,14.5556,17.0278,16.8611,1239.25,1330,938.633,970,990.039,62.5313,102.656,102.445,71.2031,91.7344,580.213,36.75,5.016,3.35467,5.696,88.5,18.8235,18.8235,0,21.3125,50.3593,16.5,16.5,30
9.1,0,0,0,0,0.983094,0.99997,1.03565,4,1,1,1,0,1,1.05005,0,0.390625,15.0833,14.9722,17.3611,1244.75,1340,954.18,970,992.656,63.6797,102.656,102.445,72.9609,92.2266,580.213,37.5,5.436,3.648,6.116,88.5,19.2157,30.9804,0,21.0625,50.7194,15,15,18
9.133,0,0,0,0,0.99231,0.99997,1.03922,4,1,1,1,0,1,1.05933,0,2.73438,15.3333,16.3056,18.7778,1257.75,1350,981.172,970,992.656,65.6953,102.422,103.102,77.5547,93.0703,580.213,37.5,5.108,3.33867,5.776,88.5,31.7647,44.7059,0,21.4063,51.4381,12,12,12
9.167,0,0,0,0,1.00391,0.99997,1.04352,4,1,1,1,0,1,1.06397,0,3.51563,16.1389,16.3889,19.7222,1256,1360,1006.84,970,990.039,67.5938,103.078,103.055,82.9219,93.9375,580.213,37.5,5.296,3.55467,5.964,88.5,49.4118,59.2157,0,21.6094,51.7982,12.75,12.75,12.75
9.2,0,0,0,0,1.021,0.99997,1.05078,4,1,1,1,0,1,1.08057,0,3.51563,16.5278,17.0833,17.8611,1250.75,1370,1028.79,970,992.656,69.3047,103.078,103.055,74.1563,94.8984,580.213,36.75,5.392,3.61334,6.06,87.75,59.2157,62.7451,0,21.4688,52.5184,12,12,17.25
9.233,0,0,0,0,1.02893,0.99997,1.05277,4,1,1,1,0,1,1.07813,0,5.85938,16.5278,17.25,17.7222,1248,1390,1034.69,970,995.313,69.9609,103.289,102.867,73.2656,96.4922,580.213,36.75,5.424,3.62934,6.092,87.75,63.1373,63.9216,0,21.3594,53.2371,12,12,16.5
9.267,0,0,0,0,1.03406,0.99997,1.06754,4,1,1,1,0,1,1.10254,0,8.98438,16.7778,17.3333,18.2222,1269,1400,1045.04,970,997.969,70.8281,102.867,102.844,73.9688,97.9922,580.135,36.75,5.496,3.66134,6.164,87.75,64.7059,63.9216,0,21.0469,54.3159,6.75,6.75,6.75
9.3,0,0,0,0,1.03937,0.99997,1.07532,4,1,1,1,0,1,1.12012,0,8.98438,17.2222,17.4167,17.9722,1271.75,1410,1047.46,970,1000.59,71.0859,102.867,102.844,72.4688,98.4141,580.135,36.75,5.524,3.72534,6.192,88.5,64.7059,63.9216,0,21.1094,55.0362,8.25,8.25,8.25
9.333,0,0,0,0,1.04382,0.99997,1.07514,4,1,1,1,0,1,1.1001,0,9.76563,17.2222,17.4445,18,1260.5,1410,1051.13,970,1003.2,71.4141,102.82,103.617,73.5703,98.7656,580.135,36.75,5.54,3.72534,6.208,88.5,64.3137,64.3137,0,21.5,55.0362,11.25,11.25,13.5
9.367,0,0,0,0,1.05145,0.99997,1.09006,4,1,1,1,0,1,1.10498,0,10.5469,17.3056,17.6389,18.3333,1275.5,1420,1058.01,970,1005.86,72.0469,103.594,103.758,73.5234,99.5156,580.135,36.75,5.628,3.752,6.296,88.5,64.3137,64.3137,0,21.375,55.3963,6.75,6.75,6.75
9.4,0,0,0,0,1.05597,0.99997,1.09634,4,1,1,1,0,1,1.10498,0,10.5469,17.5278,17.6945,18.1945,1275,1420,1059.06,970,1008.52,72.1875,103.594,103.758,72.7734,99.6094,580.135,36.75,5.644,3.81067,6.312,88.5,64.3137,64.3137,0,21.4844,55.7549,8.25,8.25,8.25
9.433,0,0,0,0,1.06012,0.99997,1.09906,4,1,1,1,0,1,1.09009,0,12.1094,17.5833,17.7222,18.7778,1272.25,1430,1064.41,970,1011.13,72.6563,103.734,103.641,75.7969,100.102,580.135,36.75,5.684,3.84,6.352,88.5,64.3137,64.7059,0,21.4844,56.115,9.75,9.75,9.75
9.467,0,0,0,0,1.06592,0.99997,1.11072,4,1,1,1,0,1,1.09497,0,12.8906,17.6945,17.8611,18.7778,1282,1430,1068.79,970,1013.79,73.0781,103.617,103.992,74.7656,100.805,580.037,36.75,5.752,3.85334,6.42,88.5,64.7059,64.7059,0,21.2813,56.4751,9,9,9
9.5,0,0,0,0,1.07111,0.99997,1.11179,4,1,1,1,0,1,1.08057,0,12.8906,17.9722,18.5833,19.0278,1282.25,1440,1073.44,970,1016.41,73.5,103.617,103.992,76.1953,101.273,580.037,36.75,5.792,3.91734,6.46,88.5,64.7059,64.7059,0,20.6563,56.8352,9,9,9
9.533,0,0,0,0,1.07373,0.99997,1.1124,4,1,1,1,0,1,1.05933,0,14.4531,17.9722,18,19.1945,1276.5,1450,1080.7,970,1019.1,74.1328,103.969,103.828,76.7813,102.094,580.037,36.75,5.832,3.928,6.512,88.5,64.7059,65.4902,0,18.75,57.1938,9.75,9.75,9
9.567,0,0,0,0,1.0827,0.99997,1.12146,4,1,1,1,0,1,1.06885,0,14.4531,18.1667,18.1111,19.2778,1281.75,1440,1084.45,970,1024.34,74.4844,103.805,103.992,76.6641,101.438,580.037,36.75,5.892,3.98667,6.572,88.5,65.0981,65.4902,0,15.9063,57.1938,9.75,9.75,9
9.6,0,0,0,0,1.08521,0.99997,1.11746,4,1,1,1,0,1,1.04785,0,14.4531,18.2778,18.8889,19.7222,1292.75,1430,1089.77,970,1024.38,74.9766,103.805,103.992,78.1875,101.063,580.037,36,5.912,3.99467,6.592,88.5,65.4902,65.4902,0,14.7656,56.4751,9,9,9
9.633,0,0,0,0,1.08954,0.99997,1.12045,4,1,1,1,0,1,1.04199,0,12.8906,18.4445,18.9722,19.3056,1292.75,1420,1091.76,970,1026.99,76.0078,103.805,104.391,76.3125,100.898,580.037,36,6.036,4.00534,6.716,88.5,65.4902,65.4902,0,13.3906,56.4751,9,9,8.25
9.667,0,0,0,0,1.09509,0.99997,1.12647,4,1,1,1,0,1,1.05689,0,12.1094,18.75,19.0833,19.7778,1292,1400,1095.51,970,1032.3,76.8281,105.211,104.414,78.0938,100.008,580.428,36,6.128,4.09601,6.808,88.5,65.8824,65.4902,0,11.1094,56.115,9,9,8.25
9.7,0,0,0,0,1.09815,0.99997,1.12546,4,1,1,1,0,1,1.05225,0,12.1094,18.9722,19.1389,19.3611,1296.25,1400,1094.3,970,1034.92,76.7344,105.211,104.414,76.0313,100.031,580.428,36,6.088,4.12534,6.752,88.5,65.8824,65.4902,0,10.125,56.115,8.25,8.25,8.25
9.733,0,0,0,0,1.10016,0.99997,1.12836,4,1,1,1,0,1,1.05469,0,12.1094,19.0278,19.1945,19.8889,1301,1400,1095.9,970,1037.58,76.8516,105.188,104.695,77.8125,101.063,580.428,36,6.088,4.12534,6.752,88.5,65.8824,65.8824,0,8.48438,56.115,8.25,8.25,8.25
9.767,0,0,0,0,1.10889,0.99997,1.13126,4,1,1,1,0,1,1.05469,0,12.1094,19.3333,19.2222,20,1304,1400,1096.48,970,1045.51,77.5547,105.117,104.813,78.3516,101.016,580.428,36,6.168,4.17601,6.832,88.5,66.2745,65.8824,0,7.57813,56.115,8.25,8.25,9
9.8,0,0,0,0,1.11316,0.99997,1.13074,4,1,1,1,0,1,1.03784,0,12.1094,19.3056,19.3333,19.6667,1299,1400,1095,970,1048.09,77.8594,105.117,104.813,76.5703,101.18,580.428,36,6.18,4.18667,6.844,88.5,65.8824,65.8824,0,6.45313,56.115,8.25,8.25,12
9.833,0,0,0,0,1.11487,0.99997,1.13574,4,1,1,1,0,1,1.03784,0,12.1094,19.3056,19.4167,19.8889,1316.5,1390,1093.44,970,1050.78,77.9531,105.258,104.672,76.4297,100.547,580.428,36,6.184,4.18134,6.852,88.5,65.8824,66.6667,0,6.21875,56.115,5.25,5.25,5.25
9.867,0,0,0,0,1.1167,0.99997,1.13556,4,1,1,1,0,1,1.02661,0,12.1094,19.5556,19.4167,20.25,1316,1390,1094.3,970,1053.4,77.9766,104.953,105.234,78.5391,100.242,580.565,36,6.18,4.18667,6.848,88.5,66.2745,66.6667,0,5.15625,56.115,6.75,6.75,6.75
9.9,0,0,0,0,1.12079,0.99997,1.13641,4,1,1,1,0,1,1.02002,0,12.1094,19.6111,19.5278,20.6111,1316.5,1390,1096.48,970,1056.05,78.3516,104.953,105.234,79.7109,100.781,580.565,36,6.216,4.19734,6.896,88.5,66.2745,66.6667,0,4.64063,56.4751,8.25,8.25,8.25
9.933,0,0,0,0,1.12848,0.99997,1.1384,4,1,1,1,0,1,1.02319,0,13.6719,19.6667,19.6667,20.5833,1323.75,1390,1096.64,970,1061.37,78.4688,105.445,105.258,78.4688,100.641,580.565,36,6.224,4.21067,6.904,88.5,66.6667,67.8432,0,3.73438,56.8352,6,6,6
9.967,0,0,0,0,1.13117,0.99997,1.1341,4,1,1,1,0,1,1.00733,0,13.6719,19.8333,20.4445,20.4167,1315.75,1390,1097.19,970,1063.98,78.8906,105.352,105.586,78.8906,101.156,580.565,36,6.248,4.20267,6.928,88.5,67.8432,67.8432,0,2.9375,56.8352,8.25,8.25,11.25
10,0,0,0,0,1.13361,0.99997,1.13471,4,1,1,1,0,1,1.00366,0,13.6719,19.7778,19.75,20.4445,1315.75,1400,1097.23,970,1069.22,78.8672,105.352,105.586,78.9375,102.141,580.565,36,6.228,4.21867,6.896,87.75,67.8432,67.8432,0,2.84375,57.1938,7.5,7.5,9.75
10.033,0,0,0,0,1.13391,0.99997,1.1373,4,1,1,1,0,1,1.01489,0,16.0156,19.8333,19.7778,20.3611,1321.75,1410,1096.29,970,1069.26,78.75,106.008,105.445,78.2344,103.008,580.565,36,6.208,4.20534,6.876,87.75,67.8432,67.8432,0,2.26563,58.2741,6.75,6.75,6.75
10.067,0,0,0,0,1.1402,0.99997,1.13364,4,1,1,1,0,1,1.00733,0,18.3594,20.0833,20.9722,20.6111,1337.75,1420,1094.34,970,1074.57,78.7031,105.656,106.031,78.0234,103.195,581.073,36,6.18,4.21067,6.848,87.75,67.8432,67.8432,0,1.82813,59.3529,6,6,6
10.1,0,0,0,0,1.13861,0.99997,1.13419,4,1,1,1,0,1,1.00733,0,18.3594,20.0833,20.7778,20.8889,1336.25,1430,1095.98,970,1077.19,78.9141,105.656,106.031,79.8281,104.25,581.073,36,6.192,4.19467,6.86,88.5,67.8432,67.8432,0,1.64063,59.713,7.5,7.5,7.5
10.133,0,0,0,0,1.14343,0.99997,1.1348,4,1,1,1,0,1,1.01001,0,19.1406,20.0833,21.0556,20.7778,1342.75,1430,1097.15,970,1082.5,79.0313,106.078,105.938,78.1406,104.25,581.073,36,6.208,4.21067,6.888,88.5,67.8432,69.4118,0,1.01563,60.0716,6.75,6.75,6.75
10.167,0,0,0,0,1.1402,0.99997,1.13135,4,1,1,1,0,1,0.994142,0,20.3125,20.25,21.0278,21.4722,1344.75,1430,1099.73,970,1085.12,79.2188,106.055,106.383,81.4453,104.438,581.073,36,6.196,4.18401,6.876,88.5,69.8039,69.4118,0,0.578125,60.4317,8.25,8.25,9
10.2,0,0,0,0,1.14301,0.99997,1.1344,4,1,1,1,0,1,1.00171,0,20.3125,20.4722,20.5833,21.6667,1350,1440,1104.38,970,1090.35,79.5469,106.055,106.383,82.3828,104.906,581.073,36,6.224,4.21601,6.892,88.5,69.0196,69.4118,0,0.5,60.4317,7.5,7.5,7.5
10.233,0,0,0,0,1.14905,0.99997,1.13223,4,1,1,1,0,1,0.997072,0,20.3125,20.4167,20.7222,21.1667,1349,1440,1104.61,970,1093.01,79.5234,106.383,106.453,79.7109,104.836,581.073,36,6.228,4.21867,6.896,88.5,69.8039,69.8039,0,0.484375,60.4317,8.25,8.25,8.25
10.267,0,0,0,0,1.14996,0.99997,1.1311,4,1,1,1,0,1,0.992677,0,20.3125,20.4722,21.2222,21.25,1352.5,1440,1105.78,970,1095.7,79.5703,106.453,106.57,79.7578,104.766,581.639,36,6.2,4.20801,6.868,88.5,70.1961,69.8039,0,0.59375,60.4317,8.25,8.25,8.25
10.3,0,0,0,0,1.15082,0.99997,1.13263,4,1,1,1,0,1,1.00171,0,20.3125,20.6389,20.7778,21.3889,1359,1440,1107.11,970,1098.32,79.6641,106.453,106.57,80.4844,105.023,581.639,36,6.204,4.20267,6.872,88.5,70.1961,69.8039,0,0.53125,60.4317,8.25,8.25,7.5
10.333,0,0,0,0,1.15314,0.99997,1.12906,4,1,1,1,0,1,0.991212,0,20.3125,20.6667,21.25,21.7778,1358.75,1440,1110.94,970,1100.98,79.9219,106.594,106.828,81.7266,105.188,581.639,36,6.212,4.21067,6.88,88.5,70.1961,70.9804,0,0.375,60.4317,8.25,8.25,8.25
10.367,0,0,0,0,1.16016,0.99997,1.12994,4,1,1,1,0,1,0.994142,0,20.3125,20.7222,22.75,21.5,1363.5,1440,1111.13,970,1106.25,79.9219,106.805,106.969,80.2266,105.141,581.639,36,6.192,4.20001,6.86,88.5,70.9804,70.9804,0,0.234375,60.4317,8.25,8.25,8.25
10.4,0,0,0,0,1.15582,0.99997,1.12827,4,1,1,1,0,1,0.992677,0,20.3125,20.9445,22.5556,21.6667,1374.25,1440,1111.41,970,1108.91,79.9453,106.805,106.969,80.1328,105.117,581.639,36,6.204,4.20267,6.872,88.5,70.9804,70.9804,0,-0.078125,60.4317,8.25,8.25,8.25
10.433,0,0,0,0,1.15308,0.99997,1.12763,4,1,1,1,0,1,0.991212,0,20.3125,20.9445,21.6111,22.0278,1372.25,1450,1114.73,970,1111.52,80.1797,106.992,107.297,82.1953,105.422,581.639,36,6.22,4.21334,6.888,88.5,70.9804,71.3726,0,0.15625,60.4317,8.25,8.25,8.25
10.467,0,0,0,0,1.15772,0.99997,1.12885,4,1,1,1,0,1,1,0,21.0938,21.1111,21.6667,22,1376,1460,1118.36,970,1116.84,80.4375,107.273,107.438,81.5391,106.313,582.264,36,6.236,4.22401,6.904,88.5,70.9804,71.3726,0,0.453125,60.7919,7.5,7.5,8.25
10.5,0,0,0,0,1.15686,0.99997,1.12723,4,1,1,1,0,1,0.998537,0,21.0938,21.1667,21.6945,22.3611,1375.75,1470,1125.31,970,1116.84,80.9531,107.273,107.438,83.3672,106.805,582.264,35.25,6.32,4.26401,7,88.5,71.3726,71.3726,0,0.46875,61.1504,7.5,7.5,6.75
10.533,0,0,0,0,1.16303,0.99997,1.1268,4,1,1,1,0,1,0.997072,0,22.6563,21.2222,21.8056,21.75,1379.25,1470,1123.95,970,1122.11,80.8594,107.414,107.438,80.0391,107.414,582.264,35.25,6.304,4.28001,6.984,88.5,71.3726,72.1569,0,0.4375,61.8707,7.5,7.5,6.75
10.567,0,0,0,0,1.16394,0.99997,1.12738,4,1,1,1,0,1,1.00171,0,24.2188,21.4167,21.8334,22.25,1395.75,1470,1127.46,970,1124.77,81.1172,107.484,108.164,81.3516,107.414,582.264,35.25,6.32,4.28534,7,88.5,72.1569,72.1569,0,0.015625,62.2308,5.25,5.25,5.25
10.6,0,0,0,0,1.17181,0.99997,1.12582,4,1,1,1,0,1,0.995607,0,24.2188,21.5834,21.8889,22.5834,1393.5,1480,1129.69,970,1132.66,81.3047,107.484,108.164,82.6406,107.484,582.264,35.25,6.324,4.28534,7.004,88.5,72.1569,72.1569,0,0.109375,62.2308,6.75,6.75,6.75
10.633,0,0,0,0,1.16925,0.99997,1.12772,4,1,1,1,0,1,1.00171,0,24.2188,21.5834,21.9445,23.0556,1394.5,1480,1136.17,970,1130.04,81.7734,108.117,107.953,84.9375,107.508,582.264,35.25,6.384,4.28801,7.052,88.5,72.1569,73.3334,0,0.140625,62.5894,8.25,8.25,9
10.667,0,0,0,0,1.17706,0.99997,1.12537,4,1,1,1,0,1,0.995607,0,25,21.9167,22.8611,23.2222,1402.75,1470,1142.58,970,1135.31,82.2656,107.977,108.352,84.6797,107.391,582.967,35.25,6.42,4.33334,7.088,88.5,73.7255,73.3334,0,0.375,62.5894,7.5,7.5,7.5
10.7,0,0,0,0,1.17969,0.99997,1.12509,4,1,1,1,0,1,0.991212,0,25,21.9722,22.9167,22.8611,1400.5,1480,1144.14,970,1137.97,82.3828,107.977,108.352,83.3438,107.977,582.967,35.25,6.436,4.36001,7.116,87.75,73.7255,73.3334,0,0.4375,62.5894,7.5,7.5,9.75
10.733,0,0,0,0,1.18262,0.99997,1.12668,4,1,1,1,0,1,0.998537,0,25,22.1667,22.8889,23.5556,1406.75,1490,1149.49,970,1143.2,82.7813,108.352,108.563,86.0156,108.352,582.967,35.25,6.492,4.39734,7.172,87.75,74.1177,74.1177,0,0.046875,62.5894,6.75,6.75,6.75
10.767,0,0,0,0,1.18482,0.99997,1.12561,4,1,1,1,0,1,0.997072,0,25,22.2778,23,23.3334,1412,1490,1153.55,970,1145.86,83.1094,108.563,108.75,84.6094,108.352,582.967,35.25,6.504,4.40534,7.184,87.75,74.1177,74.1177,0,-0.078125,62.5894,7.5,7.5,7.5
10.8,0,0,0,0,1.18665,0.99997,1.12534,4,1,1,1,0,1,0.997072,0,25,22.3889,23.0556,23.75,1412.75,1490,1159.77,970,1148.52,83.6016,108.563,108.75,85.8516,108.563,582.967,35.25,6.508,4.38934,7.176,87.75,74.1177,74.1177,0,-0.015625,62.5894,7.5,7.5,7.5
10.833,0,0,0,0,1.18933,0.99997,1.12561,4,1,1,1,0,1,1,0,25,22.5,23.0556,23.4167,1424.25,1490,1160.94,970,1151.13,83.6719,108.727,108.773,84.3984,108.727,582.967,35.25,6.516,4.40801,7.184,87.75,74.1177,74.5098,0,-0.125,62.5894,7.5,7.5,7.5
10.867,0,0,0,0,1.19281,0.99997,1.12494,4,1,1,1,0,1,0.995607,0,25,22.75,23.2222,23.75,1425.75,1490,1165.9,970,1153.79,84.0469,108.797,109.266,84.5625,108.727,583.553,35.25,6.552,4.43734,7.22,87.75,74.902,74.5098,0,0.28125,62.5894,8.25,8.25,7.5
10.9,0,0,0,0,1.19452,0.99997,1.12659,4,1,1,1,0,1,1.00171,0,25,22.9722,23.1667,24.1111,1426.5,1490,1170.35,970,1156.41,84.3984,108.797,109.266,87.0703,108.797,583.553,35.25,6.58,4.45867,7.248,87.75,74.5098,74.5098,0,0.46875,62.5894,7.5,7.5,7.5
10.933,0,0,0,0,1.20184,0.99997,1.12341,4,1,1,1,0,1,0.989992,0,25,23.1389,23.3611,24.3334,1419,1500,1174.88,970,1161.72,84.7734,109.289,109.711,87.2813,109.102,583.553,35.25,6.592,4.45601,7.26,87.75,74.5098,75.6863,0,0.171875,62.5894,7.5,7.5,15
10.967,0,0,0,0,1.20825,0.99997,1.12427,4,1,1,1,0,1,0.991212,0,25,23.0834,23.5,24.3611,1434.5,1500,1179.06,970,1167.03,85.0781,109.641,109.242,86.3672,109.289,583.553,35.25,6.616,4.47734,7.284,87.75,76.0785,75.6863,0,-0.203125,62.5894,6,6,6
11,0,0,0,0,1.21149,0.99997,1.12311,4,1,1,1,0,1,0.991212,0,25,23.4445,23.5,24.0556,1447.5,1500,1179.02,970,1169.61,85.0781,109.641,109.242,85.0547,109.641,583.553,34.5,6.604,4.47467,7.272,88.5,76.0785,75.6863,0,-0.109375,62.5894,3.75,3.75,3.75
11.033,0,0,0,0,1.21155,0.99997,1.12164,4,1,1,1,0,1,0.987306,0,25,23.5,24.3056,24.6389,1444.5,1500,1186.91,970,1169.65,85.6875,109.289,109.875,87.7031,109.289,583.553,34.5,6.664,4.48801,7.332,88.5,76.0785,77.2549,0,-0.109375,62.5894,8.25,8.25,6.75
11.067,0,0,0,0,1.21588,0.99997,1.12137,4,1,1,1,0,1,0.992677,0,25,23.7222,24.4445,25,1453.5,1500,1191.72,970,1174.92,86.0859,109.875,110.18,88.1953,109.289,584.549,34.5,6.688,4.51467,7.356,88.5,77.6471,77.2549,0,0.125,62.5894,6.75,6.75,6.75
11.1,0,0,0,0,1.22077,0.99997,1.11844,4,1,1,1,0,1,0.986085,0,25,23.8889,24.5278,24.9445,1452.75,1500,1193.48,970,1180.23,86.2266,109.875,110.18,87.2813,109.453,584.549,34.5,6.708,4.54401,7.376,87.75,77.6471,77.2549,0,0.390625,62.5894,7.5,7.5,8.25
11.133,0,0,0,0,1.22449,0.99997,1.11777,4,1,1,1,0,1,0.984865,0,25,23.8889,24.5278,24.6667,1452.25,1510,1194.49,970,1185.51,86.2969,110.156,110.227,86.9297,110.063,584.549,34.5,6.7,4.53867,7.368,87.75,77.6471,77.6471,0,0.21875,62.5894,6.75,6.75,9
11.167,0,0,0,0,1.22412,0.99997,1.11615,4,1,1,1,0,1,0.987306,0,25,24.0834,24.6111,25.2222,1457,1510,1201.17,970,1185.51,86.8125,110.227,110.391,88.5234,110.156,584.549,34.5,6.752,4.57334,7.42,87.75,77.6471,77.6471,0,-0.09375,62.5894,6.75,6.75,6.75
11.2,0,0,0,0,1.23004,0.99997,1.11447,4,1,1,1,0,1,0.984865,0,25,24.3611,24.7222,25.1111,1465.5,1510,1205.04,970,1190.78,87.1172,110.227,110.391,87.2578,110.227,584.549,34.5,6.752,4.57334,7.42,87.75,77.6471,77.6471,0,-0.296875,62.5894,7.5,7.5,6.75
11.233,0,0,0,0,1.2323,0.99997,1.11551,4,1,1,1,0,1,0.994142,0,25,24.4167,24.7778,25.1945,1470,1510,1205.2,970,1193.44,87.1406,110.414,110.883,87.2344,110.414,584.549,34.5,6.748,4.57067,7.416,87.75,77.6471,78.4314,0,-0.0625,62.5894,7.5,7.5,6.75
11.267,0,0,0,0,1.24097,0.99997,1.11218,4,1,1,1,0,1,0.987306,0,25,24.5278,24.8334,25.4167,1471,1510,1210.08,970,1201.37,87.5391,110.859,110.906,88.4297,110.273,585.604,34.5,6.768,4.58401,7.436,87.75,78.0392,78.4314,0,0.125,62.5894,9,9,7.5
11.3,0,0,0,0,1.23834,0.99997,1.11261,4,1,1,1,0,1,0.989992,0,25,24.6667,24.8889,26.1111,1478.5,1510,1216.52,970,1198.71,88.0313,110.859,110.906,90.9609,110.344,585.604,34.5,6.812,4.61334,7.492,88.5,78.4314,78.4314,0,0.0625,62.5894,9,9,7.5
11.333,0,0,0,0,1.24909,0.99997,1.11026,4,1,1,1,0,1,0.983644,0,25,24.7778,24.9722,25.4445,1487,1500,1216.17,970,1206.64,88.0078,111.211,111.492,87.7969,110.133,585.604,34.5,6.808,4.61067,7.488,88.5,78.8236,79.6079,0,-0.078125,62.5894,9,9,8.25
11.367,0,0,0,0,1.25379,0.99997,1.10977,4,1,1,1,0,1,0.981203,0,25,25,25.9445,25.8611,1490,1500,1217.62,970,1209.26,88.3828,111.469,111.609,88.9453,110.109,585.604,34.5,6.82,4.61867,7.5,88.5,80,79.6079,0,-0.34375,62.5894,8.25,8.25,8.25
11.4,0,0,0,0,1.25073,0.99997,1.10965,4,1,1,1,0,1,0.988527,0,25,25.2222,25.9722,25.8889,1496,1510,1218.83,970,1209.3,88.4766,111.469,111.609,88.9688,110.461,585.604,34.5,6.808,4.61067,7.472,87.75,80,79.6079,0,-0.171875,62.5894,8.25,8.25,8.25
11.433,0,0,0,0,1.25061,0.99997,1.10724,4,1,1,1,0,1,0.986085,0,25,25.2222,25.9722,26.3056,1492.25,1510,1221.76,970,1211.91,88.7109,111.586,111.68,90.4688,110.742,585.604,34.5,6.816,4.61067,7.48,87.75,80,80.7843,0,-0.0625,62.5894,8.25,8.25,8.25
11.467,0,0,0,0,1.25757,0.99997,1.10687,4,1,1,1,0,1,0.991212,0,25,25.1667,26.0556,26.3611,1495,1510,1226.6,970,1219.84,89.0859,111.633,111.797,90.0469,110.719,586.522,34.5,6.84,4.62667,7.504,87.75,80.7843,80.7843,0,0.21875,62.5894,8.25,8.25,9
11.5,0,0,0,0,1.25476,0.99997,1.10562,4,1,1,1,0,1,0.989992,0,25,25.4722,26.0556,26.4722,1513.25,1510,1225.08,970,1219.84,88.9688,111.633,111.797,89.7891,110.719,586.522,34.5,6.804,4.60534,7.472,87.75,80.7843,80.7843,0,0.15625,62.5894,5.25,5.25,5.25
11.533,0,0,0,0,1.25543,0.99997,1.10486,4,1,1,1,0,1,0.988527,0,25,25.6389,26.0834,26.75,1507.25,1510,1227.97,970,1222.5,89.2031,111.797,112.313,90.9375,110.906,586.522,34.5,6.824,4.60801,7.492,87.75,81.1765,81.5687,0,-0.21875,62.5894,8.25,8.25,9
11.567,0,0,0,0,1.26135,0.99997,1.10404,4,1,1,1,0,1,0.989992,0,25,25.6945,26.1667,26.9445,1507.25,1510,1233.79,970,1227.77,89.6719,112.266,112.313,91.8281,110.906,586.522,34.5,6.872,4.63467,7.54,87.75,81.5687,81.5687,0,-0.078125,62.5894,8.25,8.25,10.5
11.6,0,0,0,0,1.26428,0.99997,1.10342,4,1,1,1,0,1,0.988527,0,25,25.9167,26.2778,26.9722,1525.5,1510,1234.69,970,1230.43,89.7422,112.266,112.313,90.4922,110.883,586.522,34.5,6.872,4.65601,7.54,87.75,81.5687,81.5687,0,-0.234375,62.5894,6,6,6
11.633,0,0,0,0,1.26935,0.99997,1.10355,4,1,1,1,0,1,0.992677,0,25,26.2222,26.2778,27.5834,1528,1520,1239.3,970,1235.66,90.0938,112.336,113.32,92.8594,111.305,586.522,34.5,6.916,4.68534,7.584,87.75,81.5687,82.353,0,-0.125,62.5894,7.5,7.5,7.5
11.667,0,0,0,0,1.27405,0.99997,1.10153,4,1,1,1,0,1,0.988527,0,24.2188,26.2778,27.3056,27.3056,1523,1520,1244.18,970,1238.32,90.5156,113.227,113.063,91.3828,111.492,587.772,34.5,6.94,4.70134,7.608,87.75,82.7451,82.353,0,0,62.2308,8.25,8.25,10.5
11.7,0,0,0,0,1.27387,0.99997,1.10251,4,1,1,1,0,1,0.995607,0,24.2188,26.4445,27.2778,27.6945,1527,1520,1249.61,970,1240.98,90.9141,113.227,113.063,92.9297,111.469,587.772,34.5,6.988,4.73334,7.656,88.5,81.9608,82.353,0,0.03125,62.2308,7.5,7.5,9.75
11.733,0,0,0,0,1.27527,0.99997,1.10175,4,1,1,1,0,1,0.998537,0,24.2188,26.6111,27.2778,27.5556,1531.25,1530,1252.15,970,1243.59,91.125,113.039,113.461,92.6484,112.336,587.772,34.5,7.004,4.74401,7.672,88.5,82.353,83.1373,0,-0.234375,62.2308,7.5,7.5,8.25
11.767,0,0,0,0,1.27765,0.99997,1.10117,4,1,1,1,0,1,0.998537,0,21.875,26.8611,27.3889,28.1667,1537.75,1510,1259.65,970,1246.25,91.7109,113.391,113.766,93.9141,110.836,587.772,34.5,7.068,4.78667,7.736,88.5,83.1373,83.1373,0,-0.453125,61.1504,6.75,6.75,6.75
11.8,0,0,0,0,1.2865,0.99997,1.10117,4,1,1,1,0,1,0.998537,0,21.875,27.3334,27.4445,28.5834,1558.5,1480,1265.12,970,1254.18,92.1328,113.391,113.766,94.2891,108.82,587.772,34.5,7.1,4.81067,7.78,87.75,83.1373,83.1373,0,-0.078125,60.4317,3.75,3.75,3.75
11.833,0,0,0,0,1.28504,0.99997,1.10056,4,1,1,1,0,1,0.992677,0,19.1406,27.3056,27.5556,28.9445,1551.25,1470,1270.66,970,1251.56,92.5781,113.742,114.609,96.3516,107.836,587.772,34.5,7.132,4.79467,7.812,87.75,83.5294,85.0981,0,0.15625,59.3529,8.25,8.25,9
11.867,0,0,0,0,1.29321,0.99997,1.10117,4,1,1,1,0,1,0.994142,0,18.3594,27.3889,27.75,28.7778,1552,1460,1277.34,970,1256.84,93.0703,114.492,114.328,95.2031,107.438,589.08,34.5,7.188,4.85867,7.868,87.75,85.0981,85.0981,0,0.171875,58.9928,8.25,8.25,9.75
11.9,0,0,0,0,1.3006,0.99997,1.09924,4,1,1,1,0,1,0.987306,0,18.3594,27.6111,27.8889,28.6111,1555.5,1470,1278.24,970,1262.11,93.1406,114.492,114.328,93.6797,108.258,589.08,34.5,7.176,4.86134,7.856,88.5,85.0981,85.0981,0,-0.28125,58.9928,7.5,7.5,9
11.933,0,0,0,0,1.3006,0.99997,1.09924,4,1,1,1,0,1,0.991212,0,18.3594,27.7778,28.75,28.6389,1566.5,1480,1281.02,970,1262.11,93.375,114.281,114.938,94.1953,108.891,589.08,34.5,7.18,4.86134,7.86,88.5,85.0981,85.0981,0,-0.328125,58.9928,6.75,6.75,6.75
11.967,0,0,0,0,1.30298,0.99997,1.09705,4,1,1,1,0,1,0.989992,0,18.3594,27.9722,28.8056,29.0278,1575.25,1480,1281.88,970,1267.38,93.4219,114.844,115.57,94.6641,108.727,589.08,34.5,7.156,4.84801,7.836,88.5,85.0981,85.0981,0,-0.265625,58.9928,8.25,8.25,7.5
12,0,0,0,0,1.30585,0.99997,1.09647,4,1,1,1,0,1,0.988527,0,18.3594,28.25,28.7778,29.25,1581.75,1470,1284.84,970,1272.66,93.6797,114.844,115.57,95.4375,107.836,589.08,34.5,7.18,4.86401,7.86,88.5,85.0981,85.0981,0,-0.015625,58.9928,8.25,8.25,7.5
12.033,0,0,0,0,1.30664,0.99997,1.09537,4,1,1,1,0,1,0.987306,0,18.3594,28.1389,28.8611,29.1389,1575.5,1480,1287.11,970,1275.27,93.8438,115.43,115.547,95.0625,109.078,589.08,34.5,7.18,4.85334,7.848,88.5,85.4902,87.0589,0,0.125,58.9928,7.5,7.5,8.25
12.067,0,0,0,0,1.30713,0.99997,1.09403,4,1,1,1,0,1,0.984865,0,18.3594,28.1945,28.9167,29.3334,1579.25,1490,1290.74,970,1277.93,94.1016,115.406,115.758,95.7656,109.641,590.252,34.5,7.204,4.87201,7.872,88.5,87.451,87.0589,0,-0.03125,58.9928,6.75,6.75,6.75
12.1,0,0,0,0,1.30994,0.99997,1.09338,4,1,1,1,0,1,0.988527,0,18.3594,28.5278,29,29.4167,1594.25,1500,1294.1,970,1280.59,94.3594,115.406,115.758,94.6641,110.133,590.252,34.5,7.216,4.89601,7.896,88.5,87.451,87.0589,0,-0.421875,58.9928,7.5,7.5,6.75
12.133,0,0,0,0,1.31506,0.99997,1.09091,4,1,1,1,0,1,0.981203,0,18.3594,28.6667,29,29.6667,1597.75,1500,1296.13,970,1285.86,94.5,115.664,116.648,95.7422,110.016,590.252,34.5,7.216,4.88801,7.896,88.5,87.451,87.451,0,-0.421875,58.9928,7.5,7.5,6.75
12.167,0,0,0,0,1.31867,0.99997,1.09055,4,1,1,1,0,1,0.986085,0,18.3594,28.8334,29.0834,29.8889,1594,1490,1301.37,970,1288.48,94.9219,116.438,116.461,97.0078,109.453,590.252,34.5,7.252,4.91201,7.932,88.5,87.451,87.451,0,-0.234375,58.9928,7.5,7.5,7.5
12.2,0,0,0,0,1.31976,0.99997,1.08878,4,1,1,1,0,1,0.986085,0,18.3594,28.8889,29.2778,29.1667,1598,1490,1300.51,970,1288.52,94.8516,116.438,116.461,93.3281,109.641,590.252,34.5,7.224,4.89334,7.892,88.5,87.451,87.451,0,-0.046875,58.9928,7.5,7.5,7.5
12.233,0,0,0,0,1.32324,0.99997,1.08765,4,1,1,1,0,1,0.986085,0,18.3594,28.9445,29.3056,30.1667,1610.5,1500,1304.69,970,1293.83,95.1563,116.297,116.578,96.0234,110.344,590.252,34.5,7.24,4.89067,7.908,88.5,87.8432,88.6275,0,-0.09375,58.9928,6.75,6.75,7.5
12.267,0,0,0,0,1.32611,0.99997,1.08572,4,1,1,1,0,1,0.984865,0,18.3594,29.3611,30.25,30.4722,1621.25,1500,1307.23,970,1296.45,95.5781,116.672,117.75,96.5859,110.625,591.737,34.5,7.276,4.90401,7.944,88.5,88.6275,88.6275,0,-0.3125,58.9928,4.5,4.5,4.5
12.3,0,0,0,0,1.32684,0.99997,1.08548,4,1,1,1,0,1,0.986085,0,18.3594,29.4167,30.2778,30.1667,1613,1500,1307.77,970,1299.1,95.625,116.672,117.75,95.9531,110.695,591.737,34.5,7.272,4.92534,7.94,87.75,88.6275,88.6275,0,-0.484375,58.9928,8.25,8.25,8.25
12.333,0,0,0,0,1.33136,0.99997,1.08499,4,1,1,1,0,1,0.989992,0,18.3594,29.5834,30.3056,30.8334,1622,1500,1314.3,970,1304.38,96.3281,117.773,117.563,97.7578,110.813,591.737,34.5,7.348,4.94667,8.016,87.75,88.6275,89.4118,0,-0.28125,59.3529,6.75,6.75,6.75
12.367,0,0,0,0,1.33453,0.99997,1.08328,4,1,1,1,0,1,0.987306,0,18.3594,29.8611,30.3889,30.2778,1628.25,1490,1314.26,970,1306.99,96.3047,117.469,118.102,95.8594,110.109,591.737,34.5,7.308,4.96801,7.976,87.75,89.804,89.4118,0,0.0625,59.3529,6.75,6.75,6.75
12.4,0,0,0,0,1.33496,0.99997,1.08267,4,1,1,1,0,1,0.988527,0,18.3594,30.1111,30.4445,30.8611,1638,1500,1314.53,970,1309.65,96.4453,117.469,118.102,96.7031,111.117,591.737,34.5,7.304,4.94667,7.984,87.75,89.4118,89.4118,0,0.046875,59.3529,6.75,6.75,6.75
12.433,0,0,0,0,1.33649,0.99997,1.08118,4,1,1,1,0,1,0.983644,0,18.3594,30.0556,30.5,30.3889,1636.5,1500,1312.54,970,1312.3,96.2813,117.984,118.477,95.1094,110.859,591.737,34.5,7.272,4.92534,7.952,87.75,89.804,90.9804,0,-0.234375,59.3529,8.25,8.25,8.25
12.467,0,0,0,0,1.33765,0.99997,1.08054,4,1,1,1,0,1,0.987306,0,18.3594,30.1667,30.5556,31.0556,1642.25,1500,1316.6,970,1314.96,96.7266,118.242,118.617,97.4297,110.836,593.065,34.5,7.304,4.94134,7.984,87.75,91.3726,90.9804,0,-0.453125,59.3529,8.25,8.25,8.25
12.5,0,0,0,0,1.34046,0.99997,1.07904,4,1,1,1,0,1,0.986085,0,18.3594,30.3334,31.5,30.8056,1645.75,1500,1315.86,970,1317.58,96.6563,118.242,118.617,96.2344,111.188,593.065,34.5,7.28,4.93067,7.948,88.5,90.9804,90.9804,0,-0.40625,59.3529,8.25,8.25,8.25
12.533,0,0,0,0,1.33887,0.99997,1.0784,4,1,1,1,0,1,0.989992,0,18.3594,30.4445,31.4722,31.5556,1659.5,1500,1319.96,970,1320.23,97.0781,118.453,119.039,97.9219,111.422,593.065,34.5,7.324,4.94401,7.992,88.5,90.9804,91.7647,0,-0.15625,59.3529,8.25,8.25,8.25
12.567,0,0,0,0,1.3429,0.99997,1.07675,4,1,1,1,0,1,0.989992,0,19.1406,30.6945,31.5556,31.3334,1661.75,1520,1318.52,970,1328.13,96.9609,118.945,119.695,96.7266,112.383,593.065,34.5,7.288,4.94667,7.956,88.5,92.1569,91.7647,0,-0.046875,59.713,8.25,8.25,7.5
12.6,0,0,0,0,1.33698,0.99997,1.07611,4,1,1,1,0,1,0.989992,0,19.1406,30.9167,31.4445,32.0556,1661.75,1520,1323.83,970,1325.51,97.5469,118.945,119.695,99.9844,112.711,593.065,34.5,7.344,4.97601,8.012,87.75,91.7647,91.7647,0,-0.1875,59.713,6.75,6.75,7.5
12.633,0,0,0,0,1.34229,0.99997,1.07532,4,1,1,1,0,1,0.988527,0,19.9219,30.6945,31.5556,31.3334,1660.75,1540,1322.19,970,1330.78,97.3125,119.25,119.273,97.2656,114.398,593.065,34.5,7.316,4.97067,7.984,87.75,92.1569,92.9412,0,-0.359375,60.0716,7.5,7.5,8.25
12.667,0,0,0,0,1.34155,0.99997,1.07443,4,1,1,1,0,1,0.986085,0,19.9219,31.0834,31.5556,31.6667,1686.5,1540,1323.52,970,1333.44,97.6406,119.203,120.164,96.8203,114.164,594.647,34.5,7.34,4.96267,8.008,87.75,92.9412,92.9412,0,-0.375,60.0716,3.75,3.75,3.75
12.7,0,0,0,0,1.34326,0.99997,1.07349,4,1,1,1,0,1,0.987306,0,19.9219,31.25,32.5278,31.4722,1680.25,1540,1321.52,970,1336.09,97.4766,119.203,120.164,96.3047,114.211,594.647,34.5,7.304,4.94667,7.972,88.5,92.9412,92.9412,0,-0.296875,60.4317,6.75,6.75,6.75
12.733,0,0,0,0,1.34442,0.99997,1.07211,4,1,1,1,0,1,0.983644,0,20.3125,31.3889,32.7778,32.3334,1680.75,1540,1327.15,970,1341.37,97.5703,119.391,120.703,99.0703,114.281,594.647,34.5,7.292,4.97067,7.96,88.5,92.9412,94.5098,0,-0.046875,60.4317,8.25,8.25,9
12.767,0,0,0,0,1.34143,0.99997,1.07077,4,1,1,1,0,1,0.986085,0,20.3125,31.3889,32.8334,32.1389,1688.75,1540,1328.79,970,1343.98,97.6875,120.422,120.984,97.5938,114.164,594.647,34.5,7.304,4.94667,7.972,88.5,94.5098,94.5098,0,-0.078125,60.4317,8.25,8.25,8.25
12.8,0,0,0,0,1.3393,0.99997,1.0694,4,1,1,1,0,1,0.984865,0,20.3125,31.6111,32.8056,31.7778,1697.25,1550,1327.38,970,1346.64,97.6641,120.422,120.984,95.6719,114.844,594.647,34.5,7.28,4.93067,7.96,88.5,94.1177,94.5098,0,-0.484375,60.7919,7.5,7.5,7.5
12.833,0,0,0,0,1.33655,0.99997,1.06873,4,1,1,1,0,1,0.987306,0,21.0938,31.6111,32.6667,32.2778,1699.75,1560,1331.68,970,1349.3,98.0391,120.656,121.102,97.8516,115.852,594.647,34.5,7.308,4.95467,7.988,88.5,94.902,95.2942,0,-0.578125,60.7919,8.25,8.25,8.25
12.867,0,0,0,0,1.33563,0.99997,1.06696,4,1,1,1,0,1,0.986085,0,21.0938,31.8889,32.6667,32.9445,1708.5,1560,1334.26,970,1351.91,98.25,120.984,121.922,99.4688,115.688,596.053,34.5,7.32,4.94667,8,88.5,95.2942,95.2942,0,-0.359375,60.7919,8.25,8.25,8.25
12.9,0,0,0,0,1.33667,0.99997,1.06613,4,1,1,1,0,1,0.986085,0,21.0938,32.0278,32.6667,32.6667,1708,1560,1333.87,970,1354.57,98.4141,120.984,121.922,98.6484,115.922,596.053,33.75,7.336,4.97067,8.004,87.75,95.2942,95.2942,0,-0.015625,60.7919,8.25,8.25,8.25
12.933,0,0,0,0,1.33942,0.99997,1.06513,4,1,1,1,0,1,0.986085,0,21.0938,32.1945,32.6389,32.6667,1715.25,1560,1334.1,970,1359.8,98.4609,121.617,122.25,98.5781,116.203,596.053,33.75,7.328,4.96267,7.996,87.75,95.2942,96.4706,0,-0.296875,60.7919,8.25,8.25,8.25
12.967,0,0,0,0,1.3363,0.99997,1.06339,4,1,1,1,0,1,0.984865,0,21.0938,32.4167,33.5834,33.1389,1722,1570,1334.38,970,1359.84,98.6953,121.992,122.742,99.4219,116.672,596.053,33.75,7.336,4.95201,8.004,87.75,96.4706,96.4706,0,-0.421875,60.7919,7.5,7.5,7.5
13,0,0,0,0,1.3363,0.99997,1.06186,4,1,1,1,0,1,0.982423,0,21.0938,32.4722,33.5556,33.0834,1723.5,1580,1335.51,970,1362.46,98.7891,121.992,122.742,99.4688,117.984,596.053,33.75,7.336,4.97067,8.004,87.75,96.4706,96.4706,0,-0.59375,60.7919,8.25,8.25,7.5
13.033,0,0,0,0,1.33771,0.99997,1.06101,4,1,1,1,0,1,0.983644,0,21.0938,32.5278,33.5834,33.3611,1723.5,1580,1337.07,970,1367.73,98.9297,122.32,122.695,99.6797,117.68,596.053,33.75,7.336,4.97067,8.004,87.75,96.4706,97.6471,0,-0.28125,60.7919,8.25,8.25,7.5
13.067,0,0,0,0,1.3327,0.99997,1.05887,4,1,1,1,0,1,0.982423,0,21.0938,32.7222,33.5278,33.3056,1743.75,1570,1338.09,970,1367.77,99.1406,122.414,123.164,98.9063,116.906,597.596,33.75,7.336,4.96801,8.004,87.75,97.6471,97.6471,0,0.078125,60.7919,8.25,8.25,8.25
13.1,0,0,0,0,1.33325,0.99997,1.05789,4,1,1,1,0,1,0.984865,0,21.0938,33.0556,33.4722,33.5834,1746,1570,1339.14,970,1370.39,99.2109,122.414,123.164,99.8672,117.117,597.596,33.75,7.336,4.97067,8.004,88.5,97.6471,97.6471,0,-0.140625,60.7919,8.25,8.25,8.25
13.133,0,0,0,0,1.33759,0.99997,1.05615,4,1,1,1,0,1,0.982423,0,21.0938,33.1111,33.5278,33.3611,1748.75,1570,1339.53,970,1375.66,99.4219,122.906,123.844,98.9297,117.281,597.596,33.75,7.36,4.98134,8.028,88.5,97.6471,99.2157,0,-0.4375,60.7919,8.25,8.25,8.25
13.167,0,0,0,0,1.33258,0.99997,1.05493,4,1,1,1,0,1,0.983644,0,21.0938,33.1667,33.5556,34,1751,1570,1341.68,970,1373.05,99.6094,123.398,123.961,100.805,117.234,597.596,33.75,7.364,4.97867,8.032,88.5,99.2157,99.2157,0,-0.359375,60.7919,8.25,8.25,8.25
13.2,0,0,0,0,1.33417,0.99997,1.05359,4,1,1,1,0,1,0.982423,0,21.0938,33.2222,33.6111,33.6389,1752.5,1570,1338.59,970,1375.7,99.4219,123.398,123.961,99.3984,117.68,597.596,33.75,7.292,4.93867,7.96,87.75,99.6079,99.2157,0,-0.390625,60.7919,8.25,8.25,8.25
13.233,0,0,0,0,1.33545,0.99997,1.05316,4,1,1,1,0,1,0.988527,0,21.0938,33.2778,33.6111,33.8611,1766.25,1580,1337.89,970,1378.36,99.4453,123.563,124.219,99.1406,118.102,597.596,33.75,7.288,4.93334,7.956,87.75,99.2157,99.6079,0,-0.203125,60.7919,8.25,8.25,8.25
13.267,0,0,0,0,1.33984,0.99997,1.05173,4,1,1,1,0,1,0.992677,0,21.0938,33.6389,34.6111,34.1389,1771.75,1570,1337.73,970,1383.63,99.4453,123.961,125.086,99.5625,117.938,599.412,33.75,7.272,4.92534,7.94,87.75,99.6079,99.6079,0,-0.453125,60.7919,8.25,8.25,8.25
13.3,0,0,0,0,1.33368,0.99997,1.0513,4,1,1,1,0,1,0.992677,0,21.0938,33.75,34.5,34.4722,1771.5,1570,1340.94,970,1380.98,99.8906,123.961,125.086,101.25,118.148,599.412,33.75,7.328,4.96267,8.008,87.75,99.6079,99.6079,0,-0.421875,60.7919,9,9,9.75
13.333,0,0,0,0,1.33466,0.99997,1.05112,4,1,1,1,0,1,0.992677,0,21.0938,33.9167,34.5278,35,1783.5,1580,1346.05,970,1383.63,100.359,124.617,125.273,101.906,118.406,599.412,33.75,7.4,4.98667,8.08,87.75,99.6079,100,0,-0.40625,60.7919,7.5,7.5,7.5
13.367,0,0,0,0,1.33801,0.99997,1.05142,4,1,1,1,0,1,0.998537,0,21.0938,34.0556,34.6111,35.3056,1790,1570,1348.01,970,1388.91,100.523,124.969,126.07,102.445,118.242,599.412,33.75,7.404,4.99467,8.084,87.75,100,100,0,0.015625,60.7919,6.75,6.75,6.75
13.4,0,0,0,0,1.33881,0.99997,1.05136,4,1,1,1,0,1,1.00171,0,21.0938,34.4445,34.6389,34.5834,1792.5,1580,1347.58,970,1388.91,100.688,124.969,126.07,100.078,118.969,599.412,33.75,7.416,5.02401,8.104,88.5,100,100,0,-0.046875,60.7919,8.25,8.25,8.25
13.433,0,0,0,0,1.33807,0.99997,1.05139,4,1,1,1,0,1,1.00366,0,21.0938,34.5,34.6389,36.0834,1798,1580,1353.75,970,1388.91,101.25,125.602,126.375,104.508,119.25,599.412,33.75,7.484,5.02401,8.172,88.5,100,100,0,-0.515625,60.7919,8.25,8.25,8.25
13.467,0,0,0,0,1.34424,0.99997,1.05087,4,1,1,1,0,1,0.998537,0,21.0938,34.6945,34.8334,35.3056,1795.25,1580,1354.8,970,1391.56,101.344,125.789,126.352,101.531,119.227,601.073,33.75,7.476,5.06667,8.164,88.5,100,100,0,-0.453125,60.7919,8.25,8.25,8.25
13.5,0,0,0,0,1.34644,0.99997,1.05148,4,1,1,1,0,1,1,0,21.0938,34.9167,34.8334,35.5556,1805.5,1590,1355.35,970,1394.18,101.414,125.789,126.352,102.188,119.695,601.073,33.75,7.492,5.07467,8.16,88.5,100,100,0,-0.59375,60.7919,8.25,8.25,8.25
13.533,0,0,0,0,1.34577,0.99997,1.051,4,1,1,0.982668,0,1,0.997072,0,21.0938,35.0834,35.75,35.6111,1816,1590,1355.78,970,1394.18,101.695,126.023,127.359,102.141,119.859,601.073,33.75,7.512,5.06401,8.18,88.5,100,100,0,-0.15625,60.7919,8.25,8.25,8.25
13.567,0,0,0,0,1.34522,0.99997,1.05069,4,1,1,0.981203,0,1,0.997072,0,21.0938,35.25,35.75,35.8611,1817,1580,1356.68,970,1396.84,101.789,126.797,127.523,102.891,119.813,601.073,33.75,7.516,5.08534,8.184,88.5,100,100,0,-0.296875,60.7919,8.25,8.25,8.25
13.6,0,0,0,0,1.34705,0.99997,1.04871,4,1,1,0.981203,0,0.981203,0.987306,0,21.0938,35.5556,35.8056,36.1667,1829.75,1580,1357.7,970,1399.49,101.93,126.797,127.523,102.68,119.859,601.073,33.75,7.532,5.10401,8.212,88.5,100,100,0,-0.171875,60.7919,8.25,8.25,8.25
13.633,0,0,0,0,1.34692,0.99997,1.04807,4,1,1,0.979982,0,0.981203,0.983644,0,21.0938,35.5,35.7778,36.0278,1828.25,1580,1358.91,970,1399.49,102.188,127.055,128.063,102.75,120.023,601.073,33.75,7.688,5.19201,8.368,88.5,100,100,0,-0.46875,60.7919,8.25,8.25,7.5
13.667,0,0,0,0,1.34961,0.99997,1.04681,4,1,1,0.97925,0,0.981203,0.987306,0,21.0938,35.6667,35.9167,35.7223,1833,1580,1357.58,970,1402.11,102.094,127.5,128.367,100.594,119.977,602.83,33.75,7.644,5.20801,8.324,88.5,100,100,0,-0.453125,60.7919,8.25,8.25,7.5
13.7,0,0,0,0,1.34827,0.99997,1.04514,4,1,1,0.97925,0,0.97925,0.987306,0,21.0938,36.0278,35.7223,36.2778,1845.75,1570,1360.47,970,1402.11,102.422,127.5,128.367,103.172,119.438,602.83,33.75,7.672,5.20001,8.352,88.5,100,100,0,0.046875,60.7919,8.25,8.25,7.5
13.733,0,0,0,0,1.35083,0.99997,1.04294,4,1,1,0.978517,0,0.97925,0.979982,0,21.0938,35.9723,36.75,36.7223,1851.25,1580,1359.1,970,1404.77,102.516,127.898,129.094,102.984,119.883,602.83,33.75,7.68,5.18667,8.36,88.5,100,100,0,-0.140625,60.7919,9,9,8.25
13.767,0,0,0,0,1.34918,0.99997,1.04288,4,1,1,0.978273,0,0.97925,0.973634,0,21.0938,36.25,36.6667,37.0278,1849,1570,1361.72,970,1407.34,102.75,128.438,129.234,104.648,119.227,602.83,33.75,7.7,5.22134,8.38,88.5,100,100,0,-0.3125,60.7919,9,9,8.25
13.8,0,0,0,0,1.35156,0.99997,1.04215,4,1,1,0.978273,0,0.978273,0.971193,0,21.0938,36.4167,36.6389,36.3056,1857.25,1570,1361.72,970,1410,102.797,128.438,129.234,102.422,119.484,602.83,33.75,7.676,5.20267,8.356,88.5,100,100,0,-0.4375,60.7919,9,9,9
13.833,0,0,0,0,1.35242,0.99997,1.04114,4,1,1,0.977785,0,0.978273,0.967287,0,21.0938,36.3611,36.6667,36.7778,1863.75,1570,1360.63,970,1412.7,102.844,128.648,129.703,103.102,119.859,602.83,33.75,7.684,5.19467,8.364,88.5,100,100,0,0.0625,60.7919,9,9,9
13.867,0,0,0,0,1.3501,0.99997,1.04047,4,1,1,0.977541,0,0.978273,0.964845,0,21.0938,36.8334,36.7223,37.25,1875.25,1570,1362.5,970,1410.04,103.266,129.234,130.664,103.688,119.742,604.823,33.75,7.716,5.20801,8.396,88.5,100,100,0,-0.109375,60.7919,9,9,9
13.9,0,0,0,0,1.35388,0.99997,1.03925,4,1,1,0.977541,0,0.977541,0.963625,0,21.0938,37.0556,36.8334,36.9167,1878.25,1570,1362.3,970,1412.66,103.289,129.234,130.664,102.258,119.977,604.823,33.75,7.7,5.23734,8.368,87.75,100,100,0,-0.390625,60.7919,9,9,9
13.933,0,0,0,0,1.35419,0.99997,1.03781,4,1,1,0.977296,0,0.977541,0.961183,0,21.0938,37,36.8611,37.4167,1880.5,1580,1362.89,970,1412.7,103.336,129.984,130.945,103.711,120.492,604.823,33.75,7.696,5.21867,8.364,87.75,100,100,0,-0.6875,60.7919,9,9,9
13.967,0,0,0,0,1.35486,0.99997,1.03601,4,1,1,0.977296,0,0.977541,0.963625,0,21.0938,37.2223,37.75,37.25,1889.5,1580,1362.54,970,1412.7,103.43,130.289,131.414,102.961,121.055,604.823,33.75,7.68,5.21867,8.348,87.75,100,100,0,-0.5,60.7919,9,9,9
14,0,0,0,0,1.35333,0.99997,1.03375,4,1,1,0.977296,0,0.977296,0.958498,0,21.0938,37.3611,37.6945,37.4167,1889.5,1590,1363.95,970,1412.7,103.688,130.289,131.414,103.594,121.688,604.823,33.75,7.692,5.21601,8.36,87.75,100,100,0,-0.25,60.7919,9,9,9
14.033,0,0,0,0,1.35523,0.99997,1.03336,4,1,1,0.973146,0,0.977296,0.964845,0,21.0938,37.4167,37.75,37.4445,1895.25,1590,1364.22,970,1415.31,103.758,130.641,131.531,103.031,121.992,604.823,33.75,7.688,5.22401,8.356,87.75,100,100,0,0.109375,60.7919,9,9,9
14.067,0,0,0,0,1.35071,0.99997,1.03269,4,1,1,0.970216,0,0.977296,0.976076,0,21.0938,37.6389,37.7223,37.3611,1909.25,1590,1360.35,970,1412.7,103.477,130.969,132.492,102.258,121.781,606.678,33.75,7.648,5.20534,8.316,87.75,100,100,0,-0.4375,60.7919,9,9,9
14.1,0,0,0,0,1.35541,0.99997,1.03204,4,1,1,0.970216,0,0.970216,0.978517,0,21.0938,37.9167,37.75,38.0834,1914.75,1590,1361.99,970,1417.97,103.852,130.969,132.492,103.383,122.109,606.678,33.75,7.696,5.21867,8.364,88.5,100,100,0,-0.34375,60.7919,9,9,9
14.133,0,0,0,0,1.35413,0.99997,1.03201,4,1,1,0.967775,0,0.970216,0.978517,0,21.0938,37.8056,37.75,38.2223,1918,1580,1358.2,970,1417.97,103.641,131.695,132.727,103.945,121.711,606.678,33.75,7.716,5.22934,8.384,88.5,100,100,0,-0.265625,60.7919,8.25,8.25,8.25
14.167,0,0,0,0,1.35669,0.99997,1.03302,4,1,1,0.966066,0,0.970216,0.979982,0,21.0938,37.9723,37.8056,38.1389,1921,1580,1360.63,970,1417.97,103.922,131.906,132.867,103.875,121.711,606.678,33.75,7.744,5.24534,8.412,88.5,100,100,0,0,60.7919,9,9,8.25
14.2,0,0,0,0,1.35736,0.99997,1.0329,4,1,1,0.966066,0,0.966066,0.976076,0,21.0938,38.1667,38.6667,39.0278,1930,1580,1362.93,970,1417.97,104.133,131.906,132.867,105.914,121.781,606.678,33.75,7.792,5.24801,8.48,87.75,99.6079,100,0,-0.25,60.7919,9.75,9.75,8.25
14.233,0,0,0,0,1.35974,0.99997,1.03284,4,1,1,0.960939,0,0.966066,0.972414,0,21.0938,38.3889,38.7223,39.1667,1942.25,1580,1362.54,970,1420.59,104.625,132.68,133.945,105.07,121.922,606.678,33.75,7.856,5.27201,8.544,87.75,99.2157,100,0,-0.390625,60.7919,9.75,9.75,9
14.267,0,0,0,0,1.35675,0.99997,1.03284,4,1,1,0.957033,0,0.966066,0.971193,0,21.0938,38.8611,38.7223,38.75,1944,1570,1360.74,970,1417.97,104.531,133.195,134.367,104.109,121.195,608.494,33.75,7.84,5.32801,8.528,87.75,100,100,0,-0.234375,60.7919,9,9,9
14.3,0,0,0,0,1.36127,0.99997,1.03171,4,1,1,0.957033,0,0.957033,0.966066,0,21.0938,38.6945,38.7223,38.6111,1941.25,1570,1359.14,970,1423.24,104.531,133.195,134.367,103.945,122.039,608.494,33.75,7.82,5.30667,8.488,88.5,100,100,0,-0.140625,60.7919,9.75,9.75,11.25
14.333,0,0,0,0,1.36023,0.99997,1.03201,4,1,1,0.954103,0,0.957033,0.963625,0,21.0938,38.6945,38.75,38.9167,1946.5,1580,1357.34,970,1423.24,104.414,133.5,134.367,104.156,122.555,608.494,33.75,7.868,5.34134,8.536,88.5,100,100,0,0.03125,60.7919,10.5,10.5,10.5
14.367,0,0,0,0,1.35877,0.99997,1.03061,4,1,1,0.951906,0,0.957033,0.956056,0,21.0938,39.0278,38.6945,39.2223,1961.75,1580,1354.49,970,1423.2,104.461,133.805,135.445,104.414,122.32,608.494,33.75,7.844,5.32001,8.512,88.5,100,100,0,-0.546875,60.7919,9,9,9
14.4,0,0,0,0,1.35681,0.99997,1.0293,4,1,1,0.951906,0,0.951906,0.951173,0,21.0938,39.0834,39.5556,39.0556,1964.25,1570,1352.3,970,1420.63,104.32,133.805,135.445,104.484,121.992,608.494,33.75,7.856,5.30401,8.536,87.75,100,100,0,-0.4375,60.7919,10.5,10.5,10.5
14.433,0,0,0,0,1.35962,0.99997,1.02966,4,1,1,0.944337,0,0.951906,0.949953,0,21.0938,39.1945,39.6389,39.1389,1967,1560,1352.58,970,1425.86,104.414,134.625,135.539,103.289,121.734,608.494,33.75,7.864,5.33867,8.544,87.75,99.2157,100,0,-0.296875,60.7919,9.75,9.75,9.75
14.467,0,0,0,0,1.35712,0.99997,1.0289,4,1,1,0.938722,0,0.951906,0.966066,0,21.0938,39.1945,39.5,39.1945,1971.25,1560,1352.34,970,1425.86,104.414,134.766,135.891,104.109,121.664,610.448,33.75,7.856,5.33601,8.536,87.75,100,100,0,-0.109375,60.7919,9.75,9.75,9.75
14.5,0,0,0,0,1.35028,0.99997,1.02972,4,1,1,0.938722,0,0.938722,0.982423,0,21.0938,39.3056,39.4723,39.7778,1970.5,1580,1352.34,970,1420.66,104.508,134.766,135.891,105.891,123.141,610.448,33.75,7.868,5.34134,8.536,88.5,100,100,0,-0.578125,60.7919,9,9,9.75
14.533,0,0,0,0,1.35614,0.99997,1.03278,4,1,1,0.934572,0,0.938722,0.995607,0,21.0938,39.5,39.4723,38.9445,1988.75,1580,1349.61,970,1425.86,104.438,135.164,136.383,102.586,123.141,610.448,33.75,7.988,5.42134,8.656,88.5,100,100,0,-0.40625,60.7919,9,9,9
14.567,0,0,0,0,1.35742,0.99997,1.03711,4,1,1,0.931398,0,0.938722,1,0,21.0938,39.6111,39.5834,39.8334,1993,1580,1346.76,970,1428.52,104.391,135.703,137.156,103.547,123.117,610.448,33.75,8.028,5.43201,8.696,88.5,100,100,0,-0.15625,60.7919,9,9,9
14.6,0,0,0,0,1.35462,0.99997,1.04212,4,1,1,0.931398,0,0.931398,1.00171,0,21.0938,39.7778,39.5,39.9723,1999.5,1570,1345.63,970,1425.9,104.344,135.703,137.156,104.391,122.813,610.448,33.75,8.12,5.51201,8.816,88.5,100,100,0,0.21875,60.7919,9,9,9
14.633,0,0,0,0,1.35571,0.99997,1.04883,4,1,1,0.928957,0,0.931398,1,0,21.0938,39.9445,40.4445,40.5556,2007.25,1580,1348.16,970,1425.9,104.672,136.383,137.906,105.703,123.328,610.448,33.75,8.2,5.52534,8.896,88.5,100,100,0,-0.1875,60.7919,9,9,9
14.667,0,0,0,0,1.35419,0.99997,1.05444,4,1,1,0.927248,0,0.931398,0.989992,0,21.0938,40.0834,40.3889,40.1389,2012.25,1570,1350.55,970,1423.28,104.906,136.969,137.977,105.234,123.281,612.166,33.75,8.264,5.59734,8.96,88.5,100,100,0,-0.6875,60.7919,9.75,9.75,9.75
14.7,0,0,0,0,1.35864,0.99997,1.05982,4,1,1,0.927248,0,0.927248,0.987306,0,21.0938,40.3056,40.5278,40.5834,2021,1570,1350.9,970,1428.48,104.953,136.969,137.977,104.484,123.281,612.166,33.75,8.344,5.63467,9.012,88.5,100,100,0,-0.359375,60.7919,10.5,10.5,10.5
14.733,0,0,0,0,1.35571,0.99997,1.06409,4,1,1,0.921876,0,0.927248,0.986085,0,21.0938,40.4723,40.4167,41.1945,2025.75,1580,1352.27,970,1425.9,105.328,137.344,138.844,106.594,123.773,612.166,33.75,8.432,5.67734,9.1,88.5,100,100,0,-0.015625,60.7919,10.5,10.5,10.5
14.767,0,0,0,0,1.36365,0.99997,1.06885,4,1,1,0.91797,0,0.927248,0.978517,0,21.0938,40.7223,40.5278,40.2778,2025.5,1580,1352.54,970,1431.17,105.375,137.883,139.008,103.5,123.75,612.166,33.75,8.452,5.76267,9.12,88.5,100,100,0,-0.078125,60.7919,10.5,10.5,10.5
14.8,0,0,0,0,1.357,0.99997,1.07248,4,1,1,0.91797,0,0.91797,0.978517,0,21.0938,40.7778,40.4445,40.6667,2031.5,1580,1351.25,970,1425.9,105.281,137.883,139.008,105.258,124.055,612.166,33.75,8.468,5.74934,9.136,88.5,100,100,0,-0.484375,60.7919,10.5,10.5,10.5
14.833,0,0,0,0,1.36017,0.99997,1.07544,4,1,1,0.91504,0,0.91797,0.974855,0,21.0938,40.7778,40.5278,40.0278,2039.5,1590,1345.51,970,1428.52,104.836,138.047,139.43,102.516,124.547,612.166,33.75,8.536,5.81067,9.204,88.5,100,100,0,-0.25,60.7919,9.75,9.75,9.75
14.867,0,0,0,0,1.35931,0.99997,1.08005,4,1,1,0.912843,0,0.91797,0.968507,0,21.0938,40.9445,41.3056,41.0834,2052.75,1580,1343.87,970,1428.52,104.742,138.445,140.578,104.625,124.43,613.592,33.75,8.544,5.80534,9.212,88.5,100,100,0,-0.203125,60.7919,10.5,10.5,9.75
14.9,0,0,0,0,1.35785,0.99997,1.08203,4,1,1,0.912843,0,0.912843,0.957277,0,21.0938,40.8334,41.2223,40.6945,2051.25,1580,1340.31,970,1428.52,104.438,138.445,140.578,104.414,123.961,613.592,33.75,8.536,5.80534,9.204,88.5,100,100,0,-0.203125,60.7919,10.5,10.5,10.5
14.933,0,0,0,0,1.357,0.99997,1.08579,4,1,1,0.907472,0,0.912843,0.958498,0,21.0938,40.8889,41.0834,41.5834,2053.75,1580,1345.31,970,1428.52,104.859,139.594,140.438,107.156,124.313,613.592,33.75,8.644,5.85067,9.312,88.5,100,100,0,-0.203125,60.7919,10.5,10.5,10.5
14.967,0,0,0,0,1.35547,0.99997,1.08804,4,1,1,0.903078,0,0.912843,0.947267,0,21.0938,41.1111,41.1667,41.0834,2061.75,1580,1343.79,970,1425.9,104.766,139.477,141.094,104.859,124.266,613.592,33.75,8.664,5.89067,9.332,88.5,99.6079,100,0,-0.609375,60.7919,10.5,10.5,10.5
15,0,0,0,0,1.35773,0.99997,1.08972,4,1,1,0.903078,0,0.903078,0.938722,0,21.0938,41.3611,41.2223,41.1111,2072.75,1590,1340.98,970,1428.52,104.578,139.477,141.094,103.594,125.367,613.592,33.75,8.752,5.94934,9.42,88.5,100,100,0,-0.171875,60.7919,10.5,10.5,10.5
15.033,0,0,0,0,1.3551,0.99997,1.09198,4,1,1,0.900148,0,0.903078,0.93091,0,21.0938,41.3611,41.1389,41.8056,2077.75,1590,1343.59,970,1425.9,104.766,140.109,141.656,105.75,125.203,613.592,33.75,8.776,5.95734,9.444,88.5,100,100,0,-0.359375,60.7919,12,12,10.5
15.067,0,0,0,0,1.35675,0.99997,1.09311,4,1,1,0.897706,0,0.903078,0.929933,0,21.0938,41.6389,42.0556,41.9167,2086.75,1580,1342.89,970,1425.9,104.719,140.648,142.523,105.563,124.359,614.842,33.75,8.776,5.96534,9.444,88.5,100,100,0,-0.140625,60.7919,12,12,11.25
15.1,0,0,0,0,1.35278,0.99997,1.09296,4,1,1,0.897706,0,0.897706,0.922121,0,21.0938,41.6945,41.9167,42.25,2085,1590,1344.1,970,1423.24,104.836,140.648,142.523,107.156,125.039,614.842,33.75,8.836,6.01601,9.504,88.5,100,100,0,-0.34375,60.7919,12,12,11.25
15.133,0,0,0,0,1.354,0.99997,1.09476,4,1,1,0.890138,0,0.897706,0.916505,0,21.0938,41.6945,41.9445,41.9167,2089.5,1600,1343.87,970,1425.9,104.836,141.586,142.547,105.375,126.188,614.842,33.75,8.852,6.01601,9.52,88.5,99.6079,100,0,-0.34375,60.7919,11.25,11.25,10.5
15.167,0,0,0,0,1.357,0.99997,1.09418,4,1,1,0.884279,0,0.897706,0.912111,0,21.0938,41.8611,42.0278,41.6945,2103.25,1600,1337.38,970,1431.17,104.32,141.586,143.297,102.984,126.047,614.842,33.75,8.788,6.00001,9.456,88.5,100,100,0,-0.015625,60.7919,11.25,11.25,10.5
15.2,0,0,0,0,1.35108,0.99997,1.09393,4,1,1,0.884279,0,0.884279,0.904542,0,21.0938,41.9723,41.8611,42.1945,2104.75,1610,1339.38,970,1425.9,104.508,141.586,143.297,105.422,126.961,614.842,33,8.916,6.06934,9.596,88.5,100,100,0,-0.5,60.7919,11.25,11.25,10.5
15.233,0,0,0,0,1.35187,0.99997,1.09451,4,1,1,0.880128,0,0.884279,0.89673,0,21.0938,41.9723,41.8889,41.9445,2109.75,1610,1339.26,970,1425.9,104.508,142.336,143.625,104.461,126.961,614.842,33,8.948,6.08801,9.628,88.5,100,100,0,-0.234375,60.7919,11.25,11.25,11.25
15.267,0,0,0,0,1.35407,0.99997,1.09378,4,1,1,0.87671,0,0.884279,0.894533,0,21.0938,42.1667,41.9445,42.3056,2119.5,1610,1336.25,970,1428.52,104.273,142.664,144.375,104.531,126.797,615.799,33,8.896,6.06934,9.576,88.5,100,100,0,-0.09375,60.7919,11.25,11.25,11.25
15.3,0,0,0,0,1.3559,0.99997,1.09198,4,1,1,0.87671,0,0.87671,0.88672,0,21.0938,42.2223,41.9723,42.5,2124.25,1620,1334.45,970,1431.17,104.156,142.664,144.375,104.227,127.547,615.799,33,8.948,6.09067,9.616,88.5,100,100,0,0.078125,60.7919,11.25,11.25,11.25
15.333,0,0,0,0,1.35034,0.99997,1.09259,4,1,1,0.870607,0,0.87671,0.884523,0,21.0938,42.2778,42.6945,42.2223,2130.25,1620,1334.84,970,1425.9,104.203,143.438,144.867,104.602,127.875,615.799,33,8.956,6.08801,9.624,88.5,100,100,0,-0.484375,60.7919,11.25,11.25,11.25
15.367,0,0,0,0,1.34924,0.99997,1.09012,4,1,1,0.865724,0,0.87671,0.876222,0,21.0938,42.3334,42.6111,43.0834,2134,1620,1334.53,970,1428.52,104.203,143.93,145.242,105.82,127.781,615.799,33,8.924,6.06934,9.592,88.5,100,100,0,-0.75,60.7919,12,12,11.25
15.4,0,0,0,0,1.35217,0.99997,1.08945,4,1,1,0.865724,0,0.865724,0.874513,0,21.0938,42.6111,42.6945,42.9445,2138.5,1630,1337.15,970,1431.17,104.438,143.93,145.242,104.508,128.508,615.799,33,8.96,6.10401,9.628,88.5,100,100,0,0.109375,60.7919,12,12,11.25
15.433,0,0,0,0,1.35071,0.99997,1.08902,4,1,1,0.862306,0,0.865724,0.868898,0,21.0938,42.75,42.6389,42.8611,2144.75,1640,1338.05,970,1428.52,104.484,144.305,145.922,104.648,129.633,615.799,33,9.08,6.17867,9.748,88.5,100,100,0,0.0625,60.7919,11.25,11.25,10.5
15.467,0,0,0,0,1.35156,0.99997,1.08743,4,1,1,0.85962,0,0.865724,0.867189,0,21.0938,42.9167,42.6945,42.2223,2157.75,1640,1335.23,970,1428.52,104.32,145.008,146.602,102.563,129.539,616.893,33,9.044,6.17867,9.712,88.5,100,100,0,-0.625,60.7919,12,12,10.5
15.5,0,0,0,0,1.35114,0.99997,1.08588,4,1,1,0.85962,0,0.85962,0.861574,0,21.0938,42.9723,42.6667,43.0834,2159,1640,1336.37,970,1428.52,104.391,145.008,146.602,104.461,129.211,616.893,33,9.04,6.15467,9.708,88.5,100,100,0,-0.484375,60.7919,12,12,10.5
15.533,0,0,0,0,1.35162,0.99997,1.08435,4,1,1,0.857423,0,0.85962,0.855958,0,21.0938,43.0278,42.6945,42.9445,2163.5,1650,1333.83,970,1428.52,104.203,145.688,146.93,103.992,129.914,616.893,33,9.068,6.17867,9.736,88.5,100,100,0,-0.3125,60.7919,12,12,12
15.567,0,0,0,0,1.3512,0.99997,1.08295,4,1,1,0.855958,0,0.85962,0.853273,0,21.0938,43.1389,43.4723,43.25,2170.75,1640,1335.39,970,1428.52,104.367,146.063,147.352,104.32,129.82,616.893,33,9.076,6.18667,9.744,88.5,100,100,0,-0.0625,60.7919,12,12,12
15.6,0,0,0,0,1.35254,0.99997,1.08173,4,1,1,0.855958,0,0.855958,0.855958,0,21.0938,43.3056,43.5,43.5834,2183.5,1660,1332.97,970,1431.13,104.18,146.063,147.352,103.969,131.063,616.893,33,9.064,6.16001,9.76,88.5,100,100,0,-0.375,60.7919,11.25,11.25,10.5
15.633,0,0,0,0,1.3468,0.99997,1.08106,4,1,1,0.851076,0,0.855958,0.85132,0,21.0938,43.3889,43.3056,43.5,2185,1660,1335.7,970,1425.9,104.391,146.461,147.984,105.047,131.344,616.893,33,9.092,6.18934,9.788,88.5,100,100,0,-0.34375,60.7919,12,12,10.5
15.667,0,0,0,0,1.3515,0.99997,1.0791,4,1,1,0.847169,0,0.855958,0.849611,0,21.0938,43.5556,43.4723,43.8611,2189.75,1660,1340.74,970,1428.48,104.836,147.141,148.289,104.859,131.25,617.987,33,9.144,6.21601,9.84,88.5,100,100,0,-0.3125,60.7919,12,12,10.5
15.7,0,0,0,0,1.35577,0.99997,1.07788,4,1,1,0.847169,0,0.847169,0.847658,0,21.0938,43.7223,43.6111,43.8611,2196.75,1660,1336.09,970,1431.17,104.484,147.141,148.289,104.133,130.922,617.987,33,9.168,6.20267,9.848,88.5,100,100,0,-0.34375,60.7919,12,12,12
15.733,0,0,0,0,1.35291,0.99997,1.07681,4,1,1,0.844484,0,0.847169,0.842286,0,21.0938,43.9445,44.3889,43.5,2205.25,1680,1335.2,970,1428.52,104.414,147.422,149.18,103.523,132.844,617.987,33,9.14,6.24534,9.82,88.5,100,100,0,-0.484375,60.7919,12,12,11.25
15.767,0,0,0,0,1.34992,0.99997,1.07477,4,1,1,0.842286,0,0.847169,0.842286,0,21.0938,43.7223,44.2778,44.6945,2204.5,1680,1333.91,970,1428.52,104.344,148.336,149.273,106.875,132.82,617.987,33,9.112,6.19734,9.792,88.5,100,100,0,-0.46875,60.7919,12,12,11.25
15.8,0,0,0,0,1.34839,0.99997,1.07272,4,1,1,0.842286,0,0.842286,0.837648,0,21.0938,43.9445,44.3334,43.4167,2212.5,1680,1330.63,970,1428.52,104.086,148.336,149.273,102.75,133.031,617.987,33,9.076,6.18934,9.744,88.5,100,100,0,-0.109375,60.7919,12.75,12.75,11.25
15.833,0,0,0,0,1.35199,0.99997,1.07227,4,1,1,0.836915,0,0.842286,0.836671,0,21.0938,44.0834,44.25,44.25,2221.5,1700,1333.09,970,1433.83,104.273,148.453,149.977,104.25,134.391,617.987,33,9.152,6.23734,9.82,88.5,100,100,0,-0.0625,60.7919,12.75,12.75,12
15.867,0,0,0,0,1.34827,0.99997,1.06955,4,1,1,0.832765,0,0.842286,0.833009,0,21.0938,44.25,44.1667,44.3056,2225.5,1700,1331.84,970,1431.17,104.203,149.156,150.492,104.133,134.344,619.061,33,9.116,6.22134,9.784,88.5,100,100,0,-0.28125,60.7919,12.75,12.75,12
15.9,0,0,0,0,1.3548,0.99997,1.06885,4,1,1,0.832765,0,0.832765,0.833986,0,21.0938,44.25,44.4445,44.75,2229.25,1700,1335.27,970,1436.41,104.508,149.156,150.492,103.992,134.555,619.061,33,9.248,6.23734,9.916,88.5,100,100,0,-0.328125,60.7919,12.75,12.75,14.25
15.933,0,0,0,0,1.34973,0.99997,1.06833,4,1,1,0.829591,0,0.832765,0.833009,0,21.0938,44.6389,44.25,44.8056,2243.75,1710,1338.48,970,1431.17,104.766,149.695,150.938,104.625,135.633,619.061,33,9.28,6.31734,9.948,88.5,100,100,0,-0.09375,60.7919,8.25,8.25,8.25
15.967,0,0,0,0,1.35388,0.99997,1.06598,4,1,1,0.82715,0,0.832765,0.8313,0,21.0938,44.7778,45.2778,45.4445,2244.75,1710,1337.89,970,1433.83,104.719,150.141,151.688,105.891,135.445,619.061,33,9.244,6.29601,9.912,88.5,100,100,0,-0.515625,60.7919,12,12,12
16,0,0,0,0,1.35309,0.99997,1.06534,4,1,1,0.82715,0,0.82715,0.836671,0,21.0938,44.9445,45.25,44.9167,2248,1720,1338.52,970,1433.83,104.789,150.141,151.688,104.648,136.031,619.061,33,9.248,6.30401,9.916,88.5,100,100,0,-0.5625,60.7919,12.75,12.75,14.25
16.033,0,0,0,0,1.354,0.99997,1.06644,4,1,1,0.825441,0,0.82715,0.839601,0,21.0938,44.9445,45.2778,44.8334,2253.25,1730,1335.16,970,1436.45,104.531,150.914,152.016,103.945,136.922,619.061,33,9.284,6.33067,9.952,88.5,100,100,0,-0.25,60.7919,12,12,12
16.067,0,0,0,0,1.35315,0.99997,1.06534,4,1,1,0.82422,0,0.82715,0.837648,0,21.0938,45.1667,45.1111,45.0834,2263,1730,1337.46,970,1436.41,104.742,151.266,152.672,104.789,136.828,620.037,33,9.308,6.34401,9.976,88.5,100,100,0,-0.25,60.7919,13.5,13.5,12
16.1,0,0,0,0,1.35809,0.99997,1.06677,4,1,1,0.82422,0,0.82422,0.838624,0,21.0938,45.3056,45.3889,45.2223,2268,1730,1334.8,970,1441.72,104.531,151.266,152.672,102.891,136.875,620.037,33,9.324,6.34934,10.004,88.5,100,100,0,-0.1875,60.7919,14.25,14.25,14.25
16.133,0,0,0,0,1.35181,0.99997,1.06812,4,1,1,0.823243,0,0.82422,0.833986,0,21.0938,45.3611,45.1667,45.3611,2273.5,1730,1335.7,970,1436.41,104.625,151.922,153.188,104.438,137.086,620.037,33,9.356,6.36267,10.036,88.5,100,100,0,-0.71875,60.7919,14.25,14.25,14.25
16.167,0,0,0,0,1.35211,0.99997,1.06842,4,1,1,0.822511,0,0.82422,0.827638,0,21.0938,45.4167,45.1667,45.6389,2281,1730,1334.61,970,1436.45,104.555,152.484,153.75,105.07,137.016,620.037,33,9.344,6.35734,10.024,88.5,100,100,0,-0.390625,60.7919,14.25,14.25,14.25
16.2,0,0,0,0,1.36035,0.99997,1.06851,4,1,1,0.822511,0,0.822511,0.825685,0,21.0938,45.5278,46.0278,44.8611,2288,1740,1331.68,970,1444.34,104.32,152.484,153.75,102.914,137.578,620.037,33,9.32,6.35201,9.988,88.5,100,100,0,0.09375,60.7919,14.25,14.25,14.25
16.233,0,0,0,0,1.35938,0.99997,1.06888,4,1,1,0.822023,0,0.822511,0.824708,0,21.0938,45.4167,46.2223,45.6389,2291.5,1740,1328.59,970,1447.03,104.344,153.445,154.336,102.445,138,620.037,33,9.336,6.35201,10.004,88.5,100,100,0,-0.671875,60.7919,14.25,14.25,14.25
16.267,0,0,0,0,1.35236,0.99997,1.06796,4,1,1,0.821534,0,0.822511,0.822999,0,21.0938,45.8056,46,45.3056,2298.5,1740,1327.27,970,1441.76,104.25,153.68,154.711,102.844,137.953,621.092,33,9.32,6.37601,9.988,88.5,100,100,0,-0.40625,60.7919,14.25,14.25,14.25
16.3,0,0,0,0,1.34284,0.99997,1.06781,4,1,1,0.821534,0,0.821534,0.822999,0,21.0938,45.8056,45.6945,45.6389,2302.25,1750,1328.87,970,1433.83,104.391,153.68,154.711,105.188,138.75,621.092,33,9.344,6.35734,10.012,88.5,100,100,0,-0.171875,60.7919,14.25,14.25,14.25
16.333,0,0,0,0,1.34821,0.99997,1.06754,4,1,1,0.82129,0,0.821534,0.822023,0,21.0938,45.9723,45.7778,45.75,2306.5,1750,1328.63,970,1439.06,104.367,154.102,155.273,104.32,138.938,621.092,33,9.34,6.37067,10.008,88.5,100,100,0,-0.375,60.7919,13.5,13.5,14.25
16.367,0,0,0,0,1.34473,0.99997,1.06659,4,1,1,0.821046,0,0.821534,0.821046,0,21.0938,46.1667,45.9445,45.6667,2317.25,1750,1326.25,970,1436.45,104.203,154.688,155.93,102.398,139.477,621.092,33,9.324,6.37601,9.992,88.5,100,100,0,-0.578125,60.7919,13.5,13.5,15
16.4,0,0,0,0,1.34076,0.99997,1.06656,4,1,1,0.821046,0,0.821046,0.821046,0,21.0938,45.9723,45.5834,46,2322.75,1760,1324.53,970,1433.87,104.086,154.688,155.93,105.047,139.875,621.092,33,9.304,6.33067,9.972,88.5,100,100,0,-0.53125,60.7919,14.25,14.25,12.75
16.433,0,0,0,0,1.34967,0.99997,1.06638,4,1,1,0.820802,0,0.821046,0.817384,0,21.0938,46.0556,46.75,46.5834,2327.5,1760,1322.66,970,1441.76,103.945,155.391,156.305,104.414,139.641,621.092,33,9.284,6.32801,9.952,88.5,99.6079,100,0,-0.3125,60.7919,14.25,14.25,12.75
16.467,0,0,0,0,1.34827,0.99997,1.06534,4,1,1,0.820802,0,0.821046,0.815675,0,21.0938,46.3334,46.7223,46.25,2333.75,1750,1323.28,970,1441.76,104.039,155.766,156.938,103.547,139.547,622.03,33,9.284,6.34134,9.952,88.5,100,100,0,-0.109375,60.7919,15,15,15
16.5,0,0,0,0,1.34381,0.99997,1.06488,4,1,1,0.820802,0,0.820802,0.815675,0,21.0938,46.5556,46.6945,47.0278,2337.5,1760,1327.73,970,1436.45,104.391,155.766,156.938,104.977,140.227,622.03,33,9.328,6.36534,10.008,88.5,100,100,0,-0.4375,60.7919,15,15,15
16.533,0,0,0,0,1.34699,0.99997,1.06436,4,1,1,0.820558,0,0.820802,0.816408,0,21.0938,46.5556,46.6667,46.25,2343,1760,1324.57,970,1439.1,104.156,156.422,157.383,103.688,140.438,622.03,33,9.292,6.34401,9.972,88.5,100,100,0,-0.34375,60.7919,15,15,15
16.567,0,0,0,0,1.34699,0.99997,1.06394,4,1,1,0.820558,0,0.820802,0.819337,0,21.0938,46.8056,46.6667,46.4445,2356,1760,1323.71,970,1441.72,104.086,156.867,158.039,102.961,140.32,622.03,33,9.284,6.35201,9.964,88.5,100,100,0,-0.09375,60.7919,15,15,15
16.6,0,0,0,0,1.34961,0.99997,1.0625,4,1,1,0.820558,0,0.820558,0.814699,0,21.0938,46.6945,46.6945,46.5,2358.25,1770,1320.82,970,1444.38,103.875,156.867,158.039,103.031,140.859,622.03,33,9.248,6.31201,9.944,88.5,100,100,0,-0.359375,60.7919,15,15,15
16.633,0,0,0,0,1.34662,0.99997,1.06159,4,1,1,0.820558,0,0.820558,0.811036,0,21.0938,46.75,46.6389,46.8889,2363.25,1770,1321.88,970,1441.76,103.969,157.547,158.602,104.016,141.188,622.03,33,9.252,6.32001,9.948,88.5,100,100,0,-0.4375,60.7919,15,15,15
16.667,0,0,0,0,1.34998,0.99997,1.06094,4,1,1,0.820314,0,0.820558,0.811036,0,21.0938,47.0278,47.6667,46.9723,2370.25,1770,1326.91,970,1444.34,104.391,158.133,159.023,103.195,141.117,623.065,33,9.3,6.36267,9.996,88.5,100,100,0,-0.234375,60.7919,15,15,15
16.7,0,0,0,0,1.35889,0.99997,1.05982,4,1,1,0.820314,0,0.820314,0.811769,0,21.0938,47.1389,47.9723,47.3889,2376.75,1780,1321.45,970,1454.96,103.969,158.133,159.023,101.578,141.68,623.065,33,9.232,6.30401,9.912,88.5,100,100,0,-0.265625,60.7919,15,15,15
16.733,0,0,0,0,1.34668,0.99997,1.05838,4,1,1,0.820314,0,0.820314,0.811036,0,21.0938,47.3056,47.5556,47.25,2380.75,1790,1324.77,970,1444.38,104.227,158.578,159.75,104.813,142.289,623.065,33,9.256,6.31467,9.936,88.5,100,100,0,-0.59375,60.7919,15,15,15
16.767,0,0,0,0,1.3504,0.99997,1.05701,4,1,1,0.820314,0,0.820314,0.812745,0,21.0938,47.5,47.6667,47.1389,2388.5,1780,1330.55,970,1446.99,104.742,159.328,160.125,102.469,142.195,623.065,33,9.3,6.34667,9.98,88.5,100,100,0,-0.140625,60.7919,15,15,15
16.8,0,0,0,0,1.34662,0.99997,1.05643,4,1,1,0.820314,0,0.820314,0.811036,0,21.0938,47.8889,47.5278,47.4167,2395.25,1790,1330.35,970,1441.76,104.742,159.328,160.125,104.133,142.57,623.065,33,9.292,6.34401,9.972,88.5,100,100,0,-0.28125,60.7919,15.75,15.75,15
16.833,0,0,0,0,1.35071,0.99997,1.05566,4,1,1,0.820314,0,0.820314,0.811769,0,21.0938,48.0278,47.75,48.3056,2398.5,1800,1333.36,970,1444.38,104.977,159.727,160.805,104.648,143.156,623.065,33,9.312,6.36801,9.992,88.5,100,100,0,-0.140625,60.7919,15.75,15.75,15
16.867,0,0,0,0,1.35016,0.99997,1.05499,4,1,1,0.820314,0,0.820314,0.815675,0,21.0938,47.9445,48.6389,48.3056,2407.5,1790,1333.24,970,1444.38,104.977,160.406,161.156,105.258,143.109,624.119,33,9.292,6.33067,9.972,88.5,100,100,0,-0.6875,60.7919,15.75,15.75,15
16.9,0,0,0,0,1.35602,0.99997,1.05429,4,1,1,0.820314,0,0.820314,0.816408,0,21.0938,48.3056,48.8612,48.2778,2413.25,1800,1332.54,970,1449.65,104.953,160.406,161.156,103.758,143.438,624.119,33,9.292,6.34934,9.96,88.5,100,100,0,-0.625,60.7919,15.75,15.75,15
16.933,0,0,0,0,1.35315,0.99997,1.0538,4,1,1,0.820314,0,0.820314,0.817384,0,21.0938,48.5834,48.75,48.8334,2419.5,1810,1335.08,970,1446.99,105.164,160.781,162.023,105.445,144.023,624.119,33,9.316,6.36801,9.984,88.5,100,100,0,0.03125,60.7919,15.75,15.75,15.75
16.967,0,0,0,0,1.34912,0.99997,1.05441,4,1,1,0.820314,0,0.820314,0.823732,0,21.0938,48.4167,48.6111,48.4167,2424,1810,1335.82,970,1444.38,105.234,161.695,162.07,105,144.023,624.119,33,9.328,6.37601,9.996,88.5,100,100,0,-0.390625,60.7919,15.75,15.75,15.75
17,0,0,0,0,1.35602,0.99997,1.05499,4,1,1,0.820314,0,0.820314,0.827638,0,21.0938,48.5278,48.8612,48.2778,2430.75,1810,1328.63,970,1452.3,104.672,161.695,162.07,102.938,144.328,624.119,33,9.252,6.32001,9.92,88.5,100,100,0,-0.59375,60.7919,15.75,15.75,15.75
17.033,0,0,0,0,1.34906,0.99997,1.05463,4,1,1,0.820314,0,0.820314,0.822999,0,21.0938,48.6667,48.6111,49.0834,2439.75,1820,1332.58,970,1447.03,104.977,161.742,163.313,105.656,145.125,624.119,33,9.284,6.33067,9.952,88.5,100,100,0,-0.15625,60.7919,15.75,15.75,15.75
17.067,0,0,0,0,1.35742,0.99997,1.0564,4,1,1,0.820314,0,0.820314,0.824708,0,21.0938,49,48.8889,49.5,2443.75,1820,1334.77,970,1454.92,105.188,162.984,163.266,104.719,145.148,625.155,33,9.336,6.38134,10.004,88.5,100,100,0,-0.28125,60.7919,15.75,15.75,15.75
17.1,0,0,0,0,1.35425,0.99997,1.05676,4,1,1,0.820314,0,0.820314,0.823732,0,21.0938,49.1667,49.9445,49.6389,2445.75,1820,1336.68,970,1449.65,105.352,162.984,163.266,105.164,145.078,625.155,33,9.348,6.38934,10.028,88.5,100,100,0,-0.59375,60.7919,15.75,15.75,15.75
17.133,0,0,0,0,1.35541,0.99997,1.05628,4,1,1,0.820314,0,0.820314,0.817384,0,21.0938,49.3612,49.8612,49.7778,2451.25,1830,1338.48,970,1452.3,105.516,162.984,164.25,106.172,146.133,625.155,33,9.368,6.38934,10.048,88.5,100,100,0,-0.234375,60.7919,16.5,16.5,15.75
17.167,0,0,0,0,1.35883,0.99997,1.05679,4,1,1,0.820314,0,0.820314,0.819337,0,21.0938,49.8056,49.9723,49.5556,2464.5,1830,1343.2,970,1454.92,105.938,163.969,164.789,104.063,146.109,625.155,33,9.456,6.44801,10.136,88.5,100,100,0,-0.25,60.7919,16.5,16.5,15.75
17.2,0,0,0,0,1.35443,0.99997,1.05588,4,1,1,0.820314,0,0.820314,0.818361,0,21.0938,49.8056,49.8056,50.0278,2471.25,1830,1343.63,970,1449.65,105.961,163.969,164.789,106.664,146.039,625.155,33,9.44,6.43734,10.12,88.5,99.6079,100,0,-0.5,60.7919,16.5,16.5,15.75
17.233,0,0,0,0,1.35736,0.99997,1.05539,4,1,1,0.820314,0,0.820314,0.818361,0,21.0938,49.9723,49.9167,50.5278,2473.5,1840,1343.91,970,1452.3,105.984,164.508,165.305,107.086,146.906,625.155,33,9.436,6.43467,10.116,88.5,100,100,0,-0.421875,60.7919,16.5,16.5,15.75
17.267,0,0,0,0,1.36151,0.99997,1.05475,4,1,1,0.820314,0,0.820314,0.817384,0,21.0938,50.3334,49.9445,49.6112,2481.25,1840,1344.84,970,1454.96,106.078,165.047,165.797,104.227,146.836,626.268,33,9.444,6.46401,10.124,88.5,100,100,0,0,60.7919,16.5,16.5,15.75
17.3,0,0,0,0,1.35803,0.99997,1.05524,4,1,1,0.820314,0,0.820314,0.821046,0,21.0938,50.1667,51,50.7778,2484.25,1840,1344.61,970,1452.3,106.078,165.047,165.797,107.203,147.328,626.268,33,9.436,6.43201,10.132,88.5,100,100,0,-0.453125,60.7919,16.5,16.5,15.75
17.333,0,0,0,0,1.35852,0.99997,1.05475,4,1,1,0.820314,0,0.820314,0.818361,0,21.0938,50.3889,50.9445,51.0278,2490,1850,1347.03,970,1454.96,106.266,165.563,166.266,107.602,147.797,626.268,33,9.456,6.44267,10.152,88.5,100,100,0,-0.375,60.7919,16.5,16.5,15.75
17.367,0,0,0,0,1.35565,0.99997,1.05402,4,1,1,0.820314,0,0.820314,0.814699,0,21.0938,50.6112,50.8889,51.2778,2496.75,1850,1346.05,970,1454.96,106.219,166.031,166.852,107.859,147.68,626.268,33,9.448,6.45067,10.144,88.5,100,100,0,-0.09375,60.7919,16.5,16.5,15.75
17.4,0,0,0,0,1.35077,0.99997,1.05344,4,1,1,0.820314,0,0.820314,0.811036,0,21.0938,50.9723,50.7223,51.4723,2502.75,1850,1351.8,970,1449.65,106.711,166.031,166.852,108.75,148.195,626.268,33,9.488,6.47734,10.156,88.5,100,100,0,-0.0625,60.7919,16.5,16.5,15.75
17.433,0,0,0,0,1.35309,0.99997,1.05216,4,1,1,0.820314,0,0.820314,0.805421,0,21.0938,51.0834,50.8056,51.4167,2510.75,1860,1356.37,970,1449.61,107.086,166.641,167.25,107.555,148.57,626.268,33,9.524,6.48001,10.192,88.5,100,100,0,-0.6875,60.7919,16.5,16.5,15.75
17.467,0,0,0,0,1.36047,0.99997,1.04974,4,1,1,0.820314,0,0.820314,0.801759,0,21.0938,51.3889,51.0834,51.5556,2518.25,1860,1355.35,970,1452.3,106.992,167.086,167.883,106.641,148.5,627.283,33,9.488,6.50134,10.156,88.5,100,100,0,-0.203125,60.7919,16.5,16.5,15.75
17.5,0,0,0,0,1.36292,0.99997,1.04749,4,1,1,0.820314,0,0.820314,0.80005,0,21.0938,51.5556,50.8612,51.8056,2522.75,1860,1357.11,970,1454.92,107.156,167.086,167.883,108.07,149.133,627.283,33,9.456,6.47467,10.124,88.5,100,100,0,0.046875,60.7919,16.5,16.5,15.75
17.533,0,0,0,0,1.35718,0.99997,1.04562,4,1,1,0.820314,0,0.820314,0.801759,0,21.0938,51.4445,51.9723,51.4445,2529,1870,1352.11,970,1449.61,106.805,167.789,168.258,106.594,149.531,627.283,33,9.408,6.45067,10.076,88.5,100,100,0,-0.28125,60.7919,17.25,17.25,16.5
17.567,0,0,0,0,1.35407,0.99997,1.0437,4,1,1,0.820314,0,0.820314,0.812745,0,21.0938,51.5,51.8334,51.8612,2535,1870,1350.43,970,1449.65,106.688,168.258,168.75,108.398,149.484,627.283,33,9.356,6.38667,10.024,88.5,100,100,0,-0.546875,60.7919,17.25,17.25,16.5
17.6,0,0,0,0,1.35175,0.99997,1.04157,4,1,1,0.820314,0,0.820314,0.813722,0,21.0938,51.8334,51.7778,51.25,2540.25,1870,1351.25,970,1447.03,106.875,168.258,168.75,106.5,150.094,627.283,33,9.38,6.41334,10.076,88.5,100,100,0,-0.296875,60.7919,17.25,17.25,16.5
17.633,0,0,0,0,1.35675,0.99997,1.04123,4,1,1,0.820314,0,0.820314,0.813722,0,21.0938,51.8889,51.9445,52.25,2544.75,1880,1351.25,970,1452.3,106.969,168.75,169.172,107.016,150.609,627.283,33,9.376,6.41067,10.072,88.5,99.6079,100,0,-0.125,60.7919,17.25,17.25,16.5
17.667,0,0,0,0,1.3584,0.99997,1.04147,4,1,1,0.820314,0,0.820314,0.816408,0,21.0938,52.0278,52.0278,52.2223,2557,1880,1348.09,970,1454.96,106.852,169.266,169.852,106.594,150.516,628.475,33,9.364,6.39467,10.06,88.5,100,100,0,-0.734375,60.7919,17.25,17.25,16.5
17.7,0,0,0,0,1.35925,0.99997,1.04089,4,1,1,0.820314,0,0.820314,0.816408,0,21.0938,52.25,52,52.1112,2560.25,1880,1349.84,970,1454.96,106.992,169.266,169.852,106.172,151.43,628.475,33,9.376,6.41334,10.056,88.5,100,100,0,-0.296875,60.7919,17.25,17.25,16.5
17.733,0,0,0,0,1.35223,0.99997,1.04172,4,1,1,0.820314,0,0.820314,0.822999,0,21.0938,52.4167,52.5834,53.6112,2565,1900,1357.38,970,1447.03,107.695,169.828,170.18,110.789,153.211,628.475,33,9.46,6.42667,10.14,88.5,100,100,0,-0.171875,60.7919,17.25,17.25,16.5
17.767,0,0,0,0,1.35877,0.99997,1.04236,4,1,1,0.820314,0,0.820314,0.82837,0,21.0938,52.8334,53.3334,52.5556,2574,1900,1351.29,970,1452.3,107.227,170.273,170.789,103.664,153.047,628.475,33,9.444,6.48267,10.124,88.5,100,100,0,-0.5625,60.7919,17.25,17.25,16.5
17.8,0,0,0,0,1.36011,0.99997,1.04334,4,1,1,0.820314,0,0.820314,0.832033,0,21.0938,52.8889,52.9167,53.4445,2579.25,1920,1353.67,970,1454.96,107.531,170.273,170.789,108.609,154.852,628.475,33,9.472,6.46667,10.16,88.5,100,100,0,-0.5,60.7919,17.25,17.25,16.5
17.833,0,0,0,0,1.35584,0.99997,1.04459,4,1,1,0.820314,0,0.820314,0.8313,0,21.0938,53,52.7223,53.1667,2586.75,1940,1357.54,970,1449.65,107.93,170.789,171.117,108.188,156.141,628.475,33,9.524,6.48001,10.212,88.5,99.6079,100,0,-0.078125,60.7919,17.25,17.25,16.5
17.867,0,0,0,0,1.3551,0.99997,1.04688,4,1,1,0.820314,0,0.820314,0.829347,0,21.0938,53.1667,52.6945,53.3334,2596,1940,1354.26,970,1449.65,107.672,171.281,171.914,108.68,156.047,629.686,33,9.524,6.48801,10.212,88.5,100,100,0,-0.5625,60.7919,17.25,17.25,16.5
17.9,0,0,0,0,1.35571,0.99997,1.04755,4,1,1,0.820314,0,0.820314,0.824708,0,21.0938,53.5278,52.7223,53.8612,2595,1950,1356.99,970,1449.65,108.047,171.281,171.914,109.219,157.805,629.686,33,9.568,6.50934,10.248,88.5,100,100,0,-0.515625,60.7919,17.25,17.25,16.5
17.933,0,0,0,0,1.36878,0.99997,1.04764,4,1,1,0.820314,0,0.820314,0.821046,0,21.0938,53.6389,53.1945,53.6112,2602,1980,1355.43,970,1460.23,107.953,171.867,172.102,106.195,159.68,629.686,33,9.592,6.53334,10.272,88.5,100,100,0,-0.078125,60.7919,17.25,17.25,16.5
17.967,0,0,0,0,1.36334,0.99997,1.04761,4,1,1,0.820314,0,0.820314,0.819337,0,21.0938,53.6945,53.8056,53.75,2615.5,1970,1356.48,970,1454.96,108.164,172.195,172.734,107.109,159.469,629.686,33,9.576,6.51734,10.256,88.5,100,100,0,-0.328125,60.7919,17.25,17.25,16.5
18,0,0,0,0,1.35364,0.99997,1.04749,4,1,1,0.820314,0,0.820314,0.819337,0,21.0938,53.9167,54.0278,54.2778,2618.25,1990,1353.59,970,1444.41,107.93,172.195,172.734,107.297,161.297,629.686,33,9.568,6.52267,10.248,88.5,100,100,0,-0.5625,60.7919,17.25,17.25,16.5
18.033,0,0,0,0,1.36633,0.99997,1.04721,4,1,1,0.820314,0,0.820314,0.822023,0,21.0938,54.2223,53.9445,54.6389,2623.75,2000,1359.34,970,1454.92,108.516,172.852,173.297,108.75,162.258,629.686,33,9.64,6.54134,10.32,88.5,100,100,0,-0.265625,60.7919,17.25,17.25,16.5
18.067,0,0,0,0,1.36786,0.99997,1.04779,4,1,1,0.820314,0,0.820314,0.832033,0,21.0938,54.4445,54,54.9167,2632.25,2000,1360.55,970,1454.96,108.727,173.414,173.883,109.359,162.141,630.858,33,9.672,6.57867,10.352,88.5,100,100,0,-0.203125,60.7919,17.25,17.25,16.5
18.1,0,0,0,0,1.357,0.99997,1.05002,4,1,1,0.820314,0,0.820314,0.839601,0,21.0938,54.9167,53.5834,54.9445,2639,2030,1364.3,970,1441.76,109.055,173.414,173.883,112.055,164.367,630.858,33,9.728,6.62134,10.396,88.5,100,100,0,-0.515625,60.7919,16.5,16.5,16.5
18.133,0,0,0,0,1.37482,0.99997,1.05124,4,1,1,0.820314,0,0.820314,0.834962,0,21.0938,54.9167,55.1112,54.5834,2640,2050,1359.26,970,1457.58,108.703,173.93,174.258,107.273,166.125,630.858,33,9.704,6.61334,10.372,88.5,100,100,0,-0.40625,60.7919,17.25,17.25,16.5
18.167,0,0,0,0,1.36267,0.99997,1.05328,4,1,1,0.820314,0,0.820314,0.82837,0,21.0938,55.0278,55.1112,54.75,2649.5,2040,1359.3,970,1444.41,108.727,174.328,174.703,107.086,166.055,630.858,33,9.72,6.62934,10.388,88.5,100,100,0,-0.078125,60.7919,17.25,17.25,16.5
18.2,0,0,0,0,1.3761,0.99997,1.05496,4,1,1,0.820314,0,0.820314,0.824708,0,21.0938,55.1945,55.1667,55.5278,2658.25,2060,1358.09,970,1460.2,108.703,174.328,174.703,107.438,167.789,630.858,33,9.732,6.62134,10.412,88.5,100,100,0,-0.40625,60.7919,16.5,16.5,16.5
18.233,0,0,0,0,1.36823,0.99997,1.05484,4,1,1,0.820314,0,0.820314,0.817384,0,21.0938,55.0834,54.8612,56.5834,2660.5,2080,1363.87,970,1452.3,109.266,174.75,175.125,111.516,169.172,630.858,33,9.792,6.60801,10.472,88.5,100,100,0,-0.546875,60.7919,17.25,17.25,16.5
18.267,0,0,0,0,1.3725,0.99997,1.05429,4,1,1,0.820314,0,0.820314,0.815675,0,21.0938,55.6667,55.0278,56.0278,2670,2080,1367.15,970,1452.3,109.547,175.266,175.781,109.852,169.078,632.244,33,9.828,6.68001,10.508,88.5,100,100,0,0.09375,60.7919,17.25,17.25,16.5
18.3,0,0,0,0,1.37879,0.99997,1.05374,4,1,1,0.820314,0,0.820314,0.82007,0,21.0938,56.0834,55.2778,56.6667,2677.75,2090,1369.61,970,1454.96,109.875,175.266,175.781,110.813,170.32,632.244,33,9.86,6.69068,10.54,88.5,100,100,0,-0.078125,60.7919,17.25,17.25,16.5
18.333,0,0,0,0,1.37793,0.99997,1.05328,4,1,1,0.820314,0,0.820314,0.825685,0,21.0938,56.1945,55.25,55.9723,2682.25,2110,1374.65,970,1452.3,110.367,175.852,176.203,109.758,172.219,632.244,33,9.9,6.70401,10.58,88.5,100,100,0,-0.4375,60.7919,17.25,17.25,16.5
18.367,0,0,0,0,1.38861,0.99997,1.05389,4,1,1,0.820314,0,0.820314,0.82837,0,21.0938,56.7223,56.4723,57.8056,2691.75,2110,1379.77,970,1457.58,110.789,176.391,176.906,111.563,172.195,632.244,33,9.984,6.77068,10.664,88.5,100,100,0,0.109375,60.7919,17.25,17.25,16.5
18.4,0,0,0,0,1.39679,0.99997,1.05481,4,1,1,0.820314,0,0.820314,0.827638,0,21.0938,57.1112,56.8056,57.6112,2695.75,2130,1380.74,970,1462.89,111,176.391,176.906,109.922,173.906,632.244,33,10.016,6.81601,10.696,88.5,100,100,0,-0.109375,60.7919,17.25,17.25,16.5
18.433,0,0,0,0,1.38336,0.99997,1.05539,4,1,1,0.820314,0,0.820314,0.822999,0,21.0938,57.3056,56.25,57.3334,2700.5,2150,1384.96,970,1447.07,111.398,176.93,177.117,113.367,175.711,632.244,33,10.064,6.84001,10.744,88.5,100,100,0,-0.453125,60.7919,17.25,17.25,16.5
18.467,0,0,0,0,1.38202,0.99997,1.05768,4,1,1,0.820314,0,0.820314,0.830324,0,21.0938,57.8056,56.2223,58.2778,2711.75,2150,1394.61,970,1444.38,112.195,177.328,177.938,114.727,175.617,633.631,33,10.224,6.88268,10.904,88.5,100,100,0,0.09375,60.7919,17.25,17.25,16.5
18.5,0,0,0,0,1.40521,0.99997,1.05899,4,1,1,0.820314,0,0.820314,0.836671,0,21.0938,58,57.1667,58.5556,2716.75,2170,1389.34,970,1462.89,111.867,177.328,177.938,110.953,177.328,633.631,33,10.164,6.91468,10.832,88.5,100,100,0,-0.015625,60.7919,17.25,17.25,16.5
18.533,0,0,0,0,1.41004,0.99997,1.05966,4,1,1,0.820314,0,0.820314,0.833986,0,21.0938,58.0556,57.3334,57.5834,2718.75,2170,1383.13,970,1465.51,111.398,178.008,178.313,108.773,178.008,633.631,33,10.12,6.90668,10.788,88.5,100,100,0,-0.546875,60.7919,17.25,17.25,16.5
18.567,0,0,0,0,1.39472,0.99997,1.06015,4,1,1,0.820314,0,0.820314,0.817384,0,21.0938,57.8056,57.5278,58.5556,2729,2170,1386.05,970,1449.69,111.633,178.43,178.828,114.516,178.008,633.631,33,10.116,6.84001,10.784,88.5,100,100,0,-0.09375,60.7919,17.25,17.25,16.5
18.6,0,0,0,0,1.4057,0.99997,1.06073,4,1,1,0.820314,0,0.820314,0.813722,0,21.0938,58.5556,57.9723,58.3056,2739.5,2180,1388.59,970,1460.2,111.938,178.43,178.828,110.484,178.43,633.631,33,10.188,6.91468,10.868,88.5,100,100,0,0.171875,60.7919,17.25,17.25,16.5
18.633,0,0,0,0,1.39575,0.99997,1.05972,4,1,1,0.820314,0,0.820314,0.811036,0,21.0938,58.5556,57.5834,59.5556,2737.5,2180,1393.2,970,1447.07,112.406,178.922,179.32,116.555,178.922,633.631,33,10.224,6.92268,10.904,88.5,100,100,0,-0.5,60.7919,17.25,17.25,16.5
18.667,0,0,0,0,1.40027,0.99997,1.05795,4,1,1,0.820314,0,0.820314,0.811036,0,21.0938,58.6945,58.2778,59.0834,2748,2180,1389.65,970,1449.69,112.102,179.438,179.836,111.258,178.922,635.018,33,10.168,6.91468,10.848,88.5,100,100,0,-0.125,60.7919,17.25,17.25,16.5
18.7,0,0,0,0,1.40686,0.99997,1.0557,4,1,1,0.820314,0,0.820314,0.813722,0,21.0938,59.25,58.0556,59.5,2755.5,2190,1395.12,970,1452.3,112.664,179.438,179.836,114.352,179.438,635.018,33,10.208,6.93068,10.876,88.5,100,100,0,0.015625,60.7919,17.25,17.25,16.5
18.733,0,0,0,0,1.41803,0.99997,1.05527,4,1,1,0.820314,0,0.820314,0.819337,0,21.0938,59.0834,58.5,58.7778,2761.75,2190,1390.94,970,1462.85,112.406,180,180.445,110.156,180,635.018,33,10.176,6.92534,10.844,88.5,100,100,0,-0.28125,60.7919,17.25,17.25,16.5
18.767,0,0,0,0,1.42059,0.99997,1.0553,4,1,1,0.820314,0,0.820314,0.822999,0,21.0938,59.3334,59.5,59.3334,2773.75,2190,1392.34,970,1462.85,112.594,180.539,180.938,110.484,180,635.018,33,10.188,6.91201,10.856,88.5,100,100,0,-0.109375,60.7919,18,18,17.25
18.8,0,0,0,0,1.40973,0.99997,1.05576,4,1,1,0.820314,0,0.820314,0.822023,0,21.0938,59.5556,59.3889,59.3056,2772,2200,1392.58,970,1449.69,112.617,180.539,180.938,110.859,180.539,635.018,33,10.18,6.91468,10.868,88.5,99.6079,100,0,-0.015625,60.7919,18,18,17.25
18.833,0,0,0,0,1.41242,0.99997,1.05628,4,1,1,0.820314,0,0.820314,0.82007,0,21.0938,59.6112,59.1389,58.9167,2777.5,2200,1390.43,970,1452.3,112.5,181.031,181.383,112.336,181.031,635.018,33,10.164,6.89868,10.852,88.5,100,100,0,-0.546875,60.7919,18,18,17.25
18.867,0,0,0,0,1.41492,0.99997,1.05631,4,1,1,0.820314,0,0.820314,0.817384,0,21.0938,59.8889,59.25,59.1945,2792.5,2200,1388.79,970,1454.96,112.5,181.57,182.109,111.234,181.031,636.58,33,10.168,6.92801,10.856,88.5,100,100,0,-0.546875,60.7919,18,18,17.25
18.9,0,0,0,0,1.41248,0.99997,1.05634,4,1,1,0.820314,0,0.820314,0.815675,0,21.0938,59.8334,59.1667,59.9723,2798,2200,1386.64,970,1452.3,112.313,181.57,182.109,113.109,181.57,636.58,33,10.116,6.86134,10.796,88.5,100,100,0,0.21875,60.7919,18,18,17.25
18.933,0,0,0,0,1.40167,0.99997,1.05548,4,1,1,0.820314,0,0.820314,0.81006,0,21.0938,59.9723,59.3889,59.7223,2794.25,2210,1386.29,970,1439.14,112.336,182.109,182.297,111.094,182.109,636.58,33,10.108,6.88268,10.788,88.5,100,100,0,-0.359375,60.7919,18,18,17.25
18.967,0,0,0,0,1.4148,0.99997,1.05426,4,1,1,0.820314,0,0.820314,0.811036,0,21.0938,60.25,60.0834,60.8334,2807.5,2210,1391.48,970,1449.65,112.758,182.461,182.93,114.117,182.109,636.58,33,10.152,6.89601,10.832,88.5,100,100,0,-0.171875,60.7919,18,18,17.25
19,0,0,0,0,1.42438,0.99997,1.05249,4,1,1,0.820314,0,0.820314,0.812745,0,21.0938,60.5278,60.4723,61.3334,2813.5,2210,1389.02,970,1457.54,112.664,182.461,182.93,112.875,182.461,636.58,33,10.12,6.87468,10.8,88.5,100,100,0,-0.0625,60.7919,18,18,17.25
19.033,0,0,0,0,1.43097,0.99997,1.05112,4,1,1,0.820314,0,0.820314,0.812745,0,21.0938,60.6667,60.75,60.9723,2821.75,2220,1392.15,970,1462.85,113.016,183.023,183.539,110.648,183.023,636.58,33,10.176,6.89868,10.856,88.5,99.6079,100,0,-0.234375,60.7919,18,18,17.25
19.067,0,0,0,0,1.42035,0.99997,1.05023,4,1,1,0.820314,0,0.820314,0.811769,0,21.0938,61.0556,60.2778,61.4445,2834.25,2220,1394.53,970,1449.69,113.32,183.703,184.008,114.492,183.023,638.221,33,10.196,6.92268,10.876,88.5,99.6079,100,0,-0.15625,60.7919,18,18,17.25
19.1,0,0,0,0,1.41681,0.99997,1.04953,4,1,1,0.820314,0,0.820314,0.811036,0,21.0938,61.3056,60.4445,61.0556,2835.75,2220,1394.06,970,1444.38,113.273,183.703,184.008,112.688,183.703,638.221,33.75,10.18,6.91468,10.86,88.5,100,100,0,-0.109375,60.7919,18,18,17.25
19.133,0,0,0,0,1.43103,0.99997,1.04828,4,1,1,0.820314,0,0.820314,0.812745,0,21.0938,61.4723,60.75,62.3056,2837.5,2230,1397.27,970,1454.92,113.672,184.172,184.594,114.047,184.172,638.221,33.75,10.216,6.92801,10.896,88.5,100,100,0,-0.671875,60.7919,18,18,17.25
19.167,0,0,0,0,1.42627,0.99997,1.04782,4,1,1,0.820314,0,0.820314,0.819337,0,21.0938,61.5834,61.3889,62.3612,2849.5,2230,1397.66,970,1447.07,113.742,184.641,185.109,115.969,184.172,638.221,33.75,10.212,6.90668,10.892,88.5,100,100,0,-0.484375,60.7919,18,18,17.25
19.2,0,0,0,0,1.42944,0.99997,1.04758,4,1,1,0.820314,0,0.820314,0.819337,0,21.0938,61.8612,61.5278,61.3334,2855.75,2230,1396.25,970,1449.65,113.625,184.641,185.109,113.086,184.641,638.221,33,10.2,6.93334,10.88,88.5,100,100,0,-0.078125,60.7919,18,18,17.25
19.233,0,0,0,0,1.43738,0.99997,1.04804,4,1,1,0.820314,0,0.820314,0.817384,0,21.0938,61.9167,61.8612,62.25,2861,2230,1392.58,970,1457.58,113.414,185.25,185.484,112.875,184.945,638.221,33,10.164,6.92001,10.844,88.5,100,100,0,-0.40625,60.7919,18,18,17.25
19.267,0,0,0,0,1.42761,0.99997,1.04807,4,1,1,0.820314,0,0.820314,0.816408,0,21.0938,62.1112,61.4445,62.0834,2869.75,2230,1396.52,970,1447.07,113.836,185.648,186.07,115.195,184.922,639.979,33,10.22,6.92534,10.9,88.5,100,100,0,-0.3125,60.7919,18,18,17.25
19.3,0,0,0,0,1.44183,0.99997,1.04712,4,1,1,0.820314,0,0.820314,0.814699,0,21.0938,62.3889,61.8056,62.6945,2873,2230,1396.41,970,1460.23,113.836,185.648,186.07,113.859,184.945,639.979,33.75,10.212,6.93601,10.9,88.5,100,100,0,-0.28125,60.7919,18,18,17.25
19.333,0,0,0,0,1.43286,0.99997,1.04593,4,1,1,0.820314,0,0.820314,0.811769,0,21.0938,62.5556,61.6667,62.1389,2881,2230,1397.89,970,1449.65,114.023,186.164,186.445,114.047,184.945,639.979,33.75,10.232,6.94668,10.92,88.5,100,100,0,-0.59375,60.7919,18,18,17.25
19.367,0,0,0,0,1.43134,0.99997,1.04599,4,1,1,0.820314,0,0.820314,0.815675,0,21.0938,63.0278,62.5,63.6112,2889.25,2230,1406.76,970,1444.38,114.75,186.68,187.172,117.188,184.852,639.979,33.75,10.3,6.97334,10.988,88.5,100,100,0,-0.546875,60.7919,18,18,17.25
19.4,0,0,0,0,1.43591,0.99997,1.04544,4,1,1,0.820314,0,0.820314,0.817384,0,21.0938,63.0278,62.6667,62.8612,2893.5,2230,1400.74,970,1447.07,114.375,186.68,187.172,115.195,184.898,639.979,33.75,10.252,6.96268,10.92,88.5,99.6079,100,0,-0.09375,60.7919,18,18,17.25
19.433,0,0,0,0,1.4458,0.99997,1.04431,4,1,1,0.820314,0,0.820314,0.812745,0,21.0938,63.1945,63.1112,62.5,2901,2220,1391.99,970,1457.58,113.695,187.313,187.688,111.633,184.875,639.979,33.75,10.128,6.89868,10.796,88.5,99.6079,100,0,-0.6875,60.7919,18,18,17.25
19.467,0,0,0,0,1.43622,0.99997,1.04349,4,1,1,0.820314,0,0.820314,0.811769,0,21.0938,63.1389,62.6945,62.8334,2909.75,2220,1392.85,970,1449.65,113.859,187.805,188.133,113.836,184.828,641.737,33.75,10.16,6.89868,10.828,88.5,100,100,0,-0.859375,60.7919,18,18,17.25
19.5,0,0,0,0,1.43665,0.99997,1.04279,4,1,1,0.820314,0,0.820314,0.811769,0,21.0938,63.1945,62.7223,62.6389,2914.75,2220,1390.51,970,1449.65,113.672,187.805,188.133,113.531,184.852,641.737,33.75,10.124,6.88001,10.792,88.5,100,100,0,-0.109375,60.7919,18,18,17.25
19.533,0,0,0,0,1.4375,0.99997,1.04248,4,1,1,0.820314,0,0.820314,0.814699,0,21.0938,63.3334,62.7778,63.4445,2921.25,2220,1393.63,970,1449.65,114,188.25,188.578,113.695,184.852,641.737,33.75,10.168,6.89334,10.836,88.5,100,100,0,-0.421875,60.7919,18,18,17.25
19.567,0,0,0,0,1.43335,0.99997,1.0416,4,1,1,0.820314,0,0.820314,0.817384,0,21.0938,63.5001,63.4167,63.6945,2929,2220,1394.53,970,1444.38,114.211,188.742,189.164,115.5,184.781,641.737,33.75,10.176,6.87734,10.844,88.5,100,100,0,-0.078125,60.7919,18,18,17.25
19.6,0,0,0,0,1.44391,0.99997,1.04126,4,1,1,0.820314,0,0.820314,0.82007,0,21.0938,63.7778,63.8889,62.6389,2931.75,2220,1388.79,970,1454.96,113.719,188.742,189.164,110.977,184.828,641.737,33.75,10.108,6.90401,10.804,89.25,100,100,0,-0.171875,60.7919,18,18,17.25
19.633,0,0,0,0,1.44055,0.99997,1.04114,4,1,1,0.820314,0,0.820314,0.82007,0,21.0938,63.9445,63.5001,63.8612,2938.5,2220,1391.84,970,1452.3,114.023,189.211,189.398,115.008,184.781,641.737,33.75,10.136,6.89068,10.832,89.25,100,100,0,-0.5625,60.7919,18,18,17.25
19.667,0,0,0,0,1.44605,0.99997,1.04144,4,1,1,0.820314,0,0.820314,0.822999,0,21.0938,64.0278,65.1945,64.0278,2951.75,2220,1386.68,970,1457.58,113.578,189.727,190.406,112.242,184.734,643.436,33.75,10.072,6.87468,10.768,89.25,100,100,0,-0.765625,60.7919,18,18,17.25
19.7,0,0,0,0,1.43329,0.99997,1.04263,4,1,1,0.820314,0,0.820314,0.827638,0,21.0938,64.2501,63.4167,63.7501,2953.25,2210,1389.22,970,1449.65,114,189.727,190.406,113.859,184.805,643.436,33.75,10.136,6.89068,10.816,89.25,100,100,0,-0.296875,60.7919,18,18,17.25
19.733,0,0,0,0,1.43433,0.99997,1.04352,4,1,1,0.820314,0,0.820314,0.826661,0,21.0938,64.2501,63.4445,64.9167,2957.75,2210,1391.68,970,1449.65,114.211,190.383,190.477,115.688,184.805,643.436,33.75,10.168,6.88534,10.848,89.25,100,100,0,-0.46875,60.7919,18,18,17.25
19.767,0,0,0,0,1.43439,0.99997,1.0448,4,1,1,0.820314,0,0.820314,0.823732,0,21.0938,64.4167,64.3056,64.9167,2970.75,2210,1390.66,970,1447.07,114.141,190.781,191.414,116.086,184.711,643.436,33.75,10.172,6.90134,10.852,89.25,100,100,0,-0.375,60.7919,18,18,17.25
19.8,0,0,0,0,1.43787,0.99997,1.04462,4,1,1,0.820314,0,0.820314,0.82007,0,21.0938,64.7778,64.4445,65.3889,2970.75,2210,1390.7,970,1449.65,114.305,190.781,191.414,115.969,184.711,643.436,33.75,10.216,6.94134,10.904,89.25,100,100,0,-0.28125,60.7919,18,18,17.25
19.833,0,0,0,0,1.43866,0.99997,1.04443,4,1,1,0.820314,0,0.820314,0.818361,0,21.0938,64.9445,64.5001,64.6667,2976.25,2210,1390.43,970,1449.65,114.328,191.484,191.672,114.445,184.734,643.436,33.75,10.22,6.94401,10.908,89.25,100,100,0,-0.546875,60.7919,18,18,17.25
19.867,0,0,0,0,1.44678,0.99997,1.04385,4,1,1,0.820314,0,0.820314,0.816408,0,21.0938,64.9445,66.6945,64.1945,2988,2210,1383.83,970,1457.58,113.766,191.859,192.305,111.188,184.688,645.272,33.75,10.112,6.92268,10.8,89.25,99.6079,100,0,-0.4375,60.7919,18,18,17.25
19.9,0,0,0,0,1.44208,0.99997,1.04355,4,1,1,0.820314,0,0.820314,0.815675,0,21.0938,65.0556,67.0834,65.1389,2996.5,2200,1382.03,970,1457.58,113.719,191.859,192.305,113.016,184.641,645.272,33.75,10.1,6.86668,10.768,88.5,100,100,0,-0.421875,60.7919,18,18,17.25
19.933,0,0,0,0,1.43262,0.99997,1.04166,4,1,1,0.820314,0,0.820314,0.807374,0,21.0938,65.5834,64.2223,65.5278,2998.5,2200,1391.29,970,1447.03,114.586,192.398,192.609,115.688,184.711,645.272,33.75,10.216,6.94401,10.884,88.5,99.6079,100,0,-0.59375,60.7919,18,18,17.25
19.967,0,0,0,0,1.43707,0.99997,1.04135,4,1,1,0.820314,0,0.820314,0.81006,0,21.0938,65.4723,65.3056,65.2223,3009.25,2200,1387.97,970,1449.65,114.305,192.703,192.984,113.953,184.664,645.272,33.75,10.152,6.92268,10.82,88.5,100,100,0,-0.015625,60.7919,18.75,18.75,18
20,0,0,0,0,1.43787,0.99997,1.03845,4,1,1,0.820314,0,0.820314,0.804445,0,21.0938,65.5278,65.9723,65.7223,3010.5,2200,1384.77,970,1449.65,114.047,192.703,192.984,115.242,184.641,645.272,33.75,10.084,6.85601,10.764,89.25,100,100,0,-0.390625,60.7919,18.75,18.75,18
20.033,0,0,0,0,1.43726,0.99997,1.03665,4,1,1,0.820314,0,0.820314,0.803712,0,21.0938,65.5278,65.9167,64.5278,3018.25,2200,1379.38,970,1452.3,113.578,192.938,193.031,112.125,184.617,645.272,33.75,10.012,6.83201,10.692,89.25,100,100,0,-0.609375,60.7919,18.75,18.75,18
20.067,0,0,0,0,1.43445,0.99997,1.03375,4,1,1,0.820314,0,0.820314,0.802736,0,21.0938,65.5834,65.1667,65.0001,3025,2200,1378.71,970,1452.27,113.531,192.984,193.102,112.453,184.594,647.147,33.75,9.984,6.80801,10.664,89.25,100,100,0,-0.25,60.7919,18.75,18.75,18
20.1,0,0,0,0,1.43244,0.99997,1.03357,4,1,1,0.820314,0,0.820314,0.811769,0,21.0938,65.5834,66.9445,65.3334,3034.25,2200,1375.82,970,1449.65,113.273,192.984,193.102,113.391,184.57,647.147,33.75,9.948,6.77334,10.628,89.25,100,100,0,-0.34375,60.7919,19.5,19.5,18
20.133,0,0,0,0,1.42603,0.99997,1.0322,4,1,1,0.820314,0,0.820314,0.817384,0,21.0938,65.8056,64.8056,65.8334,3040.5,2200,1377.42,970,1447.07,113.391,193.055,193.172,115.078,184.523,647.147,33.75,9.96,6.78134,10.64,89.25,100,100,0,-0.46875,60.7919,19.5,19.5,18
20.167,0,0,0,0,1.42804,0.99997,1.03265,4,1,1,0.820314,0,0.820314,0.821046,0,21.0938,65.6945,65.7223,65.5278,3047.5,2200,1374.34,970,1452.3,113.133,193.148,193.242,112.805,184.523,647.147,33.75,9.932,6.75734,10.612,89.25,100,100,0,-0.25,60.7919,19.5,19.5,18
20.2,0,0,0,0,1.42029,0.99997,1.0332,4,1,1,0.820314,0,0.820314,0.822999,0,21.0938,65.9723,66.3612,66.1945,3053,2200,1375.39,970,1444.38,113.203,193.148,193.242,113.836,184.477,647.147,33.75,9.952,6.77068,10.632,89.25,100,100,0,-0.390625,60.7919,19.5,19.5,18
20.233,0,0,0,0,1.42346,0.99997,1.03519,4,1,1,0.820314,0,0.820314,0.829347,0,21.0938,66.0556,65.5001,66.0834,3055.75,2200,1376.37,970,1447.03,113.297,193.195,193.289,115.406,184.477,647.147,33.75,10.02,6.78668,10.7,89.25,100,100,0,-0.359375,60.7919,19.5,19.5,18
20.267,0,0,0,0,1.42883,0.99997,1.03601,4,1,1,0.820314,0,0.820314,0.829347,0,21.0938,66.5556,65.7501,66.4723,3068.5,2200,1381.05,970,1449.65,113.672,193.266,193.383,113.836,184.43,648.983,33.75,10.044,6.83468,10.724,89.25,100,100,0,-0.21875,60.7919,18.75,18.75,18
20.3,0,0,0,0,1.43311,0.99997,1.03769,4,1,1,0.820314,0,0.820314,0.8313,0,21.0938,66.6112,65.9445,66.2778,3072,2200,1379.22,970,1452.3,113.508,193.266,193.383,112.617,184.406,648.983,33.75,10.032,6.83734,10.712,88.5,100,100,0,-0.671875,60.7919,18.75,18.75,18
20.333,0,0,0,0,1.43323,0.99997,1.04105,4,1,1,0.820314,0,0.820314,0.835695,0,21.0938,66.5556,67.2223,65.1389,3084.5,2200,1372.23,970,1452.27,112.898,193.313,193.406,110.227,184.383,648.983,33.75,10,6.82934,10.68,88.5,100,100,0,-0.3125,60.7919,19.5,19.5,18
20.367,0,0,0,0,1.42145,0.99997,1.04273,4,1,1,0.820314,0,0.820314,0.835695,0,21.0938,66.2778,66.3612,67.3056,3088.5,2200,1376.48,970,1444.38,113.227,193.383,193.523,115.664,184.336,648.983,33.75,10.036,6.79201,10.716,88.5,100,100,0,-0.265625,60.7919,19.5,19.5,18
20.4,0,0,0,0,1.42438,0.99997,1.04504,4,1,1,0.820314,0,0.820314,0.836671,0,21.0938,66.6389,66.5001,66.9167,3092.75,2200,1376.56,970,1447.07,113.25,193.383,193.523,114.164,184.336,648.983,33.75,10.096,6.84001,10.776,89.25,100,100,0,-0.453125,60.7919,19.5,19.5,18
20.433,0,0,0,0,1.43305,0.99997,1.04727,4,1,1,0.820314,0,0.820314,0.833986,0,21.0938,66.9723,67.5556,66.8612,3101.5,2200,1376.25,970,1454.96,113.203,193.453,193.594,111.867,184.313,648.983,33.75,10.12,6.87201,10.8,89.25,100,100,0,0,60.7919,19.5,19.5,18
20.467,0,0,0,0,1.42798,0.99997,1.04813,4,1,1,0.820314,0,0.820314,0.827638,0,21.0938,67.1945,66.6389,67.6945,3106.75,2200,1379.53,970,1449.65,113.461,193.57,193.641,114.164,184.266,650.76,33.75,10.152,6.88801,10.832,89.25,100,100,0,-0.390625,60.7919,19.5,19.5,18
20.5,0,0,0,0,1.42456,0.99997,1.04852,4,1,1,0.820314,0,0.820314,0.82007,0,21.0938,67.3056,66.5278,66.3889,3110,2200,1378.79,970,1444.38,113.391,193.57,193.641,112.945,184.219,650.76,33.75,10.152,6.89068,10.848,89.25,100,100,0,-0.5625,60.7919,19.5,19.5,18
20.533,0,0,0,0,1.42859,0.99997,1.04959,4,1,1,0.820314,0,0.820314,0.823732,0,21.0938,67.6112,66.3889,67.4723,3122,2200,1379.96,970,1449.61,113.484,193.617,193.734,112.969,184.219,650.76,33.75,10.176,6.90934,10.872,89.25,100,100,0,0.015625,60.7919,18.75,18.75,18
20.567,0,0,0,0,1.43323,0.99997,1.04865,4,1,1,0.820314,0,0.820314,0.821046,0,21.0938,67.3056,70.0278,66.2778,3127.75,2200,1368.24,970,1454.92,112.453,193.688,193.781,109.898,184.195,650.76,33.75,10.024,6.85601,10.72,89.25,99.6079,100,0,-0.484375,60.7919,19.5,19.5,18
20.6,0,0,0,0,1.42468,0.99997,1.04956,4,1,1,0.820314,0,0.820314,0.823732,0,21.0938,67.3889,67.5278,66.3334,3131.5,2200,1369.53,970,1449.65,112.57,193.688,193.781,110.578,184.172,650.76,33.75,10.052,6.84268,10.72,89.25,100,100,0,-0.5625,60.7919,19.5,19.5,18
20.633,0,0,0,0,1.41492,0.99997,1.04929,4,1,1,0.820314,0,0.820314,0.822023,0,21.0938,67.3889,67.0834,68.0001,3140,2200,1373.52,970,1441.8,112.898,193.734,193.828,115.313,184.125,650.76,33.75,10.092,6.82401,10.76,89.25,100,100,0,-0.109375,60.7919,19.5,19.5,18
20.667,0,0,0,0,1.4195,0.99997,1.04938,4,1,1,0.820314,0,0.820314,0.819337,0,21.0938,67.6112,67.3056,67.5834,3147.25,2200,1370.39,970,1447.03,112.617,193.781,193.898,113.016,184.125,652.557,33.75,10.06,6.83201,10.728,89.25,100,100,0,-0.359375,60.7919,19.5,19.5,18
20.7,0,0,0,0,1.41248,0.99997,1.05008,4,1,1,0.820314,0,0.820314,0.823732,0,21.0938,68.0278,66.9723,68.2223,3150.75,2200,1376.64,970,1439.1,113.156,193.781,193.898,115.664,184.078,652.557,33.75,10.136,6.88001,10.816,89.25,100,100,0,-0.1875,60.7919,19.5,19.5,18
20.733,0,0,0,0,1.41809,0.99997,1.05039,4,1,1,0.820314,0,0.820314,0.825685,0,21.0938,68.2501,67.2501,67.6389,3156.5,2200,1378.63,970,1441.8,113.297,193.875,193.992,113.414,184.055,652.557,33.75,10.176,6.90134,10.856,89.25,100,100,0,-0.265625,60.7919,19.5,19.5,18
20.767,0,0,0,0,1.42456,0.99997,1.05136,4,1,1,0.820314,0,0.820314,0.827638,0,21.0938,68.1945,68.5278,67.5556,3164.5,2200,1372.42,970,1447.03,112.734,193.945,194.063,111.703,184.008,652.557,33.75,10.132,6.89601,10.812,89.25,100,100,0,-0.609375,60.7919,19.5,19.5,18
20.8,0,0,0,0,1.42938,0.99997,1.05237,4,1,1,0.820314,0,0.820314,0.825685,0,21.0938,68.3056,69.4445,67.7778,3172.25,2200,1370.7,970,1452.27,112.57,193.945,194.063,110.367,184.008,652.557,33.75,10.12,6.87201,10.8,89.25,100,100,0,-0.328125,60.7919,19.5,19.5,18
20.833,0,0,0,0,1.42212,0.99997,1.05301,4,1,1,0.820314,0,0.820314,0.82007,0,21.0938,68.3056,68.4167,68.5001,3178.25,2200,1371.29,970,1447.03,112.617,194.016,194.086,112.664,183.984,652.557,33.75,10.112,6.85868,10.792,89.25,100,100,0,-0.5,60.7919,18.75,18.75,18
20.867,0,0,0,0,1.41846,0.99997,1.05338,4,1,1,0.820314,0,0.820314,0.817384,0,21.0938,68.2501,68.2501,68.8889,3182.5,2200,1373.63,970,1444.38,112.781,194.063,194.156,114.07,183.938,654.315,33.75,10.14,6.86401,10.82,89.25,100,100,0,-0.421875,60.7919,18.75,18.75,18
20.9,0,0,0,0,1.41882,0.99997,1.05301,4,1,1,0.820314,0,0.820314,0.816408,0,21.0938,68.7778,68.2778,69.6667,3190.25,2200,1375.47,970,1444.41,112.945,194.063,194.156,115.172,183.914,654.315,33.75,10.152,6.88268,10.832,89.25,100,100,0,0.0625,60.7919,19.5,19.5,18
20.933,0,0,0,0,1.42462,0.99997,1.05154,4,1,1,0.820314,0,0.820314,0.815675,0,21.0938,69.1667,68.5556,69.0278,3201,2200,1377.34,970,1449.61,113.086,194.109,194.25,112.359,183.867,654.315,33.75,10.184,6.90668,10.864,89.25,100,100,0,-0.6875,60.7919,19.5,19.5,18
20.967,0,0,0,0,1.41577,0.99997,1.05142,4,1,1,0.820314,0,0.820314,0.818361,0,21.0938,69.0001,69.1112,69.1112,3206.25,2200,1377.85,970,1439.1,113.109,194.203,194.297,114.961,183.867,654.315,33.75,10.192,6.87734,10.872,89.25,100,100,0,-0.171875,60.7919,19.5,19.5,18
21,0,0,0,0,1.4162,0.99997,1.05084,4,1,1,0.820314,0,0.820314,0.82007,0,21.0938,69.1112,69.1389,68.9445,3208,2200,1377.77,970,1439.1,113.086,194.203,194.297,114.281,183.844,654.315,33.75,10.184,6.88001,10.864,89.25,100,100,0,-0.171875,60.7919,19.5,19.5,18
21.033,0,0,0,0,1.41181,0.99997,1.05164,4,1,1,0.820314,0,0.820314,0.825685,0,21.0938,69.2223,68.9167,68.0556,3219.75,2200,1372.54,970,1436.45,112.617,194.25,194.391,112.828,183.797,654.315,33.75,10.108,6.84801,10.788,89.25,100,100,0,-0.375,60.7919,19.5,19.5,18
21.067,0,0,0,0,1.41858,0.99997,1.05191,4,1,1,0.820314,0,0.820314,0.822999,0,21.0938,69.0556,69.2778,68.4167,3225.75,2200,1366.76,970,1444.38,112.102,194.344,194.461,113.578,183.773,656.19,33.75,10.072,6.82934,10.752,89.25,100,100,0,-0.125,60.7919,19.5,19.5,18
21.1,0,0,0,0,1.42352,0.99997,1.05307,4,1,1,0.820314,0,0.820314,0.822023,0,21.0938,69.3612,69.5001,69.7223,3229.75,2200,1371.56,970,1449.61,112.5,194.344,194.461,111.867,183.75,656.19,33.75,10.12,6.85868,10.816,89.25,100,100,0,-0.203125,60.7919,19.5,19.5,18
21.133,0,0,0,0,1.42011,0.99997,1.05429,4,1,1,0.820314,0,0.820314,0.825685,0,21.0938,69.3612,69.3334,70.1945,3239,2190,1372.23,970,1447.03,112.547,194.414,194.484,113.391,183.727,656.19,33.75,10.136,6.85868,10.832,89.25,100,100,0,-0.578125,60.7919,19.5,19.5,18
21.167,0,0,0,0,1.41846,0.99997,1.0553,4,1,1,0.820314,0,0.820314,0.829347,0,21.0938,69.7501,69.2223,69.7501,3243.5,2190,1373.95,970,1444.38,112.711,194.484,194.578,112.688,183.703,656.19,33.75,10.196,6.88801,10.892,89.25,100,100,0,-0.125,60.7919,19.5,19.5,18
21.2,0,0,0,0,1.4195,0.99997,1.0556,4,1,1,0.820314,0,0.820314,0.822999,0,21.0938,69.9167,70.3334,70.1667,3250.5,2190,1375.27,970,1444.38,112.781,194.484,194.578,113.086,183.68,656.19,33.75,10.216,6.88801,10.904,90,99.6079,100,0,-0.59375,60.7919,19.5,19.5,18
21.233,0,0,0,0,1.41968,0.99997,1.05692,4,1,1,0.820314,0,0.820314,0.822999,0,21.0938,70.0001,70.3334,69.5834,3256.5,2190,1372.5,970,1446.99,112.5,194.531,194.648,111.375,183.633,656.19,33.75,10.192,6.88534,10.88,90,100,100,0,-0.484375,60.7919,19.5,19.5,18
21.267,0,0,0,0,1.41559,0.99997,1.05594,4,1,1,0.820314,0,0.820314,0.819337,0,21.0938,69.7501,70.1389,69.5278,3260.75,2190,1371.99,970,1444.38,112.453,194.602,194.695,111.516,183.633,657.928,33.75,10.152,6.89868,10.84,90,100,100,0,-0.421875,60.7919,19.5,19.5,18
21.3,0,0,0,0,1.41553,0.99997,1.05542,4,1,1,0.820314,0,0.820314,0.813722,0,21.0938,70.0556,70.1389,70.1112,3267.25,2190,1370.51,970,1444.38,112.336,194.602,194.695,112.359,183.586,657.928,33.75,10.128,6.85601,10.796,89.25,100,100,0,-0.375,60.7919,20.25,20.25,18.75
21.333,0,0,0,0,1.41187,0.99997,1.05508,4,1,1,0.820314,0,0.820314,0.814699,0,21.0938,70.0556,69.9723,69.8889,3278.5,2190,1369.3,970,1441.76,112.172,194.672,194.766,112.125,183.563,657.928,33.75,10.108,6.84534,10.776,89.25,100,100,0,-0.171875,60.7919,20.25,20.25,18.75
21.367,0,0,0,0,1.41632,0.99997,1.05429,4,1,1,0.820314,0,0.820314,0.817384,0,21.0938,70.0556,70.1945,70.5001,3282.5,2190,1368.13,970,1446.99,112.055,194.719,194.836,112.008,183.539,657.928,33.75,10.088,6.82934,10.756,89.25,100,100,0,-0.359375,60.7919,20.25,20.25,18.75
21.4,0,0,0,0,1.41358,0.99997,1.05267,4,1,1,0.820314,0,0.820314,0.812745,0,21.0938,70.2778,71.0278,70.7223,3285,2190,1369.14,970,1444.38,112.125,194.719,194.836,113.227,183.516,657.928,33.75,10.092,6.82934,10.772,90,100,100,0,-0.390625,60.7919,20.25,20.25,18.75
21.433,0,0,0,0,1.41968,0.99997,1.05249,4,1,1,0.820314,0,0.820314,0.812745,0,21.0938,70.7501,71.3334,70.5834,3294.75,2190,1371.84,970,1449.65,112.359,194.789,194.883,111.258,183.469,657.928,33.75,10.116,6.87201,10.796,90,100,100,0,-0.265625,60.7919,20.25,20.25,18.75
21.467,0,0,0,0,1.41028,0.99997,1.05176,4,1,1,0.820314,0,0.820314,0.814699,0,21.0938,70.8612,70.8334,70.6389,3302.75,2190,1374.57,970,1441.76,112.547,194.859,194.977,112.617,183.445,659.627,33.75,10.156,6.86934,10.836,90,100,100,0,-0.578125,60.7919,20.25,20.25,18.75
21.5,0,0,0,0,1.40942,0.99997,1.05228,4,1,1,0.820314,0,0.820314,0.822023,0,21.0938,70.7501,70.8056,70.5556,3306.5,2190,1370.12,970,1441.76,112.148,194.859,194.977,112.711,183.445,659.627,34.5,10.088,6.82401,10.768,89.25,100,100,0,-0.3125,60.7919,20.25,20.25,18.75
21.533,0,0,0,0,1.41565,0.99997,1.052,4,1,1,0.820314,0,0.820314,0.821046,0,21.0938,70.9723,71.1112,70.7223,3314.75,2190,1369.34,970,1449.65,112.078,194.93,195,110.859,183.398,659.627,34.5,10.076,6.83468,10.756,89.25,100,100,0,-0.34375,60.7919,20.25,20.25,18.75
21.567,0,0,0,0,1.41193,0.99997,1.05362,4,1,1,0.820314,0,0.820314,0.826661,0,21.0938,70.8612,70.8889,71.0001,3322.5,2190,1370.94,970,1447.03,112.172,194.977,195.094,111.727,183.375,659.627,34.5,10.104,6.81601,10.784,89.25,99.6079,100,0,-0.5625,60.7919,20.25,20.25,18.75
21.6,0,0,0,0,1.4082,0.99997,1.05438,4,1,1,0.820314,0,0.820314,0.826661,0,21.0938,71.2501,71.7223,70.8612,3326.5,2190,1371.84,970,1441.76,112.242,194.977,195.094,112.898,183.352,659.627,34.5,10.12,6.84268,10.8,90,99.6079,100,0,-0.0625,60.7919,20.25,20.25,18.75
21.633,0,0,0,0,1.41022,0.99997,1.05566,4,1,1,0.820314,0,0.820314,0.826661,0,21.0938,71.3889,71.8612,71.3612,3334.75,2190,1370.59,970,1447.03,112.102,195.023,195.164,111.75,183.281,659.627,34.5,10.124,6.84801,10.804,90,100,100,0,-0.65625,60.7919,20.25,20.25,18.75
21.667,0,0,0,0,1.40326,0.99997,1.05615,4,1,1,0.820314,0,0.820314,0.823732,0,21.0938,71.2501,71.5278,72.4445,3340,2190,1374.22,970,1441.76,112.43,195.117,195.234,114.82,183.281,661.365,34.5,10.176,6.84268,10.856,90,100,100,0,-0.3125,60.7919,20.25,20.25,18.75
21.7,0,0,0,0,1.4046,0.99997,1.05664,4,1,1,0.820314,0,0.820314,0.822023,0,21.0938,71.7223,71.5834,71.7501,3348.75,2190,1376.05,970,1441.76,112.547,195.117,195.234,113.672,183.281,661.365,34.5,10.224,6.89601,10.904,90,100,100,0,-0.078125,60.7919,20.25,20.25,18.75
21.733,0,0,0,0,1.40711,0.99997,1.05731,4,1,1,0.820314,0,0.820314,0.822023,0,21.0938,71.9723,71.7223,71.5834,3353,2190,1376.17,970,1444.38,112.547,195.211,195.281,112.336,183.234,661.365,34.5,10.236,6.90934,10.916,90,100,100,0,-0.359375,60.7919,20.25,20.25,18.75
21.767,0,0,0,0,1.40497,0.99997,1.0567,4,1,1,0.820314,0,0.820314,0.819337,0,21.0938,71.8334,71.6112,71.5001,3358.5,2190,1372.54,970,1441.8,112.219,195.258,195.352,112.805,183.211,661.365,34.5,10.152,6.87201,10.832,90,100,100,0,0.109375,60.7919,20.25,20.25,18.75
21.8,0,0,0,0,1.40497,0.99997,1.05606,4,1,1,0.820314,0,0.820314,0.813722,0,21.0938,72.0278,71.6112,72.5278,3365,2190,1375,970,1441.76,112.406,195.258,195.352,113.836,183.164,661.365,34.5,10.176,6.87734,10.856,90,100,100,0,-0.578125,60.7919,20.25,20.25,18.75
21.833,0,0,0,0,1.40497,0.99997,1.056,4,1,1,0.820314,0,0.820314,0.814699,0,21.0938,72.3612,72.5834,72.5278,3369.25,2190,1376.91,970,1441.76,112.547,195.305,195.422,113.813,183.141,661.365,34.5,10.22,6.89868,10.9,90,100,100,0,-0.1875,60.7919,20.25,20.25,18.75
21.867,0,0,0,0,1.40125,0.99997,1.05499,4,1,1,0.820314,0,0.820314,0.815675,0,21.0938,72.5834,72.4167,72.3612,3377.75,2190,1380.63,970,1439.1,112.828,195.375,195.492,113.719,183.141,663.104,34.5,10.26,6.92268,10.94,90,100,100,0,-0.03125,60.7919,20.25,20.25,18.75
21.9,0,0,0,0,1.41205,0.99997,1.05502,4,1,1,0.820314,0,0.820314,0.818361,0,21.0938,72.8334,72.9723,71.3612,3386.25,2190,1375.35,970,1449.61,112.359,195.375,195.492,109.219,183.094,663.104,34.5,10.196,6.92268,10.876,89.25,100,100,0,-0.65625,60.7919,20.25,20.25,18.75
21.933,0,0,0,0,1.40552,0.99997,1.05469,4,1,1,0.820314,0,0.820314,0.821046,0,21.0938,72.7223,72.6389,71.8056,3392.5,2190,1375.23,970,1444.38,112.313,195.469,195.563,111.164,183.07,663.104,34.5,10.184,6.87468,10.864,89.25,100,100,0,-0.15625,60.7919,20.25,20.25,18.75
21.967,0,0,0,0,1.4054,0.99997,1.05508,4,1,1,0.820314,0,0.820314,0.82007,0,21.0938,72.7223,72.6389,71.3612,3396.5,2190,1371.45,970,1444.38,111.961,195.516,195.609,110.344,183.047,663.104,34.5,10.144,6.87201,10.824,89.25,100,100,0,-0.546875,60.7919,20.25,20.25,18.75
22,0,0,0,0,1.40643,0.99997,1.05637,4,1,1,0.820314,0,0.820314,0.824708,0,21.0938,72.7223,72.6945,72.9445,3403.25,2190,1371.91,970,1446.99,112.008,195.516,195.609,111.703,183.023,663.104,34.5,10.136,6.84801,10.816,89.25,100,100,0,-0.609375,60.7919,20.25,20.25,18.75
22.033,0,0,0,0,1.4115,0.99997,1.05582,4,1,1,0.820314,0,0.820314,0.818361,0,21.0938,72.8889,73.9445,72.5001,3411.75,2190,1370,970,1452.3,111.82,195.563,195.68,109.969,182.953,663.104,34.5,10.124,6.85334,10.804,89.25,100,100,0,-0.28125,60.7919,20.25,20.25,18.75
22.067,0,0,0,0,1.40381,0.99997,1.05719,4,1,1,0.820314,0,0.820314,0.822023,0,21.0938,72.7778,73.5278,73.8612,3415.5,2190,1375.78,970,1447.03,112.289,195.656,195.75,113.438,182.953,664.959,34.5,10.216,6.86401,10.896,89.25,100,100,0,-0.703125,60.7919,20.25,20.25,18.75
22.1,0,0,0,0,1.40411,0.99997,1.05734,4,1,1,0.820314,0,0.820314,0.822999,0,21.0938,73.2778,73.5556,73.3334,3423.75,2190,1375.59,970,1447.03,112.266,195.656,195.75,112.688,182.836,664.959,34.5,10.22,6.86668,10.9,90,100,100,0,-0.703125,60.7919,20.25,20.25,18.75
22.133,0,0,0,0,1.40363,0.99997,1.05716,4,1,1,0.820314,0,0.820314,0.822023,0,21.0938,73.5834,73.5278,73.6112,3428,2190,1378.13,970,1447.03,112.453,195.727,195.82,112.922,182.766,664.959,34.5,10.244,6.90934,10.924,90,100,100,0,-0.75,60.7919,20.25,20.25,18.75
22.167,0,0,0,0,1.40485,0.99997,1.05661,4,1,1,0.820314,0,0.820314,0.817384,0,21.0938,73.5834,73.5834,74.2778,3435,2190,1381.37,970,1447.03,112.711,195.773,195.867,113.531,182.695,664.959,34.5,10.272,6.90668,10.952,90,100,100,0,-0.75,60.7919,20.25,20.25,18.75
22.2,0,0,0,0,1.40503,0.99997,1.05689,4,1,1,0.820314,0,0.820314,0.816408,0,21.0938,73.9167,73.6112,73.2778,3443.75,2190,1379.34,970,1447.03,112.523,195.773,195.867,111.82,182.602,664.959,34.5,10.252,6.90934,10.932,90,100,100,0,-0.65625,60.7919,20.25,20.25,18.75
22.233,0,0,0,0,1.40521,0.99997,1.056,4,1,1,0.820314,0,0.820314,0.814699,0,21.0938,73.7501,74.6112,73.7223,3449.25,2190,1376.13,970,1447.03,112.219,195.82,195.961,112.219,182.555,664.959,34.5,10.208,6.88268,10.888,90,100,100,0,-0.453125,60.7919,20.25,20.25,18.75
22.267,0,0,0,0,1.39838,0.99997,1.05631,4,1,1,0.820314,0,0.820314,0.82007,0,21.0938,73.9167,74.2778,75.4445,3454.5,2190,1384.45,970,1441.76,112.922,195.891,196.008,115.969,182.508,666.795,34.5,10.296,6.87734,10.976,90,100,100,0,-0.5625,60.7919,20.25,20.25,18.75
22.3,0,0,0,0,1.40198,0.99997,1.05435,4,1,1,0.820314,0,0.820314,0.811769,0,21.0938,74.1667,74.4723,74.4167,3463,2190,1380,970,1444.41,112.523,195.891,196.008,113.602,182.414,666.795,34.5,10.224,6.88268,10.928,90,100,100,0,-0.515625,60.7919,20.25,20.25,18.75
22.333,0,0,0,0,1.39667,0.99997,1.05505,4,1,1,0.820314,0,0.820314,0.813722,0,21.0938,74.3889,74.1667,73.3334,3468.5,2190,1378.09,970,1441.76,112.336,195.867,196.078,112.289,182.344,666.795,34.5,10.208,6.88001,10.912,90,100,100,0,-0.71875,60.7919,20.25,20.25,18.75
22.367,0,0,0,0,1.40112,0.99997,1.05344,4,1,1,0.820314,0,0.820314,0.811036,0,21.0938,74.2223,74.4167,74.3612,3476,2190,1375.31,970,1447.03,112.078,195.844,196.102,112.266,182.273,666.795,34.5,10.164,6.85868,10.868,90,100,100,0,-0.265625,60.7919,20.25,20.25,18.75
22.4,0,0,0,0,1.39996,0.99997,1.05252,4,1,1,0.820314,0,0.820314,0.811036,0,21.0938,74.2223,74.3334,74.5001,3478.5,2190,1374.61,970,1447.03,112.008,195.844,196.102,112.852,182.227,666.795,34.5,10.148,6.84268,10.828,90,100,100,0,-0.734375,60.7919,20.25,20.25,18.75
22.433,0,0,0,0,1.39948,0.99997,1.05176,4,1,1,0.820314,0,0.820314,0.816408,0,21.0938,74.5556,75.3056,73.9445,3488.25,2190,1374.92,970,1447.03,112.008,195.844,196.195,111.305,182.156,666.795,34.5,10.148,6.83201,10.828,90,100,100,0,-0.59375,60.7919,20.25,20.25,18.75
22.467,0,0,0,0,1.39832,0.99997,1.05127,4,1,1,0.820314,0,0.820314,0.815675,0,21.0938,74.6389,75.2778,75.2778,3491.5,2180,1377.34,970,1447.03,112.195,195.82,196.266,113.109,181.992,668.572,34.5,10.168,6.84801,10.848,90,100,100,0,-0.109375,60.7919,20.25,20.25,18.75
22.5,0,0,0,0,1.39246,0.99997,1.05048,4,1,1,0.820314,0,0.820314,0.811769,0,21.0938,74.8056,74.9445,74.8889,3496.5,2180,1378.32,970,1441.8,112.266,195.82,196.266,113.578,181.945,668.572,34.5,10.172,6.84001,10.868,90,100,100,0,-0.828125,60.7919,20.25,20.25,18.75
22.533,0,0,0,0,1.3891,0.99997,1.04996,4,1,1,0.820314,0,0.820314,0.81006,0,21.0938,74.9167,74.7778,74.1945,3500,2180,1377.89,970,1439.14,112.195,195.75,196.313,112.781,181.852,668.572,34.5,10.164,6.84801,10.86,90,100,100,0,-0.046875,60.7919,20.25,20.25,18.75
22.567,0,0,0,0,1.39411,0.99997,1.04843,4,1,1,0.820314,0,0.820314,0.807374,0,21.0938,75.1945,75.0556,74.9445,3510,2180,1378.36,970,1444.38,112.195,195.75,196.359,111.938,181.805,668.572,34.5,10.14,6.85868,10.836,90,100,100,0,-0.328125,60.7919,20.25,20.25,18.75
22.6,0,0,0,0,1.39325,0.99997,1.0477,4,1,1,0.820314,0,0.820314,0.81006,0,21.0938,74.9723,74.9723,74.5834,3515.75,2180,1372.77,970,1444.38,111.703,195.75,196.359,111.164,181.758,668.572,34.5,10.032,6.79468,10.712,90,100,100,0,-0.515625,60.7919,20.25,20.25,18.75
22.633,0,0,0,0,1.39038,0.99997,1.04495,4,1,1,0.820314,0,0.820314,0.803712,0,21.0938,74.8612,74.8334,74.9723,3520.5,2180,1369.14,970,1444.38,111.398,195.75,196.406,112.43,181.688,668.572,34.5,9.984,6.74134,10.664,90,100,100,0,-0.28125,60.7919,21,21,18.75
22.667,0,0,0,0,1.38959,0.99997,1.04434,4,1,1,0.820314,0,0.820314,0.809083,0,21.0938,74.9723,75.7778,75.5556,3527.75,2180,1370.12,970,1444.38,111.516,195.844,196.453,113.156,181.641,670.447,34.5,10,6.73868,10.68,90,99.6079,100,0,-0.34375,60.7919,21,21,18.75
22.7,0,0,0,0,1.39392,0.99997,1.04279,4,1,1,0.820314,0,0.820314,0.81006,0,21.0938,75.2501,76.0278,74.9723,3535.5,2150,1370.39,970,1449.65,111.539,195.844,196.453,110.484,178.617,670.447,34.5,9.988,6.73868,10.668,90,100,100,0,-0.484375,60.7919,21,21,26.25
22.733,0,0,0,0,1.38818,0.99997,1.04169,4,1,1,0.820314,0,0.820314,0.812745,0,21.0938,75.8889,75.7223,75.4167,3541.75,2140,1378.24,970,1444.38,112.266,195.844,196.5,112.313,178.523,670.447,34.5,10.096,6.80534,10.776,90,100,100,0,-0.375,60.7919,21,21,26.25
22.767,0,0,0,0,1.38855,0.99997,1.04208,4,1,1,0.820314,0,0.820314,0.819337,0,21.0938,75.9723,75.7501,74.9723,3549,2140,1375.98,970,1444.38,112.102,194.625,196.523,110.953,178.477,670.447,34.5,10.076,6.80801,10.756,90,100,100,0,-0.046875,60.7919,21,21,26.25
22.8,0,0,0,0,1.38709,0.99997,1.04181,4,1,1,0.820314,0,0.820314,0.818361,0,21.0938,75.8889,75.6667,75.2778,3555.25,2140,1372.38,970,1444.38,111.773,194.625,196.523,111.164,178.289,670.447,34.5,10.004,6.77068,10.692,90,100,100,0,-0.640625,60.7919,21,21,26.25
22.833,0,0,0,0,1.38794,0.99997,1.04196,4,1,1,0.820314,0,0.820314,0.818361,0,21.0938,76.0278,75.7223,74.9723,3559,2140,1370.59,970,1444.38,111.68,194.883,196.57,110.297,178.125,670.447,34.5,9.996,6.75734,10.684,90,100,100,0,-0.21875,60.7919,21,21,26.25
22.867,0,0,0,0,1.38599,0.99997,1.04309,4,1,1,0.820314,0,0.820314,0.822023,0,21.0938,75.8334,76.4723,76.2501,3566.75,2140,1369.41,970,1444.38,111.563,194.836,196.617,112.219,178.102,672.264,34.5,9.992,6.73601,10.68,90,100,100,0,-0.265625,60.7919,21,21,26.25
22.9,0,0,0,0,1.38751,0.99997,1.04355,4,1,1,0.820314,0,0.820314,0.821046,0,21.0938,76.1389,76.5556,76.5278,3573.5,2130,1371.29,970,1446.99,111.75,194.836,196.617,111.891,177.938,672.264,34.5,10.02,6.74934,10.716,90,100,100,0,-0.828125,60.7919,21,21,26.25
22.933,0,0,0,0,1.38641,0.99997,1.04504,4,1,1,0.820314,0,0.820314,0.827638,0,21.0938,76.1945,76.5001,76.0834,3578,2130,1369.45,970,1447.03,111.633,195.047,196.641,111.398,177.82,672.264,34.5,10.016,6.75468,10.712,90,100,100,0,-0.265625,60.7919,21,21,26.25
22.967,0,0,0,0,1.38886,0.99997,1.04541,4,1,1,0.820314,0,0.820314,0.825685,0,21.0938,76.4723,76.639,76.3056,3584.5,2130,1371.91,970,1449.65,111.82,195.117,196.688,111.305,177.703,672.264,34.5,10.056,6.78134,10.752,90,100,100,0,-0.640625,60.7919,21,21,26.25
23,0,0,0,0,1.39404,0.99997,1.04581,4,1,1,0.820314,0,0.820314,0.821046,0,21.0938,76.8334,76.9167,77.5834,3593,2130,1375.31,970,1454.92,112.148,195.117,196.688,111.891,177.586,672.264,34.5,10.12,6.80534,10.808,90,100,100,0,-0.296875,60.7919,21,21,26.25
23.033,0,0,0,0,1.39411,0.99997,1.04627,4,1,1,0.820314,0,0.820314,0.818361,0,21.0938,77.3056,76.9167,77.5834,3599.25,2130,1380.23,970,1452.3,112.617,195.305,196.758,112.758,177.422,672.264,34.5,10.192,6.85868,10.88,90,100,100,0,-0.640625,60.7919,21,21,26.25
23.067,0,0,0,0,1.3891,0.99997,1.04727,4,1,1,0.820314,0,0.820314,0.822999,0,21.0938,77.3056,77.4445,77.2501,3604.75,2130,1379.69,970,1447.03,112.523,195.281,196.781,113.555,177.375,674.1,34.5,10.188,6.84801,10.876,90,100,100,0,-0.6875,60.7919,21,21,26.25
23.1,0,0,0,0,1.39606,0.99997,1.04712,4,1,1,0.820314,0,0.820314,0.824708,0,21.0938,77.4723,77.8612,77.7778,3610.5,2120,1379.1,970,1454.96,112.5,195.281,196.781,112.5,177.164,674.1,34.5,10.192,6.85601,10.872,90,100,100,0,-0.671875,60.7919,21,21,26.25
23.133,0,0,0,0,1.39429,0.99997,1.04736,4,1,1,0.820314,0,0.820314,0.822023,0,21.0938,77.4723,77.7778,77.8056,3617.5,2120,1379.41,970,1454.96,112.547,195.516,196.828,112.828,177.047,674.1,34.5,10.192,6.84001,10.872,90,100,100,0,-0.71875,60.7919,21,21,26.25
23.167,0,0,0,0,1.39185,0.99997,1.04868,4,1,1,0.820314,0,0.820314,0.822999,0,21.0938,77.8056,77.639,78.0556,3624.5,2120,1381.37,970,1452.34,112.688,195.586,196.852,113.719,177,674.1,34.5,10.224,6.86401,10.904,90,100,100,0,-0.25,60.7919,21,21,26.25
23.2,0,0,0,0,1.39636,0.99997,1.04819,4,1,1,0.820314,0,0.820314,0.821046,0,21.0938,77.9723,77.889,78.5001,3631.75,2120,1381.37,970,1457.58,112.711,195.586,196.852,113.039,176.836,674.1,34.5,10.224,6.87468,10.904,90,100,100,0,-0.8125,60.7919,21,21,26.25
23.233,0,0,0,0,1.39478,0.99997,1.04837,4,1,1,0.820314,0,0.820314,0.82007,0,21.0938,78.1667,77.7778,78.7778,3637,2120,1382.77,970,1454.96,112.852,195.68,196.898,114.141,176.648,674.1,34.5,10.24,6.87201,10.92,90,100,100,0,-0.59375,60.7919,21,21,26.25
23.267,0,0,0,0,1.39765,0.99997,1.04938,4,1,1,0.820314,0,0.820314,0.824708,0,21.0938,78.2778,77.9723,78.389,3641.5,2120,1380.78,970,1457.58,112.641,195.797,196.945,112.898,176.672,676.014,34.5,10.224,6.86934,10.904,90,100,100,0,-0.640625,60.7919,21,21,26.25
23.3,0,0,0,0,1.39716,0.99997,1.04987,4,1,1,0.820314,0,0.820314,0.826661,0,21.0938,78.2223,78.8334,78.6945,3649,2110,1378.83,970,1457.58,112.477,195.797,196.945,113.227,176.461,676.014,34.5,10.2,6.85334,10.88,90,100,100,0,-0.828125,60.7919,21,21,26.25
23.333,0,0,0,0,1.39905,0.99997,1.05035,4,1,1,0.820314,0,0.820314,0.823732,0,21.0938,78.639,78.9445,78.6667,3654.5,2110,1380.82,970,1460.23,112.688,195.961,196.992,112.359,176.32,676.014,34.5,10.24,6.88801,10.92,90,100,100,0,-0.328125,60.7919,21,21,26.25
23.367,0,0,0,0,1.38861,0.99997,1.05161,4,1,1,0.820314,0,0.820314,0.822999,0,21.0938,78.4445,78.3334,78.5834,3660.25,2110,1380.66,970,1452.34,112.711,196.008,197.016,114.164,176.344,676.014,34.5,10.256,6.85868,10.936,90,100,100,0,-0.75,60.7919,21,21,26.25
23.4,0,0,0,0,1.39423,0.99997,1.05246,4,1,1,0.820314,0,0.820314,0.822999,0,21.0938,78.639,78.6667,78.3334,3665,2110,1378.09,970,1457.58,112.453,196.008,197.016,112.102,176.156,676.014,34.5,10.232,6.87734,10.92,90,100,100,0,0,60.7919,21,21,26.25
23.433,0,0,0,0,1.3858,0.99997,1.05222,4,1,1,0.820314,0,0.820314,0.82007,0,21.0938,78.6945,78.1945,78.3334,3673.75,2110,1377.62,970,1449.65,112.43,196.125,197.063,113.531,175.922,676.014,34.5,10.224,6.87468,10.912,90,100,100,0,-0.890625,60.7919,21,21,26.25
23.467,0,0,0,0,1.39893,0.99997,1.0528,4,1,1,0.820314,0,0.820314,0.822023,0,21.0938,78.8612,78.9167,77.889,3678.25,2110,1370.47,970,1462.85,111.82,196.242,197.086,109.242,175.898,677.908,34.5,10.168,6.88268,10.856,90,100,100,0,-0.78125,60.7919,21,21,26.25
23.5,0,0,0,0,1.38721,0.99997,1.05338,4,1,1,0.820314,0,0.820314,0.824708,0,21.0938,78.6112,78.2778,78.0556,3684,2100,1370.2,970,1452.34,111.797,196.242,197.086,111.82,175.805,677.908,34.5,10.148,6.82401,10.844,90,100,100,0,-0.3125,60.7919,21,21,26.25
23.533,0,0,0,0,1.38666,0.99997,1.05176,4,1,1,0.820314,0,0.820314,0.811036,0,21.0938,78.9723,79.0834,79.389,3692.25,2100,1373.01,970,1452.3,112.055,196.359,197.133,111.633,175.617,677.908,34.5,10.156,6.83734,10.852,90,100,100,0,-0.78125,60.7919,21,21,26.25
23.567,0,0,0,0,1.38306,0.99997,1.05209,4,1,1,0.820314,0,0.820314,0.811036,0,21.0938,78.9723,78.889,77.4167,3697.25,2100,1367.58,970,1449.65,111.609,196.453,197.18,110.391,175.547,677.908,34.5,10.112,6.82401,10.808,90,100,100,0,-0.390625,60.7919,21,21,26.25
23.6,0,0,0,0,1.37976,0.99997,1.05124,4,1,1,0.820314,0,0.820314,0.815675,0,21.0938,79.0834,78.6945,79.5001,3704,2100,1372.77,970,1447.03,112.055,196.453,197.18,112.969,175.359,677.908,34.5,10.156,6.82134,10.836,90,100,100,0,-0.8125,60.7919,21,21,26.25
23.633,0,0,0,0,1.38117,0.99997,1.04971,4,1,1,0.820314,0,0.820314,0.816408,0,21.0938,79.2501,78.7778,79.139,3714.5,2100,1370.78,970,1447.03,111.891,196.594,197.227,111.68,175.289,677.908,34.5,10.12,6.81868,10.8,90,100,100,0,-0.484375,60.7919,21,21,26.25
23.667,0,0,0,0,1.38348,0.99997,1.0495,4,1,1,0.820314,0,0.820314,0.814699,0,21.0938,79.3334,78.889,79.2223,3719.75,2100,1368.01,970,1449.61,111.656,196.617,197.25,111.305,175.219,679.764,34.5,10.096,6.81334,10.776,90,100,100,0,-0.890625,60.7919,21,21,26.25
23.7,0,0,0,0,1.37824,0.99997,1.04984,4,1,1,0.820314,0,0.820314,0.813722,0,21.0938,79.3056,78.6112,80.2501,3719.25,2090,1368.87,970,1444.41,111.727,196.617,197.25,114.164,175.031,679.764,34.5,10.1,6.79734,10.78,90,100,100,0,-0.640625,60.7919,21,21,26.25
23.733,0,0,0,0,1.38153,0.99997,1.04868,4,1,1,0.820314,0,0.820314,0.812745,0,21.0938,79.5556,79.6112,78.8612,3730.25,2090,1369.02,970,1447.03,111.75,196.828,197.297,111.023,174.938,679.764,34.5,10.1,6.79468,10.78,90,100,100,0,-0.34375,60.7919,21,21,26.25
23.767,0,0,0,0,1.38141,0.99997,1.04773,4,1,1,0.820314,0,0.820314,0.811769,0,21.0938,79.7778,79.639,79.889,3737.25,2090,1372.93,970,1447.03,112.125,196.898,197.344,112.242,174.891,679.764,34.5,10.136,6.81334,10.816,90,100,100,0,-0.640625,60.7919,21,21,26.25
23.8,0,0,0,0,1.37714,0.99997,1.04739,4,1,1,0.820314,0,0.820314,0.814699,0,21.0938,79.889,79.3612,79.9723,3743.75,2090,1373.59,970,1441.8,112.172,196.898,197.344,113.859,174.727,679.764,34.5,10.14,6.80534,10.844,90,100,100,0,-0.078125,60.7919,21,21,26.25
23.833,0,0,0,0,1.38318,0.99997,1.04776,4,1,1,0.820314,0,0.820314,0.82007,0,21.0938,80.1945,79.7223,79.8612,3747,2090,1371.37,970,1447.03,112.008,197.016,197.391,111.961,174.539,679.764,34.5,10.12,6.82134,10.824,90,100,100,0,-0.796875,60.7919,21,21,26.25
23.867,0,0,0,0,1.37824,0.99997,1.04782,4,1,1,0.820314,0,0.820314,0.82007,0,21.0938,80.2501,79.4445,80.0556,3753.25,2090,1374.26,970,1441.76,112.242,197.039,197.414,113.109,174.563,681.697,34.5,10.152,6.81068,10.856,90,100,100,0,-0.578125,60.7919,21,21,26.25
23.9,0,0,0,0,1.38184,0.99997,1.04819,4,1,1,0.820314,0,0.820314,0.821046,0,21.0938,80.5278,79.6667,80.3334,3761.25,2090,1374.38,970,1444.38,112.242,197.039,197.414,112.219,174.445,681.697,34.5,10.184,6.84801,10.864,90,100,100,0,-0.390625,60.7919,21,21,26.25
23.933,0,0,0,0,1.38367,0.99997,1.04852,4,1,1,0.820314,0,0.820314,0.818361,0,21.0938,80.7778,80.6667,80.6112,3765.5,2080,1375.82,970,1444.38,112.406,197.297,197.461,112.453,174.211,681.697,34.5,10.208,6.85868,10.888,90,100,100,0,-0.265625,60.7919,21,21,26.25
23.967,0,0,0,0,1.38385,0.99997,1.04834,4,1,1,0.820314,0,0.820314,0.817384,0,21.0938,80.7223,80.6667,80.3334,3772.5,2080,1374.92,970,1444.38,112.336,197.344,197.508,111.844,174.164,681.697,34.5,10.196,6.85334,10.876,90,100,100,0,-0.265625,60.7919,21,21,26.25
24,0,0,0,0,1.38373,0.99997,1.04807,4,1,1,0.820314,0,0.820314,0.816408,0,21.0938,80.7223,80.6667,81.2778,3778.25,2080,1372.42,970,1444.38,112.102,197.344,197.508,113.227,173.977,681.697,35.25,10.136,6.82134,10.816,90,100,100,0,-0.734375,60.7919,21,21,26.25
24.033,0,0,0,0,1.37952,0.99997,1.04752,4,1,1,0.820314,0,0.820314,0.815675,0,21.0938,80.9445,80.389,80.2501,3785.75,2080,1372.3,970,1439.1,112.078,197.414,197.531,112.078,173.93,681.697,35.25,10.124,6.81068,10.804,90,100,100,0,-0.71875,60.7919,21,21,26.25
24.067,0,0,0,0,1.38428,0.99997,1.04691,4,1,1,0.820314,0,0.820314,0.814699,0,21.0938,80.8334,80.6945,81.389,3792,2080,1370.82,970,1444.38,111.984,197.602,197.578,112.43,173.836,683.455,35.25,10.108,6.78668,10.788,90,100,100,0,-0.53125,60.7919,21,21,26.25
24.1,0,0,0,0,1.39496,0.99997,1.0473,4,1,1,0.820314,0,0.820314,0.818361,0,21.0938,80.9445,81.3056,81.2778,3795.5,2080,1367.89,970,1454.92,111.727,197.602,197.578,109.805,173.672,683.455,35.25,10.084,6.78134,10.764,90,100,100,0,-0.359375,60.7919,21,21,26.25
24.133,0,0,0,0,1.38788,0.99997,1.04657,4,1,1,0.820314,0,0.820314,0.82007,0,21.0938,81.3056,80.9167,81.0834,3802.75,2070,1370.2,970,1446.99,111.938,197.625,197.625,111.914,173.531,683.455,35.25,10.116,6.79734,10.796,90,100,100,0,-0.671875,60.7919,21,21,26.25
24.167,0,0,0,0,1.38934,0.99997,1.04721,4,1,1,0.820314,0,0.820314,0.822999,0,21.0938,81.5278,81.8334,82.1112,3810,2070,1375.9,970,1447.03,112.406,197.742,197.672,113.063,173.531,683.455,35.25,10.176,6.82134,10.856,90,100,100,0,-0.375,60.7919,21,21,26.25
24.2,0,0,0,0,1.3858,0.99997,1.04709,4,1,1,0.820314,0,0.820314,0.822023,0,21.0938,81.6945,81.639,81.1945,3815.75,2070,1373.75,970,1444.41,112.242,197.742,197.672,112.359,173.344,683.455,35.25,10.156,6.82401,10.852,90,100,100,0,-1.125,60.7919,21,21,26.25
24.233,0,0,0,0,1.39313,0.99997,1.04755,4,1,1,0.820314,0,0.820314,0.818361,0,21.0938,81.9167,82.0556,82.6667,3822,2070,1374.61,970,1452.3,112.336,197.766,197.695,112.852,173.227,683.455,35.25,10.192,6.84801,10.888,90,100,100,0,-0.28125,60.7919,21,21,26.25
24.267,0,0,0,0,1.39649,0.99997,1.0477,4,1,1,0.820314,0,0.820314,0.818361,0,21.0938,82.3334,82.2501,81.2778,3825,2070,1373.4,970,1454.96,112.242,197.766,197.719,110.227,173.18,685.33,35.25,10.184,6.88534,10.88,90,100,100,0,-0.59375,60.7919,21,21,26.25
24.3,0,0,0,0,1.3877,0.99997,1.04834,4,1,1,0.820314,0,0.820314,0.821046,0,21.0938,82.2778,81.7501,82.4723,3831.75,2070,1376.64,970,1447.03,112.5,197.766,197.719,113.109,173.039,685.33,35.25,10.224,6.85868,10.912,90.75,100,100,0,-0.625,60.7919,21,21,26.25
24.333,0,0,0,0,1.39093,0.99997,1.04825,4,1,1,0.820314,0,0.820314,0.821046,0,21.0938,82.2223,81.9167,81.3056,3842,2060,1371.56,970,1449.65,112.078,197.836,197.766,111.117,172.828,685.33,35.25,10.144,6.84534,10.832,90.75,100,100,0,-0.421875,60.7919,21,21,26.25
24.367,0,0,0,0,1.38672,0.99997,1.04855,4,1,1,0.820314,0,0.820314,0.82007,0,21.0938,82.3334,82.5556,82.0278,3848.5,2070,1375.04,970,1447.07,112.406,197.859,197.813,112.898,172.828,685.33,35.25,10.196,6.82668,10.884,90.75,100,100,0,-0.921875,60.7919,21,21,26.25
24.4,0,0,0,0,1.38892,0.99997,1.04898,4,1,1,0.820314,0,0.820314,0.818361,0,21.0938,82.5556,82.6667,81.3056,3854.5,2060,1372.46,970,1449.65,112.148,197.859,197.813,111.047,172.688,685.33,35.25,10.184,6.84268,10.864,90,100,100,0,-0.59375,60.7919,21,21,26.25
24.433,0,0,0,0,1.3891,0.99997,1.04935,4,1,1,0.820314,0,0.820314,0.82007,0,21.0938,82.639,82.6945,83.3612,3856.5,2060,1374.61,970,1449.65,112.359,197.953,197.859,113.508,172.523,685.33,35.25,10.196,6.84801,10.876,90,100,100,0,-0.75,60.7919,21,21,26.25
24.467,0,0,0,0,1.39588,0.99997,1.04895,4,1,1,0.820314,0,0.820314,0.818361,0,21.0938,82.6945,83.0834,83.4445,3864.25,2060,1374.1,970,1457.58,112.336,197.93,197.906,111.703,172.5,687.186,35.25,10.184,6.82934,10.864,90,100,100,0,-0.484375,60.7919,21,21,26.25
24.5,0,0,0,0,1.38849,0.99997,1.04898,4,1,1,0.820314,0,0.820314,0.817384,0,21.0938,83.139,82.6667,82.2223,3868.75,2060,1375.39,970,1449.65,112.43,197.93,197.906,111.984,172.383,687.186,35.25,10.232,6.87201,10.92,90,100,100,0,-0.484375,60.7919,21,21,26.25
24.533,0,0,0,0,1.38934,0.99997,1.04901,4,1,1,0.820314,0,0.820314,0.817384,0,21.0938,83.5556,82.6945,83.3612,3878.25,2060,1380.55,970,1449.65,112.875,197.953,197.93,112.148,172.195,687.186,35.25,10.288,6.90668,10.976,90,100,100,0,-0.5,60.7919,21,21,26.25
24.567,0,0,0,0,1.39069,0.99997,1.0484,4,1,1,0.820314,0,0.820314,0.817384,0,21.0938,83.5556,82.7778,83.0001,3886.5,2060,1377.5,970,1449.65,112.617,198.047,197.977,111.82,172.172,687.186,35.25,10.244,6.89334,10.932,90,100,100,0,-0.828125,60.7919,21,21,26.25
24.6,0,0,0,0,1.39179,0.99997,1.04813,4,1,1,0.820314,0,0.820314,0.817384,0,21.0938,83.4445,83.7778,84.1112,3891.5,2050,1377.42,970,1449.65,112.594,198.047,197.977,112.992,171.961,687.186,35.25,10.236,6.86401,10.924,90.75,100,100,0,-0.15625,60.7919,21,21,26.25
24.633,0,0,0,0,1.39417,0.99997,1.04648,4,1,1,0.820314,0,0.820314,0.811036,0,21.0938,83.6112,83.9167,84.0001,3896,2050,1375.74,970,1452.3,112.477,198.141,198.023,112.852,171.914,687.186,35.25,10.196,6.84801,10.884,90.75,100,100,0,-0.515625,60.7919,21,21,26.25
24.667,0,0,0,0,1.38672,0.99997,1.04492,4,1,1,0.820314,0,0.820314,0.807374,0,21.0938,83.9723,83.4723,83.6667,3901,2050,1380.74,970,1444.38,112.922,198.07,198.047,113.32,171.891,688.982,35.25,10.24,6.87201,10.928,90.75,100,100,0,-0.5625,60.7919,21,21,26.25
24.7,0,0,0,0,1.38977,0.99997,1.04382,4,1,1,0.820314,0,0.820314,0.809083,0,21.0938,84.0278,83.639,83.6667,3907.75,2050,1378.2,970,1447.03,112.664,198.07,198.047,112.641,171.703,688.982,35.25,10.192,6.84268,10.88,90.75,100,100,0,-0.453125,60.7919,21,21,26.25
24.733,0,0,0,0,1.39032,0.99997,1.04266,4,1,1,0.820314,0,0.820314,0.816408,0,21.0938,84.4167,83.6667,84.0001,3918.25,2050,1381.56,970,1447.03,112.969,198.141,198.094,112.547,171.492,688.982,35.25,10.224,6.87201,10.912,90.75,99.6079,100,0,-0.828125,60.7919,21,21,26.25
24.767,0,0,0,0,1.39227,0.99997,1.04248,4,1,1,0.820314,0,0.820314,0.82007,0,21.0938,84.0834,83.7778,84.0278,3921,2050,1375.43,970,1449.65,112.453,198.164,198.117,112.547,171.469,688.982,35.25,10.152,6.80534,10.84,90.75,99.6079,100,0,-0.1875,60.7919,21,21,26.25
24.8,0,0,0,0,1.38928,0.99997,1.04236,4,1,1,0.820314,0,0.820314,0.82007,0,21.0938,84.3612,84.4723,85.0001,3926.5,2050,1380.82,970,1447.03,112.898,198.164,198.117,114.188,171.352,688.982,35.25,10.22,6.83734,10.916,90.75,99.6079,100,0,-0.546875,60.7919,21,21,26.25
24.833,0,0,0,0,1.39166,0.99997,1.04218,4,1,1,0.820314,0,0.820314,0.813722,0,21.0938,84.5834,84.6112,84.639,3934.75,2040,1376.8,970,1449.65,112.594,198.281,198.188,112.57,171.164,688.982,35.25,10.172,6.82668,10.868,90.75,100,100,0,-0.25,60.7919,21,21,26.25
24.867,0,0,0,0,1.38739,0.99997,1.04257,4,1,1,0.820314,0,0.820314,0.814699,0,21.0938,84.4723,84.389,85.0834,3938.5,2040,1378.98,970,1447.07,112.781,198.258,198.211,114.492,171.188,690.916,35.25,10.2,6.82134,10.896,90.75,100,100,0,-0.484375,60.7919,21,21,26.25
24.9,0,0,0,0,1.39288,0.99997,1.04266,4,1,1,0.820314,0,0.820314,0.821046,0,21.0938,84.889,84.7223,84.889,3942.5,2040,1377.5,970,1452.27,112.641,198.258,198.211,112.289,171.047,690.916,35.25,10.192,6.84268,10.88,90.75,100,100,0,-0.8125,60.7919,21,21,26.25
24.933,0,0,0,0,1.39404,0.99997,1.04279,4,1,1,0.820314,0,0.820314,0.823732,0,21.0938,84.9445,84.7778,84.889,3951,2040,1377.73,970,1452.3,112.664,198.258,198.234,111.914,170.859,690.916,35.25,10.192,6.85601,10.88,90.75,100,100,0,-0.328125,60.7919,21,21,26.25
24.967,0,0,0,0,1.38855,0.99997,1.04434,4,1,1,0.820314,0,0.820314,0.825685,0,21.0938,85.3612,84.4445,85.1945,3957.75,2040,1385.04,970,1447.03,113.344,198.398,198.281,112.734,170.789,690.916,35.25,10.292,6.87201,10.98,90.75,100,100,0,-0.015625,60.7919,21,21,26.25
25,0,0,0,0,1.38794,0.99997,1.04532,4,1,1,0.820314,0,0.820314,0.826661,0,21.0938,85.5278,84.4167,85.1667,3962.25,2040,1383.2,970,1444.38,113.133,198.398,198.281,113.227,170.672,690.916,35.25,10.28,6.89601,10.96,90.75,100,100,0,-0.6875,60.7919,21,21,26.25
25.033,0,0,0,0,1.38947,0.99997,1.04596,4,1,1,0.820314,0,0.820314,0.822023,0,21.0938,85.1667,85.4167,85.2223,3966.5,2040,1376.88,970,1444.38,112.617,198.375,198.328,114.305,170.578,690.916,35.25,10.216,6.83468,10.896,90.75,100,100,0,-0.265625,60.7919,21,21,26.25
25.067,0,0,0,0,1.39313,0.99997,1.04575,4,1,1,0.820314,0,0.820314,0.815675,0,21.0938,85.3056,85.639,86.3334,3973.5,2040,1378.01,970,1449.65,112.734,198.398,198.375,114.234,170.531,692.811,35.25,10.24,6.85868,10.92,90.75,100,100,0,-0.484375,60.7919,21,21,26.25
25.1,0,0,0,0,1.39728,0.99997,1.04584,4,1,1,0.820314,0,0.820314,0.815675,0,21.0938,86.2778,85.889,85.8334,3979.25,2030,1384.26,970,1452.3,113.25,198.398,198.375,111.516,170.32,692.811,36,10.316,6.93334,10.984,90.75,100,100,0,-0.6875,60.7919,21,21,26.25
25.133,0,0,0,0,1.39331,0.99997,1.04443,4,1,1,0.820314,0,0.820314,0.814699,0,21.0938,85.9167,85.639,84.5834,3989.25,2030,1379.14,970,1449.65,112.805,198.445,198.422,111.141,170.203,692.811,36,10.236,6.86134,10.904,90.75,100,100,0,-0.09375,60.7919,21,21,26.25
25.167,0,0,0,0,1.38916,0.99997,1.04379,4,1,1,0.820314,0,0.820314,0.814699,0,21.0938,86.1112,85.389,84.7501,3993.5,2030,1380.55,970,1444.38,112.898,198.516,198.445,112.172,170.227,692.811,36,10.24,6.87468,10.908,90.75,100,100,0,-0.4375,60.7919,21,21,26.25
25.2,0,0,0,0,1.39356,0.99997,1.04294,4,1,1,0.820314,0,0.820314,0.813722,0,21.0938,85.9167,85.6667,85.5556,4000,2030,1376.02,970,1449.65,112.523,198.516,198.445,112.008,170.086,692.811,36,10.192,6.83468,10.872,90.75,100,100,0,-0.25,60.7919,21,21,26.25
25.233,0,0,0,0,1.39862,0.99997,1.04208,4,1,1,0.820314,0,0.820314,0.813722,0,21.0938,86.6945,86.889,86.8334,4009.5,2030,1382.19,970,1454.92,113.063,198.492,198.492,111.094,169.828,692.811,36,10.252,6.89868,10.932,90.75,100,100,0,-0.75,60.7919,21.75,21.75,26.25
25.267,0,0,0,0,1.3952,0.99997,1.04251,4,1,1,0.820314,0,0.820314,0.818361,0,21.0938,86.4445,86.6667,85.889,4012.25,2030,1379.26,970,1452.27,112.922,198.703,198.492,110.836,169.781,694.803,36,10.224,6.85601,10.904,90.75,100,100,0,-0.3125,60.7919,21.75,21.75,26.25
25.3,0,0,0,0,1.3866,0.99997,1.04312,4,1,1,0.820314,0,0.820314,0.823732,0,21.0938,86.7501,86.1667,87.1112,4019.75,2020,1383.16,970,1444.38,113.25,198.703,198.492,113.813,169.688,694.803,36,10.284,6.87734,10.98,90.75,100,100,0,-0.390625,60.7919,21.75,21.75,26.25
25.333,0,0,0,0,1.39252,0.99997,1.04395,4,1,1,0.820314,0,0.820314,0.82837,0,21.0938,86.6945,86.5278,87.0278,4020.75,2020,1377.7,970,1449.65,112.898,198.797,198.516,113.109,169.594,694.803,36,10.24,6.86134,10.936,90.75,100,100,0,0,60.7919,21.75,21.75,26.25
25.367,0,0,0,0,1.39154,0.99997,1.0444,4,1,1,0.820314,0,0.820314,0.824708,0,21.0938,86.6945,86.4445,87.4167,4026.75,2020,1379.22,970,1449.65,113.156,198.727,198.539,113.391,169.641,694.803,36,10.292,6.86668,10.988,90.75,100,100,0,-0.65625,60.7919,21.75,21.75,26.25
25.4,0,0,0,0,1.39508,0.99997,1.04623,4,1,1,0.820314,0,0.820314,0.822999,0,21.0938,87.0834,86.6667,87.2223,4033.75,2020,1377.42,970,1452.27,112.969,198.727,198.539,112.336,169.453,694.803,36,10.276,6.88801,10.964,90.75,100,100,0,-0.390625,60.7919,21.75,21.75,26.25
25.433,0,0,0,0,1.39191,0.99997,1.04685,4,1,1,0.820314,0,0.820314,0.82007,0,21.0938,87.3334,86.4723,87.1112,4040.75,2010,1379.06,970,1447.03,113.18,198.703,198.539,113.227,169.359,694.803,36,10.316,6.90668,11.004,90.75,99.6079,100,0,-0.453125,60.7919,21.75,21.75,26.25
25.467,0,0,0,0,1.39551,0.99997,1.04614,4,1,1,0.820314,0,0.820314,0.815675,0,21.0938,87.3334,87.5278,87.9167,4048.5,2010,1378.59,970,1449.65,113.297,198.844,198.563,113.742,169.313,696.756,36,10.32,6.89868,11.008,90.75,99.6079,100,0,-0.328125,60.7919,21.75,21.75,26.25
25.5,0,0,0,0,1.38574,0.99997,1.04483,4,1,1,0.820314,0,0.820314,0.811769,0,21.0938,87.8334,86.889,86.6945,4052.25,2010,1381.76,970,1439.14,113.555,198.844,198.563,114,169.219,696.756,36,10.344,6.92801,11.024,90.75,99.6079,100,0,0.046875,60.7919,21.75,21.75,26.25
25.533,0,0,0,0,1.39862,0.99997,1.04294,4,1,1,0.820314,0,0.820314,0.81006,0,21.0938,87.8334,87.7223,86.9445,4061.5,2010,1376.21,970,1452.27,113.109,198.68,198.563,111.07,169.055,696.756,36,10.26,6.90668,10.94,90.75,100,100,0,-0.171875,60.7919,21.75,21.75,26.25
25.567,0,0,0,0,1.39783,0.99997,1.04041,4,1,1,0.820314,0,0.820314,0.806398,0,21.0938,87.6112,87.6667,87.5556,4067,2010,1375.59,970,1452.27,113.156,198.773,198.586,112.031,169.031,696.756,36,10.228,6.85334,10.908,90.75,100,100,0,-0.671875,60.7919,21.75,21.75,26.25
25.6,0,0,0,0,1.39618,0.99997,1.03873,4,1,1,0.820314,0,0.820314,0.805421,0,21.0938,87.8334,87.5834,87.4445,4072.75,2000,1373.28,970,1449.65,112.945,198.773,198.586,111.938,168.961,696.756,36,10.192,6.83468,10.88,90.75,100,100,0,-0.375,60.7919,21.75,21.75,26.25
25.633,0,0,0,0,1.39044,0.99997,1.03726,4,1,1,0.820314,0,0.820314,0.811036,0,21.0938,88.0834,87.1945,88.4167,4082,2000,1375.82,970,1444.38,113.32,198.867,198.609,114,168.773,696.756,36,10.228,6.85601,10.916,90.75,100,100,0,0,60.7919,21.75,21.75,26.25
25.667,0,0,0,0,1.39295,0.99997,1.03613,4,1,1,0.820314,0,0.820314,0.812745,0,21.0938,88.3056,87.3612,87.2501,4085.5,2000,1374.61,970,1447.03,113.273,198.727,198.609,111.352,168.773,698.826,36,10.2,6.85068,10.888,90.75,100,100,0,-0.453125,60.7919,21.75,21.75,26.25
25.7,0,0,0,0,1.38617,0.99997,1.03592,4,1,1,0.820314,0,0.820314,0.815675,0,21.0938,88.3056,87.7778,88.3612,4090.5,2000,1376.33,970,1439.1,113.391,198.727,198.609,114.609,168.656,698.826,36,10.208,6.83734,10.896,90.75,100,100,0,-0.125,60.7919,21.75,21.75,26.25
25.733,0,0,0,0,1.39118,0.99997,1.03519,4,1,1,0.820314,0,0.820314,0.812745,0,21.0938,88.5834,88.139,89.0278,4096.5,2000,1375.9,970,1444.38,113.25,198.445,198.633,114.211,168.563,698.826,36,10.16,6.82134,10.848,90.75,100,100,0,-0.515625,60.7919,21.75,21.75,26.25
25.767,0,0,0,0,1.39545,0.99997,1.03558,4,1,1,0.820314,0,0.820314,0.815675,0,21.0938,88.6667,88.389,88.139,4101,2000,1374.38,970,1447.03,113.086,198.773,198.656,112.359,168.516,698.826,36,10.172,6.85334,10.86,90.75,100,100,0,-0.5,60.7919,21.75,21.75,26.25
25.8,0,0,0,0,1.38947,0.99997,1.03586,4,1,1,0.820314,0,0.820314,0.821046,0,21.0938,88.639,88.0001,89.0556,4111.25,2000,1375.7,970,1441.8,113.297,198.773,198.656,114.703,168.375,698.826,36,10.184,6.82934,10.864,90.75,100,100,0,-0.21875,60.7919,21.75,21.75,26.25
25.833,0,0,0,0,1.38696,0.99997,1.0372,4,1,1,0.820314,0,0.820314,0.826661,0,21.0938,88.889,87.8612,88.0278,4113.5,1990,1373.05,970,1439.1,113.227,198.961,198.68,113.813,168.328,698.826,36,10.184,6.82668,10.864,90.75,100,100,0,-0.28125,60.7919,21.75,21.75,26.25
25.867,0,0,0,0,1.39642,0.99997,1.039,4,1,1,0.820314,0,0.820314,0.829347,0,21.0938,89.1667,88.4445,89.1667,4120.25,1990,1375.27,970,1447.03,113.508,198.844,198.68,112.898,168.305,700.701,36,10.268,6.84801,10.948,90.75,100,100,0,-0.71875,60.7919,21.75,21.75,26.25
25.9,0,0,0,0,1.39624,0.99997,1.04141,4,1,1,0.820314,0,0.820314,0.833986,0,21.0938,88.889,89.2501,90.2223,4124.25,1990,1372.46,970,1447.03,113.227,198.844,198.68,115.313,168.141,700.701,36,10.22,6.85868,10.924,90.75,100,100,0,-0.296875,60.7919,21.75,21.75,26.25
25.933,0,0,0,0,1.40094,0.99997,1.0444,4,1,1,0.820314,0,0.820314,0.833009,0,21.0938,89.639,89.5834,89.3056,4132,1990,1372.38,970,1452.3,113.344,198.938,198.703,112.336,168.117,700.701,36,10.296,6.90134,11,90.75,100,100,0,-0.71875,60.7919,21,21,26.25
25.967,0,0,0,0,1.39075,0.99997,1.04669,4,1,1,0.820314,0,0.820314,0.830324,0,21.0938,89.3056,88.9167,89.8334,4138.5,1990,1373.59,970,1441.76,113.555,198.891,198.727,115.453,168.023,700.701,36,10.316,6.90401,11.02,90.75,100,100,0,-0.46875,60.7919,21.75,21.75,26.25
26,0,0,0,0,1.39563,0.99997,1.04736,4,1,1,0.820314,0,0.820314,0.824708,0,21.0938,89.4167,89.2501,90.3334,4143,1980,1370.47,970,1447.03,113.273,198.891,198.727,114.867,167.859,700.701,36,10.288,6.88268,10.968,90.75,100,100,0,-0.265625,60.7919,21.75,21.75,26.25
26.033,0,0,0,0,1.39044,0.99997,1.0495,4,1,1,0.820314,0,0.820314,0.826661,0,21.0938,89.8612,88.889,90.1112,4150.5,1980,1373.79,970,1441.8,113.625,198.844,198.727,115.57,167.695,700.701,36,10.372,6.92001,11.052,90.75,99.6079,100,0,-0.328125,60.7919,21.75,21.75,26.25
26.067,0,0,0,0,1.40064,0.99997,1.04889,4,1,1,0.820314,0,0.820314,0.823732,0,21.0938,90.1112,89.5556,89.7501,4155.5,1980,1370.12,970,1452.27,113.461,199.031,198.75,112.359,167.742,702.85,36,10.364,6.95468,11.044,90.75,100,100,0,-0.734375,60.7919,21,21,26.25
26.1,0,0,0,0,1.39575,0.99997,1.04929,4,1,1,0.820314,0,0.820314,0.822023,0,21.0938,89.8056,89.2501,89.6112,4160.75,1980,1366.72,970,1447.07,113.133,199.031,198.75,114.047,167.602,702.85,36,10.288,6.89601,10.968,90.75,100,100,0,-0.046875,60.7919,21.75,21.75,26.25
26.133,0,0,0,0,1.38916,0.99997,1.04956,4,1,1,0.820314,0,0.820314,0.821046,0,21.0938,90.5556,89.6667,89.9445,4171.25,1970,1372.42,970,1439.14,113.695,198.844,198.75,115.523,167.484,702.85,36,10.368,6.95734,11.048,90.75,100,100,0,-0.59375,60.7919,21.75,21.75,26.25
26.167,0,0,0,0,1.39948,0.99997,1.0506,4,1,1,0.820314,0,0.820314,0.825685,0,21.0938,90.639,90.3334,89.639,4174,1970,1369.34,970,1449.65,113.578,199.055,198.773,112.195,167.438,702.85,36,10.364,6.96001,11.044,90.75,100,100,0,-0.390625,60.7919,21,21,26.25
26.2,0,0,0,0,1.4068,0.99997,1.05145,4,1,1,0.820314,0,0.820314,0.827638,0,21.0938,90.8612,90.8056,90.8056,4178.25,1970,1369.96,970,1457.58,113.625,199.055,198.773,112.336,167.414,702.85,36,10.372,6.97334,11.052,90.75,100,100,0,-0.203125,60.7919,21,21,26.25
26.233,0,0,0,0,1.39667,0.99997,1.05112,4,1,1,0.820314,0,0.820314,0.819337,0,21.0938,91.2501,90.139,91.139,4190.5,1970,1374.73,970,1447.03,114.094,198.867,198.773,114.188,167.203,702.85,36,10.436,6.99734,11.116,90.75,100,100,0,-0.328125,60.7919,21,21,26.25
26.267,0,0,0,0,1.38971,0.99997,1.05176,4,1,1,0.820314,0,0.820314,0.815675,0,21.0938,91.0834,89.6945,90.4445,4190.5,1970,1373.05,970,1439.14,114.141,199.148,198.82,115.008,167.156,704.822,36,10.448,6.96001,11.128,90.75,100,100,0,-0.53125,60.7919,21,21,26.25
26.3,0,0,0,0,1.39081,0.99997,1.05127,4,1,1,0.820314,0,0.820314,0.816408,0,21.0938,91.139,89.0278,91.2501,4198.5,1960,1371.37,970,1439.14,113.977,199.148,198.82,115.758,167.156,704.822,36,10.408,6.95734,11.096,90.75,100,100,0,-0.265625,60.7919,21,21,26.25
26.333,0,0,0,0,1.38837,0.99997,1.04935,4,1,1,0.820314,0,0.820314,0.815675,0,21.0938,92.3056,89.7778,91.0279,4207.5,1950,1371.76,970,1433.83,114.938,200.438,198.82,116.32,166.969,704.822,36,10.5,7.04534,11.188,90.75,100,100,0,-0.390625,60.7919,21,21,26.25
26.367,0,0,0,0,1.40503,0.99997,1.04926,4,1,1,0.820314,0,0.820314,0.816408,0,21.0938,92.139,90.889,92.1112,4208.75,1950,1361.05,970,1449.65,114.094,199.055,198.844,113.906,166.922,704.822,36,10.388,6.97868,11.076,90.75,100,100,0,-0.625,60.7919,21,21,26.25
26.4,0,0,0,0,1.4079,0.99997,1.04855,4,1,1,0.820314,0,0.820314,0.816408,0,21.0938,92.1945,91.0834,92.5556,4217,1940,1363.67,970,1452.27,114.328,199.055,198.844,113.297,166.852,704.822,36,10.416,7.00268,11.104,90.75,100,100,0,-0.21875,60.7919,21,21,26.25
26.433,0,0,0,0,1.40094,0.99997,1.04834,4,1,1,0.820314,0,0.820314,0.816408,0,21.0938,91.5001,90.6112,90.6667,4223.5,1940,1353.4,970,1444.41,113.484,199.008,198.844,113.344,166.664,704.822,36,10.308,6.91734,10.996,90.75,100,100,0,-0.125,60.7919,21.75,21.75,26.25
26.467,0,0,0,0,1.40119,0.99997,1.04782,4,1,1,0.820314,0,0.820314,0.816408,0,21.0938,91.3056,90.6112,91.1667,4228.75,1940,1352.93,970,1447.03,113.555,199.055,198.867,113.227,166.664,706.736,36,10.288,6.89334,10.976,90.75,100,100,0,-0.265625,60.7919,21.75,21.75,26.25
26.5,0,0,0,0,1.40259,0.99997,1.04727,4,1,1,0.820314,0,0.820314,0.814699,0,21.0938,91.3056,93.3056,91.139,4233,1940,1347.62,970,1447.03,113.063,199.055,198.867,113.625,166.523,706.736,36,10.228,6.85868,10.916,90.75,100,100,0,-0.4375,60.7919,21.75,21.75,26.25
26.533,0,0,0,0,1.4046,0.99997,1.0459,4,1,1,0.820314,0,0.820314,0.814699,0,21.0938,91.8334,91.7223,91.9445,4240.25,1930,1350.12,970,1449.61,113.344,199.008,198.867,113.227,166.406,706.736,36,10.244,6.88534,10.932,90.75,100,100,0,-0.375,60.7919,21,21,26.25
26.567,0,0,0,0,1.39594,0.99997,1.04672,4,1,1,0.820314,0,0.820314,0.82007,0,21.0938,92.0834,91.1112,90.6667,4248.5,1930,1353.44,970,1441.76,113.836,199.172,198.891,112.805,166.336,706.736,36,10.32,6.91734,11.008,90.75,100,100,0,-0.53125,60.7919,21,21,26.25
26.6,0,0,0,0,1.40869,0.99997,1.04736,4,1,1,0.820314,0,0.820314,0.822999,0,21.0938,92.1945,95.4445,92.4445,4249.75,1930,1347.73,970,1454.92,113.297,199.172,198.891,111.539,166.266,706.736,36,10.252,6.90134,10.932,90.75,100,100,0,-0.34375,60.7919,21,21,26.25
26.633,0,0,0,0,1.4104,0.99997,1.05029,4,1,1,0.820314,0,0.820314,0.832033,0,21.0938,91.9723,99.6667,92.5001,4257.5,1930,1343.28,970,1457.54,112.922,198.938,198.914,111.68,166.172,706.736,36,10.232,6.88801,10.912,90.75,100,100,0,-0.125,60.7919,21,21,26.25
26.667,0,0,0,0,1.38971,0.99997,1.05078,4,1,1,0.820314,0,0.820314,0.826661,0,21.0938,92.139,90.7223,92.7779,4263,1930,1351.88,970,1439.14,113.883,199.266,198.938,116.391,166.102,708.592,36,10.368,6.90401,11.048,90.75,100,100,0,-0.5625,60.7919,21.75,21.75,26.25
26.7,0,0,0,0,1.39203,0.99997,1.05225,4,1,1,0.820314,0,0.820314,0.822023,0,21.0938,92.6667,90.8612,92.0834,4268,1920,1352.58,970,1439.14,113.93,199.266,198.938,115.008,165.984,708.592,36,10.392,6.97601,11.072,90.75,100,100,0,-0.671875,60.7919,21,21,26.25
26.733,0,0,0,0,1.39923,0.99997,1.05283,4,1,1,0.820314,0,0.820314,0.82007,0,21.0938,93.2779,91.3334,93.0279,4275.75,1920,1353.44,970,1444.38,114.117,199.125,198.938,113.93,165.867,708.592,36,10.412,6.99734,11.092,90.75,100,100,0,-0.328125,60.7919,21,21,26.25
26.767,0,0,0,0,1.40314,0.99997,1.05182,4,1,1,0.820314,0,0.820314,0.816408,0,21.0938,93.0556,92.4167,91.9445,4280.75,1920,1351.6,970,1447.03,114.07,199.172,198.961,111.938,165.844,708.592,36,10.38,6.96801,11.06,90.75,100,100,0,-0.15625,60.7919,21,21,26.25
26.8,0,0,0,0,1.40637,0.99997,1.05212,4,1,1,0.820314,0,0.820314,0.818361,0,21.0938,93.1667,95.2779,91.9445,4291.75,1920,1345.55,970,1449.61,113.508,199.172,198.961,111.188,165.656,708.592,36.75,10.312,6.95201,10.992,90.75,99.6079,100,0,-0.453125,60.7919,21,21,26.25
26.833,0,0,0,0,1.40057,0.99997,1.05148,4,1,1,0.820314,0,0.820314,0.82007,0,21.0938,93.4723,92.2779,92.9167,4293,1920,1348.16,970,1447.03,113.813,199.125,198.984,112.617,165.633,708.592,36.75,10.34,6.94668,11.02,90.75,100,100,0,-0.421875,60.7919,21,21,26.25
26.867,0,0,0,0,1.40503,0.99997,1.05222,4,1,1,0.820314,0,0.820314,0.822023,0,21.0938,93.3612,96.9167,90.9167,4304,1920,1339.45,970,1449.61,113.109,199.125,198.984,109.594,165.586,710.584,36.75,10.276,6.95201,10.956,90.75,100,100,0,-0.59375,60.7919,21,21,26.25
26.9,0,0,0,0,1.39874,0.99997,1.05298,4,1,1,0.820314,0,0.820314,0.823732,0,21.0938,93.0556,95.639,93.139,4310.25,1910,1339.88,970,1449.61,113.133,199.125,198.984,112.008,165.398,710.584,36.75,10.284,6.91734,10.972,90.75,100,100,0,-0.609375,60.7919,21.75,21.75,26.25
26.933,0,0,0,0,1.38361,0.99997,1.05451,4,1,1,0.820314,0,0.820314,0.824708,0,21.0938,93.639,91.139,93.5001,4315.75,1910,1347.66,970,1436.48,114,199.313,199.008,115.641,165.328,710.584,36.75,10.42,6.96268,11.108,90.75,100,100,0,-0.515625,60.7919,21.75,21.75,26.25
26.967,0,0,0,0,1.39813,0.99997,1.05508,4,1,1,0.820314,0,0.820314,0.821046,0,21.0938,93.9167,92.1112,94.4723,4319.5,1910,1345.78,970,1449.61,113.883,199.055,199.008,113.367,165.328,710.584,36.75,10.412,6.98934,11.1,90.75,100,100,0,-0.140625,60.7919,21,21,26.25
27,0,0,0,0,1.40033,0.99997,1.05576,4,1,1,0.820314,0,0.820314,0.822023,0,21.0938,94.0556,93.139,95.0556,4325.25,1910,1346.76,970,1449.61,113.953,199.055,199.008,113.508,165.141,710.584,36.75,10.428,7.00001,11.108,90.75,100,100,0,-0.625,60.7919,21,21,26.25
27.033,0,0,0,0,1.40051,0.99997,1.05508,4,1,1,0.820314,0,0.820314,0.818361,0,21.0938,93.1667,102.333,93.139,4334,1900,1332.97,970,1447.03,112.828,199.266,199.031,113.016,165.023,710.584,36.75,10.236,6.90134,10.916,90.75,99.6079,100,0,-0.578125,60.7919,21.75,21.75,26.25
27.067,0,0,0,0,1.38562,0.99997,1.05542,4,1,1,0.820314,0,0.820314,0.817384,0,21.0938,94.0556,92.0834,93.1667,4340.25,1900,1342.54,970,1441.76,113.742,199.172,199.055,112.875,165.023,712.518,36.75,10.376,6.94934,11.056,90.75,100,100,0,-0.328125,60.7919,21,21,26.25
27.1,0,0,0,0,1.38568,0.99997,1.05463,4,1,1,0.820314,0,0.820314,0.816408,0,21.0938,94.4445,92.0834,95.3056,4341.5,1900,1347.5,970,1439.1,114.188,199.172,199.055,115.969,164.953,712.518,36.75,10.436,6.99201,11.104,90.75,100,100,0,-0.46875,60.7919,21,21,26.25
27.133,0,0,0,0,1.4046,0.99997,1.05402,4,1,1,0.820314,0,0.820314,0.816408,0,21.0938,94.2779,101.056,94.4723,4349,1930,1339.18,970,1454.92,113.555,199.313,199.055,112.641,167.625,712.518,36.75,10.324,6.94401,10.992,90.75,100,100,0,-0.71875,60.7919,20.25,20.25,26.25
27.167,0,0,0,0,1.39618,0.99997,1.05417,4,1,1,0.820314,0,0.820314,0.817384,0,21.0938,94.6112,95.4445,94.0001,4352.75,1930,1339.88,970,1447.03,113.813,199.383,199.078,113.203,167.602,712.518,36.75,10.38,6.97334,11.048,90.75,100,100,0,-0.4375,60.7919,20.25,20.25,18.75
27.2,0,0,0,0,1.40033,0.99997,1.05286,4,1,1,0.820314,0,0.820314,0.815675,0,21.0938,94.9723,95.7223,93.7501,4357.25,1920,1339.26,970,1449.61,113.719,199.383,199.078,111.328,167.508,712.518,36.75,10.352,7.00001,11.04,90.75,100,100,0,-0.515625,60.7919,21,21,18.75
27.233,0,0,0,0,1.39453,0.99997,1.05292,4,1,1,0.820314,0,0.820314,0.816408,0,21.0938,95.389,93.639,94.2223,4364.25,1890,1342.81,970,1441.76,114.164,199.289,199.102,112.758,164.508,712.518,36.75,10.396,7.01334,11.084,90.75,100,100,0,-0.578125,60.7919,21,21,26.25
27.267,0,0,0,0,1.38538,0.99997,1.05405,4,1,1,0.820314,0,0.820314,0.82007,0,21.0938,94.5556,93.9167,94.3612,4371.75,1890,1335.66,970,1436.48,113.484,199.219,199.102,115.43,164.508,714.607,36.75,10.3,6.92534,10.988,90.75,100,100,0,-0.46875,60.7919,21.75,21.75,26.25
27.3,0,0,0,0,1.37622,0.99997,1.05414,4,1,1,0.820314,0,0.820314,0.822999,0,21.0938,95.2501,92.3612,94.1112,4379.5,1890,1343.71,970,1428.55,114.281,199.219,199.102,115.313,164.344,714.607,36.75,10.432,6.97601,11.112,90.75,100,100,0,-0.296875,60.7919,21,21,26.25
27.333,0,0,0,0,1.3902,0.99997,1.05438,4,1,1,0.820314,0,0.820314,0.819337,0,21.0938,95.0279,94.2501,94.3612,4387,1890,1336.17,970,1441.76,113.484,198.938,199.125,112.617,164.25,714.607,36.75,10.304,6.93601,10.984,90.75,100,100,0,-0.8125,60.7919,21,21,26.25
27.367,0,0,0,0,1.37909,0.99997,1.05383,4,1,1,0.820314,0,0.820314,0.815675,0,21.0938,95.139,92.5834,94.6112,4393.5,1890,1339.61,970,1431.21,113.813,199.148,199.125,115.781,164.25,714.607,36.75,10.348,6.93334,11.028,90.75,100,100,0,-0.546875,60.7919,21.75,21.75,26.25
27.4,0,0,0,0,1.39618,0.99997,1.05399,4,1,1,0.820314,0,0.820314,0.816408,0,21.0938,94.9723,98.9723,94.3612,4397.5,1890,1332.73,970,1447.03,113.18,199.148,199.125,111.539,164.109,714.607,36.75,10.264,6.90134,10.976,90.75,100,100,0,-0.328125,60.7919,21.75,21.75,26.25
27.433,0,0,0,0,1.38593,0.99997,1.05502,4,1,1,0.820314,0,0.820314,0.824708,0,21.0938,95.4445,93.8612,95.3056,4403.75,1880,1335.78,970,1441.76,113.602,199.383,199.148,113.789,163.898,714.607,36.75,10.32,6.94401,11.032,90.75,100,100,0,-0.265625,60.7919,21,21,26.25
27.467,0,0,0,0,1.38776,0.99997,1.05603,4,1,1,0.820314,0,0.820314,0.82837,0,21.0938,95.7223,93.9723,95.6945,4404.5,1880,1338.36,970,1441.76,113.977,199.406,199.172,114.234,163.898,716.6,36.75,10.388,6.96801,11.1,90.75,100,100,0,-0.640625,60.7919,21,21,26.25
27.5,0,0,0,0,1.38196,0.99997,1.05808,4,1,1,0.820314,0,0.820314,0.829347,0,21.0938,95.6112,93.6112,95.1945,4409.75,1880,1336.21,970,1433.83,113.766,199.406,199.172,115.125,163.898,716.6,36.75,10.376,6.95734,11.056,90.75,100,100,0,-0.375,60.7919,21,21,26.25
27.533,0,0,0,0,1.3858,0.99997,1.06079,4,1,1,0.820314,0,0.820314,0.826661,0,21.0938,96.3056,93.8612,96.889,4418.75,1880,1338.98,970,1441.76,114.117,199.383,199.195,114.422,163.664,716.6,36.75,10.456,7.02401,11.136,90.75,100,100,0,-0.53125,60.7919,21,21,26.25
27.567,0,0,0,0,1.38989,0.99997,1.06223,4,1,1,0.820314,0,0.820314,0.825685,0,21.0938,96.2501,94.139,96.0001,4424,1880,1338.16,970,1441.76,114.047,199.289,199.195,112.969,163.688,716.6,36.75,10.46,7.02668,11.14,90.75,100,100,0,-0.203125,60.7919,21,21,26.25
27.6,0,0,0,0,1.38501,0.99997,1.06217,4,1,1,0.820314,0,0.820314,0.821046,0,21.0938,96.0279,93.8334,96.639,4432.5,1870,1336.33,970,1436.45,113.906,199.289,199.195,115.922,163.5,716.6,37.5,10.436,6.98668,11.116,90.75,100,100,0,-0.484375,60.7919,21,21,26.25
27.633,0,0,0,0,1.39661,0.99997,1.06162,4,1,1,0.820314,0,0.820314,0.817384,0,21.0938,96.639,99.0279,94.889,4440.25,1870,1331.8,970,1447.03,113.672,199.523,199.219,110.625,163.406,716.6,37.5,10.392,7.02668,11.072,90.75,100,100,0,-0.21875,60.7919,21,21,26.25
27.667,0,0,0,0,1.39172,0.99997,1.06046,4,1,1,0.820314,0,0.820314,0.815675,0,21.0938,95.9723,102.861,97.2501,4446.25,1870,1329.53,970,1444.41,113.484,199.289,199.219,115.547,163.43,718.553,37.5,10.36,6.95468,11.04,90.75,100,100,0,-0.703125,60.7919,21.75,21.75,26.25
27.7,0,0,0,0,1.37525,0.99997,1.06009,4,1,1,0.820314,0,0.820314,0.817384,0,21.0938,97.0001,94.0001,96.2779,4446.25,1870,1338.4,970,1433.83,114.281,199.289,199.219,115.031,163.289,718.553,37.5,10.468,7.03201,11.164,90.75,100,100,0,-0.234375,60.7919,21,21,26.25
27.733,0,0,0,0,1.39484,0.99997,1.05872,4,1,1,0.820314,0,0.820314,0.816408,0,21.0938,96.9445,100.667,95.7223,4453.5,1860,1329.22,970,1449.61,113.531,199.383,199.242,110.813,163.148,718.553,37.5,10.34,6.98668,11.036,90.75,100,100,0,-0.453125,60.7919,21,21,26.25
27.767,0,0,0,0,1.38538,0.99997,1.05789,4,1,1,0.820314,0,0.820314,0.811769,0,21.0938,96.7223,95.5834,98.0001,4459.5,1860,1334.96,970,1441.76,114.188,199.5,199.266,115.172,163.125,718.553,37.5,10.416,6.96801,11.112,90.75,100,100,0,0,60.7919,21,21,26.25
27.8,0,0,0,0,1.36633,0.99997,1.05661,4,1,1,0.820314,0,0.820314,0.81006,0,21.0938,98.0556,93.3612,97.3612,4466.25,1860,1344.38,970,1417.97,115.031,199.5,199.266,117.281,162.984,718.553,37.5,10.564,7.06668,11.244,91.5,100,100,0,-0.640625,60.7919,21,21,26.25
27.833,0,0,0,0,1.38294,0.99997,1.05457,4,1,1,0.820314,0,0.820314,0.812745,0,21.0938,97.2779,95.4167,97.2779,4471.5,1890,1331.21,970,1436.45,113.977,199.547,199.289,114.281,165.75,718.553,37.5,10.34,6.95734,11.02,91.5,100,100,0,-0.5625,60.7919,20.25,20.25,26.25
27.867,0,0,0,0,1.38489,0.99997,1.05325,4,1,1,0.820314,0,0.820314,0.811036,0,21.0938,97.4167,97.3056,97.7779,4481.5,1890,1332.38,970,1433.83,114.07,199.266,199.289,115.734,165.703,720.506,37.5,10.344,6.95201,11.024,91.5,100,100,0,-0.234375,60.7919,19.5,19.5,18.75
27.9,0,0,0,0,1.39447,0.99997,1.05304,4,1,1,0.820314,0,0.820314,0.813722,0,21.0938,97.7501,100.639,98.1112,4484.75,1890,1334.14,970,1444.38,114.211,199.266,199.289,113.414,165.563,720.506,37.5,10.36,6.97334,11.04,90.75,100,100,0,0.03125,60.7919,20.25,20.25,18.75
27.933,0,0,0,0,1.37805,0.99997,1.05206,4,1,1,0.820314,0,0.820314,0.816408,0,21.0938,98.639,94.9723,97.4167,4494.25,1880,1340.78,970,1428.52,114.984,199.547,199.289,116.063,165.422,720.506,37.5,10.448,7.03201,11.128,90.75,100,100,0,-0.765625,60.7919,20.25,20.25,18.75
27.967,0,0,0,0,1.38532,0.99997,1.05328,4,1,1,0.820314,0,0.820314,0.82007,0,21.0938,98.7501,95.5001,97.7779,4495,1880,1341.72,970,1436.45,115.242,199.617,199.313,112.945,165.422,720.506,37.5,10.516,7.07201,11.196,90.75,100,100,0,-0.71875,60.7919,20.25,20.25,18.75
28,0,0,0,0,1.39111,0.99997,1.05362,4,1,1,0.820314,0,0.820314,0.821046,0,21.0938,98.0001,102.139,98.2501,4500.25,1880,1329.61,970,1439.1,114.094,199.617,199.313,114.07,165.305,720.506,37.5,10.34,6.95734,11.02,90.75,100,100,0,-0.140625,60.7919,20.25,20.25,18.75
28.033,0,0,0,0,1.38855,0.99997,1.0553,4,1,1,0.820314,0,0.820314,0.822999,0,21.0938,98.2223,99.3334,97.7223,4507,1880,1329.38,970,1439.06,114.164,199.523,199.336,113.32,165.211,720.506,37.5,10.368,6.97868,11.048,90.75,100,100,0,-0.3125,60.7919,20.25,20.25,18.75
28.067,0,0,0,0,1.38965,0.99997,1.05655,4,1,1,0.820314,0,0.820314,0.823732,0,21.0938,98.2779,102.833,98.139,4515.25,1880,1328.28,970,1439.1,114.094,199.406,199.336,115.055,165.211,722.537,37.5,10.376,6.98134,11.056,90.75,100,100,0,-0.5625,60.7919,20.25,20.25,18.75
28.1,0,0,0,0,1.38678,0.99997,1.05734,4,0.982912,1,0.820314,0,0.820314,0.824708,0,21.0938,98.639,97.4167,97.889,4523.5,1880,1330.2,970,1444.34,114.258,199.406,199.336,112.945,165.047,722.537,37.5,10.404,7.00268,11.072,90.75,100,100,0,-0.28125,60.7919,20.25,20.25,18.75
28.133,0,0,0,0,1.39929,0.99997,1.05771,4,0.982912,1,0.820314,0,0.820314,0.82007,0,21.0938,98.8612,104.556,98.8612,4528.25,1870,1330.35,970,1454.96,114.375,199.547,199.336,111.445,164.953,722.537,37.5,10.408,7.00801,11.076,90.75,100,100,0,0.03125,60.7919,21,21,18.75
28.167,0,0,0,0,1.37549,0.99997,1.05826,4,0.982912,1,0.820314,0,0.820314,0.821046,0,21.0938,99.0834,95.7223,98.7501,4528.25,1840,1337.77,970,1433.87,115.195,199.594,199.336,116.508,162.023,722.537,37.5,10.532,7.03734,11.2,90.75,100,100,0,-0.6875,60.7919,21,21,26.25
28.2,0,0,0,0,1.3841,0.99997,1.05823,4,0.981447,1,0.820314,0,0.820314,0.82007,0,21.0938,99.4445,96.3334,98.0001,4540.5,1840,1332.81,970,1439.1,114.727,199.594,199.336,113.953,162,722.537,37.5,10.46,7.05334,11.14,90.75,100,100,0,-0.359375,60.7919,21,21,26.25
28.233,0,0,0,0,1.39185,0.99997,1.05869,4,0.981447,1,0.820314,0,0.820314,0.822023,0,21.0938,99.6667,100.528,99.3056,4549.5,1840,1333.13,970,1441.76,114.844,199.523,199.359,114.094,161.977,722.537,37.5,10.48,7.06401,11.16,90.75,100,100,0,-0.59375,60.7919,21,21,26.25
28.267,0,0,0,0,1.38898,0.99997,1.06024,4,0.981447,1,0.820314,0,0.820314,0.826661,0,21.0938,99.6667,101.195,99.1112,4549.5,1840,1331.45,970,1436.45,114.727,199.477,199.359,115.43,161.977,724.725,37.5,10.476,7.04268,11.156,90.75,100,100,0,-0.375,60.7919,21,21,26.25
28.3,0,0,0,0,1.39496,0.99997,1.06122,4,0.979738,1,0.820314,0,0.820314,0.825685,0,21.0938,99.3056,108.417,99.1112,4555.75,1840,1323.55,970,1446.99,114,199.477,199.359,112.992,161.93,724.725,37.5,10.404,7.01068,11.084,90.75,100,100,0,-0.34375,60.7919,21,21,26.25
28.333,0,0,0,0,1.38739,0.99997,1.06152,4,0.979738,1,0.820314,0,0.820314,0.818361,0,21.0938,99.889,100.195,98.389,4561.25,1830,1326.09,970,1444.34,114.328,199.57,199.359,112.289,161.859,724.725,37.5,10.44,7.05334,11.12,90.75,100,100,0,-0.1875,60.7919,21,21,26.25
28.367,0,0,0,0,1.36939,0.99997,1.06058,4,0.979738,1,0.820314,0,0.820314,0.813722,0,21.0938,100.083,96.1112,100.472,4562,1830,1337.77,970,1423.24,115.57,199.641,199.359,118.945,161.836,724.725,37.5,10.58,7.08801,11.26,90.75,100,100,0,-0.609375,60.7919,21,21,26.25
28.4,0,0,0,0,1.39429,0.99997,1.0596,4,0.977785,1,0.820314,0,0.820314,0.813722,0,21.0938,100.583,102.445,99.889,4576.5,1830,1329.61,970,1444.34,114.797,199.641,199.359,111.703,161.813,724.725,37.5,10.46,7.10668,11.148,90.75,100,100,0,-0.515625,60.7919,21,21,26.25
28.433,0,0,0,0,1.38879,0.99997,1.05673,4,0.977785,1,0.820314,0,0.820314,0.811769,0,21.0938,100.139,104.639,99.6112,4584.25,1830,1323.98,970,1439.1,114.398,199.594,199.383,113.109,161.859,724.725,37.5,10.392,7.01868,11.08,90.75,100,100,0,-0.640625,60.7919,21,21,26.25
28.467,0,0,0,0,1.38239,0.99997,1.05463,4,0.977785,1,0.820314,0,0.820314,0.809083,0,21.0938,99.9723,103.306,100.333,4581.5,1830,1321.88,970,1439.1,114.281,199.523,199.383,114.586,161.766,726.814,37.5,10.368,6.98134,11.056,90.75,100,100,0,-0.1875,60.7919,21,21,26.25
28.5,0,0,0,0,1.37549,0.99997,1.05356,4,0.975832,1,0.820314,0,0.820314,0.811769,0,21.0938,100.306,96.5279,100,4589.25,1830,1324.88,970,1433.83,114.539,199.523,199.383,115.242,161.742,726.814,37.5,10.396,6.99468,11.084,90.75,100,100,0,-0.203125,60.7919,21,21,26.25
28.533,0,0,0,0,1.37299,0.99997,1.05472,4,0.975832,1,0.820314,0,0.820314,0.822999,0,21.0938,100.722,96.3334,99.389,4595.5,1830,1326.91,970,1425.9,114.867,199.641,199.383,115.336,161.719,726.814,37.5,10.444,7.03201,11.132,90.75,100,100,0,-0.71875,60.7919,21,21,26.25
28.567,0,0,0,0,1.3869,0.99997,1.05603,4,0.975832,1,0.820314,0,0.820314,0.825685,0,21.0938,100.528,106.195,98.389,4601,1830,1317.54,970,1436.45,114,199.406,199.383,111.586,161.742,726.814,37.5,10.352,7.00534,11.04,90.75,100,100,0,-0.921875,60.7919,21,21,26.25
28.6,0,0,0,0,1.37323,0.99997,1.0578,4,0.974855,1,0.820314,0,0.820314,0.822999,0,21.0938,100.306,100.861,100,4606.75,1830,1318.01,970,1431.17,114.023,199.406,199.383,114.492,161.695,726.814,37.5,10.356,6.96534,11.036,90.75,99.6079,100,0,-0.0625,60.7919,21,21,26.25
28.633,0,0,0,0,1.37628,0.99997,1.06107,4,0.974855,1,0.820314,0,0.820314,0.82837,0,21.0938,100.722,101.083,100.611,4613.75,1820,1319.06,970,1431.17,114.258,199.617,199.406,114.094,161.648,726.814,37.5,10.416,7.03201,11.096,90.75,100,100,0,-0.28125,60.7919,21,21,26.25
28.667,0,0,0,0,1.37604,0.99997,1.0618,4,0.974855,1,0.820314,0,0.820314,0.827638,0,21.0938,100.306,103.75,100.611,4616.75,1820,1315.35,970,1433.83,114.047,199.664,199.406,113.906,161.578,728.865,37.5,10.4,6.98668,11.08,90.75,100,100,0,-0.84375,60.7919,21,21,26.25
28.7,0,0,0,0,1.36737,0.99997,1.06293,4,0.973634,1,0.820314,0,0.820314,0.823732,0,21.0938,100.833,96.8056,100.5,4628,1820,1318.59,970,1428.52,114.352,199.664,199.406,114.609,161.555,728.865,37.5,10.448,7.03201,11.128,90.75,100,100,0,-0.765625,60.7919,21,21,26.25
28.733,0,0,0,0,1.38141,0.99997,1.06397,4,0.973634,1,0.820314,0,0.820314,0.822023,0,21.0938,101.056,105.833,100.611,4633.75,1820,1314.3,970,1439.06,114.023,199.547,199.406,111.938,161.555,728.865,37.5,10.412,7.04001,11.092,90.75,100,100,0,-0.625,60.7919,21,21,26.25
28.767,0,0,0,0,1.3786,0.99997,1.06513,4,0.973634,1,0.820314,0,0.820314,0.825685,0,21.0938,100.889,109,101.75,4633,1820,1310.78,970,1439.1,113.813,199.617,199.43,114.211,161.555,728.865,37.5,10.408,7.01068,11.088,90.75,100,100,0,-0.390625,60.7919,21,21,26.25
28.8,0,0,0,0,1.35034,0.99997,1.06592,4,0.971925,1,0.820314,0,0.820314,0.825685,0,21.0938,101.361,95.5556,102.139,4641.75,1820,1325.51,970,1412.73,115.172,199.617,199.43,120.023,161.484,728.865,37.5,10.572,7.11734,11.268,90.75,100,100,0,-0.875,60.7919,21,21,26.25
28.833,0,0,0,0,1.3703,0.99997,1.06677,4,0.971925,1,0.820314,0,0.820314,0.822999,0,21.0938,101.278,99.6945,101.222,4650.25,1820,1317.27,970,1428.52,114.234,199.172,199.43,114.469,161.484,728.865,37.5,10.468,7.04001,11.164,90.75,100,100,0,-0.90625,60.7919,21,21,26.25
28.867,0,0,0,0,1.37805,0.99997,1.06625,4,0.971925,1,0.820314,0,0.820314,0.817384,0,21.0938,101.806,102.083,100.75,4655.25,1820,1316.52,970,1433.79,114.211,199.523,199.43,111.211,161.484,730.701,37.5,10.476,7.07468,11.172,90.75,100,100,0,-0.734375,60.7919,21,21,26.25
28.9,0,0,0,0,1.37872,0.99997,1.06656,4,0.970705,1,0.820314,0,0.820314,0.817384,0,21.0938,101.222,108.25,101.389,4658.25,1820,1310.35,970,1433.79,113.625,199.523,199.43,112.922,161.484,730.701,38.25,10.4,7.00534,11.08,91.5,100,100,0,-0.328125,60.7919,21,21,26.25
28.933,0,0,0,0,1.37158,0.99997,1.064,4,0.970705,1,0.820314,0,0.820314,0.812745,0,21.0938,102.222,97.9167,102.139,4665.5,1810,1319.65,970,1428.52,114.656,199.758,199.43,114.188,161.391,730.701,38.25,10.496,7.07201,11.176,91.5,100,100,0,-0.546875,60.7919,21,21,26.25
28.967,0,0,0,0,1.36914,0.99997,1.06195,4,0.970705,1,0.820314,0,0.820314,0.811036,0,21.0938,101.639,97.6945,100.917,4671.25,1810,1317.19,970,1425.9,114.469,199.5,199.453,114.117,161.391,730.701,38.25,10.452,7.01068,11.132,91.5,99.6079,100,0,-0.953125,60.7919,21,21,26.25
29,0,0,0,0,1.37256,0.99997,1.05975,4,0.968751,1,0.820314,0,0.820314,0.809083,0,21.0938,102.5,98.9167,102.389,4678.5,1810,1320.66,970,1425.86,114.773,199.5,199.453,114.914,161.367,730.701,38.25,10.472,7.04801,11.168,90.75,99.6079,100,0,-0.515625,60.7919,21,21,26.25
29.033,0,0,0,0,1.37463,0.99997,1.0575,4,0.968751,1,0.820314,0,0.820314,0.81006,0,21.0938,102.278,105.445,101.945,4682.25,1810,1314.73,970,1425.9,114.328,199.641,199.453,114.492,161.367,730.701,38.25,10.388,6.98668,11.084,90.75,99.6079,100,0,-0.640625,60.7919,21,21,26.25
29.067,0,0,0,0,1.37085,0.99997,1.05853,4,0.968751,1,0.820314,0,0.820314,0.818361,0,21.0938,102.389,99.6945,101.945,4685.25,1810,1317.93,970,1425.9,114.75,199.711,199.453,114.469,161.32,732.635,38.25,10.468,7.00801,11.164,90.75,100,100,0,-0.3125,60.7919,21,21,26.25
29.1,0,0,0,0,1.36255,0.99997,1.05762,4,0.966066,1,0.820314,0,0.820314,0.818361,0,21.0938,102.5,98.139,102.389,4696.25,1810,1318.59,970,1415.35,114.797,199.711,199.453,117.516,161.32,732.635,38.25,10.456,6.99734,11.136,90.75,100,100,0,-0.765625,60.7919,21,21,26.25
29.133,0,0,0,0,1.38635,0.99997,1.05899,4,0.966066,1,0.820314,0,0.820314,0.818361,0,21.0938,103.083,109.833,102.528,4705,1810,1314.06,970,1441.72,114.422,199.547,199.453,111.234,161.273,732.635,38.25,10.412,7.00534,11.092,90.75,100,100,0,-0.4375,60.7919,21,21,26.25
29.167,0,0,0,0,1.36426,0.99997,1.05957,4,0.966066,1,0.820314,0,0.820314,0.818361,0,21.0938,103.333,98.3056,103.306,4702.75,1810,1326.99,970,1423.24,115.781,199.734,199.477,115.359,161.227,732.635,38.25,10.608,7.07468,11.288,90.75,100,100,0,-0.953125,60.7919,21,21,25.5
29.2,0,0,0,0,1.36841,0.99997,1.05859,4,0.963869,1,0.820314,0,0.820314,0.815675,0,21.0938,103.306,98.5834,102.528,4713.25,1810,1317.3,970,1423.24,114.844,199.734,199.477,114.563,161.18,732.635,38.25,10.444,7.03201,11.14,91.5,100,100,0,-0.390625,60.7919,21,21,26.25
29.233,0,0,0,0,1.37232,0.99997,1.05728,4,0.963869,1,0.820314,0,0.820314,0.813722,0,21.0938,102.695,107.889,102.278,4722,1800,1309.61,970,1423.28,114.211,199.664,199.477,115.172,161.18,732.635,38.25,10.372,6.97068,11.068,91.5,99.6079,100,0,-0.84375,60.7919,21,21,26.25
29.267,0,0,0,0,1.37561,0.99997,1.05628,4,0.963869,1,0.820314,0,0.820314,0.813722,0,21.0938,103.028,109.833,102.917,4721.25,1800,1307.77,970,1433.83,114.164,199.711,199.477,113.297,161.203,734.607,38.25,10.368,6.98668,11.064,91.5,99.6079,100,0,-0.390625,60.7919,21,21,26.25
29.3,0,0,0,0,1.37012,0.99997,1.05539,4,0.96216,1,0.820314,0,0.820314,0.812745,0,21.0938,102.806,108.556,103,4726.5,1800,1305.74,970,1433.83,113.977,199.711,199.477,115.242,161.109,734.607,38.25,10.368,6.95201,11.048,90.75,99.6079,100,0,-0.46875,60.7919,21,21,26.25
29.333,0,0,0,0,1.35407,0.99997,1.0557,4,0.96216,1,0.820314,0,0.820314,0.821046,0,21.0938,103.972,98.3334,101.945,4739.25,1800,1316.99,970,1418.01,115.102,199.641,199.477,115.383,161.086,734.607,38.25,10.468,7.04534,11.148,90.75,100,100,0,-0.578125,60.7919,21,21,26.25
29.367,0,0,0,0,1.36267,0.99997,1.05658,4,0.96216,1,0.820314,0,0.820314,0.823732,0,21.0938,103.889,98.9723,103.806,4739.25,1800,1316.91,970,1423.28,115.219,199.688,199.5,115.711,161.086,734.607,38.25,10.488,7.03201,11.168,90.75,100,100,0,-0.625,60.7919,21,21,26.25
29.4,0,0,0,0,1.36975,0.99997,1.05777,4,0.959962,1,0.820314,0,0.820314,0.82007,0,21.0938,103.889,104.167,104.333,4742.25,1800,1313.4,970,1425.9,114.867,199.688,199.5,116.086,161.039,734.607,38.25,10.448,7.00801,11.128,91.5,100,100,0,-0.828125,60.7919,21,21,26.25
29.433,0,0,0,0,1.36255,0.99997,1.05756,4,0.959962,1,0.820314,0,0.820314,0.815675,0,21.0938,104.639,98.9445,102.25,4755,1800,1316.91,970,1415.35,115.313,199.734,199.5,115.031,161.016,734.607,38.25,10.5,7.07468,11.18,91.5,100,100,0,-0.625,60.7919,21,21,26.25
29.467,0,0,0,0,1.37091,0.99997,1.05612,4,0.959962,1,0.820314,0,0.820314,0.812745,0,21.0938,103.972,107.778,103.611,4759.5,1800,1308.28,970,1423.28,114.492,199.523,199.5,115.148,161.039,736.463,38.25,10.388,7.00001,11.068,91.5,100,100,0,-0.703125,60.7919,21,21,26.25
29.5,0,0,0,0,1.37286,0.99997,1.05365,4,0.957765,1,0.820314,0,0.820314,0.809083,0,21.0938,103.833,110.5,104.472,4761,1800,1305.74,970,1431.17,114.258,199.523,199.5,114.563,160.992,736.463,38.25,10.356,6.96001,11.044,90.75,100,100,0,-0.484375,60.7919,21,21,26.25
29.533,0,0,0,0,1.36572,0.99997,1.04965,4,0.957765,1,0.820314,0,0.820314,0.805421,0,21.0938,104.028,106.417,103.306,4767,1790,1304.8,970,1431.13,114.352,199.852,199.523,113.273,160.945,736.463,38.25,10.316,6.94134,11.004,90.75,100,100,0,-0.875,60.7919,21,21,26.25
29.567,0,0,0,0,1.36591,0.99997,1.04837,4,0.957765,1,0.820314,0,0.820314,0.811036,0,21.0938,104.472,103.722,104.833,4778.5,1790,1308.98,970,1431.13,114.773,199.57,199.523,114.633,160.945,736.463,38.25,10.376,6.96268,11.064,90.75,100,100,0,-0.359375,60.7919,21,21,26.25
29.6,0,0,0,0,1.36194,0.99997,1.04773,4,0.955812,1,0.820314,0,0.820314,0.814699,0,21.0938,104.778,100.611,104.972,4778.5,1790,1310.39,970,1425.9,114.891,199.57,199.523,115.078,160.875,736.463,39,10.376,6.97068,11.056,91.5,100,100,0,-0.78125,60.7919,21,21,26.25
29.633,0,0,0,0,1.36853,0.99997,1.04794,4,0.955812,1,0.820314,0,0.820314,0.818361,0,21.0938,104.889,107.5,104.639,4783.75,1790,1306.05,970,1428.52,114.656,199.852,199.523,114.281,160.875,736.463,39,10.348,6.94934,11.028,91.5,100,100,0,-0.46875,60.7919,21,21,26.25
29.667,0,0,0,0,1.35199,0.99997,1.04898,4,0.955812,1,0.820314,0,0.820314,0.821046,0,21.0938,104.778,98.9167,105.417,4794.5,1790,1310.78,970,1415.31,115.102,199.57,199.523,118.219,160.828,738.279,39,10.416,6.94934,11.096,91.5,99.6079,100,0,-0.328125,60.7919,21,21,26.25
29.7,0,0,0,0,1.36133,0.99997,1.04962,4,0.953859,1,0.820314,0,0.820314,0.819337,0,21.0938,105.056,102.445,104.195,4796.75,1790,1307.27,970,1420.63,114.773,199.57,199.523,115.523,160.852,738.279,39,10.368,6.96001,11.064,90.75,100,100,0,-0.375,60.7919,21,21,26.25
29.733,0,0,0,0,1.354,0.99997,1.05142,4,0.953859,1,0.820314,0,0.820314,0.823732,0,21.0938,105.278,99.8056,104.333,4801.5,1790,1307.73,970,1417.97,114.961,199.828,199.547,116.18,160.805,738.279,39,10.424,7.00001,11.12,90.75,100,100,0,-0.203125,60.7919,21,21,26.25
29.767,0,0,0,0,1.36994,0.99997,1.05353,4,0.953859,1,0.820314,0,0.820314,0.829347,0,21.0938,105.417,109.278,105.5,4813.75,1790,1304.88,970,1431.13,114.727,199.617,199.547,113.742,160.781,738.279,39,10.396,6.99468,11.092,90.75,100,100,0,-0.375,60.7919,21,21,26.25
29.8,0,0,0,0,1.36285,0.99997,1.05655,4,0.951173,1,0.820314,0,0.820314,0.8313,0,21.0938,105.75,103.306,104.639,4811.5,1790,1306.21,970,1425.9,114.844,199.617,199.547,113.766,160.805,738.279,39,10.428,7.03468,11.116,90.75,100,100,0,-0.046875,60.7919,21,21,26.25
29.833,0,0,0,0,1.35431,0.99997,1.05774,4,0.951173,1,0.820314,0,0.820314,0.821046,0,21.0938,105.806,99.8334,104.639,4818.5,1780,1306.45,970,1420.63,115.031,199.828,199.547,114.563,160.688,738.279,39,10.46,7.02934,11.148,90.75,100,100,0,-0.5625,60.7919,21,21,26.25
29.867,0,0,0,0,1.35931,0.99997,1.0574,4,0.951173,1,0.820314,0,0.820314,0.815675,0,21.0938,105.695,103.945,105.25,4830.75,1780,1303.32,970,1420.63,114.773,199.641,199.547,115.055,160.688,740.213,39,10.444,7.01601,11.132,90.75,100,100,0,-0.375,60.7919,21,21,26.25
29.9,0,0,0,0,1.36151,0.99997,1.05719,4,0.948488,1,0.820314,0,0.820314,0.821046,0,21.0938,105.417,108.611,105.889,4829.25,1780,1300.47,970,1423.28,114.492,199.641,199.547,115.945,160.641,740.213,39,10.384,6.98401,11.08,90.75,100,100,0,-0.140625,60.7919,21,21,26.25
29.933,0,0,0,0,1.35809,0.99997,1.05536,4,0.948488,1,0.820314,0,0.820314,0.816408,0,21.0938,105.75,105.695,106.333,4840.25,1780,1301.6,970,1423.24,114.75,199.805,199.57,115.641,160.617,740.213,39,10.412,6.97601,11.108,90.75,100,100,0,-0.6875,60.7919,21,21,26.25
29.967,0,0,0,0,1.35407,0.99997,1.05508,4,0.948488,1,0.820314,0,0.820314,0.814699,0,21.0938,105.972,103.472,105.583,4845.5,1780,1302.15,970,1418.01,114.844,199.664,199.57,116.039,160.617,740.213,39,10.424,6.97868,11.12,90.75,100,100,0,-0.578125,60.7919,21,21,26.25
30,0,0,0,0,1.35895,0.99997,1.05411,4,0.946291,1,0.820314,0,0.820314,0.815675,0,21.0938,106.445,104.806,105.417,4846.5,1780,1301.88,970,1423.24,114.797,199.664,199.57,113.813,160.594,740.213,39,10.416,7.01068,11.112,90.75,100,100,0,-0.71875,60.7919,21,21,26.25
30.033,0,0,0,0,1.35181,0.99997,1.05444,4,0.946291,1,0.820314,0,0.820314,0.819337,0,21.0938,106.639,100.472,106.472,4859.75,1780,1305.35,970,1415.31,115.289,199.875,199.57,116.25,160.547,740.213,39,10.48,7.01868,11.176,90.75,100,100,0,-0.078125,60.7919,21,21,26.25
30.067,0,0,0,0,1.36151,0.99997,1.05481,4,0.946291,1,0.820314,0,0.820314,0.822023,0,21.0938,106.556,107.75,107.278,4857.5,1780,1302.54,970,1423.24,115.102,199.688,199.57,116.016,160.57,742.166,39,10.432,7.01068,11.128,90.75,100,100,0,-0.484375,60.7919,21,21,26.25
30.1,0,0,0,0,1.35803,0.99997,1.05518,4,0.942873,1,0.820314,0,0.820314,0.817384,0,21.0938,107.333,100.917,106.167,4865.25,1770,1308.09,970,1420.63,115.594,199.688,199.57,114.047,160.547,742.166,39,10.516,7.07468,11.196,91.5,100,100,0,-0.671875,60.7919,21,21,25.5
30.133,0,0,0,0,1.35382,0.99997,1.05512,4,0.942873,1,0.820314,0,0.820314,0.816408,0,21.0938,106.389,104.389,106.028,4878,1780,1300.04,970,1415.35,114.656,199.266,199.594,115.898,160.477,742.166,39,10.396,6.96801,11.076,91.5,100,100,0,-0.5,60.7919,21,21,26.25
30.167,0,0,0,0,1.36139,0.99997,1.05295,4,0.942873,1,0.820314,0,0.820314,0.811769,0,21.0938,106.639,111.25,106.278,4874,1780,1295.31,970,1425.9,114.281,199.734,199.594,114.094,160.5,742.166,39,10.34,6.97068,11.02,91.5,100,100,0,-0.203125,60.7919,21,21,26.25
30.2,0,0,0,0,1.34857,0.99997,1.05289,4,0.941164,1,0.820314,0,0.820314,0.816408,0,21.0938,106.611,101.139,107.083,4885.75,1770,1299.65,970,1417.97,114.68,199.734,199.594,116.156,160.406,742.166,39,10.396,6.95468,11.076,90.75,100,100,0,0.09375,60.7919,21,21,26.25
30.233,0,0,0,0,1.36151,0.99997,1.05212,4,0.941164,1,0.820314,0,0.820314,0.817384,0,21.0938,106.972,110.306,105.25,4893.75,1800,1294.02,970,1425.9,114.234,199.781,199.594,111.867,163.359,742.166,39,10.324,6.96801,11.004,90.75,100,100,0,-0.34375,60.7919,20.25,20.25,26.25
30.267,0,0,0,0,1.35199,0.99997,1.05447,4,0.941164,1,0.820314,0,0.820314,0.822999,0,21.0938,106.806,104.083,105.75,4892.25,1800,1295.47,970,1423.24,114.492,199.805,199.594,113.484,163.313,744.002,39,10.38,6.96534,11.06,90.75,100,100,0,-0.265625,60.7919,20.25,20.25,18.75
30.3,0,0,0,0,1.3548,0.99997,1.05521,4,0.93921,1,0.820314,0,0.820314,0.822023,0,21.0938,106.556,110.667,107.722,4900.25,1800,1292.77,970,1425.9,114.211,199.805,199.594,115.547,163.266,744.002,39,10.364,6.93068,11.044,91.5,100,100,0,-0.3125,60.7919,21,21,18.75
30.333,0,0,0,0,1.34729,0.99997,1.05658,4,0.93921,1,0.820314,0,0.820314,0.822023,0,21.0938,107.722,100.833,106.556,4905.75,1770,1299.65,970,1417.97,114.938,199.711,199.617,115.148,160.336,744.002,39,10.444,7.01601,11.124,91.5,100,100,0,0.234375,60.7919,21,21,26.25
30.367,0,0,0,0,1.35596,0.99997,1.05707,4,0.93921,1,0.820314,0,0.820314,0.822023,0,21.0938,107.333,107.195,107.417,4908.25,1770,1296.68,970,1423.24,114.773,199.852,199.617,114.352,160.313,744.002,39,10.432,6.99468,11.112,91.5,100,100,0,-0.015625,60.7919,21,21,26.25
30.4,0,0,0,0,1.35779,0.99997,1.05707,4,0.937501,1,0.820314,0,0.820314,0.819337,0,21.0938,107.306,110.917,107.111,4916.25,1770,1292.38,970,1425.86,114.352,199.852,199.617,113.766,160.313,744.002,39,10.376,6.97068,11.08,90.75,100,100,0,-0.25,60.7919,21,21,26.25
30.433,0,0,0,0,1.35443,0.99997,1.05591,4,0.937501,1,0.820314,0,0.820314,0.815675,0,21.0938,107.889,107.833,106.472,4922,1770,1293.71,970,1425.86,114.539,199.734,199.617,112.992,160.266,744.002,39,10.384,7.00801,11.088,90.75,100,100,0,-0.234375,60.7919,21,21,26.25
30.467,0,0,0,0,1.35864,0.99997,1.05405,4,0.937501,1,0.820314,0,0.820314,0.811769,0,21.0938,107.833,112.667,108.695,4932.5,1770,1292.93,970,1428.48,114.563,199.805,199.617,114.68,160.242,745.955,39,10.376,6.99201,11.08,90.75,100,100,0,0,60.7919,21,21,26.25
30.5,0,0,0,0,1.34741,0.99997,1.05411,4,0.934328,1,0.820314,0,0.820314,0.815675,0,21.0938,108.25,102.583,107.722,4933.25,1770,1296.76,970,1417.97,114.914,199.805,199.617,115.242,160.195,745.955,39,10.424,6.99201,11.104,90.75,100,100,0,0.140625,60.7919,21,21,26.25
30.533,0,0,0,0,1.35577,0.99997,1.05338,4,0.934328,1,0.820314,0,0.820314,0.819337,0,21.0938,108.472,108.861,108.361,4937.25,1760,1296.09,970,1420.63,114.984,199.875,199.641,114.867,160.172,745.955,39,10.432,7.00001,11.112,90.75,100,100,0,-0.015625,60.7919,21,21,26.25
30.567,0,0,0,0,1.35803,0.99997,1.05371,4,0.934328,1,0.820314,0,0.820314,0.819337,0,21.0938,108.528,109.056,107.889,4945.5,1760,1296.21,970,1423.2,115.008,199.688,199.641,113.695,160.148,745.955,39,10.416,6.99734,11.096,90.75,100,100,0,-0.109375,60.7919,21,21,26.25
30.6,0,0,0,0,1.34613,0.99997,1.05362,4,0.930421,1,0.820314,0,0.820314,0.815675,0,21.0938,109.056,101.5,107.583,4948.75,1760,1301.29,970,1410.04,115.477,199.688,199.641,115.828,160.125,745.955,39,10.46,7.03201,11.128,90.75,100,100,0,-0.09375,60.7919,21,21,26.25
30.633,0,0,0,0,1.36084,0.99997,1.05325,4,0.930421,1,0.820314,0,0.820314,0.818361,0,21.0938,108.417,115.417,107.417,4959.25,1790,1288.2,970,1423.2,114.375,199.922,199.641,112.922,163.055,745.955,39,10.356,6.95734,11.024,90.75,100,100,0,-0.21875,60.7919,20.25,20.25,26.25
30.667,0,0,0,0,1.34931,0.99997,1.05289,4,0.930421,1,0.820314,0,0.820314,0.821046,0,21.0938,107.833,109.111,108.667,4961,1790,1290.47,970,1420.63,114.68,199.805,199.641,115.43,163.078,747.83,39,10.4,6.93868,11.068,90.75,100,100,0,0.03125,60.7919,20.25,20.25,18.75
30.7,0,0,0,0,1.34869,0.99997,1.05368,4,0.92798,1,0.820314,0,0.820314,0.82007,0,21.0938,109.167,104.389,108.361,4971,1790,1294.8,970,1420.63,115.078,199.805,199.641,114.797,163.008,747.83,39,10.44,7.01601,11.136,90.75,100,100,0,-0.078125,60.7919,21,21,18.75
30.733,0,0,0,0,1.33936,0.99997,1.05609,4,0.92798,1,0.820314,0,0.820314,0.825685,0,21.0938,109.472,101.695,109.306,4975,1790,1300.63,970,1407.38,115.711,199.781,199.664,117.984,162.938,747.83,39,10.52,7.07468,11.216,90.75,100,100,0,0.21875,60.7919,20.25,20.25,26.25
30.767,0,0,0,0,1.35614,0.99997,1.05551,4,0.92798,1,0.820314,0,0.820314,0.821046,0,21.0938,109.528,110.583,108.833,4975,1790,1295,970,1417.97,115.266,199.828,199.664,114.914,162.914,747.83,39,10.452,7.02934,11.148,90.75,100,100,0,0.3125,60.7919,20.25,20.25,18.75
30.8,0,0,0,0,1.35938,0.99997,1.0557,4,0.926027,1,0.820314,0,0.820314,0.816408,0,21.0938,109.361,114.417,109.778,4986.5,1790,1291.52,970,1423.2,114.914,199.828,199.664,114.516,162.914,747.83,39,10.42,7.00001,11.1,90.75,100,100,0,0.34375,60.7919,20.25,20.25,18.75
30.833,0,0,0,0,1.35455,0.99997,1.05441,4,0.926027,1,0.820314,0,0.820314,0.815675,0,21.0938,109.361,113.111,108.139,4990,1780,1287.3,970,1423.24,114.609,199.828,199.664,113.555,162.891,747.83,39,10.388,6.98934,11.068,90.75,100,100,0,0.5,60.7919,21,21,18.75
30.867,0,0,0,0,1.33667,0.99997,1.05216,4,0.926027,1,0.820314,0,0.820314,0.811769,0,21.0938,109,101.5,109.445,4999,1750,1291.91,970,1410.04,115.125,199.805,199.664,117.773,159.914,749.705,39,10.444,6.95734,11.124,90.75,100,100,0,0.171875,60.7919,21,21,26.25
30.9,0,0,0,0,1.35712,0.99997,1.05072,4,0.922365,1,0.820314,0,0.820314,0.812745,0,21.0938,110.389,109.75,109.917,5000,1780,1292.27,970,1425.86,115.125,199.805,199.664,112.5,162.867,749.705,39.75,10.392,7.02668,11.072,90.75,100,100,0,0.421875,60.7919,20.25,20.25,18.75
30.933,0,0,0,0,1.3432,0.99997,1.05048,4,0.922365,1,0.820314,0,0.820314,0.819337,0,21.0938,110.278,102.833,109.306,5010.75,1780,1294.88,970,1412.7,115.453,199.828,199.688,115.852,162.773,749.705,39.75,10.448,7.01334,11.128,90.75,100,100,0,-0.125,60.7919,20.25,20.25,18.75
30.967,0,0,0,0,1.36054,0.99997,1.05231,4,0.922365,1,0.820314,0,0.820314,0.822023,0,21.0938,110.5,115.417,110.333,5010,1780,1292.27,970,1425.86,115.195,199.688,199.664,114.188,162.844,749.705,39.75,10.404,7.02401,11.084,90.75,100,100,0,0.5,60.7919,20.25,20.25,18
31,0,0,0,0,1.35584,0.99997,1.05255,4,0.919435,1,0.820314,0,0.820314,0.82007,0,21.0938,110.639,109.583,110.75,5017.5,1750,1296.33,970,1417.97,115.57,199.688,199.664,115.406,159.773,749.705,39.75,10.444,7.02668,11.14,91.5,100,100,0,0.46875,60.7919,20.25,20.25,24.75
31.033,0,0,0,0,1.35761,0.99997,1.05063,4,0.919435,1,0.820314,0,0.820314,0.811036,0,21.0938,110.278,113.389,111.056,5026.75,1750,1293.05,970,1423.24,114.961,199.195,199.664,114.563,159.703,749.705,39.75,10.388,6.96801,11.084,91.5,100,100,0,0.578125,60.7919,20.25,20.25,25.5
31.067,0,0,0,0,1.34735,0.99997,1.04953,4,0.919435,1,0.820314,0,0.820314,0.813722,0,21.0938,110,106.083,110.083,5031,1750,1296.95,970,1412.73,115.313,199.664,199.641,117.82,159.633,751.717,39.75,10.444,6.95201,11.14,91.5,100,100,0,0.171875,60.7919,20.25,20.25,25.5
31.1,0,0,0,0,1.35101,0.99997,1.04971,4,0.916261,1,0.820314,0,0.820314,0.82007,0,21.0938,111.083,104.389,110.75,5031.75,1750,1299.69,970,1417.97,115.57,199.664,199.641,115.875,159.539,751.717,39.75,10.444,7.01601,11.124,90.75,100,100,0,0.0625,60.7919,21,21,26.25
31.133,0,0,0,0,1.3501,0.99997,1.04962,4,0.916261,1,0.820314,0,0.820314,0.818361,0,21.0938,111.195,103.333,112.028,5038.5,1750,1303.16,970,1412.7,115.898,199.617,199.617,118.078,159.445,751.717,39.75,10.468,7.01068,11.148,90.75,100,100,0,0.078125,60.7919,20.25,20.25,25.5
31.167,0,0,0,0,1.36035,0.99997,1.04913,4,0.916261,1,0.820314,0,0.820314,0.814699,0,21.0938,111.25,114.361,110.75,5047.75,1750,1297.15,970,1417.97,115.289,199.641,199.617,115.688,159.445,751.717,39.75,10.388,6.98934,11.068,90.75,100,100,0,0.296875,60.7919,20.25,20.25,25.5
31.2,0,0,0,0,1.35657,0.99997,1.04822,4,0.912355,1,0.820314,0,0.820314,0.815675,0,21.0938,111.5,108.417,110.417,5050.5,1780,1298.83,970,1417.97,115.453,199.641,199.617,114.305,162.281,751.717,39.75,10.396,7.01601,11.076,91.5,100,100,0,0.3125,60.7919,20.25,20.25,18
31.233,0,0,0,0,1.35968,0.99997,1.04807,4,0.912355,1,0.820314,0,0.820314,0.819337,0,21.0938,111.306,112.472,112.028,5060.5,1780,1299.45,970,1415.31,115.477,199.617,199.594,116.578,162.188,751.717,39.75,10.412,6.97868,11.092,91.5,100,100,0,0.484375,60.7919,21,21,18.75
31.267,0,0,0,0,1.35999,0.99997,1.0477,4,0.912355,1,0.820314,0,0.820314,0.815675,0,21.0938,111.195,109.695,110.75,5061.5,1780,1300.59,970,1420.59,115.57,199.594,199.57,114.234,162.211,753.475,39.75,10.412,6.98668,11.092,91.5,100,100,0,0.015625,60.7919,20.25,20.25,25.5
31.3,0,0,0,0,1.3548,0.99997,1.04843,4,0.908449,1,0.820314,0,0.820314,0.818361,0,21.0938,112.25,104.333,111.695,5071.75,1780,1304.88,970,1412.7,115.945,199.594,199.57,115.617,162.117,753.475,39.75,10.468,7.04001,11.156,90.75,100,100,0,0.40625,60.7919,20.25,20.25,18
31.333,0,0,0,0,1.34528,0.99997,1.04761,4,0.908449,1,0.820314,0,0.820314,0.817384,0,21.0938,112.028,103.611,110.083,5074.25,1780,1303.79,970,1399.53,115.828,199.57,199.57,116.977,161.977,753.475,39.75,10.444,7.00001,11.132,90.75,100,100,0,0.03125,60.7919,19.5,19.5,18.75
31.367,0,0,0,0,1.36365,0.99997,1.04788,4,0.908449,1,0.820314,0,0.820314,0.816408,0,21.0938,111.667,113.695,111.222,5082,1780,1297.34,970,1417.97,115.172,199.57,199.547,113.109,161.977,753.475,39.75,10.368,6.97868,11.056,90.75,100,100,0,0.25,60.7919,19.5,19.5,18.75
31.4,0,0,0,0,1.36066,0.99997,1.04736,4,0.905275,1,0.820314,0,0.820314,0.817384,0,21.0938,111.972,113.278,111.695,5083.75,1780,1298.52,970,1415.31,115.266,199.57,199.547,114.938,161.906,753.475,39.75,10.364,6.97601,11.06,90.75,100,100,0,0.703125,60.7919,19.5,19.5,18.75
31.433,0,0,0,0,1.36615,0.99997,1.04822,4,0.905275,1,0.820314,0,0.820314,0.822023,0,21.0938,111.389,121.722,111.528,5095,1780,1290.55,970,1425.86,114.492,199.594,199.523,113.484,161.836,753.475,39.75,10.312,6.93068,11.008,90.75,100,100,0,0.046875,60.7919,19.5,19.5,18.75
31.467,0,0,0,0,1.35236,0.99997,1.04834,4,0.905275,1,0.820314,0,0.820314,0.819337,0,21.0938,111.306,110.695,112.667,5095,1780,1296.05,970,1420.63,115.008,199.5,199.5,116.391,161.836,755.174,39.75,10.384,6.93068,11.08,90.75,100,100,0,0.328125,60.7919,19.5,19.5,18.75
31.5,0,0,0,0,1.34772,0.99997,1.04965,4,0.901857,1,0.820314,0,0.820314,0.822999,0,21.0938,112.583,104.5,111.389,5102.75,1780,1303.05,970,1412.7,115.664,199.5,199.5,115.57,161.742,755.174,39.75,10.448,7.02668,11.136,90.75,100,100,0,-0.015625,60.7919,19.5,19.5,18
31.533,0,0,0,0,1.34338,0.99997,1.04947,4,0.901857,1,0.820314,0,0.820314,0.817384,0,21.0938,112.722,104.139,113.139,5104.5,1780,1307.07,970,1404.77,116.039,199.477,199.5,118.711,161.602,755.174,39.75,10.472,7.01601,11.16,90.75,100,100,0,0.515625,60.7919,19.5,19.5,18.75
31.567,0,0,0,0,1.35828,0.99997,1.05002,4,0.901857,1,0.820314,0,0.820314,0.818361,0,21.0938,113.056,108.306,113,5115.75,1780,1304.77,970,1412.7,115.805,199.523,199.477,116.32,161.555,755.174,39.75,10.448,7.01334,11.136,90.75,100,100,0,0.984375,60.7919,19.5,19.5,18.75
31.6,0,0,0,0,1.37421,0.99997,1.04865,4,0.899415,1,0.820314,0,0.820314,0.817384,0,21.0938,112.583,122.417,112.528,5116.75,1780,1296.8,970,1423.24,115.031,199.523,199.477,113.719,161.484,755.174,39.75,10.34,6.98668,11.028,91.5,100,100,0,0,60.7919,19.5,19.5,18.75
31.633,0,0,0,0,1.35913,0.99997,1.04871,4,0.899415,1,0.820314,0,0.820314,0.819337,0,21.0938,113.056,109.333,112.361,5126.25,1770,1301.8,970,1415.31,115.5,199.5,199.453,114.984,161.367,755.174,39.75,10.38,7.00001,11.068,91.5,100,100,0,0.796875,60.7919,19.5,19.5,18
31.667,0,0,0,0,1.35889,0.99997,1.04877,4,0.899415,1,0.820314,0,0.820314,0.821046,0,21.0938,112.833,110,113.306,5129,1770,1303.87,970,1412.7,115.688,199.453,199.453,116.555,161.391,756.834,39.75,10.424,6.97334,11.112,91.5,100,100,0,0.125,60.7919,19.5,19.5,18.75
31.7,0,0,0,0,1.3653,0.99997,1.04956,4,0.89673,1,0.820314,0,0.820314,0.821046,0,21.0938,113,116.222,112.667,5137.75,1770,1300.78,970,1415.31,115.359,199.453,199.453,115.383,161.32,756.834,39.75,10.368,7.00001,11.056,90.75,100,100,0,0.625,60.7919,19.5,19.5,18.75
31.733,0,0,0,0,1.36444,0.99997,1.05109,4,0.89673,1,0.820314,0,0.820314,0.823732,0,21.0938,113.222,115.222,111.861,5140.5,1770,1300.27,970,1415.31,115.289,199.453,199.43,114.727,161.227,756.834,39.75,10.372,7.01068,11.06,90.75,100,100,0,0.265625,60.7919,20.25,20.25,18.75
31.767,0,0,0,0,1.35822,0.99997,1.05127,4,0.89673,1,0.820314,0,0.820314,0.821046,0,21.0938,113.695,105.889,113,5147.5,1770,1307.07,970,1412.7,115.898,199.453,199.406,114.867,161.203,756.834,39.75,10.472,7.04001,11.16,90.75,99.6079,100,0,-0.296875,60.7919,20.25,20.25,18
31.8,0,0,0,0,1.36231,0.99997,1.05194,4,0.894533,1,0.820314,0,0.820314,0.82007,0,21.0938,113.806,111.222,112.111,5149.25,1770,1302.54,970,1412.7,115.453,199.453,199.406,114.07,161.109,756.834,39.75,10.396,7.02401,11.084,90.75,99.6079,100,0,0.359375,60.7919,20.25,20.25,18
31.833,0,0,0,0,1.35626,0.99997,1.04987,4,0.894533,1,0.820314,0,0.820314,0.813722,0,21.0938,113.472,108.806,114.306,5159.75,1770,1303.01,970,1412.7,115.477,199.43,199.383,116.531,161.016,756.834,39.75,10.412,7.00268,11.1,90.75,100,100,0,-0.015625,60.7919,19.5,19.5,18.75
31.867,0,0,0,0,1.3678,0.99997,1.04932,4,0.894533,1,0.820314,0,0.820314,0.814699,0,21.0938,113.75,118.083,113.639,5161.5,1770,1300.63,970,1417.97,115.219,199.383,199.383,114.891,161.016,758.416,39.75,10.352,7.02668,11.04,90.75,100,100,0,0.203125,60.7919,19.5,19.5,18.75
31.9,0,0,0,0,1.36127,0.99997,1.04947,4,0.890626,1,0.820314,0,0.820314,0.819337,0,21.0938,114,111.889,113.972,5164.25,1770,1305.12,970,1412.7,115.641,199.383,199.383,116.133,160.898,758.416,39.75,10.42,7.00801,11.116,90.75,100,100,0,0.234375,60.7919,19.5,19.5,18.75
31.933,0,0,0,0,1.36499,0.99997,1.04916,4,0.890626,1,0.820314,0,0.820314,0.819337,0,21.0938,113.528,116.945,114.445,5174,1770,1301.95,970,1412.7,115.313,199.383,199.359,116.414,160.828,758.416,39.75,10.352,6.98668,11.048,90.75,100,100,0,0.390625,60.7919,19.5,19.5,18.75
31.967,0,0,0,0,1.36224,0.99997,1.05072,4,0.890626,1,0.820314,0,0.820314,0.821046,0,21.0938,114.611,108.972,114.139,5177.75,1770,1308.44,970,1410.04,115.922,199.359,199.336,115.57,160.828,758.416,39.75,10.444,7.04268,11.14,90.75,100,100,0,0.515625,60.7919,19.5,19.5,18
32,0,0,0,0,1.37549,0.99997,1.051,4,0.887697,1,0.820314,0,0.820314,0.82007,0,21.0938,114,123.25,113.306,5187.5,1770,1299.22,970,1417.97,115.031,199.359,199.336,113.578,160.711,758.416,39.75,10.328,7.00268,11.016,90.75,100,100,0,-0.078125,60.7919,19.5,19.5,18.75
32.033,0,0,0,0,1.3645,0.99997,1.05194,4,0.887697,1,0.820314,0,0.820314,0.822023,0,21.0938,114.75,112.139,114.306,5189.25,1770,1306.64,970,1412.7,115.711,199.336,199.336,115.547,160.617,758.416,39.75,10.424,7.05068,11.112,90.75,100,100,0,-0.25,60.7919,19.5,19.5,18
32.067,0,0,0,0,1.36859,0.99997,1.05338,4,0.887697,1,0.820314,0,0.820314,0.822999,0,21.0938,114.556,116.278,113.833,5194.75,1770,1304.49,970,1415.31,115.5,199.336,199.313,114.82,160.547,760.057,39.75,10.416,7.04534,11.104,90.75,100,100,0,0.34375,60.7919,19.5,19.5,18.75
32.1,0,0,0,0,1.36353,0.99997,1.05182,4,0.88672,1,0.820314,0,0.820314,0.815675,0,21.0938,114.445,114.917,113.639,5198.25,1770,1301.76,970,1412.7,115.219,199.336,199.313,114.914,160.547,760.057,39.75,10.356,7.01868,11.036,90.75,100,100,0,0.0625,60.7919,19.5,19.5,18.75
32.133,0,0,0,0,1.36456,0.99997,1.05084,4,0.88672,1,0.820314,0,0.820314,0.815675,0,21.0938,115.389,109.167,113.833,5212.75,1770,1308.36,970,1412.7,115.805,199.359,199.289,113.906,160.453,760.057,39.75,10.396,7.08801,11.076,90.75,100,100,0,0.25,60.7919,20.25,20.25,18
32.167,0,0,0,0,1.37689,0.99997,1.05078,4,0.88672,1,0.820314,0,0.820314,0.818361,0,21.0938,115.139,121.528,113.833,5209,1740,1303.01,970,1420.59,115.289,199.289,199.266,112.594,157.453,760.057,39.75,10.344,7.04801,11.024,90.75,100,100,0,0.625,60.7919,20.25,20.25,25.5
32.2,0,0,0,0,1.35425,0.99997,1.05173,4,0.884279,1,0.820314,0,0.820314,0.824708,0,21.0938,115.306,107.028,114.139,5216.25,1770,1309.02,970,1404.77,115.828,199.289,199.266,116.32,160.266,760.057,40.5,10.436,7.03201,11.124,90.75,100,100,0,0.125,60.7919,20.25,20.25,18.75
32.233,0,0,0,0,1.36347,0.99997,1.05148,4,0.884279,1,0.820314,0,0.820314,0.816408,0,21.0938,114.556,114.75,115,5220,1770,1302.73,970,1407.42,115.195,199.242,199.266,117.703,160.219,760.057,40.5,10.388,7.00001,11.076,90.75,100,100,0,0.875,60.7919,19.5,19.5,18.75
32.267,0,0,0,0,1.36237,0.99997,1.05093,4,0.884279,1,0.820314,0,0.820314,0.815675,0,21.0938,115.25,107.667,116.889,5225.5,1770,1314.84,970,1410.04,116.344,199.313,199.242,117.82,160.219,761.56,40.5,10.496,7.01601,11.184,90.75,100,100,0,0.015625,60.7919,19.5,19.5,25.5
32.3,0,0,0,0,1.3703,0.99997,1.05081,4,0.88257,1,0.820314,0,0.820314,0.817384,0,21.0938,115.306,117.222,114.472,5235.5,1770,1304.96,970,1415.27,115.383,199.313,199.242,114.68,160.148,761.56,40.5,10.372,7.01868,11.052,91.5,100,100,0,0.359375,60.7919,18.75,18.75,18.75
32.333,0,0,0,0,1.36084,0.99997,1.04938,4,0.88257,1,0.820314,0,0.820314,0.815675,0,21.0938,115.945,107.528,115.25,5235.5,1770,1312.77,970,1404.77,116.109,199.242,199.242,116.953,160.008,761.56,40.5,10.44,7.05334,11.12,91.5,100,100,0,0.359375,60.7919,19.5,19.5,25.5
32.367,0,0,0,0,1.37274,0.99997,1.04855,4,0.88257,1,0.820314,0,0.820314,0.812745,0,21.0938,115.722,116.222,115.611,5248.25,1770,1310,970,1412.7,115.805,199.242,199.219,114.609,159.984,761.56,40.5,10.372,7.03468,11.052,91.5,100,100,0,0.5625,60.7919,20.25,20.25,18
32.4,0,0,0,0,1.35797,0.99997,1.048,4,0.880861,1,0.820314,0,0.820314,0.817384,0,21.0938,115.833,107.972,114.945,5244.75,1760,1311.56,970,1396.84,115.945,199.242,199.219,118.102,159.891,761.56,40.5,10.404,7.04001,11.092,90.75,100,100,0,0.609375,60.7919,18.75,18.75,18.75
32.433,0,0,0,0,1.36212,0.99997,1.04694,4,0.880861,1,0.820314,0,0.820314,0.815675,0,21.0938,115.889,111.389,115.25,5260.25,1760,1308.13,970,1404.77,115.594,199.242,199.195,116.273,159.891,761.56,40.5,10.368,7.00001,11.056,90.75,100,100,0,0.1875,60.7919,20.25,20.25,18.75
32.467,0,0,0,0,1.36249,0.99997,1.04691,4,0.880861,1,0.820314,0,0.820314,0.818361,0,21.0938,115.5,114.417,116.917,5263,1760,1308.83,970,1402.15,115.664,199.172,199.195,118.781,159.867,763.006,40.5,10.352,6.96801,11.04,90.75,100,100,0,0.59375,60.7919,20.25,20.25,18.75
32.5,0,0,0,0,1.35742,0.99997,1.0484,4,0.879884,1,0.820314,0,0.820314,0.821046,0,21.0938,116.583,107.945,116.417,5262,1760,1314.57,970,1402.11,116.203,199.172,199.195,117.445,159.703,763.006,40.5,10.432,7.04801,11.128,90.75,100,100,0,0.5625,60.7919,20.25,20.25,18
32.533,0,0,0,0,1.36157,0.99997,1.05072,4,0.879884,1,0.820314,0,0.820314,0.825685,0,21.0938,116.361,109.306,115.945,5273.25,1730,1311.72,970,1396.88,115.922,199.219,199.172,117.258,156.68,763.006,40.5,10.416,7.02401,11.112,90.75,100,100,0,-0.015625,60.7919,20.25,20.25,26.25
32.567,0,0,0,0,1.37116,0.99997,1.05228,4,0.879884,1,0.820314,0,0.820314,0.827638,0,21.0938,116.028,118.945,116.417,5273.25,1760,1306.21,970,1407.38,115.383,199.172,199.148,115.711,159.609,763.006,40.5,10.376,7.00801,11.072,90.75,100,100,0,0.796875,60.7919,20.25,20.25,18.75
32.6,0,0,0,0,1.36823,0.99997,1.05188,4,0.878908,1,0.820314,0,0.820314,0.817384,0,21.0938,116.583,115.889,114.472,5281.5,1760,1303.87,970,1407.34,115.148,199.172,199.148,112.688,159.539,763.006,40.5,10.336,7.02401,11.016,90.75,100,100,0,0.28125,60.7919,20.25,20.25,18
32.633,0,0,0,0,1.36707,0.99997,1.05167,4,0.878908,1,0.820314,0,0.820314,0.817384,0,21.0938,116.083,119.333,116.25,5290,1760,1302.77,970,1407.38,115.031,199.148,199.125,114.984,159.469,763.006,40.5,10.316,6.99468,10.996,90.75,100,100,0,0.390625,60.7919,20.25,20.25,18.75
32.667,0,0,0,0,1.35895,0.99997,1.04981,4,0.878908,1,0.820314,0,0.820314,0.814699,0,21.0938,116.028,110.806,115.417,5291,1760,1305.63,970,1404.77,115.289,199.148,199.125,115.289,159.445,764.627,40.5,10.344,6.96801,11.024,90.75,100,100,0,-0.1875,60.7919,20.25,20.25,18.75
32.7,0,0,0,0,1.36401,0.99997,1.04965,4,0.877931,1,0.820314,0,0.820314,0.817384,0,21.0938,116.083,118.139,116.583,5301.25,1730,1303.71,970,1407.38,115.102,199.148,199.125,116.297,156.375,764.627,40.5,10.316,6.97068,11.004,90.75,100,100,0,0.328125,60.7919,21,21,18.75
32.733,0,0,0,0,1.35675,0.99997,1.05054,4,0.877931,1,0.820314,0,0.820314,0.822999,0,21.0938,116.195,112.667,116.722,5302,1760,1304.22,970,1404.77,115.125,199.102,199.102,117.211,159.211,764.627,40.5,10.34,6.95468,11.028,90.75,100,100,0,-0.125,60.7919,20.25,20.25,26.25
32.767,0,0,0,0,1.35217,0.99997,1.05209,4,0.877931,1,0.820314,0,0.820314,0.822023,0,21.0938,116.667,108.195,115.611,5305.75,1760,1308.36,970,1396.84,115.5,199.125,199.102,116.484,159.164,764.627,40.5,10.408,6.97868,11.096,90.75,100,100,0,0.34375,60.7919,20.25,20.25,18.75
32.8,0,0,0,0,1.36902,0.99997,1.05362,4,0.877443,1,0.820314,0,0.820314,0.824708,0,21.0938,116.361,122.306,115.917,5315.25,1760,1298.98,970,1410,114.586,199.125,199.102,113.859,159.094,764.627,41.25,10.292,6.98668,10.98,90.75,100,100,0,-0.0625,60.7919,20.25,20.25,18.75
32.833,0,0,0,0,1.34815,0.99997,1.05435,4,0.877443,1,0.820314,0,0.820314,0.822023,0,21.0938,117.306,107.861,117.222,5316.25,1760,1313.32,970,1391.6,115.945,199.078,199.078,118.805,159.023,764.627,41.25,10.436,7.05868,11.124,90.75,100,100,0,0.609375,60.7919,21,21,18.75
32.867,0,0,0,0,1.37164,0.99997,1.05423,4,0.877443,1,0.820314,0,0.820314,0.82007,0,21.0938,117.528,116.583,117.417,5326.5,1730,1309.73,970,1410,115.594,199.102,199.078,114.188,156.047,766.17,41.25,10.376,7.06934,11.064,90.75,100,100,0,0,60.7919,21,21,25.5
32.9,0,0,0,0,1.3786,0.99997,1.05414,4,0.87549,1,0.820314,0,0.820314,0.818361,0,21.0938,116.889,127.556,116.583,5331.25,1730,1301.72,970,1415.31,114.797,199.102,199.078,113.531,155.977,766.17,41.25,10.316,7.00268,10.996,90.75,100,100,0,0,60.7919,21,21,26.25
32.933,0,0,0,0,1.34485,0.99997,1.05338,4,0.87549,1,0.820314,0,0.820314,0.817384,0,21.0938,118.056,108.278,116.583,5333.25,1730,1315.47,970,1391.56,116.086,199.102,199.055,117.211,155.953,766.17,41.25,10.436,7.05868,11.116,90.75,100,100,0,-0.109375,60.7919,21,21,26.25
32.967,0,0,0,0,1.3681,0.99997,1.05264,4,0.87549,1,0.820314,0,0.820314,0.814699,0,21.0938,117.861,117.278,116.25,5344.5,1730,1304.65,970,1404.73,115.031,199.055,199.031,113.648,155.93,766.17,41.25,10.312,7.03734,10.992,90.75,100,100,0,0.171875,60.7919,21,21,26.25
33,0,0,0,0,1.3689,0.99997,1.052,4,0.875245,1,0.820314,0,0.820314,0.816408,0,21.0938,116.945,123.056,116.778,5339.75,1760,1299.14,970,1410,114.469,199.055,199.031,113.672,158.719,766.17,41.25,10.256,6.93868,10.944,90.75,100,100,0,0.234375,60.7919,20.25,20.25,18.75
33.033,0,0,0,0,1.36066,0.99997,1.05109,4,0.875245,1,0.820314,0,0.820314,0.815675,0,21.0938,117.222,115.667,115.417,5349.5,1760,1298.87,970,1404.73,114.422,199.055,199.008,112.992,158.719,766.17,41.25,10.252,6.94934,10.94,90.75,100,100,0,0.015625,60.7919,21,21,18.75
33.067,0,0,0,0,1.3634,0.99997,1.05121,4,0.875245,1,0.820314,0,0.820314,0.819337,0,21.0938,117.056,116.861,117.75,5359,1720,1303.24,970,1404.73,114.82,198.984,199.008,114.867,155.719,767.674,41.25,10.308,6.94401,10.996,90.75,99.6079,100,0,-0.109375,60.7919,21,21,26.25
33.1,0,0,0,0,1.35028,0.99997,1.05066,4,0.875245,1,0.820314,0,0.820314,0.815675,0,21.0938,117.056,110.75,115.75,5360,1720,1301.41,970,1391.56,114.633,198.984,199.008,116.742,155.578,767.674,41.25,10.288,6.92268,10.984,90.75,100,100,0,0.65625,60.7919,21,21,26.25
33.133,0,0,0,0,1.35529,0.99997,1.05212,4,0.875245,1,0.820314,0,0.820314,0.822023,0,21.0938,117.222,113.945,116.778,5370.5,1750,1301.88,970,1396.88,114.656,199.055,198.984,116.039,158.508,767.674,41.25,10.292,6.96268,10.988,90.75,99.6079,100,0,0,60.7919,20.25,20.25,26.25
33.167,0,0,0,0,1.35364,0.99997,1.0531,4,0.875245,1,0.820314,0,0.820314,0.823732,0,21.0938,117.306,109.667,118.167,5374.25,1750,1307.34,970,1396.88,115.172,198.938,198.961,116.883,158.461,767.674,41.25,10.368,6.94668,11.064,90.75,99.6079,100,0,-0.265625,60.7919,20.25,20.25,18.75
33.2,0,0,0,0,1.36102,0.99997,1.05548,4,0.875245,1,0.820314,0,0.820314,0.827638,0,21.0938,117.695,116.472,117.583,5373.25,1750,1303.87,970,1402.15,114.82,198.938,198.961,115.969,158.391,767.674,41.25,10.308,6.99201,10.996,90.75,100,100,0,0.09375,60.7919,20.25,20.25,18.75
33.233,0,0,0,0,1.35577,0.99997,1.05859,4,0.875245,1,0.820314,0,0.820314,0.827638,0,21.0938,117.972,110.861,117.056,5385,1750,1305.98,970,1396.88,115.008,198.984,198.938,116.297,158.297,767.674,41.25,10.38,7.04801,11.068,90.75,99.6079,100,0,-0.140625,60.7919,20.25,20.25,18.75
33.267,0,0,0,0,1.37201,0.99997,1.05972,4,0.875245,1,0.820314,0,0.820314,0.823732,0,21.0938,118.278,125.972,116.583,5390.75,1750,1297.85,970,1407.34,114.211,198.914,198.938,112.828,158.273,769.197,41.25,10.28,7.04534,10.968,90.75,99.6079,100,0,0.375,60.7919,20.25,20.25,18.75
33.3,0,0,0,0,1.35864,0.99997,1.05859,4,0.875245,1,0.820314,0,0.820314,0.816408,0,21.0938,117.695,116.222,118.556,5391.75,1750,1301.41,970,1402.11,114.539,198.914,198.938,115.805,158.18,769.197,42,10.32,6.97868,11.008,91.5,99.6079,100,0,0.09375,60.7919,20.25,20.25,18.75
33.333,0,0,0,0,1.36353,0.99997,1.05728,4,0.875245,1,0.820314,0,0.820314,0.818361,0,21.0938,117.695,120.583,116.722,5402.25,1750,1297.62,970,1404.77,114.164,198.984,198.914,113.672,158.133,769.197,42,10.268,6.96801,10.956,91.5,100,100,0,-0.046875,60.7919,21,21,18.75
33.367,0,0,0,0,1.35883,0.99997,1.05594,4,0.875245,1,0.820314,0,0.820314,0.815675,0,21.0938,118,115.945,116.972,5404.25,1720,1300.74,970,1402.11,114.445,198.867,198.914,114.141,155.156,769.197,42,10.272,6.97334,10.96,91.5,100,100,0,0.34375,60.7919,21,21,26.25
33.4,0,0,0,0,1.35962,0.99997,1.0556,4,0.873536,1,0.820314,0,0.820314,0.816408,0,21.0938,117.917,118.028,117.778,5405.25,1750,1299.22,970,1404.77,114.281,198.867,198.914,114.797,157.969,769.197,42,10.268,6.95468,10.948,90.75,100,100,0,-0.15625,60.7919,20.25,20.25,18.75
33.433,0,0,0,0,1.35285,0.99997,1.05539,4,0.873536,1,0.820314,0,0.820314,0.817384,0,21.0938,119.445,109.361,118.945,5416,1740,1308.44,970,1396.84,115.734,199.945,198.891,116.531,157.922,769.197,42,10.412,7.06401,11.092,90.75,99.6079,100,0,-0.28125,60.7919,20.25,20.25,18.75
33.467,0,0,0,0,1.35687,0.99997,1.0549,4,0.873536,1,0.820314,0,0.820314,0.817384,0,21.0938,119.028,111.806,119.056,5422.75,1740,1306.29,970,1391.6,115.523,198.867,198.891,116.859,157.898,770.623,42,10.348,7.03468,11.028,90.75,100,100,0,0.265625,60.7919,20.25,20.25,18.75
33.5,0,0,0,0,1.37293,0.99997,1.05508,4,0.872316,1,0.820314,0,0.820314,0.818361,0,21.0938,118.806,127.611,119.417,5422,1740,1298.63,970,1402.11,114.75,198.867,198.891,115.102,157.828,770.623,42,10.276,6.99734,10.956,90.75,100,100,0,-0.03125,60.7919,20.25,20.25,18.75
33.533,0,0,0,0,1.362,0.99997,1.05438,4,0.872316,1,0.820314,0,0.820314,0.814699,0,21.0938,118.639,120.195,118.222,5432.75,1740,1296.09,970,1404.77,114.492,198.938,198.844,114.023,157.758,770.623,42,10.272,6.95468,10.952,90.75,100,100,0,0.390625,60.7919,21,21,18.75
33.567,0,0,0,0,1.34717,0.99997,1.05426,4,0.872316,1,0.820314,0,0.820314,0.816408,0,21.0938,118.167,110,117.972,5436.75,1710,1298.83,970,1394.22,114.727,198.797,198.844,116.344,154.758,770.623,42,10.316,6.93068,10.996,90.75,100,100,0,0.453125,60.7919,21,21,26.25
33.6,0,0,0,0,1.35236,0.99997,1.05338,4,0.871339,1,0.820314,0,0.820314,0.815675,0,21.0938,119.195,111.445,118.889,5436.75,1710,1298.98,970,1399.49,114.727,198.797,198.844,114.609,154.641,770.623,42,10.28,6.98134,10.968,90.75,100,100,0,0.09375,60.7919,21,21,26.25
33.633,0,0,0,0,1.35785,0.99997,1.05249,4,0.871339,1,0.820314,0,0.820314,0.814699,0,21.0938,117.972,124.195,118.778,5444.5,1740,1291.17,970,1399.53,113.953,198.891,198.82,115.523,157.57,770.623,42,10.228,6.89601,10.916,90.75,99.6079,100,0,0.40625,60.7919,20.25,20.25,26.25
33.667,0,0,0,0,1.35169,0.99997,1.05115,4,0.871339,1,0.820314,0,0.820314,0.812745,0,21.0938,118,118.028,118.75,5450.5,1740,1291.88,970,1404.77,114,198.773,198.82,114.445,157.547,771.951,42,10.228,6.88001,10.916,90.75,100,100,0,-0.0625,60.7919,20.25,20.25,18.75
33.7,0,0,0,0,1.35242,0.99997,1.05127,4,0.870363,1,0.820314,0,0.820314,0.818361,0,21.0938,118.695,118.111,118.889,5454.5,1710,1292.62,970,1402.15,114.094,198.773,198.82,115.195,154.453,771.951,42,10.228,6.92268,10.916,90.75,100,100,0,0.015625,60.7919,21,21,18.75
33.733,0,0,0,0,1.34625,0.99997,1.05264,4,0.870363,1,0.820314,0,0.820314,0.822999,0,21.0938,118.972,112.583,118.945,5459.5,1710,1295.39,970,1394.18,114.328,198.867,198.797,115.969,154.383,771.951,42,10.264,6.92268,10.952,90.75,100,100,0,0.546875,60.7919,21,21,26.25
33.767,0,0,0,0,1.35864,0.99997,1.05472,4,0.870363,1,0.820314,0,0.820314,0.823732,0,21.0938,119.195,120.556,118.556,5467.25,1710,1292.81,970,1402.11,114.07,198.75,198.797,113.203,154.336,771.951,42,10.224,6.94934,10.912,90.75,100,100,0,0.078125,60.7919,21,21,26.25
33.8,0,0,0,0,1.35797,0.99997,1.05557,4,0.869874,1,0.820314,0,0.820314,0.82007,0,21.0938,119.195,119.556,119.583,5473.25,1700,1293.52,970,1404.73,114.117,198.75,198.797,113.367,154.219,771.951,42,10.236,6.95201,10.932,90.75,100,100,0,0.359375,60.7919,21,21,26.25
33.833,-1.5,0,0,0,1.33746,0.99997,1.0564,4,0.869874,1,0.820314,0,0.820314,0.822999,0,21.0938,119.5,108.778,118.889,5473.25,1730,1300.12,970,1380.98,114.75,198.82,198.773,117.281,157.148,771.951,42,10.324,6.96534,11.02,90.75,100,100,0,0.453125,60.7919,20.25,20.25,26.25
33.867,-1.5,0,0,0,1.3595,0.99997,1.05579,4,0.869874,1,0.820314,0,0.820314,0.818361,0,21.0938,119.445,121.583,117.167,5482.25,1730,1288.87,970,1399.49,113.648,198.75,198.75,110.555,157.125,773.26,42,10.188,6.94668,10.884,90.75,100,100,0,0.5,60.7919,20.25,20.25,18.75
33.9,-1.5,0,0,0,1.34747,0.99997,1.05603,4,0.869142,1,0.820314,0,0.820314,0.817384,0,21.0938,118.639,119.306,119.389,5486.25,1730,1288.71,970,1394.22,113.602,198.75,198.75,115.383,157.031,773.26,42.75,10.2,6.87734,10.888,91.5,100,100,0,0.234375,60.7919,21,21,18
33.933,-1.5,0,0,0,1.33954,0.99997,1.05679,4,0.869142,1,0.820314,0,0.820314,0.822023,0,21.0938,119.139,110.667,119.417,5491.25,1730,1293.98,970,1388.95,114.117,198.75,198.75,117.398,156.961,773.26,42.75,10.272,6.91201,10.96,91.5,100,100,0,0.703125,60.7919,19.5,19.5,18.75
33.967,-1.5,0,0,0,1.35217,0.99997,1.05789,4,0.869142,1,0.820314,0,0.820314,0.823732,0,21.0938,119.445,118.806,119.778,5494.5,1730,1293.98,970,1396.88,114.094,198.773,198.727,115.594,156.938,773.26,42.75,10.264,6.93068,10.952,91.5,100,100,0,0.125,60.7919,21,21,18.75
34,-1.5,0,0,0,1.36237,0.99997,1.05805,4,0.868898,1,0.820314,0,0.820314,0.821046,0,21.0938,119.833,123.528,120.083,5505.5,1730,1292.07,970,1412.66,113.906,198.773,198.727,112.266,156.844,773.26,42.75,10.216,6.97868,10.896,90.75,100,100,0,0.671875,60.7919,21,21,18.75
34.033,-1.5,0,0,0,1.36011,0.99997,1.05917,4,0.868898,1,0.820314,0,0.820314,0.822023,0,21.0938,120.583,118.528,120.583,5511.5,1730,1298.36,970,1410,114.492,198.703,198.656,113.227,156.75,773.26,42.75,10.264,7.01868,10.944,90.75,100,100,0,0.28125,60.7919,21,21,18.75
34.067,-1.5,0,0,0,1.36847,0.99997,1.06027,4,0.868898,1,0.820314,0,0.820314,0.821046,0,21.0938,121.222,127.806,120.917,5507.5,1730,1295.55,970,1410.04,114.188,198.656,198.516,113.906,156.703,774.529,42.75,10.232,7.06668,10.912,90.75,100,100,0,0.625,60.7919,18.75,18.75,18.75
34.1,-1.5,0,0,0,1.35425,0.99997,1.0603,4,0.86841,1,0.820314,0,0.820314,0.818361,0,21.0938,120.639,113.972,120.75,5512.5,1730,1301.99,970,1396.88,114.797,198.656,198.516,116.391,156.68,774.529,42.75,10.332,7.00534,11.02,90.75,100,100,0,0.625,60.7919,20.25,20.25,18.75
34.133,-1.5,0,0,0,1.35657,0.99997,1.0603,4,0.86841,1,0.820314,0,0.820314,0.821046,0,21.0938,120.778,115.195,121.722,5522.75,1730,1303.59,970,1396.84,114.938,198.516,198.398,116.672,156.586,774.529,42.75,10.328,7.01868,11.016,90.75,100,100,0,0.390625,60.7919,20.25,20.25,18.75
34.167,-1.5,0,0,0,1.37225,0.99997,1.06049,4,0.86841,1,0.820314,0,0.820314,0.819337,0,21.0938,121.417,125.25,121.861,5524.75,1730,1304.8,970,1407.34,115.031,198.375,198.305,112.852,156.516,774.529,42.75,10.28,7.06401,10.968,90.75,100,100,0,0.109375,60.7919,20.25,20.25,18.75
34.2,-1.5,0,0,0,1.36432,0.99997,1.06073,4,0.866701,1,0.820314,0,0.820314,0.819337,0,21.0938,122.056,115.556,121.306,5529.75,1730,1310.47,970,1396.84,115.57,198.375,198.305,115.875,156.469,774.529,42.75,10.364,7.09868,11.052,91.5,100,100,0,0.171875,60.7919,18.75,18.75,18.75
34.233,-1.5,0,0,0,1.36823,0.99997,1.06033,4,0.866701,1,0.820314,0,0.820314,0.818361,0,21.0938,120.945,123.917,121,5539,1730,1303.79,970,1402.11,114.609,197.813,198.141,115.359,156.398,774.529,42.75,10.256,7.00268,10.944,91.5,100,100,0,0.359375,60.7919,20.25,20.25,18.75
34.267,-1.5,0,0,0,1.37024,0.99997,1.05832,4,0.866701,1,0.820314,0,0.820314,0.811036,0,21.0938,121.056,126.917,122.111,5544.25,1730,1301.17,970,1410.04,114.352,198.117,198.117,114.844,156.375,775.974,42.75,10.244,7.01601,10.932,91.5,100,100,0,0.0625,60.7919,20.25,20.25,18.75
34.3,-1.5,0,0,0,1.36206,0.99997,1.05728,4,0.866945,1,0.820314,0,0.820314,0.811036,0,21.0938,121.056,120.445,122.556,5544.25,1730,1305.43,970,1402.11,114.75,198.117,198.117,117.398,156.234,775.974,42.75,10.28,7.01334,10.96,91.5,100,100,0,0.375,60.7919,21,21,18.75
34.333,-1.5,0,0,0,1.37311,0.99997,1.05591,4,0.866945,1,0.820314,0,0.820314,0.818361,0,21.0938,121,129.056,121.528,5549.25,1730,1300.12,970,1410.04,114.234,198.094,197.977,114.727,156.188,775.974,42.75,10.22,6.95734,10.9,91.5,100,100,0,0.3125,60.7919,21,21,18.75
34.367,-1.5,0,0,0,1.37189,0.99997,1.05621,4,0.866945,1,0.820314,0,0.820314,0.82007,0,21.0938,122,120.306,121.722,5560.5,1730,1307.23,970,1415.27,114.914,197.953,197.789,112.641,156.188,775.974,42.75,10.284,7.01868,10.964,91.5,100,100,0,0.875,60.7919,21,21,18.75
34.4,-1.5,0,0,0,1.36182,0.99997,1.05805,4,0.86548,1,0.820314,0,0.820314,0.822023,0,21.0938,122.611,112.778,122.75,5562.75,1730,1314.88,970,1399.49,115.641,197.953,197.789,116.414,156.07,775.974,42.75,10.32,7.07468,11,90.75,99.6079,100,0,0.34375,60.7919,20.25,20.25,18.75
34.433,-1.5,0,0,0,1.37268,0.99997,1.06049,4,0.86548,1,0.820314,0,0.820314,0.826661,0,21.0938,122.278,124.056,121.083,5564.75,1730,1308.52,970,1399.53,115.031,197.766,197.789,115.125,155.977,775.974,42.75,10.248,7.04534,10.928,90.75,100,100,0,0.25,60.7919,18.75,18.75,18.75
34.467,-1.5,0,0,0,1.37421,0.99997,1.06146,4,0.86548,1,0.820314,0,0.820314,0.822999,0,21.0938,122.278,124.195,122.556,5571,1730,1308.87,970,1404.77,115.055,197.766,197.602,115.219,155.953,777.439,42.75,10.288,7.04268,10.968,90.75,100,100,0,0.875,60.7919,20.25,20.25,18.75
34.5,-1.5,0,0,0,1.37476,0.99997,1.06265,4,0.864259,1,0.820314,0,0.820314,0.822023,0,21.0938,122.278,127.195,121.083,5575,1730,1303.2,970,1410.04,114.516,197.766,197.602,113.18,155.953,777.439,43.5,10.24,7.04268,10.92,91.5,100,100,0,0.5,60.7919,18,18,18.75
34.533,-1.5,0,0,0,1.37457,0.99997,1.06107,4,0.864259,1,0.820314,0,0.820314,0.815675,0,21.0938,122.222,126.195,122.945,5583.25,1730,1305.16,970,1412.66,114.703,197.578,197.438,114.07,155.813,777.439,43.5,10.248,7.03734,10.928,91.5,100,100,0,0.09375,60.7919,19.5,19.5,18.75
34.567,-1.5,0,0,0,1.35596,0.99997,1.06134,4,0.864259,1,0.820314,0,0.820314,0.821046,0,21.0938,123.028,112.333,122.195,5588.5,1730,1315.7,970,1388.95,115.711,197.414,197.391,117.375,155.813,777.439,43.5,10.344,7.08801,11.024,91.5,100,100,0,0.59375,60.7919,19.5,19.5,18.75
34.6,-1.5,0,0,0,1.37897,0.99997,1.06082,4,0.863283,1,0.820314,0,0.820314,0.82007,0,21.0938,122.972,127.556,123.222,5589.5,1730,1309.18,970,1407.38,115.078,197.414,197.391,114.563,155.695,777.439,43.5,10.268,7.05601,10.964,91.5,100,100,0,0.359375,60.7919,20.25,20.25,18.75
34.633,-1.5,0,0,0,1.37201,0.99997,1.06308,4,0.863283,1,0.820314,0,0.820314,0.825685,0,21.0938,122.611,125.972,122.111,5595.75,1730,1306.02,970,1402.11,114.773,197.367,197.25,115.359,155.625,777.439,43.5,10.272,7.03734,10.968,91.5,100,100,0,0.09375,60.7919,19.5,19.5,18.75
34.667,-1.5,0,0,0,1.36804,0.99997,1.06381,4,0.863283,1,0.820314,0,0.820314,0.82007,0,21.0938,122.056,120.361,123.333,5605.25,1730,1308.75,970,1407.34,115.031,197.227,197.203,114.703,155.555,778.748,43.5,10.268,7.04801,10.964,91.5,100,100,0,0.578125,60.7919,19.5,19.5,18.75
34.7,-1.5,0,0,0,1.36224,0.99997,1.06323,4,0.86255,1,0.820314,0,0.820314,0.814699,0,21.0938,123.195,114.611,123.972,5606.25,1720,1313.32,970,1399.53,115.477,197.227,197.203,117.094,155.508,778.748,43.5,10.296,7.09068,10.976,91.5,100,100,0,0.65625,60.7919,19.5,19.5,18.75
34.733,-1.5,0,0,0,1.3642,0.99997,1.06104,4,0.86255,1,0.820314,0,0.820314,0.814699,0,21.0938,123.306,117.972,122.556,5611.5,1720,1311.25,970,1394.22,115.266,197.18,197.063,116.93,155.438,778.748,43.5,10.264,7.04534,10.944,91.5,100,100,0,0.34375,60.7919,18,18,18.75
34.767,-1.5,0,0,0,1.3797,0.99997,1.06058,4,0.86255,1,0.820314,0,0.820314,0.82007,0,21.0938,123.083,134,123.778,5612.5,1720,1303.36,970,1410.04,114.516,197.039,196.875,115.266,155.414,778.748,43.5,10.184,7.03201,10.864,91.5,100,100,0,0.65625,60.7919,19.5,19.5,18.75
34.8,-1.5,0,0,0,1.37201,0.99997,1.06207,4,0.861818,1,0.820314,0,0.820314,0.822999,0,21.0938,123.083,124.695,123.389,5621,1720,1307.23,970,1407.38,114.891,197.039,196.875,115.031,155.32,778.748,43.5,10.228,7.04801,10.908,91.5,99.6079,100,0,0.34375,60.7919,18,18,18.75
34.833,-1.5,0,0,0,1.3689,0.99997,1.06369,4,0.861818,1,0.820314,0,0.820314,0.822023,0,21.0938,123.389,121.472,122.75,5632.5,1720,1306.99,970,1407.34,114.867,196.852,196.758,114.422,155.227,778.748,43.5,10.232,7.06934,10.912,91.5,100,100,0,0.578125,60.7919,19.5,19.5,18.75
34.867,-1.5,0,0,0,1.3653,0.99997,1.06537,4,0.861818,1,0.820314,0,0.820314,0.819337,0,21.0938,124.528,113.778,122.306,5634.75,1720,1312.97,970,1396.84,115.43,196.734,196.734,113.625,155.227,780.037,43.5,10.268,7.14668,10.948,91.5,100,100,0,0.78125,60.7919,19.5,19.5,18
34.9,-1.5,0,0,0,1.37323,0.99997,1.06491,4,0.861329,1,0.820314,0,0.820314,0.821046,0,21.0938,122.917,130.611,122.306,5633.75,1720,1300.2,970,1402.11,114.211,196.734,196.734,114.211,155.133,780.037,43.5,10.176,7.01068,10.872,91.5,100,100,0,0.234375,60.7919,19.5,19.5,18.75
34.933,-1.5,0,0,0,1.37183,0.99997,1.06537,4,0.861329,1,0.820314,0,0.820314,0.822023,0,21.0938,122.917,128.583,123.778,5640,1690,1302.93,970,1407.38,114.188,196.242,196.57,114.914,152.109,780.037,43.5,10.196,6.99468,10.892,91.5,100,100,0,0.40625,60.4317,19.5,19.5,18.75
34.967,-1.5,0,0,0,1.36694,0.99997,1.06522,4,0.861329,1,0.820314,0,0.820314,0.818361,0,20.3125,123.667,121.945,123.556,5648.5,1690,1308.09,970,1402.11,114.68,196.547,196.406,113.297,152.086,780.037,43.5,10.18,7.04001,10.876,91.5,99.6079,100,0,0.640625,60.4317,19.5,19.5,18.75
35,-1.5,0,0,0,1.36151,0.99997,1.06677,4,0.860841,1,0.820314,0,0.820314,0.823732,0,20.3125,123.722,115.195,124.583,5651.75,1690,1312.42,970,1396.84,115.102,196.547,196.406,117.117,152.086,780.037,43.5,10.256,7.07734,10.944,91.5,100,100,0,0.078125,60.4317,19.5,19.5,18.75
35.033,-1.5,0,0,0,1.37531,0.99997,1.06519,4,0.860841,1,0.820314,0,0.820314,0.815675,0,20.3125,123.945,126.778,122.945,5659.25,1690,1308.09,970,1402.11,114.703,196.383,196.336,113.953,152.039,780.037,43.5,10.192,7.05868,10.88,91.5,100,100,0,0.359375,60.4317,20.25,20.25,18.75
35.067,-1.5,0,0,0,1.37793,0.99997,1.0679,4,0.860841,1,0.820314,0,0.820314,0.822023,0,20.3125,124.361,126,122.889,5661.25,1690,1308.24,970,1407.34,114.703,196.313,196.172,112.102,152.063,781.287,43.5,10.196,7.10401,10.884,91.5,99.6079,100,0,0.78125,60.4317,20.25,20.25,18.75
35.1,-1.5,0,0,0,1.37061,0.99997,1.06751,4,0.860597,1,0.820314,0,0.820314,0.824708,0,20.3125,123.556,127.333,122.722,5662.5,1690,1303.79,970,1399.53,114.281,196.313,196.172,114.492,152.016,781.287,44.25,10.188,7.03201,10.868,90.75,100,100,0,0.328125,60.4317,18,18,18.75
35.133,-1.5,0,0,0,1.37305,0.99997,1.06934,4,0.860597,1,0.820314,0,0.820314,0.822023,0,20.3125,123.722,130.445,122.945,5670,1690,1299.02,970,1410,113.813,196.148,196.125,112.5,152.016,781.287,44.25,10.136,7.02134,10.816,90.75,100,100,0,0.59375,60.4317,18,18,18.75
35.167,-1.5,0,0,0,1.36096,0.99997,1.07077,4,0.860597,1,0.820314,0,0.820314,0.824708,0,20.3125,123.445,116.25,123.778,5680.5,1690,1306.64,970,1402.11,114.563,196.102,196.008,114.305,152.016,781.287,44.25,10.248,7.06401,10.928,90.75,100,100,0,0.859375,60.4317,19.5,19.5,18.75
35.2,-1.5,0,0,0,1.37073,0.99997,1.07123,4,0.860353,1,0.820314,0,0.820314,0.822999,0,20.3125,123.556,129.083,122.75,5682.75,1690,1298.87,970,1407.34,113.813,196.102,196.008,112.5,151.969,781.287,44.25,10.1,7.05068,10.78,91.5,100,100,0,0.515625,60.4317,19.5,19.5,18.75
35.233,-1.5,0,0,0,1.35816,0.99997,1.07114,4,0.860353,1,0.820314,0,0.820314,0.818361,0,20.3125,124.667,114.556,125,5682.75,1690,1311.68,970,1396.84,115.055,195.984,195.938,114.398,151.969,781.287,44.25,10.232,7.11734,10.912,91.5,100,100,0,0.5625,60.4317,19.5,19.5,18.75
35.267,-1.5,0,0,0,1.3794,0.99997,1.07098,4,0.860353,1,0.820314,0,0.820314,0.822999,0,20.3125,125.111,133.722,123.778,5686,1690,1301.91,970,1407.38,114.117,195.914,195.727,112.664,151.969,782.498,44.25,10.108,7.14401,10.788,91.5,100,100,0,0.859375,60.4317,18,18,18.75
35.3,-1.5,0,0,0,1.3548,0.99997,1.07245,4,0.860109,1,0.820314,0,0.820314,0.825685,0,20.3125,124.889,114.25,125,5691.5,1690,1312.77,970,1391.56,115.172,195.914,195.727,116.977,151.945,782.498,44.25,10.268,7.11201,10.956,91.5,100,100,0,0.5625,60.4317,19.5,19.5,18.75
35.333,-1.5,0,0,0,1.37042,0.99997,1.07474,4,0.860109,1,0.820314,0,0.820314,0.824708,0,20.3125,124.667,125.111,123.333,5704.5,1690,1302.38,970,1407.34,114.164,195.703,195.68,111.68,151.945,782.498,44.25,10.152,7.05868,10.84,91.5,100,100,0,0.34375,60.4317,19.5,19.5,18.75
35.367,-1.5,0,0,0,1.36743,0.99997,1.07672,4,0.860109,1,0.820314,0,0.820314,0.826661,0,20.3125,124.195,125.806,122.306,5709.75,1690,1299.8,970,1404.73,113.906,195.656,195.539,111.914,151.969,782.498,44.25,10.156,7.06401,10.844,91.5,99.6079,100,0,0.71875,60.4317,19.5,19.5,18.75
35.4,-1.5,0,0,0,1.36664,0.99997,1.07861,4,0.860109,1,0.820314,0,0.820314,0.827638,0,20.3125,124.083,127.722,124.083,5713,1690,1299.41,970,1402.11,113.883,195.656,195.539,113.789,151.898,782.498,44.25,10.156,7.08801,10.844,91.5,99.6079,100,0,0.375,60.4317,20.25,20.25,18.75
35.433,-1.5,0,0,0,1.36261,0.99997,1.08014,4,0.860109,1,0.820314,0,0.820314,0.826661,0,20.3125,124.889,120.278,123.556,5712,1690,1304.96,970,1394.18,114.422,195.516,195.234,115.453,151.898,782.498,44.25,10.26,7.13601,10.948,91.5,99.6079,100,0,0.515625,60.4317,18,18,18.75
35.467,-1.5,0,0,0,1.37665,0.99997,1.08237,4,0.860109,1,0.820314,0,0.820314,0.827638,0,20.3125,125.639,129.611,124.25,5715.25,1690,1304.3,970,1402.11,114.352,195.211,194.977,112.547,151.875,783.631,44.25,10.22,7.18934,10.908,91.5,100,100,0,1,60.4317,19.5,19.5,18.75
35.5,-1.5,0,0,0,1.37415,0.99997,1.08194,4,0.859865,1,0.820314,0,0.820314,0.82007,0,20.3125,124.472,133.222,123.139,5719.5,1690,1298.13,970,1399.53,113.766,195.211,194.977,113.063,151.898,783.631,44.25,10.136,7.10668,10.832,91.5,100,100,0,0.296875,60.4317,18.75,18.75,19.5
35.533,-1.5,0,0,0,1.3573,0.99997,1.08197,4,0.859865,1,0.820314,0,0.820314,0.819337,0,20.3125,124.667,117.333,125.417,5727.25,1690,1306.99,970,1391.56,114.633,194.953,194.648,116.625,151.875,783.631,44.25,10.264,7.13068,10.96,91.5,100,100,0,1,60.4317,18.75,18.75,18.75
35.567,-1.5,0,0,0,1.37116,0.99997,1.08093,4,0.859865,1,0.820314,0,0.820314,0.818361,0,20.3125,125.278,131.806,123.778,5738.25,1690,1298.59,970,1402.11,113.836,194.625,194.625,113.367,151.875,783.631,44.25,10.12,7.13068,10.816,91.5,100,100,0,0.78125,60.4317,20.25,20.25,18.75
35.6,-1.5,0,0,0,1.35797,0.99997,1.08225,4,0.859865,1,0.820314,0,0.820314,0.822999,0,20.3125,125.75,115.195,125,5741.5,1690,1310.23,970,1391.56,114.961,194.625,194.625,115.57,151.805,783.631,44.25,10.28,7.17334,10.96,91.5,100,100,0,0.453125,60.4317,20.25,20.25,19.5
35.633,-1.5,0,0,0,1.36127,0.99997,1.08188,4,0.859865,1,0.820314,0,0.820314,0.818361,0,20.3125,126.389,115.445,124.417,5748,1690,1313.24,970,1383.63,115.242,194.602,194.414,114.867,151.758,783.631,44.25,10.28,7.22134,10.96,91.5,100,100,0,0.671875,60.4317,20.25,20.25,19.5
35.667,-1.5,0,0,0,1.37616,0.99997,1.08228,4,0.859865,1,0.820314,0,0.820314,0.82007,0,20.3125,125,136.972,123.972,5744.75,1690,1297.38,970,1394.18,113.719,194.391,194.156,114,151.781,784.842,44.25,10.12,7.10934,10.82,91.5,100,100,0,1.20313,60.4317,18.75,18.75,19.5
35.7,-1.5,0,0,0,1.36511,0.99997,1.08206,4,0.85962,1,0.820314,0,0.820314,0.82007,0,20.3125,125.167,127.361,124.583,5750.25,1690,1298.83,970,1394.14,113.859,194.391,194.156,113.484,151.734,784.842,45,10.152,7.09068,10.832,91.5,100,100,0,0.421875,60.4317,20.25,20.25,18.75
35.733,-1.5,0,0,0,1.35303,0.99997,1.0835,4,0.85962,1,0.820314,0,0.820314,0.822999,0,20.3125,124.945,118.056,125.278,5757,1690,1302.34,970,1394.18,113.93,193.688,193.828,115.852,151.758,784.842,45,10.192,7.08534,10.872,91.5,100,100,0,0.484375,60.4317,21,21,19.5
35.767,-1.5,0,0,0,1.35504,0.99997,1.08478,4,0.85962,1,0.820314,0,0.820314,0.822999,0,20.3125,125.167,116.028,124.778,5761.25,1690,1304.38,970,1396.84,114.117,193.805,193.477,114.492,151.734,784.842,45,10.212,7.09868,10.892,91.5,100,100,0,0.671875,60.4317,19.5,19.5,19.5
35.8,-1.5,0,0,0,1.3667,0.99997,1.08399,4,0.85962,1,0.820314,0,0.820314,0.817384,0,20.3125,125.639,125.167,124.167,5768,1690,1303.32,970,1399.49,114.023,193.805,193.477,113.039,151.711,784.842,45,10.14,7.12801,10.808,91.5,100,100,0,0.546875,60.4317,20.25,20.25,19.5
35.833,-1.5,0,0,0,1.35535,0.99997,1.08478,4,0.85962,1,0.820314,0,0.820314,0.821046,0,20.3125,125.695,116.75,124.778,5773.5,1690,1307.07,970,1386.29,114.375,193.453,193.336,115.945,151.641,784.842,45,10.204,7.14401,10.872,91.5,100,100,0,0.453125,60.4317,20.25,20.25,19.5
35.867,-1.5,0,0,0,1.37476,0.99997,1.08481,4,0.85962,1,0.820314,0,0.820314,0.82007,0,20.3125,126.445,132.917,124.945,5782.5,1690,1299.18,970,1399.45,113.625,193.313,193.148,111.703,151.664,786.111,45,10.092,7.20001,10.76,91.5,100,100,0,0.796875,60.4317,20.25,20.25,19.5
35.9,-1.5,0,0,0,1.36792,0.99997,1.08411,4,0.85962,1,0.820314,0,0.820314,0.815675,0,20.3125,125.945,126.306,126.278,5783.5,1690,1304.1,970,1394.14,114.094,193.313,193.148,113.531,151.617,786.111,45,10.164,7.12268,10.844,91.5,100,100,0,0.734375,60.4317,20.25,20.25,19.5
35.933,-1.5,0,0,0,1.36151,0.99997,1.08414,4,0.85962,1,0.820314,0,0.820314,0.818361,0,20.3125,126.167,121.611,127.028,5783.5,1690,1307.03,970,1388.91,114.398,193.125,192.984,115.734,151.594,786.111,45,10.216,7.13601,10.896,91.5,100,100,0,0.625,60.4317,18.75,18.75,19.5
35.967,-1.5,0,0,0,1.37067,0.99997,1.08402,4,0.85962,1,0.820314,0,0.820314,0.82007,0,20.3125,126.167,131.556,125.417,5788,1690,1300.04,970,1394.18,113.719,192.961,192.609,113.484,151.57,786.111,45,10.116,7.15201,10.796,91.5,100,100,0,0.828125,60.4317,20.25,20.25,19.5
36,-1.5,0,0,0,1.35657,0.99997,1.08469,4,0.85962,1,0.820314,0,0.820314,0.82007,0,20.3125,126.056,120.083,125.222,5794.75,1690,1302.5,970,1388.91,113.977,192.961,192.609,114.75,151.594,786.111,45,10.148,7.11468,10.836,91.5,100,100,0,0.390625,60.4317,18.75,18.75,19.5
36.033,-1.5,0,0,0,1.37317,0.99997,1.08447,4,0.85962,1,0.820314,0,0.820314,0.818361,0,20.3125,125.278,138.361,125.417,5801.5,1690,1291.76,970,1407.38,112.945,192.586,192.305,112.313,151.523,786.111,45,10.056,7.05068,10.744,91.5,100,100,0,1.04688,60.4317,18.75,18.75,19.5
36.067,-1.5,0,0,0,1.35492,0.99997,1.08594,4,0.85962,1,0.820314,0,0.820314,0.818361,0,20.3125,126.75,116.25,124.389,5806,1690,1305.55,970,1394.14,114.281,192.281,192.164,114.211,151.547,787.322,45,10.176,7.15734,10.864,91.5,100,100,0,1.14063,60.4317,20.25,20.25,19.5
36.1,-1.5,0,0,0,1.36182,0.99997,1.0863,4,0.857911,1,0.820314,0,0.820314,0.824708,0,20.3125,126.278,124.389,127.111,5813.75,1690,1304.88,970,1391.56,114.211,192.281,192.164,116.063,151.5,787.322,45,10.152,7.14934,10.84,91.5,100,100,0,0.359375,60.4317,20.25,20.25,19.5
36.133,-1.5,0,0,0,1.37555,0.99997,1.08609,4,0.857911,1,0.820314,0,0.820314,0.816408,0,20.3125,126.556,133.695,125,5816,1690,1297.23,970,1404.73,113.484,192.141,191.883,110.109,151.453,787.322,45,10.076,7.14668,10.764,91.5,99.6079,100,0,0.75,60.4317,20.25,20.25,19.5
36.167,-1.5,0,0,0,1.36243,0.99997,1.08792,4,0.857911,1,0.820314,0,0.820314,0.818361,0,20.3125,126,129.445,126.889,5824,1690,1298.75,970,1391.56,113.625,191.859,191.813,115.359,151.477,787.322,45,10.092,7.12001,10.78,91.5,99.2157,100,0,0.859375,60.4317,20.25,20.25,19.5
36.2,-1.5,0,0,0,1.36194,0.99997,1.08606,4,0.856691,1,0.820314,0,0.820314,0.816408,0,20.3125,127.083,121.278,125,5829.75,1690,1302.66,970,1391.56,114,191.859,191.813,112.219,151.406,787.322,45,10.12,7.18401,10.8,91.5,100,100,0,0.4375,60.4317,20.25,20.25,19.5
36.233,-1.5,0,0,0,1.36456,0.99997,1.08801,4,0.856691,1,0.820314,0,0.820314,0.826661,0,20.3125,127.389,122.583,125.472,5827.5,1690,1302.38,970,1396.8,114,191.789,191.578,111.258,151.359,787.322,45,10.14,7.14134,10.82,91.5,100,100,0,0.5625,60.4317,20.25,20.25,19.5
36.267,-1.5,0,0,0,1.35535,0.99997,1.08899,4,0.856691,1,0.820314,0,0.820314,0.822999,0,20.3125,126.445,126.889,126.695,5830.75,1690,1296.8,970,1383.67,113.461,191.555,191.25,116.836,151.383,788.474,45,10.092,7.09334,10.772,91.5,100,100,0,0.953125,60.4317,18.75,18.75,19.5
36.3,-1.5,0,0,0,1.3692,0.99997,1.09061,4,0.855714,1,0.820314,0,0.820314,0.821046,0,20.3125,126.611,133.056,125,5835.25,1690,1294.69,970,1396.84,113.273,191.555,191.25,111.516,151.383,788.474,45,10.076,7.14401,10.772,91.5,99.6079,100,0,0.5625,60.4317,20.25,20.25,19.5
36.333,-1.5,0,0,0,1.36542,0.99997,1.09177,4,0.855714,1,0.820314,0,0.820314,0.825685,0,20.3125,126.639,130.833,127.306,5839.75,1690,1298.52,970,1394.18,113.648,191.227,191.109,114.281,151.313,788.474,45,10.136,7.13334,10.832,91.5,100,100,0,0.640625,60.4317,20.25,20.25,19.5
36.367,-1.5,0,0,0,1.35577,0.99997,1.09161,4,0.855714,1,0.820314,0,0.820314,0.82007,0,20.3125,126.611,123.583,125.639,5843.25,1690,1298.44,970,1388.95,113.625,191.086,190.758,114.328,151.336,788.474,45,10.104,7.12268,10.8,91.5,100,100,0,1.01563,60.4317,18.75,18.75,19.5
36.4,-1.5,0,0,0,1.36469,0.99997,1.09195,4,0.854738,1,0.820314,0,0.820314,0.818361,0,20.3125,126.222,135.389,126.5,5850,1690,1290.47,970,1399.49,112.875,191.086,190.758,112.734,151.289,788.474,45,10.036,7.08801,10.716,91.5,100,100,0,1.01563,60.4317,20.25,20.25,19.5
36.433,-1.5,0,0,0,1.34992,0.99997,1.09155,4,0.854738,1,0.820314,0,0.820314,0.82007,0,20.3125,126.917,116.5,126.472,5859.25,1690,1301.25,970,1391.56,113.648,190.289,190.547,114.117,151.266,788.474,45,10.112,7.14934,10.792,91.5,100,100,0,0.53125,60.4317,21,21,19.5
36.467,-1.5,0,0,0,1.36224,0.99997,1.09067,4,0.854738,1,0.820314,0,0.820314,0.816408,0,20.3125,126.861,126.278,126.695,5865,1690,1299.88,970,1396.84,113.508,190.523,190.5,113.25,151.242,789.607,45,10.088,7.13601,10.768,91.5,100,100,0,1.125,60.4317,21.75,21.75,19.5
36.5,-1.5,0,0,0,1.35584,0.99997,1.09158,4,0.854249,1,0.820314,0,0.820314,0.822023,0,20.3125,127.278,119.25,127.556,5867.25,1690,1304.18,970,1391.56,113.906,190.523,190.5,114.914,151.219,789.607,45,10.132,7.16001,10.82,91.5,100,100,0,0.9375,60.4317,21,21,19.5
36.533,-1.5,0,0,0,1.35584,0.99997,1.09329,4,0.854249,1,0.820314,0,0.820314,0.823732,0,20.3125,127.445,119.25,125,5873,1690,1301.13,970,1383.63,113.625,190.477,190.055,112.664,151.148,789.607,45,10.1,7.16534,10.788,91.5,100,100,0,0.84375,60.4317,21,21,19.5
36.567,-1.5,0,0,0,1.37256,0.99997,1.09192,4,0.854249,1,0.820314,0,0.820314,0.817384,0,20.3125,126.5,139.945,127.972,5876.5,1690,1291.76,970,1399.49,112.734,190.031,190.031,112.383,151.148,789.607,45,10.008,7.09334,10.696,91.5,100,100,0,1.15625,60.4317,21,21,19.5
36.6,-1.5,0,0,0,1.35462,0.99997,1.09259,4,0.853761,1,0.820314,0,0.820314,0.816408,0,20.3125,126.611,125.528,125.639,5883.5,1690,1292.77,970,1386.25,112.828,190.031,190.031,112.688,151.148,789.607,45,9.992,7.09068,10.68,91.5,100,100,0,1.10938,60.4317,21,21,19.5
36.633,-1.5,0,0,0,1.3573,0.99997,1.0921,4,0.853761,1,0.820314,0,0.820314,0.819337,0,20.3125,126.111,132.556,125.417,5886.75,1690,1286.41,970,1391.56,112.219,190.008,189.844,111.586,151.078,789.607,45,9.94,7.05068,10.628,91.5,100,100,0,0.71875,60.4317,21,21,19.5
36.667,-1.5,0,0,0,1.34332,0.99997,1.0928,4,0.853761,1,0.820314,0,0.820314,0.819337,0,20.3125,126.5,117.75,127.778,5885.75,1690,1295.23,970,1383.63,113.086,189.82,189.563,115.055,151.078,790.681,45,10.032,7.08268,10.72,91.5,100,100,0,0.796875,60.4317,21,21,19.5
36.7,-1.5,0,0,0,1.35486,0.99997,1.09482,4,0.853273,1,0.820314,0,0.820314,0.825685,0,20.3125,126.917,128.333,126.889,5891.5,1690,1292.89,970,1386.25,112.875,189.82,189.563,113.766,151.125,790.681,45,10.024,7.09601,10.72,91.5,99.6079,100,0,1.26563,60.4317,19.5,19.5,19.5
36.733,-1.5,0,0,0,1.35303,0.99997,1.09738,4,0.853273,1,0.820314,0,0.820314,0.82837,0,20.3125,126.972,126.111,126.028,5895,1690,1291.17,970,1388.91,112.711,189.539,189.305,112.43,151.055,790.681,45,10.024,7.11734,10.72,91.5,100,100,0,1.07813,60.4317,19.5,19.5,19.5
36.767,-1.5,0,0,0,1.35877,0.99997,1.1012,4,0.853273,1,0.820314,0,0.820314,0.830324,0,20.3125,126.5,136.528,126.278,5899.5,1690,1284.02,970,1391.56,112.031,189.281,188.953,112.289,151.055,790.681,45,10,7.09868,10.696,91.5,100,100,0,0.46875,60.4317,21,21,19.5
36.8,-1.5,0,0,0,1.34186,0.99997,1.10364,4,0.856202,1,0.820314,0,0.820314,0.82837,0,20.3125,127.333,116.472,126.056,5904.25,1690,1293.32,970,1383.63,112.922,189.281,188.953,113.156,151.031,790.681,45.75,10.112,7.16268,10.792,91.5,100,100,0,0.859375,60.4317,19.5,19.5,18.75
36.833,-1.5,0,0,0,1.35651,0.99997,1.10718,4,0.856202,1,0.820314,0,0.820314,0.832033,0,20.3125,126.111,137.25,126.028,5912.25,1690,1280.35,970,1394.18,111.703,188.93,188.836,111.586,151.008,790.681,45.75,9.996,7.11201,10.676,91.5,100,100,0,0.78125,60.4317,19.5,19.5,19.5
36.867,-1.5,0,0,0,1.34027,0.99997,1.10843,4,0.856202,1,0.820314,0,0.820314,0.822999,0,20.3125,126.695,119.667,127.556,5914.75,1690,1289.84,970,1386.29,112.594,188.813,188.461,114.516,151.008,791.697,45.75,10.1,7.13334,10.78,91.5,100,100,0,0.671875,60.4317,21,21,19.5
36.9,-1.5,0,0,0,1.34924,0.99997,1.11011,4,0.857911,1,0.820314,0,0.820314,0.826661,0,20.3125,127.445,123.695,126.028,5918.25,1690,1289.38,970,1391.56,112.57,188.813,188.461,111.633,150.961,791.697,45.75,10.116,7.21068,10.804,91.5,100,100,0,0.71875,60.4317,19.5,19.5,19.5
36.933,-1.5,0,0,0,1.35938,0.99997,1.1084,4,0.857911,1,0.820314,0,0.820314,0.818361,0,20.3125,126.695,138.278,126.472,5924,1690,1281.21,970,1399.49,111.797,188.438,188.203,110.836,150.914,791.697,45.75,9.968,7.13601,10.656,91.5,100,100,0,0.921875,60.4317,19.5,19.5,19.5
36.967,-1.5,0,0,0,1.34003,0.99997,1.10941,4,0.857911,1,0.820314,0,0.820314,0.822023,0,20.3125,127.278,116.972,126.889,5927.5,1690,1292.89,970,1386.25,112.898,188.18,188.016,113.438,150.914,791.697,45.75,10.124,7.16534,10.812,91.5,100,100,0,0.78125,60.4317,21,21,19.5
37,-1.5,0,0,0,1.35187,0.99997,1.10965,4,0.854982,1,0.820314,0,0.820314,0.822999,0,20.3125,127.889,125.667,127.417,5935.75,1690,1292.62,970,1388.91,112.875,188.18,188.016,111.492,150.891,791.697,45.75,10.084,7.21868,10.772,91.5,99.6079,100,0,0.96875,60.4317,21,21,19.5
37.033,-1.5,0,0,0,1.35358,0.99997,1.10944,4,0.854982,1,0.820314,0,0.820314,0.82007,0,20.3125,126.972,132.945,125.417,5939.25,1680,1280.98,970,1394.14,111.75,187.992,187.781,109.828,150.797,791.697,45.75,9.976,7.11201,10.664,91.5,100,100,0,0.84375,60.4317,21.75,21.75,19.5
37.067,-1.5,0,0,0,1.34009,0.99997,1.11075,4,0.854982,1,0.820314,0,0.820314,0.822023,0,20.3125,126.75,127.667,127.972,5946.25,1680,1281.88,970,1386.29,111.867,187.758,187.688,114.984,150.82,792.713,45.75,10.004,7.10401,10.692,91.5,100,100,0,0.921875,60.4317,21.75,21.75,19.5
37.1,-1.5,0,0,0,1.34393,0.99997,1.11145,4,0.854249,1,0.820314,0,0.820314,0.822999,0,20.3125,127.945,119.583,126.278,5951,1680,1288.63,970,1388.87,112.5,187.758,187.688,111.305,150.773,792.713,45.75,10.092,7.21868,10.78,92.25,100,100,0,1.28125,60.4317,21,21,19.5
37.133,-1.5,0,0,0,1.34033,0.99997,1.11298,4,0.854249,1,0.820314,0,0.820314,0.823732,0,20.3125,128.028,117.028,127.111,5955.75,1690,1293.83,970,1378.36,112.758,187.242,187.336,113.297,150.75,792.713,45.75,10.132,7.22668,10.82,92.25,100,100,0,0.8125,60.4317,21,21,19.5
37.167,-1.5,0,0,0,1.35346,0.99997,1.11313,4,0.854249,1,0.820314,0,0.820314,0.82007,0,20.3125,127.5,129.945,126.917,5961.75,1690,1287.58,970,1386.25,112.148,187.313,187.242,111.539,150.773,792.713,45.75,10.064,7.18668,10.752,92.25,100,100,0,0.875,60.4317,21,21,19.5
37.2,-1.5,0,0,0,1.35388,0.99997,1.11401,4,0.853761,1,0.820314,0,0.820314,0.82007,0,20.3125,127.611,130.722,127.972,5963,1690,1287.73,970,1388.87,112.148,187.313,187.242,111.609,150.727,792.713,45.75,10.036,7.19468,10.716,91.5,100,100,0,1.28125,60.4317,21,21,19.5
37.233,-1.5,0,0,0,1.34882,0.99997,1.11331,4,0.853761,1,0.820314,0,0.820314,0.82007,0,20.3125,127.667,127.139,127.583,5967.75,1690,1286.52,970,1391.52,112.055,187.219,186.938,111.234,150.68,792.713,45.75,10.036,7.18134,10.716,91.5,100,100,0,0.875,60.4317,21.75,21.75,19.5
37.267,-1.5,0,0,0,1.33661,0.99997,1.11475,4,0.853761,1,0.820314,0,0.820314,0.821046,0,20.3125,127.667,117.306,127.306,5972.5,1690,1294.02,970,1373.09,112.758,186.914,186.797,114.703,150.68,793.65,45.75,10.128,7.17868,10.808,91.5,100,100,0,1.0625,60.4317,21.75,21.75,19.5
37.3,-1.5,0,0,0,1.36481,0.99997,1.11289,4,0.851808,1,0.820314,0,0.820314,0.816408,0,20.3125,127.889,139.611,127.111,5979.5,1690,1282.5,970,1396.8,111.656,186.914,186.797,108.539,150.656,793.65,45.75,9.972,7.19201,10.66,92.25,100,100,0,0.921875,60.4317,21.75,21.75,19.5
37.333,-1.5,0,0,0,1.35248,0.99997,1.11295,4,0.851808,1,0.820314,0,0.820314,0.815675,0,20.3125,127.778,131.611,126.472,5983,1690,1282.85,970,1386.25,111.703,186.773,186.352,110.109,150.609,793.65,45.75,9.96,7.16534,10.648,92.25,100,100,0,1.15625,60.4317,21,21,19.5
37.367,-1.5,0,0,0,1.35236,0.99997,1.11151,4,0.851808,1,0.820314,0,0.820314,0.816408,0,20.3125,127.195,136.472,127.778,5988,1690,1280,970,1388.91,111.422,186.328,186.352,112.219,150.633,793.65,45.75,9.94,7.10934,10.628,92.25,100,100,0,1.15625,60.4317,21,21,19.5
37.4,-1.5,0,0,0,1.3476,0.99997,1.11017,4,0.851808,1,0.820314,0,0.820314,0.813722,0,20.3125,128.306,124.917,128.389,5988,1690,1286.76,970,1391.52,112.078,186.328,186.352,110.859,150.586,793.65,46.5,10.008,7.16801,10.688,92.25,100,100,0,0.953125,60.4317,21,21,19.5
37.433,-1.5,0,0,0,1.34351,0.99997,1.11145,4,0.851808,1,0.820314,0,0.820314,0.821046,0,20.3125,128.417,121.278,129.695,5992.75,1690,1292.34,970,1380.98,112.617,186.328,186.047,114.234,150.563,793.65,46.5,10.092,7.19468,10.772,92.25,100,100,0,1.04688,60.4317,21,21,19.5
37.467,-1.5,0,0,0,1.35181,0.99997,1.11273,4,0.851808,1,0.820314,0,0.820314,0.824708,0,20.3125,128.667,130.445,127.972,6000,1690,1286.8,970,1380.98,112.078,186.023,185.906,112.242,150.563,794.568,46.5,10.02,7.21334,10.7,92.25,99.6079,100,0,1.15625,60.4317,21,21,19.5
37.5,-1.5,0,0,0,1.35431,0.99997,1.11356,4,0.851808,1,0.820314,0,0.820314,0.82007,0,20.3125,127.445,139.333,127.306,6006,1680,1277.66,970,1388.91,111.211,186.023,185.906,111.047,150.422,794.568,46.5,9.888,7.10401,10.584,91.5,100,100,0,0.703125,60.4317,21.75,21.75,19.5
37.533,-1.5,0,0,0,1.34497,0.99997,1.11255,4,0.851808,1,0.820314,0,0.820314,0.812745,0,20.3125,128.417,126.472,126.889,6009.5,1680,1282.85,970,1386.25,111.703,185.883,185.438,109.945,150.164,794.568,46.5,9.948,7.15201,10.644,91.5,100,100,0,1.15625,60.4317,21.75,21.75,19.5
37.567,-1.5,0,0,0,1.35523,0.99997,1.11188,4,0.851808,1,0.820314,0,0.820314,0.817384,0,20.3125,128.028,139.445,127.778,6013,1680,1277.46,970,1391.52,111.188,185.414,185.461,110.203,149.93,794.568,46.5,9.872,7.14134,10.568,91.5,100,100,0,1.04688,60.4317,21.75,21.75,19.5
37.6,-1.5,0,0,0,1.3465,0.99997,1.11078,4,0.851564,1,0.820314,0,0.820314,0.817384,0,20.3125,127.195,136.695,127.556,6018,1680,1273.44,970,1391.52,110.813,185.414,185.461,110.789,149.719,794.568,46.5,9.836,7.06134,10.524,92.25,100,100,0,0.609375,60.4317,21.75,21.75,19.5
37.633,-1.5,0,0,0,1.33966,0.99997,1.11185,4,0.851564,1,0.820314,0,0.820314,0.821046,0,20.3125,128.306,124.917,128.389,6022.75,1670,1281.17,970,1388.91,111.563,185.438,185.063,111,149.555,794.568,46.5,9.928,7.13601,10.616,92.25,100,100,0,0.828125,60.4317,21.75,21.75,19.5
37.667,-1.5,0,0,0,1.33527,0.99997,1.11356,4,0.851564,1,0.820314,0,0.820314,0.824708,0,20.3125,128.528,121.306,126.278,6027.5,1670,1281.29,970,1375.7,111.586,185.039,184.969,111.422,149.555,795.428,46.5,9.932,7.15734,10.62,92.25,100,100,0,0.859375,60.4317,21.75,21.75,19.5
37.7,-1.5,0,0,0,1.35193,0.99997,1.11578,4,0.851564,1,0.820314,0,0.820314,0.825685,0,20.3125,127.25,141.889,127.778,6031.25,1670,1269.69,970,1396.8,110.484,185.039,184.969,109.383,149.555,795.428,46.5,9.84,7.08001,10.528,91.5,100,100,0,0.421875,60.4317,21.75,21.75,19.5
37.733,-1.5,0,0,0,1.3429,0.99997,1.11859,4,0.851564,1,0.820314,0,0.820314,0.82837,0,20.3125,128.306,129.389,128.306,6036,1670,1277.03,970,1394.14,111.188,184.945,184.57,109.758,149.555,795.428,46.5,9.936,7.15734,10.624,91.5,100,100,0,0.78125,60.4317,21.75,21.75,19.5
37.767,-1.5,0,0,0,1.3316,0.99997,1.12094,4,0.851564,1,0.820314,0,0.820314,0.82837,0,20.3125,128.722,117.583,127.111,6039.75,1670,1285.12,970,1375.7,111.984,184.547,184.688,112.266,149.555,795.428,46.5,10.06,7.20534,10.748,91.5,100,100,0,0.890625,60.4317,21.75,21.75,19.5
37.8,-1.5,0,0,0,1.34961,0.99997,1.12274,4,0.849855,1,0.820314,0,0.820314,0.825685,0,20.3125,128.361,135.028,128.195,6042.25,1670,1275.9,970,1391.52,111.094,184.547,184.688,109.547,149.555,795.428,46.5,9.984,7.17334,10.664,92.25,100,100,0,0.8125,60.4317,21.75,21.75,19.5
37.833,-1.5,0,0,0,1.33521,0.99997,1.12256,4,0.849855,1,0.820314,0,0.820314,0.819337,0,20.3125,129.056,117.889,128.639,6048.25,1680,1288.59,970,1373.05,112.055,184.242,184.102,113.086,149.555,795.428,46.5,10.132,7.21334,10.812,92.25,100,100,0,0.546875,60.4317,21.75,21.75,19.5
37.867,-1.5,0,0,0,1.34381,0.99997,1.12143,4,0.849855,1,0.820314,0,0.820314,0.822999,0,20.3125,128.472,128.445,127.111,6052,1680,1281.05,970,1378.36,111.328,184.078,184.148,110.648,149.555,796.502,46.5,10,7.18668,10.68,92.25,100,100,0,0.8125,60.4317,21.75,21.75,19.5
37.9,-1.5,0,0,0,1.3465,0.99997,1.12143,4,0.848634,1,0.820314,0,0.820314,0.819337,0,20.3125,127.722,136.639,128.389,6056.75,1680,1274.57,970,1383.63,110.719,184.078,184.148,111.375,149.578,796.502,46.5,9.944,7.10934,10.624,92.25,100,100,0,0.890625,60.4317,21.75,21.75,19.5
37.933,-0.75,0,0,0,1.33869,0.99997,1.12055,4,0.848634,1,0.820314,0,0.820314,0.815675,0,20.3125,128.139,128.972,126.889,6063,1680,1273.63,970,1386.25,110.625,184.125,183.727,109.711,149.555,796.502,46.5,9.932,7.13068,10.612,92.25,100,100,0,0.625,60.4317,21.75,21.75,19.5
37.967,-0.75,0,0,0,1.3393,0.99997,1.12174,4,0.848634,1,0.820314,0,0.820314,0.822999,0,20.3125,128.139,125.889,129.278,6066.5,1680,1279.49,970,1388.91,111.188,183.703,183.445,111.82,149.578,796.502,46.5,10.016,7.15201,10.696,92.25,99.6079,100,0,0.703125,60.4317,21.75,21.75,19.5
38,-0.75,0,0,0,1.3396,0.99997,1.12097,4,0.847658,1,0.820314,0,0.820314,0.82007,0,20.3125,128.361,128.083,127.972,6065.5,1680,1278.01,970,1386.25,111.047,183.703,183.445,111.492,149.578,796.502,47.25,9.98,7.14401,10.66,92.25,100,100,0,1.25,60.4317,21,21,19.5
38.033,-0.75,0,0,0,1.33582,0.99997,1.12125,4,0.847658,1,0.820314,0,0.820314,0.816408,0,20.3125,128.889,123.528,127.778,6071.5,1680,1280.59,970,1383.67,111.281,183.422,183.352,112.078,149.578,796.502,47.25,10.004,7.15468,10.684,92.25,100,100,0,0.625,60.4317,21,21,19.5
38.067,-0.75,0,0,0,1.34589,0.99997,1.12125,4,0.847658,1,0.820314,0,0.820314,0.816408,0,20.3125,128.667,132.75,130.806,6074,1680,1280.39,970,1394.18,111.258,183.328,183.07,112.688,149.578,797.498,47.25,9.996,7.12801,10.676,92.25,100,100,0,0.609375,60.4317,21.75,21.75,19.5
38.1,-0.75,0,0,0,1.33508,0.99997,1.12061,4,0.846925,1,0.820314,0,0.820314,0.82007,0,20.3125,129.639,119,126.889,6076.5,1680,1283.24,970,1380.98,111.539,183.328,183.07,110.813,149.578,797.498,47.25,10.024,7.19734,10.712,92.25,99.6079,100,0,1.17188,60.4317,21,21,19.5
38.133,-0.75,0,0,0,1.33893,0.99997,1.12103,4,0.846925,1,0.820314,0,0.820314,0.82007,0,20.3125,129.417,124.806,126.889,6082.5,1680,1280.74,970,1375.7,111.305,183.047,182.813,110.977,149.578,797.498,47.25,10.02,7.16001,10.708,92.25,100,100,0,0.6875,60.4317,21,21,19.5
38.167,-0.75,0,0,0,1.34931,0.99997,1.12302,4,0.846925,1,0.820314,0,0.820314,0.822023,0,20.3125,128.528,140.695,128.195,6085,1680,1269.41,970,1388.91,110.203,182.789,182.555,109.5,149.578,797.498,47.25,9.924,7.10668,10.612,92.25,99.6079,100,0,0.828125,60.4317,21.75,21.75,19.5
38.2,-0.75,0,0,0,1.34143,0.99997,1.12277,4,0.849122,1,0.820314,0,0.820314,0.82007,0,20.3125,127.889,138.028,127.972,6090,1680,1265.78,970,1391.52,109.875,182.789,182.555,109.523,149.578,797.498,47.25,9.872,7.05868,10.56,92.25,100,100,0,0.953125,60.4317,21.75,21.75,20.25
38.233,-0.75,0,0,0,1.3468,0.99997,1.12387,4,0.849122,1,0.820314,0,0.820314,0.822023,0,20.3125,128.306,139.556,128.389,6093.75,1680,1266.21,970,1402.07,109.922,182.531,182.555,108.258,149.578,797.498,47.25,9.912,7.10134,10.6,92.25,100,100,0,0.421875,60.4317,21,21,18.75
38.267,-0.75,0,0,0,1.32874,0.99997,1.12399,4,0.849122,1,0.820314,0,0.820314,0.816408,0,20.3125,127.833,124.917,127.972,6098.75,1670,1271.48,970,1391.56,110.414,182.531,182.25,111.516,148.758,798.24,47.25,9.944,7.06668,10.632,92.25,99.6079,100,0,0.609375,60.4317,22.5,22.5,27
38.3,-0.75,0,0,0,1.32611,0.99997,1.12625,4,0.848146,1,0.820314,0,0.820314,0.82837,0,20.3125,129.639,116.083,128.195,6097.5,1680,1279.8,970,1383.63,111.211,182.531,182.25,110.836,149.578,798.24,47.25,10.084,7.20001,10.764,92.25,99.6079,100,0,0.578125,60.4317,17.25,17.25,17.25
38.333,-0.75,0,0,0,1.31915,0.99997,1.12869,4,0.848146,1,0.820314,0,0.820314,0.832033,0,20.3125,129.583,115.528,129.278,6113.5,1670,1282.03,970,1370.47,112.266,183.586,182.297,114.586,149.578,798.24,47.25,10.228,7.26934,10.908,92.25,100,100,0,0.46875,60.4317,17.25,17.25,17.25
38.367,-0.75,0,0,0,1.34747,0.99997,1.13229,4,0.848146,1,0.820314,0,0.820314,0.826661,0,20.3125,130.167,138.417,128.389,6112.25,1670,1265.9,970,1396.8,110.719,182.273,182.156,108.047,149.578,798.24,47.25,10.06,7.25334,10.74,92.25,100,100,0,0.609375,60.4317,17.25,17.25,17.25
38.4,-0.75,0,0,0,1.33954,0.99997,1.13074,4,0.847169,1,0.820314,0,0.820314,0.817384,0,20.3125,129.806,131.945,129.111,6121,1670,1268.79,970,1391.52,110.977,182.273,182.156,109.688,149.578,798.24,47.25,10.076,7.19734,10.756,92.25,100,100,0,0.828125,60.4317,17.25,17.25,17.25
38.433,-0.75,0,0,0,1.33374,0.99997,1.12946,4,0.847169,1,0.820314,0,0.820314,0.816408,0,20.3125,129.695,128.472,130.139,6123.5,1670,1270.66,970,1383.63,111.164,182.133,182.016,111.961,149.578,798.24,47.25,10.128,7.19734,10.808,92.25,100,100,0,0.359375,60.4317,21.75,21.75,19.5
38.467,-0.75,0,0,0,1.33862,0.99997,1.12735,4,0.847169,1,0.820314,0,0.820314,0.815675,0,20.3125,129.472,130.889,130.361,6131,1670,1270.47,970,1394.14,111.141,181.992,181.898,110.344,149.578,799.178,47.25,10.08,7.17334,10.76,92.25,100,100,0,0.984375,60.4317,21.75,21.75,19.5
38.5,-0.75,0,0,0,1.32465,0.99997,1.12457,4,0.846681,1,0.820314,0,0.820314,0.807374,0,20.3125,129.417,123.528,129.278,6134.75,1670,1271.09,970,1378.4,111.188,181.992,181.898,114.328,149.578,799.178,48,10.052,7.13601,10.732,92.25,100,100,0,0.859375,60.4317,22.5,22.5,20.25
38.533,-0.75,0,0,0,1.33319,0.99997,1.12058,4,0.846681,1,0.820314,0,0.820314,0.805421,0,20.3125,129.945,126.417,130.139,6137.25,1670,1270.2,970,1394.14,110.859,181.453,181.711,109.781,149.578,799.178,48,9.996,7.12801,10.676,92.25,100,100,0,0.59375,60.4317,21.75,21.75,19.5
38.567,-0.75,0,0,0,1.34143,0.99997,1.11859,4,0.846681,1,0.820314,0,0.820314,0.812745,0,20.3125,129.639,134.972,129.945,6134.75,1670,1268.2,970,1399.45,110.672,181.688,181.57,110.414,149.578,799.178,48,9.972,7.13068,10.652,92.25,100,100,0,0.96875,60.4317,21,21,19.5
38.6,-0.75,0,0,0,1.34247,0.99997,1.1196,4,0.844484,1,0.820314,0,0.820314,0.819337,0,20.3125,129.472,137.917,130.139,6142.5,1670,1266.02,970,1402.11,110.461,181.688,181.57,110.906,149.578,799.178,48,9.928,7.08801,10.616,92.25,100,100,0,0.65625,60.4317,21.75,21.75,20.25
38.633,-0.75,0,0,0,1.33063,0.99997,1.12079,4,0.844484,1,0.820314,0,0.820314,0.818361,0,20.3125,130.611,121.972,129.056,6146.25,1660,1274.1,970,1388.91,111.234,181.547,181.477,111.328,148.781,799.178,48,10.068,7.16801,10.756,92.25,100,100,0,0.8125,60.4317,21.75,21.75,18.75
38.667,-0.75,0,0,0,1.32538,0.99997,1.12103,4,0.844484,1,0.820314,0,0.820314,0.815675,0,20.3125,130.333,118.306,130.361,6147.5,1660,1277.85,970,1378.4,111.586,181.453,181.406,113.672,148.781,800.271,48,10.1,7.13868,10.788,92.25,100,100,0,0.671875,60.4317,21,21,26.25
38.7,-0.75,0,0,0,1.33624,0.99997,1.12045,4,0.842775,1,0.820314,0,0.820314,0.815675,0,20.3125,129.917,131.667,128.389,6152.5,1670,1267.7,970,1386.29,110.602,181.453,181.406,111.023,149.578,800.271,48,9.944,7.09601,10.64,92.25,100,100,0,0.8125,60.4317,21.75,21.75,27
38.733,-0.75,0,0,0,1.34906,0.99997,1.11936,4,0.842775,1,0.820314,0,0.820314,0.817384,0,20.3125,130.695,137.667,129.695,6157.5,1660,1265.47,970,1410,110.391,181.383,181.336,106.313,148.781,800.271,48,9.94,7.13868,10.636,92.25,100,100,0,0.84375,60.4317,21.75,21.75,18.75
38.767,-0.75,0,0,0,1.32465,0.99997,1.11887,4,0.842775,1,0.820314,0,0.820314,0.814699,0,20.3125,130.167,121.417,129.695,6169,1670,1270.27,970,1386.29,110.859,181.313,181.266,111.984,149.578,800.271,48,9.976,7.08801,10.672,92.25,99.6079,100,0,0.578125,60.4317,21.75,21.75,19.5
38.8,-0.75,0,0,0,1.31769,0.99997,1.11951,4,0.843263,1,0.820314,0,0.820314,0.818361,0,20.3125,130.611,115.333,130.361,6169,1660,1275.08,970,1381.02,111.328,181.313,181.266,113.344,148.781,800.271,48,10.096,7.12801,10.776,92.25,99.6079,100,0,0.828125,60.4317,21.75,21.75,18.75
38.833,-0.75,0,0,0,1.33997,0.99997,1.1185,4,0.843263,1,0.820314,0,0.820314,0.816408,0,20.3125,130.861,130,132.361,6175.25,1670,1272.66,970,1394.14,111.094,181.242,181.148,110.695,149.578,800.271,48,10.04,7.13601,10.72,92.25,99.6079,100,0,1,60.4317,21.75,21.75,27
38.867,-0.75,0,0,0,1.33698,0.99997,1.11731,4,0.843263,1,0.820314,0,0.820314,0.814699,0,20.3125,129.806,137.333,129.472,6177.75,1670,1263.24,970,1386.29,110.18,181.125,181.055,111.82,149.578,801.111,48,9.896,7.06668,10.576,92.25,100,100,0,0.609375,60.4317,21.75,21.75,20.25
38.9,-0.75,0,0,0,1.31738,0.99997,1.11646,4,0.841798,1,0.820314,0,0.820314,0.811769,0,20.3125,130.861,115.361,130.361,6183,1670,1274.14,970,1380.98,111.211,181.125,181.055,112.758,149.578,801.111,48,10.056,7.11734,10.744,92.25,100,100,0,0.46875,60.4317,21,21,19.5
38.933,-0.75,0,0,0,1.33911,0.99997,1.11688,4,0.841798,1,0.820314,0,0.820314,0.822023,0,20.3125,130.167,135.722,130.583,6180.25,1670,1265.63,970,1394.18,110.391,181.031,180.844,110.813,149.578,801.111,48,9.92,7.06934,10.608,92.25,100,100,0,0.734375,60.4317,21,21,19.5
38.967,-0.75,0,0,0,1.33087,0.99997,1.11701,4,0.841798,1,0.820314,0,0.820314,0.819337,0,20.3125,131.445,121.972,130.195,6186.75,1670,1273.4,970,1388.91,111.141,180.82,180.727,110.109,149.578,801.111,48,10.056,7.13334,10.744,92.25,100,100,0,0.953125,60.4317,21,21,18.75
39,-0.75,0,0,0,1.35016,0.99997,1.11704,4,0.840577,1,0.820314,0,0.820314,0.815675,0,20.3125,130.695,142.361,130.167,6189.25,1670,1263.16,970,1402.07,110.156,180.82,180.727,107.813,149.578,801.111,48,9.892,7.08001,10.58,92.25,100,100,0,0.515625,60.4317,20.25,20.25,19.5
39.033,-0.75,0,0,0,1.3233,0.99997,1.11462,4,0.840577,1,0.820314,0,0.820314,0.811036,0,20.3125,131.139,120.222,129.472,6194.5,1670,1270.2,970,1386.25,110.836,180.703,180.727,111.328,149.578,801.111,48,9.996,7.09601,10.684,92.25,99.6079,100,0,0.25,60.4317,20.25,20.25,19.5
39.067,-0.75,0,0,0,1.33948,0.99997,1.11551,4,0.840577,1,0.820314,0,0.820314,0.816408,0,20.3125,131.333,131.972,130.806,6199.5,1670,1267.62,970,1396.84,110.602,180.703,180.516,108.961,149.602,801.912,48,9.96,7.11201,10.648,92.25,100,100,0,1.17188,60.4317,21,21,19.5
39.1,-0.75,0,0,0,1.3277,0.99997,1.11322,4,0.839601,1,0.820314,0,0.820314,0.814699,0,20.3125,130.695,123.833,130.139,6206,1670,1270.74,970,1383.63,110.93,180.703,180.516,111.867,149.578,801.912,48.75,10.008,7.07468,10.704,92.25,100,100,0,0.703125,60.4317,21,21,20.25
39.133,-0.75,0,0,0,1.32044,0.99997,1.11481,4,0.839601,1,0.820314,0,0.820314,0.821046,0,20.3125,130.695,121.083,129.945,6215,1670,1268.01,970,1383.67,110.672,180.492,180.563,112.43,149.578,801.912,48.75,9.972,7.04534,10.668,92.25,100,100,0,0.53125,60.4317,21.75,21.75,19.5
39.167,-0.75,0,0,0,1.33466,0.99997,1.11423,4,0.839601,1,0.820314,0,0.820314,0.818361,0,20.3125,130.972,130.5,129.945,6216.25,1670,1265.63,970,1396.8,110.461,180.539,180.422,109.266,149.602,801.912,48.75,9.932,7.05601,10.628,92.25,100,100,0,0.765625,60.4317,21,21,18.75
39.2,-0.75,0,0,0,1.33362,0.99997,1.11444,4,0.841798,1,0.820314,0,0.820314,0.816408,0,20.3125,130.389,135.167,129.695,6221.25,1670,1262.03,970,1391.6,110.109,180.539,180.422,111.281,149.602,801.912,48.75,9.884,7.01601,10.572,92.25,100,100,0,0.9375,60.4317,21.75,21.75,20.25
39.233,-0.75,0,0,0,1.34357,0.99997,1.11322,4,0.841798,1,0.820314,0,0.820314,0.815675,0,20.3125,130.806,141.695,131.889,6220,1670,1261.29,970,1404.77,109.781,179.977,180.188,109.828,149.602,801.912,48.75,9.836,7.00268,10.524,92.25,100,100,0,0.5,60.4317,21,21,19.5
39.267,-0.75,0,0,0,1.31366,0.99997,1.11166,4,0.841798,1,0.820314,0,0.820314,0.813722,0,20.3125,131.333,115.056,131.583,6224,1670,1279.92,970,1378.36,111.563,180.164,180.117,113.742,149.602,802.713,48.75,10.068,7.05334,10.756,92.25,100,100,0,0.3125,60.4317,20.25,20.25,18.75
39.3,-0.75,0,0,0,1.33075,0.99997,1.11203,4,0.842775,1,0.820314,0,0.820314,0.816408,0,20.3125,131.25,128.167,130.167,6226.5,1670,1269.02,970,1386.29,110.508,180.164,180.117,111.586,149.461,802.713,48.75,9.908,7.03734,10.588,92.25,100,100,0,1.01563,60.4317,21.75,21.75,20.25
39.333,-0.75,0,0,0,1.32233,0.99997,1.11258,4,0.842775,1,0.820314,0,0.820314,0.824708,0,20.3125,131.945,116.833,130.472,6230.5,1670,1274.34,970,1383.67,111,180.094,180.094,112.195,149.602,802.713,48.75,10.016,7.06934,10.696,92.25,99.2157,100,0,0.71875,60.4317,21,21,20.25
39.367,-0.75,0,0,0,1.33142,0.99997,1.1117,4,0.842775,1,0.820314,0,0.820314,0.816408,0,20.3125,131.556,125.222,130.472,6239.5,1670,1270.12,970,1386.25,110.602,180.07,180.047,110.273,149.602,802.713,48.75,9.948,7.06668,10.628,92.25,100,100,0,0.5625,60.4317,21,21,19.5
39.4,-0.75,0,0,0,1.34485,0.99997,1.11383,4,0.839845,1,0.820314,0,0.820314,0.82007,0,20.3125,131.945,135.389,131.056,6244.75,1670,1268.2,970,1396.8,110.414,180.07,180.047,108.164,149.602,802.713,48.75,9.964,7.08534,10.66,92.25,100,100,0,0.59375,60.4317,21,21,19.5
39.433,-0.75,0,0,0,1.3382,0.99997,1.11365,4,0.839845,1,0.820314,0,0.820314,0.82007,0,20.3125,131.25,134.722,131.695,6248.5,1670,1266.8,970,1391.56,110.273,180.023,179.883,110.859,149.602,802.713,48.75,9.92,7.02134,10.616,92.25,100,100,0,1.0625,60.4317,21.75,21.75,19.5
39.467,-0.75,0,0,0,1.34454,0.99997,1.11392,4,0.839845,1,0.820314,0,0.820314,0.818361,0,20.3125,130.917,146.139,130.583,6251.25,1670,1256.6,970,1399.49,109.289,179.859,179.695,110.016,149.602,803.455,48.75,9.812,6.98934,10.508,92.25,100,100,0,0.59375,60.4317,21.75,21.75,19.5
39.5,-0.75,0,0,0,1.33051,0.99997,1.11337,4,0.837404,1,0.820314,0,0.820314,0.818361,0,20.3125,131.889,126.111,131.667,6248.5,1670,1269.18,970,1394.18,110.508,179.859,179.695,110.977,149.602,803.455,48.75,9.996,7.05868,10.684,92.25,100,100,0,0.671875,60.4317,20.25,20.25,20.25
39.533,-0.75,0,0,0,1.34436,0.99997,1.11319,4,0.837404,1,0.820314,0,0.820314,0.819337,0,20.3125,131.611,139.083,131.667,6255,1670,1264.3,970,1399.49,110.039,179.672,179.602,109.43,149.344,803.455,48.75,9.884,7.02934,10.572,92.25,100,100,0,1.15625,60.4317,20.25,20.25,20.25
39.567,-0.75,0,0,0,1.33881,0.99997,1.1124,4,0.837404,1,0.820314,0,0.820314,0.813722,0,20.3125,132.417,129.972,131.25,6260.25,1670,1270.51,970,1396.8,110.625,179.578,179.461,109.688,149.344,803.455,48.75,9.98,7.07201,10.668,92.25,100,100,0,1.04688,60.4317,21,21,19.5
39.6,-0.75,0,0,0,1.3418,0.99997,1.10986,4,0.835695,1,0.820314,0,0.820314,0.808107,0,20.3125,132.945,134.139,130.361,6261.5,1670,1269.57,970,1396.8,110.555,179.578,179.461,110.086,149.227,803.455,48.75,9.936,7.04268,10.616,92.25,100,100,0,0.9375,60.4317,21,21,19.5
39.633,-0.75,0,0,0,1.3418,0.99997,1.10623,4,0.835695,1,0.820314,0,0.820314,0.807374,0,20.3125,131.083,141.445,131.472,6272,1670,1260.78,970,1396.84,109.734,179.438,179.484,110.719,149.086,803.455,48.75,9.78,6.92534,10.46,92.25,99.6079,100,0,0.9375,60.4317,22.5,22.5,20.25
39.667,-0.75,0,0,0,1.32977,0.99997,1.10458,4,0.835695,1,0.820314,0,0.820314,0.812745,0,20.3125,131.722,126,130.139,6276,1670,1265.94,970,1394.18,110.227,179.461,179.344,109.172,149.086,804.178,48.75,9.828,6.96534,10.508,92.25,99.6079,100,0,1.28125,60.4317,21.75,21.75,19.5
39.7,-0.75,0,0,0,1.35425,0.99997,1.10617,4,0.835695,1,0.820314,0,0.820314,0.822023,0,20.3125,131.833,147.195,130.806,6282.5,1670,1258.98,970,1407.38,109.57,179.461,179.344,106.523,148.945,804.178,49.5,9.784,6.97068,10.472,92.25,100,100,0,0.78125,60.4317,22.5,22.5,20.25
39.733,-0.75,0,0,0,1.33508,0.99997,1.10913,4,0.835695,1,0.820314,0,0.820314,0.826661,0,20.3125,131.25,138.111,130.472,6281.25,1670,1256.6,970,1399.49,109.359,179.32,179.133,109.266,149.086,804.178,49.5,9.772,6.93601,10.46,92.25,100,100,0,0.765625,60.4317,21.75,21.75,20.25
39.767,-0.75,0,0,0,1.32776,0.99997,1.11188,4,0.835695,1,0.820314,0,0.820314,0.826661,0,20.3125,132.472,122.806,132.806,6282.5,1670,1270.39,970,1394.18,110.695,179.109,179.109,111,149.086,804.178,49.5,9.996,7.04268,10.684,92.25,100,100,0,0.84375,60.4317,20.25,20.25,19.5
39.8,-0.75,0,0,0,1.33551,0.99997,1.11459,4,0.83423,1,0.820314,0,0.820314,0.827638,0,20.3125,133.278,126.556,132.583,6284,1670,1271.02,970,1396.84,110.742,179.109,179.109,109.383,148.969,804.178,49.5,10.044,7.10134,10.724,92.25,99.6079,100,0,0.8125,60.4317,21,21,19.5
39.833,-0.75,0,0,0,1.34754,0.99997,1.11267,4,0.83423,1,0.820314,0,0.820314,0.814699,0,20.3125,132.472,139.389,132.111,6298.5,1670,1263.55,970,1407.34,109.758,178.664,179.086,106.898,148.711,804.178,49.5,9.892,7.01868,10.572,92.25,100,100,0,0.65625,60.4317,21,21,19.5
39.867,-0.75,0,0,0,1.34168,0.99997,1.1116,4,0.83423,1,0.820314,0,0.820314,0.815675,0,20.3125,132.528,135.083,131.889,6301,1670,1265.78,970,1399.45,109.969,179.063,178.945,108.492,148.688,804.881,49.5,9.92,7.04268,10.6,92.25,100,100,0,0.765625,60.4317,21,21,19.5
39.9,-0.75,0,0,0,1.33167,0.99997,1.10928,4,0.834962,1,0.820314,0,0.820314,0.812745,0,20.3125,132.778,125.195,132.806,6305,1660,1272.34,970,1391.56,110.602,179.063,178.945,111.469,148.289,804.881,49.5,9.992,7.03468,10.672,92.25,100,100,0,0.625,60.4317,21.75,21.75,20.25
39.933,-0.75,0,0,0,1.33203,0.99997,1.10925,4,0.834962,1,0.820314,0,0.820314,0.82007,0,20.3125,132.833,126.25,131.889,6303.75,1670,1271.64,970,1386.29,110.531,178.922,178.805,111.586,148.688,804.881,49.5,9.968,7.02934,10.648,92.25,100,100,0,0.71875,60.4317,21,21,20.25
39.967,-0.75,0,0,0,1.35101,0.99997,1.10852,4,0.834962,1,0.820314,0,0.820314,0.815675,0,20.3125,132.611,145.917,132.111,6306.25,1670,1258.63,970,1410,109.289,178.781,178.641,106.969,148.688,804.881,49.5,9.78,6.99734,10.46,92.25,99.6079,100,0,0.765625,60.4317,21,21,20.25
40,-0.75,0,0,0,1.33258,0.99997,1.10855,4,0.835451,1,0.820314,0,0.820314,0.816408,0,20.3125,132.083,133.139,133.028,6310.25,1670,1263.67,970,1396.84,109.758,178.781,178.641,111.023,148.57,804.881,49.5,9.84,6.94934,10.52,92.25,99.6079,100,0,0.375,60.4317,21,21,20.25
40.033,-0.75,0,0,0,1.32538,0.99997,1.10758,4,0.835451,1,0.820314,0,0.820314,0.816408,0,20.3125,132.611,123.556,131.889,6317,1660,1269.14,970,1386.29,110.273,178.617,178.664,111.375,148.43,804.881,49.5,9.892,6.99468,10.572,92.25,99.6079,100,0,0.21875,60.4317,21.75,21.75,27.75
40.067,-0.75,0,0,0,1.36853,0.99997,1.10727,4,0.835451,1,0.820314,0,0.820314,0.816408,0,20.3125,133.278,160.917,130.472,6322.25,1660,1247.19,970,1423.24,108.188,178.641,178.57,103.008,148.43,805.74,49.5,9.672,7.01068,10.352,92.25,100,100,0,0.796875,60.4317,18,18,18
40.1,-0.75,0,0,0,1.33698,0.99997,1.10678,4,0.835695,1,0.820314,0,0.820314,0.815675,0,20.3125,132.472,134.528,132.583,6329,1660,1262.42,970,1407.38,109.664,178.641,178.57,108.586,148.172,805.74,49.5,9.832,6.94934,10.52,92.25,99.6079,100,0,0.46875,60.4317,21.75,21.75,27.75
40.133,-0.75,0,0,0,1.33173,0.99997,1.10742,4,0.835695,1,0.820314,0,0.820314,0.822023,0,20.3125,133.222,128.195,130.806,6329,1660,1266.05,970,1396.84,110.016,178.547,178.289,109.031,148.313,805.74,49.5,9.912,7.01334,10.6,92.25,99.6079,100,0,0.1875,60.4317,20.25,20.25,20.25
40.167,-0.75,0,0,0,1.32758,0.99997,1.10696,4,0.835695,1,0.820314,0,0.820314,0.819337,0,20.3125,132.611,125.806,133,6327.75,1660,1268.98,970,1388.95,110.297,178.266,178.289,112.172,148.313,805.74,49.5,9.916,6.96001,10.604,92.25,99.2157,100,0,0.515625,60.4317,21,21,20.25
40.2,-0.75,0,0,0,1.32337,0.99997,1.10648,4,0.835939,1,0.820314,0,0.820314,0.812745,0,20.3125,133,122.333,133.222,6337,1660,1268.79,970,1386.25,110.273,178.266,178.289,111.867,148.172,805.74,49.5,9.916,6.99201,10.604,92.25,99.6079,100,0,0.671875,60.4317,21.75,21.75,20.25
40.233,-0.75,0,0,0,1.36481,0.99997,1.10404,4,0.835939,1,0.820314,0,0.820314,0.811769,0,20.3125,131.445,161.25,132.972,6341,1660,1246.95,970,1417.97,108.188,178.266,178.242,105.492,147.914,805.74,49.5,9.612,6.85868,10.3,92.25,100,100,0,0.484375,60.4317,21.75,21.75,20.25
40.267,-0.75,0,0,0,1.32623,0.99997,1.10346,4,0.835939,1,0.820314,0,0.820314,0.815675,0,20.3125,132.139,129.639,132.778,6347.75,1660,1261.17,970,1394.18,109.547,178.219,178.172,110.344,147.914,806.775,49.5,9.784,6.89601,10.472,92.25,99.6079,100,0,0.40625,60.4317,21.75,21.75,20.25
40.3,-0.75,0,0,0,1.35437,0.99997,1.10474,4,0.835939,1,0.820314,0,0.820314,0.821046,0,20.3125,131.556,155.361,131.583,6346.5,1660,1245.16,970,1417.97,108.023,178.219,178.172,104.859,147.914,806.775,49.5,9.608,6.85068,10.288,92.25,99.6079,100,0,0.90625,60.4317,21,21,20.25
40.333,-0.75,0,0,0,1.32825,0.99997,1.10626,4,0.835939,1,0.820314,0,0.820314,0.824708,0,20.3125,132.361,132.778,132.417,6349,1660,1255.74,970,1407.34,109.031,178.148,178.031,108.352,147.773,806.775,49.5,9.748,6.89868,10.428,92.25,100,100,0,0.46875,60.4317,21,21,19.5
40.367,-0.75,0,0,0,1.31177,0.99997,1.11008,4,0.835939,1,0.820314,0,0.820314,0.826661,0,20.3125,132.528,114.889,132.361,6358.5,1660,1271.33,970,1388.91,110.531,178.008,177.984,110.344,147.773,806.775,49.5,9.968,6.92801,10.648,92.25,100,100,0,0.359375,60.4317,13.5,13.5,13.5
40.4,-0.75,0,0,0,1.3208,0.99997,1.11304,4,0.835939,1,0.820314,0,0.820314,0.832033,0,20.3125,133,122.083,132.695,6357.25,1660,1267.7,970,1381.02,110.18,178.008,177.984,112.547,147.773,806.775,50.25,9.964,7.00534,10.644,92.25,99.6079,100,0,0.453125,60.4317,21.75,21.75,27.75
40.433,-0.75,0,0,0,1.32758,0.99997,1.11517,4,0.835939,1,0.820314,0,0.820314,0.825685,0,20.3125,133.167,128.833,132.972,6368,1660,1266.68,970,1383.67,110.063,177.961,177.727,112.266,147.656,806.775,50.25,9.98,6.98668,10.66,92.25,99.6079,100,0,0.46875,60.4317,18,18,18
40.467,-0.75,0,0,0,1.33026,0.99997,1.11487,4,0.835939,1,0.820314,0,0.820314,0.82007,0,20.3125,133.917,128.139,132.583,6364,1660,1266.84,970,1386.25,110.063,177.703,177.633,110.203,147.656,807.752,50.25,9.992,7.03468,10.672,92.25,100,100,0,0.4375,60.4317,21,21,27.75
40.5,-0.75,0,0,0,1.33698,0.99997,1.11282,4,0.83423,1,0.820314,0,0.820314,0.812745,0,20.3125,133.111,138.333,132.361,6369.25,1640,1259.92,970,1394.22,109.406,177.703,177.633,109.734,146.578,807.752,50.25,9.88,6.96268,10.576,92.25,100,100,0,0.46875,60.0716,19.5,19.5,19.5
40.533,-0.75,0,0,0,1.34662,0.99997,1.1095,4,0.83423,1,0.820314,0,0.820314,0.81006,0,19.1406,133.056,147.167,131.695,6378.75,1620,1251.41,970,1412.66,108.352,177.188,177.703,105.797,144.211,807.752,50.25,9.724,6.90134,10.42,92.25,100,100,0,0.265625,59.3529,21.75,21.75,20.25
40.567,-0.75,0,0,0,1.32715,0.99997,1.10751,4,0.83423,1,0.820314,0,0.820314,0.812745,0,18.3594,133.417,124.75,134.361,6380.25,1610,1268.87,970,1394.18,110.016,177.68,177.609,110.766,143.133,807.752,50.25,9.924,6.97068,10.62,92.25,99.6079,100,0,0.390625,58.9928,21.75,21.75,20.25
40.6,-0.75,0,0,0,1.32623,0.99997,1.1051,4,0.833009,1,0.820314,0,0.820314,0.81006,0,18.3594,134.056,122.611,132.583,6384.25,1600,1268.91,970,1391.56,110.016,177.68,177.609,109.711,141.68,807.752,50.25,9.924,6.98934,10.62,92.25,99.6079,100,0,0.46875,58.6327,21.75,21.75,19.5
40.633,-0.75,0,0,0,1.34821,0.99997,1.10516,4,0.833009,1,0.820314,0,0.820314,0.816408,0,16.7969,133.056,146.472,132.945,6381.5,1580,1255.86,970,1415.31,108.797,177.586,177.375,106.969,140.109,807.752,50.25,9.728,6.89601,10.424,92.25,100,100,0,0.109375,57.914,21,21,20.25
40.667,-0.75,0,0,0,1.32959,0.99997,1.10681,4,0.833009,1,0.820314,0,0.820314,0.822023,0,14.4531,132.778,131.917,133.222,6385.5,1560,1262.11,970,1404.77,109.383,177.352,177.258,110.273,138.047,808.709,50.25,9.824,6.88268,10.52,92.25,100,100,0,0.453125,57.1938,21.75,21.75,20.25
40.7,-0.75,0,0,0,1.33624,0.99997,1.1084,4,0.832033,1,0.820314,0,0.820314,0.825685,0,14.4531,133.639,134.528,134.361,6396.5,1520,1263.55,970,1410.04,109.547,177.352,177.258,109.688,134.813,808.709,50.25,9.872,6.96268,10.56,92.25,100,100,0,0.625,56.115,21.75,21.75,19.5
40.733,-0.75,0,0,0,1.33753,0.99997,1.10944,4,0.832033,1,0.820314,0,0.820314,0.821046,0,10.5469,132.889,140.083,131.472,6403.25,1460,1255.35,970,1407.42,108.773,177.234,177.305,108.398,128.906,808.709,50.25,9.78,6.89601,10.468,92.25,99.6079,100,0,0.84375,54.1374,21.75,21.75,20.25
40.767,-0.75,0,0,0,1.32617,0.99997,1.10791,4,0.832033,1,0.820314,0,0.820314,0.813722,0,5.85938,135.389,133.528,132.583,6399.25,1420,1255.98,970,1394.18,108.82,177.281,177.047,109.617,124.852,808.709,50.25,9.828,7.01601,10.516,92.25,100,100,0,0.34375,52.877,21,21,20.25
40.8,-0.75,0,0,0,1.32623,0.99997,1.10822,4,0.8313,1,0.820314,0,0.820314,0.82007,0,5.85938,134.389,133.528,135.278,6400.5,1370,1255.43,970,1394.22,108.75,177.281,177.047,109.594,119.789,808.709,50.25,9.796,6.99201,10.476,92.25,100,100,0,0.546875,51.4381,21,21,20.25
40.833,-0.75,0,0,0,1.34625,0.99997,1.10779,4,0.8313,1,0.820314,0,0.820314,0.819337,0,1.95313,135.028,134.583,133.917,6404.75,1300,1273.87,970,1415.31,110.508,177.023,177.117,110.273,113.813,808.709,50.25,10.044,7.03734,10.724,92.25,100,100,0,0.6875,49.6406,21.75,21.75,20.25
40.867,-0.75,0,0,0,1.33875,0.99997,1.10791,4,0.8313,1,0.820314,0,0.820314,0.816408,0,0,134.389,133.778,131.667,6417,1250,1266.64,970,1407.38,109.828,177.094,176.953,109.523,108.867,809.412,50.25,9.908,6.97868,10.588,92.25,99.6079,100,0,0.84375,48.2017,21.75,21.75,20.25
40.9,-0.75,0,0,0,1.34125,0.99997,1.10681,4,0.830568,1,0.820314,0,0.820314,0.814699,0,0,135.722,127.167,134.361,6423.75,1190,1268.32,970,1410.04,109.992,177.094,176.953,104.016,100.125,809.412,50.25,9.96,7.07734,10.656,92.25,100,100,0,0.4375,45.6839,21.75,21.75,19.5
40.933,-0.75,0,0,0,1.32868,0.99997,1.10751,4,0.830568,1,0.820314,0,0.820314,0.813722,0,0,133.583,133.278,134.583,6419.75,1140,1256.76,970,1396.84,108.891,176.93,176.789,109.031,93,809.412,50.25,9.768,6.88268,10.464,92.25,96.8628,92.9412,0,0.84375,43.7048,21,21,19.5
40.967,-0.75,0,0,0,1.33374,0.99997,1.10513,4,0.830568,1,0.820314,0,0.820314,0.812745,0,0,134.556,133.833,134.583,6419.75,1080,1260.86,970,1402.11,109.289,176.766,176.695,109.477,87.7734,809.412,50.25,9.816,6.96268,10.512,92.25,90.1961,83.1373,0,0.84375,42.2659,21.75,21.75,19.5
41,-0.75,0,0,0,1.33869,0.99997,1.10532,4,0.830079,1,0.820314,0,0.820314,0.819337,0,0,134.111,134.139,134.833,6432,980,1262.07,970,1407.34,109.383,176.766,176.695,109.477,78.0469,809.412,50.25,9.592,6.53601,10.288,92.25,76.0785,45.8824,0,0.609375,39.5681,21.75,21.75,20.25
41.033,-0.75,0,0,0,1.3739,0.99997,1.107,4,0.830079,1,0.820314,0,0.820314,0.824708,0,0,132.583,125.806,131.056,6430.75,970,1240.51,970,1444.38,107.344,176.672,176.555,102.703,67.4297,809.412,50.25,9.2,7.00268,9.896,92.25,44.3137,38.4314,0,0.671875,36.5102,21.75,21.75,20.25
41.067,-0.75,0,0,0,1.4317,0.99997,1.10758,4,0.830079,1,0.820314,0,0.820314,0.819337,0,0,128.472,117.167,126.945,6418.25,970,1179.02,970,1505.16,101.484,176.531,176.695,95.8359,59.9531,810.115,50.25,8.572,6.36267,9.268,92.25,36.0784,33.7255,0,0.609375,34.1725,21.75,21.75,20.25
41.1,-0.75,0,0,0,1.51965,0.99997,1.10193,4,0.836915,1,0.820314,0,0.820314,0.796876,0,0,114.806,94.3334,116,6415.5,970,1034.41,970,1597.58,87.8438,176.531,176.695,77.1797,53.2266,810.115,50.25,6.852,5.26934,7.548,92.25,28.2353,25.8824,0,0.421875,30.0358,24.75,24.75,28.5
41.133,-0.75,0,0,0,1.63025,0.99997,1.0914,4,0.836915,1,0.820314,0,0.820314,0.781739,0,0,90.4445,71.7501,98.5279,6408.75,970,866.406,970,1713.83,71.7656,176.273,176.953,58.8047,51.5625,810.115,50.25,5.528,3.85867,6.224,92.25,21.9608,21.9608,0,0.5625,26.4377,27.75,27.75,29.25
41.167,-0.75,0,0,0,1.71069,0.99997,1.07761,4,0.836915,1,0.820314,0,0.820314,0.767579,0,0,79.7778,65.0834,81.139,6396.5,970,752.344,970,1798.36,61.0313,176.93,177.328,53.5313,47.1563,810.115,50.25,4.696,3.44534,5.392,92.25,20,19.6078,0,0.5,22.6611,30.75,30.75,30.75
41.2,0,0,0,0,1.75592,0.99997,1.0766,4,0.883302,1,0.820314,0,0.820314,0.729982,0,0,66.2223,50.6945,55.6389,6391,970,623.516,970,1845.9,48.8203,176.93,177.328,41.7188,41.8594,810.115,50.25,3.672,2.68,4.368,92.25,16.4706,17.2549,0,0.1875,17.0855,32.25,32.25,32.25
41.233,0,0,0,0,1.74835,0.99997,1.06763,4,0.883302,1,0.820314,0,0.820314,0.729982,0,0,52.9445,45.5556,46.75,6391,970,556.758,970,1837.97,42.4922,177.305,177.328,37.4766,37.5,810.115,50.25,3.152,2.16534,3.848,92.25,14.902,15.6863,0,0.6875,11.5099,33.75,33.75,33.75
41.267,0,0,0,0,1.72327,0.99997,1.0557,4,0.883302,1,0.820314,0,0.820314,0.729982,0,0,49,40.8889,39.75,6387,970,510.664,970,1811.56,38.1328,177.305,177.258,33.6797,15.75,807.771,50.25,2.772,2.02667,3.468,92.25,13.7255,14.1177,0,0.515625,4.31525,9.75,9.75,-18.75
41.3,0,0,0,0,1.67804,0.99997,1.03894,4,0.933839,1,0.820314,0,0.820314,0.729982,0,0,41.1667,24,34.6667,6374.75,970,418.789,970,1764.02,29.4141,177.305,177.258,19.7813,15.75,807.771,50.25,1.816,1.45334,2.496,92.25,9.01961,6.66667,0,0.046875,0,11.25,11.25,-19.5
41.333,0,0,0,0,1.63526,0.99997,1.02173,4,0.933839,1,0.820314,0,0.820314,0.729982,0,0,26.3889,15.75,20.5278,6345,970,325.352,970,1719.1,20.5078,177.234,177.703,13.0547,15.75,807.771,50.25,1.224,0.874668,1.904,92.25,5.88235,6.66667,0,0.265625,0,14.25,14.25,-16.5
41.367,0,0,0,0,1.55744,0.99997,1.01181,4,0.933839,1,0.820314,0,0.820314,0.729982,0,0,21.4167,16.0833,33.4722,6278.75,970,274.609,970,1637.23,15.6563,177.68,178.969,13.4766,15.75,807.771,50.25,1.044,0.728001,1.724,92.25,6.27451,7.05883,0,0.828125,0,15.75,15.75,-13.5
41.4,0,0,0,0,1.50714,0.99997,1,4,0.978761,1,0.820314,0,0.820314,0.73462,0,0,16.9445,15.6389,31.3611,6255,970,255.43,970,1584.38,13.8516,177.68,178.969,13.1484,15.75,807.771,50.25,0.996,0.658667,1.676,92.25,6.27451,7.05883,0,0.328125,0,16.5,16.5,-12.75
41.433,0,0,0,0,1.46192,0.99997,1,4,0.978761,1,0.820314,0,0.820314,0.765382,0,0,16.1945,16.0833,30.9167,6240.75,970,252.539,970,1536.84,13.5703,178.945,179.18,13.5234,15.75,807.771,50.25,1,0.653334,1.68,92.25,6.66667,7.45098,0,0.125,0,16.5,16.5,-12.75
41.467,0,0,0,0,1.42169,0.99997,1,4,0.978761,1,0.820314,0,0.820314,0.781007,0,0,16.25,16.4722,29.75,6252.5,970,253.672,970,1494.57,13.6875,179.156,179.414,13.8281,15.75,805.799,50.25,1.024,0.661334,1.704,92.25,7.05883,7.45098,0,0.375,0,16.5,16.5,-12.75
41.5,0,0,0,0,1.38153,0.99997,1,4,1,1,0.820314,0,0.820314,0.768556,0,0,16.5833,16.75,27.1111,6234.25,970,256.953,970,1452.3,14.0156,179.156,179.414,14.1094,15.75,805.799,50.25,1.06,0.693334,1.748,93,7.45098,7.84314,0,0.171875,0,16.5,16.5,-11.25
41.533,0,0,0,0,1.35889,0.99997,1,4,1,1,0.820314,0,0.820314,0.773195,0,0,16.7222,17.4445,24.6945,6213.75,970,259.102,970,1428.52,14.2266,179.391,180.234,14.7422,15.75,805.799,50.25,1.092,0.712001,1.78,93,7.84314,8.2353,0,0.328125,0,16.5,16.5,-11.25
41.567,0,0,0,0,1.3363,0.99997,1,4,1,1,0.820314,0,0.820314,0.784181,0,0,16.8889,17.25,23.0556,6186.75,970,261.445,970,1404.77,14.4609,180.211,181.008,14.625,15.75,805.799,50.25,1.112,0.720001,1.8,93,7.84314,8.2353,0,0.203125,0,16.5,16.5,-11.25
41.6,0,0,0,0,1.3111,0.99997,1,4,1.01611,1,0.820314,0,0.820314,0.799073,0,0,17.1667,17.5,21.5,6152.5,970,264.18,970,1378.36,14.7188,180.211,181.008,14.9063,15.75,805.799,49.5,1.136,0.736001,1.824,93,8.2353,8.2353,0,0.28125,0,16.5,16.5,-10.5
41.633,0,0,0,0,1.29602,0.99997,1,4,1.01611,1,0.820314,0,0.820314,0.819337,0,0,17.3611,17.8611,21.4445,6119.75,970,266.992,970,1362.5,14.9531,180.563,181.617,15.3047,15.75,805.799,49.5,1.164,0.749334,1.852,93,8.2353,8.62745,0,0.265625,0,15.75,15.75,-11.25
41.667,0,0,0,0,1.28095,0.99997,1,4,1.01611,1,0.820314,0,0.820314,0.825685,0,0,17.6389,17.8611,20.75,6082.5,970,270.156,970,1346.64,15.2578,181.594,182.602,15.3984,15.75,805.701,49.5,1.188,0.762668,1.876,93,8.62745,8.62745,0,0.390625,0,15,15,-12
41.7,0,0,0,0,1.26843,0.99997,1.0061,4,1.02368,1,0.820314,0,0.820314,0.842286,0,0,17.9167,17.7778,21.0278,6053.25,970,272.109,970,1333.44,15.4453,181.594,182.602,15.3984,15.75,805.701,48.75,1.212,0.776001,1.9,93,8.62745,8.62745,0,0.4375,0,15,15,-10.5
41.733,0,0,0,0,1.25836,0.99997,1.01361,4,1.02368,1,0.820314,0,0.820314,0.85132,0,0,17.8056,17.8056,21.4445,6024,970,272.5,970,1322.85,15.4922,182.578,183.891,15.4922,15.75,805.701,48.75,1.232,0.786668,1.92,93,8.62745,8.62745,0,0.484375,0,15,15,-10.5
41.767,0,0,0,0,1.25086,0.99997,1.0224,4,1.02368,1,0.820314,0,0.820314,0.860597,0,0,17.8056,17.8611,22,6001,970,273.008,970,1314.96,15.5391,183.867,185.344,15.6094,15.75,805.701,48.75,1.248,0.792001,1.936,93,8.62745,8.62745,0,0.71875,0,15,15,-10.5
41.8,0,0,0,0,1.23822,0.99997,1.03256,4,1.0315,1,0.820314,0,0.820314,0.864259,0,0,17.75,17.8056,20.7778,5967.75,970,273.008,970,1301.72,15.5391,183.867,185.344,15.6328,15.75,805.701,48.75,1.264,0.802668,1.944,92.25,8.62745,8.62745,0,0.65625,0,14.25,14.25,-11.25
41.833,0,0,0,0,1.23071,0.99997,1.04157,4,1.0315,1,0.820314,0,0.820314,0.867921,0,0,17.6389,17.6111,21.1389,5939.25,970,272.852,970,1293.83,15.5391,185.32,186.844,15.5391,15,805.701,48.75,1.272,0.813334,1.952,92.25,8.62745,8.62745,0,0.96875,0,14.25,14.25,-12
41.867,0,0,0,0,1.22321,0.99997,1.04993,4,1.0315,1,0.820314,0,0.820314,0.87256,0,0,17.5833,17.6389,21.8611,5915.75,970,273.438,970,1285.9,15.5859,186.82,188.18,15.6328,15,805.857,48.75,1.292,0.821334,1.972,92.25,9.01961,8.62745,0,1.03125,0,14.25,14.25,-12
41.9,0,0,0,0,1.21314,0.99997,1.06119,4,1.03906,1,0.820314,0,0.820314,0.876222,0,0,17.5278,17,21.1389,5895,970,271.992,970,1275.31,15.4453,186.82,188.18,15.1172,15,805.857,48,1.276,0.818668,1.964,93,8.62745,8.2353,0,0.828125,0,14.25,14.25,-10.5
41.933,0,0,0,0,1.20807,0.99997,1.07068,4,1.03906,1,0.820314,0,0.820314,0.881349,0,0,16.8889,16.4722,20.7222,5869.5,970,268.086,970,1270.04,15.0469,187.734,189.539,14.7188,15,805.857,48,1.264,0.805334,1.952,93,8.2353,8.2353,0,1.35938,0,14.25,14.25,-10.5
41.967,0,0,0,0,1.20306,0.99997,1.0781,4,1.03906,1,0.820314,0,0.820314,0.880128,0,0,16.6389,16.4167,19.9445,5842.25,970,266.016,970,1264.77,14.8359,189.516,191.109,14.7188,15,805.857,48,1.256,0.805334,1.944,93,8.2353,8.2353,0,0.484375,0,14.25,14.25,-10.5
42,0,0,0,0,1.19556,0.99997,1.08868,4,1.04297,1,0.820314,0,0.820314,0.876222,0,0,16.4167,16.3889,20.3889,5810.5,970,265.469,970,1256.84,14.7891,189.516,191.109,14.7891,15,805.857,48,1.276,0.810668,1.956,93,8.2353,8.2353,0,0.671875,0,14.25,14.25,-10.5
42.033,0,0,0,0,1.19055,0.99997,1.09549,5,1.04297,1,0.820314,0,0.820314,0.87256,0,0,16.3056,16.3056,19.6389,5790.25,970,265.391,970,1251.56,14.7891,191.086,192.281,14.7656,15,805.857,48,1.28,0.813334,1.96,93,8.2353,8.2353,0,0.921875,0,14.25,14.25,-11.25
42.067,0,0,0,0,1.18549,0.99997,1.10132,5,1.04297,1,0.820314,0,0.820314,0.868898,0,0,16.3056,16.3611,19.25,5765.75,970,265.664,970,1246.25,14.8125,192.258,193.477,14.8828,15,805.877,48,1.292,0.818668,1.972,93,8.2353,8.2353,0,0.96875,0,14.25,14.25,-10.5
42.1,0,0,0,0,1.17792,0.99997,1.10852,5,1.04883,1,0.820314,0,0.820314,0.866212,0,0,16.25,16.25,19.0556,5733.75,970,265.82,970,1238.32,14.8359,192.258,193.477,14.8594,15,805.877,48,1.3,0.824001,1.988,93,8.62745,8.62745,0,0.671875,0,14.25,14.25,-9.75
42.133,0,0,0,0,1.17291,0.99997,1.11365,5,1.04883,1,0.820314,0,0.820314,0.865236,0,0,16.1389,16.1945,19.4445,5708.75,970,265.898,970,1233.05,14.8359,193.453,194.883,14.8594,15,805.877,48,1.304,0.829334,1.992,93,8.62745,8.62745,0,0.90625,0,13.5,13.5,-11.25
42.167,0,0,0,0,1.17041,0.99997,1.1182,5,1.04883,1,0.820314,0,0.820314,0.863283,0,0,16.0833,16.1389,18.3611,5683.75,970,265.977,970,1230.43,14.8359,194.859,195.68,14.8828,15,805.877,48,1.312,0.832001,2,93,8.2353,8.62745,0,0.921875,0,13.5,13.5,-11.25
42.2,0,0,0,0,1.16535,0.99997,1.12326,5,1.05176,1,0.820314,0,0.820314,0.855958,0,0,16.0278,16.0833,18.5833,5664.5,970,266.016,970,1225.12,14.8594,194.859,195.68,14.8828,15,805.877,47.25,1.324,0.837334,2.012,93,8.62745,8.62745,0,0.515625,0,13.5,13.5,-10.5
42.233,0,0,0,0,1.15784,0.99997,1.12601,5,1.05176,1,0.820314,0,0.820314,0.849611,0,0,15.9445,15.9722,18.0278,5640,970,266.016,970,1217.19,14.8594,195.656,196.289,14.8125,15,805.877,47.25,1.32,0.840001,2.008,93,8.62745,8.62745,0,0.765625,0,13.5,13.5,-10.5
42.267,0,0,0,0,1.15534,0.99997,1.12836,5,1.05176,1,0.820314,0,0.820314,0.845949,0,0,15.8889,15.9445,17.9722,5612.5,970,265.977,970,1214.57,14.8359,196.266,196.969,14.8594,15,805.935,47.25,1.324,0.840001,2.012,93,8.62745,8.62745,0,1.15625,0,13.5,13.5,-9.75
42.3,0,0,0,0,1.15033,0.99997,1.13007,5,1.05713,1,0.820314,0,0.820314,0.84131,0,0,15.8333,15.9445,16.9445,5583.25,970,266.094,970,1209.3,14.8594,196.266,196.969,14.9531,15,805.935,47.25,1.328,0.840001,2.008,93,8.62745,8.62745,0,0.796875,0,12.75,12.75,-9.75
42.333,0,0,0,0,1.14887,0.99997,1.13092,5,1.05713,1,0.820314,0,0.820314,0.836671,0,0,15.7778,15.8611,17.1111,5572,970,266.133,970,1206.64,14.8594,196.945,197.391,14.8828,15,805.935,47.25,1.328,0.842668,2.008,93,8.62745,8.62745,0,1.35938,0,12.75,12.75,-10.5
42.367,0,0,0,0,1.15039,0.99997,1.13175,5,1.05713,1,0.820314,0,0.820314,0.833009,0,0,15.7222,15.9445,17.1111,5547.25,970,266.836,970,1203.98,14.9297,197.367,198.023,15.0469,15,805.935,47.25,1.34,0.842668,2.02,93,8.62745,8.62745,0,1.10938,0,12.75,12.75,-10.5
42.4,0,0,0,0,1.15149,0.99997,1.13309,5,1.06372,1,0.820314,0,0.820314,0.833009,0,0,15.7778,15.9445,15.7778,5525.75,970,267.461,970,1201.37,14.9766,197.367,198.023,15.0938,15,805.935,47.25,1.348,0.853334,2.028,93,8.62745,8.62745,0,0.90625,0,12.75,12.75,3
42.433,0,0,0,0,1.14984,0.99997,1.13492,5,1.06372,1,0.820314,0,0.820314,0.835695,0,0,16.3611,15.8333,16.5,5495.5,970,274.727,970,1196.05,15.6797,197.484,198.563,16.1016,14.25,805.935,47.25,1.424,0.904001,2.104,93,8.62745,8.2353,0,0.859375,0,12,12,0.75
42.467,0,0,0,0,1.14935,0.99997,1.13641,5,1.06372,1,0.820314,0,0.820314,0.834962,0,0,16.4167,15.6945,16.4445,5478.25,970,276.367,970,1193.44,15.8906,198.422,198.75,16.1719,14.25,805.916,47.25,1.44,0.901334,2.12,93,8.2353,8.2353,0,0.25,0,11.25,11.25,0
42.5,0,0,0,0,1.1471,0.99997,1.13794,5,1.06714,1,0.820314,0,0.820314,0.830324,0,0,16.3611,15.1945,15.7778,5444.5,970,275.195,970,1188.16,15.7969,198.422,198.75,15.8203,14.25,805.916,47.25,1.42,0.877334,2.108,93,8.2353,7.84314,0,0.640625,0,11.25,11.25,0
42.533,0,0,0,0,1.14887,0.99997,1.13754,5,1.06714,1,0.820314,0,0.820314,0.822999,0,0,16.0833,14.5,15.0833,5422.75,970,270.43,970,1188.16,15.4219,198.609,198.844,14.7422,14.25,805.916,47.25,1.38,0.869334,2.068,93,7.84314,7.84314,0,0.65625,0,33,33,41.25
42.567,0,0,0,0,1.14801,0.99997,1.13474,5,1.06714,1,0.820314,0,0.820314,0.811036,0,0,15.6667,14.6389,13.8889,5410.25,970,264.609,970,1185.51,14.9297,198.82,198.891,13.8516,14.25,805.916,47.25,1.272,0.856001,1.96,93,7.84314,7.84314,0,0.359375,0,32.25,32.25,41.25
42.6,0,0,0,0,1.14325,0.99997,1.12827,5,1.06861,1,0.820314,0,0.820314,0.794435,0,0,14.9167,14.4722,14.4722,5386.75,970,259.453,970,1180.23,14.4375,198.82,198.891,14.4141,14.25,805.916,47.25,1.316,0.813334,2.004,93,7.84314,7.84314,0,0.53125,0,32.25,32.25,42
42.633,0,0,0,0,1.14356,0.99997,1.12094,5,1.06861,1,0.820314,0,0.820314,0.785646,0,0,14.6111,14.5,13.5833,5369.5,970,255.273,970,1180.23,14.1094,198.797,198.961,13.2422,14.25,805.916,47.25,1.248,0.776001,1.936,93,7.84314,7.84314,0,0.9375,0,32.25,32.25,42
42.667,0,0,0,0,1.13812,0.99997,1.11264,5,1.06861,1,0.820314,0,0.820314,0.778566,0,0,14.6111,14.4167,13.4167,5358,970,255.938,970,1174.92,14.2266,198.914,198.984,13.6875,14.25,805.916,47.25,1.26,0.808001,1.948,93,7.84314,7.84314,0,0.484375,0,32.25,32.25,42
42.7,0,0,0,0,1.13287,0.99997,1.10327,5,1.06958,1,0.820314,0,0.820314,0.778566,0,0,14.0556,14.3611,13.8889,5337,970,252.461,970,1172.3,13.8984,198.914,198.984,13.6641,14.25,805.916,46.5,1.232,0.784001,1.92,93,7.84314,7.84314,0,0.421875,0,32.25,32.25,42
42.733,0,0,0,0,1.12933,0.99997,1.09778,5,1.06958,1,0.820314,0,0.820314,0.782716,0,0,14,14.3056,13.8889,5320,970,251.367,970,1169.65,13.8516,198.891,199.055,14.1563,14.25,805.916,46.5,1.244,0.765334,1.932,93,7.84314,7.84314,0,0.5,0,32.25,32.25,42
42.767,0,0,0,0,1.12592,0.99997,1.09644,5,1.06958,1,0.820314,0,0.820314,0.7959,0,0,13.9722,14.3611,13.8056,5309.5,970,250.898,970,1167.03,13.875,198.938,199.102,14.3438,14.25,805.916,46.5,1.252,0.746668,1.94,93,7.84314,7.84314,0,0.546875,0,32.25,32.25,42
42.8,0,0,0,0,1.12207,0.99997,1.09769,5,1.06983,1,0.820314,0,0.820314,0.815675,0,0,13.8611,14.3056,14.6945,5273.25,970,252.734,970,1164.38,14.0391,198.938,199.102,15.0703,14.25,805.916,46.5,1.288,0.770668,1.968,93,7.84314,7.84314,0,0.5625,0,11.25,11.25,-3.75
42.833,0,0,0,0,1.12201,0.99997,1.10062,5,1.06983,1,0.820314,0,0.820314,0.823732,0,0,14,14.2222,13.3056,5256.5,970,250.625,970,1164.38,13.9219,198.984,199.172,13.6875,14.25,805.916,46.5,1.236,0.752001,1.916,93,7.84314,7.84314,0,0.5625,0,11.25,11.25,-4.5
42.867,0,0,0,0,1.11639,0.99997,1.10773,5,1.06983,1,0.820314,0,0.820314,0.836671,0,0,13.9722,14.2222,14.0833,5235.5,970,251.836,970,1159.1,14.1328,199.008,199.242,14.7422,14.25,805.33,46.5,1.3,0.770668,1.98,93,7.84314,7.84314,0,0.921875,0,11.25,11.25,-4.5
42.9,0,0,0,0,1.11768,0.99997,1.11566,5,1.07398,1,0.820314,0,0.820314,0.845949,0,0,14.4445,14.1667,14.2778,5206.5,970,255.781,970,1159.1,14.4844,199.008,199.242,14.4609,14.25,805.33,46.5,1.316,0.810668,2.012,93,7.84314,7.84314,0,0.90625,0,28.5,28.5,28.5
42.933,0,0,0,0,1.11255,0.99997,1.12329,5,1.07398,1,0.820314,0,0.820314,0.852296,0,0,14.1111,14.0833,13.3611,5198.25,970,252.734,970,1153.79,14.2734,199.195,199.289,14.3203,14.25,805.33,46.5,1.308,0.797334,2.004,93,7.84314,7.84314,0,0.75,0,30.75,30.75,31.5
42.967,0,0,0,0,1.10993,0.99997,1.12976,5,1.07398,1,0.820314,0,0.820314,0.855958,0,0,14.2778,14,14,5179.5,970,255.234,970,1151.17,14.5547,199.242,199.336,14.5781,14.25,805.33,46.5,1.352,0.810668,2.048,93,7.84314,7.45098,0,0.640625,0,29.25,29.25,29.25
43,0,0,0,0,1.10925,0.99997,1.13696,5,1.08008,1,0.820314,0,0.820314,0.852296,0,0,13.8056,14,12.8333,5165.25,970,247.188,970,1151.17,13.7813,199.242,199.336,13.3125,14.25,805.33,46.5,1.268,0.770668,1.936,93.75,7.84314,7.45098,0,0.703125,0,30.75,30.75,41.25
43.033,0,0,0,0,1.10553,0.99997,1.14005,5,1.08008,1,0.820314,0,0.820314,0.843263,0,0,13.75,13.9445,13.1111,5147.5,970,248.398,970,1148.52,13.9688,199.219,199.383,13.6406,14.25,805.33,46.5,1.296,0.805334,1.964,93.75,7.84314,7.45098,0,0.953125,0,30.75,30.75,42
43.067,0,0,0,0,1.10468,0.99997,1.14179,5,1.08008,1,0.820314,0,0.820314,0.834962,0,0,13.4722,13.9167,12.75,5138.5,970,245.156,970,1148.52,13.7109,199.336,199.43,13.0781,14.25,804.666,46.5,1.264,0.770668,1.932,93.75,7.84314,7.45098,0,0.796875,0,30.75,30.75,41.25
43.1,0,0,0,0,1.09796,0.99997,1.14221,5,1.08301,1,0.820314,0,0.820314,0.8313,0,0,13.3611,13.8611,13.1945,5116.75,970,246.68,970,1143.24,13.8516,199.336,199.43,14.0391,14.25,804.666,46.5,1.304,0.789334,1.992,93,7.84314,7.45098,0,0.421875,0,30.75,30.75,40.5
43.133,0,0,0,0,1.09717,0.99997,1.14322,5,1.08301,1,0.820314,0,0.820314,0.834962,0,0,13.2778,13.8056,12.8611,5109.75,970,243.789,970,1143.24,13.6172,199.383,199.477,13.3125,14.25,804.666,46.5,1.264,0.773334,1.952,93,7.84314,7.45098,0,0.8125,0,30.75,30.75,40.5
43.167,0,0,0,0,1.09564,0.99997,1.14572,5,1.08301,1,0.820314,0,0.820314,0.842286,0,0,13.3611,13.8056,13.3056,5091.5,970,245.82,970,1143.24,13.8516,199.43,199.5,13.7109,14.25,804.666,46.5,1.3,0.792001,1.988,93,7.84314,7.45098,0,0.390625,0,30,30,40.5
43.2,0,0,0,0,1.09058,0.99997,1.14993,5,1.08838,1,0.820314,0,0.820314,0.845949,0,0,13.0556,13.7222,12.8889,5069.25,970,242.305,970,1140.59,13.5234,199.43,199.5,13.6875,14.25,804.666,46.5,1.28,0.776001,1.976,93,7.84314,7.45098,0,0.390625,0,9.75,9.75,-6.75
43.233,0,0,0,0,1.08746,0.99997,1.15485,5,1.08838,1,0.820314,0,0.820314,0.846925,0,0,13.4167,13.6945,13.25,5046.25,970,246.25,970,1137.97,13.9922,199.336,199.57,14.0625,14.25,804.666,46.5,1.34,0.800001,2.036,93,7.84314,7.45098,0,0.546875,0,9.75,9.75,-7.5
43.267,0,0,0,0,1.08441,0.99997,1.15915,5,1.08838,1,0.820314,0,0.820314,0.845949,0,0,13.4722,13.6389,13.6945,5030,970,248.828,970,1135.31,14.2969,199.5,199.641,14.9531,14.25,803.924,46.5,1.408,0.818668,2.104,93,7.84314,7.45098,0,0.515625,0,9.75,9.75,-7.5
43.3,0,0,0,0,1.08527,0.99997,1.16473,5,1.09497,1,0.820314,0,0.820314,0.846925,0,0,13.6945,13.6667,13.8889,5003.25,970,249.453,970,1135.31,14.3438,199.5,199.641,14.7422,14.25,803.924,46.5,1.396,0.832001,2.076,93.75,7.45098,7.45098,0,0.703125,0,29.25,29.25,29.25
43.333,0,0,0,0,1.0827,0.99997,1.16724,5,1.09497,1,0.820314,0,0.820314,0.843995,0,0,13.4167,13.5556,12.3611,4993.25,970,245.586,970,1132.66,14.0625,199.547,199.688,13.3828,14.25,803.924,46.5,1.332,0.802668,2.012,93.75,7.84314,7.45098,0,0.09375,0,29.25,29.25,29.25
43.367,0,0,0,0,1.08167,0.99997,1.16867,5,1.09497,1,0.820314,0,0.820314,0.836671,0,0,13.3056,13.5278,12.6667,4974.25,970,244.922,970,1132.66,13.9688,199.336,199.664,13.4297,14.25,803.924,46.5,1.324,0.818668,2.004,93.75,7.45098,7.45098,0,0.671875,0,29.25,29.25,33
43.4,0,0,0,0,1.07813,0.99997,1.16745,5,1.09815,1,0.820314,0,0.820314,0.821046,0,0,13.2222,13.5,12.4167,4961.75,970,243.594,970,1130.04,13.8516,199.336,199.664,13.3828,14.25,803.924,46.5,1.312,0.818668,1.992,93,7.45098,7.45098,0,0.265625,0,29.25,29.25,40.5
43.433,0,0,0,0,1.07355,0.99997,1.1651,5,1.09815,1,0.820314,0,0.820314,0.812745,0,0,13,13.4167,12.8056,4954.5,970,243.281,970,1127.38,13.8047,199.148,199.641,13.9688,14.25,803.924,46.5,1.332,0.800001,2.012,93,7.45098,7.45098,0,0.453125,0,29.25,29.25,40.5
43.467,0,0,0,0,1.07294,0.99997,1.16199,5,1.09815,1,0.820314,0,0.820314,0.81006,0,0,13,13.3333,13.2778,4940.5,970,244.531,970,1127.38,13.8984,199.289,199.641,14.1797,14.25,803.181,46.5,1.34,0.797334,2.02,93,7.45098,7.45098,0,0.65625,0,29.25,29.25,40.5
43.5,0,0,0,0,1.07227,0.99997,1.15671,5,1.09986,1,0.820314,0,0.820314,0.806398,0,0,13,13.3889,12.8889,4928.5,970,243.672,970,1127.34,13.8047,199.289,199.641,13.4766,14.25,803.181,46.5,1.304,0.808001,1.984,93.75,7.45098,7.45098,0,-0.28125,0,30,30,40.5
43.533,0,0,0,0,1.06903,0.99997,1.1543,5,1.09986,1,0.820314,0,0.820314,0.807374,0,0,13,13.3056,13.2222,4912.25,970,245.117,970,1124.77,13.9219,199.078,199.617,14.25,14.25,803.181,46.5,1.336,0.794668,2.016,93.75,7.45098,7.45098,0,0.140625,0,29.25,29.25,40.5
43.567,0,0,0,0,1.0661,0.99997,1.15204,5,1.09986,1,0.820314,0,0.820314,0.807374,0,0,13,13.25,12.5,4904.25,970,244.336,970,1122.11,13.8281,199.195,199.617,13.8516,14.25,803.181,46.5,1.312,0.789334,1.992,93.75,7.45098,7.45098,0,0.203125,0,29.25,29.25,40.5
43.6,0,0,0,0,1.06232,0.99997,1.14908,5,1.10474,1,0.820314,0,0.820314,0.805421,0,0,12.8333,13.2222,12.7222,4880.25,970,244.102,970,1119.45,13.8047,199.195,199.617,14.2734,14.25,803.181,46.5,1.324,0.770668,2.004,93.75,7.45098,7.45098,0,0.296875,6.65445,9,9,-6.75
43.633,0,0,0,0,1.06207,0.99997,1.14807,5,1.10474,1,0.820314,0,0.820314,0.807374,0,0,13,13.2222,13.25,4859,970,247.852,970,1119.45,14.1094,198.914,199.594,14.6953,14.25,803.181,46.5,1.356,0.810668,2.036,93.75,7.45098,7.45098,0,0.234375,11.6899,9,9,-5.25
43.667,0,0,0,0,1.06274,0.99997,1.14746,5,1.10474,1,0.820314,0,0.820314,0.81006,0,0,13.1111,13.1667,13.25,4840.25,970,249.414,970,1119.45,14.2266,198.82,199.57,14.4375,14.25,802.322,46.5,1.356,0.813334,2.036,93.75,7.45098,7.45098,0,-0.125,15.8266,9,9,-1.5
43.7,0,0,0,0,1.06311,0.99997,1.14761,5,1.10694,1,0.820314,0,0.820314,0.815675,0,0,13.1667,13.25,12.8611,4820.75,970,249.609,970,1119.45,14.25,198.82,199.57,13.9922,14.25,802.322,46.5,1.324,0.821334,2.012,93.75,7.45098,7.45098,0,0.109375,19.7833,29.25,29.25,40.5
43.733,0,0,0,0,1.05774,0.99997,1.14807,5,1.10694,1,0.820314,0,0.820314,0.818361,0,0,13.0556,13.0833,12.7778,4805.25,970,250.742,970,1114.18,14.3203,198.961,199.547,14.8125,18.2578,802.322,46.5,1.388,0.810668,2.076,93.75,7.45098,7.45098,0,0,21.7624,28.5,28.5,40.5
43.767,0,0,0,0,1.05786,0.99997,1.14813,5,1.10694,1,0.820314,0,0.820314,0.817384,0,0,13,14,12.2778,4795.25,970,248.984,970,1114.18,14.1328,199.102,199.523,14.0625,32.5547,802.322,46.5,1.5,0.888001,2.188,93.75,7.84314,14.902,0,0.28125,22.4811,28.5,28.5,40.5
43.8,0,0,0,0,1.02704,0.99997,1.14764,5,1.11206,1,0.820314,0,0.820314,0.812745,0,0,14.5556,25.9167,21.5278,4791.5,970,297.93,970,1087.77,18.6094,199.102,199.523,27.8672,28.7344,802.322,45.75,2.184,1.12267,2.852,93.75,14.1177,15.6863,0,-0.4375,20.8621,33.75,33.75,39
43.833,0,0,0,0,1.01727,0.99997,1.14432,5,1.11206,1,0.820314,0,0.820314,0.804445,0,0,22.1667,27.8889,27.75,4805.25,970,368.516,970,1077.19,25.0781,199.523,199.523,30.375,19.4063,802.322,45.75,2.424,1.616,3.092,93.75,15.2941,13.7255,0,0.078125,15.8266,35.25,35.25,35.25
43.866,0,0,0,0,1.02478,0.99997,1.14554,5,1.11206,1,0.820314,0,0.820314,0.81006,0,0,24.3056,22.2778,27.5,4842.5,970,380.742,970,1085.08,26.3203,200.367,199.547,24.0703,16.1016,801.424,45.75,2.192,1.48267,2.86,93.75,12.9412,9.01961,0,0.109375,8.45196,2.25,2.25,2.25
43.9,0,0,0,0,1.04968,0.99997,1.14996,5,1.11011,1,0.820314,0,0.820314,0.843263,0,0,21.4167,15.4722,20.8889,4823,970,329.336,970,1111.52,21.5859,200.367,199.547,16.7813,14.6016,801.424,45.75,1.772,1.2,2.46,93.75,9.01961,8.62745,0,-0.03125,0,4.5,4.5,4.5
43.933,0,0,0,0,1.0622,0.99997,1.15436,5,1.11011,1,0.820314,0,0.820314,0.847658,0,0,17.4167,14.2222,15.7778,4809,970,295.82,970,1124.73,18.4922,199.477,199.547,15.4688,18.4688,801.424,45.75,1.632,1.01867,2.32,93.75,8.2353,8.62745,0,0.296875,0,16.5,16.5,16.5
43.966,0,0,0,0,1.06226,0.99997,1.16245,5,1.11011,1,0.820314,0,0.820314,0.850587,0,0,15.9445,15.25,14.5556,4809,970,279.805,970,1124.77,17.0156,199.43,199.547,16.5938,17.7188,801.424,45.75,1.612,0.992001,2.3,93.75,8.62745,9.80392,0,-0.140625,0,15.75,15.75,15.75
44,0,0,0,0,1.05725,0.99997,1.16809,5,1.10986,1,0.820314,0,0.820314,0.836671,0,0,15.5556,15.9167,15.9722,4800,970,280.547,970,1119.45,17.0859,199.43,199.547,17.3438,16.6406,801.424,46.5,1.632,1.00267,2.312,93.75,9.01961,9.41177,0,0.234375,0,11.25,11.25,11.25
44.033,0,0,0,0,1.05725,0.99997,1.1694,5,1.10986,1,0.820314,0,0.820314,0.826661,0,0,15.7778,15.9722,16.6111,4806,970,282.813,970,1119.45,17.2266,198.773,199.523,17.3906,15.9141,801.424,46.5,1.632,1.01067,2.312,93.75,9.41177,9.01961,0,-0.109375,0,6,6,-1.5
44.066,0,0,0,0,1.05725,0.99997,1.16614,5,1.10986,1,0.820314,0,0.820314,0.814699,0,0,15.7778,15.6111,16.6667,4784.5,970,282.734,970,1119.45,17.2031,199.266,199.523,17.0859,15.4922,800.271,46.5,1.608,0.997335,2.288,93.75,9.01961,8.62745,0,0.140625,0,9.75,9.75,9.75
44.1,0,0,0,0,1.05725,0.99997,1.16013,5,1.10986,1,0.820314,0,0.820314,0.805421,0,0,15.3333,14.6111,15.0278,4766.25,970,277.305,970,1119.45,16.7109,199.266,199.523,16.0313,14.7656,800.271,46.5,1.54,0.968001,2.228,93.75,8.2353,8.2353,0,-0.234375,0,18,18,18
44.133,0,0,0,0,1.05975,0.99997,1.15543,5,1.10986,1,0.820314,0,0.820314,0.804445,0,0,14.6945,13.7222,14.5278,4759.5,970,270.078,970,1122.11,16.0313,199.219,199.523,15.0938,14.2734,800.271,46.5,1.476,0.917334,2.164,93.75,7.84314,7.84314,0,-0.015625,0,7.5,7.5,7.5
44.166,0,0,0,0,1.05975,0.99997,1.14969,5,1.10986,1,0.820314,0,0.820314,0.800782,0,0,14.1667,13.3889,13.8611,4737.75,970,264.141,970,1122.11,15.4453,198.703,199.5,14.7891,14.25,800.271,46.5,1.412,0.882668,2.1,93.75,7.84314,7.45098,0,-0.078125,0,30,30,39.75
44.2,0,0,0,0,1.05725,0.99997,1.14291,5,1.10962,1,0.820314,0,0.820314,0.795167,0,0,13.6389,13.1945,12.3056,4738.5,970,259.102,970,1119.45,14.9766,198.703,199.5,14.5781,14.25,800.271,45.75,1.376,0.845334,2.064,93.75,7.45098,7.45098,0,0.078125,0,29.25,29.25,39.75
44.233,0,0,0,0,1.05975,0.99997,1.13733,5,1.10962,1,0.820314,0,0.820314,0.789796,0,0,13.3056,13.0556,13.3889,4720.5,970,256.641,970,1122.11,14.7422,199.359,199.477,14.4609,14.25,800.271,45.75,1.36,0.832001,2.048,93.75,7.45098,7.45098,0,-0.3125,0,29.25,29.25,40.5
44.266,0,0,0,0,1.05725,0.99997,1.13214,5,1.10962,1,0.820314,0,0.820314,0.786622,0,0,13.2222,13.0833,12.6111,4718.25,970,255.234,970,1119.45,14.6016,199.008,199.477,14.5078,14.25,799.49,45.75,1.336,0.821334,2.024,93.75,7.45098,7.45098,0,-0.28125,0,29.25,29.25,40.5
44.3,0,0,0,0,1.05475,0.99997,1.12387,5,1.1084,1,0.820314,0,0.820314,0.783448,0,0,13.0556,12.9722,12.5556,4707.25,970,254.609,970,1116.84,14.5313,199.008,199.477,14.4141,14.25,799.49,45.75,1.324,0.810668,2.012,93.75,7.45098,7.45098,0,0.09375,0,28.5,28.5,40.5
44.333,0,0,0,0,1.05475,0.99997,1.11768,5,1.1084,1,0.820314,0,0.820314,0.782716,0,0,12.7778,12.7222,12.4445,4694,970,251.875,970,1116.84,14.2969,199.641,199.477,14.1797,14.25,799.49,45.75,1.304,0.792001,1.992,93.75,7.45098,7.45098,0,-0.328125,0,29.25,29.25,40.5
44.366,0,0,0,0,1.05225,0.99997,1.11255,5,1.1084,1,0.820314,0,0.820314,0.783448,0,0,12.7222,12.6111,12.5,4688.75,970,250.781,970,1114.18,14.2031,199.313,199.453,14.0625,14.25,799.49,45.75,1.284,0.789334,1.972,93.75,7.45098,7.45098,0,-0.078125,0,24.75,24.75,24.75
44.4,0,0,0,0,1.05225,0.99997,1.10684,5,1.10742,1,0.820314,0,0.820314,0.786622,0,0,12.6389,12.6389,12.3611,4678.5,970,250.234,970,1114.18,14.1563,199.313,199.453,14.1328,14.25,799.49,45.75,1.276,0.784001,1.944,93.75,7.45098,7.45098,0,-0.34375,0,29.25,29.25,40.5
44.433,0,0,0,0,1.04968,0.99997,1.10269,5,1.10742,1,0.820314,0,0.820314,0.78882,0,0,12.5278,12.5833,12.3056,4667,970,250.156,970,1111.52,14.1094,198.961,199.453,14.1094,14.25,799.49,45.75,1.272,0.776001,1.94,93.75,7.45098,7.45098,0,0.40625,0,7.5,7.5,0
44.466,0,0,0,0,1.04968,0.99997,1.10199,5,1.10742,1,0.820314,0,0.820314,0.795167,0,0,12.5278,12.5833,12.9167,4641,970,250.273,970,1111.52,14.0859,198.867,199.43,14.1797,14.25,798.65,45.75,1.264,0.773334,1.932,93.75,7.45098,7.05883,0,-0.234375,0.358586,7.5,7.5,0
44.5,0,0,0,0,1.04968,0.99997,1.1022,5,1.10645,1,0.820314,0,0.820314,0.805421,0,0,12.4167,12.5,12.6667,4621.75,970,250.664,970,1111.52,14.1328,198.867,199.43,14.1563,14.25,798.65,45.75,1.272,0.773334,1.952,93.75,7.45098,7.05883,0,-0.203125,6.83451,9,9,9
44.533,0,0,0,0,1.04724,0.99997,1.10428,5,1.10645,1,0.820314,0,0.820314,0.814699,0,0,12.3611,12.4722,12.9722,4605.25,970,250.938,970,1108.91,14.1094,198.656,199.406,14.1797,14.25,798.65,45.75,1.272,0.776001,1.952,93.75,7.45098,7.05883,0,-0.234375,10.7912,13.5,13.5,13.5
44.566,0,0,0,0,1.04474,0.99997,1.10867,5,1.10645,1,0.820314,0,0.820314,0.822999,0,0,12.3611,12.4445,12.3889,4594,970,251.172,970,1106.25,14.1094,198.797,199.383,14.1797,15.7031,798.65,45.75,1.268,0.781334,1.948,93.75,7.45098,7.05883,0,0.046875,12.7687,28.5,28.5,40.5
44.6,0,0,0,0,1.04474,0.99997,1.11801,5,1.10571,1,0.820314,0,0.820314,0.836671,0,0,12.3611,12.3889,12.1945,4583.5,970,251.68,970,1106.25,14.1563,198.797,199.383,14.1328,16.2422,798.65,45.75,1.3,0.784001,1.98,93.75,7.05883,7.84314,0,0.078125,13.1288,28.5,28.5,40.5
44.633,0,0,0,0,1.0423,0.99997,1.12488,5,1.10571,1,0.820314,0,0.820314,0.843995,0,0,12.4167,12.7222,12.3056,4573,970,253.359,970,1103.63,14.2734,199.055,199.383,14.5547,15.2109,798.65,45.75,1.34,0.810668,2.02,93.75,7.45098,7.84314,0,-0.40625,12.4101,28.5,28.5,40.5
44.666,0,0,0,0,1.0398,0.99997,1.13474,5,1.10571,1,0.820314,0,0.820314,0.854249,0,0,12.5278,13.3056,12.6111,4563.25,970,257.969,970,1100.98,14.6719,198.961,199.359,15.2578,14.25,797.537,45.75,1.364,0.824001,2.044,93.75,7.84314,7.05883,0,-0.234375,8.81207,28.5,28.5,40.5
44.7,0,0,0,0,1.0398,0.99997,1.14499,5,1.10474,1,0.820314,0,0.820314,0.855958,0,0,12.7778,12.8611,12.6667,4555.75,970,258.75,970,1100.98,14.7422,198.961,199.359,14.7656,14.25,797.537,45.75,1.364,0.832001,2.06,93.75,7.45098,7.05883,0,-0.171875,0,28.5,28.5,40.5
44.733,0,0,0,0,1.0398,0.99997,1.15183,5,1.10474,1,0.820314,0,0.820314,0.854249,0,0,12.7778,12.8611,12.5278,4549.5,970,258.906,970,1100.98,14.7422,199.102,199.359,14.7891,16.3828,797.537,45.75,1.384,0.837334,2.08,93.75,7.45098,7.05883,0,0.21875,0,28.5,28.5,40.5
44.766,0,0,0,0,1.0398,0.99997,1.15711,5,1.10474,1,0.820314,0,0.820314,0.85132,0,0,12.6389,12.6945,12.0278,4542.5,970,256.758,970,1100.98,14.5313,199.172,199.359,14.625,15.75,797.537,45.75,1.392,0.845334,2.088,93.75,7.45098,8.2353,0,-0.53125,0,28.5,28.5,40.5
44.8,0,0,0,0,1.03479,0.99997,1.16101,5,1.10376,1,0.820314,0,0.820314,0.845949,0,0,12.8333,13.6111,13.2222,4532.25,970,264.492,970,1095.7,15.2344,199.172,199.359,15.8672,15.0234,797.537,45.75,1.456,0.882668,2.136,93.75,7.84314,7.84314,0,0.03125,0,28.5,28.5,40.5
44.833,0,0,0,0,1.03479,0.99997,1.16138,5,1.10376,1,0.820314,0,0.820314,0.838624,0,0,13.3056,13.25,13.4445,4526.75,970,267.5,970,1095.7,15.4922,199.125,199.359,15.75,14.4375,797.537,45.75,1.464,0.901334,2.144,93.75,7.84314,7.45098,0,-0.265625,0,20.25,20.25,20.25
44.866,0,0,0,0,1.03479,0.99997,1.16031,5,1.10376,1,0.820314,0,0.820314,0.830324,0,0,13.2778,13,12.8611,4524.75,970,265.547,970,1095.7,15.3047,199.055,199.336,15.0234,14.25,796.58,45.75,1.42,0.885334,2.1,93.75,7.45098,7.45098,0,0.203125,0,13.5,13.5,13.5
44.9,0,0,0,0,1.03461,0.99997,1.1554,5,1.10181,1,0.820314,0,0.820314,0.818361,0,0,13.0556,12.9167,13,4512.5,970,264.375,970,1095.7,15.1875,199.055,199.336,15.1172,14.25,796.58,45.75,1.404,0.866668,2.084,93.75,7.45098,7.05883,0,-0.453125,0,18,18,18
44.933,0,0,0,0,1.03235,0.99997,1.15082,5,1.10181,1,0.820314,0,0.820314,0.811769,0,0,13,12.7222,13.2222,4501.75,970,265.703,970,1093.05,15.2813,198.984,199.336,15.8672,14.25,796.58,45.75,1.432,0.880001,2.112,93.75,7.45098,7.05883,0,-0.03125,0,16.5,16.5,16.5
44.966,0,0,0,0,1.03626,0.99997,1.14661,5,1.10181,1,0.820314,0,0.820314,0.808107,0,0,13.1111,12.2778,12.6667,4492.25,970,265,970,1095.66,15.2109,199.078,199.313,14.3203,14.25,796.58,45.75,1.376,0.866668,2.056,93.75,7.05883,7.05883,0,-0.46875,0,16.5,16.5,16.5
45,0,0,0,0,1.03418,0.99997,1.14041,5,1.1001,1,0.820314,0,0.820314,0.805421,0,0,12.6389,12.3056,12.75,4473.5,970,261.094,970,1093.05,14.8594,199.078,199.313,15.0938,14.25,796.58,45.75,1.376,0.840001,2.044,93.75,7.05883,7.05883,0,-0.109375,0,6.75,6.75,0
45.033,0,0,0,0,1.03516,0.99997,1.13834,5,1.1001,1,0.820314,0,0.820314,0.807374,0,0,12.5278,12.1111,12.3889,4453.5,970,259.766,970,1093.05,14.7188,198.656,199.266,14.625,14.25,796.58,45.75,1.356,0.832001,2.024,93.75,7.05883,7.05883,0,-0.1875,0,8.25,8.25,8.25
45.066,0,0,0,0,1.03583,0.99997,1.13535,5,1.1001,1,0.820314,0,0.820314,0.806398,0,0,12.4167,12.1111,12.3056,4445,970,258.789,970,1093.05,14.5781,198.633,199.242,14.5078,14.25,795.388,45.75,1.34,0.818668,2.008,93.75,7.05883,7.05883,0,0.0625,0,10.5,10.5,10.5
45.1,0,0,0,0,1.03394,0.99997,1.13229,5,1.09766,1,0.820314,0,0.820314,0.805421,0,0,12.25,12,12.2222,4433.25,970,259.961,970,1090.39,14.6953,198.633,199.242,14.8125,14.25,795.388,45.75,1.352,0.816001,2.032,93.75,7.05883,7.05883,0,-0.09375,0,28.5,28.5,39.75
45.133,0,0,0,0,1.03565,0.99997,1.12973,5,1.09766,1,0.820314,0,0.820314,0.805421,0,0,12.3056,12.0278,11.8056,4421.5,970,258.711,970,1090.39,14.5547,198.82,199.195,14.1094,14.25,795.388,45.75,1.316,0.810668,1.996,93.75,7.05883,7.05883,0,-0.34375,0,28.5,28.5,39.75
45.166,0,0,0,0,1.03589,0.99997,1.12882,5,1.09766,1,0.820314,0,0.820314,0.807374,0,0,12.1945,11.9445,11.8333,4415.5,970,257.344,970,1090.39,14.4375,198.867,199.172,14.4844,14.25,795.388,45.75,1.324,0.818668,2.004,93.75,7.05883,7.05883,0,-0.234375,0,28.5,28.5,39.75
45.2,0,0,0,0,1.03369,0.99997,1.12695,5,1.0957,1,0.820314,0,0.820314,0.807374,0,0,11.9722,11.8333,11.7222,4403.75,970,257.148,970,1087.77,14.3906,198.867,199.172,14.3906,14.25,795.388,45.75,1.316,0.800001,1.996,93.75,7.05883,7.05883,0,-0.015625,0,28.5,28.5,39.75
45.233,0,0,0,0,1.03418,0.99997,1.12399,5,1.0957,1,0.820314,0,0.820314,0.803712,0,0,11.8889,11.8333,11.9167,4389,970,255.586,970,1087.77,14.25,198.773,199.148,14.3438,14.25,795.388,45.75,1.308,0.794668,1.988,,,,,,,,,
