TimeStamp, dwkrz_0   , dwkrz_1   , dwkrz_2   , dwkrz_3   , fpvdk_w   , fra_w     , frm_w     , gangi     , lambts_w  , lamelsh_w , lamfa_w   , lamlash_w , lamsbg_w  , lamsoni_w , ldrlms_w  , ldtvm     , ml_w      , msdk_w    , mshfm_w   , nmot_w    , plsol     , ps_w      , pu        , pvdks_w   , rl_w      , rlmax_w   , rlmx_w    , rlroh_w   , rlsol_w   , tabgm_w   , tanslin   , te_w      , tevfakge_w, ti_b1     , tmotlin   , wdkba     , wdks      , wkrm      , wnwi_w    , wped_w    , zwist     , zwout     , zwsol     
  sec.ms , °KW       , °KW       , °KW       , °KW       , -         , -         , -         , gear      , -         , -         , -         , -         , -         , -         , , , g/s       , g/s       , g/s       , rpm       , mbar      , mbar      , mbar      , mbar      , , , , , , °C        , °C        , ms        , ms        , ms        , °C        , DK      , DK      , °KW       , °KW       , PED     , °KW       , °KW       , °KW       
TIME,IgnitionRetardCyl1,IgnitionRetardCyl4,IgnitionRetardCyl2,IgnitionRetardCyl3,,AdaptationPartial,LambdaControlAvg,SelectedGear,LambdaPartProtection,,TargetAFRDriverRequest,,AirFuelRatioDesired,AirFuelRatioCurrent,ChargeLimitEngineProtection,WastegateDutyCycle,,MassAirFlowAtThrottlePlate,MassAirFlow,EngineSpeed,BoostPressureDesired,,BaroPressure,BoostPressureActual,EngineLoad,EngineLoadCorrected,EngineLoadSpecified,,EngineLoadRequested,EGTModelBeforeCat,IntakeAirTemperature,EffInjectionTime,,FuelInjectorOnTime,CoolantTemperature,ThrottlePlateAngle,ThrottlePlateAngleRequested,AvgIgnitionRetardKnockControl,CamshaftAngle,AccelPedalPosition,IgnitionTimingAngle,IgnitionTimingAngleOverall,
0,0,0,0,0,1.13782,0.99997,1,0,1,1,1,0,1,1.00366,0,0,5.16667,5.38889,5.36112,1348.5,970,314.023,970,968.906,20.2031,106.641,106.43,21,21.1875,97.6949,39,1.336,0.858668,2.004,93.75,2.35294,2.35294,0,-0.453125,6.29434,29.25,29.25,29.25
0.033,0,0,0,0,1.14105,0.99997,1,0,1,1,1,0,1,1.00366,0,0,5.16667,5.36112,5.25,1335.25,970,314.883,970,971.523,20.2734,106.641,106.43,20.0859,21.3984,97.6949,39,1.32,0.864001,1.988,93.75,2.35294,2.35294,0,-0.203125,6.65445,31.5,31.5,36.75
0.067,0,0,0,0,1.13727,0.99997,1,0,1,1,1,0,1,1.00366,0,0,5.16667,5.33334,5.47223,1328.25,970,317.148,970,968.906,20.4375,106.383,105.938,21.7969,21.6563,97.6949,39,1.372,0.880001,2.04,93.75,2.35294,2.35294,0,-0.140625,6.65445,31.5,31.5,36.75
0.1,0,0,0,0,1.14075,0.99997,1,0,1,1,1,0,1,1.00366,0,0,5.11112,5.36112,5.36112,1316.25,970,318.125,970,971.523,20.5078,105.891,105.469,20.8828,22.4063,99.1207,39,1.352,0.869334,2.02,93.75,2.35294,2.35294,0,-0.140625,7.37315,30.75,30.75,36
0.133,0,0,0,0,1.13715,0.99997,1,0,1,1,1,0,1,1.00366,0,0,5.11112,5.33334,5.27778,1308.75,970,319.375,970,968.906,20.6016,105.891,105.469,21.3516,22.5703,99.1207,39,1.352,0.869334,2.032,93.75,2.35294,2.35294,0,-0.359375,7.37315,30.75,30.75,36
0.167,0,0,0,0,1.13739,0.99997,1,0,1,1,1,0,1,1.00366,0,0,5.11112,5.33334,5.25,1293.75,970,322.109,970,968.906,20.8125,105.422,104.977,21.3984,23.1563,99.1207,39,1.372,0.890668,2.052,93.75,2.35294,2.35294,0,-0.46875,7.73326,30.75,30.75,36
0.2,0,0,0,0,1.13739,0.99997,1,0,1,1,1,0,1,1.00366,0,0,5.11112,5.38889,5.47223,1286.75,970,324.453,970,968.906,21,104.93,104.438,22.3828,23.4141,99.1207,39,1.4,0.909334,2.08,93.75,2.35294,2.35294,0,-0.546875,7.73326,30.75,30.75,36
0.233,0,0,0,0,1.13776,0.99997,1,0,1,1,1,0,1,1.00366,0,0,5.11112,5.41667,5.36112,1277.5,970,326.016,970,968.906,21.1172,104.93,104.438,22.0547,24.1406,99.1207,39,1.396,0.909334,2.076,93.75,2.35294,2.35294,0,-0.078125,8.09337,30.75,30.75,36
0.267,0,0,0,0,1.13776,0.99997,1,0,1,1,1,0,1,1.00366,0,0,5.11112,5.41667,5.27778,1260.75,970,329.18,970,968.906,21.3516,104.344,103.523,21.9609,25.0078,100.546,39,1.396,0.922668,2.076,93.75,2.35294,2.35294,0,0.046875,8.45196,30.75,30.75,36
0.3,0,0,0,0,1.13709,0.99997,1,0,1,1,1,0,1,1.00366,0,0,5.11112,5.44445,5.33334,1252.75,970,330.625,970,968.906,21.4453,103.477,102.938,22.3359,25.0781,100.546,39,1.412,0.925334,2.092,93.75,2.35294,2.7451,0,-0.0625,8.45196,30.75,30.75,36
0.333,0,0,0,0,1.13654,0.99997,1,0,1,1,1,0,1,1.00488,0,0,5.11112,5.72223,5.5,1235,970,335.313,970,968.906,21.7969,103.477,102.938,23.3438,26.1328,100.546,39,1.428,0.930668,2.096,93.75,2.7451,2.7451,0,0.03125,8.81207,28.5,28.5,28.5
0.367,0,0,0,0,1.13532,0.99997,1,0,1,1,1,0,1,1.00366,0,0,5.16667,6.05556,5.91667,1226.5,970,340.547,970,968.906,22.1953,102.891,102.281,25.2891,26.8359,100.546,39,1.472,0.965335,2.14,93.75,2.7451,2.7451,0,-0.359375,8.81207,30,30,35.25
0.4,0,0,0,0,1.13489,0.99997,1,0,1,1,1,0,1,1.00366,0,0,5.22223,6.02778,6,1218,970,345.977,970,968.906,22.5938,102.234,101.672,25.8281,27.7031,100.546,39,1.504,0.989335,2.172,93.75,2.7451,2.7451,0,-0.40625,9.17218,30,30,34.5
0.433,0,0,0,0,1.13477,0.99997,1,0,1,1,1,0,1,1.00366,0,0,5.27778,6.05556,6.22223,1198.75,970,357.461,970,968.906,23.4375,102.234,101.672,27.1875,28.2188,100.546,39,1.592,1.008,2.26,93.75,2.7451,3.13726,0,-0.328125,9.17218,29.25,29.25,34.5
0.467,0,0,0,0,1.13544,0.99997,1,0,1,1,1,0,1,1.00366,0,0,5.36112,6.22223,6.02778,1190.5,970,362.07,970,968.906,23.7656,101.625,100.969,26.5078,29.4844,101.972,39,1.588,1.048,2.256,93.75,3.13726,3.13726,0,-0.265625,9.5323,29.25,29.25,34.5
0.5,0,0,0,0,1.13489,0.99997,1,0,1,1,1,0,1,1.00366,0,0,5.41667,6.22223,6.25,1182.5,970,367.93,970,968.906,24.2109,101.063,100.359,27.6797,29.7891,101.972,39,1.64,1.08267,2.308,93.75,3.13726,3.13726,0,0.125,9.5323,28.5,28.5,33.75
0.533,0,0,0,0,1.13477,0.99997,1,0,1,1,1,0,1,1.00488,0,0,5.47223,6.33334,6.33334,1166.5,970,379.063,970,968.906,24.9609,101.063,100.359,28.4297,31.0781,101.972,39,1.696,1.09067,2.364,93.75,3.13726,3.13726,0,0.21875,9.89088,28.5,28.5,33.75
0.567,0,0,0,0,1.13458,0.99997,1,0,1,1,1,0,1,1.00366,0,0,5.52778,6.38889,6.47223,1160.25,970,385.43,970,968.906,25.3828,100.359,99.7734,29.2031,31.7344,101.972,39,1.736,1.12,2.404,93.75,3.13726,3.13726,0,0.265625,9.89088,26.25,26.25,26.25
0.6,0,0,0,0,1.13495,0.99997,1,0,1,1,1,0,1,1.00366,0,0,5.63889,6.55556,6.47223,1153.5,970,391.406,970,968.906,25.8281,99.7734,99.3047,29.3672,31.9219,101.972,39,1.776,1.16533,2.444,93.75,3.52941,3.52941,0,-0.265625,9.89088,25.5,25.5,25.5
0.633,0,0,0,0,1.13489,0.99997,1,0,1,1,1,0,1,1.00366,0,0,5.75,6.66667,6.80556,1146.75,970,399.258,970,968.906,26.3672,99.7734,99.3047,31.0781,32.2734,101.972,38.25,1.84,1.20267,2.508,93.75,3.52941,3.52941,0,-0.1875,9.89088,27.75,27.75,32.25
0.667,0,0,0,0,1.13525,0.99997,1,0,1,1,1,0,1,1.00366,0,0,5.80556,6.83334,6.97223,1135.75,970,414.414,970,968.906,27.4453,99.3281,98.8125,32.1563,32.5078,103.476,38.25,1.928,1.224,2.596,93.75,3.52941,3.52941,0,-0.3125,9.89088,27,27,32.25
0.7,0,0,0,0,1.13587,0.99997,1,0,1,1,1,0,1,1.00366,0,0,6,6.80556,6.94445,1131,970,421.445,970,968.906,27.9609,98.7422,98.6484,32.1328,33.5156,103.476,38.25,1.964,1.27467,2.632,93.75,3.52941,3.52941,0,-0.171875,10.251,27,27,31.5
0.733,0,0,0,0,1.13648,0.99997,1,0,1,1,1,0,1,1.00366,0,0,6.05556,6.86112,6.97223,1127.75,970,428.047,970,968.906,28.4531,98.7422,98.6484,32.3672,33.7031,103.476,38.25,1.988,1.288,2.656,93.75,3.52941,3.52941,0,0.15625,10.251,26.25,26.25,31.5
0.767,0,0,0,0,1.13702,0.99997,1,0,1,1,1,0,1,1.00366,0,0,6.16667,6.91667,7.05556,1123.5,970,440.078,970,968.906,29.3203,98.6719,98.3672,32.8828,33.6094,103.476,38.25,2.056,1.304,2.724,93.75,3.52941,3.52941,0,0.1875,10.251,25.5,25.5,30.75
0.8,0,0,0,0,1.13757,0.99997,1,0,1,1,1,0,1,1.00366,0,0,6.33334,7.33334,7.13889,1123,970,446.016,970,968.906,29.7422,98.3438,98.2031,33.2813,33.6797,103.476,38.25,2.076,1.33867,2.744,93.75,3.92157,3.52941,0,0.25,10.251,25.5,25.5,30.75
0.833,0,0,0,0,1.13721,0.99997,1,0,1,1,1,0,1,1.00488,0,0,6.33334,7.27778,7.50001,1121,970,453.945,970,968.906,30.3281,98.3438,98.2031,35.0391,33.6797,103.476,38.25,2.16,1.33867,2.84,93.75,3.92157,3.52941,0,0.046875,10.251,25.5,25.5,30.75
0.867,0,0,0,0,1.13831,0.99997,1,0,1,1,1,0,1,1.00488,0,0,6.55556,7.22223,7.41667,1122.5,970,460.313,970,968.906,30.7969,98.1797,98.1094,34.5938,33.5859,105.117,38.25,2.184,1.40534,2.864,93.75,3.92157,3.52941,0,-0.1875,10.251,24.75,24.75,30
0.9,0,0,0,0,1.13892,0.99997,1,0,1,1,1,0,1,1.00366,0,0,6.63889,7.22223,7.27778,1123,970,464.961,970,968.906,31.125,98.0625,98.1797,33.9141,33.5156,105.117,38.25,2.176,1.4,2.856,93.75,3.92157,3.52941,0,-0.1875,10.251,24.75,24.75,30
0.933,0,0,0,0,1.13916,0.99997,1,0,1,1,1,0,1,1.00488,0,0,6.69445,7.22223,7.30556,1129.5,970,472.617,970,968.906,31.7109,98.0625,98.1797,33.8672,33.2813,105.117,38.25,2.204,1.41067,2.884,93.75,3.92157,3.52941,0,-0.21875,10.251,25.5,25.5,30
0.967,0,0,0,0,1.13953,0.99997,1,0,1,1,1,0,1,1.00366,0,0,6.86112,7.02778,7.25001,1134.75,970,475.195,970,968.906,31.9219,98.1328,98.4375,33.4453,32.7891,105.117,38.25,2.216,1.42667,2.896,93.75,3.52941,3.52941,0,0.03125,10.251,25.5,25.5,30
1,0,0,0,0,1.14002,0.99997,1,0,1,1,1,0,1,1.00366,0,0,6.91667,7.02778,6.94445,1139.5,970,475.195,970,968.906,31.9219,98.3906,98.7891,31.9219,32.5547,105.117,38.25,2.172,1.39734,2.852,93.75,3.52941,3.52941,0,0.265625,10.251,25.5,25.5,30
1.033,0,0,0,0,1.13989,0.99997,1,0,1,1,1,0,1,1.00366,0,0,6.97223,7.02778,7.08334,1145.25,970,475.898,970,968.906,31.9922,98.3906,98.7891,32.3906,32.2031,105.117,38.25,2.184,1.40534,2.852,93.75,3.52941,3.52941,0,0.171875,10.251,25.5,25.5,30
1.067,0,0,0,0,1.13977,0.99997,1,0,1,1,1,0,1,1.00366,0,0,6.97223,7.02778,6.94445,1156,970,474.922,970,968.906,31.9453,98.7422,99.1875,31.4531,31.6641,106.836,38.25,2.152,1.39467,2.82,93.75,3.52941,3.52941,0,0.265625,10.251,21.75,21.75,21.75
1.1,0,0,0,0,1.13941,0.99997,1,0,1,1,1,0,1,1.00488,0,0,7.02778,6.97223,6.80556,1161.75,970,473.008,970,968.906,31.8047,99.1875,99.6094,30.6797,31.4531,106.836,38.25,2.132,1.37334,2.8,93.75,3.52941,3.52941,0,-0.21875,10.251,20.25,20.25,20.25
1.133,0,0,0,0,1.1416,0.99997,1,0,1,1,1,0,1,1.00488,0,0,6.97223,6.94445,6.63889,1164.5,970,470.039,970,971.523,31.5938,99.1875,99.6094,29.8359,31.2188,106.836,38.25,2.096,1.352,2.764,93.75,3.52941,3.52941,0,-0.15625,10.251,18.75,18.75,18.75
1.167,0,0,0,0,1.13989,0.99997,1,0,1,1,1,0,1,1.00366,0,0,6.97223,6.94445,6.69445,1172,970,465.547,970,971.484,31.2891,99.5391,99.8906,30.0469,31.0547,106.836,38.25,2.076,1.34667,2.744,93.75,3.52941,3.52941,0,-0.203125,10.251,18.75,18.75,18.75
1.2,0,0,0,0,1.13898,0.99997,1,0,1,1,1,0,1,1.00488,0,0,6.97223,6.88889,6.80556,1178,970,463.242,970,971.523,31.1484,99.9141,99.9844,29.7656,30.6563,106.836,38.25,2.064,1.33067,2.732,93.75,3.52941,3.52941,0,0.046875,10.251,18.75,18.75,18.75
1.233,0,0,0,0,1.13513,0.99997,1,0,1,1,1,0,1,1.00488,0,0,6.91667,6.86112,6.66667,1180.5,970,460.273,970,968.906,30.9141,99.9141,99.9844,29.1797,30.4453,106.836,38.25,2.032,1.312,2.712,93.75,3.52941,3.52941,0,0.078125,10.251,18.75,18.75,18.75
1.267,0,0,0,0,1.1377,0.99997,1,0,1,1,1,0,1,1.00366,0,0,6.91667,6.83334,6.72223,1183.5,970,457.578,970,971.523,30.75,99.9375,100.289,29.3906,30.375,108.515,38.25,2.024,1.33067,2.704,93.75,3.52941,3.52941,0,0.234375,10.251,18.75,18.75,18.75
1.3,0,0,0,0,1.13733,0.99997,1,0,1,1,1,0,1,1.00366,0,0,6.91667,6.77778,6.83334,1187.25,970,456.25,970,971.523,30.6563,100.289,100.406,29.8828,30.1641,108.515,38.25,2.024,1.30933,2.704,93.75,3.52941,3.52941,0,0.3125,10.251,19.5,19.5,19.5
1.333,0,0,0,0,1.13733,0.99997,1,0,1,1,1,0,1,1.00366,0,0,6.91667,6.77778,6.80556,1188.75,970,454.922,970,971.523,30.5625,100.289,100.406,29.7891,30.0234,108.515,37.5,2.012,1.30133,2.68,93.75,3.52941,3.52941,0,-0.234375,10.251,18.75,18.75,18.75
1.367,0,0,0,0,1.13709,0.99997,1,0,1,1,1,0,1,1.00366,0,0,6.86112,6.69445,6.72223,1189.75,970,451.367,970,971.523,30.3047,100.359,100.594,29.4609,30,108.515,37.5,1.988,1.29333,2.656,93.75,3.52941,3.52941,0,-0.171875,10.251,19.5,19.5,19.5
1.4,0,0,0,0,1.13696,0.99997,1,0,1,1,1,0,1,1.00488,0,0,6.80556,6.69445,6.66667,1188.25,970,449.883,970,971.523,30.1875,100.594,100.641,29.3203,30.0938,108.515,37.5,1.984,1.28533,2.652,93.75,3.52941,3.52941,0,-0.359375,10.251,19.5,19.5,19.5
1.433,0,0,0,0,1.13678,0.99997,1,0,1,1,1,0,1,1.00366,0,0,6.75001,6.69445,6.52778,1188.5,970,447.617,970,971.523,30.0234,100.594,100.641,28.6875,30.0234,108.515,37.5,1.96,1.26933,2.648,93.75,3.52941,3.52941,0,-0.1875,10.251,24,24,24
1.467,0,0,0,0,1.13635,0.99997,1,0,1,1,1,0,1,1.00366,0,0,6.75001,6.66667,6.77778,1187.5,970,446.484,970,971.523,30.0234,100.875,100.594,29.8594,30.1641,110.195,37.5,1.984,1.28267,2.672,93.75,3.52941,3.52941,0,0.125,10.251,27,27,31.5
1.5,0,0,0,0,1.13666,0.99997,1,0,1,1,1,0,1,1.00366,0,0,6.75001,6.66667,6.80556,1186.25,970,446.445,970,971.523,30.0234,100.57,100.547,30,30.2578,110.195,37.5,1.984,1.28533,2.672,93.75,3.52941,3.52941,0,0.15625,10.251,27,27,31.5
1.533,0,0,0,0,1.13721,0.99997,1,0,1,1,1,0,1,1.00366,0,0,6.75001,6.66667,6.41667,1186,970,443.906,970,971.523,29.8359,100.57,100.547,28.3359,30.2578,110.195,37.5,1.94,1.28533,2.62,93.75,3.52941,3.52941,0,0.296875,10.251,26.25,26.25,31.5
1.567,0,0,0,0,1.13678,0.99997,1,0,1,1,1,0,1,1.00488,0,0,6.69445,6.66667,6.47223,1182.5,970,442.305,970,971.523,29.6953,100.547,100.5,28.6641,30.2344,110.195,37.5,1.936,1.27467,2.616,93.75,3.52941,3.52941,0,-0.03125,10.251,27,27,31.5
1.6,0,0,0,0,1.13641,0.99997,1,0,1,1,1,0,1,1.00366,0,0,6.63889,6.61112,6.58334,1181.75,970,441.523,970,971.523,29.6484,100.5,100.359,29.1797,30.3516,110.195,37.5,1.932,1.256,2.612,93.75,3.52941,3.52941,0,-0.078125,10.251,27,27,31.5
1.633,0,0,0,0,1.13599,0.99997,1,0,1,1,1,0,1,1.00488,0,0,6.63889,6.66667,6.50001,1178,970,440.391,970,971.523,29.5547,100.5,100.359,28.8984,30.5625,110.195,37.5,1.924,1.256,2.604,93.75,3.52941,3.52941,0,-0.328125,10.251,27,27,31.5
1.667,0,0,0,0,1.13812,0.99997,1,0,1,1,1,0,1,1.00366,0,0,6.61112,6.69445,6.63889,1171.75,970,438.906,970,974.18,29.4375,100.359,100.195,29.0391,30.6563,111.816,37.5,1.924,1.25067,2.604,93.75,3.13726,3.52941,0,-0.234375,10.251,26.25,26.25,31.5
1.7,0,0,0,0,1.13422,0.99997,1,0,1,1,1,0,1,1.00366,0,0,6.55556,6.66667,6.61112,1169.5,970,439.297,970,971.523,29.4375,100.195,99.9609,29.7188,30.8672,111.816,37.5,1.932,1.256,2.612,93.75,3.52941,3.52941,0,0,10.251,26.25,26.25,31.5
1.733,0,0,0,0,1.13385,0.99997,1,0,1,1,1,0,1,1.00366,0,0,6.55556,6.66667,6.69445,1164.25,970,440.469,970,971.523,29.5313,100.195,99.9609,30.2344,31.2422,111.816,37.5,1.948,1.256,2.628,93.75,3.52941,3.52941,0,-0.046875,10.251,26.25,26.25,31.5
1.767,0,0,0,0,1.13397,0.99997,1,0,1,1,1,0,1,1.00366,0,0,6.50001,6.69445,6.61112,1160,970,441.055,970,971.523,29.5547,99.9609,99.7031,29.9297,32.4375,111.816,37.5,1.948,1.264,2.628,93.75,3.52941,3.52941,0,0.28125,10.6111,24,24,24
1.8,0,0,0,0,1.13342,0.99997,1,0,1,1,1,0,1,1.00366,0,0,6.50001,6.83334,6.86112,1151.25,970,443.008,970,971.523,29.6719,99.7031,99.375,31.2656,32.6016,111.816,37.5,1.984,1.25333,2.664,93.75,3.52941,3.52941,0,0.15625,10.6111,25.5,25.5,30.75
1.833,0,0,0,0,1.13324,0.99997,1,0,1,1,1,0,1,1.00366,0,0,6.50001,6.86112,6.77778,1148.25,970,444.922,970,971.523,29.8125,99.7031,99.375,30.9609,32.8359,111.816,37.5,1.992,1.28533,2.68,93.75,3.52941,3.52941,0,-0.078125,10.6111,25.5,25.5,30.75
1.867,0,0,0,0,1.13312,0.99997,1,0,1,1,1,0,1,1.00366,0,0,6.50001,6.88889,6.91667,1142,970,447.813,970,971.523,30,99.375,99.1172,31.7578,33.1172,113.398,37.5,2.02,1.30667,2.708,93.75,3.92157,3.52941,0,-0.109375,10.6111,26.25,26.25,30.75
1.9,0,0,0,0,1.13306,0.99997,1,0,1,1,1,0,1,1.00366,0,0,6.55556,7.08334,6.94445,1138.75,970,450.742,970,971.523,30.2344,99.1172,98.7656,31.9688,33.1875,113.398,37.5,2.032,1.312,2.72,93.75,3.52941,3.52941,0,-0.1875,10.6111,26.25,26.25,30.75
1.933,0,0,0,0,1.13599,0.99997,1,0,1,1,1,0,1,1.00366,0,0,6.55556,7.11112,7.02778,1128,970,457.852,970,974.18,30.7266,99.1172,98.7656,32.0156,33.5156,113.398,37.5,2.064,1.34134,2.752,93.75,3.52941,3.52941,0,-0.078125,10.6111,25.5,25.5,30
1.967,0,0,0,0,1.13519,0.99997,1,0,1,1,1,0,1,1.00488,0,0,6.61112,7.08334,7.08334,1122.25,970,461.523,970,974.141,30.9844,98.7656,98.3672,33.2109,33.9844,113.398,37.5,2.096,1.33067,2.784,93.75,3.52941,3.52941,0,-0.140625,10.6111,25.5,25.5,30
2,0,0,0,0,1.13544,0.99997,1,0,1,1,1,0,1,1.00366,0,0,6.61112,7.11112,7.11112,1119.25,970,464.219,970,974.18,31.1719,98.3672,98.0625,32.8125,34.0313,113.398,37.5,2.108,1.35734,2.796,93.75,3.52941,3.52941,0,0.265625,10.6111,25.5,25.5,30
2.033,0,0,0,0,1.13165,0.99997,1,0,1,1,1,0,1,1.00366,0,0,6.61112,7.11112,6.88889,1115,970,465.391,970,971.523,31.2422,98.3672,98.0625,31.9688,34.4531,113.398,37.5,2.092,1.34667,2.772,93.75,3.52941,3.52941,0,0.328125,10.6111,22.5,22.5,22.5
2.067,0,0,0,0,1.13086,0.99997,1,0,1,1,1,0,1,1.00488,0,0,6.63889,7.08334,7.08334,1110.25,970,472.031,970,971.523,31.7109,98.0391,97.8047,33.6563,34.4531,115,37.5,2.172,1.384,2.852,93.75,3.52941,3.52941,0,0,10.6111,24,24,29.25
2.1,0,0,0,0,1.13416,0.99997,1,0,1,1,1,0,1,1.00366,0,0,6.69445,7.08334,7.22223,1107.75,970,475.898,970,974.141,31.9922,97.7813,97.7109,34.3125,34.5234,115,37.5,2.204,1.41867,2.884,93.75,3.52941,3.92157,0,0.078125,10.6111,24,24,29.25
2.133,0,0,0,0,1.13184,0.99997,1,0,1,1,1,0,1,1.00366,0,0,6.69445,7.19445,7.05556,1104.75,970,477.344,970,971.523,32.0859,97.7813,97.7109,32.9766,34.6172,115,37.5,2.172,1.41867,2.852,93.75,3.92157,3.92157,0,-0.09375,10.6111,24.75,24.75,29.25
2.167,0,0,0,0,1.13098,0.99997,1,0,1,1,1,0,1,1.00366,0,0,6.75001,7.16667,7.22223,1101.25,970,481.055,970,971.523,32.3672,97.7344,97.5234,34.5938,34.7578,115,37.5,2.232,1.43467,2.912,93.75,3.92157,3.92157,0,-0.171875,10.6111,24.75,24.75,29.25
2.2,0,0,0,0,1.13458,0.99997,1,0,1,1,1,0,1,1.00366,0,0,6.80556,7.19445,7.25001,1097.5,970,486.914,970,974.18,32.7891,97.5,97.3828,34.125,34.7578,115,37.5,2.232,1.44267,2.912,93.75,3.52941,3.92157,0,0.046875,10.6111,24.75,24.75,28.5
2.233,0,0,0,0,1.13159,0.99997,1,0,1,1,1,0,1,1.00366,0,0,6.80556,7.22223,7.27778,1097.5,970,490.156,970,971.523,33.0234,97.5,97.3828,34.9688,34.9219,115,37.5,2.26,1.43467,2.928,93.75,3.92157,3.92157,0,0.140625,10.6111,24.75,24.75,28.5
2.267,0,0,0,0,1.13196,0.99997,1,0,1,1,1,0,1,1.00366,0,0,6.86112,7.22223,7.22223,1094,970,491.836,970,971.523,33.1406,97.3828,97.2656,34.1719,34.9922,116.64,37.5,2.248,1.44534,2.916,93.75,3.92157,3.92157,0,0.171875,10.6111,24,24,28.5
2.3,0,0,0,0,1.13159,0.99997,1,0,1,1,1,0,1,1.00366,0,0,6.91667,7.16667,7.11112,1094.75,970,493.555,970,971.523,33.2578,97.2656,97.1484,34.3125,34.9219,116.64,37.5,2.264,1.456,2.932,93.75,3.92157,3.92157,0,0.125,10.6111,23.25,23.25,28.5
2.333,0,0,0,0,1.13489,0.99997,1,0,1,1,1,0,1,1.00488,0,0,6.91667,7.16667,7.22223,1092.5,970,495.898,970,974.18,33.4453,97.2656,97.1484,34.8516,35.9531,116.64,37.5,2.292,1.472,2.96,93.75,3.92157,3.92157,0,0.171875,10.9712,23.25,23.25,28.5
2.367,0,0,0,0,1.13464,0.99997,1,0,1,1,1,0,1,1.00488,0,0,6.91667,7.22223,7.13889,1089.75,970,496.953,970,974.18,33.5156,97.1484,97.0078,33.9609,35.9766,116.64,37.5,2.264,1.45067,2.932,93.75,3.92157,3.92157,0,-0.140625,10.9712,23.25,23.25,28.5
2.4,0,0,0,0,1.13391,0.99997,1,0,1,1,1,0,1,1.00488,0,0,6.91667,7.36112,7.05556,1087.5,970,497.266,970,974.18,33.5156,96.9844,96.9844,33.7266,36.0469,116.64,37.5,2.256,1.45067,2.924,93.75,3.92157,3.92157,0,-0.078125,10.9712,24,24,28.5
2.433,0,0,0,0,1.13263,0.99997,1,0,1,1,1,0,1,1.00488,0,0,6.91667,7.38889,7.22223,1088,970,499.727,970,974.141,33.7031,96.9844,96.9844,35.1797,36.1172,116.64,37.5,2.296,1.45067,2.976,93.75,3.92157,3.92157,0,-0.09375,10.9712,24,24,28.5
2.467,0,0,0,0,1.13196,0.99997,1,0,1,1,1,0,1,1.00366,0,0,6.97223,7.38889,7.13889,1085.75,970,500.391,970,974.18,33.75,96.9844,96.9141,34.1484,36.1875,118.3,37.5,2.28,1.464,2.96,93.75,3.92157,3.92157,0,-0.078125,10.9712,24,24,28.5
2.5,0,0,0,0,1.12799,0.99997,1,0,1,1,1,0,1,1.00366,0,0,6.97223,7.38889,7.36112,1085.25,970,502.695,970,971.523,33.9141,96.9141,96.7969,35.2969,36.1875,118.3,37.5,2.316,1.488,2.996,93.75,3.92157,3.92157,0,0.140625,10.9712,24,24,28.5
2.533,0,0,0,0,1.13098,0.99997,1,0,1,1,1,0,1,1.00366,0,0,7.02778,7.38889,7.55556,1080.5,970,509.336,970,974.18,34.4063,96.9141,96.7969,36.3516,36.375,118.3,37.5,2.368,1.512,3.056,93.75,3.92157,3.92157,0,0.40625,10.9712,24,24,27.75
2.567,0,0,0,0,1.13159,0.99997,1,0,1,1,1,0,1,1.00366,0,0,7.08334,7.38889,7.41667,1077,970,511.523,970,974.18,34.5703,96.7969,96.6328,35.8828,36.6328,118.3,37.5,2.364,1.52,3.052,93.75,3.92157,3.92157,0,0.25,10.9712,23.25,23.25,27.75
2.6,0,0,0,0,1.12848,0.99997,1,0,1,1,1,0,1,1.00488,0,0,7.08334,7.38889,7.44445,1074,970,513.867,970,971.523,34.7344,96.6094,96.5156,36.1641,36.7266,118.3,37.5,2.376,1.52534,3.064,93.75,3.92157,3.92157,0,0.0625,10.9712,23.25,23.25,27.75
2.633,0,0,0,0,1.13159,0.99997,1,0,1,1,1,0,1,1.00366,0,0,7.13889,7.36112,7.38889,1072.75,970,516.523,970,974.141,34.9219,96.6094,96.5156,36.5391,36.8203,118.3,37.5,2.392,1.53334,3.14,93.75,3.92157,3.92157,0,-0.234375,10.9712,24,24,27.75
2.667,0,0,0,0,1.13208,0.99997,1,1,1,1,1,0,1,1.00488,0,0,7.13889,7.38889,7.33334,1068.75,970,519.102,970,974.18,35.1094,96.5156,96.3516,35.7656,36.8672,119.98,37.5,2.392,1.53867,3.14,93.75,3.92157,3.92157,0,-0.125,10.9712,24,24,27.75
2.7,0,0,0,0,1.13184,0.99997,1,1,1,1,1,0,1,1.00366,0,0,7.13889,7.38889,7.30556,1066,970,520.078,970,974.18,35.1563,96.3281,96.2109,35.7656,37.8047,119.98,37.5,2.396,1.53334,3.144,93.75,3.92157,3.92157,0,-0.046875,11.3298,24,24,27.75
2.733,0,0,0,0,1.13141,0.99997,1,1,1,1,1,0,1,1.00366,0,0,7.13889,7.47223,7.50001,1067.25,970,522.383,970,974.18,35.3438,96.3281,96.2109,36.7031,37.9688,119.98,37.5,2.424,1.536,3.128,93.75,3.92157,3.92157,0,-0.09375,11.3298,24,24,27.75
2.767,0,0,0,0,1.13129,0.99997,1,1,1,1,1,0,1,1.00366,0,0,7.19445,7.38889,7.13889,1066.25,970,521.797,970,974.18,35.2969,96.1875,96.1406,34.9688,37.9219,119.98,37.5,2.384,1.528,3.088,93.75,3.92157,3.92157,0,0.3125,11.3298,23.25,23.25,27
2.8,0,0,0,0,1.13019,0.99997,1,1,1,1,1,0,1,1.00366,0,0,7.19445,7.66667,7.22223,1068.5,970,521.836,970,974.18,35.2969,96.0938,96.1875,35.3438,37.7109,119.98,37.5,2.384,1.528,3.088,93.75,3.92157,3.92157,0,0.1875,11.3298,24,24,27.75
2.833,0,0,0,0,1.12891,0.99997,1,1,1,1,1,0,1,1.00366,0,0,7.19445,7.58334,7.52778,1067.5,970,524.219,970,974.18,35.4844,96.0938,96.1875,36.9141,37.7344,119.98,36.75,2.436,1.56267,3.1,93.75,3.92157,3.92157,0,0.25,11.3298,23.25,23.25,27.75
2.867,0,0,0,0,1.12811,0.99997,1,1,1,1,1,0,1,1.00366,0,0,7.25001,7.66667,7.55556,1069.75,970,527.383,970,974.18,35.7891,96.4219,96.1641,36.9609,38.6016,121.66,36.75,2.444,1.55467,3.108,93.75,3.92157,3.92157,0,0.015625,11.6899,22.5,22.5,27
2.9,0,0,0,0,1.12744,0.99997,1,1,1,1,1,0,1,1.00488,0,0,7.30556,7.66667,7.38889,1070.5,970,527.93,970,974.18,35.8359,96.1406,96.2344,36.1641,38.6484,121.66,36.75,2.42,1.552,3.084,93.75,3.92157,3.92157,0,-0.03125,11.6899,23.25,23.25,27
2.933,0,0,0,0,1.12659,0.99997,1,1,1,1,1,0,1,1.00488,0,0,7.30556,7.63889,7.47223,1071.25,970,528.945,970,974.18,35.9297,96.1406,96.2344,36.5391,38.5781,121.66,36.75,2.444,1.552,3.124,93.75,3.92157,3.92157,0,-0.390625,11.6899,23.25,23.25,27
2.967,0,0,0,0,1.12555,0.99997,1,1,1,1,1,0,1,1.00366,0,0,7.30556,7.63889,7.44445,1070,970,529.648,970,974.18,35.9766,96.2109,96.3047,36.4219,39.4219,121.66,36.75,2.44,1.56534,3.12,93.75,3.92157,3.92157,0,-0.046875,12.05,23.25,23.25,27
3,0,0,0,0,1.12494,0.99997,1,1,1,1,1,0,1,1.00366,0,0,7.33334,7.55556,7.50001,1072.25,970,530.625,970,974.18,36.0469,96.2813,96.3281,36.6328,39.3516,121.66,36.75,2.468,1.58134,3.148,93.75,3.92157,3.92157,0,0.234375,12.05,23.25,23.25,27
3.033,0,0,0,0,1.12439,0.99997,1,1,1,1,1,0,1,1.00488,0,0,7.33334,7.80556,7.50001,1071.75,970,531.523,970,974.18,36.1172,96.2813,96.3281,36.6563,39.3281,121.66,36.75,2.456,1.57334,3.124,93.75,4.31373,4.31373,0,0.15625,12.05,22.5,22.5,27
3.067,0,0,0,0,1.12335,0.99997,1,1,1,1,1,0,1,1.00366,0,0,7.38889,7.80556,7.61112,1073.25,970,534.922,970,974.18,36.375,96.3047,96.375,37.1484,39.2578,123.378,36.75,2.488,1.59734,3.156,93.75,4.31373,4.31373,0,0.296875,12.05,21.75,21.75,27
3.1,0,0,0,0,1.12274,0.99997,1,1,1,1,1,0,1,1.00488,0,0,7.44445,7.86112,7.66667,1077,970,536.25,970,974.18,36.4688,96.375,96.375,37.2891,39.0938,123.378,36.75,2.492,1.59734,3.16,93.75,4.31373,4.31373,0,0.34375,12.05,21.75,21.75,27
3.133,0,0,0,0,1.12201,0.99997,1,1,1,1,1,0,1,1.00366,0,0,7.44445,7.86112,7.69445,1079,970,537.539,970,974.18,36.5625,96.375,96.375,37.3359,39,123.378,36.75,2.496,1.59734,3.176,93.75,4.31373,4.31373,0,0,12.05,21.75,21.75,27
3.167,0,0,0,0,1.12116,0.99997,1,1,1,1,1,0,1,1.00488,0,0,7.50001,7.80556,7.58334,1083.5,970,537.656,970,974.18,36.5859,96.3281,96.5859,36.6563,38.7188,123.378,36.75,2.48,1.58934,3.16,93.75,4.31373,4.31373,0,-0.25,12.05,22.5,22.5,27
3.2,0,0,0,0,1.12024,0.99997,1,1,1,1,1,0,1,1.00366,0,0,7.55556,7.83334,7.58334,1089.5,970,537.422,970,974.18,36.5625,96.5156,96.9609,36.4453,39.3047,123.378,36.75,2.464,1.58134,3.144,93.75,4.31373,4.31373,0,-0.09375,12.4101,22.5,22.5,27
3.233,0,0,0,0,1.11951,0.99997,1,1,1,1,1,0,1,1.00366,0,0,7.61112,7.77778,7.58334,1112.25,970,535.664,970,974.18,36.4688,96.5156,96.9609,35.6953,38.7188,123.378,36.75,2.448,1.58134,3.116,93.75,4.31373,4.31373,0,-0.171875,12.4101,22.5,22.5,27
3.267,0,0,0,0,1.12152,0.99997,1,1,1,1,1,0,1,1.00488,0,0,7.72223,7.83334,7.50001,1125,970,533.32,970,976.797,36.3281,96.8438,97.8047,34.9219,38.0156,125.156,36.75,2.424,1.55734,3.092,93.75,4.31373,4.31373,0,0.046875,12.7687,22.5,22.5,27
3.3,0,0,0,0,1.12036,0.99997,1,1,1,1,1,0,1,1.00366,0,0,7.83334,7.86112,7.72223,1142.5,970,530.977,970,976.836,36.1641,97.6875,98.9063,34.7813,37.9922,125.156,36.75,2.408,1.54934,3.076,93.75,4.31373,4.31373,0,0.375,13.1288,23.25,23.25,27.75
3.333,0,0,0,0,1.11951,0.99997,1,1,1,1,1,0,1,1.00488,0,0,7.94445,8.08334,8.00001,1157.25,970,530.273,970,976.836,36.1875,97.6875,98.9063,35.7188,38.4609,125.156,36.75,2.42,1.55734,3.088,93.75,4.31373,4.31373,0,0.25,13.8491,23.25,23.25,27.75
3.367,0,0,0,0,1.11816,0.99997,1,1,1,1,1,0,1,1.00366,0,0,8.02778,8.05556,7.83334,1183,970,525.859,970,976.836,35.9063,98.8359,99.9844,34.4063,39.3047,125.156,36.75,2.38,1.53867,3.048,93.75,4.31373,4.31373,0,0.140625,14.9279,22.5,22.5,27.75
3.4,0,0,0,0,1.11713,0.99997,1,1,1,1,1,0,1,1.00366,0,0,8.08334,8.22223,7.94445,1194,970,523.984,970,976.836,35.7891,99.9609,100.781,34.6641,40.5234,125.156,36.75,2.38,1.53334,3.048,93.75,4.31373,4.70588,0,-0.203125,15.6466,24,24,28.5
3.433,0,0,0,0,1.11255,0.99997,1,1,1,1,1,0,1,1.00488,0,0,8.1389,8.55556,7.94445,1202.5,970,521.953,970,974.18,35.6719,99.9609,100.781,34.4531,41.6016,125.156,36.75,2.376,1.53067,3.056,93.75,5.09804,5.09804,0,-0.265625,16.5469,24.75,24.75,28.5
3.467,0,0,0,0,1.10968,0.99997,1,1,1,1,1,0,1,1.00488,0,0,8.25001,9.6389,9.19445,1215,970,531.328,970,974.18,36.3984,100.852,101.344,40.0078,42.4453,127.07,36.75,2.508,1.57067,3.188,93.75,5.4902,5.09804,0,-0.328125,17.2656,24.75,24.75,28.5
3.5,0,0,0,0,1.11151,0.99997,1,1,1,1,1,0,1,1.00488,0,0,8.58334,9.6389,9.47223,1219.75,970,538.086,970,976.797,36.8906,101.391,101.719,40.9453,42.375,127.07,36.75,2.56,1.65067,3.24,93.75,5.4902,5.09804,0,-0.21875,17.2656,24,24,28.5
3.533,0,0,0,0,1.11127,0.99997,1,1,1,1,1,0,1,1.00488,0,0,8.66667,9.47223,9.41667,1225.25,970,542.5,970,976.836,37.2188,101.391,101.719,38.2734,41.9766,127.07,36.75,2.54,1.65867,3.22,93.75,5.09804,5.09804,0,0.03125,17.2656,24,24,28.5
3.567,0,0,0,0,1.10931,0.99997,1,1,1,1,1,0,1,1.00488,0,0,8.72223,9.6389,9.22223,1240.5,970,546.094,970,976.836,37.4766,101.719,102.117,38.7188,41.0156,127.07,36.75,2.564,1.65334,3.244,93.75,5.4902,5.4902,0,0.03125,17.2656,23.25,23.25,28.5
3.6,0,0,0,0,1.10797,0.99997,1,1,1,1,1,0,1,1.00366,0,0,8.94445,9.69445,9.33334,1247,970,548.398,970,976.836,37.6641,102.141,102.727,39.0234,40.7578,127.07,36.75,2.576,1.664,3.256,93.75,5.4902,5.4902,0,-0.015625,17.2656,24,24,29.25
3.633,0,0,0,0,1.10675,0.99997,1,1,1,1,1,0,1,1.00488,0,0,9.05556,9.75001,9.47223,1271.5,970,551.797,970,976.836,37.8984,102.141,102.727,38.9063,40.0078,127.07,36.75,2.572,1.66667,3.252,93.75,5.4902,5.09804,0,-0.15625,17.2656,24,24,29.25
3.667,0,0,0,0,1.10571,0.99997,1,1,1,1,1,0,1,1.00488,0,0,9.27779,9.52779,9.3889,1287.25,970,552.109,970,976.836,37.9453,102.773,103.617,38.1328,39.1875,129.179,36.75,2.568,1.65867,3.248,93.75,5.09804,5.09804,0,-0.421875,17.2656,24,24,29.25
3.7,0,0,0,0,1.10516,0.99997,1,1,1,1,1,0,1,1.00366,0,0,9.36112,9.50001,9.25001,1311.25,970,550.039,970,976.836,37.8047,103.664,104.648,36.9141,38.9531,129.179,36.75,2.532,1.64267,3.212,93.75,5.09804,5.09804,0,-0.4375,17.2656,24,24,29.25
3.733,0,0,0,0,1.10449,0.99997,1,1,1,1,1,0,1,1.00366,0,0,9.41667,9.50001,9.19445,1322.25,970,547.891,970,976.836,37.6406,103.664,104.648,36.375,38.1094,129.179,36,2.508,1.62934,3.176,93.75,5.4902,5.09804,0,-0.25,17.2656,24.75,24.75,29.25
3.767,0,0,0,0,1.10315,0.99997,1,1,1,1,1,0,1,1.00366,0,0,9.47223,9.58334,9.1389,1340.25,970,543.516,970,976.836,37.3125,104.672,105.469,35.7188,38.0859,129.179,36,2.464,1.608,3.132,93.75,5.4902,5.09804,0,-0.109375,17.2656,24.75,24.75,29.25
3.8,0,0,0,0,1.10303,0.99997,1,1,1,1,1,0,1,1.00366,0,0,9.52779,9.58334,9.25001,1346,970,541.484,970,976.836,37.1719,105.492,106.125,35.9766,37.7578,129.179,36,2.468,1.58134,3.136,93.75,5.4902,5.09804,0,-0.125,17.2656,24.75,24.75,30
3.833,0,0,0,0,1.10199,0.99997,1,1,1,1,1,0,1,1.00366,0,0,9.52779,9.55556,9.36112,1360,970,537.852,970,976.836,36.9141,105.492,106.125,36.0234,37.4063,129.179,36,2.452,1.56534,3.12,93.75,5.4902,5.09804,0,-0.15625,17.2656,25.5,25.5,30
3.867,0,0,0,0,1.104,0.99997,1,1,1,1,1,0,1,1.00366,0,0,9.52779,9.47223,9.22223,1367.25,970,535.469,970,979.414,36.7266,106.172,106.852,35.3203,37.1484,131.347,36,2.428,1.54934,3.096,93.75,5.4902,5.4902,0,-0.40625,17.2656,25.5,25.5,30
3.9,0,0,0,0,1.10315,0.99997,1,1,1,1,1,0,1,1.00488,0,0,9.52779,9.50001,9.33334,1379.75,970,530.547,970,979.453,36.375,106.852,107.32,34.9688,37.125,131.347,36,2.404,1.53334,3.072,93.75,5.09804,5.4902,0,-0.59375,17.2656,25.5,25.5,30
3.933,0,0,0,0,1.10223,0.99997,1,1,1,1,1,0,1,1.00488,0,0,9.52779,9.58334,9.44445,1388,970,528.867,970,979.453,36.2578,106.852,107.32,35.2734,36.5859,131.347,36,2.4,1.53334,3.08,93.75,5.4902,5.4902,0,-0.390625,17.2656,25.5,25.5,30
3.967,0,0,0,0,1.10126,0.99997,1,1,1,1,1,0,1,1.00488,0,0,9.58334,9.55556,9.36112,1408,970,524.414,970,979.453,35.9063,107.344,107.883,34.6172,36.0234,131.347,36,2.372,1.52,3.052,93.75,5.09804,5.4902,0,-0.25,17.2656,26.25,26.25,30
4,0,0,0,0,1.10059,0.99997,1,1,1,1,1,0,1,1.00488,0,0,9.6389,9.58334,9.41667,1417.5,970,522.5,970,979.453,35.7656,107.953,108.961,34.6406,35.8125,131.347,36,2.368,1.504,3.048,93.75,5.4902,5.09804,0,-0.234375,17.2656,27,27,30
4.033,0,0,0,0,1.10022,0.99997,1,1,1,1,1,0,1,1.00366,0,0,9.69445,9.58334,9.25001,1438,970,517.93,970,979.453,35.4609,107.953,108.961,33.6094,35.3438,131.347,36,2.332,1.50667,3.012,93.75,5.4902,5.09804,0,-0.359375,17.2656,21,21,21
4.067,0,0,0,0,1.09906,0.99997,1,1,1,1,1,0,1,1.00488,0,0,9.75001,9.55556,9.25001,1454.25,970,512.383,970,979.453,35.1094,109.266,109.711,33.2578,34.875,133.515,36,2.312,1.48,2.992,93.75,5.4902,5.09804,0,-0.640625,17.2656,27,27,30.75
4.1,0,0,0,0,1.09821,0.99997,1,1,1,1,1,0,1,1.00488,0,0,9.69445,9.55556,9.33334,1462.25,970,509.805,970,979.453,34.9219,109.734,110.602,33.3984,35.2031,133.515,36,2.304,1.456,2.984,93.75,5.4902,5.09804,0,-0.609375,17.6257,28.5,28.5,31.5
4.133,0,0,0,0,1.10071,0.99997,1,1,1,1,1,0,1,1.00488,0,0,9.75001,9.50001,9.44445,1477.75,970,505.547,970,982.109,34.6172,109.734,110.602,32.8359,34.8516,133.515,36,2.272,1.464,2.94,93.75,5.4902,5.09804,0,-0.53125,17.6257,28.5,28.5,31.5
4.167,0,0,0,0,1.1001,0.99997,1,1,1,1,1,0,1,1.00488,0,0,9.75001,9.61112,9.61112,1489,970,501.992,970,982.109,34.3594,110.648,111.164,33.3047,35.6953,133.515,36,2.296,1.44267,2.964,93.75,5.4902,5.4902,0,-0.203125,18.3444,28.5,28.5,31.5
4.2,0,0,0,0,1.09967,0.99997,1,1,1,1,1,0,1,1.00366,0,0,9.69445,9.6389,9.47223,1495.25,970,499.648,970,982.109,34.1719,111.188,111.797,32.7891,36.7734,133.515,36,2.264,1.424,2.932,93.75,5.4902,5.4902,0,-0.25,19.0646,28.5,28.5,31.5
4.233,0,0,0,0,1.09869,0.99997,1,1,1,1,1,0,1,1.00488,0,0,9.69445,9.77779,9.61112,1505.5,970,495.703,970,982.109,33.8906,111.188,111.797,33.2109,37.2656,133.515,36,2.272,1.41067,2.94,93.75,5.4902,5.4902,0,-0.5,19.4247,28.5,28.5,31.5
4.267,0,0,0,0,1.09735,0.99997,1,1,1,1,1,0,1,1.00366,0,0,9.69445,10.0833,9.80556,1518,970,494.023,970,982.109,33.7734,111.82,112.242,33.7031,40.4766,135.664,36,2.3,1.41867,2.968,93.75,5.4902,5.88235,0,-0.828125,21.4023,28.5,28.5,31.5
4.3,0,0,0,0,1.09619,0.99997,1,1,1,1,1,0,1,1.00488,0,0,9.80556,10.6945,10.1389,1523.25,970,495.469,970,982.109,33.8672,112.266,113.086,34.7578,43.3594,135.664,36,2.328,1.464,2.996,93.75,6.27451,6.66667,0,-0.53125,23.0213,28.5,28.5,31.5
4.333,0,0,0,0,1.09149,0.99997,1,1,1,1,1,0,1,1.00488,0,0,9.91667,12.0833,11.1389,1537.25,970,505.508,970,979.453,34.6172,112.266,113.086,38.5078,45.6328,135.664,36,2.472,1.496,3.14,93.75,6.66667,7.05883,0,-0.40625,24.2801,29.25,29.25,32.25
4.367,0,0,0,0,1.08887,0.99997,1,1,1,1,1,0,1,1.00488,0,0,10.3333,12.7222,12.2222,1551.5,970,522.891,970,979.453,35.9297,113.133,113.742,41.5781,48.6563,135.664,36,2.716,1.62667,3.384,93.75,7.45098,7.84314,0,-0.171875,25.8991,29.25,29.25,32.25
4.4,0,0,0,0,1.08765,0.99997,1,1,1,1,1,0,1,1.00366,0,0,10.8611,13.7222,12.5,1559.75,970,532.227,970,979.453,36.6328,113.789,114.82,42.2109,49.875,135.664,36,2.72,1.71467,3.388,93.75,7.84314,8.2353,0,-0.390625,26.6178,28.5,28.5,31.5
4.433,0,0,0,0,1.086,0.99997,1,1,1,1,1,0,1,1.00488,0,0,11.25,14.0278,13.7778,1582,970,556.094,970,979.453,38.4141,113.789,114.82,45.75,50.0391,135.664,36,2.988,1.816,3.656,93.75,8.2353,8.62745,0,-0.65625,26.9779,27,27,31.5
4.467,0,0,0,0,1.08478,0.99997,1,1,1,1,1,0,1,1.00488,0,0,11.8889,14.4722,13.6945,1608,970,573.594,970,979.453,39.7266,114.867,115.875,44.6719,51.0234,138.3,36,2.984,1.87467,3.652,93.75,8.2353,8.62745,0,-0.78125,27.6981,26.25,26.25,30.75
4.5,0,0,0,0,1.08313,0.99997,1,1,1,1,1,0,1,1.00366,0,0,12.7222,15.0833,14.0556,1632.75,970,588.359,970,979.453,40.9453,116.203,117.727,45.1172,51.8203,138.3,36,3.032,1.93067,3.7,93.75,8.62745,9.01961,0,-0.609375,28.0567,26.25,26.25,30.75
4.533,0,0,0,0,1.08118,0.99997,1,1,1,1,1,0,1,1.00488,0,0,13,15.5,14.5556,1643.75,970,596.484,970,979.453,41.5547,116.203,117.727,46.4063,53.625,138.3,36,3.112,1.984,3.78,93.75,9.01961,9.41177,0,-0.015625,29.3156,26.25,26.25,30.75
4.567,0,0,0,0,1.07922,0.99997,1,1,1,1,1,0,1,1.00488,0,0,13.6389,16.5556,15.1945,1673.5,970,620.313,970,979.453,43.5234,118.195,119.344,47.5547,57.4219,138.3,36,3.256,2.072,3.924,93.75,9.80392,10.1961,0,-0.328125,31.2947,25.5,25.5,30
4.6,0,0,0,0,1.07361,0.99997,1,1,1,1,1,0,1,1.00488,0,0,14.1667,17.1667,15.8056,1679,970,629.844,970,976.836,44.3438,119.625,120.516,49.9219,60.0469,138.3,36,3.4,2.17334,4.068,93.75,10.1961,10.5882,0,-0.375,32.3735,25.5,25.5,30
4.633,0,0,0,0,1.07056,0.99997,1,1,1,1,1,0,1,1.00488,0,0,14.4445,18.2222,16.4722,1694.25,970,647.773,970,976.836,45.7031,119.625,120.516,51.2813,62.7656,138.3,36,3.492,2.17067,4.172,93,10.9804,11.3726,0,-0.796875,33.9925,25.5,25.5,30
4.667,0,0,0,0,1.06287,0.99997,1,1,1,1,1,0,1,1.00488,0,0,15.1389,20.2222,17.4167,1709,970,669.414,970,974.18,47.4609,120.82,121.242,53.5781,67.0547,141.562,36,3.62,2.312,4.3,93,12.1569,12.1569,0,-0.515625,36.1501,24.75,24.75,29.25
4.7,0,0,0,0,1.05719,0.99997,1,1,1,1,1,0,1,1.00366,0,0,16.3611,20.9167,18.9167,1727.5,990,696.992,970,974.18,49.7109,121.594,122.367,57.9375,68.4609,141.562,36,3.94,2.50667,4.62,93,12.9412,12.549,0,-0.375,36.8703,24,24,29.25
4.733,0,0,0,0,1.05249,0.99997,1,1,1,1,1,0,1,1.00488,0,0,16.7778,21.5,19.0833,1753.25,980,718.75,970,974.18,51.3516,121.594,122.367,57.3516,68.1328,141.562,36,3.94,2.496,4.608,93.75,12.9412,12.549,0,-0.140625,36.8703,23.25,23.25,28.5
4.767,0,0,0,0,1.04761,0.99997,1,1,1,1,1,0,1,1.00488,0,0,17.5278,21.2222,19.3611,1781,970,733.203,970,976.836,52.6875,122.883,124.078,56.6953,67.7578,141.562,36,4.024,2.53867,4.692,93.75,13.3333,13.3333,0,-0.953125,36.8703,24,24,29.25
4.8,0,0,0,0,1.04608,0.99997,1,1,1,1,1,0,1,1.00366,0,0,18.6111,22.0278,19.8333,1816.25,980,743.945,970,979.414,53.7891,124.734,126.516,57.0234,68.3906,141.562,36,4.012,2.55734,4.68,93.75,13.7255,13.3333,0,-0.78125,36.8703,23.25,23.25,21.75
4.833,0,0,0,0,1.04004,0.99997,1,1,1,1,1,0,1,1.00488,0,0,18.8056,21.8889,19.7222,1847,970,748.594,970,979.453,54.1641,124.734,126.516,55.3828,67.6875,141.562,36,4.012,2.55734,4.68,93.75,13.7255,13.7255,0,-0.84375,36.8703,23.25,23.25,21.75
4.867,0,0,0,0,1.03186,0.99997,1,1,1,1,1,0,1,1.00366,0,0,19.3333,22.5278,20.3611,1877,970,751.758,970,982.07,54.7266,127.266,129.141,56.5078,67.7344,146.074,36,4.056,2.50667,4.724,93.75,14.5098,14.5098,0,-0.28125,36.8703,23.25,23.25,21.75
4.9,0,0,0,0,1.02564,0.99997,1,1,1,1,1,0,1,1.00366,0,0,20.0833,22.6667,20.7222,1905,970,755.508,970,982.109,55.3125,129.844,131.555,56.2969,68.4375,146.074,36,4.084,2.60534,4.752,93.75,14.5098,14.5098,0,-0.671875,36.8703,23.25,23.25,21.75
4.933,0,0,0,0,1.02313,0.99997,1,1,1,1,1,0,1,1.00366,0,0,20.25,22.4722,20.8056,1929.25,970,756.953,970,984.727,55.4297,129.844,131.555,55.5,68.6016,146.074,35.25,4.068,2.61867,4.736,93.75,14.5098,15.2941,0,-0.65625,37.2304,23.25,23.25,21.75
4.967,0,0,0,0,1.01556,0.99997,1,1,1,1,1,0,1,1.00366,0,0,20.8333,24.0278,22.5556,1967.75,980,765.273,970,984.727,56.4141,132.352,134.297,59.5781,70.0547,146.074,35.25,4.208,2.59734,4.876,93.75,15.6863,15.6863,0,-0.9375,37.589,23.25,23.25,21.75
5,0,0,0,0,1.0105,0.99997,1,1,1,1,1,0,1,1.00366,0,0,21.4167,23.9722,22.9445,1989.25,1000,775.195,970,984.727,57.4219,134.859,136.289,60.1406,71.6016,146.074,35.25,4.336,2.712,5.004,93.75,16.0784,16.4706,0,-0.640625,37.9491,22.5,22.5,21.75
5.033,0,0,0,0,1.00916,0.99997,1,1,1,1,1,0,1,1.00366,0,0,22,24.8611,23.7778,2015.25,1010,783.359,970,987.383,58.0781,134.859,136.289,61.1719,72.5156,146.074,34.5,4.412,2.72,5.08,93.75,16.4706,17.6471,0,-0.59375,38.6694,23.25,23.25,22.5
5.067,0,0,0,0,1.00403,0.99997,1,1,1,1,1,0,1,1.00366,0,0,22.75,27.5556,25.3056,2056,1050,801.875,970,987.383,59.8125,136.945,138.422,64.1484,75.7969,151.816,34.5,4.504,2.81334,5.172,93.75,18.8235,18.8235,0,-0.921875,39.7482,22.5,22.5,21.75
5.1,0,0,0,0,0.998109,0.99997,1,1,1,1,1,0,1,1.00366,0,0,23.8334,28.3889,26.1111,2086,1090,817.109,970,987.383,60.8906,138.305,141.516,65.3906,78.3516,151.816,34.5,4.572,2.904,5.24,93.75,19.6078,19.2157,0,-0.78125,40.4669,22.5,22.5,21.75
5.133,0,0,0,0,0.995423,0.99997,1,1,1,1,1,0,1,1.00366,0,0,24.6389,27.8056,26.9445,2117.25,1100,831.797,965,990,62.0625,138.305,141.516,65.9531,79.5,151.816,34.5,4.8,2.98934,5.496,93,20,20.3922,0,-0.75,41.1871,22.5,22.5,22.5
5.167,0,0,0,0,0.992066,0.99997,1,1,1,1,0.966798,0,1,1.00366,0,0,25.8056,29.4445,27.5834,2169.5,1130,848.672,965,992.656,63.3047,141.352,144.281,65.7891,81.4453,151.816,34.5,4.744,2.98934,5.44,93,20.7843,20.7843,0,-0.546875,41.9058,22.5,22.5,22.5
5.2,0,0,0,0,0.988953,0.99997,1,1,1,1,0.941896,0,1,1.00366,0,0,26.5,28.5278,27.8611,2202.25,1150,855.273,965,995.313,63.6797,144.094,148.031,65.3203,83.0625,151.816,34.5,4.82,3.02667,5.516,93,20.7843,21.5686,0,-0.859375,41.9058,22.5,22.5,23.25
5.233,0,0,0,0,0.990357,0.99997,1,1,1,1,0.941896,0,0.941896,1.00366,0,0,26.9167,30.5556,28.1667,2231.75,1130,857.227,970,1000.59,63.8438,144.094,148.031,64.4766,81.4688,151.816,34.5,5.108,3.05067,5.788,93.75,21.5686,22.7451,0,-0.984375,41.9058,21,21,21
5.267,0,0,0,0,0.983643,0.99997,1,1,1,1,0.911378,0,0.941896,1.00366,0,0,27.7778,31.5834,29.8056,2271,1150,871.719,970,1003.24,64.875,147.844,151.406,67.5234,82.7344,158.183,34.5,5.096,3.17867,5.776,93.75,22.7451,22.7451,0,-0.390625,41.9058,23.25,23.25,21
5.3,0,0,0,0,0.983399,0.99997,1,1,1,1,0.888673,0,0.941896,1.00366,0,0,28.6389,29.9167,29.6945,2300.5,1170,877.109,970,1008.52,65.2031,151.242,154.031,65.6719,84.0703,158.183,34.5,5.216,3.29067,5.896,93.75,22.7451,23.5294,0,-0.5625,41.9058,24,24,21.75
5.333,0,0,0,0,0.985963,0.99997,1,1,1,1,0.888673,0,0.888673,1.00366,0,0,29.1111,32.5278,30.75,2344.25,1170,883.359,970,1013.79,65.6953,151.242,154.031,66.8672,84.1172,158.183,33.75,5.444,3.44534,6.132,93.75,23.5294,24.3137,0,-1.01563,41.9058,21.75,21.75,26.25
5.367,0,0,0,0,0.983155,0.99997,1,1,1,1,0.871583,0,0.888673,1.00366,0,0,29.9167,33.3611,32.3611,2389.25,1190,895.391,970,1019.1,66.5391,153.867,157.57,69.0469,85.6641,158.183,33.75,5.472,3.46667,6.16,93.75,24.7059,25.098,0,-0.78125,41.9058,24,24,27
5.4,0,0,0,0,0.984193,0.99997,1,1,1,1,0.858644,0,0.888673,1.00366,0,0,30.8611,32.6945,32.9167,2417,1210,902.617,970,1024.38,67.0078,157.383,160.992,69.5859,86.6719,158.183,33.75,5.552,3.552,6.24,93.75,25.098,25.8824,0,-0.625,41.9058,24.75,24.75,27
5.433,0,0,0,0,0.984864,0.99997,1,1,1,1,0.858644,0,0.858644,1.00366,0,0,31.25,34.9723,33.7778,2463.5,1220,913.516,970,1026.99,67.875,157.383,160.992,70.1953,87.5859,158.183,33.75,5.66,3.696,6.328,93.75,26.2745,26.6667,0,-0.703125,42.2659,24,24,27
5.467,0,0,0,0,0.985535,0.99997,1,1,1,1,0.849122,0,0.858644,1.00366,0,0,32.6667,34.6389,35,2507.5,1240,929.648,970,1032.3,69.0469,160.781,164.742,71.4141,89.0859,165.839,33.75,5.848,3.69334,6.516,93.75,27.8431,29.4118,0,-0.796875,42.2659,24.75,24.75,27
5.5,0,0,0,0,0.989747,0.99997,1,1,1,1,0.842042,0,0.858644,1.00366,0,0,33.8056,36.6111,37.2223,2559.25,1270,946.836,970,1037.58,70.3359,164.625,168.305,74.5781,90.7969,165.839,33.75,5.952,3.77867,6.62,93.75,29.8039,29.8039,0,-0.734375,42.2659,25.5,25.5,27.75
5.533,0,0,0,0,0.993104,0.99997,1,1,1,1,0.842042,0,0.842042,1.00366,0,0,34.8611,34.3334,38.3056,2590.25,1280,962.461,970,1040.23,71.5781,164.625,168.305,75.8906,91.9688,165.839,33,6.344,3.99467,7.032,93,30.1961,29.8039,0,-0.8125,42.2659,24,24,27
5.567,0,0,0,0,1.0199,0.99997,1,1,1,1,0.836427,0,0.842042,1.00366,0,0,36.5834,36.6945,40.1667,2653.5,1290,984.219,970,1056.05,73.8281,169.523,172.547,76.0781,93.9141,165.839,33,6.34,4.27734,7.028,93,30.9804,31.7647,0,-1.07813,42.2659,24,24,26.25
5.6,0,0,0,0,1.02869,0.99997,1,1,1,1,0.832521,0,0.842042,1.00366,0,0,38.6111,38.6389,42.3889,2685.5,1320,997.891,970,1058.71,75.3281,173.461,175.852,80.1563,96.7031,165.839,33,6.672,4.41867,7.36,93,32.1569,32.549,0,-0.796875,42.2659,24,24,26.25
5.633,0,0,0,0,1.04529,0.99997,1,1,1,1,0.832521,0,0.832521,1.00366,0,0,39.5,39.8889,42.1945,2733.25,1320,1010.04,970,1069.22,76.3828,173.461,175.852,77.5781,97.0547,165.839,33,6.564,4.35201,7.244,93.75,33.3333,34.1177,0,-0.671875,42.2659,24,24,26.25
5.667,0,0,0,0,1.06012,0.99997,1,1,1,1,0.829347,0,0.832521,1.00366,0,0,41,41.6945,44.9723,2796,1330,1029.06,970,1079.8,78.4688,177.07,179.906,81.1641,99.1406,176.171,33,6.76,4.54134,7.44,93.75,34.902,36.4706,0,-1,42.2659,23.25,23.25,26.25
5.7,0,0,0,0,1.07263,0.99997,1,1,1,1,0.82715,0,0.832521,1.00366,0,0,43.0278,42.25,46.3889,2847.5,1350,1042.97,970,1087.77,80.0625,180.891,183.281,82.3828,101.203,176.171,33,6.784,4.57867,7.464,93.75,36.8628,39.2157,0,-0.765625,42.2659,24,24,26.25
5.733,0,0,0,0,1.09235,0.99997,1,1,1,1,0.82715,0,0.82715,1.00366,0,0,43.9723,44.3056,49.6389,2894,1340,1063.4,970,1100.98,81.7969,180.891,183.281,85.875,100.289,176.171,32.25,7.008,4.64534,7.688,93.75,40,41.5686,0,-0.421875,41.9058,24,24,26.25
5.767,0,0,0,0,1.1145,0.99997,1,1,1,1,0.825441,0,0.82715,1.00366,0,0,46.75,46.6389,51.8612,2959.5,1330,1091.8,970,1111.52,84.75,184.57,187.406,88.1719,100.664,176.171,32.25,7.276,4.92267,7.956,93.75,44.7059,44.7059,0,-0.921875,41.5472,24,24,26.25
5.8,0,0,0,0,1.13892,0.99997,1,1,1,1,0.82422,0,0.82715,1.00366,0,0,49.3612,47.6945,54.5278,3008,1320,1110.43,970,1127.38,86.9531,188.672,191.555,90.0469,100.57,176.171,32.25,7.5,5.10667,8.18,93.75,46.2745,46.2745,0,-0.6875,41.5472,23.25,23.25,26.25
5.833,0,0,0,0,1.1557,0.99997,1,1,1,1,0.82422,0,0.82422,1.00366,0,0,50.5,49.75,55.8334,3058.5,1300,1126.21,970,1135.31,88.4297,188.672,191.555,91.8281,99.1172,176.171,32.25,7.632,5.16801,8.32,93.75,47.451,46.6667,0,-0.640625,41.1871,23.25,23.25,27
5.867,0,0,0,0,1.18823,0.99997,1,1,1,1,0.823243,0,0.82422,1.00366,0,0,52.8889,55.0278,57.5556,3122,1270,1141.37,970,1156.45,90.2344,192.422,193.313,91.8984,96.4453,186.855,32.25,7.792,5.31734,8.48,93.75,48.2353,47.0588,0,-1.125,40.4669,23.25,23.25,27
5.9,0,0,0,0,1.20758,0.99997,1,1,1,1,0.822511,0,0.82422,1.00366,0,0,54.8612,58.1945,60.8056,3174.75,1240,1158.67,970,1174.92,91.6641,193.125,193.875,94.875,93.7734,186.855,32.25,7.948,5.36801,8.636,93.75,47.0588,43.9216,0,-0.859375,39.7482,23.25,23.25,27
5.933,0,0,0,0,1.22437,0.99997,1,1,1,1,0.822511,0,0.822511,1.00366,0,0,56.0834,59.6945,62.5,3220.75,1230,1173.55,970,1190.78,93.1406,193.125,193.875,96.0703,93.4688,186.855,31.5,8.132,5.45334,8.812,93.75,43.5294,33.3333,0,-0.5,39.7482,23.25,23.25,27
5.967,0,0,0,0,1.25421,0.99997,1,1,1,1,0.822023,0,0.822511,1.00366,0,0,58.1112,64.2501,62.3889,3286.75,1220,1171.52,970,1227.77,92.9766,193.688,194.555,91.5,91.9688,186.855,31.5,8.04,5.40801,8.72,93.75,34.1177,33.3333,0,-0.734375,39.3881,23.25,23.25,27
6,0,0,0,0,1.27332,0.99997,1,1,1,1,0.821534,0,0.822511,1.00366,0,0,58.6389,62.8612,63.4723,3345,1210,1163.67,970,1259.45,92.2734,194.273,195.07,91.5,91.6875,186.855,31.5,8.064,5.38134,8.744,93.75,31.7647,31.7647,0,-0.53125,39.3881,23.25,23.25,27
6.033,0,0,0,0,1.2887,0.99997,1,1,1,1,0.82129,0,0.821534,1.00366,0,0,59.7778,66.2223,64.4167,3400,1160,1160.2,970,1288.52,92.1563,194.883,195.656,92.0391,87.9375,186.855,30.75,7.7,5.17067,8.388,93.75,31.3726,29.4118,0,-0.921875,38.3092,24,24,27
6.067,0,0,0,0,1.30341,0.99997,1,1,1,1,0.82129,0,0.821534,1.00366,0,0,60.25,61.0556,64.8889,3456.5,1170,1160.74,970,1312.3,92.0391,194.883,195.656,91.7109,87.9141,197.89,30.75,7.98,5.19734,8.668,93.75,29.0196,28.6275,0,-0.921875,37.9491,24.75,24.75,27
6.1,0,0,0,0,1.32904,0.99997,1,1,1,1,0.821046,0,0.821534,1.00366,0,0,60.7778,62.3612,64.3889,3504.5,1150,1149.45,970,1338.71,90.9141,194.789,196.242,88.7344,86.5078,197.89,30.75,7.892,5.24534,8.58,93.75,27.8431,28.6275,0,-0.671875,37.589,24.75,24.75,27
6.133,0,0,0,0,1.3429,0.99997,1,1,1,1,0.821046,0,0.821046,1.00366,0,0,61.1112,65.8056,63.9167,3561.5,1130,1139.77,970,1357.23,90.1172,194.789,196.242,88.1953,85.0313,197.89,30.75,7.688,5.16534,8.376,93.75,27.8431,27.8431,0,-0.40625,37.2304,25.5,25.5,27
6.167,0,0,0,0,1.35724,0.99997,1,1,1,1,0.820802,0,0.821046,1.00366,0,0,61.2223,62.9723,64.0834,3633.25,1090,1129.96,970,1380.98,88.6875,195.117,196.641,87.0938,81.0938,197.89,30.75,7.48,4.90401,8.168,93.75,26.2745,25.4902,0,-0.6875,36.1501,26.25,26.25,27
6.2,0,0,0,0,1.36426,0.99997,1,1,1,1,0.820558,0,0.821046,1.00366,0,0,61.6945,56.5278,63.0001,3677.25,1040,1117.89,970,1391.56,87.9141,196.641,196.969,85.4063,77.0156,197.89,30.75,7.496,4.90667,8.184,93.75,24.3137,24.3137,0,-0.734375,35.0713,26.25,26.25,27
6.233,0,0,0,0,1.38605,0.99997,1,1,1,1,0.820558,0,0.820558,1.00366,0,0,61.3056,58.3056,60.6945,3733.5,1000,1089.73,970,1412.7,85.4766,196.641,196.969,81.7734,74.3203,197.89,30,7.14,4.76267,7.82,93,23.5294,23.1373,0,-0.8125,34.3526,27,27,27
6.267,0,0,0,0,1.4068,0.99997,1,1,1,1,0.820558,0,0.820558,1.00366,0,0,59.6112,56.1667,57.9167,3786.75,970,1042.38,970,1433.83,81.6563,194.859,197.367,77.6719,71.4844,207.226,30,6.72,4.48534,7.4,93,21.9608,21.5686,0,-0.734375,33.6324,27.75,27.75,26.25
6.3,0,0,0,0,1.41705,0.99997,1,1,1,1,0.820558,0,0.820558,1.00366,0,0,57.3056,54.7223,55.6667,3825.5,970,999.805,970,1444.38,78.1172,195.211,197.648,74.8828,69.9609,207.226,30,6.38,4.20001,7.06,93,21.1765,21.1765,0,-1.40625,33.2738,28.5,28.5,27
6.333,0,0,0,0,1.41455,0.99997,1,1,1,1,0.820558,0,0.820558,1.00366,0,0,56.4723,52.3612,53.8612,3863.25,970,974.023,970,1441.76,75.7734,195.211,197.648,70.9688,69.8203,207.226,29.25,6.16,4.10934,6.848,93,20.7843,20.7843,0,-0.671875,33.2738,29.25,29.25,27
6.367,0,0,0,0,1.41193,0.99997,1,1,1,1,0.820558,0,0.820558,1.00366,0,0,55.1945,49.9723,51.3056,3909.25,970,942.188,970,1439.1,73.0313,196.289,197.93,66.9141,68.2031,207.226,29.25,5.88,3.97067,6.568,93,20,20.3922,0,-0.75,32.9137,30,30,27
6.4,0,0,0,0,1.4068,0.99997,1,1,1,1,0.820314,0,0.820558,1.00366,0,0,53.9723,52.0834,49.6112,3947.25,970,923.75,970,1433.83,71.4844,197.18,198.164,69.0938,65.4844,207.226,29.25,5.788,3.83734,6.476,93,20.3922,20.3922,0,-0.65625,32.1934,30,30,27.75
6.433,0,0,0,0,1.40155,0.99997,1,1,1,1,0.820314,0,0.820314,1.00366,0,0,53.4167,49.9445,50.2778,3985.5,970,903.867,970,1428.52,69.6797,197.18,198.164,65.6016,57.2578,207.226,29.25,5.516,3.704,6.196,93.75,19.6078,18.8235,0,-1.10938,29.8558,30.75,30.75,27.75
6.467,0,0,0,0,1.4068,0.99997,1,1,1,1,0.820314,0,0.820314,1.00366,0,0,51.8334,45.0556,47.8889,4031,970,855.273,970,1433.83,65.6953,198.352,198.445,58.5234,48.3281,213.906,29.25,5.012,3.464,5.692,93.75,18.0392,16.4706,0,-0.46875,27.158,31.5,31.5,27.75
6.5,0,0,0,0,1.41455,0.99997,1,1,1,1,0.820314,0,0.820314,1.00366,0,0,48.3611,39.4445,44.3334,4064.25,970,796.484,970,1441.76,60.9375,199.055,198.563,50.8125,40.8047,213.906,29.25,4.456,2.93067,5.136,93.75,16.0784,15.2941,0,-0.796875,24.6402,32.25,32.25,28.5
6.533,0,0,0,0,1.43005,0.99997,1,1,1,1,0.820314,0,0.820314,1.00366,0,0,45.0556,32.9722,39.6667,4085.5,970,721.484,970,1457.58,54.3984,199.055,198.563,42.2578,34.7813,213.906,29.25,3.728,2.752,4.424,93.75,13.3333,12.549,0,-0.578125,20.8621,29.25,29.25,29.25
6.567,0,0,0,0,1.45606,0.99997,1,1,1,1,0.820314,0,0.820314,1.00366,0,0,36.4167,24.5834,27.7778,4095.5,970,587.109,970,1484.02,42.9609,199.617,198.633,31.4297,18.8438,213.906,29.25,2.88,2.032,3.576,93.75,10.1961,10.9804,0,-0.6875,13.489,-5.25,-5.25,-14.25
6.6,0,0,0,0,1.44818,0.99997,1,1,1,1,0.820314,0,0.820314,1.00366,0,0,30,21.8889,23.6389,4026.75,970,527.891,970,1476.09,37.5938,197.508,198.563,28.4531,14.25,213.906,29.25,2.352,1.65334,3.048,93.75,9.80392,5.09804,0,-0.734375,6.29434,-3.75,-3.75,-17.25
6.633,0,0,0,0,1.45606,0.99997,1,1,1,1,0.820314,0,0.820314,1.00366,0,0,25.6389,9.33334,4.16667,3961.25,970,433.047,970,1484.02,29.4141,197.508,198.563,12.3281,14.25,213.906,28.5,1.676,1.28267,2.356,93.75,3.92157,4.70588,0,-0.609375,0,-3.75,-3.75,-18
6.667,0,0,0,0,1.33417,0.99997,1,1,1,1,0.820314,0,0.820314,1.00366,0,0,17.6945,8.86112,0,3882.75,970,335.977,970,1359.84,20.9766,196.477,198.234,11.9297,14.25,204.492,28.5,1.296,0.904001,1.976,93.75,3.92157,4.70588,0,-0.296875,0,0.75,0.75,-13.5
6.7,0,0,0,0,1.32117,0.99997,1,1,1,1,0.820314,0,0.820314,1.00366,0,0,13.2222,8.97223,31.6667,3851.5,970,292.305,970,1346.64,17.3672,197.109,197.859,12.1875,14.25,204.492,28.5,1.152,0.733334,1.832,93.75,4.31373,4.70588,0,-0.6875,0,3,3,-12
6.733,0,0,0,0,1.38342,0.99997,1,1,1,1,0.820314,0,0.820314,1.00171,0,0,11.8889,9.6389,5.63889,3812.25,970,270.156,970,1410.04,15.4922,197.109,197.859,13.2188,14.25,204.492,28.5,1.108,0.696001,1.796,93.75,4.31373,4.70588,0,-0.65625,0,4.5,4.5,-9.75
6.767,0,0,0,0,1.2616,0.99997,1,1,1,1,0.820314,0,0.820314,1.00366,0,0,10.6945,9.30556,2.77778,3763,970,257.227,970,1285.9,14.4609,197.391,197.648,12.9375,14.25,204.492,28.5,1.048,0.664001,1.736,93.75,4.70588,4.70588,0,-0.640625,0,5.25,5.25,-8.25
6.8,0,0,0,0,1.28235,0.99997,1,1,1,1,0.820314,0,0.820314,1.00366,0,0,9.97223,9.30556,29.0556,3737.75,970,250.859,970,1307.03,13.9922,196.852,197.414,13.0313,14.25,204.492,28.5,1.044,0.642667,1.732,93.75,4.70588,4.70588,0,-1.01563,0,5.25,5.25,-6.75
6.833,0,0,0,0,1.32117,0.99997,1,1,1,1,0.820314,0,0.820314,1.00366,0,0,9.80556,10.1389,4.44445,3712.25,960,249.766,965,1346.64,13.8984,196.852,197.414,14.2969,14.25,204.492,27.75,1.08,0.653334,1.76,93.75,4.70588,5.09804,0,-0.234375,0,5.25,5.25,-6
6.867,0,0,0,0,1.22015,0.99997,1,1,1,1,0.820314,0,0.820314,1.00366,0,0,9.86112,9.44445,25.6667,3683.5,960,249.297,965,1243.63,13.9219,196.266,197.203,13.4063,14.25,205.956,27.75,1.056,0.661334,1.736,93.75,4.70588,4.70588,0,-0.875,0,5.25,5.25,-6.75
6.9,0,0,0,0,1.28491,0.99997,1,1,1,1,0.820314,0,0.820314,1.00366,0,0,9.52779,9.66667,16.4722,3667.75,960,246.055,965,1309.65,13.6641,196.102,197.109,13.7813,14.25,205.956,27.75,1.072,0.645334,1.752,93.75,4.70588,4.70588,0,-0.578125,0,5.25,5.25,-5.25
6.933,0,0,0,0,1.28235,0.99997,1,1,1,1,0.820314,0,0.820314,1.00366,0,0,9.52779,10.0556,0,3654.75,960,247.734,965,1307.03,13.8047,196.102,197.109,14.3906,14.25,205.956,27.75,1.096,0.666667,1.776,93,4.70588,5.09804,0,-0.65625,0,5.25,5.25,-5.25
6.967,0,0,0,0,1.20197,0.99997,1,1,1,1,0.820314,0,0.820314,1.00366,0,0,9.58334,9.11112,27.6945,3625.75,960,246.328,965,1225.12,13.7344,194.18,196.945,13.1484,14.25,205.956,27.75,1.068,0.661334,1.748,93,4.70588,4.70588,0,-0.828125,0,5.25,5.25,-6
7,0,0,0,0,1.2616,0.99997,1,1,1,1,0.820314,0,0.820314,1.00366,0,0,9.41667,9.66667,4.27778,3601.75,960,246.25,965,1285.9,13.7813,193.992,196.805,14.0391,14.25,205.956,27.75,1.1,0.672001,1.78,93,4.70588,5.09804,0,-0.671875,0,5.25,5.25,-5.25
7.033,0,0,0,0,1.20459,0.99997,1,1,1,1,0.820314,0,0.820314,1.00366,0,0,9.47223,9.77779,0,3588,960,248.125,965,1227.81,13.9219,193.992,196.805,14.25,14.25,205.956,27.75,1.112,0.682668,1.8,93.75,5.09804,5.09804,0,-0.890625,0,5.25,5.25,-6
7.067,0,0,0,0,1.21491,0.99997,1,1,1,1,0.820314,0,0.820314,1.00171,0,0,9.47223,9.41667,20.1945,3557,960,247.461,965,1238.32,13.9219,193.547,196.664,13.8516,14.25,208.671,27.75,1.112,0.672001,1.8,93.75,4.70588,4.70588,0,-0.40625,0,5.25,5.25,-6
7.1,0,0,0,0,1.22015,0.99997,1,1,1,1,0.820314,0,0.820314,1.00366,0,0,9.41667,9.61112,0,3529.25,960,248.672,965,1243.63,14.0625,193.148,196.5,14.25,14.25,208.671,27.75,1.132,0.693334,1.82,93.75,4.70588,5.09804,0,-0.8125,0,5.25,5.25,-6
7.133,0,0,0,0,1.15534,0.99997,1,1,1,1,0.820314,0,0.820314,1.00366,0,0,9.36112,9.27779,17.0278,3510.25,960,247.891,965,1177.58,13.9922,193.148,196.5,13.8281,14.25,208.671,27.75,1.112,0.685334,1.792,93,5.09804,4.70588,0,-0.6875,0,4.5,4.5,-5.25
7.167,0,0,0,0,1.20978,0.99997,1,1,1,1,0.820314,0,0.820314,1.00366,0,0,9.30556,9.50001,8.75001,3472.5,960,247.422,965,1233.05,14.0859,193.406,196.336,14.3203,14.25,208.671,27.75,1.144,0.688001,1.824,93,4.70588,5.09804,0,-0.75,0,4.5,4.5,-5.25
7.2,0,0,0,0,1.17346,0.99997,1,1,1,1,0.820314,0,0.820314,1.00366,0,0,9.41667,9.61112,0,3452,960,248.867,965,1196.05,14.3438,192.844,196.031,14.5781,14.25,208.671,27.75,1.16,0.709334,1.84,93,5.09804,5.09804,0,-0.859375,0,4.5,4.5,-5.25
7.233,0,0,0,0,1.14496,0.99997,1,1,1,1,0.820314,0,0.820314,1.00366,0,0,9.36112,9.00001,24.0556,3424.25,960,247.266,965,1167.03,14.2031,192.844,196.031,13.7578,14.25,208.671,28.5,1.128,0.693334,1.796,93,4.70588,4.70588,0,-0.234375,0,4.5,4.5,-5.25
7.267,0,0,0,0,1.18646,0.99997,1,1,1,1,0.820314,0,0.820314,1.00171,0,0,9.27779,9.27779,0,3391.25,960,246.914,965,1209.3,14.2969,194.344,195.727,14.3203,14.25,211.347,28.5,1.16,0.704001,1.828,93,4.70588,5.09804,0,-0.90625,0,4.5,4.5,-5.25
7.3,0,0,0,0,1.11646,0.99997,1,1,1,1,0.820314,0,0.820314,1.00366,0,0,9.22223,8.97223,17.6667,3362.25,960,245.938,965,1137.97,14.3203,194.484,195.492,13.9688,14.25,211.347,28.5,1.148,0.704001,1.816,93,5.09804,4.70588,0,-0.53125,0,4.5,4.5,-5.25
7.333,0,0,0,0,1.16052,0.99997,1,1,1,1,0.820314,0,0.820314,1.00366,0,0,9.11112,8.80556,14.1111,3340.25,970,243.672,970,1182.85,14.1328,194.484,195.492,13.8047,14.25,211.347,28.5,1.136,0.693334,1.804,93.75,4.70588,4.70588,0,-0.53125,0,4.5,4.5,-4.5
7.367,0,0,0,0,1.13721,0.99997,1,1,1,1,0.820314,0,0.820314,1.00366,0,0,9.05556,8.80556,0,3303.75,970,243.789,970,1159.1,14.2734,194.508,195.188,13.9453,14.25,211.347,28.5,1.148,0.706668,1.816,93.75,4.70588,4.70588,0,-0.828125,0,4.5,4.5,-4.5
7.4,0,0,0,0,1.12421,0.99997,1,1,1,1,0.820314,0,0.820314,1.00171,0,0,8.8889,8.72223,20.1945,3268.25,970,241.523,970,1145.86,14.2266,194.648,194.883,13.9688,14.25,211.347,28.5,1.14,0.696001,1.808,93.75,4.70588,4.70588,0,-0.828125,0,4.5,4.5,-4.5
7.433,0,0,0,0,1.15271,0.99997,1,1,1,1,0.820314,0,0.820314,1.00366,0,0,8.83334,8.94445,4.36111,3243.5,970,241.836,970,1174.92,14.25,194.648,194.883,14.4375,14.25,211.347,28.5,1.156,0.701334,1.824,93.75,4.70588,4.70588,0,-0.65625,0,4.5,4.5,-3.75
7.467,0,0,0,0,1.0957,0.99997,1,1,1,1,0.820314,0,0.820314,1.00366,0,0,8.77778,8.50001,12.8611,3204.25,970,240.586,970,1116.84,14.3203,194.953,194.508,13.875,14.25,213.867,28.5,1.14,0.701334,1.808,93.75,4.70588,4.70588,0,-0.796875,0,4.5,4.5,-3.75
7.5,0,0,0,0,1.13721,0.99997,1,1,1,1,0.820314,0,0.820314,1.00366,0,0,8.6389,8.3889,14.5,3179.5,970,238.164,970,1159.1,14.25,194.648,194.18,13.8047,14.25,213.867,28.5,1.148,0.701334,1.816,93.75,4.70588,4.70588,0,-0.359375,0,4.5,4.5,-3.75
7.533,0,0,0,0,1.11902,0.99997,1,1,1,1,0.820314,0,0.820314,1.00171,0,0,8.58334,8.58334,0,3141.25,970,238.047,970,1140.59,14.25,194.648,194.18,14.2969,14.25,213.867,29.25,1.156,0.706668,1.824,93.75,4.70588,4.70588,0,-0.96875,0,4.5,4.5,-3.75
7.567,0,0,0,0,1.10346,0.99997,1,1,1,1,0.820314,0,0.820314,1.00366,0,0,8.52778,8.36112,18.9722,3097.75,970,237.148,970,1124.73,14.2969,194.297,193.875,14.1328,14.25,213.867,29.25,1.156,0.704001,1.824,93.75,4.70588,4.70588,0,-0.671875,0,4.5,4.5,-3.75
7.6,0,0,0,0,1.12683,0.99997,1,1,1,1,0.820314,0,0.820314,1.00366,0,0,8.47223,8.55556,4.22223,3063.5,970,237.773,970,1148.52,14.5078,193.969,193.523,14.6016,14.25,213.867,29.25,1.18,0.722668,1.848,93.75,4.70588,4.70588,0,-0.84375,0,4.5,4.5,-3.75
7.633,0,0,0,0,1.09052,0.99997,1,2,1,1,0.820314,0,0.820314,1.00366,0,0,8.41667,8.27778,4.13889,3028.75,970,237.539,970,1111.52,14.4844,193.969,193.523,14.2969,14.25,213.867,29.25,1.172,0.720001,1.84,93,4.70588,4.31373,0,-0.96875,0,4.5,4.5,-3
7.667,0,0,0,0,1.1117,0.99997,1,2,1,1,0.820314,0,1.04688,1.00366,0,0,8.30556,8.1389,12.0833,2985.25,970,234.336,970,1132.66,14.4375,194.109,193.055,14.2734,14.25,213.788,29.25,0.916,0.549334,1.584,93,4.70588,4.31373,0,-0.515625,0,3.75,3.75,49.5
7.7,0,0,0,0,1.1023,0.99997,1,2,1,1,0.820314,0,1.04688,1.00171,0,0,8.19445,8.16667,0,2945,970,234.883,970,1124.77,14.5547,192.703,191.484,14.5078,14.25,213.788,29.25,0.924,0.570667,1.592,93,4.70588,4.31373,0,-0.734375,0,3.75,3.75,49.5
7.733,0,0,0,0,1.03607,0.99997,1,2,1,1,0.820314,0,1.04688,1.00366,0,0,8.08334,7.66667,17.2222,2906.5,970,267.148,970,1085.12,17.2031,192.703,191.484,37.6172,14.25,213.788,29.25,1.656,0.557334,2.336,93.75,4.70588,4.31373,0,-1.09375,0,3.75,3.75,49.5
7.767,0,0,0,0,1.0932,0.99997,1,2,1,1,0.820314,0,1.04688,1.00366,0,0,10.3889,8.11112,2.66667,2852.25,970,253.398,970,1122.11,16.0547,190.453,188.063,2.74219,14.25,213.788,29.25,0.9,0.736001,1.58,93.75,4.70588,4.31373,0,-0.546875,0,1.5,1.5,48
7.8,0,0,0,0,1.0246,0.99997,1,2,1,1,0.820314,0,1.04688,1.00366,0,0,7.25001,7.86112,2.05556,2825.75,970,222.422,970,1079.84,13.5234,186.938,184.57,7.40625,14.25,213.788,29.25,0.712,0.437334,1.392,93.75,4.70588,4.31373,0,-1.10938,0,3.75,3.75,49.5
7.833,0,0,0,0,1.03668,0.99997,1,2,1,1,0.820314,0,1.04688,1.00366,0,0,9.47223,7.52778,15.4722,2784.25,970,293.633,970,1093.01,19.2891,186.938,184.57,30.0938,14.25,213.788,29.25,1.412,0.952001,2.08,93,4.31373,4.31373,0,-0.90625,0,1.5,1.5,48
7.867,0,0,0,0,1.05298,0.99997,1,2,1,1,0.820314,0,1.04688,1.00366,0,0,9.36112,7.50001,0.583334,2730.25,970,231.758,970,1100.98,14.2734,183.469,181.102,1.96875,14.25,213.71,29.25,0.624,0.573334,1.292,93,4.31373,4.31373,0,-0.703125,0,3,3,49.5
7.9,0,0,0,0,1.00116,0.99997,1,2,1,1,0.820314,0,1.04688,1.00366,0,0,7.97223,7.19445,16.7778,2687.25,970,279.688,970,1071.91,18.0938,180.211,178.125,37.3125,14.25,213.71,29.25,1.532,0.789334,2.2,93,4.31373,4.31373,0,-1.14063,0,3,3,49.5
7.933,0,0,0,0,1.04517,0.99997,1,2,1,1,0.820314,0,1.04688,1.00488,0,0,9.58334,7.33334,7.75001,2658,970,279.531,970,1100.98,18.0703,180.211,178.125,12.3281,14.25,213.71,29.25,1.008,0.805334,1.676,93.75,4.31373,4.31373,0,-1.125,0,1.5,1.5,48
7.967,0,0,0,0,0.991578,0.99997,1,2,1,1,0.820314,0,1.04688,1.00366,0,0,7.30556,7.00001,10.9722,2601.25,970,251.133,970,1063.98,15.7734,177,174.492,28.0078,14.25,213.71,29.25,1.284,0.402667,1.952,93.75,4.31373,4.31373,0,-0.703125,0,3.75,3.75,49.5
8,0,0,0,0,1.01947,0.99997,1,2,1,1,0.820314,0,1.04688,1.00366,0,0,9.16667,7.11112,12.2778,2572.75,970,288.242,970,1085.12,18.6797,173.602,171.516,23.8359,14.25,213.71,29.25,1.276,0.792001,1.944,93.75,4.31373,4.31373,0,-0.859375,0,1.5,1.5,48
8.033,0,0,0,0,1.03015,0.99997,1,2,1,1,0.820314,0,1.04688,1.00366,0,0,8.83334,7.27778,2.66667,2529,970,247.813,970,1087.77,15.4922,173.602,171.516,5.01563,14.25,213.71,30,0.9,0.517334,1.568,93.75,4.31373,4.31373,0,-1.21875,0,2.25,2.25,48.75
8.067,0,0,0,0,0.993592,0.99997,1,2,1,1,0.820314,0,1.04688,1.00366,0,0,7.72223,6.75001,12.8333,2485.5,970,277.148,970,1069.26,17.7891,170.602,168.445,29.25,14.25,213.652,30,1.364,0.776001,2.032,93.75,3.92157,3.92157,0,-0.875,0,2.25,2.25,48.75
8.1,0,0,0,0,1.02191,0.99997,1,2,1,1,0.820314,0,1.04688,1.00488,0,0,8.1389,6.88889,3.47222,2438.25,970,255.078,970,1085.12,16.1016,168.469,165.094,6.11719,14.25,213.652,30,0.9,0.594667,1.568,93.75,3.92157,3.92157,0,-0.578125,0,1.5,1.5,48
8.133,0,0,0,0,0.977723,0.99997,1,2,1,1,0.820314,0,1.04688,1.00366,0,0,7.13889,6.50001,8.83334,2409.25,970,257.773,970,1063.98,16.3125,168.469,165.094,22.6641,14.25,213.652,30,1.168,0.544001,1.836,93.75,3.92157,3.92157,0,-1.04688,0,2.25,2.25,48
8.167,0,0,0,0,1.00147,0.99997,1,2,1,1,0.820314,0,1.04688,1.00366,0,0,8.19445,6.36112,6.77778,2361.75,970,273.711,970,1079.84,17.6484,165.258,160.453,13.5469,14.25,213.652,30,1.024,0.738668,1.692,93.75,3.92157,3.92157,0,-0.890625,0,0.75,0.75,45.75
8.2,0,0,0,0,0.974183,0.99997,1,2,1,1,0.820314,0,1.04688,1.00366,0,0,6.86112,6.36112,3.02778,2330,970,245.977,970,1058.71,15.5625,160.617,157.828,8.20313,14.25,213.652,30,0.9,0.509334,1.568,93.75,3.92157,3.92157,0,-0.390625,0,1.5,1.5,46.5
8.233,0,0,0,0,0.979981,0.99997,1,2,1,1,0.820314,0,1.04688,1.00366,0,0,7.83334,6.25,10.9445,2283.75,970,286.563,970,1066.6,18.75,160.617,157.828,25.1953,14.25,213.652,30.75,1.304,0.922668,1.972,93.75,3.92157,3.92157,0,-0.78125,0,0.75,0.75,45
8.267,0,0,0,0,0.990723,0.99997,1,2,1,1,0.820314,0,1.04688,1.00488,0,0,7.30556,6.30556,3.33334,2236,970,252.188,970,1066.64,16.125,158.016,153.914,8.60156,14.25,215.566,30.75,1.184,0.749334,1.852,93.75,3.92157,3.52941,0,-1.125,1.4374,0.75,0.75,6
8.3,0,0,0,0,0.964051,0.99997,1,2,1,1,0.820314,0,0.820314,1.00366,0,0,7.72223,6,11.7778,2202.75,970,280.703,970,1053.44,18.4688,154.102,150.047,30.9141,14.25,215.566,30.75,2.604,1.61867,3.272,93.75,3.52941,3.52941,0,-0.875,2.69779,5.25,5.25,5.25
8.333,0,0,0,0,0.994202,0.99997,1,2,1,1,0.820314,0,0.820314,1.00366,0,0,7.8889,5.97223,5.27778,2169.25,970,274.844,970,1071.91,18,154.102,150.047,10.8047,14.25,215.566,30.75,1.516,1.27467,2.184,93,3.52941,3.52941,0,-0.53125,3.05638,0.75,0.75,0.75
8.367,0,0,0,0,0.964112,0.99997,1,2,1,1,0.820314,0,0.820314,1.00366,0,0,6.69445,5.77778,10.4445,2174.75,970,270.352,970,1050.78,17.7422,150.211,146.672,28.2891,14.25,215.566,30.75,1.956,0.976001,2.624,93,3.52941,3.52941,0,-0.640625,3.41649,7.5,7.5,7.5
8.4,0,0,0,0,0.991212,0.99997,1,2,1,1,0.820314,0,0.820314,1.00366,0,0,7.72223,5.88889,7.47223,2180,970,281.914,970,1069.26,18.6094,146.695,147.914,16.4531,14.25,215.566,30.75,1.572,1.01867,2.24,93,3.13726,3.13726,0,-0.90625,3.41649,0.75,0.75,0.75
8.433,0,0,0,0,0.964234,0.99997,1,2,1,1,0.820314,0,0.820314,1.00366,0,0,7.02778,5.88889,2.61111,2152.75,970,248.32,970,1048.13,15.9609,146.695,147.914,6.79688,14.25,215.566,30.75,1.08,0.760001,1.76,93.75,3.13726,3.13726,0,-0.8125,4.13671,4.5,4.5,4.5
8.467,0,0,0,0,0.967347,0.99997,1,2,1,1,0.82422,0,0.820314,1.00366,0,0,7.50001,5.63889,9.47223,2144.25,970,285.664,970,1063.98,18.9609,147.938,145.898,23.2031,14.25,217.363,30.75,1.668,1.26933,2.348,93.75,3.13726,3.13726,0,-0.1875,5.21553,3,3,3
8.5,0,0,0,0,0.96045,0.99997,1,2,1,1,0.82715,0,0.820314,1.00366,0,0,6.61112,5.75,2.19445,2117,970,253.984,970,1050.78,16.4766,145.945,145.195,4.66406,14.25,217.363,30.75,1.004,0.624001,1.684,93.75,3.13726,3.13726,0,-0.671875,6.83451,4.5,4.5,4.5
8.533,0,0,0,0,0.935731,0.99997,1,2,1,1,0.82715,0,0.82715,1.00488,0,0,6.38889,5.5,10.6111,2102.25,960,268.398,965,1048.13,17.625,145.945,145.195,30.2344,14.6719,217.363,30.75,1.836,0.738668,2.504,93.75,3.52941,3.52941,0,-0.828125,8.09337,13.5,13.5,13.5
8.567,0,0,0,0,0.955384,0.99997,1,2,1,1,0.837159,0,0.82715,1.00488,0,0,7.33334,5.69445,3.30556,2061.5,960,263.086,965,1050.78,17.2969,145.617,142.875,7.21875,15.6094,217.363,30.75,1.084,0.861334,1.752,93.75,3.52941,3.13726,0,-0.875,8.81207,7.5,7.5,7.5
8.6,0,0,0,0,0.921754,0.99997,1,2,1,1,0.844484,0,0.82715,1.00488,0,0,6.86112,5.47223,9.16667,2049,960,268.008,965,1040.23,17.7188,142.969,141.047,26.5078,16.0781,217.363,30.75,1.708,1.06133,2.376,93.75,3.52941,3.52941,0,-0.5,9.17218,20.25,20.25,20.25
8.633,0,0,0,0,0.951356,0.99997,1,2,1,1,0.844484,0,0.844484,1.00488,0,0,7.44445,5.63889,7.08334,2035.25,960,284.609,965,1056.05,19.0313,142.969,141.047,17.6484,15.9844,217.363,30.75,1.4,1.192,2.068,93.75,3.52941,3.52941,0,-0.4375,9.17218,8.25,8.25,8.25
8.667,0,0,0,0,0.933472,0.99997,1,2,1,1,0.856202,0,0.844484,1.00366,0,0,6.63889,6,8.11112,1994.25,960,272.93,965,1040.23,18.1641,141.141,138.773,23.6484,16.8984,218.808,30.75,1.6,0.776001,2.268,93.75,3.92157,3.92157,0,-0.78125,9.89088,22.5,22.5,22.5
8.7,0,0,0,0,0.946046,0.99997,1,2,1,1,0.864747,0,0.844484,1.00488,0,0,7.13889,6.22223,7.66667,1963.75,960,285.938,965,1048.13,19.1953,138.609,136.758,20.1797,18.8906,218.808,30.75,1.484,0.954668,2.152,93.75,3.92157,3.92157,0,-0.8125,11.1498,23.25,23.25,23.25
8.733,0,0,0,0,0.948792,0.99997,1,2,1,1,0.864747,0,0.864747,1.00488,0,0,6.97223,6.33334,6.25,1931.75,960,278.711,965,1045.51,18.6328,138.609,136.758,17.3672,22.0781,218.808,31.5,1.396,0.869334,2.064,93.75,3.92157,4.70588,0,-0.71875,12.9488,30.75,30.75,33.75
8.767,0,0,0,0,0.950806,0.99997,1,2,1,1,0.878908,0,0.864747,1.00488,0,0,7.02778,7.55556,9.77779,1908.75,960,301.094,965,1042.81,20.2734,135.867,133.711,28.0078,25.1953,218.808,31.5,1.752,1.05067,2.42,93.75,5.09804,5.4902,0,-0.578125,14.5678,31.5,31.5,33.75
8.8,0,0,0,0,0.951844,0.99997,1,2,1,1,0.88965,0,0.864747,1.00366,0,0,7.66667,9.02778,9.3889,1884.75,960,316.992,965,1037.62,21.4219,133.102,131.672,26.9531,26.4375,218.808,31.5,1.76,1.14667,2.428,93.75,5.88235,5.88235,0,-0.71875,15.2865,32.25,32.25,32.25
8.833,0,0,0,0,0.952149,0.99997,1,2,1,1,0.88965,0,0.88965,1.00488,0,0,7.94445,9.3889,10.6945,1863.5,960,342.461,965,1034.92,23.4141,133.102,131.672,31.6172,27.3516,218.808,31.5,1.968,1.224,2.636,93.75,5.88235,5.88235,0,-0.8125,15.6466,32.25,32.25,32.25
8.867,0,0,0,0,0.95868,0.99997,1,2,1,1,0.907472,0,0.88965,1.00488,0,0,8.77778,9.3889,10.75,1838,960,374.766,965,1034.92,25.8516,131.156,129.469,31.3359,27.8438,220.409,31.5,2.136,1.35467,2.804,93.75,5.88235,5.88235,0,-0.59375,16.0067,31.5,31.5,31.5
8.9,0,0,0,0,0.961121,0.99997,1,2,1,1,0.9209,0,0.88965,1.00366,0,0,9.16667,9.44445,10.5278,1829.75,960,381.797,965,1032.3,26.2969,129.047,128.648,30.6797,28.4063,220.409,31.5,2.14,1.36267,2.808,93.75,5.88235,5.88235,0,-0.421875,16.3668,31.5,31.5,31.5
8.933,0,0,0,0,0.965211,0.99997,1,2,1,1,0.9209,0,0.9209,1.00488,0,0,9.30556,9.44445,10.75,1814.5,960,396.719,965,1032.3,27.4688,129.047,128.648,31.8281,29.2266,220.409,31.5,2.168,1.408,2.836,93.75,5.88235,5.88235,0,-0.46875,16.7254,30.75,30.75,30.75
8.967,0,0,0,0,0.968323,0.99997,1,2,1,1,0.940675,0,0.9209,1.00488,0,0,9.6389,9.69445,10.3611,1788.5,960,412.617,965,1029.65,28.5938,128.133,126.891,31.1719,30.5391,220.409,31.5,2.204,1.4,2.872,93.75,6.27451,6.27451,0,-0.890625,17.4456,31.5,31.5,31.5
9,0,0,0,0,0.968751,0.99997,1,2,1,1,0.955568,0,0.9209,1.00366,0,0,9.80556,10.1667,10.7778,1778.75,960,418.125,965,1026.99,28.9453,126.609,125.977,32.3906,30.7266,220.409,31.5,2.248,1.42934,2.916,93.75,6.27451,6.27451,0,-0.5625,17.4456,31.5,31.5,31.5
9.033,0,0,0,0,0.971314,0.99997,1,2,1,1,0.955568,0,0.955568,1.00488,0,0,9.91667,10.3611,11.25,1762,960,432.031,965,1026.99,30.0234,126.609,125.977,34.2891,31.1953,220.409,32.25,2.296,1.48,2.964,93.75,6.66667,6.27451,0,-0.609375,17.4456,30.75,30.75,30.75
9.067,0,0,0,0,0.973084,0.99997,1,2,1,1,0.966554,0,0.955568,1.00488,0,0,10.2778,10.3889,11.5,1744.25,960,446.055,965,1024.38,31.0078,125.555,124.219,35.625,31.2656,221.991,32.25,2.404,1.53067,3.072,93.75,6.66667,6.66667,0,-0.328125,17.4456,31.5,31.5,32.25
9.1,0,0,0,0,0.97638,0.99997,1,2,1,1,0.975099,0,0.955568,1.00366,0,0,10.4445,10.4167,11.5,1724.25,960,457.852,965,1024.38,31.8047,123.773,123.141,35.5781,31.5234,221.991,32.25,2.424,1.54134,3.092,93.75,6.66667,6.66667,0,-0.6875,17.4456,31.5,31.5,32.25
9.133,0,0,0,0,0.979554,0.99997,1,2,1,1,0.975099,0,0.975099,1.00488,0,0,10.5,10.5278,11.4445,1697.75,960,467.813,965,1024.38,32.5781,123.773,123.141,35.6953,31.7813,221.991,32.25,2.412,1.54134,3.08,93.75,6.66667,6.66667,0,-0.703125,17.4456,20.25,20.25,20.25
9.167,0,0,0,0,0.983094,0.99997,1,2,1,1,0.981203,0,0.975099,1.00488,0,0,10.5,10.5556,11.5833,1668.25,960,477.617,965,1024.38,33.1875,122.578,121.406,36.5859,32.4141,221.991,32.25,2.468,1.528,3.136,93.75,6.66667,6.66667,0,-0.859375,17.4456,18.75,18.75,18.75
9.2,0,0,0,0,0.98346,0.99997,1,3,1,1,1,0,0.975099,1.00366,0,0,10.5556,10.4722,11.5,1637.25,960,488.594,965,1021.72,33.8203,120.727,119.25,37.5234,33.1406,221.991,32.25,2.524,1.584,3.192,93.75,6.66667,6.66667,0,-0.609375,17.8057,19.5,19.5,19.5
9.233,0,0,0,0,0.986573,0.99997,1,3,1,1,1,0,1,1.00488,0,0,10.5556,10.5,11.5278,1622.5,960,494.375,965,1021.72,34.2656,120.727,119.25,37.7813,34.1719,221.991,32.25,2.5,1.584,3.168,93.75,6.66667,6.66667,0,-0.4375,17.8057,21,21,21
9.267,0,0,0,0,0.990906,0.99997,1,3,1,1,1,0,1,1.00488,0,0,10.6111,10.5278,11.3889,1595.25,960,504.766,965,1021.72,34.875,118.594,117.188,37.7344,34.4766,223.671,32.25,2.512,1.58934,3.18,93.75,6.66667,6.27451,0,-0.53125,17.8057,20.25,20.25,20.25
9.3,0,0,0,0,0.993897,0.99997,1,3,1,1,1,0,1,1.00488,0,0,10.6389,10.5833,11.7778,1566.5,960,517.109,965,1021.72,35.7656,116.977,115.828,39.5859,34.6172,223.671,32.25,2.636,1.664,3.304,93.75,6.66667,6.27451,0,-0.546875,17.8057,20.25,20.25,20.25
9.333,0,0,0,0,0.997071,0.99997,1,3,1,1,1,0,1,1.00366,0,0,10.6389,10.5833,11.6389,1529.75,970,528.789,970,1021.72,36.6328,116.977,115.828,39.9609,35.0391,223.671,32.25,2.704,1.69334,3.372,93.75,6.66667,6.27451,0,-0.765625,17.8057,17.25,17.25,17.25
9.367,0,0,0,0,1.00098,0.99997,1,3,1,1,1,0,1,1.00488,0,0,10.6111,10.6667,11.3611,1476.75,970,539.18,970,1021.72,37.4063,115.641,113.391,40.3594,35.9297,223.671,32.25,2.72,1.728,3.388,93.75,6.66667,6.27451,0,-0.546875,17.8057,17.25,17.25,17.25
9.4,0,0,0,0,1.00311,0.99997,1,3,1,1,1,0,1,1.00488,0,0,10.3889,10.5556,11.4722,1438.5,970,546.523,970,1021.68,37.9453,113.227,111.117,42.4453,38.2266,223.671,32.25,2.836,1.8,3.504,93.75,6.27451,6.27451,0,-0.421875,17.8057,23.25,23.25,23.25
9.433,0,0,0,0,1.00342,0.99997,1,3,1,1,1,0,1,1.00488,0,0,10.1667,10.5,11.3056,1387,970,553.32,970,1019.1,38.4609,113.227,111.117,42.6094,41.1094,223.671,32.25,2.836,1.808,3.5,93.75,6.27451,6.27451,0,0.140625,18.1643,26.25,26.25,30.75
9.467,0,0,0,0,1.00653,0.99997,1,3,1,1,1,0,1,1.00488,0,0,9.69445,10.4167,11,1164.25,970,579.648,970,1019.1,40.3828,110.555,104.625,49.8984,57.2344,225.253,32.25,3.292,1.93334,3.956,93.75,6.66667,8.2353,0,0.0625,18.1643,23.25,23.25,29.25
9.5,0,0,0,0,1.00836,0.99997,1,4,1,1,1,0,1,1.00366,0,0,7.77778,11.5,11.1111,966.25,970,609.102,970,1019.1,42.4688,104.695,99.7031,60.5625,57.6094,225.253,32.25,3.748,2.38934,4.412,93.75,7.45098,8.62745,0,-0.078125,18.1643,22.5,22.5,27
9.533,0,0,0,0,1.00494,0.99997,1,4,1,1,1,0,1,1.00488,0,0,7.77778,13.2778,13.0278,837.5,1110,667.305,970,1016.45,46.8047,104.695,99.7031,82.3359,79.2656,225.253,32.25,4.388,2.38934,5.056,93.75,8.2353,9.80392,0,-0.46875,18.5244,18.75,18.75,24
9.567,0,0,0,0,0.999024,0.99997,1,5,1,1,1,0,1,1.00488,0,0,7.44445,14.3333,13.5556,899.75,1150,715.977,970,1011.17,49.9688,101.719,93.7031,80.1563,83.5781,225.253,32.25,4.312,2.78667,4.98,93.75,9.41177,9.41177,0,-0.3125,20.1434,14.25,14.25,12.75
9.6,0,0,0,0,0.99463,0.99997,1,4,1,1,1,0,1,1.00488,0,0,10.0556,15.1389,14.0278,1001,1060,752.461,970,1008.52,52.8516,91.7813,93.7031,74.9531,76.3828,225.253,32.25,4.972,3.21067,5.64,93.75,14.1177,29.4118,0,-0.40625,20.1434,15,15,13.5
9.633,0,0,0,0,0.970948,0.99997,1,4,1,1,1,0,1,1.00488,0,0,10.0556,23.75,18.3333,1105.5,970,804.727,970,987.383,56.8125,91.7813,93.7031,88.6641,62.2734,225.253,33,4.364,3.21067,5.12,93.75,29.8039,10.1961,0,-0.078125,20.1434,16.5,16.5,15
9.667,0,0,0,0,0.955567,0.99997,1,4,1,1,1,0,1,1.00488,0,0,14.3889,24.1111,26.2778,1175.25,970,901.914,970,984.727,64.3125,92.7422,97.5469,123.375,50.9531,227.46,33,6.124,3.92267,6.88,93.75,16.0784,9.01961,0,0.3125,20.1434,-21.75,-21.75,-24
9.7,0,0,0,0,1.00037,0.99997,1,4,1,1,1,0,1,1.00366,0,0,13.9167,13.5278,18.8333,1077.25,970,949.531,970,1005.86,67.875,98.6719,96.5156,96.9375,56.7422,227.46,33,5.408,3.65867,6.164,93.75,10.1961,9.01961,0,0.234375,19.7833,-4.5,-4.5,-4.5
9.733,0,0,0,0,1.03815,0.99997,1,5,1,1,1,0,1,1.00366,0,0,11.6667,8.3889,10.8056,911.5,1040,940.117,970,1016.45,67.1719,98.6719,96.5156,61.4297,71.2031,227.46,33,4.792,3.23467,5.548,93.75,9.01961,9.80392,0,0.03125,19.7833,7.5,7.5,21.75
9.767,0,0,0,0,1.04663,0.99997,1,5,1,1,1,0,1,1.00366,0,0,11.5,11.9722,10.1111,1032.75,1140,893.672,970,1016.45,63.75,97.6641,93.7031,49.0078,79.3359,227.46,33,4.496,3.088,5.184,93.75,10.1961,12.1569,0,0.109375,21.0422,-21,-21,-21
9.8,0,0,0,0,1.03412,0.99997,1,4,1,1,1,0,1,1.00488,0,0,12.8333,14.5556,11.8889,1071.5,1020,882.852,970,1016.45,63,92.1797,94.8984,56.3672,70.4531,227.46,33,4.516,2.928,5.204,93.75,12.1569,12.9412,0,0.25,21.4023,9,9,8.25
9.833,0,0,0,0,1.01331,0.99997,1,4,1,1,1,0,1,1.00366,0,0,12.8333,14.5556,13.8611,1050.75,970,890.664,970,1013.79,63.5859,92.1797,94.8984,68.3672,66.5156,227.46,33,4.656,2.928,5.388,93.75,12.549,11.7647,0,0.046875,21.4023,9.75,9.75,9
9.867,0,0,0,0,1.00775,0.99997,1,4,1,1,1,0,1,1.00488,0,0,12.6667,13.5,14.1389,1039.5,970,900.977,970,1016.45,64.2188,95.1094,95.5547,70.6641,64.7344,229.433,33,4.692,3.04534,5.424,93.75,12.1569,11.3726,0,-0.265625,21.7624,10.5,10.5,9
9.9,0,0,0,0,1.00971,0.99997,1,4,1,1,1,0,1,1.00366,0,0,12.5278,13.0556,13.3333,1017.5,1000,905.859,970,1016.45,64.5703,95.8359,94.3359,67.5703,68.0859,229.433,33,4.644,3.03467,5.376,93.75,11.7647,11.7647,0,-0.203125,21.7624,10.5,10.5,21.75
9.933,0,0,0,0,1.01264,0.99997,1,4,1,1,1,0,1,1.00366,0,0,12.1945,12.4445,12.6111,989.5,1010,907.852,970,1019.1,64.7109,95.8359,94.3359,65.9531,69.2813,229.433,33,4.676,3.05334,5.344,93.75,11.7647,12.549,0,-0.015625,21.4023,10.5,10.5,21.75
9.967,0,0,0,0,1.00958,0.99997,1,4,1,1,1,0,1,1.00366,0,0,12.1389,12.6111,12.1111,991.75,1010,904.961,970,1019.1,64.4766,94.3359,93.7031,62.7422,69.1172,229.433,33,4.636,3.04,5.304,93.75,12.1569,12.9412,0,0.125,21.4023,9.75,9.75,21
10,0,0,0,0,1.00549,0.99997,1,4,1,1,1,0,1,1.00366,0,0,12.4722,13.1667,13.1945,1036.5,980,907.188,970,1019.1,64.6641,93.3984,94.3125,65.9531,66.9609,229.433,33,4.648,3.03467,5.316,93.75,12.549,12.549,0,0.15625,21.7624,2.25,2.25,2.25
10.033,0,0,0,0,1.00378,0.99997,1,4,1,1,1,0,1,1.00366,0,0,12.7222,12.9722,13.0833,1016.5,970,910.391,970,1019.1,64.8984,93.3984,94.3125,66.8672,65.625,229.433,32.25,4.648,3.03467,5.328,93.75,12.549,12.1569,0,0.140625,21.7624,9.75,9.75,21.75
10.067,0,0,0,0,1.00617,0.99997,1,4,1,1,1,0,1,1.00366,0,0,12.5833,12.7222,13.0833,1013.75,980,913.711,970,1021.68,65.1563,94.4297,94.2891,67.1953,66.9141,231.64,32.25,4.676,3.03467,5.356,93.75,12.549,12.1569,0,-0.015625,21.7624,8.25,8.25,8.25
10.1,0,0,0,0,1.00781,0.99997,1,4,1,1,1,0,1,1.00366,0,0,12.6389,12.5833,12.8056,1019.25,980,913.281,970,1021.72,65.1094,94.2891,94.1953,64.875,67.125,231.64,32.25,4.648,3.04,5.328,93.75,12.1569,12.549,0,-0.1875,21.7624,3,3,3
10.133,0,0,0,0,1.00806,0.99997,1,4,1,1,1,0,1,1.00488,0,0,12.6389,12.7222,12.7222,1026.25,980,911.914,970,1021.72,65.0156,94.2891,94.1953,64.1953,66.6328,231.64,32.25,4.636,3.04,5.3,93.75,12.549,12.549,0,-0.265625,21.7624,1.5,1.5,1.5
10.167,0,0,0,0,1.00751,0.99997,1,4,1,1,1,0,1,1.00366,0,0,12.6667,12.7222,12.9445,1022,980,913.008,970,1021.72,65.1094,94.1016,94.6406,65.7891,66.9609,231.64,32.25,4.656,3.04,5.32,93.75,12.1569,12.549,0,-0.140625,21.7624,3,3,3
10.2,0,0,0,0,1.01062,0.99997,1,4,1,1,1,0,1,1.00488,0,0,12.6667,12.7222,12.8333,1021.5,980,913.359,970,1024.38,65.1328,94.7109,94.4766,65.3672,66.8672,231.64,32.25,4.644,3.03467,5.308,93.75,12.549,12.549,0,0.03125,21.7624,3,3,3
10.233,0,0,0,0,1.01062,0.99997,1,4,1,1,1,0,1,1.00488,0,0,12.7778,12.9167,13.0556,1032,990,913.633,970,1024.38,65.1563,94.7109,94.4766,65.3203,67.3125,231.64,32.25,4.64,3.02934,5.328,93.75,12.549,12.549,0,0,21.7624,0,0,0
10.267,0,0,0,0,1.0108,0.99997,1,4,1,1,1,0,1,1.00366,0,0,12.8333,12.9167,13.1389,1032.5,990,916.016,970,1024.38,65.3438,94.3828,94.8984,66.1172,67.5938,233.593,32.25,4.652,3.03734,5.34,93.75,12.549,12.549,0,0.359375,21.7624,3.75,3.75,3.75
10.3,0,0,0,0,1.01148,0.99997,1,4,1,1,1,0,1,1.00171,0,0,12.7222,12.9722,13,1023.25,990,917.148,970,1024.38,65.4375,94.9453,94.875,66.1406,67.4063,233.593,32.25,4.648,3.03734,5.336,93.75,12.549,12.549,0,0.265625,21.7624,9,9,9.75
10.333,0,0,0,0,1.01404,0.99997,1,4,1,1,1,0,1,1.00366,0,0,12.7222,13.2222,13,1036.75,1000,916.133,970,1026.99,65.3438,94.9453,94.875,64.7578,68.5313,233.593,32.25,4.624,3.03734,5.32,93.75,12.549,12.549,0,0.109375,21.7624,1.5,1.5,1.5
10.367,0,0,0,0,1.01141,0.99997,1,4,1,1,1,0,1,1.00366,0,0,12.9445,13.1667,13.1945,1038,990,916.875,970,1026.99,65.4141,94.8281,95.0391,65.8594,67.6172,233.593,32.25,4.636,3.024,5.332,93.75,12.549,12.549,0,-0.1875,21.7624,3.75,3.75,3.75
10.4,0,0,0,0,1.01093,0.99997,1,4,1,1,1,0,1,1.00366,0,0,12.9445,13.0556,13.1111,1040.25,990,916.914,970,1026.99,65.4141,95.0156,95.1563,65.4609,67.2891,233.593,32.25,4.632,3.02134,5.328,93.75,12.549,12.549,0,-0.15625,21.7624,3.75,3.75,3.75
10.433,0,0,0,0,1.01117,0.99997,1,4,1,1,1,0,1,1.00488,0,0,12.8889,13.0278,13.3611,1033.75,990,919.648,970,1026.99,65.625,95.0156,95.1563,67.2891,67.8047,233.593,32.25,4.672,3.04,5.34,93.75,12.549,12.9412,0,-0.25,21.7624,9.75,9.75,13.5
10.467,0,0,0,0,1.01611,0.99997,1,4,1,1,1,0,1,1.00366,0,0,13,13.3056,13.1945,1046,990,920.938,970,1029.65,65.7188,95.2031,95.0859,65.2031,67.6172,235.624,32.25,4.624,3.048,5.292,93.75,12.9412,12.9412,0,0.015625,21.7624,5.25,5.25,5.25
10.5,0,0,0,0,1.01569,0.99997,1,4,1,1,1,0,1,1.00366,0,0,13.1111,13.1945,13.5556,1041.25,980,923.555,970,1029.65,65.9063,94.9688,95.3672,67.5234,67.0313,235.624,32.25,4.688,3.05067,5.356,93.75,12.9412,12.9412,0,-0.0625,21.7624,9.75,9.75,9
10.533,0,0,0,0,1.01599,0.99997,1,4,1,1,1,0,1,1.00488,0,0,13.0556,13.2222,13.3889,1044,980,924.648,970,1029.65,66,94.9688,95.3672,66.6797,67.0547,235.624,32.25,4.656,3.05067,5.336,93.75,12.9412,12.549,0,0.4375,21.7624,9.75,9.75,9.75
10.567,0,0,0,0,1.01941,0.99997,1,4,1,1,1,0,1,1.00366,0,0,13.1111,13.1111,13.2222,1045.5,980,924.414,970,1032.27,65.9766,95.4141,95.2969,65.8594,66.9141,235.624,32.25,4.648,3.02934,5.328,93.75,12.9412,12.549,0,0.1875,21.7624,9,9,9.75
10.6,0,0,0,0,1.01892,0.99997,1,4,1,1,1,0,1,1.00366,0,0,13.1667,13.3056,13.1389,1053,980,922.188,970,1032.3,65.8125,95.2031,95.625,64.4766,66.5391,235.624,32.25,4.624,3.01067,5.304,93.75,12.9412,12.549,0,0.015625,21.7624,9,9,9
10.633,0,0,0,0,1.0177,0.99997,1,4,1,1,1,0,1,1.00366,0,0,13.1667,13.2222,13.3889,1050,980,922.617,970,1032.3,65.8359,95.2031,95.625,66.1172,66.75,235.624,32.25,4.644,3.01867,5.312,93.75,12.549,12.549,0,0.03125,21.7624,9.75,9.75,9.75
10.667,0,0,0,0,1.01752,0.99997,1,4,1,1,1,0,1,1.00366,0,0,13.1667,13.2222,13.5833,1049.25,980,924.766,970,1032.3,66,95.6719,95.5547,67.4063,66.5391,237.675,32.25,4.66,3.01067,5.328,93.75,12.549,12.549,0,-0.265625,21.7624,10.5,10.5,9.75
10.7,0,0,0,0,1.01837,0.99997,1,4,1,1,1,0,1,1.00366,0,0,13.1667,13.1389,13.1945,1056.25,1010,923.438,970,1032.3,65.9063,95.5313,95.4844,65.1094,69.1406,237.675,32.25,4.624,3.01067,5.292,93.75,12.549,12.549,0,-0.328125,23.0213,10.5,10.5,9.75
10.733,0,0,0,0,1.02149,0.99997,1,4,1,1,1,0,1,1.00366,0,0,13.2778,13.5,13.1667,1057.5,1030,921.133,970,1034.92,65.7422,95.5313,95.4844,64.3359,70.7813,237.675,32.25,4.624,3.01067,5.292,93.75,12.9412,12.9412,0,-0.03125,24.2801,10.5,10.5,9.75
10.767,0,0,0,0,1.01886,0.99997,1,4,1,1,1,0,1,1.00366,0,0,13.2222,13.7222,13.4722,1056.5,1040,921.719,970,1034.92,65.7891,95.4141,95.7891,66.1641,71.5781,237.675,32.25,4.636,3.01067,5.304,93.75,12.9412,13.3333,0,0.15625,25.0003,10.5,10.5,9.75
10.8,0,0,0,0,1.01666,0.99997,1,4,1,1,1,0,1,1.00366,0,0,13.2778,13.8333,13.6389,1056,1060,923.633,970,1034.92,65.9297,95.8125,95.7422,67.125,73.1953,237.675,32.25,4.636,3.01334,5.304,93.75,12.9412,13.3333,0,0.203125,26.0792,10.5,10.5,10.5
10.833,0,0,0,0,1.01508,0.99997,1,4,1,1,1,0,1,1.00366,0,0,13.3056,13.75,13.5556,1059,1070,924.648,970,1034.92,66,95.8125,95.7422,66.6328,74.1563,237.675,32.25,4.644,3.01867,5.308,93.75,13.7255,14.1177,0,0.578125,26.7979,9.75,9.75,10.5
10.867,0,0,0,0,1.01251,0.99997,1,4,1,1,1,0,1,1.00366,0,0,13.4167,14.7222,14.0556,1061,1080,931.172,970,1034.92,66.4922,95.6484,96.0703,69.1875,74.8594,239.667,32.25,4.652,3.032,5.316,93.75,14.5098,14.1177,0,0.203125,27.5181,9.75,9.75,9.75
10.9,0,0,0,0,1.00916,0.99997,1,4,1,1,1,0,1,1.00366,0,0,13.5278,14.1945,14.2222,1063.25,1100,936.133,970,1034.92,66.8672,96.1172,95.9297,69.9141,76.6641,239.667,32.25,4.704,3.064,5.368,93.75,14.1177,14.1177,0,0.046875,28.7769,10.5,10.5,9.75
10.933,0,0,0,0,1.01038,0.99997,1,4,1,1,1,0,1,1.00366,0,0,13.5278,13.75,14.0556,1067.25,1130,939.023,970,1037.54,67.0781,96.1172,95.9297,68.8594,79.0781,239.667,32.25,4.744,3.064,5.424,93.75,14.1177,15.2941,0,-0.375,30.9346,10.5,10.5,9.75
10.967,0,0,0,0,1.01025,0.99997,1,4,1,1,1,0,1,1.00366,0,0,13.75,14.75,14,1075.25,1130,939.57,970,1037.58,67.125,95.8594,96.1406,67.4766,81.0703,239.667,32.25,4.728,3.10134,5.408,93.75,16.4706,16.0784,0,0.03125,33.2738,10.5,10.5,9.75
11,0,0,0,0,1.00195,0.99997,1,4,1,1,1,0,1,1.00366,0,0,13.8056,15.8611,14.7778,1071.25,1150,946.25,970,1034.92,67.6172,96.1406,96.3047,71.7188,83.0391,239.667,32.25,4.704,3.08534,5.384,93.75,16.4706,16.4706,0,-0.109375,35.2513,10.5,10.5,9.75
11.033,0,0,0,0,0.99817,0.99997,1,4,1,1,1,0,1,1.00488,0,0,13.9722,14.6945,15.0556,1072.25,1170,955.117,970,1034.92,68.2969,96.1406,96.3047,73.7109,84.3281,239.667,32.25,4.896,3.208,5.576,93.75,16.8628,28.2353,0,-0.03125,36.3302,9.75,9.75,10.5
11.067,0,0,0,0,0.994263,0.99997,1,4,1,1,1,0,1,1.00366,0,0,14.0556,14.6945,17.6111,1074.5,1180,984.18,970,1029.69,70.4766,96.2578,96.5156,85.3359,85.2422,241.777,32.25,5.324,3.18134,5.992,93.75,34.5098,45.0981,0,0.3125,37.4105,9.75,9.75,9.75
11.1,0,0,0,0,1.01318,0.99997,1,4,1,1,1,0,1,1.00488,0,0,14.8056,14.1945,18.0556,1073.5,1200,1011.91,970,1032.27,72.5625,96.5625,96.4219,89.4844,86.2266,241.777,32.25,5.076,3.42134,5.744,93.75,45.4902,50.1961,0,0.578125,37.7691,9,9,9.75
11.133,0,0,0,0,1.03894,0.99997,1,4,1,1,1,0,1,1.00366,0,0,14.8056,14.5833,16.3333,1074.25,1210,1022.97,970,1034.88,73.4063,96.5625,96.4219,80.1328,87.2344,241.777,32.25,5.168,3.42134,5.856,93.75,49.8039,50.1961,0,0.34375,39.0279,7.5,7.5,9
11.167,0,0,0,0,1.0528,0.99997,1,4,1,1,1,0,1,1.00366,0,0,15.25,14.8611,15.9722,1086,1230,1027.93,970,1034.92,73.7578,96.3984,96.3984,76.8047,88.6406,241.777,32.25,5.172,3.48267,5.86,93.75,50.9804,50.1961,0,0,40.6469,6.75,6.75,9
11.2,0,0,0,0,1.05908,0.99997,1,4,1,1,1,0,1,1.00366,0,0,15.3056,15.5,15.9167,1083,1250,1034.14,970,1037.58,74.2266,96.3047,96.8438,76.2188,90.5391,241.777,32.25,5.184,3.49067,5.872,93.75,50.9804,50.1961,0,0.03125,42.2659,7.5,7.5,7.5
11.233,0,0,0,0,1.06091,0.99997,1,4,1,1,1,0,1,1.00366,0,0,15.3056,15.5,16.1389,1084.25,1280,1038.79,970,1037.58,74.5781,96.3047,96.8438,77.4141,92.6953,241.777,32.25,5.224,3.49067,5.892,93.75,50.1961,50.1961,0,-0.34375,43.8849,7.5,7.5,6.75
11.267,0,0,0,0,1.06763,0.99997,1,4,1,1,1,0,1,1.00488,0,0,15.5,15.6111,15.4722,1096,1280,1036.29,970,1040.23,74.3906,96.8906,96.7734,72.8672,93.0234,244.12,32.25,5.18,3.488,5.848,93.75,50.9804,50.9804,0,-0.1875,45.5039,3,3,3
11.3,0,0,0,0,1.06525,0.99997,1,4,1,1,1,0,1,1.00366,0,0,15.3889,15.6111,15.4445,1087,1300,1035.16,970,1040.23,74.3203,96.7266,96.8672,73.6172,93.8906,244.12,32.25,5.156,3.472,5.824,93.75,50.9804,50.9804,0,0.296875,45.8625,7.5,7.5,9
11.333,0,0,0,0,1.06671,0.99997,1,4,1,1,1,0,1,1.00366,0,0,15.3889,15.5833,15.8611,1085.5,1310,1037.46,970,1042.85,74.4844,96.7266,96.8672,75.9141,95.2031,244.12,31.5,5.168,3.48,5.848,93.75,50.9804,50.9804,0,0.21875,46.9428,6.75,6.75,9.75
11.367,0,0,0,0,1.06793,0.99997,1,4,1,1,1,0,1,1.00488,0,0,15.5556,15.6389,15.8611,1102.5,1330,1038.28,970,1042.85,74.5547,96.8672,97.2188,74.5547,96.7734,244.12,31.5,5.156,3.47734,5.836,93.75,51.3726,51.3726,0,0.25,50.3593,3.75,3.75,3.75
11.4,0,0,0,0,1.07098,0.99997,1,4,1,1,1,0,1,1.00366,0,4.29688,15.6667,15.6111,16.0278,1101.25,1340,1039.77,970,1045.47,74.6484,97.0781,97.4297,75.5859,97.0781,244.12,31.5,5.156,3.472,5.836,93.75,50.9804,51.3726,0,0.3125,53.0571,6,6,6
11.433,0,0,0,0,1.07556,0.99997,1,4,1,1,1,0,1,1.00366,0,4.29688,15.6667,15.6945,16.1945,1090.5,1340,1042.73,970,1048.09,74.8828,97.0781,97.4297,76.6875,97.0781,244.12,31.5,5.172,3.472,5.852,93.75,51.3726,51.3726,0,0.140625,54.676,7.5,7.5,21.75
11.467,0,0,0,0,1.07758,0.99997,1,4,1,1,1,0,1,1.00366,0,11.3281,15.7222,15.75,16.1389,1101,1340,1043.4,970,1048.13,74.9297,97.5703,97.0078,75.3516,97.5703,246.503,31.5,5.168,3.48,5.848,93.75,52.549,52.1569,0,-0.34375,57.1938,6,6,6
11.5,0,0,0,0,1.07727,0.99997,1,4,1,1,1,0,1,1.00366,0,16.0156,15.7778,15.7778,15.7222,1108.5,1330,1040.82,970,1048.13,74.7422,96.8203,97.6641,73.1719,96.8203,246.503,31.5,5.14,3.46134,5.82,93.75,52.549,52.1569,0,0.125,57.914,4.5,4.5,4.5
11.533,0,0,0,0,1.07764,0.99997,1,4,1,1,1,0,1,1.00366,0,16.0156,15.6667,15.7778,16.0278,1100.5,1330,1044.3,970,1048.13,75,96.8203,97.6641,75.6094,96.8203,246.503,30.75,5.16,3.472,5.856,93.75,52.549,52.1569,0,0.078125,58.2741,7.5,7.5,9
11.567,0,0,0,0,1.08167,0.99997,1,4,1,1,1,0,1,1.00366,0,17.5781,15.7222,15.8333,16.3056,1111,1340,1045.39,970,1050.78,75.0703,97.7813,97.3594,75.7734,97.7813,246.503,30.75,5.156,3.472,5.852,93.75,51.7647,52.1569,0,0.0625,59.713,4.5,4.5,4.5
11.6,0,0,0,0,1.08606,0.99997,1,4,1,1,1,0,1,1.00366,0,19.9219,16.0833,15.8333,16.3056,1124.25,1340,1045.43,970,1053.44,75.0703,97.1484,98.2266,75.1172,97.1484,246.503,30.75,5.156,3.472,5.852,93.75,52.1569,52.1569,0,0.5625,60.0716,1.5,1.5,1.5
11.633,0,0,0,0,1.08637,0.99997,1,4,1,1,1,0,1,1.00488,0,19.9219,15.8889,16.5278,16.3611,1107.5,1340,1046.99,970,1053.44,75.1875,97.1484,98.2266,76.1484,97.1484,246.503,30.75,5.172,3.48,5.86,93.75,52.1569,52.1569,0,0.390625,60.0716,6.75,6.75,15
11.667,0,0,0,0,1.08722,0.99997,1,4,1,1,1,0,1,1.00366,0,19.9219,15.8333,15.9167,16.5278,1113.75,1350,1048.91,970,1056.05,75.3281,98.4609,97.4766,76.3828,98.4609,248.905,30.75,5.184,3.48267,5.872,93.75,52.9412,52.549,0,0,60.4317,6,6,6
11.7,0,0,0,0,1.09143,0.99997,1,4,1,1,1,0,1,1.00366,0,20.3125,16.1945,15.9445,16.5,1127.75,1340,1049.34,970,1058.67,75.375,97.3125,97.8516,75.6328,97.3125,248.905,30.75,5.18,3.488,5.868,93.75,52.9412,52.549,0,-0.09375,60.4317,1.5,1.5,1.5
11.733,0,0,0,0,1.09369,0.99997,1,4,1,1,1,0,1,1.00366,0,20.3125,16.1945,16.9722,16.3611,1120.5,1340,1048.91,970,1058.71,75.3281,97.3125,97.8516,75.0938,97.3125,248.905,30.75,5.176,3.488,5.856,93.75,52.9412,52.549,0,-0.03125,60.4317,6.75,6.75,6.75
11.767,0,0,0,0,1.08673,0.99997,1,4,1,1,1,0,1,1.00366,0,20.3125,16.0278,15.9167,16.6389,1120.5,1350,1050.43,970,1058.71,75.4453,97.8516,98.0859,76.9688,97.8516,248.905,30.75,5.172,3.47467,5.852,93.75,53.7255,54.1177,0,-0.234375,60.4317,6.75,6.75,6.75
11.8,0,0,0,0,1.09198,0.99997,1,4,1,1,0.982912,0,1,1.00366,0,20.3125,16.0833,16.6389,16.6667,1126.75,1350,1051.52,970,1061.37,75.5391,98.1094,98.0859,76.2188,98.1094,248.905,30.75,5.184,3.48267,5.864,93.75,54.1177,54.1177,0,0.078125,60.4317,5.25,5.25,5.25
11.833,0,0,0,0,1.0921,0.99997,1,4,1,1,0.982912,0,0.982912,1.00488,0,20.3125,16.1945,16.5,16.75,1133,1350,1052.89,970,1061.37,75.6328,98.1094,98.0859,76.4766,98.1094,248.905,30.75,5.28,3.488,5.968,93.75,54.5098,54.1177,0,0.15625,60.4317,3.75,3.75,3.75
11.867,0,0,0,0,1.091,0.99997,1,4,1,1,0.977296,0,0.982912,1.00366,0,20.3125,16.1945,16.6945,16.6111,1126,1350,1053.32,970,1061.37,75.6563,97.9922,98.5547,75.9375,97.9922,251.269,30.75,5.272,3.54934,5.96,93.75,54.1177,54.1177,0,0.1875,60.4317,6.75,6.75,6
11.9,0,0,0,0,1.09222,0.99997,1,4,1,1,0.973146,0,0.982912,1.00366,0,20.3125,16.3611,16.4722,16.6389,1132.5,1360,1054.53,970,1063.98,75.75,98.6016,98.5313,76.5,98.6016,251.269,30.75,5.276,3.552,5.964,93.75,54.1177,54.1177,0,0.109375,60.4317,6.75,6.75,6.75
11.933,0,0,0,0,1.0929,0.99997,1,4,1,1,0.973146,0,0.973146,1.00366,0,20.3125,16.4167,16.5,16.6945,1141.5,1350,1055.94,970,1063.98,75.8672,98.6016,98.5313,75.8906,98.6016,251.269,30,5.324,3.55734,5.992,93.75,54.1177,54.1177,0,0.125,60.4317,6,6,6
11.967,0,0,0,0,1.09625,0.99997,1,4,1,1,0.970216,0,0.973146,1.00366,0,20.3125,16.4722,16.5556,17.1111,1132.25,1350,1059.06,970,1066.64,76.0781,98.4609,98.8594,78.0234,98.4609,251.269,30,5.348,3.60267,6.016,93.75,54.5098,54.902,0,-0.015625,60.4317,6.75,6.75,9.75
12,0,0,0,0,1.1004,0.99997,1,4,1,1,0.967775,0,0.973146,1.00366,0,20.3125,16.4167,16.5833,16.8333,1133,1360,1060.31,970,1069.26,76.1719,98.9297,98.5547,76.9453,98.9297,251.269,30,5.348,3.60534,6.016,93.75,54.902,54.902,0,-0.21875,60.4317,6.75,6.75,9
12.033,0,0,0,0,1.10034,0.99997,1,4,1,1,0.967775,0,0.967775,1.00366,0,20.3125,16.4722,16.6111,16.75,1134.25,1360,1060.16,970,1069.26,76.1719,98.9297,98.5547,76.0781,98.9297,251.269,30,5.34,3.6,6.02,93.75,54.902,54.902,0,0.171875,60.4317,7.5,7.5,8.25
12.067,0,0,0,0,1.1026,0.99997,1,4,1,1,0.966066,0,0.967775,1.00366,0,20.3125,16.6389,16.8056,17.0278,1145.5,1350,1060.39,970,1071.91,76.1719,98.4141,98.9766,76.4766,98.4141,253.613,30,5.364,3.61334,6.044,93.75,54.5098,54.5098,0,0.203125,60.4317,5.25,5.25,5.25
12.1,0,0,0,0,1.10211,0.99997,1,4,1,1,0.964845,0,0.967775,1.00366,0,19.9219,16.6667,16.8056,16.8611,1151.25,1360,1059.69,970,1071.91,76.125,99.0234,99,75.7031,99.0234,253.613,30,5.356,3.61067,6.036,93.75,54.5098,54.5098,0,0.359375,60.0716,3.75,3.75,3.75
12.133,0,0,0,0,1.10101,0.99997,1,4,1,1,0.964845,0,0.964845,1.00366,0,19.9219,16.7222,16.7778,17.2222,1153.25,1360,1061.56,970,1071.91,76.2656,99.0234,99,77.4141,99.0234,253.613,29.25,5.364,3.616,6.052,93.75,54.902,54.5098,0,0.515625,60.0716,7.5,7.5,7.5
12.167,0,0,0,0,1.10608,0.99997,1,4,1,1,0.967775,0,0.964845,1.00366,0,19.9219,16.7778,17.0278,17.3889,1150.75,1360,1064.8,970,1074.57,76.5234,98.9297,99.3047,78.0703,98.9297,253.613,29.25,5.404,3.62934,6.092,93.75,55.2941,56.0785,0,0.109375,59.713,7.5,7.5,7.5
12.2,0,0,0,0,1.10724,0.99997,1,4,1,1,0.969972,0,0.964845,1.00366,0,19.1406,16.7222,17.25,17.0278,1149.25,1360,1064.22,970,1074.57,76.4766,99.3516,99.2109,76.1484,99.3516,253.613,29.25,5.392,3.63467,6.08,93.75,56.0785,56.0785,0,-0.046875,59.713,7.5,7.5,7.5
12.233,0,0,0,0,1.10639,0.99997,1,4,1,1,0.969972,0,0.969972,1.00366,0,19.1406,16.7222,16.6945,17.5,1158.25,1360,1067.34,970,1077.15,76.7109,99.3516,99.2109,78.6328,99.3516,253.613,29.25,5.384,3.63467,6.064,93.75,56.0785,56.0785,0,-0.171875,59.713,8.25,8.25,7.5
12.267,0,0,0,0,1.1142,0.99997,1,4,1,1,0.971681,0,0.969972,1.00366,0,19.1406,17.1667,18,17.4445,1157,1360,1069.34,970,1079.84,77.0391,99.375,99.4688,77.625,99.375,257.109,29.25,5.424,3.65867,6.104,93.75,56.0785,55.6863,0,-0.015625,59.713,7.5,7.5,11.25
12.3,0,0,0,0,1.11151,0.99997,1,4,1,1,0.972902,0,0.969972,1.00488,0,18.3594,17.0556,16.9722,17.6111,1160,1360,1071.37,970,1079.84,77.2031,99.4922,99.4219,78.4453,99.4922,257.109,29.25,5.432,3.664,6.112,93.75,56.0785,55.6863,0,-0.1875,59.3529,7.5,7.5,8.25
12.333,0,0,0,0,1.11395,0.99997,1,4,1,1,0.972902,0,0.972902,1.00488,0,18.3594,17.0556,16.7778,17.4722,1164.5,1360,1072.19,970,1082.46,77.2734,99.4922,99.4219,77.7656,98.9531,257.109,29.25,5.42,3.664,6.116,93.75,56.0785,55.6863,0,0.109375,58.6327,6.75,6.75,6.75
12.367,0,0,0,0,1.11603,0.99997,1,4,1,1,0.977785,0,0.972902,1.00366,0,17.5781,17.2778,17.7222,17.4167,1176.25,1350,1070.78,970,1082.5,77.1563,99.3516,99.7031,76.3125,98.4844,257.109,29.25,5.4,3.64,6.096,93.75,56.0785,56.4706,0,0.5,57.5539,2.25,2.25,2.25
12.4,0,0,0,0,1.11322,0.99997,1,4,1,1,0.981203,0,0.972902,1.00366,0,13.6719,17.1667,17.3333,17.8611,1174,1340,1075.12,970,1082.5,77.4844,99.7031,99.7734,78.9375,97.9219,257.109,29.25,5.432,3.648,6.128,93.75,56.4706,56.4706,0,0.140625,56.4751,4.5,4.5,4.5
12.433,0,0,0,0,1.11395,0.99997,1,4,1,1,0.981203,0,0.981203,1.00488,0,13.6719,17.3056,17.3333,17.8056,1171.25,1340,1077.42,970,1082.5,77.6484,99.7031,99.7734,79.0781,97.5938,257.109,29.25,5.396,3.66134,6.06,93.75,56.4706,56.4706,0,0.109375,55.7549,7.5,7.5,7.5
12.467,0,0,0,0,1.11847,0.99997,1,4,1,1,1,0,0.981203,1.00366,0,11.3281,17.4167,17.4167,17.4445,1178.5,1340,1075.74,970,1085.12,77.5313,99.7266,99.9609,76.5,97.2891,259.589,29.25,5.38,3.62667,6.044,93.75,57.6471,57.6471,0,-0.09375,55.0362,4.5,4.5,4.5
12.5,0,0,0,0,1.11993,0.99997,1,4,1,1,1,0,0.981203,1.00366,0,8.20313,17.3056,17.7778,18.1667,1182.25,1330,1078.59,970,1087.77,77.7422,99.9609,99.9609,79.2891,96.7031,259.589,29.25,5.392,3.62134,6.056,93.75,57.6471,57.6471,0,-0.171875,53.7773,4.5,4.5,4.5
12.533,0,0,0,0,1.12012,0.99997,1,4,1,1,1,0,1,1.00488,0,8.20313,17.4722,17.4445,17.9445,1181.25,1330,1079.84,970,1087.77,77.8359,99.9609,99.9609,78.6094,96.4219,259.589,29.25,5.3,3.63467,5.98,93.75,57.6471,57.6471,0,-0.09375,53.4172,8.25,8.25,9
12.567,0,0,0,0,1.12384,0.99997,1,4,1,1,1,0,1,1.00488,0,6.64063,17.6389,17.8333,17.9167,1189.75,1330,1079.45,970,1090.39,77.7891,99.8906,100.313,77.5781,96.8438,259.589,29.25,5.296,3.56534,5.976,93.75,58.0392,58.0392,0,0.1875,53.4172,4.5,4.5,4.5
12.6,0,0,0,0,1.12305,0.99997,1,4,1,1,1,0,1,1.00488,0,6.64063,17.5833,17.5278,18.1111,1186,1340,1083.16,970,1090.39,78.0703,100.313,100.453,79.2188,97.4297,259.589,29.25,5.32,3.57334,6,93.75,58.4314,58.0392,0,0.25,53.4172,6.75,6.75,6.75
12.633,0,0,0,0,1.12476,0.99997,1,4,1,1,1,0,1,1.00366,0,6.64063,17.6389,17.5278,18.1111,1190.75,1340,1084.57,965,1090.39,78.1641,100.313,100.453,79.0547,97.3359,259.589,28.5,5.324,3.58134,6.004,93.75,58.4314,58.0392,0,0.21875,53.4172,5.25,5.25,5.25
12.667,0,0,0,0,1.13007,0.99997,1,4,1,1,1,0,1,1.00488,0,6.64063,17.8056,17.9167,18.1667,1195.25,1340,1085.12,965,1093.05,78.2109,100.43,100.664,78.5391,97.8047,262.167,28.5,5.336,3.59467,6.016,93.75,58.0392,58.4314,0,-0.03125,53.4172,4.5,4.5,4.5
12.7,0,0,0,0,1.13031,0.99997,1,4,1,1,1,0,1,1.00366,0,5.85938,17.8611,17.8056,18.25,1192.75,1340,1089.14,965,1093.05,78.5156,100.664,100.805,79.4766,97.5703,262.167,28.5,5.368,3.608,6.048,93.75,58.0392,58.4314,0,-0.125,53.0571,6.75,6.75,6.75
12.733,0,0,0,0,1.13709,0.99997,1,4,1,1,1,0,1,1.00366,0,5.85938,17.8611,18.5556,18.7778,1197,1340,1091.99,965,1098.32,78.7266,100.664,100.805,80.4844,97.5938,262.167,28.5,5.384,3.616,6.048,93.75,58.0392,58.4314,0,-0.1875,53.0571,7.5,7.5,6.75
12.767,0,0,0,0,1.13782,0.99997,1,4,1,1,1,0,1,1.00488,0,5.85938,17.9722,17.6945,18.25,1198.25,1330,1092.46,965,1098.32,78.75,100.781,100.898,79.0547,97.0078,262.167,28.5,5.372,3.62134,6.036,93.75,58.4314,58.8235,0,-0.046875,53.0571,7.5,7.5,7.5
12.8,0,0,0,0,1.14191,0.99997,1,4,1,1,1,0,1,1.00366,0,5.07813,18.1111,18.3056,18.6111,1210.5,1330,1096.95,965,1098.32,79.1016,100.875,101.086,79.6406,96.6094,262.167,28.5,5.404,3.64267,6.068,93.75,59.2157,58.8235,0,0.0625,52.6985,4.5,4.5,4.5
12.833,0,0,0,0,1.14307,0.99997,1,4,1,1,1,0,1,1.00366,0,5.07813,18.2222,18.8889,18.2778,1209.25,1330,1096.09,965,1098.32,79.0313,100.875,101.086,78.5156,96.2109,262.167,28.5,5.4,3.64,6.08,93.75,59.2157,58.8235,0,0.265625,52.6985,6,6,6
12.867,0,0,0,0,1.14136,0.99997,1,4,1,1,1,0,1,1.00366,0,5.07813,18.2778,19.2222,18.6389,1214,1330,1096.45,965,1100.98,79.0781,101.109,101.344,79.2891,96.6797,264.843,28.5,5.4,3.63734,6.08,93.75,60,60,0,0.171875,52.6985,5.25,5.25,5.25
12.9,0,0,0,0,1.14056,0.99997,1,4,1,1,1,0,1,1.00366,0,5.07813,18.2222,18.5,18.6111,1207,1340,1097.73,965,1103.63,79.1719,101.32,101.273,79.5,97.1016,264.843,28.5,5.404,3.63734,6.084,93.75,60.3922,60,0,0,52.6985,6.75,6.75,9
12.933,0,0,0,0,1.13965,0.99997,1,4,1,1,1,0,1,1.00366,0,5.07813,18.2222,18.3056,18.6111,1214.25,1340,1097.93,965,1103.63,79.1719,101.32,101.273,79.3125,97.1016,264.843,27.75,5.4,3.64,6.068,93.75,60.3922,60,0,-0.171875,52.6985,6,6,6
12.967,0,0,0,0,1.13965,0.99997,1,4,1,1,1,0,1,1.00366,0,5.07813,18.5,18.3056,18.5,1224.5,1330,1096.76,965,1103.63,79.2891,101.531,101.531,78.375,96.4688,264.843,27.75,5.408,3.64267,6.076,93.75,59.6079,60,0,-0.0625,52.6985,3,3,3
13,0,0,0,0,1.14319,0.99997,1,4,1,1,1,0,1,1.00488,0,5.07813,18.3889,18.7222,18.8611,1217,1330,1099.92,965,1106.25,79.5469,101.508,101.508,80.1328,97.0781,264.843,27.75,5.424,3.656,6.092,93.75,59.6079,60,0,-0.1875,52.6985,7.5,7.5,7.5
13.033,0,0,0,0,1.14362,0.99997,1,4,1,1,1,0,1,1.00366,0,5.07813,18.4445,18.5556,19.5278,1227.5,1330,1104.26,965,1106.25,79.875,101.508,101.508,82.5234,96.8906,264.843,27.75,5.46,3.656,6.128,93.75,60,60,0,-0.0625,52.6985,4.5,4.5,4.5
13.067,0,0,0,0,1.15003,0.99997,1,4,1,1,1,0,1,1.00488,0,5.07813,18.6945,18.3889,19,1230,1320,1104.8,965,1108.91,79.9219,101.531,102,80.2734,95.9297,267.558,27.75,5.472,3.688,6.14,93.75,61.1765,60.7843,0,0.390625,52.6985,5.25,5.25,5.25
13.1,0,0,0,0,1.15155,0.99997,1,4,1,1,1,0,1,1.00366,0,5.07813,18.6945,18.8611,19.4445,1227.25,1320,1109.61,965,1108.91,80.2969,101.977,101.93,82.1484,96.0938,267.558,27.75,5.504,3.69334,6.172,93.75,60.3922,60.7843,0,0.15625,52.6985,6.75,6.75,7.5
13.133,0,0,0,0,1.15607,0.99997,1,4,1,1,1,0,1,1.00366,0,5.07813,18.75,18.5278,18.7778,1234.75,1320,1107.73,965,1111.48,80.1563,101.977,101.93,79.0313,96.1641,267.558,27.75,5.476,3.712,6.144,93.75,60.3922,60.7843,0,-0.015625,52.6985,6,6,6.75
13.167,0,0,0,0,1.15839,0.99997,1,4,1,1,1,0,1,1.00366,0,5.07813,18.8611,19.8333,18.9722,1234.75,1330,1105.86,965,1114.18,80.0391,101.953,102.281,79.0547,96.5391,267.558,27.75,5.452,3.688,6.12,93.75,61.9608,61.1765,0,-0.28125,52.6985,7.5,7.5,6.75
13.2,0,0,0,0,1.15259,0.99997,1,4,1,1,1,0,1,1.00366,0,5.07813,18.8611,19.0556,19.3333,1235,1330,1107.03,965,1114.18,80.1328,102.258,102.281,80.8594,96.5625,267.558,27.75,5.464,3.68267,6.132,93.75,61.5686,61.1765,0,-0.203125,52.6985,7.5,7.5,6.75
13.233,0,0,0,0,1.15295,0.99997,1,4,1,1,1,0,1,1.00366,0,5.07813,18.8611,18.5,19.5556,1241,1320,1109.26,965,1116.8,80.2969,102.258,102.281,81.6797,95.7891,267.558,27.75,5.48,3.68267,6.148,93.75,61.5686,61.1765,0,-0.203125,52.6985,7.5,7.5,6.75
13.267,0,0,0,0,1.15643,0.99997,1,4,1,1,1,0,1,1.00366,0,5.07813,18.9722,19.9167,19.6111,1246.75,1330,1110.51,965,1116.84,80.4141,102.281,102.492,81.3984,96.4922,270.39,27.75,5.488,3.688,6.156,93.75,61.9608,61.9608,0,-0.09375,52.6985,8.25,8.25,7.5
13.3,0,0,0,0,1.15448,0.99997,1,4,1,1,1,0,1,1.00366,0,5.07813,19.1945,19.5278,19.6945,1248.25,1320,1112.62,965,1116.84,80.5781,102.492,102.703,81.8672,96.2578,270.39,27.75,5.508,3.712,6.176,93.75,61.9608,61.9608,0,0.203125,52.6985,7.5,7.5,6.75
13.333,0,0,0,0,1.15711,0.99997,1,4,1,1,1,0,1,1.00366,0,5.07813,19.25,19.1389,19.5,1252.75,1320,1113.16,965,1119.41,80.625,102.492,102.703,80.9531,96.1172,270.39,27.75,5.5,3.70934,6.168,93.75,61.9608,61.9608,0,0.125,52.6985,6.75,6.75,6.75
13.367,0,0,0,0,1.15723,0.99997,1,4,1,1,1,0,1,1.00366,0,5.07813,19.1945,19.5833,19.8333,1248.75,1320,1115.31,965,1119.45,80.8125,102.703,102.844,82.3594,96.3516,270.39,27.75,5.516,3.70934,6.184,93.75,62.7451,62.7451,0,-0.03125,52.6985,6.75,6.75,6.75
13.4,0,0,0,0,1.16022,0.99997,1,4,1,1,1,0,1,1.00366,0,5.07813,19.3056,19.1945,19.8333,1250,1330,1117.77,965,1122.07,81,102.82,102.844,82.5,96.5391,270.39,27.75,5.536,3.73334,6.204,93.75,62.7451,62.7451,0,-0.421875,52.6985,6.75,6.75,6.75
13.433,0,0,0,0,1.16193,0.99997,1,4,1,1,1,0,1,1.00366,0,5.07813,19.3889,19.2778,19.4167,1260,1320,1115.78,965,1122.11,80.8359,102.82,102.844,79.6406,96.3047,270.39,27.75,5.504,3.712,6.172,93.75,63.1373,62.7451,0,-0.375,52.6985,7.5,7.5,6.75
13.467,0,0,0,0,1.16406,0.99997,1,4,1,1,1,0,1,1.00366,0,5.07813,19.5,19.6389,19.6389,1265,1320,1115.78,965,1124.73,80.8828,102.891,103.43,80.6719,96.3047,274.394,27.75,5.504,3.71467,6.172,93.75,63.5294,63.9216,0,-0.0625,52.6985,7.5,7.5,6.75
13.5,0,0,0,0,1.15961,0.99997,1,4,1,1,1,0,1,1.00366,0,5.07813,19.3889,20.0556,19.6945,1260.25,1320,1115.63,965,1122.11,80.8594,103.383,103.195,80.7891,95.9063,274.394,27.75,5.504,3.712,6.172,93.75,64.3137,63.9216,0,0.109375,52.6985,7.5,7.5,6.75
13.533,0,0,0,0,1.1637,0.99997,1,4,1,1,1,0,1,1.00366,0,5.07813,19.5,20.0278,20,1264,1320,1117.81,965,1127.38,81.0234,103.383,103.195,81.4453,95.7891,274.394,27,5.512,3.71467,6.18,93.75,63.9216,63.9216,0,0.21875,52.6985,7.5,7.5,7.5
13.567,0,0,0,0,1.16254,0.99997,1,4,1,1,1,0,1,1.00366,0,5.07813,19.5,20.0556,19.9167,1268,1330,1118.05,965,1127.38,80.6484,102.68,103.336,81.2109,96.5625,274.394,27,5.476,3.69334,6.144,93.75,63.9216,63.9216,0,-0.078125,52.6985,6.75,6.75,7.5
13.6,0,0,0,0,1.16132,0.99997,1,4,1,1,1,0,1,1.00366,0,5.07813,19.5,19.4445,19.7778,1276,1330,1119.22,965,1127.38,80.7422,103.313,103.453,80.5313,96.0938,274.394,27,5.484,3.69867,6.152,93.75,63.9216,63.9216,0,-0.296875,52.6985,7.5,7.5,6.75
13.633,0,0,0,0,1.16217,0.99997,1,4,1,1,1,0,1,1.00366,0,5.07813,19.6111,19.4445,20.2222,1281.5,1320,1121.25,965,1127.38,80.9063,103.313,103.453,82.1484,95.9063,274.394,27,5.496,3.696,6.16,93.75,63.9216,63.9216,0,-0.203125,52.6985,7.5,7.5,6.75
13.667,0,0,0,0,1.16632,0.99997,1,4,1,1,1,0,1,1.00366,0,5.07813,19.7222,19.7222,19.9722,1273.5,1330,1122.27,965,1130.04,81.0234,103.477,103.992,81.3516,96.3516,277.753,27,5.5,3.70667,6.164,93.75,64.7059,64.7059,0,-0.28125,52.6985,7.5,7.5,6.75
13.7,0,0,0,0,1.16492,0.99997,1,4,1,1,1,0,1,1.00366,0,5.07813,19.7778,19.5278,19.8889,1280.75,1330,1121.84,965,1130.04,80.9766,103.945,103.688,80.7422,96.0469,277.753,27,5.512,3.71734,6.176,93.75,64.7059,64.7059,0,-0.375,52.6985,7.5,7.5,7.5
13.733,0,0,0,0,1.16864,0.99997,1,4,1,1,1,0,1,1.00366,0,5.07813,19.7778,20.5278,20.4445,1285,1320,1122.85,965,1132.66,81.0469,103.945,103.688,81.7031,95.7656,277.753,27,5.504,3.71734,6.172,93.75,65.0981,64.7059,0,0.140625,52.6985,7.5,7.5,7.5
13.767,0,0,0,0,1.16846,0.99997,1,4,1,1,1,0,1,1.00366,0,5.07813,19.9445,20.5278,20.9167,1288,1330,1128.2,965,1135.31,81.4688,103.711,104.109,83.9297,96.0938,277.753,27,5.56,3.72534,6.228,93.75,65.0981,65.0981,0,0.28125,52.6985,7.5,7.5,7.5
13.8,0,0,0,0,1.17243,0.99997,1,4,1,1,1,0,1,1.00366,0,5.07813,20.1389,20.3056,20.7222,1293.5,1320,1131.37,965,1137.93,81.7266,104.086,104.414,83.6719,95.8125,277.753,27,5.584,3.768,6.252,93.75,65.0981,65.0981,0,-0.09375,52.6985,7.5,7.5,7.5
13.833,0,0,0,0,1.17041,0.99997,1,4,1,1,1,0,1,1.00366,0,5.07813,20.1945,20.4167,20.4722,1298,1320,1130.59,965,1135.31,81.6797,104.086,104.414,81.2109,95.6953,277.753,27,5.568,3.75734,6.236,93.75,65.0981,65.0981,0,-0.171875,52.6985,8.25,8.25,7.5
13.867,0,0,0,0,1.17554,0.99997,1,4,1,1,1,0,1,1.00366,0,5.07813,20.1945,20.3611,20.2778,1290.5,1330,1132.07,965,1140.55,81.8203,104.414,104.484,81.9375,96.1875,281.21,27,5.576,3.76267,6.244,93.75,66.2745,66.6667,0,-0.515625,52.6985,8.25,8.25,7.5
13.9,0,0,0,0,1.17133,0.99997,1,4,1,1,1,0,1,1.00366,0,5.07813,20.1389,20.4722,20.3056,1294.25,1320,1130.43,965,1137.97,81.6797,104.461,104.461,80.6953,95.8828,281.21,27,5.556,3.74934,6.224,93.75,67.0588,66.6667,0,-0.15625,52.6985,8.25,8.25,7.5
13.933,0,0,0,0,1.17023,0.99997,1,4,1,1,1,0,1,1.00366,0,5.07813,20.3056,20.3889,20.75,1307.5,1320,1132.23,965,1137.97,81.8203,104.461,104.461,82.7344,95.6719,281.21,27,5.568,3.74934,6.236,93.75,66.6667,66.6667,0,-0.15625,52.6985,8.25,8.25,8.25
13.967,0,0,0,0,1.17279,0.99997,1,4,1,1,1,0,1,1.00366,0,5.07813,20.3611,20.4445,20.8056,1308.5,1330,1130.86,965,1140.59,81.75,104.484,104.93,82.6875,96.0234,281.21,27,5.556,3.74134,6.224,93.75,66.6667,67.0588,0,0.03125,53.0571,8.25,8.25,8.25
14,0,0,0,0,1.17535,0.99997,1,4,1,1,1,0,1,1.00366,0,5.85938,20.3611,20.6667,20.3889,1308.75,1330,1129.1,965,1143.24,81.6328,104.906,104.977,80.5547,96.0234,281.21,27,5.544,3.74134,6.212,93.75,66.6667,67.0588,0,0.171875,53.0571,7.5,7.5,8.25
14.033,0,0,0,0,1.17639,0.99997,1,4,1,1,1,0,1,1.00366,0,5.85938,20.3611,20.8611,21,1307.25,1330,1131.52,965,1145.86,81.8203,104.906,104.977,83.3203,96.5156,281.21,26.25,5.556,3.74134,6.224,93.75,66.6667,67.0588,0,-0.15625,53.0571,7.5,7.5,7.5
14.067,0,0,0,0,1.17597,0.99997,1,4,1,1,1,0,1,1.00366,0,5.85938,20.4167,20.4445,20.8889,1308.25,1330,1134.49,965,1145.86,82.0547,104.953,104.93,83.2969,96.8672,284.609,26.25,5.584,3.75734,6.252,93.75,67.451,67.451,0,-0.203125,53.0571,8.25,8.25,7.5
14.1,0,0,0,0,1.1806,0.99997,1,4,1,1,1,0,1,1.00366,0,5.85938,20.6389,20.5278,20.9722,1319.5,1330,1134.92,965,1148.48,82.0781,104.953,105.375,82.3594,96.6328,284.609,26.25,5.588,3.77067,6.256,93.75,67.451,67.451,0,-0.203125,53.0571,8.25,8.25,7.5
14.133,0,0,0,0,1.17835,0.99997,1,4,1,1,1,0,1,1.00366,0,5.85938,20.7778,21.2778,21.4722,1326.75,1330,1137.89,965,1145.9,82.3359,104.953,105.375,84.3984,96.3984,284.609,26.25,5.612,3.768,6.292,93.75,67.451,67.451,0,-0.1875,53.0571,6,6,6
14.167,0,0,0,0,1.18121,0.99997,1,4,1,1,1,0,1,1.00366,0,5.85938,20.8889,21.2778,21.5556,1324.25,1330,1141.72,965,1148.48,82.8516,105.633,105.633,84.9844,96.5625,284.609,26.25,5.668,3.82667,6.348,93.75,68.2353,68.6275,0,0.03125,53.0571,7.5,7.5,8.25
14.2,0,0,0,0,1.18121,0.99997,1,4,1,1,1,0,1,1.00366,0,5.85938,20.8889,21.3334,21.2222,1323.25,1340,1142.54,965,1148.52,82.8984,105.586,105.469,83.3672,97.1953,284.609,26.25,5.664,3.81867,6.344,93.75,68.6275,68.6275,0,0.078125,53.0571,7.5,7.5,8.25
14.233,0,0,0,0,1.18225,0.99997,1,4,1,1,1,0,1,1.00366,0,5.85938,20.8889,21.3611,21.3889,1328.25,1330,1143.05,965,1151.17,82.9453,105.586,105.469,83.25,97.0313,284.609,26.25,5.664,3.82667,6.344,93.75,68.6275,68.6275,0,0.046875,53.0571,6.75,6.75,6.75
14.267,0,0,0,0,1.17774,0.99997,1,4,1,1,1,0,1,1.00366,0,5.85938,21.0556,21.2778,21.1111,1335.25,1330,1142.97,965,1148.52,82.9688,105.492,105.703,82.8047,96.9844,288.085,26.25,5.66,3.82667,6.34,93.75,68.6275,68.2353,0,-0.234375,53.0571,7.5,7.5,7.5
14.3,0,0,0,0,1.18219,0.99997,1,4,1,1,1,0,1,1.00366,0,5.85938,21.1667,21.3611,21.5556,1337,1330,1143.28,965,1153.79,82.9922,105.703,105.938,83.2031,96.7969,288.085,26.25,5.656,3.82134,6.336,93.75,68.6275,68.2353,0,-0.3125,53.0571,8.25,8.25,8.25
14.333,0,0,0,0,1.17871,0.99997,1,4,1,1,1,0,1,1.00366,0,5.85938,21.1667,21.3611,21.3611,1337.5,1330,1142.81,965,1151.17,82.9688,105.703,105.938,82.6875,96.7969,288.085,26.25,5.652,3.81867,6.424,93.75,68.6275,68.2353,0,-0.359375,53.0571,8.25,8.25,8.25
14.367,0,0,0,0,1.18329,0.99997,1,4,1,1,1,0,1,1.00366,0,5.85938,21.2778,21.3889,21.6667,1343.25,1340,1143.36,965,1156.45,83.0391,105.938,106.242,83.2031,97.3359,288.085,26.25,5.652,3.81867,6.424,93.75,69.0196,69.4118,0,-0.171875,53.4172,8.25,8.25,8.25
14.4,0,0,0,0,1.18054,0.99997,1,4,1,1,1,0,1,1.00366,0,6.64063,21.3056,21.3334,21.6667,1345,1340,1145.74,965,1153.79,83.2266,106.219,106.313,84.2109,97.4297,288.085,26.25,5.668,3.82134,6.44,93.75,69.4118,69.4118,0,0.09375,53.4172,8.25,8.25,8.25
14.433,0,0,0,0,1.18439,0.99997,1,4,1,1,1,0,1,1.00366,0,6.64063,21.3056,21.4167,22.1945,1343.5,1340,1149.41,965,1156.45,83.5078,106.219,106.313,85.7813,97.4063,288.085,26.25,5.7,3.82934,6.38,93.75,69.4118,69.4118,0,0.09375,53.4172,8.25,8.25,8.25
14.467,0,0,0,0,1.19055,0.99997,1,4,1,1,1,0,1,1.00366,0,7.42188,21.4722,21.5278,22.2222,1353.75,1340,1152.27,965,1159.1,83.7188,106.289,106.242,85.0781,98.3672,291.601,26.25,5.712,3.85067,6.392,93.75,69.8039,69.8039,0,-0.296875,54.1374,8.25,8.25,8.25
14.5,0,0,0,0,1.19244,0.99997,1,4,1,1,1,0,1,1.00366,0,8.98438,21.6945,21.5556,22.2222,1357.75,1350,1154.18,965,1159.1,83.8828,106.266,106.617,85.0547,98.6016,291.601,26.25,5.728,3.872,6.408,93.75,69.8039,69.8039,0,-0.484375,54.496,8.25,8.25,8.25
14.533,0,0,0,0,1.19721,0.99997,1,4,1,1,1,0,1,1.00366,0,8.98438,21.75,21.5834,21.9445,1359.75,1350,1154.34,965,1161.72,83.9063,106.266,106.617,84,98.5547,291.601,26.25,5.724,3.86934,6.392,93.75,69.8039,69.8039,0,-0.453125,54.496,8.25,8.25,8.25
14.567,0,0,0,0,1.19611,0.99997,1,4,1,1,1,0,1,1.00366,0,9.76563,21.75,21.6667,22.0834,1360,1350,1152.38,965,1161.72,83.7891,106.617,107.039,84.2344,98.9063,291.601,26.25,5.7,3.85334,6.368,93.75,71.3726,70.9804,0,-0.09375,54.8561,8.25,8.25,8.25
14.6,0,0,0,0,1.19928,0.99997,1,4,1,1,1,0,1,1.00366,0,10.5469,21.6945,22.4722,22.4167,1357.25,1360,1157.77,965,1164.38,84.1875,106.992,106.617,85.4297,99.6797,291.601,26.25,5.744,3.87467,6.412,93.75,70.9804,70.9804,0,0.078125,55.2162,8.25,8.25,10.5
14.633,0,0,0,0,1.2005,0.99997,1,4,1,1,1,0,1,1.00366,0,10.5469,21.8056,21.6945,22,1369,1370,1156.48,965,1166.99,84.0938,106.992,106.617,83.3203,100.289,291.601,26.25,5.728,3.88267,6.408,93.75,70.9804,70.9804,0,0.015625,55.5748,6,6,6
14.667,0,0,0,0,1.19946,0.99997,1,4,1,1,1,0,1,1.00366,0,11.3281,22,22.4722,22.6389,1376.5,1370,1155.94,965,1167.03,84.2813,106.922,107.18,85.1953,100.945,295.233,26.25,5.744,3.872,6.424,93.75,70.5883,70.9804,0,-0.125,55.9349,5.25,5.25,5.25
14.7,0,0,0,0,1.20032,0.99997,1,4,1,1,1,0,1,1.00366,0,12.1094,22.1667,22.4445,23,1374,1370,1159.77,965,1169.61,84.6094,107.18,107.461,86.9297,100.969,295.233,26.25,5.772,3.904,6.452,93.75,70.5883,70.9804,0,-0.5,55.9349,7.5,7.5,7.5
14.733,0,0,0,0,1.20111,0.99997,1,4,1,1,1,0,1,1.00366,0,12.1094,22.2778,22.5,23.0834,1362,1370,1163.83,965,1169.65,84.9141,107.18,107.461,87.8672,101.156,295.233,26.25,5.804,3.896,6.484,93.75,70.5883,70.9804,0,-0.5,56.295,8.25,8.25,16.5
14.767,0,0,0,0,1.20453,0.99997,1,4,1,1,1,0,1,1.00366,0,12.8906,22.1111,22.5278,22.6945,1366.5,1380,1165.86,965,1172.3,85.0547,107.391,106.922,86.3203,101.625,295.233,26.25,5.824,3.94134,6.504,93.75,71.7647,72.549,0,-0.234375,56.295,7.5,7.5,11.25
14.8,0,0,0,0,1.20557,0.99997,1,4,1,1,1,0,1,1.00366,0,12.8906,22.3889,22.6389,22.8611,1400.5,1380,1165.51,965,1172.3,85.0547,106.992,107.602,84.6328,101.93,295.233,26.25,5.808,3.93067,6.488,93.75,72.9412,72.549,0,-0.140625,56.6551,3,3,3
14.833,0,0,0,0,1.20795,0.99997,1,4,1,1,1,0,1,1.00366,0,12.8906,22.6945,22.6111,23.0834,1397.5,1380,1166.64,965,1174.88,85.1484,106.992,107.602,85.8516,101.602,295.233,26.25,5.82,3.93067,6.5,93.75,72.9412,72.549,0,0.171875,56.6551,3.75,3.75,3.75
14.867,0,0,0,0,1.20966,0.99997,1,4,1,1,1,0,1,1.00366,0,13.6719,22.3889,22.6945,23.5278,1358.5,1380,1175.78,965,1177.54,85.875,107.625,108.234,89.8828,102.07,300.058,26.25,5.904,3.95467,6.584,93.75,74.1177,74.1177,0,0.09375,56.6551,6.75,6.75,15.75
14.9,0,0,0,0,1.21478,0.99997,1,4,1,1,1,0,1,1.00366,0,13.6719,22.6389,22.75,23.3334,1382,1380,1177.62,965,1180.2,86.0391,108.141,107.648,87.1641,102,300.058,26.25,5.904,4,6.584,93.75,74.1177,74.1177,0,-0.515625,56.6551,6.75,6.75,7.5
14.933,0,0,0,0,1.21515,0.99997,1,4,1,1,1,0,1,1.00366,0,13.6719,22.9167,23.6111,23.5,1410.5,1380,1175.16,965,1180.23,85.8281,108.141,107.648,86.0625,101.648,300.058,26.25,5.864,3.968,6.532,93.75,74.1177,74.1177,0,-0.375,56.6551,3,3,3
14.967,0,0,0,0,1.21265,0.99997,1,4,1,1,1,0,1,1.00366,0,13.6719,23.0834,23.5834,23.75,1402.75,1390,1179.53,965,1180.23,86.2031,107.742,108.703,88.1016,102.258,300.058,26.25,5.9,3.976,6.568,93.75,74.1177,74.1177,0,-0.359375,56.6551,6.75,6.75,6.75
15,0,0,0,0,1.21753,0.99997,1,4,1,1,1,0,1,1.00366,0,13.6719,23.0834,23.6111,23.6389,1402.5,1380,1181.02,965,1185.51,86.3203,108.633,108.422,87.2344,101.906,300.058,26.25,5.916,4.00801,6.584,93.75,74.1177,74.1177,0,-0.4375,56.6551,7.5,7.5,8.25
15.033,0,0,0,0,1.21594,0.99997,1,4,1,1,1,0,1,1.00366,0,13.6719,23.0278,23.6667,23.5834,1399.75,1380,1181.76,965,1185.51,86.3906,108.633,108.422,86.8359,101.953,300.058,25.5,5.924,4.01334,6.604,93.75,74.1177,74.1177,0,0.046875,56.6551,7.5,7.5,9
15.067,0,0,0,0,1.22058,0.99997,1,4,1,1,1,0,1,1.00366,0,13.6719,23.0278,22.9722,23.6667,1398.5,1390,1183.16,965,1188.16,86.4844,108.422,108.375,86.625,102.867,303.808,25.5,5.924,4.01334,6.604,93.75,74.1177,74.1177,0,-0.15625,56.6551,7.5,7.5,9.75
15.1,0,0,0,0,1.22058,0.99997,1,4,1,1,1,0,1,1.00366,0,13.6719,23.1945,22.9167,23.7222,1411.25,1390,1185.35,965,1188.16,86.6719,108.375,108.469,87.2813,102.539,303.808,25.5,5.936,4.01601,6.616,93.75,74.1177,74.1177,0,-0.40625,56.6551,6,6,6
15.133,0,0,0,0,1.22748,0.99997,1,4,1,1,1,0,1,1.00366,0,13.6719,23.3056,23.7222,24,1416.5,1390,1187.5,965,1193.4,86.8359,108.375,108.469,88.1719,102.305,303.808,25.5,5.944,4.02134,6.612,93.75,74.1177,74.1177,0,-0.640625,56.6551,7.5,7.5,7.5
15.167,0,0,0,0,1.22608,0.99997,1,4,1,1,1,0,1,1.00366,0,13.6719,23.5,23.8056,24.0834,1422,1390,1188.09,965,1193.4,86.9063,108.492,109.078,88.0313,102.234,303.808,25.5,5.952,4.02134,6.62,93.75,75.2941,74.902,0,-0.359375,56.6551,7.5,7.5,7.5
15.2,0,0,0,0,1.22992,0.99997,1,4,1,1,1,0,1,1.00366,0,13.6719,23.6667,23.8611,24.6389,1423.25,1390,1191.95,965,1196.05,87.2109,109.078,109.172,89.5781,102.352,303.808,25.5,5.98,4.05067,6.648,93.75,75.2941,74.902,0,-0.265625,56.6551,7.5,7.5,7.5
15.233,0,0,0,0,1.22711,0.99997,1,4,1,1,1,0,1,1.00366,0,13.6719,23.6667,23.8611,24.0556,1423.5,1390,1192.77,965,1193.44,87.2813,109.078,109.172,87.9609,102.328,303.808,25.5,5.976,4.04801,6.656,93.75,74.902,74.902,0,-0.078125,56.6551,7.5,7.5,7.5
15.267,0,0,0,0,1.22894,0.99997,1,4,1,1,1,0,1,1.00366,0,13.6719,23.5556,23.9167,24.7222,1421.25,1390,1197.3,965,1196.05,87.6563,109.148,109.172,90.4688,102.961,307.655,25.5,6.02,4.04801,6.7,93.75,75.6863,75.6863,0,-0.03125,56.6551,7.5,7.5,9
15.3,0,0,0,0,1.23309,0.99997,1,4,1,1,1,0,1,1.00366,0,13.6719,23.8334,23.9722,24.0556,1428,1390,1196.52,965,1198.71,87.5859,109.148,109.336,87.1406,102.797,307.655,25.5,6.012,4.07201,6.692,93.75,75.6863,75.6863,0,-0.28125,56.6551,6.75,6.75,6.75
15.333,0,0,0,0,1.22949,0.99997,1,4,1,1,1,0,1,1.00366,0,13.6719,23.8889,23.9167,24.1667,1439.25,1390,1197.07,965,1196.05,87.6328,109.148,109.336,87.9375,102.773,307.655,25.5,6,4.06401,6.68,93.75,75.6863,75.6863,0,-0.59375,56.6551,5.25,5.25,5.25
15.367,0,0,0,0,1.23554,0.99997,1,4,1,1,1,0,1,1.00366,0,13.6719,24.1389,24.8334,25.0278,1434.5,1390,1200.59,965,1201.37,88.1484,109.641,109.758,90.5391,102.633,307.655,25.5,6.052,4.08801,6.732,93.75,75.6863,76.0785,0,-0.328125,56.6551,8.25,8.25,9
15.4,0,0,0,0,1.23804,0.99997,1,4,1,1,1,0,1,1.00366,0,13.6719,24.1945,24.1111,24.9167,1437.25,1390,1202.58,965,1203.98,88.3125,109.711,109.57,89.5547,103.125,307.655,25.5,6.08,4.12001,6.76,93.75,76.0785,76.0785,0,-0.3125,56.6551,7.5,7.5,9
15.433,0,0,0,0,1.24616,0.99997,1,4,1,1,1,0,1,1.00366,0,13.6719,24.3611,24.1111,25.0556,1445.5,1390,1204.77,965,1209.3,88.4766,109.711,109.57,89.8359,102.938,307.655,25.5,6.088,4.12534,6.768,93.75,76.0785,76.0785,0,-0.09375,56.6551,6,6,6
15.467,0,0,0,0,1.24481,0.99997,1,4,1,1,1,0,1,1.00366,0,13.6719,24.5278,24.9445,25.4445,1449.75,1390,1207.5,965,1206.6,88.7344,109.617,110.203,91.6406,103.008,311.679,25.5,6.108,4.13867,6.788,93.75,77.2549,76.4706,0,-0.40625,56.6551,6.75,6.75,6.75
15.5,0,0,0,0,1.24829,0.99997,1,4,1,1,1,0,1,1.00366,0,13.6719,24.5834,25.0834,25.3334,1449,1390,1210.63,965,1209.3,88.9688,110.156,109.898,90.3281,103.008,311.679,25.5,6.12,4.14667,6.8,93.75,76.4706,76.4706,0,-0.484375,56.6551,7.5,7.5,7.5
15.533,0,0,0,0,1.25,0.99997,1,4,1,1,1,0,1,1.00366,0,13.6719,24.5278,25.1389,25.2222,1444.5,1390,1211.91,965,1211.91,89.0625,110.156,109.898,89.8828,102.984,311.679,25.5,6.124,4.14934,6.804,93.75,76.8628,76.4706,0,-0.546875,56.6551,7.5,7.5,7.5
15.567,0,0,0,0,1.25025,0.99997,1,4,1,1,1,0,1,1.00366,0,13.6719,24.7222,25.1667,25.0834,1460.75,1390,1210.47,965,1214.57,88.9922,109.945,110.438,88.4063,103.125,311.679,25.5,6.104,4.13601,6.784,93.75,78.0392,77.6471,0,-0.390625,56.6551,7.5,7.5,7.5
15.6,0,0,0,0,1.24799,0.99997,1,4,1,1,1,0,1,1.00366,0,13.6719,24.8334,25.1111,25,1465.25,1390,1209.26,965,1214.57,88.9219,110.438,110.648,88.4766,103.055,311.679,25.5,6.092,4.13334,6.772,93.75,77.6471,77.6471,0,-0.265625,56.6551,7.5,7.5,7.5
15.633,0,0,0,0,1.24896,0.99997,1,4,1,1,1,0,1,1.00366,0,13.6719,24.8334,25.0834,25.75,1469.5,1390,1212.34,965,1217.15,89.1563,110.438,110.648,91.0781,102.938,311.679,25.5,6.116,4.12801,6.804,93.75,77.6471,77.6471,0,-0.046875,56.6551,7.5,7.5,7.5
15.667,0,0,0,0,1.2561,0.99997,1,4,1,1,1,0,1,1.00366,0,13.6719,25,25.1667,25.0834,1466.75,1400,1212.66,965,1222.46,89.2031,110.648,110.813,88.7109,103.875,315.663,25.5,6.116,4.14934,6.804,93.75,78.4314,78.8236,0,-0.40625,57.0137,7.5,7.5,7.5
15.7,0,0,0,0,1.25104,0.99997,1,4,1,1,1,0,1,1.00366,0,13.6719,24.8889,25.1667,25.4722,1468.25,1400,1211.41,965,1219.84,89.1094,110.789,110.836,90.0234,103.969,315.663,25.5,6.096,4.12267,6.784,93.75,78.8236,78.8236,0,-0.625,57.0137,7.5,7.5,7.5
15.733,0,0,0,0,1.25,0.99997,1,4,1,1,1,0,1,1.00366,0,13.6719,24.9445,25.1667,25.3889,1473.5,1400,1212.07,965,1219.84,89.1797,110.789,110.836,89.5781,103.875,315.663,25.5,6.096,4.13067,6.764,94.5,78.8236,78.8236,0,-0.5625,57.0137,7.5,7.5,7.5
15.767,0,0,0,0,1.25336,0.99997,1,4,1,1,1,0,1,1.00366,0,13.6719,25.1111,25.2778,25.2222,1479.75,1400,1210.82,965,1222.5,89.0859,110.836,111,87.7031,103.992,315.663,25.5,6.088,4.13601,6.756,94.5,78.8236,78.8236,0,-0.328125,57.0137,8.25,8.25,7.5
15.8,0,0,0,0,1.25372,0.99997,1,4,1,1,1,0,1,1.00366,0,13.6719,25.2778,25.25,26.1945,1482.75,1400,1216.99,965,1222.5,89.6016,111.047,111.469,92.0625,103.922,315.663,25.5,6.14,4.13334,6.808,94.5,78.8236,78.8236,0,-0.0625,57.0137,8.25,8.25,7.5
15.833,0,0,0,0,1.25971,0.99997,1,4,1,1,1,0,1,1.00366,0,13.6719,25.3056,26.0834,25.3056,1481.5,1400,1216.25,965,1225.08,89.5547,111.047,111.469,89.0859,103.875,315.663,25.5,6.144,4.16001,6.824,93.75,78.8236,78.8236,0,-0.046875,57.3738,8.25,8.25,7.5
15.867,0,0,0,0,1.258,0.99997,1,4,1,1,1,0,1,1.00366,0,14.4531,25.2778,26.1667,26.1111,1485,1400,1219.8,965,1227.77,89.8125,111.422,111.305,90.8203,104.016,320.839,25.5,6.172,4.17334,6.852,93.75,80,80,0,-0.34375,57.3738,8.25,8.25,8.25
15.9,0,0,0,0,1.2572,0.99997,1,4,1,1,1,0,1,1.00366,0,14.4531,25.6389,26.1389,26.1945,1502,1400,1220.59,965,1227.77,89.9063,111.352,111.938,90.5625,104.18,320.839,25.5,6.176,4.17334,6.856,93.75,80.3922,80,0,-0.546875,57.3738,5.25,5.25,5.25
15.933,0,0,0,0,1.25983,0.99997,1,4,1,1,1,0,1,1.00366,0,14.4531,25.75,26.1389,26.4445,1503.75,1400,1222.89,965,1230.39,90.0938,111.352,111.938,91.5234,104.063,320.839,25.5,6.196,4.18401,6.864,94.5,80,80,0,-0.671875,57.3738,6.75,6.75,6.75
15.967,0,0,0,0,1.26306,0.99997,1,4,1,1,1,0,1,1.00366,0,14.4531,25.8611,26.1945,26.0278,1496.5,1410,1224.96,965,1233.01,90.2813,111.914,112.148,90.2813,104.695,320.839,25.5,6.208,4.20801,6.876,94.5,80.7843,81.1765,0,-0.421875,57.3738,7.5,7.5,9.75
16,0,0,0,0,1.26477,0.99997,1,4,1,1,1,0,1,1.00366,0,14.4531,25.9167,26.3334,27.0834,1500.25,1410,1231.09,965,1235.7,90.75,112.125,112.008,93,105.164,320.839,25.5,6.252,4.21601,6.92,94.5,81.5687,81.1765,0,0,57.3738,7.5,7.5,9
16.033,0,0,0,0,1.26849,0.99997,1,4,1,1,1,0,1,1.00366,0,14.4531,25.9722,26.3334,26.4445,1506,1410,1231.13,965,1238.28,90.75,112.125,112.008,90.7969,104.484,320.839,25.5,6.248,4.23467,6.916,93.75,81.5687,81.1765,0,-0.046875,57.3738,7.5,7.5,7.5
16.067,0,0,0,0,1.27081,0.99997,1,4,1,1,1,0,1,1.00366,0,14.4531,26.2778,26.3889,27.1389,1514.25,1410,1234.77,965,1240.94,91.0547,112.008,112.266,92.6953,104.578,324.98,25.5,6.272,4.23467,6.94,93.75,81.5687,81.1765,0,-0.328125,57.3738,7.5,7.5,7.5
16.1,0,0,0,0,1.26898,0.99997,1,4,1,1,1,0,1,1.00366,0,14.4531,26.2778,26.3889,27.0556,1512.25,1400,1237.3,965,1238.32,91.2656,112.289,112.734,93.1406,104.461,324.98,25.5,6.304,4.25067,6.972,93.75,81.1765,81.1765,0,-0.5625,57.3738,7.5,7.5,10.5
16.133,0,0,0,0,1.27564,0.99997,1,4,1,1,1,0,1,1.00366,0,14.4531,26.3334,26.4722,26.6389,1504.75,1400,1237.89,965,1243.63,91.3125,112.289,112.734,91.6875,104.203,324.98,24.75,6.3,4.26934,6.964,94.5,81.5687,81.1765,0,-0.421875,57.0137,7.5,7.5,15.75
16.167,0,0,0,0,1.27551,0.99997,1,4,1,1,1,0,1,1.00366,0,13.6719,26.4445,26.6111,27.3889,1523.5,1390,1240.12,965,1243.63,91.6875,112.945,112.195,92.4844,103.57,324.98,24.75,6.328,4.28534,6.992,94.5,82.353,81.9608,0,-0.375,56.6551,6,6,6
16.2,0,0,0,0,1.27728,0.99997,1,4,1,1,1,0,1,1.00366,0,12.8906,26.8611,27.4167,27.6111,1527.25,1380,1244.8,965,1243.63,92.1094,112.313,113.648,94.1719,103.125,324.98,24.75,6.372,4.29334,7.036,94.5,81.9608,81.9608,0,0.078125,55.9349,8.25,8.25,8.25
16.233,0,0,0,0,1.28101,0.99997,1,4,1,1,1,0,1,1.00366,0,12.8906,26.8056,27.5556,27.6667,1533.75,1360,1245.9,965,1246.25,92.1797,112.313,113.648,92.8828,100.781,324.98,24.75,6.376,4.31734,7.056,93.75,81.9608,81.9608,0,-0.171875,54.1374,6.75,6.75,6.75
16.267,0,0,0,0,1.28314,0.99997,1,4,1,1,1,0,1,1.00366,0,8.20313,27.0278,27.5556,28.0278,1532.5,1340,1252.23,965,1248.91,92.6719,113.602,113.648,94.6875,99.2813,329.198,24.75,6.424,4.33334,7.104,93.75,82.7451,83.1373,0,-0.5,53.4172,8.25,8.25,9
16.3,0,0,0,0,1.28571,0.99997,1,4,1,1,1,0,1,1.00366,0,5.85938,27.0834,27.6389,27.6111,1536,1360,1252.7,965,1251.56,92.6953,113.625,113.555,92.8828,99.7734,329.198,24.75,6.424,4.35467,7.104,93.75,83.5294,83.1373,0,-0.671875,53.0571,8.25,8.25,9
16.333,0,0,0,0,1.28656,0.99997,1,4,1,1,1,0,1,1.00488,0,5.85938,27.1389,27.6389,27.5834,1542.75,1330,1251.76,965,1254.18,92.625,113.625,113.555,92.0625,98.3203,329.198,24.75,6.408,4.34134,7.088,94.5,83.5294,83.1373,0,-0.359375,52.3384,6.75,6.75,6.75
16.367,0,0,0,0,1.28717,0.99997,1,4,1,1,1,0,1,1.00366,0,4.29688,27.3889,27.6111,27.7778,1547.75,1330,1253.24,965,1256.8,92.7656,113.578,113.977,93.0469,97.6406,329.198,24.75,6.416,4.34667,7.096,94.5,83.9216,83.9216,0,-0.0625,51.9783,8.25,8.25,8.25
16.4,0,0,0,0,1.28595,0.99997,1,4,1,1,1,0,1,1.00366,0,3.51563,27.3889,27.6389,28.1111,1550,1330,1253.24,965,1256.84,92.7656,113.977,114.211,93.9844,97.0313,329.198,24.75,6.408,4.34134,7.088,94.5,83.9216,83.9216,0,-0.328125,51.6181,8.25,8.25,8.25
16.433,0,0,0,0,1.28815,0.99997,1,4,1,1,1,0,1,1.00366,0,3.51563,27.5556,27.6111,28.1389,1555,1330,1254.96,965,1259.41,92.8828,113.977,114.211,93.9609,96.8672,329.198,24.75,6.416,4.34667,7.084,94.5,83.5294,83.9216,0,-0.4375,51.6181,8.25,8.25,8.25
16.467,0,0,0,0,1.28864,0.99997,1,4,1,1,1,0,1,1.00366,0,3.51563,27.5556,27.6667,28.2222,1555.75,1330,1257.89,965,1259.45,93.1406,114.211,114.656,94.2891,97.1953,333.378,24.75,6.44,4.35201,7.108,94.5,83.1373,80.7843,0,-0.703125,51.6181,8.25,8.25,8.25
16.5,0,0,0,0,1.29248,0.99997,1,4,1,1,1,0,1,1.00366,0,3.51563,27.7222,27.7222,28.2778,1560,1330,1258.79,965,1262.11,93.2109,114.633,114.633,93.7734,97.3125,333.378,24.75,6.44,4.36267,7.108,94.5,80.3922,78.4314,0,-0.65625,51.6181,8.25,8.25,8.25
16.533,0,0,0,0,1.2945,0.99997,1,4,1,1,1,0,1,1.00366,0,3.51563,27.7222,28.5556,27.7778,1569.25,1330,1255.78,965,1264.77,92.9766,114.633,114.633,91.4297,97.2891,333.378,24.75,6.412,4.35734,7.108,94.5,78.0392,77.2549,0,-0.5,51.6181,8.25,8.25,8.25
16.567,0,0,0,0,1.2912,0.99997,1,4,1,1,1,0,1,1.00488,0,3.51563,27.8334,28.4722,28.4722,1571,1330,1256.13,965,1267.38,93.0234,114.656,115.266,93.5625,97.4531,333.378,24.75,6.412,4.34134,7.108,94.5,75.6863,75.6863,0,-0.21875,51.6181,8.25,8.25,8.25
16.6,0,0,0,0,1.289,0.99997,1,4,1,1,1,0,1,1.00366,0,3.51563,27.9445,28.3611,28.6111,1571.25,1330,1258.83,965,1267.34,93.2344,115.266,115.383,94.8984,97.5469,333.378,24.75,6.428,4.35201,7.124,94.5,74.5098,74.5098,0,-0.421875,51.6181,8.25,8.25,8.25
16.633,0,0,0,0,1.28906,0.99997,1,4,1,1,1,0,1,1.00366,0,3.51563,27.9722,28.3611,28.8889,1571.75,1330,1263.05,965,1267.38,93.5625,115.266,115.383,95.5078,97.5469,333.378,24.75,6.464,4.36001,7.132,94.5,73.7255,73.7255,0,-0.46875,51.6181,8.25,8.25,8.25
16.667,0,0,0,0,1.29169,0.99997,1,4,1,1,1,0,1,1.00488,0,3.51563,28.0834,28.4445,28.1111,1580.25,1340,1260.04,965,1270.04,93.3281,115.359,115.406,92.2734,98.4844,338.808,24.75,6.428,4.36534,7.096,94.5,72.9412,72.9412,0,-0.421875,51.6181,8.25,8.25,8.25
16.7,0,0,0,0,1.29193,0.99997,1,4,1,1,1,0,1,1.00366,0,3.51563,28.1945,28.4167,28.6667,1591.75,1340,1258.91,965,1272.7,93.2578,115.43,116.039,93.1875,98.3906,338.808,24.75,6.424,4.34934,7.092,94.5,72.9412,73.3334,0,-0.46875,51.6181,8.25,8.25,7.5
16.733,0,0,0,0,1.2912,0.99997,1,4,1,1,1,0,1,1.00488,0,3.51563,28.3056,28.4167,29.2222,1594.25,1330,1261.56,965,1272.7,93.4688,115.43,116.039,95.1094,97.6641,338.808,24.75,6.44,4.34934,7.12,94.5,73.3334,73.7255,0,-0.015625,51.6181,8.25,8.25,7.5
16.767,0,0,0,0,1.29669,0.99997,1,4,1,1,1,0,1,1.00366,0,3.51563,28.4722,28.4722,28.9167,1586.5,1350,1265.2,965,1275.27,93.7734,116.063,116.438,94.9219,98.4609,338.808,24.75,6.468,4.38134,7.148,94.5,73.7255,73.3334,0,-0.234375,51.6181,7.5,7.5,11.25
16.8,0,0,0,0,1.29895,0.99997,1,4,1,1,1,0,1,1.00366,0,3.51563,28.5278,28.5556,29.3056,1589.75,1350,1270.39,965,1275.31,94.1484,116.391,116.109,95.8125,98.9297,338.808,24.75,6.528,4.42134,7.208,94.5,72.9412,72.9412,0,-0.34375,51.6181,7.5,7.5,9
16.833,0,0,0,0,1.30646,0.99997,1,4,1,1,1,0,1,1.00366,0,3.51563,28.7222,28.75,29.5556,1598.75,1350,1271.6,965,1280.59,94.2422,116.391,116.109,93.5391,98.7188,338.808,24.75,6.516,4.42134,7.196,94.5,72.9412,72.9412,0,-0.609375,51.6181,6.75,6.75,6.75
16.867,0,0,0,0,1.3042,0.99997,1,4,1,1,1,0,1,1.00366,0,3.51563,28.8334,29.5556,29.3334,1609.5,1350,1272.11,965,1277.97,94.3594,116.227,116.977,95.2031,98.9531,343.124,24.75,6.532,4.41867,7.212,94.5,73.3334,73.7255,0,-0.4375,51.6181,6.75,6.75,6.75
16.9,0,0,0,0,1.30896,0.99997,1,4,1,1,1,0,1,1.00366,0,3.51563,28.9445,29.6667,29.8611,1604.25,1350,1274.65,965,1283.24,94.6172,117.023,117.188,96.1406,98.8828,343.124,24.75,6.56,4.44267,7.24,94.5,74.1177,74.5098,0,-0.0625,51.6181,8.25,8.25,9
16.933,0,0,0,0,1.30719,0.99997,1,4,1,1,1,0,1,1.00366,0,3.51563,29.0556,29.6389,29.2778,1612.25,1340,1273.2,965,1283.24,94.5,117.023,117.188,94.3125,98.2031,343.124,24.75,6.532,4.42934,7.228,94.5,74.5098,74.5098,0,-0.0625,51.6181,8.25,8.25,8.25
16.967,0,0,0,0,1.30921,0.99997,1,4,1,1,1,0,1,1.00366,0,3.51563,29.2778,29.6389,29.6111,1613.75,1340,1274.57,965,1288.48,94.8984,117.516,117.328,95.1797,98.6953,343.124,24.75,6.576,4.45334,7.272,94.5,74.5098,73.7255,0,-0.1875,51.6181,8.25,8.25,8.25
17,0,0,0,0,1.30774,0.99997,1,4,1,1,1,0,1,1.00366,0,3.51563,29.3056,29.6389,30.2222,1624.75,1350,1276.52,965,1288.52,95.1328,117.445,117.75,96.375,99.0469,343.124,24.75,6.596,4.44534,7.292,94.5,74.1177,72.9412,0,-0.59375,51.6181,8.25,8.25,8.25
17.033,0,0,0,0,1.31079,0.99997,1,4,1,1,1,0,1,1.00488,0,3.51563,29.4722,29.6389,29.6945,1632.5,1340,1275.55,965,1291.13,95.0625,117.445,117.75,94.4766,98.1328,343.124,24.75,6.58,4.46667,7.248,94.5,72.9412,72.549,0,-0.390625,51.2596,8.25,8.25,8.25
17.067,0,0,0,0,1.30951,0.99997,1,4,1,1,1,0,1,1.00366,0,2.73438,29.4722,29.6667,29.8889,1624,1330,1275.59,965,1291.17,95.1563,117.82,118.055,95.4375,97.6641,348.651,24.75,6.584,4.45867,7.252,94.5,72.549,71.3726,0,-0.171875,50.8994,8.25,8.25,8.25
17.1,0,0,0,0,1.31464,0.99997,1,4,1,1,1,0,1,1.00488,0,1.17188,29.6389,29.6389,30.2778,1630.25,1330,1278.01,965,1296.41,95.3203,118.031,118.008,96.7266,97.1719,348.651,24.75,6.6,4.46934,7.268,94.5,70.9804,69.8039,0,-0.109375,50.5393,8.25,8.25,8.25
17.133,0,0,0,0,1.31525,0.99997,1,4,1,1,1,0,1,1.00366,0,1.17188,29.75,30.5556,30.3611,1639.25,1320,1275.86,965,1296.45,95.1563,118.031,118.008,95.7656,96.2578,348.651,24.75,6.572,4.44534,7.26,94.5,68.2353,68.2353,0,-0.171875,50.1792,8.25,8.25,9
17.167,0,0,0,0,1.31342,0.99997,1,4,1,1,1,0,1,1.00488,0,0.390625,29.8611,30.5,30.1667,1641.5,1330,1277.07,965,1296.45,95.4141,118.195,118.617,95.4844,96.9141,348.651,24.75,6.592,4.46401,7.28,94.5,66.6667,65.0981,0,-0.53125,50.1792,8.25,8.25,7.5
17.2,0,0,0,0,1.31525,0.99997,1,4,1,1,1,0,1,1.00366,0,0.390625,29.9722,30.5,30.2222,1649.75,1320,1277.07,965,1299.1,95.5078,118.711,118.945,95.0156,96.3281,348.651,24.75,6.6,4.46934,7.288,94.5,64.3137,63.9216,0,-0.40625,49.8206,8.25,8.25,7.5
17.233,0,0,0,0,1.31574,0.99997,1,4,1,1,1,0,1,1.00488,0,0.390625,30.0556,30.5,30.2222,1647.25,1320,1276.05,965,1301.72,95.4375,118.711,118.945,94.8047,95.7656,348.651,24.75,6.588,4.46934,7.268,94.5,62.353,62.7451,0,-0.21875,49.8206,8.25,8.25,8.25
17.267,0,0,0,0,1.31482,0.99997,1,4,1,1,1,0,1,1.00488,0,0,29.9167,30.3611,30.3889,1643.25,1310,1276.45,965,1304.34,95.4844,118.969,119.063,96.0938,94.8984,353.124,24.75,6.588,4.46134,7.268,94.5,60.7843,60,0,0.03125,49.1004,8.25,8.25,12
17.3,0,0,0,0,1.31452,0.99997,1,4,1,1,1,0,1,1.00488,0,0,30.2222,30.4445,30.3056,1659.75,1310,1276.13,965,1304.38,95.5313,119.109,119.25,94.0781,94.7813,353.124,24.75,6.592,4.46401,7.272,94.5,58.8235,58.0392,0,-0.21875,49.1004,6.75,6.75,6.75
17.333,0,0,0,0,1.31592,0.99997,1,4,1,1,1,0,1,1.00488,0,0,30.3889,30.3611,30.2222,1665.75,1300,1275.04,965,1307.03,95.4375,119.109,119.25,93.9844,94.6172,353.124,24.75,6.584,4.46934,7.252,94.5,56.8628,56.0785,0,-0.5625,49.1004,7.5,7.5,7.5
17.367,0,0,0,0,1.3172,0.99997,1,4,1,1,1,0,1,1.00488,0,0,30.3334,30.3334,30.3056,1666.25,1300,1271.45,965,1309.65,95.3438,119.438,119.883,94.1719,94.7578,353.124,24.75,6.572,4.45867,7.24,94.5,54.1177,53.3334,0,-0.46875,49.1004,8.25,8.25,9
17.4,0,0,0,0,1.31909,0.99997,1,4,1,1,1,0,1,1.00488,0,0,30.2778,30.3334,30.4167,1668.75,1310,1270.2,965,1312.3,95.25,119.883,119.906,94.2422,95.0156,353.124,24.75,6.568,4.44801,7.236,94.5,52.549,52.1569,0,-0.234375,49.1004,8.25,8.25,9
17.433,0,0,0,0,1.31567,0.99997,1,4,1,1,1,0,1,1.00366,0,0,30.3334,30.3056,30.7222,1669,1310,1270.43,965,1309.65,95.2734,119.883,119.906,95.4375,94.9688,353.124,24.75,6.564,4.44534,7.252,94.5,50.9804,50.9804,0,0.046875,49.1004,8.25,8.25,8.25
17.467,0,0,0,0,1.32208,0.99997,1,4,1,1,1,0,1,1.00488,0,0,30.6111,30.9445,30.9167,1687,1310,1269.57,965,1314.96,95.3672,120.047,120.422,94.8516,95.0625,357.577,24.75,6.564,4.45334,7.252,94.5,50.1961,49.8039,0,-0.140625,49.1004,9,9,9
17.5,0,0,0,0,1.32141,0.99997,1,4,1,1,1,0,1,1.00488,0,0,30.75,31.8334,30.9167,1689,1310,1268.98,965,1314.96,95.4375,120.563,120.891,94.9688,95.0625,357.577,24.75,6.576,4.45067,7.264,94.5,49.0196,49.0196,0,-0.5,49.1004,9,9,9
17.533,0,0,0,0,1.31744,0.99997,1,4,1,1,1,0,1,1.00366,0,0,30.8056,31.1111,31.5278,1684.75,1300,1272.93,965,1314.96,95.7656,120.563,120.891,97.4766,94.9922,357.577,24.75,6.604,4.45867,7.272,94.5,48.6275,48.6275,0,-0.515625,49.1004,9,9,9
17.567,0,0,0,0,1.3205,0.99997,1,4,1,1,1,0,1,1.00611,0,0,30.6945,31.5,30.6389,1681.5,1310,1268.98,965,1320.23,95.4609,120.844,120.797,94.0313,95.5781,357.577,24.75,6.572,4.45867,7.24,94.5,47.8432,47.451,0,-0.359375,49.1004,9,9,12.75
17.6,0,0,0,0,1.31598,0.99997,1,4,1,1,1,0,1,1.00488,0,0,30.9167,31.0556,31.3889,1696.5,1310,1269.38,965,1320.23,95.5313,120.844,120.961,96.0938,95.6953,357.577,24.75,6.58,4.45334,7.248,94.5,47.0588,47.451,0,-0.234375,49.1004,7.5,7.5,7.5
17.633,0,0,0,0,1.31549,0.99997,1,4,1,1,1,0,1,1.00488,0,0,31.0834,31.0556,31.1945,1705.25,1310,1268.55,965,1320.23,95.4844,120.844,120.961,95.3438,95.3203,357.577,24.75,6.576,4.45067,7.256,94.5,47.0588,47.451,0,0.03125,49.1004,7.5,7.5,7.5
17.667,0,0,0,0,1.31598,0.99997,1,4,1,1,1,0,1,1.00488,0,0,31.1389,31.0556,31.6945,1706,1310,1271.84,965,1320.23,95.9531,121.195,121.758,97.0078,95.4609,363.143,24.75,6.612,4.46934,7.292,94.5,47.0588,47.0588,0,-0.59375,49.1004,8.25,8.25,8.25
17.7,0,0,0,0,1.32068,0.99997,1,4,1,1,1,0,1,1.00488,0,0,31.1945,31.4722,30.9722,1715,1310,1267.62,965,1322.85,95.6719,121.781,121.852,93.9375,95.625,363.143,24.75,6.588,4.46934,7.268,94.5,47.0588,46.6667,0,-0.453125,49.1004,7.5,7.5,7.5
17.733,0,0,0,0,1.31836,0.99997,1,4,1,1,1,0,1,1.00488,0,0,31.3056,32.3611,31.0834,1706.75,1310,1265.66,965,1322.85,95.5313,121.781,121.852,94.3125,95.625,363.143,24.75,6.576,4.45867,7.264,94.5,46.6667,46.2745,0,-0.34375,49.1004,9,9,10.5
17.767,0,0,0,0,1.31616,0.99997,1,4,1,1,1,0,1,1.00488,0,0,31.1945,31.6111,31.5556,1721.25,1310,1264.45,965,1325.51,95.4609,121.852,121.922,95.4141,95.9063,363.143,24.75,6.552,4.43467,7.24,94.5,45.8824,45.8824,0,0.015625,49.1004,7.5,7.5,7.5
17.8,0,0,0,0,1.31464,0.99997,1,4,1,1,1,0,1,1.00488,0,0,31.4445,32.1389,31.8889,1724,1310,1265.82,965,1325.51,95.7188,122.086,122.531,96.4219,95.7656,363.143,24.75,6.572,4.44801,7.26,94.5,45.4902,45.8824,0,-0.359375,49.1004,9,9,9
17.833,0,0,0,0,1.31567,0.99997,1,4,1,1,1,0,1,1.00611,0,0,31.5556,32.1667,31.8889,1729.75,1320,1265.04,965,1328.16,95.6953,122.086,122.531,95.6719,96.375,363.143,24.75,6.572,4.44801,7.252,94.5,45.4902,45.8824,0,-0.28125,49.4605,7.5,7.5,7.5
17.867,0,0,0,0,1.31256,0.99997,1,4,1,1,1,0,1,1.00488,0,0,31.4445,31.8056,32.0834,1716,1320,1267.46,965,1328.16,96,122.648,122.93,97.3828,96.9375,367.558,24.75,6.596,4.45334,7.276,94.5,45.4902,45.4902,0,-0.703125,49.4605,9,9,13.5
17.9,0,0,0,0,1.31781,0.99997,1,4,1,1,1,0,1,1.00488,0,0,31.5556,31.3611,32,1725.75,1330,1267.5,965,1333.44,95.9063,122.766,122.438,95.625,97.2891,367.558,24.75,6.604,4.46934,7.284,94.5,45.4902,45.4902,0,-0.328125,49.4605,9,9,9.75
17.933,0,0,0,0,1.31854,0.99997,1,4,1,1,1,0,1,1.00488,0,0,31.8334,32.5556,31.9167,1752,1320,1264.34,965,1333.44,95.6484,122.766,122.438,94.4766,96.8203,367.558,24,6.56,4.46134,7.248,95.25,45.4902,45.8824,0,-0.078125,49.4605,4.5,4.5,4.5
17.967,0,0,0,0,1.3139,0.99997,1,4,1,1,1,0,1,1.00488,0,0,32.1389,32.2222,32.4167,1751.25,1320,1265.94,965,1330.78,96.1875,122.906,124.008,96.3047,96.7969,367.558,24,6.608,4.46934,7.296,95.25,47.0588,46.6667,0,-0.03125,49.4605,6.75,6.75,6.75
18,0,0,0,0,1.31983,0.99997,1,4,1,1,1,0,1,1.00488,0,0,31.9722,32.6111,32.4167,1742.75,1320,1267.5,965,1336.09,96.2109,123.867,123.539,96.2813,97.0547,367.558,24,6.608,4.47201,7.296,95.25,46.2745,46.2745,0,-0.640625,49.4605,9,9,11.25
18.033,0,0,0,0,1.31885,0.99997,1,4,1,1,1,0,1,1.00611,0,0,32.0278,31.9722,32.4445,1745.75,1320,1270,965,1336.05,96.4219,123.867,123.539,96.5156,97.0313,367.558,24,6.64,4.49334,7.308,94.5,46.6667,46.2745,0,-0.6875,49.4605,9,9,10.5
18.067,0,0,0,0,1.32037,0.99997,1,4,1,1,1,0,1,1.00611,0,0,32.3056,32.3056,32.25,1757.25,1320,1268.67,965,1336.09,96.375,123.563,123.703,95.625,97.5703,372.05,24,6.64,4.49601,7.308,94.5,46.2745,46.2745,0,-0.75,49.4605,8.25,8.25,8.25
18.1,0,0,0,0,1.32337,0.99997,1,4,1,1,1,0,1,1.00488,0,0,32.4167,33.2778,32.6389,1761.5,1320,1268.09,965,1338.71,96.5391,123.961,124.641,96,97.1953,372.05,24,6.648,4.49067,7.316,94.5,46.2745,46.6667,0,-0.25,49.4605,9.75,9.75,9.75
18.133,0,0,0,0,1.32141,0.99997,1,4,1,1,1,0,1,1.00488,0,0,32.5278,33.7778,32.9167,1764.25,1320,1269.49,965,1338.67,96.6563,123.961,124.641,97.5234,97.1953,372.05,24,6.66,4.50667,7.348,94.5,46.6667,47.0588,0,-0.34375,49.4605,9.75,9.75,9.75
18.167,0,0,0,0,1.31299,0.99997,1,4,1,1,1,0,1,1.00611,0,0,32.4167,32.9722,33.5834,1768.75,1330,1274.41,965,1336.09,96.5625,123.984,124.57,99.4219,97.4297,372.05,24,6.656,4.48001,7.344,94.5,46.6667,46.6667,0,-0.515625,49.4605,9.75,9.75,9.75
18.2,0,0,0,0,1.3172,0.99997,1,4,1,1,1,0,1,1.00611,0,0,32.6389,33.0834,32.75,1771,1320,1273.44,965,1338.71,96.6094,124.688,125.086,96.375,97.4297,372.05,24,6.656,4.49867,7.344,94.5,46.6667,47.0588,0,-0.578125,49.4605,9.75,9.75,9.75
18.233,0,0,0,0,1.31769,0.99997,1,4,1,1,1,0,1,1.00488,0,0,32.6389,33,32.8611,1777.5,1320,1274.06,965,1341.33,96.6797,124.688,125.086,97.0547,97.3125,372.05,24,6.66,4.50401,7.328,94.5,47.451,47.451,0,-0.3125,49.4605,9.75,9.75,9.75
18.267,0,0,0,0,1.31635,0.99997,1,4,1,1,1,0,1,1.00611,0,0,32.8334,33.0834,32.9167,1785.25,1330,1271.21,965,1341.37,96.5859,125.227,125.578,95.9766,97.7109,377.733,24,6.652,4.50401,7.32,94.5,47.451,47.451,0,-0.3125,49.4605,9.75,9.75,9.75
18.3,0,0,0,0,1.31494,0.99997,1,4,1,1,1,0,1,1.00611,0,0,33,33.0556,32.4167,1785.5,1330,1269.45,965,1341.33,96.5625,125.695,126.07,94.5938,98.0625,377.733,24,6.648,4.50667,7.316,94.5,47.451,47.451,0,-0.28125,49.4605,9.75,9.75,9.75
18.333,0,0,0,0,1.31317,0.99997,1,4,1,1,1,0,1,1.00611,0,0,32.8889,33.0278,32.7778,1785.5,1330,1268.24,965,1341.37,96.4688,125.695,126.07,95.7422,98.1328,377.733,24,6.64,4.49867,7.32,94.5,47.451,47.451,0,-0.6875,49.4605,9.75,9.75,9.75
18.367,0,0,0,0,1.31336,0.99997,1,4,1,1,1,0,1,1.00611,0,0,33.0556,33,33.5,1795.25,1330,1272.81,965,1341.37,96.8203,126,125.836,97.4063,98.3906,377.733,24,6.668,4.50667,7.348,94.5,47.451,47.8432,0,-0.59375,49.4605,9.75,9.75,9.75
18.4,0,0,0,0,1.31812,0.99997,1,4,1,1,1,0,1,1.00611,0,0,33.1667,33.1389,33.1111,1803.75,1330,1270.9,965,1343.95,96.7969,125.977,126.445,95.3438,98.5078,377.733,24,6.664,4.51467,7.344,94.5,48.2353,48.2353,0,-0.625,49.4605,9.75,9.75,9.75
18.433,0,0,0,0,1.31244,0.99997,1,4,1,1,1,0,1,1.00733,0,0,33.3056,33.0834,33.6945,1809.75,1330,1271.88,965,1338.71,96.8906,125.977,126.445,97.5,98.25,377.733,24,6.676,4.50934,7.356,95.25,48.2353,48.6275,0,-0.3125,49.4605,9.75,9.75,9.75
18.467,0,0,0,0,1.31506,0.99997,1,4,1,1,1,0,1,1.00611,0,0,33.4722,33.9445,33.3334,1813.5,1330,1268.91,965,1341.37,96.8672,126.68,127.289,96.1641,98.25,382.343,24,6.668,4.51734,7.348,95.25,49.0196,49.0196,0,-0.65625,49.4605,9.75,9.75,9.75
18.5,0,0,0,0,1.31226,0.99997,1,4,1,1,1,0,1,1.00611,0,0,33.5278,33.8889,33.6111,1808.25,1340,1271.91,965,1341.37,97.1016,127.242,127.148,97.4063,98.8594,382.343,24,6.684,4.52534,7.364,95.25,49.0196,48.6275,0,-0.609375,49.4605,9,9,9.75
18.533,0,0,0,0,1.3169,0.99997,1,4,1,1,1,0,1,1.00733,0,0,33.4722,33.8611,33.0556,1803,1340,1270.43,965,1346.6,96.9844,127.242,127.148,96.0703,99.5391,382.343,24,6.672,4.52534,7.34,94.5,48.6275,48.6275,0,-0.609375,49.4605,9,9,13.5
18.567,0,0,0,0,1.31134,0.99997,1,4,1,1,1,0,1,1.00611,0,0,33.6945,33.8611,33.8334,1832.5,1340,1268.91,965,1343.98,96.9375,127.195,127.359,96.4688,99.5859,382.343,24,6.672,4.51734,7.34,94.5,48.6275,49.4118,0,-0.28125,49.4605,6,6,6
18.6,0,0,0,0,1.31372,0.99997,1,4,1,1,1,0,1,1.00733,0,0,33.8611,33.9167,34.0556,1829,1330,1269.57,965,1346.64,97.1953,127.594,128.18,96.9375,98.8828,382.343,24,6.692,4.51734,7.36,94.5,49.4118,49.8039,0,-0.15625,49.4605,8.25,8.25,8.25
18.633,0,0,0,0,1.3111,0.99997,1,4,1,1,1,0,1,1.00611,0,0,33.9167,33.8889,34.8334,1824.75,1340,1273.71,965,1343.98,97.5234,127.594,128.18,100.102,99.5391,382.343,24,6.716,4.54667,7.384,94.5,50.1961,50.1961,0,-0.359375,49.4605,9,9,12
18.667,0,0,0,0,1.31714,0.99997,1,4,1,1,1,0,1,1.00733,0,0,34.1111,34.0278,34.8056,1832.25,1340,1278.95,965,1346.64,97.9453,128.133,128.086,98.9297,99.6797,388.007,24,6.752,4.56267,7.42,94.5,50.1961,49.8039,0,-0.6875,49.4605,9,9,9.75
18.7,0,0,0,0,1.31934,0.99997,1,4,1,1,1,0,1,1.00733,0,0,34.3889,34.0834,34.0556,1841.25,1340,1276.09,965,1346.64,97.8984,128.297,128.836,96.4219,99.9844,388.007,24,6.744,4.56534,7.412,94.5,49.8039,50.1961,0,-0.109375,49.4605,8.25,8.25,8.25
18.733,0,0,0,0,1.31915,0.99997,1,4,1,1,1,0,1,1.00733,0,0,34.4445,34.9167,34.2222,1842.75,1340,1275,965,1346.64,97.8047,128.297,128.836,97.0078,99.8906,388.007,24,6.736,4.56801,7.404,94.5,50.1961,50.5883,0,-0.125,49.4605,9.75,9.75,9
18.767,0,0,0,0,1.31702,0.99997,1,4,1,1,1,0,1,1.00611,0,0,34.6111,34.8889,34.7778,1849.25,1330,1278.36,965,1346.64,98.1094,128.836,128.906,98.3438,99.3984,388.007,24,6.756,4.57601,7.424,94.5,50.9804,50.9804,0,-0.34375,49.4605,9.75,9.75,9.75
18.8,0,0,0,0,1.32208,0.99997,1,4,1,1,1,0,1,1.00733,0,0,34.75,35.0278,34.6111,1857.75,1340,1277.38,965,1351.91,98.1563,129.047,129.398,96.2578,99.7969,388.007,24,6.76,4.57867,7.428,94.5,50.9804,50.5883,0,-0.8125,49.4605,9.75,9.75,9.75
18.833,0,0,0,0,1.31897,0.99997,1,4,1,1,1,0,1,1.00733,0,0,34.9167,34.9167,34.8611,1862,1340,1277.66,965,1349.3,98.2031,129.047,129.398,97.7344,99.5859,388.007,24,6.764,4.58401,7.432,95.25,50.5883,50.1961,0,-0.828125,49.4605,9.75,9.75,9.75
18.867,0,0,0,0,1.31647,0.99997,1,4,1,1,1,0,1,1.00733,0,0,34.8611,34.9167,35.1111,1858.25,1340,1279.1,965,1346.64,98.4375,129.563,129.938,98.7656,99.7969,392.753,24,6.784,4.59201,7.452,95.25,50.1961,50.1961,0,-0.25,49.4605,9.75,9.75,9.75
18.9,0,0,0,0,1.31995,0.99997,1,4,1,1,1,0,1,1.00733,0,0,34.9723,34.9445,34.8889,1863.75,1340,1279.65,965,1349.3,98.4375,129.844,129.703,97.8281,100.219,392.753,24,6.78,4.59201,7.448,95.25,50.1961,49.8039,0,0.015625,49.4605,9.75,9.75,9.75
18.933,0,0,0,0,1.32214,0.99997,1,4,1,1,1,0,1,1.00733,0,0,34.9723,34.9723,34.75,1872,1340,1276.05,965,1351.91,98.1797,129.844,129.703,96.4688,100.102,392.753,24,6.756,4.58934,7.444,95.25,49.8039,49.8039,0,-0.28125,49.4605,9.75,9.75,9.75
18.967,0,0,0,0,1.32367,0.99997,1,4,1,1,1,0,1,1.00733,0,0,35.3056,34.9445,34.8889,1879.5,1340,1276.64,965,1351.88,98.4141,129.914,130.477,97.2188,100.031,392.753,24,6.772,4.58667,7.46,95.25,49.8039,50.1961,0,-0.71875,49.4605,9.75,9.75,9.75
19,0,0,0,0,1.32184,0.99997,1,4,1,1,0.9834,0,1,1.00733,0,0,35.5,35.0278,36.1111,1885.5,1340,1278.44,965,1349.3,98.7188,130.664,131.156,99.8438,100.594,392.753,24,6.8,4.60534,7.488,95.25,49.8039,49.8039,0,-0.6875,49.4605,9.75,9.75,10.5
19.033,0,0,0,0,1.32617,0.99997,1,4,1,1,0.9834,0,0.9834,1.00733,0,0,35.3334,35.8889,35.0556,1875.75,1340,1277.89,965,1351.88,98.6953,130.664,131.156,98.0625,100.242,392.753,24,6.908,4.60801,7.576,95.25,49.8039,50.1961,0,-0.265625,49.4605,9.75,9.75,12
19.067,0,0,0,0,1.32239,0.99997,1,4,1,1,0.977785,0,0.9834,1.00855,0,0,35.4445,35,35.3334,1887.5,1330,1276.33,965,1349.3,98.5313,131.039,130.852,98.3672,100.008,397.577,24,6.888,4.67201,7.556,95.25,50.1961,49.8039,0,-0.03125,49.4605,9.75,9.75,9.75
19.1,0,0,0,0,1.32599,0.99997,1,4,1,1,0.973634,0,0.9834,1.00733,0,0,35.7223,35.9445,35.1111,1899.75,1330,1275.35,965,1351.88,98.6953,131.133,131.859,96.3984,100.078,397.577,24,6.9,4.68001,7.568,95.25,50.1961,49.8039,0,-0.28125,49.4605,8.25,8.25,8.25
19.133,0,0,0,0,1.32416,0.99997,1,4,1,1,0.973634,0,0.973634,1.00855,0,0,35.8889,35.8889,36.4167,1899.25,1330,1277.46,965,1351.88,98.8828,131.133,131.859,100.055,99.4219,397.577,24,6.98,4.72801,7.648,95.25,49.8039,49.8039,0,-0.609375,49.4605,9,9,9.75
19.167,0,0,0,0,1.32727,0.99997,1,4,1,1,0.97046,0,0.973634,1.00733,0,0,35.7778,36.6667,36.2223,1902,1330,1276.37,965,1354.57,98.8125,131.859,131.953,99.0469,99.6563,397.577,24,6.976,4.73067,7.644,95.25,49.4118,49.0196,0,-0.28125,49.4605,9,9,9
19.2,0,0,0,0,1.32544,0.99997,1,4,1,1,0.968019,0,0.973634,1.00855,0,0,36.0278,35.8889,36.4167,1908,1340,1277.89,965,1354.57,99,132,132.141,99.5391,100.195,397.577,24,6.992,4.74134,7.66,95.25,49.0196,48.6275,0,-0.234375,49.4605,9.75,9.75,9
19.233,0,0,0,0,1.32501,0.99997,1,4,1,1,0.968019,0,0.968019,1.00733,0,0,35.9723,35.8611,36.5278,1917.5,1330,1276.48,965,1354.57,98.9063,132,132.141,99.6563,99.5156,397.577,24,7.02,4.72801,7.688,95.25,48.2353,47.8432,0,-0.28125,49.4605,9.75,9.75,9.75
19.267,0,0,0,0,1.32477,0.99997,1,4,1,1,0.96631,0,0.968019,1.00855,0,0,36.25,35.8611,36.6945,1921.5,1330,1277.38,965,1354.57,99.1641,132.352,132.938,100.055,99.4453,403.436,24,7.04,4.77334,7.708,95.25,47.451,47.451,0,-0.5625,49.4605,9.75,9.75,9.75
19.3,0,0,0,0,1.32581,0.99997,1,4,1,1,0.965089,0,0.968019,1.00733,0,0,36.25,36.75,36.4445,1913.25,1330,1278.36,965,1354.57,99.3281,132.984,133.172,99.2109,99.8906,403.436,24,7.056,4.78667,7.724,95.25,47.0588,47.0588,0,-0.671875,49.4605,10.5,10.5,12.75
19.333,0,0,0,0,1.3299,0.99997,1,4,1,1,0.965089,0,0.965089,1.00855,0,0,36.3056,36.25,36.5556,1921.5,1330,1276.6,965,1359.84,99.2109,132.984,133.172,99.1641,99.7266,403.436,24,7.064,4.77601,7.732,95.25,46.6667,46.2745,0,-0.109375,49.4605,9.75,9.75,10.5
19.367,0,0,0,0,1.32916,0.99997,1,4,1,1,0.963869,0,0.965089,1.01001,0,0,36.4723,38.1389,36.2223,1930.75,1330,1270.94,965,1362.5,98.8828,133.289,133.641,97.0781,100.125,403.436,24,7.032,4.78401,7.7,95.25,45.8824,46.2745,0,-0.28125,49.4605,9.75,9.75,9.75
19.4,0,0,0,0,1.32086,0.99997,1,4,1,1,0.963136,0,0.965089,1.00855,0,0,36.5278,36.5,37.0556,1937.5,1320,1274.22,965,1359.84,99.2109,133.688,133.852,99.9141,99.7969,403.436,24,7.06,4.77867,7.728,95.25,45.8824,45.8824,0,-0.375,49.4605,9.75,9.75,9.75
19.433,0,0,0,0,1.32575,0.99997,1,4,1,1,0.963136,0,0.963136,1.01001,0,0,36.7778,37.6945,37.1111,1942.25,1320,1272.23,965,1365.12,99.0703,133.688,133.852,98.8594,99.5859,403.436,24,7.06,4.78134,7.74,95.25,45.8824,45.8824,0,-0.375,49.4605,9.75,9.75,9.75
19.467,0,0,0,0,1.32385,0.99997,1,4,1,1,0.958742,0,0.963136,1.00855,0,0,36.9445,36.9723,37.4167,1951.5,1320,1274.57,965,1362.5,99.375,133.945,134.273,99.5625,99.7969,408.085,24,7.088,4.80534,7.768,95.25,45.8824,45.0981,0,-0.15625,49.4605,10.5,10.5,10.5
19.5,0,0,0,0,1.32691,0.99997,1,4,1,1,0.955324,0,0.963136,1.00855,0,0,36.8334,38.1111,36.9723,1946.75,1330,1272.27,965,1365.12,99.2813,134.367,134.602,98.25,100.125,408.085,24,7.076,4.80001,7.756,95.25,44.7059,45.0981,0,-0.09375,49.4605,10.5,10.5,10.5
19.533,0,0,0,0,1.32269,0.99997,1,4,1,1,0.955324,0,0.955324,1.00855,0,0,36.8889,36.4723,37.2778,1949.25,1330,1274.73,965,1365.12,99.4922,134.367,134.602,100.453,100.078,408.085,24,7.152,4.80801,7.832,95.25,44.7059,44.7059,0,-0.140625,49.4605,10.5,10.5,10.5
19.567,0,0,0,0,1.32752,0.99997,1,4,1,1,0.952882,0,0.955324,1.01001,0,0,37.3611,38.6111,38.3056,1967.5,1320,1276.64,965,1367.77,100.055,135.094,135.164,101.297,100.172,408.085,24,7.2,4.87467,7.88,95.25,44.7059,44.7059,0,-0.640625,49.4605,11.25,11.25,10.5
19.6,0,0,0,0,1.32892,0.99997,1,4,1,1,0.950929,0,0.955324,1.01001,0,0,37.6389,38.2778,37.6667,1968.75,1330,1275.63,965,1370.43,100.148,135.375,135.914,99.1875,100.664,408.085,24,7.204,4.88801,7.884,95.25,44.3137,44.3137,0,-0.3125,49.4605,9.75,9.75,9.75
19.633,0,0,0,0,1.32648,0.99997,1,4,1,1,0.950929,0,0.950929,1.01001,0,0,37.5834,38.1945,38.4167,1966,1320,1277.15,965,1370.43,100.313,135.375,135.914,101.719,99.6328,408.085,24,7.252,4.88534,7.92,95.25,44.3137,43.9216,0,-0.265625,49.4605,10.5,10.5,12
19.667,0,0,0,0,1.32495,0.99997,1,4,1,1,0.943849,0,0.950929,1.01001,0,0,37.6389,39,37.75,1976,1320,1273.36,965,1370.43,99.9375,135.797,135.609,98.4844,99.7031,413.749,24,7.22,4.90934,7.888,95.25,43.9216,43.5294,0,-0.390625,49.4605,9.75,9.75,9.75
19.7,0,0,0,0,1.3255,0.99997,1,4,1,1,0.938234,0,0.950929,1.01148,0,0,37.9167,37.3611,38.3056,1980,1330,1276.56,965,1373.01,100.383,135.797,136.313,101.297,100.523,413.749,24,7.256,4.92267,7.924,95.25,43.1373,43.1373,0,-0.375,49.4605,9,9,9
19.733,0,0,0,0,1.32727,0.99997,1,4,1,1,0.938234,0,0.938234,1.01148,0,0,37.9167,37.8334,37.7223,1985.5,1320,1273.75,965,1373.05,100.172,135.797,136.313,99.0234,99.8906,413.749,24,7.332,4.91734,8.02,95.25,42.7451,42.7451,0,-0.6875,49.4605,8.25,8.25,8.25
19.767,0,0,0,0,1.32971,0.99997,1,4,1,1,0.934083,0,0.938234,1.01148,0,0,38.1667,37.8889,38.3611,1995,1310,1276.76,965,1375.7,100.547,136.453,136.828,99.8906,99.2813,413.749,24,7.364,5.00267,8.052,95.25,42.7451,42.7451,0,-0.25,49.4605,9.75,9.75,10.5
19.8,0,0,0,0,1.32733,0.99997,1,4,1,1,0.931154,0,0.938234,1.01148,0,0,38.1111,38.1667,37.5556,1994.5,1320,1272.3,965,1375.7,100.242,136.852,137.016,98.2734,100.359,413.749,24,7.332,4.97601,8.02,95.25,42.353,41.9608,0,-0.234375,49.4605,9.75,9.75,9.75
19.833,0,0,0,0,1.32629,0.99997,1,4,1,1,0.931154,0,0.931154,1.01148,0,0,38.1111,37.7778,38.6389,1994.5,1320,1276.76,965,1375.7,100.641,136.852,137.016,101.109,100.383,413.749,24,7.424,4.99734,8.092,95.25,41.5686,41.5686,0,-0.296875,49.4605,9,9,9.75
19.867,0,0,0,0,1.32904,0.99997,1,4,1,1,0.928712,0,0.931154,1.01148,0,0,38.5,38.1945,38.6111,2006.75,1320,1277.38,965,1375.7,100.781,137.086,137.32,100.734,100.5,418.124,24,7.436,5.04534,8.104,95.25,41.1765,41.1765,0,-0.421875,49.4605,7.5,7.5,7.5
19.9,0,0,0,0,1.32837,0.99997,1,4,1,1,0.927003,0,0.931154,1.01148,0,0,38.6111,39.0556,39.1389,2014.75,1320,1278.09,965,1375.7,100.898,137.344,138.117,102,100.594,418.124,24,7.44,5.04001,8.108,95.25,41.1765,41.5686,0,-0.265625,49.4605,7.5,7.5,7.5
19.933,0,0,0,0,1.32648,0.99997,1,4,1,1,0.927003,0,0.927003,1.01148,0,0,38.8056,38.25,39.3334,2017,1320,1280.66,965,1375.7,101.133,137.344,138.117,102.563,99.9375,418.124,24,7.492,5.05601,8.16,95.25,41.1765,41.5686,0,-0.125,49.4605,9.75,9.75,9.75
19.967,0,0,0,0,1.33563,0.99997,1,4,1,1,0.921876,0,0.927003,1.01148,0,0,38.8611,38.3611,39.6389,2020.25,1320,1283.09,965,1383.59,101.32,138.094,138.516,102.703,100.148,418.124,24,7.516,5.08801,8.184,95.25,41.1765,41.1765,0,-0.578125,49.4605,9.75,9.75,9.75
20,0,0,0,0,1.33539,0.99997,1,4,1,1,0.91797,0,0.927003,1.01148,0,0,39.1389,39.6111,39.4723,2026.75,1320,1281.45,965,1383.59,101.18,138.469,138.938,99.5859,100.664,418.124,24,7.484,5.08801,8.152,95.25,41.1765,41.1765,0,-0.453125,49.4605,10.5,10.5,10.5
20.033,0,0,0,0,1.33337,0.99997,1,4,1,1,0.91797,0,0.91797,1.01148,0,0,39.0834,39.5278,38.7778,2032.5,1320,1276.64,965,1383.59,100.828,138.469,138.938,99.2578,100.617,418.124,24,7.54,5.13067,8.22,95.25,40.7843,40.7843,0,-0.59375,49.4605,9.75,9.75,9.75
20.067,0,0,0,0,1.32929,0.99997,1,4,1,1,0.91504,0,0.91797,1.01319,0,0,39.1945,38.2778,39.5556,2034,1320,1280.59,965,1380.98,101.156,138.891,139.406,101.906,100.875,423.358,24,7.568,5.13334,8.248,95.25,40.3922,40.7843,0,-0.203125,49.4605,10.5,10.5,9.75
20.1,0,0,0,0,1.33515,0.99997,1,4,1,1,0.912843,0,0.91797,1.01319,0,0,39.3056,39.9167,39.3611,2039.75,1320,1278.52,965,1383.63,100.992,139.383,139.641,100.523,100.617,423.358,24,7.548,5.12534,8.228,95.25,40.7843,41.1765,0,-0.453125,49.4605,10.5,10.5,9.75
20.133,0,0,0,0,1.33301,0.99997,1,4,1,1,0.912843,0,0.912843,1.01319,0,0,39.3334,39.5278,39.8056,2037,1320,1280.78,965,1383.63,101.203,139.383,139.641,102.023,100.664,423.358,24,7.6,5.13334,8.268,95.25,40.7843,41.1765,0,-0.46875,49.4605,10.5,10.5,10.5
20.167,0,0,0,0,1.3313,0.99997,1,4,1,1,0.911134,0,0.912843,1.01489,0,0,39.6111,39.1389,39.6945,2045.75,1320,1283.55,965,1380.98,101.461,139.617,140.109,102.094,100.875,423.358,24,7.62,5.17601,8.288,95.25,41.1765,41.1765,0,-0.140625,49.4605,10.5,10.5,10.5
20.2,0,0,0,0,1.33582,0.99997,1,4,1,1,0.909914,0,0.912843,1.01489,0,0,39.6667,39.6389,38.9445,2054.75,1330,1280.94,965,1383.63,101.227,140.063,140.602,99.0469,101.063,423.358,24,7.6,5.16801,8.268,95.25,41.1765,41.5686,0,-0.34375,49.4605,10.5,10.5,10.5
20.233,0,0,0,0,1.33362,0.99997,1,4,1,1,0.909914,0,0.909914,1.0166,0,0,39.7778,40.7223,40.5278,2068.25,1320,1282.23,965,1383.63,101.367,140.063,140.602,102.656,100.828,423.358,24,7.632,5.16534,8.3,95.25,41.9608,41.5686,0,-0.390625,49.4605,7.5,7.5,7.5
20.267,0,0,0,0,1.33716,0.99997,1,4,1,1,0.905275,0,0.909914,1.02149,0,0,39.8889,41.5,40.5834,2061.75,1330,1280.78,965,1388.91,101.25,140.555,141.234,102.047,101.25,427.323,24,7.62,5.17601,8.288,95.25,41.9608,41.9608,0,-0.84375,49.4605,11.25,11.25,15
20.3,0,0,0,0,1.33386,0.99997,1,4,1,1,0.901613,0,0.909914,1.02661,0,0,40.0834,39.2223,40.5,2067.25,1330,1286.64,965,1386.25,101.742,141.211,141.258,102.305,101.648,427.323,24,7.664,5.21334,8.332,95.25,41.9608,41.9608,0,-0.390625,49.4605,10.5,10.5,11.25
20.333,0,0,0,0,1.33661,0.99997,1,4,1,1,0.901613,0,0.901613,1.02832,0,0,40.0278,40.0556,40.8611,2076,1330,1286.6,965,1386.25,101.766,141.211,141.258,103.055,101.625,427.323,24,7.74,5.21601,8.408,95.25,41.9608,42.353,0,-0.390625,49.4605,9,9,9
20.367,0,0,0,0,1.33899,0.99997,1,4,1,1,0.898683,0,0.901613,1.02832,0,0,40.4723,40.1389,40.6111,2082,1330,1287.3,965,1386.25,101.836,141.234,141.914,102.258,101.414,427.323,24,7.756,5.27201,8.424,95.25,43.1373,43.1373,0,-0.28125,49.4605,12,12,11.25
20.4,0,0,0,0,1.34241,0.99997,1,4,1,1,0.89673,0,0.901613,1.02661,0,0,40.6389,41.8056,41.4445,2088,1330,1289.96,965,1388.91,102.047,141.867,142.453,103.547,101.438,427.323,24,7.764,5.29067,8.432,95.25,43.5294,43.5294,0,-0.5625,49.4605,12,12,11.25
20.433,0,0,0,0,1.341,0.99997,1,4,1,1,0.89673,0,0.89673,1.02661,0,0,40.6667,41.4167,40.9167,2094.75,1330,1287.66,965,1388.91,101.883,141.867,142.453,102.07,101.836,427.323,24,7.788,5.27734,8.468,95.25,43.5294,43.5294,0,-0.640625,49.4605,11.25,11.25,10.5
20.467,0,0,0,0,1.34363,0.99997,1,4,1,1,0.889406,0,0.89673,1.0249,0,0,40.6389,42.2223,40.6667,2094,1340,1284.57,965,1394.14,101.625,142.406,142.922,100.406,102.375,432.225,24,7.752,5.30134,8.432,95.25,43.5294,43.9216,0,-0.203125,49.4605,11.25,11.25,10.5
20.5,0,0,0,0,1.33563,0.99997,1,4,1,1,0.88379,0,0.89673,1.0249,0,0,40.6667,40.5,41.3056,2099.75,1340,1286.76,965,1388.91,101.813,142.898,143.18,103.172,102.75,432.225,24,7.764,5.29067,8.444,95.25,43.9216,44.3137,0,-0.296875,49.4605,10.5,10.5,10.5
20.533,0,0,0,0,1.33954,0.99997,1,4,1,1,0.88379,0,0.88379,1.02319,0,0,40.9445,41,41.3056,2107.75,1340,1287.85,965,1391.56,101.93,142.898,143.18,102.094,102.633,432.225,24,7.9,5.30934,8.58,95.25,44.3137,44.7059,0,-0.546875,49.4605,10.5,10.5,10.5
20.567,0,0,0,0,1.33612,0.99997,1,4,1,1,0.87964,0,0.88379,1.02149,0,0,41,40.9167,41.3056,2112.5,1350,1285.82,965,1388.91,102.023,143.508,143.93,102.914,103.523,432.225,24,7.892,5.37601,8.572,95.25,45.8824,45.8824,0,-0.546875,49.4605,11.25,11.25,10.5
20.6,0,0,0,0,1.33795,0.99997,1,4,1,1,0.876466,0,0.88379,1.01831,0,0,41.2223,41,41.25,2120.25,1350,1284.65,965,1391.56,101.93,143.883,144.164,101.719,103.992,432.225,24,7.892,5.37867,8.572,95.25,46.2745,46.6667,0,-0.34375,49.4605,11.25,11.25,10.5
20.633,0,0,0,0,1.34119,0.99997,1,4,1,1,0.876466,0,0.876466,1.0166,0,0,41.2778,42.7223,41.8889,2122.75,1340,1286.76,965,1394.18,102.117,143.883,144.164,102.656,103.336,432.225,24,7.964,5.38134,8.652,95.25,47.0588,47.0588,0,0.171875,49.4605,11.25,11.25,11.25
20.667,0,0,0,0,1.33759,0.99997,1,4,1,1,0.870363,0,0.876466,1.01489,0,0,41.3056,41.4723,41.4445,2126,1350,1286.09,965,1391.56,102.07,144.117,144.656,102.117,103.688,436.014,24,7.96,5.42934,8.648,95.25,48.6275,48.2353,0,-0.609375,49.4605,11.25,11.25,11.25
20.7,0,0,0,0,1.33862,0.99997,1,4,1,1,0.865724,0,0.876466,1.01148,0,0,41.5834,41.1111,41.6111,2133.5,1350,1287.97,965,1391.56,102.234,144.609,145.102,102.047,103.781,436.014,24,7.98,5.44801,8.668,95.25,48.2353,48.6275,0,-0.4375,49.4605,12,12,11.25
20.733,0,0,0,0,1.33716,0.99997,1,4,1,1,0.862062,0,0.865724,1.00855,0,0,41.5834,41.0556,42.3056,2140,1350,1290.2,965,1388.91,102.445,145.078,145.57,104.086,104.297,436.014,24,8.092,5.52534,8.772,95.25,49.0196,49.0196,0,-0.34375,49.4605,10.5,10.5,10.5
20.767,0,0,0,0,1.34314,0.99997,1,4,1,1,0.862062,0,0.865724,1.00611,0,0,41.8056,42.4445,41.0556,2146,1350,1284.77,965,1394.18,102,145.078,145.57,99.6094,104.578,436.014,24,8.032,5.51467,8.712,95.25,49.4118,49.4118,0,-0.078125,49.4605,9.75,9.75,9.75
20.8,0,0,0,0,1.33594,0.99997,1,4,1,1,0.859376,0,0.865724,1.00366,0,0,41.9167,41.8889,42.5,2148.75,1350,1287.34,965,1391.56,102.211,145.523,146.039,103.828,104.273,436.014,24,8.048,5.49334,8.728,95.25,49.8039,50.5883,0,-0.4375,49.4605,10.5,10.5,10.5
20.833,0,0,0,0,1.34345,0.99997,1,4,1,1,0.857423,0,0.859376,1.00171,0,0,42,43.25,42.4167,2155.25,1350,1286.52,965,1396.84,102.188,146.016,146.461,102.094,104.133,436.014,24,8.116,5.54134,8.796,95.25,51.3726,51.3726,0,-0.78125,49.4605,12,12,12
20.867,0,0,0,0,1.34088,0.99997,1,4,1,1,0.857423,0,0.859376,0.998537,0,0,42.1667,42.1111,42.3056,2158.25,1350,1289.1,965,1394.18,102.398,146.016,146.461,101.813,104.438,440.897,24,8.144,5.56534,8.824,95.25,51.7647,51.3726,0,0.125,49.4605,12,12,14.25
20.9,0,0,0,0,1.34119,0.99997,1,4,1,1,0.855958,0,0.859376,0.994142,0,0,42.2223,43.3611,42.4445,2163.5,1360,1287.93,965,1394.18,102.305,146.438,146.789,101.531,104.789,440.897,24,8.128,5.54934,8.808,95.25,51.7647,51.7647,0,-0.171875,49.4605,12,12,12
20.933,0,0,0,0,1.34314,0.99997,1,4,1,1,0.855958,0,0.855958,0.991212,0,0,42.3889,43.3334,42.3056,2171.5,1350,1287.46,965,1396.8,102.305,146.438,146.789,101.461,104.719,440.897,24,8.148,5.56267,8.828,95.25,52.1569,52.549,0,-0.421875,49.4605,12,12,12
20.967,0,0,0,0,1.33832,0.99997,1,4,1,1,0.851076,0,0.855958,0.991212,0,0,42.3889,41.9167,43.0834,2172,1360,1291.8,965,1394.18,102.656,146.742,147.375,104.602,104.977,440.897,24,8.188,5.57601,8.868,95.25,52.9412,53.3334,0,-0.34375,49.4605,12,12,12
21,0,0,0,0,1.34265,0.99997,1,4,1,1,0.847169,0,0.855958,0.991212,0,0,42.6389,42.9445,42.25,2182.75,1360,1287.46,965,1396.8,102.305,147.328,147.938,100.734,105.07,440.897,24,8.132,5.58667,8.812,95.25,53.3334,53.7255,0,-0.328125,49.4605,12,12,12
21.033,0,0,0,0,1.34168,0.99997,1,4,1,1,0.844484,0,0.847169,0.991212,0,0,42.6389,44.1111,43.3889,2188,1370,1287.42,965,1396.84,102.305,147.891,148.383,103.453,106.031,440.897,24,8.204,5.61067,8.872,95.25,54.5098,54.5098,0,-0.3125,49.4605,11.25,11.25,11.25
21.067,0,0,0,0,1.33667,0.99997,1,4,1,1,0.844484,0,0.847169,0.989992,0,0,42.6389,41.9723,42.6667,2190.25,1370,1286.8,965,1394.18,102.281,147.891,148.383,102.375,106.594,444.53,24,8.224,5.60534,8.892,95.25,54.902,55.2941,0,-0.546875,49.4605,12,12,11.25
21.1,0,0,0,0,1.34192,0.99997,1,4,1,1,0.842286,0,0.847169,0.989992,0,0,42.75,44.1389,43.0278,2195.5,1370,1285.2,965,1399.49,102.164,148.336,148.781,101.789,106.898,444.53,24,8.212,5.61334,8.88,95.25,55.6863,57.2549,0,-0.3125,49.4605,12.75,12.75,11.25
21.133,0,0,0,0,1.3363,0.99997,1,4,1,1,0.840822,0,0.842286,0.989992,0,0,43.0278,42.0556,42.8889,2204.25,1380,1288.63,965,1394.18,102.469,148.734,149.273,102.492,107.367,444.53,23.25,8.296,5.67201,8.964,95.25,58.0392,59.6079,0,-0.125,49.4605,12.75,12.75,11.25
21.167,0,0,0,0,1.34064,0.99997,1,4,1,1,0.840822,0,0.842286,0.989992,0,0,43.0834,43.9167,43.6667,2210,1370,1289.73,965,1396.84,102.563,148.734,149.273,103.359,107.086,444.53,23.25,8.292,5.66934,8.96,95.25,60,61.5686,0,-0.578125,49.4605,12.75,12.75,13.5
21.2,0,0,0,0,1.33997,0.99997,1,4,1,1,0.839601,0,0.842286,0.989992,0,0,43.25,43.1111,43.0834,2212,1380,1288.87,965,1396.84,102.469,149.227,149.789,101.93,107.883,444.53,23.25,8.284,5.67201,8.952,95.25,62.7451,62.7451,0,-0.578125,49.4605,12.75,12.75,14.25
21.233,0,0,0,0,1.33685,0.99997,1,4,1,1,0.839601,0,0.839601,0.989992,0,0,43.3334,43.5,43.2223,2218,1380,1286.91,965,1394.18,102.352,149.227,149.789,102.633,107.813,444.53,24,8.296,5.66134,8.976,95.25,64.3137,63.9216,0,-0.34375,49.4605,12.75,12.75,12
21.267,0,0,0,0,1.34522,0.99997,1,4,1,1,0.834718,0,0.839601,0.989992,0,0,43.3056,47,42.7223,2222.25,1380,1282.38,965,1404.73,102,149.766,150.047,100.172,108.164,448.104,24,8.208,5.66134,8.888,95.25,65.8824,66.2745,0,-0.25,49.4605,12.75,12.75,12
21.3,0,0,0,0,1.32538,0.99997,1,4,1,1,0.831056,0,0.839601,0.988527,0,0,43.3334,42.7778,43.1667,2229.5,1380,1282.77,965,1394.18,102.023,150,150.633,102,108.398,448.104,24,8.232,5.64001,8.912,95.25,67.0588,67.451,0,-0.21875,49.4605,12.75,12.75,12
21.333,0,0,0,0,1.32367,0.99997,1,4,1,1,0.82837,0,0.831056,0.988527,0,0,43.5556,42.7778,43.9167,2238.25,1380,1286.72,965,1388.91,102.375,150.586,151.078,104.484,108.82,448.104,23.25,8.364,5.70401,9.044,95.25,68.6275,69.0196,0,-0.625,49.4605,12.75,12.75,12
21.367,0,0,0,0,1.33368,0.99997,1,4,1,1,0.82837,0,0.831056,0.988527,0,0,43.6667,43.1389,43.4445,2240.5,1380,1283.28,965,1396.84,102.117,150.586,151.078,101.039,109.031,448.104,23.25,8.328,5.71467,9.008,95.25,70.1961,70.5883,0,-0.5625,49.4605,12.75,12.75,12
21.4,0,0,0,0,1.3338,0.99997,1,4,1,1,0.826417,0,0.831056,0.988527,0,0,43.5556,46.2778,43.8056,2242.75,1390,1280.55,965,1396.84,101.883,151.055,151.289,100.805,109.43,448.104,23.25,8.296,5.68801,8.976,95.25,71.3726,72.1569,0,0.03125,49.4605,12.75,12.75,12
21.433,0,0,0,0,1.32422,0.99997,1,4,1,1,0.824952,0,0.826417,0.988527,0,0,43.5556,45.6667,42.9723,2253.5,1390,1272.77,965,1394.22,101.273,151.242,152.086,99.4219,109.852,448.104,23.25,8.284,5.68001,8.972,95.25,74.1177,74.1177,0,-0.359375,49.4605,12.75,12.75,12
21.467,0,0,0,0,1.32245,0.99997,1,4,1,1,0.824952,0,0.826417,0.988527,0,0,43.6667,43.6945,43.5278,2258.25,1390,1275.9,965,1396.84,101.531,151.242,152.086,100.992,110.18,451.62,23.25,8.312,5.70134,9,95.25,75.2941,76.0785,0,-0.484375,49.4605,13.5,13.5,12
21.5,0,0,0,0,1.31891,0.99997,1,4,1,1,0.823732,0,0.826417,0.988527,0,0,43.7223,43.6945,44.1667,2264.5,1380,1276.56,965,1394.22,101.602,152.039,152.484,102.914,109.711,451.62,23.25,8.316,5.69334,9.004,95.25,77.2549,78.0392,0,-0.265625,49.4605,14.25,14.25,12
21.533,0,0,0,0,1.3216,0.99997,1,4,1,1,0.822755,0,0.823732,0.988527,0,0,43.9445,43.8334,43.7223,2268,1380,1273.87,965,1396.84,101.391,152.438,153.188,101.227,109.57,451.62,23.25,8.332,5.71467,9.012,95.25,79.2157,80,0,-0.453125,49.4605,14.25,14.25,14.25
21.567,0,0,0,0,1.32416,0.99997,1,4,1,1,0.822755,0,0.823732,0.988527,0,0,43.9723,43.9723,43.6111,2272,1390,1274.18,965,1399.49,101.438,152.438,153.188,100.078,110.273,451.62,23.25,8.336,5.72534,9.016,95.25,80.7843,80.3922,0,-0.28125,49.4605,14.25,14.25,14.25
21.6,0,0,0,0,1.32172,0.99997,1,4,1,1,0.822267,0,0.823732,0.988527,0,0,43.9723,43.9167,43.4445,2275.75,1390,1271.64,965,1396.84,101.25,153.164,153.281,100.172,110.531,451.62,23.25,8.316,5.70134,8.996,95.25,80.7843,81.1765,0,-0.59375,49.4605,14.25,14.25,14.25
21.633,0,0,0,0,1.3244,0.99997,1,4,1,1,0.821779,0,0.822267,0.987306,0,0,44.0834,43.9445,43.5,2283.75,1390,1271.21,970,1399.45,101.227,153.258,153.914,99.8203,110.438,451.62,23.25,8.328,5.70934,9.016,95.25,82.7451,82.7451,0,-0.296875,49.4605,14.25,14.25,14.25
21.667,0,0,0,0,1.32428,0.99997,1,4,1,1,0.821779,0,0.822267,0.987306,0,0,44.0278,46.1667,44.4445,2291.25,1390,1270,970,1402.11,101.156,153.258,153.914,100.547,110.906,455.116,23.25,8.308,5.70401,8.996,95.25,84.3138,83.9216,0,-0.125,49.4605,14.25,14.25,14.25
21.7,0,0,0,0,1.31482,0.99997,1,4,1,1,0.82129,0,0.822267,0.987306,0,0,44.3611,44.5834,44.3334,2296,1390,1272.23,970,1396.84,101.32,153.867,154.594,101.391,110.977,455.116,23.25,8.324,5.71734,9.012,95.25,84.7059,85.0981,0,-0.765625,49.4605,14.25,14.25,14.25
21.733,0,0,0,0,1.31964,0.99997,1,4,1,1,0.821046,0,0.82129,0.987306,0,0,44.4167,44.8056,44.6389,2300.75,1390,1270.35,970,1402.11,101.203,154.547,154.945,100.594,110.93,455.116,24,8.324,5.71734,8.992,95.25,86.2745,86.6667,0,-0.375,49.4605,14.25,14.25,14.25
21.767,0,0,0,0,1.31378,0.99997,1,4,1,1,0.821046,0,0.82129,0.987306,0,0,44.4723,44.4445,44.7778,2303.25,1390,1274.84,970,1396.84,101.578,154.547,154.945,103.336,111.305,455.116,24,8.368,5.72801,9.036,95.25,87.451,87.451,0,-0.25,49.4605,14.25,14.25,14.25
21.8,0,0,0,0,1.31586,0.99997,1,4,1,1,0.821046,0,0.82129,0.987306,0,0,44.6389,44.6945,44.6667,2309,1400,1271.13,970,1399.45,101.297,154.922,155.156,100.688,111.82,455.116,24,8.336,5.72534,9.004,95.25,87.451,88.2353,0,-0.609375,49.4605,14.25,14.25,14.25
21.833,0,0,0,0,1.30994,0.99997,1,4,1,1,0.820802,0,0.821046,0.987306,0,0,44.6667,44.5556,44.8611,2318.5,1400,1270.23,970,1394.22,101.203,155.109,155.93,102.164,111.68,455.116,24,8.328,5.71467,9.016,95.25,89.0196,89.804,0,-0.625,49.4605,14.25,14.25,15
21.867,0,0,0,0,1.30762,0.99997,1,4,1,1,0.820802,0,0.821046,0.986085,0,0,44.7778,44.5,45.8334,2324.5,1400,1274.65,970,1391.56,101.602,155.109,155.93,104.602,112.008,458.651,24,8.372,5.71734,9.06,95.25,90.1961,90.9804,0,-0.328125,49.4605,14.25,14.25,15
21.9,0,0,0,0,1.32123,0.99997,1,4,1,1,0.820558,0,0.821046,0.986085,0,0,45.1111,45.6111,45.1945,2329,1400,1273.01,970,1404.77,101.461,155.883,156.469,101.766,112.148,458.651,24,8.344,5.73867,9.032,95.25,91.7647,91.7647,0,-0.28125,49.4605,15,15,15
21.933,0,0,0,0,1.31494,0.99997,1,4,1,1,0.820558,0,0.820558,0.987306,0,0,45.0556,45.6667,45.0278,2328.25,1400,1272.85,970,1399.49,101.484,156.445,156.586,100.945,112.148,458.651,24,8.352,5.74401,9.04,95.25,93.7255,93.3334,0,-0.640625,49.4605,15,15,15
21.967,0,0,0,0,1.30927,0.99997,1,4,1,1,0.820558,0,0.820558,0.986085,0,0,45.2223,45.5,46.1945,2338.5,1400,1278.32,970,1394.18,101.953,156.445,156.586,104.484,112.594,458.651,24,8.4,5.75734,9.088,95.25,93.7255,94.1177,0,-0.734375,49.4605,15,15,15
22,0,0,0,0,1.3216,0.99997,1,4,1,1,0.820558,0,0.820558,0.986085,0,0,45.4723,45.9723,45.9723,2346,1410,1274.49,970,1407.38,101.625,156.539,157.383,100.641,112.969,458.651,24,8.36,5.74934,9.048,95.25,94.5098,95.2942,0,-0.546875,49.4605,15,15,15
22.033,0,0,0,0,1.31018,0.99997,1,4,1,1,0.820558,0,0.820558,0.986085,0,0,45.4167,45.8334,44.7778,2349,1400,1271.02,970,1396.84,101.367,157.336,157.852,98.7656,112.875,458.651,24,8.328,5.72801,9.008,95.25,95.6863,96.4706,0,-0.203125,49.4605,15,15,15
22.067,0,0,0,0,1.3161,0.99997,1,4,1,1,0.820558,0,0.820558,0.986085,0,0,45.6389,45.8334,45.6111,2353.75,1410,1273.28,970,1404.77,101.578,157.336,157.852,100.383,112.969,462.186,24,8.352,5.76001,9.032,95.25,97.2549,97.2549,0,-0.484375,49.4605,15,15,15
22.1,0,0,0,0,1.31232,0.99997,1,4,1,1,0.820314,0,0.820558,0.984865,0,0,45.6389,45.75,46.25,2359.25,1410,1275.04,970,1402.07,101.719,157.828,158.063,102.211,113.602,462.186,24,8.376,5.76001,9.056,95.25,98.0392,98.0392,0,-0.5,49.4605,15,15,15
22.133,0,0,0,0,1.31177,0.99997,1,4,1,1,0.820314,0,0.820314,0.986085,0,0,46,45.75,45.3611,2369.25,1410,1276.37,970,1399.49,101.859,158.016,159.07,100.547,113.414,462.186,24,8.392,5.77067,9.072,95.25,98.8236,98.4314,0,-0.140625,49.4605,15,15,15
22.167,0,0,0,0,1.31244,0.99997,1,4,1,1,0.820314,0,0.820314,0.984865,0,0,46.1111,46.8056,45.8889,2370.75,1410,1275.94,970,1399.49,101.813,158.016,159.07,100.219,113.719,462.186,24,8.368,5.78401,9.048,95.25,98.8236,99.2157,0,-0.375,49.4605,15,15,15
22.2,0,0,0,0,1.3114,0.99997,1,4,1,1,0.820314,0,0.820314,0.984865,0,0,46.1111,46.6389,47.5556,2374.25,1420,1280.98,970,1399.49,102.234,159.023,159.328,105.07,113.906,462.186,24,8.416,5.76801,9.096,95.25,99.2157,99.6079,0,-0.671875,49.4605,15,15,15
22.233,0,0,0,0,1.31305,0.99997,1,4,1,1,0.820314,0,0.820314,0.984865,0,0,46.3889,46.6667,46.7778,2379,1420,1280.43,970,1402.11,102.234,159.305,159.656,102.867,113.859,462.186,24,8.42,5.79734,9.1,95.25,99.6079,99.6079,0,-0.34375,49.4605,15,15,15
22.267,0,0,0,0,1.30737,0.99997,1,4,1,1,0.820314,0,0.820314,0.984865,0,0,46.6111,46.75,46.0834,2388.75,1420,1278.67,970,1396.88,102.094,159.305,159.656,100.219,114.422,466.815,24,8.396,5.80534,9.076,95.25,99.2157,99.6079,0,-0.1875,49.4605,15,15,15
22.3,0,0,0,0,1.31537,0.99997,1,4,1,1,0.820314,0,0.820314,0.984865,0,0,46.6389,46.8056,46.8056,2394.25,1420,1278.63,970,1404.73,102.07,159.609,160.523,101.391,114.633,466.815,24,8.384,5.78934,9.064,95.25,100,100,0,-0.3125,49.4605,15.75,15.75,15
22.333,0,0,0,0,1.31427,0.99997,1,4,1,1,0.820314,0,0.820314,0.983644,0,0,46.8611,46.75,47.0556,2394.5,1420,1284.53,970,1402.07,102.586,160.5,160.594,102.445,114.633,466.815,24,8.452,5.82134,9.148,95.25,99.6079,100,0,-0.515625,49.4605,15.75,15.75,15
22.367,0,0,0,0,1.31531,0.99997,1,4,1,1,0.820314,0,0.820314,0.983644,0,0,46.8611,47.0556,46.5834,2398.25,1430,1279.38,970,1402.11,102.188,160.5,160.594,99.7969,114.797,466.815,24,8.396,5.81067,9.092,95.25,99.6079,100,0,-0.28125,49.4605,15.75,15.75,15
22.4,0,0,0,0,1.31299,0.99997,1,4,1,1,0.820314,0,0.820314,0.983644,0,0,46.9723,46.7223,47.4445,2411.75,1430,1281.99,970,1399.49,102.398,160.547,161.414,103.945,115.406,466.815,24,8.412,5.78667,9.108,95.25,100,100,0,-0.234375,49.4605,15.75,15.75,15
22.433,0,0,0,0,1.31781,0.99997,1,4,1,1,0.820314,0,0.820314,0.983644,0,0,47.1945,47.8334,47.1667,2416.25,1430,1281.21,970,1404.77,102.375,161.367,161.883,101.531,115.336,466.815,24,8.404,5.79734,9.1,95.25,100,100,0,-0.546875,49.4605,15.75,15.75,15
22.467,0,0,0,0,1.31201,0.99997,1,4,1,1,0.820314,0,0.820314,0.983644,0,0,47.1945,47.8334,46.6667,2415.5,1430,1278.71,970,1399.49,102.141,161.367,161.883,100.477,115.359,470.389,24,8.376,5.80001,9.072,95.25,100,100,0,-0.46875,49.4605,15.75,15.75,15
22.5,0,0,0,0,1.31598,0.99997,1,4,1,1,0.820314,0,0.820314,0.983644,0,0,47.25,47.7778,47.3056,2425,1440,1279.02,970,1404.77,102.188,161.836,162.211,101.766,115.898,470.389,24,8.384,5.78667,9.08,95.25,100,100,0,-0.21875,49.4605,15.75,15.75,15.75
22.533,0,0,0,0,1.31976,0.99997,1,4,1,1,0.820314,0,0.820314,0.983644,0,0,47.3889,47.9167,47.0556,2433.25,1440,1277.27,970,1410.04,102.07,162.164,162.914,99.7734,115.781,470.389,24,8.368,5.77334,9.064,95.25,100,100,0,-0.65625,49.4605,15.75,15.75,15.75
22.567,0,0,0,0,1.31152,0.99997,1,4,1,1,0.820314,0,0.820314,0.983644,0,0,47.4445,47.6111,48.7778,2435.25,1440,1283.28,970,1402.11,102.586,162.164,162.914,105.516,116.203,470.389,24,8.436,5.77601,9.132,95.25,100,100,0,-0.640625,49.4605,15.75,15.75,15.75
22.6,0,0,0,0,1.31372,0.99997,1,4,1,1,0.820314,0,0.820314,0.983644,0,0,47.8334,47.6945,48.25,2438,1440,1285.86,970,1402.11,102.797,162.867,163.242,104.133,116.344,470.389,24,8.46,5.83467,9.156,95.25,100,100,0,-0.25,49.4605,15.75,15.75,15.75
22.633,0,0,0,0,1.31964,0.99997,1,4,1,1,0.820314,0,0.820314,0.982423,0,0,47.9723,47.8889,47.7778,2449.25,1440,1284.1,970,1407.38,102.68,163.195,163.875,101.461,116.273,470.389,24,8.44,5.82134,9.136,95.25,100,100,0,-0.1875,49.4605,15.75,15.75,15.75
22.667,0,0,0,0,1.31299,0.99997,1,4,1,1,0.820314,0,0.820314,0.982423,0,0,47.9723,48.6667,49.5556,2453.5,1450,1289.8,970,1402.11,103.148,163.195,163.875,106.664,116.719,473.944,24,8.476,5.82134,9.172,95.25,100,100,0,-0.625,49.4605,15.75,15.75,15.75
22.7,0,0,0,0,1.31897,0.99997,1,4,1,1,0.820314,0,0.820314,0.982423,0,0,48.4167,48.8889,48.9445,2454.75,1450,1291.72,970,1407.38,103.313,163.828,164.203,103.57,117.023,473.944,24,8.516,5.88001,9.212,95.25,100,100,0,-0.65625,49.4605,15.75,15.75,15.75
22.733,0,0,0,0,1.32398,0.99997,1,4,1,1,0.820314,0,0.820314,0.982423,0,0,48.6389,48.8889,48.7223,2466.75,1450,1292.42,970,1412.7,103.383,164.156,164.93,102.82,116.883,473.944,24,8.524,5.88534,9.204,95.25,99.6079,100,0,-0.171875,49.4605,16.5,16.5,15.75
22.767,0,0,0,0,1.30731,0.99997,1,4,1,1,0.820314,0,0.820314,0.982423,0,0,48.6389,48.4723,48.5834,2470.75,1440,1293.83,970,1396.84,103.5,164.156,164.93,105.586,116.18,473.944,24,8.532,5.87467,9.212,95.25,100,100,0,-0.65625,49.1004,16.5,16.5,15.75
22.8,0,0,0,0,1.31793,0.99997,1,4,1,1,0.820314,0,0.820314,0.981203,0,0,48.7223,48.8612,48.6111,2472.75,1430,1290.59,970,1410.04,103.242,164.906,165.164,102.023,115.313,473.944,24,8.508,5.87467,9.188,95.25,100,100,0,-0.796875,48.7403,16.5,16.5,15.75
22.833,0,0,0,0,1.3197,0.99997,1,4,1,1,0.820314,0,0.820314,0.981203,0,0,48.8334,48.9167,49.0834,2480.5,1420,1288.2,970,1412.7,103.055,165.117,165.773,102.492,114.094,473.944,24,8.46,5.85601,9.128,95.25,100,100,0,-0.21875,48.3817,16.5,16.5,15.75
22.867,0,0,0,0,1.30377,0.99997,1,4,1,1,0.820314,0,0.820314,0.981203,0,0,48.8889,49.3334,49.6667,2484.25,1390,1295.59,970,1396.84,103.688,165.117,165.773,107.367,111.75,477.577,24,8.536,5.86134,9.204,95.25,100,100,0,-0.234375,47.4814,16.5,16.5,15.75
22.9,0,0,0,0,1.31665,0.99997,1,4,1,1,0.820314,0,0.820314,0.981203,0,0,49.3612,49.8334,49.25,2491.5,1390,1296.64,970,1410,103.781,165.727,166.359,102.094,110.766,477.577,24,8.548,5.92267,9.216,95.25,100,99.2157,0,-0.859375,47.1228,16.5,16.5,15.75
22.933,0,0,0,0,1.31348,0.99997,1,4,1,1,0.820314,0,0.820314,0.979982,0,0,49.4167,49.6389,49.1945,2499.25,1350,1294.77,970,1407.38,103.664,166.313,166.898,102.797,106.289,477.577,24,8.532,5.89867,9.2,95.25,98.0392,96.0785,0,-0.375,45.6839,16.5,16.5,15.75
22.967,0,0,0,0,1.31525,0.99997,1,4,1,1,0.820314,0,0.820314,0.981203,0,0,49.3056,49.5834,49.8889,2504.25,1320,1293.63,970,1410.04,103.57,166.313,166.898,103.664,102.094,477.577,24,8.512,5.88267,9.18,95.25,95.2942,90.9804,0,-0.25,44.245,16.5,16.5,15.75
23,0,0,0,0,1.31036,0.99997,1,4,1,1,0.820314,0,0.820314,0.981203,0,0,49.4723,49.2223,49.6667,2508.5,1310,1291.95,970,1404.77,103.43,166.875,167.227,102.75,100.313,477.577,24,8.496,5.87467,9.164,95.25,89.0196,82.353,0,-0.546875,43.5248,16.5,16.5,15.75
23.033,0,0,0,0,1.32263,0.99997,1,4,1,1,0.820314,0,0.820314,0.979982,0,0,49.4723,49.3612,50.25,2512.5,1250,1288.83,970,1417.97,103.195,166.875,167.227,102.891,95.5781,477.577,24,8.464,5.86134,9.152,95.25,80.3922,73.3334,0,-0.546875,41.9058,16.5,16.5,15.75
23.067,0,0,0,0,1.31525,0.99997,1,4,1,1,0.820314,0,0.820314,0.979982,0,0,49.3612,48.6389,50.7223,2521,1190,1281.09,970,1410.04,102.563,167.18,167.578,101.016,90.375,481.092,24,8.38,5.82401,9.068,95.25,67.0588,61.1765,0,-0.234375,39.9282,16.5,16.5,15.75
23.1,0,0,0,0,1.31281,0.99997,1,4,1,1,0.820314,0,0.820314,0.979982,0,0,49.2778,49.3612,49.75,2523.25,1160,1278.59,970,1407.38,102.352,167.555,168.094,102.445,88.0078,481.092,24,8.348,5.78667,9.036,95.25,49.8039,29.4118,0,-0.5,39.0279,17.25,17.25,16.5
23.133,0,0,0,0,1.33252,0.99997,1,4,1,1,0.820314,0,0.820314,0.979982,0,0,48.6389,42.0556,46.4445,2526.5,1090,1240.7,970,1428.52,99.2813,168.141,168.281,87.1641,82.6406,481.092,24,8.508,5.89334,9.176,95.25,26.6667,28.2353,0,-0.78125,37.0504,17.25,17.25,16.5
23.167,0,0,0,0,1.33991,0.99997,1,4,1,1,0.820314,0,0.820314,0.978517,0,0,47.5,46.3056,44.4723,2526.5,1070,1229.22,970,1436.45,98.3438,168.141,168.281,95.9766,80.8359,481.092,24,8.124,5.65601,8.792,95.25,25.4902,25.8824,0,-0.296875,36.3302,18,18,17.25
23.2,0,0,0,0,1.33991,0.99997,1,4,1,1,0.820314,0,0.820314,0.978517,0,0,46.5556,42.6389,43.2223,2535.25,1050,1194.88,970,1436.45,95.5078,168.258,168.398,88.0781,79.1016,481.092,24,7.732,5.44267,8.4,95.25,23.1373,24.3137,0,-0.25,35.6115,18.75,18.75,17.25
23.233,0,0,0,0,1.34241,0.99997,1,4,1,1,0.820314,0,0.820314,0.978517,0,0,45,41.1389,41,2538.5,970,1162.89,970,1439.1,92.8828,168.563,168.938,84.8672,71.9766,481.092,24,7.396,5.14667,8.076,95.25,21.5686,21.5686,0,-0.859375,33.2738,19.5,19.5,17.25
23.267,0,0,0,0,1.34485,0.99997,1,4,1,1,0.820314,0,0.820314,0.978517,0,0,44.1945,37.4167,40.2223,2544.5,970,1104.77,970,1441.76,88.1016,168.563,168.938,76.9922,67.7813,482.987,24,6.84,4.85601,7.52,95.25,19.2157,20.3922,0,-0.609375,32.0134,21,21,18
23.3,0,0,0,0,1.34729,0.99997,1,4,1,1,0.820314,0,0.820314,0.978517,0,0,41.6945,38.0834,38.1667,2544.5,970,1078.28,970,1444.38,85.9219,169.055,169.336,78.375,63.1406,482.987,24,6.628,4.56534,7.308,95.25,18.4314,18.0392,0,-0.015625,30.5745,21.75,21.75,25.5
23.333,0,0,0,0,1.35474,0.99997,1,4,1,1,0.820314,0,0.820314,0.977296,0,0,38.8056,32,33.6389,2545,970,989.219,970,1452.3,78.2578,169.289,169.242,65.8359,55.5234,482.987,24,6.032,4.01601,6.728,95.25,15.2941,14.902,0,-0.75,28.2368,24,24,26.25
23.367,0,0,0,0,1.35962,0.99997,1,4,1,1,0.820314,0,0.820314,0.977296,0,0,36.8889,29.7222,30.1389,2545.5,970,941.719,970,1457.58,74.0859,169.289,169.242,61.125,53.3672,482.987,24,5.644,3.768,6.34,95.25,12.9412,13.3333,0,-0.828125,27.5181,24.75,24.75,26.25
23.4,0,0,0,0,1.35962,0.99997,1,4,1,1,0.820314,0,0.820314,0.977296,0,0,34,25.8889,25.8889,2544,970,870.977,970,1457.58,67.9922,169.195,169.266,53.2734,51.0703,482.987,24,5.068,3.37867,5.764,95.25,12.1569,12.549,0,-0.578125,26.7979,27,27,27
23.433,0,0,0,0,1.35474,0.99997,1,4,1,1,0.820314,0,0.820314,0.977296,0,0,30.5,24.9167,24.0556,2544,970,812.109,970,1452.3,62.8359,169.266,169.219,51.2813,48.7734,482.987,24,4.672,2.99467,5.352,95.25,10.9804,11.3726,0,-0.484375,26.0792,28.5,28.5,27.75
23.467,0,0,0,0,1.34241,0.99997,1,4,1,1,0.820314,0,0.820314,0.977296,0,0,29.6945,23.5,20.4722,2545.25,970,760.195,970,1439.1,58.3359,169.266,169.219,48.3516,48.7969,476.21,24,4.332,2.89334,5.012,95.25,10.5882,10.9804,0,-0.984375,26.0792,29.25,29.25,28.5
23.5,0,0,0,0,1.32758,0.99997,1,4,1,1,0.820314,0,0.820314,0.977296,0,0,27.1389,23,20.0556,2552,970,730.586,970,1423.24,55.8047,169.289,169.5,47.1797,46.5703,476.21,24,4.156,2.65867,4.836,95.25,10.1961,10.9804,0,-0.515625,25.3589,30,30,29.25
23.533,0,0,0,0,1.31525,0.99997,1,4,1,1,0.820314,0,0.820314,0.976076,0,0,25.6945,21.8056,20.4445,2557.5,970,683.867,970,1410.04,51.7266,169.594,169.828,44.6484,44.5078,476.21,24,3.828,2.50667,4.516,96,10.1961,10.1961,0,-0.28125,24.6402,31.5,31.5,30
23.567,0,0,0,0,1.30792,0.99997,1,4,1,1,0.820314,0,0.820314,0.976076,0,0,24.7222,21.1389,18.3611,2555.5,970,661.484,970,1402.11,49.7813,169.594,169.828,43.3125,44.5078,476.21,24,3.68,2.40267,4.368,96,9.80392,9.80392,0,-0.6875,24.6402,31.5,31.5,30
23.6,0,0,0,0,1.29309,0.99997,1,4,1,1,0.820314,0,0.820314,0.974855,0,0,23.5,20.8611,19.75,2555,970,635.352,970,1386.25,47.5547,169.805,169.828,42.75,42.6094,476.21,24,3.548,2.30934,4.236,96,9.80392,9.80392,0,-0.84375,23.92,32.25,32.25,30.75
23.633,0,0,0,0,1.28076,0.99997,1,4,1,1,0.820314,0,0.820314,0.974855,0,0,22.3334,20.6667,19.2778,2554.5,970,615.977,970,1373.05,45.8438,169.781,169.758,42.3516,42.6094,476.21,24,3.444,2.21867,4.112,96,9.80392,9.80392,0,-0.34375,23.92,33,33,31.5
23.667,0,0,0,0,1.27094,0.99997,1,4,1,1,0.820314,0,0.820314,0.974855,0,0,22.1111,20.3333,19.0278,2556.25,970,601.328,970,1362.5,44.5781,169.781,169.758,41.6484,41.6719,472.85,24,3.372,2.20534,4.04,96,9.80392,9.80392,0,-0.53125,23.5614,33,33,31.5
23.7,0,0,0,0,1.26605,0.99997,1,4,1,1,0.820314,0,0.820314,0.974855,0,0,21.4167,20.3056,18.9167,2557.75,970,593.555,970,1357.23,43.9219,169.781,169.875,41.5781,41.6719,472.85,24,3.336,2.152,4.004,96,9.80392,9.80392,0,-1,23.5614,33.75,33.75,31.5
23.733,0,0,0,0,1.2536,0.99997,1,4,1,1,0.820314,0,0.820314,0.973634,0,0,20.9445,19.8333,19.25,2562,970,579.141,970,1343.98,42.6563,169.969,170.203,40.5234,41.6719,472.85,24.75,3.248,2.112,3.928,96,9.80392,9.80392,0,-0.40625,23.5614,33.75,33.75,31.5
23.767,0,0,0,0,1.24628,0.99997,1,4,1,1,0.820314,0,0.820314,0.973634,0,0,20.6667,19.7778,18.6667,2561.25,970,573.086,970,1336.09,42.1406,169.969,170.203,40.4297,41.6953,472.85,24.75,3.22,2.088,3.9,96,9.80392,9.80392,0,-0.40625,23.5614,33.75,33.75,32.25
23.8,0,0,0,0,1.24133,0.99997,1,4,1,1,0.820314,0,0.820314,0.973634,0,0,20.3611,19.6667,19.7222,2559.5,970,566.055,970,1330.78,41.5078,170.156,170.063,40.2188,41.7188,472.85,24.75,3.196,2.06934,3.876,96,9.80392,9.80392,0,-0.84375,23.5614,33.75,33.75,32.25
23.833,0,0,0,0,1.23151,0.99997,1,4,1,1,0.820314,0,0.820314,0.973634,0,0,20.0278,19.6111,19.0833,2561.25,970,560.977,970,1320.23,41.0625,170.063,170.109,40.0781,41.7422,472.85,24.75,3.184,2.05867,3.852,96,9.80392,9.80392,0,-0.5,23.5614,34.5,34.5,32.25
23.867,0,0,0,0,1.22656,0.99997,1,4,1,1,0.820314,0,0.820314,0.973634,0,0,19.9722,19.8889,19.1945,2560.5,970,559.727,970,1314.96,40.9219,170.063,170.109,40.6641,41.7891,473.592,24.75,3.188,2.06134,3.856,96,9.80392,9.80392,0,-0.078125,23.5614,34.5,34.5,32.25
23.9,0,0,0,0,1.21674,0.99997,1,4,1,1,0.820314,0,0.820314,0.973634,0,0,19.9445,19.9445,18.8056,2560.75,970,559.258,970,1304.38,40.875,170.133,170.203,40.7813,41.7656,473.592,24.75,3.188,2.06134,3.856,96,9.80392,9.80392,0,-0.640625,23.5614,34.5,34.5,32.25
23.933,0,0,0,0,1.20935,0.99997,1,4,1,1,0.820314,0,0.820314,0.972414,0,0,19.9445,20.0278,20.1389,2562.25,970,558.75,970,1296.45,40.6875,169.758,170.18,40.9219,41.7891,473.592,24.75,3.192,2.06667,3.86,96,10.1961,10.1961,0,-0.84375,23.5614,34.5,34.5,32.25
23.967,0,0,0,0,1.20435,0.99997,1,4,1,1,0.820314,0,0.820314,0.972414,0,0,19.8889,20,19.4722,2561.25,970,559.492,970,1291.17,40.7344,169.758,170.18,40.875,41.7891,473.592,24.75,3.204,2.06934,3.872,96,10.1961,10.1961,0,-0.15625,23.5614,34.5,34.5,32.25
24,0,0,0,0,1.19702,0.99997,1,4,1,1,0.820314,0,0.820314,0.972414,0,0,19.8889,20.1111,19.5,2563,970,560.664,970,1283.24,40.7813,170.156,170.109,41.0859,41.7422,473.592,24.75,3.224,2.07467,3.892,96,10.1961,10.1961,0,-0.171875,23.5614,34.5,34.5,32.25
24.033,0,0,0,0,1.18964,0.99997,1,4,1,1,0.820314,0,0.820314,0.972414,0,0,19.9445,20.1111,19.6111,2563,970,561.641,970,1275.31,40.8516,170.109,170.203,41.0859,41.7656,473.592,24.75,3.228,2.08534,3.908,96,10.1961,10.1961,0,-0.71875,23.5614,34.5,34.5,32.25
24.067,0,0,0,0,1.18463,0.99997,1,4,1,1,0.820314,0,0.820314,0.972414,0,0,19.9445,20.1389,19.8333,2561.5,970,562.305,970,1270.04,40.8984,170.109,170.203,41.1563,41.8594,474.335,24.75,3.236,2.088,3.916,96,10.1961,10.1961,0,-0.6875,23.5614,34.5,34.5,32.25
24.1,0,0,0,0,1.17975,0.99997,1,4,1,1,0.820314,0,0.820314,0.972414,0,0,19.9445,20.0556,19.9445,2562,970,562.305,970,1264.77,40.875,170.156,170.063,40.9922,41.8125,474.335,24.75,3.244,2.09334,3.924,96,10.1961,10.1961,0,-0.109375,23.5614,34.5,34.5,32.25
24.133,0,0,0,0,1.17236,0.99997,1,4,1,1,0.820314,0,0.820314,0.972414,0,0,19.9722,20.1389,20.3611,2563.25,970,563.086,970,1256.84,40.9219,170.086,170.227,41.1328,41.8359,474.335,25.5,3.252,2.096,3.92,96,10.1961,10.1961,0,-0.6875,23.5614,34.5,34.5,32.25
24.167,0,0,0,0,1.16748,0.99997,1,4,1,1,0.820314,0,0.820314,0.972414,0,0,19.9722,20.1389,20.1111,2563.25,970,563.633,970,1251.56,40.9688,170.086,170.227,41.1328,41.8594,474.335,25.5,3.26,2.104,3.928,96,10.5882,10.5882,0,-0.609375,23.5614,34.5,34.5,32.25
24.2,0,0,0,0,1.16498,0.99997,1,4,1,1,0.820314,0,0.820314,0.971193,0,0,19.9722,20.1111,19.7778,2563,970,563.828,970,1248.91,40.9688,170.203,170.227,41.0859,41.8359,474.335,25.5,3.26,2.104,3.928,96,10.5882,10.5882,0,-0.359375,23.5614,34.5,34.5,32.25
24.233,0,0,0,0,1.15753,0.99997,1,4,1,1,0.820314,0,0.820314,0.971193,0,0,19.9722,20.0833,20.4722,2560.25,970,564.063,970,1240.98,40.9688,170.18,170.063,41.0625,41.8594,474.335,25.5,3.268,2.10934,3.936,96,10.5882,10.5882,0,-0.703125,23.5614,34.5,34.5,32.25
24.267,0,0,0,0,1.15509,0.99997,1,4,1,1,0.820314,0,0.820314,0.971193,0,0,20.0278,20.1667,20.5,2563,970,564.688,970,1238.32,41.0156,170.18,170.063,41.1797,41.8828,475.057,25.5,3.272,2.10934,3.94,96,10.5882,10.5882,0,-0.921875,23.5614,34.5,34.5,32.25
24.3,0,0,0,0,1.15015,0.99997,1,4,1,1,0.820314,0,0.820314,0.969972,0,0,20.0833,20.1667,21,2566.25,970,565.43,970,1233.05,41.0859,170.109,170.297,41.1328,41.9063,475.057,25.5,3.272,2.12,3.94,96,10.5882,10.5882,0,-0.328125,23.5614,34.5,34.5,32.25
24.333,0,0,0,0,1.14526,0.99997,1,4,1,1,0.820314,0,0.820314,0.969972,0,0,20.0278,20.1667,20.2778,2562.25,970,565.82,970,1227.77,41.1094,170.273,170.18,41.2031,41.9063,475.057,26.25,3.284,2.12,3.952,96,10.5882,10.5882,0,-0.484375,23.5614,34.5,34.5,32.25
24.367,0,0,0,0,1.14276,0.99997,1,4,1,1,0.820314,0,0.820314,0.969972,0,0,20.0833,20.1389,20.7778,2563,970,565.938,970,1225.12,41.1094,170.273,170.18,41.1328,41.8828,475.057,26.25,3.284,2.12,3.952,96,10.5882,10.5882,0,-0.3125,23.5614,34.5,34.5,32.25
24.4,0,0,0,0,1.14252,0.99997,1,4,1,1,0.820314,0,0.820314,0.969972,0,0,20.0833,20.2222,20.9445,2564.5,970,566.719,970,1222.5,41.1563,170.18,170.297,41.2734,41.8828,475.057,26.25,3.292,2.12534,3.96,96,10.5882,10.5882,0,6.04688,23.5614,34.5,34.5,32.25
24.433,0,0,0,0,1.14032,0.99997,1,4,1,1,0.820314,0,0.820314,0.969972,0,0,20.1945,20.4445,20.8611,2563.75,970,569.531,970,1217.19,41.3906,170.297,170.297,41.7422,41.8828,475.057,26.25,3.316,2.13867,3.984,96,10.9804,10.5882,0,11.2344,23.5614,33.75,33.75,32.25
24.467,0,0,0,0,1.13977,0.99997,1,4,1,1,0.820314,0,0.820314,0.969972,0,0,20.25,20.4445,20.8333,2562.5,970,573.516,970,1214.57,41.6953,170.297,170.297,43.875,41.9297,475.799,26.25,3.392,2.14134,4.06,96,10.9804,10.5882,0,15.7188,23.5614,34.5,34.5,31.5
24.5,0,0,0,0,1.13922,0.99997,1,4,1,1,0.820314,0,0.820314,0.969972,0,0,19.6111,20.4445,20.9167,2562,970,583.789,970,1211.91,40.6172,172.031,170.203,43.9453,41.9531,475.799,26.25,3.328,2.07734,3.996,96,10.9804,10.5882,0,18.6094,23.5614,36.75,36.75,30.75
24.533,0,0,0,0,1.13916,0.99997,1,4,1,1,0.820314,0,0.820314,0.968507,0,0,20.3611,20.4445,21.0278,2564.75,970,597.188,970,1209.3,41.6953,169.031,170.297,43.9219,41.9531,475.799,26.25,3.412,2.2,4.08,96,10.9804,10.5882,0,20.9063,23.5614,36,36,30.75
24.567,0,0,0,0,1.13886,0.99997,1,4,1,1,0.820314,0,0.820314,0.968507,0,0,19.9445,20.4167,21,2562,970,608.984,970,1206.64,41.3672,169.031,170.297,43.8984,42.2813,475.799,26.25,3.396,2.16,4.064,96,10.9804,10.5882,0,21.2188,23.5614,36.75,36.75,30.75
24.6,0,0,0,0,1.1377,0.99997,1,4,1,1,0.820314,0,0.820314,0.968507,0,0,20.1389,20.3611,20.6389,2562.25,970,614.258,970,1203.98,41.25,169.148,170.18,43.3359,41.6719,475.799,26.25,3.36,2.16534,4.028,96,10.9804,10.9804,0,21.0625,23.5614,36.75,36.75,30.75
24.633,0,0,0,0,1.13458,0.99997,1,4,1,1,0.820314,0,0.820314,0.967287,0,0,20.4722,20.3056,20.5833,2565.25,970,623.984,970,1198.71,42.0469,169.547,170.297,43.3828,41.6484,475.799,26.25,3.432,2.20267,4.112,96,10.9804,10.9804,0,21.7656,23.5614,36.75,36.75,30.75
24.667,0,0,0,0,1.13324,0.99997,1,4,1,1,0.820314,0,0.820314,0.968507,0,0,20.5833,20.5833,20.8611,2564.25,970,627.5,970,1196.05,42.3281,169.547,170.297,44.0156,41.6953,476.581,26.25,3.46,2.19734,4.14,96,10.9804,10.5882,0,21.1563,23.5614,36.75,36.75,30.75
24.7,0,0,0,0,1.13184,0.99997,1,4,1,1,0.820314,0,0.820314,0.967287,0,0,20.7778,20.5,20.9722,2564.75,970,632.461,970,1193.44,42.7266,170.25,170.227,44.0625,41.7891,476.581,26.25,3.5,2.22934,4.18,96,10.9804,10.5882,0,21.2031,23.5614,36,36,30.75
24.733,0,0,0,0,1.13171,0.99997,1,4,1,1,0.820314,0,0.820314,0.967287,0,0,21.0556,20.3056,20.6111,2564,970,636.445,970,1190.78,43.0547,170.227,170.25,43.2656,41.7656,476.581,26.25,3.508,2.25867,4.176,96,10.9804,10.5882,0,21.5781,23.5614,35.25,35.25,30
24.767,0,0,0,0,1.1333,0.99997,1,4,1,1,0.820314,0,0.820314,0.966066,0,0,21.0556,20.3056,20.7778,2564.5,970,636.328,970,1190.78,43.0547,170.227,170.25,42.9609,41.9531,476.581,26.25,3.488,2.24267,4.156,96,10.9804,10.9804,0,21.5781,23.5614,35.25,35.25,29.25
24.8,0,0,0,0,1.12933,0.99997,1,4,1,1,0.820314,0,0.820314,0.966066,0,0,21,20.2778,20.4445,2565.5,970,635.156,970,1185.51,42.9375,170.227,170.227,42.5156,42.9609,476.581,26.25,3.464,2.232,4.132,96,10.9804,10.9804,0,21.0313,23.92,35.25,35.25,29.25
24.833,0,0,0,0,1.13117,0.99997,1,4,1,1,0.820314,0,0.820314,0.966066,0,0,21.0556,20.25,20.9445,2563.5,970,637.227,970,1185.51,43.0078,169.758,170.203,43.3359,42.9609,476.581,27,3.516,2.26134,4.196,96,10.9804,10.9804,0,21.4063,23.92,36,36,30
24.867,0,0,0,0,1.13019,0.99997,1,4,1,1,0.820314,0,0.820314,0.966066,0,0,21.0556,20.4167,20.8333,2563.75,970,638.438,970,1182.85,43.1016,169.758,170.203,43.3359,42.9844,477.342,27,3.524,2.27734,4.204,96,10.9804,10.9804,0,21.5781,23.92,36,36,30
24.9,0,0,0,0,1.12878,0.99997,1,4,1,1,0.820314,0,0.820314,0.964845,0,0,21.0556,20.6111,20.9445,2566,970,638.711,970,1180.23,43.125,170.227,170.297,43.5703,42.8672,477.342,27,3.528,2.264,4.208,96,10.9804,10.9804,0,21.4375,23.92,36,36,30
24.933,0,0,0,0,1.12787,0.99997,1,4,1,1,0.820314,0,0.820314,0.966066,0,0,21.2222,20.9167,21,2564.75,970,642.07,970,1177.58,43.4063,170.297,170.297,43.6172,42.8672,477.342,27,3.532,2.272,4.212,96,10.9804,10.9804,0,21.3594,23.92,36,36,30
24.967,0,0,0,0,1.12598,0.99997,1,4,1,1,0.820314,0,0.820314,0.964845,0,0,21.2222,20.9445,21.3889,2563.75,970,644.922,970,1174.92,43.6406,170.297,170.297,44.4844,42.9609,477.342,27,3.58,2.29867,4.26,96,11.3726,10.9804,0,21.4375,23.92,36,36,30.75
25,0,0,0,0,1.12476,0.99997,1,4,1,1,0.820314,0,0.820314,0.964845,0,0,21.3056,20.8889,21.1389,2564.25,970,645.234,970,1172.3,43.6641,170.32,170.391,43.6641,43.0078,477.342,27,3.552,2.28534,4.232,96,10.9804,10.9804,0,21.4063,23.92,36,36,30.75
25.033,0,0,0,0,1.12628,0.99997,1,4,1,1,0.820314,0,0.820314,0.964845,0,0,21.4167,20.8889,21.2222,2564.5,970,646.523,970,1172.3,43.7578,170.367,170.297,43.7578,42.9844,477.342,27,3.568,2.29867,4.248,96,10.9804,10.9804,0,21.0156,23.92,36,36,30
25.067,0,0,0,0,1.1247,0.99997,1,4,1,1,0.820314,0,0.820314,0.963625,0,0,21.3611,20.75,21.4722,2565,970,647.422,970,1169.65,43.8281,170.367,170.297,44.5781,42.9844,478.202,27,3.604,2.288,4.284,96,10.9804,11.3726,0,21.6875,23.92,36,36,30.75
25.1,0,0,0,0,1.12573,0.99997,1,4,1,1,0.820314,0,0.820314,0.963625,0,0,21.3611,20.8611,21.1667,2563.25,970,646.68,970,1169.65,43.7578,170.25,170.227,43.5938,43.0078,478.202,27,3.544,2.29334,4.224,96,10.9804,11.3726,0,21.4531,23.92,36,36,29.25
25.133,0,0,0,0,1.12421,0.99997,1,4,1,1,0.820314,0,0.820314,0.962404,0,0,21.4167,20.8889,21.4722,2565.75,970,648.633,970,1167.03,43.9219,170.25,170.227,44.3438,43.0313,478.202,27.75,3.592,2.30934,4.26,96,10.9804,11.3726,0,21.25,23.92,36,36,29.25
25.167,0,0,0,0,1.12592,0.99997,1,4,1,1,0.820314,0,0.820314,0.962404,0,0,21.4722,20.8611,21.1111,2566.5,970,647.539,970,1167.03,43.8516,170.25,170.344,43.3125,42.9609,478.202,27.75,3.544,2.30667,4.212,96,10.9804,11.3726,0,21.2969,23.92,36,36,30.75
25.2,0,0,0,0,1.12402,0.99997,1,4,1,1,0.820314,0,0.820314,0.962404,0,0,21.4167,20.8333,21.1945,2565.5,970,646.953,970,1164.38,43.8047,170.32,170.344,43.7578,42.9609,478.202,27.75,3.556,2.29867,4.224,96,10.9804,11.3726,0,21.6094,23.92,36,36,30.75
25.233,0,0,0,0,1.12537,0.99997,1,4,1,1,0.820314,0,0.820314,0.962404,0,0,21.3611,21.25,21.4445,2567,970,646.875,970,1164.38,43.8047,170.367,170.414,43.9922,43.0078,478.202,27.75,3.556,2.27467,4.224,96,11.3726,11.3726,0,21.1719,23.92,36,36,30
25.267,0,0,0,0,1.12372,0.99997,1,4,1,1,0.820314,0,0.820314,0.962404,0,0,21.5278,21.0278,21.3889,2566.5,970,649.727,970,1161.72,44.0391,170.367,170.414,44.2734,43.0078,479.022,27.75,3.588,2.34134,4.256,96,11.3726,11.3726,0,21.0313,23.92,36,36,30
25.3,0,0,0,0,1.125,0.99997,1,4,1,1,0.820314,0,0.820314,0.961183,0,0,21.5834,20.9445,21.3889,2565.75,970,650.586,970,1161.72,44.1094,170.391,170.414,43.9219,43.0078,479.022,27.75,3.58,2.30134,4.248,96,11.3726,11.3726,0,21.75,23.92,36,36,30.75
25.333,0,0,0,0,1.12396,0.99997,1,4,1,1,0.820314,0,0.820314,0.961183,0,0,21.6389,21,21.6945,2565,970,652.188,970,1159.1,44.2266,170.367,170.32,44.9297,43.0078,479.022,27.75,3.636,2.33867,4.304,96,11.3726,11.3726,0,21.2969,23.92,36,36,30.75
25.367,0,0,0,0,1.12506,0.99997,1,4,1,1,0.820314,0,0.820314,0.961183,0,0,21.6389,20.9445,21.3056,2566,970,651.563,970,1159.1,44.1797,170.367,170.32,43.7578,43.0078,479.022,27.75,3.58,2.336,4.248,96,11.3726,11.3726,0,21,23.92,36,36,30
25.4,0,0,0,0,1.12335,0.99997,1,4,1,1,0.820314,0,0.820314,0.959962,0,0,21.5278,20.9167,21.25,2566.25,970,650.156,970,1156.45,44.0625,170.32,170.32,44.1094,43.0078,479.022,27.75,3.584,2.29334,4.252,96,11.3726,11.3726,0,21.4688,23.92,36,36,30.75
25.433,0,0,0,0,1.12415,0.99997,1,4,1,1,0.820314,0,0.820314,0.961183,0,0,21.4167,21.0556,21.2778,2564.5,970,647.93,970,1156.45,43.875,170.273,170.297,43.875,43.0078,479.022,27.75,3.556,2.288,4.244,96,11.3726,11.3726,0,21.7188,23.92,36,36,30.75
25.467,0,0,0,0,1.1247,0.99997,1,4,1,1,0.820314,0,0.820314,0.959962,0,0,21.4167,20.9722,21.1389,2566.5,970,647.227,970,1156.45,43.8281,170.273,170.297,43.3359,43.0078,479.842,27.75,3.536,2.28267,4.224,96,11.3726,11.3726,0,21,23.92,36,36,30.75
25.5,0,0,0,0,1.12274,0.99997,1,4,1,1,0.820314,0,0.820314,0.959962,0,0,21.4722,20.9445,21.7778,2567.75,970,648.672,970,1153.79,43.9453,170.273,170.297,45.1641,42.9844,479.842,27.75,3.62,2.33067,4.308,96,11.3726,11.3726,0,21.2656,23.92,36,36,30
25.533,0,0,0,0,1.12409,0.99997,1,4,1,1,0.820314,0,0.820314,0.959962,0,0,21.4722,20.7222,21.2778,2566.75,970,648.75,970,1153.79,44.2734,171.586,170.414,43.8516,42.9844,479.842,27.75,3.616,2.31734,4.284,96,11.3726,11.3726,0,21.7969,23.92,36,36,30.75
25.567,0,0,0,0,1.12518,0.99997,1,4,1,1,0.820314,0,0.820314,0.959962,0,0,21.5834,20.75,21.6667,2564.75,970,647.344,970,1153.79,44.1563,171.586,170.414,44.5078,42.9844,479.842,27.75,3.612,2.27734,4.28,96,11.3726,11.3726,0,21.0781,23.92,36,36,30.75
25.6,0,0,0,0,1.12396,0.99997,1,4,1,1,0.820314,0,0.820314,0.958498,0,0,21.5834,20.7778,20.8889,2566.5,970,645.664,970,1151.17,44.0391,170.414,170.391,43.2422,43.2891,479.842,27.75,3.552,2.29067,4.22,96,11.3726,11.3726,0,21.0469,23.92,36,36,30
25.633,0,0,0,0,1.12488,0.99997,1,4,1,1,0.820314,0,0.820314,0.957277,0,0,21.4722,20.8889,21.2778,2567.75,970,643.672,970,1151.17,43.875,169.969,170.461,43.7813,43.2891,479.842,27.75,3.564,2.29334,4.244,96,11.3726,11.3726,0,21.5938,23.92,36,36,30
25.667,0,0,0,0,1.1261,0.99997,1,4,1,1,0.820314,0,0.820314,0.958498,0,0,21.4722,20.9167,21.1945,2565.5,970,645.742,970,1151.17,43.9453,169.969,170.461,43.4297,43.0078,480.663,27.75,3.556,2.336,4.236,96,11.3726,11.3726,0,21.5625,23.92,36,36,30
25.7,0,0,0,0,1.12714,0.99997,1,4,1,1,0.820314,0,0.820314,0.957277,0,0,21.4722,20.9445,21.2778,2565,970,645.391,970,1151.17,43.8984,170.461,170.438,43.5469,42.9141,480.663,27.75,3.552,2.28534,4.232,96,11.3726,11.3726,0,21,23.92,36,36,30.75
25.733,0,0,0,0,1.12543,0.99997,1,4,1,1,0.820314,0,0.820314,0.957277,0,0,21.4722,21,21.5834,2566.25,970,645.508,970,1148.52,43.9219,170.414,170.414,44.4375,42.9375,480.663,27.75,3.588,2.28267,4.256,96,11.3726,11.3726,0,21.4688,23.92,36,36,30.75
25.767,0,0,0,0,1.1261,0.99997,1,4,1,1,0.820314,0,0.820314,0.956056,0,0,21.4722,20.9445,21.1667,2567.25,970,644.258,970,1148.52,43.8047,170.414,170.414,43.5469,43.0547,480.663,27.75,3.548,2.27467,4.216,96,11.3726,11.3726,0,21.7188,23.92,36,36,30.75
25.8,0,0,0,0,1.12653,0.99997,1,4,1,1,0.820314,0,0.820314,0.956056,0,0,21.4167,21,21.3334,2566.75,970,643.828,970,1148.52,43.7813,170.414,170.484,43.6875,43.0078,480.663,27.75,3.544,2.296,4.212,96,11.3726,11.3726,0,21.2344,23.92,36,36,30.75
25.833,0,0,0,0,1.12769,0.99997,1,4,1,1,0.820314,0,0.820314,0.956056,0,0,21.4167,20.9722,21.2778,2566.5,970,643.516,970,1148.52,43.7578,170.461,170.391,43.4766,43.0078,480.663,27.75,3.54,2.27734,4.208,96.75,11.3726,11.3726,0,21.2813,23.92,36,36,30.75
25.867,0,0,0,0,1.12555,0.99997,1,4,1,1,0.820314,0,0.820314,0.956056,0,0,21.3611,20.9445,21.1111,2567.75,970,642.422,970,1145.9,43.6641,170.461,170.391,43.5703,43.0313,481.444,27.75,3.54,2.27467,4.208,96.75,11.3726,11.3726,0,21.7656,23.92,36,36,30.75
25.9,0,0,0,0,1.12878,0.99997,1,4,1,1,0.820314,0,0.820314,0.954835,0,0,21.3611,20.9445,21.0834,2568.75,970,641.914,970,1148.48,43.6172,170.391,170.461,43.2656,43.0547,481.444,27.75,3.524,2.26934,4.192,96.75,11.3726,11.3726,0,21.2031,23.92,36,36,30.75
25.933,0,0,0,0,1.12763,0.99997,1,4,1,1,0.820314,0,0.820314,0.954835,0,0,21.4722,20.7778,21.1945,2567,970,644.336,970,1145.9,43.8047,170.414,170.414,43.4063,43.0547,481.444,27.75,3.548,2.29334,4.228,96.75,11.3726,11.3726,0,21,23.92,36,36,30.75
25.967,0,0,0,0,1.1286,0.99997,1,4,1,1,0.820314,0,0.820314,0.956056,0,0,21.4167,20.8611,21.0556,2568,970,643.203,970,1145.9,43.7109,170.414,170.414,43.0313,43.0078,481.444,27.75,3.528,2.29067,4.208,96.75,11.3726,11.3726,0,21.6406,23.92,36,36,30.75
26,0,0,0,0,1.12891,0.99997,1,4,1,1,0.820314,0,0.820314,0.953615,0,0,21.3056,21,21.0556,2566.5,970,640.742,970,1145.9,43.5234,170.391,170.367,43.0078,43.0078,481.444,27.75,3.512,2.272,4.192,96.75,11.3726,11.3726,0,21.625,23.92,36,36,30
26.033,0,0,0,0,1.12683,0.99997,1,4,1,1,0.820314,0,0.820314,0.953615,0,0,21.3611,20.9445,21.6945,2568.5,970,642.305,970,1143.24,43.6406,170.391,170.484,44.7656,43.0313,481.444,27.75,3.596,2.31467,4.264,96.75,11.3726,11.3726,0,21.0625,23.92,36,36,30
26.067,0,0,0,0,1.13056,0.99997,1,4,1,1,0.820314,0,0.820314,0.953615,0,0,21.4167,21.0278,21.0834,2568.5,970,641.914,970,1145.86,43.6172,170.391,170.484,42.6328,43.0313,482.245,27.75,3.504,2.30134,4.172,96.75,11.3726,11.3726,0,21.3281,23.92,35.25,35.25,30
26.1,0,0,0,0,1.12842,0.99997,1,4,1,1,0.820314,0,0.820314,0.953615,0,0,21.3056,21.0278,28.25,2565.5,970,641.563,970,1143.24,43.5938,170.438,170.391,43.7578,43.0313,482.245,27.75,3.54,2.26934,4.208,96.75,11.3726,11.3726,0,21.8125,23.92,36,36,30.75
26.133,0,0,0,0,1.12915,0.99997,1,4,1,1,0.820314,0,0.820314,0.953615,0,0,21.3611,21,21.5834,2567.75,970,642.695,970,1143.24,43.6875,170.391,170.461,44.1094,43.0313,482.245,27.75,3.572,2.29334,4.24,96,11.3726,11.3726,0,20.9063,23.92,36,36,30.75
26.167,0,0,0,0,1.12988,0.99997,1,4,1,1,0.820314,0,0.820314,0.952394,0,0,21.3611,21.0278,21.25,2568.25,970,641.484,970,1143.24,43.5938,170.391,170.461,43.3594,43.0547,482.245,27.75,3.524,2.26667,4.192,96,11.3726,11.3726,0,21.1094,23.92,36,36,30.75
26.2,0,0,0,0,1.12738,0.99997,1,4,1,1,0.820314,0,0.820314,0.952394,0,0,21.3056,21,21.25,2566.5,970,641.055,970,1140.59,43.5469,170.414,170.32,43.9922,43.0313,482.245,27.75,3.548,2.28534,4.216,96,11.3726,11.3726,0,21.7813,23.92,36,36,30.75
26.233,0,0,0,0,1.13068,0.99997,1,4,1,1,0.820314,0,0.820314,0.951173,0,0,21.2778,20.9722,21.0556,2568.25,970,640.156,970,1143.24,43.4766,170.32,170.484,43.3594,43.0313,482.245,27.75,3.52,2.264,4.188,96.75,11.3726,11.3726,0,21.3438,23.92,36,36,30.75
26.267,0,0,0,0,1.12842,0.99997,1,4,1,1,0.820314,0,0.820314,0.951173,0,0,21.3056,20.9722,21.25,2566.75,970,640.547,970,1140.59,43.5,170.32,170.484,43.6406,43.0313,483.026,27.75,3.536,2.27734,4.204,96.75,11.3726,11.3726,0,21.25,23.92,36,36,30.75
26.3,0,0,0,0,1.12903,0.99997,1,4,1,1,0.820314,0,0.820314,0.951173,0,0,21.2778,21.0278,20.8611,2569,970,638.398,970,1140.59,43.3359,170.461,170.414,42.6563,43.0313,483.026,27.75,3.488,2.26134,4.156,96.75,11.3726,11.3726,0,21.4375,23.92,36,36,30.75
26.333,0,0,0,0,1.12982,0.99997,1,4,1,1,0.820314,0,0.820314,0.951173,0,0,21.2778,21,21.3334,2568.25,970,639.961,970,1140.59,43.4531,170.414,170.484,43.5469,43.0313,483.026,28.5,3.528,2.26934,4.196,96,11.3726,11.3726,0,21.2031,23.92,36,36,30.75
26.367,0,0,0,0,1.13019,0.99997,1,4,1,1,0.820314,0,0.820314,0.949953,0,0,21.2778,21.0278,21.5556,2565.5,970,640.273,970,1140.59,43.5,170.414,170.484,44.0391,43.0547,483.026,28.5,3.556,2.26134,4.224,96,11.3726,11.3726,0,20.9531,23.92,36,36,30.75
26.4,0,0,0,0,1.13098,0.99997,1,4,1,1,0.820314,0,0.820314,0.949953,0,0,21.3056,21.0278,21.2222,2569,970,640.508,970,1140.59,43.5234,170.484,170.531,43.1484,43.0313,483.026,28.5,3.512,2.26134,4.18,96,11.3726,11.3726,0,21.25,23.92,36,36,30.75
26.433,0,0,0,0,1.12885,0.99997,1,4,1,1,0.820314,0,0.820314,0.949953,0,0,21.2778,20.8889,21.4445,2566.5,960,640.547,965,1137.97,43.4063,170.109,170.555,44.0859,42,483.026,28.5,3.552,2.27467,4.232,96,11.3726,11.3726,0,21.5781,23.5614,36,36,30.75
26.467,0,0,0,0,1.12933,0.99997,1,4,1,1,0.820314,0,0.820314,0.948488,0,0,21.2222,21,21.1945,2565.25,960,639.844,965,1137.97,43.3594,170.109,170.555,43.5703,39.4922,483.768,28.5,3.516,2.24534,4.196,96,11.3726,11.3726,0,21.2031,22.6611,36,36,30.75
26.5,0,0,0,0,1.12946,0.99997,1,4,1,1,0.820314,0,0.820314,0.948488,0,0,21.2222,20.8611,21.3334,2568.25,960,638.32,965,1137.97,43.2188,170.484,170.414,42.5156,32.5313,483.768,28.5,3.408,2.23467,4.088,96,11.3726,10.1961,0,21,19.7833,30.75,30.75,30.75
26.533,0,0,0,0,1.13208,0.99997,1,4,1,1,0.820314,0,0.820314,0.948488,0,0,20.3611,17.25,20.3333,2561.75,970,620.156,970,1140.59,41.7422,170.32,170.133,35.25,30.2344,483.768,28.5,3.084,1.98934,3.764,96,9.41177,8.2353,0,21.5469,9.35224,9.75,9.75,9.75
26.567,0,0,0,0,1.13995,0.99997,1,4,1,1,0.820314,0,0.820314,0.948488,0,0,19.8333,15.4167,17.3056,2540.5,970,585.469,970,1148.52,38.8828,170.32,170.133,31.7578,26.9063,483.768,28.5,2.812,1.93067,3.492,96,8.2353,7.45098,0,21.5156,0,13.5,13.5,13.5
26.6,0,0,0,0,1.14264,0.99997,1,4,1,1,0.820314,0,0.820314,0.947267,0,0,17.8611,14.0278,15.4445,2549.25,970,559.922,970,1151.17,36.7266,169.781,169.219,28.8047,28.1719,483.768,28.5,2.616,1.69067,3.296,96,7.45098,6.66667,0,21.0781,0,4.5,4.5,4.5
26.633,0,0,0,0,1.14783,0.99997,1,4,1,1,0.820314,0,0.820314,0.947267,0,0,16.3056,12.2778,13.25,2543.5,970,511.211,970,1156.45,32.7422,169.055,168.844,25.2656,24.8438,483.768,28.5,2.316,1.53334,2.996,96.75,6.66667,6.66667,0,21.5313,0,2.25,2.25,2.25
26.667,0,0,0,0,1.14783,0.99997,1,4,1,1,0.820314,0,0.820314,0.946046,0,0,15.3889,12.25,12.2778,2539,970,490.898,970,1156.45,31.0781,169.055,168.844,25.2422,22.875,482.303,28.5,2.22,1.472,2.9,96.75,6.66667,6.27451,0,21.375,0,1.5,1.5,1.5
26.7,0,0,0,0,1.1452,0.99997,1,4,1,1,0.820314,0,0.820314,0.944826,0,0,14.3333,11.4445,12.3611,2542.75,970,464.414,970,1153.79,28.9453,168.844,168.867,23.5547,21.0938,482.303,28.5,2.06,1.36534,2.74,96.75,6.27451,5.4902,0,21.1719,0,-2.25,-2.25,-2.25
26.733,0,0,0,0,1.14264,0.99997,1,4,1,1,0.820314,0,0.820314,0.944826,0,0,12.8333,9.58334,10.4722,2541,970,435.313,970,1151.17,26.5781,168.914,169.055,19.7344,20.0859,482.303,28.5,1.864,1.20533,2.532,96.75,5.09804,5.4902,0,21.5625,0,0,0,0
26.767,0,0,0,0,1.13995,0.99997,1,4,1,1,0.820314,0,0.820314,0.942384,0,0,12.5278,9.75001,9.27779,2549,970,410.273,970,1148.52,24.5391,168.914,169.055,20.0156,19.2188,482.303,28.5,1.752,1.18133,2.42,96.75,5.09804,5.09804,0,21.6875,0,-1.5,-1.5,-3
26.8,0,0,0,0,1.13733,0.99997,1,4,1,1,0.820314,0,0.820314,0.942384,0,0,11.3889,9.55556,10.5833,2543,970,397.539,970,1145.9,23.5313,169.102,169.195,19.6641,18.3984,482.303,28.5,1.68,1.09333,2.348,96.75,5.09804,5.09804,0,21.5,0,2.25,2.25,2.25
26.833,0,0,0,0,1.13477,0.99997,1.01239,4,1,1,0.820314,0,0.820314,0.941164,0,0,10.6945,9.02778,8.41667,2542,970,374.492,970,1143.28,21.6563,169.219,169.336,18.5859,17.6719,482.303,28.5,1.584,1.03733,2.252,96.75,4.70588,4.70588,0,17.4219,0,3.75,3.75,3.75
26.867,0,0,0,0,1.12946,0.99997,1.02023,4,1,1,0.820314,0,0.820314,0.941164,0,0,10.2778,8.6389,9.19445,2543,970,363.867,970,1137.97,20.7891,169.219,169.336,17.7891,17.0391,482.655,28.5,1.548,1.008,2.216,96.75,4.70588,4.70588,0,13.2969,0,3.75,3.75,3.75
26.9,0,0,0,0,1.13208,0.99997,1.02878,4,1,1,0.820314,0,0.820314,0.939943,0,0,10,8.61112,8.33334,2541.25,970,351.211,970,1140.55,20.3672,168.797,169.242,17.7422,16.4531,482.655,28.5,1.54,1.01333,2.208,96.75,4.70588,4.31373,0,10.5625,0,3,3,3
26.933,0,0,0,0,1.12164,0.99997,1.0423,4,1,1,0.820314,0,0.820314,0.939943,0,0,9.27779,8.05556,7.11112,2537,960,337.07,965,1130.04,19.2188,168.703,168.867,16.6172,15.7734,482.655,28.5,1.48,0.949335,2.16,96.75,4.31373,4.31373,0,6.76563,0,3.75,3.75,3.75
26.967,0,0,0,0,1.12421,0.99997,1.05518,4,1,1,0.820314,0,0.820314,0.938722,0,0,9.75001,7.83334,9.50001,2521.5,960,322.734,965,1132.66,19.3828,168.703,168.867,16.2656,15.3281,482.655,28.5,1.496,1.01333,2.176,96.75,4.31373,3.92157,0,4.3125,0,1.5,1.5,1.5
27,0,0,0,0,1.12164,0.99997,1.06961,4,1,1,0.820314,0,0.820314,0.939943,0,0,9.41667,7.50001,0.611112,2511.75,960,312.617,965,1130.04,19.7109,169.125,167.883,15.6328,14.8828,482.655,28.5,1.56,1,2.24,96.75,3.92157,3.92157,0,2.20313,0,10.5,10.5,10.5
27.033,0,0,0,0,1.10321,0.99997,1.08652,4,1,1,0.820314,0,0.820314,0.938722,0,0,8.66667,6.97223,18.4167,2508.75,960,294.609,965,1111.52,18.2578,168.539,167.391,14.5313,14.6016,482.655,28.5,1.44,0.920001,2.108,96.75,3.52941,3.92157,0,0.53125,0,2.25,2.25,2.25
27.067,0,0,0,0,1.12421,0.99997,1.09866,4,1,1,0.820314,0,0.820314,0.937501,0,0,8.58334,7.02778,3.38889,2489,960,278.672,965,1132.62,17.7656,168.539,167.391,14.7656,14.2734,483.495,28.5,1.444,0.930668,2.112,96.75,3.52941,3.52941,0,-0.03125,0,12.75,12.75,12.75
27.1,0,0,0,0,1.07703,0.99997,1.11099,4,1,1,0.820314,0,0.820314,0.937501,0,0,8.25001,6.88889,2.22222,2490,960,270.039,965,1085.12,17.4609,168,166.266,14.4844,14.25,483.495,28.5,1.44,0.914668,2.108,96.75,3.52941,3.52941,0,0.3125,0,1.5,1.5,1.5
27.133,0,0,0,0,1.11115,0.99997,1.12546,4,1,1,0.820314,0,0.820314,0.937501,0,0,7.77778,6.61112,8.22223,2503.25,960,252.266,965,1119.45,16.0547,166.641,166.898,13.8281,14.25,483.495,28.5,1.36,0.861334,2.028,96.75,3.52941,3.52941,0,-0.15625,0,1.5,1.5,-5.25
27.167,0,0,0,0,1.08496,0.99997,1.13449,4,1,1,0.820314,0,0.820314,0.936525,0,0,7.55556,6.58334,0,2521.5,960,246.016,965,1093.05,15.5391,166.641,166.898,13.6641,14.25,483.495,28.5,1.34,0.850668,2.008,96.75,3.52941,3.52941,0,-0.75,0,2.25,2.25,-14.25
27.2,0,0,0,0,1.07446,0.99997,1.14243,4,1,1,0.820314,0,0.820314,0.935304,0,0,7.25001,6.52778,17.3611,2525.75,960,238.242,965,1082.5,14.9063,166.969,168.328,13.5234,14.25,483.495,28.5,1.312,0.824001,1.98,96.75,3.52941,3.52941,0,-0.4375,0,3,3,-11.25
27.233,0,0,0,0,1.10584,0.99997,1.15476,4,1,1,0.820314,0,0.820314,0.935304,0,0,6.91667,6.75001,0,2500,960,234.727,965,1114.18,14.625,167.766,166.945,14.1328,14.25,483.495,28.5,1.328,0.829334,1.996,96.75,3.52941,3.52941,0,-0.359375,0,3,3,3
27.267,0,0,0,0,1.06128,0.99997,1.16385,4,1,1,0.820314,0,0.820314,0.934328,0,0,6.86112,6.44445,15.0556,2491.25,960,231.172,965,1069.26,14.3203,167.766,166.945,13.5469,14.25,484.12,28.5,1.296,0.824001,1.964,96.75,3.52941,3.52941,0,-0.6875,0,3,3,2.25
27.3,0,0,0,0,1.09277,0.99997,1.17261,4,1,1,0.820314,0,0.820314,0.934328,0,0,6.75001,6.63889,10.25,2497.5,960,229.648,965,1100.98,14.2031,166.969,166.711,13.8984,14.25,484.12,28.5,1.312,0.818668,1.98,96.75,3.52941,3.52941,0,-0.609375,0,3,3,2.25
27.333,0,0,0,0,1.05866,0.99997,1.18298,4,1,1,0.820314,0,0.820314,0.933107,0,0,6.69445,6.55556,0.194445,2510.25,960,228.047,965,1066.64,14.0859,166.688,167.461,13.6641,14.25,484.12,29.25,1.312,0.818668,1.98,96.75,3.52941,3.52941,0,-0.125,0,3,3,1.5
27.367,0,0,0,0,1.0744,0.99997,1.19122,4,1,1,0.820314,0,0.820314,0.933107,0,0,6.61112,6.52778,13.8611,2495.5,960,225.898,965,1082.46,13.8984,166.688,167.461,13.6875,14.25,484.12,29.25,1.312,0.810668,1.98,96.75,3.52941,3.52941,0,-0.5625,0,3,3,1.5
27.4,0,0,0,0,1.08496,0.99997,1.20004,4,1,1,0.820314,0,0.820314,0.933107,0,0,6.55556,6.61112,2.80556,2481.75,960,225.938,965,1093.05,13.9219,167.461,166.266,13.9453,14.25,484.12,29.25,1.332,0.832001,2,96.75,3.52941,3.52941,0,-0.703125,0,13.5,13.5,13.5
27.433,0,0,0,0,1.05603,0.99997,1.20963,4,1,1,0.820314,0,0.820314,0.93091,0,0,6.61112,6.55556,15.8333,2485.75,960,225.586,965,1063.98,13.8984,166.266,166.266,13.8047,14.25,484.12,29.25,1.332,0.829334,2,96.75,3.52941,3.52941,0,-0.21875,0,3,3,0.75
27.467,0,0,0,0,1.08228,0.99997,1.21838,4,1,1,0.820314,0,0.820314,0.93213,0,0,6.55556,6.66667,5.83334,2489.25,960,225.508,965,1090.39,13.8984,166.266,166.266,14.0156,14.25,484.706,29.25,1.348,0.832001,2.016,96.75,3.52941,3.52941,0,-0.265625,0,3,3,0
27.5,0,0,0,0,1.05347,0.99997,1.22675,4,1,1,0.820314,0,0.820314,0.93213,0,0,6.55556,6.47223,5.44445,2477.25,960,225.234,965,1061.37,13.875,166.242,165.984,13.6641,14.25,484.706,29.25,1.34,0.842668,2.008,96.75,3.52941,3.52941,0,-0.609375,0,3,3,0
27.533,0,0,0,0,1.0744,0.99997,1.23663,4,1,1,0.820314,0,0.820314,0.93091,0,0,6.50001,6.61112,8.66667,2478.25,960,224.883,965,1082.46,13.8516,165.586,165.633,13.9688,14.25,484.706,29.25,1.36,0.850668,2.028,96.75,3.52941,3.52941,0,-0.375,0,3,3,-0.75
27.567,0,0,0,0,1.05194,0.99997,1.24411,4,1,1,0.820314,0,0.820314,0.929933,0,0,6.50001,6.47223,2.94445,2473,960,225,965,1069.26,13.8281,165.586,165.633,13.6875,14.25,484.706,29.25,1.356,0.853334,2.024,96.75,3.52941,3.52941,0,-0.03125,0,3,3,-0.75
27.6,0,0,0,0,1.01404,0.99997,1.25,4,1,1,0.820314,0,0.820314,0.93091,0,0,6.44445,6.25,13.75,2468.75,960,223.438,965,1056.05,13.7109,165.633,165.188,13.2422,14.25,484.706,29.25,1.344,0.842668,2.012,96.75,3.52941,3.52941,0,-0.71875,0,3,3,-0.75
27.633,0,0,0,0,1.03845,0.99997,1.25,4,1,1,0.820314,0,0.820314,0.929933,0,0,6.44445,6.50001,2.52778,2468.5,960,223.242,965,1069.26,13.7109,165.188,165.047,13.7813,14.25,484.706,29.25,1.364,0.856001,2.032,96.75,3.52941,3.92157,0,-0.640625,0,3,3,-0.75
27.667,0,0,0,0,0.989197,0.99997,1.25,4,1,1,0.820314,0,0.820314,0.928712,0,0,6.05556,6.36112,12.3611,2463.25,960,243.945,965,1050.78,15.3516,165.188,165.047,30.2578,14.25,485.233,29.25,1.984,0.914668,2.652,96.75,3.92157,3.92157,0,0.09375,0,3,3,-0.75
27.7,0,0,0,0,1.02234,0.99997,1.25,4,1,1,0.820314,0,0.820314,0.928712,0,0,7.61112,6.55556,7.83334,2458.25,960,255.742,965,1071.91,16.2891,165.023,164.906,14.7422,14.25,485.233,29.25,1.508,0.976001,2.176,96.75,3.92157,3.52941,0,-0.609375,0,1.5,1.5,-4.5
27.733,0,0,0,0,0.991029,0.99997,1.25,4,1,1,0.820314,0,0.820314,0.927736,0,0,6.61112,6.50001,5.27778,2457,960,229.492,965,1053.44,14.2031,164.906,164.344,13.1953,14.25,485.233,29.25,1.376,0.856001,2.044,96,3.92157,3.92157,0,-0.609375,0,3,3,-1.5
27.767,0,0,0,0,1.01245,0.99997,1.25,4,1,1,0.820314,0,0.820314,0.927736,0,0,7.77778,6.61112,8.77778,2455.25,960,261.25,965,1066.6,16.7344,164.906,164.344,17.6016,14.25,485.233,29.25,1.636,1.18933,2.304,96,3.92157,3.92157,0,0.03125,0,1.5,1.5,-4.5
27.8,0,0,0,0,1.00861,0.99997,1.25,4,1,1,0.820314,0,0.820314,0.926515,0,0,7.13889,6.61112,4.63889,2454.5,960,243.75,965,1058.71,15.3281,164.344,164.648,9.98438,14.25,485.233,29.25,1.296,0.845334,1.964,96,3.92157,3.92157,0,-0.25,0,2.25,2.25,-3.75
27.833,0,0,0,0,1.01215,0.99997,1,4,1,1,0.820314,0,1.04688,0.927736,0,0,7.83334,6.58334,8.22223,2447.75,960,263.594,965,1061.33,16.9453,164.648,163.617,17.2031,14.25,485.233,29.25,1.036,0.949335,1.704,96,3.92157,3.92157,0,-0.859375,0,1.5,1.5,39.75
27.867,0,0,0,0,1.01679,0.99997,1,4,1,1,0.820314,0,1.04688,0.926515,0,0,7.61112,6.61112,5.16667,2447.25,960,249.141,965,1061.37,15.7969,164.648,163.617,10.9688,14.25,483.749,29.25,0.9,0.584001,1.568,96,3.92157,3.92157,0,-0.625,0,1.5,1.5,47.25
27.9,0,0,0,0,1.00525,0.99997,1,4,1,1,0.820314,0,1.04688,0.926515,0,0,7.50001,6.58334,9.22223,2425.5,960,261.68,965,1053.44,16.8047,163.664,162.844,20.9063,14.25,483.749,29.25,1.148,0.698668,1.816,96,3.92157,3.92157,0,-0.25,0,2.25,2.25,48
27.933,0,0,0,0,1.0191,0.99997,1,4,1,1,0.820314,0,1.04688,0.925539,0,0,7.55556,6.63889,6.47223,2433,960,253.984,965,1056.05,16.1953,162.844,162.75,14.2734,14.25,483.749,29.25,0.976,0.610667,1.644,96,3.92157,3.92157,0,-0.4375,0,1.5,1.5,47.25
27.967,0,0,0,0,1.01587,0.99997,1,4,1,1,0.820314,0,1.04688,0.926515,0,0,7.55556,6.63889,8.55556,2436.25,960,260.664,965,1050.78,16.7344,162.844,162.75,19.5234,14.25,483.749,29.25,1.112,0.653334,1.78,96,3.92157,3.92157,0,-0.6875,0,1.5,1.5,47.25
28,0,0,0,0,1.02557,0.99997,1,4,1,1,0.820314,0,1.04688,0.926515,0,0,7.72223,6.63889,6.83334,2428.75,960,257.852,965,1053.44,16.5,162.727,163.008,15.0234,14.25,483.749,29.25,1.004,0.629334,1.672,96,3.92157,3.92157,0,-0.640625,0,1.5,1.5,47.25
28.033,0,0,0,0,1.0257,0.99997,1,4,1,1,0.820314,0,1.04688,0.927736,0,0,7.61112,6.69445,8.25001,2421.25,960,261.914,965,1050.78,16.8047,162.609,162.188,18.4453,14.25,483.749,30,1.096,0.669334,1.776,96,3.92157,3.92157,0,-0.25,0,1.5,1.5,47.25
28.067,0,0,0,0,1.03149,0.99997,1,4,1,1,0.820314,0,1.04688,0.926515,0,0,7.72223,6.66667,7.36112,2418.5,960,260.977,965,1050.78,16.7109,162.609,162.188,16.3125,14.25,482.245,30,1.04,0.650667,1.72,96,3.92157,3.52941,0,-0.59375,0,1.5,1.5,47.25
28.1,0,0,0,0,1.03571,0.99997,1,4,1,1,0.820314,0,1.04688,0.90674,0,0,7.77778,6.55556,7.61112,2416,960,263.008,965,1050.78,16.875,162.211,161.883,16.5,14.25,482.245,30,1.052,0.680001,1.732,96,3.92157,3.52941,0,-0.703125,0,1.5,1.5,47.25
28.133,0,0,0,0,1.03766,0.99997,1,4,1,1,0.820314,0,1.04688,1.04199,0,0,7.66667,6.55556,7.91667,2412.5,960,261.563,965,1048.13,16.7578,161.883,161.672,17.6719,14.25,482.245,30,1.076,0.648001,1.744,96.75,3.52941,3.52941,0,-0.34375,0,1.5,1.5,47.25
28.167,0,0,0,0,1.04321,0.99997,1,4,1,1,0.820314,0,1.04688,1.1836,0,0,7.72223,6.58334,7.63889,2405.75,960,263.125,965,1048.13,16.8984,161.883,161.672,16.8984,14.25,482.245,30,1.06,0.677334,1.728,96.75,3.52941,3.52941,0,-0.328125,0,1.5,1.5,47.25
28.2,0,0,0,0,1.04755,0.99997,1,4,1,1,0.820314,0,1.04688,1.22119,0,0,7.61112,6.58334,6.66667,2402.75,960,256.797,965,1048.13,16.4063,161.672,161.016,14.6719,14.25,482.245,30,0.988,0.632001,1.656,96.75,3.52941,3.52941,0,-0.453125,0,1.5,1.5,47.25
28.233,0,0,0,0,1.04767,0.99997,1,4,1,1,0.820314,0,1.04688,1.25269,0,0,7.50001,6.50001,7.63889,2400,960,258.867,965,1045.51,16.5703,161.016,160.922,17.2031,14.25,482.245,30,1.06,0.661334,1.728,96,3.52941,3.52941,0,-0.53125,0,1.5,1.5,47.25
28.267,0,0,0,0,1.05261,0.99997,1,4,1,1,0.820314,0,1.04688,1.26319,0,0,7.50001,6.41667,6.91667,2398,960,256.016,965,1045.51,16.3594,161.016,160.922,15.5391,14.25,480.78,30,1.008,0.632001,1.676,96,3.52941,3.52941,0,-0.28125,0,1.5,1.5,47.25
28.3,0,0,0,0,1.05261,0.99997,1,4,1,1,0.820314,0,1.04688,1.27027,0,0,7.33334,6.41667,7.47223,2390,960,254.727,965,1042.85,16.2656,160.922,160.57,17.1797,14.25,480.78,30,1.044,0.624001,1.712,96,3.52941,3.52941,0,-0.734375,0,2.25,2.25,48
28.333,0,0,0,0,1.06079,0.99997,1,4,1,1,0.820314,0,1.04688,1.2771,0,0,7.33334,6.47223,6.77778,2387.5,960,252.305,965,1045.51,16.0781,160.594,160.172,14.8828,14.25,480.78,30,0.98,0.632001,1.648,96,3.52941,3.52941,0,-0.515625,0,2.25,2.25,47.25
28.367,0,0,0,0,1.05719,0.99997,1,4,1,1,0.820314,0,1.04688,1.28076,0,0,7.19445,6.47223,6.94445,2383.5,960,249.688,965,1040.23,15.8672,160.594,160.172,15.8672,14.25,480.78,30,0.992,0.597334,1.66,96,3.52941,3.52941,0,-0.15625,0,2.25,2.25,48
28.4,0,0,0,0,1.06732,0.99997,1,4,1,1,0.820314,0,1.04688,1.2876,0,0,7.33334,6.47223,6.86112,2380.5,960,252.617,965,1045.51,16.1016,160.172,159.75,14.6484,14.25,480.78,30,0.98,0.648001,1.648,96,3.52941,3.52941,0,-0.328125,0,2.25,2.25,47.25
28.433,0,0,0,0,1.06397,0.99997,1,4,1,1,0.820314,0,1.04688,1.29126,0,0,7.13889,6.41667,7.41667,2374.75,960,250.82,965,1040.23,15.9844,159.75,159.398,16.9688,14.25,480.78,30.75,1.024,0.613334,1.692,96,3.52941,3.52941,0,-0.875,0,2.25,2.25,48
28.467,0,0,0,0,1.07117,0.99997,1,4,1,1,0.820314,0,1.04688,1.29126,0,0,7.25001,6.41667,7.16667,2371.5,960,251.563,965,1042.85,16.0313,159.75,159.398,15.6094,14.25,479.374,30.75,0.992,0.642667,1.66,96,3.52941,3.52941,0,-0.421875,0,2.25,2.25,47.25
28.5,0,0,0,0,1.07117,0.99997,1,4,1,1,0.820314,0,1.04688,1.29468,0,0,7.13889,6.44445,7.36112,2367.75,960,250.742,965,1040.23,15.9844,159.398,159.164,16.5234,14.25,479.374,30.75,1.016,0.613334,1.684,96,3.52941,3.52941,0,-0.1875,0,2.25,2.25,47.25
28.533,0,0,0,0,1.07642,0.99997,1,4,1,1,0.820314,0,1.04688,1.2981,0,0,7.25001,6.41667,6.80556,2363.75,960,250.742,965,1040.23,15.9844,159.164,158.695,15.1875,14.25,479.374,30.75,0.984,0.626667,1.648,96,3.52941,3.13726,0,-0.515625,0,2.25,2.25,47.25
28.567,0,0,0,0,1.07892,0.99997,1,4,1,1,0.820314,0,1.04688,1.2981,0,0,7.13889,6.38889,6.69445,2361.5,960,248.008,965,1040.23,15.7734,159.164,158.695,14.9063,14.25,479.374,30.75,0.968,0.610667,1.632,96,3.13726,3.13726,0,-0.390625,0,2.25,2.25,47.25
28.6,0,0,0,0,1.07861,0.99997,1,4,1,1,0.820314,0,1.04688,1.2981,0,0,7.08334,6.33334,7.05556,2359,960,248.867,965,1037.58,15.8438,158.695,158.438,16.1719,14.25,479.374,30.75,1.004,0.624001,1.668,96,3.13726,3.13726,0,-0.640625,0,2.25,2.25,47.25
28.633,0,0,0,0,1.08045,0.99997,1,4,1,1,0.820314,0,1.04688,1.30176,0,0,7.02778,6.33334,6.94445,2348,960,248.359,965,1034.92,15.8203,158.438,158.016,16.2656,14.25,479.374,30.75,1,0.610667,1.668,96,3.13726,3.13726,0,-0.203125,0,2.25,2.25,47.25
28.667,0,0,0,0,1.08679,0.99997,1,4,1,1,0.820314,0,1.04688,1.3086,0,0,7.08334,6.36112,7.63889,2346.75,960,251.094,965,1037.54,16.0313,158.438,158.016,16.9219,14.25,478.006,30.75,1.028,0.632001,1.696,96,3.13726,3.13726,0,-0.390625,0,2.25,2.25,47.25
28.7,0,0,0,0,1.0907,0.99997,1,4,1,1,0.820314,0,1.04688,1.31226,0,0,6.91667,6.41667,6.08334,2345.25,960,245.508,965,1037.58,15.5859,158.016,157.688,12.8906,14.25,478.006,30.75,0.912,0.568001,1.58,96,3.13726,3.13726,0,-0.625,0,2.25,2.25,47.25
28.733,0,0,0,0,1.09082,0.99997,1,4,1,1,0.820314,0,1.04688,1.31568,0,0,7.02778,6.30556,7.08334,2342.25,960,248.008,965,1037.54,15.7969,157.688,157.43,16.3359,14.25,478.006,30.75,1,0.621334,1.664,96.75,3.13726,3.13726,0,-0.421875,0,2.25,2.25,47.25
28.767,0,0,0,0,1.08997,0.99997,1,4,1,1,0.820314,0,1.04688,1.31568,0,0,6.97223,6.30556,6.33334,2336.25,960,242.344,965,1034.92,15.3516,157.688,157.43,14.6719,14.25,478.006,30.75,0.944,0.581334,1.608,96.75,3.13726,3.13726,0,-0.234375,0,2.25,2.25,47.25
28.8,0,0,0,0,1.09125,0.99997,1,4,1,1,0.820314,0,1.04688,1.32276,0,0,6.86112,6.30556,7.05556,2334,960,243.75,965,1034.92,15.4688,157.43,156.914,16.1016,14.25,478.006,30.75,0.98,0.610667,1.644,96.75,3.13726,3.13726,0,-0.765625,0,2.25,2.25,47.25
28.833,0,0,0,0,1.09448,0.99997,1,4,1,1,0.820314,0,1.04688,1.32276,0,0,6.75001,6.30556,6.41667,2326.25,960,240.898,965,1034.92,15.2578,156.539,156.469,14.5781,14.25,478.006,30.75,0.936,0.584001,1.6,96,3.13726,3.13726,0,-0.515625,0,2.25,2.25,47.25
28.867,0,0,0,0,1.09613,0.99997,1,4,1,1,0.820314,0,1.04688,1.32617,0,0,6.75001,6.30556,7.16667,2325.5,960,243.828,965,1034.88,15.4453,156.539,156.469,15.5859,14.25,476.639,30.75,0.968,0.605334,1.632,96,3.13726,3.13726,0,0.15625,0,2.25,2.25,47.25
28.9,0,0,0,0,1.09949,0.99997,1,4,1,1,0.820314,0,1.04688,1.32617,0,0,6.75001,6.33334,6.11112,2321,960,240.469,965,1034.92,15.1875,156.469,156.281,13.6875,14.25,476.639,30.75,0.916,0.586667,1.58,96,3.13726,3.13726,0,-0.46875,0,2.25,2.25,47.25
28.933,0,0,0,0,1.09717,0.99997,1,4,1,1,0.820314,0,1.04688,1.32959,0,0,6.69445,6.25,7.05556,2316.5,960,242.305,965,1032.3,15.3281,156.281,155.883,16.2422,14.25,476.639,30.75,0.98,0.600001,1.648,96,3.13726,3.13726,0,-0.625,0,2.25,2.25,47.25
28.967,0,0,0,0,1.1001,0.99997,1,4,1,1,0.820314,0,1.04688,1.33325,0,0,6.69445,6.27778,6.30556,2314.25,960,240.508,965,1032.3,15.2109,156.281,155.883,14.4375,14.25,476.639,30.75,0.928,0.589334,1.596,96,3.13726,3.13726,0,-0.265625,0,2.25,2.25,47.25
29,0,0,0,0,1.10095,0.99997,1,4,1,1,0.820314,0,1.04688,1.33325,0,0,6.69445,6.27778,6.86112,2310,960,241.523,965,1032.3,15.2813,155.883,155.625,15.6328,14.25,476.639,30.75,0.964,0.600001,1.632,96,3.13726,3.13726,0,-0.40625,0,2.25,2.25,47.25
29.033,0,0,0,0,1.10474,0.99997,1,4,1,1,0.820314,0,1.04688,1.33667,0,0,6.69445,6.30556,5.94445,2303.25,960,238.789,965,1032.3,15.0938,155.625,155.227,13.5469,14.25,476.639,30.75,0.908,0.586667,1.576,96,3.13726,3.13726,0,-0.609375,0,2.25,2.25,47.25
29.067,0,0,0,0,1.10108,0.99997,1,4,1,1,0.820314,0,1.04688,1.33667,0,0,6.55556,6.22223,6.80556,2300.5,960,239.141,965,1029.65,15.1172,155.625,155.227,15.9609,14.25,475.35,30.75,0.96,0.573334,1.628,96,3.13726,3.13726,0,-0.640625,0,3,3,48
29.1,0,0,0,0,1.10346,0.99997,1,4,1,1,0.820314,0,1.04688,1.34033,0,0,6.61112,6.25,6.50001,2297,960,238.906,965,1029.65,15.0938,155.25,154.945,14.5078,14.25,475.35,30.75,0.924,0.576001,1.592,96,3.13726,3.13726,0,-0.28125,0,2.25,2.25,47.25
29.133,0,0,0,0,1.10516,0.99997,1,4,1,1,0.820314,0,1.04688,1.34375,0,0,6.55556,6.16667,6.25,2294.25,960,237.93,965,1029.65,15.0234,154.945,154.547,14.4844,14.25,475.35,30.75,0.924,0.576001,1.592,96,3.13726,3.13726,0,-0.390625,0,2.25,2.25,46.5
29.167,0,0,0,0,1.10626,0.99997,1,4,1,1,0.820314,0,1.04688,1.34717,0,0,6.55556,6.19445,6.69445,2290.25,960,239.336,965,1029.65,15.1406,154.945,154.547,15.3984,14.25,475.35,30.75,0.952,0.581334,1.62,96,3.13726,3.13726,0,-0.703125,0,2.25,2.25,46.5
29.2,0,0,0,0,1.10901,0.99997,1,4,1,1,0.820314,0,1.04688,1.34717,0,0,6.55556,6.19445,6.11112,2286.5,960,237.188,965,1029.65,14.9766,154.547,154.055,14.0625,14.25,475.35,30.75,0.916,0.581334,1.584,96,3.13726,3.13726,0,-0.71875,0,2.25,2.25,46.5
29.233,0,0,0,0,1.10663,0.99997,1,4,1,1,0.820314,0,1.04688,1.35083,0,0,6.50001,6.13889,6.69445,2281,960,239.063,965,1026.99,15.1406,154.055,153.75,15.8672,14.25,475.35,30.75,0.96,0.597334,1.628,96,3.13726,2.7451,0,0.203125,0,2.25,2.25,46.5
29.267,0,0,0,0,1.11224,0.99997,1,4,1,1,0.820314,0,1.04688,1.35425,0,0,6.55556,6.11112,6,2279.75,960,236.172,965,1029.65,14.9063,154.055,153.75,13.6172,14.25,474.042,30.75,0.904,0.576001,1.572,96,3.13726,2.7451,0,-0.515625,0,2.25,2.25,46.5
29.3,0,0,0,0,1.10925,0.99997,1,4,1,1,0.820314,0,1.04688,1.35425,0,0,6.38889,6.13889,6.33334,2277,960,234.961,965,1026.99,14.8125,153.75,153.516,14.9297,14.25,474.042,30.75,0.924,0.576001,1.592,96,3.13726,2.7451,0,-0.640625,0,3,3,47.25
29.333,0,0,0,0,1.11572,0.99997,1,4,1,1,0.820314,0,1.04688,1.35767,0,0,6.38889,6.11112,6.33334,2269.25,960,235.547,965,1029.65,14.8594,153.516,153.047,14.3203,14.25,474.042,31.5,0.916,0.570667,1.584,96,2.7451,2.7451,0,-0.40625,0,3,3,47.25
29.367,0,0,0,0,1.10974,0.99997,1,4,1,1,0.820314,0,1.04688,1.35767,0,0,6.33334,6.08334,6.50001,2266.5,960,235.195,965,1024.38,14.8594,153.516,153.047,15.9375,14.25,474.042,31.5,0.952,0.570667,1.62,96,2.7451,2.7451,0,-0.296875,0,3,3,47.25
29.4,0,0,0,0,1.11505,0.99997,1,4,1,1,0.820314,0,1.04688,1.36133,0,0,6.44445,5.94445,6.63889,2263.75,960,237.305,965,1026.99,15.0234,153.047,152.742,15.4453,14.25,474.042,31.5,0.952,0.592001,1.62,96,2.7451,2.7451,0,-0.15625,0,3,3,47.25
29.433,0,0,0,0,1.11688,0.99997,1,4,1,1,0.820314,0,1.04688,1.36475,0,0,6.22223,5.94445,5.94445,2259.5,960,231.719,965,1026.99,14.5781,152.742,152.461,13.8047,14.25,474.042,31.5,0.9,0.557334,1.568,96,2.7451,2.7451,0,-0.796875,0,2.25,2.25,46.5
29.467,0,0,0,0,1.11713,0.99997,1,4,1,1,0.820314,0,1.04688,1.36475,0,0,6.27778,5.94445,6.66667,2256.75,960,233.477,965,1026.99,14.7188,152.742,152.461,15.4688,14.25,472.772,31.5,0.936,0.573334,1.604,96,2.7451,2.7451,0,-0.296875,0,2.25,2.25,46.5
29.5,0,0,0,0,1.11981,0.99997,1,4,1,1,0.820314,0,1.04688,1.37183,0,0,6.22223,5.97223,5.75,2249.25,960,229.453,965,1026.99,14.4141,152.461,152.063,13.4063,14.25,472.772,31.5,0.9,0.549334,1.568,96,2.7451,2.7451,0,0.0625,0,2.25,2.25,46.5
29.533,0,0,0,0,1.11932,0.99997,1,4,1,1,0.820314,0,1.04688,1.37183,0,0,6.22223,5.97223,6.08334,2246.5,960,231.25,965,1026.95,14.5547,152.063,151.711,13.9688,14.25,472.772,31.5,0.9,0.584001,1.568,95.25,2.7451,2.7451,0,-0.515625,0,2.25,2.25,46.5
29.567,0,0,0,0,1.11786,0.99997,1,4,1,1,0.820314,0,1.04688,1.37183,0,0,6.11112,5.94445,6.22223,2242.25,960,230.195,965,1024.38,14.4844,152.063,151.711,14.9766,14.25,472.772,31.5,0.916,0.546667,1.584,95.25,2.7451,2.7451,0,-0.5,0,2.25,2.25,46.5
29.6,0,0,0,0,1.11908,0.99997,1,4,1,1,0.820314,0,1.04688,1.37183,0,0,6.22223,5.97223,6.33334,2238.75,960,231.992,965,1024.38,14.625,151.711,151.523,15.0938,14.25,472.772,31.5,0.924,0.576001,1.592,95.25,2.7451,2.7451,0,-0.453125,0,2.25,2.25,46.5
29.633,0,0,0,0,1.12006,0.99997,1,4,1,1,0.820314,0,1.04688,1.37866,0,0,6.11112,5.97223,6.08334,2234.75,960,229.063,965,1024.38,14.3906,151.523,151.008,14.3906,14.25,472.772,31.5,0.9,0.560001,1.568,96,2.7451,2.7451,0,-0.359375,0,2.25,2.25,46.5
29.667,0,0,0,0,1.12116,0.99997,1,4,1,1,0.820314,0,1.04688,1.38233,0,0,6.16667,6.02778,6.38889,2231.75,960,231.68,965,1024.38,14.625,151.523,151.008,15.0469,14.25,471.542,31.5,0.916,0.584001,1.584,96,2.7451,2.7451,0,-0.578125,0,2.25,2.25,46.5
29.7,0,0,0,0,1.12207,0.99997,1,4,1,1,0.820314,0,1.04688,1.38574,0,0,6.05556,5.97223,5.5,2228.5,960,227.93,965,1024.38,14.3203,151.008,150.797,12.9609,14.25,471.542,31.5,0.9,0.536001,1.568,96,2.7451,2.7451,0,-0.578125,0,2.25,2.25,46.5
29.733,0,0,0,0,1.12305,0.99997,1,4,1,1,0.820314,0,1.04688,1.38574,0,0,6.16667,5.97223,6.41667,2226,960,231.523,965,1024.38,14.6016,150.422,150.516,15,14.25,471.542,31.5,0.916,0.570667,1.58,95.25,2.7451,2.7451,0,-0.1875,0,2.25,2.25,46.5
29.767,0,0,0,0,1.12274,0.99997,1,4,1,1,0.820314,0,1.04688,1.38574,0,0,6.05556,5.97223,6.19445,2219.25,960,229.844,965,1024.34,14.4375,150.422,150.516,14.4375,14.25,471.542,31.5,0.9,0.560001,1.564,95.25,2.7451,2.7451,0,-0.03125,0,2.25,2.25,46.5
29.8,0,0,0,0,1.12061,0.99997,1,4,1,1,0.820314,0,1.04688,1.38916,0,0,6.11112,5.97223,5.83334,2215.25,960,230.625,965,1021.72,14.5313,150.516,150,14.1328,14.25,471.542,31.5,0.9,0.576001,1.564,95.25,2.7451,2.7451,0,-0.65625,0,2.25,2.25,46.5
29.833,0,0,0,0,1.12109,0.99997,1,4,1,1,0.820314,0,1.04688,1.39282,0,0,6.05556,5.72223,6.16667,2212.5,960,230.703,965,1021.72,14.5313,150,149.742,14.8594,14.25,471.542,31.5,0.92,0.573334,1.588,95.25,2.7451,2.7451,0,-0.546875,0,2.25,2.25,46.5
29.867,0,0,0,0,1.12329,0.99997,1,4,1,1,0.820314,0,1.04688,1.39624,0,0,6.05556,5.75,5.58334,2208.75,960,228.281,965,1021.72,14.3438,150,149.742,13.3828,14.25,470.311,31.5,0.9,0.560001,1.568,95.25,2.7451,2.7451,0,-0.3125,0,2.25,2.25,46.5
29.9,0,0,0,0,1.12317,0.99997,1,4,1,1,0.820314,0,1.04688,1.39624,0,0,6,5.75,6.55556,2203.5,960,228.75,965,1021.72,14.3906,149.719,149.555,15.6563,14.25,470.311,31.5,0.928,0.578667,1.596,95.25,2.7451,2.7451,0,-0.5,0,2.25,2.25,46.5
29.933,0,0,0,0,1.13123,0.99997,1,4,1,1,0.820314,0,1.04688,1.3999,0,0,5.97223,5.77778,5.08334,2200,970,227.773,970,1024.38,14.2969,149.555,149.016,11.5313,14.25,470.311,32.25,0.9,0.522667,1.568,95.25,2.7451,2.7451,0,-0.59375,0,2.25,2.25,46.5
29.967,0,0,0,0,1.12305,0.99997,1,4,1,1,0.820314,0,1.04688,1.4043,0,0,5.86112,5.80556,6.27778,2197.75,970,226.953,970,1019.1,14.25,149.555,149.016,15.6797,14.25,470.311,32.25,0.92,0.525334,1.588,95.25,2.7451,2.7451,0,-0.46875,0,2.25,2.25,46.5
30,0,0,0,0,1.13025,0.99997,1,4,1,1,0.820314,0,1.04688,1.4043,0,0,6.05556,5.80556,5.22223,2195,970,227.031,970,1021.72,14.2734,149.016,148.969,12.3281,14.25,470.311,32.25,0.9,0.562667,1.568,95.25,2.7451,2.7451,0,0.03125,0,2.25,2.25,46.5
30.033,0,0,0,0,1.1239,0.99997,1,4,1,1,0.82422,0,1.04688,1.40869,0,0,5.91667,5.80556,6.50001,2189.25,970,227.227,970,1019.1,14.2734,148.969,148.406,16.0781,14.25,470.311,32.25,0.936,0.584001,1.604,95.25,2.7451,2.7451,0,-0.171875,0,2.25,2.25,46.5
30.067,0,0,0,0,1.13208,0.99997,1,4,1,1,0.82422,0,1.04688,1.40869,0,0,6.05556,5.83334,5,2185,970,226.289,970,1021.72,14.2266,148.969,148.406,11.7656,14.25,469.1,32.25,0.9,0.557334,1.568,95.25,2.7451,2.7451,0,-0.71875,0,2.25,2.25,46.5
30.1,0,0,0,0,1.12244,0.99997,1,4,1,1,0.82715,0,1.04688,1.41309,0,0,5.86112,5.77778,6.61112,2183,970,229.531,970,1016.45,14.4844,148.43,148.008,16.7813,14.25,469.1,32.25,0.96,0.546667,1.628,95.25,2.7451,2.7451,0,-0.1875,0,2.25,2.25,46.5
30.133,0,0,0,0,1.13257,0.99997,1,4,1,1,0.829347,0,1.04688,1.41748,0,0,5.97223,5.86112,5.22223,2177.5,970,225.547,970,1021.72,14.1563,148.008,147.938,12.1641,14.25,469.1,32.25,0.9,0.538667,1.568,95.25,2.7451,2.7451,0,-0.28125,0,2.25,2.25,46.5
30.167,0,0,0,0,1.12396,0.99997,1,4,1,1,0.829347,0,1.04688,1.41748,0,0,5.86112,5.80556,6.41667,2174,970,228.32,970,1016.45,14.3906,148.008,147.938,16.2891,14.25,469.1,32.25,0.944,0.546667,1.612,95.25,2.7451,2.7451,0,-0.171875,0,2.25,2.25,46.5
30.2,0,0,0,0,1.12915,0.99997,1,4,1,1,0.830812,0,1.04688,1.42212,0,0,5.97223,5.83334,5.88889,2169,970,229.57,970,1019.1,14.4844,147.938,147.445,14.2266,14.25,469.1,32.25,0.9,0.560001,1.568,95.25,2.7451,2.7451,0,-0.5625,0,2.25,2.25,45.75
30.233,0,0,0,0,1.12677,0.99997,1,4,1,1,0.832277,0,1.04688,1.42652,0,0,5.97223,5.77778,6.19445,2165.75,970,229.258,970,1016.45,14.4609,148.57,147.047,15.6094,14.25,469.1,32.25,0.928,0.578667,1.592,95.25,2.7451,2.7451,0,-0.75,0,2.25,2.25,45.75
30.267,0,0,0,0,1.13159,0.99997,1,4,1,1,0.832277,0,1.04688,1.43091,0,0,6.05556,5.80556,5.94445,2163.5,970,230.117,970,1019.1,14.6484,148.57,147.047,14.2969,14.25,467.87,32.25,0.908,0.584001,1.572,95.25,2.7451,2.7451,0,-0.1875,0,2.25,2.25,45.75
30.3,0,0,0,0,1.12909,0.99997,1,4,1,1,0.833009,0,1.04688,1.4353,0,0,5.91667,5.80556,5.86112,2158.5,970,227.266,970,1016.45,14.4375,147.047,146.977,14.1563,14.25,467.87,32.25,0.9,0.557334,1.564,95.25,2.7451,2.7451,0,-0.46875,0,2.25,2.25,45.75
30.333,0,0,0,0,1.13416,0.99997,1,4,1,1,0.837648,0,1.04688,1.4397,0,0,6,5.77778,6,2154.75,970,230.195,970,1019.1,14.6719,146.977,146.414,14.4609,14.25,467.87,32.25,0.916,0.570667,1.58,95.25,2.7451,2.7451,0,-0.59375,0,2.25,2.25,45.75
30.367,0,0,0,0,1.13159,0.99997,1,4,1,1,0.837648,0,1.04688,1.44434,0,0,5.97223,5.77778,6.02778,2151,970,229.688,970,1016.45,14.6484,146.977,146.414,15.2109,14.25,467.87,32.25,0.924,0.557334,1.588,95.25,2.7451,2.7451,0,-0.125,0,2.25,2.25,45.75
30.4,0,0,0,0,1.13702,0.99997,1,4,1,1,0.84131,0,1.04688,1.44873,0,0,6.05556,5.77778,6.25,2147.5,970,232.305,970,1019.06,14.8594,146.414,146.32,15.5625,14.25,467.87,32.25,0.948,0.589334,1.612,95.25,2.7451,2.35294,0,-0.203125,0,2.25,2.25,45.75
30.433,0,0,0,0,1.13587,0.99997,1,4,1,1,0.843751,0,1.04688,1.44434,0,0,6,5.77778,6.05556,2146,970,232.148,970,1016.45,14.8359,145.969,145.922,15.0234,14.25,467.87,32.25,0.932,0.581334,1.6,95.25,2.7451,2.35294,0,-0.703125,0,2.25,2.25,45.75
30.467,0,0,0,0,1.1377,0.99997,1,4,1,1,0.843751,0,1.04688,1.44873,0,0,6,5.80556,6.08334,2141,970,232.695,970,1016.45,14.8594,145.969,145.922,15.0234,14.25,466.678,32.25,0.936,0.581334,1.604,95.25,2.7451,2.35294,0,-0.640625,0,2.25,2.25,45.75
30.5,0,0,0,0,1.13941,0.99997,1,4,1,1,0.845704,0,1.04688,1.45313,0,0,6,5.80556,5.80556,2134.75,970,231.094,970,1016.45,14.7422,145.945,145.406,14.2969,14.25,466.678,32.25,0.912,0.568001,1.58,95.25,2.7451,2.35294,0,-0.421875,0,2.25,2.25,45.75
30.533,0,0,0,0,1.1402,0.99997,1,4,1,1,0.847169,0,1.04688,1.45752,0,0,6,5.80556,6.27778,2133.25,970,232.656,970,1016.45,14.8594,145.406,145.195,15.4453,14.25,466.678,32.25,0.944,0.586667,1.612,95.25,2.7451,2.35294,0,-0.015625,0,2.25,2.25,45.75
30.567,0,0,0,0,1.14203,0.99997,1,4,1,1,0.847169,0,1.04688,1.45752,0,0,6,5.80556,5.83334,2128.75,970,231.25,970,1016.45,14.7656,145.406,145.195,14.3672,14.25,466.678,32.25,0.912,0.584001,1.58,95.25,2.7451,2.35294,0,-0.53125,0,2.25,2.25,45.75
30.6,0,0,0,0,1.14203,0.99997,1,4,1,1,0.84839,0,1.04688,1.46192,0,0,5.97223,5.72223,6.27778,2125.5,970,232.266,970,1016.45,14.8359,145.195,144.938,15.4688,14.25,466.678,32.25,0.944,0.570667,1.612,95.25,2.35294,2.35294,0,-0.59375,0,2.25,2.25,45.75
30.633,0,0,0,0,1.14478,0.99997,1,4,1,1,0.849122,0,1.04688,1.46655,0,0,5.97223,5.72223,5.86112,2118.75,970,231.25,970,1016.45,14.7656,144.938,144.492,14.4844,14.25,466.678,32.25,0.916,0.570667,1.584,95.25,2.35294,2.35294,0,-0.296875,0,2.25,2.25,45.75
30.667,0,0,0,0,1.14233,0.99997,1,4,1,1,0.849122,0,1.04688,1.46655,0,0,5.97223,5.69445,6.44445,2115.25,970,234.023,970,1013.79,15,144.938,144.492,16.4063,14.25,465.487,32.25,0.972,0.578667,1.64,95.25,2.35294,2.35294,0,-0.109375,0,2.25,2.25,45.75
30.7,0,0,0,0,1.14887,0.99997,1,4,1,1,0.849611,0,1.04688,1.47095,0,0,6,5.75,5.44445,2113.5,970,230.469,970,1016.45,14.7188,144.492,144.305,13.3125,14.25,465.487,32.25,0.9,0.570667,1.568,95.25,2.35294,2.35294,0,-0.375,0,2.25,2.25,45.75
30.733,0,0,0,0,1.14447,0.99997,1,4,1,1,0.854005,0,1.04688,1.47534,0,0,5.91667,5.72223,6.11112,2108.75,970,232.383,970,1013.79,14.8828,144.305,143.836,15.5625,14.25,465.487,32.25,0.948,0.594667,1.616,95.25,2.35294,2.35294,0,-0.546875,0,2.25,2.25,45.75
30.767,0,0,0,0,1.15033,0.99997,1,4,1,1,0.854005,0,1.04688,1.47974,0,0,5.97223,5.75,5.52778,2104.25,970,230.039,970,1016.41,14.6953,144.305,143.836,13.3828,14.25,465.487,32.25,0.9,0.576001,1.568,95.25,2.35294,2.35294,0,-0.265625,0,2.25,2.25,45.75
30.8,0,0,0,0,1.14642,0.99997,1,4,1,1,0.857423,0,1.04688,1.48413,0,0,5.91667,5.75,6.25,2101.75,970,232.422,970,1013.79,14.8828,143.836,143.555,15.8203,14.25,465.487,32.25,0.952,0.576001,1.62,95.25,2.35294,2.35294,0,-0.171875,0,2.25,2.25,45.75
30.833,0,0,0,0,1.14893,0.99997,1,4,1,1,0.859865,0,1.04688,1.48413,0,0,5.91667,5.77778,5.69445,2098.25,970,230.586,970,1013.79,14.7422,143.555,143.18,14.3203,14.25,465.487,32.25,0.908,0.562667,1.572,95.25,2.35294,2.35294,0,-0.234375,0,2.25,2.25,45.75
30.867,0,0,0,0,1.1485,0.99997,1,4,1,1,0.859865,0,1.04688,1.49317,0,0,5.91667,5.72223,6.11112,2094.75,970,231.992,970,1013.79,14.8594,143.555,143.18,15.3281,14.25,464.315,32.25,0.936,0.581334,1.6,95.25,2.35294,2.35294,0,-0.609375,0,2.25,2.25,45.75
30.9,0,0,0,0,1.15057,0.99997,1,4,1,1,0.861574,0,1.04688,1.49317,0,0,5.86112,5.69445,5.36112,2090.25,970,228.711,970,1013.79,14.6016,143.18,142.922,13.4766,14.25,464.315,32.25,0.9,0.562667,1.564,95.25,2.35294,2.35294,0,-0.421875,0,2.25,2.25,45.75
30.933,0,0,0,0,1.15027,0.99997,1,4,1,1,0.863038,0,1.04688,1.49756,0,0,5.86112,5.66667,5.80556,2086.5,970,230.391,970,1013.75,14.7656,142.922,142.453,14.4609,14.25,464.315,32.25,0.916,0.589334,1.584,95.25,2.35294,2.35294,0,-0.078125,0,2.25,2.25,45
30.967,0,0,0,0,1.14887,0.99997,1,4,1,1,0.863038,0,1.04688,1.49756,0,0,5.80556,5.63889,5.80556,2084.5,970,229.453,970,1011.17,14.6719,142.922,142.453,15.1172,14.25,464.315,32.25,0.92,0.554667,1.588,95.25,2.35294,2.35294,0,-0.265625,0,2.25,2.25,45
31,0,0,0,0,1.15277,0.99997,1,4,1,1,0.864015,0,1.04688,1.50196,0,0,5.80556,5.58334,5.72223,2081.25,970,229.102,970,1013.79,14.6484,142.453,142.219,14.25,14.25,464.315,32.25,0.908,0.570667,1.576,95.25,2.35294,2.35294,0,-0.25,0,2.25,2.25,45
31.033,0,0,0,0,1.1496,0.99997,1,4,1,1,0.864992,0,1.04688,1.50635,0,0,5.69445,5.55556,5.41667,2076.25,970,226.133,970,1011.17,14.4141,142.219,141.914,14.1797,14.25,464.315,32.25,0.9,0.557334,1.568,95.25,2.35294,2.35294,0,-0.703125,0,2.25,2.25,45
31.067,0,0,0,0,1.15479,0.99997,1,4,1,1,0.864992,0,1.04688,1.51538,0,0,5.75,5.58334,5.41667,2072.75,970,227.031,970,1013.75,14.5078,142.219,141.914,13.3125,14.25,463.163,32.25,0.9,0.576001,1.568,95.25,2.35294,2.35294,0,-0.203125,0,2.25,2.25,45
31.1,0,0,0,0,1.15137,0.99997,1,4,1,1,0.86548,0,1.04688,1.51538,0,0,5.63889,5.52778,5.86112,2070.75,970,226.719,970,1011.17,14.4844,141.914,141.539,15.2109,14.25,463.163,32.25,0.92,0.546667,1.588,95.25,2.35294,2.35294,0,-0.40625,0,2.25,2.25,45
31.133,0,0,0,0,1.1535,0.99997,1,4,1,1,0.871828,0,1.04688,1.51978,0,0,5.69445,5.55556,5.61112,2065.75,970,226.992,970,1011.17,14.5078,141.188,141.328,13.8516,14.25,463.163,32.25,0.9,0.554667,1.58,95.25,2.35294,2.35294,0,-0.59375,0,2.25,2.25,45
31.167,0,0,0,0,1.15289,0.99997,1,4,1,1,0.871828,0,1.04688,1.51978,0,0,5.63889,5.55556,5.47223,2061,970,225.391,970,1011.17,14.3438,141.188,141.328,14.1563,14.25,463.163,32.25,0.9,0.549334,1.58,95.25,2.35294,2.35294,0,-0.421875,0,2.25,2.25,45
31.2,0,0,0,0,1.1546,0.99997,1,4,1,1,0.876466,0,1.04688,1.52417,0,0,5.63889,5.55556,5.11112,2057.25,970,224.766,970,1011.17,14.2969,141.328,140.977,13.1016,14.25,463.163,32.25,0.9,0.560001,1.58,95.25,2.35294,2.35294,0,-0.4375,0,2.25,2.25,45
31.233,0,0,0,0,1.15241,0.99997,1,4,1,1,0.879884,0,1.04688,1.52857,0,0,5.52778,5.55556,5.61112,2055.5,970,223.281,970,1011.17,14.1797,140.977,140.742,14.3438,14.25,463.163,32.25,0.9,0.552001,1.568,95.25,2.35294,2.35294,0,-0.28125,0,2.25,2.25,45
31.267,0,0,0,0,1.1535,0.99997,1,4,1,1,0.879884,0,1.04688,1.53321,0,0,5.52778,5.5,5.52778,2050.5,970,224.336,970,1011.17,14.2734,140.977,140.742,14.1563,14.25,462.03,32.25,0.9,0.570667,1.568,95.25,2.35294,2.35294,0,-0.671875,0,2.25,2.25,45
31.3,0,0,0,0,1.15363,0.99997,1,4,1,1,0.88257,0,1.04688,1.5376,0,0,5.47223,5.52778,5.16667,2046.75,970,222.305,970,1011.17,14.1328,140.742,140.273,13.2422,14.25,462.03,32.25,0.9,0.536001,1.568,95.25,2.35294,2.35294,0,-0.578125,0,2.25,2.25,45
31.333,0,0,0,0,1.15363,0.99997,1,4,1,1,0.884767,0,1.04688,1.54199,0,0,5.58334,5.44445,5.69445,2043,970,225.352,970,1011.17,14.3672,140.273,140.016,14.4609,14.25,462.03,32.25,0.9,0.560001,1.564,95.25,2.35294,2.35294,0,-0.375,0,2.25,2.25,45
31.367,0,0,0,0,1.15454,0.99997,1,4,1,1,0.884767,0,1.04688,1.54199,0,0,5.52778,5.38889,5.41667,2040.25,970,223.32,970,1011.17,14.2266,140.273,140.016,13.8516,14.25,462.03,32.25,0.9,0.541334,1.564,95.25,2.35294,2.35294,0,-0.328125,0,2.25,2.25,45
31.4,0,0,0,0,1.15143,0.99997,1,4,1,1,0.886232,0,1.04688,1.54639,0,0,5.52778,5.44445,5.75,2035.75,970,224.609,970,1008.52,14.3203,140.016,139.594,14.625,14.25,462.03,32.25,0.904,0.562667,1.568,95.25,2.35294,2.35294,0,-0.359375,0,2.25,2.25,45
31.433,0,0,0,0,1.15643,0.99997,1,4,1,1,0.891115,0,1.04688,1.55078,0,0,5.58334,5.52778,5.36112,2028.75,970,224.57,970,1011.17,14.3203,139.594,139.195,13.5,14.25,462.03,33,0.9,0.565334,1.564,95.25,2.35294,2.35294,0,-0.71875,0,2.25,2.25,45
31.467,0,0,0,0,1.15357,0.99997,1,4,1,1,0.891115,0,1.04688,1.55078,0,0,5.52778,5.44445,5.63889,2028.5,970,225.625,970,1008.52,14.4141,139.594,139.195,14.8359,14.25,460.936,33,0.912,0.562667,1.576,95.25,2.35294,2.35294,0,-0.234375,0,2.25,2.25,45
31.5,0,0,0,0,1.15479,0.99997,1,4,1,1,0.895021,0,1.04688,1.55078,0,0,5.52778,5.47223,5.22223,2025,970,224.492,970,1008.52,14.3203,139.195,139.008,13.6641,14.25,460.936,33,0.9,0.546667,1.564,95.25,2.35294,2.35294,0,-0.234375,0,2.25,2.25,45
31.533,0,0,0,0,1.15479,0.99997,1,4,1,1,0.897706,0,1.04688,1.56421,0,0,5.52778,5.47223,5.58334,2017.25,970,225.156,970,1008.52,14.3906,138.984,138.844,14.5547,14.25,460.936,33,0.904,0.565334,1.572,95.25,2.35294,2.35294,0,-0.390625,0,2.25,2.25,45
31.567,0,0,0,0,1.15576,0.99997,1,4,1,1,0.897706,0,1.04688,1.56421,0,0,5.41667,5.47223,5.41667,2015,970,222.852,970,1008.52,14.2031,138.984,138.844,14.1094,14.25,460.936,33,0.9,0.536001,1.568,95.25,2.35294,2.35294,0,-0.59375,0,2.25,2.25,45
31.6,0,0,0,0,1.15479,0.99997,1,4,1,1,0.899904,0,1.04688,1.56421,0,0,5.47223,5.38889,5.91667,2011.75,970,226.289,970,1008.52,14.4844,138.844,138.352,15.4219,14.25,460.936,33,0.924,0.573334,1.592,95.25,2.35294,2.35294,0,-0.5,0,2.25,2.25,45
31.633,0,0,0,0,1.15729,0.99997,1,4,1,1,0.901369,0,1.04688,1.56861,0,0,5.41667,5.41667,4.94445,2010.75,970,222.969,970,1008.52,14.2266,138.352,138.164,12.8906,14.25,460.936,33,0.9,0.533334,1.568,95.25,2.35294,1.96079,0,0.0625,0,2.25,2.25,45
31.667,0,0,0,0,1.15228,0.99997,1,4,1,1,0.901369,0,1.04688,1.56861,0,0,5.36112,5.36112,5.88889,2006.5,970,224.219,970,1005.86,14.3203,138.352,138.164,15.375,14.25,459.842,33,0.916,0.546667,1.584,95.25,2.35294,1.96079,0,-0.34375,0,2.25,2.25,45
31.7,0,0,0,0,1.15784,0.99997,1,4,1,1,0.902589,0,1.04688,1.573,0,0,5.41667,5.30556,5.11112,2003.25,970,223.398,970,1008.52,14.2734,138.164,137.719,13.2422,14.25,459.842,33,0.9,0.541334,1.568,95.25,1.96079,1.96079,0,-0.3125,0,2.25,2.25,45
31.733,0,0,0,0,1.15357,0.99997,1,4,1,1,0.903566,0,1.04688,1.57764,0,0,5.41667,5.30556,5.97223,1996.75,970,224.648,970,1005.86,14.3672,137.672,137.367,16.0781,14.25,459.842,33,0.932,0.581334,1.596,95.25,1.96079,1.96079,0,-0.59375,0,1.5,1.5,45
31.767,0,0,0,0,1.15955,0.99997,1,4,1,1,0.903566,0,1.04688,1.57764,0,0,5.47223,5.30556,5.25,1994,970,224.922,970,1008.52,14.3906,137.672,137.367,13.4297,13.5,459.842,33,0.9,0.581334,1.564,95.25,1.96079,1.96079,0,-0.21875,0,1.5,1.5,45
31.8,0,0,0,0,1.15625,0.99997,1,4,1,1,0.904298,0,1.04688,1.58203,0,0,5.30556,5.22223,5.19445,1992.5,970,222.188,970,1005.86,14.1563,137.273,137.039,14.0391,13.5,459.842,33,0.9,0.546667,1.564,95.25,1.96079,1.96079,0,-0.25,0,1.5,1.5,45
31.833,0,0,0,0,1.15796,0.99997,1,4,1,1,0.908693,0,1.04688,1.59082,0,0,5.36112,5,4.61111,1984.25,970,220.859,970,1005.86,14.0625,136.992,136.898,12.3516,13.5,459.842,33,0.9,0.557334,1.568,94.5,1.96079,1.96079,0,-0.578125,0,1.5,1.5,45
31.867,0,0,0,0,1.15729,0.99997,1,4,1,1,0.908693,0,1.04688,1.59082,0,0,5.27778,4.97223,5.25,1980.5,970,219.375,970,1005.86,13.9453,136.992,136.898,13.9922,13.5,458.788,33,0.9,0.530667,1.568,94.5,1.96079,1.96079,0,-0.53125,0,1.5,1.5,45.75
31.9,0,0,0,0,1.15851,0.99997,1,4,1,1,0.911867,0,1.04688,1.59522,0,0,5.22223,5.05556,5.16667,1977.5,970,218.789,970,1005.86,13.875,136.734,136.383,13.7344,13.5,458.788,33,0.9,0.536001,1.568,94.5,1.96079,1.96079,0,-0.4375,0,1.5,1.5,45.75
31.933,0,0,0,0,1.15955,0.99997,1,4,1,1,0.914552,0,1.04688,1.59986,0,0,5.16667,5,5.19445,1976,970,217.93,970,1005.86,13.8047,136.289,136.172,13.8047,13.5,458.788,33,0.9,0.533334,1.568,94.5,1.96079,1.96079,0,-0.140625,0,1.5,1.5,45.75
31.967,0,0,0,0,1.16083,0.99997,1,4,1,1,0.914552,0,1.04688,1.59986,0,0,5.16667,4.97223,5.13889,1973.5,970,218.047,970,1005.86,13.8047,136.289,136.172,13.6406,13.5,458.788,33,0.9,0.536001,1.568,94.5,1.96079,1.96079,0,-0.625,0,1.5,1.5,45.75
32,0,0,0,0,1.15784,0.99997,1,4,1,1,0.916261,0,1.04688,1.60425,0,0,5.05556,4.97223,4.80556,1970.75,970,214.727,970,1003.24,13.5469,136.078,135.867,12.7734,13.5,458.788,33,0.9,0.514667,1.568,94.5,1.96079,1.96079,0,-0.296875,0,1.5,1.5,45.75
32.033,0,0,0,0,1.16223,0.99997,1,4,1,1,0.917726,0,1.04688,1.60425,0,0,5.16667,5,5.13889,1962.75,970,217.5,970,1005.86,13.7109,135.445,135.563,13.5,13.5,458.788,33,0.9,0.552001,1.568,94.5,1.96079,1.96079,0,-0.484375,0,1.5,1.5,45.75
32.067,0,0,0,0,1.16071,0.99997,1,4,1,1,0.917726,0,1.04688,1.61304,0,0,5,4.97223,4.55556,1959.5,970,213.008,970,1003.24,13.3594,135.445,135.563,12.6328,13.5,457.753,33,0.9,0.496001,1.568,94.5,1.96079,1.96079,0,-0.046875,0,1.5,1.5,45.75
32.1,0,0,0,0,1.1582,0.99997,1,4,1,1,0.918703,0,1.04688,1.61304,0,0,5.05556,4.94445,5.58334,1958,970,218.242,970,1003.24,13.7578,135.398,135.094,15.2109,13.5,457.753,33,0.9,0.549334,1.568,94.5,1.96079,1.96079,0,-0.234375,0,1.5,1.5,45.75
32.133,0,0,0,0,1.15753,0.99997,1,4,1,1,0.925294,0,1.04688,1.61743,0,0,4.94445,4.97223,4.36111,1956.5,970,212.813,970,1000.63,13.3359,135.07,135.047,11.9766,13.5,457.753,33,0.9,0.496001,1.568,94.5,1.96079,1.96079,0,-0.71875,0,1.5,1.5,45.75
32.167,0,0,0,0,1.15955,0.99997,1,4,1,1,0.925294,0,1.04688,1.61743,0,0,5,4.88889,5.75,1950,970,217.93,970,1003.24,13.7344,135.07,135.047,15.4688,13.5,457.753,33,0.9,0.538667,1.568,94.5,1.96079,1.96079,0,-0.328125,0,1.5,1.5,45.75
32.2,0,0,0,0,1.1629,0.99997,1,4,1,1,0.930421,0,1.04688,1.62207,0,0,4.94445,4.91667,4.27778,1945,970,213.945,970,1003.24,13.4063,134.883,134.484,10.9453,13.5,457.753,33,0.9,0.485334,1.568,94.5,1.96079,1.96079,0,-0.078125,0,1.5,1.5,45.75
32.233,0,0,0,0,1.15631,0.99997,1,4,1,1,0.934083,0,1.04688,1.62207,0,0,4.94445,4.88889,5.5,1943.25,970,217.695,970,1000.59,13.6875,134.391,134.32,15.5156,13.5,457.753,33,0.9,0.533334,1.568,95.25,1.96079,1.96079,0,-0.125,0,1.5,1.5,45.75
32.267,0,0,0,0,1.16327,0.99997,1,4,1,1,0.934083,0,1.04688,1.62647,0,0,5.05556,4.91667,4.77778,1941,970,216.445,970,1003.24,13.5938,134.391,134.32,12.8672,13.5,456.776,33,0.9,0.528001,1.568,95.25,1.96079,1.96079,0,-0.40625,0,1.5,1.5,45.75
32.3,0,0,0,0,1.15985,0.99997,1,4,1,1,0.937013,0,1.04688,1.63086,0,0,4.94445,4.88889,5.11112,1935.25,970,217.109,970,1000.59,13.6406,134.203,133.922,14.4141,13.5,456.776,33,0.9,0.520001,1.568,95.25,1.96079,1.56863,0,-0.640625,0,1.5,1.5,45.75
32.333,0,0,0,0,1.16577,0.99997,1,4,1,1,0.938966,0,1.04688,1.63526,0,0,5.11112,4.91667,5.22223,1929.5,970,220.547,970,1003.2,13.8984,133.805,133.57,14.5078,13.5,456.776,33,0.9,0.546667,1.564,94.5,1.96079,1.56863,0,-0.28125,0,1.5,1.5,45.75
32.367,0,0,0,0,1.16272,0.99997,1,4,1,1,0.938966,0,1.04688,1.6399,0,0,5,4.86111,4.44445,1927,970,215.352,970,1000.59,13.5,133.805,133.57,12.4219,13.5,456.776,33,0.9,0.498667,1.564,94.5,1.56863,1.56863,0,0.171875,0,1.5,1.5,45.75
32.4,0,0,0,0,1.16229,0.99997,1,4,1,1,0.940675,0,1.04688,1.64575,0,0,5,4.83334,5.47223,1924,970,218.477,970,1000.59,13.7344,133.5,133.43,15.0938,13.5,456.776,33,0.9,0.552001,1.564,94.5,1.56863,1.56863,0,-0.328125,0,1.5,1.5,45.75
32.433,0,0,0,0,1.16284,0.99997,1,4,1,1,0.941652,0,1.04688,1.65161,0,0,4.83334,4.83334,4.66667,1919.75,970,212.617,970,1000.59,13.2656,133.313,133.078,13.0781,13.5,456.776,33,0.9,0.490667,1.568,94.5,1.56863,1.56863,0,-0.453125,0,1.5,1.5,45.75
32.467,0,0,0,0,1.16107,0.99997,1,4,1,1,0.941652,0,1.04688,1.65161,0,0,4.88889,4.80556,5.05556,1915.75,970,216.133,970,1000.59,13.5469,133.313,133.078,14.0156,13.5,455.78,33,0.9,0.546667,1.568,94.5,1.56863,1.56863,0,-0.5,0,1.5,1.5,45.75
32.5,0,0,0,0,1.1637,0.99997,1,4,1,1,0.942628,0,1.04688,1.65747,0,0,4.83334,4.80556,4.5,1914.25,970,214.531,970,1000.59,13.4063,132.984,132.844,12.4688,13.5,455.78,33,0.9,0.506667,1.568,94.5,1.56863,1.56863,0,-0.03125,0,1.5,1.5,45.75
32.533,0,0,0,0,1.16284,0.99997,1,4,1,1,0.947267,0,1.04688,1.66333,0,0,4.83334,4.80556,5.16667,1907.5,970,215.234,970,1000.59,13.4531,132.703,132.398,14.25,13.5,455.78,33,0.9,0.530667,1.568,93.75,1.56863,1.56863,0,-0.15625,0,1.5,1.5,45.75
32.567,0,0,0,0,1.16461,0.99997,1,4,1,1,0.947267,0,1.04688,1.66919,0,0,4.88889,4.80556,4.58334,1903.75,970,214.805,970,1000.59,13.4063,132.703,132.398,12.6328,13.5,455.78,33,0.9,0.530667,1.568,93.75,1.56863,1.56863,0,-0.21875,0,1.5,1.5,45.75
32.6,0,0,0,0,1.16113,0.99997,1,4,1,1,0.950685,0,1.04688,1.66919,0,0,4.77778,4.77778,4.88889,1901.5,970,214.453,970,997.969,13.3828,132.328,132.234,14.0859,13.5,455.78,33,0.9,0.504001,1.568,93.75,1.56863,1.56863,0,-0.59375,0,1.5,1.5,45.75
32.633,0,0,0,0,1.16486,0.99997,1,4,1,1,0.953126,0,1.04688,1.6753,0,0,4.77778,4.75,4.75,1898,970,214.102,970,1000.59,13.3594,132.117,131.883,13.0313,13.5,455.78,33,0.9,0.512001,1.568,94.5,1.56863,1.56863,0,-0.21875,0,1.5,1.5,45.75
32.667,0,0,0,0,1.16089,0.99997,1,4,1,1,0.953126,0,1.04688,1.68115,0,0,4.72223,4.83334,4.77778,1893.75,970,212.578,970,997.969,13.2188,132.117,131.883,13.1484,13.5,454.842,33,0.9,0.501334,1.568,94.5,1.56863,1.56863,0,-0.078125,0,1.5,1.5,45.75
32.7,0,0,0,0,1.16461,0.99997,1,4,1,1,0.95508,0,1.04688,1.68115,0,0,4.83334,4.80556,5.05556,1892.5,970,215.234,970,1000.59,13.4297,131.766,131.578,13.8281,13.5,454.842,33,0.9,0.525334,1.568,94.5,1.56863,1.56863,0,-0.28125,0,1.5,1.5,45.75
32.733,0,0,0,0,1.16168,0.99997,1,4,1,1,0.956544,0,1.04688,1.69287,0,0,4.72223,4.77778,5.08334,1885.5,970,215.586,970,997.969,13.4063,131.203,131.414,14.6484,13.5,454.842,33,0.9,0.509334,1.58,94.5,1.56863,1.56863,0,-0.5625,0,1.5,1.5,45.75
32.767,0,0,0,0,1.16333,0.99997,1,4,1,1,0.956544,0,1.04688,1.69287,0,0,4.83334,4.80556,4.52778,1880.25,970,215.859,970,997.969,13.4297,131.203,131.414,12.9375,13.5,454.842,33,0.9,0.530667,1.58,94.5,1.56863,1.56863,0,-0.484375,0,1.5,1.5,45.75
32.8,0,0,0,0,1.16034,0.99997,1,4,1,1,0.957765,0,1.04688,1.69873,0,0,4.77778,4.77778,4.69445,1880.5,970,215.625,970,995.313,13.4063,131.273,130.922,13.2891,13.5,454.842,33,0.9,0.517334,1.58,94.5,1.56863,1.56863,0,-0.28125,0,1.5,1.5,45.75
32.833,0,0,0,0,1.16553,0.99997,1,4,1,1,0.958498,0,1.04688,1.7107,0,0,4.77778,4.75,4.75,1877.25,970,217.109,970,997.969,13.5234,130.852,130.758,13.2422,13.5,454.842,33,0.9,0.520001,1.564,93.75,1.56863,1.56863,0,-0.234375,0,0.75,0.75,45.75
32.867,0,0,0,0,1.16571,0.99997,1,4,1,1,0.958498,0,1.04688,1.7107,0,0,4.77778,4.77778,4.97223,1873.5,970,217.148,970,997.969,13.5,130.852,130.758,13.875,13.5,453.905,33,0.9,0.517334,1.564,93.75,1.56863,1.56863,0,-0.5625,0,0.75,0.75,45.75
32.9,0,0,0,0,1.16638,0.99997,1,4,1,1,0.95923,0,1.04688,1.71656,0,0,4.77778,4.77778,4.72223,1866.5,970,216.758,970,997.969,13.4766,130.594,130.242,13.2422,13.5,453.905,33,0.9,0.525334,1.564,93.75,1.56863,1.56863,0,-0.4375,0,0.75,0.75,45.75
32.933,0,0,0,0,1.16657,0.99997,1,4,1,1,0.96338,0,1.04688,1.72241,0,0,4.77778,4.72223,5,1865.75,970,217.539,970,997.969,13.5234,130.195,130.148,14.0156,13.5,453.905,33,0.9,0.530667,1.564,93.75,1.56863,1.56863,0,-0.125,0,0.75,0.75,45.75
32.967,0,0,0,0,1.16791,0.99997,1,4,1,1,0.96338,0,1.04688,1.72827,0,0,4.77778,4.66667,4.5,1863.25,970,216.328,970,997.969,13.4297,130.195,130.148,12.6328,13.5,453.905,33,0.9,0.528001,1.564,93.75,1.56863,1.56863,0,0.09375,0,0.75,0.75,45.75
33,0,0,0,0,1.16699,0.99997,1,4,1,1,0.966798,0,1.04688,1.72827,0,0,4.66667,4.66667,4.69445,1858.25,970,214.258,970,997.969,13.2656,130.078,129.961,13.2188,13.5,453.905,33,0.9,0.512001,1.564,93.75,1.56863,1.56863,0,-0.078125,0,0.75,0.75,45.75
33.033,0,0,0,0,1.16834,0.99997,1,4,1,1,0.96924,0,1.04688,1.73413,0,0,4.72223,4.61111,4.83334,1851.25,970,217.266,970,997.93,13.5,129.773,129.352,14.1328,13.5,453.905,33,0.9,0.533334,1.564,93.75,1.56863,1.56863,0,-0.625,0,0.75,0.75,45.75
33.067,0,0,0,0,1.16626,0.99997,1,4,1,1,0.96924,0,1.04688,1.74024,0,0,4.66667,4.66667,4.33334,1850,970,214.727,970,995.313,13.2891,129.773,129.352,12.6797,13.5,452.948,33,0.9,0.506667,1.564,93.75,1.56863,1.56863,0,-0.15625,0,0.75,0.75,45.75
33.1,0,0,0,0,1.16589,0.99997,1,4,1,1,0.970949,0,1.04688,1.74024,0,0,4.66667,4.61111,4.83334,1848.25,970,216.133,970,995.313,13.3828,129.328,129.328,13.9453,13.5,452.948,33,0.9,0.530667,1.564,93.75,1.56863,1.56863,0,-0.21875,0,0.75,0.75,45.75
33.133,0,0,0,0,1.16644,0.99997,1,4,1,1,0.972414,0,1.04688,1.7461,0,0,4.63889,4.61111,4.58334,1843.75,970,215,970,995.313,13.3125,129.211,128.953,13.1719,13.5,452.948,33,0.9,0.514667,1.568,93.75,1.56863,1.56863,0,0.21875,0,0.75,0.75,45.75
33.167,0,0,0,0,1.16773,0.99997,1,4,1,1,0.972414,0,1.04688,1.7461,0,0,4.66667,4.66667,4.77778,1839.5,970,216.367,970,995.313,13.4063,129.211,128.953,13.6875,13.5,452.948,33,0.9,0.528001,1.568,93.75,1.56863,1.56863,0,-0.390625,0,0.75,0.75,45.75
33.2,0,0,0,0,1.16803,0.99997,1,4,1,1,0.97339,0,1.04688,1.75196,0,0,4.63889,4.63889,4.61111,1838.25,970,215.195,970,995.313,13.2891,128.836,128.625,13.1719,13.5,452.948,33,0.9,0.512001,1.568,93.75,1.56863,1.56863,0,-0.3125,0,0.75,0.75,45.75
33.233,0,0,0,0,1.16876,0.99997,1,4,1,1,0.980226,0,1.04688,1.75196,0,0,4.63889,4.63889,4.72223,1831.5,970,216.094,970,995.313,13.3594,128.578,128.531,13.5234,13.5,452.948,33,0.9,0.517334,1.568,93.75,1.56863,1.56863,0,-0.40625,0,0.75,0.75,45.75
33.267,0,0,0,0,1.16919,0.99997,1,4,1,1,0.980226,0,1.04688,1.76367,0,0,4.63889,4.63889,4.77778,1829,970,216.563,970,995.313,13.4063,128.578,128.531,13.6875,13.5,452.049,33,0.9,0.522667,1.568,93.75,1.56863,1.56863,0,0.171875,0,0.75,0.75,45.75
33.3,0,0,0,0,1.16998,0.99997,1,4,1,1,1,0,1.04688,1.76953,0,0,4.66667,4.61111,4.86111,1824.75,970,217.656,970,995.313,13.4766,128.32,127.992,13.9688,13.5,452.049,33,0.9,0.530667,1.568,93.75,1.56863,1.56863,0,-0.0625,0,0.75,0.75,45.75
33.333,0,0,0,0,1.17145,0.99997,1,4,1,1,1,0,1.04688,1.77564,0,0,4.63889,4.55556,4.5,1822.75,970,216.914,970,995.313,13.4063,127.875,127.828,12.9141,13.5,452.049,33,0.9,0.522667,1.568,93.75,1.56863,1.56863,0,-0.265625,0,0.75,0.75,45.75
33.367,0,0,0,0,1.16815,0.99997,1,4,1,1,1,0,1.04688,1.7815,0,0,4.58334,4.52778,4.61111,1817,970,216.719,970,992.656,13.3828,127.875,127.828,13.8984,13.5,452.049,33,0.9,0.506667,1.568,93.75,1.56863,1.56863,0,-0.484375,0,0.75,0.75,45.75
33.4,0,0,0,0,1.172,0.99997,1,4,1,1,1,0,1.04688,1.78736,0,0,4.63889,4.52778,4.69445,1813.25,970,217.617,970,995.273,13.4531,127.664,127.523,14.0156,13.5,452.049,33,0.9,0.530667,1.568,93.75,1.56863,1.56863,0,-0.109375,0,0.75,0.75,45.75
33.433,0,0,0,0,1.17395,0.99997,1,4,1,1,1,0,1.04688,1.79322,0,0,4.63889,4.52778,4.44445,1809.5,970,216.25,970,995.313,13.3359,127.336,127.172,12.7031,13.5,452.049,33,0.9,0.520001,1.568,93.75,1.56863,1.56863,0,-0.078125,0,0.75,0.75,45.75
33.467,0,0,0,0,1.17035,0.99997,1,4,1,1,1,0,1.04688,1.79322,0,0,4.58334,4.5,4.75,1806.75,970,217.422,970,992.656,13.4297,127.336,127.172,14.1563,13.5,451.151,33,0.9,0.517334,1.568,93.75,1.56863,1.56863,0,0.171875,0,0.75,0.75,45.75
33.5,0,0,0,0,1.17523,0.99997,1,4,1,1,1,0,1.04688,1.79908,0,0,4.58334,4.52778,4.80556,1805.25,970,217.695,970,995.313,13.4297,127.008,126.961,13.6172,13.5,451.151,33,0.9,0.522667,1.568,93.75,1.56863,1.56863,0,-0.453125,0,0.75,0.75,45.75
33.533,0,0,0,0,1.17322,0.99997,1,4,1,1,1,0,1.04688,1.80518,0,0,4.58334,4.55556,4.47223,1798.25,970,217.578,970,992.656,13.3828,126.469,126.492,13.3359,13.5,451.151,33.75,0.9,0.522667,1.564,93.75,1.56863,1.56863,0,-0.234375,0,0.75,0.75,45.75
33.567,0,0,0,0,1.17358,0.99997,1,4,1,1,1,0,1.04688,1.80518,0,0,4.58334,4.55556,4.58334,1794.5,970,219.023,970,992.656,13.5,126.469,126.492,13.5703,13.5,451.151,33.75,0.9,0.533334,1.564,93.75,1.56863,1.56863,0,-0.171875,0,0.75,0.75,45.75
33.6,0,0,0,0,1.17468,0.99997,1,4,1,1,1,0,1.04688,1.81104,0,0,4.52778,4.52778,4.38889,1794.75,970,217.305,970,992.656,13.3594,126.234,126.305,12.3516,13.5,451.151,33.75,0.9,0.504001,1.564,93.75,1.56863,1.56863,0,0.234375,0,0.75,0.75,45.75
33.633,0,0,0,0,1.17413,0.99997,1,4,1,1,1,0,1.04688,1.81104,0,0,4.58334,4.55556,4.72223,1787.25,970,219.453,970,992.656,13.5234,126.094,126,13.9922,13.5,451.151,33.75,0.9,0.530667,1.568,93.75,1.56863,1.56863,0,-0.15625,0,0.75,0.75,45.75
33.667,0,0,0,0,1.17578,0.99997,1,4,1,1,1,0,1.04688,1.8169,0,0,4.58334,4.52778,4.61111,1785.75,970,219.648,970,992.656,13.5234,126.094,126,13.5938,13.5,450.253,33.75,0.9,0.522667,1.568,93.75,1.56863,1.56863,0,-0.171875,0,0.75,0.75,45.75
33.7,0,0,0,0,1.17651,0.99997,1,4,1,1,1,0,1.04688,1.8169,0,0,4.58334,4.52778,4.72223,1783.25,970,220.195,970,992.656,13.5703,125.813,125.836,13.9219,13.5,450.253,33.75,0.9,0.530667,1.568,93.75,1.56863,1.56863,0,-0.390625,0,0.75,0.75,45.75
33.733,0,0,0,0,1.17737,0.99997,1,4,1,1,1,0,1.04688,1.82276,0,0,4.52778,4.5,4.58334,1776.5,970,219.531,970,992.656,13.5,125.602,125.484,13.5469,13.5,450.253,33.75,0.9,0.514667,1.568,93.75,1.56863,1.56863,0,-0.015625,0,0.75,0.75,45.75
33.767,0,0,0,0,1.17731,0.99997,1,4,1,1,1,0,1.04688,1.82862,0,0,4.52778,4.52778,5,1773.5,970,222.305,970,992.617,13.7109,125.602,125.484,15.3984,13.5,450.253,33.75,0.9,0.552001,1.568,93.75,1.56863,1.56863,0,-0.015625,0,0.75,0.75,45.75
33.8,0,0,0,0,1.17889,0.99997,1,4,1,1,1,0,1.04688,1.83448,0,0,4.52778,4.58334,4.19445,1771.25,970,219.961,970,992.656,13.5234,125.203,125.039,12.3281,13.5,450.253,33.75,0.9,0.506667,1.568,93.75,1.56863,1.17647,0,-0.1875,0,0.75,0.75,45.75
33.833,0,0,0,0,1.17645,0.99997,1,4,1,1,1,0,1.04688,1.84058,0,0,4.58334,4.47223,4.58334,1768,970,220.977,970,992.617,13.5938,124.875,125.039,13.4063,13.5,450.253,33.75,0.9,0.544001,1.564,93.75,1.17647,1.17647,0,-0.34375,0,0.75,0.75,45.75
33.867,0,0,0,0,1.17468,0.99997,1,4,1,1,1,0,1.04688,1.84058,0,0,4.58334,4.47223,4.33334,1766.5,970,219.688,970,990.039,13.5,124.875,125.039,12.7266,13.5,449.354,33.75,0.9,0.525334,1.564,93.75,1.17647,1.17647,0,0.046875,0,0.75,0.75,45.75
33.9,0,0,0,0,1.17774,0.99997,1,4,1,1,1,0,1.04688,1.8523,0,0,4.52778,4.44445,4.47223,1759,970,220.117,970,992.656,13.5234,124.734,124.5,13.125,13.5,449.354,33.75,0.9,0.522667,1.564,93.75,1.17647,1.17647,0,-0.28125,0,0.75,0.75,45.75
33.933,0,0,0,0,1.17285,0.99997,1,4,1,1,1,0,1.04688,1.85816,0,0,4.41667,4.44445,4.5,1755.75,970,218.086,970,990.039,13.3594,124.266,124.219,13.2891,13.5,449.354,33.75,0.9,0.517334,1.564,93.75,1.17647,1.17647,0,0.0625,0,0,0,45.75
33.967,0,0,0,0,1.1778,0.99997,1,4,1,1,1,0,1.04688,1.85816,0,0,4.47223,4.38889,4.47223,1755,970,218.906,970,992.656,13.4063,124.266,124.219,13.125,13.5,449.354,33.75,0.9,0.533334,1.564,93.75,1.17647,1.17647,0,-0.40625,0,0,0,45.75
34,0,0,0,0,1.17462,0.99997,1,4,1,1,1,0,1.04688,1.86402,0,0,4.47223,4.44445,4.66667,1750.25,970,219.766,970,990.039,13.4766,124.031,124.102,14.4141,13.5,449.354,33.75,0.9,0.533334,1.564,93.75,1.17647,1.17647,0,-0.546875,0,0,0,45.75
34.033,0,0,0,0,1.17517,0.99997,1,4,1,1,1,0,1.04688,1.86402,0,0,4.41667,4.38889,4.44445,1743.75,970,218.789,970,990.039,13.4063,123.797,123.609,13.1719,13.5,449.354,33.75,0.9,0.517334,1.564,93.75,1.17647,1.17647,0,-0.21875,0,0,0,45.75
34.067,0,0,0,0,1.17908,0.99997,1,4,1,1,1,0,1.04688,1.87598,0,0,4.47223,4.33334,4.47223,1740.75,970,219.57,970,992.656,13.4531,123.797,123.609,13.2188,13.5,448.495,33.75,0.9,0.530667,1.564,93.75,1.17647,1.17647,0,0.09375,0,0,0,45.75
34.1,0,0,0,0,1.17664,0.99997,1,4,1,1,1,0,1.04688,1.87598,0,0,4.41667,4.33334,4.38889,1739.5,970,219.063,970,990.039,13.4063,123.422,123.516,13.6641,13.5,448.495,33.75,0.9,0.512001,1.564,93.75,1.17647,1.17647,0,0.09375,0,0,0,45.75
34.133,0,0,0,0,1.18079,0.99997,1,4,1,1,1,0,1.04688,1.87598,0,0,4.47223,4.33334,4.58334,1735.5,970,220.703,970,992.617,13.5234,123.258,123.211,14.1094,13.5,448.495,33.75,0.9,0.533334,1.568,93.75,1.17647,1.17647,0,-0.34375,0,0,0,45.75
34.167,0,0,0,0,1.17755,0.99997,1,4,1,1,1,0,1.04688,1.8877,0,0,4.41667,4.33334,4.30556,1730.25,970,219.531,970,990.039,13.4297,123.258,123.211,13.3125,13.5,448.495,33.75,0.9,0.514667,1.568,93.75,1.17647,1.17647,0,-0.421875,0,0,0,45.75
34.2,0,0,0,0,1.17761,0.99997,1,4,1,1,1,0,1.04688,1.8877,0,0,4.41667,4.33334,4.75,1728.5,970,221.641,970,990.039,13.5703,122.93,122.813,14.5781,13.5,448.495,33.75,0.9,0.530667,1.568,93.75,1.17647,1.17647,0,-0.3125,0,0,0,45.75
34.233,0,0,0,0,1.17767,0.99997,1,4,1,1,1,0,1.04688,1.89356,0,0,4.47223,4.38889,4.25,1725.25,970,220.898,970,990.039,13.5234,122.625,122.719,13.0078,13.5,448.495,33.75,0.9,0.528001,1.568,93.75,1.17647,1.17647,0,0.03125,0,0,0,45.75
34.267,0,0,0,0,1.17725,0.99997,1,4,1,1,1,0,1.04688,1.89356,0,0,4.41667,4.33334,4.61111,1719.75,970,221.133,970,990.039,13.5234,122.625,122.719,14.1094,13.5,447.616,33.75,0.9,0.520001,1.568,93.75,1.17647,1.17647,0,-0.046875,0,0,0,45.75
34.3,0,0,0,0,1.17767,0.99997,1,4,1,1,1,0,1.04688,1.89942,0,0,4.41667,4.33334,4.80556,1717,970,222.852,970,990.039,13.6641,122.484,122.461,14.6953,13.5,447.616,33.75,0.9,0.544001,1.568,93.75,1.17647,1.17647,0,-0.359375,0,0,0,45.75
34.333,0,0,0,0,1.17737,0.99997,1,4,1,1,1,0,1.04688,1.90552,0,0,4.36111,4.33334,4.58334,1712.25,970,220.859,970,990.039,13.5,122.203,122.18,14.0391,13.5,447.616,33.75,0.9,0.506667,1.568,93.75,1.17647,1.17647,0,-0.5625,0,0,0,45.75
34.367,0,0,0,0,1.18079,0.99997,1,4,1,1,1,0,1.04688,1.91138,0,0,4.36111,4.27778,4.80556,1712.25,970,222.617,970,992.617,13.6406,122.203,122.18,14.7188,13.5,447.616,33.75,0.9,0.530667,1.568,93.75,1.17647,1.17647,0,-0.296875,0,0,0,45.75
34.4,0,0,0,0,1.18042,0.99997,1,4,1,1,1,0,1.04688,1.91724,0,0,4.36111,4.33334,4.33334,1707.5,970,220.352,970,992.656,13.4531,121.945,121.945,12.8438,13.5,447.616,33.75,0.9,0.514667,1.568,93.75,1.17647,1.17647,0,-0.09375,0,0,0,45.75
34.433,0,0,0,0,1.17676,0.99997,1,4,1,1,1,0,1.04688,1.91724,0,0,4.36111,4.33334,4.5,1702,970,221.367,970,990.039,13.5234,121.383,121.617,14.0391,13.5,447.616,33.75,0.9,0.530667,1.564,93.75,1.17647,1.17647,0,-0.015625,0,0,0,45.75
34.467,0,0,0,0,1.17767,0.99997,1,4,1,1,1,0,1.04688,1.9231,0,0,4.36111,4.30556,4.19445,1698.5,970,221.094,970,990.039,13.4531,121.383,121.617,13.0313,13.5,446.776,33.75,0.9,0.528001,1.564,93.75,1.17647,1.17647,0,-0.21875,0,0,0,45.75
34.5,0,0,0,0,1.17767,0.99997,1,4,1,1,1,0,1.04688,1.92896,0,0,4.36111,4.30556,4.63889,1695.25,970,223.633,970,990.039,13.6406,121.406,121.406,14.3906,13.5,446.776,33.75,0.9,0.536001,1.564,93.75,1.17647,1.17647,0,-0.40625,0,0,0,45.75
34.533,0,0,0,0,1.18036,0.99997,1,4,1,1,1,0,1.04688,1.93506,0,0,4.30556,4.30556,4.44445,1690.5,970,221.875,970,992.656,13.5234,121.148,121.055,13.3594,13.5,446.776,33.75,0.9,0.522667,1.568,93,1.17647,1.17647,0,-0.3125,0,0,0,45.75
34.567,0,0,0,0,1.17651,0.99997,1,4,1,1,1,0,1.04688,1.93506,0,0,4.30556,4.25,4.36111,1686.5,970,221.602,970,990.039,13.4766,121.148,121.055,13.875,13.5,446.776,33.75,0.9,0.514667,1.568,93,1.17647,1.17647,0,0.109375,0,0,0,45.75
34.6,0,0,0,0,1.17725,0.99997,1,4,1,1,1,0,1.04688,1.94678,0,0,4.36111,4.19445,4.58334,1687,970,223.086,970,990.039,13.5938,120.844,120.867,14.5078,13.5,446.776,33.75,0.9,0.541334,1.568,93,1.17647,1.17647,0,-0.0625,0,0,0,45.75
34.633,0,0,0,0,1.17767,0.99997,1,4,1,1,1,0,1.04688,1.95264,0,0,4.30556,4.22223,4.19445,1683.5,970,221.328,970,990.039,13.4531,120.656,120.727,12.6094,13.5,446.776,33.75,0.9,0.512001,1.568,93,1.17647,1.17647,0,-0.09375,0,0,0,45.75
34.667,0,0,0,0,1.18085,0.99997,1,4,1,1,1,0,1.04688,1.95264,0,0,4.25,4.16667,4.5,1677.75,970,221.602,970,992.656,13.4766,120.656,120.727,13.6641,13.5,445.956,33.75,0.9,0.522667,1.568,93,1.17647,1.17647,0,-0.203125,0,0,0,45.75
34.7,0,0,0,0,1.18085,0.99997,1,4,1,1,1,0,1.04688,1.9585,0,0,4.25,4.16667,4.22223,1671.75,970,220.898,970,992.656,13.4063,120.445,120.328,13.0078,13.5,445.956,33.75,0.9,0.517334,1.568,93,1.17647,1.17647,0,-0.359375,0,-0.75,-0.75,45.75
34.733,0,0,0,0,1.17767,0.99997,1,4,1,1,1,0,1.04688,1.96436,0,0,4.30556,4.16667,4.52778,1670.25,970,223.32,970,990.039,13.5938,120.094,120.094,14.5078,13.5,445.956,34.5,0.9,0.541334,1.568,93,1.17647,1.17647,0,-0.140625,0,-0.75,-0.75,45.75
34.767,0,0,0,0,1.18085,0.99997,1,4,1,1,1,0,1.04688,1.96436,0,0,4.30556,4.16667,3.97223,1668.5,970,221.328,970,992.656,13.4297,120.094,120.094,12.0469,13.5,445.956,34.5,0.9,0.530667,1.568,93,1.17647,1.17647,0,0.015625,0,-0.75,-0.75,45.75
34.8,0,0,0,0,1.17603,0.99997,1,4,1,1,1,0,1.04688,1.96436,0,0,4.25,4.19445,4.44445,1665.5,970,222.5,970,990.039,13.5,119.906,119.859,14.25,13.5,445.956,34.5,0.9,0.533334,1.568,93,1.17647,1.17647,0,-0.265625,0,-0.75,-0.75,45.75
34.833,0,0,0,0,1.17993,0.99997,1,4,1,1,1,0,1.04688,1.97632,0,0,4.25,4.16667,4.27778,1657.75,970,221.484,970,992.656,13.4297,119.555,119.555,13.1719,13.5,445.956,34.5,0.9,0.506667,1.568,93,1.17647,1.17647,0,-0.421875,0,-0.75,-0.75,45.75
34.867,0,0,0,0,1.17889,0.99997,1,4,1,1,1,0,1.04688,1.98218,0,0,4.19445,4.19445,4.75,1655.25,970,224.336,970,992.617,13.6406,119.555,119.555,15.375,13.5,445.135,34.5,0.9,0.517334,1.568,93,1.17647,1.17647,0,-0.046875,0,-0.75,-0.75,45.75
34.9,0,0,0,0,1.18048,0.99997,1,4,1,1,1,0,1.04688,1.98804,0,0,4.13889,4.22223,3.86111,1650.5,970,220.742,970,992.656,13.3594,119.344,119.367,12,13.5,445.135,34.5,0.9,0.501334,1.568,93,1.17647,1.17647,0,-0.375,0,-0.75,-0.75,45.75
34.933,0,0,0,0,1.18079,0.99997,1,4,1,1,1,0,1.04688,1.98804,0,0,4.25,4.19445,4.69445,1641.75,970,225.43,970,992.617,13.7109,118.992,118.734,15.2813,13.5,445.135,34.5,0.9,0.554667,1.568,93,1.17647,1.17647,0,0,0,-0.75,-0.75,45.75
34.967,0,0,0,0,1.18018,0.99997,1,4,1,1,1,0,1.04688,2,0,0,4.19445,4.11111,3.97223,1637.5,970,222.227,970,992.656,13.4531,118.992,118.734,12.4453,13.5,445.135,34.5,0.9,0.514667,1.568,93,1.17647,1.17647,0,-0.203125,0,-0.75,-0.75,45.75
35,0,0,0,0,1.17529,0.99997,1,4,1,1,1,0,1.04688,2,0,0,4.19445,4.11111,4.41667,1639,970,223.75,970,990.039,13.5703,118.477,118.617,14.5078,13.5,445.135,34.5,0.9,0.536001,1.568,93,1.17647,1.17647,0,-0.1875,0,-0.75,-0.75,45.75
35.033,0,0,0,0,1.17975,0.99997,1,4,1,1,1,0,1.04688,2.00879,0,0,4.13889,4.11111,3.86111,1634,970,220.469,970,992.656,13.3125,118.43,118.477,12.0938,13.5,445.135,34.5,0.9,0.501334,1.568,93,1.17647,1.17647,0,-0.328125,0,-0.75,-0.75,45.75
35.067,0,0,0,0,1.17371,0.99997,1,4,1,1,1,0,1.04688,2.00879,0,0,4.08334,4.08334,4.5,1630.75,970,222.695,970,990.039,13.4766,118.43,118.477,14.8359,13.5,444.335,34.5,0.9,0.501334,1.568,93,1.17647,1.17647,0,0.140625,0,-0.75,-0.75,46.5
35.1,0,0,0,0,1.18036,0.99997,1,4,1,1,1,0,1.04688,2.00879,0,0,4.19445,4.11111,4.11111,1627.75,970,223.789,970,992.656,13.5469,118.195,118.172,12.8672,13.5,444.335,34.5,0.9,0.517334,1.568,93,1.17647,1.17647,0,0.109375,0,-0.75,-0.75,45.75
35.133,0,0,0,0,1.17981,0.99997,1,4,1,1,1,0,1.04688,2.01783,0,0,4.13889,4.11111,4.44445,1628.5,970,223.086,970,992.656,13.5,117.961,118.102,14.0625,13.5,444.335,34.5,0.9,0.528001,1.568,93,1.17647,1.17647,0,-0.140625,0,-0.75,-0.75,45.75
35.167,0,0,0,0,1.18085,0.99997,1,4,1,1,1,0,1.04688,2.01783,0,0,4.13889,4.08334,4.13889,1627.75,970,222.852,970,992.656,13.4766,117.961,118.102,13.1953,13.5,444.335,34.5,0.9,0.525334,1.568,93,1.17647,1.17647,0,-0.453125,0,-0.75,-0.75,45.75
35.2,0,0,0,0,1.18085,0.99997,1,4,1,1,1,0,1.04688,2.02661,0,0,4.13889,4.11111,4.11111,1623.5,970,222.344,970,992.656,13.4297,117.914,118.078,13.1484,13.5,444.335,34.5,0.9,0.517334,1.568,93,1.17647,1.17647,0,-0.375,0,-0.75,-0.75,45.75
35.233,0,0,0,0,1.18085,0.99997,1,4,1,1,1,0,1.04688,2.03565,0,0,4.13889,4.08334,4.30556,1614,970,224.023,970,992.656,13.5469,117.68,117.422,13.9219,13.5,444.335,34.5,0.9,0.530667,1.568,93,1.17647,1.17647,0,-0.203125,0,-0.75,-0.75,45.75
35.267,0,0,0,0,1.18024,0.99997,1,4,1,1,1,0,1.04688,2.03565,0,0,4.08334,4.05556,4.02778,1611.5,970,221.914,970,992.656,13.3828,117.68,117.422,13.0547,13.5,443.573,34.5,0.9,0.506667,1.568,93,1.17647,1.17647,0,-0.046875,0,-0.75,-0.75,45.75
35.3,0,0,0,0,1.18073,0.99997,1,4,1,1,1,0,1.04688,2.04444,0,0,4.08334,4.05556,4.19445,1612,970,223.281,970,992.656,13.4766,117.211,117.352,13.6172,13.5,443.573,34.5,0.9,0.530667,1.568,93,1.17647,1.17647,0,0.25,0,-0.75,-0.75,45.75
35.333,0,0,0,0,1.18085,0.99997,1,4,1,1,1,0,1.04688,2.05347,0,0,4.08334,4,4.08334,1607.5,970,222.461,970,992.656,13.4063,117.094,117.094,13.2891,13.5,443.573,34.5,1.18,0.520001,1.844,93,1.17647,0.784314,0,-0.4375,1.79751,-0.75,-0.75,45.75
35.367,0,0,0,0,1.18085,0.99997,1,4,1,1,1,0,1,2.0625,0,0,4.02778,4,4.05556,1603.25,970,222.188,970,992.656,13.3828,117.094,117.094,13.2422,15.2344,443.573,34.5,1.232,0.760001,1.896,93,0.784314,0.784314,0,-0.375,3.41649,3,3,3
35.4,0,0,0,0,1.18079,0.99997,1,4,1,1,1,0,1,2.08033,0,0,4.02778,3.97223,4.02778,1597.5,970,221.445,970,992.656,13.3125,116.813,116.766,13.1953,15.9609,443.573,34.5,1.24,0.762668,1.904,93,0.784314,1.56863,0,-0.25,5.21553,5.25,5.25,5.25
35.433,0,0,0,0,1.18085,0.99997,1,4,1,1,1,0,0.953126,2.08033,0,0,4.08334,4.05556,4.30556,1608,970,222.813,970,992.656,13.4297,116.719,117.117,14.0156,16.4531,443.573,34.5,1.228,0.754668,1.892,93,1.17647,1.56863,0,0.203125,6.83451,-1.5,-1.5,-3
35.467,0,0,0,0,1.18079,0.99997,1,4,1,1,1,0,0.953126,2.08911,0,0,4.08334,4.11111,4.02778,1602.75,970,222.148,970,992.656,13.3828,116.719,117.117,13.1484,17.0391,443.866,34.5,1.204,0.741334,1.868,93,1.17647,1.56863,0,0.0625,7.55321,6,6,6
35.5,0,0,0,0,1.18036,0.99997,1,4,1,1,1,0,0.953126,2.09815,0,0,4.02778,4.36111,4.08334,1595,970,222.148,970,992.656,13.3828,116.883,116.883,13.3828,18.0234,443.866,34.5,1.092,0.672001,1.756,93,1.17647,1.56863,0,-0.203125,8.27343,13.5,13.5,13.5
35.533,0,0,0,0,1.17908,0.99997,1,4,1,1,1,0,0.953126,2.10694,0,0,4.08334,4.69445,4.38889,1595.5,970,225.43,970,992.656,13.6172,116.672,116.531,14.3906,19.5938,443.866,34.5,1.128,0.693334,1.796,93,1.56863,1.96079,0,-0.421875,9.35224,12.75,12.75,12.75
35.567,0,0,0,0,1.17297,0.99997,1,4,1,1,1,0,0.953126,2.10694,0,0,4.13889,4.97223,4.94445,1589.5,970,230.078,970,990.039,13.9688,116.672,116.531,16.2891,21.6563,443.866,34.5,1.12,0.696001,1.788,93,2.35294,2.35294,0,-0.140625,10.4311,21,21,21
35.6,0,0,0,0,1.17566,0.99997,1,4,1,1,1,0,0.953126,2.11597,0,0,4.30556,5.77778,5.69445,1583.25,970,242.539,970,992.656,14.9063,116.344,116.063,18.7031,22.9922,443.866,34.5,1.22,0.720001,1.888,93,2.35294,2.7451,0,-0.109375,11.1498,25.5,25.5,42
35.633,0,0,0,0,1.17084,0.99997,1,4,1,1,1,0,0.953126,2.11597,0,0,4.63889,6.80556,6.55556,1583,970,259.805,970,990.039,16.1953,115.922,115.922,22.1953,24.2344,443.866,34.5,1.296,0.776001,1.984,92.25,3.13726,3.13726,0,0.078125,11.87,25.5,25.5,25.5
35.667,0,0,0,0,1.16974,0.99997,1,4,1,1,1,0,0.953126,2.11597,0,0,4.83334,6.83334,6.75001,1583,970,269.375,970,990.039,16.8984,115.922,115.922,22.7109,23.9531,444.296,34.5,1.356,0.832001,2.044,92.25,3.13726,3.13726,0,-0.15625,11.87,27,27,23.25
35.7,0,0,0,0,1.16998,0.99997,1,4,1,1,1,0,0.953126,2.10694,0,0,5.47223,6.91667,6.86112,1584.5,970,286.133,970,990.039,18.1641,115.758,115.922,22.8984,23.7891,444.296,34.5,1.416,0.880001,2.104,92.25,3.13726,3.52941,0,-0.265625,11.87,29.25,29.25,24
35.733,0,0,0,0,1.16992,0.99997,1,4,1,1,1,0,0.953371,2.10694,0,0,5.80556,7.02778,6.88889,1597.75,970,298.438,970,990.039,19.0781,115.828,116.648,22.7109,22.9922,444.296,34.5,1.432,0.890668,2.1,92.25,3.13726,3.13726,0,-0.125,11.87,9.75,9.75,9.75
35.767,0,0,0,0,1.16632,0.99997,1,4,1,1,1,0,0.953371,2.10694,0,0,5.91667,7.05556,6.97223,1604.75,970,309.766,970,987.383,19.9219,115.828,116.648,23.4375,22.8047,444.296,34.5,1.48,0.906668,2.148,92.25,3.52941,3.13726,0,-0.0625,11.87,32.25,32.25,27.75
35.8,0,0,0,0,1.16962,0.99997,1,4,1,1,1,0,0.953371,2.08911,0,0,6.16667,7.05556,6.97223,1616,970,313.555,970,990.039,20.2031,116.555,116.977,22.5,22.4766,444.296,34.5,1.46,0.922668,2.128,92.25,3.13726,3.13726,0,0.09375,11.87,6,6,6
35.833,0,0,0,0,1.16876,0.99997,1,4,1,1,1,0,0.953859,2.0625,0,0,6.22223,7.02778,6.83334,1591.25,970,319.648,970,990.039,20.6719,116.719,116.32,22.4531,22.6172,444.296,34.5,1.48,0.933334,2.144,92.25,3.13726,3.13726,0,-0.078125,11.87,33,33,36
35.867,0,0,0,0,1.16797,0.99997,1,4,1,1,1,0,0.953859,2.00879,0,0,6.22223,6.88889,6.69445,1557.5,970,325.078,970,990.039,21.0703,116.719,116.32,22.5,23.0859,444.55,34.5,1.5,0.949335,2.164,92.25,3.13726,3.13726,0,-0.1875,11.87,33,33,36
35.9,0,0,0,0,1.16724,0.99997,1,4,1,1,1,0,0.953859,1.96436,0,0,6.27778,6.83334,6.58334,1555.75,970,326.641,970,990.039,21.1875,116.039,114.633,22.1484,23.3906,444.55,34.5,1.5,0.946668,2.164,92.25,3.13726,3.13726,0,-0.390625,11.87,33,33,36
35.933,0,0,0,0,1.16577,0.99997,1,4,1,1,1,0,0.953859,1.87598,0,0,6.38889,6.80556,6.55556,1575.25,970,329.844,970,990.039,21.4219,114.563,115.406,21.6563,23.8359,444.55,34.5,1.488,0.962668,2.152,92.25,3.13726,3.13726,0,-0.140625,12.2301,24,24,24
35.967,0,0,0,0,1.16498,0.99997,1,4,1,1,1,0,0.953859,1.6753,0,0,6.38889,6.86112,6.38889,1572.25,970,329.492,970,990.039,21.3984,114.563,115.406,21.1875,23.6719,444.55,34.5,1.476,0.944001,2.14,92.25,3.13726,3.13726,0,0.21875,12.2301,33,33,36
36,0,0,0,0,1.15961,0.99997,1,4,1,1,1,0,0.953859,1.55542,0,0,6.33334,6.77778,6.55556,1559,970,330.898,970,987.383,21.5156,115.242,115.125,22.5469,23.5313,444.55,34.5,1.528,0.936001,2.192,92.25,3.13726,3.13726,0,0.21875,12.2301,32.25,32.25,36
36.033,0,0,0,0,1.15802,0.99997,1,4,1,1,1,0,0.953859,1.44434,0,0,6.33334,6.86112,6.66667,1557.5,970,332.93,970,987.383,21.6563,114.961,114.727,22.7344,23.7188,444.55,34.5,1.536,0.949335,2.2,92.25,3.13726,3.13726,0,-0.09375,12.2301,24.75,24.75,24.75
36.067,0,0,0,0,1.15711,0.99997,1,4,1,1,1,0,0.953859,1.38916,0,0,6.44445,6.88889,6.61112,1557.75,970,334.102,970,987.383,21.75,114.961,114.727,22.4766,23.7891,444.706,34.5,1.528,0.965335,2.192,92.25,3.13726,3.13726,0,-0.40625,12.2301,33,33,36
36.1,0,0,0,0,1.15625,0.99997,1,4,1,1,1,0,0.953859,1.34717,0,0,6.50001,6.88889,6.75001,1564,970,336.602,970,987.383,21.9375,114.609,114.891,22.7578,23.6953,444.706,34.5,1.544,0.978668,2.208,92.25,3.13726,3.13726,0,-0.359375,12.2301,33,33,36
36.133,0,0,0,0,1.15534,0.99997,1,4,1,1,1,0,0.953859,1.31226,0,0,6.50001,6.86112,6.61112,1557.25,970,337.227,970,987.383,21.9844,114.75,114.703,22.3125,24.9375,444.706,34.5,1.528,0.970668,2.196,92.25,3.13726,3.13726,0,-0.1875,12.9488,33,33,36
36.167,0,0,0,0,1.15442,0.99997,1,4,1,1,1,0,0.953859,1.29126,0,0,6.50001,6.86112,6.55556,1552.25,970,338.086,970,987.383,22.0547,114.75,114.703,22.1484,25.0313,444.706,34.5,1.532,0.970668,2.2,92.25,3.13726,3.52941,0,0.28125,12.9488,33,33,36
36.2,0,0,0,0,1.15326,0.99997,1,4,1,1,1,0,0.953859,1.2666,0,0,6.55556,7.13889,6.80556,1554,970,339.414,970,987.383,22.1484,114.563,114.469,22.9688,25.0313,444.706,34.5,1.552,0.986668,2.22,92.25,3.52941,3.52941,0,0.296875,12.9488,33,33,36
36.233,0,0,0,0,1.14832,0.99997,1,4,1,1,1,0,0.953859,1.23511,0,0,6.61112,7.25001,7.08334,1553.25,970,343.516,970,984.727,22.4531,114.352,114.516,23.9063,25.0313,444.706,34.5,1.584,1.01067,2.252,92.25,3.52941,3.52941,0,-0.28125,12.9488,32.25,32.25,35.25
36.267,0,0,0,0,1.15112,0.99997,1,4,1,1,1,0,0.953859,1.20703,0,0,6.69445,7.30556,7.13889,1549.5,970,348.75,970,987.383,22.8516,114.352,114.516,24,25.0547,444.823,34.5,1.588,1.03467,2.256,92.25,3.52941,3.52941,0,-0.265625,12.9488,32.25,32.25,35.25
36.3,0,0,0,0,1.1507,0.99997,1,4,1,1,1,0,0.953859,1.18921,0,0,6.75001,7.25001,7.08334,1548,970,350.234,970,987.383,22.9453,114.375,114.328,23.8828,25.0781,444.823,34.5,1.596,1.024,2.264,92.25,3.52941,3.52941,0,-0.140625,12.9488,32.25,32.25,35.25
36.333,0,0,0,0,1.14917,0.99997,1,4,1,1,1,0,0.954103,1.17285,0,0,6.80556,7.30556,7.22223,1549.25,970,352.734,970,987.383,23.1328,114.211,114.328,24.3516,25.0547,444.823,34.5,1.624,1.04,2.292,92.25,3.52941,3.52941,0,-0.03125,12.9488,33,33,35.25
36.367,0,0,0,0,1.1485,0.99997,1,4,1,1,1,0,0.954103,1.16187,0,0,6.80556,7.27778,7.08334,1546.5,970,354.766,970,987.383,23.2969,114.211,114.328,23.9531,25.0547,444.823,34.5,1.608,1.02667,2.276,92.25,3.52941,3.52941,0,0.265625,12.9488,33,33,35.25
36.4,0,0,0,0,1.14441,0.99997,1,4,1,1,1,0,0.954103,1.1565,0,0,6.86112,7.25001,7.25001,1544,970,357.5,970,984.727,23.5078,114.164,114.07,25.1719,25.1016,444.823,34.5,1.652,1.06133,2.32,92.25,3.52941,3.52941,0,0.234375,12.9488,32.25,32.25,35.25
36.433,0,0,0,0,1.14447,0.99997,1,4,1,1,1,0,0.954103,1.14551,0,0,6.91667,7.30556,7.11112,1542.5,970,359.766,970,984.727,23.6719,113.93,114,24.4922,25.1484,444.823,34.5,1.628,1.05067,2.292,92.25,3.52941,3.52941,0,-0.125,12.9488,31.5,31.5,35.25
36.467,0,0,0,0,1.14697,0.99997,1,4,1,1,1,0,0.954103,1.13745,0,0,6.91667,7.25001,6.94445,1543.75,970,360.352,970,987.344,23.7188,113.93,114,23.7656,25.125,444.96,34.5,1.616,1.04533,2.28,92.25,3.52941,3.52941,0,-0.296875,12.9488,32.25,32.25,35.25
36.5,0,0,0,0,1.14264,0.99997,1,4,1,1,1,0,0.954103,1.13013,0,0,6.91667,7.25001,7.25001,1541,970,361.484,970,984.727,23.7891,113.883,114.094,24.9141,25.0781,444.96,34.5,1.652,1.032,2.316,92.25,3.52941,3.52941,0,-0.25,12.9488,32.25,32.25,35.25
36.533,0,0,0,0,1.14197,0.99997,1,4,1,1,1,0,0.954103,1.12012,0,0,6.91667,7.25001,7.16667,1533.75,970,362.656,970,984.727,23.8828,113.93,113.742,24.6328,25.1953,444.96,34.5,1.644,1.04267,2.308,92.25,3.52941,3.52941,0,0.171875,12.9488,32.25,32.25,35.25
36.567,0,0,0,0,1.1416,0.99997,1,4,1,1,1,0,0.954103,1.11743,0,0,6.97223,7.25001,7.27778,1535,970,364.18,970,984.727,24,113.93,113.742,24.9375,25.1953,444.96,34.5,1.652,1.05867,2.316,92.25,3.52941,3.52941,0,0.078125,12.9488,31.5,31.5,35.25
36.6,0,0,0,0,1.14166,0.99997,1,4,1,1,1,0,0.954103,1.11011,0,0,7.02778,7.19445,6.94445,1538.25,970,364.102,970,984.727,24,113.625,113.766,23.6953,25.1953,444.96,34.5,1.62,1.06133,2.284,92.25,3.52941,3.52941,0,-0.078125,12.9488,32.25,32.25,35.25
36.633,0,0,0,0,1.14075,0.99997,1,4,1,1,1,0,0.954103,1.10498,0,0,7.02778,7.25001,7.00001,1536.75,970,363.75,970,984.727,23.9531,113.625,113.719,23.8828,25.1719,444.96,34.5,1.624,1.05067,2.288,92.25,3.52941,3.52941,0,-0.375,12.9488,32.25,32.25,35.25
36.667,0,0,0,0,1.13989,0.99997,1,4,1,1,1,0,0.954103,1.1001,0,0,6.97223,7.16667,7.05556,1532.5,970,364.023,970,984.727,23.9766,113.625,113.719,24.1406,25.1953,445.096,34.5,1.632,1.048,2.296,92.25,3.52941,3.52941,0,-0.140625,12.9488,32.25,32.25,35.25
36.7,0,0,0,0,1.13928,0.99997,1,4,1,1,1,0,0.954103,1.09741,0,0,6.97223,7.16667,7.13889,1528,970,364.492,970,984.727,24.0234,113.578,113.344,24.4688,25.2422,445.096,34.5,1.644,1.06133,2.308,92.25,3.52941,3.52941,0,-0.125,12.9488,32.25,32.25,35.25
36.733,0,0,0,0,1.13861,0.99997,1,4,1,1,1,0,0.954103,1.09253,0,0,6.97223,7.16667,6.97223,1531.75,970,364.258,970,984.727,24,113.227,113.484,23.8359,25.2422,445.096,34.5,1.628,1.05067,2.292,92.25,3.52941,3.52941,0,0.15625,12.9488,32.25,32.25,35.25
36.767,0,0,0,0,1.13794,0.99997,1,4,1,1,1,0,0.954103,1.09009,0,0,6.97223,7.22223,7.11112,1531.25,970,364.727,970,984.727,24.0469,113.227,113.484,24.3281,25.2188,445.096,34.5,1.64,1.05867,2.304,92.25,3.52941,3.52941,0,-0.015625,12.9488,31.5,31.5,35.25
36.8,0,0,0,0,1.13757,0.99997,1,4,1,1,1,0,0.954103,1.08521,0,0,6.97223,7.25001,7.08334,1529.5,970,365.43,970,984.727,24.0938,113.367,113.531,24.2344,25.1484,445.096,34.5,1.636,1.05867,2.3,92.25,3.52941,3.52941,0,-0.21875,12.9488,32.25,32.25,34.5
36.833,0,0,0,0,1.13684,0.99997,1,4,1,1,1,0,0.954103,1.08057,0,0,6.97223,7.19445,7.05556,1522,970,366.133,970,984.727,24.1406,113.391,113.016,24.2813,25.2422,445.096,33.75,1.64,1.06133,2.32,92.25,3.52941,3.52941,0,-0.296875,12.9488,32.25,32.25,34.5
36.867,0,0,0,0,1.13623,0.99997,1,4,1,1,1,0,0.954103,1.08057,0,0,6.97223,7.16667,7.13889,1520.75,970,366.719,970,984.727,24.1875,113.391,113.016,24.5625,25.3594,445.272,33.75,1.648,1.06667,2.328,92.25,3.52941,3.52941,0,-0.140625,12.9488,32.25,32.25,34.5
36.9,0,0,0,0,1.13562,0.99997,1,4,1,1,1,0,0.954103,1.07593,0,0,6.97223,7.25001,7.08334,1524.25,970,366.836,970,984.727,24.1875,112.922,113.109,24.3281,25.3125,445.272,33.75,1.644,1.06133,2.324,92.25,3.52941,3.52941,0,-0.109375,12.9488,32.25,32.25,34.5
36.933,0,0,0,0,1.13501,0.99997,1,4,1,1,1,0,0.954103,1.07593,0,0,7.02778,7.22223,7.16667,1523.75,960,367.773,965,984.727,24.2578,112.992,113.109,24.4922,25.2656,445.272,33.75,1.644,1.064,2.312,92.25,3.52941,3.52941,0,0.078125,12.9488,32.25,32.25,34.5
36.967,0,0,0,0,1.13471,0.99997,1,4,1,1,1,0,0.954103,1.07349,0,0,7.02778,7.16667,7.13889,1521,960,368.047,965,984.727,24.2813,112.992,113.109,24.4688,25.2422,445.272,33.75,1.652,1.06933,2.32,92.25,3.52941,3.52941,0,-0.15625,12.9488,32.25,32.25,34.5
37,0,0,0,0,1.1344,0.99997,1,4,1,1,1,0,0.954103,1.07105,0,0,7.02778,7.19445,6.97223,1516,960,368.75,965,984.688,24.3281,112.969,112.828,24.6094,25.4297,445.272,33.75,1.652,1.06933,2.32,92.25,3.52941,3.52941,0,-0.21875,12.9488,31.5,31.5,33.75
37.033,0,0,0,0,1.13092,0.99997,1,4,1,1,1,0,0.954103,1.06885,0,0,7.02778,7.13889,7.16667,1518.25,960,370.234,965,982.109,24.4453,112.734,112.852,25.1719,25.3828,445.272,33.75,1.664,1.08267,2.332,92.25,3.52941,3.52941,0,-0.296875,12.9488,31.5,31.5,33.75
37.067,0,0,0,0,1.13422,0.99997,1,4,1,1,1,0,0.954103,1.06885,0,0,7.02778,7.22223,7.22223,1517.75,960,370.469,965,984.727,24.4688,112.734,112.852,24.5859,25.3828,445.428,33.75,1.644,1.06933,2.312,92.25,3.52941,3.52941,0,0.046875,12.9488,31.5,31.5,33.75
37.1,0,0,0,0,1.13385,0.99997,1,4,1,1,1,0,0.954103,1.06641,0,0,7.02778,7.22223,7.08334,1516,960,370.117,965,984.727,24.4453,112.734,112.828,24.2344,25.4063,445.428,33.75,1.636,1.064,2.304,92.25,3.52941,3.52941,0,0.21875,12.9488,31.5,31.5,33.75
37.133,0,0,0,0,1.133,0.99997,1,4,1,1,1,0,0.954103,1.06641,0,0,7.02778,7.22223,7.11112,1510.5,960,370.156,965,984.727,24.4453,112.688,112.477,24.5156,25.5938,445.428,33.75,1.64,1.06667,2.308,92.25,3.52941,3.52941,0,0.359375,12.9488,30.75,30.75,33.75
37.167,0,0,0,0,1.13233,0.99997,1,4,1,1,1,0,0.954103,1.06641,0,0,7.02778,7.16667,7.16667,1511.75,960,370.469,965,984.727,24.4688,112.688,112.477,24.75,25.6172,445.428,33.75,1.648,1.06667,2.316,92.25,3.52941,3.52941,0,-0.078125,12.9488,30.75,30.75,33.75
37.2,0,0,0,0,1.13196,0.99997,1,4,1,1,1,0,0.954103,1.06397,0,0,7.08334,7.19445,7.22223,1512.25,960,372.031,965,984.688,24.5859,112.383,112.523,25.5469,25.5234,445.428,33.75,1.672,1.088,2.34,92.25,3.52941,3.52941,0,-0.203125,12.9488,30.75,30.75,33.75
37.233,0,0,0,0,1.12958,0.99997,1,4,1,1,1,0,0.954103,1.06397,0,0,7.08334,7.19445,6.94445,1511.25,960,372.266,965,982.109,24.6094,112.172,112.5,24.5391,25.5234,445.428,33.75,1.652,1.072,2.32,92.25,3.52941,3.52941,0,-0.171875,12.9488,31.5,31.5,33.75
37.267,0,0,0,0,1.12909,0.99997,1,4,1,1,1,0,0.954103,1.06397,0,0,7.02778,7.19445,7.16667,1506.25,960,373.125,965,982.109,24.6094,112.172,112.5,25.1953,25.6172,445.565,33.75,1.664,1.06933,2.332,92.25,3.52941,3.52941,0,0.03125,12.9488,31.5,31.5,33.75
37.3,0,0,0,0,1.12909,0.99997,1,4,1,1,1,0,0.954103,1.06177,0,0,7.02778,7.22223,7.08334,1504.5,960,372.617,965,982.109,24.5625,112.383,112.266,24.2813,25.6875,445.565,33.75,1.652,1.072,2.32,92.25,3.52941,3.52941,0,0.5,12.9488,31.5,31.5,33.75
37.333,0,0,0,0,1.12866,0.99997,1,4,1,1,1,0,0.954103,1.06397,0,0,7.02778,7.19445,7.11112,1505.5,960,373.398,965,982.109,24.6328,112.195,112.242,24.375,25.6641,445.565,33.75,1.656,1.07467,2.324,91.5,3.52941,3.52941,0,0,12.9488,30.75,30.75,33.75
37.367,0,0,0,0,1.12811,0.99997,1,4,1,1,1,0,0.954103,1.06397,0,0,7.02778,7.19445,6.97223,1505,960,373.477,965,982.109,24.6328,112.195,112.242,24.5156,25.6875,445.565,33.75,1.656,1.08,2.324,91.5,3.52941,3.52941,0,-0.28125,12.9488,31.5,31.5,33.75
37.4,0,0,0,0,1.12763,0.99997,1,4,1,1,1,0,0.954103,1.06397,0,0,7.02778,7.22223,6.91667,1503,960,372.93,965,982.109,24.5859,112.148,112.219,24.2813,25.7344,445.565,33.75,1.648,1.072,2.316,91.5,3.52941,3.52941,0,-0.296875,12.9488,31.5,31.5,33.75
37.433,0,0,0,0,1.12732,0.99997,1,4,1,1,1,0,0.954103,1.06641,0,0,7.08334,7.22223,7.25001,1500,960,375.625,965,982.109,24.7969,112.125,111.984,25.4297,25.8281,445.565,33.75,1.688,1.09333,2.352,92.25,3.52941,3.52941,0,-0.0625,12.9488,31.5,31.5,33.75
37.467,0,0,0,0,1.12738,0.99997,1,4,1,1,1,0,0.954103,1.06641,0,0,7.08334,7.22223,6.94445,1499.25,960,375.078,965,982.109,24.75,112.125,111.984,24.3281,25.875,445.741,33.75,1.66,1.08533,2.324,92.25,3.52941,3.52941,0,-0.078125,12.9488,31.5,31.5,33.75
37.5,0,0,0,0,1.12659,0.99997,1,4,1,1,1,0,0.954103,1.06397,0,0,7.08334,7.19445,7.22223,1500.25,960,375.781,965,982.109,24.7969,111.891,111.938,25.2422,27.1641,445.741,33.75,1.68,1.09067,2.344,92.25,3.52941,3.52941,0,0.15625,13.669,31.5,31.5,33.75
37.533,0,0,0,0,1.12647,0.99997,1,4,1,1,1,0,0.954103,1.06397,0,0,7.08334,7.22223,7.08334,1498,960,376.016,965,982.109,24.8203,111.867,111.891,24.7969,27.8906,445.741,33.75,1.676,1.088,2.34,92.25,3.52941,3.92157,0,-0.078125,14.0276,30.75,30.75,33.75
37.567,0,0,0,0,1.12592,0.99997,1,4,1,1,1,0,0.954103,1.06397,0,0,7.08334,7.97223,7.50001,1493.5,960,379.063,965,982.109,25.0547,111.867,111.891,26.3203,27.9375,445.741,33.75,1.7,1.09867,2.364,92.25,3.92157,3.92157,0,-0.171875,14.0276,30.75,30.75,33.75
37.6,0,0,0,0,1.12457,0.99997,1,4,1,1,1,0,0.954103,1.06397,0,0,7.19445,7.91667,8.02778,1493.25,960,383.633,965,982.109,25.3828,111.797,111.727,28.1719,28.0078,445.741,33.75,1.768,1.144,2.432,92.25,3.92157,3.92157,0,-0.25,14.0276,30.75,30.75,33.75
37.633,0,0,0,0,1.12433,0.99997,1,4,1,1,1,0,0.954103,1.06397,0,0,7.30556,7.97223,7.80556,1494.5,960,388.867,965,982.109,25.7813,111.656,111.773,27.375,27.9609,445.741,33.75,1.788,1.152,2.456,91.5,3.92157,3.92157,0,-0.078125,14.0276,31.5,31.5,33.75
37.667,0,0,0,0,1.12396,0.99997,1,4,1,1,1,0,0.954103,1.06397,0,0,7.38889,7.97223,7.83334,1493.75,960,394.141,965,982.109,26.1797,111.656,111.773,27.4688,27.9609,445.897,33.75,1.816,1.17333,2.484,91.5,3.92157,3.92157,0,0.234375,14.0276,31.5,31.5,33
37.7,0,0,0,0,1.12372,0.99997,1,4,1,1,1,0,0.954103,1.06397,0,0,7.44445,7.91667,7.69445,1494,960,395.273,965,982.109,26.25,111.703,111.75,26.9531,27.9375,445.897,33.75,1.812,1.16267,2.48,91.5,3.92157,3.92157,0,0.015625,14.0276,31.5,31.5,33
37.733,0,0,0,0,1.12311,0.99997,1,4,1,1,1,0,0.954103,1.06397,0,0,7.50001,7.8889,7.97223,1491.75,960,399.609,965,982.109,26.5781,111.961,111.68,27.9844,28.0078,445.897,33.75,1.864,1.19467,2.528,91.5,3.92157,3.92157,0,-0.140625,14.0276,30,30,33
37.767,0,0,0,0,1.12329,0.99997,1,4,1,1,1,0,0.954103,1.06397,0,0,7.55556,7.86112,7.86112,1492,960,402.148,965,982.109,26.8359,111.961,111.68,27.5859,28.0547,445.897,33.75,1.864,1.192,2.528,91.5,3.92157,3.92157,0,-0.171875,14.0276,30.75,30.75,33
37.8,0,0,0,0,1.12317,0.99997,1,4,1,1,1,0,0.954103,1.06641,0,0,7.66667,7.91667,7.97223,1494,960,403.75,965,982.109,26.9531,111.633,111.68,27.9375,27.9844,445.897,33.75,1.884,1.20533,2.548,91.5,3.92157,3.92157,0,-0.265625,14.0276,30.75,30.75,33
37.833,0,0,0,0,1.12299,0.99997,1,4,1,1,1,0,0.954103,1.06641,0,0,7.66667,7.91667,7.83334,1492.75,960,404.766,965,982.109,27.0234,111.609,111.703,27.4688,28.0313,445.897,33.75,1.868,1.19467,2.536,91.5,3.92157,3.92157,0,0.0625,14.0276,30.75,30.75,33
37.867,0,0,0,0,1.12262,0.99997,1,4,1,1,1,0,0.954103,1.06641,0,0,7.66667,7.91667,7.86112,1488.75,960,406.133,965,982.109,27.1172,111.609,111.703,27.6328,28.0078,446.034,33.75,1.876,1.19733,2.544,91.5,3.92157,3.92157,0,0.25,14.0276,30.75,30.75,33
37.9,0,0,0,0,1.12232,0.99997,1,4,1,1,1,0,0.954103,1.06641,0,0,7.66667,7.8889,7.94445,1485.5,960,407.422,965,982.109,27.2344,111.633,111.563,28.0078,28.1719,446.034,33.75,1.896,1.21067,2.564,91.5,3.92157,3.92157,0,0.1875,14.0276,30.75,30.75,33
37.933,0,0,0,0,1.12201,0.99997,1,4,1,1,1,0,0.954103,1.06177,0,0,7.66667,7.91667,7.80556,1481,960,408.164,965,982.109,27.2813,111.469,111.281,27.5859,28.3359,446.034,33,1.888,1.20533,2.552,91.5,3.92157,3.92157,0,-0.1875,14.0276,30,30,33
37.967,0,0,0,0,1.1217,0.99997,1,4,1,1,1,0,0.954103,1.06177,0,0,7.72223,7.91667,7.86112,1482.75,960,409.57,965,982.109,27.375,111.469,111.281,27.75,28.3828,446.034,33,1.9,1.21333,2.564,91.5,3.92157,3.92157,0,-0.203125,14.0276,30.75,30.75,33
38,0,0,0,0,1.12152,0.99997,1,4,1,1,1,0,0.954103,1.05689,0,0,7.72223,7.91667,7.77778,1483.75,960,409.648,965,982.109,27.3984,111.234,111.352,27.4453,28.2656,446.034,33,1.888,1.20533,2.552,91.5,3.92157,3.92157,0,-0.140625,14.0276,30.75,30.75,33
38.033,0,0,0,0,1.12055,0.99997,1,4,1,1,1,0,0.954103,1.05469,0,0,7.72223,7.91667,7.8889,1480,960,409.805,965,982.109,27.3984,111.281,111.234,27.8906,28.3125,446.034,33,1.9,1.21333,2.568,91.5,3.92157,3.92157,0,-0.0625,14.0276,30.75,30.75,33
38.067,0,0,0,0,1.12042,0.99997,1,4,1,1,1,0,0.954103,1.05225,0,0,7.72223,7.91667,7.8889,1476.75,960,410.625,965,982.109,27.4688,111.281,111.234,27.9609,28.4531,446.132,33,1.908,1.216,2.576,91.5,3.92157,3.92157,0,0.1875,14.0276,30.75,30.75,33
38.1,0,0,0,0,1.12079,0.99997,1,4,1,1,1,0,0.954103,1.05005,0,0,7.72223,7.8889,7.80556,1475.75,960,412.5,965,982.109,27.6094,111.164,111.07,27.6797,28.5234,446.132,33,1.904,1.216,2.572,91.5,3.92157,3.92157,0,0.203125,14.0276,30,30,33
38.133,0,0,0,0,1.12079,0.99997,1.01019,4,1,1,1,0,0.954103,1.04785,0,0,7.77778,7.97223,7.91667,1478.5,960,413.555,965,982.109,27.6797,111.047,111.188,28.0313,28.4766,446.132,33,1.916,1.22667,2.58,91.5,3.92157,3.92157,0,-0.09375,14.0276,30,30,33
38.167,0,0,0,0,1.12055,0.99997,1.01447,4,1,1,1,0,0.954103,1.0459,0,0,7.77778,7.8889,7.75001,1478.75,960,413.203,965,982.109,27.6563,111.047,111.188,27.4453,28.3594,446.132,33,1.916,1.22667,2.58,91.5,3.92157,3.92157,0,-0.359375,14.0276,30.75,30.75,33
38.2,0,0,0,0,1.12,0.99997,1.017,4,1,1,1,0,0.954103,1.04395,0,0,7.72223,7.91667,7.77778,1472.5,960,412.813,965,982.109,27.6328,111.141,111.094,27.6563,29.1328,446.132,33,1.924,1.232,2.588,91.5,3.92157,3.92157,0,-0.0625,14.3877,30.75,30.75,33
38.233,0,0,0,0,1.11926,0.99997,1.02127,4,1,1,1,0,0.954103,1.04199,0,0,7.72223,7.86112,7.83334,1473,960,413.281,965,982.109,27.6563,111.047,110.977,27.8438,29.2969,446.132,33,1.944,1.24267,2.612,91.5,3.92157,3.92157,0,0.34375,14.3877,30.75,30.75,33
38.267,0,0,0,0,1.11914,0.99997,1.02609,4,1,1,1,0,0.954103,1.04199,0,0,7.77778,7.8889,7.86112,1473.75,960,413.633,965,982.109,27.6797,111.047,110.977,27.9141,29.2031,446.268,33,1.964,1.25333,2.632,91.5,3.92157,4.31373,0,0.3125,14.3877,30,30,33
38.3,0,0,0,0,1.11902,0.99997,1.03098,4,1,1,1,0,0.954103,1.04004,0,0,7.77778,7.94445,7.80556,1474.25,960,413.984,965,982.109,27.7031,110.953,111,27.7031,29.2266,446.268,33,1.976,1.25867,2.644,91.5,3.92157,4.31373,0,0,14.3877,30,30,33
38.333,0,0,0,0,1.11847,0.99997,1.03928,4,1,1,1,0,0.954103,1.04004,0,0,7.77778,7.94445,8.02778,1469.25,960,415.469,965,982.109,27.8203,110.953,110.859,28.5938,29.2734,446.268,33,2.02,1.264,2.684,91.5,3.92157,4.31373,0,-0.25,14.3877,30,30,33
38.367,0,0,0,0,1.11853,0.99997,1.04486,4,1,1,1,0,0.954103,1.03784,0,0,7.77778,7.94445,7.94445,1466,960,416.289,965,982.109,27.8906,110.953,110.859,28.3828,29.4609,446.268,33,2.028,1.28533,2.692,91.5,3.92157,4.31373,0,-0.21875,14.3877,30.75,30.75,32.25
38.4,0,0,0,0,1.11841,0.99997,1.05048,4,1,1,1,0,0.954103,1.03589,0,0,7.77778,8.08334,7.94445,1467.75,960,417.422,965,982.109,27.9609,110.813,110.766,28.3359,29.4141,446.268,33,2.044,1.29067,2.708,91.5,4.31373,4.31373,0,-0.25,14.3877,30.75,30.75,32.25
38.433,0,0,0,0,1.11792,0.99997,1.05768,4,1,1,1,0,0.954103,1.03394,0,0,7.83334,8.11112,7.8889,1470.25,960,418.594,965,982.109,28.0547,110.742,110.813,28.1016,29.3906,446.268,33,2.056,1.312,2.736,91.5,4.31373,4.31373,0,0.078125,14.3877,30.75,30.75,32.25
38.467,0,0,0,0,1.11737,0.99997,1.06244,4,1,1,1,0,0.954103,1.03198,0,0,7.83334,8.05556,7.83334,1469.75,960,418.359,965,982.109,28.0313,110.742,110.813,27.9141,29.2969,446.366,33,2.056,1.30133,2.736,91.5,4.31373,4.31373,0,0.359375,14.3877,30.75,30.75,32.25
38.5,0,0,0,0,1.1167,0.99997,1.06671,4,1,1,1,0,0.954103,1.03003,0,0,7.83334,8.05556,7.8889,1463.25,960,419.063,965,982.109,28.1016,110.766,110.766,28.2422,30.0469,446.366,33,2.084,1.31467,2.764,91.5,4.31373,4.31373,0,0.078125,14.7478,30,30,32.25
38.533,0,0,0,0,1.11591,0.99997,1.07132,4,1,1,1,0,0.954591,1.02661,0,0,7.83334,8.08334,7.8889,1462.75,960,419.258,965,982.109,28.1016,110.719,110.602,28.2422,30.1875,446.366,33,2.084,1.31733,2.748,90.75,4.31373,4.31373,0,-0.296875,14.7478,30,30,32.25
38.567,0,0,0,0,1.11566,0.99997,1.07391,4,1,1,1,0,0.954591,1.02319,0,0,7.83334,8.08334,7.94445,1465.25,960,420.547,965,982.109,28.1953,110.719,110.602,28.3828,30.1172,446.366,33,2.12,1.33867,2.784,90.75,4.31373,4.31373,0,-0.265625,14.7478,30.75,30.75,32.25
38.6,0,0,0,0,1.11524,0.99997,1.07721,4,1,1,1,0,0.954591,1.02149,0,0,7.8889,8.08334,7.97223,1464,960,420.977,965,982.109,28.2422,110.578,110.648,28.5,30.1641,446.366,33,2.128,1.34134,2.792,90.75,4.31373,4.31373,0,0,14.7478,30.75,30.75,32.25
38.633,0,0,0,0,1.11456,0.99997,1.07852,4,1,1,1,0,0.954591,1.01319,0,0,7.8889,8.19445,8.16667,1463.25,960,423.164,965,982.109,28.4063,110.602,110.625,29.2266,30.1406,446.366,33,2.168,1.368,2.836,90.75,4.31373,4.31373,0,0.140625,14.7478,30.75,30.75,32.25
38.667,0,0,0,0,1.11444,0.99997,1.0802,4,1,1,1,0,0.954591,1.00855,0,0,7.94445,8.25001,8.11112,1458,960,425.469,965,982.109,28.5703,110.602,110.625,29.1328,30.2344,446.503,33,2.168,1.37067,2.836,90.75,4.31373,4.31373,0,0.171875,14.7478,30,30,32.25
38.7,0,0,0,0,1.11401,0.99997,1.08231,4,1,1,1,0,0.954591,1.00611,0,0,7.94445,8.25001,8.02778,1457.75,960,425.82,965,982.109,28.5938,110.578,110.438,28.8281,30.3516,446.503,33,2.164,1.36534,2.832,90.75,4.31373,4.31373,0,-0.015625,14.7478,30,30,32.25
38.733,0,0,0,0,1.1131,0.99997,1.08176,4,1,1,1,0,0.954591,0.997072,0,0,7.94445,8.3889,8.19445,1459.5,960,427.461,965,982.109,28.7109,110.414,110.484,29.3906,30.2813,446.503,33,2.18,1.376,2.848,90.75,4.31373,4.31373,0,-0.25,14.7478,30,30,32.25
38.767,0,0,0,0,1.11231,0.99997,1.08298,4,1,1,1,0,0.954591,0.994142,0,0,7.97223,8.47223,8.36112,1460,960,430.156,965,982.109,28.9219,110.414,110.484,29.9766,30.2344,446.503,33,2.212,1.376,2.88,90.75,4.31373,4.31373,0,-0.109375,14.7478,30.75,30.75,32.25
38.8,0,0,0,0,1.1117,0.99997,1.08435,4,1,1,1,0,0.954591,0.992677,0,0,8.02778,8.50001,8.47223,1459.25,960,432.305,965,982.109,29.0859,110.438,110.508,30.3984,30.2344,446.503,33,2.228,1.40534,2.896,90.75,4.31373,4.31373,0,-0.03125,14.7478,30.75,30.75,32.25
38.833,0,0,0,0,1.1109,0.99997,1.08389,4,1,1,1,0,0.954591,0.987306,0,0,8.08334,8.50001,8.41667,1454,960,434.688,965,982.109,29.25,110.438,110.297,30.3047,30.3984,446.503,33,2.236,1.41067,2.904,90.75,4.31373,4.31373,0,0.203125,14.7478,30.75,30.75,32.25
38.867,0,0,0,0,1.11078,0.99997,1.08356,4,1,1,1,0,0.954591,0.983644,0,0,8.1389,8.50001,8.41667,1455.5,960,438.32,965,982.109,29.5313,110.438,110.297,30.2813,30.4688,446.639,33,2.248,1.42934,2.916,90.75,4.31373,4.31373,0,0.046875,14.7478,29.25,29.25,32.25
38.9,0,0,0,0,1.11072,0.99997,1.08313,4,1,1,1,0,0.954591,0.979982,0,0,8.19445,8.50001,8.30556,1456.5,960,438.789,965,982.109,29.5547,110.25,110.344,29.8594,30.375,446.639,33,2.228,1.408,2.896,90.75,4.31373,4.31373,0,-0.0625,14.7478,29.25,29.25,32.25
38.933,0,0,0,0,1.10968,0.99997,1.08264,4,1,1,1,0,0.954591,0.976076,0,0,8.19445,8.3889,8.25001,1456.5,960,439.023,965,982.109,29.5781,110.297,110.391,29.6484,30.3516,446.639,33,2.224,1.40534,2.892,90.75,4.31373,4.31373,0,-0.21875,14.7478,30,30,32.25
38.967,0,0,0,0,1.10925,0.99997,1.08276,4,1,1,1,0,0.954591,0.974855,0,0,8.19445,8.36112,8.33334,1453.5,960,439.648,965,982.109,29.625,110.297,110.391,30.0234,30.3984,446.639,33,2.252,1.42134,2.92,90.75,4.31373,4.31373,0,-0.1875,14.7478,30,30,32.25
39,0,0,0,0,1.10913,0.99997,1.08261,4,1,1,1,0,0.954591,0.973634,0,0,8.19445,8.36112,8.44445,1448.75,960,441.484,965,982.109,29.7656,110.344,110.18,30.5156,30.5156,446.639,33,2.268,1.432,2.936,90.75,4.31373,4.31373,0,0.09375,14.7478,30,30,32.25
39.033,0,0,0,0,1.10931,0.99997,1.082,4,1,1,1,0,0.954591,0.971193,0,0,8.19445,8.33334,8.25001,1452.5,960,441.992,965,982.109,29.7891,110.133,110.227,29.7422,30.5625,446.639,33,2.244,1.416,2.908,90.75,4.31373,4.31373,0,0.203125,14.7478,30,30,31.5
39.067,0,0,0,0,1.10907,0.99997,1.08127,4,1,1,1,0,0.954591,0.968507,0,0,8.19445,8.36112,8.11112,1451.5,960,441.172,965,982.109,29.7422,110.133,110.227,29.25,30.4922,446.796,33,2.216,1.4,2.88,90.75,4.31373,4.31373,0,0.140625,14.7478,29.25,29.25,31.5
39.1,0,0,0,0,1.10834,0.99997,1.08051,4,1,1,1,0,0.954591,0.966066,0,0,8.19445,8.36112,8.19445,1450.5,960,440.781,965,982.109,29.6953,110.18,110.227,29.5781,30.4219,446.796,33,2.224,1.41067,2.888,90.75,4.31373,4.31373,0,-0.109375,14.7478,29.25,29.25,31.5
39.133,0,0,0,0,1.10767,0.99997,1.07993,4,1,1,1,0,0.954591,0.963625,0,0,8.19445,8.30556,8.41667,1446,960,441.914,965,982.109,29.7891,110.18,110.133,30.4688,30.4922,446.796,33,2.256,1.41067,2.924,90.75,4.31373,4.31373,0,-0.25,14.7478,29.25,29.25,31.5
39.167,0,0,0,0,1.10785,0.99997,1.07935,4,1,1,1,0,0.954591,0.961183,0,0,8.19445,8.30556,8.05556,1445,960,441.016,965,982.109,29.7188,110.18,110.133,29.2031,30.6797,446.796,33,2.216,1.424,2.884,90.75,4.31373,4.31373,0,-0.28125,14.7478,30,30,31.5
39.2,0,0,0,0,1.10712,0.99997,1.07916,4,1,1,1,0,0.954591,0.959962,0,0,8.1389,8.30556,8.44445,1448.25,960,441.914,965,982.109,29.7891,110.086,110.016,30.5156,30.6328,446.796,33,2.256,1.40534,2.924,90.75,4.31373,4.31373,0,-0.125,14.7478,29.25,29.25,31.5
39.233,0,0,0,0,1.10706,0.99997,1.07828,4,1,1,1,0,0.954591,0.957277,0,0,8.19445,8.30556,8.11112,1448,960,441.211,965,982.109,29.7422,109.992,110.063,29.3203,30.6094,446.796,33,2.216,1.4,2.884,90.75,4.31373,4.31373,0,0.234375,14.7478,29.25,29.25,31.5
39.267,0,0,0,0,1.10657,0.99997,1.0773,4,1,1,1,0,0.954591,0.954835,0,0,8.19445,8.30556,8.30556,1446,960,441.641,965,982.109,29.7656,109.992,110.063,30.0703,30.5625,446.952,33,2.24,1.40534,2.908,90.75,4.31373,4.31373,0,0.203125,14.7478,29.25,29.25,31.5
39.3,0,0,0,0,1.10944,0.99997,1.07678,4,1,1,1,0,0.954591,0.953615,0,0,8.1389,8.22223,8.1389,1444,960,441.25,965,984.688,29.7422,110.039,109.922,29.5078,30.6797,446.952,33,2.224,1.40534,2.892,90.75,4.31373,4.31373,0,-0.1875,14.7478,29.25,29.25,31.5
39.333,0,0,0,0,1.10596,0.99997,1.0755,4,1,1,1,0,0.954591,0.951173,0,0,8.1389,8.30556,8.27778,1441.75,960,441.914,965,982.109,29.7891,109.898,109.852,30.1875,30.7734,446.952,33,2.24,1.41334,2.904,90.75,4.31373,4.31373,0,-0.328125,14.7478,30,30,31.5
39.367,0,0,0,0,1.10577,0.99997,1.07468,4,1,1,1,0,0.954591,0.949953,0,0,8.1389,8.30556,8.11112,1444.5,960,441.094,965,982.109,29.7188,109.898,109.852,29.4844,30.6563,446.952,33,2.216,1.40267,2.88,90.75,4.31373,4.31373,0,-0.171875,14.7478,30,30,31.5
39.4,0,0,0,0,1.10523,0.99997,1.07425,4,1,1,1,0,0.954591,0.949953,0,0,8.1389,8.30556,8.19445,1444.5,960,441.133,965,982.109,29.7188,109.852,109.945,29.7656,30.6328,446.952,33,2.22,1.40267,2.884,90.75,4.31373,4.31373,0,0.171875,14.7478,30,30,31.5
39.433,0,0,0,0,1.10486,0.99997,1.07245,4,1,1,1,0,0.954591,0.947267,0,0,8.1389,8.30556,8.08334,1441.5,960,441.055,965,982.109,29.7188,109.922,109.828,29.3906,30.75,446.952,33,2.212,1.39734,2.876,90.75,4.31373,4.31373,0,0.296875,14.7478,30,30,31.5
39.467,0,0,0,0,1.1073,0.99997,1.07199,4,1,1,1,0,0.954591,0.947267,0,0,8.1389,8.30556,8.33334,1438,960,441.953,965,984.727,29.7891,109.922,109.828,29.5313,30.8438,447.069,33,2.204,1.41067,2.868,90.75,4.31373,4.31373,0,0.171875,14.7478,29.25,29.25,31.5
39.5,0,0,0,0,1.10388,0.99997,1.0708,4,1,1,1,0,0.954591,0.946046,0,0,8.1389,8.30556,8.19445,1438,960,441.875,965,982.109,29.7891,109.805,109.594,30,30.9375,447.069,33,2.212,1.40267,2.876,90.75,4.31373,4.31373,0,-0.078125,14.7478,29.25,29.25,31.5
39.533,0,0,0,0,1.10358,0.99997,1.07019,4,1,1,1,0,1,0.946046,0,0,8.19445,8.27778,8.36112,1442.5,960,442.93,965,982.109,29.8594,109.594,109.875,30.4453,31.0781,447.069,33,2.124,1.34667,2.792,90.75,4.31373,4.31373,0,-0.265625,14.7478,31.5,31.5,33
39.567,0,0,0,0,1.10382,0.99997,1.06891,4,1,1,1,0,1,0.944826,0,0,8.19445,8.27778,8.27778,1440,960,443.359,965,982.109,29.9063,109.594,109.875,30.1641,31.0313,447.069,33,2.136,1.34667,2.804,90.75,4.31373,4.31373,0,-0.1875,14.7478,29.25,29.25,33
39.6,0,0,0,0,1.10388,0.99997,1.06839,4,1,1,1,0,1,0.944826,0,0,8.19445,8.27778,8.1389,1435.25,960,443.594,965,982.109,29.9063,109.852,109.711,29.7422,31.0781,447.069,33,2.12,1.34934,2.788,90.75,4.31373,4.31373,0,-0.015625,14.7478,29.25,29.25,33
39.633,0,0,0,0,1.10364,0.99997,1.06802,4,1,1,1,0,1,0.946046,0,0,8.1389,8.33334,8.27778,1433.75,960,444.57,965,982.109,29.9766,109.688,109.547,30.2578,31.2656,447.069,33,2.132,1.35467,2.796,90.75,4.31373,4.31373,0,0.28125,14.7478,29.25,29.25,33
39.667,0,0,0,0,1.10358,0.99997,1.06738,4,1,1,1,0,1,0.946046,0,0,8.1389,8.44445,8.3889,1436,960,445.469,965,982.109,30.0469,109.688,109.547,30.6094,31.2188,447.245,33,2.136,1.352,2.8,90.75,4.31373,4.31373,0,0.375,14.7478,28.5,28.5,33
39.7,0,0,0,0,1.10639,0.99997,1.06693,4,1,1,1,0,1,0.946046,0,0,8.19445,8.44445,8.36112,1437,960,446.055,965,984.727,30.0938,109.547,109.664,29.8828,31.1484,447.245,33,2.12,1.36,2.784,90.75,4.31373,4.31373,0,-0.0625,14.7478,28.5,28.5,33
39.733,0,0,0,0,1.10266,0.99997,1.06665,4,1,1,1,0,1,0.947267,0,0,8.19445,8.41667,8.19445,1436,960,445.977,965,982.109,30.0938,109.641,109.641,30.0469,31.1484,447.245,33,2.124,1.34667,2.792,90.75,4.31373,4.31373,0,-0.21875,14.7478,28.5,28.5,33
39.767,0,0,0,0,1.10437,0.99997,1.04923,4,1,1,1,0,1,0.948488,0,0,8.1389,8.44445,8.33334,1430.75,960,444.727,965,984.727,30,109.641,109.641,30,31.2422,447.245,33,2.088,1.33333,2.756,90.75,4.31373,4.31373,0,0.015625,14.7478,29.25,29.25,33
39.8,0,0,0,0,1.10327,0.99997,1.05301,4,1,1,1,0,1,0.951173,0,0,8.1389,8.41667,8.25001,1429,960,445.352,965,984.688,30.0469,109.594,109.383,30.4453,31.4063,447.245,33,2.152,1.36534,2.82,90.75,4.31373,4.31373,0,0.0625,14.7478,29.25,29.25,33
39.833,0,0,0,0,1.10205,0.99997,1.05231,4,1,1,1,0,1,0.953615,0,0,8.1389,8.33334,8.30556,1433.25,960,444.531,965,984.727,29.9766,109.383,109.523,30.0234,31.2891,447.245,33,2.148,1.36267,2.816,90.75,4.31373,4.31373,0,0.296875,14.7478,29.25,29.25,33
39.867,0,0,0,0,1.09863,0.99997,1.05008,4,1,1,1,0,1,0.956056,0,0,8.1389,8.3889,8.33334,1434.25,960,445.547,965,982.109,30.0703,109.383,109.523,30.8203,31.2422,447.421,33,2.16,1.35467,2.828,90.75,4.31373,4.31373,0,0.15625,14.7478,28.5,28.5,33
39.9,0,0,0,0,1.10144,0.99997,1.04712,4,1,1,1,0,1,0.959962,0,0,8.19445,8.41667,8.30556,1431.75,960,445.547,965,984.727,30.0703,109.523,109.57,30.0938,31.2656,447.421,33,2.136,1.35467,2.804,90.75,4.31373,4.31373,0,-0.078125,14.7478,28.5,28.5,33
39.933,0,0,0,0,1.09711,0.99997,1.04376,4,1,1,1,0,1,0.963625,0,0,8.08334,8.41667,8.16667,1424.5,960,444.336,965,982.109,29.9766,109.523,109.219,29.8594,31.5,447.421,33,2.12,1.344,2.788,90.75,4.31373,4.31373,0,-0.21875,14.7478,29.25,29.25,33
39.967,0,0,0,0,1.09662,0.99997,1.04096,4,1,1,1,0,1,0.966066,0,0,8.1389,8.3889,8.47223,1425,960,446.68,965,982.109,30.1406,109.523,109.219,31.5938,31.5469,447.421,33,2.168,1.37334,2.836,90.75,4.31373,4.31373,0,-0.09375,14.7478,28.5,28.5,33
40,0,0,0,0,1.10004,0.99997,1.03919,4,1,1,1,0,1,0.969972,0,0,8.19445,8.41667,8.36112,1430.25,960,447.891,965,984.727,30.2344,109.219,109.336,30.3047,31.4531,447.421,33,2.036,1.29067,2.704,90.75,4.31373,4.31373,0,0.0625,14.7478,29.25,29.25,33
40.033,0,0,0,0,1.09662,0.99997,1.03757,4,1,1,1,0,1,0.973634,0,0,8.19445,8.3889,8.19445,1429.75,960,447.93,965,982.109,30.2344,109.313,109.406,30.4453,31.3125,447.421,33,2.024,1.28533,2.688,90.75,4.31373,4.31373,0,0.296875,14.7478,29.25,29.25,33
40.067,0,0,0,0,1.09619,0.99997,1.03653,4,1,1,1,0,1,0.976076,0,0,8.19445,8.3889,8.22223,1426.25,960,448.32,965,982.109,30.2578,109.313,109.406,30.5156,31.4063,447.577,33,2.024,1.29067,2.688,90.75,4.31373,4.31373,0,-0.0625,14.7478,28.5,28.5,33
40.1,0,0,0,0,1.09583,0.99997,1.03601,4,1,1,1,0,1,0.977296,0,0,8.19445,8.36112,8.25001,1421.5,960,448.672,965,982.109,30.2813,109.359,109.148,30.5625,31.5469,447.577,33,2.024,1.28533,2.688,90.75,4.31373,4.31373,0,0,14.7478,28.5,28.5,33
40.133,0,0,0,0,1.09845,0.99997,1.03714,4,1,1,1,0,1,0.979982,0,0,8.19445,8.36112,8.36112,1421.25,960,449.609,965,984.727,30.3516,109.148,109.102,30.9375,31.5938,447.577,33,2.044,1.30133,2.708,90.75,4.31373,4.31373,0,0,14.7478,28.5,28.5,32.25
40.167,0,0,0,0,1.09833,0.99997,1.03763,4,1,1,1,0,1,0.981203,0,0,8.19445,8.3889,8.33334,1424.5,960,449.727,965,984.727,30.375,109.148,109.102,30.2813,31.5234,447.577,33,2.032,1.296,2.696,90.75,4.31373,4.31373,0,-0.1875,14.7478,28.5,28.5,32.25
40.2,0,0,0,0,1.09784,0.99997,1.03851,4,1,1,1,0,1,0.982423,0,0,8.19445,8.3889,8.11112,1426.25,960,448.398,965,984.727,30.2813,109.102,109.266,29.4844,31.4063,447.577,33,2.004,1.27733,2.668,90.75,4.31373,4.31373,0,0.09375,14.7478,28.5,28.5,32.25
40.233,0,0,0,0,1.09625,0.99997,1.03824,4,1,1,1,0,1,0.983644,0,0,8.1389,8.3889,8.16667,1421.75,960,447.031,965,984.727,30.1641,109.242,109.102,29.9063,31.5703,447.577,33,2.008,1.28267,2.676,90.75,4.31373,4.31373,0,0.34375,14.7478,27.75,27.75,33
40.267,0,0,0,0,1.09534,0.99997,1.03992,4,1,1,1,0,1,0.987306,0,0,8.1389,8.36112,8.25001,1418.5,960,446.875,965,984.727,30.1641,109.242,109.102,30.3516,31.6172,447.753,33,2.02,1.28267,2.688,90.75,4.31373,4.31373,0,0.234375,14.7478,27.75,27.75,33
40.3,0,0,0,0,1.09473,0.99997,1.04123,4,1,1,1,0,1,0.991212,0,0,8.1389,8.36112,8.3889,1419.75,960,447.891,965,984.727,30.2344,109.078,108.984,30.8672,31.6641,447.753,33,2.036,1.29867,2.704,90.75,4.31373,4.31373,0,0.109375,14.7478,27.75,27.75,33
40.333,0,0,0,0,1.09515,0.99997,1.04184,4,1,1,1,0,1,0.995607,0,0,8.19445,8.41667,8.41667,1421.25,960,450.586,965,984.727,30.4453,108.984,109.102,30.9844,31.6406,447.753,33,2.172,1.376,2.84,90.75,4.31373,4.31373,0,-0.125,14.7478,27.75,27.75,32.25
40.367,0,0,0,0,1.09222,0.99997,1.04288,4,1,1,1,0,1,0.998537,0,0,8.19445,8.41667,8.27778,1421,960,450.625,965,982.109,30.4453,108.984,109.102,30.4922,31.5469,447.753,33,2.156,1.368,2.824,90.75,4.31373,4.31373,0,0.0625,14.7478,28.5,28.5,32.25
40.4,0,0,0,0,1.09509,0.99997,1.04422,4,1,1,1,0,1,1.00366,0,0,8.25001,8.36112,8.33334,1416.5,960,452.852,965,984.727,30.6094,109.078,109.008,30.6563,31.6172,447.753,33,2.172,1.37867,2.84,90.75,4.31373,4.31373,0,0.125,14.7478,28.5,28.5,32.25
40.433,0,0,0,0,1.09509,0.99997,1.0445,4,1,1,1,0,1,1.00733,0,0,8.25001,8.36112,8.36112,1417,960,453.125,965,984.727,30.6328,108.984,108.938,30.8203,31.7344,447.753,33,2.18,1.376,2.848,90.75,4.31373,4.31373,0,0.359375,14.7478,28.5,28.5,32.25
40.467,0,0,0,0,1.09485,0.99997,1.04562,4,1,1,1,0,1,1.01148,0,0,8.25001,8.41667,8.50001,1418.5,960,454.141,965,984.727,30.7031,108.984,108.938,31.3359,31.6641,447.928,33,2.196,1.38134,2.864,90.75,4.31373,4.31373,0,0.25,14.7478,27.75,27.75,32.25
40.5,0,0,0,0,1.09509,0.99997,1.0459,4,1,1,1,0,1,1.01319,0,0,8.25001,8.44445,8.55556,1416.75,960,456.172,965,984.727,30.8438,108.938,108.914,31.5938,31.7344,447.928,33,2.212,1.39467,2.88,90.75,4.31373,4.31373,0,-0.03125,14.7478,27.75,27.75,32.25
40.533,0,0,0,0,1.09546,0.99997,1.04727,4,1,1,1,0,1,1.01489,0,0,8.30556,8.41667,8.44445,1416.25,960,456.68,965,984.727,30.8906,108.891,108.914,31.1953,31.7344,447.928,33,2.204,1.39734,2.872,90.75,4.31373,4.31373,0,-0.171875,14.7478,27.75,27.75,32.25
40.567,0,0,0,0,1.09546,0.99997,1.04941,4,1,1,1,0,1,1.0166,0,0,8.30556,8.41667,8.3889,1413.5,960,457.539,965,984.727,30.9609,108.891,108.914,31.0781,31.7344,447.928,33,2.212,1.40534,2.88,90.75,4.31373,4.31373,0,-0.171875,14.7478,28.5,28.5,32.25
40.6,0,0,0,0,1.09546,0.99997,1.04947,4,1,1,1,0,1,1.01489,0,0,8.30556,8.41667,8.36112,1412,960,457.578,965,984.727,30.9609,108.891,108.75,31.0078,31.8516,447.928,33,2.208,1.4,2.876,90.75,4.31373,4.31373,0,0.171875,14.7478,28.5,28.5,32.25
40.633,0,0,0,0,1.09522,0.99997,1.05081,4,1,1,1,0,1,1.01319,0,0,8.30556,8.44445,8.41667,1412.5,960,458.086,965,984.727,30.9844,108.727,108.773,31.1953,31.8281,447.928,33,2.112,1.33867,2.776,90.75,4.31373,4.31373,0,0.390625,14.7478,28.5,28.5,32.25
40.667,0,0,0,0,1.09485,0.99997,1.05173,4,1,1,1,0,1,1.01148,0,0,8.30556,8.44445,8.3889,1414.25,960,457.383,965,984.727,30.9375,108.727,108.773,31.0547,31.8047,448.104,33,2.112,1.32533,2.776,90.75,4.31373,4.31373,0,0.25,14.7478,27.75,27.75,32.25
40.7,0,0,0,0,1.09442,0.99997,1.05206,4,1,1,1,0,1,1.00855,0,0,8.30556,8.44445,8.44445,1413,960,457.891,965,984.727,30.9844,108.75,108.844,31.2891,31.7578,448.104,33,2.116,1.34134,2.78,90.75,4.31373,4.31373,0,0.203125,14.7478,27.75,27.75,32.25
40.733,0,0,0,0,1.09448,0.99997,1.05417,4,1,1,1,0,1,1.00733,0,0,8.30556,8.52778,8.33334,1408.5,970,458.594,970,984.727,31.0313,108.82,108.633,30.9844,31.8281,448.104,33,2.116,1.34134,2.784,90.75,4.70588,4.31373,0,-0.078125,14.7478,27.75,27.75,32.25
40.767,0,0,0,0,1.09412,0.99997,1.05542,4,1,1,1,0,1,1.00611,0,0,8.30556,8.44445,8.36112,1407.75,970,458.672,970,984.727,31.0313,108.82,108.633,31.1016,31.9922,448.104,33,2.12,1.344,2.788,90.75,4.31373,4.31373,0,0.09375,14.7478,28.5,28.5,32.25
40.8,0,0,0,0,1.09381,0.99997,1.05566,4,1,1,1,0,1,1.00366,0,0,8.30556,8.55556,8.47223,1409.5,970,460.039,970,984.727,31.125,108.609,108.609,31.4531,31.9688,448.104,33,2.132,1.352,2.8,90.75,4.31373,4.31373,0,-0.046875,14.7478,27.75,27.75,32.25
40.833,0,0,0,0,1.09351,0.99997,1.05676,4,1,1,1,0,1,1.00366,0,0,8.36112,8.47223,8.44445,1410.75,970,460.898,970,984.727,31.1953,108.609,108.68,31.3359,31.8984,448.104,33,2.136,1.35467,2.804,90.75,4.70588,4.31373,0,0.328125,14.7478,27.75,27.75,32.25
40.867,0,0,0,0,1.09332,0.99997,1.05707,4,1,1,1,0,1,1.00488,0,0,8.36112,8.55556,8.50001,1410,970,461.445,970,984.727,31.2422,108.609,108.68,31.5703,31.8281,448.3,33,2.14,1.35467,2.808,90.75,4.70588,4.31373,0,0.34375,14.7478,27.75,27.75,32.25
40.9,0,0,0,0,1.0932,0.99997,1.05774,4,1,1,1,0,1,1.00611,0,0,8.36112,8.55556,8.52778,1408,970,462.109,970,984.727,31.2891,108.656,108.609,31.7109,31.9453,448.3,33,2.148,1.36267,2.816,90.75,4.70588,4.31373,0,-0.1875,14.7478,27.75,27.75,32.25
40.933,0,0,0,0,1.09296,0.99997,1.05814,4,1,1,1,0,1,1.00855,0,0,8.36112,8.47223,8.61112,1405.25,970,463.164,970,984.727,31.3594,108.586,108.516,32.0859,32.0156,448.3,33,2.268,1.44,2.932,90.75,4.70588,4.31373,0,-0.171875,14.7478,27.75,27.75,32.25
40.967,0,0,0,0,1.09308,0.99997,1.05829,4,1,1,1,0,1,1.01001,0,0,8.36112,8.55556,8.50001,1406.25,970,463.516,970,984.727,31.4063,108.586,108.516,31.6406,31.9922,448.3,33,2.256,1.424,2.92,90.75,4.70588,4.31373,0,-0.046875,14.7478,28.5,28.5,32.25
41,0,0,0,0,1.09277,0.99997,1.05875,4,1,1,1,0,1,1.01148,0,0,8.41667,8.55556,8.52778,1406.25,970,464.023,970,984.727,31.4297,108.516,108.539,31.7578,31.9688,448.3,33,2.26,1.43467,2.924,90.75,4.70588,4.31373,0,-0.0625,14.7478,28.5,28.5,32.25
41.033,0,0,0,0,1.09222,0.99997,1.05844,4,1,1,1,0,1,1.01319,0,0,8.41667,8.55556,8.6389,1406.25,970,464.531,970,984.727,31.4766,108.516,108.539,32.1563,31.9219,448.3,32.25,2.276,1.44267,2.944,90.75,4.70588,4.31373,0,0.359375,14.7478,28.5,28.5,32.25
41.067,0,0,0,0,1.0921,0.99997,1.05863,4,1,1,1,0,1,1.01489,0,0,8.41667,8.58334,8.50001,1402.25,970,464.883,970,984.727,31.5,108.516,108.539,31.7344,32.0859,448.456,32.25,2.26,1.43467,2.928,90.75,4.31373,4.31373,0,0.265625,14.7478,27.75,27.75,32.25
41.1,0,0,0,0,1.09155,0.99997,1.05826,4,1,1,1,0,1,1.01489,0,0,8.36112,8.52778,8.44445,1400.5,970,464.336,970,984.727,31.4531,108.492,108.258,31.5703,32.25,448.456,32.25,2.252,1.42134,2.92,90.75,4.70588,4.31373,0,-0.046875,14.7478,27.75,27.75,32.25
41.133,0,0,0,0,1.09082,0.99997,1.05808,4,1,1,1,0,1,1.01319,0,0,8.36112,8.52778,8.30556,1405.25,970,462.891,970,984.727,31.3359,108.281,108.469,30.9375,32.0625,448.456,32.25,2.236,1.42134,2.904,90.75,4.70588,4.31373,0,-0.171875,14.7478,27.75,27.75,32.25
41.167,0,0,0,0,1.09003,0.99997,1.05841,4,1,1,1,0,1,1.01148,0,0,8.36112,8.52778,8.33334,1404.75,970,462.461,970,984.727,31.3125,108.281,108.469,31.0547,32.0391,448.456,32.25,2.24,1.41867,2.908,90.75,4.70588,4.31373,0,0.015625,14.7478,28.5,28.5,32.25
41.2,0,0,0,0,1.08923,0.99997,1.05826,4,1,1,1,0,1,1.00855,0,0,8.36112,8.52778,8.36112,1403.5,970,462.266,970,984.727,31.2891,108.445,108.445,31.1953,32.0156,448.456,32.25,2.244,1.424,2.912,90.75,4.70588,4.31373,0,0.140625,14.7478,28.5,28.5,32.25
41.233,0,0,0,0,1.08826,0.99997,1.05887,4,1,1,1,0,1,1.00611,0,0,8.30556,8.52778,8.55556,1397.25,970,462.891,970,984.727,31.3359,108.398,108.211,32.0625,32.2266,448.456,32.25,2.156,1.37334,2.824,90.75,4.70588,4.31373,0,0.34375,14.7478,28.5,28.5,32.25
41.267,0,0,0,0,1.0885,0.99997,1.05853,4,1,1,1,0,1,1.00366,0,0,8.36112,8.44445,8.50001,1399.5,970,464.961,970,984.727,31.5,108.398,108.211,31.8047,32.3203,448.651,32.25,2.16,1.38134,2.828,90.75,4.70588,4.31373,0,0.390625,14.7478,27.75,27.75,32.25
41.3,0,0,0,0,1.08875,0.99997,1.05808,4,1,1,1,0,1,0.998537,0,0,8.41667,8.52778,8.52778,1400.75,970,465.508,970,984.727,31.5469,108.211,108.305,31.875,32.1797,448.651,32.25,2.152,1.37067,2.82,90.75,4.70588,4.31373,0,0.09375,14.7478,27.75,27.75,32.25
41.333,0,0,0,0,1.08868,0.99997,1.05875,4,1,1,1,0,1,0.997072,0,0,8.41667,8.52778,8.50001,1401.25,970,466.055,970,984.727,31.5938,108.305,108.352,31.7578,32.1328,448.651,32.25,2.172,1.376,2.84,90,4.70588,4.31373,0,-0.28125,14.7478,27.75,27.75,32.25
41.367,0,0,0,0,1.08856,0.99997,1.0592,4,1,1,1,0,1,0.997072,0,0,8.41667,8.52778,8.52778,1399,970,466.523,970,984.727,31.6172,108.305,108.352,31.9219,32.1328,448.651,32.25,2.172,1.376,2.84,90,4.70588,4.31373,0,-0.015625,14.7478,28.5,28.5,32.25
41.4,0,0,0,0,1.08832,0.99997,1.06027,4,1,1,1,0,1,0.997072,0,0,8.36112,8.52778,8.58334,1392.75,970,466.797,970,984.727,31.6406,108.328,108.164,32.25,32.25,448.651,32.25,2.172,1.368,2.84,90,4.70588,4.31373,0,0.03125,14.7478,28.5,28.5,32.25
41.433,0,0,0,0,1.08801,0.99997,1.06018,4,1,1,1,0,1,0.998537,0,0,8.36112,8.50001,8.44445,1398,970,466.563,970,984.727,31.6172,108.141,108.117,31.6172,32.3438,448.651,32.25,2.16,1.37334,2.824,90,4.70588,4.31373,0,0.296875,14.7478,28.5,28.5,32.25
41.467,0,0,0,0,1.08771,0.99997,1.06046,4,1,1,1,0,1,1,0,0,8.41667,8.50001,8.36112,1397,970,466.133,970,984.727,31.5938,108.141,108.117,31.3359,32.25,448.807,32.25,2.148,1.376,2.812,90,4.70588,4.31373,0,0.375,14.7478,27.75,27.75,32.25
41.5,0,0,0,0,1.08722,0.99997,1.05994,4,1,1,1,0,1,1.00171,0,0,8.36112,8.50001,8.3889,1397,970,465.898,970,984.727,31.5703,108.117,108.211,31.4531,32.2031,448.807,32.25,2.148,1.368,2.812,90,4.70588,4.31373,0,0.046875,14.7478,27.75,27.75,32.25
41.533,0,0,0,0,1.08691,0.99997,1.06052,4,1,1,1,0,1,1.00366,0,0,8.36112,8.50001,8.3889,1394.75,970,466.016,970,984.727,31.5703,108.445,108.117,31.5,32.2734,448.807,32.25,2.264,1.44267,2.928,90.75,4.70588,4.70588,0,-0.15625,14.7478,27.75,27.75,32.25
41.567,0,0,0,0,1.08673,0.99997,1.06159,4,1,1,1,0,1,1.00733,0,0,8.36112,8.50001,8.6389,1390,970,468.086,970,984.727,31.8047,108.445,108.117,32.5313,32.4141,448.807,32.25,2.3,1.45867,2.964,90.75,4.70588,4.70588,0,-0.21875,14.7478,28.5,28.5,32.25
41.6,0,0,0,0,1.08704,0.99997,1.06021,4,1,1,1,0,1,1.00733,0,0,8.41667,8.50001,8.52778,1392.75,970,468.398,970,984.727,31.8281,108.094,107.953,32.0391,32.4141,448.807,32.25,2.292,1.46134,2.956,90.75,4.70588,4.70588,0,-0.046875,14.7478,28.5,28.5,32.25
41.633,0,0,0,0,1.08698,0.99997,1.06076,4,1,1,1,0,1,1.00855,0,0,8.47223,8.50001,8.72223,1395.25,970,469.492,970,984.727,31.9219,107.953,108.141,32.7188,32.3672,448.807,32.25,2.316,1.47734,2.98,90,4.70588,4.70588,0,0.3125,14.7478,28.5,28.5,32.25
41.667,0,0,0,0,1.0874,0.99997,1.06036,4,1,1,1,0,1,1.00855,0,0,8.47223,8.52778,8.52778,1395.25,970,468.672,970,984.727,31.8516,107.953,108.141,31.3828,32.25,448.964,32.25,2.276,1.45067,2.94,90,4.70588,4.70588,0,0.390625,14.7478,27.75,27.75,32.25
41.7,0,0,0,0,1.0871,0.99997,1.05914,4,1,1,1,0,1,1.00733,0,0,8.41667,8.41667,8.44445,1389.5,970,469.102,970,984.727,31.875,108.117,108.023,31.9453,32.3906,448.964,32.25,2.292,1.464,2.956,90,4.70588,4.70588,0,0.1875,14.7478,27.75,27.75,32.25
41.733,0,0,0,0,1.0871,0.99997,1.05963,4,1,1,1,0,1,1.00733,0,0,8.41667,8.50001,8.36112,1387,970,468.75,970,984.727,31.8516,108,107.836,31.6406,32.5078,448.964,32.25,2.28,1.45334,2.948,90,4.70588,4.70588,0,-0.125,14.7478,27.75,27.75,32.25
41.767,0,0,0,0,1.08722,0.99997,1.06076,4,1,1,1,0,1,1.00611,0,0,8.41667,8.50001,8.3889,1389.25,970,469.219,970,984.727,31.8984,108,107.836,31.6641,32.5313,448.964,32.25,2.284,1.46934,2.952,90,4.70588,4.70588,0,-0.078125,14.7478,28.5,28.5,32.25
41.8,0,0,0,0,1.08771,0.99997,1.06067,4,1,1,1,0,1,1.00488,0,0,8.41667,8.50001,8.33334,1393.25,970,468.594,970,984.727,31.8516,107.836,107.977,31.3359,32.3906,448.964,32.25,2.168,1.464,2.836,90,4.70588,4.70588,0,-0.046875,14.7478,28.5,28.5,32.25
41.833,0,0,0,0,1.08734,0.99997,1.05832,4,1,1,1,0,1,0.998537,0,0,8.41667,8.50001,8.33334,1392.25,970,467.852,970,984.727,31.7813,107.953,108.023,31.3594,32.3672,448.964,32.25,2.156,1.37334,2.824,90,4.70588,4.70588,0,0.265625,14.7478,28.5,28.5,32.25
41.867,0,0,0,0,1.08691,0.99997,1.05942,4,1,1,1,0,1,0.997072,0,0,8.41667,8.50001,8.52778,1385.5,970,468.75,970,984.727,31.8516,107.953,108.023,32.25,32.4141,449.139,32.25,2.192,1.38934,2.86,90,4.70588,4.70588,0,0.578125,14.7478,27.75,27.75,32.25
41.9,0,0,0,0,1.08698,0.99997,1.05969,4,1,1,1,0,1,0.995607,0,0,8.36112,8.50001,8.33334,1383.5,970,468.281,970,984.727,31.8281,107.977,107.789,31.5469,32.625,449.139,32.25,2.168,1.38134,2.836,90,4.70588,4.70588,0,0.25,14.7478,27.75,27.75,32.25
41.933,0,0,0,0,1.08661,0.99997,1.05893,4,1,1,1,0,1,0.992677,0,0,8.36112,8.41667,8.66667,1385.75,970,470.039,970,984.727,31.9453,107.766,107.789,32.7422,32.5547,449.139,32.25,2.208,1.408,2.872,90,4.70588,4.70588,0,-0.109375,14.7478,27.75,27.75,32.25
41.967,0,0,0,0,1.08716,0.99997,1.05914,4,1,1,1,0,1,0.989992,0,0,8.41667,8.52778,8.25001,1388,970,467.969,970,984.727,31.8047,107.766,107.789,30.5391,32.4844,449.139,32.25,2.132,1.408,2.796,90,4.70588,4.70588,0,-0.1875,14.7478,28.5,28.5,32.25
42,0,0,0,0,1.08612,0.99997,1.05853,4,1,1,1,0,1,0.987306,0,0,8.41667,8.50001,8.50001,1388.25,970,468.594,970,984.727,31.8516,107.789,107.906,32.1797,32.4141,449.139,32.25,2.18,1.38134,2.844,90,4.70588,4.70588,0,0.03125,14.7478,28.5,28.5,32.25
42.033,0,0,0,0,1.08618,0.99997,1.05844,4,1,1,1,0,1,0.987306,0,0,8.36112,8.44445,8.50001,1383.75,970,468.281,970,984.727,31.8281,107.883,107.719,31.6406,32.5781,449.139,32.25,2.168,1.38134,2.832,90,4.70588,4.70588,0,0.109375,14.7478,28.5,28.5,32.25
42.067,0,0,0,0,1.08594,0.99997,1.05692,4,1,1,1,0,1,0.988527,0,0,8.36112,8.50001,8.58334,1381,970,469.805,970,984.727,31.9453,107.883,107.719,32.7188,32.6719,449.315,32.25,2.196,1.38934,2.86,90,4.70588,4.70588,0,0.359375,14.7478,27.75,27.75,32.25
42.1,0,0,0,0,1.08606,0.99997,1.05707,4,1,1,1,0,1,0.989992,0,0,8.41667,8.50001,8.47223,1385.5,970,469.727,970,984.727,31.9219,107.695,107.625,32.25,32.6016,449.315,32.25,2.296,1.38134,2.952,90,4.70588,4.70588,0,0.390625,14.7478,27.75,27.75,32.25
42.133,0,0,0,0,1.08893,0.99997,1.05573,4,1,1,1,0,1,0.991212,0,0,8.41667,8.50001,8.47223,1386.25,970,470.078,970,987.344,31.9688,107.625,107.813,32.1797,32.5078,449.315,32.25,2.292,1.46134,2.948,90,4.70588,4.70588,0,-0.03125,14.7478,27.75,27.75,32.25
42.167,0,0,0,0,1.08899,0.99997,1.05563,4,1,1,1,0,1,0.994142,0,0,8.36112,8.44445,8.3889,1384,970,469.063,970,987.383,31.875,107.625,107.813,31.2891,32.5313,449.315,32.25,2.264,1.44267,2.92,90,4.70588,4.70588,0,-0.078125,14.7478,28.5,28.5,31.5
42.2,0,0,0,0,1.08551,0.99997,1.0549,4,1,1,1,0,1,0.995607,0,0,8.36112,8.52778,8.33334,1378.25,970,468.555,970,984.727,31.8516,107.789,107.648,31.3828,32.7188,449.315,32.25,2.26,1.456,2.916,90,4.70588,4.31373,0,0.015625,14.7478,28.5,28.5,32.25
42.233,0,0,0,0,1.08771,0.99997,1.05426,4,1,1,1,0,1,0.998537,0,0,8.36112,8.50001,8.33334,1379.25,970,468.086,970,987.383,31.8047,107.625,107.531,31.3594,32.7188,449.315,32.25,2.252,1.45334,2.92,90,4.70588,4.31373,0,0,14.7478,27.75,27.75,31.5
42.267,0,0,0,0,1.08417,0.99997,1.05362,4,1,1,1,0,1,1,0,0,8.36112,8.50001,8.3889,1382,970,467.734,970,984.727,31.7813,107.625,107.531,31.5703,32.6484,449.491,32.25,2.26,1.43467,2.928,90,4.70588,4.31373,0,0.40625,14.7478,27.75,27.75,31.5
42.3,0,0,0,0,1.08374,0.99997,1.05316,4,1,1,1,0,1,1.00171,0,0,8.36112,8.47223,8.3889,1383,970,468.867,970,984.727,31.875,107.531,107.672,32.0859,32.5781,449.491,32.25,2.276,1.45867,2.944,90,4.70588,4.70588,0,0.328125,14.7478,27.75,27.75,32.25
42.333,0,0,0,0,1.08392,0.99997,1.05371,4,1,1,1,0,1,1.00171,0,0,8.36112,8.47223,8.36112,1381.25,970,468.945,970,984.727,31.875,107.648,107.625,31.9453,32.6016,449.491,32.25,2.276,1.45067,2.956,90,4.70588,4.70588,0,0.0625,14.7478,27.75,27.75,32.25
42.367,0,0,0,0,1.08392,0.99997,1.05386,4,1,1,1,0,1,1.00171,0,0,8.36112,8.47223,8.33334,1375.5,970,469.414,970,984.727,31.8984,107.648,107.625,31.875,32.6953,449.491,32.25,2.272,1.45867,2.952,90,4.70588,4.70588,0,-0.046875,14.7478,27.75,27.75,31.5
42.4,0,0,0,0,1.08392,0.99997,1.05304,4,1,1,1,0,1,1,0,0,8.36112,8.47223,8.50001,1375,970,470.273,970,984.727,31.9688,107.578,107.414,32.4844,32.8594,449.491,32.25,2.296,1.464,2.976,90,4.70588,4.70588,0,0.109375,14.7478,27.75,27.75,31.5
42.433,0,0,0,0,1.08411,0.99997,1.05444,4,1,1,1,0,1,1,0,0,8.36112,8.3889,8.3889,1378.75,970,470.781,970,984.727,32.0156,107.414,107.531,31.9219,32.8359,449.491,32.25,2.18,1.38934,2.848,90,4.70588,4.70588,0,0.078125,14.7478,27.75,27.75,31.5
42.467,0,0,0,0,1.08716,0.99997,1.05414,4,1,1,1,0,1,0.998537,0,0,8.36112,8.47223,8.69445,1378.25,970,472.305,970,987.344,32.1094,107.414,107.531,33.0703,32.7422,449.667,32.25,2.204,1.38934,2.872,90,4.70588,4.70588,0,0.234375,14.7478,27.75,27.75,31.5
42.5,0,0,0,0,1.08423,0.99997,1.05435,4,1,1,1,0,1,0.997072,0,0,8.36112,8.47223,8.25001,1377.75,970,469.609,970,984.727,31.9219,107.508,107.578,31.5469,32.6484,449.667,32.25,2.156,1.36267,2.824,90,4.31373,4.70588,0,0.328125,14.7478,27,27,31.5
42.533,0,0,0,0,1.08606,0.99997,1.05457,4,1,1,1,0,1,0.994142,0,0,8.36112,8.47223,8.52778,1375.5,970,470.586,970,987.344,31.9922,107.555,107.414,32.6016,32.8125,449.667,32.25,2.192,1.39734,2.856,90,4.70588,4.70588,0,-0.03125,14.7478,27,27,31.5
42.567,0,0,0,0,1.08283,0.99997,1.05536,4,1,1,1,0,1,0.994142,0,0,8.30556,8.47223,8.55556,1372.75,970,470.547,970,984.727,31.9922,107.555,107.414,32.8594,32.8828,449.667,32.25,2.2,1.36534,2.864,90,4.70588,4.70588,0,-0.203125,14.7478,27.75,27.75,31.5
42.6,0,0,0,0,1.08539,0.99997,1.05582,4,1,1,1,0,1,0.991212,0,0,8.36112,8.52778,8.50001,1374.5,970,470.156,970,987.383,31.9688,107.391,107.32,32.0625,32.8828,449.667,32.25,2.176,1.37867,2.84,90,4.70588,4.70588,0,-0.078125,14.7478,27.75,27.75,31.5
42.633,0,0,0,0,1.08203,0.99997,1.05423,4,1,1,1,0,1,0.989992,0,0,8.36112,8.50001,8.47223,1375.5,970,470.195,970,984.727,31.9688,107.32,107.414,32.0156,33.5156,449.667,32.25,2.18,1.38934,2.844,90,4.70588,4.70588,0,0.046875,15.1079,27.75,27.75,31.5
42.667,0,0,0,0,1.08173,0.99997,1.05484,4,1,1,1,0,1,0.991212,0,0,8.36112,8.50001,8.3889,1375.5,970,470.742,970,984.727,32.0156,107.32,107.414,32.3438,33.4688,449.823,32.25,2.188,1.39467,2.852,90,4.70588,4.70588,0,0.359375,15.1079,27.75,27.75,31.5
42.7,0,0,0,0,1.08142,0.99997,1.05417,4,1,1,1,0,1,0.992677,0,0,8.36112,8.47223,8.52778,1371.25,970,470.82,970,984.727,32.0156,107.391,107.32,32.2031,33.6094,449.823,32.25,2.3,1.38134,2.964,90,4.70588,4.70588,0,0.3125,15.1079,27,27,31.5
42.733,0,0,0,0,1.0813,0.99997,1.05383,4,1,1,1,0,1,0.994142,0,0,8.36112,8.52778,8.72223,1371.5,970,473.438,970,984.727,32.2031,107.297,107.203,33.5625,33.6328,449.823,32.25,2.336,1.46667,3.004,90,4.70588,4.70588,0,0.0625,15.1079,27,27,31.5
42.767,0,0,0,0,1.08185,0.99997,1.05447,4,1,1,1,0,1,0.997072,0,0,8.41667,8.61112,8.3889,1372.5,970,473.438,970,984.727,32.2031,107.297,107.203,32.2031,33.5859,449.823,32.25,2.296,1.49067,2.964,90,4.70588,4.70588,0,-0.03125,15.1079,27.75,27.75,31.5
42.8,0,0,0,0,1.08496,0.99997,1.05365,4,1,1,1,0,1,1,0,0,8.41667,8.55556,8.52778,1373.5,970,473.086,970,987.383,32.1797,107.203,107.32,32.1797,33.5391,449.823,32.25,2.304,1.46134,2.972,90,4.70588,4.70588,0,-0.203125,15.1079,27.75,27.75,31.5
42.833,0,0,0,0,1.08142,0.99997,1.0535,4,1,1,1,0,1,1.00171,0,0,8.41667,8.52778,8.58334,1372.75,970,474.414,970,984.727,32.2734,107.297,107.32,33.0938,33.5391,449.823,32.25,2.324,1.48267,2.992,90,4.70588,4.70588,0,-0.015625,15.1079,27.75,27.75,31.5
42.867,0,0,0,0,1.08472,0.99997,1.05338,4,1,1,1,0,1,1.00488,0,0,8.41667,8.61112,8.55556,1370,970,475.391,970,987.383,32.3438,107.297,107.32,32.9531,33.6094,450.018,32.25,2.324,1.48267,2.992,90,4.70588,4.70588,0,0.328125,15.1079,27.75,27.75,31.5
42.9,0,0,0,0,1.08399,0.99997,1.05209,4,1,1,1,0,1,1.00611,0,0,8.41667,8.6389,8.50001,1365.75,970,475.313,970,987.383,32.3438,107.297,107.109,32.3906,34.5,450.018,32.25,2.308,1.472,2.976,90,4.70588,4.70588,0,0.40625,15.4665,27,27,31.5
42.933,0,0,0,0,1.08057,0.99997,1.0531,4,1,1,1,0,1,1.00611,0,0,8.47223,8.66667,8.66667,1370.5,970,478.594,970,984.727,32.5781,107.109,107.203,33.5391,35.0391,450.018,32.25,2.348,1.49067,3.016,90,4.70588,4.70588,0,0.1875,15.8266,27,27,31.5
42.967,0,0,0,0,1.08087,0.99997,1.05331,4,1,1,1,0,1,1.00488,0,0,8.47223,8.61112,8.6389,1371,970,478.789,970,984.727,32.6016,107.109,107.203,32.7188,36.3516,450.018,32.25,2.332,1.49867,3,90,4.70588,4.70588,0,0.015625,16.5469,27,27,31.5
43,0,0,0,0,1.08063,0.99997,1.05264,4,1,1,1,0,1,1,0,0,8.52778,9.22223,8.77778,1367.75,970,481.328,970,984.727,32.7891,107.18,107.203,34.0078,38.8828,450.018,32.25,2.26,1.49867,2.928,90,5.09804,5.09804,0,-0.203125,17.9858,27.75,27.75,31.5
43.033,0,0,0,0,1.07983,0.99997,1.05258,4,1,1,1,0,1,0.998537,0,0,8.6389,9.30556,9.33334,1366.25,970,486.211,970,984.727,33.1641,107.18,107.086,36.1172,42.5156,450.018,32.25,2.364,1.50667,3.028,90,5.09804,5.88235,0,-0.140625,19.9633,27.75,27.75,31.5
43.067,0,0,0,0,1.07935,0.99997,1.05286,4,1,1,1,0,1,0.997072,0,0,8.66667,10.6945,9.94445,1365.5,970,497.852,970,984.727,34.0313,107.18,107.086,38.2734,44.9063,450.233,32.25,2.468,1.51467,3.132,90,5.88235,6.27451,0,0.046875,21.2222,27,27,30.75
43.1,0,0,0,0,1.07703,0.99997,1.0538,4,1,1,1,0,1,0.995607,0,0,9.05556,11.1111,10.8056,1368.75,970,508.711,970,984.727,34.8281,107.063,107.063,41.4375,50.5078,450.233,32.25,2.652,1.69334,3.316,90,6.27451,7.05883,0,0.40625,24.4602,27,27,30.75
43.133,0,0,0,0,1.07556,0.99997,1.05359,4,1,1,1,0,1,0.994142,0,0,9.47223,12.5833,11.4445,1370.75,970,530.859,970,984.727,36.4688,107.063,107.25,43.8047,53.3438,450.233,32.25,2.852,1.82134,3.516,90,7.05883,7.45098,0,0.1875,26.0792,25.5,25.5,30
43.167,0,0,0,0,1.06989,0.99997,1.05368,4,1,1,1,0,1,0.992677,0,0,9.47223,12.7222,12.1667,1371.25,970,546.484,970,982.109,37.6406,107.063,107.25,47.1094,56.0391,450.233,32.25,3.072,1.82134,3.736,90,7.45098,7.84314,0,-0.0625,27.6981,25.5,25.5,30
43.2,0,0,0,0,1.06842,0.99997,1.0553,4,1,1,1,0,1,0.994142,0,0,10.1111,13.9722,13.1389,1369.25,970,579.883,970,982.109,40.125,107.227,107.273,50.6484,58.7344,450.233,32.25,3.328,1.96534,3.992,90,7.84314,8.2353,0,-0.171875,29.3156,25.5,25.5,30
43.233,0,0,0,0,1.06592,0.99997,1.05554,4,1,1,1,0,1,0.998537,0,0,10.75,14.5556,13.1111,1369.75,970,595,970,982.109,41.25,107.25,107.203,50.4141,63.7266,450.233,32.25,3.3,2.10134,3.964,90,8.62745,9.01961,0,-0.109375,32.1934,24.75,24.75,29.25
43.267,0,0,0,0,1.06232,0.99997,1.05805,4,1,1,1,0,1,1.00855,0,0,11.0833,15.9445,14.2222,1376,980,627.031,970,982.109,43.6172,107.25,107.203,54.3047,66.8203,450.702,32.25,3.656,2.2,4.32,90,9.01961,9.80392,0,0.078125,33.9925,24,24,29.25
43.3,0,0,0,0,1.05408,0.99997,1.06104,4,1,1,1,0,1,1.02319,0,0,11.8333,17.0833,15.2222,1377.75,1040,665.859,970,979.453,46.5234,107.227,107.438,58.4297,70.5938,450.702,32.25,4.064,2.37067,4.728,90,10.1961,10.5882,0,0.28125,36.5102,22.5,22.5,28.5
43.333,0,0,0,0,1.04987,0.99997,1.06467,4,1,1,1,0,1,1.03394,0,0,12.5278,17.7778,15.3611,1375,1070,684.102,970,979.453,47.8828,107.672,107.414,58.9453,73.3359,450.702,32.25,4.252,2.656,4.916,90,10.9804,10.9804,0,0.203125,38.1292,22.5,22.5,21
43.367,0,0,0,0,1.04096,0.99997,1.06821,4,1,1,1,0,1,1.04199,0,0,12.8889,18.5833,15.8333,1373.25,1100,702.969,970,976.836,49.4063,107.672,107.414,60.7266,75.6094,450.702,32.25,4.28,2.66134,4.944,90,11.3726,11.7647,0,0.03125,39.5681,21,21,20.25
43.4,0,0,0,0,1.03308,0.99997,1.07227,4,1,1,1,0,1,1.05005,0,0,13.3056,19.5556,17,1377.75,1140,742.969,970,979.453,52.3828,107.391,107.367,64.6875,78.6797,450.702,32.25,4.644,2.78934,5.308,90,12.549,13.3333,0,-0.109375,41.5472,20.25,20.25,19.5
43.433,0,0,0,0,1.02448,0.99997,1.07669,4,1,1,1,0,1,1.05469,0,0,14.1111,22.3611,17.6945,1379.25,1160,781.328,970,979.453,55.2422,107.367,107.531,67.2188,80.5313,450.702,32.25,4.828,2.97334,5.492,90,14.1177,16.0784,0,-0.125,42.8061,19.5,19.5,19.5
43.467,0,0,0,0,1.00806,0.99997,1.07968,4,1,1,1,0,1,1.05225,0,0,14.5,26.2778,18.6389,1382.5,1170,804.844,970,976.836,57,107.367,107.531,71.25,81.375,451.522,32.25,4.764,3.104,5.428,90,17.2549,19.6078,0,-0.078125,43.5248,18.75,18.75,19.5
43.5,0,0,0,0,0.972169,0.99997,1.08572,4,1,1,1,0,1,1.05225,0,0,15.6111,29.2222,21.5,1385.5,1180,869.18,970,971.523,61.8047,107.531,107.813,82.6875,82.2656,451.522,32.25,4.86,3.21867,5.528,90,22.3529,23.9216,0,0.25,44.245,18,18,19.5
43.533,0,0,0,0,0.947205,0.99997,1.08859,4,1,1,1,0,1,1.04785,0,0,17,24.1667,22.3889,1383,1200,904.609,970,971.523,64.4531,107.789,107.695,85.8984,83.6484,451.522,32.25,5.588,3.69334,6.256,90,25.8824,27.0588,0,0.109375,44.9637,16.5,16.5,16.5
43.567,0,0,0,0,0.95105,0.99997,1.0954,4,1,1,1,0,1,1.05933,0,0,17.4167,17.3333,21.0556,1378.75,1210,950.391,970,974.18,67.8516,107.789,107.695,80.0391,84.375,451.522,32.25,5.4,3.97067,6.068,90,28.6275,34.1177,0,-0.0625,45.3238,14.25,14.25,15.75
43.6,0,0,0,-1.5,0.978577,0.99997,1.10153,4,1,1,1,0,1,1.07349,0,0,18,17.7778,20.5556,1371.25,1230,964.336,970,979.453,68.8828,107.672,107.531,77.3438,86.1563,451.522,32.25,5.536,3.73067,6.204,90,36.0784,36.4706,0,-0.1875,46.0425,14.25,14.25,25.5
43.633,0,0,0,-1.5,0.989625,0.99997,1.1091,4,1,1,1,0,1,1.09009,0,0,18.2778,18.1667,19.8889,1394.75,1230,981.016,970,979.453,70.1484,107.836,108.117,74.0156,86.0391,451.522,32.25,5.66,3.78134,6.324,90,40.3922,39.6079,0,-0.265625,46.0425,6.75,6.75,6.75
43.667,0,0,0,-1.5,1.00324,0.99997,1.11777,4,1,1,1,0,1,1.11499,0,0,18.6389,18.3056,19.8611,1400.5,1230,985.391,970,984.727,70.6875,107.836,108.117,73.1484,86.0859,453.475,32.25,5.72,3.82134,6.384,90,41.5686,41.5686,0,0,46.4026,6.75,6.75,6.75
43.7,0,0,0,-1.5,1.01227,0.99997,1.11862,4,1,1,1,0,1,1.1001,0,0,18.8611,19.25,20,1394.25,1240,994.219,970,987.383,71.3438,108.07,108.023,73.3594,86.9063,453.475,32.25,5.748,3.872,6.412,90,43.1373,42.7451,0,0.0625,46.4026,11.25,11.25,11.25
43.733,0,0,0,-1.5,1.02026,0.99997,1.13504,4,1,1,1,0,1,1.11255,0,0,19.0833,18.6389,20.3056,1397.75,1240,999.219,970,990.039,71.7188,108.047,108.234,74.7656,86.6953,453.475,32.25,5.8,3.92267,6.468,90,43.9216,43.5294,0,0.171875,46.4026,9.75,9.75,9.75
43.767,0,0,0,-1.5,1.02857,0.99997,1.13538,4,1,1,1,0,1,1.09009,0,0,19.1389,18.9167,20.1667,1379.75,1240,1005.63,970,992.656,72.2344,108.047,108.234,74.6719,86.9063,453.475,32.25,5.852,3.952,6.52,90,44.3137,44.3137,0,0.171875,46.4026,12,12,25.5
43.8,0,0,0,-1.5,1.04065,0.99997,1.14447,4,1,1,1,0,1,1.07105,0,0,19.1389,19.1667,20.1389,1405.5,1240,1009.41,970,997.969,72.5156,108.141,107.578,72.8906,87.5625,453.475,32.25,5.892,3.968,6.56,90,45.0981,45.0981,0,-0.390625,46.4026,6,6,6
43.833,0,0,0,-1.5,1.04846,0.99997,1.15003,4,1,1,1,0,1,1.07105,0,0,19.5556,19.8611,20.5,1410.75,1240,1012.23,970,1003.2,72.7266,107.695,108.703,74.4375,86.8828,453.475,32.25,5.916,4.00801,6.584,90,45.8824,45.8824,0,-0.3125,46.4026,5.25,5.25,5.25
43.866,0,0,0,-1.5,1.0495,0.99997,1.14819,4,1,1,1,0,1,1.05005,0,0,19.5,20,20.8889,1398.75,1240,1016.6,970,1003.24,73.1016,107.695,108.703,75.7031,87.3984,455.507,32.25,5.944,4.02667,6.612,90,46.6667,46.2745,0,0,46.4026,12.75,12.75,12.75
43.9,0,0,0,-1.5,1.0578,0.99997,1.15314,4,1,1,1,0,1,1.04785,0,0,19.7222,19.4167,20.8056,1407.5,1230,1021.13,970,1008.48,73.4531,108.609,108.281,75.3281,86.3203,455.507,31.5,5.964,4.04001,6.632,90,46.6667,46.2745,0,0.234375,46.4026,8.25,8.25,8.25
43.933,0,0,0,-1.5,1.06464,0.99997,1.15042,4,1,1,1,0,1,1.03394,0,0,19.7778,20.5,20.8333,1405.25,1230,1026.37,970,1011.17,73.8516,108.305,108.516,75.3281,86.2266,455.507,31.5,5.972,4.05067,6.64,90,46.2745,45.8824,0,0.140625,46.4026,12,12,12
43.966,0,0,0,-1.5,1.07056,0.99997,1.1503,4,1,1,1,0,1,1.0249,0,0,19.7778,20.75,20.7778,1411,1240,1027.7,970,1016.45,73.9688,108.305,108.516,74.7656,86.9297,455.507,31.5,5.968,4.04534,6.636,90,46.2745,45.8824,0,-0.078125,46.4026,9.75,9.75,9.75
44,0,0,0,-1.5,1.07013,0.99997,1.15061,4,1,1,1,0,1,1.02319,0,0,19.9722,20.6111,21.0278,1418.5,1230,1031.41,970,1019.1,74.2734,108.539,108.867,75.1641,86.4844,455.507,30.75,6,4.06401,6.668,90,45.0981,45.4902,0,-0.140625,46.4026,12.75,12.75,12
44.033,0,0,0,-1.5,1.07306,0.99997,1.14789,4,1,1,1,0,1,1.01148,0,0,20.1389,20.3889,21.5,1418,1230,1036.13,970,1021.72,74.6484,108.867,108.984,77.5078,86.4609,455.507,30.75,6.02,4.07734,6.7,90,45.4902,45.0981,0,-0.53125,46.4026,12.75,12.75,12
44.066,0,0,0,-1.5,1.08057,0.99997,1.14829,4,1,1,1,0,1,1.01001,0,0,20.25,20.7778,21.3056,1420.75,1230,1040.27,970,1026.99,74.9766,108.867,108.984,75.75,86.5781,457.049,30.75,6.024,4.08001,6.704,90,44.7059,44.7059,0,-0.328125,46.4026,10.5,10.5,12
44.1,0,0,0,-1.5,1.08331,0.99997,1.14612,4,1,1,1,0,1,1.00611,0,0,20.3611,20.8333,21.2778,1417.75,1240,1043.79,970,1029.65,75.2578,108.984,109.055,76.3359,86.8359,457.049,30.75,6.02,4.08534,6.688,90,44.3137,43.9216,0,0.078125,46.4026,12,12,12
44.133,0,0,0,-1.5,1.08576,0.99997,1.14572,4,1,1,1,0,1,1.00366,0,0,20.4722,21.5,21.4722,1425.75,1240,1044.77,970,1032.3,75.3516,109.055,109.266,75.9375,87.1172,457.049,30.75,6.02,4.07734,6.688,90,43.5294,43.5294,0,0.171875,46.4026,12,12,11.25
44.166,0,0,0,-1.5,1.08991,0.99997,1.14612,4,1,1,1,0,1,1.00733,0,0,20.6389,20.75,21.7222,1431.25,1240,1051.72,970,1037.58,75.8906,109.055,109.266,77.0156,87.1406,457.049,30.75,6.08,4.10667,6.748,90,43.5294,43.5294,0,-0.015625,46.4026,12.75,12.75,12
44.2,0,0,0,-1.5,1.09772,0.99997,1.14221,4,1,1,1,0,1,0.992677,0,0,20.7778,21.4722,22.1945,1436,1240,1057.19,970,1042.85,76.3125,109.266,109.453,78.3984,87,457.049,30.75,6.084,4.11201,6.752,90,43.5294,43.5294,0,-0.25,46.4026,12,12,12
44.233,0,0,0,-1.5,1.10309,0.99997,1.14514,4,1,1,1,0,1,1.00171,0,0,20.8889,21.3334,21.9722,1434.75,1240,1059.14,970,1048.09,76.4766,109.453,109.594,77.6484,86.9297,457.049,30.75,6.1,4.13334,6.768,90,43.1373,43.1373,0,-0.46875,46.4026,10.5,10.5,12
44.266,0,0,0,-1.5,1.10547,0.99997,1.14233,4,1,1,1,0,1,0.998537,0,0,21,21.5834,22.1111,1436,1250,1061.45,970,1050.78,76.6641,109.453,109.594,78.0703,87.9844,458.651,30.75,6.12,4.14667,6.788,90,43.1373,42.7451,0,-0.328125,46.7627,12,12,12
44.3,0,0,0,-1.5,1.11066,0.99997,1.14322,4,1,1,1,0,1,0.998537,0,0,21.2222,21,22.4722,1442.25,1260,1067.97,970,1056.02,77.1563,109.594,109.641,79.6172,88.4766,458.651,30.75,6.132,4.15467,6.8,90,41.9608,42.353,0,-0.15625,47.1228,12,12,11.25
44.333,0,0,0,-1.5,1.11255,0.99997,1.14343,4,1,1,1,0,1,1.00366,0,0,21.2778,22.6667,22.1667,1448,1260,1068.24,970,1056.05,77.2031,109.945,110.063,78.0703,88.3125,458.651,30.75,6.104,4.13601,6.772,90,42.7451,42.7451,0,0.15625,47.1228,12,12,11.25
44.366,0,0,0,-1.5,1.11359,0.99997,1.14136,4,1,1,1,0,1,0.997072,0,0,21.3056,22.9167,22.0556,1445,1260,1068.13,970,1061.37,77.4141,109.945,110.063,77.1328,88.5234,458.651,30.75,6.108,4.13867,6.776,90,42.7451,43.1373,0,-0.109375,47.1228,11.25,11.25,11.25
44.4,0,0,0,-1.5,1.11249,0.99997,1.14349,4,1,1,1,0,1,1.00366,0,0,21.3056,21.8056,22.8611,1449.25,1260,1073.95,970,1066.64,77.8594,110.016,109.875,80.3672,88.6406,458.651,30,6.148,4.14667,6.816,90,43.5294,43.1373,0,-0.359375,47.1228,10.5,10.5,11.25
44.433,0,0,0,-1.5,1.11731,0.99997,1.14197,4,1,1,1,0,1,1,0,0,21.6945,21.9445,22.75,1462,1250,1078.75,970,1069.26,78.2578,109.922,110.391,79.0781,88.3828,458.651,30,6.176,4.18134,6.864,90,43.5294,43.1373,0,-0.265625,47.1228,12,12,11.25
44.466,0,0,0,-1.5,1.12122,0.99997,1.14249,4,1,1,1,0,1,1.00171,0,0,21.8056,22.2222,23.0834,1465,1250,1081.37,970,1071.91,78.4688,109.922,110.391,80.0625,88.2188,460.331,30,6.196,4.18401,6.884,90,43.5294,43.1373,0,-0.46875,47.1228,11.25,11.25,11.25
44.5,0,0,0,-1.5,1.13318,0.99997,1.1427,4,1,1,1,0,1,1.00366,0,0,21.9722,22.1667,22.6945,1457.25,1260,1087.23,970,1079.84,78.9375,110.367,110.508,78.9141,88.7813,460.331,29.25,6.3,4.22934,6.988,90,42.7451,42.353,0,-0.140625,47.1228,11.25,11.25,11.25
44.533,0,0,0,-1.5,1.13226,0.99997,1.14258,4,1,1,1,0,1,1.00366,0,0,22,22.8611,23.4445,1459,1270,1090.94,970,1079.84,79.2188,110.484,110.484,81.4922,89.8125,460.331,29.25,6.324,4.28534,6.988,90,42.353,41.9608,0,-0.125,47.8415,11.25,11.25,10.5
44.566,0,0,0,-1.5,1.1424,0.99997,1.14279,4,1,1,1,0,1,1.00488,0,0,22.2222,22.75,23.25,1472.75,1280,1095.08,970,1087.77,79.5469,110.484,110.484,79.875,90.4453,460.331,29.25,6.328,4.29867,6.992,90,41.9608,42.353,0,-0.234375,48.2017,9.75,9.75,10.5
44.6,0,0,0,-1.5,1.138,0.99997,1.13995,4,1,1,1,0,1,0.994142,0,0,22.3889,23,23.4167,1476.5,1270,1096.05,970,1087.77,79.6875,110.531,111.117,80.9531,90.3047,460.331,29.25,6.32,4.26934,6.984,90,42.353,43.9216,0,-0.28125,48.2017,12,12,10.5
44.633,0,0,0,-1.5,1.14276,0.99997,1.14017,4,1,1,1,0,1,0.991212,0,0,22.5,23.3056,23.75,1477.5,1270,1098.52,970,1093.05,79.875,111.094,111.141,81.375,89.8359,460.331,29.25,6.324,4.28534,6.988,90,43.9216,44.7059,0,-0.53125,48.2017,12,12,10.5
44.666,0,0,0,-1.5,1.14502,0.99997,1.14053,4,1,1,1,0,1,0.995607,0,0,22.5556,22.75,24.25,1474.25,1270,1106.6,970,1095.7,80.5078,111.094,111.141,83.8594,89.7891,462.909,29.25,6.388,4.29867,7.052,90,45.4902,45.0981,0,-0.234375,48.2017,12,12,11.25
44.7,0,0,0,-1.5,1.1543,0.99997,1.13797,4,1,1,1,0,1,0.989992,0,0,22.6389,23.5556,23.6111,1478.25,1280,1108.32,970,1100.98,80.6484,111.117,111.023,81.2578,90.9141,462.909,29.25,6.38,4.33067,7.044,90,45.0981,45.0981,0,-0.0625,48.5618,11.25,11.25,10.5
44.733,0,0,0,-1.5,1.15534,0.99997,1.13861,4,1,1,1,0,1,0.995607,0,0,22.9167,23.5834,23.6389,1490.75,1270,1108.2,970,1103.63,80.6484,111.07,111.633,80.5781,90.4219,462.909,29.25,6.372,4.31734,7.04,90,45.0981,45.8824,0,0,48.5618,9.75,9.75,10.5
44.766,0,0,0,-1.5,1.15772,0.99997,1.13663,4,1,1,1,0,1,0.994142,0,0,23.0278,24.3889,24.5,1500.5,1270,1112.97,970,1108.91,81.0469,111.07,111.633,82.8516,90.3281,462.909,29.25,6.408,4.33067,7.076,90,46.6667,46.2745,0,-0.21875,48.5618,11.25,11.25,10.5
44.8,0,0,0,-1.5,1.15955,0.99997,1.13632,4,1,1,1,0,1,0.992677,0,0,23.25,23.5556,24.6111,1500,1270,1120.16,970,1111.52,81.6328,111.633,112.008,83.7656,90.2344,462.909,29.25,6.408,4.35201,7.076,90,47.0588,46.6667,0,-0.625,48.5618,9.75,9.75,10.5
44.833,0,0,0,-1.5,1.16669,0.99997,1.1355,4,1,1,1,0,1,0.989992,0,0,23.3056,23.6111,24.7778,1492.5,1280,1124.57,970,1116.8,81.9609,111.961,111.703,84.6563,90.4688,462.909,29.25,6.436,4.36001,7.104,90,46.6667,46.2745,0,-0.328125,48.5618,11.25,11.25,17.25
44.866,0,0,0,-1.5,1.17413,0.99997,1.13519,4,1,1,1,0,1,0.988527,0,0,23.3334,24.5,24.4445,1498.75,1280,1127.46,970,1122.11,82.1953,111.961,111.703,82.4297,90.9141,464.94,29.25,6.452,4.37601,7.12,90,45.8824,45.8824,0,-0.25,48.5618,11.25,11.25,11.25
44.9,0,0,0,-1.5,1.17267,0.99997,1.13532,4,1,1,1,0,1,0.994142,0,0,23.6111,24.0278,24.6945,1512.5,1280,1129.53,970,1124.77,82.3828,111.727,112.219,83.2734,90.6797,464.94,28.5,6.456,4.37067,7.124,90,46.2745,46.6667,0,0.09375,48.5618,7.5,7.5,7.5
44.933,0,0,0,-1.5,1.17664,0.99997,1.13397,4,1,1,1,0,1,0.991212,0,0,23.7222,24.0556,24.9167,1509,1280,1132.11,970,1130.04,82.5703,112.195,112.406,84.1641,90.6094,464.94,28.5,6.468,4.38134,7.148,90,46.6667,46.6667,0,-0.15625,48.5618,10.5,10.5,11.25
44.966,0,0,0,-1.5,1.17774,0.99997,1.13529,4,1,1,1,0,1,0.998537,0,0,23.8889,23.9167,25.3889,1510.75,1280,1140.2,970,1130.04,83.2031,112.195,112.406,86.1563,90.8438,464.94,28.5,6.536,4.39467,7.216,90,46.6667,46.2745,0,-0.265625,48.5618,9,9,11.25
45,0,0,0,-1.5,1.18738,0.99997,1.13355,4,1,1,1,0,1,0.994142,0,0,24.0834,24.3611,24.9167,1516,1280,1143.16,970,1135.31,83.4609,112.406,112.664,83.9297,91.125,464.94,28.5,6.552,4.42667,7.232,90,46.6667,46.2745,0,-0.40625,48.5618,10.5,10.5,9.75
45.033,0,0,0,-1.5,1.19342,0.99997,1.1344,4,1,1,1,0,1,0.998537,0,0,24.3056,24.8611,25.6111,1523.75,1280,1146.48,970,1140.59,83.7188,112.969,113.109,85.7578,90.8672,464.94,28.5,6.576,4.45334,7.24,90,46.6667,46.6667,0,-0.359375,48.5618,10.5,10.5,9.75
45.066,0,0,0,-1.5,1.19922,0.99997,1.13333,4,1,1,1,0,1,0.997072,0,0,24.4167,25.75,25.1111,1532.25,1280,1147.19,970,1145.86,84,112.969,113.109,83.4375,91.0781,467.069,28.5,6.58,4.47467,7.244,90,46.6667,46.6667,0,-0.171875,48.5618,11.25,11.25,10.5
45.1,0,0,0,-1.5,1.19244,0.99997,1.13254,4,1,1,1,0,1,0.994142,0,0,24.4722,25.9722,25.6945,1529.75,1290,1148.24,970,1148.52,84.0938,113.109,113.438,85.4766,91.4531,467.069,27.75,6.604,4.43734,7.268,90,47.0588,47.0588,0,0.015625,48.5618,11.25,11.25,10.5
45.133,0,0,0,-1.5,1.19324,0.99997,1.13281,4,1,1,1,0,1,0.998537,0,0,24.6389,24.9722,25.3334,1525.75,1290,1154.34,970,1151.17,84.5859,113.414,113.32,84.9141,92.0391,467.069,27.75,6.66,4.52001,7.324,90,47.0588,46.6667,0,-0.125,48.9204,10.5,10.5,10.5
45.166,0,0,0,-1.5,1.19891,0.99997,1.13147,4,1,1,1,0,1,0.995607,0,0,24.5834,25.0556,26.0556,1531.5,1290,1157.73,970,1156.41,84.8438,113.414,113.32,86.9297,92.0391,467.069,27.75,6.684,4.51201,7.348,90,47.0588,47.451,0,-0.46875,48.9204,10.5,10.5,10.5
45.2,0,0,0,-1.5,1.20551,0.99997,1.13153,4,1,1,1,0,1,0.998537,0,0,24.8889,25.1667,25.6945,1546.5,1290,1158.05,970,1161.68,84.8906,113.344,113.836,84.6328,92.4375,467.069,27.75,6.656,4.51734,7.32,90,47.451,48.2353,0,-0.359375,48.9204,9,9,9.75
45.233,0,0,0,-1.5,1.20679,0.99997,1.1293,4,1,1,1,0,1,0.992677,0,0,25,26,26.4445,1547,1290,1161.41,970,1164.38,85.1719,113.836,114.047,87.0469,92.4844,467.069,27.75,6.668,4.50667,7.336,90,48.2353,48.6275,0,-0.5,48.9204,10.5,10.5,9.75
45.266,0,0,0,-1.5,1.20496,0.99997,1.12927,4,1,1,1,0,1,0.991212,0,0,25.1111,25.2778,26.2222,1545.5,1290,1163.95,970,1164.38,85.3594,113.836,114.047,86.9297,92.4609,469.94,27.75,6.7,4.51734,7.368,90,49.4118,49.4118,0,-0.046875,48.9204,10.5,10.5,9.75
45.3,0,0,0,-1.5,1.21668,0.99997,1.12833,4,1,1,1,0,1,0.992677,0,0,25.3611,25.4167,26.4722,1555.5,1290,1169.34,970,1172.3,85.8047,114.047,114.469,86.8125,92.1563,469.94,27.75,6.74,4.56267,7.408,90,49.4118,49.8039,0,0.03125,48.9204,10.5,10.5,9
45.333,0,0,0,-1.5,1.21814,0.99997,1.12717,4,1,1,1,0,1,0.988527,0,0,25.5834,25.5278,26.6389,1557,1290,1175.12,970,1172.3,86.25,114.469,114.703,87.7734,92.1328,469.94,27.75,6.768,4.58401,7.432,90,49.8039,49.8039,0,-0.296875,48.9204,10.5,10.5,9.75
45.366,0,0,0,-1.5,1.22559,0.99997,1.12732,4,1,1,1,0,1,0.991212,0,0,25.6945,26.4167,26.8611,1559.75,1290,1177.03,970,1177.58,86.4141,114.469,114.703,87.5625,92.1797,469.94,27.75,6.772,4.58667,7.436,90,49.8039,49.4118,0,-0.59375,48.9204,8.25,8.25,9.75
45.4,0,0,0,-1.5,1.22962,0.99997,1.12579,4,1,1,1,0,1,0.989992,0,0,25.8611,26.2222,26.4167,1564.5,1300,1179.1,970,1182.85,86.6016,114.703,115.031,86.2734,92.9297,469.94,27.75,6.768,4.59201,7.436,90,49.4118,49.4118,0,-0.390625,48.9204,9.75,9.75,9.75
45.433,0,0,0,-1.5,1.2312,0.99997,1.12549,4,1,1,1,0,1,0.991212,0,0,25.9722,26.5278,27,1562.5,1300,1185.43,970,1188.13,87.0938,115.289,114.961,88.7578,92.9766,469.94,27.75,6.8,4.60534,7.468,90,49.8039,49.4118,0,-0.34375,48.9204,8.25,8.25,9
45.466,0,0,0,-1.5,1.23065,0.99997,1.12491,4,1,1,1,0,1,0.991212,0,0,26.0556,26.6111,27.5834,1580,1300,1189.49,970,1188.16,87.6094,115.289,114.961,89.4844,93.0703,472.323,27.75,6.84,4.62401,7.508,90,49.8039,50.1961,0,-0.09375,48.9204,9.75,9.75,9
45.5,0,0,0,-1.5,1.23364,0.99997,1.12369,4,1,1,1,0,1,0.987306,0,0,26.5,26.6667,27.9445,1589,1300,1195.27,970,1190.78,88.1016,115.008,115.781,90.6328,93.2578,472.323,27,6.876,4.63734,7.544,90,50.1961,50.1961,0,-0.203125,48.9204,8.25,8.25,9
45.533,0,0,0,-1.5,1.24396,0.99997,1.12247,4,1,1,1,0,1,0.984865,0,0,26.6389,26.8056,27.4445,1588,1300,1195.31,970,1198.71,88.125,115.781,116.18,88.1484,93.1172,472.323,27,6.864,4.65067,7.532,90,50.1961,50.1961,0,-0.515625,48.9204,9,9,9
45.566,0,0,0,-1.5,1.24274,0.99997,1.12143,4,1,1,1,0,1,0.983644,0,0,26.6389,27.1111,27.75,1583.75,1290,1197.77,970,1198.71,88.3359,115.781,116.18,89.9063,92.8594,472.323,27,6.86,4.63734,7.528,90,50.1961,50.1961,0,-0.484375,48.9204,9,9,9
45.6,0,0,0,-1.5,1.25214,0.99997,1.11984,4,1,1,1,0,1,0.984865,0,0,26.6945,26.9722,27.6389,1583.75,1320,1201.76,970,1209.26,88.6406,116.133,115.875,89.3906,94.6875,472.323,27,6.884,4.66934,7.552,90,50.1961,49.8039,0,-0.328125,49.2805,9,9,11.25
45.633,0,0,0,-1.5,1.24774,0.99997,1.11804,4,1,1,1,0,1,0.983644,0,0,26.75,27.2222,28.1667,1594.75,1310,1203.98,970,1206.64,88.8281,115.875,116.109,90.9844,94.5938,472.323,27,6.88,4.64267,7.544,90,49.8039,50.1961,0,-0.078125,49.2805,7.5,7.5,7.5
45.666,0,0,0,-1.5,1.25269,0.99997,1.11737,4,1,1,1,0,1,0.987306,0,0,27.0278,27,28.0834,1605,1320,1205.47,970,1211.91,88.9453,115.875,116.109,89.8594,95.1563,474.764,27,6.884,4.66134,7.548,90,50.5883,51.7647,0,-0.140625,49.6406,6,6,6
45.7,0,0,0,-1.5,1.25971,0.99997,1.11447,4,1,1,1,0,1,0.982423,0,0,27.3056,28.8056,28.3611,1604.25,1310,1208.09,970,1217.19,89.2266,116.203,116.977,90.4922,95.0391,474.764,27,6.912,4.68267,7.576,90,52.1569,53.7255,0,-0.375,49.6406,8.25,8.25,8.25
45.733,0,0,0,-1.5,1.25525,0.99997,1.11337,4,1,1,1,0,1,0.981203,0,0,27.3889,27.9722,28.1667,1605.75,1310,1212.38,970,1217.19,89.5781,116.953,117.023,90.1641,94.5938,474.764,27,6.924,4.69067,7.588,90,53.7255,54.5098,0,-0.5,49.6406,8.25,8.25,9
45.766,0,0,0,-1.5,1.26068,0.99997,1.1117,4,1,1,1,0,1,0.979982,0,0,27.4445,28.4167,28.75,1607.75,1310,1214.34,970,1225.12,89.7422,116.953,117.023,91.125,94.6641,474.764,27,6.916,4.68001,7.58,90,55.2941,54.902,0,-0.25,49.6406,9.75,9.75,9
45.8,0,0,0,-1.5,1.25812,0.99997,1.11041,4,1,1,1,0,1,0.983644,0,0,27.6111,28.0834,28.8611,1625,1320,1216.6,970,1225.12,89.9531,117.047,117.117,91.6406,95.1563,474.764,26.25,6.92,4.67467,7.608,90,55.2941,54.902,0,-0.3125,49.6406,6,6,6
45.833,0,0,0,-1.5,1.26282,0.99997,1.10867,4,1,1,1,0,1,0.984865,0,0,27.8889,28.1945,29.1389,1622.25,1320,1219.3,970,1230.43,90.1641,117.305,117.797,91.8047,94.9922,474.764,26.25,6.952,4.70934,7.64,90,54.902,54.902,0,0.09375,49.6406,7.5,7.5,7.5
45.866,0,0,0,-1.5,1.26996,0.99997,1.10657,4,1,1,1,0,1,0.981203,0,0,27.9722,28.3334,28.9167,1615.25,1310,1225.16,970,1235.7,90.7734,117.305,117.797,91.2422,95.0859,478.085,26.25,6.988,4.74667,7.676,90,55.2941,54.902,0,-0.265625,49.6406,8.25,8.25,11.25
45.9,0,0,0,-1.5,1.27991,0.99997,1.10477,4,1,1,1,0,1,0.978517,0,0,28.25,28.4722,28.9445,1622.75,1320,1228.98,970,1243.63,91.125,117.844,118.008,90.7031,95.7188,478.085,26.25,7.004,4.75734,7.692,90,54.902,54.902,0,-0.375,49.6406,8.25,8.25,8.25
45.933,0,0,0,-1.5,1.27435,0.99997,1.10382,4,1,1,1,0,1,0.979982,0,0,28.3611,28.6667,29.5278,1630.75,1320,1231.09,970,1240.98,91.3125,117.469,118.219,93.3516,95.5078,478.085,26.25,7.004,4.74401,7.672,90,54.902,55.2941,0,-0.265625,49.6406,7.5,7.5,7.5
45.966,0,0,0,-1.5,1.27918,0.99997,1.10251,4,1,1,1,0,1,0.982423,0,0,28.3611,28.7222,29.3611,1634.75,1320,1232.54,970,1246.25,91.0078,117.469,118.219,92.3203,95.4609,478.085,26.25,6.936,4.69867,7.604,90,56.0785,55.6863,0,-0.15625,49.6406,7.5,7.5,7.5
46,0,0,0,-1.5,1.28278,0.99997,1.10022,4,1,1,1,0,1,0.981203,0,0,28.5834,29.7222,29.9722,1649.75,1320,1239.61,970,1248.91,91.5703,118.242,118.359,93.5391,95.0625,478.085,26.25,6.992,4.72534,7.66,90,55.6863,56.0785,0,-0.015625,49.6406,6,6,6
46.033,0,0,0,-1.5,1.28723,0.99997,1.09897,4,1,1,1,0,1,0.981203,0,0,29,29.7778,30.4167,1655.5,1320,1243.67,970,1254.18,91.8984,118.664,119.391,94.3828,95.2734,478.085,26.25,7.024,4.75734,7.692,90,56.0785,56.0785,0,-0.109375,49.6406,6,6,6
46.066,0,0,0,-1.5,1.28925,0.99997,1.09714,4,1,1,1,0,1,0.978517,0,0,29.0556,29.8889,30.1111,1650,1330,1246.33,970,1256.84,92.3672,118.664,119.391,93.4453,95.9063,480.838,26.25,7.052,4.77867,7.72,90,56.0785,55.6863,0,-0.484375,49.6406,9,9,9.75
46.1,0,0,0,-1.5,1.29309,0.99997,1.09604,4,1,1,1,0,1,0.981203,0,0,29.1111,29.9722,30.2778,1652.25,1330,1251.56,970,1262.11,92.6719,119.25,118.969,93.6563,96.3047,480.838,26.25,7.08,4.79201,7.748,90,55.6863,55.6863,0,-0.25,49.6406,7.5,7.5,9
46.133,0,0,0,-1.5,1.29358,0.99997,1.09393,4,1,1,1,0,1,0.979982,0,0,29.1667,29.9722,30.4167,1654.75,1330,1254.18,970,1264.77,92.8594,119.063,119.367,94.2891,96.375,480.838,26.25,7.076,4.78401,7.744,90,55.6863,56.0785,0,-0.21875,49.6406,9,9,9
46.166,0,0,0,-1.5,1.29743,0.99997,1.09232,4,1,1,1,0,1,0.978517,0,0,29.5278,30,30.6389,1662.75,1330,1256.37,970,1270,93.1172,119.063,119.367,94.3828,96.4688,480.838,26.25,7.092,4.80534,7.76,90,56.4706,56.4706,0,0.03125,49.6406,7.5,7.5,7.5
46.2,0,0,0,-1.5,1.29932,0.99997,1.09,4,1,1,1,0,1,0.977296,0,0,29.6389,30.1111,30.1667,1670.25,1330,1256.37,970,1272.7,93.2813,119.555,120.023,92.6719,96.375,480.838,26.25,7.072,4.80534,7.736,90,56.8628,57.2549,0,-0.109375,49.6406,9,9,8.25
46.233,0,0,0,-1.5,1.29968,0.99997,1.08948,4,1,1,1,0,1,0.981203,0,0,29.75,30.1389,30.5834,1671.5,1330,1257.03,970,1275.31,93.3281,120.047,120.164,93.75,96.2578,480.838,26.25,7.064,4.78401,7.728,90,57.2549,56.8628,0,-0.640625,49.6406,9,9,8.25
46.266,0,0,0,-1.5,1.30176,0.99997,1.08753,4,1,1,1,0,1,0.983644,0,0,29.9167,30.1667,30.6389,1676.75,1330,1258.52,970,1277.97,93.4922,120.047,120.164,93.8672,96.4688,484.276,26.25,7.068,4.78934,7.732,90,56.8628,56.8628,0,-0.65625,49.6406,9,9,8.25
46.3,0,0,0,-1.5,1.30408,0.99997,1.08533,4,1,1,1,0,1,0.982423,0,0,29.9722,30.2222,30.6111,1676.5,1340,1259.84,970,1280.59,93.6797,120.258,120.492,93.9141,96.9375,484.276,26.25,7.068,4.77867,7.732,90,56.4706,56.4706,0,-0.5,49.6406,8.25,8.25,8.25
46.333,0,0,0,-1.5,1.30921,0.99997,1.08356,4,1,1,1,0,1,0.979982,0,0,30.0556,30.3334,30.9445,1682.75,1340,1261.21,970,1285.9,93.7969,120.82,120.703,94.1016,97.3594,484.276,26.25,7.072,4.78934,7.736,90,56.4706,56.4706,0,-0.125,49.6406,9,9,7.5
46.366,0,0,0,-1.5,1.31098,0.99997,1.08203,4,1,1,1,0,1,0.977296,0,0,30.3334,31.25,31.3056,1689,1340,1264.3,970,1288.52,94.2891,120.82,120.703,95.1563,97.4063,484.276,26.25,7.104,4.82134,7.768,90,56.4706,56.8628,0,-0.078125,49.6406,9,9,7.5
46.4,0,0,0,-1.5,1.30774,0.99997,1.08038,4,1,1,1,0,1,0.979982,0,0,30.4445,31.1945,31.1945,1695,1340,1266.25,970,1288.52,94.5234,120.773,120.984,95.25,97.2188,484.276,26.25,7.108,4.82134,7.772,90,56.8628,56.8628,0,-0.4375,49.6406,9,9,8.25
46.433,0,0,0,-0.75,1.31049,0.99997,1.07855,4,1,1,1,0,1,0.978517,0,0,30.6111,31.2778,30.9722,1708.75,1330,1263.24,970,1293.83,94.4297,121.172,121.57,93.3281,97.0313,484.276,26.25,7.076,4.79734,7.744,90,56.8628,56.4706,0,-0.640625,49.6406,9,9,8.25
46.466,0,0,0,-0.75,1.31213,0.99997,1.07803,4,1,1,1,0,1,0.984865,0,0,30.75,31.25,32.0834,1710.5,1330,1266.09,970,1299.1,94.6641,121.172,121.57,96.4219,96.8438,487.108,26.25,7.092,4.79201,7.76,90,56.0785,56.0785,0,-0.359375,49.6406,8.25,8.25,8.25
46.5,0,0,0,-0.75,1.31409,0.99997,1.07562,4,1,1,1,0,1,0.983644,0,0,30.9167,31.3334,31.5278,1710.25,1330,1265.31,965,1301.68,94.7109,121.688,121.992,94.7578,97.1484,487.108,25.5,7.072,4.79734,7.736,90,55.6863,55.2941,0,-0.25,49.6406,9,9,8.25
46.533,0,0,0,-0.75,1.31476,0.99997,1.07532,4,1,1,1,0,1,0.987306,0,0,30.8611,31.2778,31.3889,1709,1330,1265.47,965,1304.34,94.7344,121.969,121.945,94.8281,97.1953,487.108,25.5,7.072,4.78934,7.736,90,54.902,54.5098,0,-0.203125,49.6406,8.25,8.25,8.25
46.566,0,0,0,-0.75,1.31293,0.99997,1.07385,4,1,1,1,0,1,0.984865,0,0,30.75,31.2778,32.0834,1711.25,1340,1267.73,965,1304.38,94.8984,121.969,121.945,96.9375,97.7578,487.108,25.5,7.076,4.77334,7.74,90,54.5098,54.1177,0,-0.21875,49.6406,9,9,9.75
46.6,0,0,0,-0.75,1.31744,0.99997,1.07324,4,1,1,1,0,1,0.987306,0,0,31.0834,31.3056,31.5,1729,1340,1266.91,965,1309.61,94.9688,122.063,122.367,94.1719,97.4766,487.108,25.5,7.064,4.80001,7.728,90,54.1177,54.1177,0,-0.5625,49.6406,6,6,6
46.633,0,0,0,-0.75,1.3194,0.99997,1.07175,4,1,1,1,0,1,0.984865,0,0,31.3334,32.9167,32.1667,1727.75,1340,1268.67,965,1312.3,95.1094,122.484,122.836,95.7188,97.4766,487.108,25.5,7.06,4.78134,7.728,90,54.1177,54.1177,0,-0.328125,49.6406,9,9,8.25
46.666,0,0,0,-0.75,1.31848,0.99997,1.07141,4,1,1,1,0,1,0.986085,0,0,31.4445,32.25,32.5278,1736.25,1340,1274.38,965,1314.96,95.6719,122.484,122.836,96.4453,97.6641,490.682,25.5,7.116,4.81867,7.784,90,54.1177,54.1177,0,-0.25,49.6406,6.75,6.75,6.75
46.7,0,0,0,-0.75,1.32019,0.99997,1.07031,4,1,1,1,0,1,0.987306,0,0,31.6667,32.25,32.25,1744,1340,1276.02,965,1317.54,95.8594,122.906,123.094,95.8594,97.5938,490.682,25.5,7.12,4.82401,7.788,90,54.1177,53.7255,0,-0.15625,49.6406,6,6,6
46.733,0,0,0,-0.75,1.32111,0.99997,1.06976,4,1,1,1,0,1,0.991212,0,0,31.8889,32.3056,32.9722,1745.5,1340,1276.84,965,1320.23,95.9297,123.281,123.68,97.2656,97.5703,490.682,25.5,7.112,4.81867,7.776,90,53.3334,53.3334,0,-0.578125,49.6406,7.5,7.5,7.5
46.766,0,0,0,-0.75,1.32318,0.99997,1.06885,4,1,1,1,0,1,0.992677,0,0,31.9722,32.3611,32.1667,1742.25,1340,1276.52,965,1322.81,96.0703,123.281,123.68,95.1328,98.0156,490.682,25.5,7.112,4.83734,7.776,90,53.3334,52.9412,0,-0.578125,49.6406,9,9,8.25
46.8,0,0,0,-0.75,1.32172,0.99997,1.0686,4,1,1,1,0,1,0.995607,0,0,32.0834,32.3334,32.7222,1750.25,1340,1280.16,965,1322.85,96.3281,123.609,123.539,97.1016,98.2031,490.682,25.5,7.132,4.82401,7.796,90,52.9412,52.9412,0,-0.5,49.6406,8.25,8.25,8.25
46.833,0,0,0,-0.75,1.32977,0.99997,1.06769,4,1,1,1,0,1,0.994142,0,0,32.25,32.8056,32.6667,1760.25,1340,1277.66,965,1330.78,96.5625,124.078,124.336,95.0391,98.0156,490.682,25.5,7.148,4.82134,7.828,90,52.549,52.9412,0,-0.3125,49.6406,9,9,8.25
46.866,0,0,0,-0.75,1.32465,0.99997,1.06751,4,1,1,1,0,1,0.994142,0,0,32.5278,32.4167,33.25,1764,1340,1279.22,965,1328.16,96.6797,124.078,124.336,97.6641,98.25,494.354,25.5,7.152,4.84534,7.832,90,52.9412,52.9412,0,-0.484375,49.6406,9.75,9.75,9
46.9,0,0,0,-0.75,1.32886,0.99997,1.06677,4,1,1,1,0,1,0.992677,0,0,32.6667,33.3889,32.8056,1768.75,1340,1280,965,1333.44,96.8438,124.43,124.734,95.5781,98.4844,494.354,25.5,7.184,4.85867,7.852,90,52.9412,52.9412,0,-0.71875,49.6406,9.75,9.75,9
46.933,0,0,0,-0.75,1.32813,0.99997,1.06671,4,1,1,1,0,1,0.997072,0,0,32.6389,33.3611,33.2222,1769.75,1340,1279.65,965,1336.05,96.8438,124.758,124.875,96.7969,98.4609,494.354,25.5,7.176,4.86134,7.844,90,52.9412,52.9412,0,-0.65625,49.6406,9,9,9
46.966,0,0,0,-0.75,1.3255,0.99997,1.06574,4,1,1,1,0,1,0.997072,0,0,32.6667,33.3334,33.1111,1771.25,1340,1279.49,965,1336.09,96.8438,124.758,124.875,96.75,98.7188,494.354,25.5,7.172,4.86134,7.84,90,52.9412,52.549,0,-0.296875,49.6406,9.75,9.75,9
47,0,0,0,-0.75,1.32135,0.99997,1.06543,4,1,1,1,0,1,0.998537,0,0,32.9445,33.1945,33.5278,1789.75,1340,1278.05,965,1336.09,96.8672,125.039,125.484,97.875,98.7422,494.354,24.75,7.16,4.84801,7.828,90,52.9412,52.549,0,-0.1875,49.6406,9,9,9
47.033,0,0,0,-0.75,1.32318,0.99997,1.06552,4,1,1,1,0,1,1,0,0,32.9445,33.25,33.6111,1782.25,1340,1280.55,965,1338.71,97.125,125.508,125.648,97.6641,98.7891,494.354,24.75,7.192,4.86134,7.86,90,52.549,52.549,0,-0.28125,49.6406,9.75,9.75,12
47.066,0,0,0,-0.75,1.32575,0.99997,1.06567,4,1,1,1,0,1,1.00171,0,0,32.9445,33.3611,33.7778,1783.5,1340,1281.05,965,1341.37,97.1484,125.508,125.648,97.5,98.9766,497.323,24.75,7.192,4.87201,7.86,90,52.549,52.549,0,-0.609375,49.6406,9,9,11.25
47.1,0,0,0,0,1.33118,0.99997,1.0658,4,1,1,1,0,1,1.00366,0,0,33.3611,33.4167,33.6945,1802.25,1350,1281.8,965,1346.64,97.2891,125.695,125.906,96.4219,99.6563,497.323,24.75,7.192,4.89067,7.856,90,52.1569,52.549,0,-0.578125,49.6406,6.75,6.75,6.75
47.133,0,0,0,0,1.33057,0.99997,1.06607,4,1,1,1,0,1,1.00171,0,0,33.5278,34.2222,33.8889,1807,1350,1282.34,965,1346.6,97.3359,126.188,126.984,97.6875,99.4688,497.323,24.75,7.196,4.87734,7.86,90,52.549,52.549,0,-0.328125,49.6406,6.75,6.75,6.75
47.166,0,0,0,0,1.32983,0.99997,1.06628,4,1,1,1,0,1,1,0,0,33.6389,34.2778,33.7778,1807.75,1340,1284.34,965,1346.64,97.7344,126.188,126.984,97.0781,99.1406,497.323,24.75,7.244,4.92267,7.908,90,53.3334,53.3334,0,-0.109375,49.6406,8.25,8.25,8.25
47.2,0,0,0,0,1.32611,0.99997,1.06683,4,1,1,1,0,1,0.998537,0,0,33.6945,34.1945,34.8889,1812.75,1340,1287.62,965,1346.64,97.9922,126.938,126.82,100.57,99.4688,497.323,24.75,7.22,4.90134,7.888,90,53.3334,52.9412,0,-0.640625,49.6406,9,9,9
47.233,0,0,0,0,1.33154,0.99997,1.06653,4,1,1,1,0,1,0.997072,0,0,34,34.3334,34.1389,1818,1340,1287.19,965,1351.91,98.1328,127.031,127.57,97.3828,99.3047,497.323,24.75,7.248,4.90667,7.916,90,52.9412,52.9412,0,-0.671875,49.6406,9,9,9
47.266,0,0,0,0,1.32977,0.99997,1.0665,4,1,1,1,0,1,0.995607,0,0,34,34.25,34.3056,1822.25,1340,1287.66,965,1351.88,98.1797,127.031,127.57,98.4609,99.8203,501.053,24.75,7.248,4.91201,7.916,90,52.9412,52.9412,0,-0.765625,49.6406,9,9,9
47.3,0,0,0,0,1.33203,0.99997,1.06638,4,1,1,1,0,1,0.998537,0,0,34.2222,34.3611,34.0556,1826.25,1340,1285.12,965,1354.57,98.0859,127.688,127.992,96.7969,99.8672,501.053,24.75,7.224,4.91201,7.904,90,52.9412,52.9412,0,-0.25,49.6406,9,9,9
47.333,0,0,0,0,1.33215,0.99997,1.06601,4,1,1,1,0,1,1,0,0,34.2222,34.3611,35.1389,1829.25,1340,1289.49,965,1357.19,98.6719,128.273,127.992,99.5391,99.8672,501.053,24.75,7.292,4.89867,7.972,90,52.9412,52.9412,0,-0.140625,49.6406,9,9,9
47.366,0,0,0,0,1.33124,0.99997,1.06598,4,1,1,1,0,1,1.00171,0,0,34.4445,34.3056,34.6667,1835.75,1340,1289.49,965,1354.57,98.6953,128.273,127.992,98.6953,100.125,501.053,24.75,7.284,4.93601,7.964,90,52.9412,52.9412,0,-0.421875,49.6406,9,9,9
47.4,0,0,0,0,1.33655,0.99997,1.06625,4,1,1,1,0,1,1.00366,0,0,34.8056,35.3056,35.3056,1848.75,1350,1291.05,965,1357.23,99,128.203,128.742,99.4688,100.43,501.053,24.75,7.312,4.94934,7.992,90,52.9412,52.9412,0,-0.78125,49.6406,9.75,9.75,9
47.433,0,0,0,0,1.33771,0.99997,1.06558,4,1,1,1,0,1,0.998537,0,0,34.8611,35.3334,34.9723,1843,1350,1288.32,965,1359.84,98.9063,128.859,128.906,98.4844,100.383,501.053,24.75,7.284,4.93334,7.952,90,52.9412,53.3334,0,-0.296875,49.6406,9.75,9.75,9
47.466,0,0,0,0,1.33209,0.99997,1.06577,4,1,1,1,0,1,0.998537,0,0,34.8056,35.1667,35.75,1851.75,1340,1291.6,965,1357.23,99.1641,128.859,128.906,101.063,99.8438,504.256,24.75,7.312,4.93601,7.98,90,52.549,53.3334,0,-0.390625,49.6406,9.75,9.75,9
47.5,0,0,0,0,1.33441,0.99997,1.06571,4,1,1,1,0,1,1.00171,0,0,35.0834,35.2778,34.9445,1862,1340,1287.03,965,1359.84,98.8828,128.953,129.68,97.9688,100.125,504.256,24.75,7.308,4.93601,7.976,90,53.3334,52.9412,0,-0.234375,49.6406,9.75,9.75,9.75
47.533,0,0,0,0,1.33295,0.99997,1.06494,4,1,1,1,0,1,1,0,0,35.1945,35.1945,34.9723,1869.25,1340,1284.73,965,1359.84,98.6953,129.938,130.336,97.8281,99.9375,504.256,24.75,7.28,4.93601,7.944,90,52.549,52.1569,0,-0.71875,49.6406,9.75,9.75,9.75
47.566,0,0,0,0,1.33209,0.99997,1.06415,4,1,1,1,0,1,0.997072,0,0,35.25,35.1667,36.1111,1866.5,1340,1287.54,965,1359.84,99.1641,129.938,130.336,101.273,100.031,504.256,24.75,7.3,4.93334,7.964,90,52.549,52.1569,0,-0.59375,49.6406,9.75,9.75,9.75
47.6,0,0,0,0,1.33673,0.99997,1.06409,4,1,1,1,0,1,1,0,0,35.3334,35.1945,35.5556,1868.75,1350,1289.26,965,1362.46,99.2813,130.266,130.148,99.6328,100.781,504.256,24.75,7.332,4.96534,7.996,90,51.3726,51.3726,0,-0.15625,49.6406,9.75,9.75,9.75
47.633,0,0,0,0,1.34033,0.99997,1.06381,4,1,1,0.983644,0,1,1,0,0,35.6111,35.6945,36.1667,1879.75,1340,1289.96,965,1365.12,99.3516,130.359,130.898,99.7266,100.57,504.256,24.75,7.328,4.96801,7.992,90,51.3726,51.3726,0,-0.359375,49.6406,9.75,9.75,9.75
47.666,0,0,0,0,1.34332,0.99997,1.06436,4,1,1,0.983644,0,1,1.00611,0,0,35.7778,35.6945,36.1111,1889.25,1350,1289.18,965,1367.73,99.4688,130.359,130.898,99.5156,101.203,508.221,24.75,7.348,4.97601,8.012,90,51.3726,51.3726,0,-0.5625,49.6406,9.75,9.75,10.5
47.7,0,0,0,0,1.33563,0.99997,1.06415,4,1,1,0.981935,0,1,1.00366,0,0,35.7778,36.0834,35.4167,1887,1350,1284.41,965,1365.12,99.2578,131.063,131.555,98.1797,101.344,508.221,24.75,7.324,4.97334,7.992,90,51.3726,51.7647,0,-0.578125,49.6406,9.75,9.75,9.75
47.733,0,0,0,0,1.33759,0.99997,1.0647,4,1,1,0.976564,0,0.981935,1.00366,0,0,35.8334,36.1667,36.7778,1887.25,1340,1288.36,965,1370.39,99.4922,131.461,131.297,99.0938,100.758,508.221,24.75,7.476,5.06401,8.144,90,52.1569,52.1569,0,-0.5,49.6406,9,9,9
47.766,0,0,0,0,1.33252,0.99997,1.06531,4,1,1,0.976564,0,0.981935,1.00366,0,0,35.9445,36.5278,36.7778,1887,1350,1289.96,965,1365.12,99.6797,131.461,131.297,101.133,101.367,508.221,24.75,7.496,5.06934,8.164,90,52.1569,52.1569,0,-0.453125,49.6406,9.75,9.75,12.75
47.8,0,0,0,0,1.33484,0.99997,1.06601,4,1,1,0.972658,0,0.981935,1.00366,0,0,36.3611,36.0834,36.3056,1913.75,1350,1291.02,965,1367.77,99.9375,131.461,131.93,99.3516,101.367,508.221,24.75,7.48,5.10934,8.148,90,52.1569,52.1569,0,-0.375,49.6406,6.75,6.75,6.75
47.833,0,0,0,0,1.34149,0.99997,1.06558,4,1,1,0.969728,0,0.972658,1,0,0,36.5834,36.2778,36.75,1913.75,1330,1291.76,965,1373.05,100.008,132.141,132.727,99.5391,100.078,508.221,24.75,7.564,5.13067,8.232,90,52.1569,52.1569,0,-0.875,49.6406,8.25,8.25,8.25
47.866,0,0,0,0,1.34076,0.99997,1.06751,4,1,1,0.969728,0,0.972658,0.994142,0,0,36.6389,36.25,36.8056,1914,1330,1293.83,965,1370.43,100.383,132.141,132.727,100.594,100.172,511.424,24.75,7.632,5.16534,8.3,90,52.1569,51.3726,0,-0.578125,49.6406,9,9,9
47.9,0,0,0,0,1.34357,0.99997,1.06717,4,1,1,0.967531,0,0.972658,0.991212,0,0,36.7778,36.2778,36.6389,1917.5,1330,1293.87,965,1370.43,100.477,132.797,133.078,100.031,100.125,511.424,24.75,7.628,5.17601,8.296,90,50.5883,50.1961,0,-0.265625,49.6406,9.75,9.75,9.75
47.933,0,0,0,0,1.35248,0.99997,1.06732,4,1,1,0.966066,0,0.967531,0.984865,0,0,36.8334,36.3611,36.6945,1919.5,1330,1294.77,965,1378.36,100.57,133.406,133.031,99.5156,100.078,511.424,24.75,7.668,5.20001,8.336,90,50.1961,49.8039,0,-0.1875,49.6406,9,9,10.5
47.966,0,0,0,0,1.3476,0.99997,1.06967,4,1,1,0.966066,0,0.967531,0.986085,0,0,37,38.1667,37.1389,1933.75,1330,1291.84,965,1375.7,100.594,133.406,133.031,99.9609,100.336,511.424,24.75,7.68,5.20534,8.348,90,49.8039,48.6275,0,-0.65625,49.6406,6.75,6.75,6.75
48,0,0,0,0,1.34424,0.99997,1.06982,4,1,1,0.964601,0,0.967531,0.987306,0,0,37.3056,37.4167,36.9445,1936,1330,1291.56,965,1375.7,100.781,133.242,133.828,99.5156,100.289,511.424,24.75,7.696,5.24001,8.376,90,47.8432,47.8432,0,-0.53125,49.6406,9.75,9.75,9.75
48.033,0,0,0,0,1.34314,0.99997,1.0716,4,1,1,0.959962,0,0.964601,0.991212,0,0,37.2223,37.3889,37.6389,1937,1330,1293.79,965,1375.7,100.969,133.805,133.805,101.789,100.336,511.424,24.75,7.748,5.24534,8.428,90,47.8432,47.8432,0,-0.59375,49.6406,9.75,9.75,9.75
48.066,0,0,0,0,1.34223,0.99997,1.07382,4,1,1,0.959962,0,0.964601,0.995607,0,0,37.3611,37,37.3611,1945.75,1330,1291.68,965,1375.7,100.828,133.805,133.805,100.617,100.031,515.272,24.75,7.74,5.24801,8.42,90,47.8432,47.451,0,0.296875,49.6406,9.75,9.75,9.75
48.1,0,0,0,0,1.34631,0.99997,1.07608,4,1,1,0.9563,0,0.964601,0.995607,0,0,37.6389,37.7778,37.8889,1952.5,1330,1293.28,965,1378.36,101.227,134.133,135,101.133,100.336,515.272,24,7.804,5.26401,8.484,90,47.0588,46.6667,0,-0.390625,49.6406,9,9,9
48.133,0,0,0,0,1.34284,0.99997,1.07843,4,1,1,0.953371,0,0.9563,0.994142,0,0,37.8056,38.4723,37.9723,1958.75,1330,1291.48,965,1375.7,101.109,135.047,135.188,101.273,100.219,515.272,24,7.86,5.33334,8.548,90,46.2745,45.8824,0,-0.859375,49.6406,8.25,8.25,8.25
48.166,0,0,0,0,1.34473,0.99997,1.08029,4,1,1,0.953371,0,0.9563,0.987306,0,0,37.8611,37.3611,38.0834,1963.5,1330,1292.54,965,1378.36,101.273,135.047,135.188,101.367,100.43,515.272,24,7.892,5.34934,8.58,90,45.8824,45.4902,0,-0.453125,49.6406,8.25,8.25,8.25
48.2,0,0,0,0,1.34851,0.99997,1.08112,4,1,1,0.951417,0,0.9563,0.968507,0,0,37.9167,38.8611,38.5278,1966.5,1330,1291.95,965,1383.63,101.297,135.188,135.234,101.531,100.664,515.272,24,7.896,5.35467,8.56,90,45.4902,45.4902,0,-0.34375,49.6406,9.75,9.75,9.75
48.233,0,0,0,0,1.3457,0.99997,1.08218,4,1,1,0.944093,0,0.951417,0.963625,0,0,38.1111,39.3334,38.0278,1974.25,1320,1288.98,965,1383.63,101.063,135.469,136.078,100.148,99.9141,515.272,24,7.92,5.37867,8.584,90,45.0981,44.7059,0,0.0625,49.6406,8.25,8.25,8.25
48.266,0,0,0,0,1.34497,0.99997,1.08292,4,1,1,0.944093,0,0.951417,0.963625,0,0,38.1667,39.2778,38.25,1979.5,1320,1288.24,965,1386.21,101.227,135.469,136.078,100.266,100.078,518.319,24,7.936,5.39201,8.6,90,44.3137,44.7059,0,-0.46875,49.6406,9.75,9.75,9.75
48.3,0,0,0,0,1.33893,0.99997,1.08167,4,1,1,0.938478,0,0.951417,0.966066,0,0,38.2778,37.6389,38.1667,1985.25,1320,1289.02,965,1383.63,101.344,136.125,136.313,100.5,100.102,518.319,24,7.94,5.39467,8.604,90,44.3137,43.9216,0,-0.609375,49.6406,9.75,9.75,9.75
48.333,0,0,0,0,1.34174,0.99997,1.08167,4,1,1,0.934328,0,0.938478,0.966066,0,0,38.5,37.6389,38.3889,1989,1320,1290.86,965,1383.63,101.531,136.477,136.922,101.648,100.008,518.319,24,8.056,5.46934,8.72,90,43.9216,43.5294,0,-0.484375,49.6406,9.75,9.75,9.75
48.366,0,0,0,0,1.34656,0.99997,1.08276,4,1,1,0.934328,0,0.938478,0.967287,0,0,38.6389,38.5,38.3056,1996.75,1320,1289.73,965,1386.21,101.578,136.477,136.922,100.383,100.43,518.319,24,8.076,5.48801,8.74,90,43.1373,43.1373,0,-0.046875,49.6406,9.75,9.75,9.75
48.4,0,0,0,0,1.34009,0.99997,1.08322,4,1,1,0.931154,0,0.938478,0.961183,0,0,38.5,38.75,38.3889,1993.75,1330,1285.66,965,1383.63,101.297,136.922,136.969,100.969,100.828,518.319,24,8.04,5.46134,8.704,90,42.7451,42.7451,0,-0.3125,49.6406,9.75,9.75,9.75
48.433,0,0,0,0,1.33966,0.99997,1.08399,4,1,1,0.928957,0,0.931154,0.957277,0,0,38.8056,39.4445,38.9445,2012.5,1320,1282.85,965,1386.25,101.086,137.109,138.258,101.016,100.617,518.319,24,8.092,5.49334,8.76,90,42.353,42.7451,0,-0.390625,49.6406,6.75,6.75,6.75
48.466,0,0,0,0,1.33466,0.99997,1.086,4,1,1,0.928957,0,0.931154,0.952394,0,0,38.8611,38.3889,39.0556,2010.75,1330,1286.02,965,1383.63,101.484,137.109,138.258,102.188,100.922,521.854,24,8.132,5.50134,8.8,90,42.353,42.7451,0,-0.3125,49.6406,9,9,9
48.5,0,0,0,0,1.3382,0.99997,1.08661,4,1,1,0.927248,0,0.931154,0.949953,0,0,39.0278,39.1945,39.5834,2013.25,1320,1286.76,965,1388.87,101.602,138.234,138.117,102.398,100.477,521.854,24,8.136,5.53067,8.804,90,42.7451,42.7451,0,-0.25,49.6406,10.5,10.5,10.5
48.533,0,0,0,0,1.33966,0.99997,1.08652,4,1,1,0.921876,0,0.927248,0.941164,0,0,39.1945,38.8889,39.6667,2024.75,1320,1289.26,965,1388.87,101.813,138.422,138.961,102.164,100.383,521.854,24,8.212,5.57334,8.88,90,42.353,42.7451,0,-0.328125,49.6406,9,9,9
48.566,0,0,0,0,1.34277,0.99997,1.0885,4,1,1,0.921876,0,0.927248,0.942384,0,0,39.4445,39.3056,39.2778,2029.25,1330,1288.48,965,1388.91,102.023,138.422,138.961,101.016,101.273,521.854,24,8.244,5.59734,8.912,90,42.7451,42.353,0,-0.75,49.6406,9.75,9.75,9.75
48.6,0,0,0,0,1.34094,0.99997,1.08807,4,1,1,0.91797,0,0.927248,0.939943,0,0,39.3889,39.6389,39.2778,2026.75,1330,1286.45,965,1386.25,101.859,138.938,139.102,101.602,101.438,521.854,24,8.224,5.59201,8.892,90,42.353,42.353,0,-0.359375,49.6406,10.5,10.5,10.5
48.633,0,0,0,0,1.33899,0.99997,1.08917,4,1,1,0.91504,0,0.91797,0.943605,0,0,39.5556,39.1945,40,2043,1330,1288.2,965,1386.25,102,139.055,139.641,102.984,101.273,521.854,24,8.332,5.64801,9,90,42.353,42.7451,0,-0.234375,49.6406,9.75,9.75,9.75
48.666,0,0,0,0,1.3457,0.99997,1.08994,4,1,1,0.91504,0,0.91797,0.941164,0,0,39.8334,41.2778,39.4445,2046.5,1330,1286.05,965,1391.52,101.859,139.055,139.641,100.219,101.578,524.549,24,8.304,5.66134,8.972,90,42.353,42.7451,0,-0.234375,49.6406,10.5,10.5,9.75
48.7,0,0,0,0,1.33637,0.99997,1.0907,4,1,1,0.912843,0,0.91797,0.937501,0,0,39.8334,39.1389,40.1389,2046.75,1320,1288.2,965,1386.25,102.023,139.594,140.32,103.242,101.156,524.549,24,8.324,5.65067,8.992,90,42.7451,42.7451,0,-0.546875,49.6406,10.5,10.5,9.75
48.733,0,0,0,0,1.34552,0.99997,1.09171,4,1,1,0.907228,0,0.912843,0.936525,0,0,39.9723,39.3056,39.6389,2051.5,1320,1289.69,965,1391.56,102.164,140.273,140.508,100.969,101.086,524.549,24,8.392,5.70667,9.08,90,43.1373,43.1373,0,-0.71875,49.6406,10.5,10.5,10.5
48.766,0,0,0,0,1.34198,0.99997,1.09378,4,1,1,0.907228,0,0.912843,0.937501,0,0,40.0278,40.8334,40.5278,2061.5,1330,1289.57,965,1388.91,102.188,140.273,140.508,103.008,101.391,524.549,24,8.416,5.70134,9.104,90,43.1373,43.1373,0,-0.21875,49.6406,10.5,10.5,10.5
48.8,0,0,0,0,1.3363,0.99997,1.09396,4,1,1,0.903078,0,0.912843,0.93091,0,0,40.0278,40.3611,40.1111,2062.25,1330,1286.76,965,1386.29,101.953,140.461,141.188,102.117,101.977,524.549,24,8.388,5.70134,9.076,90,43.1373,42.7451,0,-0.296875,49.6406,10.5,10.5,10.5
48.833,0,0,0,0,1.33991,0.99997,1.09558,4,1,1,0.900148,0,0.903078,0.93091,0,0,40.25,39.1945,39.9445,2067.5,1330,1287.27,965,1388.91,102.023,141.164,141.422,101.25,101.883,524.549,24,8.5,5.77867,9.168,90,43.1373,43.1373,0,-0.40625,49.6406,11.25,11.25,10.5
48.866,0,0,0,0,1.34119,0.99997,1.0972,4,1,1,0.900148,0,0.903078,0.927736,0,0,40.25,41.2223,39.7223,2072.5,1330,1283.55,965,1388.91,101.742,141.164,141.422,99.8672,102,527.596,24,8.48,5.77867,9.148,90,43.1373,43.5294,0,-0.59375,49.6406,12,12,10.5
48.9,0,0,0,0,1.33997,0.99997,1.09772,4,1,1,0.897706,0,0.903078,0.919923,0,0,40.4723,41.0834,40,2090.75,1330,1280.74,965,1391.56,101.508,141.375,142.219,99.7969,101.883,527.596,24,8.404,5.74667,9.072,90,43.9216,43.9216,0,-0.234375,49.6406,12,12,11.25
48.933,0,0,0,0,1.33319,0.99997,1.09799,4,1,1,0.890138,0,0.897706,0.915529,0,0,40.5278,41.0278,41,2087.5,1340,1283.4,965,1388.91,101.742,142.172,142.57,103.266,102.375,527.596,24,8.5,5.78934,9.168,90,43.9216,43.9216,0,-0.140625,49.6406,11.25,11.25,10.5
48.966,0,0,0,0,1.3363,0.99997,1.09885,4,1,1,0.890138,0,0.897706,0.908937,0,0,40.4723,40.25,40.7223,2085.25,1340,1284.1,965,1391.52,101.813,142.172,142.57,102.563,102.563,527.596,24,8.524,5.78401,9.192,90,43.9216,44.3137,0,-0.46875,49.6406,10.5,10.5,21.75
49,0,0,0,0,1.33777,0.99997,1.09842,4,1,1,0.884279,0,0.897706,0.90674,0,0,40.6667,40.7778,39.8889,2098.5,1340,1281.37,970,1391.56,101.625,142.547,142.664,99.2578,103.148,527.596,24,8.48,5.80534,9.148,90,44.7059,45.0981,0,-0.390625,49.6406,9.75,9.75,9.75
49.033,0,0,0,0,1.33374,0.99997,1.09821,4,1,1,0.880128,0,0.884279,0.903322,0,0,40.7778,40.25,40.0278,2105.5,1340,1280.43,970,1388.91,101.555,142.617,143.602,100.664,102.914,527.596,24,8.596,5.85601,9.264,90,45.4902,45.4902,0,-0.265625,49.6406,9.75,9.75,9.75
49.066,0,0,0,0,1.33667,0.99997,1.09848,4,1,1,0.880128,0,0.884279,0.900148,0,0,40.8889,41.5,41,2106.5,1340,1281.29,970,1391.56,101.602,142.617,143.602,101.555,103.266,529.784,24,8.616,5.86667,9.284,90,46.2745,46.2745,0,0.078125,49.6406,11.25,11.25,12.75
49.1,0,0,0,0,1.33112,0.99997,1.09827,4,1,1,0.87671,0,0.884279,0.895509,0,0,40.8889,40.6111,41.3889,2118.25,1340,1280.9,970,1388.91,101.602,143.555,144,102.844,103.219,529.784,24,8.612,5.84801,9.28,90,46.6667,47.0588,0,-0.59375,49.6406,10.5,10.5,10.5
49.133,0,0,0,0,1.33667,0.99997,1.09763,4,1,1,0.874513,0,0.87671,0.891115,0,0,41.2223,40.6945,41.5278,2123.5,1340,1282.54,970,1394.18,101.766,143.953,144.633,102.328,103.078,529.784,24,8.708,5.92801,9.372,90,47.0588,47.451,0,-0.8125,49.6406,11.25,11.25,11.25
49.166,0,0,0,0,1.33685,0.99997,1.09845,4,1,1,0.874513,0,0.87671,0.890138,0,0,41.1111,41.1389,42.3889,2118,1350,1287.97,970,1394.18,102.211,143.953,144.633,105.539,103.969,529.784,24,8.764,5.93867,9.428,90,47.451,47.8432,0,-0.4375,49.6406,11.25,11.25,11.25
49.2,0,0,0,0,1.33606,0.99997,1.09757,4,1,1,0.87256,0,0.87671,0.882326,0,0,41.4167,41.6945,42.0556,2131,1350,1286.8,970,1388.91,102.141,144.609,144.398,102.914,104.109,529.784,24,8.728,5.96001,9.392,90,48.6275,48.2353,0,-0.3125,49.6406,11.25,11.25,11.25
49.233,0,0,0,0,1.34619,0.99997,1.09787,4,1,1,0.867433,0,0.87256,0.882326,0,0,41.8611,40.9167,41.4167,2143.25,1350,1290.2,970,1396.84,102.445,144.352,145.758,101.344,104.461,529.784,24,8.828,6.01867,9.496,90,48.6275,49.4118,0,-0.4375,49.6406,11.25,11.25,10.5
49.266,0,0,0,0,1.3396,0.99997,1.09854,4,1,1,0.867433,0,0.87256,0.881349,0,0,41.75,43.8056,42.0278,2140,1360,1286.56,970,1391.56,102.117,144.352,145.758,102.656,105.117,532.752,24,8.792,5.98134,9.46,90,49.8039,50.1961,0,-0.65625,49.6406,12,12,10.5
49.3,0,0,0,0,1.34235,0.99997,1.09775,4,1,1,0.863283,0,0.87256,0.873536,0,0,41.8611,40.8889,42.1945,2147.75,1350,1291.95,970,1394.14,102.586,145.711,145.758,103.828,104.203,532.752,24,8.84,6.01867,9.508,90,50.9804,51.7647,0,-0.359375,49.6406,12,12,10.5
49.333,0,0,0,0,1.34497,0.99997,1.099,4,1,1,0.860353,0,0.863283,0.874513,0,0,42.1667,42.3334,42.3889,2155.25,1350,1290.43,970,1394.18,101.953,144.984,146.461,101.602,104.086,532.752,24,8.868,6.09334,9.536,90,52.549,52.549,0,-0.078125,49.6406,12,12,12
49.366,0,0,0,0,1.34161,0.99997,1.09827,4,1,1,0.860353,0,0.863283,0.87256,0,0,41.9167,42.6667,41.5556,2156.75,1360,1287.46,970,1391.56,101.742,144.984,146.461,101.367,105.141,532.752,24,8.828,6.02134,9.496,90,53.3334,52.549,0,-0.65625,49.6406,12,12,12
49.4,0,0,0,0,1.3396,0.99997,1.09702,4,1,1,0.858156,0,0.863283,0.866212,0,0,42,41.4167,41.9723,2167.25,1350,1289.8,970,1391.56,101.953,146.414,146.672,101.602,104.578,532.752,24,8.848,6.03467,9.516,90,53.3334,54.1177,0,-0.328125,49.6406,12,12,12
49.433,0,0,0,0,1.34137,0.99997,1.09717,4,1,1,0.852785,0,0.858156,0.865236,0,0,42.1667,42.6945,42.75,2173.25,1360,1291.64,970,1391.56,102.094,146.648,147.281,103.289,104.438,532.752,24,8.92,6.06667,9.588,90,54.902,55.2941,0,-0.203125,49.6406,12,12,12
49.466,0,0,0,0,1.33905,0.99997,1.09705,4,1,1,0.852785,0,0.858156,0.86255,0,0,42.2778,42.25,42.2223,2174.75,1360,1289.45,970,1391.56,101.93,146.648,147.281,102.023,105.445,534.901,24,8.892,6.06401,9.56,90,56.0785,56.0785,0,0.03125,49.6406,12,12,12
49.5,0,0,0,0,1.33801,0.99997,1.09549,4,1,1,0.84839,0,0.858156,0.860597,0,0,42.5,42.25,42.5,2182.75,1370,1294.57,970,1391.56,102.375,147.234,147.727,102.305,105.656,534.901,24,8.936,6.09867,9.624,90,57.2549,57.2549,0,-0.578125,49.6406,12,12,12
49.533,0,0,0,0,1.34723,0.99997,1.09479,4,1,1,0.84546,0,0.84839,0.855958,0,0,42.6945,43.7778,43.1389,2190.25,1380,1292.73,970,1399.49,102.234,147.68,148.453,101.719,106.641,534.901,24,9.016,6.14934,9.704,90,58.0392,58.4314,0,-0.796875,49.6406,11.25,11.25,11.25
49.566,0,0,0,0,1.34454,0.99997,1.09491,4,1,1,0.84546,0,0.84839,0.855226,0,0,42.8056,42.3611,43.0834,2193.75,1370,1295.9,970,1396.84,102.492,147.68,148.453,102.844,106.945,534.901,24,9.056,6.16534,9.744,90,58.8235,59.6079,0,-0.03125,49.6406,12,12,11.25
49.6,0,0,0,0,1.33557,0.99997,1.0939,4,1,1,0.843019,0,0.84839,0.854249,0,0,42.75,42.25,42.8889,2196.5,1380,1295,970,1388.91,102.445,148.43,148.5,104.063,107.297,534.901,24,9.036,6.14667,9.724,90,60.7843,62.353,0,-0.109375,49.6406,12,12,11.25
49.633,0,0,0,0,1.34259,0.99997,1.09277,4,1,1,0.84131,0,0.843019,0.849611,0,0,43.0834,42.5278,42.7778,2206.75,1380,1293.01,970,1396.84,102.305,148.477,149.414,101.086,107.602,534.901,24,9.076,6.18401,9.744,90,63.1373,63.9216,0,-0.6875,49.6406,12.75,12.75,11.25
49.666,0,0,0,0,1.33911,0.99997,1.09366,4,1,1,0.84131,0,0.843019,0.849611,0,0,43.0278,43.3334,43.1667,2210.25,1380,1291.21,970,1394.18,102.164,148.477,149.414,102.609,108.164,536.991,24,9.044,6.15467,9.712,90,65.4902,66.2745,0,-0.4375,49.6406,12.75,12.75,12
49.7,0,0,0,0,1.33466,0.99997,1.09332,4,1,1,0.839845,0,0.843019,0.849611,0,0,43.0278,44.8056,42.8334,2209.25,1380,1288.28,970,1391.56,101.93,149.367,149.602,100.875,108.258,536.991,24,9.012,6.16001,9.68,90,68.2353,69.0196,0,-0.046875,49.6406,12.75,12.75,12
49.733,0,0,0,0,1.33698,0.99997,1.09345,4,1,1,0.834962,0,0.839845,0.849611,0,0,43.3056,43.4445,43.0834,2221.5,1380,1292.58,970,1394.18,102.305,149.578,149.93,101.953,108.141,536.991,24,9.1,6.21334,9.764,90,70.5883,70.5883,0,0.046875,49.6406,12.75,12.75,12
49.766,0,0,0,0,1.34125,0.99997,1.0936,4,1,1,0.834962,0,0.839845,0.843995,0,0,43.3334,44,43.6667,2229.5,1380,1289.84,970,1399.49,102.094,149.578,149.93,101.648,108.75,536.991,24,9.068,6.19201,9.732,90,72.1569,72.1569,0,-0.328125,49.6406,12.75,12.75,12
49.8,0,0,0,0,1.33643,0.99997,1.09332,4,1,1,0.8313,0,0.839845,0.838624,0,0,43.5,43.5,43.6667,2228.5,1390,1291.84,970,1396.84,102.258,149.883,150.75,102.516,108.773,536.991,24,9.096,6.19467,9.764,90,74.1177,74.1177,0,-0.703125,49.6406,12.75,12.75,12
49.833,0,0,0,0,1.33704,0.99997,1.09357,4,1,1,0.828615,0,0.8313,0.838624,0,0,43.6111,43.5556,43.5556,2234.25,1390,1292.66,970,1396.84,102.352,150.703,150.984,101.93,109.336,536.991,24,9.196,6.27201,9.864,90,75.2941,75.2941,0,-0.203125,49.6406,12.75,12.75,12
49.866,0,0,0,0,1.33759,0.99997,1.0928,4,1,1,0.828615,0,0.8313,0.837648,0,0,43.7778,43.5834,43.5834,2241.25,1390,1291.48,970,1396.84,102.258,150.703,150.984,101.672,109.383,539.081,24,9.176,6.27467,9.844,90,76.8628,76.8628,0,-0.265625,49.6406,12.75,12.75,12
49.9,0,0,0,0,1.33637,0.99997,1.09137,4,1,1,0.826417,0,0.8313,0.830324,0,0,43.8334,44.3056,43.5556,2246.5,1400,1292.42,970,1396.84,102.328,150.938,151.594,102.609,109.969,539.081,24,9.176,6.25867,9.844,90,78.0392,79.2157,0,-0.71875,49.6406,12.75,12.75,12
49.933,0,0,0,0,1.33795,0.99997,1.09103,4,1,1,0.824952,0,0.826417,0.832033,0,0,43.9445,44.5834,44.1945,2255.25,1400,1291.13,970,1399.45,102.258,151.57,152.016,101.859,110.461,539.081,24,9.22,6.29334,9.888,90,80,80.7843,0,-0.40625,49.6406,12.75,12.75,12
49.966,0,0,0,0,1.33325,0.99997,1.0914,4,1,1,0.824952,0,0.826417,0.833986,0,0,44.0278,44.4723,43.6389,2261.5,1390,1289.3,970,1396.84,102.117,151.57,152.016,101.133,110.625,539.081,24,9.2,6.29334,9.868,90,82.353,82.7451,0,-0.34375,49.6406,13.5,13.5,12
50,0,0,0,0,1.33173,0.99997,1.09088,4,1,1,0.823732,0,0.826417,0.834962,0,0,44.0834,44.5,43.3334,2263.25,1390,1287.03,970,1396.8,101.953,151.969,152.602,100.266,110.555,539.081,24,9.176,6.27201,9.844,90,84.7059,85.0981,0,-0.3125,49.6406,14.25,14.25,12
50.033,0,0,0,0,1.32233,0.99997,1.09061,4,1,1,0.822999,0,0.823732,0.832033,0,0,44.0278,44.3056,44.1945,2267.75,1390,1285.12,970,1391.56,101.813,152.555,152.953,103.688,110.531,539.081,24,9.192,6.26934,9.86,90,86.2745,87.0589,0,-0.578125,49.6406,14.25,14.25,14.25
50.066,0,0,0,0,1.32794,0.99997,1.09097,4,1,1,0.822999,0,0.823732,0.825685,0,0,44.1389,44.5556,44.4445,2274.5,1390,1284.77,970,1396.84,101.789,152.555,152.953,101.813,110.742,541.131,24,9.168,6.25867,9.836,90,87.8432,87.8432,0,-0.71875,49.6406,14.25,14.25,14.25
50.1,0,0,0,0,1.32477,0.99997,1.09094,4,1,1,0.822267,0,0.823732,0.822023,0,0,44.3611,44.5556,44.1667,2280,1400,1284.38,970,1394.22,101.766,152.906,153.727,101.039,111.141,541.131,24,9.168,6.26401,9.836,90,89.4118,89.4118,0,-0.078125,49.6406,14.25,14.25,14.25
50.133,0,0,0,0,1.32532,0.99997,1.09198,4,1,1,0.821779,0,0.822267,0.824708,0,0,44.4167,45.25,44.5834,2285.5,1400,1287.34,970,1396.8,102.023,153.703,154.031,102.094,111.117,541.131,24,9.244,6.29067,9.912,90,90.1961,90.5883,0,-0.359375,49.6406,14.25,14.25,14.25
50.166,0,0,0,0,1.32868,0.99997,1.09064,4,1,1,0.821779,0,0.822267,0.821046,0,0,44.5278,45.3889,44.8611,2293.25,1400,1285.31,970,1402.11,101.883,153.703,154.031,101.25,111.258,541.131,24,9.212,6.30134,9.88,90,91.3726,91.3726,0,-0.609375,49.6406,14.25,14.25,14.25
50.2,0,0,0,0,1.32318,0.99997,1.08939,4,1,1,0.821534,0,0.822267,0.814699,0,0,44.6667,45.2778,44.0834,2294.75,1410,1284.1,965,1399.49,101.789,154.008,154.5,100.523,111.82,541.131,24,9.192,6.28001,9.86,90,92.9412,92.5491,0,-0.234375,49.6406,14.25,14.25,14.25
50.233,0,0,0,0,1.31598,0.99997,1.08896,4,1,1,0.821046,0,0.821534,0.815675,0,0,44.6389,45.2778,44.4445,2301.5,1400,1281.56,965,1394.22,101.602,154.453,154.992,100.43,111.773,541.131,24,9.152,6.24801,9.82,90,93.3334,93.7255,0,-0.28125,49.6406,14.25,14.25,14.25
50.266,0,0,0,0,1.31256,0.99997,1.08786,4,1,1,0.821046,0,0.821534,0.813722,0,0,44.7778,44.9723,44.75,2314,1400,1283.83,965,1391.56,101.813,154.453,154.992,102.867,111.867,543.182,24,9.164,6.24801,9.832,90,95.2942,94.902,0,-0.59375,49.6406,14.25,14.25,14.25
50.3,0,0,0,0,1.31983,0.99997,1.08679,4,1,1,0.821046,0,0.821534,0.815675,0,0,45.0556,45.2778,44.6389,2312.25,1410,1284.8,965,1399.45,101.883,154.945,155.648,100.359,112.313,543.182,24,9.188,6.27734,9.856,90,96.4706,96.0785,0,-0.65625,49.6406,14.25,14.25,14.25
50.333,0,0,0,0,1.31885,0.99997,1.08606,4,1,1,0.820802,0,0.821046,0.818361,0,0,44.8889,45.2223,44.4445,2315.25,1410,1281.05,965,1399.49,101.602,156.023,155.813,100.172,112.336,543.182,24,9.136,6.23734,9.804,90,96.8628,96.8628,0,0.15625,49.6406,14.25,14.25,14.25
50.366,0,0,0,0,1.31781,0.99997,1.0849,4,1,1,0.820802,0,0.821046,0.817384,0,0,45.1667,45.1945,44.6667,2325,1400,1281.52,965,1399.49,101.906,156.023,155.813,100.359,112.5,543.182,24,9.16,6.27467,9.828,90,97.2549,97.6471,0,-0.125,49.6406,14.25,14.25,15
50.4,0,0,0,0,1.31403,0.99997,1.08463,4,1,1,0.820558,0,0.821046,0.817384,0,0,45.3056,45.9445,45.3889,2332.5,1410,1283.01,965,1396.84,102.047,155.766,156.633,102.422,113.25,543.182,24,9.168,6.25867,9.856,90,98.0392,98.4314,0,-0.65625,49.6406,15,15,15
50.433,0,0,0,0,1.31043,0.99997,1.08444,4,1,1,0.820558,0,0.820558,0.816408,0,0,45.3611,45.8334,45.1945,2336.25,1410,1282.11,965,1394.18,102,156.586,157.078,102.445,113.25,543.182,24,9.156,6.25334,9.844,90,98.4314,98.8236,0,-0.65625,49.6406,15,15,15
50.466,0,0,0,0,1.31928,0.99997,1.08414,4,1,1,0.820558,0,0.820558,0.818361,0,0,45.5834,46,44.9167,2342.25,1410,1280.63,965,1404.73,101.859,156.586,157.078,100.125,112.992,545.291,24,9.144,6.27467,9.832,90,98.8236,99.2157,0,-0.21875,49.6406,15,15,15
50.5,0,0,0,0,1.31134,0.99997,1.08359,4,1,1,0.820558,0,0.820558,0.817384,0,0,45.5834,45.8056,45.6667,2343.75,1420,1282.07,965,1399.49,102,157.055,157.43,102.68,113.602,545.291,24,9.156,6.24801,9.844,90,99.2157,99.6079,0,-0.375,49.6406,15,15,15
50.533,0,0,0,0,1.3125,0.99997,1.08337,4,1,1,0.820558,0,0.820558,0.815675,0,0,45.6389,45.9445,45.75,2351.75,1420,1278.59,965,1402.07,101.719,157.406,157.945,101.32,113.508,545.291,24,9.12,6.24001,9.808,90,99.6079,99.6079,0,-0.890625,49.6406,15,15,15
50.566,0,0,0,0,1.31268,0.99997,1.08258,4,1,1,0.820558,0,0.820558,0.813722,0,0,45.9723,45.9445,46.1667,2361,1420,1282.46,965,1402.11,102.07,157.406,157.945,101.859,113.836,545.291,24,9.164,6.26934,9.852,90,99.6079,99.6079,0,-0.4375,49.6406,15,15,15
50.6,0,0,0,0,1.30945,0.99997,1.08167,4,1,1,0.820314,0,0.820558,0.812745,0,0,45.8611,46.8611,47.0556,2358.5,1420,1282.5,965,1399.49,102.07,157.898,158.602,104.391,114.07,545.291,24,9.14,6.23201,9.828,90,100,100,0,-0.40625,49.6406,15,15,15
50.633,0,0,0,0,1.31171,0.99997,1.08109,4,1,1,0.820314,0,0.820314,0.813722,0,0,46.1667,45.9167,46.1945,2368,1420,1284.8,965,1402.11,102.281,158.555,158.789,102.094,114.023,545.291,24,9.164,6.27201,9.832,90,100,100,0,-0.703125,49.6406,15,15,15
50.666,0,0,0,0,1.315,0.99997,1.08072,4,1,1,0.820314,0,0.820314,0.816408,0,0,46.5,46.9167,46,2375.75,1430,1284.92,965,1404.73,102.328,158.555,158.789,100.711,114.328,547.987,24,9.192,6.28267,9.86,90,100,100,0,-0.546875,49.6406,15,15,15
50.7,0,0,0,0,1.30512,0.99997,1.07953,4,1,1,0.820314,0,0.820314,0.816408,0,0,46.2223,46.5556,47.3334,2382.25,1430,1286.68,965,1396.84,102.469,158.742,159.633,105.563,114.844,547.987,24,9.164,6.23467,9.832,90,100,100,0,-0.171875,49.6406,15,15,15
50.733,0,0,0,0,1.30591,0.99997,1.07929,4,1,1,0.820314,0,0.820314,0.817384,0,0,46.5,46.6111,46.75,2389.25,1430,1283.91,965,1399.49,102.234,159.586,160.125,103.125,114.727,547.987,24,9.128,6.24001,9.796,90,100,100,0,-0.6875,49.6406,15,15,15
50.766,0,0,0,0,1.31098,0.99997,1.07913,4,1,1,0.820314,0,0.820314,0.818361,0,0,46.75,46.7778,46.3611,2391.75,1430,1284.38,965,1404.73,102.305,159.586,160.125,100.664,114.82,547.987,24,9.164,6.27734,9.832,90,100,100,0,-0.5625,49.6406,15.75,15.75,15
50.8,0,0,0,0,1.30731,0.99997,1.07922,4,1,1,0.820314,0,0.820314,0.821046,0,0,46.75,46.6389,47.8056,2393,1440,1290.12,965,1402.11,102.797,160.102,160.266,104.578,115.453,547.987,24,9.224,6.27734,9.892,90,100,100,0,-0.15625,49.6406,15.75,15.75,15
50.833,0,0,0,0,1.31293,0.99997,1.07913,4,1,1,0.820314,0,0.820314,0.821046,0,0,47.0278,46.8611,46.8889,2407.25,1440,1284.92,965,1407.34,102.352,160.219,161.133,100.898,115.289,547.987,24,9.16,6.29334,9.828,90,100,100,0,-0.375,49.6406,15.75,15.75,15
50.866,0,0,0,0,1.30219,0.99997,1.07925,4,1,1,0.820314,0,0.820314,0.821046,0,0,47.25,47.4167,46.8334,2410,1440,1289.65,965,1396.84,102.75,160.219,161.133,103.453,115.617,550.077,24,9.216,6.29601,9.884,90,100,100,0,-0.375,49.6406,15.75,15.75,15
50.9,0,0,0,0,1.30371,0.99997,1.07929,4,1,1,0.820314,0,0.820314,0.818361,0,0,47.1389,47.4723,47.5834,2411.5,1440,1290.43,965,1399.49,102.844,161.086,161.367,104.508,115.781,550.077,24,9.224,6.28801,9.892,90,100,100,0,-0.5625,49.6406,15.75,15.75,15
50.933,0,0,0,0,1.31696,0.99997,1.07895,4,1,1,0.820314,0,0.820314,0.816408,0,0,47.3889,47.9445,46.8334,2422.25,1440,1283.13,965,1415.27,102.234,161.32,162.047,98.7656,115.664,550.077,24,9.144,6.29601,9.824,90,100,100,0,-0.5625,49.6406,15.75,15.75,15.75
50.966,0,0,0,0,1.30054,0.99997,1.07871,4,1,1,0.820314,0,0.820314,0.817384,0,0,47.6111,47.3611,47.0278,2425.5,1450,1289.53,965,1402.11,102.797,161.32,162.047,102.305,116.203,550.077,24,9.216,6.30667,9.896,90,100,100,0,-0.21875,49.6406,15.75,15.75,15.75
51,0,0,0,0,1.30017,0.99997,1.07825,4,1,1,0.820314,0,0.820314,0.82007,0,0,47.6111,47.3334,48.7223,2427.5,1450,1295.51,970,1399.49,103.289,162,162.398,106.406,116.461,550.077,24,9.272,6.30667,9.952,90,100,100,0,-0.578125,49.6406,15.75,15.75,15.75
51.033,0,0,0,0,1.30859,0.99997,1.07849,4,1,1,0.820314,0,0.820314,0.822023,0,0,47.9723,47.6389,48.0834,2440.75,1450,1294.53,970,1404.77,103.219,162.352,163.078,102.773,116.32,550.077,24,9.268,6.33601,9.936,90,100,100,0,-0.59375,49.6406,15.75,15.75,15.75
51.066,0,0,0,0,1.30762,0.99997,1.07816,4,1,1,0.820314,0,0.820314,0.822023,0,0,48.1389,48.6111,47.8056,2440.25,1450,1296.05,970,1402.11,103.359,162.352,163.078,102.891,116.813,552.264,24,9.276,6.35201,9.944,90,100,100,0,-0.09375,49.6406,15.75,15.75,15.75
51.1,0,0,0,0,1.31165,0.99997,1.07871,4,1,1,0.820314,0,0.820314,0.822999,0,0,48.1389,48.5556,48.8056,2444.75,1450,1298.16,970,1407.34,103.57,163.055,163.148,105.445,116.977,552.264,24,9.292,6.34134,9.96,90,100,100,0,-0.53125,49.6406,15.75,15.75,15.75
51.133,0,0,0,0,1.30255,0.99997,1.07861,4,1,1,0.820314,0,0.820314,0.819337,0,0,48.4167,48.4167,48.6667,2458,1450,1297.15,970,1399.53,103.453,163.102,164.414,104.648,116.836,552.264,24,9.284,6.33601,9.952,90,100,100,0,-0.890625,49.6406,16.5,16.5,15.75
51.166,0,0,0,0,1.30573,0.99997,1.07858,4,1,1,0.820314,0,0.820314,0.818361,0,0,48.5834,48.7223,48.5,2459.25,1460,1296.56,970,1402.11,103.43,163.102,164.414,102.281,117.469,552.264,24,9.284,6.35734,9.952,90,100,100,0,-0.265625,49.6406,16.5,16.5,15.75
51.2,0,0,0,0,1.30676,0.99997,1.07825,4,1,1,0.820314,0,0.820314,0.815675,0,0,48.5834,48.5834,47.5834,2467,1460,1296.41,970,1404.77,103.43,164.367,164.461,101.039,117.422,552.264,24,9.26,6.34134,9.928,90,100,100,0,-0.234375,49.6406,16.5,16.5,15.75
51.233,0,0,0,0,1.31073,0.99997,1.07788,4,1,1,0.820314,0,0.820314,0.815675,0,0,48.7778,48.7223,48.6389,2470,1460,1297.81,970,1410,103.57,164.414,165.117,101.766,117.352,552.264,24,9.272,6.34401,9.94,90,100,100,0,-0.859375,49.6406,16.5,16.5,15.75
51.266,0,0,0,0,1.30933,0.99997,1.07623,4,1,1,0.820314,0,0.820314,0.811036,0,0,48.8334,48.6667,49,2476.25,1470,1296.41,970,1407.38,103.453,164.414,165.117,103.359,118.242,554.413,24,9.256,6.34934,9.924,90,100,100,0,-0.390625,49.6406,16.5,16.5,15.75
51.3,0,0,0,0,1.31439,0.99997,1.07529,4,1,1,0.820314,0,0.820314,0.811036,0,0,49,48.8612,49.0278,2485.5,1470,1295.7,970,1412.66,103.406,165.07,165.633,101.93,118.289,554.413,24,9.236,6.34134,9.916,90,100,100,0,-0.234375,49.6406,16.5,16.5,15.75
51.333,0,0,0,0,1.3006,0.99997,1.07465,4,1,1,0.820314,0,0.820314,0.812745,0,0,49.2778,49.4445,49.5278,2486.5,1470,1301.13,970,1396.84,103.875,165.586,166.125,106.172,118.219,554.413,24,9.28,6.35734,9.96,90,100,100,0,-0.640625,49.6406,16.5,16.5,15.75
51.366,0,0,0,0,1.31287,0.99997,1.07294,4,1,1,0.820314,0,0.820314,0.811769,0,0,49.3612,49.8334,49.0556,2492,1470,1299.53,970,1407.38,103.758,165.586,166.125,102.516,118.594,554.413,24,9.244,6.35467,9.924,90,100,100,0,-0.546875,49.6406,16.5,16.5,15.75
51.4,0,0,0,0,1.30957,0.99997,1.07248,4,1,1,0.820314,0,0.820314,0.815675,0,0,49.4167,49.6945,49.3056,2499.75,1480,1297.42,970,1407.38,103.594,166.078,166.523,103.102,118.945,554.413,24,9.216,6.31734,9.896,90,100,100,0,-0.109375,49.6406,16.5,16.5,15.75
51.433,0,0,0,0,1.29932,0.99997,1.07199,4,1,1,0.820314,0,0.820314,0.818361,0,0,49.3612,49.3334,50.1667,2505.25,1480,1301.84,970,1396.88,103.969,166.5,167.016,107.695,118.898,554.413,24,9.256,6.29867,9.936,90,100,100,0,-0.4375,49.6406,16.5,16.5,15.75
51.466,0,0,0,0,1.3147,0.99997,1.07129,4,1,1,0.820314,0,0.820314,0.816408,0,0,49.75,49.8889,50.1945,2509.75,1480,1301.25,970,1412.7,103.945,166.5,167.016,103.43,119.297,556.483,24,9.26,6.34134,9.94,90,100,100,0,-0.875,49.6406,16.5,16.5,15.75
51.5,0,0,0,0,1.30786,0.99997,1.0715,4,1,1,0.820314,0,0.820314,0.82007,0,0,50,49.6389,50.7778,2518.25,1480,1306.48,970,1404.8,104.367,166.969,167.508,106.523,119.555,556.483,24,9.324,6.35467,10.004,90,100,100,0,-0.15625,49.6406,16.5,16.5,15.75
51.533,0,0,0,0,1.31036,0.99997,1.07221,4,1,1,0.820314,0,0.820314,0.823732,0,0,50.3334,49.75,51.0278,2520.25,1480,1309.84,970,1404.77,104.672,167.461,167.977,106.664,119.555,556.483,24,9.376,6.41334,10.056,90,100,100,0,-0.21875,49.6406,16.5,16.5,15.75
51.566,0,0,0,0,1.31751,0.99997,1.07263,4,1,1,0.820314,0,0.820314,0.825685,0,0,50.3889,51,49.7778,2527.75,1490,1304.84,970,1410.04,104.25,167.461,167.977,102.328,119.859,556.483,24,9.328,6.41067,10.008,90,100,100,0,-0.625,49.6406,17.25,17.25,16.5
51.6,0,0,0,0,1.31275,0.99997,1.07318,4,1,1,0.820314,0,0.820314,0.824708,0,0,50.6112,50.8334,50.5278,2534.5,1490,1308.05,970,1407.34,104.648,168.141,168.656,104.273,120.258,556.483,24.75,9.376,6.41334,10.044,90,100,100,0,-0.609375,49.6406,17.25,17.25,16.5
51.633,0,0,0,0,1.31409,0.99997,1.07398,4,1,1,0.820314,0,0.820314,0.824708,0,0,50.6389,50.8056,51.2223,2535.25,1490,1308.83,970,1410.04,104.742,169.102,168.773,105.938,120.211,556.483,24.75,9.396,6.42667,10.064,90,100,100,0,-0.09375,49.6406,17.25,17.25,16.5
51.666,0,0,0,0,1.31574,0.99997,1.07443,4,1,1,0.820314,0,0.820314,0.822023,0,0,50.75,50.9445,50.6112,2545.75,1490,1302.19,970,1412.66,104.484,169.102,168.773,103.313,120.727,559.256,24.75,9.364,6.41601,10.032,90,100,100,0,-0.421875,49.6406,17.25,17.25,16.5
51.7,0,0,0,0,1.30328,0.99997,1.07419,4,1,1,0.820314,0,0.820314,0.816408,0,0,51.0834,50.75,51.0556,2550.25,1500,1305.47,970,1399.49,104.93,169.055,169.688,104.977,121.43,559.256,24.75,9.42,6.42667,10.088,90,100,100,0,-0.75,49.6406,16.5,16.5,16.5
51.733,0,0,0,0,1.30841,0.99997,1.07474,4,1,1,0.820314,0,0.820314,0.821046,0,0,51.3056,50.6667,51.1667,2554.25,1500,1311.95,970,1402.11,105.492,169.664,169.758,105.703,121.43,559.256,24.75,9.488,6.48001,10.156,90,100,100,0,-0.5625,49.6406,16.5,16.5,16.5
51.766,0,0,0,0,1.31787,0.99997,1.07431,4,1,1,0.820314,0,0.820314,0.82007,0,0,51.3334,51.0278,52.7778,2562.5,1500,1312.5,970,1410,105.563,169.664,169.758,106.547,121.289,559.256,24.75,9.496,6.47201,10.164,90,100,100,0,-0.203125,49.6406,14.25,14.25,14.25
51.8,0,0,0,0,1.31183,0.99997,1.07465,4,1,1,0.820314,0,0.820314,0.822023,0,0,51.7223,51.5834,51.6667,2568,1500,1310.35,970,1404.77,105.516,169.945,170.414,105.656,121.805,559.256,24.75,9.496,6.47467,10.164,90,100,100,0,-0.734375,49.6406,16.5,16.5,16.5
51.833,0,0,0,0,1.31232,0.99997,1.07382,4,1,1,0.820314,0,0.820314,0.821046,0,0,51.7778,51.6112,52,2574.75,1500,1311.91,970,1404.77,105.656,170.414,170.531,105.867,121.781,559.256,24.75,9.504,6.48534,10.172,90,100,100,0,-0.296875,49.6406,17.25,17.25,16.5
51.866,0,0,0,0,1.31091,0.99997,1.07523,4,1,1,0.820314,0,0.820314,0.82837,0,0,52.0278,51.5556,52.6945,2579.75,1500,1315.94,970,1402.11,106.008,170.414,170.531,107.719,121.969,561.502,24.75,9.552,6.49601,10.22,90,100,100,0,-0.34375,49.6406,17.25,17.25,16.5
51.9,0,0,0,0,1.31128,0.99997,1.0759,4,1,1,0.820314,0,0.820314,0.82837,0,0,52.0834,51.5556,53.3334,2590.25,1500,1313.4,970,1402.15,105.961,170.766,171.328,109.266,122.273,561.502,24.75,9.552,6.48801,10.232,90,100,100,0,-0.734375,49.6406,17.25,17.25,16.5
51.933,0,0,0,0,1.31647,0.99997,1.07614,4,1,1,0.820314,0,0.820314,0.824708,0,0,52.3612,51.7778,51.8612,2590,1500,1313.71,970,1404.77,105.984,171.375,171.609,105.188,122.25,561.502,24.75,9.56,6.52001,10.24,90,100,100,0,-0.59375,49.6406,17.25,17.25,16.5
51.966,0,0,0,0,1.33258,0.99997,1.07712,4,1,1,0.820314,0,0.820314,0.825685,0,0,52.4723,52.3889,52.3334,2596.5,1510,1309.02,970,1420.63,105.656,171.375,171.609,102.539,122.531,561.502,24.75,9.516,6.52267,10.196,90,100,100,0,-0.265625,49.6406,17.25,17.25,16.5
52,0,0,0,0,1.32385,0.99997,1.07745,4,1,1,0.820314,0,0.820314,0.819337,0,0,52.6389,52.0556,53.6112,2603.25,1510,1315.23,970,1410.04,106.242,171.703,171.938,107.625,122.953,561.502,24.75,9.596,6.52801,10.276,90,100,100,0,-0.765625,49.6406,17.25,17.25,16.5
52.033,0,0,0,0,1.3266,0.99997,1.0762,4,1,1,0.820314,0,0.820314,0.808107,0,0,52.8334,52.9445,53.0834,2613,1510,1314.38,970,1410.04,106.289,172.125,172.805,106.406,122.883,561.502,24.75,9.584,6.52534,10.264,90,100,100,0,-0.78125,49.6406,17.25,17.25,16.5
52.066,0,0,0,0,1.32904,0.99997,1.07541,4,1,1,0.820314,0,0.820314,0.807374,0,0,53.2778,52.8334,52.8889,2613.5,1510,1320.16,970,1410.04,106.781,172.125,172.805,105.984,123.211,563.827,24.75,9.676,6.58401,10.356,90,100,100,0,-0.234375,49.6406,17.25,17.25,16.5
52.1,0,0,0,0,1.3255,0.99997,1.07394,4,1,1,0.820314,0,0.820314,0.813722,0,0,53.5278,52.9167,53.5278,2624.5,1510,1321.6,970,1407.38,106.945,172.852,172.852,106.758,123.516,563.827,24.75,9.668,6.57601,10.336,90,100,100,0,-0.25,49.6406,17.25,17.25,16.5
52.133,0,0,0,0,1.3255,0.99997,1.07193,4,1,1,0.820314,0,0.820314,0.812745,0,0,53.3612,52.9167,53.8889,2627.5,1510,1318.52,970,1404.77,106.828,173.063,173.555,108.516,123.469,563.827,24.75,9.608,6.53067,10.276,90,100,100,0,-0.8125,49.6406,17.25,17.25,16.5
52.166,0,0,0,0,1.33228,0.99997,1.07083,4,1,1,0.820314,0,0.820314,0.811769,0,0,53.75,53.1945,54.0834,2628.75,1520,1322.7,970,1410.04,107.18,173.063,173.555,107.133,123.984,563.827,24.75,9.66,6.57334,10.328,90,100,100,0,-0.359375,49.6406,17.25,17.25,16.5
52.2,0,0,0,0,1.336,0.99997,1.07044,4,1,1,0.820314,0,0.820314,0.816408,0,0,54.0556,53.3056,53.9723,2645.25,1520,1323.44,970,1410.04,107.297,173.602,173.813,106.242,124.148,563.827,24.75,9.68,6.60001,10.348,90,100,100,0,-0.03125,49.6406,17.25,17.25,16.5
52.233,0,0,0,0,1.32977,0.99997,1.07059,4,1,1,0.820314,0,0.820314,0.82007,0,0,54.2778,53.7223,54.8334,2643.5,1520,1327.97,970,1402.11,107.672,173.977,174.398,111.516,124.148,563.827,24.75,9.716,6.61601,10.384,90,100,100,0,-0.6875,49.6406,17.25,17.25,16.5
52.266,0,0,0,0,1.3443,0.99997,1.07034,4,1,1,0.820314,0,0.820314,0.817384,0,0,54.3334,54.5278,54.3889,2647.25,1520,1325.74,970,1412.7,107.602,173.977,174.398,106.336,124.594,566.776,24.75,9.7,6.61334,10.368,90,100,100,0,-0.609375,49.6406,17.25,17.25,16.5
52.3,0,0,0,0,1.33698,0.99997,1.07004,4,1,1,0.820314,0,0.820314,0.815675,0,0,54.6945,54.2223,55.0556,2661.25,1520,1328.05,970,1404.77,107.859,174.516,174.82,109.125,124.734,566.776,24.75,9.728,6.61867,10.424,90,100,100,0,-0.15625,49.6406,17.25,17.25,16.5
52.333,0,0,0,0,1.34308,0.99997,1.06961,4,1,1,0.820314,0,0.820314,0.814699,0,0,54.75,54.4723,54.6112,2663.5,1520,1326.99,970,1410.04,107.789,175.008,175.43,106.852,124.734,566.776,24.75,9.716,6.61067,10.412,90,100,100,0,-0.53125,49.6406,17.25,17.25,16.5
52.366,0,0,0,0,1.3421,0.99997,1.06912,4,1,1,0.820314,0,0.820314,0.813722,0,0,54.9723,54.4167,55.7223,2670.75,1530,1328.63,970,1407.42,108.047,175.008,175.43,109.57,125.156,566.776,24.75,9.732,6.60801,10.428,90,100,100,0,-0.703125,49.6406,17.25,17.25,16.5
52.4,0,0,0,0,1.33399,0.99997,1.06882,4,1,1,0.820314,0,0.820314,0.818361,0,0,55.1945,54.7223,55.1945,2675.75,1530,1327.89,970,1396.88,108.07,175.57,175.945,106.898,125.555,566.776,24.75,9.724,6.62934,10.42,90,100,100,0,-0.125,49.6406,17.25,17.25,16.5
52.433,0,0,0,0,1.35437,0.99997,1.06793,4,1,1,0.820314,0,0.820314,0.821046,0,0,55.5,54.9445,55.75,2681.5,1530,1332.58,970,1412.66,108.469,176.039,176.367,107.578,125.531,566.776,24.75,9.78,6.64801,10.46,90,100,100,0,-0.421875,49.6406,18,18,17.25
52.466,0,0,0,0,1.35828,0.99997,1.06873,4,1,1,0.820314,0,0.820314,0.82837,0,0,55.6667,55.8889,55.5834,2689.25,1530,1332.77,970,1415.31,108.539,176.039,176.367,106.594,125.906,569.276,24.75,9.78,6.66401,10.46,90,100,100,0,-0.53125,49.6406,18,18,17.25
52.5,0,0,0,0,1.35266,0.99997,1.06998,4,1,1,0.820314,0,0.820314,0.829347,0,0,55.6667,55.6112,56.25,2691.75,1540,1334.69,970,1410.04,108.773,176.461,176.672,109.969,126.328,569.276,24.75,9.82,6.65867,10.5,90,100,100,0,-0.234375,49.6406,18,18,17.25
52.533,0,0,0,0,1.34839,0.99997,1.07147,4,1,1,0.820314,0,0.820314,0.830324,0,0,56.0834,55.4723,55.8334,2703.5,1540,1334.1,970,1404.77,108.727,176.93,177.516,109.477,126.258,569.276,24.75,9.82,6.67468,10.5,90,100,100,0,-0.359375,49.6406,18,18,17.25
52.566,0,0,0,0,1.35486,0.99997,1.07217,4,1,1,0.820314,0,0.820314,0.82837,0,0,56.3056,55.75,56.9445,2705.5,1540,1340.16,970,1410.04,109.406,176.93,177.516,109.523,126.586,569.276,24.75,9.912,6.70934,10.592,90,100,100,0,-0.375,49.6406,18,18,17.25
52.6,0,0,0,0,1.35108,0.99997,1.07398,4,1,1,0.820314,0,0.820314,0.825685,0,0,56.5278,55.7223,56.3334,2709.75,1540,1339.61,970,1402.11,109.359,177.469,177.469,108.844,126.891,569.276,24.75,9.948,6.75468,10.628,90,100,100,0,-0.203125,49.6406,18,18,17.25
52.633,0,0,0,0,1.35065,0.99997,1.0751,4,1,1,0.820314,0,0.820314,0.827638,0,0,56.8334,55.5556,57.1112,2721.25,1540,1341.13,970,1399.53,109.477,177.773,178.43,112.008,126.844,569.276,24.75,9.964,6.77068,10.644,90,100,100,0,-0.203125,49.6406,18,18,17.25
52.666,0,0,0,0,1.35236,0.99997,1.07581,4,1,1,0.820314,0,0.820314,0.827638,0,0,56.9445,56.4167,56.8334,2722,1540,1341.21,970,1399.53,109.664,177.773,178.43,111.773,127.289,571.678,24.75,9.96,6.76001,10.64,90,100,100,0,-0.5,49.6406,18,18,17.25
52.7,0,0,0,0,1.35077,0.99997,1.07657,4,1,1,0.820314,0,0.820314,0.82837,0,0,57.0556,56.3612,56.2223,2728.5,1550,1342.23,970,1396.84,109.805,178.477,178.664,112.875,127.5,571.678,24.75,10.004,6.77601,10.672,90,100,100,0,-0.46875,49.6406,18,18,17.25
52.733,0,0,0,0,1.35907,0.99997,1.07758,4,1,1,0.820314,0,0.820314,0.830324,0,0,57.3056,56.7223,57.6667,2737.25,1540,1341.09,970,1404.77,109.711,178.828,179.273,111.141,127.43,571.678,24.75,10,6.79468,10.668,90,100,100,0,-0.140625,49.6406,18,18,17.25
52.766,0,0,0,0,1.36377,0.99997,1.07886,4,1,1,0.820314,0,0.820314,0.830324,0,0,57.3612,56.9167,57.6389,2742,1550,1341.02,970,1410.04,109.805,178.828,179.273,109.664,127.969,571.678,24.75,10.028,6.80801,10.696,90,100,100,0,-0.546875,49.6406,18,18,17.25
52.8,0,0,0,0,1.3631,0.99997,1.08041,4,1,1,0.820314,0,0.820314,0.8313,0,0,57.6389,56.8889,58.1389,2751.5,1550,1343.63,970,1407.38,110.086,179.367,179.625,110.953,128.25,571.678,24.75,10.064,6.82668,10.732,90,100,100,0,-0.28125,49.6406,18,18,17.25
52.833,0,0,0,0,1.36322,0.99997,1.08063,4,1,1,0.820314,0,0.820314,0.826661,0,0,57.8612,57.0556,57.8334,2754,1550,1343.52,970,1404.8,110.086,179.766,180.141,109.547,128.227,571.678,24.75,10.064,6.83734,10.732,90,100,100,0,-0.21875,49.6406,18,18,17.25
52.866,0,0,0,0,1.36444,0.99997,1.08145,4,1,1,0.820314,0,0.820314,0.822999,0,0,58,56.9445,58.6945,2761.5,1550,1346.68,970,1404.8,110.461,179.766,180.141,112.219,128.648,574.041,24.75,10.112,6.85068,10.78,90,100,100,0,-0.5,49.6406,18,18,17.25
52.9,0,0,0,0,1.36786,0.99997,1.08164,4,1,1,0.820314,0,0.820314,0.817384,0,0,58.3334,57.9445,57.3056,2767,1560,1344.49,970,1404.8,110.367,180.281,180.703,109.477,128.953,574.041,24.75,10.104,6.87468,10.792,90,100,100,0,-0.234375,49.6406,18,18,17.25
52.933,0,0,0,0,1.37195,0.99997,1.08045,4,1,1,0.820314,0,0.820314,0.809083,0,0,58.2778,58.1112,58.9723,2773.75,1560,1343.32,970,1410.04,110.344,180.82,181.055,111.117,128.906,574.041,24.75,10.088,6.83734,10.776,90,100,100,0,0,49.6406,18,18,17.25
52.966,0,0,0,0,1.36792,0.99997,1.07892,4,1,1,0.820314,0,0.820314,0.806398,0,0,58.5556,58.25,58.3612,2780.5,1560,1341.76,970,1404.8,110.203,180.82,181.055,109.008,129.117,574.041,24.75,10.056,6.85334,10.744,90,100,100,0,-0.625,49.6406,18,18,17.25
53,0,0,0,0,1.37073,0.99997,1.0762,4,1,1,0.820314,0,0.820314,0.804445,0,0,58.6945,58.0556,58.5278,2786.5,1560,1344.88,970,1404.77,110.578,181.219,181.617,111.023,129.117,574.041,24.75,10.072,6.84534,10.76,90.75,100,100,0,-0.65625,49.6406,18,18,17.25
53.033,0,0,0,0,1.38318,0.99997,1.07498,4,1,1,0.820314,0,0.820314,0.807374,0,0,59.0278,58.6112,58.8334,2797.25,1560,1342.19,970,1417.97,110.344,181.828,182.391,107.766,129.07,574.041,24.75,10.008,6.85068,10.688,90.75,100,100,0,-0.046875,49.6406,18,18,17.25
53.066,0,0,0,0,1.37787,0.99997,1.07282,4,1,1,0.820314,0,0.820314,0.805421,0,0,59.0834,58.3612,58.9167,2795.75,1550,1345.12,970,1410.04,110.742,181.828,182.391,109.875,129.094,577.127,24.75,10.048,6.83734,10.728,90.75,100,100,0,-0.375,49.6406,18,18,17.25
53.1,0,0,0,0,1.3689,0.99997,1.07001,4,1,1,0.820314,0,0.820314,0.801759,0,0,59.0278,58.2223,59.3056,2804.75,1550,1343.59,970,1399.49,110.625,182.367,182.414,111.68,129.07,577.127,24.75,9.992,6.78134,10.672,90,100,100,0,-0.4375,49.6406,18,18,17.25
53.133,0,0,0,0,1.37036,0.99997,1.06796,4,1,1,0.820314,0,0.820314,0.800782,0,0,59.5556,58.8612,59.7778,2812.75,1550,1347.89,970,1399.49,110.977,182.648,183.188,113.414,129.047,577.127,24.75,10.032,6.81868,10.7,90,100,100,0,-0.21875,49.6406,18,18,17.25
53.166,0,0,0,0,1.37537,0.99997,1.06702,4,1,1,0.820314,0,0.820314,0.808107,0,0,59.6667,59.0834,59.4723,2814.75,1550,1347.93,970,1404.77,111.117,182.648,183.188,111.328,129.07,577.127,24.75,10.032,6.82668,10.7,90,100,100,0,-0.140625,49.6406,18,18,17.25
53.2,0,0,0,0,1.37781,0.99997,1.06467,4,1,1,0.820314,0,0.820314,0.806398,0,0,59.8889,59.1945,59.3056,2827.5,1550,1347.38,970,1404.77,111.117,183.234,183.422,110.508,129.047,577.127,24.75,10.004,6.81868,10.684,90,100,100,0,-0.296875,49.6406,18,18,17.25
53.233,0,0,0,0,1.38092,0.99997,1.06336,4,1,1,0.820314,0,0.820314,0.807374,0,0,59.8889,59.3056,60.2223,2829.25,1550,1346.29,970,1407.38,111.117,183.563,183.961,111.445,129.047,577.127,24.75,9.988,6.77068,10.668,90,100,100,0,0.09375,49.6406,18,18,17.25
53.266,0,0,0,0,1.39508,0.99997,1.06204,4,1,1,0.820314,0,0.820314,0.81006,0,0,59.9723,59.9167,59.5556,2836.5,1550,1339.3,970,1420.63,110.508,183.563,183.961,106.945,129.023,579.686,24.75,9.88,6.77601,10.56,90,100,100,0,-0.78125,49.6406,17.25,17.25,17.25
53.3,0,0,0,0,1.38934,0.99997,1.06061,4,1,1,0.820314,0,0.820314,0.811036,0,0,60.3612,59.6667,59.75,2844.25,1550,1343.28,970,1412.66,110.93,184.078,184.406,108.797,129,579.686,24.75,9.928,6.78934,10.608,90,100,100,0,-0.59375,49.6406,18,18,17.25
53.333,0,0,0,0,1.39099,0.99997,1.06116,4,1,1,0.820314,0,0.820314,0.816408,0,0,60.5278,60.5556,60.9445,2849.5,1550,1347.27,970,1412.7,111.281,184.594,185.109,110.93,128.977,579.686,24.75,9.976,6.78668,10.656,90,100,100,0,-0.109375,49.6406,18,18,17.25
53.366,0,0,0,0,1.39252,0.99997,1.06082,4,1,1,0.820314,0,0.820314,0.819337,0,0,60.6389,60.6389,60.7223,2852.75,1550,1347.5,970,1412.7,111.422,184.594,185.109,110.648,129,579.686,24.75,9.988,6.80268,10.668,90,99.6079,100,0,-0.328125,49.6406,18,18,17.25
53.4,0,0,0,0,1.38757,0.99997,1.06012,4,1,1,0.820314,0,0.820314,0.813722,0,0,60.7778,60.4167,61.4167,2864,1550,1348.59,970,1407.38,111.563,185.156,185.344,113.063,128.977,579.686,24.75,10,6.79468,10.668,90,100,100,0,-0.5625,49.6406,18,18,17.25
53.433,0,0,0,0,1.39661,0.99997,1.05963,4,1,1,0.820314,0,0.820314,0.811036,0,0,60.9445,60.7778,60.3889,2868.75,1550,1343.44,970,1415.27,111.234,185.531,186,108.984,128.953,579.686,24.75,9.928,6.77601,10.596,90,100,100,0,-0.296875,49.6406,18,18,17.25
53.466,0,0,0,0,1.39118,0.99997,1.05899,4,1,1,0.820314,0,0.820314,0.811769,0,0,61,60.5834,60.9167,2872.5,1540,1346.52,970,1410,111.492,185.531,186,110.672,128.953,582.284,24.75,9.96,6.77601,10.628,90,100,100,0,-0.65625,49.6406,18,18,17.25
53.5,0,0,0,0,1.39185,0.99997,1.05756,4,1,1,0.820314,0,0.820314,0.811036,0,0,61.4167,60.3889,62.3334,2877.5,1540,1354.73,970,1407.38,112.266,186.07,186.281,114.188,128.977,582.284,24.75,10.056,6.81601,10.724,90.75,100,100,0,-0.5,49.6406,18,18,17.25
53.533,0,0,0,0,1.39179,0.99997,1.05716,4,1,1,0.820314,0,0.820314,0.813722,0,0,61.6389,60.5834,61.5,2888.5,1540,1349.45,970,1404.8,111.797,186.539,187.125,112.805,128.906,582.284,24.75,9.976,6.78401,10.664,90.75,100,100,0,-0.15625,49.6406,18.75,18.75,17.25
53.566,0,0,0,0,1.39942,0.99997,1.05585,4,1,1,0.820314,0,0.820314,0.813722,0,0,61.5834,62.3889,61.75,2888.5,1540,1345.2,970,1412.66,111.586,186.539,187.125,111.047,128.93,582.284,24.75,9.928,6.76001,10.616,90.75,100,100,0,-0.5,49.6406,18.75,18.75,17.25
53.6,0,0,0,0,1.40088,0.99997,1.05536,4,1,1,0.820314,0,0.820314,0.817384,0,0,61.75,63.0556,61.6667,2899.75,1540,1343.28,970,1415.31,111.469,187.172,187.406,110.039,128.906,582.284,24.75,9.904,6.76268,10.572,90,100,100,0,-0.640625,49.6406,18.75,18.75,17.25
53.633,0,0,0,0,1.39392,0.99997,1.05551,4,1,1,0.820314,0,0.820314,0.819337,0,0,61.9723,61.5834,61.1945,2904,1540,1344.88,970,1410,111.609,187.57,187.945,110.133,128.906,582.284,24.75,9.928,6.77868,10.596,90,100,100,0,-0.390625,49.6406,18.75,18.75,17.25
53.666,0,0,0,0,1.39002,0.99997,1.05689,4,1,1,0.820314,0,0.820314,0.826661,0,0,62,61.3889,60.7778,2910.25,1540,1343.09,970,1404.8,111.539,187.57,187.945,110.414,128.883,584.979,24.75,9.928,6.78134,10.596,90,100,100,0,-0.234375,49.6406,18.75,18.75,17.25
53.7,0,0,0,0,1.39795,0.99997,1.05762,4,1,1,0.820314,0,0.820314,0.827638,0,0,62.1112,62.3612,62.0834,2918.5,1540,1341.95,970,1412.66,111.539,188.086,188.391,110.203,128.859,584.979,24.75,9.94,6.76268,10.62,90,100,100,0,-0.4375,49.6406,18.75,18.75,17.25
53.733,0,0,0,0,1.39343,0.99997,1.05847,4,1,1,0.820314,0,0.820314,0.825685,0,0,62.0556,62.1389,62.4723,2920.75,1540,1341.8,970,1407.38,111.586,188.461,188.695,112.219,128.859,584.979,24.75,9.952,6.75201,10.632,90,100,100,0,-0.125,49.6406,18.75,18.75,17.25
53.766,0,0,0,0,1.39972,0.99997,1.05933,4,1,1,0.820314,0,0.820314,0.825685,0,0,62.3334,65.5834,62.7501,2930.5,1540,1340.82,970,1412.7,111.516,188.461,188.695,111.375,128.813,584.979,24.75,9.96,6.78934,10.64,90,100,100,0,-0.8125,49.6406,18.75,18.75,17.25
53.8,0,0,0,0,1.39203,0.99997,1.06049,4,1,1,0.820314,0,0.820314,0.824708,0,0,62.6945,63.2223,62.1112,2934.75,1530,1341.56,970,1407.38,111.727,188.977,189.586,109.313,128.859,584.979,24.75,9.98,6.82934,10.66,90.75,99.6079,100,0,-0.625,49.6406,18.75,18.75,17.25
53.833,0,0,0,0,1.3913,0.99997,1.06122,4,1,1,0.820314,0,0.820314,0.824708,0,0,62.6945,63.0834,62.9445,2939.5,1530,1342.62,970,1407.38,111.82,189.633,189.773,111.352,128.836,584.979,24.75,10.016,6.81334,10.704,90.75,100,100,0,-0.21875,49.6406,18.75,18.75,17.25
53.866,0,0,0,0,1.39075,0.99997,1.0621,4,1,1,0.820314,0,0.820314,0.824708,0,0,62.7501,62.25,62.9167,2944.25,1530,1341.45,970,1407.38,111.773,189.633,189.773,112.547,128.813,588.28,24.75,10,6.78934,10.688,90.75,99.6079,100,0,-0.578125,49.6406,18.75,18.75,17.25
53.9,0,0,0,0,1.39563,0.99997,1.06235,4,1,1,0.820314,0,0.820314,0.823732,0,0,63.1389,62.4723,63.0834,2955,1530,1344.06,970,1410.04,112.078,189.891,190.219,111.727,128.813,588.28,24.75,10.052,6.84001,10.74,90.75,100,100,0,-0.21875,49.6406,18.75,18.75,17.25
53.933,0,0,0,0,1.3913,0.99997,1.06192,4,1,1,0.820314,0,0.820314,0.819337,0,0,63.3889,62.25,63.1389,2959,1530,1345.94,970,1404.8,112.242,190.383,190.805,113.039,128.742,588.28,24.75,10.068,6.84801,10.756,90.75,100,100,0,-0.296875,49.6406,18.75,18.75,17.25
53.966,0,0,0,0,1.39893,0.99997,1.06168,4,1,1,0.820314,0,0.820314,0.816408,0,0,63.4445,63.4445,62.8334,2963.5,1530,1344.61,970,1410,112.219,190.383,190.805,110.836,128.813,588.28,24.75,10.064,6.86401,10.752,90.75,99.6079,100,0,-0.96875,49.6406,18.75,18.75,17.25
54,0,0,0,0,1.40411,0.99997,1.0614,4,1,1,0.820314,0,0.820314,0.816408,0,0,63.7778,66.6945,63.0001,2977.5,1530,1340.47,970,1415.31,111.961,190.969,191.391,109.313,128.742,588.28,24.75,10.008,6.85068,10.696,90.75,100,100,0,-0.4375,49.6406,18.75,18.75,17.25
54.033,0,0,0,0,1.38886,0.99997,1.06104,4,1,1,0.820314,0,0.820314,0.818361,0,0,63.7223,63.0278,63.5556,2973.75,1530,1344.34,970,1404.77,112.289,191.438,191.555,112.969,128.719,588.28,24.75,10.052,6.84001,10.732,90.75,100,100,0,-0.25,49.6406,18.75,18.75,17.25
54.066,0,0,0,0,1.3949,0.99997,1.06043,4,1,1,0.820314,0,0.820314,0.816408,0,0,63.7778,63.2778,63.3056,2985.5,1530,1340.98,970,1410.04,112.031,191.438,191.555,110.906,128.789,590.897,24.75,10.016,6.82668,10.696,90.75,100,100,0,-0.421875,49.6406,18.75,18.75,17.25
54.1,0,0,0,0,1.3963,0.99997,1.05966,4,1,1,0.820314,0,0.820314,0.813722,0,0,64.0278,64.5556,63.2501,2991.75,1530,1339.53,970,1410.04,112.055,191.789,192.352,110.695,128.742,590.897,24.75,10.004,6.82668,10.684,90.75,100,100,0,0.078125,49.6406,18.75,18.75,17.25
54.133,0,0,0,0,1.39099,0.99997,1.05853,4,1,1,0.820314,0,0.820314,0.812745,0,0,63.9723,64.3334,64.2501,2994.25,1530,1338.48,970,1407.42,111.961,192.422,192.633,113.25,128.719,590.897,24.75,9.956,6.77601,10.636,90.75,100,100,0,-0.125,49.6406,18.75,18.75,17.25
54.166,0,0,0,0,1.39508,0.99997,1.05753,4,1,1,0.820314,0,0.820314,0.811036,0,0,64.1389,65.9723,64.4167,3001.5,1520,1339.06,970,1412.66,112.078,192.422,192.633,111.891,128.719,590.897,24.75,9.984,6.78401,10.664,90.75,100,100,0,-0.84375,49.6406,18.75,18.75,17.25
54.2,0,0,0,0,1.39185,0.99997,1.05643,4,1,1,0.820314,0,0.820314,0.811769,0,0,64.2501,64.6112,63.3056,3013.25,1520,1335.2,970,1410,111.797,192.727,192.961,109.992,128.695,590.897,24.75,9.916,6.77068,10.596,90.75,100,100,0,-0.5,49.6406,19.5,19.5,18
54.233,0,0,0,0,1.38556,0.99997,1.05563,4,1,1,0.820314,0,0.820314,0.812745,0,0,64.2501,64.3334,63.7223,3019.5,1520,1332.23,970,1404.8,111.539,192.938,193.055,111.633,128.648,590.897,24.75,9.876,6.72801,10.544,90.75,100,100,0,-0.546875,49.6406,19.5,19.5,18
54.266,0,0,0,0,1.37879,0.99997,1.05429,4,1,1,0.820314,0,0.820314,0.811769,0,0,64.0278,64.0001,63.6112,3021.75,1520,1326.88,970,1404.77,111.047,192.938,193.055,111.234,128.672,593.612,24.75,9.808,6.68534,10.476,90.75,99.6079,100,0,-0.59375,49.6406,19.5,19.5,18
54.3,0,0,0,0,1.37854,0.99997,1.05411,4,1,1,0.820314,0,0.820314,0.816408,0,0,64.0278,64.6112,63.5556,3031.5,1520,1323.79,970,1407.38,110.766,192.984,193.078,109.992,128.625,593.612,24.75,9.78,6.67734,10.448,90.75,100,100,0,-0.078125,49.6406,19.5,19.5,18
54.333,0,0,0,0,1.37268,0.99997,1.05393,4,1,1,0.820314,0,0.820314,0.821046,0,0,64.2501,63.1112,64.2778,3031,1520,1327.11,970,1402.15,111.094,193.055,193.125,112.523,128.602,593.612,24.75,9.82,6.69334,10.488,90.75,99.6079,100,0,-0.625,49.6406,19.5,19.5,18
54.366,0,0,0,0,1.37952,0.99997,1.05429,4,1,1,0.820314,0,0.820314,0.825685,0,0,64.2501,64.6389,63.5556,3040.5,1520,1322.93,970,1410.04,110.719,193.055,193.125,109.336,128.578,593.612,24.75,9.784,6.68534,10.452,90.75,100,100,0,-0.71875,49.6406,19.5,19.5,18
54.4,0,0,0,0,1.37445,0.99997,1.05628,4,1,1,0.820314,0,0.820314,0.830324,0,0,64.5834,64.0278,63.3056,3046.75,1520,1325.63,970,1404.77,110.93,193.102,193.219,109.5,128.555,593.612,24.75,9.828,6.71201,10.496,90.75,100,100,0,-0.203125,49.6406,19.5,19.5,18
54.433,0,0,0,0,1.38171,0.99997,1.05869,4,1,1,0.820314,0,0.820314,0.835695,0,0,64.5834,64.8056,64.8889,3051.5,1520,1324.65,970,1410.04,110.859,193.172,193.266,110.555,128.508,593.612,24.75,9.852,6.70934,10.52,90.75,100,100,0,-0.625,49.6406,19.5,19.5,18
54.466,0,0,0,0,1.37824,0.99997,1.06116,4,1,1,0.820314,0,0.820314,0.838624,0,0,64.6389,63.9723,63.8612,3059,1520,1323.67,970,1410.04,110.766,193.172,193.266,110.18,128.508,596.17,24.75,9.856,6.70934,10.524,90.75,100,100,0,-0.578125,49.6406,19.5,19.5,18
54.5,0,0,0,0,1.37189,0.99997,1.06427,4,1,1,0.820314,0,0.820314,0.838624,0,0,64.4723,65.1112,65.7501,3068,1520,1321.29,970,1407.38,110.555,193.242,193.336,112.594,128.461,596.17,24.75,9.848,6.69868,10.528,90.75,100,100,0,-0.296875,49.6406,19.5,19.5,18.75
54.533,0,0,0,0,1.37116,0.99997,1.06607,4,1,1,0.820314,0,0.820314,0.833986,0,0,64.6667,63.8334,64.6945,3071.5,1520,1320.2,970,1407.38,110.438,193.289,193.406,110.742,128.438,596.17,24.75,9.864,6.72268,10.544,90.75,100,100,0,-0.75,49.6406,19.5,19.5,18.75
54.566,0,0,0,0,1.36865,0.99997,1.06632,4,1,1,0.820314,0,0.820314,0.82007,0,0,64.8889,63.7501,64.7501,3072,1520,1326.48,970,1402.11,111,193.289,193.406,111.68,128.438,596.17,24.75,9.952,6.74934,10.632,90.75,100,100,0,-0.390625,49.6406,19.5,19.5,18
54.6,0,0,0,0,1.37683,0.99997,1.06668,4,1,1,0.820314,0,0.820314,0.813722,0,0,65.1112,66.9167,65.1667,3083,1520,1321.25,970,1407.38,110.508,193.359,193.477,110.672,128.367,596.17,24.75,9.904,6.76001,10.584,90.75,100,100,0,-0.40625,49.6406,19.5,19.5,18
54.633,0,0,0,0,1.37433,0.99997,1.06534,4,1,1,0.820314,0,0.820314,0.812745,0,0,65.2223,64.9445,66.0278,3091.75,1520,1324.88,970,1407.34,110.813,193.453,193.547,111.797,128.367,596.17,24.75,9.936,6.74934,10.616,90.75,100,100,0,-0.671875,49.6406,19.5,19.5,18
54.666,0,0,0,0,1.37604,0.99997,1.06488,4,1,1,0.820314,0,0.820314,0.818361,0,0,65.4723,65.0001,66.0278,3099.25,1520,1327.03,970,1407.38,111.023,193.453,193.547,111.867,128.344,598.709,24.75,9.956,6.76268,10.636,90.75,100,100,0,-0.609375,49.6406,19.5,19.5,18
54.7,0,0,0,0,1.37512,0.99997,1.06339,4,1,1,0.820314,0,0.820314,0.818361,0,0,65.7501,64.9723,65.5278,3097.25,1520,1329.26,970,1404.77,111.164,193.523,193.594,111.398,128.32,598.709,24.75,9.956,6.76801,10.636,90.75,100,100,0,-0.5625,49.6406,19.5,19.5,18
54.733,0,0,0,0,1.37817,0.99997,1.06314,4,1,1,0.820314,0,0.820314,0.82007,0,0,65.8612,65.1112,65.5834,3110.5,1520,1326.8,970,1407.38,110.953,193.547,193.688,110.648,128.32,598.709,24.75,9.924,6.74934,10.612,90.75,100,100,0,-0.484375,49.6406,19.5,19.5,18
54.766,0,0,0,0,1.37909,0.99997,1.06268,4,1,1,0.820314,0,0.820314,0.819337,0,0,65.8612,66.3889,65.2778,3113.25,1520,1323.59,970,1407.38,110.625,193.547,193.688,109.945,128.25,598.709,24.75,9.884,6.73334,10.572,90.75,100,100,0,-0.15625,49.6406,19.5,19.5,18
54.8,0,0,0,0,1.37402,0.99997,1.06351,4,1,1,0.820314,0,0.820314,0.821046,0,0,66.0001,64.9167,66.1389,3114.75,1520,1327.54,970,1402.11,110.977,193.641,193.688,113.086,128.25,598.709,24.75,9.968,6.75201,10.636,90.75,100,100,0,-0.390625,49.6406,19.5,19.5,18
54.833,0,0,0,0,1.38428,0.99997,1.06317,4,1,1,0.820314,0,0.820314,0.816408,0,0,66.2223,67.8612,66.4445,3126.75,1520,1326.99,970,1410.04,110.883,193.688,193.781,110.672,128.203,598.709,24.75,9.928,6.74934,10.596,90.75,99.6079,100,0,-0.625,49.6406,19.5,19.5,18
54.866,0,0,0,0,1.3808,0.99997,1.06317,4,1,1,0.820314,0,0.820314,0.813722,0,0,66.2223,66.8889,65.9445,3131,1520,1325.86,970,1410,110.789,193.688,193.781,109.828,128.203,601.307,24.75,9.912,6.74668,10.58,90.75,99.6079,100,0,-0.140625,49.6406,19.5,19.5,18
54.9,0,0,0,0,1.37854,0.99997,1.06281,4,1,1,0.820314,0,0.820314,0.815675,0,0,66.3889,66.1667,65.5278,3140.25,1520,1326.99,970,1407.38,110.859,193.734,193.828,109.055,128.156,601.307,24.75,9.924,6.76001,10.612,90.75,100,100,0,-0.53125,49.6406,19.5,19.5,18
54.933,0,0,0,0,1.38019,0.99997,1.06244,4,1,1,0.820314,0,0.820314,0.82007,0,0,66.3889,67.5001,66.1945,3143.75,1520,1323.52,970,1410,110.555,193.805,193.898,109.336,128.156,601.307,24.75,9.88,6.71734,10.568,90.75,100,100,0,-0.578125,49.6406,19.5,19.5,18
54.966,0,0,0,0,1.37817,0.99997,1.06223,4,1,1,0.820314,0,0.820314,0.821046,0,0,66.3889,68.0278,65.7778,3154.75,1520,1320,970,1410,110.227,193.805,193.898,108.68,128.133,601.307,24.75,9.848,6.70934,10.536,90.75,100,100,0,-0.265625,49.6406,19.5,19.5,18
55,0,0,0,0,1.37122,0.99997,1.0622,4,1,1,0.820314,0,0.820314,0.82007,0,0,66.3889,67.9167,65.8889,3156,1520,1319.8,970,1404.8,110.18,193.875,193.969,109.102,128.109,601.307,24.75,9.84,6.70401,10.528,90.75,100,100,0,-0.515625,49.6406,19.5,19.5,18.75
55.033,0,0,0,0,1.37146,0.99997,1.06217,4,1,1,0.820314,0,0.820314,0.817384,0,0,66.6389,65.8334,66.7223,3165.75,1520,1324.65,970,1404.77,110.578,193.922,194.016,111.164,128.086,601.307,24.75,9.896,6.71734,10.576,90.75,100,100,0,-0.03125,49.6406,19.5,19.5,18
55.066,0,0,0,0,1.36963,0.99997,1.06229,4,1,1,0.820314,0,0.820314,0.818361,0,0,66.7501,66.6945,66.1389,3164.75,1520,1323.4,970,1402.15,110.484,193.922,194.016,110.813,128.039,604.432,24.75,9.892,6.71734,10.572,90.75,99.6079,100,0,-0.46875,49.6406,19.5,19.5,18
55.1,0,0,0,0,1.36688,0.99997,1.06192,4,1,1,0.820314,0,0.820314,0.818361,0,0,66.6389,66.5556,66.8612,3174.75,1520,1319.49,970,1402.15,110.109,193.969,194.063,111.938,128.016,604.432,24.75,9.812,6.69868,10.492,90.75,100,100,0,-0.828125,49.6406,19.5,19.5,18.75
55.133,0,0,0,0,1.37213,0.99997,1.06189,4,1,1,0.820314,0,0.820314,0.817384,0,0,66.9167,66.8056,66.8612,3182.25,1520,1320.39,970,1410,110.203,194.039,194.156,109.406,128.016,604.432,24.75,9.824,6.67734,10.504,90.75,100,100,0,-0.171875,49.6406,19.5,19.5,18.75
55.166,0,0,0,0,1.36829,0.99997,1.06238,4,1,1,0.820314,0,0.820314,0.819337,0,0,67.1389,66.6389,67.2223,3184.25,1520,1324.88,970,1404.77,110.555,194.039,194.156,111.047,127.992,604.432,24.75,9.896,6.70668,10.576,90.75,100,100,0,-0.671875,49.6406,19.5,19.5,18
55.2,0,0,0,0,1.37329,0.99997,1.06217,4,1,1,0.820314,0,0.820314,0.821046,0,0,67.5556,66.8612,67.3612,3195,1520,1325.39,970,1407.34,110.578,194.109,194.227,110.086,127.945,604.432,24.75,9.9,6.74134,10.58,90.75,100,100,0,-0.53125,49.6406,19.5,19.5,18
55.233,0,0,0,0,1.37348,0.99997,1.06265,4,1,1,0.820314,0,0.820314,0.825685,0,0,67.5001,66.8612,67.4167,3198.25,1520,1325.35,970,1407.34,110.531,194.18,194.25,110.086,127.945,604.432,24.75,9.9,6.73068,10.58,90.75,100,100,0,-0.140625,49.6406,19.5,19.5,18
55.266,0,0,0,0,1.37024,0.99997,1.06336,4,1,1,0.820314,0,0.820314,0.82837,0,0,67.7223,67.7223,68.0834,3208,1520,1332.3,970,1402.11,111.141,194.18,194.25,112.078,127.898,607.205,24.75,9.992,6.74134,10.672,90.75,100,100,0,-0.515625,49.6406,19.5,19.5,18
55.3,0,0,0,0,1.37445,0.99997,1.06488,4,1,1,0.820314,0,0.820314,0.830324,0,0,68.0278,67.9167,67.7501,3211.25,1520,1333.36,970,1404.77,111.188,194.227,194.344,111.07,127.898,607.205,24.75,10.012,6.78668,10.692,90.75,100,100,0,-0.3125,49.6406,19.5,19.5,18
55.333,0,0,0,0,1.37683,0.99997,1.06552,4,1,1,0.820314,0,0.820314,0.825685,0,0,67.9723,68.0556,67.0834,3220.75,1520,1326.05,970,1407.38,110.508,194.297,194.414,109.219,127.852,607.205,24.75,9.928,6.75468,10.596,90.75,100,100,0,-0.21875,49.6406,19.5,19.5,18
55.366,0,0,0,0,1.37518,0.99997,1.06644,4,1,1,0.820314,0,0.820314,0.821046,0,0,67.9445,67.9723,67.7501,3221.75,1520,1324.84,970,1407.38,110.414,194.297,194.414,110.414,127.805,607.205,24.75,9.924,6.74134,10.592,90.75,100,100,0,-0.6875,49.6406,19.5,19.5,18.75
55.4,0,0,0,0,1.37189,0.99997,1.06708,4,1,1,0.820314,0,0.820314,0.82007,0,0,67.9723,67.8056,68.8056,3230.25,1520,1327.11,970,1404.8,110.578,194.391,194.438,112.453,127.781,607.205,24.75,9.96,6.74401,10.64,90.75,100,100,0,-0.078125,49.6406,19.5,19.5,18.75
55.433,0,0,0,0,1.37561,0.99997,1.06683,4,1,1,0.820314,0,0.820314,0.82007,0,0,67.9723,67.9723,67.0834,3234,1520,1322.46,970,1407.38,110.18,194.414,194.508,109.031,127.758,607.205,24.75,9.912,6.72534,10.592,90.75,100,100,0,-0.578125,49.6406,19.5,19.5,18.75
55.466,0,0,0,0,1.37494,0.99997,1.06708,4,1,1,0.820314,0,0.820314,0.822023,0,0,68.3612,67.9445,67.8612,3245.25,1520,1326.52,970,1407.38,110.508,194.414,194.508,109.289,127.758,609.803,24.75,9.952,6.75468,10.632,90.75,99.6079,100,0,-0.375,49.6406,19.5,19.5,18
55.5,0,0,0,0,1.37708,0.99997,1.06665,4,1,1,0.820314,0,0.820314,0.819337,0,0,68.3612,69.0834,68.0556,3247.75,1520,1325.39,970,1410.04,110.391,194.461,194.578,109.359,127.758,609.803,24.75,9.944,6.74668,10.624,90.75,100,100,0,-0.1875,49.6406,19.5,19.5,18
55.533,0,0,0,0,1.37628,0.99997,1.06726,4,1,1,0.820314,0,0.820314,0.823732,0,0,68.7778,69.0278,68.4167,3258.5,1520,1327.97,970,1410,110.602,194.555,194.672,109.547,127.688,609.803,24.75,9.972,6.76268,10.652,90.75,100,100,0,-0.609375,49.6406,19.5,19.5,18
55.566,0,0,0,0,1.37073,0.99997,1.06748,4,1,1,0.820314,0,0.820314,0.826661,0,0,68.6667,68.7778,67.8056,3259,1520,1326.52,970,1404.8,110.438,194.555,194.672,110.039,127.664,609.803,24.75,9.956,6.75468,10.636,90.75,100,100,0,-0.3125,49.6406,19.5,19.5,18
55.6,0,0,0,0,1.3692,0.99997,1.06784,4,1,1,0.820314,0,0.820314,0.822023,0,0,68.7778,68.6945,68.2223,3270,1520,1328.09,970,1404.77,110.555,194.602,194.695,109.875,127.641,609.803,24.75,9.976,6.74668,10.672,90.75,100,100,0,-0.546875,49.6406,20.25,20.25,18.75
55.633,0,0,0,0,1.36963,0.99997,1.06876,4,1,1,0.820314,0,0.820314,0.823732,0,0,68.9445,68.7223,69.1667,3271,1520,1329.06,970,1404.8,110.625,194.672,194.766,111.516,127.641,609.803,24.75,10,6.76534,10.696,90.75,100,100,0,-0.625,49.6406,20.25,20.25,18.75
55.666,0,0,0,0,1.37848,0.99997,1.06845,4,1,1,0.820314,0,0.820314,0.821046,0,0,69.1112,69.1667,69.6667,3276,1520,1328.55,970,1412.7,110.555,194.672,194.766,110.484,127.594,612.362,24.75,9.984,6.76801,10.68,90.75,100,100,0,0.09375,49.6406,20.25,20.25,18.75
55.7,0,0,0,0,1.37573,0.99997,1.06894,4,1,1,0.820314,0,0.820314,0.819337,0,0,69.3056,69.9723,69.5278,3285,1520,1329.38,970,1410,110.578,194.742,194.859,110.602,127.57,612.362,24.75,10.004,6.76801,10.684,90.75,100,100,0,-0.671875,49.6406,20.25,20.25,18.75
55.733,0,0,0,0,1.37073,0.99997,1.06863,4,1,1,0.820314,0,0.820314,0.818361,0,0,69.4167,69.6945,69.5834,3289.75,1520,1332.34,970,1404.8,110.836,194.813,194.906,112.078,127.57,612.362,24.75,10.032,6.78401,10.712,90.75,100,100,0,-0.515625,49.6406,20.25,20.25,18.75
55.766,0,0,0,0,1.37506,0.99997,1.06857,4,1,1,0.820314,0,0.820314,0.817384,0,0,69.7501,69.9167,68.7223,3296.25,1520,1330.23,970,1410.04,110.648,194.813,194.906,109.148,127.547,612.362,24.75,10.004,6.80001,10.684,90.75,100,100,0,-0.265625,49.6406,20.25,20.25,18.75
55.8,0,0,0,0,1.36719,0.99997,1.06781,4,1,1,0.820314,0,0.820314,0.813722,0,0,69.5834,69.5278,70.0278,3304.5,1520,1329.34,970,1404.8,110.531,194.883,194.953,112.43,127.5,612.362,25.5,9.984,6.76534,10.652,90.75,100,100,0,-0.640625,49.6406,20.25,20.25,18.75
55.833,0,0,0,0,1.37482,0.99997,1.06741,4,1,1,0.820314,0,0.820314,0.813722,0,0,70.0001,69.9167,69.4723,3308.25,1520,1331.05,970,1412.66,110.625,194.906,195.023,109.148,127.477,612.362,25.5,10,6.80001,10.668,90.75,100,100,0,-0.25,49.6406,20.25,20.25,18.75
55.866,0,0,0,0,1.37476,0.99997,1.06754,4,1,1,0.820314,0,0.820314,0.818361,0,0,69.8612,69.9167,69.2223,3312.25,1520,1326.72,970,1412.66,110.25,194.906,195.023,108.773,127.477,614.881,25.5,9.952,6.75734,10.62,90.75,100,100,0,-0.484375,49.6406,20.25,20.25,18.75
55.9,0,0,0,0,1.36859,0.99997,1.06607,4,1,1,0.820314,0,0.820314,0.815675,0,0,69.9167,69.6112,70.1389,3321.5,1520,1331.45,970,1407.38,110.625,194.977,195.07,111.445,127.43,614.881,25.5,9.988,6.73868,10.656,90.75,100,100,0,-0.171875,49.6406,20.25,20.25,18.75
55.933,0,0,0,0,1.37543,0.99997,1.06604,4,1,1,0.820314,0,0.820314,0.815675,0,0,70.2778,70.9723,70.4723,3329.25,1520,1332.62,970,1412.66,110.742,195.047,195.164,110.344,127.406,614.881,25.5,10.008,6.77068,10.676,90.75,100,100,0,-0.34375,49.6406,20.25,20.25,18.75
55.966,0,0,0,0,1.3681,0.99997,1.06497,4,1,1,0.820314,0,0.820314,0.813722,0,0,70.3889,70.5834,70.2501,3332.75,1520,1332.15,970,1407.38,110.648,195.047,195.164,111.141,127.359,614.881,25.5,9.984,6.75201,10.652,90.75,100,100,0,-0.59375,49.6406,20.25,20.25,18.75
56,0,0,0,0,1.36829,0.99997,1.06433,4,1,1,0.820314,0,0.820314,0.813722,0,0,70.5556,70.5834,70.5556,3339.5,1520,1335.66,970,1407.38,110.93,195.117,195.188,111.258,127.359,614.881,25.5,10.02,6.78134,10.7,90.75,100,100,0,-0.09375,49.6406,20.25,20.25,18.75
56.033,0,0,0,0,1.37042,0.99997,1.0636,4,1,1,0.820314,0,0.820314,0.814699,0,0,70.8056,70.6945,71.3612,3345.75,1520,1337.85,970,1410.04,111.141,195.164,195.281,111.891,127.359,614.881,25.5,10.036,6.79201,10.716,90.75,100,100,0,-0.546875,49.6406,20.25,20.25,18.75
56.066,0,0,0,0,1.36804,0.99997,1.06351,4,1,1,0.820314,0,0.820314,0.819337,0,0,70.6389,70.5834,70.6389,3346.5,1520,1334.18,970,1407.42,110.766,195.164,195.281,111.703,127.336,617.381,25.5,9.976,6.74134,10.656,90.75,100,100,0,-0.34375,49.6406,20.25,20.25,18.75
56.1,0,0,0,0,1.3692,0.99997,1.0632,4,1,1,0.820314,0,0.820314,0.819337,0,0,70.9167,70.6389,70.7778,3360.5,1520,1334.61,970,1410.04,110.766,195.258,195.328,110.766,127.266,617.381,25.5,9.98,6.74401,10.668,90.75,100,100,0,0.171875,49.6406,19.5,19.5,18.75
56.133,0,0,0,0,1.37451,0.99997,1.06403,4,1,1,0.820314,0,0.820314,0.821046,0,0,70.7501,71.9167,70.7778,3359,1520,1330.23,970,1415.31,110.391,195.305,195.375,110.016,127.266,617.381,25.5,9.948,6.73068,10.636,90.75,100,100,0,-0.421875,49.6406,19.5,19.5,18.75
56.166,0,0,0,0,1.36804,0.99997,1.06461,4,1,1,0.820314,0,0.820314,0.824708,0,0,71.1945,71.5556,71.8889,3368.75,1520,1336.09,970,1410.04,110.883,195.305,195.375,112.5,127.242,617.381,25.5,10.024,6.76801,10.712,90.75,99.6079,100,0,-0.375,49.6406,20.25,20.25,18.75
56.2,0,0,0,0,1.36835,0.99997,1.0665,4,1,1,0.820314,0,0.820314,0.830324,0,0,71.4445,71.6112,71.4445,3373.75,1520,1338.59,970,1410.08,111.047,195.352,195.469,111.867,127.219,617.381,25.5,10.056,6.78668,10.744,90.75,100,100,0,0.234375,49.6406,20.25,20.25,18.75
56.233,0,0,0,0,1.36505,0.99997,1.06757,4,1,1,0.820314,0,0.820314,0.830324,0,0,71.6667,71.4445,71.5834,3380.25,1520,1340.86,970,1407.38,111.211,195.422,195.516,112.406,127.195,617.381,25.5,10.12,6.82668,10.808,90.75,100,100,0,-0.53125,49.6406,20.25,20.25,18.75
56.266,0,0,0,0,1.37616,0.99997,1.06857,4,1,1,0.820314,0,0.820314,0.823732,0,0,71.8334,72.0278,71.4167,3386.25,1520,1339.34,970,1417.93,111.07,195.422,195.516,109.148,127.172,620.487,25.5,10.1,6.84268,10.788,90.75,100,100,0,-0.140625,49.6406,20.25,20.25,18.75
56.3,0,0,0,0,1.37866,0.99997,1.0697,4,1,1,0.820314,0,0.820314,0.821046,0,0,72.0834,72.1389,72.3612,3394.75,1520,1341.13,970,1420.59,111.188,195.492,195.586,110.063,127.148,620.487,25.5,10.132,6.86134,10.82,90.75,100,100,0,-0.3125,49.6406,20.25,20.25,18.75
56.333,0,0,0,0,1.37116,0.99997,1.06912,4,1,1,0.820314,0,0.820314,0.816408,0,0,71.9445,71.7501,71.3889,3398.25,1520,1338.36,970,1412.7,110.93,195.539,195.609,110.789,127.125,620.487,25.5,10.064,6.82134,10.744,90.75,100,100,0,-0.34375,49.6406,20.25,20.25,18.75
56.366,0,0,0,0,1.37018,0.99997,1.0697,4,1,1,0.820314,0,0.820314,0.82007,0,0,72.0834,72.6667,72.1112,3405.75,1520,1339.14,970,1412.7,110.977,195.539,195.609,111.234,127.078,620.487,25.5,10.084,6.80534,10.764,90.75,100,100,0,-0.359375,49.6406,20.25,20.25,18.75
56.4,0,0,0,0,1.37421,0.99997,1.06833,4,1,1,0.820314,0,0.820314,0.818361,0,0,72.0278,72.8612,72.5001,3412.75,1520,1336.05,970,1417.93,110.672,195.586,195.68,110.438,127.078,620.487,25.5,10.04,6.78401,10.708,90.75,100,100,0,-0.515625,49.6406,20.25,20.25,18.75
56.433,0,0,0,0,1.36963,0.99997,1.06796,4,1,1,0.820314,0,0.820314,0.817384,0,0,71.9723,72.6112,71.7501,3418.75,1520,1332.5,970,1415.27,110.367,195.656,195.773,109.852,127.055,620.487,25.5,10,6.75734,10.668,90.75,100,100,0,-0.359375,49.6406,20.25,20.25,18.75
56.466,0,0,0,0,1.36731,0.99997,1.06741,4,1,1,0.820314,0,0.820314,0.815675,0,0,71.8889,72.5001,73.1945,3422.5,1520,1335.35,970,1415.27,110.578,195.656,195.773,111.844,127.055,622.987,25.5,10.012,6.73868,10.68,90.75,100,100,0,-0.359375,49.6406,20.25,20.25,18.75
56.5,0,0,0,0,1.36707,0.99997,1.06635,4,1,1,0.820314,0,0.820314,0.811769,0,0,72.1945,72.5001,72.5834,3432.25,1520,1333.83,970,1415.27,110.438,195.727,195.82,110.391,127.008,622.987,25.5,9.996,6.75734,10.664,91.5,100,100,0,-0.296875,49.6406,20.25,20.25,18.75
56.533,0,0,0,0,1.36664,0.99997,1.06451,4,1,1,0.820314,0,0.820314,0.806398,0,0,72.3056,72.4723,72.3612,3432.75,1520,1332.11,970,1415.31,110.25,195.797,195.891,110.461,126.961,622.987,25.5,9.952,6.73334,10.632,91.5,100,100,0,-0.296875,49.6406,20.25,20.25,18.75
56.566,0,0,0,0,1.36029,0.99997,1.06375,4,1,1,0.820314,0,0.820314,0.808107,0,0,72.3056,72.1389,72.6667,3443.5,1520,1336.13,970,1410.04,110.602,195.797,195.891,111.773,126.961,622.987,25.5,9.984,6.72534,10.664,91.5,100,100,0,-0.78125,49.6406,20.25,20.25,18.75
56.6,0,0,0,0,1.36041,0.99997,1.06232,4,1,1,0.820314,0,0.820314,0.814699,0,0,72.2501,73.1389,72.1112,3445,1520,1331.41,970,1410.04,110.156,195.844,195.938,110.836,126.938,622.987,25.5,9.924,6.70668,10.604,90.75,100,100,0,-0.484375,49.6406,20.25,20.25,18.75
56.633,0,0,0,0,1.36084,0.99997,1.06168,4,1,1,0.820314,0,0.820314,0.817384,0,0,72.4723,73.1667,71.8889,3455,1520,1328.48,970,1412.7,109.898,195.914,196.008,109.313,126.914,622.987,25.5,9.896,6.69068,10.576,90.75,100,100,0,-0.265625,49.6406,20.25,20.25,18.75
56.666,0,0,0,0,1.35919,0.99997,1.06168,4,1,1,0.820314,0,0.820314,0.82007,0,0,72.4723,73.0834,72.2501,3458.5,1520,1328.09,970,1412.7,109.852,195.914,196.008,109.711,126.891,625.467,25.5,9.884,6.68801,10.564,90.75,100,100,0,-1.04688,49.6406,20.25,20.25,18.75
56.7,0,0,0,0,1.3551,0.99997,1.06296,4,1,1,0.820314,0,0.820314,0.822999,0,0,72.6389,72.8612,73.8056,3469,1520,1332.89,970,1410.08,110.25,195.961,196.055,112.57,126.844,625.467,25.5,9.944,6.69868,10.624,91.5,100,100,0,-0.203125,49.6406,20.25,20.25,18.75
56.733,0,0,0,0,1.35553,0.99997,1.06366,4,1,1,0.820314,0,0.820314,0.822023,0,0,72.8334,72.8889,72.8612,3472.5,1520,1332.46,970,1410.08,110.18,196.031,196.102,110.953,126.844,625.467,25.5,9.948,6.71201,10.628,91.5,100,100,0,-0.421875,49.6406,20.25,20.25,18.75
56.766,0,0,0,0,1.35986,0.99997,1.06485,4,1,1,0.820314,0,0.820314,0.826661,0,0,72.9445,73.1112,73.0001,3475,1520,1329.22,970,1415.31,109.898,196.031,196.102,109.992,126.82,625.467,25.5,9.928,6.72801,10.608,91.5,100,100,0,-0.53125,49.6406,20.25,20.25,18.75
56.8,0,0,0,0,1.35553,0.99997,1.06653,4,1,1,0.820314,0,0.820314,0.8313,0,0,73.1667,72.8889,73.3334,3484.5,1520,1335.55,970,1412.7,110.414,196.055,196.172,110.602,126.797,625.467,25.5,10.004,6.73601,10.672,91.5,100,100,0,-0.5625,49.6406,20.25,20.25,18.75
56.833,0,0,0,0,1.36084,0.99997,1.06778,4,1,1,0.820314,0,0.820314,0.8313,0,0,73.3056,74.1667,73.8612,3487.75,1520,1332.23,970,1417.93,110.133,196.148,196.242,110.156,126.773,625.467,25.5,9.996,6.74668,10.664,91.5,100,100,0,-0.359375,49.6406,20.25,20.25,18.75
56.866,0,0,0,0,1.35669,0.99997,1.06918,4,1,1,0.820314,0,0.820314,0.827638,0,0,73.2778,73.9445,73.4445,3489.5,1520,1330.16,970,1415.31,109.922,196.148,196.242,110.555,126.75,627.928,25.5,9.984,6.74934,10.652,91.5,100,100,0,-0.46875,49.6406,20.25,20.25,18.75
56.9,0,0,0,0,1.35285,0.99997,1.07178,4,1,1,0.820314,0,0.820314,0.829347,0,0,73.6389,73.7223,73.4167,3499.75,1520,1334.06,970,1412.7,110.227,196.195,196.313,110.602,126.703,627.928,25.5,10.048,6.77334,10.716,91.5,100,100,0,-0.5,49.6406,20.25,20.25,18.75
56.933,0,0,0,0,1.35754,0.99997,1.07217,4,1,1,0.820314,0,0.820314,0.825685,0,0,73.6389,74.0001,73.8612,3503,1520,1332.85,970,1417.97,110.086,196.266,196.336,109.922,126.703,627.928,25.5,10.04,6.77868,10.72,91.5,100,100,0,-0.078125,49.6406,20.25,20.25,18.75
56.966,0,0,0,0,1.35931,0.99997,1.07272,4,1,1,0.820314,0,0.820314,0.822999,0,0,73.9723,74.0834,73.2778,3514.75,1520,1332.54,970,1420.63,110.063,196.266,196.336,108.141,126.68,627.928,25.5,10.048,6.80534,10.728,91.5,100,100,0,-0.859375,49.6406,20.25,20.25,18.75
57,0,0,0,0,1.35462,0.99997,1.07337,4,1,1,0.820314,0,0.820314,0.82007,0,0,73.8612,73.8334,75.0278,3516,1520,1335.35,970,1415.31,110.273,196.313,196.383,112.453,126.656,627.928,25.5,10.076,6.78401,10.756,91.5,100,100,0,-0.171875,49.6406,20.25,20.25,18.75
57.033,0,0,0,0,1.35272,0.99997,1.07361,4,1,1,0.820314,0,0.820314,0.822023,0,0,74.0556,73.7223,73.8612,3524.25,1520,1334.06,970,1412.7,109.898,195.938,196.43,110.508,126.633,627.928,25.5,10.044,6.78934,10.724,91.5,100,100,0,-0.078125,49.6406,21,21,18.75
57.066,0,0,0,0,1.35419,0.99997,1.07422,4,1,1,0.820314,0,0.820314,0.826661,0,0,73.9167,74.8056,73.3612,3529.25,1520,1332.97,970,1415.31,109.805,195.938,196.43,109.008,126.609,630.428,25.5,10.04,6.76268,10.72,91.5,100,100,0,-0.890625,49.6406,21,21,18.75
57.1,0,0,0,0,1.34863,0.99997,1.07343,4,1,1,0.820314,0,0.820314,0.818361,0,0,74.0556,74.5001,75.0001,3534.25,1510,1337.85,970,1412.73,110.273,196.547,196.477,112.219,125.883,630.428,25.5,10.092,6.77068,10.772,91.5,100,100,0,0.296875,49.6406,21,21,26.25
57.133,0,0,0,0,1.35651,0.99997,1.07462,4,1,1,0.820314,0,0.820314,0.819337,0,0,74.3889,74.9445,74.7223,3541.25,1510,1335.9,970,1420.59,110.086,196.523,196.5,109.664,125.883,630.428,25.5,10.084,6.79468,10.764,91.5,100,100,0,-0.34375,49.6406,21,21,26.25
57.166,0,0,0,0,1.35254,0.99997,1.07501,4,1,1,0.820314,0,0.820314,0.821046,0,0,74.4445,74.7223,74.0278,3547.75,1510,1334.49,970,1417.93,109.992,196.523,196.5,109.313,125.859,630.428,25.5,10.068,6.78401,10.748,91.5,100,100,0,-0.203125,49.6406,21,21,26.25
57.2,0,0,0,0,1.34992,0.99997,1.07449,4,1,1,0.820314,0,0.820314,0.819337,0,0,74.6112,74.5834,73.7778,3552.75,1510,1333.98,970,1415.31,109.969,196.57,196.547,109.242,125.813,630.428,26.25,10.068,6.80268,10.748,91.5,100,100,0,-0.640625,49.6406,21,21,26.25
57.233,0,0,0,0,1.34644,0.99997,1.07465,4,1,1,0.820314,0,0.820314,0.819337,0,0,74.7501,74.3889,74.9167,3560.75,1510,1334.1,970,1412.7,109.969,196.688,196.594,111.164,125.789,630.428,26.25,10.068,6.78668,10.748,91.5,100,100,0,-0.59375,49.6406,21,21,26.25
57.266,0,0,0,0,1.34619,0.99997,1.07401,4,1,1,0.820314,0,0.820314,0.817384,0,0,74.8056,74.3889,75.1945,3568.25,1510,1334.92,970,1412.73,110.086,196.688,196.594,111.422,125.719,632.908,26.25,10.072,6.79201,10.752,91.5,100,100,0,-0.46875,49.6406,21,21,26.25
57.3,0,0,0,0,1.35022,0.99997,1.07327,4,1,1,0.820314,0,0.820314,0.813722,0,0,75.3056,75.4445,75.2778,3569.5,1510,1339.1,970,1415.27,110.484,196.734,196.641,110.438,125.695,632.908,26.25,10.156,6.82934,10.836,91.5,100,100,0,-0.78125,49.6406,21,21,26.25
57.333,0,0,0,0,1.34668,0.99997,1.07279,4,1,1,0.820314,0,0.820314,0.811036,0,0,75.5001,75.2501,75.5834,3577.75,1510,1340.47,970,1412.7,110.578,197.156,196.664,111.281,125.672,632.908,26.25,10.164,6.84268,10.844,91.5,100,100,0,-0.390625,49.6406,21,21,26.25
57.366,0,0,0,0,1.34754,0.99997,1.07187,4,1,1,0.820314,0,0.820314,0.81006,0,0,75.7223,75.2778,74.7501,3582.5,1500,1335.9,970,1412.7,110.484,197.156,196.664,109.875,125.625,632.908,26.25,10.116,6.85068,10.796,91.5,100,100,0,-0.84375,49.6406,21,21,26.25
57.4,0,0,0,0,1.34644,0.99997,1.07044,4,1,1,0.820314,0,0.820314,0.811769,0,0,75.3889,75.2223,74.7223,3591,1500,1330.04,970,1412.7,109.945,196.664,196.688,109.617,125.578,632.908,26.25,10.024,6.77601,10.704,91.5,100,100,0,-0.65625,49.6406,21,21,26.25
57.433,0,0,0,0,1.34625,0.99997,1.06973,4,1,1,0.820314,0,0.820314,0.814699,0,0,75.5001,75.2223,75.2778,3594.5,1500,1331.95,970,1412.7,110.086,196.383,196.734,110.156,125.555,632.908,26.25,10.028,6.76268,10.708,91.5,100,100,0,-0.65625,49.6406,21,21,26.25
57.466,0,0,0,0,1.34943,0.99997,1.06805,4,1,1,0.820314,0,0.820314,0.811769,0,0,75.4445,75.3889,74.1112,3602.5,1510,1328.67,970,1415.27,109.594,196.383,196.734,107.531,125.508,635.858,26.25,9.964,6.74668,10.644,91.5,100,100,0,-0.765625,49.6406,21,21,26.25
57.5,0,0,0,0,1.3479,0.99997,1.06711,4,1,1,0.820314,0,0.820314,0.808107,0,0,75.3889,76.1389,75.9167,3606,1500,1329.38,970,1415.31,109.664,196.781,196.758,110.25,125.461,635.858,26.25,9.964,6.72001,10.644,91.5,100,100,0,-0.21875,49.6406,21,21,26.25
57.533,0,0,0,0,1.3421,0.99997,1.0661,4,1,1,0.820314,0,0.820314,0.808107,0,0,75.7223,75.8334,75.6389,3614.75,1500,1332.58,970,1410.08,109.922,196.922,196.828,110.883,125.438,635.858,26.25,9.988,6.73601,10.668,91.5,100,100,0,-0.796875,49.6406,21,21,26.25
57.566,0,0,0,0,1.34473,0.99997,1.065,4,1,1,0.820314,0,0.820314,0.81006,0,0,76.0278,75.9723,76.0001,3620,1500,1334.22,970,1412.7,110.133,196.922,196.828,110.508,125.391,635.858,26.25,10.008,6.74668,10.688,91.5,100,100,0,-0.484375,49.6406,21,21,26.25
57.6,0,0,0,0,1.3479,0.99997,1.06418,4,1,1,0.820314,0,0.820314,0.816408,0,0,76.4723,76.1389,76.7778,3625.75,1500,1337.7,970,1415.27,110.461,196.945,196.875,110.531,125.367,635.858,26.25,10.04,6.77334,10.72,91.5,100,100,0,-0.875,49.6406,21,21,26.25
57.633,0,0,0,0,1.34638,0.99997,1.06415,4,1,1,0.820314,0,0.820314,0.821046,0,0,76.5834,76.0556,75.9167,3628,1500,1339.69,970,1412.7,110.602,197.344,196.875,109.852,125.344,635.858,26.25,10.052,6.77334,10.732,91.5,100,100,0,-0.53125,49.6406,21,21,26.25
57.666,0,0,0,0,1.34686,0.99997,1.06479,4,1,1,0.820314,0,0.820314,0.824708,0,0,76.6667,76.0834,76.7778,3634.5,1500,1338.09,970,1412.7,110.719,197.344,196.875,111,125.297,638.377,26.25,10.08,6.80001,10.76,91.5,100,100,0,-0.421875,49.6406,21,21,26.25
57.7,0,0,0,0,1.35382,0.99997,1.06525,4,1,1,0.820314,0,0.820314,0.821046,0,0,77.0001,76.4723,76.1667,3642.5,1500,1334.3,970,1417.93,110.414,197.016,196.922,108.586,125.25,638.377,26.25,10.056,6.80268,10.736,91.5,100,100,0,-0.640625,49.6406,21,21,26.25
57.733,0,0,0,0,1.34851,0.99997,1.06589,4,1,1,0.820314,0,0.820314,0.817384,0,0,76.8334,77.0834,76.4445,3650,1500,1333.13,970,1412.7,110.297,197.039,196.969,110.203,125.227,638.377,26.25,10.032,6.75734,10.712,91.5,100,100,0,-0.40625,49.6406,21,21,26.25
57.766,0,0,0,0,1.34796,0.99997,1.06485,4,1,1,0.820314,0,0.820314,0.809083,0,0,77.0001,77.0278,75.9167,3653.5,1500,1331.29,970,1412.7,110.156,197.039,196.969,109.266,125.18,638.377,26.25,10.008,6.77334,10.688,91.5,100,100,0,-0.6875,49.6406,21,21,26.25
57.8,0,0,0,0,1.34424,0.99997,1.06241,4,1,1,0.820314,0,0.820314,0.800782,0,0,76.8334,76.8056,77.889,3658.75,1500,1332.15,970,1412.7,110.25,197.063,197.016,111.938,125.133,638.377,26.25,9.992,6.73068,10.672,91.5,100,100,0,-0.734375,49.6406,21,21,26.25
57.833,0,0,0,0,1.34491,0.99997,1.06079,4,1,1,0.820314,0,0.820314,0.804445,0,0,77.1112,76.8612,78.0556,3665.5,1500,1334.38,970,1412.7,110.461,197.039,197.039,112.125,125.133,638.377,26.25,10.004,6.72534,10.684,91.5,100,100,0,-0.703125,49.6406,21,21,26.25
57.866,0,0,0,0,1.34906,0.99997,1.05847,4,1,1,0.820314,0,0.820314,0.808107,0,0,77.4723,77.0834,76.8612,3671.75,1500,1333.63,970,1415.31,110.367,197.039,197.039,109.547,125.063,640.838,26.25,9.968,6.74934,10.648,91.5,100,100,0,-0.390625,49.6406,21,21,26.25
57.9,0,0,0,0,1.34284,0.99997,1.05536,4,1,1,0.820314,0,0.820314,0.805421,0,0,77.2778,76.7223,78.2223,3676.25,1490,1334.34,970,1410.08,110.461,197.156,197.086,112.641,125.039,640.838,26.25,9.936,6.69068,10.616,91.5,100,100,0,-0.3125,49.6406,21,21,26.25
57.933,0,0,0,0,1.34711,0.99997,1.05444,4,1,1,0.820314,0,0.820314,0.808107,0,0,77.7501,77.0001,76.7778,3680.5,1490,1334.57,970,1412.7,110.508,197.156,197.109,109.453,125.016,640.838,26.25,9.944,6.72268,10.624,91.5,100,100,0,-0.9375,49.6406,21,21,26.25
57.966,0,0,0,0,1.3468,0.99997,1.05386,4,1,1,0.820314,0,0.820314,0.811769,0,0,77.4167,77.8056,78.3056,3689,1490,1333.16,970,1412.7,110.344,197.156,197.109,111.633,124.992,640.838,26.25,9.916,6.67201,10.596,91.5,100,100,0,-0.515625,49.6406,21,21,26.25
58,0,0,0,0,1.34692,0.99997,1.0535,4,1,1,0.820314,0,0.820314,0.818361,0,0,77.8056,77.8056,78.4167,3694,1490,1334.61,970,1412.7,110.484,197.203,197.156,111.398,124.922,640.838,26.25,9.932,6.68534,10.612,92.25,100,100,0,-0.78125,49.6406,21,21,26.25
58.033,0,0,0,0,1.35114,0.99997,1.05371,4,1,1,0.820314,0,0.820314,0.821046,0,0,77.9167,78.0556,77.8056,3700.5,1490,1331.84,970,1417.97,110.227,197.227,197.18,109.242,124.898,640.838,26.25,9.892,6.67201,10.58,92.25,100,100,0,-0.5625,49.6406,21,21,26.25
58.066,0,0,0,0,1.34772,0.99997,1.0546,4,1,1,0.820314,0,0.820314,0.822999,0,0,77.9167,77.8612,77.6667,3704,1490,1334.69,970,1415.31,110.484,197.227,197.18,109.992,124.828,643.416,26.25,9.94,6.68268,10.628,92.25,100,100,0,-0.453125,49.6406,21,21,26.25
58.1,0,0,0,0,1.34772,0.99997,1.0557,4,1,1,0.820314,0,0.820314,0.822999,0,0,77.9167,77.8612,76.9723,3716,1490,1326.8,970,1415.31,109.828,197.273,197.227,108.891,124.781,643.416,26.25,9.884,6.66401,10.564,92.25,100,100,0,-0.703125,49.6406,21,21,26.25
58.133,0,0,0,0,1.34857,0.99997,1.05631,4,1,1,0.820314,0,0.820314,0.822023,0,0,78.2778,77.2778,77.9723,3720,1490,1332.11,970,1415.27,111.141,198.797,197.25,109.945,124.781,643.416,26.25,10.044,6.70668,10.724,92.25,100,100,0,-0.359375,49.6406,21,21,26.25
58.166,0,0,0,0,1.35315,0.99997,1.05707,4,1,1,0.820314,0,0.820314,0.822023,0,0,78.8056,78.3612,79.0556,3723.25,1480,1329.41,970,1417.93,110.883,198.797,197.25,110.883,124.734,643.416,26.25,10.036,6.76268,10.716,92.25,100,100,0,-0.859375,49.6406,21,21,26.25
58.2,0,0,0,0,1.34979,0.99997,1.0575,4,1,1,0.820314,0,0.820314,0.822023,0,0,78.9723,78.1667,78.5834,3731.75,1480,1331.33,970,1412.7,111.047,197.32,197.297,111.094,124.711,643.416,26.25,10.056,6.77068,10.736,92.25,100,100,0,-0.34375,49.6406,21,21,26.25
58.233,0,0,0,0,1.35034,0.99997,1.05783,4,1,1,0.820314,0,0.820314,0.821046,0,0,78.8612,78.2223,78.9723,3738.25,1480,1328.4,970,1412.7,110.836,197.414,197.344,111.516,124.688,643.416,26.25,10.02,6.73868,10.7,92.25,100,100,0,-0.671875,49.6406,21,21,26.25
58.266,0,0,0,0,1.34943,0.99997,1.05789,4,1,1,0.820314,0,0.820314,0.82007,0,0,79.139,78.1112,77.4723,3742,1480,1329.45,970,1410.04,110.883,197.414,197.344,109.57,124.641,646.19,26.25,10.028,6.76534,10.708,92.25,99.6079,100,0,-0.359375,49.6406,21,21,26.25
58.3,0,0,0,0,1.35516,0.99997,1.05805,4,1,1,0.820314,0,0.820314,0.818361,0,0,79.0278,78.5001,78.5834,3748,1480,1323.52,970,1415.31,110.391,197.438,197.391,110.18,124.594,646.19,26.25,9.972,6.72801,10.66,92.25,100,100,0,-0.359375,49.6406,21,21,26.25
58.333,0,0,0,0,1.3523,0.99997,1.05811,4,1,1,0.820314,0,0.820314,0.818361,0,0,78.9167,78.3334,77.8056,3755,1480,1320.39,970,1412.7,110.086,197.508,197.414,109.734,124.57,646.19,26.25,9.94,6.69868,10.628,92.25,100,100,0,-0.796875,49.6406,21,21,26.25
58.366,0,0,0,0,1.35223,0.99997,1.05747,4,1,1,0.820314,0,0.820314,0.816408,0,0,78.9723,78.2778,78.7778,3759.25,1480,1320.74,970,1412.7,110.133,197.508,197.414,110.789,124.547,646.19,26.25,9.912,6.68268,10.6,92.25,99.6079,100,0,-0.296875,49.6406,21,21,26.25
58.4,0,0,0,0,1.35852,0.99997,1.05808,4,1,1,0.820314,0,0.820314,0.82007,0,0,79.1945,79.5556,78.6667,3767.75,1480,1322.46,970,1417.97,110.297,197.461,197.461,109.195,124.477,646.19,26.25,9.968,6.69601,10.648,92.25,100,100,0,-0.5,49.6406,21,21,26.25
58.433,0,0,0,0,1.35913,0.99997,1.05811,4,1,1,0.820314,0,0.820314,0.822023,0,0,79.6112,79.6112,79.5278,3768.75,1480,1326.72,970,1417.97,110.695,197.531,197.484,110.414,124.477,646.19,26.25,10.032,6.74668,10.712,92.25,100,100,0,-0.5,49.6406,21,21,26.25
58.466,0,0,0,0,1.35925,0.99997,1.05899,4,1,1,0.820314,0,0.820314,0.826661,0,0,79.6112,79.5834,79.139,3776.75,1480,1323.28,970,1417.97,110.367,197.531,197.484,109.828,124.43,649.256,26.25,9.984,6.74401,10.664,92.25,100,100,0,-0.5625,49.6406,21,21,26.25
58.5,0,0,0,0,1.35541,0.99997,1.06006,4,1,1,0.820314,0,0.820314,0.826661,0,0,79.7223,79.389,79.6945,3786.25,1480,1324.84,970,1415.31,110.508,197.555,197.508,110.555,124.383,649.256,26.25,10.02,6.74134,10.7,92.25,100,100,0,-0.4375,49.6406,21,21,26.25
58.533,0,0,0,0,1.35614,0.99997,1.06195,4,1,1,0.820314,0,0.820314,0.829347,0,0,80.1945,79.4445,79.0556,3789.25,1480,1327.03,970,1415.31,110.766,197.648,197.578,109.477,124.336,649.256,26.25,10.084,6.78401,10.764,92.25,100,100,0,-0.96875,49.6406,21,21,26.25
58.566,0,0,0,0,1.3587,0.99997,1.06314,4,1,1,0.820314,0,0.820314,0.829347,0,0,79.9723,79.5834,79.8334,3791.5,1470,1324.69,970,1417.93,110.508,197.648,197.578,109.922,124.313,649.256,26.25,10.044,6.76534,10.724,92.25,100,100,0,-0.421875,49.6406,21,21,26.25
58.6,0,0,0,0,1.35803,0.99997,1.06436,4,1,1,0.820314,0,0.820314,0.826661,0,0,80.4167,80.3612,80.2501,3800.25,1470,1327.38,970,1415.31,110.766,197.648,197.602,111.141,124.266,649.256,26.25,10.104,6.78668,10.784,92.25,100,100,0,-0.53125,49.6406,21,21,26.25
58.633,0,0,0,0,1.35816,0.99997,1.06528,4,1,1,0.820314,0,0.820314,0.822999,0,0,80.2501,80.389,79.3056,3806,1470,1324.14,970,1415.31,110.461,197.695,197.648,109.711,124.242,649.256,26.25,10.072,6.77068,10.752,92.25,100,100,0,-0.59375,49.6406,21,21,26.25
58.666,0,0,0,0,1.35657,0.99997,1.065,4,1,1,0.820314,0,0.820314,0.82007,0,0,80.3056,80.2778,80.1667,3811.75,1470,1323.32,970,1415.31,110.391,197.695,197.648,111.234,124.219,651.795,26.25,10.06,6.76801,10.74,92.25,100,100,0,-0.703125,49.6406,21,21,26.25
58.7,0,0,0,0,1.35413,0.99997,1.06436,4,1,1,0.820314,0,0.820314,0.815675,0,0,80.4167,80.139,80.0278,3816.75,1470,1324.53,970,1412.7,110.508,197.742,197.695,110.883,124.172,651.795,26.25,10.072,6.77868,10.74,92.25,100,100,0,-1,49.6406,21,21,26.25
58.733,0,0,0,0,1.35443,0.99997,1.06427,4,1,1,0.820314,0,0.820314,0.817384,0,0,80.6667,80.1667,80.6945,3821.5,1470,1326.52,970,1412.7,110.719,197.766,197.719,111.164,124.148,651.795,26.25,10.104,6.78401,10.772,92.25,100,100,0,-0.359375,49.6406,21,21,26.25
58.766,0,0,0,0,1.35297,0.99997,1.064,4,1,1,0.820314,0,0.820314,0.82007,0,0,80.9445,80.0556,80.8056,3829.75,1470,1326.02,970,1410.08,110.648,197.766,197.719,111.703,124.078,651.795,26.25,10.088,6.79734,10.756,92.25,99.6079,100,0,-0.96875,49.6406,21,21,26.25
58.8,0,0,0,0,1.35413,0.99997,1.06336,4,1,1,0.820314,0,0.820314,0.819337,0,0,80.7223,80.1112,80.5278,3836.75,1470,1324.65,970,1412.7,110.531,197.789,197.742,110.789,124.055,651.795,26.25,10.06,6.76001,10.756,92.25,100,100,0,-0.5,49.6406,21,21,26.25
58.833,0,0,0,0,1.35468,0.99997,1.06384,4,1,1,0.820314,0,0.820314,0.817384,0,0,80.889,80.1667,82.6667,3845,1470,1328.09,970,1412.7,110.859,197.836,197.789,113.906,124.031,651.795,26.25,10.124,6.76001,10.82,92.25,100,100,0,-0.84375,49.6406,21,21,26.25
58.866,0,0,0,0,1.35541,0.99997,1.06506,4,1,1,0.820314,0,0.820314,0.822023,0,0,81.3612,81.0834,80.3612,3848.5,1470,1327.23,970,1410.04,110.766,197.836,197.789,110.344,123.984,654.276,26.25,10.12,6.80801,10.816,92.25,100,100,0,-0.796875,49.6406,21,21,26.25
58.9,0,0,0,0,1.36224,0.99997,1.0643,4,1,1,0.820314,0,0.820314,0.82007,0,0,81.3056,81.4723,80.139,3853,1470,1319.38,970,1417.93,110.086,197.883,197.836,108.047,123.938,654.276,26.25,10.032,6.77601,10.712,92.25,100,100,0,-0.6875,49.6406,21,21,26.25
58.933,0,0,0,0,1.35553,0.99997,1.06464,4,1,1,0.820314,0,0.820314,0.817384,0,0,81.3056,81.0834,81.8334,3860.5,1470,1324.49,970,1412.7,110.555,197.953,197.883,111.539,123.938,654.276,26.25,10.08,6.74401,10.76,92.25,100,100,0,-0.84375,49.6406,21,21,26.25
58.966,0,0,0,0,1.35315,0.99997,1.06485,4,1,1,0.820314,0,0.820314,0.818361,0,0,81.4167,80.9445,81.7501,3864.75,1470,1327.81,970,1410.04,110.836,197.953,197.883,111.563,123.891,654.276,26.25,10.14,6.79734,10.82,92.25,100,100,0,-0.28125,49.6406,21,21,26.25
59,0,0,0,0,1.36206,0.99997,1.06549,4,1,1,0.820314,0,0.820314,0.824708,0,0,81.7501,81.4723,81.7501,3874.25,1470,1323.63,970,1417.93,110.484,197.953,197.906,109.805,123.82,654.276,26.25,10.084,6.79201,10.752,92.25,100,100,0,-0.625,49.6406,21,21,26.25
59.033,0,0,0,0,1.36231,0.99997,1.06555,4,1,1,0.820314,0,0.820314,0.824708,0,0,81.8056,81.4723,81.9445,3876.75,1470,1326.05,970,1417.97,110.414,197.438,197.93,110.484,123.82,654.276,26.25,10.08,6.79734,10.748,92.25,100,100,0,-0.875,49.6406,21,21,26.25
59.066,0,0,0,0,1.36121,0.99997,1.0661,4,1,1,0.820314,0,0.820314,0.822023,0,0,81.8612,81.389,81.7501,3883.25,1470,1327.23,970,1415.27,110.484,197.438,197.93,110.484,123.773,656.736,26.25,10.092,6.79201,10.76,92.25,99.6079,100,0,-0.703125,49.6406,21,21,26.25
59.1,0,0,0,0,1.35846,0.99997,1.06656,4,1,1,0.820314,0,0.820314,0.819337,0,0,81.9723,82.1667,82.5834,3886.5,1470,1332.58,970,1412.73,111,198.07,197.977,112.289,123.727,656.736,26.25,10.172,6.78668,10.852,92.25,100,100,0,-0.296875,49.6406,21,21,26.25
59.133,0,0,0,0,1.35913,0.99997,1.06656,4,1,1,0.820314,0,0.820314,0.818361,0,0,82.5556,82.1945,82.2223,3895,1470,1333.67,970,1412.7,111.07,198.07,198.023,110.859,123.703,656.736,26.25,10.184,6.83734,10.864,92.25,100,100,0,-0.78125,49.6406,21,21,26.25
59.166,0,0,0,0,1.36267,0.99997,1.06577,4,1,1,0.820314,0,0.820314,0.815675,0,0,82.8056,82.4167,82.0278,3900.5,1470,1332.62,970,1415.31,111,198.07,198.023,110.156,123.68,656.736,26.25,10.164,6.85334,10.844,92.25,99.6079,100,0,-0.25,49.6406,21,21,26.25
59.2,0,0,0,0,1.36072,0.99997,1.06485,4,1,1,0.820314,0,0.820314,0.813722,0,0,82.8612,82.3056,83.0001,3905,1470,1334.96,970,1412.7,111.211,198.117,198.07,111.68,123.609,656.736,27,10.18,6.83734,10.848,92.25,100,100,0,-0.8125,49.6406,21,21,26.25
59.233,0,0,0,0,1.36865,0.99997,1.06336,4,1,1,0.820314,0,0.820314,0.809083,0,0,82.7501,82.7778,82.1667,3911.25,1470,1331.21,970,1420.63,110.859,198.141,198.094,108.938,123.609,656.736,27,10.088,6.79201,10.756,92.25,100,100,0,-0.71875,49.6406,21,21,26.25
59.266,0,0,0,0,1.36377,0.99997,1.06235,4,1,1,0.820314,0,0.820314,0.808107,0,0,82.8612,82.4723,83.2501,3915.25,1470,1334.3,970,1415.31,111.141,198.141,198.094,111.82,123.563,659.276,27,10.136,6.79468,10.804,92.25,100,100,0,-0.546875,49.6406,21,21,26.25
59.3,0,0,0,0,1.36194,0.99997,1.06073,4,1,1,0.820314,0,0.820314,0.81006,0,0,83.139,83.2223,82.5001,3922.5,1470,1334.1,970,1412.7,111.117,198.141,198.117,111.07,123.539,659.276,27,10.12,6.79734,10.788,92.25,100,100,0,-0.6875,49.6406,21,21,26.25
59.333,0,0,0,0,1.36188,0.99997,1.05927,4,1,1,0.820314,0,0.820314,0.811769,0,0,83.3056,83.2223,83.6667,3929.25,1470,1335.55,970,1412.73,111.281,198.258,198.164,112.336,123.516,659.276,27,10.132,6.78401,10.8,92.25,100,100,0,0.125,49.6406,21,21,26.25
59.366,0,0,0,0,1.35938,0.99997,1.05896,4,1,1,0.820314,0,0.820314,0.815675,0,0,83.4445,83.0834,83.4723,3934.75,1470,1337.07,970,1410.04,111.398,198.258,198.164,114.023,124.125,659.276,27,10.176,6.80268,10.844,92.25,100,100,0,-0.84375,49.6406,20.25,20.25,18.75
59.4,0,0,0,0,1.35956,0.99997,1.0575,4,1,1,0.820314,0,0.820314,0.812745,0,0,83.889,83.0834,83.8334,3945.75,1470,1342.77,970,1410.04,111.891,198.234,198.211,111.727,124.055,659.276,27,10.18,6.82668,10.848,92.25,100,100,0,-0.609375,49.6406,21,21,18.75
59.433,0,0,0,0,1.35901,0.99997,1.05853,4,1,1,0.820314,0,0.820314,0.817384,0,0,84.0278,83.0556,83.2501,3946.75,1470,1339.57,970,1407.42,111.633,198.305,198.234,111.633,123.375,659.276,27,10.18,6.82668,10.848,92.25,100,100,0,-0.515625,49.6406,21,21,26.25
59.466,0,0,0,0,1.37024,0.99997,1.0589,4,1,1,0.820314,0,0.820314,0.822999,0,0,84.0834,83.7501,84.0001,3954,1470,1335.9,970,1417.97,111.281,198.305,198.234,110.438,123.328,662.361,27,10.144,6.82934,10.812,92.25,100,100,0,-0.265625,49.6406,21,21,26.25
59.5,0,0,0,0,1.37189,0.99997,1.05924,4,1,1,0.820314,0,0.820314,0.824708,0,0,84.4167,83.8612,85.0834,3956,1470,1342.85,970,1417.97,111.914,198.375,198.281,111.703,123.305,662.361,27,10.228,6.84001,10.896,92.25,100,100,0,-0.625,49.6406,21,21,26.25
59.533,0,0,0,0,1.36823,0.99997,1.06,4,1,1,0.820314,0,0.820314,0.822999,0,0,84.2501,83.639,83.5556,3963.5,1470,1336.91,970,1412.73,111.398,198.352,198.328,111.586,123.281,662.361,27,10.14,6.81601,10.808,92.25,100,100,0,-0.375,49.6406,21,21,26.25
59.566,0,0,0,0,1.35962,0.99997,1.06033,4,1,1,0.820314,0,0.820314,0.82007,0,0,84.1945,84.0001,84.639,3968.75,1460,1338.48,970,1404.8,111.516,198.352,198.328,114.938,123.234,662.361,27,10.16,6.80268,10.828,92.25,100,100,0,-0.78125,49.6406,21,21,26.25
59.6,0,0,0,0,1.35999,0.99997,1.06024,4,1,1,0.820314,0,0.820314,0.814699,0,0,84.7778,84.0278,84.4445,3975,1460,1344.18,965,1404.77,112.031,198.398,198.352,113.93,123.188,662.361,27,10.264,6.84534,10.944,92.25,100,100,0,-0.703125,49.6406,21,21,26.25
59.633,0,0,0,0,1.37103,0.99997,1.06012,4,1,1,0.820314,0,0.820314,0.817384,0,0,85.0001,84.6945,84.3056,3984.5,1460,1341.76,965,1415.31,111.797,198.492,198.422,111.023,123.164,662.361,27,10.236,6.87734,10.916,92.25,100,100,0,-0.40625,49.6406,21,21,26.25
59.666,0,0,0,0,1.37073,0.99997,1.05899,4,1,1,0.820314,0,0.820314,0.815675,0,0,84.889,84.6667,84.3056,3986.5,1460,1334.84,965,1415.31,111.211,198.492,198.422,110.531,123.164,664.94,27,10.116,6.83734,10.796,92.25,100,100,0,-0.5,49.6406,21,21,26.25
59.7,0,0,0,0,1.37488,0.99997,1.05814,4,1,1,0.820314,0,0.820314,0.812745,0,0,84.7223,84.9167,85.8334,3993,1460,1337.58,965,1420.59,111.422,198.422,198.422,111.633,123.117,664.94,27,10.132,6.79468,10.812,92.25,100,100,0,-0.828125,49.6406,21,21,26.25
59.733,0,0,0,0,1.37634,0.99997,1.05866,4,1,1,0.820314,0,0.820314,0.816408,0,0,84.9445,85.0278,84.3334,3995.5,1460,1337.66,965,1420.59,111.422,198.492,198.469,109.898,123.094,664.94,27,10.128,6.80001,10.832,92.25,100,100,0,-0.4375,49.6406,21,21,26.25
59.766,0,0,0,0,1.37073,0.99997,1.05795,4,1,1,0.820314,0,0.820314,0.819337,0,0,85.0001,85.5834,85.9723,4001.5,1460,1343.91,965,1415.31,111.984,198.492,198.469,112.898,123.023,664.94,27,10.208,6.79468,10.912,92.25,100,100,0,-0.609375,49.6406,21.75,21.75,26.25
59.8,0,0,0,0,1.37647,0.99997,1.05728,4,1,1,0.820314,0,0.820314,0.817384,0,0,85.5834,85.9445,84.889,4011.75,1460,1340.39,965,1420.59,111.68,198.516,198.492,110.063,123,664.94,27,10.184,6.85601,10.864,92.25,100,100,0,-0.40625,49.6406,21.75,21.75,26.25
59.833,0,0,0,0,1.37512,0.99997,1.05734,4,1,1,0.820314,0,0.820314,0.818361,0,0,85.3056,85.8612,84.889,4014.75,1460,1335.43,965,1420.63,111.398,198.82,198.516,110.344,123,664.94,27,10.12,6.80268,10.8,92.25,100,100,0,-0.328125,49.6406,21.75,21.75,26.25
59.866,0,0,0,0,1.37042,0.99997,1.05707,4,1,1,0.820314,0,0.820314,0.817384,0,0,85.639,85.5834,85.4723,4020.25,1460,1339.45,965,1417.93,111.75,198.82,198.516,110.648,122.953,667.615,27,10.188,6.81601,10.868,92.25,100,100,0,-0.6875,49.6406,21.75,21.75,26.25
59.9,0,0,0,0,1.36786,0.99997,1.0557,4,1,1,0.820314,0,0.820314,0.812745,0,0,85.6945,85.4167,85.2223,4030,1460,1333.79,965,1415.31,111.328,198.703,198.516,110.648,122.906,667.615,27,10.1,6.80268,10.768,92.25,100,100,0,-0.296875,49.6406,21.75,21.75,26.25
59.933,0,0,0,0,1.36475,0.99997,1.05579,4,1,1,0.820314,0,0.820314,0.814699,0,0,85.5834,85.1945,84.1112,4033.75,1460,1331.37,965,1412.7,111.094,198.773,198.539,110.016,122.906,667.615,27,10.076,6.76268,10.744,92.25,99.6079,100,0,-0.8125,49.6406,21.75,21.75,26.25
59.966,0,0,0,0,1.36871,0.99997,1.05502,4,1,1,0.820314,0,0.820314,0.816408,0,0,85.5278,85.4445,85.7778,4037.5,1460,1330.63,965,1417.97,111.164,198.773,198.539,111.188,122.859,667.615,27,10.072,6.76268,10.74,92.25,99.6079,100,0,-0.484375,49.6406,21.75,21.75,26.25
60,0,0,0,0,1.3617,0.99997,1.05457,4,1,1,0.820314,0,0.820314,0.816408,0,0,85.9723,85.0001,86.1112,4045.75,1450,1335.35,965,1410.04,111.703,198.773,198.563,112.641,122.813,667.615,27,10.136,6.77334,10.832,92.25,99.6079,100,0,-0.484375,49.6406,21.75,21.75,26.25
60.033,0,0,0,0,1.36243,0.99997,1.05493,4,1,1,0.820314,0,0.820314,0.818361,0,0,86.5556,85.8612,85.5556,4054.5,1450,1337.54,965,1410.04,111.984,198.727,198.563,111.609,122.789,667.615,27,10.176,6.82134,10.872,92.25,100,100,0,-0.328125,49.6406,21.75,21.75,26.25
60.066,0,0,0,0,1.36524,0.99997,1.05499,4,1,1,0.820314,0,0.820314,0.82007,0,0,86.9167,86.0556,85.6667,4057.25,1450,1340.59,965,1412.7,112.219,198.727,198.563,109.547,122.766,670.252,27,10.228,6.85068,10.924,92.25,100,100,0,-0.9375,49.6406,21.75,21.75,26.25
60.1,0,0,0,0,1.37,0.99997,1.05551,4,1,1,0.820314,0,0.820314,0.822023,0,0,86.5556,86.3612,85.4445,4061,1450,1328.83,965,1417.97,111.281,198.773,198.586,110.063,122.766,670.252,27.75,10.088,6.81334,10.768,92.25,100,100,0,-0.0625,49.6406,21.75,21.75,26.25
60.133,0,0,0,0,1.35931,0.99997,1.0557,4,1,1,0.820314,0,0.820314,0.819337,0,0,86.5556,85.6945,86.0001,4067.75,1450,1332.3,965,1407.42,111.563,198.773,198.586,112.336,122.742,670.252,27.75,10.12,6.79468,10.8,92.25,100,100,0,-0.65625,49.6406,21.75,21.75,26.25
60.166,0,0,0,0,1.36139,0.99997,1.05557,4,1,1,0.820314,0,0.820314,0.815675,0,0,86.6112,85.8056,86.5278,4071,1450,1330.08,965,1410.08,111.445,198.773,198.586,112.453,122.695,670.252,27.75,10.104,6.78668,10.784,92.25,100,100,0,-0.390625,49.6406,21.75,21.75,26.25
60.2,0,0,0,0,1.36914,0.99997,1.05515,4,1,1,0.820314,0,0.820314,0.814699,0,0,86.639,86.3056,85.6667,4079.75,1450,1326.52,965,1417.93,111.164,198.68,198.609,109.313,122.648,670.252,27.75,10.076,6.78668,10.772,92.25,100,100,0,-0.375,49.6406,21.75,21.75,26.25
60.233,0,0,0,0,1.36676,0.99997,1.05472,4,1,1,0.820314,0,0.820314,0.815675,0,0,86.6945,86.1667,87.4167,4082.5,1450,1327.62,965,1415.31,111.469,198.961,198.633,111.938,122.648,670.252,27.75,10.108,6.76534,10.804,92.25,100,100,0,-0.890625,49.6406,21.75,21.75,26.25
60.266,0,0,0,0,1.36389,0.99997,1.05411,4,1,1,0.820314,0,0.820314,0.816408,0,0,86.7501,86.8334,87.1112,4089.75,1450,1326.91,965,1412.7,111.398,198.961,198.633,112.078,122.602,672.811,27.75,10.092,6.76534,10.788,92.25,100,100,0,-0.5,49.6406,21.75,21.75,26.25
60.3,0,0,0,0,1.36786,0.99997,1.05475,4,1,1,0.820314,0,0.820314,0.822999,0,0,86.8056,87.0834,88.0001,4098.75,1440,1327.27,965,1417.97,111.492,198.773,198.633,112.148,122.555,672.811,27.75,10.116,6.75468,10.812,92.25,100,100,0,-0.28125,49.6406,21.75,21.75,26.25
60.333,0,0,0,0,1.35614,0.99997,1.05481,4,1,1,0.820314,0,0.820314,0.822023,0,0,87.6112,86.3334,86.8334,4105,1450,1330.86,965,1404.77,111.82,198.938,198.656,113.695,122.555,672.811,27.75,10.156,6.82134,10.824,92.25,100,100,0,-0.515625,49.6406,21.75,21.75,26.25
60.366,0,0,0,0,1.36707,0.99997,1.05609,4,1,1,0.820314,0,0.820314,0.823732,0,0,87.7778,87.0278,86.9445,4106.75,1440,1325.98,965,1415.31,111.516,198.938,198.656,110.719,122.531,672.811,27.75,10.132,6.84268,10.8,92.25,100,100,0,-0.53125,49.6406,21.75,21.75,26.25
60.4,0,0,0,0,1.35632,0.99997,1.05664,4,1,1,0.820314,0,0.820314,0.823732,0,0,87.8334,86.3612,88.2501,4115,1440,1334.14,965,1402.11,112.289,198.75,198.656,115.242,122.484,672.811,27.75,10.236,6.84001,10.916,92.25,100,100,0,-0.453125,49.6406,21.75,21.75,26.25
60.433,0,0,0,0,1.36817,0.99997,1.05679,4,1,1,0.820314,0,0.820314,0.82007,0,0,87.7778,87.1112,86.5556,4123,1440,1325.08,965,1412.7,111.469,198.984,198.68,109.969,122.484,672.811,27.75,10.128,6.81601,10.808,92.25,99.6079,100,0,-0.890625,49.6406,21.75,21.75,26.25
60.466,0,0,0,0,1.36664,0.99997,1.05783,4,1,1,0.820314,0,0.820314,0.821046,0,0,87.6667,87.8056,88.5834,4125.75,1440,1325.82,965,1412.73,111.703,198.984,198.68,113.414,122.461,675.858,27.75,10.168,6.79734,10.848,92.25,100,100,0,0,49.6406,21.75,21.75,26.25
60.5,0,0,0,0,1.37219,0.99997,1.05866,4,1,1,0.820314,0,0.820314,0.822999,0,0,88.4167,88.1667,88.3334,4133.75,1440,1329.26,965,1417.93,112.078,198.797,198.703,110.203,122.414,675.858,27.75,10.228,6.86668,10.908,92.25,100,100,0,-0.484375,49.6406,21.75,21.75,26.25
60.533,0,0,0,0,1.36487,0.99997,1.0585,4,1,1,0.820314,0,0.820314,0.822023,0,0,88.2501,87.7223,87.5556,4139.5,1440,1326.21,965,1410.04,111.867,198.844,198.727,111.492,122.367,675.858,27.75,10.192,6.83468,10.872,92.25,100,100,0,-0.578125,49.6406,21.75,21.75,26.25
60.566,0,0,0,0,1.37213,0.99997,1.0582,4,1,1,0.820314,0,0.820314,0.818361,0,0,88.2501,88.1945,88.3056,4143,1440,1322.03,965,1417.93,111.469,198.844,198.727,110.648,122.367,675.858,27.75,10.14,6.82134,10.82,92.25,100,100,0,-0.640625,49.6406,21.75,21.75,26.25
60.6,0,0,0,0,1.37018,0.99997,1.05969,4,1,1,0.820314,0,0.820314,0.822999,0,0,88.6667,88.0556,88.7223,4153.25,1440,1326.91,965,1415.27,112.031,198.984,198.727,111.68,122.297,675.858,27.75,10.228,6.88268,10.896,92.25,100,100,0,-0.25,49.6406,21.75,21.75,26.25
60.633,0,0,0,0,1.3595,0.99997,1.06076,4,1,1,0.820314,0,0.820314,0.829347,0,0,88.5834,87.3334,88.7223,4156.25,1440,1329.53,965,1402.15,112.313,198.82,198.727,114.984,122.32,675.858,27.75,10.276,6.85334,10.944,92.25,100,100,0,-0.625,49.6406,21.75,21.75,26.25
60.666,0,0,0,0,1.37634,0.99997,1.06061,4,1,1,0.820314,0,0.820314,0.825685,0,0,89.0001,88.4445,88.5278,4160.75,1430,1325.27,965,1417.97,111.914,198.82,198.727,110.789,122.25,678.494,27.75,10.216,6.86934,10.884,92.25,100,100,0,0.046875,49.6406,21.75,21.75,26.25
60.7,0,0,0,0,1.37763,0.99997,1.06146,4,1,1,0.820314,0,0.820314,0.817384,0,0,89.2778,89.3612,88.9445,4165.5,1430,1330.74,965,1417.93,112.547,199.008,198.75,111.211,122.227,678.494,27.75,10.308,6.90668,10.976,92.25,100,100,0,-0.46875,49.6406,21.75,21.75,26.25
60.733,0,0,0,0,1.37396,0.99997,1.06125,4,1,1,0.820314,0,0.820314,0.813722,0,0,89.3612,89.139,89.2778,4173.5,1430,1329.06,965,1412.7,112.477,198.914,198.773,112.664,122.227,678.494,27.75,10.296,6.89601,10.976,92.25,100,100,0,-0.46875,49.6406,21.75,21.75,26.25
60.766,0,0,0,0,1.38141,0.99997,1.0611,4,1,1,0.820314,0,0.820314,0.818361,0,0,89.8612,89.6112,90.3334,4180,1430,1330.47,965,1420.59,112.594,198.914,198.773,111.469,122.18,678.494,27.75,10.316,6.92801,10.996,92.25,100,100,0,-0.5,49.6406,21.75,21.75,26.25
60.8,0,0,0,0,1.37695,0.99997,1.05994,4,1,1,0.820314,0,0.820314,0.82007,0,0,89.9167,89.3334,88.6112,4181.75,1430,1325.7,965,1415.31,112.289,199.055,198.773,111.141,122.156,678.494,27.75,10.248,6.93068,10.928,92.25,100,100,0,0,49.6406,21.75,21.75,26.25
60.833,0,0,0,0,1.3634,0.99997,1.05966,4,1,1,0.820314,0,0.820314,0.817384,0,0,89.8056,88.4445,89.389,4190.5,1430,1329.96,965,1402.15,112.758,198.914,198.797,114.586,122.133,678.494,27.75,10.308,6.88534,10.988,92.25,100,100,0,-0.65625,49.6406,21.75,21.75,26.25
60.866,0,0,0,0,1.36542,0.99997,1.05951,4,1,1,0.820314,0,0.820314,0.813722,0,0,89.8056,88.5834,89.2778,4197.5,1430,1323.63,965,1404.8,112.148,198.914,198.797,113.906,122.109,681.053,27.75,10.224,6.86668,10.904,92.25,100,100,0,-0.171875,49.6406,21.75,21.75,26.25
60.9,0,0,0,0,1.36597,0.99997,1.05982,4,1,1,0.820314,0,0.820314,0.819337,0,0,89.6945,88.6112,89.389,4197.5,1430,1320,965,1407.38,111.984,199.078,198.82,113.156,122.039,681.053,27.75,10.212,6.85068,10.892,92.25,100,100,0,-0.59375,49.6406,21.75,21.75,26.25
60.933,0,0,0,0,1.37409,0.99997,1.0596,4,1,1,0.820314,0,0.820314,0.821046,0,0,89.6945,92.5279,90.4445,4207.5,1430,1318.75,965,1415.31,111.938,198.961,198.82,112.242,122.039,681.053,27.75,10.18,6.84534,10.86,92.25,100,100,0,-0.0625,49.6406,21.75,21.75,26.25
60.966,0,0,0,0,1.37482,0.99997,1.06027,4,1,1,0.820314,0,0.820314,0.82007,0,0,89.9723,91.0001,88.9445,4212.75,1420,1317.3,965,1420.59,111.797,198.961,198.82,108.609,122.016,681.053,27.75,10.168,6.84001,10.848,92.25,100,100,0,-0.578125,49.6406,21.75,21.75,26.25
61,0,0,0,0,1.36768,0.99997,1.06036,4,1,1,0.820314,0,0.820314,0.82007,0,0,90.0001,91.3612,88.8334,4215.25,1420,1313.28,965,1415.31,111.609,199.148,198.844,110.719,121.969,681.053,27.75,10.156,6.84001,10.836,92.25,100,100,0,-0.21875,49.6406,21.75,21.75,26.25
61.033,0,0,0,0,1.37067,0.99997,1.06094,4,1,1,0.820314,0,0.820314,0.821046,0,0,89.8056,94.889,89.9723,4227,1420,1309.65,965,1423.2,111.305,198.938,198.867,110.133,121.969,681.053,27.75,10.128,6.81601,10.808,92.25,100,100,0,-0.484375,49.6406,21.75,21.75,26.25
61.066,0,0,0,0,1.36353,0.99997,1.0621,4,1,1,0.820314,0,0.820314,0.824708,0,0,89.8056,91.9167,90.0834,4232.5,1420,1310.2,965,1417.97,111.352,198.938,198.867,112.219,121.922,683.69,27.75,10.144,6.81334,10.824,92.25,99.6079,100,0,-0.53125,49.6406,21.75,21.75,26.25
61.1,0,0,0,0,1.36444,0.99997,1.06345,4,1,1,0.820314,0,0.820314,0.827638,0,0,90.2779,91.139,89.9723,4231.75,1420,1307.11,965,1420.59,111.211,199.148,198.867,108.656,121.898,683.69,27.75,10.148,6.86668,10.816,92.25,100,100,0,-0.453125,49.6406,21.75,21.75,26.25
61.133,0,0,0,0,1.36145,0.99997,1.06506,4,1,1,0.820314,0,0.820314,0.827638,0,0,90.1667,90.1112,89.9723,4245,1420,1308.05,965,1423.2,111.352,198.961,198.891,110.25,121.898,683.69,27.75,10.184,6.84001,10.852,92.25,100,100,0,-0.015625,49.6406,21.75,21.75,26.25
61.166,0,0,0,0,1.35864,0.99997,1.06635,4,1,1,0.820314,0,0.820314,0.826661,0,0,90.5001,89.889,90.0834,4247.25,1420,1313.55,965,1417.97,111.844,198.961,198.891,111.469,121.875,683.69,27.75,10.264,6.87468,10.932,92.25,100,100,0,-0.734375,49.6406,21.75,21.75,26.25
61.2,0,0,0,0,1.34955,0.99997,1.06863,4,1,1,0.820314,0,0.820314,0.82837,0,0,91.389,89.2778,90.0834,4254.5,1420,1319.8,965,1404.77,112.547,199.172,198.914,112.805,121.805,683.69,27.75,10.368,6.94401,11.048,92.25,100,100,0,-0.296875,49.6406,21.75,21.75,26.25
61.233,0,0,0,0,1.34418,0.99997,1.06903,4,1,1,0.820314,0,0.820314,0.825685,0,0,91.0834,88.9167,89.8612,4260,1420,1317.77,965,1399.49,112.148,198.516,198.914,113.602,121.805,683.69,27.75,10.312,6.93068,10.992,92.25,100,100,0,-0.625,49.6406,21.75,21.75,26.25
61.266,0,0,0,0,1.35663,0.99997,1.06894,4,1,1,0.820314,0,0.820314,0.818361,0,0,90.9167,89.7501,91.0279,4263,1420,1314.34,965,1410.04,111.82,198.516,198.914,112.242,121.758,686.131,27.75,10.268,6.89601,10.948,92.25,100,100,0,-0.40625,49.6406,21.75,21.75,26.25
61.3,0,0,0,0,1.36578,0.99997,1.06805,4,1,1,0.820314,0,0.820314,0.811769,0,0,90.8056,95.4167,90.8056,4273.5,1420,1305.94,965,1417.97,111.164,199.125,198.938,110.906,121.711,686.131,27.75,10.188,6.85868,10.856,92.25,100,100,0,-0.5625,49.6406,21.75,21.75,26.25
61.333,0,0,0,0,1.36578,0.99997,1.06748,4,1,1,0.820314,0,0.820314,0.815675,0,0,91.139,91.2223,91.5556,4274.5,1420,1312.19,965,1420.63,111.727,199.172,198.938,110.859,121.711,686.131,27.75,10.244,6.90401,10.912,92.25,100,100,0,-0.171875,49.6406,21.75,21.75,26.25
61.366,0,0,0,0,1.36463,0.99997,1.06653,4,1,1,0.820314,0,0.820314,0.817384,0,0,91.7779,90.2779,90.9167,4281.25,1410,1313.59,965,1417.93,111.961,199.172,198.938,109.945,121.688,686.131,27.75,10.268,6.93601,10.936,92.25,100,100,0,-0.65625,49.6406,21.75,21.75,26.25
61.4,0,0,0,0,1.34924,0.99997,1.06601,4,1,1,0.820314,0,0.820314,0.816408,0,0,92.0279,90.0834,89.8334,4289.25,1410,1317.07,965,1399.49,112.383,199.148,198.961,112.313,121.641,686.131,27.75,10.324,6.94401,11.004,93,100,100,0,-0.40625,49.6406,21.75,21.75,26.25
61.433,0,0,0,0,1.35535,0.99997,1.06586,4,1,1,0.820314,0,0.820314,0.817384,0,0,91.9445,90.5001,91.389,4292.25,1410,1315.66,965,1404.8,112.242,199.148,198.984,113.25,121.641,686.131,27.75,10.296,6.91734,10.976,93,100,100,0,-0.484375,49.6406,21.75,21.75,26.25
61.466,0,0,0,0,1.3587,0.99997,1.06482,4,1,1,0.820314,0,0.820314,0.813722,0,0,92.139,90.7223,92.0834,4297.25,1410,1315.86,965,1407.38,112.359,199.148,198.984,112.922,121.594,688.943,27.75,10.292,6.92534,10.972,93,100,100,0,-0.359375,49.6406,21.75,21.75,26.25
61.5,0,0,0,0,1.37067,0.99997,1.06415,4,1,1,0.820314,0,0.820314,0.812745,0,0,92.2501,96.639,91.3612,4304.75,1410,1308.2,965,1417.97,111.703,199.102,198.984,109.922,121.547,688.943,27.75,10.2,6.90401,10.88,92.25,100,100,0,-0.671875,49.6406,21.75,21.75,26.25
61.533,0,0,0,0,1.37,0.99997,1.06369,4,1,1,0.820314,0,0.820314,0.816408,0,0,91.889,98.2223,92.1945,4306.5,1410,1306.33,965,1425.86,111.68,199.242,199.008,110.156,121.523,688.943,27.75,10.192,6.85601,10.872,92.25,100,100,0,-0.3125,49.6406,21.75,21.75,26.25
61.566,0,0,0,0,1.34876,0.99997,1.06345,4,1,1,0.820314,0,0.820314,0.817384,0,0,92.4167,90.0278,92.7779,4312.75,1410,1319.65,965,1407.38,112.898,199.242,199.008,113.578,121.5,688.943,27.75,10.352,6.90934,11.032,92.25,100,100,0,-0.5625,49.6406,21.75,21.75,26.25
61.6,0,0,0,0,1.35675,0.99997,1.065,4,1,1,0.820314,0,0.820314,0.825685,0,0,92.9445,90.5834,92.6667,4319.5,1410,1318.28,965,1410.04,112.828,199.125,199.008,112.617,121.5,688.943,27.75,10.364,6.95468,11.052,93,100,100,0,-0.171875,49.6406,21.75,21.75,26.25
61.633,0,0,0,0,1.35614,0.99997,1.06592,4,1,1,0.820314,0,0.820314,0.826661,0,0,92.6667,90.5279,93.5001,4323.25,1410,1315.08,965,1407.38,112.5,199.195,199.031,114.867,121.43,688.943,27.75,10.308,6.90134,10.996,93,100,100,0,-0.640625,49.6406,21.75,21.75,26.25
61.666,0,0,0,0,1.35584,0.99997,1.06723,4,1,1,0.820314,0,0.820314,0.825685,0,0,92.8334,91.3056,93.0279,4329.5,1410,1316.25,965,1404.77,112.711,199.195,199.031,113.461,121.406,691.443,27.75,10.376,6.93868,11.064,93,100,100,0,-0.203125,49.6406,21.75,21.75,26.25
61.7,0,0,0,0,1.35901,0.99997,1.06888,4,1,1,0.820314,0,0.820314,0.822999,0,0,93.1112,91.5556,92.5556,4334.5,1400,1311.29,965,1407.42,112.453,199.406,199.055,113.813,121.383,691.443,27.75,10.328,6.94934,11.008,92.25,100,100,0,-0.90625,49.6406,21.75,21.75,26.25
61.733,0,0,0,0,1.36066,0.99997,1.06876,4,1,1,0.820314,0,0.820314,0.82007,0,0,92.9445,92.5279,92.3612,4346.5,1400,1307.58,965,1412.66,112.125,199.102,199.055,111.469,121.359,691.443,27.75,10.3,6.92534,10.98,92.25,100,100,0,-0.40625,49.6406,21.75,21.75,26.25
61.766,0,0,0,0,1.35559,0.99997,1.06882,4,1,1,0.820314,0,0.820314,0.817384,0,0,93.0556,91.3056,92.7779,4351.5,1400,1309.57,965,1407.42,112.289,199.102,199.055,112.969,121.359,691.443,27.75,10.328,6.92001,11.008,92.25,100,100,0,-0.453125,49.6406,21.75,21.75,26.25
61.8,0,0,0,0,1.36182,0.99997,1.0686,4,1,1,0.820314,0,0.820314,0.818361,0,0,93.2779,91.7223,93.7501,4355.25,1400,1311.76,965,1412.66,112.664,199.359,199.078,112.594,121.289,691.443,28.5,10.376,6.96534,11.072,92.25,100,100,0,-0.375,49.6406,21.75,21.75,26.25
61.833,0,0,0,0,1.36157,0.99997,1.06735,4,1,1,0.820314,0,0.820314,0.817384,0,0,93.9167,91.7223,93.6112,4361.5,1400,1313.83,965,1410.04,112.898,199.195,199.102,112.5,121.289,691.443,28.5,10.388,6.98401,11.084,92.25,100,100,0,-0.796875,49.6406,21.75,21.75,26.25
61.866,0,0,0,0,1.36701,0.99997,1.06696,4,1,1,0.820314,0,0.820314,0.814699,0,0,93.3056,99.0556,93.0556,4364.75,1400,1304.34,965,1417.97,112.008,199.195,199.102,110.906,121.266,693.885,28.5,10.26,6.90401,10.956,92.25,100,100,0,-0.296875,49.6406,21.75,21.75,26.25
61.9,0,0,0,0,1.36237,0.99997,1.0654,4,1,1,0.820314,0,0.820314,0.811036,0,0,94.1112,92.6945,94.1112,4373,1400,1311.88,965,1415.27,112.828,199.336,199.102,111.938,121.195,693.885,28.5,10.36,6.96268,11.028,92.25,100,100,0,-0.609375,49.6406,21.75,21.75,26.25
61.933,0,0,0,0,1.36096,0.99997,1.06418,4,1,1,0.820314,0,0.820314,0.812745,0,0,94.0001,94.3334,93.0279,4377,1400,1306.09,965,1412.66,112.43,199.359,199.125,111.352,121.195,693.885,28.5,10.284,6.92268,10.952,92.25,99.6079,100,0,-0.328125,49.6406,21.75,21.75,26.25
61.966,0,0,0,0,1.35986,0.99997,1.06265,4,1,1,0.820314,0,0.820314,0.811036,0,0,94.0556,93.389,94.3612,4380,1400,1308.44,965,1410.04,112.641,199.359,199.125,113.273,121.195,693.885,28.5,10.3,6.92534,10.968,92.25,99.6079,99.6079,0,-0.390625,49.6406,21.75,21.75,26.25
62,0,0,0,0,1.35736,0.99997,1.06207,4,1,1,0.820314,0,0.820314,0.813722,0,0,94.3334,92.3056,94.7223,4384.5,1400,1309.49,965,1404.8,112.758,199.195,199.125,114.656,121.148,693.885,28.5,10.312,6.92001,11,92.25,99.6079,99.6079,0,-0.25,49.6406,21.75,21.75,26.25
62.033,0,0,0,0,1.3537,0.99997,1.06122,4,1,1,0.820314,0,0.820314,0.815675,0,0,94.389,92.0279,94.4723,4393.5,1400,1310.74,965,1402.15,112.852,199.336,199.148,115.125,121.125,693.885,28.5,10.312,6.93601,11,92.25,99.2157,99.2157,0,-0.625,49.6406,21.75,21.75,26.25
62.066,0,0,0,0,1.36285,0.99997,1.06171,4,1,1,0.820314,0,0.820314,0.82007,0,0,94.6945,97.0001,92.7779,4400.75,1400,1302.19,965,1412.7,112.172,199.336,199.148,110.484,121.078,696.307,28.5,10.224,6.90668,10.912,92.25,99.2157,99.2157,0,-0.203125,49.6406,21.75,21.75,26.25
62.1,0,0,0,0,1.35681,0.99997,1.06198,4,1,1,0.820314,0,0.820314,0.819337,0,0,94.7501,93.0556,93.5001,4406.5,1390,1306.56,965,1410.04,112.688,199.383,199.172,111.07,121.031,696.307,28.5,10.276,6.90668,10.956,92.25,99.2157,99.2157,0,-0.28125,49.6406,21.75,21.75,26.25
62.133,0,0,0,0,1.36194,0.99997,1.06217,4,1,1,0.820314,0,0.820314,0.817384,0,0,94.7501,96.9167,94.3612,4414.25,1390,1304.61,965,1412.66,112.547,199.266,199.172,111.445,121.031,696.307,28.5,10.264,6.91734,10.944,92.25,98.8236,98.8236,0,-0.453125,49.6406,21.75,21.75,26.25
62.166,0,0,0,0,1.3559,0.99997,1.06223,4,1,1,0.820314,0,0.820314,0.816408,0,0,95.7779,93.0001,94.1667,4415.5,1390,1311.72,965,1404.77,113.203,199.266,199.172,111.141,121.008,696.307,28.5,10.364,6.99734,11.044,92.25,98.8236,98.8236,0,-0.703125,49.6406,21,21,26.25
62.2,0,0,0,0,1.3515,0.99997,1.06177,4,1,1,0.820314,0,0.820314,0.818361,0,0,95.4445,92.6667,93.889,4426,1390,1308.2,965,1396.88,113.016,199.453,199.195,113.461,120.938,696.307,28.5,10.32,6.94401,11.008,93,98.4314,98.4314,0,-0.03125,49.6406,21.75,21.75,26.25
62.233,0,0,0,0,1.36328,0.99997,1.06128,4,1,1,0.820314,0,0.820314,0.817384,0,0,95.2501,98.6667,95.6945,4427.25,1390,1304.02,965,1410,112.711,199.383,199.195,112.43,120.938,696.307,28.5,10.272,6.90934,10.96,93,98.0392,98.4314,0,-0.3125,49.6406,21.75,21.75,26.25
62.266,0,0,0,0,1.357,0.99997,1.06171,4,1,1,0.820314,0,0.820314,0.818361,0,0,95.2501,94.7779,94.2223,4430.5,1390,1301.64,965,1407.34,112.477,199.383,199.195,111.117,120.914,699.178,28.5,10.252,6.90668,10.94,93,98.0392,98.0392,0,-0.5625,49.6406,21.75,21.75,26.25
62.3,0,0,0,0,1.34052,0.99997,1.06207,4,1,1,0.820314,0,0.820314,0.821046,0,0,95.6112,91.8334,95.0556,4438.5,1390,1308.59,970,1386.25,113.18,199.313,199.219,116.203,120.891,699.178,28.5,10.352,6.93068,11.04,92.25,97.6471,97.6471,0,-0.40625,49.6406,21.75,21.75,26.25
62.333,0,0,0,0,1.35761,0.99997,1.06223,4,1,1,0.820314,0,0.820314,0.82007,0,0,95.0834,99.0556,95.3056,4449,1390,1297.66,970,1407.34,112.266,199.406,199.219,112.266,120.891,699.178,28.5,10.208,6.86134,10.896,92.25,97.6471,97.6471,0,-0.375,49.6406,21.75,21.75,26.25
62.366,0,0,0,0,1.35425,0.99997,1.06171,4,1,1,0.820314,0,0.820314,0.815675,0,0,95.5001,96.2779,96.4167,4452.25,1390,1301.05,970,1410.04,112.57,199.406,199.219,112.922,120.844,699.178,28.5,10.244,6.88801,10.932,92.25,97.2549,97.6471,0,-0.671875,49.6406,21.75,21.75,26.25
62.4,0,0,0,0,1.34253,0.99997,1.06177,4,1,1,0.820314,0,0.820314,0.815675,0,0,96.639,92.8056,95.4167,4461.5,1390,1310.55,970,1394.18,113.602,199.477,199.242,114.82,120.82,699.178,29.25,10.396,6.98668,11.076,92.25,97.2549,97.2549,0,-0.453125,49.6406,21.75,21.75,26.25
62.433,0,0,0,0,1.36047,0.99997,1.06061,4,1,1,0.820314,0,0.820314,0.816408,0,0,95.9445,99.2779,96.4167,4460.75,1390,1300.63,970,1412.7,112.664,199.406,199.266,112.289,120.82,699.178,29.25,10.26,6.90401,10.94,92.25,97.2549,97.2549,0,-0.5625,49.6406,21.75,21.75,26.25
62.466,0,0,0,0,1.35187,0.99997,1.05991,4,1,1,0.820314,0,0.820314,0.816408,0,0,96.4723,93.389,94.9445,4465.5,1390,1303.44,970,1404.77,113.016,199.406,199.266,111.891,120.75,701.6,29.25,10.304,6.94401,10.984,92.25,97.2549,97.2549,0,-0.640625,49.6406,21.75,21.75,26.25
62.5,0,0,0,0,1.36792,0.99997,1.06033,4,1,1,0.820314,0,0.820314,0.819337,0,0,96.5834,106.306,96.2779,4476.25,1380,1294.84,970,1417.93,112.266,199.406,199.266,110.391,120.703,701.6,29.25,10.22,6.94134,10.888,92.25,96.8628,96.8628,0,-0.53125,49.6406,21.75,21.75,26.25
62.533,0,0,0,0,1.35144,0.99997,1.06015,4,1,1,0.820314,0,0.820314,0.82007,0,0,96.4167,94.2501,96.2779,4476.25,1380,1301.72,970,1404.77,112.898,198.961,199.289,113.625,120.68,701.6,29.25,10.26,6.90668,10.928,92.25,96.8628,96.8628,0,-0.484375,49.6406,21.75,21.75,26.25
62.566,0,0,0,0,1.35059,0.99997,1.06073,4,1,1,0.820314,0,0.820314,0.819337,0,0,96.7779,93.2779,96.0556,4486.75,1390,1307.81,970,1399.53,113.297,198.961,199.289,113.578,120.656,701.6,29.25,10.344,6.92268,11.012,92.25,96.8628,96.4706,0,-0.265625,49.6406,21.75,21.75,26.25
62.6,0,0,0,0,1.35059,0.99997,1.06079,4,1,1,0.820314,0,0.820314,0.817384,0,0,97.4723,94.0834,96.5279,4496.25,1380,1311.41,970,1394.22,113.742,199.547,199.313,114.305,120.656,701.6,29.25,10.392,6.97334,11.072,92.25,96.4706,96.4706,0,-0.59375,49.6406,21.75,21.75,26.25
62.633,0,0,0,0,1.35803,0.99997,1.06082,4,1,1,0.820314,0,0.820314,0.819337,0,0,96.7223,99.0556,96.0001,4497,1380,1301.84,970,1399.53,112.852,199.523,199.313,113.297,120.633,701.6,29.25,10.244,6.91468,10.924,92.25,96.4706,96.4706,0,-0.828125,49.6406,21.75,21.75,26.25
62.666,0,0,0,0,1.36072,0.99997,1.06006,4,1,1,0.820314,0,0.820314,0.816408,0,0,97.2223,99.2501,97.7779,4503.75,1380,1305.47,970,1402.15,113.297,199.523,199.313,114.211,120.586,704.158,29.25,10.316,6.93334,10.996,92.25,96.4706,96.4706,0,-0.609375,49.6406,21.75,21.75,26.25
62.7,0,0,0,0,1.3681,0.99997,1.0618,4,1,1,0.820314,0,0.820314,0.822999,0,0,97.4167,104.806,97.7223,4509.75,1380,1300.39,970,1412.66,112.852,199.406,199.336,112.078,120.563,704.158,29.25,10.288,6.96268,10.956,92.25,96.4706,96.4706,0,0.09375,49.6406,21.75,21.75,26.25
62.733,0,0,0,0,1.35394,0.99997,1.06189,4,1,1,0.820314,0,0.820314,0.823732,0,0,96.9445,97.8612,96.5279,4509.75,1380,1299.02,970,1402.11,112.711,199.5,199.336,113.484,120.539,704.158,29.25,10.244,6.89868,10.912,92.25,96.4706,96.4706,0,-0.5,49.6406,21.75,21.75,26.25
62.766,0,0,0,0,1.35419,0.99997,1.06342,4,1,1,0.820314,0,0.820314,0.822023,0,0,98.0001,94.3056,97.2779,4517.25,1380,1306.99,970,1402.11,113.555,199.5,199.336,113.531,120.469,704.158,29.25,10.4,7.00001,11.068,92.25,96.0785,96.0785,0,-0.6875,49.6406,21.75,21.75,26.25
62.8,0,0,0,0,1.35523,0.99997,1.06284,4,1,1,0.820314,0,0.820314,0.816408,0,0,98.1667,94.389,98.139,4528.75,1380,1307.58,970,1399.53,113.742,199.594,199.336,114.82,120.445,704.158,29.25,10.384,6.95734,11.064,93,96.0785,96.0785,0,-0.265625,49.6406,21.75,21.75,26.25
62.833,0,0,0,0,1.36829,0.99997,1.06235,4,1,1,0.820314,0,0.820314,0.815675,0,0,98.4445,100.75,96.8612,4529.5,1380,1303.95,970,1412.66,113.391,199.523,199.336,109.781,120.445,704.158,29.25,10.336,6.96268,11.016,93,96.0785,96.0785,0,-0.046875,49.6406,21.75,21.75,26.25
62.866,0,0,0,0,1.36206,0.99997,1.06116,4,1,1,0.820314,0,0.820314,0.815675,0,0,98.3334,98.5001,97.7223,4538.5,1380,1304.3,970,1410,113.508,199.523,199.336,111.398,120.422,706.639,29.25,10.312,6.94668,10.992,93,96.0785,96.0785,0,-0.609375,49.6406,21.75,21.75,26.25
62.9,0,0,0,0,1.35278,0.99997,1.05927,4,1,1,0.820314,0,0.820314,0.812745,0,0,98.1667,95.0834,99.389,4542.5,1380,1307.23,970,1399.53,113.836,199.43,199.359,116.203,120.422,706.639,29.25,10.356,6.95201,11.036,92.25,95.6863,95.6863,0,-0.390625,49.6406,21.75,21.75,26.25
62.933,0,0,0,0,1.35443,0.99997,1.05887,4,1,1,0.820314,0,0.820314,0.812745,0,0,98.3334,96.1112,98.0279,4542.5,1380,1303.09,970,1402.11,113.438,199.547,199.359,114.188,120.398,706.639,29.25,10.344,6.94934,11.024,92.25,95.6863,95.6863,0,-0.640625,49.6406,21.75,21.75,26.25
62.966,0,0,0,0,1.34583,0.99997,1.05899,4,1,1,0.820314,0,0.820314,0.818361,0,0,98.9723,94.5834,98.389,4555.75,1380,1309.8,970,1388.95,114.164,199.547,199.359,117.234,120.398,706.639,29.25,10.416,6.98401,11.096,92.25,95.6863,95.6863,0,-0.4375,49.6406,21.75,21.75,26.25
63,0,0,0,0,1.35193,0.99997,1.0592,4,1,1,0.820314,0,0.820314,0.821046,0,0,99.3056,94.9723,98.3056,4563.25,1380,1309.69,970,1391.56,114.281,199.641,199.359,115.195,120.375,706.639,29.25,10.432,7.01068,11.1,92.25,95.6863,95.6863,0,-0.40625,49.6406,21.75,21.75,26.25
63.033,0,0,0,0,1.36566,0.99997,1.05978,4,1,1,0.820314,0,0.820314,0.822023,0,0,99.4445,101.333,98.7501,4561.25,1380,1306.68,970,1402.11,114.117,199.57,199.359,113.063,120.375,706.639,29.25,10.404,7.01068,11.072,92.25,95.6863,95.6863,0,-0.296875,49.6406,21.75,21.75,26.25
63.066,0,0,0,0,1.35718,0.99997,1.06189,4,1,1,0.820314,0,0.820314,0.824708,0,0,99.3056,98.0279,97.5279,4569.5,1370,1303.28,970,1394.18,113.789,199.57,199.359,113.18,120.352,709.607,29.25,10.38,6.98934,11.048,92.25,95.6863,95.6863,0,-0.546875,49.6406,21.75,21.75,26.25
63.1,0,0,0,0,1.35486,0.99997,1.06409,4,0.984377,1,0.820314,0,0.820314,0.827638,0,0,99.2501,96.0001,98.0001,4574.5,1370,1302.5,965,1396.84,113.719,199.383,199.383,111.891,120.328,709.607,29.25,10.396,6.98934,11.076,92.25,95.2942,95.2942,0,-0.640625,49.6406,21.75,21.75,26.25
63.133,0,0,0,0,1.36603,0.99997,1.06461,4,0.984377,1,0.820314,0,0.820314,0.822999,0,0,98.6945,109.695,98.2501,4582.25,1370,1291.68,965,1407.38,112.828,199.594,199.383,110.93,120.305,709.607,29.25,10.28,6.93601,10.96,92.25,95.2942,95.2942,0,-0.625,49.6406,21.75,21.75,26.25
63.166,0,0,0,0,1.34418,0.99997,1.06525,4,0.984377,1,0.820314,0,0.820314,0.817384,0,0,98.8612,96.1667,99.7501,4587.75,1370,1297.42,965,1394.22,113.344,199.594,199.383,115.969,120.305,709.607,29.25,10.344,6.93334,11.024,92.25,94.902,95.2942,0,-0.953125,49.6406,21.75,21.75,26.25
63.2,0,0,0,0,1.35205,0.99997,1.06329,4,0.982912,1,0.820314,0,0.820314,0.814699,0,0,99.139,102.028,98.139,4594.75,1370,1291.41,965,1402.11,112.898,199.594,199.383,112.336,120.305,709.607,29.25,10.28,6.93868,10.976,92.25,95.2942,95.2942,0,-0.453125,49.6406,21.75,21.75,26.25
63.233,0,0,0,0,1.34393,0.99997,1.06278,4,0.982912,1,0.820314,0,0.820314,0.816408,0,0,100.083,95.1945,98.5001,4594.75,1370,1300.94,965,1396.84,113.766,199.57,199.383,112.031,120.281,709.607,29.25,10.412,7.01068,11.108,92.25,94.902,94.902,0,-0.796875,49.6406,21.75,21.75,26.25
63.266,0,0,0,0,1.34638,0.99997,1.06336,4,0.982912,1,0.820314,0,0.820314,0.822999,0,0,99.6667,96.2779,99.2223,4601,1370,1294.69,965,1396.84,113.273,199.57,199.383,112.969,120.258,712.146,29.25,10.312,6.94401,11.008,92.25,94.902,94.902,0,-0.578125,49.6406,21.75,21.75,26.25
63.3,0,0,0,0,1.34766,0.99997,1.06403,4,0.981447,1,0.820314,0,0.820314,0.822999,0,0,99.4445,99.0279,99.889,4612.5,1370,1293.67,965,1399.49,113.297,199.617,199.406,113.719,120.258,712.146,29.25,10.336,6.93868,11.016,92.25,94.902,94.902,0,-0.609375,49.6406,21.75,21.75,26.25
63.333,0,0,0,0,1.34454,0.99997,1.06534,4,0.981447,1,0.820314,0,0.820314,0.822023,0,0,100.139,96.0556,98.9723,4611.75,1370,1296.6,965,1394.18,113.695,199.594,199.406,112.805,120.258,712.146,29.25,10.392,6.99468,11.072,92.25,94.902,94.902,0,-0.5625,49.6406,21.75,21.75,26.25
63.366,0,0,0,0,1.3476,0.99997,1.06635,4,0.981447,1,0.820314,0,0.820314,0.822023,0,0,99.5556,102.528,99.1112,4619.5,1370,1287.27,965,1399.49,112.781,199.594,199.406,112.57,120.234,712.146,29.25,10.304,6.93601,10.984,92.25,94.902,94.902,0,-0.984375,49.6406,21.75,21.75,26.25
63.4,0,0,0,0,1.33795,0.99997,1.06717,4,0.980226,1,0.820314,0,0.820314,0.822023,0,0,99.3334,99.1945,99.3056,4626,1370,1285.78,965,1394.22,112.711,199.523,199.406,114.234,120.188,712.146,29.25,10.284,6.93068,10.964,92.25,94.902,94.902,0,-0.53125,49.6406,21.75,21.75,26.25
63.433,0,0,0,0,1.34937,0.99997,1.0669,4,0.980226,1,0.820314,0,0.820314,0.818361,0,0,99.3334,106.806,100.25,4631.75,1370,1283.13,965,1407.38,112.547,199.57,199.406,112.289,120.188,712.146,29.25,10.268,6.92001,10.948,92.25,94.5098,94.902,0,-0.625,49.6406,21.75,21.75,26.25
63.466,0,0,0,0,1.33222,0.99997,1.06699,4,0.980226,1,0.820314,0,0.820314,0.82007,0,0,100.639,95.139,99.7501,4640.25,1370,1296.84,965,1388.91,113.836,199.57,199.406,114.656,120.188,714.588,29.25,10.436,7.01868,11.116,92.25,94.5098,94.902,0,-0.546875,49.6406,21.75,21.75,26.25
63.5,0,0,0,0,1.33923,0.99997,1.06766,4,0.979005,1,0.820314,0,0.820314,0.822999,0,0,101,95.6667,100.611,4641.75,1360,1295.16,965,1388.91,113.766,199.594,199.43,114.563,120.188,714.588,29.25,10.44,7.01334,11.128,92.25,94.902,94.902,0,-1.01563,49.6406,21.75,21.75,26.25
63.533,0,0,0,0,1.34644,0.99997,1.06845,4,0.979005,1,0.820314,0,0.820314,0.822999,0,0,100.361,101.528,100.472,4642.5,1360,1289.49,965,1396.84,113.227,199.57,199.43,113.461,120.164,714.588,29.25,10.368,6.97601,11.056,92.25,94.5098,94.5098,0,-0.84375,49.6406,21.75,21.75,26.25
63.566,0,0,0,0,1.34631,0.99997,1.06812,4,0.979005,1,0.820314,0,0.820314,0.816408,0,0,100.139,105,100.333,4656.75,1360,1284.3,965,1399.49,112.805,199.57,199.43,112.828,120.141,714.588,29.25,10.308,6.94668,10.996,92.25,94.5098,94.902,0,-0.453125,49.6406,21.75,21.75,26.25
63.6,0,0,0,0,1.3327,0.99997,1.06741,4,0.977785,1,0.820314,0,0.820314,0.812745,0,0,100.361,96.0279,101.639,4664,1360,1288.13,965,1391.6,113.344,199.758,199.43,116.672,120.141,714.588,29.25,10.368,6.93601,11.036,92.25,94.902,94.902,0,-0.421875,49.6406,21.75,21.75,26.25
63.633,0,0,0,0,1.33899,0.99997,1.06592,4,0.977785,1,0.820314,0,0.820314,0.812745,0,0,100.833,97.389,101.361,4661.25,1360,1290.35,965,1396.88,113.625,199.57,199.43,115.289,120.141,714.588,29.25,10.408,6.97068,11.076,92.25,94.902,94.902,0,-0.75,49.6406,21.75,21.75,26.25
63.666,0,0,0,0,1.34302,0.99997,1.06528,4,0.977785,1,0.820314,0,0.820314,0.818361,0,0,102,96.7501,99.7501,4668.5,1360,1294.41,965,1396.84,114,199.57,199.43,111.891,120.117,716.834,29.25,10.436,7.05068,11.104,92.25,94.5098,94.5098,0,-0.921875,49.6406,21.75,21.75,26.25
63.7,0,0,0,0,1.34363,0.99997,1.06519,4,0.97632,1,0.820314,0,0.820314,0.819337,0,0,101.917,97.6945,101,4680,1360,1293.01,965,1391.56,114,199.688,199.453,114.094,120.117,716.834,30,10.42,7.04268,11.116,92.25,94.5098,94.5098,0,-0.484375,49.6406,21.75,21.75,26.25
63.733,0,0,0,0,1.35632,0.99997,1.06348,4,0.97632,1,0.820314,0,0.820314,0.81006,0,0,101.167,111.722,100.861,4677.75,1360,1283.36,965,1402.07,113.109,199.547,199.453,112.055,120.117,716.834,30,10.284,6.94134,10.98,92.25,94.5098,94.5098,0,-0.90625,49.6406,21.75,21.75,26.25
63.766,0,0,0,0,1.32794,0.99997,1.06076,4,0.97632,1,0.820314,0,0.820314,0.804445,0,0,102.222,96.5556,101.639,4685.25,1360,1297.89,965,1383.63,114.492,199.547,199.453,116.016,120.07,716.834,30,10.448,7.00534,11.144,92.25,94.902,94.5098,0,-0.71875,49.6406,21.75,21.75,26.25
63.8,0,0,0,0,1.34747,0.99997,1.05679,4,0.974611,1,0.820314,0,0.820314,0.800782,0,0,102.389,102.556,101.25,4698.5,1360,1288.95,965,1396.84,113.742,199.664,199.453,112.5,120.047,716.834,30,10.3,7.01601,10.968,92.25,94.5098,94.5098,0,-0.96875,49.6406,21.75,21.75,26.25
63.833,0,0,0,0,1.35016,0.99997,1.05374,4,0.974611,1,0.820314,0,0.820314,0.804445,0,0,102.111,103.611,101.889,4698.5,1360,1287.62,965,1404.77,113.578,199.148,199.453,111.023,120.047,716.834,30,10.264,6.93068,10.932,92.25,94.1177,94.5098,0,-0.390625,49.6406,21.75,21.75,26.25
63.866,0,0,0,0,1.34589,0.99997,1.05161,4,0.974611,1,0.820314,0,0.820314,0.81006,0,0,101.528,105.056,101.806,4702.75,1360,1284.34,965,1399.49,113.109,199.148,199.453,112.781,120.047,719.021,30,10.188,6.84534,10.856,92.25,94.5098,94.5098,0,-0.484375,49.6406,21.75,21.75,26.25
63.9,0,0,0,0,1.33869,0.99997,1.05121,4,0.972414,1,0.820314,0,0.820314,0.811769,0,0,101.639,100.056,100.917,4709.5,1360,1284.92,965,1394.18,113.18,199.5,199.477,113.109,120,719.021,30,10.2,6.84534,10.88,92.25,94.1177,94.5098,0,-0.625,49.6406,21.75,21.75,26.25
63.933,0,0,0,0,1.33399,0.99997,1.05139,4,0.972414,1,0.820314,0,0.820314,0.815675,0,0,101.917,96.9723,101.806,4716.75,1360,1290.27,965,1386.25,113.789,199.664,199.477,115.477,120.023,719.021,30,10.296,6.88268,10.976,92.25,94.5098,94.5098,0,-0.59375,49.6406,21.75,21.75,26.25
63.966,0,0,0,0,1.35565,0.99997,1.05325,4,0.972414,1,0.820314,0,0.820314,0.822999,0,0,102.333,109.195,101.806,4720.5,1360,1285.39,965,1404.77,113.32,199.664,199.477,111.094,120,719.021,30,10.24,6.90934,10.92,92.25,94.1177,94.5098,0,-0.796875,49.6406,21.75,21.75,26.25
64,0,0,0,0,1.32959,0.99997,1.05389,4,0.970949,1,0.820314,0,0.820314,0.821046,0,0,101.972,99.3056,102.083,4726.5,1360,1284.38,965,1386.25,113.32,199.688,199.477,117.023,120,719.021,30,10.24,6.86134,10.908,92.25,94.902,94.5098,0,-0.234375,49.6406,21.75,21.75,26.25
64.033,0,0,0,0,1.35071,0.99997,1.05548,4,0.970949,1,0.820314,0,0.820314,0.822023,0,0,102.445,108.028,103.167,4734.75,1360,1284.49,965,1407.38,113.461,199.688,199.477,112.289,119.977,719.021,30,10.28,6.91201,10.948,92.25,94.5098,94.902,0,-0.921875,49.6406,21.75,21.75,26.25
64.066,0,0,0,0,1.32654,0.99997,1.0571,4,0.970949,1,0.820314,0,0.820314,0.824708,0,0,103.389,97.2223,101.945,4737.75,1350,1296.6,965,1381.02,114.586,199.688,199.477,115.852,119.93,721.658,30,10.432,6.99201,11.1,92.25,94.902,94.902,0,-0.796875,49.6406,21.75,21.75,26.25
64.1,0,0,0,0,1.34363,0.99997,1.05789,4,0.968996,1,0.820314,0,0.820314,0.825685,0,0,103.083,103.083,101.5,4740,1350,1284.77,965,1394.18,113.555,199.688,199.5,112.547,119.93,721.658,30,10.304,6.94401,10.984,92.25,94.5098,94.902,0,-0.828125,49.6406,21.75,21.75,26.25
64.133,0,0,0,0,1.3313,0.99997,1.05933,4,0.968996,1,0.820314,0,0.820314,0.824708,0,0,103.195,97.5556,102.389,4745.25,1350,1288.87,965,1386.29,113.93,199.641,199.5,115.57,119.906,721.658,30,10.356,6.95734,11.036,92.25,94.5098,94.5098,0,-0.34375,49.6406,21.75,21.75,26.25
64.166,0,0,0,0,1.3385,0.99997,1.06131,4,0.968996,1,0.820314,0,0.820314,0.824708,0,0,103.25,99.0556,101.945,4754.25,1350,1287.15,965,1388.91,113.836,199.641,199.5,113.32,119.906,721.658,30,10.372,6.97868,11.052,92.25,94.5098,94.5098,0,-0.265625,49.6406,18.75,18.75,18.75
64.2,0,0,0,0,1.34131,0.99997,1.06259,4,0.967287,1,0.820314,0,0.820314,0.827638,0,0,103.083,103.778,103.445,4756.5,1350,1286.29,965,1391.56,113.859,199.688,199.5,115.266,119.906,721.658,30,10.376,6.94668,11.056,92.25,94.5098,94.5098,0,-0.734375,49.6406,21.75,21.75,26.25
64.233,0,0,0,0,1.33911,0.99997,1.06302,4,0.967287,1,0.820314,0,0.820314,0.822999,0,0,103.667,99.0556,102.528,4764.75,1350,1286.09,965,1394.18,113.836,199.734,199.5,113.039,119.883,721.658,30,10.392,6.97868,11.072,92.25,94.1177,94.5098,0,-0.921875,49.6406,16.5,16.5,16.5
64.266,0,0,0,0,1.32977,0.99997,1.06363,4,0.967287,1,0.820314,0,0.820314,0.821046,0,0,103.972,98.1112,103.306,4775.5,1350,1291.41,965,1383.67,114.469,199.734,199.5,115.805,119.883,723.904,30,10.472,7.02668,11.152,92.25,94.1177,94.5098,0,-0.6875,49.6406,18.75,18.75,18.75
64.3,0,0,0,0,1.35248,0.99997,1.0639,4,0.964601,1,0.820314,0,0.820314,0.821046,0,0,104.25,110.667,104.333,4777,1350,1284.77,970,1402.11,113.93,199.734,199.523,113.133,119.883,723.904,30.75,10.392,7.02401,11.08,92.25,94.5098,94.5098,0,-0.34375,49.6406,21.75,21.75,26.25
64.333,0,0,0,0,1.34052,0.99997,1.06302,4,0.964601,1,0.820314,0,0.820314,0.818361,0,0,104.361,99.8334,105,4778.5,1350,1291.13,970,1394.14,114.539,199.57,199.523,115.547,119.859,723.904,30.75,10.476,7.01868,11.164,92.25,94.1177,94.1177,0,-0.875,49.6406,21.75,21.75,26.25
64.366,0,0,0,0,1.34021,0.99997,1.06308,4,0.964601,1,0.820314,0,0.820314,0.819337,0,0,104.139,102.639,104.195,4789.25,1350,1287.54,970,1391.56,114.211,199.57,199.523,115.359,119.813,723.904,30.75,10.412,6.97601,11.1,92.25,94.1177,94.1177,0,-1.01563,49.6406,21.75,21.75,26.25
64.4,0,0,0,0,1.34229,0.99997,1.0629,4,0.962648,1,0.820314,0,0.820314,0.818361,0,0,104.639,100.917,104.333,4793.75,1350,1289.18,970,1394.18,114.492,199.758,199.523,114.258,119.813,723.904,30.75,10.468,7.01601,11.156,92.25,93.7255,94.1177,0,-0.578125,49.6406,21.75,21.75,26.25
64.433,0,0,0,0,1.33521,0.99997,1.0629,4,0.962648,1,0.820314,0,0.820314,0.819337,0,0,104.195,101.333,103.056,4797.5,1350,1283.4,970,1386.29,113.906,199.688,199.523,115.102,119.789,723.904,30.75,10.372,6.97601,11.06,92.25,93.7255,94.1177,0,-0.453125,49.6406,21.75,21.75,26.25
64.466,0,0,0,0,1.33374,0.99997,1.06284,4,0.962648,1,0.820314,0,0.820314,0.818361,0,0,104.472,99.3334,104.333,4806,1350,1285.86,970,1383.67,114.234,199.688,199.523,115.758,119.789,726.248,30.75,10.416,6.97334,11.104,92.25,93.7255,94.1177,0,-0.328125,49.6406,21.75,21.75,26.25
64.5,0,0,0,0,1.34577,0.99997,1.06308,4,0.960451,1,0.820314,0,0.820314,0.82007,0,0,104.25,113.361,103.583,4807.5,1350,1274.14,970,1396.84,113.203,199.711,199.547,112.641,119.789,726.248,30.75,10.308,6.94668,10.996,92.25,93.7255,94.1177,0,-0.890625,49.6406,21.75,21.75,26.25
64.533,0,0,0,0,1.33667,0.99997,1.06244,4,0.960451,1,0.820314,0,0.820314,0.817384,0,0,103.833,109.278,104.806,4810.75,1350,1273.28,970,1399.45,113.109,199.641,199.547,113.789,119.766,726.248,30.75,10.304,6.90934,10.984,92.25,94.1177,94.1177,0,-0.796875,49.6406,21.75,21.75,26.25
64.566,0,0,0,0,1.3255,0.99997,1.06281,4,0.960451,1,0.820314,0,0.820314,0.818361,0,0,104.889,98.5279,104.333,4823.75,1340,1283.09,970,1388.91,114.094,199.641,199.547,114.516,119.742,726.248,30.75,10.408,6.99468,11.088,92.25,94.1177,94.1177,0,-0.5,49.6406,21.75,21.75,26.25
64.6,0,0,0,0,1.33252,0.99997,1.06293,4,0.957765,1,0.820314,0,0.820314,0.818361,0,0,105.167,100,104.806,4824.5,1340,1283.09,970,1388.91,114.258,199.828,199.547,115.242,119.742,726.248,30.75,10.42,6.99734,11.1,92.25,94.1177,93.7255,0,-0.359375,49.6406,21.75,21.75,26.25
64.633,0,0,0,0,1.34314,0.99997,1.06265,4,0.957765,1,0.820314,0,0.820314,0.819337,0,0,105.111,108.917,103.75,4828.5,1340,1277.3,970,1394.18,113.695,199.664,199.547,112.031,119.719,726.248,30.75,10.348,6.97334,11.036,92.25,93.7255,93.7255,0,-0.875,49.6406,21.75,21.75,26.25
64.666,0,0,0,0,1.33942,0.99997,1.06198,4,0.957765,1,0.820314,0,0.820314,0.816408,0,0,104.889,108.611,104.445,4838.5,1340,1276.8,970,1388.91,113.695,199.664,199.547,113.742,119.719,728.553,30.75,10.348,6.94934,11.036,92.25,93.7255,93.7255,0,-0.765625,49.6406,21.75,21.75,26.25
64.7,0,0,0,0,1.33588,0.99997,1.0604,4,0.955812,1,0.820314,0,0.820314,0.812745,0,0,104.945,108.333,103.889,4840.25,1340,1271.8,970,1391.56,113.32,199.758,199.57,112.828,119.719,728.553,30.75,10.296,6.93601,10.992,92.25,93.7255,93.7255,0,-0.453125,49.6406,21.75,21.75,26.25
64.733,0,0,0,0,1.33313,0.99997,1.05945,4,0.955812,1,0.820314,0,0.820314,0.812745,0,0,105.472,102.722,103.75,4844,1340,1275.59,970,1394.14,113.672,199.688,199.57,111.352,119.695,728.553,30.75,10.34,6.93334,11.036,92.25,93.7255,93.7255,0,-0.421875,49.6406,21.75,21.75,26.25
64.766,0,0,0,0,1.33319,0.99997,1.05762,4,0.955812,1,0.820314,0,0.820314,0.814699,0,0,105.361,105.472,105.556,4855,1340,1276.17,970,1391.56,113.789,199.688,199.57,113.789,119.672,728.553,30.75,10.336,6.93868,11.032,92.25,93.7255,93.7255,0,-0.3125,49.6406,21.75,21.75,26.25
64.8,0,0,0,0,1.33252,0.99997,1.05765,4,0.953371,1,0.820314,0,0.820314,0.815675,0,0,105.75,101.722,105.5,4858.25,1340,1280.16,970,1388.91,114.234,199.711,199.57,113.906,119.672,728.553,30.75,10.38,6.96001,11.06,92.25,93.7255,93.7255,0,-1.01563,49.6406,21.75,21.75,26.25
64.833,0,0,0,0,1.34638,0.99997,1.05753,4,0.953371,1,0.820314,0,0.820314,0.816408,0,0,105.417,115.083,104.861,4863.75,1340,1271.21,970,1399.45,113.484,199.781,199.57,111.703,119.648,728.553,30.75,10.3,6.91201,10.98,92.25,93.7255,93.7255,0,-0.1875,49.6406,21.75,21.75,26.25
64.866,0,0,0,0,1.32562,0.99997,1.05701,4,0.953371,1,0.820314,0,0.820314,0.816408,0,0,105.583,102.139,105.722,4869.25,1340,1275.63,970,1386.25,113.906,199.781,199.57,115.523,119.625,730.76,30.75,10.348,6.91468,11.028,92.25,93.3334,93.3334,0,-0.546875,49.6406,21.75,21.75,26.25
64.9,0,0,0,0,1.33099,0.99997,1.05682,4,0.950929,1,0.820314,0,0.820314,0.816408,0,0,105.695,106.195,105.417,4874,1340,1273.16,970,1391.56,113.742,199.711,199.594,114.445,119.625,730.76,30.75,10.328,6.91201,11.008,92.25,93.3334,93.3334,0,-0.140625,49.6406,21.75,21.75,26.25
64.933,0,0,0,0,1.32221,0.99997,1.05759,4,0.950929,1,0.820314,0,0.820314,0.821046,0,0,106.333,99.0279,106.028,4881,1340,1281.76,970,1381.02,114.375,199.266,199.594,116.086,119.625,730.76,30.75,10.396,6.97334,11.076,92.25,93.3334,93.3334,0,-0.921875,49.6406,21.75,21.75,26.25
64.966,0,0,0,0,1.32355,0.99997,1.05759,4,0.950929,1,0.820314,0,0.820314,0.818361,0,0,105.806,100.083,106.167,4885,1340,1278.83,970,1378.4,114.07,199.266,199.594,117.398,119.625,730.76,30.75,10.352,6.94668,11.032,92.25,93.3334,93.3334,0,-0.609375,49.6406,21.75,21.75,26.25
65,0,0,0,0,1.34357,0.99997,1.05762,4,0.948732,1,0.820314,0,0.820314,0.819337,0,0,106.5,112.361,105.861,4890.75,1340,1273.95,970,1396.8,113.695,199.805,199.594,111.516,119.578,730.76,30.75,10.316,6.95734,10.984,92.25,93.7255,93.7255,0,-0.46875,49.6406,21.75,21.75,26.25
65.033,0,0,0,0,1.33051,0.99997,1.0571,4,0.948732,1,0.820314,0,0.820314,0.816408,0,0,106.389,103.25,106.167,4898.75,1340,1276.6,970,1388.91,113.93,199.922,199.594,114,119.578,730.76,30.75,10.348,6.93601,11.016,92.25,93.3334,93.7255,0,-0.375,49.6406,21.75,21.75,26.25
65.066,0,0,0,0,1.33136,0.99997,1.05624,4,0.948732,1,0.820314,0,0.820314,0.816408,0,0,107.139,101.472,105.861,4900.25,1340,1279.8,970,1383.63,114.422,199.922,199.594,113.906,119.578,733.279,30.75,10.384,6.98401,11.052,92.25,93.7255,93.7255,0,-0.296875,49.6406,21.75,21.75,26.25
65.1,0,0,0,0,1.33441,0.99997,1.056,4,0.946535,1,0.820314,0,0.820314,0.817384,0,0,106.5,109.889,106.667,4908.25,1340,1274.18,970,1383.63,113.883,199.617,199.617,115.406,119.531,733.279,30.75,10.328,6.91468,10.996,92.25,93.7255,93.7255,0,-0.8125,49.6406,21.75,21.75,26.25
65.133,0,0,0,0,1.33331,0.99997,1.05512,4,0.946535,1,0.820314,0,0.820314,0.814699,0,0,106.639,107.139,105.417,4914.75,1340,1272.34,970,1388.91,113.695,199.922,199.617,112.641,119.531,733.279,30.75,10.34,6.90134,11.008,92.25,93.7255,93.7255,0,-0.15625,49.6406,21.75,21.75,26.25
65.166,0,0,0,0,1.33899,0.99997,1.05502,4,0.946535,1,0.820314,0,0.820314,0.817384,0,0,106.75,112.833,105.722,4918.75,1330,1268.87,970,1394.18,113.508,199.922,199.617,112.266,119.531,733.279,30.75,10.284,6.90934,10.952,92.25,93.7255,93.7255,0,-0.4375,49.6406,21.75,21.75,26.25
65.2,0,0,0,0,1.3338,0.99997,1.05527,4,0.943605,1,0.820314,0,0.820314,0.821046,0,0,106.917,109.861,106.333,4925.25,1330,1268.32,970,1394.18,113.555,199.828,199.617,112.43,119.508,733.279,30.75,10.284,6.93868,10.972,92.25,93.7255,93.7255,0,-0.359375,49.6406,21.75,21.75,26.25
65.233,0,0,0,0,1.33215,0.99997,1.05542,4,0.943605,1,0.820314,0,0.820314,0.82007,0,0,107.139,109.639,106.806,4926,1330,1270.47,970,1391.56,113.859,199.758,199.617,113.508,119.508,733.279,30.75,10.332,6.91734,11.02,92.25,93.7255,93.7255,0,-0.734375,49.6406,21.75,21.75,26.25
65.266,0,0,0,0,1.31763,0.99997,1.05737,4,0.943605,1,0.820314,0,0.820314,0.822023,0,0,107.445,100.167,106.667,4933.25,1330,1273.13,970,1378.4,114.094,199.758,199.617,116.602,119.484,735.545,30.75,10.388,6.96001,11.076,92.25,93.7255,93.7255,0,-0.34375,49.6406,21.75,21.75,26.25
65.3,0,0,0,0,1.32941,0.99997,1.05835,4,0.940675,1,0.820314,0,0.820314,0.822999,0,0,107.611,106.722,108.278,4938.25,1330,1273.16,970,1386.25,114.188,199.758,199.617,115.313,119.484,735.545,30.75,10.38,6.96001,11.06,92.25,93.7255,93.7255,0,-0.109375,49.6406,21.75,21.75,26.25
65.333,0,0,0,0,1.32501,0.99997,1.05838,4,0.940675,1,0.820314,0,0.820314,0.819337,0,0,107.5,104.5,106.972,4942.25,1330,1274.14,970,1378.4,114.258,199.688,199.641,116.203,119.461,735.545,30.75,10.384,6.96801,11.064,92.25,93.7255,93.7255,0,-0.40625,49.6406,21.75,21.75,26.25
65.366,0,0,0,0,1.33508,0.99997,1.05771,4,0.940675,1,0.820314,0,0.820314,0.816408,0,0,107.445,113.306,107.583,4954.5,1330,1268.83,970,1388.91,113.766,199.688,199.641,113.953,119.438,735.545,30.75,10.336,6.92268,11.016,92.25,93.7255,93.7255,0,-0.15625,49.6406,21.75,21.75,26.25
65.4,0,0,0,0,1.32477,0.99997,1.0567,4,0.938234,1,0.820314,0,0.820314,0.815675,0,0,107.778,103.556,107.278,4953.75,1330,1271.99,970,1383.63,114.164,199.805,199.641,114.422,119.461,735.545,30.75,10.372,6.96001,11.068,92.25,93.3334,93.7255,0,-0.25,49.6406,21.75,21.75,26.25
65.433,0,0,0,0,1.33191,0.99997,1.05621,4,0.938234,1,0.820314,0,0.820314,0.817384,0,0,108.361,105.972,106.972,4961,1330,1272.7,970,1383.63,114.328,199.828,199.641,112.688,119.414,735.545,30.75,10.372,6.97334,11.068,92.25,93.3334,93.7255,0,-0.34375,49.6406,21.75,21.75,26.25
65.466,0,0,0,0,1.3338,0.99997,1.05606,4,0.938234,1,0.820314,0,0.820314,0.818361,0,0,108.028,112.306,107.75,4968.5,1330,1268.24,970,1388.91,113.883,199.828,199.641,113.063,119.414,737.752,30.75,10.332,6.92268,11.028,92.25,93.3334,93.7255,0,0.09375,49.6406,21.75,21.75,26.25
65.5,0,0,0,0,1.32691,0.99997,1.05664,4,0.935792,1,0.820314,0,0.820314,0.819337,0,0,108.195,107.278,109,4969.25,1330,1271.91,970,1386.25,114.328,199.805,199.664,115.406,119.391,737.752,31.5,10.396,6.94401,11.064,92.25,93.7255,93.7255,0,-0.421875,49.6406,21.75,21.75,26.25
65.533,0,0,0,0,1.32611,0.99997,1.05716,4,0.935792,1,0.820314,0,0.820314,0.821046,0,0,108.722,103.472,108.528,4977.5,1330,1274.57,970,1383.63,114.563,199.922,199.664,114.773,119.391,737.752,31.5,10.42,6.98934,11.088,92.25,93.3334,93.7255,0,0.34375,49.6406,21.75,21.75,26.25
65.566,0,0,0,0,1.33014,0.99997,1.0567,4,0.935792,1,0.820314,0,0.820314,0.816408,0,0,108.417,111.139,108.195,4980.75,1330,1268.87,970,1380.98,114.141,199.922,199.664,115.102,119.367,737.752,31.5,10.34,6.93868,11.008,92.25,93.7255,93.7255,0,-0.296875,49.6406,21,21,26.25
65.6,0,0,0,0,1.32983,0.99997,1.05585,4,0.933595,1,0.820314,0,0.820314,0.811036,0,0,108.306,111.917,109,4990.75,1320,1267.15,970,1386.25,114.023,199.781,199.664,114.656,119.367,737.752,31.5,10.336,6.90401,11.024,91.5,93.3334,93.7255,0,-0.21875,49.6406,21.75,21.75,26.25
65.633,0,0,0,0,1.33319,0.99997,1.05414,4,0.933595,1,0.820314,0,0.820314,0.812745,0,0,108.639,113.972,107.417,4990.75,1330,1264.02,970,1391.56,113.836,199.852,199.664,112.242,119.367,737.752,31.5,10.288,6.92268,10.976,91.5,93.7255,93.7255,0,-0.34375,49.6406,21.75,21.75,26.25
65.666,0,0,0,0,1.31915,0.99997,1.05216,4,0.933595,1,0.820314,0,0.820314,0.815675,0,0,109.361,101,109.139,4999,1320,1274.61,970,1380.98,114.844,199.852,199.664,115.547,119.297,739.9,31.5,10.408,6.95201,11.096,91.5,93.7255,93.7255,0,-0.078125,49.6406,21.75,21.75,26.25
65.7,0,0,0,0,1.32819,0.99997,1.05264,4,0.931154,1,0.820314,0,0.820314,0.819337,0,0,110.222,105.389,109.445,5002.5,1320,1275.12,970,1380.98,114.984,199.828,199.688,115.148,119.297,739.9,31.5,10.4,7.01868,11.068,92.25,93.7255,93.7255,0,0.375,49.6406,21.75,21.75,26.25
65.733,0,0,0,0,1.32959,0.99997,1.05319,4,0.931154,1,0.820314,0,0.820314,0.819337,0,0,109.528,108.361,108.833,5013.25,1320,1271.76,970,1378.4,114.633,199.688,199.688,114.727,119.297,739.9,31.5,10.376,6.95201,11.044,92.25,93.7255,93.7255,0,-0.140625,49.6406,21.75,21.75,26.25
65.766,0,0,0,0,1.32691,0.99997,1.05197,4,0.931154,1,0.820314,0,0.820314,0.812745,0,0,109.528,107.222,108.833,5017.5,1320,1270.66,970,1378.36,114.492,199.688,199.688,114.469,119.273,739.9,31.5,10.364,6.93868,11.032,92.25,93.7255,93.7255,0,-0.03125,49.6406,21.75,21.75,26.25
65.8,0,0,0,0,1.33136,0.99997,1.0509,4,0.929201,1,0.820314,0,0.820314,0.813722,0,0,109.111,114.75,108.667,5016.5,1320,1263.32,970,1383.63,113.766,199.711,199.664,113.461,119.25,739.9,31.5,10.26,6.89334,10.948,91.5,94.1177,93.7255,0,-0.0625,49.6406,21.75,21.75,26.25
65.833,0,0,0,0,1.32733,0.99997,1.04959,4,0.929201,1,0.820314,0,0.820314,0.814699,0,0,109.306,110.833,109,5028.25,1320,1264.34,970,1386.21,113.836,199.688,199.641,112.711,119.25,739.9,31.5,10.276,6.85868,10.964,91.5,93.3334,93.3334,0,0.4375,49.6406,21.75,21.75,26.25
65.866,0,0,0,0,1.33087,0.99997,1.0506,4,0.929201,1,0.820314,0,0.820314,0.821046,0,0,109.972,110.25,109.917,5031,1320,1268.16,970,1391.52,114.211,199.688,199.641,112.734,119.203,742.166,31.5,10.332,6.92001,11.02,91.5,93.7255,93.3334,0,0.34375,49.6406,21,21,25.5
65.9,0,0,0,0,1.32452,0.99997,1.05167,4,0.926759,1,0.820314,0,0.820314,0.822023,0,0,109.917,105.083,109.778,5036.75,1320,1271.29,970,1383.63,114.492,199.617,199.641,114.563,119.203,742.166,31.5,10.368,6.93601,11.056,92.25,93.3334,93.3334,0,0,49.6406,21,21,26.25
65.933,0,0,0,0,1.32904,0.99997,1.0527,4,0.926759,1,0.820314,0,0.820314,0.821046,0,0,110.167,108.25,109.778,5037.75,1320,1271.84,970,1381.02,114.539,199.125,199.617,115.102,119.156,742.166,31.5,10.364,6.93601,11.052,92.25,93.3334,93.3334,0,0.328125,49.6406,21,21,26.25
65.966,0,0,0,0,1.32507,0.99997,1.05313,4,0.926759,1,0.820314,0,0.820314,0.82007,0,0,110.111,105.806,109.778,5049.5,1320,1273.59,970,1378.36,114.422,199.125,199.617,115.078,119.109,742.166,31.5,10.364,6.93601,11.052,92.25,92.9412,93.3334,0,-0.046875,49.6406,21.75,21.75,26.25
66,0,0,0,0,1.33704,0.99997,1.05325,4,0.923585,1,0.820314,0,0.820314,0.819337,0,0,110.611,114.195,110.083,5052,1320,1272.11,970,1386.25,114.258,199.641,199.617,113.719,119.109,742.166,31.5,10.332,6.94401,11.012,91.5,93.7255,93.7255,0,0.578125,49.6406,21.75,21.75,26.25
66.033,0,0,0,0,1.32623,0.99997,1.05325,4,0.923585,1,0.820314,0,0.820314,0.819337,0,0,110.333,104.083,110.583,5057.25,1320,1277.07,970,1375.74,115.57,201.117,199.594,116.695,119.086,742.166,31.5,10.488,6.94134,11.168,91.5,93.3334,93.7255,0,0.078125,49.6406,21.75,21.75,26.25
66.066,0,0,0,0,1.32514,0.99997,1.05466,4,0.923585,1,0.820314,0,0.820314,0.823732,0,0,110.917,106.861,109.778,5059.75,1320,1270.04,970,1375.74,114.867,201.117,199.594,115.313,119.063,744.685,31.5,10.412,6.96534,11.092,91.5,93.7255,93.7255,0,-0.015625,49.6406,21.75,21.75,26.25
66.1,0,0,0,0,1.33423,0.99997,1.05594,4,0.919923,1,0.820314,0,0.820314,0.823732,0,0,110.972,115.583,108.833,5070,1320,1262.54,970,1383.63,114.117,199.617,199.57,112.172,119.039,744.685,32.25,10.324,6.98668,11.004,91.5,93.7255,93.7255,0,0.265625,49.6406,21,21,26.25
66.133,0,0,0,0,1.32404,0.99997,1.05612,4,0.919923,1,0.820314,0,0.820314,0.82007,0,0,110.972,106.75,111.222,5073.5,1320,1269.41,970,1378.36,114.773,199.57,199.547,115.875,119.063,744.685,32.25,10.396,6.96534,11.076,91.5,93.7255,93.3334,0,-0.265625,49.6406,21,21,26.25
66.166,0,0,0,0,1.32837,0.99997,1.05634,4,0.919923,1,0.820314,0,0.820314,0.818361,0,0,110.917,110.722,111.056,5081.25,1320,1266.45,970,1378.36,114.469,199.57,199.547,114.492,118.992,744.685,32.25,10.352,6.96001,11.032,91.5,92.9412,93.3334,0,-0.15625,49.6406,21.75,21.75,26.25
66.2,0,0,0,0,1.3313,0.99997,1.05609,4,0.916994,1,0.820314,0,0.820314,0.819337,0,0,111.083,114.306,110.75,5082,1320,1266.33,970,1378.36,114.422,199.523,199.547,114.539,118.969,744.685,32.25,10.344,6.94401,11.024,91.5,92.9412,92.9412,0,-0.03125,49.6406,21.75,21.75,26.25
66.233,0,0,0,0,1.33716,0.99997,1.05557,4,0.916994,1,0.820314,0,0.820314,0.819337,0,0,110.5,122.361,109.945,5092.5,1320,1256.41,970,1391.52,113.438,199.547,199.523,111.703,118.945,744.685,32.25,10.256,6.89334,10.936,91.5,92.9412,93.3334,0,0.34375,49.6406,21.75,21.75,26.25
66.266,0,0,0,0,1.31366,0.99997,1.05618,4,0.916994,1,0.820314,0,0.820314,0.819337,0,0,110.611,105.583,110.889,5094,1320,1261.17,970,1380.98,113.906,199.547,199.523,115.031,118.922,746.795,32.25,10.324,6.90134,11.004,91.5,92.9412,93.3334,0,0.484375,49.6406,21,21,26.25
66.3,0,0,0,0,1.3277,0.99997,1.05631,4,0.914064,1,0.820314,0,0.820314,0.822999,0,0,111.445,112.222,110.417,5101,1320,1261.76,970,1388.87,113.93,199.523,199.5,111.938,118.898,746.795,32.25,10.308,6.97601,10.988,91.5,92.9412,92.9412,0,-0.28125,49.6406,21,21,25.5
66.333,0,0,0,0,1.32568,0.99997,1.05808,4,0.914064,1,0.820314,0,0.820314,0.823732,0,0,111.556,109.417,110.417,5103.75,1320,1265.55,970,1381.02,114.305,199.523,199.477,113.742,118.898,746.795,32.25,10.348,6.95201,11.028,91.5,93.3334,92.9412,0,0.390625,49.6406,21,21,25.5
66.366,0,0,0,0,1.32629,0.99997,1.05805,4,0.914064,1,0.820314,0,0.820314,0.817384,0,0,111.667,109.417,111.389,5114,1320,1268.63,970,1375.7,114.586,199.523,199.477,115.195,118.852,746.795,32.25,10.392,6.97068,11.072,91.5,92.9412,92.9412,0,0.296875,49.6406,21,21,26.25
66.4,0,0,0,0,1.33252,0.99997,1.05734,4,0.911867,1,0.820314,0,0.820314,0.818361,0,0,111.611,116.972,112.195,5115,1320,1264.84,970,1383.63,114.188,199.453,199.477,115.172,118.828,746.795,32.25,10.32,6.96534,10.988,92.25,92.9412,92.9412,0,0.328125,49.6406,21,21,26.25
66.433,0,0,0,0,1.32465,0.99997,1.0571,4,0.911867,1,0.820314,0,0.820314,0.818361,0,0,112.639,102.611,112.028,5123.75,1320,1275.35,970,1378.36,115.219,199.453,199.477,114.867,118.805,746.795,32.25,10.428,7.04001,11.096,92.25,92.9412,92.9412,0,0.53125,49.6406,21,21,26.25
66.466,0,0,0,0,1.3324,0.99997,1.05792,4,0.911867,1,0.820314,0,0.820314,0.822023,0,0,112.306,112.445,112.361,5124.5,1320,1272.11,970,1378.4,114.867,199.453,199.477,115.758,118.781,748.689,32.25,10.4,6.98668,11.068,92.25,92.9412,93.3334,0,-0.0625,49.6406,21,21,26.25
66.5,0,0,0,0,1.33447,0.99997,1.05774,4,0.909181,1,0.820314,0,0.820314,0.819337,0,0,111.889,115.306,112.111,5134.25,1320,1267.38,970,1386.21,114.398,199.523,199.453,114,118.758,748.689,32.25,10.332,6.96001,11.012,91.5,93.3334,93.3334,0,0.375,49.6406,21,21,26.25
66.533,0,0,0,0,1.32477,0.99997,1.05777,4,0.909181,1,0.820314,0,0.820314,0.816408,0,0,111.5,113.583,112.195,5134.25,1320,1264.88,970,1380.98,114.141,199.453,199.43,116.648,118.758,748.689,32.25,10.34,6.90401,11.02,91.5,93.3334,93.3334,0,0.1875,49.6406,21,21,26.25
66.566,0,0,0,0,1.32788,0.99997,1.05661,4,0.909181,1,0.820314,0,0.820314,0.816408,0,0,112.306,110.222,112.028,5142.25,1320,1268.95,970,1380.98,114.516,199.453,199.43,114.656,118.711,748.689,32.25,10.368,6.97068,11.048,91.5,93.3334,93.3334,0,-0.109375,49.6406,21,21,26.25
66.6,0,0,0,0,1.32227,0.99997,1.0546,4,0.907228,1,0.820314,0,0.820314,0.811769,0,0,112.639,105.056,111.889,5148.25,1320,1272.66,970,1373.09,114.867,199.406,199.43,115.805,118.688,748.689,32.25,10.392,6.97068,11.072,91.5,92.9412,93.3334,0,0.640625,49.6406,21.75,21.75,26.25
66.633,0,0,0,0,1.3302,0.99997,1.05487,4,0.907228,1,0.820314,0,0.820314,0.815675,0,0,113.222,107.639,112.028,5156.25,1310,1274.88,970,1375.7,115.055,199.477,199.383,114.961,118.664,748.689,32.25,10.396,7.00268,11.076,91.5,92.9412,93.3334,0,0.453125,49.6406,21.75,21.75,26.25
66.666,0,0,0,0,1.34058,0.99997,1.05359,4,0.907228,1,0.820314,0,0.820314,0.817384,0,0,112.945,117.528,112.833,5157.25,1320,1270.59,970,1383.63,114.609,199.477,199.383,114.094,118.641,750.545,32.25,10.332,6.96001,11.012,91.5,92.5491,93.3334,0,0.359375,49.6406,21,21,25.5
66.7,0,0,0,0,1.34143,0.99997,1.05499,4,0.903566,1,0.820314,0,0.820314,0.822023,0,0,113.278,117.639,112.361,5164.25,1320,1269.1,970,1386.21,114.445,199.359,199.383,112.242,118.617,750.545,32.25,10.312,6.99201,10.992,91.5,92.9412,93.3334,0,0.109375,49.6406,21,21,26.25
66.733,0,0,0,0,1.32129,0.99997,1.05609,4,0.903566,1,0.820314,0,0.820314,0.822999,0,0,112.639,108.5,112.667,5167.75,1310,1270.59,970,1367.81,114.563,199.383,199.359,117.563,118.594,750.545,32.25,10.356,6.96801,11.036,91.5,92.9412,93.3334,0,0.203125,49.6406,21,21,26.25
66.766,0,0,0,0,1.32947,0.99997,1.05652,4,0.903566,1,0.820314,0,0.820314,0.818361,0,0,113.056,111.111,112.833,5175.75,1310,1271.02,970,1378.36,114.609,199.383,199.359,114.633,118.57,750.545,32.25,10.364,6.95734,11.044,91.5,93.3334,93.3334,0,0.640625,49.6406,21,21,25.5
66.8,0,0,0,0,1.32947,0.99997,1.05707,4,0.900636,1,0.820314,0,0.820314,0.821046,0,0,113.056,112.028,112.028,5177.75,1310,1269.41,970,1375.7,114.422,199.359,199.359,114.258,118.523,750.545,32.25,10.336,6.96801,11.016,91.5,93.3334,93.3334,0,-0.25,49.6406,21.75,21.75,26.25
66.833,0,0,0,0,1.32715,0.99997,1.05655,4,0.900636,1,0.820314,0,0.820314,0.82007,0,0,113.278,109.972,113.306,5180.25,1310,1271.95,970,1375.74,114.656,199.359,199.336,115.734,118.547,750.545,32.25,10.368,6.96801,11.048,91.5,93.3334,93.3334,0,0.015625,49.6406,21.75,21.75,26.25
66.866,0,0,0,0,1.32672,0.99997,1.05646,4,0.900636,1,0.820314,0,0.820314,0.815675,0,0,113.583,108.028,113.861,5190.25,1310,1275.51,970,1373.09,114.984,199.359,199.336,116.625,118.5,752.381,32.25,10.396,6.98401,11.076,91.5,93.3334,93.3334,0,0.390625,49.6406,21.75,21.75,26.25
66.9,0,0,0,0,1.32813,0.99997,1.05621,4,0.897706,1,0.820314,0,0.820314,0.818361,0,0,113.278,111,113.056,5194.75,1310,1270.27,970,1375.74,114.445,199.359,199.336,115.242,118.477,752.381,32.25,10.336,6.94401,11.024,91.5,93.3334,93.3334,0,0.125,49.6406,21,21,26.25
66.933,0,0,0,0,1.32831,0.99997,1.05542,4,0.897706,1,0.820314,0,0.820314,0.817384,0,0,114.056,106.222,113,5205.5,1310,1275,970,1375.7,114.891,199.336,199.313,114.422,118.453,752.381,32.25,10.356,7.00534,11.044,91.5,93.3334,93.3334,0,-0.0625,49.6406,21,21,26.25
66.966,0,0,0,0,1.33637,0.99997,1.05414,4,0.897706,1,0.820314,0,0.820314,0.812745,0,0,113.695,117,113.472,5205.5,1310,1270.66,970,1378.36,114.445,199.336,199.313,114.656,118.43,752.381,32.25,10.312,6.94401,11,91.5,93.3334,93.7255,0,0.0625,49.6406,21.75,21.75,26.25
67,0,0,0,0,1.32208,0.99997,1.0524,4,0.895509,1,0.820314,0,0.820314,0.811036,0,0,113.639,104.445,114.472,5211,1310,1276.88,970,1370.43,115.031,199.336,199.289,117.469,118.383,752.381,32.25,10.364,6.95201,11.044,91.5,93.7255,93.7255,0,0.3125,49.6406,21.75,21.75,26.25
67.033,0,0,0,0,1.33728,0.99997,1.0517,4,0.895509,1,0.820314,0,0.820314,0.816408,0,0,114.056,117.083,113,5213.75,1310,1270.51,970,1378.36,114.398,199.242,199.289,113.719,118.383,752.381,32.25,10.26,6.92268,10.94,91.5,93.3334,93.7255,0,0.65625,49.6406,21.75,21.75,26.25
67.066,0,0,0,0,1.32837,0.99997,1.05084,4,0.895509,1,0.820314,0,0.820314,0.814699,0,0,113.861,111.778,112.667,5226.25,1310,1268.32,970,1375.7,114.164,199.242,199.289,113.766,118.336,754.1,32.25,10.268,6.91201,10.948,91.5,93.3334,93.7255,0,0.125,49.6406,21.75,21.75,26.25
67.1,0,0,0,0,1.33692,0.99997,1.05206,4,0.893068,1,0.820314,0,0.820314,0.819337,0,0,113.528,122.278,113.639,5224.5,1310,1263.09,970,1383.63,113.625,199.313,199.266,114.094,118.313,754.1,33,10.216,6.89068,10.884,91.5,93.3334,93.7255,0,0.15625,49.6406,21.75,21.75,26.25
67.133,0,0,0,0,1.32629,0.99997,1.05243,4,0.893068,1,0.820314,0,0.820314,0.822023,0,0,114.445,107.778,114.417,5229,1310,1273.09,970,1378.36,114.609,199.289,199.242,115.031,118.313,754.1,33,10.336,6.93334,11.004,91.5,93.7255,93.7255,0,0.140625,49.6406,21.75,21.75,26.25
67.166,0,0,0,0,1.33588,0.99997,1.05451,4,0.893068,1,0.820314,0,0.820314,0.822999,0,0,114.695,113.333,114.139,5241,1310,1275.2,970,1375.7,114.773,199.289,199.242,114.586,118.289,754.1,33,10.332,6.98134,11,91.5,93.3334,93.7255,0,0.078125,49.6406,21,21,26.25
67.2,0,0,0,0,1.33869,0.99997,1.05576,4,0.891115,1,0.820314,0,0.820314,0.824708,0,0,115.306,113.583,113,5241,1310,1275.43,970,1375.66,114.773,199.219,199.242,113.133,118.266,754.1,33,10.324,7.01601,11.02,91.5,93.7255,93.7255,0,0.296875,49.6406,21.75,21.75,26.25
67.233,0,0,0,0,1.3421,0.99997,1.05591,4,0.891115,1,0.820314,0,0.820314,0.82007,0,0,114.75,119.167,113.972,5249.25,1310,1271.91,970,1378.32,114.398,199.266,199.219,113.016,118.242,754.1,33,10.288,6.96801,10.984,91.5,93.7255,93.7255,0,0.421875,49.6406,22.5,22.5,26.25
67.266,0,0,0,0,1.33496,0.99997,1.05487,4,0.891115,1,0.820314,0,0.820314,0.814699,0,0,114.861,114.917,114.139,5251,1310,1271.17,970,1380.94,114.328,199.266,199.219,113.133,118.195,756.072,33,10.292,6.96268,10.988,91.5,93.7255,93.7255,0,0.5625,49.6406,21.75,21.75,26.25
67.3,0,0,0,0,1.33887,0.99997,1.05417,4,0.889406,1,0.820314,0,0.820314,0.816408,0,0,115.028,118.917,114.139,5260.25,1310,1269.92,970,1380.98,114.188,199.195,199.195,112.945,118.195,756.072,33,10.26,6.96801,10.94,91.5,93.7255,94.1177,0,0.21875,49.6406,21.75,21.75,26.25
67.333,0,0,0,0,1.34149,0.99997,1.05301,4,0.889406,1,0.820314,0,0.820314,0.815675,0,0,113.972,126,113.833,5265.75,1310,1261.37,970,1386.25,113.344,199.195,199.195,112.477,118.172,756.072,33,10.188,6.87201,10.868,91.5,94.1177,94.1177,0,0.0625,49.6406,21.75,21.75,26.25
67.366,0,0,0,0,1.32135,0.99997,1.05182,4,0.889406,1,0.820314,0,0.820314,0.814699,0,0,115.389,105.083,114.25,5266.75,1310,1275.12,970,1375.66,114.68,199.195,199.195,114.445,118.125,756.072,33,10.32,6.94668,11,91.5,93.7255,94.1177,0,0.375,49.6406,22.5,22.5,26.25
67.4,0,0,0,0,1.33539,0.99997,1.05267,4,0.887941,1,0.820314,0,0.820314,0.819337,0,0,115.028,118.611,114,5275,1310,1267.11,970,1380.94,113.883,199.219,199.172,113.063,118.125,756.072,33,10.244,6.91201,10.932,91.5,94.1177,94.1177,0,0.4375,49.6406,21.75,21.75,25.5
67.433,0,0,0,0,1.33045,0.99997,1.05414,4,0.887941,1,0.820314,0,0.820314,0.825685,0,0,114.917,114.556,114.778,5277,1310,1269.8,970,1378.36,114.117,199.148,199.148,114.633,118.125,756.072,33,10.288,6.91201,10.976,91.5,94.1177,94.1177,0,0.9375,49.6406,21.75,21.75,25.5
67.466,0,0,0,0,1.33228,0.99997,1.05649,4,0.887941,1,0.820314,0,0.820314,0.824708,0,0,114.972,115.583,115.111,5287.25,1310,1271.48,970,1373.09,114.281,199.148,199.148,115.852,118.078,757.732,33,10.288,6.94668,10.976,91.5,93.7255,94.1177,0,0.359375,49.6406,21.75,21.75,26.25
67.5,0,0,0,0,1.33203,0.99997,1.05737,4,0.885499,1,0.820314,0,0.820314,0.823732,0,0,115.139,115.333,114.611,5292.75,1310,1269.73,970,1375.7,114.094,199.148,199.148,113.977,118.055,757.732,33,10.288,6.94401,10.968,90.75,93.3334,94.1177,0,0.296875,49.6406,21.75,21.75,26.25
67.533,0,0,0,0,1.33728,0.99997,1.05844,4,0.885499,1,0.820314,0,0.820314,0.822023,0,0,115.611,117.695,115.778,5291,1310,1271.76,970,1378.32,114.305,199.195,199.125,114.047,118.031,757.732,33,10.308,6.96801,10.988,90.75,94.1177,94.1177,0,0.359375,49.6406,21.75,21.75,26.25
67.566,0,0,0,0,1.33344,0.99997,1.05884,4,0.885499,1,0.820314,0,0.820314,0.822023,0,0,115.083,118.25,113.972,5302,1310,1266.05,970,1378.36,113.719,199.195,199.125,112.945,118.008,757.732,33,10.244,6.93068,10.924,90.75,94.1177,94.1177,0,0.34375,49.6406,21.75,21.75,26.25
67.6,0,0,0,0,1.32153,0.99997,1.05859,4,0.883302,1,0.820314,0,0.820314,0.819337,0,0,115.333,107.833,114.778,5303,1310,1272.85,970,1370.47,114.375,199.078,199.125,116.18,117.961,757.732,33,10.348,6.93068,11.044,91.5,94.5098,94.5098,0,-0.03125,49.6406,21.75,21.75,26.25
67.633,0,0,0,0,1.32477,0.99997,1.05844,4,0.883302,1,0.820314,0,0.820314,0.817384,0,0,116.083,107.111,116.583,5308.75,1310,1278.83,970,1367.81,114.938,199.172,199.078,117.469,117.961,757.732,33,10.376,6.98934,11.072,91.5,94.5098,94.5098,0,0.1875,49.6406,21.75,21.75,26.25
67.666,0,0,0,0,1.34058,0.99997,1.05786,4,0.883302,1,0.820314,0,0.820314,0.82007,0,0,115.972,119.889,115.778,5319,1310,1272.5,970,1378.36,114.305,199.172,199.078,113.859,117.938,759.49,33,10.3,6.96268,10.996,91.5,94.5098,94.5098,0,0.484375,49.6406,21.75,21.75,26.25
67.7,0,0,0,0,1.33557,0.99997,1.0585,4,0.881593,1,0.820314,0,0.820314,0.819337,0,0,116.139,118.556,116.583,5316.25,1310,1272.07,970,1375.74,114.234,199.078,199.078,115.523,117.914,759.49,33,10.3,6.96001,10.98,91.5,94.5098,94.5098,0,0.25,49.6406,21.75,21.75,25.5
67.733,0,0,0,0,1.34021,0.99997,1.05829,4,0.881593,1,0.820314,0,0.820314,0.817384,0,0,116.472,117.111,114.139,5327.5,1310,1270.23,970,1380.94,114.047,198.609,199.055,110.484,117.891,759.49,33,10.264,6.94134,10.944,91.5,94.902,94.5098,0,-0.5,49.6406,21.75,21.75,25.5
67.766,0,0,0,0,1.33411,0.99997,1.05878,4,0.881593,1,0.820314,0,0.820314,0.821046,0,0,115.972,116.306,115.111,5329.5,1310,1270.35,970,1378.36,113.766,198.609,199.055,112.523,117.867,759.49,33,10.276,6.93068,10.956,91.5,94.5098,94.5098,0,-0.15625,49.6406,22.5,22.5,26.25
67.8,0,0,0,0,1.34192,0.99997,1.05859,4,0.880372,1,0.820314,0,0.820314,0.817384,0,0,116.361,120.722,115.417,5334.25,1310,1270.63,970,1383.59,113.766,199.031,199.055,111.539,117.844,759.49,33,10.232,6.97334,10.92,90.75,94.902,94.5098,0,0.03125,49.6406,22.5,22.5,26.25
67.833,0,0,0,0,1.32983,0.99997,1.05844,4,0.880372,1,0.820314,0,0.820314,0.817384,0,0,115.945,114.111,115.778,5340.75,1310,1273.16,970,1370.43,114,199.055,199.031,115.055,117.82,759.49,33,10.284,6.92801,10.972,90.75,94.902,94.5098,0,-0.34375,49.6406,22.5,22.5,26.25
67.866,0,0,0,0,1.32782,0.99997,1.05777,4,0.880372,1,0.820314,0,0.820314,0.818361,0,0,116.25,111.056,114.611,5343.75,1310,1273.2,970,1365.12,113.977,199.055,199.031,114.258,117.797,761.189,33,10.272,6.93068,10.96,90.75,94.902,94.902,0,-0.40625,49.6406,22.5,22.5,26.25
67.9,0,0,0,0,1.34015,0.99997,1.05759,4,0.879396,1,0.820314,0,0.820314,0.818361,0,0,116.083,124.972,114.945,5345.5,1310,1263.48,970,1378.36,113.016,199.055,199.008,111.727,117.773,761.189,33,10.188,6.90668,10.868,90.75,94.5098,94.902,0,0.046875,49.6406,22.5,22.5,26.25
67.933,0,0,0,0,1.3302,0.99997,1.05707,4,0.879396,1,0.820314,0,0.820314,0.816408,0,0,115.778,116.945,117.222,5359,1310,1268.63,970,1373.05,113.484,198.961,199.008,114.422,117.773,761.189,33,10.224,6.87734,10.904,90.75,94.902,94.902,0,-0.015625,49.6406,22.5,22.5,26.25
67.966,0,0,0,0,1.32916,0.99997,1.05747,4,0.879396,1,0.820314,0,0.820314,0.819337,0,0,115.945,116.861,115.611,5361.75,1310,1266.91,970,1373.05,113.297,198.961,199.008,113.602,117.75,761.189,33,10.216,6.87734,10.896,90.75,94.902,94.902,0,-0.125,49.6406,22.5,22.5,26.25
68,0,0,0,0,1.32562,0.99997,1.05716,4,0.878419,1,0.820314,0,0.820314,0.818361,0,0,116.083,115.445,115.778,5366.5,1310,1268.44,970,1370.47,113.438,199.055,198.984,114.797,117.703,761.189,33,10.244,6.88268,10.94,91.5,94.902,94.902,0,-0.4375,49.6406,22.5,22.5,26.25
68.033,0,0,0,0,1.32282,0.99997,1.05753,4,0.878419,1,0.820314,0,0.820314,0.817384,0,0,117.417,107.306,117.167,5372.25,1310,1280.66,970,1367.77,114.609,198.938,198.984,114.773,117.68,761.189,33,10.312,6.99201,11.008,91.5,94.902,95.2942,0,-0.265625,49.6406,22.5,22.5,26.25
68.066,0,0,0,0,1.33356,0.99997,1.05786,4,0.878419,1,0.820314,0,0.820314,0.821046,0,0,117.056,115.278,116.083,5375.25,1310,1274.53,970,1370.43,114,198.938,198.984,113.836,117.656,762.849,33,10.268,6.94668,10.964,91.5,95.2942,95.2942,0,0,49.6406,22.5,22.5,26.25
68.1,0,0,0,0,1.33789,0.99997,1.05817,4,0.877687,1,0.820314,0,0.820314,0.822023,0,0,117.417,116.556,115.611,5383,1310,1274.22,970,1373.05,113.93,199.008,198.961,112.5,117.633,762.849,33.75,10.236,6.97601,10.916,90.75,95.2942,95.2942,0,-0.140625,49.6406,22.5,22.5,26.25
68.133,0,0,0,0,1.33679,0.99997,1.05975,4,0.877687,1,0.820314,0,0.820314,0.823732,0,0,116.639,120.195,116.889,5387.75,1310,1269.57,970,1378.32,113.461,198.938,198.938,112.969,117.609,762.849,33.75,10.236,6.92001,10.916,90.75,94.902,95.2942,0,0.078125,49.6406,22.5,22.5,26.25
68.166,0,0,0,0,1.3396,0.99997,1.06012,4,0.877687,1,0.820314,0,0.820314,0.82007,0,0,117.167,120.445,116.417,5388.75,1310,1271.02,970,1380.94,113.602,198.938,198.938,112.313,117.609,762.849,33.75,10.236,6.94134,10.916,90.75,94.902,95.2942,0,0.390625,49.6406,22.5,22.5,26.25
68.2,0,0,0,0,1.34638,0.99997,1.05969,4,0.877199,1,0.820314,0,0.820314,0.816408,0,0,117.306,123.75,116.889,5397.5,1310,1272.11,970,1386.25,113.695,198.984,198.914,111.445,117.586,762.849,33.75,10.24,6.95734,10.936,90.75,94.5098,95.2942,0,-0.078125,49.6406,21.75,21.75,26.25
68.233,0,0,0,0,1.3302,0.99997,1.05811,4,0.877199,1,0.820314,0,0.820314,0.814699,0,0,117.306,113,116.778,5403.25,1310,1274.22,970,1375.7,113.859,198.867,198.914,114.023,117.539,762.849,33.75,10.248,6.93868,10.944,90.75,95.2942,95.2942,0,-0.1875,49.6406,21.75,21.75,26.25
68.266,0,0,0,0,1.33093,0.99997,1.05652,4,0.877199,1,0.820314,0,0.820314,0.814699,0,0,118.111,109.695,117.917,5405.25,1310,1281.37,970,1367.81,114.563,198.867,198.914,115.406,117.516,764.744,33.75,10.3,6.97068,10.996,90.75,95.2942,95.2942,0,-0.234375,49.6406,22.5,22.5,26.25
68.3,0,0,0,0,1.32959,0.99997,1.05649,4,0.875245,1,0.820314,0,0.820314,0.818361,0,0,117.222,113.667,117.583,5412,1310,1276.76,970,1367.77,114.094,198.961,198.891,115.664,117.516,764.744,33.75,10.272,6.89334,10.952,91.5,95.2942,95.2942,0,-0.296875,49.6406,21.75,21.75,26.25
68.333,0,0,0,0,1.33276,0.99997,1.05695,4,0.875245,1,0.820314,0,0.820314,0.82007,0,0,117.806,114.889,116.778,5419,1310,1274.45,970,1373.05,113.859,198.891,198.891,113.086,117.469,764.744,33.75,10.232,6.92801,10.912,91.5,95.2942,95.2942,0,0.4375,49.6406,21.75,21.75,26.25
68.366,0,0,0,0,1.33905,0.99997,1.05692,4,0.875245,1,0.820314,0,0.820314,0.816408,0,0,117.75,121.195,116.583,5419,1310,1271.64,970,1375.7,113.555,198.891,198.891,112.711,117.469,764.744,33.75,10.208,6.91468,10.888,91.5,95.2942,95.2942,0,-0.359375,49.6406,21.75,21.75,25.5
68.4,0,0,0,0,1.32428,0.99997,1.05747,4,0.873536,1,0.820314,0,0.820314,0.817384,0,0,117.583,110.222,117.056,5430.75,1310,1275.16,970,1365.12,113.906,198.914,198.867,115.336,117.445,764.744,33.75,10.276,6.90401,10.956,90.75,95.6863,95.2942,0,0.15625,49.6406,22.5,22.5,26.25
68.433,0,0,0,0,1.32434,0.99997,1.05771,4,0.873536,1,0.820314,0,0.820314,0.822023,0,0,117.917,109.167,118.75,5431.75,1310,1278.01,970,1365.16,114.164,198.82,198.844,116.531,117.422,764.744,33.75,10.292,6.93068,10.972,90.75,95.2942,95.2942,0,0.265625,49.6406,22.5,22.5,26.25
68.466,0,0,0,0,1.34778,0.99997,1.05844,4,0.873536,1,0.820314,0,0.820314,0.82007,0,0,117.972,127.389,117.583,5429.75,1310,1269.84,970,1383.59,113.344,198.82,198.844,111.305,117.398,766.287,33.75,10.204,6.91201,10.884,90.75,95.2942,95.2942,0,-0.234375,49.6406,21.75,21.75,26.25
68.5,0,0,0,0,1.33045,0.99997,1.05734,4,0.872316,1,0.820314,0,0.820314,0.813722,0,0,117.806,114.722,117.583,5437.5,1310,1274.49,970,1370.47,113.789,198.867,198.844,114.727,117.398,766.287,33.75,10.252,6.90401,10.932,90.75,95.2942,95.2942,0,0.03125,49.6406,22.5,22.5,26.25
68.533,0,0,0,0,1.33118,0.99997,1.05576,4,0.872316,1,0.820314,0,0.820314,0.811036,0,0,118.611,112.472,117.417,5450.5,1310,1276.48,970,1370.43,113.977,198.844,198.82,113.461,117.352,766.287,33.75,10.228,6.94401,10.908,90.75,95.2942,95.2942,0,-0.015625,49.6406,22.5,22.5,26.25
68.566,0,0,0,0,1.33942,0.99997,1.05417,4,0.872316,1,0.820314,0,0.820314,0.817384,0,0,118.611,120.083,117.167,5450.5,1310,1272.58,970,1378.32,113.555,198.844,198.82,111.539,117.328,766.287,33.75,10.168,6.92268,10.848,90.75,95.6863,95.6863,0,-0.25,49.6406,22.5,22.5,26.25
68.6,0,0,0,0,1.33325,0.99997,1.05405,4,0.871339,1,0.820314,0,0.820314,0.818361,0,0,118.167,117.611,117.75,5454.5,1310,1273.95,970,1370.47,113.672,198.844,198.797,114.422,117.305,766.287,34.5,10.212,6.87734,10.892,90.75,95.6863,95.6863,0,0.453125,49.6406,22.5,22.5,26.25
68.633,0,0,0,0,1.3302,0.99997,1.05429,4,0.871339,1,0.820314,0,0.820314,0.817384,0,0,118.556,113.417,118.361,5459.5,1310,1276.84,970,1365.12,113.93,198.75,198.797,114.82,117.281,766.287,34.5,10.216,6.89868,10.896,90.75,95.6863,95.6863,0,-0.109375,49.6406,22.5,22.5,26.25
68.666,0,0,0,0,1.33337,0.99997,1.05545,4,0.871339,1,0.820314,0,0.820314,0.822023,0,0,118.056,120.472,119.389,5461.25,1310,1273.79,970,1365.16,113.602,198.75,198.797,116.625,117.258,767.771,34.5,10.196,6.89334,10.876,90.75,95.2942,95.6863,0,0.078125,49.6406,22.5,22.5,26.25
68.7,0,0,0,0,1.33026,0.99997,1.05618,4,0.870363,1,0.820314,0,0.820314,0.821046,0,0,118.333,114.417,118.167,5470.25,1310,1275.7,970,1367.81,113.789,198.82,198.773,114.938,117.258,767.771,34.5,10.252,6.87734,10.94,90.75,95.6863,95.6863,0,0.5,49.6406,22.5,22.5,26.25
68.733,0,0,0,0,1.33496,0.99997,1.05624,4,0.870363,1,0.820314,0,0.820314,0.818361,0,0,118.695,117.75,118.722,5478.25,1310,1273.71,970,1375.7,113.578,198.328,198.75,113.32,117.234,767.771,34.5,10.216,6.90668,10.904,90.75,95.6863,95.6863,0,-0.265625,49.6406,22.5,22.5,26.25
68.766,0,0,0,0,1.33856,0.99997,1.05521,4,0.870363,1,0.820314,0,0.820314,0.815675,0,0,119.083,117.806,117.389,5486.25,1310,1276.09,970,1375.7,113.508,198.328,198.75,111.234,117.164,767.771,34.5,10.16,6.92268,10.848,90.75,95.6863,95.6863,0,0.171875,49.6406,22.5,22.5,26.25
68.8,0,0,0,0,1.33856,0.99997,1.05444,4,0.869874,1,0.820314,0,0.820314,0.816408,0,0,119.195,119.778,119.25,5483.25,1310,1278.32,970,1370.43,113.695,198.727,198.75,114.352,117.164,767.771,34.5,10.196,6.89601,10.876,90.75,96.0785,96.0785,0,0.390625,49.6406,21.75,21.75,26.25
68.833,0,0,0,0,1.33667,0.99997,1.05408,4,0.869874,1,0.820314,0,0.820314,0.817384,0,0,119.389,114.667,118.722,5486.25,1310,1281.09,970,1367.77,113.953,198.727,198.727,113.93,117.141,767.771,34.5,10.216,6.92534,10.896,90.75,96.0785,96.0785,0,-0.03125,49.6406,22.5,22.5,26.25
68.866,0,0,0,0,1.34992,0.99997,1.05359,4,0.869874,1,0.820314,0,0.820314,0.817384,0,0,118.5,131.806,118.361,5496.5,1310,1269.53,970,1375.7,112.805,198.727,198.727,111.75,117.141,769.217,34.5,10.124,6.84001,10.804,90.75,96.0785,96.0785,0,-0.265625,49.6406,23.25,23.25,26.25
68.9,0,0,0,0,1.33173,0.99997,1.05417,4,0.869386,1,0.820314,0,0.820314,0.819337,0,0,118.445,120.139,118.417,5499.5,1310,1271.05,970,1365.16,112.945,198.727,198.727,114.633,117.094,769.217,34.5,10.148,6.83734,10.836,90.75,96.0785,96.0785,0,0.4375,49.6406,23.25,23.25,26.25
68.933,0,0,0,0,1.33081,0.99997,1.05508,4,0.869386,1,0.820314,0,0.820314,0.822999,0,0,119.333,113.167,118.722,5502.5,1310,1277.7,970,1367.77,113.578,198.75,198.609,113.672,117.094,769.217,34.5,10.2,6.90134,10.888,90.75,96.0785,96.0785,0,0.390625,49.6406,23.25,23.25,26.25
68.966,0,0,0,0,1.33502,0.99997,1.05496,4,0.869386,1,0.820314,0,0.820314,0.817384,0,0,119.5,115.583,118.75,5511.5,1310,1279.14,970,1365.16,113.695,198.75,198.609,114.07,117.07,769.217,34.5,10.204,6.90134,10.892,90.75,96.0785,96.0785,0,0.484375,49.6406,22.5,22.5,26.25
69,0,0,0,0,1.34601,0.99997,1.05554,4,0.868898,1,0.820314,0,0.820314,0.818361,0,0,119.889,127,119.195,5516.5,1310,1274.61,970,1370.43,113.25,198.586,198.563,113.063,117.023,769.217,34.5,10.136,6.93601,10.816,90.75,96.0785,96.0785,0,0.1875,49.6406,23.25,23.25,26.25
69.033,0,0,0,0,1.33923,0.99997,1.05539,4,0.868898,1,0.820314,0,0.820314,0.82007,0,0,119.25,122.695,118.167,5516.5,1300,1272.62,970,1370.43,113.039,198.563,198.469,112.336,115.758,769.217,34.5,10.148,6.85868,10.828,90.75,96.0785,96.0785,0,0.3125,49.2805,23.25,23.25,26.25
69.066,0,0,0,0,1.34076,0.99997,1.05463,4,0.868898,1,0.820314,0,0.820314,0.816408,0,0,119.306,123.778,119.472,5525.75,1300,1273.32,970,1375.7,113.086,198.563,198.469,113.18,115.711,770.818,34.5,10.148,6.86134,10.828,90.75,96.0785,96.0785,0,0.21875,49.2805,22.5,22.5,26.25
69.1,0,0,0,0,1.33557,0.99997,1.05475,4,0.86841,1,0.820314,0,0.820314,0.819337,0,0,119.889,114.25,119.972,5534,1300,1280.7,970,1375.7,113.813,198.445,198.258,112.828,115.711,770.818,34.5,10.208,6.89868,10.904,90.75,95.6863,96.0785,0,-0.15625,49.2805,22.5,22.5,26.25
69.133,0,0,0,0,1.33295,0.99997,1.05472,4,0.86841,1,0.820314,0,0.820314,0.821046,0,0,120.25,111.917,119.472,5535,1300,1283.55,970,1365.16,114.07,198.234,198.234,115.078,115.688,770.818,34.5,10.22,6.92801,10.916,90.75,95.2942,95.6863,0,-0.1875,49.2805,22.5,22.5,26.25
69.166,0,0,0,0,1.33655,0.99997,1.05429,4,0.86841,1,0.820314,0,0.820314,0.813722,0,0,120.639,113.25,120.5,5537,1300,1286.25,970,1365.12,114.328,198.234,198.234,115.852,115.664,770.818,34.5,10.244,6.92268,10.94,90.75,95.2942,95.2942,0,0.671875,49.2805,23.25,23.25,26.25
69.2,0,0,0,0,1.34839,0.99997,1.05402,4,0.868165,1,0.820314,0,0.820314,0.817384,0,0,120.945,122.333,119.889,5541,1290,1283.71,970,1373.05,114.047,198.211,198.07,113.367,114.398,770.818,34.5,10.188,6.93868,10.856,90.75,95.2942,95.2942,0,0.21875,48.9204,22.5,22.5,26.25
69.233,0,0,0,0,1.34137,0.99997,1.05325,4,0.868165,1,0.820314,0,0.820314,0.819337,0,0,121.056,114.667,121.528,5551.25,1290,1290.86,970,1362.5,114.727,198.047,197.93,116.648,114.375,770.818,34.5,10.276,6.96268,10.944,90.75,95.2942,94.902,0,0.5,48.9204,22.5,22.5,26.25
69.266,0,0,0,0,1.33478,0.99997,1.05292,4,0.868165,1,0.820314,0,0.820314,0.814699,0,0,121.472,110.833,120.5,5558.5,1280,1292.23,970,1354.57,114.867,198.047,197.93,116.273,113.086,772.361,34.5,10.288,6.95734,10.956,90.75,94.1177,94.1177,0,0.640625,48.5618,22.5,22.5,25.5
69.3,0,0,0,0,1.34973,0.99997,1.05106,4,0.868165,1,0.820314,0,0.820314,0.812745,0,0,120.889,125.111,120.306,5556.5,1270,1281.25,965,1367.77,113.789,197.906,197.836,113.672,111.797,772.361,34.5,10.14,6.90668,10.836,90.75,93.7255,93.7255,0,0.234375,48.2017,22.5,22.5,26.25
69.333,0,0,0,0,1.34607,0.99997,1.05048,4,0.868165,1,0.820314,0,0.820314,0.814699,0,0,120.528,124.695,119.889,5559.5,1260,1278.55,965,1367.77,113.508,197.813,197.719,113.813,110.531,772.361,34.5,10.092,6.85068,10.788,90.75,92.9412,92.5491,0,0.34375,47.8415,22.5,22.5,26.25
69.366,0,0,0,0,1.33508,0.99997,1.04862,4,0.868165,1,0.820314,0,0.820314,0.811769,0,0,120.472,117.472,120.306,5569.75,1250,1279.92,965,1365.16,113.648,197.813,197.719,115.102,109.289,772.361,34.5,10.1,6.84001,10.796,90.75,91.7647,90.9804,0,0.8125,47.4814,21.75,21.75,26.25
69.4,0,0,0,0,1.34772,0.99997,1.04959,4,0.866212,1,0.820314,0,0.820314,0.818361,0,0,121.75,122.417,119.972,5577,1260,1280.08,970,1373.01,113.672,197.695,197.695,111.352,109.266,772.361,34.5,10.088,6.92801,10.768,90.75,90.5883,88.2353,0,0.3125,47.4814,21.75,21.75,26.25
69.433,0,0,0,0,1.34564,0.99997,1.04904,4,0.866212,1,0.820314,0,0.820314,0.819337,0,0,121,123.861,121.361,5576,1240,1280.7,970,1367.77,113.719,197.672,197.531,114.305,108.023,772.361,34.5,10.088,6.86134,10.768,90.75,87.8432,85.8824,0,0.296875,47.1228,21.75,21.75,26.25
69.466,0,0,0,0,1.35736,0.99997,1.05121,4,0.866212,1,0.820314,0,0.820314,0.822023,0,0,121.278,130.972,121.083,5583.25,1250,1277.93,970,1378.32,113.461,197.672,197.531,112.008,108.047,774.099,34.5,10.084,6.87468,10.764,90.75,84.3138,82.7451,0,0.34375,47.1228,21.75,21.75,26.25
69.5,0,0,0,0,1.34021,0.99997,1.05112,4,0.864992,1,0.820314,0,0.820314,0.82007,0,0,121.361,118.75,121.083,5586.5,1250,1282.46,970,1365.16,113.906,197.508,197.391,115.57,108.023,774.099,34.5,10.14,6.87734,10.82,90.75,81.5687,80,0,0.1875,47.1228,21.75,21.75,26.25
69.533,0,0,0,0,1.35028,0.99997,1.05139,4,0.864992,1,0.820314,0,0.820314,0.815675,0,0,121.639,123.111,120.833,5594.75,1240,1281.33,970,1375.7,113.531,196.898,197.367,112.453,106.781,774.099,34.5,10.076,6.89868,10.756,90.75,78.0392,78.4314,0,0.796875,46.7627,21.75,21.75,26.25
69.566,0,0,0,0,1.34003,0.99997,1.04886,4,0.864992,1,0.820314,0,0.820314,0.811769,0,0,121.75,113.167,120.833,5595.75,1250,1287.73,970,1362.54,114.141,196.898,197.367,115.406,106.734,774.099,34.5,10.156,6.90134,10.836,90.75,76.0785,75.2941,0,0.171875,46.7627,21.75,21.75,26.25
69.6,0,0,0,0,1.35962,0.99997,1.04672,4,0.863771,1,0.820314,0,0.820314,0.811769,0,0,121.695,131.611,121.528,5603.25,1250,1278.95,970,1378.36,113.273,197.344,197.203,112.57,106.734,774.099,35.25,10.02,6.87734,10.688,90.75,73.7255,73.7255,0,0.515625,46.7627,21.75,21.75,26.25
69.633,0,0,0,0,1.35004,0.99997,1.04492,4,0.863771,1,0.820314,0,0.820314,0.811036,0,0,120.639,130.361,119.695,5603.25,1250,1271.8,970,1378.36,112.594,197.18,197.086,111.867,106.711,774.099,35.25,9.952,6.76534,10.62,90.75,72.1569,72.1569,0,0.859375,46.7627,21.75,21.75,26.25
69.666,0,0,0,0,1.33753,0.99997,1.04294,4,0.863771,1,0.820314,0,0.820314,0.812745,0,0,120.889,118.778,120.695,5611.5,1250,1276.05,970,1373.05,113.016,197.18,197.086,113.414,106.664,775.271,35.25,9.976,6.78134,10.644,90.75,69.0196,69.4118,0,0.859375,46.7627,21.75,21.75,26.25
69.7,0,0,0,0,1.34808,0.99997,1.04291,4,0.863038,1,0.820314,0,0.820314,0.813722,0,0,121.222,127.972,120.5,5616.75,1250,1271.17,970,1380.94,112.547,197.063,197.063,111.328,106.664,775.271,35.25,9.916,6.78401,10.596,90.75,68.6275,69.4118,0,0.421875,46.7627,21.75,21.75,26.25
69.733,0,0,0,0,1.33502,0.99997,1.04251,4,0.863038,1,0.820314,0,0.820314,0.818361,0,0,121.528,114.583,119.278,5616.75,1250,1278.09,970,1365.12,113.227,197.039,196.898,113.203,106.641,775.271,35.25,9.984,6.79201,10.664,90.75,68.6275,68.6275,0,0.65625,46.7627,21.75,21.75,26.25
69.766,0,0,0,0,1.34967,0.99997,1.04504,4,0.863038,1,0.820314,0,0.820314,0.823732,0,0,120.722,132.333,120.5,5624.25,1240,1267.54,970,1378.36,112.219,197.039,196.898,111.68,106.641,775.271,35.25,9.928,6.74134,10.608,90.75,67.8432,68.2353,0,0.484375,46.7627,21.75,21.75,26.25
69.8,0,0,0,0,1.33716,0.99997,1.047,4,0.864992,1,0.820314,0,0.820314,0.825685,0,0,120.528,125.056,121.306,5630.5,1240,1268.52,970,1375.74,112.313,196.875,196.758,113.672,106.594,775.271,35.25,9.94,6.73868,10.636,90.75,67.451,67.8432,0,0.078125,46.7627,21.75,21.75,26.25
69.833,0,0,0,0,1.33283,0.99997,1.04877,4,0.864992,1,0.820314,0,0.820314,0.824708,0,0,121,118.167,120.111,5636.75,1240,1270.98,970,1375.74,112.57,196.734,196.594,112.453,106.57,775.271,35.25,9.988,6.78134,10.684,90.75,67.8432,67.451,0,0.34375,46.7627,21.75,21.75,26.25
69.866,0,0,0,0,1.33423,0.99997,1.05002,4,0.864992,1,0.820314,0,0.820314,0.822999,0,0,121.806,114.389,119.889,5642.25,1240,1275.78,970,1370.43,113.039,196.734,196.594,111.703,106.57,776.912,35.25,10.008,6.85068,10.704,90.75,67.0588,67.8432,0,0.46875,46.7627,21.75,21.75,26.25
69.9,0,0,0,0,1.34125,0.99997,1.05029,4,0.866212,1,0.820314,0,0.820314,0.821046,0,0,122.056,125.445,120.5,5641,1250,1270.51,970,1367.81,112.523,196.57,196.57,112.688,107.766,776.912,35.25,9.976,6.80801,10.656,90.75,67.8432,68.6275,0,0.28125,47.1228,21.75,21.75,25.5
69.933,0,0,0,0,1.33997,0.99997,1.05057,4,0.866212,1,0.820314,0,0.820314,0.82007,0,0,121.361,124.361,121.083,5646.5,1250,1270.43,970,1373.05,112.523,196.547,196.406,112.313,107.719,776.912,35.25,9.932,6.79468,10.612,90.75,68.6275,69.0196,0,0.734375,47.1228,21.75,21.75,25.5
69.966,0,0,0,0,1.33783,0.99997,1.05069,4,0.866212,1,0.820314,0,0.820314,0.821046,0,0,120.722,126.833,122.195,5656,1260,1265.59,970,1378.36,112.055,196.547,196.406,112.688,108.914,776.912,35.25,9.884,6.75201,10.564,90.75,68.6275,69.0196,0,0.1875,47.4814,22.5,22.5,26.25
70,0,0,0,0,1.32239,0.99997,1.05203,4,0.864747,1,0.820314,0,0.820314,0.825685,0,0,121.278,111.195,121.695,5658,1270,1273.01,970,1365.12,112.781,196.383,196.289,114.047,110.109,776.912,36,10.004,6.77601,10.684,90.75,69.0196,69.8039,0,0.609375,47.8415,21.75,21.75,26.25
70.033,0,0,0,0,1.32611,0.99997,1.05127,4,0.864747,1,0.820314,0,0.820314,0.818361,0,0,121.75,112.833,121.917,5662.5,1280,1275.78,970,1359.88,113.063,196.266,196.289,114.984,112.594,776.912,36,10,6.82401,10.68,90.75,71.3726,73.3334,0,0.671875,48.5618,21.75,21.75,26.25
70.066,0,0,0,0,1.33368,0.99997,1.05179,4,0.864747,1,0.820314,0,0.820314,0.819337,0,0,122.695,113.861,120.889,5665.5,1310,1277.3,970,1362.5,113.203,196.266,196.289,111.938,116.344,778.26,36,9.996,6.87201,10.676,90.75,75.2941,77.6471,0,0.609375,49.6406,21.75,21.75,26.25
70.1,0,0,0,0,1.33923,0.99997,1.05154,4,0.865968,1,0.820314,0,0.820314,0.821046,0,0,121.695,126.417,122.556,5670,1320,1271.02,970,1365.16,112.594,196.266,196.078,113.906,117.586,778.26,36,9.956,6.78668,10.636,90.75,78.4314,81.1765,0,0.28125,50.0007,21.75,21.75,26.25
70.133,0,0,0,0,1.34247,0.99997,1.05182,4,0.865968,1,0.820314,0,0.820314,0.82007,0,0.390625,121.806,129.972,120.111,5676.25,1330,1265.82,970,1370.43,112.078,196.055,195.938,110.391,118.852,778.26,36,9.9,6.79468,10.58,90.75,82.7451,85.0981,0,0.46875,50.3593,21.75,21.75,26.25
70.166,0,0,0,0,1.3241,0.99997,1.05322,4,0.865968,1,0.820314,0,0.820314,0.821046,0,0.390625,122.222,113.361,121.722,5686,1330,1276.02,970,1354.57,113.086,196.055,195.938,114.938,118.828,778.26,36,9.968,6.83734,10.648,90.75,87.451,89.0196,0,0.359375,50.3593,21.75,21.75,25.5
70.2,0,0,0,0,1.32971,0.99997,1.05554,4,0.864747,1,0.820314,0,0.820314,0.827638,0,0.390625,122.806,112.722,121.528,5686,1340,1280,970,1357.23,113.461,195.914,195.914,112.359,119.906,778.26,36,10.004,6.88268,10.692,90.75,90.5883,91.3726,0,0.109375,50.7194,21.75,21.75,26.25
70.233,0,0,0,0,1.344,0.99997,1.05692,4,0.864747,1,0.820314,0,0.820314,0.827638,0,1.17188,122.972,129.472,122.111,5691.5,1340,1271.64,970,1367.77,112.641,195.891,195.844,111.305,119.883,778.26,36,9.924,6.85601,10.612,90.75,93.3334,92.9412,0,0.484375,50.7194,21.75,21.75,26.25
70.266,0,0,0,0,1.33954,0.99997,1.06061,4,0.864747,1,0.820314,0,0.820314,0.829347,0,1.17188,122.611,127.278,123.778,5692.5,1340,1273.52,970,1365.12,112.828,195.891,195.844,113.414,119.883,779.549,36,9.976,6.86934,10.664,90.75,94.5098,94.902,0,0.484375,50.7194,21.75,21.75,25.5
70.3,0,0,0,0,1.3363,0.99997,1.06262,4,0.865968,1,0.820314,0,0.820314,0.825685,0,1.17188,122.5,126.167,123.139,5699,1340,1271.91,970,1365.12,112.688,195.82,195.633,113.555,119.859,779.549,36,9.996,6.86134,10.684,90.75,95.6863,95.6863,0,0.5625,50.7194,21.75,21.75,25.5
70.333,0,0,0,0,1.33539,0.99997,1.06412,4,0.865968,1,0.820314,0,0.820314,0.827638,0,1.17188,122.861,122.278,122.556,5702.25,1340,1274.77,970,1367.77,112.688,195.141,195.445,112.688,119.859,779.549,36,9.972,6.92268,10.66,90.75,96.8628,96.4706,0,0.890625,50.7194,21.75,21.75,25.5
70.366,0,0,0,0,1.33722,0.99997,1.06708,4,0.865968,1,0.820314,0,0.820314,0.8313,0,1.17188,122.972,122.528,122.75,5711,1340,1278.24,970,1362.54,113.016,195.141,195.445,113.555,119.836,779.549,36,10.04,6.92268,10.728,90.75,97.6471,97.2549,0,0.4375,50.7194,21.75,21.75,26.25
70.4,0,0,0,0,1.34332,0.99997,1.06943,4,0.864503,1,0.820314,0,0.820314,0.829347,0,1.17188,123.333,127.139,122.306,5715.25,1340,1274.69,970,1370.39,112.664,195.422,195.328,111.023,119.789,779.549,36,10.004,6.96001,10.684,90.75,98.4314,98.0392,0,0.578125,50.7194,21.75,21.75,25.5
70.433,0,0,0,0,1.32233,0.99997,1.07022,4,0.864503,1,0.820314,0,0.820314,0.823732,0,1.17188,122.917,112.945,123.556,5719.5,1340,1283.75,970,1349.34,113.555,195.305,195.164,116.391,119.789,779.549,36,10.12,6.96534,10.8,90.75,98.4314,98.4314,0,0.828125,50.7194,21.75,21.75,25.5
70.466,0,0,0,0,1.33753,0.99997,1.07239,4,0.864503,1,0.820314,0,0.820314,0.829347,0,1.17188,123.611,121.361,122.889,5718.5,1340,1278.75,970,1362.5,113.063,195.305,195.164,112.594,119.742,780.779,36,10.068,6.98401,10.748,90.75,98.8236,98.4314,0,0.640625,50.7194,21.75,21.75,26.25
70.5,0,0,0,0,1.34338,0.99997,1.07361,4,0.865968,1,0.820314,0,0.820314,0.825685,0,1.17188,123.5,130.917,122.945,5723,1340,1272.89,970,1367.73,112.5,195.141,194.813,112.031,119.742,780.779,36,9.98,6.96801,10.66,90.75,99.2157,98.8236,0,0.78125,50.7194,22.5,22.5,27
70.533,0,0,0,0,1.33313,0.99997,1.07477,4,0.865968,1,0.820314,0,0.820314,0.823732,0,1.17188,123.611,119.917,124.361,5730.5,1340,1278.95,970,1365.12,113.063,194.789,194.438,114.047,119.742,780.779,36,10.052,6.98401,10.732,90.75,98.8236,99.2157,0,0.40625,50.7194,22.5,22.5,27
70.566,0,0,0,0,1.33862,0.99997,1.07584,4,0.865968,1,0.820314,0,0.820314,0.825685,0,1.17188,123.778,123.583,122.556,5741.5,1340,1276.25,970,1367.73,112.805,194.789,194.438,111.375,119.672,780.779,36,10.02,7.00001,10.7,90.75,99.6079,99.2157,0,0.390625,50.7194,22.5,22.5,27
70.6,0,0,0,0,1.33814,0.99997,1.07712,4,0.866456,1,0.820314,0,0.820314,0.825685,0,1.17188,123.306,125.583,123.056,5743.75,1340,1274.38,970,1367.77,112.641,194.414,194.414,112.617,119.602,780.779,36,10.028,6.96801,10.696,90.75,99.2157,99.2157,0,0.296875,50.7194,23.25,23.25,27
70.633,0,0,0,0,1.33411,0.99997,1.07791,4,0.866456,1,0.820314,0,0.820314,0.822999,0,1.17188,124.667,114.778,124.389,5748,1340,1283.98,970,1365.12,113.555,194.391,194.227,112.57,119.602,780.779,36,10.128,7.06668,10.796,90.75,99.6079,99.2157,0,0.5,50.7194,23.25,23.25,27
70.666,0,0,0,0,1.34625,0.99997,1.08017,4,0.866456,1,0.820314,0,0.820314,0.826661,0,1.17188,124.25,129.25,124.361,5747,1340,1279.18,970,1365.08,113.086,194.391,194.227,111.656,119.578,781.99,36,10.056,7.01868,10.724,90.75,99.2157,99.2157,0,0.21875,50.7194,22.5,22.5,26.25
70.7,0,0,0,0,1.34345,0.99997,1.08057,4,0.866945,1,0.820314,0,0.820314,0.825685,0,1.17188,124.139,130.028,121.167,5749.25,1340,1270.27,970,1365.08,112.242,194.203,194.063,109.758,119.555,781.99,36,9.992,7.01068,10.672,90.75,100,99.2157,0,0.328125,50.7194,22.5,22.5,27
70.733,0,0,0,0,1.33869,0.99997,1.08264,4,0.866945,1,0.820314,0,0.820314,0.824708,0,1.17188,122.861,132.25,123.333,5754.75,1340,1265.7,970,1367.77,111.797,194.039,193.828,111.891,119.531,781.99,36,9.984,6.94401,10.664,90.75,98.8236,99.2157,0,0.875,50.7194,22.5,22.5,27
70.766,0,0,0,0,1.3316,0.99997,1.08362,4,0.866945,1,0.820314,0,0.820314,0.822999,0,1.17188,123.306,125.889,123.556,5763.5,1340,1268.05,970,1367.77,112.008,194.039,193.828,112.102,119.508,781.99,36,9.98,6.97334,10.66,90.75,98.8236,99.2157,0,0.421875,50.7194,22.5,22.5,27
70.8,0,0,0,0,1.32214,0.99997,1.08426,4,0.866945,1,0.820314,0,0.820314,0.826661,0,1.17188,123.667,116.472,123.778,5773.5,1340,1273.63,970,1359.84,112.57,193.805,193.336,114.328,119.461,781.99,36,10.04,6.99734,10.72,90.75,98.8236,99.6079,0,0.453125,50.7194,22.5,22.5,27
70.833,0,0,0,0,1.33545,0.99997,1.08673,4,0.866945,1,0.820314,0,0.820314,0.82837,0,1.17188,123.778,127.028,124.583,5774.75,1340,1271.88,970,1370.43,112.406,193.313,193.195,112.617,119.461,781.99,36,10.04,7.01868,10.72,90.75,99.6079,99.6079,0,1.04688,50.7194,22.5,22.5,27
70.866,0,0,0,0,1.31506,0.99997,1.08893,4,0.866945,1,0.820314,0,0.820314,0.823732,0,1.17188,124.833,113.75,124.25,5779,1340,1283.71,970,1351.91,113.555,193.313,193.195,115.383,119.414,783.318,36,10.152,7.10134,10.832,90.75,99.6079,99.6079,0,0.625,50.7194,22.5,22.5,27
70.9,0,0,0,0,1.33734,0.99997,1.09021,4,0.867189,1,0.820314,0,0.820314,0.825685,0,1.17188,124.306,127.167,123.778,5784.75,1340,1272.77,970,1365.12,112.5,193.172,193.195,112.125,119.367,783.318,36,10.052,7.05868,10.748,90.75,99.2157,99.6079,0,0.59375,50.7194,22.5,22.5,27
70.933,0,0,0,0,1.33978,0.99997,1.0892,4,0.867189,1,0.820314,0,0.820314,0.818361,0,1.17188,124.195,131.333,122.75,5785.75,1340,1269.14,970,1365.12,112.148,193.172,192.82,111.398,119.391,783.318,36,10.012,7.00801,10.708,90.75,99.6079,99.6079,0,0.796875,50.7194,22.5,22.5,27
70.966,0,0,0,0,1.32929,0.99997,1.08786,4,0.867189,1,0.820314,0,0.820314,0.816408,0,1.17188,124.028,123.445,124.167,5790.25,1340,1269.92,970,1362.5,112.242,193.172,192.82,112.945,119.344,783.318,36,10.028,7.01334,10.724,90.75,99.6079,99.6079,0,1.21875,50.7194,22.5,22.5,26.25
71,0,0,0,0,1.33655,0.99997,1.08835,4,0.867189,1,0.820314,0,0.820314,0.821046,0,1.17188,124.139,131.028,124.583,5792.5,1340,1267.19,970,1370.43,111.984,192.797,192.586,112.195,119.32,783.318,36.75,10.008,7.01868,10.696,90.75,99.6079,99.6079,0,0.34375,50.7194,22.5,22.5,27
71.033,0,0,0,0,1.32691,0.99997,1.08963,4,0.867189,1,0.820314,0,0.820314,0.824708,0,1.17188,124.306,121.195,124.583,5795.75,1340,1270.39,970,1367.73,112.289,192.563,192.281,112.805,119.32,783.318,36.75,10.06,7.01334,10.748,90.75,99.6079,99.6079,0,0.484375,50.7194,22.5,22.5,27
71.066,0,0,0,0,1.32593,0.99997,1.09174,4,0.867189,1,0.820314,0,0.820314,0.823732,0,1.17188,124.528,117.972,123.972,5802.5,1340,1273.67,970,1362.5,112.617,192.563,192.281,113.133,119.273,784.646,36.75,10.056,7.06934,10.744,90.75,99.2157,99.6079,0,0.546875,50.7194,22.5,22.5,26.25
71.1,0,0,0,0,1.33441,0.99997,1.09226,4,0.86548,1,0.820314,0,0.820314,0.822023,0,1.17188,124.833,125.667,123.778,5811.5,1350,1270.98,970,1367.77,112.359,192.258,192.07,111.727,120.492,784.646,36.75,10.024,7.06668,10.704,90.75,99.6079,99.6079,0,0.265625,51.0795,22.5,22.5,27
71.133,0,0,0,0,1.3327,0.99997,1.09363,4,0.86548,1,0.820314,0,0.820314,0.824708,0,2.73438,124.472,126.5,123.556,5818.25,1360,1267.62,970,1370.39,112.031,192.047,191.766,111.164,121.805,784.646,36.75,10.004,7.04534,10.684,90.75,99.6079,99.6079,0,0.8125,51.4381,22.5,22.5,27
71.166,0,0,0,0,1.3316,0.99997,1.09528,4,0.86548,1,0.820314,0,0.820314,0.825685,0,2.73438,125.056,122.306,125.222,5824,1360,1274.14,970,1362.5,112.688,192.047,191.766,112.945,121.758,784.646,36.75,10.08,7.09601,10.76,90.75,99.6079,99.6079,0,0.53125,51.4381,22.5,22.5,27
71.2,0,0,0,0,1.32282,0.99997,1.09692,4,0.862794,1,0.820314,0,0.820314,0.825685,0,2.73438,124.833,115.083,124.361,5825,1360,1278.75,970,1351.91,113.133,191.742,191.836,114.328,121.688,784.646,36.75,10.148,7.08268,10.828,90.75,100,100,0,0.671875,51.4381,22.5,22.5,27
71.233,0,0,0,0,1.34772,0.99997,1.09726,4,0.862794,1,0.820314,0,0.820314,0.821046,0,3.51563,125.278,139.389,124.417,5828.5,1380,1264.22,970,1375.66,111.445,191.344,191.648,109.711,122.977,784.646,36.75,9.964,7.05334,10.644,90.75,99.6079,100,0,0.890625,51.7982,22.5,22.5,27
71.266,0,0,0,0,1.33038,0.99997,1.0976,4,0.862794,1,0.820314,0,0.820314,0.819337,0,3.51563,124.583,125.306,125.639,5829.75,1380,1270.43,970,1362.5,112.055,191.344,191.648,112.992,123,785.877,36.75,10.044,7.05334,10.724,90.75,100,100,0,0.421875,51.7982,22.5,22.5,27
71.3,0,0,0,0,1.33643,0.99997,1.09711,4,0.862062,1,0.820314,0,0.820314,0.82007,0,3.51563,125.111,129.833,123.778,5833,1380,1267.34,970,1367.77,111.75,191.625,191.133,110.648,122.953,785.877,36.75,10.008,7.07734,10.696,90.75,100,100,0,0.8125,51.7982,22.5,22.5,27
71.333,0,0,0,0,1.32959,0.99997,1.09876,4,0.862062,1,0.820314,0,0.820314,0.825685,0,3.51563,124.583,126.222,124.167,5835.25,1380,1267.3,970,1367.77,111.75,191.109,191.227,112.242,122.953,785.877,36.75,10.012,7.02401,10.7,90.75,100,100,0,0.84375,51.7982,22.5,22.5,27
71.366,0,0,0,0,1.32874,0.99997,1.10153,4,0.862062,1,0.820314,0,0.820314,0.82837,0,3.51563,125.056,123.083,125.833,5839.75,1380,1271.68,970,1367.73,112.172,191.109,191.227,112.992,122.93,785.877,36.75,10.056,7.09601,10.744,90.75,99.6079,100,0,1.01563,51.7982,22.5,22.5,27
71.4,0,0,0,0,1.32605,0.99997,1.10342,4,0.861574,1,0.820314,0,0.820314,0.825685,0,3.51563,125.472,118.278,123.556,5847.75,1380,1272.38,970,1365.12,112.242,191.203,190.805,111.398,122.906,785.877,36.75,10.064,7.12534,10.744,90.75,100,100,0,0.484375,51.7982,22.5,22.5,27
71.433,0,0,0,0,1.33136,0.99997,1.10458,4,0.861574,1,0.820314,0,0.820314,0.824708,0,3.51563,125.417,124.111,125.028,5855.75,1380,1273.13,970,1365.12,112.336,190.781,190.547,112.688,122.906,785.877,36.75,10.084,7.12534,10.764,90.75,100,100,0,1.09375,51.7982,22.5,22.5,27
71.466,0,0,0,0,1.33222,0.99997,1.10541,4,0.861574,1,0.820314,0,0.820314,0.823732,0,3.51563,125.222,127.306,125.111,5860.5,1390,1269.06,970,1367.73,111.938,190.781,190.547,111.469,124.102,787.342,36.75,10.052,7.10934,10.732,90.75,100,100,0,0.953125,52.1583,23.25,23.25,27
71.5,0,0,0,0,1.32459,0.99997,1.10462,4,0.861085,1,0.820314,0,0.820314,0.817384,0,4.29688,125.111,120.361,124.583,5866,1390,1270.66,970,1359.84,112.102,190.523,190.313,112.477,124.102,787.342,37.5,10.068,7.10134,10.756,90.75,100,100,0,0.34375,52.1583,23.25,23.25,27
71.533,0,0,0,0,1.3316,0.99997,1.10648,4,0.861085,1,0.820314,0,0.820314,0.824708,0,4.29688,125.278,127.222,125.639,5867.25,1390,1269.14,970,1362.5,111.961,190.289,190.172,112.336,124.102,787.342,37.5,10.064,7.10134,10.752,90.75,100,100,0,0.84375,52.1583,23.25,23.25,27
71.566,0,0,0,0,1.33325,0.99997,1.10611,4,0.861085,1,0.820314,0,0.820314,0.822999,0,4.29688,125.417,128.389,124.778,5873,1390,1268.28,970,1359.84,111.891,190.289,190.172,111.422,124.055,787.342,37.5,10.048,7.10934,10.736,90.75,100,100,0,0.984375,52.1583,23.25,23.25,27
71.6,0,0,0,0,1.32941,0.99997,1.10672,4,0.860841,1,0.820314,0,0.820314,0.815675,0,4.29688,125.111,128.028,125.278,5881,1390,1266.6,970,1359.84,111.727,190.148,190.102,112.688,124.031,787.342,37.5,10.02,7.08534,10.688,90.75,100,100,0,0.546875,52.1583,23.25,23.25,27
71.633,0,0,0,0,1.3241,0.99997,1.10681,4,0.860841,1,0.820314,0,0.820314,0.82007,0,4.29688,126.056,118.833,126.028,5882.25,1390,1272.66,970,1354.57,112.313,190.078,189.867,112.945,124.031,787.342,37.5,10.064,7.14134,10.732,90.75,100,100,0,0.46875,52.1583,23.25,23.25,27
71.666,0,0,0,0,1.3291,0.99997,1.10587,4,0.860841,1,0.820314,0,0.820314,0.819337,0,4.29688,125.472,127.722,123.972,5881,1390,1265.51,970,1357.23,111.633,190.078,189.867,111.492,123.984,788.494,37.5,9.98,7.08268,10.648,90.75,100,100,0,0.90625,52.1583,23.25,23.25,27
71.7,0,0,0,0,1.32788,0.99997,1.10529,4,0.860353,1,0.820314,0,0.820314,0.816408,0,4.29688,125.583,123.472,125,5884.5,1390,1268.36,970,1359.84,111.914,189.844,189.68,111.07,123.961,788.494,37.5,10.008,7.09334,10.688,90.75,100,100,0,0.5625,52.1583,23.25,23.25,27
71.733,0,0,0,0,1.33197,0.99997,1.10568,4,0.860353,1,0.820314,0,0.820314,0.819337,0,4.29688,125.75,129.972,124.778,5891.5,1390,1264.22,970,1365.12,111.516,189.656,189.375,110.133,123.961,788.494,37.5,9.956,7.07468,10.636,90.75,100,100,0,0.359375,52.1583,23.25,23.25,27
71.766,0,0,0,0,1.3233,0.99997,1.10623,4,0.860353,1,0.820314,0,0.820314,0.822023,0,4.29688,125.639,124.083,125,5896,1390,1264.1,970,1362.5,111.492,189.656,189.375,111.422,123.961,788.494,37.5,9.956,7.06668,10.636,90.75,100,100,0,0.859375,52.1583,23.25,23.25,27
71.8,0,0,0,0,1.31787,0.99997,1.1069,4,0.860353,1,0.820314,0,0.820314,0.818361,0,4.29688,125.528,118.222,126.472,5899.5,1390,1269.1,970,1357.27,111.984,189.352,189.07,113.766,123.914,788.494,37.5,10.028,7.05868,10.708,90.75,99.6079,100,0,0.609375,52.1583,23.25,23.25,27
71.833,0,0,0,0,1.32666,0.99997,1.10669,4,0.860353,1,0.820314,0,0.820314,0.817384,0,4.29688,126.111,124.389,125.639,5904.25,1390,1266.68,970,1362.5,112.594,190.453,188.789,111.563,123.914,788.494,37.5,10.084,7.11468,10.764,90.75,100,100,0,0.9375,52.1583,23.25,23.25,27
71.866,0,0,0,0,1.33405,0.99997,1.10645,4,0.860353,1,0.820314,0,0.820314,0.82007,0,4.29688,126.167,136.667,125.972,5909,1380,1256.52,970,1370.43,111.609,190.453,188.789,110.766,123.867,789.607,37.5,9.964,7.08268,10.644,90.75,99.6079,100,0,1.10938,52.1583,23.25,23.25,27
71.9,0,0,0,0,1.31934,0.99997,1.10809,4,0.860109,1,0.820314,0,0.820314,0.822023,0,4.29688,126,125.695,125.417,5913.5,1380,1257.54,970,1362.5,111.703,188.766,188.602,111.984,123.867,789.607,37.5,9.996,7.07468,10.684,90.75,99.6079,100,0,1.03125,52.1583,24,24,27
71.933,0,0,0,0,1.32098,0.99997,1.10834,4,0.860109,1,0.820314,0,0.820314,0.822023,0,4.29688,126.333,125.889,125.222,5918.25,1380,1256.99,970,1362.5,111.656,188.578,188.414,110.977,123.844,789.607,37.5,9.988,7.09868,10.676,90.75,100,100,0,0.671875,52.1583,24,24,27
71.966,0,0,0,0,1.3302,0.99997,1.10938,4,0.860109,1,0.820314,0,0.820314,0.822023,0,4.29688,125.695,138.111,126.695,5923,1380,1250.59,970,1375.7,111.023,188.578,188.414,110.602,123.82,789.607,37.5,9.936,7.05601,10.624,90.75,100,100,0,0.890625,52.1583,23.25,23.25,27
72,0,0,0,0,1.31043,0.99997,1.11112,4,0.8584,1,0.820314,0,0.820314,0.822023,0,4.29688,126.972,115.056,126.695,5928.75,1380,1265,970,1359.84,112.43,188.391,188.133,113.227,123.773,789.607,37.5,10.064,7.13868,10.744,90.75,99.6079,100,0,1.21875,52.1583,24,24,27
72.033,0,0,0,0,1.32532,0.99997,1.11099,4,0.8584,1,0.820314,0,0.820314,0.823732,0,4.29688,126.333,131.889,125.833,5934.5,1380,1255.55,970,1365.12,111.516,187.664,187.922,110.906,123.75,789.607,37.5,9.956,7.10134,10.636,90.75,99.6079,100,0,0.5,52.1583,24,24,27
72.066,0,0,0,0,1.32556,0.99997,1.11221,4,0.8584,1,0.820314,0,0.820314,0.821046,0,4.29688,126.167,131.917,124.75,5939.25,1380,1253.13,970,1370.39,111,187.664,187.922,109.031,123.703,790.662,37.5,9.916,7.09068,10.596,90.75,100,100,0,0.8125,52.1583,23.25,23.25,26.25
72.1,0,0,0,0,1.31433,0.99997,1.11316,4,0.856935,1,0.820314,0,0.820314,0.824708,0,4.29688,125.583,126.917,126.028,5946.25,1380,1252.54,970,1365.12,110.93,187.898,187.969,111.539,123.68,790.662,37.5,9.928,7.05601,10.608,90.75,100,100,0,1.09375,52.1583,23.25,23.25,27
72.133,0,0,0,0,1.32452,0.99997,1.11429,4,0.856935,1,0.820314,0,0.820314,0.825685,0,4.29688,126.222,130.889,126.278,5948.75,1380,1252.38,970,1373.01,110.93,187.945,187.453,108.867,123.703,790.662,37.5,9.928,7.10401,10.608,90.75,100,100,0,0.546875,52.1583,23.25,23.25,27
72.166,0,0,0,0,1.3277,0.99997,1.11646,4,0.856935,1,0.820314,0,0.820314,0.824708,0,4.29688,126.75,131.195,125.222,5953.5,1380,1254.92,970,1370.39,111.164,187.945,187.453,108.281,123.656,790.662,37.5,9.964,7.14668,10.644,90.75,100,100,0,0.59375,52.1583,23.25,23.25,27
72.2,0,0,0,0,1.31787,0.99997,1.11667,4,0.855958,1,0.820314,0,0.820314,0.821046,0,4.29688,126.222,127.306,126.028,5955.75,1380,1255.12,970,1359.84,111.188,187.43,187.406,111.563,123.609,790.662,37.5,9.98,7.10934,10.66,90.75,100,100,0,0.703125,52.1583,23.25,23.25,27
72.233,0,0,0,0,1.32507,0.99997,1.11783,4,0.855958,1,0.820314,0,0.820314,0.822023,0,4.29688,125.695,136.556,126.278,5959.25,1380,1248.59,970,1370.39,110.555,187.383,187.289,110.203,123.609,790.662,37.5,9.908,7.06934,10.588,90.75,100,100,0,0.8125,52.1583,23.25,23.25,27
72.266,0,0,0,0,1.31629,0.99997,1.11725,4,0.855958,1,0.820314,0,0.820314,0.821046,0,4.29688,126.556,125.833,126.278,5966.5,1380,1254.22,970,1365.12,111.094,187.383,187.289,110.461,123.586,791.678,37.5,9.94,7.11468,10.62,90.75,100,100,0,0.375,52.1583,23.25,23.25,27
72.3,0,0,0,0,1.31458,0.99997,1.11792,4,0.854982,1,0.820314,0,0.820314,0.825685,0,4.29688,126.972,122.583,126.278,5968.75,1380,1258.59,970,1357.23,111.539,187.266,187.055,111.773,123.539,791.678,37.5,9.992,7.14934,10.68,90.75,100,100,0,0.84375,52.1583,23.25,23.25,27
72.333,0,0,0,0,1.32263,0.99997,1.11945,4,0.854982,1,0.820314,0,0.820314,0.822023,0,4.29688,127.083,128.445,124.778,5973.5,1380,1254.22,970,1365.12,111.117,187.031,186.797,108.469,123.539,791.678,37.5,9.948,7.15734,10.636,90.75,100,100,0,0.515625,52.1583,23.25,23.25,27
72.366,0,0,0,0,1.32062,0.99997,1.121,4,0.854982,1,0.820314,0,0.820314,0.824708,0,4.29688,126.611,130.195,128.389,5978.25,1380,1255.86,970,1365.12,111.258,187.031,186.797,112.5,123.516,791.678,37.5,9.988,7.12801,10.676,90.75,99.6079,100,0,0.765625,52.1583,23.25,23.25,27
72.4,0,0,0,0,1.31513,0.99997,1.12134,4,0.854249,1,0.820314,0,0.820314,0.822023,0,4.29688,127.139,125.722,127.417,5982,1380,1257.38,970,1357.27,111.398,186.773,186.609,113.203,123.469,791.678,37.5,9.996,7.15468,10.692,90.75,100,100,0,0.40625,52.1583,24,24,27
72.433,0,0,0,0,1.31104,0.99997,1.12164,4,0.854249,1,0.820314,0,0.820314,0.819337,0,4.29688,126.972,121.167,126.472,5988,1380,1255.86,970,1359.84,111.258,186.586,186.352,111.469,123.492,791.678,37.5,9.992,7.14401,10.688,90.75,99.6079,100,0,0.6875,52.1583,24,24,27
72.466,0,0,0,0,1.32349,0.99997,1.12149,4,0.854249,1,0.820314,0,0.820314,0.818361,0,4.29688,127.139,131.445,127.306,5992.75,1380,1254.77,970,1367.73,111.141,186.586,186.352,110.438,123.469,792.654,37.5,9.976,7.14401,10.672,90.75,100,100,0,0.765625,52.1583,24,24,27
72.5,0,0,0,0,1.31683,0.99997,1.12262,4,0.853761,1,0.820314,0,0.820314,0.825685,0,4.29688,127.5,124.833,126.472,5994,1380,1257.19,970,1357.27,111.375,186.328,186.164,111.492,123.398,792.654,37.5,10.012,7.18134,10.708,90.75,100,100,0,0.609375,52.1583,24,24,27
72.533,0,0,0,0,1.31622,0.99997,1.12238,4,0.853761,1,0.820314,0,0.820314,0.818361,0,4.29688,126.806,128.806,127.111,5997.5,1380,1253.32,970,1357.23,111,186.141,185.953,111.984,123.398,792.654,37.5,9.976,7.12001,10.672,90.75,100,100,0,0.78125,52.1583,24,24,27
72.566,0,0,0,0,1.31891,0.99997,1.12286,4,0.853761,1,0.820314,0,0.820314,0.818361,0,4.29688,127.195,129.861,126.889,6004.75,1380,1252.23,970,1365.08,110.906,186.141,185.953,109.852,123.422,792.654,37.5,9.928,7.14401,10.624,90.75,100,100,0,1.07813,52.1583,24,24,27
72.6,0,0,0,0,1.31043,0.99997,1.12219,4,0.853273,1,0.820314,0,0.820314,0.819337,0,4.29688,127.278,125,126.278,6008.25,1380,1252.23,970,1354.57,110.906,185.93,185.672,111.516,123.516,792.654,38.25,9.924,7.14134,10.612,90.75,100,100,0,0.640625,52.1583,24,24,27
72.633,0,0,0,0,1.3327,0.99997,1.12238,4,0.853273,1,0.820314,0,0.820314,0.822023,0,4.29688,127.195,141.639,125.639,6013,1380,1244.61,970,1380.94,110.18,185.648,185.555,105.609,123.563,792.654,38.25,9.84,7.12801,10.528,90.75,100,100,0,0.75,52.1583,24,24,27
72.666,0,0,0,0,1.2992,0.99997,1.12344,4,0.853273,1,0.820314,0,0.820314,0.819337,0,4.29688,127.389,115.445,126.278,6018,1380,1254.69,970,1354.57,111.188,185.648,185.555,111.914,123.68,793.631,38.25,9.988,7.13868,10.676,90.75,100,100,0,0.75,52.1583,23.25,23.25,27
72.7,0,0,0,0,1.30744,0.99997,1.12381,4,0.853029,1,0.820314,0,0.820314,0.822023,0,4.29688,127.556,118.389,127.556,6021.5,1380,1257.89,970,1354.57,111.492,185.531,185.297,112.594,123.773,793.631,38.25,10.016,7.17334,10.704,90.75,100,100,0,0.890625,52.1583,23.25,23.25,27
72.733,0,0,0,0,1.32452,0.99997,1.12518,4,0.853029,1,0.820314,0,0.820314,0.823732,0,4.29688,127.278,136.195,127.111,6022.75,1380,1247.93,970,1370.39,110.25,184.828,185.133,108.656,123.797,793.631,38.25,9.876,7.13601,10.564,90.75,100,100,0,1.04688,52.1583,23.25,23.25,27
72.766,0,0,0,0,1.31427,0.99997,1.12628,4,0.853029,1,0.820314,0,0.820314,0.821046,0,4.29688,127.833,123.278,127.556,6028.75,1380,1256.64,970,1359.8,111.094,184.828,185.133,110.695,123.797,793.631,38.25,9.984,7.17868,10.672,90.75,99.6079,100,0,1.07813,52.1583,23.25,23.25,27
72.8,0,0,0,0,1.32306,0.99997,1.12491,4,0.852785,1,0.820314,0,0.820314,0.817384,0,4.29688,127.5,136.972,127.306,6030,1380,1248.09,970,1362.5,110.273,185.109,184.852,110.227,123.797,793.631,38.25,9.884,7.14134,10.572,90.75,99.6079,100,0,0.890625,52.1583,23.25,23.25,27
72.833,0,0,0,0,1.30963,0.99997,1.12402,4,0.852785,1,0.820314,0,0.820314,0.812745,0,4.29688,127.445,122.833,126.695,6036,1380,1253.16,970,1354.57,110.789,184.828,184.688,111.141,123.797,793.631,38.25,9.94,7.13068,10.628,90.75,99.6079,100,0,1.0625,52.1583,23.25,23.25,27
72.866,0,0,0,0,1.31537,0.99997,1.12332,4,0.852785,1,0.820314,0,0.820314,0.819337,0,4.29688,127.833,126.445,127.111,6043.5,1380,1254.3,970,1357.23,110.906,184.828,184.688,110.836,123.797,794.529,38.25,9.964,7.13868,10.652,90.75,99.2157,100,0,0.921875,52.1583,23.25,23.25,27
72.9,0,0,0,0,1.31537,0.99997,1.12445,4,0.850831,1,0.820314,0,0.820314,0.822023,0,4.29688,127.556,129.556,126.472,6045.75,1380,1249.14,970,1359.84,110.414,184.664,184.477,109.758,123.797,794.529,38.25,9.916,7.11468,10.628,90.75,100,100,0,0.96875,52.1583,23.25,23.25,27
72.933,0,0,0,0,1.31152,0.99997,1.12528,4,0.850831,1,0.820314,0,0.820314,0.821046,0,4.29688,127.083,130.139,125.833,6049.5,1380,1245.59,970,1357.23,110.063,184.453,184.031,109.805,123.797,794.529,38.25,9.872,7.07468,10.584,90.75,100,100,0,1.07813,52.1583,24,24,27.75
72.966,0,0,0,0,1.30676,0.99997,1.12726,4,0.850831,1,0.820314,0,0.820314,0.823732,0,4.29688,127.333,124.667,126.056,6055.5,1380,1247.3,970,1357.23,110.227,184.453,184.031,109.898,123.82,794.529,38.25,9.908,7.10934,10.62,90.75,100,100,0,0.703125,52.1583,24,24,27.75
73,0,0,0,0,1.30969,0.99997,1.1297,4,0.849611,1,0.820314,0,0.820314,0.827638,0,4.29688,127.139,127,127.972,6056.75,1380,1248.05,970,1362.5,110.32,184.008,183.984,110.414,123.797,794.529,38.25,9.94,7.09601,10.62,90.75,100,100,0,1,52.1583,24,24,27.75
73.033,0,0,0,0,1.30194,0.99997,1.13028,4,0.849611,1,0.820314,0,0.820314,0.823732,0,4.29688,127.889,117.889,127.556,6060.5,1380,1252.23,970,1357.23,110.742,183.961,183.656,111.516,123.82,794.529,38.25,10.016,7.14401,10.696,90.75,100,100,0,0.671875,52.1583,23.25,23.25,27
73.066,0,0,0,0,1.31323,0.99997,1.13135,4,0.849611,1,0.820314,0,0.820314,0.822023,0,4.29688,127.333,131.278,127.972,6066.5,1380,1244.73,970,1370.43,109.992,183.961,183.656,109.664,123.82,795.388,38.25,9.916,7.10934,10.596,90.75,100,100,0,0.84375,52.1583,24,24,27.75
73.1,0,0,0,0,1.30408,0.99997,1.13083,4,0.84839,1,0.820314,0,0.820314,0.819337,0,4.29688,127.611,123.361,127.111,6070.25,1380,1247.89,970,1362.5,110.297,183.633,183.352,111.305,123.82,795.388,39,9.956,7.11468,10.624,90.75,100,100,0,0.921875,52.1583,24,24,27.75
73.133,0,0,0,0,1.31586,0.99997,1.13245,4,0.84839,1,0.820314,0,0.820314,0.825685,0,4.29688,128.25,131.5,127.778,6074,1380,1248.59,970,1375.7,110.391,183.328,183.188,108.563,123.82,795.388,39,9.94,7.14134,10.608,90.75,100,100,0,0.296875,52.1583,23.25,23.25,27
73.166,0,0,0,0,1.31519,0.99997,1.13532,4,0.84839,1,0.820314,0,0.820314,0.829347,0,4.29688,127.972,131.389,127.972,6072.75,1380,1246.8,970,1375.7,110.203,183.328,183.188,109.547,123.82,795.388,39,9.972,7.15201,10.64,90.75,99.6079,100,0,0.65625,52.1583,23.25,23.25,27
73.2,0,0,0,0,1.31397,0.99997,1.1377,4,0.849855,1,0.820314,0,0.820314,0.825685,0,4.29688,127.5,135.167,127.111,6077.75,1380,1240.9,970,1375.7,109.617,183.164,183.023,109.547,123.82,795.388,39,9.94,7.12268,10.608,90.75,100,100,0,0.6875,52.1583,24,24,27.75
73.233,0,0,0,0,1.28992,0.99997,1.13956,4,0.849855,1,0.820314,0,0.820314,0.827638,0,4.29688,128.611,114.611,127.778,6082.5,1380,1256.37,970,1357.23,111.117,183,182.766,113.531,123.82,795.388,39,10.18,7.22134,10.848,90.75,100,100,0,0.46875,52.1583,24,24,27.75
73.266,0,0,0,0,1.30988,0.99997,1.14136,4,0.849855,1,0.820314,0,0.820314,0.826661,0,4.29688,128.361,125.972,126.889,6085,1380,1248.2,970,1370.43,110.297,183,182.766,109.57,123.82,796.424,39,10.064,7.20801,10.732,90.75,100,100,0,0.5,52.1583,23.25,23.25,27
73.3,0,0,0,0,1.30072,0.99997,1.14227,4,0.848634,1,0.820314,0,0.820314,0.825685,0,4.29688,128.417,116.695,127.306,6088.75,1380,1252.23,970,1359.84,110.695,182.742,182.555,111.328,123.82,796.424,39,10.128,7.20001,10.808,90.75,100,100,0,0.46875,52.1583,23.25,23.25,27.75
73.333,0,0,0,0,1.30908,0.99997,1.14093,4,0.848634,1,0.820314,0,0.820314,0.816408,0,4.29688,128.833,122.806,127.111,6091.25,1380,1251.72,970,1362.5,110.648,182.531,182.438,110.203,123.82,796.424,39,10.128,7.24268,10.808,90.75,100,100,0,0.46875,52.1583,23.25,23.25,27
73.366,0,0,0,0,1.30292,0.99997,1.13751,4,0.848634,1,0.820314,0,0.820314,0.809083,0,4.29688,129.056,116.861,126.695,6098.75,1380,1253.63,970,1351.91,110.836,182.531,182.438,111.398,123.82,796.424,39,10.116,7.22668,10.796,90.75,100,100,0,1.09375,52.1583,24,24,27
73.4,0,0,0,0,1.32257,0.99997,1.1348,4,0.850099,1,0.820314,0,0.820314,0.809083,0,4.29688,128.028,140.611,127.306,6102.5,1380,1240.51,970,1373.01,109.547,182.414,182.227,108.398,123.82,796.424,39,9.916,7.13868,10.612,90.75,100,100,0,0.359375,52.1583,24,24,27.75
73.433,0,0,0,0,1.29785,0.99997,1.13162,4,0.850099,1,0.820314,0,0.820314,0.808107,0,4.29688,129,115.333,127.306,6105,1380,1251.88,970,1354.57,110.648,182.203,182.227,111.094,123.82,796.424,39,10.052,7.16801,10.748,90.75,100,100,0,0.875,52.1583,23.25,23.25,27
73.466,0,0,0,0,1.29657,0.99997,1.12964,4,0.850099,1,0.820314,0,0.820314,0.81006,0,4.29688,127.889,115.222,127.778,6117.25,1380,1252.89,970,1351.95,110.766,182.203,182.227,113.109,123.844,797.224,39,10.024,7.13334,10.72,90.75,100,100,0,1.07813,52.1583,24,24,27.75
73.5,0,0,0,0,1.32495,0.99997,1.13001,4,0.850831,1,0.820314,0,0.820314,0.815675,0,4.29688,129.222,139.056,129.056,6118.5,1380,1244.1,970,1378.36,109.898,182.203,182.133,108.211,123.82,797.224,39,9.944,7.16001,10.612,90.75,100,100,0,0.375,52.1583,23.25,23.25,27
73.533,0,0,0,0,1.30029,0.99997,1.13052,4,0.850831,1,0.820314,0,0.820314,0.822023,0,4.29688,128.833,118.833,127.972,6124.75,1380,1251.99,970,1354.57,110.391,181.664,181.992,112.758,123.844,797.224,39,9.984,7.12534,10.652,90.75,100,100,0,0.671875,52.1583,24,24,27.75
73.566,0,0,0,0,1.31018,0.99997,1.13297,4,0.850831,1,0.820314,0,0.820314,0.822999,0,4.29688,128.667,127.056,129.056,6129.75,1390,1250.47,970,1365.12,110.273,181.664,181.992,111.281,123.844,797.224,39,10.02,7.12268,10.688,90.75,100,100,0,0.828125,52.1583,24,24,27.75
73.6,0,0,0,0,1.30347,0.99997,1.13397,4,0.847902,1,0.820314,0,0.820314,0.824708,0,4.29688,129.111,115.833,127.111,6129.75,1390,1254.22,970,1357.23,110.625,181.969,181.898,110.484,123.844,797.224,39,10.1,7.17334,10.78,90.75,100,100,0,0.5625,52.1583,23.25,23.25,27
73.633,0,0,0,0,1.31806,0.99997,1.13587,4,0.847902,1,0.820314,0,0.820314,0.822023,0,4.29688,129.056,130.75,127.556,6132.25,1390,1250.16,970,1362.5,110.227,181.875,181.758,109.641,123.844,797.224,39,10.052,7.16801,10.732,90.75,100,100,0,0.15625,52.1583,24,24,27.75
73.666,0,0,0,0,1.31909,0.99997,1.13446,4,0.847902,1,0.820314,0,0.820314,0.815675,0,4.29688,128.528,136.556,128.389,6139.75,1390,1245.35,970,1367.77,109.781,181.875,181.758,109.875,123.844,798.201,39,9.972,7.12534,10.652,90.75,100,100,0,0.78125,52.1583,24,24,27.75
73.7,0,0,0,0,1.29858,0.99997,1.13352,4,0.84546,1,0.820314,0,0.820314,0.816408,0,4.29688,128.528,115.389,128.389,6138.5,1390,1255.7,970,1354.61,110.789,181.734,181.57,112.711,123.844,798.201,39,10.084,7.09868,10.764,90.75,100,100,0,0.53125,52.1583,24,24,27.75
73.733,0,0,0,0,1.31958,0.99997,1.13104,4,0.84546,1,0.820314,0,0.820314,0.81006,0,4.29688,128.889,135.695,129.695,6142.5,1390,1246.17,970,1373.05,109.852,181.547,181.5,109.898,123.844,798.201,39,9.952,7.10934,10.632,90.75,100,100,0,0.328125,52.1583,24,24,27.75
73.766,0,0,0,0,1.3208,0.99997,1.12927,4,0.84546,1,0.820314,0,0.820314,0.814699,0,4.29688,128.722,138.639,128.195,6142.5,1390,1241.6,970,1380.98,109.43,181.547,181.5,108.094,123.844,798.201,39,9.884,7.06668,10.564,90.75,100,100,0,0.484375,52.1583,24,24,27.75
73.8,0,0,0,0,1.31079,0.99997,1.12808,4,0.845216,1,0.820314,0,0.820314,0.814699,0,4.29688,128.945,130.056,129.472,6150,1390,1246.25,970,1375.7,109.875,181.477,181.453,110.508,123.844,798.201,39,9.936,7.07468,10.616,90.75,100,100,0,0.515625,52.1583,24,24,27
73.833,0,0,0,0,1.30322,0.99997,1.12814,4,0.845216,1,0.820314,0,0.820314,0.815675,0,4.29688,130.611,115.75,130.583,6156.25,1390,1258.98,970,1365.12,111.117,181.43,181.336,111.258,123.844,798.201,39,10.104,7.17868,10.784,90.75,99.6079,100,0,0.671875,52.1583,23.25,23.25,26.25
73.866,0,0,0,0,1.31445,0.99997,1.12814,4,0.845216,1,0.820314,0,0.820314,0.818361,0,4.29688,129.222,132.333,129.056,6158.75,1390,1248.13,970,1367.77,110.039,181.43,181.336,111.68,123.844,799.119,39,9.944,7.07201,10.624,90.75,99.6079,100,0,0.09375,52.1583,24,24,27.75
73.9,0,0,0,0,1.30786,0.99997,1.12677,4,0.843263,1,0.820314,0,0.820314,0.812745,0,4.29688,130.556,118.417,130.583,6169,1390,1258.52,970,1359.84,111.047,181.313,181.289,112.219,123.844,799.119,39,10.084,7.16001,10.78,90.75,100,100,0,0.65625,52.1583,23.25,23.25,27
73.933,0,0,0,0,1.31921,0.99997,1.12732,4,0.843263,1,0.820314,0,0.820314,0.816408,0,4.29688,129.806,132.75,129.278,6170.25,1390,1249.49,970,1373.01,110.18,181.266,181.195,109.5,123.844,799.119,39,10,7.10134,10.696,90.75,99.2157,100,0,0.515625,52.1583,23.25,23.25,27.75
73.966,0,0,0,0,1.3064,0.99997,1.12537,4,0.843263,1,0.820314,0,0.820314,0.814699,0,4.29688,130.222,119.361,128.861,6176.5,1390,1253.44,970,1359.84,110.555,181.266,181.195,110.086,123.844,799.119,39,10.044,7.14668,10.74,90.75,100,100,0,0.328125,52.1583,23.25,23.25,27
74,0,0,0,0,1.31641,0.99997,1.1254,4,0.843507,1,0.820314,0,0.820314,0.816408,0,4.29688,129.472,133.528,128.389,6179,1390,1246.13,970,1362.54,109.828,181.172,181.055,109.781,123.844,799.119,39,9.924,7.07468,10.604,90.75,100,100,0,0.203125,52.1583,24,24,27.75
74.033,0,0,0,0,1.30737,0.99997,1.12457,4,0.843507,1,0.820314,0,0.820314,0.815675,0,4.29688,129.583,125.778,129.278,6183,1390,1247.34,970,1367.73,109.945,181.031,180.867,110.414,123.844,799.119,39,9.936,7.05868,10.616,90.75,100,100,0,0.46875,52.1583,24,24,27.75
74.066,0,0,0,0,1.30383,0.99997,1.12491,4,0.843507,1,0.820314,0,0.820314,0.818361,0,4.29688,129.945,122.306,128.195,6181.5,1390,1246.17,970,1370.39,109.852,181.031,180.867,108.82,123.844,799.998,39,9.928,7.08801,10.608,90.75,100,100,0,0.390625,52.1583,24,24,27
74.1,0,0,0,0,1.3031,0.99997,1.12625,4,0.843751,1,0.820314,0,0.820314,0.824708,0,4.29688,129.417,124.306,128.861,6184.25,1390,1246.13,970,1365.12,109.852,180.844,180.797,111,123.844,799.998,39,9.94,7.04268,10.62,90.75,100,100,0,0.15625,52.1583,24,24,27.75
74.133,0,0,0,0,1.3064,0.99997,1.12546,4,0.843751,1,0.820314,0,0.820314,0.816408,0,4.29688,130.389,122.528,129.945,6189.25,1390,1251.02,970,1362.5,110.32,180.773,180.68,110.719,123.844,799.998,39,10.008,7.11201,10.688,90.75,99.6079,100,0,0.875,52.1583,24,24,27.75
74.166,0,0,0,0,1.30805,0.99997,1.12549,4,0.843751,1,0.820314,0,0.820314,0.816408,0,4.29688,129.695,128.806,129.945,6194.5,1390,1245.66,970,1367.77,109.828,180.773,180.68,111.258,123.844,799.998,39,9.936,7.04001,10.616,90.75,99.6079,100,0,0.578125,52.1583,24,24,27.75
74.2,0,0,0,0,1.31268,0.99997,1.12418,4,0.843751,1,0.820314,0,0.820314,0.815675,0,4.29688,130.639,131.195,129.945,6198.25,1390,1245.66,970,1370.43,109.828,180.656,180.563,109.734,123.867,799.998,39.75,9.948,7.11201,10.636,90.75,99.6079,100,0,0.265625,52.1583,24,24,27.75
74.233,0,0,0,0,1.30792,0.99997,1.12235,4,0.843751,1,0.820314,0,0.820314,0.811036,0,4.29688,130.111,125.722,129.472,6207.25,1390,1248.44,970,1362.54,110.109,180.539,180.586,110.648,123.867,799.998,39.75,9.96,7.05868,10.648,90.75,99.6079,100,0,0.15625,52.1583,24,24,27.75
74.266,0,0,0,0,1.30859,0.99997,1.11926,4,0.843751,1,0.820314,0,0.820314,0.809083,0,4.29688,129.056,134.556,130.583,6212.25,1390,1241.48,970,1365.16,109.43,180.539,180.586,112.172,123.867,800.857,39.75,9.832,6.95468,10.52,90.75,99.6079,100,0,0.640625,52.1583,24,24,27.75
74.3,0,0,0,0,1.30921,0.99997,1.11929,4,0.843751,1,0.820314,0,0.820314,0.816408,0,4.29688,130.5,126.889,128.389,6212.25,1390,1243.32,970,1373.01,109.617,180.563,180.492,107.039,123.867,800.857,39.75,9.868,7.06134,10.548,90.75,99.6079,100,0,0.1875,52.1583,23.25,23.25,27
74.333,0,0,0,0,1.302,0.99997,1.11957,4,0.843751,1,0.820314,0,0.820314,0.818361,0,4.29688,129.806,125.167,130.139,6220,1390,1245.2,970,1359.88,109.805,180.047,180.234,111.773,123.867,800.857,39.75,9.9,6.98934,10.58,90.75,99.6079,100,0,0.421875,52.1583,24.75,24.75,27.75
74.366,0,0,0,0,1.31598,0.99997,1.1196,4,0.843751,1,0.820314,0,0.820314,0.816408,0,4.29688,130.167,133.472,130.361,6215,1390,1245.27,970,1367.77,109.547,180.047,180.234,109.031,123.867,800.857,39.75,9.856,7.02134,10.536,90.75,100,100,0,0.34375,52.1583,24,24,27.75
74.4,0,0,0,0,1.31525,0.99997,1.1203,4,0.843751,1,0.820314,0,0.820314,0.818361,0,4.29688,129.75,133.361,128.639,6220,1390,1241.37,970,1373.01,109.172,180.211,180.211,107.414,123.867,800.857,39.75,9.824,6.97868,10.512,90.75,100,100,0,0.453125,52.1583,24,24,27.75
74.433,0,0,0,0,1.31629,0.99997,1.12091,4,0.843751,1,0.820314,0,0.820314,0.822023,0,4.29688,130.75,131.528,129.945,6225.25,1390,1244.49,970,1375.66,109.477,180.188,180.023,107.227,123.867,800.857,39.75,9.864,7.03734,10.552,90.75,99.6079,100,0,0.25,52.1583,23.25,23.25,27
74.466,0,0,0,0,1.32172,0.99997,1.12256,4,0.843751,1,0.820314,0,0.820314,0.823732,0,4.29688,130.278,138.695,129.278,6230.5,1390,1240,970,1380.94,109.031,180.188,180.023,106.641,123.867,801.678,39.75,9.832,7.01868,10.52,90.75,100,100,0,0.1875,52.1583,24,24,27.75
74.5,0,0,0,0,1.29688,0.99997,1.12201,4,0.843751,1,0.820314,0,0.820314,0.814699,0,4.29688,130,119.556,128.195,6239.5,1390,1244.57,970,1357.23,109.477,180,180.094,109.828,123.867,801.678,39.75,9.888,7.00534,10.576,90.75,100,100,0,0.40625,52.1583,24,24,27.75
74.533,0,0,0,0,1.31848,0.99997,1.12204,4,0.843751,1,0.820314,0,0.820314,0.816408,0,4.29688,130.056,137.389,130.139,6243.25,1390,1240.35,970,1373.01,109.078,180.07,180.023,107.836,123.867,801.678,39.75,9.86,7.00534,10.548,90.75,99.6079,100,0,0.03125,52.1583,24,24,27.75
74.566,0,0,0,0,1.31177,0.99997,1.1203,4,0.843751,1,0.820314,0,0.820314,0.818361,0,4.29688,130.222,132.083,128.861,6247.25,1390,1241.21,970,1370.43,109.148,180.07,180.023,108.258,123.867,801.678,39.75,9.848,6.99201,10.536,90.75,100,100,0,0.40625,52.1583,24.75,24.75,27.75
74.6,0,0,0,0,1.31152,0.99997,1.12116,4,0.842042,1,0.820314,0,0.820314,0.819337,0,4.29688,130.278,135.722,130.806,6250,1390,1239.92,970,1370.43,109.031,180,179.836,110.602,123.867,801.678,39.75,9.848,6.99468,10.536,90.75,99.6079,100,0,0.171875,52.1583,24,24,27.75
74.633,0,0,0,0,1.3241,0.99997,1.1203,4,0.842042,1,0.820314,0,0.820314,0.817384,0,4.29688,130,144.306,128.861,6244.75,1390,1235.35,970,1383.63,108.586,179.813,179.719,106.336,123.867,801.678,39.75,9.78,6.96801,10.468,90.75,100,100,0,0.375,52.1583,24,24,27.75
74.666,0,0,0,0,1.28973,0.99997,1.11984,4,0.842042,1,0.820314,0,0.820314,0.813722,0,4.29688,131.972,114.611,129.945,6253.75,1390,1258.32,970,1351.95,110.813,179.813,179.719,112.688,123.867,802.459,39.75,10.084,7.09868,10.772,90.75,100,100,0,0.4375,52.1583,24,24,27.75
74.7,0,0,0,0,1.31604,0.99997,1.11987,4,0.840822,1,0.820314,0,0.820314,0.819337,0,4.29688,130.333,138.083,130.75,6253.75,1390,1241.17,970,1373.05,109.148,179.695,179.531,110.086,123.656,802.459,39.75,9.832,6.98134,10.5,90.75,100,100,0,0.359375,52.1583,24.75,24.75,27.75
74.733,0,0,0,0,1.3125,0.99997,1.11728,4,0.840822,1,0.820314,0,0.820314,0.811769,0,4.29688,131.778,126.25,129.945,6257.75,1390,1248.28,970,1370.43,109.828,179.508,179.602,107.813,123.656,802.459,39.75,9.9,7.01334,10.568,90.75,100,100,0,0.078125,52.1583,24.75,24.75,27.75
74.766,0,0,0,0,1.30982,0.99997,1.11759,4,0.840822,1,0.820314,0,0.820314,0.816408,0,4.29688,130.333,132.778,131.472,6269.5,1380,1244.14,970,1359.88,109.43,179.508,179.602,112.125,123.539,802.459,39.75,9.836,6.94668,10.504,90.75,99.6079,100,0,0.765625,52.1583,24,24,27.75
74.8,0,0,0,0,1.30029,0.99997,1.11725,4,0.839845,1,0.820314,0,0.820314,0.818361,0,4.29688,129.528,125.056,130.361,6272,1380,1243.24,970,1365.16,109.359,179.578,179.484,111.375,123.445,802.459,39.75,9.812,6.89334,10.492,90.75,100,100,0,0.421875,52.1583,24,24,27.75
74.833,0,0,0,0,1.31146,0.99997,1.11792,4,0.839845,1,0.820314,0,0.820314,0.819337,0,4.29688,130.445,134.889,130.806,6276,1380,1240.23,970,1373.05,109.102,179.461,179.273,109.57,123.445,802.459,39.75,9.808,6.94668,10.488,90.75,100,100,0,0.234375,52.1583,24,24,27.75
74.866,0,0,0,0,1.31842,0.99997,1.11926,4,0.839845,1,0.820314,0,0.820314,0.822999,0,4.29688,129.056,148.722,129.695,6274.75,1380,1226.02,970,1383.63,107.742,179.461,179.273,108.188,123.445,803.201,39.75,9.652,6.86401,10.332,90.75,100,100,0,0.421875,52.1583,24,24,27.75
74.9,0,0,0,0,1.29083,0.99997,1.11963,4,0.839113,1,0.820314,0,0.820314,0.821046,0,4.29688,130.806,114.667,130.361,6278.75,1380,1244.88,970,1367.81,109.547,179.25,179.227,110.766,123.445,803.201,39.75,9.912,6.98134,10.6,90.75,99.6079,100,0,0.546875,52.1583,24,24,27.75
74.933,0,0,0,0,1.31903,0.99997,1.12277,4,0.839113,1,0.820314,0,0.820314,0.825685,0,4.29688,130.5,141.972,131.889,6281.25,1380,1235.12,970,1386.25,108.633,179.203,179.18,108.117,123.445,803.201,39.75,9.832,6.96001,10.52,90.75,100,100,0,0.5,52.1583,24,24,27.75
74.966,0,0,0,0,1.31525,0.99997,1.12277,4,0.839113,1,0.820314,0,0.820314,0.822023,0,4.29688,132.139,129.472,131.889,6293.25,1380,1246.8,970,1378.32,109.758,179.203,179.18,107.531,123.234,803.201,39.75,10,7.08534,10.688,90.75,99.6079,100,0,-0.109375,52.1583,23.25,23.25,26.25
75,0,0,0,0,1.31812,0.99997,1.12299,4,0.83838,1,0.820314,0,0.820314,0.819337,0,4.29688,130.972,142.722,130.361,6295.75,1380,1236.64,970,1373.05,108.773,179.156,179.086,109.828,123.234,803.201,39.75,9.844,6.99734,10.54,91.5,100,100,0,0.734375,52.1583,24.75,24.75,27.75
75.033,0,0,0,0,1.30835,0.99997,1.12308,4,0.83838,1,0.820314,0,0.820314,0.821046,0,4.29688,131.833,126.861,130.806,6295.75,1380,1245.74,970,1373.01,109.641,179.063,178.945,108.961,123.234,803.201,39.75,9.972,7.05868,10.668,91.5,100,100,0,0.359375,52.1583,24.75,24.75,27.75
75.066,0,0,0,0,1.31116,0.99997,1.12051,4,0.83838,1,0.820314,0,0.820314,0.811769,0,4.29688,132.139,128.139,131.472,6297,1380,1248.36,970,1367.77,109.875,179.063,178.945,109.898,123.117,803.924,39.75,9.976,7.05868,10.672,91.5,100,100,0,-0.015625,52.1583,23.25,23.25,27.75
75.1,0,0,0,0,1.32636,0.99997,1.11954,4,0.837892,1,0.820314,0,0.820314,0.811036,0,4.29688,131.945,144.528,130.583,6297,1380,1236.05,970,1383.59,108.68,178.922,178.758,105.984,123.117,803.924,39.75,9.8,7.00801,10.488,91.5,100,100,0,0.421875,52.1583,24,24,27.75
75.133,0,0,0,0,1.31104,0.99997,1.11334,4,0.837892,1,0.820314,0,0.820314,0.799073,0,4.29688,129.945,142,131.695,6305,1380,1232.27,970,1378.36,108.305,178.313,178.781,110.578,123.117,803.924,39.75,9.676,6.85868,10.364,91.5,100,100,0,0.703125,52.1583,24,24,27.75
75.166,0,0,0,0,1.30426,0.99997,1.11108,4,0.837892,1,0.820314,0,0.820314,0.811036,0,4.29688,132.083,121.333,131.028,6313,1380,1249.26,970,1367.81,109.688,178.313,178.781,109.477,123.023,803.924,39.75,9.868,7.00268,10.556,91.5,100,100,0,0.421875,52.1583,23.25,23.25,27.75
75.2,0,0,0,0,1.31159,0.99997,1.10886,4,0.837648,1,0.820314,0,0.820314,0.815675,0,4.29688,131.389,133.028,131.028,6318.25,1380,1242.77,970,1367.81,109.078,178.758,178.734,109.734,122.461,803.924,39.75,9.748,6.90668,10.436,90.75,100,100,0,-0.09375,52.1583,23.25,23.25,27.75
75.233,0,0,0,0,1.30805,0.99997,1.10834,4,0.837648,1,0.820314,0,0.820314,0.811036,0,4.29688,131.028,132.639,130.806,6325,1380,1239.02,970,1367.81,108.703,178.711,178.43,109.313,122.461,803.924,39.75,9.716,6.87734,10.404,90.75,100,100,0,0.609375,52.1583,23.25,23.25,27.75
75.266,0,0,0,0,1.30988,0.99997,1.11014,4,0.837648,1,0.820314,0,0.820314,0.82007,0,4.29688,131.611,131.889,131.25,6318.25,1380,1239.8,970,1375.66,108.797,178.711,178.43,107.953,122.789,804.646,39.75,9.752,6.91468,10.44,90.75,100,100,0,0.703125,52.1583,24,24,27.75
75.3,0,0,0,0,1.3042,0.99997,1.11054,4,0.837159,1,0.820314,0,0.820314,0.823732,0,4.29688,132.195,122.278,130.806,6323.75,1380,1245.82,970,1365.12,109.383,178.406,178.453,108.023,122.789,804.646,40.5,9.82,6.95734,10.508,91.5,99.6079,100,0,0.125,52.1583,23.25,23.25,27.75
75.333,0,0,0,0,1.31433,0.99997,1.11209,4,0.837159,1,0.820314,0,0.820314,0.821046,0,4.29688,131.945,134.25,132.111,6327.75,1380,1241.56,970,1370.43,108.961,178.43,178.383,108.023,122.789,804.646,40.5,9.784,6.93068,10.472,91.5,100,100,0,0.40625,52.1583,23.25,23.25,27.75
75.366,0,0,0,0,1.30389,0.99997,1.11289,4,0.837159,1,0.820314,0,0.820314,0.818361,0,4.29688,131.028,131.306,130.361,6339.75,1380,1236.64,970,1367.81,108.492,178.43,178.383,109.219,122.578,804.646,40.5,9.74,6.88801,10.428,91.5,100,100,0,0.53125,52.1583,23.25,23.25,27.75
75.4,0,0,0,0,1.29627,0.99997,1.11173,4,0.836915,1,0.820314,0,0.820314,0.816408,0,4.29688,131.333,123.695,129.945,6342.25,1380,1239.88,970,1359.88,108.82,178.359,178.313,109.828,122.578,804.646,40.5,9.768,6.89868,10.464,91.5,100,100,0,0.375,52.1583,23.25,23.25,27.75
75.433,0,0,0,0,1.29761,0.99997,1.11136,4,0.836915,1,0.820314,0,0.820314,0.818361,0,4.29688,130.861,123.806,132.361,6338.25,1380,1242.7,970,1362.54,109.102,178.289,178.148,111.141,122.578,804.646,40.5,9.808,6.90934,10.504,91.5,100,100,0,0.25,52.1583,23.25,23.25,27.75
75.466,0,0,0,0,1.30383,0.99997,1.11243,4,0.836915,1,0.820314,0,0.820314,0.823732,0,4.29688,131.778,129.306,129.056,6342.25,1380,1237.93,970,1365.16,108.633,178.289,178.148,108.141,122.578,805.506,40.5,9.748,6.90401,10.444,91.5,100,100,0,0.375,52.1583,23.25,23.25,27.75
75.5,0,0,0,0,1.30658,0.99997,1.11395,4,0.836915,1,0.820314,0,0.820314,0.822023,0,4.29688,131.833,132.528,131.833,6345,1380,1237.11,970,1370.43,108.563,178.125,177.984,108.516,122.461,805.506,40.5,9.756,6.91201,10.444,91.5,100,100,0,0.4375,52.1583,23.25,23.25,27.75
75.533,0,0,0,0,1.30664,0.99997,1.11444,4,0.836915,1,0.820314,0,0.820314,0.82007,0,4.29688,130.972,136.195,131.667,6355.75,1380,1235.59,970,1370.43,108.422,177.961,178.008,110.438,122.461,805.506,40.5,9.716,6.86934,10.404,91.5,100,100,0,0.640625,52.1583,23.25,23.25,27.75
75.566,0,0,0,0,1.31342,0.99997,1.11386,4,0.836915,1,0.820314,0,0.820314,0.818361,0,4.29688,131.611,137.861,130.361,6359.75,1380,1234.3,970,1378.36,108.305,177.961,178.008,106.664,122.367,805.506,40.5,9.724,6.90134,10.412,91.5,100,100,0,0.4375,52.1583,24,24,27.75
75.6,0,0,0,0,1.30316,0.99997,1.1163,4,0.834962,1,0.820314,0,0.820314,0.825685,0,4.29688,133.528,124.306,131.667,6361.25,1370,1245.7,970,1362.54,109.406,177.984,177.914,110.625,122.25,805.506,40.5,9.936,6.98934,10.604,91.5,100,100,0,0.5625,52.1583,23.25,23.25,27
75.633,0,0,0,0,1.32257,0.99997,1.11615,4,0.834962,1,0.820314,0,0.820314,0.823732,0,4.29688,131.389,147.472,132.583,6358.5,1370,1232.27,970,1386.25,108.094,177.891,177.75,108.094,122.25,805.506,40.5,9.7,6.88268,10.368,91.5,100,100,0,0.4375,52.1583,23.25,23.25,27
75.666,0,0,0,0,1.30451,0.99997,1.11621,4,0.834962,1,0.820314,0,0.820314,0.815675,0,4.29688,131.278,135.056,132.111,6364,1370,1234.69,970,1380.98,108.352,177.891,177.75,110.625,122.25,806.345,40.5,9.748,6.86134,10.416,91.5,100,100,0,0.703125,52.1583,23.25,23.25,27
75.7,0,0,0,0,1.29724,0.99997,1.11542,4,0.833742,1,0.820314,0,0.820314,0.817384,0,4.29688,133.278,118.528,130.583,6374.75,1370,1243.59,970,1373.05,109.219,177.727,177.75,108.258,122.133,806.345,40.5,9.916,7.00268,10.584,90.75,100,100,0,0.203125,52.1583,23.25,23.25,27.75
75.733,0,0,0,0,1.30676,0.99997,1.11609,4,0.833742,1,0.820314,0,0.820314,0.822999,0,4.29688,132.583,129.667,131.028,6378.75,1370,1240.66,970,1375.7,108.938,177.727,177.516,108.422,122.156,806.345,40.5,9.86,6.95468,10.528,90.75,100,100,0,0.546875,52.1583,23.25,23.25,27.75
75.766,0,0,0,0,1.31281,0.99997,1.11572,4,0.833742,1,0.820314,0,0.820314,0.818361,0,4.29688,131.556,140.417,131.667,6374.75,1370,1233.05,970,1386.25,108.211,177.727,177.516,108.609,122.039,806.345,40.5,9.724,6.88534,10.392,90.75,99.6079,100,0,0.78125,52.1583,23.25,23.25,27.75
75.8,0,0,0,0,1.30792,0.99997,1.11798,4,0.832521,1,0.820314,0,0.820314,0.817384,0,4.29688,132.583,132.611,131.583,6377.5,1370,1236.25,970,1388.91,108.516,177.492,177.469,107.086,122.039,806.345,41.25,9.82,6.94668,10.5,91.5,100,100,0,0.609375,52.1583,23.25,23.25,27.75
75.833,0,0,0,0,1.29346,0.99997,1.11716,4,0.832521,1,0.820314,0,0.820314,0.819337,0,4.29688,133.361,114.945,131.889,6381.5,1370,1246.68,970,1370.47,109.523,177.445,177.469,110.484,122.039,806.345,41.25,9.948,6.99734,10.628,91.5,100,100,0,0.390625,52.1583,23.25,23.25,27.75
75.866,0,0,0,0,1.30451,0.99997,1.11624,4,0.832521,1,0.820314,0,0.820314,0.817384,0,4.29688,131.945,133.195,132.417,6392.25,1370,1239.06,970,1367.81,108.773,177.445,177.469,111.703,121.828,807.127,41.25,9.808,6.89334,10.488,91.5,100,100,0,0.46875,52.1583,23.25,23.25,27.75
75.9,0,0,0,0,1.32221,0.99997,1.11511,4,0.831788,1,0.820314,0,0.820314,0.811036,0,4.29688,133.056,144.083,132.806,6395,1370,1232.19,970,1391.52,108.094,177.445,177.398,105.773,121.805,807.127,41.25,9.744,6.96534,10.432,91.5,100,100,0,0.734375,52.1583,19.5,19.5,19.5
75.933,0,0,0,0,1.30145,0.99997,1.11289,4,0.831788,1,0.820314,0,0.820314,0.811769,0,4.29688,132.667,128.167,132.806,6392.25,1370,1239.06,970,1375.66,108.492,176.953,177.188,109.57,121.828,807.127,41.25,9.76,6.89068,10.448,91.5,100,100,0,0.359375,52.1583,23.25,23.25,27
75.966,0,0,0,0,1.30798,0.99997,1.11057,4,0.831788,1,0.820314,0,0.820314,0.811036,0,4.29688,132.583,132.611,132.583,6397.75,1370,1240.39,970,1375.7,108.633,176.953,177.188,109.617,121.828,807.127,41.25,9.748,6.87734,10.436,91.5,99.6079,100,0,0.5,52.1583,23.25,23.25,27.75
76,0,0,0,0,1.31769,0.99997,1.10758,4,0.831056,1,0.820314,0,0.820314,0.809083,0,4.29688,133.695,139.139,133.222,6402,1370,1238.4,970,1383.63,108.445,177.164,177.164,108.094,121.359,807.127,41.25,9.708,6.90401,10.388,91.5,99.6079,100,0,0.203125,52.1583,17.25,17.25,17.25
76.033,0,0,0,0,1.32324,0.99997,1.10739,4,0.831056,1,0.820314,0,0.820314,0.814699,0,4.29688,132.611,143.278,132.111,6408.75,1370,1235.7,970,1391.56,108.188,177.141,177.164,105.844,121.359,807.127,41.25,9.676,6.86401,10.356,91.5,100,100,0,0.6875,52.1583,17.25,17.25,17.25
76.066,0,0,0,0,1.30579,0.99997,1.10709,4,0.831056,1,0.820314,0,0.820314,0.816408,0,4.29688,133.306,123.5,133.695,6404.75,1370,1249.45,970,1373.05,109.5,177.141,177.164,110.531,121.594,807.888,41.25,9.856,6.93334,10.536,91.5,99.6079,100,0,0.109375,52.1583,23.25,23.25,27.75
76.1,0,0,0,0,1.31836,0.99997,1.1084,4,0.830324,1,0.820314,0,0.820314,0.815675,0,4.29688,134.111,134.639,131.667,6411.5,1370,1243.67,970,1378.32,108.938,177.141,176.906,106.852,121.594,807.888,41.25,9.788,6.94134,10.468,91.5,99.6079,100,0,0.421875,52.1583,20.25,20.25,20.25
76.133,0,0,0,0,1.32691,0.99997,1.10642,4,0.830324,1,0.820314,0,0.820314,0.814699,0,4.29688,133.306,144.583,133.25,6414.25,1370,1239.84,970,1386.25,108.563,176.883,176.906,107.414,121.594,807.888,41.25,9.708,6.87734,10.388,91.5,100,100,0,0.1875,52.1583,23.25,23.25,27.75
76.166,0,0,0,0,1.32092,0.99997,1.10437,4,0.830324,1,0.820314,0,0.820314,0.81006,0,4.29688,133.278,139.5,132.111,6423.75,1370,1238.95,970,1383.63,108.492,176.883,176.906,106.711,121.594,807.888,41.25,9.672,6.86134,10.352,91.5,100,100,0,0.5,52.1583,24,24,27.75
76.2,0,0,0,0,1.31397,0.99997,1.10361,4,0.829835,1,0.820314,0,0.820314,0.814699,0,4.29688,132.778,136.083,133.472,6428,1370,1240.74,970,1380.98,108.68,176.883,176.836,109.078,121.359,807.888,41.25,9.688,6.83201,10.384,91.5,100,100,0,0.375,52.1583,15,15,15
76.233,0,0,0,0,1.31201,0.99997,1.10428,4,0.829835,1,0.820314,0,0.820314,0.819337,0,4.29688,133.695,132.083,132.806,6421,1370,1242.15,970,1383.59,108.82,176.813,176.648,108.281,121.383,807.888,41.25,9.728,6.87468,10.424,91.5,100,100,0,0.328125,52.1583,23.25,23.25,27
76.266,0,0,0,0,1.33624,0.99997,1.10596,4,0.829835,1,0.820314,0,0.820314,0.822023,0,4.29688,132.528,157.167,132.695,6429.25,1370,1226.13,970,1410.04,107.273,176.813,176.648,104.109,121.383,808.65,41.25,9.524,6.79734,10.22,91.5,100,100,0,0.125,52.1583,18,18,18
76.3,0,0,0,0,1.29779,0.99997,1.107,4,0.829591,1,0.820314,0,0.820314,0.818361,0,4.29688,132.889,120.695,132.695,6433.5,1350,1247.15,970,1378.4,109.313,176.625,176.648,111.609,120.023,808.65,41.25,9.808,6.82934,10.476,91.5,100,100,0,0.65625,51.7982,20.25,20.25,20.25
76.333,0,0,0,0,1.30902,0.99997,1.10877,4,0.829591,1,0.820314,0,0.820314,0.824708,0,3.51563,135.195,120.695,133.028,6440.5,1350,1251.45,970,1383.59,109.734,176.625,176.438,107.531,120.023,808.65,41.25,9.948,7.02134,10.616,91.5,100,100,0,0.359375,51.7982,17.25,17.25,17.25
76.366,0,0,0,0,1.32282,0.99997,1.10996,4,0.829591,1,0.820314,0,0.820314,0.825685,0,3.51563,133.306,144.111,134.361,6439,1340,1238.16,970,1394.18,108.422,176.625,176.438,108.844,118.688,808.65,41.25,9.724,6.86401,10.392,91.5,100,100,0,0.015625,51.4381,23.25,23.25,27.75
76.4,0,0,0,0,1.30438,0.99997,1.11017,4,0.829347,1,0.820314,0,0.820314,0.815675,0,1.95313,133.917,123.445,134.361,6444.5,1300,1249.38,970,1383.63,109.477,176.414,176.25,110.766,115.148,808.65,42,9.868,6.90134,10.548,91.5,100,100,0,0.71875,50.3593,23.25,23.25,27.75
76.433,0,0,0,0,1.31012,0.99997,1.10919,4,0.829347,1,0.820314,0,0.820314,0.814699,0,0,133.528,133.806,135.278,6450,1250,1240.23,970,1378.36,108.609,176.227,176.391,108.984,109.617,808.65,42,9.732,6.88268,10.412,91.5,100,100,0,0.734375,48.7403,18,18,18
76.466,0,0,0,0,1.3302,0.99997,1.10758,4,0.829347,1,0.820314,0,0.820314,0.819337,0,0,135.833,135.833,135.222,6455.75,1200,1258.59,970,1399.45,110.391,176.227,176.391,110.531,100.945,809.353,42,10.016,7.03468,10.696,91.5,100,98.4314,0,0.484375,46.2226,18,18,18
76.5,0,0,0,0,1.3277,0.99997,1.1087,4,0.829103,1,0.820314,0,0.820314,0.821046,0,0,134.333,135.25,133.028,6453,1160,1255.55,970,1396.8,110.086,176.367,176.156,110.109,96.5859,809.353,42,9.908,6.90134,10.596,91.5,97.6471,94.1177,0,0.046875,44.9637,23.25,23.25,27
76.533,0,0,0,0,1.33771,0.99997,1.10938,4,0.829103,1,0.820314,0,0.820314,0.821046,0,0,136.667,137.111,133.528,6455.75,1100,1263.91,970,1407.38,110.906,176.133,176.18,111.563,90.5625,809.353,42,10.092,7.06401,10.78,91.5,90.5883,81.9608,0,0.59375,43.3447,18.75,18.75,18.75
76.566,0,0,0,0,1.32514,0.99997,1.11054,4,0.829103,1,0.820314,0,0.820314,0.821046,0,0,134.389,135.139,134.083,6461.25,1010,1246.37,970,1394.14,109.195,176.133,176.18,109.828,81.8672,809.353,42,9.444,6.47734,10.132,91.5,59.6079,45.8824,0,0.484375,40.827,18,18,18
76.6,0,0,0,0,1.36786,0.99997,1.10889,4,0.828859,1,0.820314,0,0.820314,0.812745,0,0,135.889,134.889,131.833,6462.5,970,1255.47,970,1439.1,110.039,176.156,176.227,109.594,76.0078,809.353,42,9.384,6.58934,10.072,91.5,47.451,41.5686,0,0.828125,39.208,23.25,23.25,27
76.633,0,0,0,0,1.40051,0.99997,1.1044,4,0.828859,1,0.820314,0,0.820314,0.799073,0,0,129.361,120.695,126.417,6459.75,970,1190.9,970,1473.44,104.602,177.516,175.992,98.0859,65.6719,809.353,42,8.996,6.42667,9.684,91.5,38.4314,36.0784,0,0.40625,36.1501,24,24,27.75
76.666,0,0,0,0,1.47833,0.99997,1.09396,4,0.828859,1,0.820314,0,0.820314,0.788087,0,0,115.945,101.111,119.389,6450,970,1063.52,970,1555.31,92.3203,177.516,175.992,82.3125,59.7891,809.842,42,7.344,5.52534,8.032,91.5,30.1961,29.0196,0,0.15625,29.6757,25.5,25.5,28.5
76.7,0,0,0,0,1.56622,0.99997,1.0817,4,0.847902,1,0.820314,0,0.820314,0.770753,0,0,104.472,86.8056,106.389,6448.75,970,930.82,970,1647.77,79.5469,175.969,176.344,70.6875,56.6719,809.842,42,6.356,4.66134,7.044,91.5,25.8824,25.098,0,0.515625,23.0213,28.5,28.5,28.5
76.733,0,0,0,0,1.64411,0.99997,1.07172,4,0.847902,1,0.820314,0,0.820314,0.769288,0,0,85.0556,71.5556,91.0834,6444.5,970,806.836,970,1729.69,67.4766,175.898,176.367,58.4531,51.9609,809.842,42,5.144,3.584,5.832,91.5,21.9608,21.9608,0,0.671875,13.669,30,30,30
76.766,0,0,0,0,1.70184,0.99997,1.06561,4,0.847902,1,0.820314,0,0.820314,0.765382,0,0,68.7778,57.8056,71.2501,6412.75,970,675.313,970,1790.43,54.7969,175.898,176.367,47.4141,15.75,809.842,42,3.8,2.62134,4.488,91.5,18.4314,18.0392,0,0.1875,0,7.5,7.5,-24.75
76.8,0,0,0,0,1.71942,0.99997,1.06528,4,0.908449,1,0.820314,0,0.820314,0.751954,0,0,60.5278,28.8889,61.0556,6392.25,970,536.289,970,1808.91,41.3203,176.344,176.883,23.7188,15.75,809.842,42.75,2.312,2.06934,2.992,91.5,10.5882,7.05883,0,-0.015625,0,7.5,7.5,-23.25
76.833,0,0,0,0,1.737,0.99997,1.05783,4,0.908449,1,0.820314,0,0.820314,0.744874,0,0,35.0278,15.9722,42.1389,6349,970,364.063,970,1827.42,24.6094,176.859,177.984,13.2422,15.75,809.842,42.75,1.356,0.981335,2.036,91.5,5.4902,7.05883,0,0.6875,0,12,12,-17.25
76.866,0,0,0,0,1.68176,0.99997,1.04349,4,0.908449,1,0.820314,0,0.820314,0.759034,0,0,20.7222,16.7222,34.6945,6247.25,970,284.492,970,1769.3,16.8984,176.859,177.984,14.0859,15.75,803.631,42.75,1.108,0.738668,1.788,91.5,6.27451,7.05883,0,0.28125,0,15,15,-15
76.9,0,0,0,0,1.59888,0.99997,1.0538,4,0.965822,1,0.820314,0,0.820314,0.879152,0,0,18.6111,15.6667,34.6945,6263,970,261.094,970,1682.11,14.6484,177.961,180.141,13.1484,15.75,803.631,42.75,1.032,0.685334,1.72,91.5,5.88235,6.66667,0,0.046875,0,16.5,16.5,-14.25
76.933,0,0,0,0,1.53357,0.99997,1.07687,4,0.965822,1,0.820314,0,0.820314,0.966066,0,0,16.0278,14.9445,34.3889,6195.75,970,249.102,970,1613.44,13.4766,180.117,180.656,12.6563,15.75,803.631,42.75,1.096,0.720001,1.784,91.5,5.88235,7.05883,0,0.71875,0,16.5,16.5,-13.5
76.966,0,0,0,0,1.47333,0.99997,1.10971,4,0.965822,1,0.820314,0,0.820314,0.976076,0,0,15.3333,15.6945,31.9722,6157.5,970,245.703,970,1550.04,13.1719,180.117,180.656,13.3828,15.75,803.631,42.75,1.168,0.760001,1.856,91.5,6.66667,7.45098,0,0.5625,0,15.75,15.75,-12.75
77,0,0,0,0,1.43567,0.99997,1.11728,4,1,1,0.820314,0,0.820314,0.856935,0,0,15.6111,16.3056,30.6945,6103.75,970,249.961,970,1510.43,13.5703,180.633,181.359,14.0156,15.75,803.631,42,1.192,0.765334,1.872,91.5,7.05883,7.45098,0,0.25,0,15.75,15.75,-12.75
77.033,0,0,0,0,1.40552,0.99997,1.12174,4,1,1,0.820314,0,0.820314,0.787355,0,0,16.1389,16.5,28.0278,6063,970,254.258,970,1478.71,14.0156,181.336,183.117,14.2969,15.75,803.631,42,1.208,0.773334,1.888,91.5,7.45098,7.84314,0,0.609375,0,15.75,15.75,-12.75
77.066,0,0,0,0,1.37042,0.99997,1.09482,4,1,1,0.820314,0,0.820314,0.739259,0,0,16.3611,16.8611,25.1667,6039.75,970,256.563,970,1441.76,14.25,181.336,183.117,14.625,15.75,802.635,42,1.208,0.768001,1.888,91.5,7.45098,7.84314,0,0.8125,0,15.75,15.75,-13.5
77.1,0,0,0,0,1.34528,0.99997,1.06821,4,1.0188,1,0.820314,0,0.820314,0.729982,0,0,16.5278,16.75,23.5556,6004.75,970,258.906,970,1415.31,14.4844,183.094,184.359,14.625,15.75,802.635,41.25,1.204,0.768001,1.884,91.5,7.84314,8.2353,0,0.5,0,15.75,15.75,-12
77.133,0,0,0,0,1.32514,0.99997,1.04559,4,1.0188,1,0.820314,0,0.820314,0.732911,0,0,16.6667,16.8889,19.8056,5988,970,260.313,970,1394.18,14.625,184.336,185.672,14.7891,15.75,802.635,41.25,1.192,0.760001,1.872,91.5,7.84314,8.2353,0,0.609375,0,15.75,15.75,-12
77.166,0,0,0,0,1.30005,0.99997,1.0267,4,1.0188,1,0.820314,0,0.820314,0.747071,0,0,16.8333,17.0556,21.5278,5955.75,970,262.305,970,1367.77,14.8125,184.336,185.672,15,15.75,802.635,41.25,1.188,0.757334,1.868,91.5,8.2353,8.2353,0,0.875,0,15,15,-13.5
77.2,0,0,0,0,1.28754,0.99997,1.02054,4,1.02905,1,0.820314,0,0.820314,0.766114,0,0,17,17.3889,20.3611,5935.75,970,265.43,970,1354.57,15.1172,185.648,187.125,15.3516,15,802.635,40.5,1.204,0.762668,1.884,91.5,8.2353,8.2353,0,1.07813,0,14.25,14.25,-12.75
77.233,0,0,0,0,1.27496,0.99997,1.01831,4,1.02905,1,0.820314,0,0.820314,0.781007,0,0,17.1667,17.2222,21.5556,5909,970,266.484,970,1341.37,15.1875,186.656,188.414,15.2813,15,802.635,40.5,1.204,0.770668,1.884,91.5,8.62745,8.2353,0,0.40625,0,14.25,14.25,-12.75
77.266,0,0,0,0,1.25995,0.99997,1.02738,4,1.02905,1,0.820314,0,0.820314,0.82007,0,0,17,16.8333,21.9445,5876.5,970,265.938,970,1325.51,15.1406,186.656,188.414,15.0234,15,802.928,40.5,1.212,0.768001,1.892,91.5,8.2353,8.2353,0,0.765625,0,14.25,14.25,-12.75
77.3,0,0,0,0,1.25739,0.99997,1.03522,5,1.03784,1,0.820314,0,0.820314,0.842286,0,0,16.7778,16.5,20.0278,5851.25,970,263.438,970,1322.85,14.9063,188.391,189.844,14.7891,15,802.928,40.5,1.204,0.762668,1.892,91.5,8.2353,8.2353,0,0.828125,0,15,15,-12
77.333,0,0,0,0,1.24237,0.99997,1.04453,5,1.03784,1,0.820314,0,0.820314,0.853273,0,0,16.4722,16.2778,21.1667,5833,970,262.305,970,1307.03,14.7891,189.82,191.297,14.625,15,802.928,40.5,1.212,0.770668,1.9,91.5,8.2353,8.2353,0,0.375,0,14.25,14.25,-12.75
77.366,0,0,0,0,1.2323,0.99997,1.05997,5,1.03784,1,0.820314,0,0.820314,0.861574,0,0,16.25,16.3333,20.8889,5795.75,970,261.875,970,1296.45,14.7422,189.82,191.297,14.7656,15,802.928,40.5,1.232,0.778668,1.92,91.5,8.2353,8.2353,0,0.328125,0,14.25,14.25,-12
77.4,0,0,0,0,1.22723,0.99997,1.06809,5,1.04639,1,0.820314,0,0.820314,0.861574,0,0,16.1945,16.25,19.9445,5773.5,970,261.602,970,1291.17,14.7188,191.273,192.797,14.7422,15,802.928,39.75,1.252,0.786668,1.932,91.5,8.2353,8.2353,0,1.07813,0,14.25,14.25,-12
77.433,0,0,0,0,1.21973,0.99997,1.07831,5,1.04639,1,0.820314,0,0.820314,0.869874,0,0,16.1945,16.25,19.7778,5744.75,970,262.188,970,1283.24,14.7891,192.773,194.203,14.8359,15,802.928,39.75,1.264,0.802668,1.944,91.5,8.2353,8.2353,0,0.40625,0,14.25,14.25,-11.25
77.466,0,0,0,0,1.20966,0.99997,1.08991,5,1.04639,1,0.820314,0,0.820314,0.878175,0,0,16.0833,16.1389,20.1945,5716.25,970,262.07,970,1272.7,14.7656,192.773,194.203,14.7891,15,802.83,39.75,1.28,0.808001,1.96,91.5,8.2353,8.2353,0,0.21875,0,13.5,13.5,-12
77.5,0,0,0,0,1.20215,0.99997,1.09772,5,1.05054,1,0.820314,0,0.820314,0.877199,0,0,16.0833,16.0556,20.1389,5696.75,970,262.031,970,1264.77,14.7656,194.18,195.094,14.7656,15,802.83,39.75,1.288,0.810668,1.984,92.25,8.2353,8.2353,0,0.640625,0,13.5,13.5,-12
77.533,0,0,0,0,1.19708,0.99997,1.10614,5,1.05054,1,0.820314,0,0.820314,0.875245,0,0,16.0278,16.0556,19.25,5673,970,262.539,970,1259.45,14.8125,195.07,195.867,14.8359,15,802.83,39.75,1.3,0.824001,1.996,92.25,8.2353,8.2353,0,0.609375,0,13.5,13.5,-12
77.566,0,0,0,0,1.18964,0.99997,1.11606,5,1.05054,1,0.820314,0,0.820314,0.87256,0,0,15.9445,15.9445,19.8333,5649.5,970,262.266,970,1251.56,14.7891,195.07,195.867,14.7891,15,802.83,39.75,1.308,0.829334,2.004,92.25,8.2353,8.2353,0,0.640625,0,13.5,13.5,-12
77.6,0,0,0,0,1.18457,0.99997,1.1221,5,1.0564,1,0.820314,0,0.820314,0.869874,0,0,15.8889,15.8889,18.1945,5626.25,970,262.266,970,1246.25,14.7891,195.844,196.523,14.8125,15,802.83,39.75,1.32,0.832001,2,92.25,8.2353,8.2353,0,0.90625,0,13.5,13.5,-12
77.633,0,0,0,0,1.17951,0.99997,1.12647,5,1.0564,1,0.820314,0,0.820314,0.864259,0,0,15.8333,15.8056,19.3333,5604.25,970,262.305,970,1240.98,14.7891,196.031,197.109,14.7891,15,802.83,39.75,1.32,0.837334,2,92.25,8.2353,8.2353,0,0.890625,0,13.5,13.5,-12
77.666,0,0,0,0,1.172,0.99997,1.13257,5,1.0564,1,0.820314,0,0.820314,0.858888,0,0,15.7778,15.8333,18.4167,5574,970,262.969,970,1233.05,14.8359,196.031,197.109,14.8828,15,802.888,39.75,1.332,0.845334,2.012,92.25,8.62745,8.2353,0,1.28125,0,12.75,12.75,-11.25
77.7,0,0,0,0,1.16956,0.99997,1.13614,5,1.06348,1,0.820314,0,0.820314,0.855958,0,0,15.7778,15.8056,18.0556,5558.5,970,263.125,970,1230.43,14.8594,197.086,197.578,14.8828,15,802.888,39.75,1.336,0.848001,2.024,91.5,8.62745,8.2353,0,1.14063,0,12.75,12.75,-11.25
77.733,0,0,0,0,1.16449,0.99997,1.13934,5,1.06348,1,0.820314,0,0.820314,0.853273,0,0,15.6667,15.6945,17.8333,5539,970,263.086,970,1225.12,14.8359,197.555,198.117,14.8359,15,802.888,39.75,1.336,0.848001,2.024,91.5,8.2353,8.62745,0,0.640625,0,12.75,12.75,-11.25
77.766,0,0,0,0,1.15942,0.99997,1,5,1.06348,1,0.820314,0,0.820314,0.852296,0,0,15.6111,15.7222,17.3889,5510.5,970,263.203,970,1219.84,14.8594,197.555,198.117,14.9297,15,802.888,39.75,1.18,0.746668,1.868,91.5,8.62745,8.62745,0,0.78125,0,12.75,12.75,-12
77.8,0,0,0,0,1.15442,0.99997,1,5,1.0669,1,0.820314,0,1.04688,0.85132,0,0,15.6111,15.6389,17.5556,5477.25,970,263.359,970,1214.57,14.9063,198.047,198.563,14.9297,14.25,802.888,39.75,0.936,0.746668,1.616,92.25,8.62745,8.62745,0,0.546875,0,12.75,12.75,50.25
77.833,0,0,0,0,1.1507,0.99997,1,5,1.0669,1,0.820314,0,1.04688,0.848634,0,0,15.4445,15.5278,16.0833,5438.5,970,263.398,970,1209.3,14.9063,198.234,198.844,14.9297,14.25,802.888,39.75,0.932,0.586667,1.612,92.25,8.62745,8.62745,0,0.546875,0,12,12,50.25
77.866,0,0,0,0,1.15015,0.99997,1,5,1.0669,1,0.820314,0,1.04688,0.921144,0,0,15.3056,15.0556,16.25,5368.5,970,261.719,970,1203.98,14.9063,198.234,198.844,14.6719,14.25,797.81,39.75,0.924,0.576001,1.604,92.25,8.2353,7.84314,0,0.21875,0,12,12,49.5
77.9,0,0,0,0,1.15131,0.99997,1,5,1.06738,1,0.820314,0,1.04688,1.08057,0,0,15.1389,14.5833,15,5313.25,970,257.422,970,1201.37,14.6719,198.633,198.984,14.3672,14.25,797.81,39.75,0.92,0.573334,1.6,92.25,7.84314,7.84314,0,0.71875,0,11.25,11.25,49.5
77.933,0,0,0,0,1.1488,0.99997,1,5,1.06738,1,0.820314,0,1.04688,1.52417,0,0,14.8611,14.5,15.0556,5269.5,970,260.938,970,1196.05,15.1875,198.75,199.172,16.0547,14.25,797.81,39.75,0.992,0.589334,1.672,92.25,7.84314,7.84314,0,0.703125,0,11.25,11.25,48.75
77.966,0,0,0,0,1.14966,0.99997,1,5,1.06738,1,0.820314,0,1.04688,2.13379,0,0,15.1389,14.3889,14.5,5200,970,261.602,970,1193.44,15.2578,198.75,199.172,15.2344,14.25,797.81,39.75,0.98,0.597334,1.66,92.25,7.84314,7.84314,0,1,0,9.75,9.75,48
78,0,0,0,0,1.14911,0.99997,1,5,1.07544,1,0.820314,0,1.04688,2.55323,0,0,15.25,14.3056,15.2222,5155.5,970,263.477,970,1190.78,15.6328,198.984,199.313,15.9844,14.25,797.81,39.75,1.012,0.613334,1.692,92.25,7.84314,7.84314,0,0.34375,0,9.75,9.75,48.75
78.033,0,0,0,0,1.15009,0.99997,1,5,1.07544,1,0.820314,0,1.04688,3.18213,0,0,15.1389,14.1667,13.1667,5109.75,970,260.234,970,1188.16,15.3281,198.609,199.477,14.0859,14.25,797.81,39.75,0.952,0.586667,1.632,92.25,7.84314,7.45098,0,0.5,0,9,9,48
78.066,0,0,0,0,1.14533,0.99997,1,5,1.07544,1,0.820314,0,1.04688,3.79737,0,0,14.9722,14.0556,14.8056,5046.25,970,261.797,970,1182.85,15.6094,198.609,199.477,15.9844,14.25,792.888,39.75,1.024,0.618667,1.704,92.25,7.84314,7.45098,0,0.28125,0,9,9,48
78.1,0,0,0,0,1.14777,0.99997,1,5,1.07227,1,0.820314,0,1.04688,4.56641,0,0,14.8611,14,13.3333,4994,970,255.039,970,1182.85,15.1406,199.313,199.641,14.2969,14.25,792.888,39.75,0.96,0.589334,1.628,92.25,7.45098,7.45098,0,0.546875,0,9,9,47.25
78.133,0,0,0,0,1.14569,0.99997,1,5,1.07227,1,0.820314,0,1.04688,4.86646,0,0,14.5556,13.8056,14.1945,4948,970,257.383,970,1180.23,15.3984,198.633,199.641,15.3047,14.25,792.888,39.75,0.996,0.608001,1.664,92.25,7.45098,7.45098,0,0.390625,0,8.25,8.25,47.25
78.166,0,0,0,0,1.14179,0.99997,1,5,1.07227,1,0.820314,0,1.04688,5.00001,0,0,13.9722,13.75,13.0833,4879.5,970,252.852,970,1174.92,14.9531,198.633,199.641,14.6719,14.25,792.888,39.75,0.956,0.573334,1.624,92.25,7.45098,7.45098,0,0.09375,0,8.25,8.25,47.25
78.2,0,0,0,0,1.13965,0.99997,1,5,1.07056,1,0.820314,0,1.04688,5.00001,0,0,13.8056,13.75,14.5278,4841.75,970,256.68,970,1172.3,15.2344,197.977,199.594,16.5234,14.25,792.888,39.75,1.012,0.581334,1.68,92.25,7.45098,7.05883,0,-0.015625,0,9,9,48
78.233,0,0,0,0,1.14044,0.99997,1,5,1.07056,1,0.820314,0,1.04688,5.00001,0,0,13.6389,13.7222,12.5278,4800,970,252.383,970,1172.3,14.8125,197.742,199.547,14.2266,14.25,792.888,39.75,0.936,0.573334,1.604,92.25,7.45098,7.05883,0,-0.3125,0,8.25,8.25,48
78.266,0,0,0,0,1.13501,0.99997,1,5,1.07056,1,0.820314,0,1.04688,5.00001,0,0,13.6389,13.0833,12.7222,4731.75,970,256.172,970,1167.03,15.0703,197.742,199.547,14.6953,14.25,788.24,39.75,0.956,0.597334,1.624,92.25,7.05883,7.05883,0,0.203125,0,7.5,7.5,47.25
78.3,0,0,0,0,1.13477,0.99997,1,5,1.06177,1,0.820314,0,1.04688,5.00001,0,0,13.1111,12.8056,13.2222,4691,970,252.656,970,1167.03,14.6484,197.953,199.477,15.0469,14.25,788.24,39,0.952,0.562667,1.62,92.25,7.05883,7.05883,0,0.21875,0,8.25,8.25,48
78.333,0,0,0,0,1.13287,0.99997,1,5,1.06177,1,0.820314,0,1.04688,5.00001,0,0,13.0556,12.8889,12.9167,4643.75,970,253.633,970,1164.38,14.6484,197.625,199.43,14.9297,14.25,788.24,39,0.94,0.573334,1.608,92.25,7.05883,7.05883,0,-0.203125,0,7.5,7.5,48
78.366,0,0,0,0,1.1286,0.99997,1,5,1.06177,1,0.820314,0,1.04688,5.00001,0,0,12.8333,12.75,12.9445,4588.5,970,255.156,970,1159.1,14.7891,197.625,199.43,15.375,14.25,788.24,39,0.956,0.573334,1.624,92.25,7.05883,7.05883,0,-0.328125,0,7.5,7.5,48
78.4,0,0,0,0,1.13269,0.99997,1,5,1.05518,1,0.820314,0,1.04688,5.00001,0,0,13,12.5833,11.0278,4537,970,251.016,970,1161.72,14.2969,197.578,199.383,12.5391,14.25,788.24,39,0.9,0.592001,1.58,92.25,7.05883,7.05883,0,-0.265625,0,7.5,7.5,48
78.433,0,0,0,0,1.12158,0.99997,1,5,1.05518,1,0.820314,0,1.04688,5.00001,0,0,12.25,12.25,13.5556,4497.75,970,254.648,970,1153.79,14.625,197.555,199.313,16.9453,14.25,788.24,39,0.996,0.573334,1.676,92.25,6.66667,7.05883,0,0.15625,0,6.75,6.75,47.25
78.466,0,0,0,0,1.12579,0.99997,1,5,1.05518,1,0.820314,0,1.04688,5.00001,0,0,12.1389,12.2778,10.3611,4437.75,970,250.43,970,1153.79,14.1563,197.555,199.313,13.0313,14.25,783.767,39,0.9,0.520001,1.58,92.25,6.66667,6.66667,0,-0.109375,0,6.75,6.75,47.25
78.5,0,0,0,0,1.11688,0.99997,1,5,1.04419,1,0.820314,0,1.04688,5.00001,0,0,11.7778,12.0833,13.9445,4394.75,970,262.109,970,1148.52,15.0938,197.719,199.219,17.3906,14.25,783.767,39,1.024,0.554667,1.704,92.25,6.66667,6.66667,0,-0.171875,0,6.75,6.75,47.25
78.533,0,0,0,0,1.12341,0.99997,1,5,1.04419,1,0.820314,0,1.04688,5.00001,0,0,12.1389,11.9722,10.3611,4355.25,970,254.141,970,1151.17,14.2969,197.508,199.102,12.7031,14.25,783.767,39,0.9,0.541334,1.58,92.25,6.66667,6.66667,0,-0.5625,0,6.75,6.75,47.25
78.566,0,0,0,0,1.11536,0.99997,1,5,1.04419,1,0.820314,0,1.04688,5.00001,0,0,12.1945,11.8611,13.1111,4294.75,970,263.281,970,1145.9,15.0938,197.508,199.102,16.4766,14.25,783.767,39,1,0.616001,1.68,92.25,6.66667,6.66667,0,-0.1875,0,6.75,6.75,47.25
78.6,0,0,0,0,1.11536,0.99997,1,5,1.0354,1,0.820314,0,1.04688,5.00001,0,0,11.8889,11.7222,10.5833,4257.5,970,254.609,970,1143.28,14.25,197.461,198.984,14.1094,14.25,783.767,39,0.9,0.544001,1.568,92.25,6.66667,6.66667,0,-0.546875,0,6.75,6.75,47.25
78.633,0,0,0,0,1.11383,0.99997,1,5,1.0354,1,0.820314,0,1.04688,5.00001,0,0,11.8889,11.6111,12.0833,4217,970,261.445,970,1143.24,14.8359,197.063,198.844,15.3047,14.25,783.767,39,0.956,0.597334,1.624,92.25,6.66667,6.27451,0,0.015625,0,6,6,47.25
78.666,0,0,0,0,1.1131,0.99997,1,5,1.0354,1,0.820314,0,1.04688,5.00001,0,0,11.6667,11.5,11.3333,4154.5,970,260.977,970,1140.59,14.6953,197.063,198.844,14.625,14.25,779.666,39,0.932,0.578667,1.6,92.25,6.27451,6.27451,0,-0.546875,0,6,6,47.25
78.7,0,0,0,0,1.11139,0.99997,1,5,1.02832,1,0.820314,0,1.04688,5.00001,0,0,11.5,11.3611,10.6389,4115.75,970,259.766,970,1137.97,14.5078,197.273,198.75,14.25,14.25,779.666,39,0.912,0.568001,1.58,92.25,6.27451,6.27451,0,-0.46875,0,6,6,47.25
78.733,0,0,0,0,1.10529,0.99997,1,5,1.02832,1,0.820314,0,1.04688,5.00001,0,0,10.9722,11.2222,11.1945,4076.5,970,258.125,970,1132.66,14.25,196.969,198.609,15.8438,14.25,779.666,39,0.94,0.541334,1.608,92.25,6.27451,6.27451,0,-0.328125,0,6,6,47.25
78.766,0,0,0,0,1.11047,0.99997,1,5,1.02832,1,0.820314,0,1.04688,5.00001,0,0,11.3889,10.9722,11.3611,4024,970,264.57,970,1135.31,14.8125,196.969,198.609,14.7188,14.25,779.666,39,0.936,0.578667,1.604,92.25,6.27451,6.27451,0,-0.03125,0,6,6,47.25
78.8,0,0,0,0,1.10462,0.99997,1,5,1.02271,1,0.820314,0,1.04688,5.00001,0,0,11.0278,10.9167,10.1667,3984.5,970,260.273,970,1130.04,14.3438,196.875,198.516,14.4141,14.25,779.666,39,0.904,0.544001,1.572,92.25,5.88235,6.27451,0,-0.453125,0,5.25,5.25,47.25
78.833,0,0,0,0,1.10864,0.99997,1,5,1.02271,1,0.820314,0,1.04688,5.00001,0,0,11.25,10.8333,11.6945,3943.5,970,267.383,970,1132.66,14.9531,197.133,198.234,15.1875,14.25,779.666,39,0.952,0.589334,1.62,92.25,6.27451,5.88235,0,-0.140625,0,5.25,5.25,47.25
78.866,0,0,0,0,1.10083,0.99997,1,5,1.02271,1,0.820314,0,1.04688,5.00001,0,0,10.6111,10.5833,9.58334,3895,970,259.102,970,1124.77,14.2969,197.133,198.234,14.2031,14.25,775.799,39,0.904,0.557334,1.572,92.25,5.88235,5.88235,0,-0.734375,0,5.25,5.25,47.25
78.9,0,0,0,0,1.10559,0.99997,1,5,1.01807,1,0.820314,0,1.04688,5.00001,0,0,11.0278,10.5556,11.1945,3852.5,970,267.773,970,1127.38,15.1172,195.867,197.977,14.9766,14.25,775.799,39,0.956,0.624001,1.624,92.25,5.88235,5.88235,0,-0.34375,0,4.5,4.5,46.5
78.933,0,0,0,0,1.10108,0.99997,1,5,1.01807,1,0.820314,0,1.04688,5.00001,0,0,10.6389,10.5,9.61112,3810.75,970,261.641,970,1122.11,14.6016,195.984,197.672,14.0859,14.25,775.799,39,0.912,0.557334,1.58,92.25,5.88235,5.88235,0,-0.140625,0,5.25,5.25,47.25
78.966,0,0,0,0,1.09882,0.99997,1,5,1.01807,1,0.820314,0,1.04688,5.00001,0,0,10.8056,10.1945,11.0833,3758.25,970,267.344,970,1119.45,15.1875,195.984,197.672,16.0313,14.25,775.799,39,0.992,0.618667,1.66,92.25,5.88235,5.88235,0,-0.421875,0,4.5,4.5,46.5
79,0,0,0,0,1.09729,0.99997,1,5,1,1,0.820314,0,1.04688,5.00001,0,0,10.5,10.25,8.86112,3716,970,255.586,970,1116.88,14.2969,195.422,197.391,13.5938,14.25,775.799,39,0.9,0.541334,1.568,92.25,5.88235,5.88235,0,-0.015625,0,5.25,5.25,48
79.033,0,0,0,0,1.09216,0.99997,1,5,1,1,0.820314,0,1.04688,5.00001,0,0,10.4445,10.1389,10.75,3673.25,970,264.102,970,1114.18,15.0469,194.109,197.133,15.9844,14.25,775.799,39,0.984,0.605334,1.652,92.25,5.88235,5.4902,0,-0.578125,0,5.25,5.25,48
79.066,0,0,0,0,1.09174,0.99997,1,5,1,1,0.820314,0,1.04688,5.00001,0,0,10.1667,9.94445,9.3889,3631.75,970,260.391,970,1111.56,14.7422,194.109,197.133,14.5547,14.25,772.049,39,0.932,0.570667,1.6,92.25,5.4902,5.4902,0,-0.390625,0,5.25,5.25,48
79.1,0,0,0,0,1.08936,0.99997,1,5,1,1,0.820314,0,1.04688,5.00001,0,0,10.1667,9.91667,9.6389,3591,970,261.055,970,1108.91,14.8828,193.805,196.852,15.0234,14.25,772.049,39,0.952,0.581334,1.62,92.25,5.4902,5.4902,0,-0.375,0,5.25,5.25,48
79.133,0,0,0,0,1.09253,0.99997,1,5,1,1,0.820314,0,1.04688,5.00001,0,0,9.91667,9.86112,9.30556,3547.25,970,256.406,970,1111.52,14.6016,192.609,196.57,13.5703,14.25,772.049,39,0.904,0.568001,1.572,92.25,5.4902,5.4902,0,-0.46875,0,5.25,5.25,48
79.166,0,0,0,0,1.08325,0.99997,1,0,1,1,0.820314,0,1.04688,5.00001,0,0,9.69445,9.55556,9.50001,3503.75,970,256.25,970,1103.63,14.5781,192.609,196.57,15.4688,14.25,772.049,39,0.956,0.584001,1.624,92.25,5.4902,5.4902,0,0.015625,0,4.5,4.5,48.75
79.2,0,0,0,0,1.08453,0.99997,1,0,1,1,0.820314,0,1.04688,5.00001,0,0,9.80556,9.55556,9.66667,3461.25,970,258.125,970,1103.63,14.8594,192.258,196.289,15.2578,14.25,772.049,39,0.96,0.581334,1.628,92.25,5.4902,5.4902,0,-0.484375,0,4.5,4.5,48.75
79.233,0,0,0,0,1.08563,0.99997,1,0,1,1,0.820314,0,1.04688,5.00001,0,0,9.69445,9.6389,8.91667,3430.5,970,256.328,970,1103.63,14.7188,190.57,195.844,13.7578,14.25,772.049,39,0.916,0.560001,1.584,92.25,5.4902,5.4902,0,-0.203125,0,4.5,4.5,48.75
79.266,0,0,0,0,1.08014,0.99997,1,0,1,1,0.820314,0,0.820314,5.00001,0,0,9.58334,9.50001,9.47223,3375.5,970,258.203,970,1098.32,14.9531,190.57,195.844,15.5391,14.25,771.599,39,1.52,1.048,2.188,92.25,5.4902,5.09804,0,-0.5,9.17218,4.5,4.5,-9
79.3,0,0,0,0,1.08069,0.99997,1,0,1,1,0.820314,0,0.820314,5.00001,0,0,9.58334,8.97223,8.61112,3357.75,970,254.297,970,1098.32,14.7891,192.867,195.469,13.9453,14.25,771.599,39,1.484,0.925334,2.152,92.25,5.09804,5.09804,0,-0.375,16.9054,4.5,4.5,-3
79.333,0,0,0,0,1.07825,0.99997,1,0,1,1,0.820314,0,0.820314,5.00001,0,0,9.6389,9.02778,10.2222,3350.25,970,258.789,970,1095.7,15.1641,191.602,195.305,16.6641,18.6328,771.599,39,1.472,0.904001,2.14,92.25,5.09804,5.09804,0,-0.234375,23.0213,9.75,9.75,9.75
79.366,0,0,0,0,1.07764,0.99997,1,0,1,1,0.820314,0,0.820314,5.00001,0,0,9.30556,12.6389,8.83334,3347.75,970,252.305,970,1093.05,14.7188,191.602,195.305,14.9297,46.125,771.599,39,1.484,0.840001,2.152,92.25,7.05883,14.902,0,-0.390625,25.8991,29.25,29.25,29.25
79.4,0,0,0,0,1.05603,0.99997,1,0,1,1,0.820314,0,0.820314,3.99976,0,0,9.75001,23.4722,15.8611,3347.75,970,289.492,970,1077.19,17.7188,191.672,195.258,28.3125,46.2188,771.599,39,1.884,0.984001,2.552,92.25,12.9412,16.0784,0,-0.203125,25.8991,32.25,32.25,28.5
79.433,0,0,0,0,1.02503,0.99997,1,0,1,1,0.820314,0,0.820314,2.64649,0,0,16.25,28.7222,27,3372.25,970,416.211,970,1053.44,27.9844,192.117,195.398,46.8516,39.0469,771.599,39,2.952,1.72,3.64,92.25,16.0784,16.0784,0,-0.203125,23.5614,40.5,40.5,27
79.466,0,0,0,0,1.0221,0.99997,1,0,1,1,0.820314,0,0.820314,1.79908,0,0,22.6945,26.75,30.1389,3425,970,510.469,970,1048.13,35.625,192.117,195.398,40.8984,20.2266,772.185,39,3.072,1.93334,3.76,92.25,15.2941,11.3726,0,-0.1875,14.9279,37.5,37.5,34.5
79.5,0,0,0,0,1.0401,0.99997,1,0,1,1,0.820314,0,0.820314,1.32959,0,0,23.0278,17.9722,24.2222,3463.75,970,492.578,970,1066.64,34,,,,,,,,,,,,,,,,,,
