TimeStamp, dwkrz_0   , dwkrz_1   , dwkrz_2   , dwkrz_3   , fpvdk_w   , fra_w     , frm_w     , gangi     , lambts_w  , lamelsh_w , lamfa_w   , lamlash_w , lamsbg_w  , lamsoni_w , ldrlms_w  , ldtvm     , ml_w      , msdk_w    , mshfm_w   , nmot_w    , plsol     , ps_w      , pu        , pvdks_w   , rl_w      , rlmax_w   , rlmx_w    , rlroh_w   , rlsol_w   , tabgm_w   , tanslin   , te_w      , tevfakge_w, ti_b1     , tmotlin   , wdkba     , wdks      , wkrm      , wnwi_w    , wped_w    , zwist     , zwout     , zwsol     
  sec.ms , °KW       , °KW       , °KW       , °KW       , -         , -         , -         , gear      , -         , -         , -         , -         , -         , -         , , , g/s       , g/s       , g/s       , rpm       , mbar      , mbar      , mbar      , mbar      , , , , , , °C        , °C        , ms        , ms        , ms        , °C        , DK      , DK      , °KW       , °KW       , PED     , °KW       , °KW       , °KW       
TIME,IgnitionRetardCyl1,IgnitionRetardCyl4,IgnitionRetardCyl2,IgnitionRetardCyl3,,AdaptationPartial,LambdaControlAvg,SelectedGear,LambdaPartProtection,,TargetAFRDriverRequest,,AirFuelRatioDesired,AirFuelRatioCurrent,ChargeLimitEngineProtection,WastegateDutyCycle,,MassAirFlowAtThrottlePlate,MassAirFlow,EngineSpeed,BoostPressureDesired,,BaroPressure,BoostPressureActual,EngineLoad,EngineLoadCorrected,EngineLoadSpecified,,EngineLoadRequested,EGTModelBeforeCat,IntakeAirTemperature,EffInjectionTime,,FuelInjectorOnTime,CoolantTemperature,ThrottlePlateAngle,ThrottlePlateAngleRequested,AvgIgnitionRetardKnockControl,CamshaftAngle,AccelPedalPosition,IgnitionTimingAngle,IgnitionTimingAngleOverall,
0,0,0,0,0,1.14465,0.99997,1,0,1,1,1,0,1,1.00366,0,0,3.19445,3.02778,3.25,743,970,373.047,970,966.25,22.8984,93.6797,93.7031,22.8984,22.1016,134.589,57,1.452,0.952001,2.14,96.75,0.392157,0.392157,0,0.109375,0,3,3,3
0.033,0,0,0,0,1.14465,0.99997,1,0,1,1,1,0,1,1.00488,0,0,3.19445,3.02778,3.25,743,970,373.047,970,966.25,22.8984,93.6797,93.7031,22.8984,22.2656,134.589,57,1.452,0.952001,2.14,96.75,0.392157,0.392157,0,0.578125,0,3,3,3
0.067,0,0,0,0,1.14465,0.99997,1,0,1,1,1,0,1,1.00366,0,0,3.19445,3.13889,3.27778,742.5,970,373.398,970,966.25,22.9219,93.6797,93.7031,23.1328,22.2656,134.589,57,1.452,0.952001,2.14,96.75,0.392157,0.392157,0,0.625,0,3,3,3
0.1,0,0,0,0,1.14465,0.99997,1,0,1,1,1,0,1,1.00366,0,0,3.25,3.13889,3.27778,749.5,970,373.359,970,966.25,22.9219,93.6797,93.7031,22.8984,22.2891,134.589,57,1.456,0.954668,2.16,96.75,0.392157,0.392157,0,0.546875,0,2.25,2.25,2.25
0.133,0,0,0,0,1.14465,0.99997,1,0,1,1,1,0,1,1.00488,0,0,3.25,3.13889,3.22222,745,970,372.891,970,966.25,22.875,93.6797,93.7031,22.6406,22.1484,135.292,57,1.448,0.949335,2.152,96.75,0.392157,0.392157,0,0.546875,0,3,3,3
0.167,0,0,0,0,1.14465,0.99997,1,0,1,1,1,0,1,1.00366,0,0,3.25,3.13889,3.27778,734.75,970,373.594,970,966.25,22.9219,93.6797,93.7031,23.3438,22.2422,135.292,56.25,1.456,0.954668,2.136,96.75,0.392157,0.392157,0,0.359375,0,4.5,4.5,4.5
0.2,0,0,0,0,1.14465,0.99997,1,0,1,1,1,0,1,1.00366,0,0,3.19445,3.05556,3.30556,738.5,970,374.375,970,966.25,22.9922,93.6797,93.7031,23.4375,22.3594,135.292,56.25,1.472,0.965335,2.152,96.75,0.392157,0.392157,0,0.203125,0,3.75,3.75,3.75
0.233,0,0,0,0,1.14465,0.99997,1,0,1,1,1,0,1,1.00488,0,0,3.19445,3.05556,3.30556,738.5,970,374.375,970,966.25,22.9922,93.6797,93.7031,23.4375,22.3359,135.292,56.25,1.472,0.965335,2.152,96.75,0.392157,0.392157,0,0.0625,0,3.75,3.75,3.75
0.267,0,0,0,0,1.14465,0.99997,1,0,1,1,1,0,1,1.00488,0,0,3.25,3.05556,3.25,742.75,970,374.219,970,966.25,22.9688,93.6797,93.7031,22.8984,22.2656,135.292,57,1.46,0.957335,2.14,96,0.392157,0.392157,0,-0.046875,0,3.75,3.75,3.75
0.3,0,0,0,0,1.14465,0.99997,1,0,1,1,1,0,1,1.00366,0,0,3.25,3.05556,3.25,747.25,970,373.906,970,966.25,22.9453,93.6797,93.7031,22.7813,22.1953,135.292,57,1.456,0.954668,2.152,96,0.392157,0.392157,0,0.28125,0,3,3,3
0.333,0,0,0,0,1.14465,0.99997,1,0,1,1,1,0,1,1.00366,0,0,3.25,3.05556,3.27778,752.75,970,373.633,970,966.25,22.9453,93.6797,93.7031,22.7813,22.1016,135.996,57,1.456,0.954668,2.152,96,0.392157,0.392157,0,0.28125,0,2.25,2.25,2.25
0.371,0,0,0,0,1.14465,0.99997,1,0,1,1,1,0,1,1.00488,0,0,3.25,3.05556,3.22222,757,970,372.578,970,966.25,22.8516,93.6797,93.7031,22.2891,22.1719,135.996,57,1.444,0.954668,2.132,96.75,0.392157,0.392157,0,0.15625,0,1.5,1.5,1.5
0.405,0,0,0,0,1.14465,0.99997,1,0,1,1,1,0,1,1.00366,0,0,3.25,3.05556,3.27778,760.75,970,372.07,970,966.25,22.8281,93.6797,93.7031,22.5469,22.1719,135.996,57,1.444,0.946668,2.132,96.75,0.392157,0.392157,0,0.46875,0,0.75,0.75,0.75
0.438,0,0,0,0,1.14465,0.99997,1,0,1,1,1,0,1,1.00366,0,0,3.30556,3.05556,3.27778,760.75,970,372.07,970,966.25,22.8281,93.6797,93.7031,22.5469,22.0313,135.996,57,1.444,0.946668,2.132,96.75,0.392157,0.392157,0,0.375,0,0.75,0.75,0.75
0.471,0,0,0,0,1.14465,0.99997,1,0,1,1,1,0,1,1.00171,0,0,3.30556,3.05556,3.22222,762.25,970,370.938,970,966.25,22.7344,93.6797,93.7031,22.125,21.8906,135.996,57,1.44,0.938668,2.128,96.75,0.392157,0.392157,0,0.71875,0,0.75,0.75,0.75
0.505,0,0,0,0,1.14465,0.99997,1,0,1,1,1,0,1,1.00366,0,0,3.25,3.05556,3.22222,758,970,370.156,970,966.25,22.6875,93.6797,93.7031,22.2422,21.8672,135.996,57,1.444,0.938668,2.14,96.75,0.392157,0.392157,0,0.40625,0,1.5,1.5,1.5
0.538,0,0,0,0,1.14465,0.99997,1,0,1,1,1,0,1,1.00366,0,0,3.25,3.05556,3.25,757,970,369.805,970,966.25,22.6406,93.6797,93.7031,22.4766,21.9141,136.679,57,1.44,0.941335,2.136,96.75,0.392157,0.392157,0,0.40625,0,0.75,0.75,0.75
0.571,0,0,0,0,1.14465,0.99997,1,0,1,1,1,0,1,1.00366,0,0,3.25,3.05556,3.30556,758.5,970,370.078,970,966.25,22.6641,93.6797,93.7031,22.8281,21.9141,136.679,56.25,1.448,0.946668,2.136,96,0.392157,0.392157,0,0.34375,0,0.75,0.75,0.75
0.605,0,0,0,0,1.14465,0.99997,1,0,1,1,1,0,1,1.00366,0,0,3.25,3.05556,3.22222,755,970,369.531,970,966.25,22.6406,93.6797,93.7031,22.3359,21.8672,136.679,56.25,1.432,0.938668,2.12,96,0.392157,0.392157,0,0.140625,0,0.75,0.75,0.75
0.638,0,0,0,0,1.14465,0.99997,1,0,1,1,1,0,1,1.00366,0,0,3.25,3.05556,3.22222,755,970,369.531,970,966.25,22.6406,93.6797,93.7031,22.3359,21.9141,136.679,56.25,1.432,0.938668,2.12,96,0.392157,0.392157,0,0.140625,0,0.75,0.75,0.75
0.671,0,0,0,0,1.14465,0.99997,1,0,1,1,1,0,1,1.00366,0,0,3.19445,3.05556,3.30556,749.75,970,370.234,970,966.25,22.6875,93.6797,93.7031,23.0859,22.0313,136.679,57,1.448,0.946668,2.136,96,0.392157,0.392157,0,0.21875,0,2.25,2.25,2.25
0.712,0,0,0,0,1.14465,0.99997,1,0,1,1,1,0,1,1.00366,0,0,3.25,3.05556,3.25,754.75,970,370,970,966.25,22.6641,93.6797,93.7031,22.5469,21.8906,137.382,57,1.436,0.941335,2.124,96,0.392157,0.392157,0,0.09375,0,1.5,1.5,1.5
0.746,0,0,0,0,1.14465,0.99997,1,0,1,1,1,0,1,1.00366,0,0,3.25,3.05556,3.25,755,970,369.766,970,966.25,22.6406,93.6797,93.7031,22.5234,21.8906,137.382,57,1.44,0.941335,2.128,96,0.392157,0.392157,0,0.390625,0,1.5,1.5,1.5
0.779,0,0,0,0,1.14465,0.99997,1,0,1,1,1,0,1,1.00488,0,0,3.19445,3.05556,3.25,748.75,970,369.883,970,966.25,22.6641,93.6797,93.7031,22.7344,21.8906,137.382,56.25,1.444,0.944001,2.132,96.75,0.392157,0.392157,0,0.390625,0,2.25,2.25,2.25
0.812,0,0,0,0,1.14465,0.99997,1,0,1,1,1,0,1,1.00488,0,0,3.19445,3.05556,3.30556,745,970,370.742,970,966.25,22.7109,93.6797,93.7031,23.2266,22.0313,137.382,56.25,1.448,0.949335,2.136,96.75,0.392157,0.392157,0,0.390625,0,3,3,3
0.846,0,0,0,0,1.14465,0.99997,1,0,1,1,1,0,1,1.00366,0,0,3.19445,3.13889,3.25,749.25,970,370.742,970,966.25,22.7109,93.6797,93.7031,22.7109,22.125,137.382,56.25,1.436,0.941335,2.124,96.75,0.392157,0.392157,0,0.640625,0,2.25,2.25,2.25
0.879,0,0,0,0,1.14465,0.99997,1,0,1,1,1,0,1,1.00366,0,0,3.25,3.05556,3.25,755.25,970,370.43,970,966.25,22.6875,93.6797,93.7031,22.5234,22.0313,137.382,56.25,1.444,0.944001,2.148,96.75,0.392157,0.392157,0,0.28125,0,1.5,1.5,1.5
0.912,0,0,0,0,1.14465,0.99997,1,0,1,1,1,0,1,1.00366,0,0,3.25,3.05556,3.25,755.25,970,370.43,970,966.25,22.6875,93.6797,93.7031,22.5234,21.8438,138.105,56.25,1.444,0.944001,2.148,96.75,0.392157,0.392157,0,0.3125,0,1.5,1.5,1.5
0.946,0,0,0,0,1.14465,0.99997,1,0,1,1,1,0,1,1.00488,0,0,3.19445,3.05556,3.22222,751.75,970,370.039,970,966.25,22.6641,93.6797,93.7031,22.4531,21.8672,138.105,56.25,1.432,0.938668,2.136,96.75,0.392157,0.392157,0,0.03125,0,1.5,1.5,1.5
0.979,0,0,0,0,1.14465,0.99997,1,0,1,1,1,0,1,1.00366,0,0,3.19445,3.05556,3.25,747.75,970,370.156,970,966.25,22.6875,93.6797,93.7031,22.7578,21.9375,138.105,57,1.44,0.941335,2.12,96,0.392157,0.392157,0,0.265625,0,2.25,2.25,2.25
1.012,0,0,0,0,1.14465,0.99997,1,0,1,1,1,0,1,1.00366,0,0,3.19445,3.05556,3.19445,748.25,970,369.609,970,966.25,22.6406,93.6797,93.7031,22.3594,22.0313,138.105,57,1.436,0.938668,2.116,96,0.392157,0.392157,0,0.265625,0,2.25,2.25,2.25
1.046,0,0,0,0,1.14465,0.99997,1,0,1,1,1,0,1,1.00366,0,0,3.19445,3.08334,3.30556,750.5,970,370.273,970,966.25,22.6875,93.6797,93.7031,23.0625,22.0313,138.105,57,1.444,0.944001,2.124,96,0.392157,0.392157,0,0,0,2.25,2.25,2.25
1.079,0,0,0,0,1.14465,0.99997,1,0,1,1,1,0,1,1.00366,0,0,3.19445,3.08334,3.22222,747.5,970,370.078,970,966.25,22.6641,93.6797,93.7031,22.5703,21.9609,138.105,57,1.432,0.938668,2.12,96.75,0.392157,0.392157,0,0.09375,0,2.25,2.25,2.25
1.112,0,0,0,0,1.14465,0.99997,1,0,1,1,1,0,1,1.00366,0,0,3.19445,3.08334,3.22222,747.5,970,370.078,970,966.25,22.6641,93.6797,93.7031,22.5703,22.0313,138.789,57,1.432,0.938668,2.12,96.75,0.392157,0.392157,0,0.34375,0,2.25,2.25,2.25
1.146,0,0,0,0,1.14465,0.99997,1,0,1,1,1,0,1,1.00366,0,0,3.19445,3.08334,3.25,744.75,970,370.313,970,966.25,22.6875,93.6797,93.7031,22.8281,22.0313,138.789,57,1.44,0.941335,2.128,96.75,0.392157,0.392157,0,0.296875,0,3,3,3
1.179,0,0,0,0,1.14465,0.99997,1,0,1,1,1,0,1,1.00366,0,0,3.19445,3.08334,3.27778,748.75,970,370.664,970,966.25,22.7109,93.6797,93.7031,22.9219,22.1016,138.789,57,1.444,0.944001,2.124,96,0.392157,0.392157,0,0.578125,0,2.25,2.25,2.25
1.212,0,0,0,0,1.14465,0.99997,1,0,1,1,1,0,1,1.00366,0,0,3.19445,3.05556,3.19445,750,970,369.961,970,966.25,22.6641,93.6797,93.7031,22.2891,22.0078,138.789,57,1.428,0.936001,2.108,96,0.392157,0.392157,0,0.578125,0,1.5,1.5,1.5
1.246,0,0,0,0,1.14465,0.99997,1,0,1,1,1,0,1,1.00366,0,0,3.19445,3.02778,3.16667,742.75,970,369.375,970,966.25,22.6172,93.6797,93.7031,22.3125,21.9844,138.789,57,1.432,0.936001,2.112,96,0.392157,0.392157,0,0.4375,0,3.75,3.75,3.75
1.279,0,0,0,0,1.14465,0.99997,1,0,1,1,1,0,1,1.00488,0,0,3.13889,2.97222,3.13889,738.5,970,368.75,970,966.25,22.5703,93.6797,93.7031,22.2422,22.1719,138.789,57,1.428,0.933334,2.116,96,0.392157,0.392157,0,0.484375,0,4.5,4.5,4.5
1.312,0,0,0,0,1.14465,0.99997,1,0,1,1,1,0,1,1.00366,0,0,3.13889,2.97222,3.13889,738.5,970,368.75,970,966.25,22.5703,93.6797,93.7031,22.2422,22.2891,139.472,57,1.428,0.933334,2.116,96,0.392157,0.392157,0,0.015625,0,4.5,4.5,4.5
1.346,0,0,0,0,1.14465,0.99997,1,0,1,1,1,0,1,1.00366,0,0,3.13889,2.94445,3.16667,740.5,970,368.438,970,966.25,22.5469,93.6797,93.7031,22.3828,22.3125,139.472,57,1.432,0.936001,2.12,96,0.392157,0.392157,0,0.015625,0,5.25,5.25,5.25
1.379,0,0,0,0,1.14465,0.99997,1,0,1,1,1,0,1,1.00366,0,0,3.13889,2.97222,3.11111,745.75,970,367.305,970,966.25,22.4766,93.6797,93.7031,21.8438,22.2891,139.472,57,1.42,0.928001,2.108,96.75,0.392157,0.392157,0,-0.03125,0,3.75,3.75,3.75
1.412,0,0,0,0,1.14465,0.99997,1,0,1,1,1,0,1,1.00366,0,0,3.13889,2.94445,3.02778,747,970,365.273,970,966.25,22.3125,93.6797,93.7031,21.2109,22.1719,139.472,57,1.404,0.917334,2.092,96.75,0.392157,0.392157,0,-0.03125,0,3,3,3
1.446,0,0,0,0,1.14465,0.99997,1,0,1,1,1,0,1,1.00366,0,0,3.13889,2.97222,3.11111,744.25,970,364.57,970,966.25,22.2656,93.6797,93.7031,21.8906,22.1719,139.472,57,1.412,0.922668,2.1,96.75,0.392157,0.392157,0,0.1875,0,3.75,3.75,3.75
1.479,0,0,0,0,1.14465,0.99997,1,0,1,1,1,0,1,1.00488,0,0,3.13889,2.94445,3.08334,745.5,970,363.594,970,966.25,22.1953,93.6797,93.7031,21.6563,22.1719,139.472,56.25,1.408,0.920001,2.104,96,0.392157,0.392157,0,0.328125,0,3.75,3.75,3.75
1.512,0,0,0,0,1.14465,0.99997,1,0,1,1,1,0,1,1.00366,0,0,3.13889,2.94445,3.08334,745.5,970,363.594,970,966.25,22.1953,93.6797,93.7031,21.6563,22.2422,140.156,56.25,1.408,0.920001,2.104,96,0.392157,0.392157,0,0.34375,0,3.75,3.75,3.75
1.546,0,0,0,0,1.14465,0.99997,1,0,1,1,1,0,1,1.00366,0,0,3.13889,2.94445,3.13889,754.75,970,362.891,970,966.25,22.1484,93.6797,93.7031,21.7734,22.1719,140.156,56.25,1.408,0.920001,2.104,96,0.392157,0.392157,0,0.578125,0,3,3,3
1.579,0,0,0,0,1.14465,0.99997,1,0,1,1,1,0,1,1.00366,0,0,3.13889,2.97222,3.08334,749.25,970,361.914,970,966.25,22.0781,93.6797,93.7031,21.5391,21.9844,140.156,56.25,1.4,0.914668,2.08,96.75,0.392157,0.392157,0,0.46875,0,3,3,3
1.612,0,0,0,0,1.14465,0.99997,1,0,1,1,1,0,1,1.00366,0,0,3.13889,2.94445,3.11111,742.5,970,361.68,970,966.25,22.0547,93.6797,93.7031,21.9375,22.1016,140.156,56.25,1.404,0.917334,2.084,96.75,0.392157,0.392157,0,0.46875,0,4.5,4.5,4.5
1.646,0,0,0,0,1.14465,0.99997,1,0,1,1,1,0,1,1.00366,0,0,3.08334,2.94445,3.08334,745.75,970,361.016,970,966.25,22.0078,93.6797,93.7031,21.6563,22.125,140.156,56.25,1.396,0.912001,2.076,96.75,0.392157,0.392157,0,0.484375,0,5.25,5.25,5.25
1.679,0,0,0,0,1.14465,0.99997,1,0,1,1,1,0,1,1.00366,0,0,3.08334,2.97222,3.11111,750.5,970,360.508,970,966.25,21.9609,93.6797,93.7031,21.7031,22.2891,140.156,57,1.392,0.909334,2.096,96.75,0.392157,0.392157,0,0.21875,0,4.5,4.5,4.5
1.712,0,0,0,0,1.14465,0.99997,1,0,1,1,1,0,1,1.00488,0,0,3.08334,2.97222,3.11111,750.5,970,360.508,970,966.25,21.9609,93.6797,93.7031,21.7031,22.2188,140.839,57,1.392,0.909334,2.096,96.75,0.392157,0.392157,0,0.109375,0,4.5,4.5,4.5
1.746,0,0,0,0,1.14465,0.99997,1,0,1,1,1,0,1,1.00366,0,0,3.08334,2.94445,3.13889,746.75,970,360.547,970,966.25,21.9609,93.6797,93.7031,22.0078,22.1016,140.839,57,1.408,0.917334,2.112,96.75,0.392157,0.392157,0,-0.09375,0,4.5,4.5,4.5
1.779,0,0,0,0,1.14465,0.99997,1,0,1,1,1,0,1,1.00366,0,0,3.08334,2.97222,3.11111,743.25,970,360.508,970,966.25,21.9609,93.6797,93.7031,21.9375,22.1953,140.839,57,1.4,0.914668,2.088,96,0.392157,0.392157,0,0.015625,0,4.5,4.5,4.5
1.812,0,0,0,0,1.14465,0.99997,1,0,1,1,1,0,1,1.00366,0,0,3.08334,2.94445,3.08334,744.25,970,360.039,970,966.25,21.9375,93.6797,93.7031,21.6797,22.2656,140.839,57,1.396,0.914668,2.084,96,0.392157,0.392157,0,0.015625,0,5.25,5.25,5.25
1.846,0,0,0,0,1.14465,0.99997,1,0,1,1,1,0,1,1.00366,0,0,3.08334,2.97222,3.11111,742.25,970,360.039,970,966.25,21.9375,93.6797,93.7031,21.9375,22.2891,140.839,57,1.396,0.912001,2.084,96,0.392157,0.392157,0,0.0625,0,6,6,6
1.879,0,0,0,0,1.14465,0.99997,1,0,1,1,1,0,1,1.00366,0,0,3.08334,2.97222,3.08334,735,970,360.039,970,966.25,21.9375,93.6797,93.7031,21.9609,22.2891,140.839,57,1.396,0.912001,2.084,96,0.392157,0.392157,0,0.25,0,7.5,7.5,7.5
1.912,0,0,0,0,1.14465,0.99997,1,0,1,1,1,0,1,1.00366,0,0,3.02778,2.97222,3.08334,735,970,360.039,970,966.25,21.9375,93.6797,93.7031,21.9609,22.4297,141.503,57,1.396,0.912001,2.084,96,0.392157,0.392157,0,0.546875,0,7.5,7.5,7.5
1.946,0,0,0,0,1.14465,0.99997,1,0,1,1,1,0,1,1.00366,0,0,3.08334,2.97222,3.19445,740,970,361.055,970,966.25,22.0078,93.6797,93.7031,22.5938,22.5938,141.503,57,1.412,0.922668,2.1,96,0.392157,0.392157,0,0.546875,0,6,6,6
1.979,0,0,0,0,1.14465,0.99997,1,0,1,1,1,0,1,1.00366,0,0,3.08334,2.97222,3.13889,745,970,361.094,970,966.25,22.0078,93.6797,93.7031,22.0547,22.2422,141.503,57,1.404,0.917334,2.092,96,0.392157,0.392157,0,0.65625,0,6,6,6
2.012,0,0,0,0,1.14465,0.99997,1,0,1,1,1,0,1,1.00488,0,0,3.08334,2.97222,3.11111,750,970,360.586,970,966.25,21.9609,93.6797,93.7031,21.7031,22.1484,141.503,57,1.396,0.917334,2.084,96,0.392157,0.392157,0,0.625,0,4.5,4.5,4.5
2.046,0,0,0,0,1.14465,0.99997,1,0,1,1,1,0,1,1.00366,0,0,3.08334,3.05556,3.13889,750.5,970,360.508,970,966.25,21.9609,93.6797,93.7031,21.9141,22.1719,141.503,57,1.396,0.912001,2.084,96,0.392157,0.392157,0,0.40625,0,4.5,4.5,4.5
2.079,0,0,0,0,1.14465,0.99997,1,0,1,1,1,0,1,1.00488,0,0,3.08334,3.05556,3.16667,747.75,970,360.82,970,966.25,21.9844,93.6797,93.7031,22.1719,22.2656,141.503,57,1.4,0.912001,2.096,96,0.392157,0.392157,0,0.296875,0,4.5,4.5,4.5
2.112,0,0,0,0,1.14465,0.99997,1,0,1,1,1,0,1,1.00488,0,0,3.08334,3.05556,3.16667,747.75,970,360.82,970,966.25,21.9844,93.6797,93.7031,22.1719,22.2422,142.167,57,1.4,0.914668,2.096,96,0.392157,0.392157,0,0.0625,0,4.5,4.5,4.5
2.146,0,0,0,0,1.14465,0.99997,1,0,1,1,1,0,1,1.00366,0,0,3.13889,3.05556,3.08334,751.5,970,360,970,966.25,21.9375,93.6797,93.7031,21.4688,22.3125,142.167,57,1.388,0.906668,2.084,96,0.392157,0.392157,0,0.0625,0,3.75,3.75,3.75
2.179,0,0,0,0,1.14465,0.99997,1,0,1,1,1,0,1,1.00366,0,0,3.13889,3.05556,3.19445,753.75,970,360.391,970,966.25,21.9609,93.6797,93.7031,22.1953,22.1953,142.167,56.25,1.404,0.914668,2.084,96,0.392157,0.392157,0,0.1875,0,3.75,3.75,3.75
2.212,0,0,0,0,1.14465,0.99997,1,0,1,1,1,0,1,1.00488,0,0,3.13889,3,3.13889,749,970,360.391,970,966.25,21.9609,93.6797,93.7031,21.9609,22.1719,142.167,56.25,1.4,0.914668,2.08,96,0.392157,0.392157,0,-0.015625,0,4.5,4.5,4.5
2.246,0,0,0,0,1.14465,0.99997,1,0,1,1,1,0,1,1.00366,0,0,3.08334,3.05556,3.16667,746.5,970,360.781,970,966.25,21.9844,93.6797,93.7031,22.2188,22.1719,142.167,56.25,1.4,0.914668,2.08,96,0.392157,0.392157,0,0.21875,0,4.5,4.5,4.5
2.279,0,0,0,0,1.14465,0.99997,1,0,1,1,1,0,1,1.00366,0,0,3.08334,3.05556,3.13889,752,970,360.547,970,966.25,21.9609,93.6797,93.7031,21.8438,22.2656,142.167,57,1.392,0.914668,2.088,96,0.392157,0.392157,0,0.09375,0,3.75,3.75,3.75
2.312,0,0,0,0,1.14465,0.99997,1,0,1,1,1,0,1,1.00366,0,0,3.13889,3.05556,3.13889,752,970,360.547,970,966.25,21.9609,93.6797,93.7031,21.8438,22.3125,142.832,57,1.392,0.909334,2.088,96,0.392157,0.392157,0,0.578125,0,3.75,3.75,3.75
2.346,0,0,0,0,1.14465,0.99997,1,0,1,1,1,0,1,1.00366,0,0,3.13889,3.05556,3.13889,757,970,360.156,970,966.25,21.9375,93.6797,93.7031,21.7266,22.1719,142.832,57,1.392,0.909334,2.088,96,0.392157,0.392157,0,0.578125,0,3,3,3
2.379,0,0,0,0,1.14465,0.99997,1,0,1,1,1,0,1,1.00366,0,0,3.13889,3.05556,3.13889,753.75,970,359.922,970,966.25,21.9141,93.6797,93.7031,21.7969,22.0547,142.832,57,1.392,0.909334,2.08,96.75,0.392157,0.392157,0,0.46875,0,3.75,3.75,3.75
2.412,0,0,0,0,1.14465,0.99997,1,0,1,1,1,0,1,1.00366,0,0,3.13889,3.05556,3.08334,754.75,970,359.102,970,966.25,21.8672,93.6797,93.7031,21.3984,22.1016,142.832,57,1.384,0.909334,2.072,96.75,0.392157,0.392157,0,0.78125,0,3.75,3.75,3.75
2.446,0,0,0,0,1.14465,0.99997,1,0,1,1,1,0,1,1.00366,0,0,3.13889,3.08334,3.19445,758.75,970,359.336,970,966.25,21.8672,93.6797,93.7031,22.0313,22.1016,142.832,57,1.396,0.904001,2.084,96.75,0.392157,0.392157,0,0.359375,0,3,3,3
2.479,0,0,0,0,1.14465,0.99997,1,0,1,1,1,0,1,1.00366,0,0,3.13889,3.08334,3.13889,761.75,970,358.828,970,966.25,21.8438,93.6797,93.7031,21.5625,22.0547,142.832,57,1.384,0.909334,2.08,96.75,0.392157,0.392157,0,0.171875,0,2.25,2.25,2.25
2.512,0,0,0,0,1.14465,0.99997,1,0,1,1,1,0,1,1.00366,0,0,3.13889,3.08334,3.13889,761.75,970,358.828,970,966.25,21.8438,93.6797,93.7031,21.5625,21.9141,143.496,57,1.384,0.904001,2.08,96.75,0.392157,0.392157,0,0.1875,0,2.25,2.25,2.25
2.546,0,0,0,0,1.14465,0.99997,1,0,1,1,1,0,1,1.00366,0,0,3.08334,3.05556,3.16667,753.5,970,359.023,970,966.25,21.8438,93.6797,93.7031,21.9844,21.8438,143.496,57,1.404,0.909334,2.1,96.75,0.392157,0.392157,0,-0.09375,0,3.75,3.75,3.75
2.579,0,0,0,0,1.14465,0.99997,1,0,1,1,1,0,1,1.00366,0,0,3.08334,3.05556,3.16667,752,970,359.297,970,966.25,21.8672,93.6797,93.7031,22.0313,22.0078,143.496,57,1.392,0.909334,2.072,96,0.392157,0.392157,0,0.3125,0,3,3,3
2.612,0,0,0,0,1.14465,0.99997,1,0,1,1,1,0,1,1.00366,0,0,3.08334,3.08334,3.16667,753.75,970,359.453,970,966.25,21.8906,93.6797,93.7031,21.9844,22.0078,143.496,57,1.392,0.909334,2.072,96,0.392157,0.392157,0,0.3125,0,3,3,3
2.646,0,0,0,0,1.14465,0.99997,1,0,1,1,1,0,1,1.00366,0,0,3.13889,3.08334,3.22222,754.5,970,360.156,970,966.25,21.9375,93.6797,93.7031,22.3594,22.0078,143.496,57,1.404,0.914668,2.084,96,0.392157,0.392157,0,0.125,0,3,3,3
2.679,0,0,0,0,1.14465,0.99997,1,0,1,1,1,0,1,1.00488,0,0,3.13889,3.08334,3.08334,753.25,970,359.375,970,966.25,21.8906,93.6797,93.7031,21.4453,21.9609,143.496,57,1.38,0.901334,2.076,96,0.392157,0.392157,0,0.4375,0,3,3,3
2.712,0,0,0,0,1.14465,0.99997,1,0,1,1,1,0,1,1.00366,0,0,3.13889,3.08334,3.08334,753.25,970,359.375,970,966.25,21.8906,93.6797,93.7031,21.4453,21.9375,144.179,57,1.38,0.901334,2.076,96,0.392157,0.392157,0,0.390625,0,3,3,3
2.746,0,0,0,0,1.14465,0.99997,1,0,1,1,1,0,1,1.00366,0,0,3.13889,3.05556,3.25,751,970,360.586,970,966.25,21.9609,93.6797,93.7031,22.6641,21.9609,144.179,57,1.408,0.917334,2.104,96,0.392157,0.392157,0,0.59375,0,3.75,3.75,3.75
2.779,0,0,0,0,1.14465,0.99997,1,0,1,1,1,0,1,1.00366,0,0,3.08334,3.05556,3.11111,749.75,960,360.195,965,966.25,21.9375,93.6797,93.7031,21.7266,21.9844,144.179,57,1.392,0.909334,2.08,96.75,0.392157,0.392157,0,0.328125,0,3.75,3.75,3.75
2.812,0,0,0,0,1.14465,0.99997,1,0,1,1,1,0,1,1.00366,0,0,3.08334,3.08334,3.22222,753.25,960,360.898,965,966.25,21.9844,93.6797,93.7031,22.4063,22.0078,144.179,57,1.408,0.917334,2.096,96.75,0.392157,0.392157,0,0.328125,0,3,3,3
2.846,0,0,0,0,1.14465,0.99997,1,0,1,1,1,0,1,1.00488,0,0,3.13889,3.05556,3.11111,757.75,960,360.156,965,966.25,21.9375,93.6797,93.7031,21.5156,22.0078,144.179,57,1.388,0.906668,2.076,96.75,0.392157,0.392157,0,0.359375,0,2.25,2.25,2.25
2.879,0,0,0,0,1.14465,0.99997,1,0,1,1,1,0,1,1.00366,0,0,3.13889,3.05556,3.19445,756.5,960,360.391,965,966.25,21.9609,93.6797,93.7031,22.1016,21.8906,144.179,57,1.4,0.912001,2.088,96.75,0.392157,0.392157,0,0.03125,0,2.25,2.25,2.25
2.912,0,0,0,0,1.14465,0.99997,1,0,1,1,1,0,1,1.00488,0,0,3.13889,3.05556,3.19445,756.5,960,360.391,965,966.25,21.9609,93.6797,93.7031,22.1016,21.7969,144.863,57,1.4,0.912001,2.088,96.75,0.392157,0.392157,0,0.03125,0,2.25,2.25,2.25
2.946,0,0,0,0,1.14465,0.99997,1,0,1,1,1,0,1,1.00488,0,0,3.13889,3.08334,3.16667,755.25,960,360.391,965,966.25,21.9609,93.6797,93.7031,21.9609,21.7969,144.863,57,1.392,0.909334,2.08,96.75,0.392157,0.392157,0,0.234375,0,2.25,2.25,2.25
2.979,0,0,0,0,1.14465,0.99997,1,0,1,1,1,0,1,1.00366,0,0,3.13889,3.05556,3.22222,754.75,960,361.016,965,966.25,22.0078,93.6797,93.7031,22.3594,21.7969,144.863,57,1.408,0.917334,2.088,96.75,0.392157,0.392157,0,0.015625,0,2.25,2.25,2.25
3.012,0,0,0,0,1.14465,0.99997,1,0,1,1,1,0,1,1.00366,0,0,3.08334,3.05556,3.11111,750.25,960,360.508,965,966.25,21.9609,93.6797,93.7031,21.7031,21.8203,144.863,57,1.392,0.909334,2.072,96.75,0.392157,0.392157,0,0.015625,0,3,3,3
3.046,0,0,0,0,1.14465,0.99997,1,0,1,1,1,0,1,1.00366,0,0,3.08334,3.08334,3.19445,746.75,960,361.211,965,966.25,22.0078,93.6797,93.7031,22.4063,21.9141,144.863,57,1.408,0.917334,2.088,96.75,0.392157,0.392157,0,0.390625,0,3.75,3.75,3.75
3.079,0,0,0,0,1.14465,0.99997,1,0,1,1,1,0,1,1.00366,0,0,3.08334,3.13889,3.11111,747,960,360.859,965,966.25,21.9844,93.6797,93.7031,21.7969,21.9844,144.863,57,1.388,0.906668,2.084,96,0.392157,0.392157,0,0.46875,0,3.75,3.75,3.75
3.112,0,0,0,0,1.14453,0.99997,1,0,1,1,1,0,1,1.00366,0,0,3.08334,3.13889,3.11111,747,960,360.859,965,966.25,21.9844,93.6797,93.7031,21.7969,21.9844,145.527,57,1.388,0.906668,2.084,96,0.392157,0.392157,0,0.625,0,3.75,3.75,3.75
3.146,0,0,0,0,1.14459,0.99997,1,0,1,1,1,0,1,1.00366,0,0,3.13889,3.08334,3.16667,751,960,360.977,965,966.25,22.0078,93.6797,93.7031,22.0781,21.9609,145.527,57,1.4,0.912001,2.096,96,0.392157,0.392157,0,0.34375,0,3.75,3.75,3.75
3.179,0,0,0,0,1.14465,0.99997,1,0,1,1,1,0,1,1.00366,0,0,3.08334,3.13889,3.13889,749.25,960,360.859,965,966.25,21.9844,93.6797,93.7031,21.9375,21.8672,145.527,57,1.384,0.904001,2.064,96.75,0.392157,0.392157,0,0.3125,0,3,3,3
3.212,0,0,0,0,1.14465,0.99997,1,0,1,1,1,0,1,1.00366,0,0,3.08334,3.08334,3.19445,741.5,960,361.719,965,966.25,22.0547,93.6797,93.7031,22.5469,21.9375,145.527,57,1.408,0.917334,2.088,96.75,0.392157,0.392157,0,0.3125,0,4.5,4.5,4.5
3.246,0,0,0,0,1.14465,0.99997,1,0,1,1,1,0,1,1.00366,0,0,3.08334,3.13889,3.05556,736.25,960,361.172,965,966.25,22.0078,93.6797,93.7031,21.7266,22.1016,145.527,57,1.384,0.904001,2.064,96.75,0.392157,0.392157,0,0.09375,0,6,6,6
3.279,0,0,0,0,1.14386,0.99997,1,0,1,1,1,0,1,1.00488,0,0,3.02778,3.08334,3.27778,742.25,960,362.93,965,966.25,22.1484,93.6797,93.7031,23.1328,22.2188,145.527,57,1.416,0.904001,2.112,96,0.392157,0.392157,0,0.140625,0,5.25,5.25,5.25
3.312,0,0,0,0,1.14465,0.99997,1,0,1,1,1,0,1,1.00488,0,0,3.08334,3.08334,3.27778,742.25,960,362.93,965,966.25,22.1484,93.6797,93.7031,23.1328,22.2891,146.191,57,1.416,0.922668,2.112,96,0.392157,0.392157,0,0.203125,0,5.25,5.25,5.25
3.346,0,0,0,0,1.14465,0.99997,1,0,1,1,1,0,1,1.00488,0,0,3.08334,3.08334,3.13889,743.75,960,362.852,965,966.25,22.1484,93.6797,93.7031,22.1016,22.1719,146.191,57,1.4,0.914668,2.096,96,0.392157,0.392157,0,0.171875,0,5.25,5.25,5.25
3.379,0,0,0,0,1.14465,0.99997,1,0,1,1,1,0,1,1.00488,0,0,3.08334,3.08334,3.11111,744,960,362.422,965,966.25,22.1016,93.6797,93.7031,21.8906,22.1484,146.191,57,1.396,0.912001,2.076,96,0.392157,0.392157,0,0.359375,0,4.5,4.5,4.5
3.412,0,0,0,0,1.14465,0.99997,1,0,1,1,1,0,1,1.00488,0,0,3.08334,3.08334,3.19445,745.25,960,362.969,965,966.25,22.1484,93.6797,93.7031,22.4531,22.1719,146.191,57,1.408,0.912001,2.088,96,0.392157,0.392157,0,0.359375,0,4.5,4.5,4.5
3.446,0,0,0,0,1.14465,0.99997,1,0,1,1,1,0,1,1.00366,0,0,3.13889,3.08334,3.11111,750.5,960,362.227,965,966.25,22.1016,93.6797,93.7031,21.7031,22.1719,146.191,57,1.392,0.920001,2.072,96,0.392157,0.392157,0,0.296875,0,3.75,3.75,3.75
3.479,0,0,0,0,1.14465,0.99997,1,0,1,1,1,0,1,1.00366,0,0,3.13889,3.08334,3.19445,747.25,960,362.656,965,966.25,22.125,93.6797,93.7031,22.3828,22.1484,146.191,57,1.408,0.909334,2.096,96.75,0.392157,0.392157,0,0.5,0,3.75,3.75,3.75
3.512,0,0,0,0,1.14465,0.99997,1,0,1,1,1,0,1,1.00366,0,0,3.13889,3.08334,3.19445,747.25,960,362.656,965,966.25,22.125,93.6797,93.7031,22.3828,22.0313,146.835,57,1.408,0.917334,2.096,96.75,0.392157,0.392157,0,0.375,0,3.75,3.75,3.75
5.384,0,0,0,0,1.14465,0.99997,1,0,1,1,1,0,1,1.00366,0,0,3.08334,3.05556,3.13889,757,970,357.227,970,966.25,21.6797,93.6797,93.7031,21.7266,22.1484,152.539,57,1.38,0.898668,2.076,96.75,0.392157,0.392157,0,0.390625,0,4.5,4.5,4.5
5.418,0,0,0,0,1.14465,0.99997,1,0,1,1,1,0,1,1.00366,0,0,3.08334,3.08334,3.11111,753.75,970,357.109,970,966.25,21.6563,93.6797,93.7031,21.6094,22.0781,152.539,57,1.376,0.898668,2.072,96.75,0.392157,0.392157,0,0.53125,0,4.5,4.5,4.5
5.451,0,0,0,0,1.14465,0.99997,1,0,1,1,1,0,1,1.00366,0,0,3.08334,3.08334,3.13889,750.75,970,357.461,970,966.25,21.6797,93.6797,93.7031,21.8906,22.1484,152.539,57,1.38,0.896001,2.076,96.75,0.392157,0.392157,0,0.375,0,5.25,5.25,5.25
5.484,0,0,0,0,1.14465,0.99997,1,0,1,1,1,0,1,1.00366,0,0,3.08334,3.08334,3.13889,750.75,970,357.461,970,966.25,21.6797,93.6797,93.7031,21.8906,22.1719,152.539,57,1.38,0.898668,2.076,96.75,0.392157,0.392157,0,0.265625,0,5.25,5.25,5.25
5.518,0,0,0,0,1.14465,0.99997,1,0,1,1,1,0,1,1.00366,0,0,3.08334,3.08334,3.08334,752.75,970,357.07,970,966.25,21.6563,93.6797,93.7031,21.4453,22.2188,153.164,57,1.376,0.896001,2.08,96.75,0.392157,0.392157,0,0.015625,0,4.5,4.5,4.5
5.551,0,0,0,0,1.14465,0.99997,1,0,1,1,1,0,1,1.00366,0,0,3.08334,3.05556,3.08334,752.75,970,356.719,970,966.25,21.6328,93.6797,93.7031,21.4453,22.1719,153.164,57,1.376,0.896001,2.08,96.75,0.392157,0.392157,0,0.046875,0,4.5,4.5,4.5
5.584,0,0,0,0,1.14465,0.99997,1,0,1,1,1,0,1,1.00366,0,0,3.08334,3.05556,3.11111,748.75,970,356.875,970,966.25,21.6563,93.6797,93.7031,21.75,22.1719,153.164,57,1.376,0.896001,2.064,96.75,0.392157,0.392157,0,0.046875,0,6,6,6
5.618,0,0,0,0,1.14465,0.99997,1,0,1,1,1,0,1,1.00366,0,0,3.08334,3.08334,3.16667,755.5,970,357.344,970,966.25,21.6797,93.6797,93.7031,21.9609,22.2188,153.164,57,1.384,0.896001,2.072,96.75,0.392157,0.392157,0,0.171875,0,4.5,4.5,4.5
5.651,0,0,0,0,1.14465,0.99997,1,0,1,1,1,0,1,1.00488,0,0,3.08334,3.05556,3.11111,758.25,970,357.031,965,966.25,21.6563,93.6797,93.7031,21.4922,22.0547,153.164,57,1.376,0.901334,2.064,96.75,0.392157,0.392157,0,0.3125,0,4.5,4.5,4.5
5.684,0,0,0,0,1.14465,0.99997,1,0,1,1,1,0,1,1.00366,0,0,3.08334,3.05556,3.08334,759,960,356.406,965,966.25,21.6094,93.6797,93.7031,21.2813,22.0313,153.164,57,1.368,0.896001,2.072,96.75,0.392157,0.392157,0,0.265625,0,3.75,3.75,3.75
5.718,0,0,0,0,1.14465,0.99997,1,0,1,1,1,0,1,1.00488,0,0,3.08334,3.05556,3.08334,759,960,356.406,965,966.25,21.6094,93.6797,93.7031,21.2813,21.9375,153.789,57,1.368,0.890668,2.072,96.75,0.392157,0.392157,0,0.359375,0,3.75,3.75,3.75
5.751,0,0,0,0,1.14465,0.99997,1,0,1,1,1,0,1,1.00366,0,0,3.08334,3.08334,3.11111,754.5,960,356.367,965,966.25,21.6094,93.6797,93.7031,21.5859,21.8906,153.789,57,1.376,0.896001,2.08,96.75,0.392157,0.392157,0,0.59375,0,4.5,4.5,4.5
5.784,0,0,0,0,1.14465,0.99997,1,0,1,1,1,0,1,1.00366,0,0,3.08334,3.05556,3.11111,750.25,960,356.484,965,966.25,21.6094,93.6797,93.7031,21.7031,21.9844,153.789,57,1.376,0.896001,2.064,96.75,0.392157,0.392157,0,0.59375,0,4.5,4.5,4.5
5.818,0,0,0,0,1.14465,0.99997,1,0,1,1,1,0,1,1.00366,0,0,3.08334,3.05556,3.08334,752,960,356.25,965,966.25,21.6094,93.6797,93.7031,21.4688,22.0781,153.789,57,1.372,0.896001,2.06,96.75,0.392157,0.392157,0,0.46875,0,4.5,4.5,4.5
5.851,0,0,0,0,1.14465,0.99997,1,0,1,1,1,0,1,1.00366,0,0,3.08334,3.05556,3.13889,754.75,960,356.484,965,966.25,21.6094,93.6797,93.7031,21.7734,22.0078,153.789,57,1.376,0.893334,2.064,96.75,0.392157,0.392157,0,0.546875,0,4.5,4.5,4.5
5.884,0,0,0,0,1.14465,0.99997,1,0,1,1,1,0,1,1.00366,0,0,3.08334,3.05556,3.05556,751.75,960,355.938,965,966.25,21.5859,93.6797,93.7031,21.2813,21.9844,153.789,57,1.368,0.896001,2.056,96.75,0.392157,0.392157,0,0.15625,0,4.5,4.5,4.5
5.918,0,0,0,0,1.14465,0.99997,1,0,1,1,1,0,1,1.00488,0,0,3.08334,3.05556,3.05556,751.75,960,355.938,965,966.25,21.5859,93.6797,93.7031,21.2813,21.9375,154.394,57,1.368,0.890668,2.056,96.75,0.392157,0.392157,0,0.203125,0,4.5,4.5,4.5
5.951,0,0,0,0,1.14465,0.99997,1,0,1,1,1,0,1,1.00488,0,0,3.08334,3.05556,3.16667,750,960,356.719,965,966.25,21.6328,93.6797,93.7031,22.1016,21.9844,154.394,57,1.384,0.901334,2.072,96.75,0.392157,0.392157,0,0,0,5.25,5.25,5.25
5.984,0,0,0,0,1.14465,0.99997,1,0,1,1,1,0,1,1.00366,0,0,3.08334,3.05556,3.11111,759.25,960,356.445,965,966.25,21.6094,93.6797,93.7031,21.4688,22.0078,154.394,57,1.376,0.896001,2.056,96.75,0.392157,0.392157,0,0,0,3.75,3.75,3.75
6.018,0,0,0,0,1.14465,0.99997,1,0,1,1,1,0,1,1.00366,0,0,3.08334,3.05556,3.13889,759.5,960,356.445,965,966.25,21.6094,93.6797,93.7031,21.6328,21.7734,154.394,57,1.376,0.896001,2.056,96.75,0.392157,0.392157,0,0.078125,0,3.75,3.75,3.75
6.051,0,0,0,0,1.14465,0.99997,1,0,1,1,1,0,1,1.00366,0,0,3.08334,3.08334,3.11111,749.5,960,356.602,965,966.25,21.6328,93.6797,93.7031,21.7266,21.75,154.394,57,1.376,0.896001,2.056,96.75,0.392157,0.392157,0,0.140625,0,4.5,4.5,4.5
6.084,0,0,0,0,1.14465,0.99997,1,0,1,1,1,0,1,1.00366,0,0,3.08334,3.13889,3.11111,740.25,960,357.188,965,966.25,21.6797,93.6797,93.7031,22.0078,21.75,154.394,57,1.38,0.896001,2.076,96.75,0.392157,0.392157,0,0.5,0,6,6,6
6.118,0,0,0,0,1.14447,0.99997,1,0,1,1,1,0,1,1.00366,0,0,3.02778,3.13889,3.11111,740.25,960,357.188,965,966.25,21.6797,93.6797,93.7031,22.0078,21.9844,154.999,57,1.38,0.898668,2.076,96.75,0.392157,0.392157,0,0.53125,0,6,6,6
6.151,0,0,0,0,1.14465,0.99997,1,0,1,1,1,0,1,1.00366,0,0,3.02778,3.08334,3.13889,742.75,960,357.891,965,966.25,21.7266,93.6797,93.7031,22.125,22.2188,154.999,57,1.384,0.901334,2.08,96.75,0.392157,0.392157,0,0.53125,0,6.75,6.75,6.75
6.184,0,0,0,0,1.14465,0.99997,1,0,1,1,1,0,1,1.00366,0,0,3.08334,3.05556,3.08334,752,960,357.461,965,966.25,21.6797,93.6797,93.7031,21.4688,22.1719,154.999,57,1.376,0.896001,2.072,96.75,0.392157,0.392157,0,0.53125,0,5.25,5.25,5.25
6.218,0,0,0,0,1.14465,0.99997,1,0,1,1,1,0,1,1.00366,0,0,3.08334,3.08334,3.11111,753,960,357.383,965,966.25,21.6797,93.6797,93.7031,21.6328,21.9375,154.999,57,1.376,0.896001,2.072,96.75,0.392157,0.392157,0,0.59375,0,4.5,4.5,4.5
6.251,0,0,0,0,1.14465,0.99997,1,0,1,1,1,0,1,1.00488,0,0,3.08334,3.05556,3.11111,759,960,357.031,965,966.25,21.6563,93.6797,93.7031,21.4688,21.8906,154.999,57,1.376,0.896001,2.072,96.75,0.392157,0.392157,0,0.234375,0,3.75,3.75,3.75
6.284,0,0,0,0,1.14465,0.99997,1,0,1,1,1,0,1,1.00366,0,0,3.08334,3.05556,3.05556,756.75,960,356.211,965,966.25,21.6094,93.6797,93.7031,21.1406,21.8672,154.999,57,1.368,0.896001,2.072,96.75,0.392157,0.392157,0,0.296875,0,3.75,3.75,3.75
6.318,0,0,0,0,1.14465,0.99997,1,0,1,1,1,0,1,1.00366,0,0,3.08334,3.05556,3.05556,756.75,960,356.211,965,966.25,21.6094,93.6797,93.7031,21.1406,21.7031,155.624,57,1.368,0.890668,2.072,96.75,0.392157,0.392157,0,-0.078125,0,3.75,3.75,3.75
6.351,0,0,0,0,1.14453,0.99997,1,0,1,1,1,0,1,1.00366,0,0,3.02778,3.05556,3.02778,752.25,960,355.352,965,966.25,21.5391,93.6797,93.7031,21.0703,21.7734,155.624,57,1.364,0.888001,2.068,96,0.392157,0.392157,0,0.109375,0,3.75,3.75,3.75
6.384,0,0,0,0,1.14441,0.99997,1,0,1,1,1,0,1,1.00366,0,0,3.02778,3.05556,3.08334,741.25,960,355.703,965,966.25,21.5625,93.6797,93.7031,21.7734,21.8672,155.624,57,1.372,0.893334,2.052,96,0.392157,0.392157,0,0.109375,0,6,6,6
6.418,0,0,0,0,1.14465,0.99997,1,0,1,1,1,0,1,1.00366,0,0,3.02778,3,3.11111,740.25,960,356.406,965,966.25,21.6094,93.6797,93.7031,22.0078,22.125,155.624,57,1.38,0.893334,2.06,96,0.392157,0.392157,0,-0.0625,0,6.75,6.75,6.75
6.451,0,0,0,0,1.14465,0.99997,1,0,1,1,1,0,1,1.00366,0,0,3.02778,3,3,746.5,960,355.508,965,966.25,21.5391,93.6797,93.7031,21.0469,22.1719,155.624,57,1.364,0.898668,2.044,96.75,0.392157,0.392157,0,0.125,0,6,6,6
6.484,0,0,0,0,1.14465,0.99997,1,0,1,1,1,0,1,1.00366,0,0,3.02778,3,3.08334,744.5,960,355.703,965,966.25,21.5625,93.6797,93.7031,21.6797,22.1719,155.624,57,1.372,0.888001,2.06,96.75,0.392157,0.392157,0,0.28125,0,6.75,6.75,6.75
6.518,0,0,0,0,1.14465,0.99997,1,0,1,1,1,0,1,1.00366,0,0,3.02778,3,3.08334,744.5,960,355.703,965,966.25,21.5625,93.6797,93.7031,21.6797,22.0547,156.21,57,1.372,0.893334,2.06,96.75,0.392157,0.392157,0,0.546875,0,6.75,6.75,6.75
6.551,0,0,0,0,1.14465,0.99997,1,0,1,1,1,0,1,1.00366,0,0,3.02778,3,3.02778,744.5,960,355.273,965,966.25,21.5391,93.6797,93.7031,21.3047,22.1016,156.21,57,1.364,0.888001,2.052,96.75,0.392157,0.392157,0,0.734375,0,6.75,6.75,6.75
6.584,0,0,0,0,1.14465,0.99997,1,0,1,1,1,0,1,1.00366,0,0,3.02778,3,3.05556,749,960,355,965,966.25,21.5156,93.6797,93.7031,21.375,22.125,156.21,57,1.364,0.888001,2.044,96.75,0.392157,0.392157,0,0.734375,0,6,6,6
6.618,0,0,0,0,1.14465,0.99997,1,0,1,1,1,0,1,1.00366,0,0,3.02778,2.97222,2.88889,752.25,960,352.773,965,966.25,21.3516,93.6797,93.7031,20.1094,22.0078,156.21,57,1.336,0.888001,2.016,96.75,0.392157,0.392157,0,0.453125,0,5.25,5.25,5.25
6.651,0,0,0,0,1.14349,0.99997,1,0,1,1,1,0,1,1.00366,0,0,3.02778,2.97222,3.08334,751.5,960,352.93,965,966.25,21.3516,93.6797,93.7031,21.4688,21.9375,156.21,57,1.368,0.869334,2.048,96.75,0.392157,0.392157,0,0.390625,0,6,6,6
6.684,0,0,0,0,1.14459,0.99997,1,0,1,1,1,0,1,1.00488,0,0,3.02778,2.97222,3.02778,740.75,960,352.969,965,966.25,21.3516,93.6797,93.7031,21.3984,21.9375,156.21,57,1.364,0.888001,2.052,96.75,0.392157,0.392157,0,0.03125,0,6.75,6.75,6.75
6.718,0,0,0,0,1.14465,0.99997,1,0,1,1,1,0,1,1.00488,0,0,2.97222,2.97222,3.02778,740.75,960,352.969,965,966.25,21.3516,93.6797,93.7031,21.3984,21.9609,156.835,57,1.364,0.888001,2.052,96.75,0.392157,0.392157,0,0.109375,0,6.75,6.75,6.75
6.751,0,0,0,0,1.14465,0.99997,1,0,1,1,1,0,1,1.00366,0,0,2.97222,2.97222,3.02778,731.25,960,353.477,965,966.25,21.3984,93.6797,93.7031,21.6797,22.3828,156.835,57,1.372,0.893334,2.06,96,0.392157,0.392157,0,-0.0625,0,10.5,10.5,10.5
6.784,0,0,0,0,1.14465,0.99997,1,0,1,1,1,0,1,1.00366,0,0,2.97222,2.97222,3,735,960,353.438,965,966.25,21.3984,93.6797,93.7031,21.375,22.6172,156.835,57,1.364,0.888001,2.052,96,0.392157,0.392157,0,-0.0625,0,10.5,10.5,10.5
6.818,0,0,0,0,1.14465,0.99997,1,0,1,1,1,0,1,1.00488,0,0,2.97222,2.97222,2.91667,747.25,960,351.914,965,966.25,21.2813,93.6797,93.7031,20.4375,22.2891,156.835,57,1.34,0.888001,2.028,96,0.392157,0.392157,0,0.25,0,7.5,7.5,7.5
6.851,0,0,0,0,1.1441,0.99997,1,0,1,1,1,0,1,1.00366,0,0,2.97222,2.97222,3.05556,746.75,960,352.109,965,966.25,21.3047,93.6797,93.7031,21.4219,21.9609,156.835,57,1.36,0.872001,2.048,96.75,0.392157,0.392157,0,0.109375,0,6.75,6.75,6.75
6.884,0,0,0,0,1.14447,0.99997,1,0,1,1,1,0,1,1.00366,0,0,2.97222,2.97222,3.05556,746.75,960,352.109,965,966.25,21.3047,93.6797,93.7031,21.4219,22.1719,156.835,57,1.36,0.882668,2.048,96.75,0.392157,0.392157,0,0.484375,0,6.75,6.75,6.75
6.918,0,0,0,0,1.14465,0.99997,1,0,1,1,1,0,1,1.00366,0,0,3.02778,2.97222,2.97222,751.75,960,351.133,965,966.25,21.2344,93.6797,93.7031,20.6953,22.1953,157.441,57,1.34,0.872001,2.028,96.75,0.392157,0.392157,0,0.5625,0,6.75,6.75,6.75
6.951,0,0,0,0,1.14465,0.99997,1,0,1,1,1,0,1,1.00366,0,0,3.02778,2.97222,3.02778,754.75,960,350.742,965,966.25,21.1875,93.6797,93.7031,21,22.0313,157.441,57,1.344,0.874668,2.032,96.75,0.392157,0.392157,0,0.5,0,6,6,6
6.984,0,0,0,0,1.14447,0.99997,1,0,1,1,1,0,1,1.00366,0,0,3.02778,2.97222,2.91667,756.5,960,349.141,965,966.25,21.0703,93.6797,93.7031,20.1797,21.9609,157.441,57,1.328,0.864001,2.016,96.75,0.392157,0.392157,0,0.5,0,5.25,5.25,5.25
7.018,0,0,0,0,1.14392,0.99997,1,0,1,1,1,0,1,1.00488,0,0,3.02778,2.97222,3.08334,755.75,960,349.57,965,966.25,21.1172,93.6797,93.7031,21.3516,21.8906,157.441,57,1.356,0.864001,2.044,96.75,0.392157,0.392157,0,0.546875,0,6,6,6
7.051,0,0,0,0,1.14465,0.99997,1,0,1,1,1,0,1,1.00366,0,0,3.02778,3,3,756.75,960,348.984,965,966.25,21.0703,93.6797,93.7031,20.7656,21.8906,157.441,57,1.34,0.880001,2.028,96.75,0.392157,0.392157,0,0.109375,0,5.25,5.25,5.25
7.084,0,0,0,0,1.14465,0.99997,1,0,1,1,1,0,1,1.00488,0,0,3.02778,3,2.91667,759,960,347.5,965,966.25,20.9531,93.6797,93.7031,20.1328,21.8906,157.441,57,1.32,0.872001,2.008,96.75,0.392157,0.392157,0,0.1875,0,4.5,4.5,4.5
7.118,0,0,0,0,1.1441,0.99997,1,0,1,1,1,0,1,1.00366,0,0,2.97222,3,2.91667,759,960,347.5,965,966.25,20.9531,93.6797,93.7031,20.1328,21.8203,158.027,57,1.32,0.858668,2.008,96.75,0.392157,0.392157,0,0.03125,0,4.5,4.5,4.5
7.151,0,0,0,0,1.14392,0.99997,1,0,1,1,1,0,1,1.00366,0,0,2.97222,3,3.05556,757.75,960,347.734,965,966.25,20.9766,93.6797,93.7031,21.1172,21.75,158.027,57,1.344,0.872001,2.032,96.75,0.392157,0.392157,0,0.09375,0,5.25,5.25,5.25
7.184,0,0,0,0,1.14429,0.99997,1,0,1,1,1,0,1,1.00366,0,0,2.97222,3,3,753.25,960,347.539,965,966.25,20.9531,93.6797,93.7031,20.8594,21.75,158.027,57,1.332,0.866668,2.012,96.75,0.392157,0.392157,0,0.09375,0,5.25,5.25,5.25
7.218,0,0,0,0,1.14429,0.99997,1,0,1,1,1,0,1,1.00366,0,0,2.97222,3,3.02778,751,960,347.773,965,966.25,20.9766,93.6797,93.7031,21.1172,21.8672,158.027,57,1.34,0.866668,2.02,96.75,0.392157,0.392157,0,0.03125,0,6,6,6
7.251,0,0,0,0,1.14465,0.99997,1,0,1,1,1,0,1,1.00488,0,0,2.97222,3,2.97222,752.75,960,347.266,965,966.25,20.9297,93.6797,93.7031,20.6719,21.8906,158.027,57,1.328,0.869334,2.008,96.75,0.392157,0.392157,0,0.34375,0,6.75,6.75,6.75
7.284,0,0,0,0,1.14441,0.99997,1,0,1,1,1,0,1,1.00366,0,0,2.97222,3,3.05556,758.5,960,347.5,965,966.25,20.9531,93.6797,93.7031,21.0938,21.8906,158.027,57,1.336,0.864001,2.024,96.75,0.392157,0.392157,0,0.4375,0,6,6,6
7.318,0,0,0,0,1.14465,0.99997,1,0,1,1,1,0,1,1.00366,0,0,2.97222,3,3.05556,758.5,960,347.5,965,966.25,20.9531,93.6797,93.7031,21.0938,21.8203,158.613,57,1.336,0.866668,2.024,96.75,0.392157,0.392157,0,0.484375,0,6,6,6
7.351,0,0,0,0,1.14453,0.99997,1,0,1,1,1,0,1,1.00366,0,0,2.97222,3,2.97222,755.5,960,346.914,965,966.25,20.9063,93.6797,93.7031,20.6016,21.6563,158.613,57,1.332,0.864001,2.02,96.75,0.392157,0.392157,0,0.265625,0,6,6,6
7.384,0,0,0,0,1.14447,0.99997,1,0,1,1,1,0,1,1.00366,0,0,2.97222,3,3.05556,752.25,960,347.461,965,966.25,20.9531,93.6797,93.7031,21.2578,21.7266,158.613,57,1.34,0.869334,2.02,96.75,0.392157,0.392157,0,0.265625,0,6,6,6
7.418,0,0,0,0,1.14465,0.99997,1,0,1,1,1,0,1,1.00366,0,0,2.97222,3,3,755,960,347.188,965,966.25,20.9297,93.6797,93.7031,20.7891,21.75,158.613,57,1.332,0.869334,2.012,96.75,0.392157,0.392157,0,0.25,0,5.25,5.25,5.25
7.451,0,0,0,0,1.14465,0.99997,1,0,1,1,1,0,1,1.00366,0,0,2.97222,3,3.05556,756.75,960,347.5,965,966.25,20.9531,93.6797,93.7031,21.1406,21.6797,158.613,57,1.34,0.866668,2.02,96.75,0.392157,0.392157,0,0.15625,0,5.25,5.25,5.25
7.484,0,0,0,0,1.14465,0.99997,1,0,1,1,1,0,1,1.00366,0,0,2.97222,3,2.91667,750.5,960,346.563,965,966.25,20.8828,93.6797,93.7031,20.3672,21.6797,158.613,57,1.32,0.869334,2.016,96.75,0.392157,0.392157,0,0.203125,0,6,6,6
7.518,0,0,0,0,1.1441,0.99997,1,0,1,1,1,0,1,1.00366,0,0,2.97222,3,2.91667,750.5,960,346.563,965,966.25,20.8828,93.6797,93.7031,20.3672,21.6328,159.218,57,1.32,0.858668,2.016,96.75,0.392157,0.392157,0,0.15625,0,6,6,6
7.551,0,0,0,0,1.14374,0.99997,1,0,1,1,1,0,1,1.00488,0,0,2.91667,3,3.02778,746,960,347.148,970,966.25,20.9297,93.6797,93.7031,21.2578,21.7734,159.218,57,1.336,0.866668,2.032,96.75,0.392157,0.392157,0,0.21875,0,6.75,6.75,6.75
7.584,0,0,0,0,1.14386,0.99997,1,0,1,1,1,0,1,1.00488,0,0,2.91667,3.02778,3,740.75,970,347.578,970,966.25,20.9531,93.6797,93.7031,21.2109,21.8672,159.218,57,1.336,0.866668,2.016,96.75,0.392157,0.392157,0,0.21875,0,7.5,7.5,7.5
7.618,0,0,0,0,1.14356,0.99997,1,0,1,1,1,0,1,1.00366,0,0,2.91667,3,3.08334,743.25,970,348.789,970,966.25,21.0469,93.6797,93.7031,21.7266,22.0313,159.218,57,1.352,0.866668,2.032,96.75,0.392157,0.392157,0,0.296875,0,7.5,7.5,7.5
7.651,0,0,0,0,1.14465,0.99997,1,0,1,1,1,0,1,1.00488,0,0,2.91667,3.02778,3,749,970,348.672,970,966.25,21.0469,93.6797,93.7031,20.9766,21.9844,159.218,57,1.336,0.877334,2.016,96.75,0.392157,0.392157,0,0.328125,0,6.75,6.75,6.75
7.684,0,0,0,0,1.14441,0.99997,1,0,1,1,1,0,1,1.00366,0,0,2.97222,2.97222,2.97222,750.75,970,348.125,970,966.25,21,93.6797,93.7031,20.7188,21.9844,159.218,57,1.332,0.869334,2.02,96.75,0.392157,0.392157,0,0.734375,0,6.75,6.75,6.75
7.718,0,0,0,0,1.14429,0.99997,1,0,1,1,1,0,1,1.00366,0,0,2.97222,2.97222,2.97222,750.75,970,348.125,970,966.25,21,93.6797,93.7031,20.7188,21.8438,159.824,57,1.332,0.866668,2.02,96.75,0.392157,0.392157,0,0.46875,0,6.75,6.75,6.75
7.751,0,0,0,0,1.14465,0.99997,1,0,1,1,1,0,1,1.00366,0,0,2.97222,3,3.08334,752.5,970,348.828,970,966.25,21.0469,93.6797,93.7031,21.4688,21.7969,159.824,57,1.348,0.874668,2.036,96.75,0.392157,0.392157,0,0.46875,0,6.75,6.75,6.75
7.784,0,0,0,0,1.14465,0.99997,1,0,1,1,1,0,1,1.00366,0,0,2.97222,3,3.02778,751.25,970,348.906,970,966.25,21.0703,93.6797,93.7031,21.1172,21.75,159.824,57,1.34,0.872001,2.028,96.75,0.392157,0.392157,0,0.46875,0,6.75,6.75,6.75
7.818,0,0,0,0,1.14465,0.99997,1,0,1,1,1,0,1,1.00366,0,0,2.97222,3.02778,3.05556,750,970,349.297,970,966.25,21.0938,93.6797,93.7031,21.3281,21.7734,159.824,57,1.34,0.872001,2.028,96.75,0.392157,0.392157,0,0.046875,0,6.75,6.75,6.75
7.851,0,0,0,0,1.14465,0.99997,1,0,1,1,1,0,1,1.00366,0,0,2.97222,3.02778,3,755.5,970,348.789,970,966.25,21.0469,93.6797,93.7031,20.7891,21.7734,159.824,57,1.332,0.872001,2.02,96.75,0.392157,0.392157,0,0.140625,0,4.5,4.5,4.5
7.884,0,0,0,0,1.14435,0.99997,1,0,1,1,1,0,1,1.00366,0,0,2.97222,3,3,753.25,970,348.477,970,966.25,21.0234,93.6797,93.7031,20.8594,21.7734,159.824,57,1.336,0.866668,2.032,96.75,0.392157,0.392157,0,0.15625,0,5.25,5.25,5.25
7.918,0,0,0,0,1.14429,0.99997,1,0,1,1,1,0,1,1.00366,0,0,2.97222,3,3,753.25,970,348.477,970,966.25,21.0234,93.6797,93.7031,20.8594,21.6328,160.41,57,1.336,0.866668,2.032,96.75,0.392157,0.392157,0,0.3125,0,5.25,5.25,5.25
7.951,0,0,0,0,1.14404,0.99997,1,0,1,1,1,0,1,1.00488,0,0,2.97222,3,2.97222,746.75,970,348.164,970,966.25,21,93.6797,93.7031,20.8359,21.6797,160.41,57,1.336,0.866668,2.032,96.75,0.392157,0.392157,0,0.25,0,6,6,6
7.984,0,0,0,0,1.1438,0.99997,1,0,1,1,1,0,1,1.00366,0,0,2.91667,3,2.97222,742,970,348.125,970,966.25,21,93.6797,93.7031,20.9766,21.8203,160.41,57,1.34,0.869334,2.02,96.75,0.392157,0.392157,0,0.25,0,6.75,6.75,6.75
8.018,0,0,0,0,1.14349,0.99997,1,0,1,1,1,0,1,1.00366,0,0,2.91667,3,3.08334,738.5,970,349.492,970,966.25,21.0938,93.6797,93.7031,21.8672,21.9609,160.41,57,1.356,0.869334,2.036,96.75,0.392157,0,0,0.265625,0,8.25,8.25,8.25
8.051,0,0,0,0,1.14465,0.99997,1,0,1,1,1,0,1,1.00488,0,0,2.91667,3.02778,3,743.25,970,349.531,970,966.25,21.0938,93.6797,93.7031,21.1406,22.0781,160.41,57,1.34,0.880001,2.02,96.75,0.392157,0,0,0.65625,0,7.5,7.5,7.5
8.084,0,0,0,0,1.14435,0.99997,1,0,1,1,1,0,1,1.00366,0,0,2.97222,3.02778,3.05556,749.5,970,349.922,970,966.25,21.1406,93.6797,93.7031,21.3516,22.0781,160.41,57,1.348,0.872001,2.036,96.75,0.392157,0.392157,0,0.40625,0,6.75,6.75,6.75
8.118,0,0,0,0,1.14447,0.99997,1,0,1,1,1,0,1,1.00488,0,0,2.97222,3.02778,3.05556,749.5,970,349.922,970,966.25,21.1406,93.6797,93.7031,21.3516,21.9844,160.976,57,1.348,0.877334,2.036,96.75,0.392157,0.392157,0,0.53125,0,6.75,6.75,6.75
8.151,0,0,0,0,1.14386,0.99997,1,0,1,1,1,0,1,1.00366,0,0,2.97222,3.02778,2.91667,746,970,348.867,970,966.25,21.0469,93.6797,93.7031,20.4844,21.8672,160.976,57,1.332,0.866668,2.02,96.75,0.392157,0.392157,0,0.171875,0,6.75,6.75,6.75
8.184,0,0,0,0,1.14325,0.99997,1,0,1,1,1,0,1,1.00366,0,0,2.91667,3.02778,3.05556,739.25,970,349.766,970,966.25,21.1172,93.6797,93.7031,21.6328,21.9375,160.976,57,1.352,0.877334,2.032,96.75,0.392157,0.392157,0,0.171875,0,8.25,8.25,8.25
8.218,0,0,0,0,1.14343,0.99997,1,0,1,1,1,0,1,1.00366,0,0,2.91667,3.02778,3,741.25,970,349.844,970,966.25,21.1172,93.6797,93.7031,21.1875,22.125,160.976,57,1.34,0.877334,2.02,96.75,0.392157,0.392157,0,0.25,0,8.25,8.25,8.25
8.251,0,0,0,0,1.14319,0.99997,1,0,1,1,1,0,1,1.00488,0,0,2.97222,3,2.97222,744.75,970,349.453,970,966.25,21.0938,93.6797,93.7031,20.8828,22.1016,160.976,57,1.34,0.872001,2.02,96.75,0.392157,0.392157,0,-0.125,0,7.5,7.5,7.5
8.284,0,0,0,0,1.14288,0.99997,1,0,1,1,1,0,1,1.00488,0,0,2.97222,3,2.97222,744.75,970,349.453,970,966.25,21.0938,93.6797,93.7031,20.8828,22.1016,160.976,57,1.34,0.872001,2.02,96.75,0.392157,0.392157,0,-0.0625,0,7.5,7.5,7.5
8.318,0,0,0,0,1.14295,0.99997,1,0,1,1,1,0,1,1.00488,0,0,2.91667,3.02778,3.05556,738.25,970,350.313,970,966.25,21.1641,93.6797,93.7031,21.6563,22.0547,161.562,57,1.356,0.880001,2.052,96.75,0.392157,0.392157,0,0.109375,0,9,9,9
8.351,0,0,0,0,1.14313,0.99997,1,0,1,1,1,0,1,1.00366,0,0,2.91667,3.02778,3,738.5,970,350.43,970,966.25,21.1641,93.6797,93.7031,21.2578,22.2422,161.562,57,1.344,0.874668,2.04,96.75,0.392157,0.392157,0,0.234375,0,9,9,9
8.384,0,0,0,0,1.14282,0.99997,1,0,1,1,1,0,1,1.00488,0,0,2.97222,3.02778,3.02778,746.5,970,350.508,970,966.25,21.1875,93.6797,93.7031,21.2344,22.2656,161.562,57,1.344,0.874668,2.032,96.75,0.392157,0.392157,0,0.234375,0,7.5,7.5,7.5
8.418,0,0,0,0,1.14282,0.99997,1,0,1,1,1,0,1,1.00366,0,0,2.97222,3.02778,3,752,970,350,970,966.25,21.1406,93.6797,93.7031,20.8828,22.0781,161.562,57,1.34,0.874668,2.028,96.75,0.392157,0.392157,0,0.65625,0,6,6,6
8.451,0,0,0,0,1.14258,0.99997,1,0,1,1,1,0,1,1.00366,0,0,2.97222,3.02778,3.02778,744,970,350.234,970,966.25,21.1641,93.6797,93.7031,21.3047,21.9609,161.562,57,1.344,0.872001,2.032,96.75,0.392157,0.392157,0,0.515625,0,6.75,6.75,6.75
8.484,0,0,0,0,1.14246,0.99997,1,0,1,1,1,0,1,1.00366,0,0,2.97222,3.02778,3.02778,744,970,350.234,970,966.25,21.1641,93.6797,93.7031,21.3047,21.9609,161.562,57,1.344,0.874668,2.032,96.75,0.392157,0.392157,0,0.734375,0,6.75,6.75,6.75
8.518,0,0,0,0,1.14246,0.99997,1,0,1,1,1,0,1,1.00488,0,0,2.97222,3.02778,3.02778,740.25,970,350.625,970,966.25,21.1875,93.6797,93.7031,21.4219,22.1484,162.148,57,1.348,0.877334,2.044,96.75,0.392157,0.392157,0,0.296875,0,8.25,8.25,8.25
8.551,0,0,0,0,1.1424,0.99997,1,0,1,1,1,0,1,1.00366,0,0,2.97222,3.02778,3,747.75,970,350.313,970,966.25,21.1641,93.6797,93.7031,21,22.2422,162.148,57,1.34,0.872001,2.036,96.75,0.392157,0.392157,0,0.234375,0,7.5,7.5,7.5
8.584,0,0,0,0,1.14215,0.99997,1,0,1,1,1,0,1,1.00366,0,0,3.02778,3.05556,3.02778,755.25,970,350.039,970,966.25,21.1406,93.6797,93.7031,21,22.0547,162.148,57,1.34,0.872001,2.028,96.75,0.392157,0.392157,0,0.234375,0,6,6,6
8.618,0,0,0,0,1.14191,0.99997,1,0,1,1,1,0,1,1.00488,0,0,3.02778,3.02778,3.02778,756,970,349.766,970,966.25,21.1172,93.6797,93.7031,20.9766,21.8672,162.148,57,1.34,0.872001,2.028,96.75,0.392157,0.392157,0,-0.03125,0,5.25,5.25,5.25
8.651,0,0,0,0,1.14179,0.99997,1,0,1,1,1,0,1,1.00366,0,0,3.02778,3,2.97222,753.25,970,349.023,970,966.25,21.0703,93.6797,93.7031,20.6719,21.8203,162.148,57,1.336,0.872001,2.024,96.75,0.392157,0.392157,0,0.171875,0,5.25,5.25,5.25
8.684,0,0,0,0,1.1416,0.99997,1,0,1,1,1,0,1,1.00366,0,0,2.97222,3,2.97222,753.25,970,349.023,970,966.25,21.0703,93.6797,93.7031,20.6719,21.8203,162.148,57,1.336,0.869334,2.024,96.75,0.392157,0.392157,0,0.015625,0,5.25,5.25,5.25
8.718,0,0,0,0,1.14136,0.99997,1,0,1,1,1,0,1,1.00366,0,0,2.97222,3.02778,3,748.25,970,348.906,970,966.25,21.0703,93.6797,93.7031,21,21.8906,162.714,57,1.344,0.872001,2.032,96.75,0.392157,0.392157,0,0.109375,0,6.75,6.75,6.75
8.751,0,0,0,0,1.14118,0.99997,1,0,1,1,1,0,1,1.00366,0,0,2.97222,3.02778,3.05556,745.5,970,349.492,970,966.25,21.0938,93.6797,93.7031,21.4453,22.0078,162.714,57,1.348,0.877334,2.036,96.75,0.392157,0.392157,0,0.1875,0,7.5,7.5,7.5
8.784,0,0,0,0,1.14142,0.99997,1,0,1,1,1,0,1,1.00488,0,0,2.97222,3.02778,3,745,970,349.453,970,966.25,21.0938,93.6797,93.7031,21.0703,22.0781,162.714,57,1.34,0.872001,2.02,96.75,0.392157,0.392157,0,0.1875,0,7.5,7.5,7.5
8.818,0,0,0,0,1.14111,0.99997,1,0,1,1,1,0,1,1.00366,0,0,2.97222,3.05556,3,752.25,970,349.102,970,966.25,21.0703,93.6797,93.7031,20.8828,22.1016,162.714,57,1.336,0.872001,2.016,96.75,0.392157,0.392157,0,0.53125,0,6.75,6.75,6.75
8.851,0,0,0,0,1.14056,0.99997,1,0,1,1,1,0,1,1.00488,0,0,2.97222,3.02778,3.02778,758.75,970,348.789,970,966.25,21.0469,93.6797,93.7031,20.8828,21.9375,162.714,57,1.332,0.869334,2.012,96.75,0.392157,0.392157,0,0.8125,0,4.5,4.5,4.5
8.884,0,0,0,0,1.14038,0.99997,1,0,1,1,1,0,1,1.00366,0,0,3.02778,3.02778,3.02778,758.75,970,348.789,970,966.25,21.0469,93.6797,93.7031,20.8828,21.8906,162.714,57,1.332,0.866668,2.012,96.75,0.392157,0.392157,0,0.421875,0,4.5,4.5,4.5
8.918,0,0,0,0,1.14038,0.99997,1,0,1,1,1,0,1,1.00366,0,0,2.97222,3.02778,3.02778,755.5,970,348.711,970,966.25,21.0469,93.6797,93.7031,21,21.7266,163.281,57,1.34,0.869334,2.028,96.75,0.392157,0.392157,0,0.328125,0,5.25,5.25,5.25
8.951,0,0,0,0,1.14026,0.99997,1,0,1,1,1,0,1,1.00366,0,0,2.97222,3.02778,3,748.75,970,348.594,970,966.25,21.0469,93.6797,93.7031,20.9766,21.7969,163.281,57,1.344,0.872001,2.032,96.75,0.392157,0.392157,0,0.109375,0,6.75,6.75,6.75
8.984,0,0,0,0,1.14002,0.99997,1,0,1,1,1,0,1,1.00366,0,0,2.97222,3.02778,3.05556,750.75,970,348.984,970,966.25,21.0703,93.6797,93.7031,21.3047,21.9375,163.281,57,1.34,0.872001,2.028,96.75,0.392157,0.392157,0,0.109375,0,6.75,6.75,6.75
9.018,0,0,0,0,1.14026,0.99997,1,0,1,1,1,0,1,1.00488,0,0,2.97222,3.02778,3.02778,752,970,348.984,970,966.25,21.0703,93.6797,93.7031,21.0703,21.8906,163.281,57,1.34,0.872001,2.028,96.75,0.392157,0.392157,0,0.15625,0,6,6,6
9.051,0,0,0,0,1.14038,0.99997,1,0,1,1,1,0,1,1.00366,0,0,2.97222,3.05556,3,753.5,970,348.594,970,966.25,21.0469,93.6797,93.7031,20.8359,21.8438,163.281,57,1.332,0.872001,2.02,96.75,0.392157,0.392157,0,-0.078125,0,5.25,5.25,5.25
9.084,0,0,0,0,1.13995,0.99997,1,0,1,1,1,0,1,1.00366,0,0,2.97222,3.05556,3,753.5,970,348.594,970,966.25,21.0469,93.6797,93.7031,20.8359,21.8203,163.281,57,1.332,0.866668,2.02,96.75,0.392157,0.392157,0,0.125,0,5.25,5.25,5.25
9.118,0,0,0,0,1.13947,0.99997,1,0,1,1,1,0,1,1.00366,0,0,2.97222,3.05556,3,750.5,970,348.398,970,966.25,21.0234,93.6797,93.7031,20.9297,21.7969,163.867,57,1.336,0.866668,2.024,96.75,0.392157,0,0,0.15625,0,6,6,6
9.151,0,0,0,0,1.13892,0.99997,1,0,1,1,1,0,1,1.00366,0,0,2.97222,3.05556,3.05556,748.25,970,348.984,970,966.25,21.0703,93.6797,93.7031,21.3984,21.8672,163.867,57,1.344,0.872001,2.032,96.75,0.392157,0,0,0.359375,0,6.75,6.75,6.75
9.184,0,0,0,0,1.13886,0.99997,1,0,1,1,1,0,1,1.00366,0,0,2.97222,3.05556,2.97222,753.75,970,348.281,970,966.25,21.0234,93.6797,93.7031,20.6484,21.8906,163.867,57,1.328,0.864001,2.016,96.75,0.392157,0,0,0.359375,0,5.25,5.25,5.25
9.218,0,0,0,0,1.13782,0.99997,1,0,1,1,1,0,1,1.00366,0,0,2.97222,3.05556,3,755.5,970,347.891,970,966.25,20.9766,93.6797,93.7031,20.7891,21.75,163.867,57,1.332,0.864001,2.02,96.75,0.392157,0,0,0.375,0,6,6,6
9.251,0,0,0,0,1.13721,0.99997,1,0,1,1,1,0,1,1.00366,0,0,2.97222,3.02778,3.05556,750.5,970,348.438,970,966.25,21.0234,93.6797,93.7031,21.3281,21.6797,163.867,57,1.344,0.864001,2.032,96.75,0.392157,0,0,0.4375,0,6.75,6.75,6.75
9.284,0,0,0,0,1.13721,0.99997,1,0,1,1,1,0,1,1.00366,0,0,2.97222,3.02778,3.05556,750.5,970,348.438,970,966.25,21.0234,93.6797,93.7031,21.3281,21.7031,163.867,57,1.344,0.872001,2.032,96.75,0.392157,0,0,0.40625,0,6.75,6.75,6.75
9.318,0,0,0,0,1.13678,0.99997,1,0,1,1,1,0,1,1.00488,0,0,2.97222,3.05556,2.97222,746.25,970,348.125,970,966.25,21,93.6797,93.7031,20.8359,21.7969,164.453,57,1.332,0.866668,2.028,96.75,0.392157,0,0,0.34375,0,7.5,7.5,7.5
9.351,0,0,0,0,1.13605,0.99997,1,0,1,1,1,0,1,1.00366,0,0,2.97222,3.02778,3.05556,746.25,970,348.789,970,966.25,21.0469,93.6797,93.7031,21.4219,21.8906,164.453,57,1.344,0.872001,2.04,96.75,0.392157,0,0,0.09375,0,7.5,7.5,7.5
9.384,0,0,0,0,1.13629,0.99997,1,0,1,1,1,0,1,1.00488,0,0,2.97222,3.05556,2.97222,750,970,348.281,970,966.25,21.0234,93.6797,93.7031,20.7422,21.8906,164.453,57,1.332,0.866668,2.012,96.75,0.392157,0,0,0.09375,0,7.5,7.5,7.5
9.418,0,0,0,0,1.1355,0.99997,1,0,1,1,1,0,1,1.00488,0,0,2.97222,3.05556,3,749.25,970,348.164,970,966.25,21,93.6797,93.7031,20.9531,21.8203,164.453,57,1.336,0.866668,2.016,96.75,0.392157,0,0,0.046875,0,6,6,6
9.451,0,0,0,0,1.13464,0.99997,1,0,1,1,1,0,1,1.00366,0,0,2.97222,3,2.91667,751,970,347.109,970,966.25,20.9297,93.6797,93.7031,20.3438,21.8203,164.453,57,1.32,0.866668,2,96.75,0.392157,0,0,0.171875,0,6,6,6
9.484,0,0,0,0,1.13397,0.99997,1,0,1,1,1,0,1,1.00366,0,0,2.97222,3,2.91667,751,970,347.109,970,966.25,20.9297,93.6797,93.7031,20.3438,21.8203,164.453,57,1.32,0.858668,2,96.75,0.392157,0,0,0.078125,0,6,6,6
9.518,0,0,0,0,1.13342,0.99997,1,0,1,1,1,0,1,1.00366,0,0,2.97222,3,2.97222,755.5,970,346.563,970,966.25,20.8828,93.6797,93.7031,20.6016,21.75,165.019,57,1.324,0.858668,2.012,96.75,0,0.392157,0,0.375,0,5.25,5.25,5.25
9.551,0,0,0,0,1.13355,0.99997,1,0,1,1,1,0,1,1.00488,0,0,2.97222,2.94445,2.97222,752.5,970,346.25,965,966.25,20.8594,93.6797,93.7031,20.6953,21.6563,165.019,57,1.328,0.861334,2.016,96.75,0,0.392157,0,0.421875,0,6,6,6
9.584,0,0,0,0,1.13385,0.99997,1,0,1,1,1,0,1,1.00366,0,0,2.91667,2.94445,2.91667,744.75,960,345.625,965,966.25,20.8125,93.6797,93.7031,20.4844,21.7031,165.019,57,1.324,0.858668,2.02,96.75,0,0.392157,0,0.421875,0,7.5,7.5,7.5
9.618,0,0,0,0,1.13342,0.99997,1,0,1,1,1,0,1,1.00366,0,0,2.91667,2.94445,2.91667,742.5,960,345.234,965,966.25,20.7891,93.6797,93.7031,20.5781,21.8906,165.019,57,1.324,0.858668,2.02,96.75,0,0.392157,0,0.71875,0,9,9,9
10.785,0,0,0,0,1.12457,0.99997,1,0,1,1,1,0,1,1.00366,0,0,2.97222,3,3.05556,755.75,970,346.758,970,966.25,20.9063,93.6797,93.7031,21.1641,21.5391,168.378,57,1.332,0.864001,2.012,96.75,0.392157,0.392157,0,0.640625,0,4.5,4.5,4.5
10.818,0,0,0,0,1.12512,0.99997,1,0,1,1,1,0,1,1.00366,0,0,2.97222,3.02778,3.02778,750.5,970,347.109,970,966.25,20.9297,93.6797,93.7031,21.1406,21.4688,168.378,57,1.332,0.864001,2.012,96.75,0.392157,0.392157,0,0.359375,0,5.25,5.25,5.25
10.851,0,0,0,0,1.12512,0.99997,1,0,1,1,1,0,1,1.00366,0,0,2.97222,3.05556,3.02778,744.25,970,347.695,970,966.25,20.9766,93.6797,93.7031,21.3047,21.5859,168.378,57,1.336,0.864001,2.016,96.75,0.392157,0.392157,0,0.203125,0,7.5,7.5,7.5
10.885,0,0,0,0,1.12494,0.99997,1,0,1,1,1,0,1,1.00366,0,0,2.91667,3.05556,3.02778,744.25,970,347.695,970,966.25,20.9766,93.4688,93.7031,21.3047,21.5859,168.378,57,1.336,0.866668,2.016,96.75,0.392157,0,0,-0.0625,0,7.5,7.5,7.5
10.918,0,0,0,0,1.12445,0.99997,1,0,1,1,1,0,1,1.00366,0,0,2.91667,3.05556,3,746.25,970,347.773,970,966.25,20.9297,93.4688,93.7031,21.0469,21.7266,168.945,57,1.332,0.864001,2.02,96.75,0.392157,0,0,0.09375,0,6.75,6.75,6.75
10.951,0,0,0,0,1.12415,0.99997,1,0,1,1,1,0,1,1.00366,0,0,2.91667,3,3,747,970,347.891,970,966.25,20.9297,93.6797,93.7031,21.0234,21.6797,168.945,57,1.336,0.866668,2.024,96.75,0.392157,0.392157,0,0.03125,0,6.75,6.75,6.75
10.985,0,0,0,0,1.12415,0.99997,1,0,1,1,1,0,1,1.00366,0,0,2.91667,3.02778,3.08334,741.5,970,349.219,970,966.25,21.0234,93.6797,93.7031,21.7734,21.6797,168.945,57,1.348,0.874668,2.028,96.75,0.392157,0.392157,0,0.03125,0,7.5,7.5,7.5
11.018,0,0,0,0,1.12482,0.99997,1,0,1,1,1,0,1,1.00366,0,0,2.91667,3,3.02778,733.25,970,350.117,970,966.25,21.0938,93.6797,93.7031,21.6094,21.8203,168.945,57,1.348,0.877334,2.028,96.75,0.392157,0,0,0.03125,0,9.75,9.75,9.75
11.051,0,0,0,0,1.12506,0.99997,1,0,1,1,1,0,1,1.00488,0,0,2.91667,3.05556,3.02778,734,970,350.859,970,966.25,21.1641,93.6797,93.7031,21.5859,22.125,168.945,57,1.348,0.877334,2.036,96.75,0.392157,0,0,0.1875,0,10.5,10.5,10.5
11.085,0,0,0,0,1.12494,0.99997,1,0,1,1,1,0,1,1.00366,0,0,2.91667,3.05556,3.02778,734,970,350.859,970,966.25,21.1641,93.6797,93.7031,21.5859,22.1484,168.945,57,1.348,0.877334,2.036,96.75,0.392157,0,0,0.484375,0,10.5,10.5,10.5
11.118,0,0,0,0,1.12427,0.99997,1,0,1,1,1,0,1,1.00488,0,0,2.97222,3.08334,3,741.25,970,350.859,970,966.25,21.1641,93.6797,93.7031,21.1875,22.1016,169.511,57,1.34,0.872001,2.028,96.75,0.392157,0,0,0.5625,0,9,9,9
11.151,0,0,0,0,1.1236,0.99997,1,0,1,1,1,0,1,1.00366,0,0,2.97222,3.02778,3,745.25,970,350.703,970,966.25,21.1406,93.6797,93.7031,21.0703,21.9609,169.511,57,1.34,0.872001,2.028,96.75,0.392157,0,0,0.640625,0,7.5,7.5,7.5
11.185,0,0,0,0,1.12329,0.99997,1,0,1,1,1,0,1,1.00488,0,0,2.97222,3.02778,3,742,970,350.703,970,966.25,21.1406,93.6797,93.7031,21.1641,21.8672,169.511,57,1.34,0.872001,2.02,96.75,0.392157,0.392157,0,0.640625,0,7.5,7.5,7.5
11.218,0,0,0,0,1.12299,0.99997,1,0,1,1,1,0,1,1.00366,0,0,2.97222,3.02778,3.05556,744.5,970,351.25,970,966.25,21.1875,93.6797,93.7031,21.4922,21.9609,169.511,57,1.356,0.880001,2.036,96.75,0.392157,0.392157,0,0.375,0,6.75,6.75,6.75
11.251,0,0,0,0,1.12323,0.99997,1,0,1,1,1,0,1,1.00366,0,0,2.97222,3.05556,3.02778,744.25,970,351.406,970,966.25,21.1875,93.6797,93.7031,21.3047,21.9141,169.511,57,1.344,0.880001,2.056,96.75,0.392157,0.392157,0,0.1875,0,6.75,6.75,6.75
11.285,0,0,0,0,1.12317,0.99997,1,0,1,1,1,0,1,1.00488,0,0,2.97222,3.05556,3.02778,744.25,970,351.406,970,966.25,21.1875,93.6797,93.7031,21.3047,21.9375,169.511,57,1.344,0.874668,2.056,96.75,0.392157,0.392157,0,0.234375,0,6.75,6.75,6.75
11.318,0,0,0,0,1.1228,0.99997,1,0,1,1,1,0,1,1.00366,0,0,2.97222,3.05556,3.02778,744.5,970,351.563,970,966.25,21.2109,93.6797,93.7031,21.3047,21.9609,170.058,57,1.348,0.877334,2.06,96.75,0.392157,0.392157,0,-0.0625,0,6.75,6.75,6.75
11.351,0,0,0,0,1.12256,0.99997,1,0,1,1,1,0,1,1.00366,0,0,2.97222,3.02778,3,740.5,970,351.563,970,966.25,21.2109,93.6797,93.7031,21.2109,21.9609,170.058,57,1.348,0.877334,2.06,96.75,0.392157,0.392157,0,-0.0625,0,7.5,7.5,7.5
11.385,0,0,0,0,1.12232,0.99997,1,0,1,1,1,0,1,1.00366,0,0,2.97222,3.02778,3,743.75,970,351.406,970,966.25,21.1875,93.6797,93.7031,21.1172,22.0781,170.058,57,1.344,0.874668,2.032,96.75,0.392157,0.392157,0,0.25,0,7.5,7.5,7.5
11.418,0,0,0,0,1.12195,0.99997,1,0,1,1,1,0,1,1.00366,0,0,2.97222,3.02778,3,752.25,970,350.898,970,966.25,21.1641,93.6797,93.7031,20.8828,22.0078,170.058,57,1.34,0.872001,2.028,96.75,0.392157,0.392157,0,0.21875,0,6,6,6
11.451,0,0,0,0,1.1217,0.99997,1,0,1,1,1,0,1,1.00366,0,0,2.97222,3,3.02778,747.25,970,350.938,970,966.25,21.1641,93.6797,93.7031,21.2109,21.8203,170.058,57,1.344,0.872001,2.04,96.75,0.392157,0.392157,0,0.484375,0,6,6,6
11.485,0,0,0,0,1.12177,0.99997,1,0,1,1,1,0,1,1.00366,0,0,2.97222,3,3.02778,747.25,970,350.938,970,966.25,21.1641,93.6797,93.7031,21.2109,21.7969,170.058,57,1.344,0.874668,2.04,96.75,0.392157,0.392157,0,0.40625,0,6,6,6
11.518,0,0,0,0,1.12177,0.99997,1,0,1,1,1,0,1,1.00366,0,0,2.91667,3.02778,3,733.75,970,351.328,970,966.25,21.1875,93.6797,93.7031,21.4219,22.0078,170.624,57,1.348,0.877334,2.044,96.75,0.392157,0.392157,0,0.5,0,9.75,9.75,9.75
11.551,0,0,0,0,1.1217,0.99997,1,0,1,1,1,0,1,1.00366,0,0,2.97222,3.02778,3.05556,741.25,970,351.953,970,966.25,21.2344,93.6797,93.7031,21.5859,22.2656,170.624,57,1.352,0.880001,2.048,96.75,0.392157,0.392157,0,0.5,0,8.25,8.25,8.25
11.585,0,0,0,0,1.12195,0.99997,1,0,1,1,1,0,1,1.00488,0,0,2.97222,3.02778,2.97222,749.25,970,351.211,970,966.25,21.1875,93.6797,93.7031,20.7656,22.125,170.624,57,1.34,0.872001,2.028,96.75,0.392157,0.392157,0,0.484375,0,7.5,7.5,7.5
11.618,0,0,0,0,1.12122,0.99997,1,0,1,1,1,0,1,1.00366,0,0,3.02778,3.02778,3.02778,753.25,970,350.977,970,966.25,21.1641,93.6797,93.7031,21.0469,21.9375,170.624,57,1.34,0.872001,2.028,96.75,0.392157,0.392157,0,0.3125,0,6,6,6
11.651,0,0,0,0,1.12122,0.99997,1,0,1,1,1,0,1,1.00366,0,0,3.02778,3.02778,3,750.5,970,350.586,970,966.25,21.1406,93.6797,93.7031,20.9297,21.8203,170.624,57,1.34,0.872001,2.036,96.75,0.392157,0.392157,0,0.1875,0,6,6,6
11.685,0,0,0,0,1.12103,0.99997,1,0,1,1,1,0,1,1.00366,0,0,2.97222,3.02778,3,750.5,970,350.586,970,966.25,21.1406,93.6797,93.7031,20.9297,21.8438,170.624,57,1.34,0.872001,2.036,96.75,0.392157,0.392157,0,0.015625,0,6,6,6
11.718,0,0,0,0,1.12067,0.99997,1,0,1,1,1,0,1,1.00366,0,0,2.97222,3,2.97222,747.25,970,350.078,970,966.25,21.0938,93.6797,93.7031,20.8359,21.8906,171.171,57,1.336,0.869334,2.032,96.75,0.392157,0.392157,0,0.25,0,6.75,6.75,6.75
11.751,0,0,0,0,1.12048,0.99997,1,0,1,1,1,0,1,1.00488,0,0,2.97222,3.02778,3.02778,750.75,970,350.078,970,966.25,21.0938,93.6797,93.7031,21.1172,21.9609,171.171,57,1.344,0.872001,2.04,96.75,0.392157,0.392157,0,0.25,0,6.75,6.75,6.75
11.785,0,0,0,0,1.12048,0.99997,1,0,1,1,1,0,1,1.00366,0,0,2.97222,3.02778,2.91667,754.25,970,348.672,970,966.25,21,93.6797,93.7031,20.2266,21.8672,171.171,57,1.32,0.858668,2.008,96.75,0.392157,0.392157,0,0.03125,0,5.25,5.25,5.25
11.818,0,0,0,0,1.11902,0.99997,1,0,1,1,1,0,1,1.00366,0,0,2.97222,3.02778,3.02778,746.75,970,349.023,970,966.25,21.0234,93.6797,93.7031,21.2344,21.7734,171.171,57,1.344,0.872001,2.032,96.75,0.392157,0.392157,0,0.328125,0,6.75,6.75,6.75
11.851,0,0,0,0,1.11902,0.99997,1,0,1,1,1,0,1,1.00366,0,0,2.97222,3,2.97222,737,970,349.141,970,966.25,21.0234,93.6797,93.7031,21.1172,21.9375,171.171,57,1.34,0.872001,2.028,96.75,0.392157,0.392157,0,0.40625,0,9,9,9
11.885,0,0,0,0,1.11884,0.99997,1,0,1,1,1,0,1,1.00366,0,0,2.91667,3,2.97222,737,970,349.141,970,966.25,21.0234,93.6797,93.7031,21.1172,21.9609,171.171,57,1.34,0.872001,2.028,96.75,0.392157,0.392157,0,0.671875,0,9,9,9
11.918,0,0,0,0,1.11847,0.99997,1,0,1,1,1,0,1,1.00366,0,0,2.91667,3.02778,3,737.75,970,349.531,970,966.25,21.0469,93.6797,93.7031,21.2813,22.2188,171.699,57,1.34,0.872001,2.028,96.75,0.392157,0.392157,0,0.34375,0,9.75,9.75,9.75
11.951,0,0,0,0,1.11829,0.99997,1,0,1,1,1,0,1,1.00488,0,0,2.97222,3.02778,3.02778,745.5,970,349.844,970,966.25,21.0703,93.6797,93.7031,21.2578,22.2188,171.699,57,1.34,0.872001,2.028,96.75,0.392157,0.392157,0,0.34375,0,8.25,8.25,8.25
11.985,0,0,0,0,1.11829,0.99997,1,0,1,1,1,0,1,1.00366,0,0,2.91667,3,2.91667,741.5,970,349.102,970,966.25,21.0234,93.6797,93.7031,20.6016,22.0547,171.699,57,1.332,0.866668,2.02,96.75,0.392157,0.392157,0,0.171875,0,9,9,9
12.018,0,0,0,0,1.11719,0.99997,1,0,1,1,1,0,1,1.00488,0,0,2.91667,3,3,741.25,970,349.336,970,966.25,21.0469,93.6797,93.7031,21.1875,22.1719,171.699,57,1.344,0.872001,2.032,96.75,0.392157,0.392157,0,0.15625,0,9,9,9
12.051,0,0,0,0,1.11719,0.99997,1,0,1,1,1,0,1,1.00366,0,0,2.91667,3,3,741.25,970,349.336,970,966.25,21.0469,93.6797,93.7031,21.1875,22.1953,171.699,57,1.344,0.872001,2.032,96.75,0.392157,0.392157,0,0.078125,0,9,9,9
12.085,0,0,0,0,1.11688,0.99997,1,0,1,1,1,0,1,1.00366,0,0,2.97222,3.02778,2.97222,746.25,970,348.984,970,966.25,21.0234,93.6797,93.7031,20.8359,22.1953,171.699,57,1.332,0.866668,2.02,96.75,0.392157,0.392157,0,0.28125,0,8.25,8.25,8.25
12.118,0,0,0,0,1.11627,0.99997,1,0,1,1,1,0,1,1.00488,0,0,2.97222,3.02778,3,751,970,348.789,970,966.25,21,93.6797,93.7031,20.9063,22.0781,172.246,57,1.336,0.866668,2.024,96.75,0.392157,0.392157,0,0.109375,0,6.75,6.75,6.75
12.151,0,0,0,0,1.11572,0.99997,1,0,1,1,1,0,1,1.00366,0,0,2.91667,3.02778,2.91667,744.5,970,348.008,970,966.25,20.9531,93.6797,93.7031,20.5078,21.9844,172.246,57,1.324,0.861334,2.012,96.75,0.392157,0.392157,0,0.109375,0,7.5,7.5,7.5
12.185,0,0,0,0,1.11462,0.99997,1,0,1,1,1,0,1,1.00488,0,0,2.91667,3.02778,3,744.5,970,348.203,970,966.25,20.9531,93.6797,93.7031,21.0938,22.125,172.246,57,1.336,0.866668,2.024,96.75,0.392157,0.392157,0,0.40625,0,8.25,8.25,8.25
12.218,0,0,0,0,1.11395,0.99997,1,0,1,1,1,0,1,1.00366,0,0,2.91667,3,2.97222,745.25,970,348.086,970,966.25,20.9531,93.6797,93.7031,20.8828,22.1484,172.246,57,1.336,0.866668,2.024,96.75,0.392157,0.392157,0,0.296875,0,9,9,9
12.251,0,0,0,0,1.11371,0.99997,1,0,1,1,1,0,1,1.00366,0,0,2.91667,3,2.97222,745.25,970,348.086,970,966.25,20.9531,93.6797,93.7031,20.8828,22.1484,172.246,57,1.336,0.866668,2.024,96.75,0.392157,0.392157,0,0.609375,0,9,9,9
12.285,0,0,0,0,1.11353,0.99997,1,0,1,1,1,0,1,1.00366,0,0,2.91667,3,3,744,970,348.281,970,966.25,20.9766,93.6797,93.7031,21.0938,22.1484,172.246,57,1.34,0.869334,2.036,96.75,0.392157,0.392157,0,0.390625,0,8.25,8.25,8.25
12.318,0,0,0,0,1.11322,0.99997,1,0,1,1,1,0,1,1.00366,0,0,2.91667,3,2.91667,743.25,970,347.578,970,966.25,20.9063,93.6797,93.7031,20.5547,22.1953,172.792,57,1.328,0.864001,2.024,96.75,0.392157,0.392157,0,0.5625,0,9.75,9.75,9.75
12.351,0,0,0,0,1.11243,0.99997,1,0,1,1,1,0,1,1.00366,0,0,2.97222,3,2.97222,751.25,970,347.266,970,966.25,20.8828,93.6797,93.7031,20.7188,22.2188,172.792,57,1.336,0.866668,2.032,96.75,0.392157,0.392157,0,0.5625,0,7.5,7.5,7.5
12.385,0,0,0,0,1.11218,0.99997,1,0,1,1,1,0,1,1.00366,0,0,2.97222,3,3.02778,757.25,970,347.305,970,966.25,20.8828,93.6797,93.7031,20.9297,22.0313,172.792,57,1.336,0.866668,2.024,96.75,0.392157,0.392157,0,0.296875,0,6,6,6
12.418,0,0,0,0,1.11231,0.99997,1,0,1,1,1,0,1,1.00366,0,0,2.97222,3,3,754.75,970,347.188,970,966.25,20.8828,93.6797,93.7031,20.8125,21.8438,172.792,57,1.336,0.866668,2.024,96.75,0,0.392157,0,0.046875,0,6,6,6
12.451,0,0,0,0,1.11243,0.99997,1,0,1,1,1,0,1,1.00366,0,0,2.97222,3,3,754.75,970,347.188,970,966.25,20.8828,93.6797,93.7031,20.8125,21.8906,172.792,57,1.336,0.866668,2.024,96.75,0.392157,0.392157,0,0.046875,0,6,6,6
12.485,0,0,0,0,1.1117,0.99997,1,0,1,1,1,0,1,1.00366,0,0,2.91667,3.02778,2.91667,751.25,970,346.328,970,966.25,20.8125,93.6797,93.7031,20.3438,21.8906,172.792,57,1.316,0.856001,2.004,96.75,0.392157,0.392157,0,0.046875,0,6.75,6.75,6.75
12.518,0,0,0,0,1.11078,0.99997,1,0,1,1,1,0,1,1.00366,0,0,2.97222,3,3.05556,750.75,970,347.07,970,966.25,20.8828,93.6797,93.7031,21.3047,21.9609,173.339,57,1.34,0.869334,2.028,96.75,0.392157,0.392157,0,0.359375,0,6.75,6.75,6.75
12.551,0,0,0,0,1.11066,0.99997,1,0,1,1,1,0,1,1.00488,0,0,2.97222,3.02778,2.88889,754,970,345.742,970,966.25,20.7891,93.6797,93.7031,20.0625,20.1328,173.339,57,1.308,0.850668,1.996,96.75,0.392157,0.392157,0,0.359375,0.17853,12.75,12.75,12.75
12.585,0,0,0,0,1.10931,0.99997,1,0,1,1,1,0,1,1.00366,0,0,2.97222,3.05556,3.05556,760,970,346.133,970,966.25,20.8125,93.6797,93.7031,21.0469,20.0156,173.339,57,1.356,0.880001,2.044,96.75,0.392157,0.784314,0,0.3125,0.17853,11.25,11.25,11.25
12.618,0,0,0,0,1.10626,0.99997,1,0,1,1,1,0,1,1.00366,0,0,3.02778,3.27778,3.25,764.75,970,348.359,970,963.594,20.9766,93.6797,93.7031,22.2422,19.875,173.339,57,1.344,0.869334,2.032,96.75,0.392157,0,0,0.5625,0.17853,12,12,12
12.651,0,0,0,0,1.10602,0.99997,1,0,1,1,1,0,1,1.00366,0,0,3.02778,3,2.91667,772,970,347.422,970,963.594,20.9063,93.6797,93.7031,20.3906,22.8281,173.339,57,1.336,0.869334,2.024,96.75,0.392157,0.392157,0,0.53125,0.538643,20.25,20.25,20.25
12.685,0,0,0,0,1.10901,0.99997,1,0,1,1,1,0,1,1.00366,0,0,3.02778,3,2.91667,772,970,347.422,970,966.25,20.9063,93.6797,93.7031,20.3906,25.7109,173.339,57,1.336,0.861334,2.024,96.75,0.392157,0.392157,0,0.59375,0.898755,20.25,20.25,20.25
12.718,0,0,0,0,1.10913,0.99997,1,0,1,1,1,0,1,1.00366,0,0,3.08334,3,3.02778,779.75,970,346.289,970,966.25,20.8125,93.6797,93.7031,20.2031,25.5234,173.886,57,1.344,0.866668,2.032,96.75,0.784314,0.784314,0,0.15625,0.898755,20.25,20.25,20.25
12.751,0,0,0,0,1.10809,0.99997,1,0,1,1,1,0,1,1.00366,0,0,3.13889,3.47222,3.13889,793.25,970,345.977,970,966.25,20.7891,93.6797,93.7031,20.625,28.0313,173.886,57,1.34,0.864001,2.028,96.75,0.784314,1.17647,0,0.15625,1.25887,20.25,20.25,20.25
12.785,0,0,0,0,1.10492,0.99997,1,0,1,1,1,0,1,1.00366,0,0,3.19445,3.91667,3.41667,805,970,348.125,970,966.25,20.9531,93.6563,93.7031,22.1484,27.6094,173.886,57,1.364,0.880001,2.052,96.75,1.17647,1.17647,0,0.15625,1.25887,21.75,21.75,22.5
12.818,0,0,0,0,1.09692,0.99997,1,0,1,1,1,0,1,1.00488,0,0,3.30556,4.02778,3.77778,816.5,970,353.242,970,963.594,21.3516,93.6563,93.7031,24.1875,32.9531,173.886,57,1.428,0.917334,2.116,96.75,1.17647,1.56863,0,0.109375,1.97757,21,21,21
12.851,0,0,0,0,1.09796,0.99997,1,0,1,1,1,0,1,1.00366,0,0,3.30556,4.61111,3.94445,828.5,970,359.766,970,966.211,21.8672,93.6563,93.7031,25.4766,35.2031,173.886,57,1.472,0.917334,2.16,96.75,1.56863,1.96079,0,0.0625,2.33768,22.5,22.5,23.25
12.885,0,0,0,0,1.09393,0.99997,1,0,1,1,1,0,1,1.00366,0,0,3.61111,5.22223,4.72223,841.25,970,371.406,970,966.25,22.7109,93.5859,93.7031,29.2266,36.5859,173.886,57,1.576,1.02133,2.272,96.75,2.35294,2.35294,0,0.078125,2.69779,22.5,22.5,22.5
12.918,0,0,0,0,1.08667,0.99997,1,0,1,1,1,0,1,1.00366,0,0,3.88889,5.88889,5.47223,853.75,970,388.438,970,963.594,24.0469,93.5859,93.7031,33.4688,35.8359,174.492,57,1.704,1.112,2.4,96.75,2.7451,2.35294,0,0.109375,3.05638,22.5,22.5,23.25
12.951,0,0,0,0,1.08435,0.99997,1,0,1,1,1,0,1,1.00488,0,0,3.88889,5.83334,5.72223,870.75,970,405.625,970,963.594,25.3359,93.7266,93.7031,34.9219,35.9531,174.492,57,1.808,1.112,2.504,96.75,2.7451,2.7451,0,0.4375,3.41649,21.75,21.75,22.5
12.985,0,0,0,0,1.08423,0.99997,1,0,1,1,1,0,1,1.00366,0,0,4.13889,5.83334,5.72223,886.75,970,419.648,970,963.594,26.3672,93.75,93.7031,34.1953,35.4844,174.492,57,1.872,1.21333,2.56,96.75,2.7451,2.7451,0,0.796875,3.41649,21.75,21.75,21.75
13.018,0,0,0,0,1.08399,0.99997,1,0,1,1,1,0,1,1.00366,0,0,4.72223,5.83334,5.69445,911.5,970,430.156,970,963.594,27.3047,93.75,93.7031,33.0234,34.3594,174.492,57,1.908,1.232,2.596,96.75,2.7451,2.7451,0,0.59375,3.7766,21.75,21.75,22.5
13.051,0,0,0,0,1.08356,0.99997,1,0,1,1,1,0,1,1.00488,0,0,4.72223,5.83334,5.72223,938,970,437.852,970,963.594,27.9375,93.7031,93.7031,32.1797,33.5859,174.492,57,1.932,1.232,2.62,96.75,2.7451,2.7451,0,0.375,4.13671,21.75,21.75,21.75
13.085,0,0,0,0,1.08612,0.99997,1,0,1,1,1,0,1,1.00366,0,0,5.16667,5.86112,5.66667,965.5,970,442.539,970,966.211,28.2656,93.4688,93.7031,30.9141,33.4453,174.492,57,1.916,1.23467,2.596,96.75,2.7451,2.7451,0,0.46875,4.13671,21.75,21.75,21.75
13.118,0,0,0,0,1.08173,0.99997,1,0,1,1,1,0,1,1.00366,0,0,5.36112,5.88889,5.58334,996,970,443.477,970,963.594,28.5,93.4688,93.7031,28.875,31.4531,175.449,57,1.892,1.21867,2.572,96.75,2.7451,2.7451,0,0.078125,4.4953,23.25,23.25,23.25
13.151,0,0,0,0,1.07996,0.99997,1,0,1,1,1,0,1,1.00488,0,0,5.58334,5.86112,5.58334,1026.75,970,443.828,965,963.594,28.5938,93.75,93.7031,28.7344,30.4688,175.449,56.25,1.892,1.22133,2.572,96.75,2.7451,2.7451,0,-0.0625,4.4953,22.5,22.5,22.5
13.185,0,0,0,0,1.0788,0.99997,1,0,1,1,1,0,1,1.00366,0,0,5.75,5.86112,5.61112,1058.75,960,442.773,965,963.594,28.5234,93.4453,95.8359,27.9375,29.3672,175.449,56.25,1.868,1.20533,2.548,96.75,2.7451,2.7451,0,0.453125,4.85541,24.75,24.75,30
13.218,0,0,0,0,1.07684,0.99997,1,0,1,1,1,0,1,1.00366,0,0,5.97223,5.80556,5.58334,1118.75,960,435.781,965,963.594,28.1719,93.4453,95.8359,26.25,28.2656,175.449,56.25,1.8,1.17067,2.48,96.75,2.7451,2.7451,0,0.28125,4.85541,20.25,20.25,20.25
13.251,0,0,0,0,1.07849,0.99997,1,0,1,1,1,0,1,1.00488,0,0,5.97223,5.83334,5.5,1147.5,960,431.055,965,966.211,27.9844,95.6953,98.0391,25.1953,26.0625,175.449,56.25,1.776,1.17067,2.456,96.75,2.7451,2.7451,0,0.421875,5.21553,16.5,16.5,16.5
13.285,0,0,0,0,1.07691,0.99997,1,0,1,1,1,0,1,1.00366,0,0,6.11112,5.80556,5.61112,1172.5,960,425.547,965,966.25,27.6094,97.8984,100.008,24.5156,25.6641,175.449,56.25,1.728,1.13067,2.416,96.75,2.7451,2.35294,0,0.484375,5.93423,12.75,12.75,12.75
13.318,0,0,0,0,1.07452,0.99997,1,0,1,1,1,0,1,1.00488,0,0,6.22223,5.69445,5.41667,1219.5,960,412.578,965,966.25,26.8125,97.8984,100.008,22.9453,25.2422,176.66,56.25,1.636,1.07733,2.324,96.75,2.7451,2.35294,0,0.25,6.65445,12,12,12
13.351,0,0,0,0,1.07263,0.99997,1,0,1,1,1,0,1,1.00488,0,0,6.22223,5.69445,5.52778,1241.5,960,406.641,965,966.25,26.4609,100.031,101.719,23.0625,23.7656,176.66,56.25,1.608,1.07733,2.296,96.75,2.7451,2.35294,0,-0.15625,6.65445,12,12,12
13.385,0,0,0,0,1.07141,0.99997,1,0,1,1,1,0,1,1.00488,0,0,6.16667,5.66667,5.33334,1257.75,960,399.609,965,966.25,25.9453,101.836,103.125,22.0313,23.3906,176.66,56.25,1.548,1.03467,2.236,96.75,2.7451,2.35294,0,-0.328125,7.01304,11.25,11.25,11.25
13.418,0,0,0,0,1.06915,0.99997,1,0,1,1,1,0,1,1.00488,0,0,6.11112,5.66667,5.55556,1281.5,960,389.102,965,966.25,25.1953,101.836,103.125,22.5938,23.4375,176.66,56.25,1.524,1.01333,2.212,96.75,2.7451,2.35294,0,-0.15625,7.37315,13.5,13.5,13.5
13.451,0,0,0,0,1.06854,0.99997,1,0,1,1,1,0,1,1.00366,0,0,6.05556,5.63889,5.27778,1291.25,960,382.969,965,966.25,24.75,103.008,103.992,21.3281,23.7188,176.66,56.25,1.484,0.981335,2.172,96.75,2.7451,2.35294,0,-0.171875,7.73326,15.75,15.75,15.75
13.485,0,0,0,0,1.06696,0.99997,1,0,1,1,1,0,1,1.00366,0,0,6,5.52778,5.33334,1305.75,960,373.633,965,966.25,24.0703,103.828,104.531,21.3516,23.5547,176.66,56.25,1.468,0.984001,2.164,96.75,2.35294,2.35294,0,0,7.73326,19.5,19.5,19.5
13.518,0,0,0,0,1.06567,0.99997,1,0,1,1,1,0,1,1.00488,0,0,5.97223,5.55556,5.36112,1318.5,960,369.18,965,966.25,23.7656,103.828,104.531,21.2578,23.2266,177.871,56.25,1.46,0.957335,2.156,96.75,2.35294,2.7451,0,-0.046875,7.73326,21,21,21
13.551,0,0,0,0,1.06476,0.99997,1,0,1,1,1,0,1,1.00366,0,0,5.91667,5.55556,5.30556,1345.75,960,360.703,965,966.25,23.1328,104.414,105.844,20.625,22.9688,177.871,56.25,1.416,0.946668,2.112,96.75,2.35294,2.7451,0,-0.40625,7.73326,22.5,22.5,22.5
13.585,0,0,0,0,1.0636,0.99997,1,0,1,1,1,0,1,1.00488,0,0,5.91667,5.55556,5.41667,1357.25,960,357.109,965,966.25,22.875,105.609,106.758,20.8828,22.3594,177.871,56.25,1.416,0.917334,2.112,96.75,2.35294,2.7451,0,-0.234375,7.73326,22.5,22.5,22.5
13.618,0,0,0,0,1.06226,0.99997,1,0,1,1,1,0,1,1.00366,0,0,5.86112,5.61112,5.36112,1379.5,960,349.766,965,966.25,22.3359,105.609,106.758,20.3438,22.125,177.871,56.25,1.388,0.890668,2.084,96.75,2.7451,2.7451,0,-0.390625,7.73326,22.5,22.5,22.5
13.651,0,0,0,0,1.06091,0.99997,1,0,1,1,1,0,1,1.00366,0,0,5.86112,5.61112,5.52778,1391,960,347.344,965,966.25,22.1719,106.5,107.578,20.8125,22.1719,177.871,55.5,1.396,0.896001,2.092,96.75,2.7451,2.7451,0,-0.3125,8.09337,30.75,30.75,35.25
13.685,0,0,0,0,1.06049,0.99997,1,0,1,1,1,0,1,1.00366,0,0,5.86112,5.58334,5.47223,1415,960,342.109,965,966.25,21.7969,107.273,108.867,20.25,21.8672,177.871,55.5,1.376,0.888001,2.056,96.75,2.7451,2.7451,0,-0.296875,8.09337,28.5,28.5,28.5
13.718,0,0,0,0,1.05957,0.99997,1,0,1,1,1,0,1,1.00366,0,0,5.80556,5.58334,5.41667,1437.75,960,335.664,965,966.25,21.3281,107.273,108.867,19.7344,21.4219,179.121,55.5,1.348,0.858668,2.028,96.75,2.7451,2.7451,0,-0.375,8.09337,27,27,27
13.751,0,0,0,0,1.05859,0.99997,1,0,1,1,1,0,1,1.00488,0,0,5.80556,5.66667,5.5,1448.75,960,333.359,965,966.25,21.1406,108.563,109.688,19.875,20.9531,179.121,55.5,1.344,0.853334,2.024,96.75,2.7451,2.7451,0,-0.484375,8.09337,27,27,27
13.785,0,0,0,0,1.05786,0.99997,1,0,1,1,1,0,1,1.00366,0,0,5.80556,5.61112,5.41667,1467.25,960,328.555,965,966.25,20.7891,109.289,110.484,19.3125,20.6719,179.121,55.5,1.324,0.848001,2.012,96.75,2.7451,2.7451,0,-0.84375,8.09337,24.75,24.75,24.75
13.818,0,0,0,0,1.05658,0.99997,1,0,1,1,1,0,1,1.00366,0,0,5.75,5.58334,5.66667,1480.5,960,324.844,965,966.25,20.5313,109.289,110.484,20.0391,20.3906,179.121,55.5,1.336,0.821334,2.024,96.75,2.7451,2.7451,0,-0.671875,8.09337,25.5,25.5,25.5
13.851,0,0,0,0,1.05646,0.99997,1,0,1,1,1,0,1,1.00366,0,0,5.75,5.58334,5.41667,1487.5,960,322.5,965,966.25,20.3438,110.039,111.258,19.0547,20.0859,179.121,55.5,1.312,0.834668,2,96.75,2.7451,2.7451,0,-0.515625,8.09337,25.5,25.5,25.5
13.885,0,0,0,0,1.05573,0.99997,1,0,1,1,1,0,1,1.00366,0,0,5.75,5.58334,5.47223,1494.5,960,320.625,965,966.25,20.1563,110.742,111.773,19.6875,19.8984,179.121,55.5,1.324,0.813334,2.012,96.75,2.7451,2.7451,0,-0.46875,8.09337,25.5,25.5,25.5
13.918,0,0,0,0,1.05566,0.99997,1,0,1,1,1,0,1,1.00366,0,0,5.75,5.58334,5.52778,1511.5,960,316.797,965,966.25,19.9219,110.742,111.773,19.1484,19.7344,180.292,55.5,1.296,0.808001,1.984,96.75,2.7451,2.7451,0,-0.453125,8.09337,25.5,25.5,25.5
13.951,0,0,0,0,1.05542,0.99997,1,0,1,1,1,0,1,1.00488,0,0,5.69445,5.58334,5.5,1516.25,960,315.313,965,966.25,19.8281,111.211,112.523,18.9844,19.5469,180.292,55.5,1.296,0.802668,1.984,96.75,2.7451,2.7451,0,-0.59375,8.09337,25.5,25.5,25.5
13.985,0,0,0,0,1.05505,0.99997,1,0,1,1,1,0,1,1.00366,0,0,5.69445,5.58334,5.47223,1525.75,960,312.656,965,966.25,19.6172,111.867,112.945,18.7734,19.4063,180.292,55.5,1.288,0.797334,1.976,96.75,2.7451,2.7451,0,-0.84375,8.09337,25.5,25.5,25.5
14.018,0,0,0,0,1.05713,0.99997,1,0,1,1,1,0,1,1.00366,0,0,5.63889,5.58334,5.61112,1536.75,960,308.984,965,968.906,19.3594,111.867,112.945,18.4922,19.3359,180.292,55.5,1.272,0.778668,1.96,96.75,2.7451,2.7451,0,-0.65625,8.09337,27.75,27.75,27.75
14.051,0,0,0,0,1.05328,0.99997,1,0,1,1,1,0,1,1.00488,0,0,5.63889,5.55556,5.61112,1542.25,960,307.734,970,966.25,19.2656,112.219,113.719,18.5859,19.2656,180.292,54.75,1.272,0.778668,1.96,96.75,2.7451,2.7451,0,-0.265625,8.09337,29.25,29.25,29.25
14.085,0,0,0,0,1.05573,0.99997,1,0,1,1,1,0,1,1.00366,0,0,5.63889,5.58334,5.5,1551.75,970,304.883,970,968.906,19.0547,112.875,114.188,18.1641,19.2188,180.292,54.75,1.244,0.773334,1.924,96.75,2.7451,2.7451,0,-0.234375,8.09337,30.75,30.75,31.5
14.118,0,0,0,0,1.05493,0.99997,1,0,1,1,1,0,1,1.00366,0,0,5.58334,5.58334,5.5,1544.75,970,303.594,970,968.906,18.9609,112.875,114.188,18.2578,19.1953,181.406,54.75,1.244,0.778668,1.924,96.75,2.7451,2.7451,0,-0.59375,8.09337,30.75,30.75,31.5
14.151,0,0,0,0,1.05151,0.99997,1,0,1,1,1,0,1,1.00488,0,0,5.52778,5.58334,5.55556,1545,970,302.891,970,966.25,18.9141,113.227,114.117,18.5391,19.2891,181.406,54.75,1.252,0.768001,1.932,96.75,2.7451,2.7451,0,-0.78125,8.09337,30.75,30.75,31.5
14.185,0,0,0,0,1.05438,0.99997,1,0,1,1,1,0,1,1.00366,0,0,5.58334,5.58334,5.5,1558.25,970,302.344,970,968.906,18.8672,113.109,114.75,18.1641,19.2656,181.406,54.75,1.24,0.760001,1.928,96.75,2.7451,2.7451,0,-0.671875,8.09337,30.75,30.75,31.5
14.218,0,0,0,0,1.05383,0.99997,1,0,1,1,1,0,1,1.00488,0,0,5.52778,5.55556,5.5,1559.25,970,300.586,970,968.906,18.75,113.109,114.75,18.3047,19.7344,181.406,54.75,1.24,0.760001,1.928,96.75,2.7451,2.7451,0,-0.578125,8.45196,29.25,29.25,29.25
14.251,0,0,0,0,1.05328,0.99997,1,0,1,1,1,0,1,1.00366,0,0,5.52778,5.58334,5.52778,1569.25,970,299.531,970,968.906,18.6563,113.602,114.797,18.3516,19.7578,181.406,54.75,1.24,0.762668,1.928,96.75,2.7451,2.7451,0,-0.25,8.45196,30,30,30
14.285,0,0,0,0,1.05292,0.99997,1,0,1,1,1,0,1,1.00366,0,0,5.52778,5.58334,5.44445,1571.75,970,298.555,970,968.906,18.5859,113.602,115.406,18.0469,19.6641,181.406,54.75,1.232,0.757334,1.92,96.75,2.7451,2.7451,0,-0.03125,8.45196,30,30,30
14.318,0,0,0,0,1.05194,0.99997,1,0,1,1,1,0,1,1.00366,0,0,5.52778,5.61112,5.52778,1572,970,297.773,970,968.906,18.5391,113.602,115.406,18.375,19.6875,182.538,54.75,1.24,0.762668,1.928,96.75,2.7451,2.7451,0,-0.734375,8.45196,30,30,30
14.351,0,0,0,0,1.05164,0.99997,1,0,1,1,1,0,1,1.00366,0,0,5.52778,5.72223,5.58334,1577.5,970,298.008,970,968.906,18.5391,114.07,115.406,18.4922,19.6641,182.538,54.75,1.24,0.765334,1.928,96.75,2.7451,2.7451,0,-0.828125,8.45196,30,30,30
14.385,0,0,0,0,1.05103,0.99997,1,0,1,1,1,0,1,1.00366,0,0,5.52778,5.72223,5.55556,1579.5,970,297.813,970,968.906,18.5391,114.023,115.758,18.4219,19.6172,182.538,54.75,1.236,0.760001,1.924,96.75,2.7451,2.7451,0,-0.546875,8.45196,30,30,30
14.418,0,0,0,0,1.05054,0.99997,1,0,1,1,1,0,1,1.00366,0,0,5.58334,5.72223,5.69445,1588.25,970,298.75,970,968.906,18.6094,114.023,115.758,18.7734,20.0859,182.538,54.75,1.248,0.768001,1.936,96.75,2.7451,2.7451,0,-0.546875,8.81207,30,30,30
14.451,0,0,0,0,1.05017,0.99997,1,0,1,1,1,0,1,1.00488,0,0,5.58334,5.72223,5.66667,1594,970,298.516,970,968.906,18.5859,114.281,116.32,18.6094,19.9922,182.538,54.75,1.248,0.762668,1.936,96.75,2.7451,3.13726,0,-0.109375,8.81207,30,30,30
14.485,0,0,0,0,1.04956,0.99997,1,0,1,1,1,0,1,1.00488,0,0,5.63889,5.91667,5.80556,1601.5,970,298.711,970,968.906,18.5859,114.727,116.648,18.9609,19.9453,182.538,54.75,1.256,0.760001,1.944,96.75,2.7451,3.13726,0,-0.078125,8.81207,30,30,30
14.518,0,0,0,0,1.04871,0.99997,1,0,1,1,1,0,1,1.00488,0,0,5.69445,5.97223,6,1608.75,970,301.055,970,968.906,18.75,114.727,116.648,19.5234,19.8984,183.671,54.75,1.268,0.781334,1.956,96.75,3.13726,3.13726,0,-0.5,8.81207,30,30,30
14.551,0,0,0,0,1.04865,0.99997,1,0,1,1,1,0,1,1.00488,0,0,5.75,5.97223,5.94445,1612.75,970,301.875,970,968.906,18.8438,115.078,117.164,19.2891,19.8281,183.671,54,1.268,0.781334,1.956,96.75,3.13726,3.13726,0,-0.671875,8.81207,30,30,30
14.585,0,0,0,0,1.04852,0.99997,1,0,1,1,1,0,1,1.00488,0,0,5.80556,5.97223,5.83334,1619.25,970,302.695,970,968.906,18.8906,115.781,117.656,18.8672,19.7578,183.671,54,1.264,0.778668,1.952,96.75,3.13726,3.13726,0,-0.796875,8.81207,30.75,30.75,31.5
14.618,0,0,0,0,1.04785,0.99997,1,0,1,1,1,0,1,1.00488,0,0,5.91667,6.02778,6.13889,1627.25,970,304.023,970,968.906,19.0547,115.781,117.656,19.7578,19.5938,183.671,54,1.284,0.792001,1.972,96.75,3.13726,3.13726,0,-0.296875,8.81207,30.75,30.75,31.5
14.651,0,0,0,0,1.04816,0.99997,1,0,1,1,1,0,1,1.00366,0,0,5.91667,6.02778,6.16667,1634.75,970,305.43,970,968.906,19.1953,115.875,118.055,19.7578,19.5938,183.671,54,1.296,0.789334,1.984,96.75,2.7451,2.7451,0,-0.40625,8.81207,30.75,30.75,31.5
14.685,0,0,0,0,1.04865,0.99997,1,0,1,1,1,0,1,1.00366,0,0,5.97223,6.02778,6,1638.25,970,305.391,970,968.906,19.1719,116.227,118.57,19.1719,20.0156,183.671,54,1.276,0.786668,1.964,96.75,3.13726,2.7451,0,-0.5,9.17218,30.75,30.75,31.5
14.718,0,0,0,0,1.04846,0.99997,1,0,1,1,1,0,1,1.00366,0,0,5.97223,6.02778,5.86112,1651.75,970,304.023,970,968.906,19.1016,116.227,118.57,18.5625,19.8984,184.843,54,1.26,0.784001,1.948,96.75,3.13726,2.7451,0,-0.734375,9.17218,30.75,30.75,31.5
14.751,0,0,0,0,1.04785,0.99997,1,0,1,1,1,0,1,1.00488,0,0,5.97223,6.02778,6,1654.75,970,303.828,970,968.906,19.125,116.672,119.203,18.9844,19.8047,184.843,54,1.268,0.784001,1.956,96.75,3.13726,3.13726,0,-0.453125,9.17218,30.75,30.75,31.5
14.785,0,0,0,0,1.04773,0.99997,1,0,1,1,1,0,1,1.00366,0,0,6,6.02778,6,1662.75,970,302.188,970,968.906,19.0078,117.141,119.742,18.3047,19.6875,184.843,54,1.248,0.770668,1.928,96.75,3.13726,3.13726,0,-0.53125,9.17218,30.75,30.75,31.5
14.818,0,0,0,0,1.04675,0.99997,1,0,1,1,1,0,1,1.00366,0,0,6,6.02778,6,1668.25,970,301.602,970,968.906,18.9844,117.141,119.742,18.9375,20.0156,184.843,54,1.264,0.781334,1.944,96.75,3.13726,3.13726,0,-0.453125,9.5323,30.75,30.75,31.5
14.851,0,0,0,0,1.04651,0.99997,1,0,1,1,1,0,1,1.00488,0,0,6,6.02778,6.02778,1677.75,970,300.586,970,968.906,18.9375,117.492,120.234,18.8672,19.9219,184.843,54,1.26,0.773334,1.94,96.75,3.13726,3.13726,0,-0.625,9.5323,30.75,30.75,31.5
14.885,0,0,0,0,1.04639,0.99997,1,0,1,1,1,0,1,1.00366,0,0,6,6.08334,5.94445,1685,970,299.609,970,968.906,18.8906,117.938,120.563,18.5156,19.7813,184.843,54,1.248,0.776001,1.952,96.75,3.13726,3.13726,0,-0.703125,9.5323,30.75,30.75,31.5
14.918,0,0,0,0,1.04559,0.99997,1,0,1,1,1,0,1,1.00366,0,0,6,6.19445,6.19445,1689.75,970,299.766,970,968.906,18.8906,117.938,120.563,19.2188,19.6406,186.035,54,1.268,0.784001,1.972,96.75,3.13726,3.13726,0,-0.40625,9.5323,30.75,30.75,31.5
14.951,0,0,0,0,1.04535,0.99997,1,0,1,1,1,0,1,1.00488,0,0,6.05556,6.25,6.22223,1694.75,970,301.016,970,968.906,19.0078,118.125,121.031,19.2422,19.5469,186.035,54,1.268,0.789334,1.956,96.75,3.13726,3.13726,0,-0.1875,9.5323,30.75,30.75,31.5
14.985,0,0,0,0,1.04541,0.99997,1,0,1,1,1,0,1,1.00366,0,0,6.16667,6.25,6.33334,1698.75,970,301.836,970,968.906,19.0781,118.453,121.453,19.5469,19.4297,186.035,54,1.28,0.792001,1.968,96.75,3.13726,3.13726,0,-0.3125,9.5323,30.75,30.75,31.5
15.018,0,0,0,0,1.04877,0.99997,1,0,1,1,1,0,1,1.00366,0,0,6.16667,6.30556,6.25,1710,970,301.406,970,971.484,19.0547,118.453,121.453,18.5625,19.2422,186.035,54,1.252,0.784001,1.94,96.75,3.13726,3.13726,0,-0.625,9.5323,30.75,30.75,31.5
15.051,0,0,0,0,1.04517,0.99997,1,0,1,1,1,0,1,1.00366,0,0,6.16667,6.27778,6.33334,1715.5,970,302.07,970,968.906,19.125,118.758,121.992,19.4766,19.1016,186.035,54,1.28,0.776001,1.968,96.75,3.13726,3.13726,0,-0.90625,9.5323,30.75,30.75,31.5
15.085,0,0,0,0,1.04541,0.99997,1,0,1,1,1,0,1,1.00488,0,0,6.22223,6.22223,6.02778,1721.5,970,300.703,970,968.906,19.0313,119.18,122.531,18.4219,19.0313,186.035,54,1.244,0.770668,1.932,96.75,3.13726,3.13726,0,-0.71875,9.5323,27.75,27.75,27.75
15.118,0,0,0,0,1.04517,0.99997,1,0,1,1,1,0,1,1.00366,0,0,6.22223,6.22223,6.19445,1729,970,300.156,970,968.906,19.0313,119.18,122.531,18.7969,18.8438,187.265,54,1.256,0.778668,1.944,96.75,3.13726,3.13726,0,-0.453125,9.5323,27.75,27.75,27.75
15.151,0,0,0,0,1.04504,0.99997,1,0,1,1,1,0,1,1.00366,0,0,6.22223,6.22223,6.02778,1732,970,298.438,970,968.906,18.9141,119.531,122.977,18.2578,18.7969,187.265,53.25,1.236,0.773334,1.924,96.75,3.13726,3.13726,0,-0.25,9.5323,27,27,27
15.185,0,0,0,0,1.04468,0.99997,1,0,1,1,1,0,1,1.00366,0,0,6.22223,6.22223,6.25,1738,970,298.047,970,968.906,18.8906,119.742,123.07,18.8438,18.75,187.265,53.25,1.244,0.770668,1.94,96.75,3.13726,3.13726,0,-0.578125,9.5323,27.75,27.75,27.75
15.218,0,0,0,0,1.04401,0.99997,1,0,1,1,1,0,1,1.00488,0,0,6.16667,6.22223,6.11112,1738,970,295.547,970,968.906,18.7031,119.742,123.07,18.5625,18.6563,187.265,53.25,1.228,0.762668,1.924,96.75,3.13726,3.13726,0,-0.859375,9.5323,30,30,30
15.251,0,0,0,0,1.04681,0.99997,1,0,1,1,1,0,1,1.00366,0,0,6.16667,6.22223,6.25,1742.75,970,295.391,970,971.523,18.7031,119.789,123.328,18.2813,18.6797,187.265,53.25,1.22,0.770668,1.908,96.75,3.13726,3.13726,0,-0.6875,9.5323,28.5,28.5,28.5
15.285,0,0,0,0,1.04382,0.99997,1,0,1,1,1,0,1,1.00488,0,0,6.22223,6.19445,6.16667,1743,970,295.664,970,968.906,18.6563,119.367,123.703,18.6797,18.5859,187.265,53.25,1.228,0.768001,1.916,96.75,3.13726,3.13726,0,-0.453125,9.5323,27.75,27.75,27.75
15.318,0,0,0,0,1.04407,0.99997,1,0,1,1,1,0,1,1.00366,0,0,6.16667,6.19445,6.16667,1745.5,970,295.352,970,968.906,18.6328,119.367,123.703,18.5859,18.5156,188.437,53.25,1.224,0.760001,1.912,96.75,3.13726,3.13726,0,-0.390625,9.5323,27.75,27.75,27.75
15.351,0,0,0,0,1.04358,0.99997,1,0,1,1,1,0,1,1.00366,0,0,6.11112,6.16667,5.97223,1747.75,970,292.813,970,968.906,18.4453,120.117,123.68,18.0938,18.4219,188.437,53.25,1.208,0.738668,1.896,96.75,3.13726,3.13726,0,-0.8125,9.5323,27.75,27.75,27.75
15.385,0,0,0,0,1.0426,0.99997,1,0,1,1,1,0,1,1.00366,0,0,6.11112,6.16667,6.11112,1746.5,970,292.813,970,968.906,18.4453,120.023,123.727,18.4688,18.375,188.437,53.25,1.216,0.754668,1.904,96.75,3.13726,3.13726,0,-0.8125,9.5323,27.75,27.75,27.75
15.418,0,0,0,0,1.04535,0.99997,1,0,1,1,1,0,1,1.00366,0,0,6.05556,6.05556,6,1742.5,970,290.742,970,971.523,18.2813,120.023,123.727,17.5078,18.4453,188.437,53.25,1.184,0.752001,1.872,96.75,3.13726,3.13726,0,-0.546875,9.5323,30,30,30
15.451,0,0,0,0,1.04456,0.99997,1,0,1,1,1,0,1,1.00366,0,0,6.05556,6.08334,6.27778,1741.25,970,291.953,970,971.484,18.375,119.93,123.539,19.0547,18.5156,188.437,53.25,1.228,0.762668,1.916,96.75,3.13726,3.13726,0,-0.296875,9.5323,28.5,28.5,28.5
15.485,0,0,0,0,1.04114,0.99997,1,0,1,1,1,0,1,1.00488,0,0,6,6.08334,5.94445,1741,970,290.273,970,968.906,18.2344,119.719,123.469,18.1406,18.5156,188.437,53.25,1.2,0.744001,1.888,96.75,3.13726,3.13726,0,-0.375,9.5323,28.5,28.5,28.5
16.207,0,0,0,0,1.03607,0.99997,1,0,1,1,1,0,1,1.00366,0,0,5.63889,5.83334,5.80556,1630.5,970,294.063,970,971.523,18.3281,115.266,118.359,18.6328,19.0781,192.929,52.5,1.228,0.757334,1.916,96.75,2.7451,2.7451,0,-0.78125,9.5323,28.5,28.5,28.5
16.24,0,0,0,0,1.03601,0.99997,1,0,1,1,1,0,1,1.00488,0,0,5.63889,5.83334,5.80556,1622.25,970,295.547,970,971.523,18.4219,114.656,117.984,18.7266,19.1016,192.929,52.5,1.232,0.760001,1.92,96.75,2.7451,2.7451,0,-0.640625,9.5323,30,30,30
16.274,0,0,0,0,1.03565,0.99997,1,0,1,1,1,0,1,1.00488,0,0,5.63889,5.86112,5.83334,1612.5,970,296.328,970,971.523,18.4688,114.656,117.984,18.9375,19.1953,192.929,52.5,1.24,0.754668,1.928,96.75,2.7451,2.7451,0,-0.546875,9.5323,30,30,30
16.307,0,0,0,0,1.03516,0.99997,1,0,1,1,1,0,1,1.00366,0,0,5.63889,5.80556,5.88889,1601.5,970,298.32,970,971.523,18.5859,114.352,117.352,19.2422,19.1719,194.003,52.5,1.26,0.762668,1.948,96.75,2.7451,2.7451,0,-0.1875,9.5323,30,30,30
16.34,0,0,0,0,1.0354,0.99997,1,0,1,1,1,0,1,1.00366,0,0,5.63889,5.80556,5.83334,1597.75,970,299.102,970,971.523,18.6094,113.883,116.648,19.1016,19.2422,194.003,52.5,1.252,0.770668,1.94,96.75,2.7451,2.7451,0,-0.421875,9.5323,30,30,30
16.374,0,0,0,0,1.03534,0.99997,1,0,1,1,1,0,1,1.00488,0,0,5.63889,5.77778,5.77778,1586.75,970,300.039,970,971.523,18.6797,113.883,116.648,19.0547,19.3125,194.003,52.5,1.264,0.770668,1.944,96.75,2.7451,2.7451,0,-0.65625,9.5323,30,30,30
16.407,0,0,0,0,1.03534,0.99997,1,0,1,1,1,0,1,1.00366,0,0,5.63889,5.80556,5.77778,1579,970,301.836,970,971.523,18.8203,113.391,116.109,19.1484,19.3594,194.003,52.5,1.272,0.784001,1.952,96.75,2.7451,2.7451,0,-0.828125,9.5323,29.25,29.25,29.25
16.44,0,0,0,0,1.0354,0.99997,1,0,1,1,1,0,1,1.00488,0,0,5.63889,5.80556,5.63889,1568,970,302.461,970,971.523,18.8672,113.016,115.57,18.8203,19.4297,194.003,52.5,1.26,0.784001,1.94,96.75,2.7451,2.7451,0,-0.53125,9.5323,30.75,30.75,31.5
16.474,0,0,0,0,1.03485,0.99997,1,0,1,1,1,0,1,1.00366,0,0,5.58334,5.77778,5.88889,1565.25,970,303.75,970,971.523,18.9609,113.016,115.57,19.6875,19.5469,194.003,52.5,1.288,0.773334,1.968,96.75,2.7451,2.7451,0,-0.328125,9.5323,30.75,30.75,31.5
16.507,0,0,0,0,1.03552,0.99997,1,0,1,1,1,0,1,1.00366,0,0,5.63889,5.72223,5.66667,1556.75,970,305,970,971.523,19.0547,112.594,114.867,19.0547,19.5234,195.097,52.5,1.276,0.792001,1.956,96.75,2.7451,2.7451,0,-0.4375,9.5323,30.75,30.75,31.5
16.54,0,0,0,0,1.03528,0.99997,1,0,1,1,1,0,1,1.00366,0,0,5.63889,5.69445,5.72223,1547.75,970,305.938,970,971.523,19.125,112.031,114.375,19.3594,19.5469,195.097,52.5,1.292,0.792001,1.972,96.75,2.7451,2.7451,0,-0.625,9.5323,30.75,30.75,31.5
16.574,0,0,0,0,1.03534,0.99997,1,0,1,1,1,0,1,1.00366,0,0,5.58334,5.69445,5.69445,1543.75,970,306.211,970,971.523,19.1484,112.031,114.375,19.3125,19.6406,195.097,52.5,1.292,0.792001,1.972,96.75,2.7451,2.7451,0,-0.75,9.5323,30.75,30.75,31.5
16.607,0,0,0,0,1.03503,0.99997,1,0,1,1,1,0,1,1.00366,0,0,5.58334,5.72223,5.72223,1531,970,306.758,970,971.523,19.1953,111.633,113.719,19.5703,19.7578,195.097,52.5,1.296,0.794668,1.976,96.75,2.7451,2.7451,0,-0.5625,9.5323,30.75,30.75,31.5
16.64,0,0,0,0,1.03497,0.99997,1,0,1,1,1,0,1,1.00366,0,0,5.52778,5.69445,5.66667,1521.5,970,307.539,970,971.523,19.2422,111.164,113.25,19.5,19.7813,195.097,52.5,1.3,0.797334,1.98,96.75,2.7451,2.7451,0,-0.5625,9.5323,30.75,30.75,31.5
16.674,0,0,0,0,1.03491,0.99997,1,0,1,1,1,0,1,1.00366,0,0,5.52778,5.69445,5.72223,1514,970,308.359,970,971.523,19.3125,111.164,113.25,19.7813,20.0391,195.097,52.5,1.304,0.800001,1.992,96.75,2.7451,2.7451,0,-0.234375,9.5323,30.75,30.75,31.5
16.707,0,0,0,0,1.03479,0.99997,1,0,1,1,1,0,1,1.00488,0,0,5.52778,5.61112,5.55556,1506,970,308.672,970,971.523,19.3359,110.789,112.43,19.3125,20.2266,196.132,52.5,1.296,0.800001,1.984,96.75,2.7451,2.7451,0,-0.4375,9.5323,30.75,30.75,30.75
16.74,0,0,0,0,1.03467,0.99997,1,0,1,1,1,0,1,1.00366,0,0,5.52778,5.61112,5.58334,1497.25,970,309.766,970,971.523,19.4063,110.18,112.055,19.5234,20.2969,196.132,52.5,1.296,0.802668,1.984,96.75,2.7451,2.7451,0,-0.734375,9.5323,30.75,30.75,30.75
16.774,0,0,0,0,1.03467,0.99997,1,0,1,1,1,0,1,1.00488,0,0,5.52778,5.55556,5.61112,1493.5,970,310.156,970,971.523,19.4531,110.18,112.055,19.6641,20.5313,196.132,52.5,1.304,0.805334,1.992,96.75,2.7451,2.7451,0,-0.453125,9.5323,30.75,30.75,30.75
16.807,0,0,0,0,1.03467,0.99997,1,0,1,1,1,0,1,1.00488,0,0,5.47223,5.66667,5.47223,1483.5,970,310.273,970,971.523,19.4531,109.922,111.609,19.3125,20.7188,196.132,52.5,1.292,0.800001,1.98,96.75,2.7451,2.7451,0,-0.421875,9.5323,30.75,30.75,30.75
16.84,0,0,0,0,1.03381,0.99997,1,0,1,1,1,0,1,1.00366,0,0,5.47223,5.63889,5.66667,1472,970,311.797,970,971.523,19.5703,109.641,111.141,20.1563,20.8359,196.132,52.5,1.324,0.818668,2.012,96.75,2.7451,2.7451,0,-0.421875,9.5323,30.75,30.75,30.75
16.874,0,0,0,0,1.03381,0.99997,1,0,1,1,1,0,1,1.00366,0,0,5.47223,5.58334,5.58334,1469.25,970,312.305,970,971.523,19.6172,109.641,111.141,19.8984,21.0938,196.132,52.5,1.312,0.818668,2,96.75,2.7451,2.7451,0,-0.265625,9.5323,30,30,30
16.907,0,0,0,0,1.03369,0.99997,1,0,1,1,1,0,1,1.00488,0,0,5.47223,5.63889,5.66667,1459.25,970,314.141,970,971.523,19.7344,109.313,110.648,20.3203,21.3047,197.167,52.5,1.324,0.826668,2.012,96.75,2.7451,2.7451,0,-0.375,9.5323,30,30,30
16.94,0,0,0,0,1.03375,0.99997,1,0,1,1,1,0,1,1.00366,0,0,5.41667,5.63889,5.69445,1446.5,970,316.289,970,971.523,19.8984,108.961,110.203,20.6016,21.4219,197.167,52.5,1.34,0.829334,2.028,96.75,2.7451,2.7451,0,-0.609375,9.5323,30,30,30
16.974,0,0,0,0,1.03394,0.99997,1,0,1,1,1,0,1,1.00488,0,0,5.47223,5.66667,5.63889,1441.5,970,317.148,970,971.523,19.9688,108.961,110.203,20.4609,21.7031,197.167,52.5,1.332,0.837334,2.02,96.75,2.7451,2.7451,0,-0.65625,9.5323,30,30,30
17.007,0,0,0,0,1.03375,0.99997,1,0,1,1,1,0,1,1.00366,0,0,5.47223,5.66667,5.61112,1433,970,318.711,970,971.523,20.0859,108.68,109.828,20.4844,21.8906,197.167,52.5,1.328,0.842668,2.016,96.75,2.7451,2.7451,0,-0.28125,9.5323,30,30,30
17.04,0,0,0,0,1.03363,0.99997,1,0,1,1,1,0,1,1.00488,0,0,5.47223,5.66667,5.72223,1427.5,970,320.078,970,971.523,20.1797,108.352,109.313,20.9766,21.9844,197.167,52.5,1.348,0.850668,2.036,96.75,2.7451,2.7451,0,0.015625,9.5323,30,30,30
17.074,0,0,0,0,1.03369,0.99997,1,0,1,1,1,0,1,1.00488,0,0,5.47223,5.77778,5.55556,1416.5,970,321.641,970,971.523,20.2969,108.352,109.313,20.5313,22.125,197.167,52.5,1.332,0.853334,2.028,96.75,2.7451,2.7451,0,-0.09375,9.5323,32.25,32.25,37.5
17.107,0,0,0,0,1.03296,0.99997,1,0,1,1,1,0,1,1.00488,0,0,5.47223,5.77778,5.72223,1405.75,970,324.766,970,971.523,20.5313,108,108.914,21.3047,22.3828,198.202,52.5,1.368,0.864001,2.064,96.75,2.7451,2.7451,0,-0.21875,9.5323,31.5,31.5,36.75
17.14,0,0,0,0,1.03278,0.99997,1,0,1,1,1,0,1,1.00366,0,0,5.47223,5.80556,5.72223,1400.75,970,326.055,970,971.523,20.625,107.672,108.516,21.375,22.5234,198.202,52.5,1.372,0.869334,2.068,96.75,2.7451,2.7451,0,-0.375,9.5323,31.5,31.5,36.75
17.174,0,0,0,0,1.03223,0.99997,1,0,1,1,1,0,1,1.00488,0,0,5.47223,5.77778,5.69445,1390.75,970,328.164,970,971.523,20.7656,107.672,108.516,21.4219,23.3672,198.202,51.75,1.368,0.869334,2.056,96.75,2.7451,2.7451,0,-0.5,9.89088,31.5,31.5,36.75
17.207,0,0,0,0,1.03168,0.99997,1,0,1,1,1,0,1,1.00366,0,0,5.47223,5.86112,5.80556,1387.25,970,329.922,970,971.523,20.9063,107.344,107.977,21.9141,23.5313,198.202,51.75,1.38,0.882668,2.068,96.75,2.7451,3.13726,0,-0.375,9.89088,31.5,31.5,36.75
17.24,0,0,0,0,1.03131,0.99997,1,0,1,1,1,0,1,1.00488,0,0,5.52778,6.11112,5.72223,1378.5,970,332.695,970,971.523,21.0938,106.922,107.695,21.7266,23.625,198.202,51.75,1.38,0.885334,2.068,96.75,3.13726,3.13726,0,-0.015625,9.89088,31.5,31.5,36.75
17.274,0,0,0,0,1.02991,0.99997,1,0,1,1,1,0,1,1.00488,0,0,5.52778,6.13889,6.22223,1373.5,970,336.797,970,971.523,21.3984,106.922,107.695,23.7188,23.8359,198.202,51.75,1.436,0.885334,2.116,96.75,3.13726,3.13726,0,0.203125,9.89088,30.75,30.75,36
17.307,0,0,0,0,1.03009,0.99997,1,0,1,1,1,0,1,1.00488,0,0,5.58334,6.13889,6.05556,1364.75,970,342.188,970,971.523,21.7969,106.688,107.344,23.2266,24.1641,199.257,51.75,1.436,0.920001,2.116,96.75,3.13726,3.13726,0,0.0625,9.89088,28.5,28.5,28.5
17.34,0,0,0,0,1.02966,0.99997,1,0,1,1,1,0,1,1.00488,0,0,5.63889,6.13889,5.97223,1359.25,970,344.063,970,971.523,21.9141,106.383,106.828,23.0156,24.2578,199.257,51.75,1.44,0.928001,2.12,96.75,3.13726,3.13726,0,-0.3125,9.89088,28.5,28.5,28.5
17.374,0,0,0,0,1.02924,0.99997,1,0,1,1,1,0,1,1.00488,0,0,5.69445,6.13889,6.16667,1349.75,970,349.805,970,971.523,22.3359,106.383,106.828,23.9297,24.4219,199.257,51.75,1.464,0.946668,2.152,96.75,3.13726,3.13726,0,-0.375,9.89088,30.75,30.75,36
17.407,0,0,0,0,1.0293,0.99997,1,0,1,1,1,0,1,1.00488,0,0,5.75,6.13889,6.13889,1345.5,970,352.188,970,971.523,22.5234,105.961,106.477,23.8828,24.6094,199.257,51.75,1.476,0.960001,2.164,96.75,3.13726,3.13726,0,-0.28125,9.89088,30.75,30.75,35.25
17.44,0,0,0,0,1.02918,0.99997,1,0,1,1,1,0,1,1.00366,0,0,5.80556,6.13889,6.19445,1334.75,970,356.484,970,971.523,22.8281,105.633,106.078,24.2813,24.5859,199.257,51.75,1.492,0.973335,2.18,96.75,3.13726,3.13726,0,-0.140625,9.89088,30.75,30.75,35.25
17.474,0,0,0,0,1.02924,0.99997,1,0,1,1,1,0,1,1.00488,0,0,5.80556,6.13889,6.08334,1331,970,358.203,970,971.523,22.9453,105.633,106.078,23.9297,24.8438,199.257,51.75,1.492,0.973335,2.18,96.75,3.13726,3.13726,0,0.140625,9.89088,30.75,30.75,35.25
17.507,0,0,0,0,1.02918,0.99997,1,0,1,1,1,0,1,1.00488,0,0,5.80556,6.11112,6.08334,1322,970,361.875,970,971.523,23.2266,105.305,105.797,24.0938,24.8672,200.331,51.75,1.504,0.984001,2.192,96.75,3.13726,3.13726,0,0.0625,9.89088,27.75,27.75,27.75
17.54,0,0,0,0,1.02905,0.99997,1,0,1,1,1,0,1,1.00488,0,0,5.86112,6.11112,6.05556,1318.5,970,363.125,970,971.523,23.3203,105.047,105.328,24.0469,25.1484,200.331,51.75,1.508,0.986668,2.196,96.75,3.13726,3.13726,0,-0.171875,9.89088,27.75,27.75,27.75
17.574,0,0,0,0,1.02905,0.99997,1,0,1,1,1,0,1,1.00366,0,0,5.86112,6.16667,6.13889,1310.5,970,367.07,970,971.523,23.6016,105.047,105.328,24.5391,25.2891,200.331,51.75,1.516,1.00267,2.204,96.75,3.13726,3.13726,0,-0.265625,9.89088,30,30,35.25
17.607,0,0,0,0,1.02911,0.99997,1,0,1,1,1,0,1,1.00366,0,0,5.86112,6.11112,6.13889,1306,970,368.633,970,971.523,23.6953,104.648,105.047,24.6094,25.4531,200.331,51.75,1.528,1.008,2.216,96.75,3.13726,3.13726,0,-0.1875,9.89088,30,30,34.5
17.64,0,0,0,0,1.02911,0.99997,1,0,1,1,1,0,1,1.00366,0,0,5.86112,6.16667,6.25,1297.75,970,372.383,970,971.523,23.9766,104.414,104.695,25.2188,25.4063,200.331,51.75,1.552,1.01067,2.24,96.75,3.13726,3.13726,0,-0.125,9.89088,30,30,34.5
17.674,0,0,0,0,1.0293,0.99997,1,0,1,1,1,0,1,1.00366,0,0,5.91667,6.16667,6.25,1292.75,970,374.453,970,971.523,24.1172,104.414,104.695,25.3125,25.5,200.331,51.75,1.56,1.024,2.248,96.75,3.13726,3.13726,0,-0.015625,9.89088,30,30,34.5
17.707,0,0,0,0,1.02972,0.99997,1,0,1,1,1,0,1,1.00488,0,0,5.91667,6.19445,6.13889,1284,970,377.266,970,971.523,24.3281,104.063,104.391,25.0313,26.4375,201.445,51.75,1.56,1.03467,2.248,96.75,3.13726,3.13726,0,0.203125,10.251,29.25,29.25,34.5
17.74,0,0,0,0,1.02954,0.99997,1,0,1,1,1,0,1,1.00366,0,0,5.97223,6.16667,6.19445,1280.5,970,378.828,970,971.523,24.4453,103.828,104.086,25.3359,26.5313,201.445,51.75,1.58,1.04533,2.268,96.75,3.13726,3.13726,0,0.09375,10.251,29.25,29.25,34.5
17.774,0,0,0,0,1.02954,0.99997,1,0,1,1,1,0,1,1.00366,0,0,5.97223,6.16667,6.16667,1276,970,380.156,970,971.523,24.5391,103.828,104.086,25.3125,26.7891,201.445,51.75,1.584,1.04533,2.272,96.75,3.52941,3.52941,0,-0.09375,10.251,29.25,29.25,34.5
17.807,0,0,0,0,1.02924,0.99997,1,0,1,1,1,0,1,1.00488,0,0,6,6.52778,6.69445,1266,970,387.656,970,971.523,25.1484,103.781,103.781,27.6797,26.8359,201.445,51.75,1.644,1.072,2.332,96.75,3.52941,3.52941,0,-0.1875,10.251,29.25,29.25,34.5
17.84,0,0,0,0,1.0296,0.99997,1,0,1,1,1,0,1,1.00488,0,0,6.05556,6.52778,6.58334,1262.75,970,390.977,970,971.523,25.3828,103.266,103.406,27.2813,27.0469,201.445,51.75,1.652,1.09867,2.34,96.75,3.52941,3.52941,0,-0.140625,10.251,29.25,29.25,34.5
17.874,0,0,0,0,1.02985,0.99997,1,0,1,1,1,0,1,1.00488,0,0,6.11112,6.47223,6.52778,1257.75,970,393.75,970,971.523,25.5703,103.266,103.406,27.1641,27.2344,201.445,51.75,1.656,1.10133,2.344,96.75,3.52941,3.52941,0,-0.046875,10.251,29.25,29.25,33.75
17.907,0,0,0,0,1.02966,0.99997,1,0,1,1,1,0,1,1.00366,0,0,6.11112,6.47223,6.66667,1250,970,399.063,970,971.523,25.9688,102.914,103.008,27.9375,27.3047,202.577,51.75,1.696,1.09867,2.384,96.75,3.52941,3.52941,0,0.109375,10.251,29.25,29.25,33.75
17.94,0,0,0,0,1.03052,0.99997,1,0,1,1,1,0,1,1.00366,0,0,6.22223,6.52778,6.77778,1247.5,970,402.93,970,971.523,26.25,102.563,102.75,28.4531,27.4219,202.577,51.75,1.724,1.144,2.412,96.75,3.52941,3.52941,0,0.28125,10.251,29.25,29.25,33.75
17.974,0,0,0,0,1.03125,0.99997,1,0,1,1,1,0,1,1.00488,0,0,6.22223,6.52778,6.52778,1246,970,404.727,970,971.523,26.3672,102.563,102.75,27.4219,27.5391,202.577,51.75,1.704,1.128,2.392,96.75,3.52941,3.52941,0,-0.0625,10.251,28.5,28.5,33.75
18.007,0,0,0,0,1.0307,0.99997,1,0,1,1,1,0,1,1.00488,0,0,6.22223,6.52778,6.61112,1241.75,970,407.969,970,971.523,26.6016,102.328,102.586,27.8672,27.6797,202.577,51.75,1.72,1.14133,2.408,96.75,3.52941,3.52941,0,-0.3125,10.251,29.25,29.25,33.75
18.04,0,0,0,0,1.03088,0.99997,1,0,1,1,1,0,1,1.00366,0,0,6.27778,6.55556,6.52778,1239.75,970,409.453,970,971.523,26.7188,102.188,102.469,27.5625,27.75,202.577,51.75,1.724,1.14133,2.412,96.75,3.52941,3.52941,0,-0.125,10.251,29.25,29.25,33.75
18.074,0,0,0,0,1.03076,0.99997,1,0,1,1,1,0,1,1.00488,0,0,6.27778,6.50001,6.50001,1237.5,970,411.719,970,971.523,26.8828,102.188,102.469,27.4922,27.8203,202.577,51.75,1.736,1.13867,2.424,96.75,3.52941,3.52941,0,-0.140625,10.251,27.75,27.75,33
18.107,0,0,0,0,1.03064,0.99997,1,0,1,1,1,0,1,1.00488,0,0,6.33334,6.50001,6.50001,1235.75,970,412.734,970,971.523,26.9531,102.094,102.375,27.5391,27.9141,203.671,51.75,1.736,1.144,2.424,96.75,3.52941,3.52941,0,0.0625,10.251,27.75,27.75,33
18.14,0,0,0,0,1.03095,0.99997,1,0,1,1,1,0,1,1.00366,0,0,6.33334,6.50001,6.69445,1235.25,970,414.961,970,971.523,27.1172,102.023,102.281,27.5625,27.9375,203.671,51.75,1.748,1.16267,2.436,96.75,3.52941,3.52941,0,0.3125,10.251,27.75,27.75,32.25
18.174,0,0,0,0,1.03125,0.99997,1,0,1,1,1,0,1,1.00488,0,0,6.38889,6.44445,6.50001,1233.25,970,416.289,970,971.523,27.2109,102.023,102.281,27.6094,28.0078,203.671,51.75,1.752,1.14933,2.448,96.75,3.52941,3.52941,0,0.21875,10.251,27.75,27.75,32.25
18.207,0,0,0,0,1.03149,0.99997,1,0,1,1,1,0,1,1.00488,0,0,6.38889,6.50001,6.52778,1231,970,417.148,970,971.523,27.2578,101.953,102.211,27.7734,28.125,203.671,51.75,1.756,1.15733,2.452,96.75,3.52941,3.52941,0,0.140625,10.251,27,27,32.25
18.24,0,0,0,0,1.03192,0.99997,1,0,1,1,1,0,1,1.00488,0,0,6.38889,6.50001,6.55556,1231.5,970,419.844,970,971.523,27.4688,101.883,102.188,27.8672,28.0547,203.671,51.75,1.768,1.17067,2.464,96.75,3.52941,3.52941,0,-0.28125,10.251,27,27,32.25
18.274,0,0,0,0,1.03235,0.99997,1,0,1,1,1,0,1,1.00488,0,0,6.44445,6.47223,6.25,1231.25,970,418.438,970,971.523,27.3516,101.883,102.188,26.5781,28.0781,203.671,51.75,1.744,1.16267,2.424,96.75,3.52941,3.52941,0,-0.21875,10.251,27,27,32.25
18.307,0,0,0,0,1.03186,0.99997,1,0,1,1,1,0,1,1.00488,0,0,6.38889,6.47223,6.55556,1230,970,419.258,970,971.523,27.4219,101.883,102.141,27.8906,28.1484,204.765,51.75,1.764,1.16267,2.444,96.75,3.52941,3.52941,0,0.046875,10.251,27.75,27.75,32.25
18.34,0,0,0,0,1.03211,0.99997,1,0,1,1,1,0,1,1.00488,0,0,6.38889,6.47223,6.58334,1230,970,420.469,970,971.523,27.5156,101.836,102.141,28.0078,28.1016,204.765,51.75,1.768,1.15733,2.448,96.75,3.52941,3.52941,0,-0.03125,10.251,27.75,27.75,32.25
18.374,0,0,0,0,1.03241,0.99997,1,0,1,1,1,0,1,1.00366,0,0,6.44445,6.50001,6.72223,1229.25,970,422.188,970,971.523,27.6328,101.836,102.141,28.6172,28.1953,204.765,51.75,1.796,1.16267,2.484,96.75,3.52941,3.52941,0,0.25,10.251,27.75,27.75,32.25
18.407,0,0,0,0,1.03339,0.99997,1,0,1,1,1,0,1,1.00488,0,0,6.44445,6.47223,6.50001,1227,970,422.266,970,971.523,27.6328,101.859,102.07,27.7266,28.2656,204.765,51.75,1.776,1.168,2.464,96.75,3.52941,3.52941,0,0.328125,10.251,27,27,32.25
18.44,0,0,0,0,1.03345,0.99997,1,0,1,1,1,0,1,1.00366,0,0,6.44445,6.47223,6.52778,1226.75,970,422.617,970,971.523,27.6563,101.789,102,27.8672,28.2891,204.765,51.75,1.78,1.17067,2.468,96.75,3.52941,3.52941,0,0.046875,10.251,27.75,27.75,32.25
18.474,0,0,0,0,1.03363,0.99997,1,0,1,1,1,0,1,1.00488,0,0,6.44445,6.47223,6.33334,1224,970,421.68,970,971.523,27.5859,101.789,102,27.0703,28.4297,204.765,51.75,1.764,1.17067,2.444,96.75,3.52941,3.52941,0,-0.125,10.251,27.75,27.75,32.25
18.507,0,0,0,0,1.0329,0.99997,1,0,1,1,1,0,1,1.00366,0,0,6.38889,6.47223,6.61112,1223.25,970,422.422,970,971.523,27.6563,101.766,101.883,28.3125,28.4297,205.859,51.75,1.784,1.16,2.464,96.75,3.52941,3.52941,0,-0.171875,10.251,27.75,27.75,32.25
18.54,0,0,0,0,1.03326,0.99997,1,0,1,1,1,0,1,1.00366,0,0,6.44445,6.47223,6.55556,1223.25,970,423.008,970,971.523,27.6797,101.625,101.859,28.0547,28.4531,205.859,51.75,1.784,1.17333,2.464,96.75,3.52941,3.52941,0,-0.1875,10.251,27.75,27.75,32.25
18.574,0,0,0,0,1.03357,0.99997,1,0,1,1,1,0,1,1.00366,0,0,6.44445,6.47223,6.36112,1220.25,970,422.383,970,971.523,27.6328,101.625,101.859,27.3047,28.6172,205.859,51.75,1.764,1.17333,2.452,96.75,3.52941,3.52941,0,0.078125,10.251,27.75,27.75,32.25
18.607,0,0,0,0,1.03345,0.99997,1,0,1,1,1,0,1,1.00366,0,0,6.38889,6.47223,6.44445,1217.25,970,423.008,970,971.523,27.6797,101.602,101.742,27.7266,28.6406,205.859,51.75,1.776,1.17333,2.464,96.75,3.52941,3.52941,0,0.3125,10.251,27.75,27.75,32.25
18.64,0,0,0,0,1.03345,0.99997,1,0,1,1,1,0,1,1.00488,0,0,6.38889,6.44445,6.55556,1214.75,970,423.867,970,971.523,27.75,101.508,101.625,28.2422,28.8984,205.859,51.75,1.788,1.176,2.476,96.75,3.52941,3.52941,0,0.421875,10.251,27.75,27.75,32.25
18.674,0,0,0,0,1.03668,0.99997,1,0,1,1,1,0,1,1.00488,0,0,6.38889,6.47223,6.52778,1213.25,970,424.492,970,974.141,27.7969,101.508,101.625,28.1719,28.9688,205.859,51,1.788,1.176,2.476,96.75,3.52941,3.52941,0,0.140625,10.251,27,27,32.25
18.707,0,0,0,0,1.03314,0.99997,1,0,1,1,1,0,1,1.00488,0,0,6.33334,6.52778,6.47223,1208.75,970,423.984,970,971.523,27.75,101.391,101.484,28.1719,29.0859,206.933,51,1.784,1.16,2.472,96.75,3.52941,3.52941,0,-0.078125,10.251,27,27,32.25
18.74,0,0,0,0,1.03259,0.99997,1,0,1,1,1,0,1,1.00366,0,0,6.38889,6.52778,6.55556,1205.75,970,425.273,970,971.523,27.8438,101.25,101.32,28.5938,30.1172,206.933,51,1.796,1.18133,2.484,96.75,3.52941,3.52941,0,-0.265625,10.6111,27,27,32.25
18.774,0,0,0,0,1.03284,0.99997,1,0,1,1,1,0,1,1.00488,0,0,6.38889,6.47223,6.58334,1204,970,426.602,970,971.523,27.9375,101.25,101.32,28.7109,30.2578,206.933,51,1.804,1.184,2.492,96.75,3.52941,3.52941,0,-0.078125,10.6111,27.75,27.75,32.25
18.807,0,0,0,0,1.03357,0.99997,1,0,1,1,1,0,1,1.00488,0,0,6.38889,6.69445,6.52778,1199,970,428.672,970,971.523,28.1016,101.109,101.156,28.5469,30.375,206.933,51,1.812,1.192,2.5,96.75,3.52941,3.52941,0,0.046875,10.6111,27.75,27.75,32.25
18.84,0,0,0,0,1.03333,0.99997,1,0,1,1,1,0,1,1.00366,0,0,6.44445,6.83334,6.80556,1196,970,431.367,970,971.523,28.2891,100.969,100.969,29.8359,30.6328,206.933,51,1.856,1.21333,2.544,96.75,3.52941,3.52941,0,0.03125,10.6111,27.75,27.75,32.25
18.874,0,0,0,0,1.03326,0.99997,1,0,1,1,1,0,1,1.00366,0,0,6.44445,6.80556,6.94445,1193.25,970,434.805,970,971.523,28.5469,100.969,100.969,30.4922,30.7969,206.933,51,1.88,1.22667,2.568,96.75,3.52941,3.52941,0,0.296875,10.6111,27.75,27.75,32.25
18.907,0,0,0,0,1.03388,0.99997,1,0,1,1,1,0,1,1.00488,0,0,6.50001,6.83334,7.00001,1188.5,970,441.016,970,971.523,28.9688,100.781,100.758,30.8438,30.8438,208.007,51,1.916,1.232,2.604,96.75,3.92157,3.92157,0,0.265625,10.6111,26.25,26.25,31.5
18.94,0,0,0,0,1.03449,0.99997,1,0,1,1,1,0,1,1.00366,0,0,6.55556,6.80556,6.94445,1188,970,443.594,970,971.523,29.1328,100.594,100.594,30.6328,30.9844,208.007,51,1.924,1.25067,2.612,96.75,3.52941,3.92157,0,-0.0625,10.6111,26.25,26.25,31.5
18.974,0,0,0,0,1.03503,0.99997,1,0,1,1,1,0,1,1.00488,0,0,6.55556,6.86112,6.94445,1185,970,446.016,970,971.523,29.3203,100.594,100.594,30.7031,31.1484,208.007,51,1.936,1.25867,2.624,96.75,3.52941,3.92157,0,-0.171875,10.6111,27,27,31.5
19.007,0,0,0,0,1.03491,0.99997,1,0,1,1,1,0,1,1.00366,0,0,6.61112,6.86112,6.94445,1182.5,970,448.555,970,971.523,29.5547,100.641,100.453,30.75,31.1484,208.007,51,1.948,1.25067,2.636,96.75,3.92157,3.92157,0,-0.015625,10.6111,27,27,31.5
19.04,0,0,0,0,1.03491,0.99997,1,0,1,1,1,0,1,1.00366,0,0,6.63889,6.86112,6.94445,1182.75,970,449.453,970,971.523,29.625,100.289,100.359,30.1406,31.2891,208.007,51,1.944,1.26133,2.632,96.75,3.52941,3.92157,0,-0.125,10.6111,27,27,31.5
19.074,0,0,0,0,1.03467,0.99997,1,0,1,1,1,0,1,1.00488,0,0,6.63889,6.86112,6.75001,1181.5,970,450.078,970,971.523,29.6719,100.289,100.359,30.0469,31.3359,208.007,51,1.94,1.26133,2.628,96.75,3.92157,3.92157,0,0.140625,10.6111,27,27,31.5
19.107,0,0,0,0,1.03729,0.99997,1,0,1,1,1,0,1,1.00488,0,0,6.69445,6.94445,6.94445,1180,970,453.281,970,974.18,29.8828,100.172,100.336,30.3047,32.1563,209.12,51,1.96,1.28533,2.648,96.75,3.92157,3.92157,0,0.328125,10.9712,26.25,26.25,31.5
19.14,0,0,0,0,1.03717,0.99997,1,0,1,1,1,0,1,1.00488,0,0,6.69445,6.94445,7.02778,1179.25,970,454.688,970,974.18,29.9766,100.172,100.266,30.7969,32.1328,209.12,51,1.972,1.28,2.66,96.75,3.92157,3.92157,0,0.25,10.9712,26.25,26.25,31.5
19.174,0,0,0,0,1.03693,0.99997,1,0,1,1,1,0,1,1.00488,0,0,6.69445,6.94445,7.02778,1178.75,970,456.133,970,974.18,30.0938,100.172,100.266,30.9141,32.1797,209.12,51,1.992,1.28,2.68,96.75,3.92157,3.92157,0,-0.015625,10.9712,25.5,25.5,30.75
19.207,0,0,0,0,1.03375,0.99997,1,0,1,1,1,0,1,1.00366,0,0,6.75001,7.30556,7.27778,1178.5,970,461.289,970,971.523,30.4688,100.125,100.219,32.7891,32.2734,209.12,51,2.04,1.28267,2.728,96.75,3.92157,3.92157,0,-0.015625,10.9712,26.25,26.25,30.75
19.24,0,0,0,0,1.03357,0.99997,1,0,1,1,1,0,1,1.00488,0,0,6.80556,7.25001,7.38889,1177,970,465.508,970,971.523,30.7734,100.055,100.219,33.1875,32.2031,209.12,51,2.072,1.33867,2.76,96.75,3.92157,3.92157,0,-0.03125,10.9712,26.25,26.25,30.75
19.274,0,0,0,0,1.03418,0.99997,1,0,1,1,1,0,1,1.00488,0,0,6.86112,7.22223,7.44445,1177.5,970,469.531,970,971.523,31.0547,100.055,100.219,33.3516,32.25,209.12,51,2.096,1.33867,2.784,96.75,3.92157,3.92157,0,-0.078125,10.9712,26.25,26.25,30.75
19.307,0,0,0,0,1.03534,0.99997,1,0,1,1,1,0,1,1.00366,0,0,6.97223,7.25001,7.27778,1176.25,970,471.914,970,971.523,31.2188,100.078,100.172,32.6016,32.4375,210.214,51,2.092,1.34934,2.78,96.75,3.92157,3.92157,0,0.203125,10.9712,23.25,23.25,23.25
19.34,0,0,0,0,1.03857,0.99997,1,0,1,1,1,0,1,1.00488,0,0,7.02778,7.25001,7.22223,1179,970,474.375,970,974.18,31.4063,100.031,100.219,31.5703,32.3438,210.214,51,2.072,1.35734,2.76,96.75,3.92157,3.92157,0,0.25,10.9712,24.75,24.75,30
19.374,0,0,0,0,1.03558,0.99997,1,0,1,1,1,0,1,1.00488,0,0,7.02778,7.16667,7.30556,1180,970,476.289,970,971.523,31.5469,100.031,100.219,32.6484,32.2734,210.214,51,2.112,1.336,2.808,96.75,3.92157,3.92157,0,0.359375,10.9712,24.75,24.75,30
19.407,0,0,0,0,1.03882,0.99997,1,0,1,1,1,0,1,1.00488,0,0,7.08334,7.16667,7.19445,1181.75,970,477.07,970,974.18,31.5938,100.078,100.266,32.0625,32.7656,210.214,51,2.1,1.35467,2.796,96.75,3.92157,3.92157,0,0.09375,11.3298,25.5,25.5,30.75
19.44,0,0,0,0,1.03888,0.99997,1,0,1,1,1,0,1,1.00488,0,0,7.08334,7.19445,7.08334,1184.5,970,475.898,970,974.18,31.5234,100.125,100.383,30.9609,32.6953,210.214,51,2.072,1.344,2.768,96.75,3.92157,3.92157,0,-0.375,11.3298,25.5,25.5,30.75
19.474,0,0,0,0,1.0354,0.99997,1,0,1,1,1,0,1,1.00488,0,0,7.08334,7.08334,7.25001,1184,970,477.227,970,971.523,31.6172,100.125,100.383,32.3906,32.625,210.214,51,2.104,1.336,2.784,96.75,3.92157,3.92157,0,-0.109375,11.3298,25.5,25.5,30.75
19.507,0,0,0,0,1.03839,0.99997,1,0,1,1,1,0,1,1.00488,0,0,7.08334,7.19445,7.08334,1185.75,970,476.094,970,974.18,31.5469,100.266,100.43,30.9141,33.3281,211.367,51,2.068,1.33333,2.748,96.75,3.92157,3.92157,0,0.140625,11.6899,26.25,26.25,30.75
19.54,0,0,0,0,1.03503,0.99997,1,0,1,1,1,0,1,1.00488,0,0,7.13889,7.16667,7.33334,1185.5,970,478.633,970,971.523,31.7344,100.289,100.453,32.7891,33.4453,211.367,51,2.112,1.34667,2.792,96.75,3.92157,3.92157,0,0.03125,11.6899,25.5,25.5,30.75
19.574,0,0,0,0,1.03864,0.99997,1,0,1,1,1,0,1,1.00488,0,0,7.13889,7.19445,7.16667,1184.75,970,478.047,970,974.18,31.6875,100.289,100.453,31.3828,34.2188,211.367,51,2.088,1.36267,2.768,96.75,3.92157,3.92157,0,0.296875,12.05,25.5,25.5,30.75
19.607,0,0,0,0,1.03876,0.99997,1,0,1,1,1,0,1,1.00366,0,0,7.13889,7.25001,7.30556,1184.25,970,478.633,970,974.18,31.7344,100.336,100.453,32.0859,34.2891,211.367,51,2.1,1.35467,2.78,96.75,3.92157,3.92157,0,0.234375,12.05,25.5,25.5,30.75
19.64,0,0,0,0,1.03845,0.99997,1,0,1,1,1,0,1,1.00366,0,0,7.13889,7.36112,7.19445,1184.75,970,478.438,970,974.18,31.7109,100.313,100.453,32.9297,35.0625,211.367,51,2.124,1.34667,2.804,96.75,3.92157,4.31373,0,0.078125,12.4101,25.5,25.5,30.75
19.674,0,0,0,0,1.03827,0.99997,1,0,1,1,1,0,1,1.00488,0,0,7.13889,7.69445,7.66667,1183,970,483.398,970,974.18,32.0625,100.313,100.453,33.8438,35.1563,211.367,51,2.152,1.37067,2.84,96.75,4.31373,4.31373,0,-0.15625,12.4101,25.5,25.5,30.75
19.707,0,0,0,0,1.03809,0.99997,1,0,1,1,1,0,1,1.00488,0,0,7.25001,7.66667,7.61112,1181.25,970,485.859,970,974.18,32.25,100.336,100.383,33.6563,36.0469,212.558,51,2.16,1.392,2.848,96.75,4.31373,4.31373,0,-0.234375,12.7687,26.25,26.25,30
19.74,0,0,0,0,1.03778,0.99997,1,0,1,1,1,0,1,1.00366,0,0,7.25001,7.66667,7.58334,1181,970,487.93,970,974.18,32.3906,100.289,100.313,33.5859,36.0469,212.558,51,2.168,1.39734,2.856,96.75,4.31373,4.31373,0,-0.0625,12.7687,26.25,26.25,30
19.774,0,0,0,0,1.03754,0.99997,1,0,1,1,1,0,1,1.00366,0,0,7.30556,7.69445,7.63889,1179.75,970,492.773,970,974.18,32.7422,100.289,100.313,33.8672,36.8438,212.558,51,2.2,1.41334,2.896,96.75,4.31373,4.31373,0,0,13.1288,26.25,26.25,30
19.807,0,0,0,0,1.03735,0.99997,1,0,1,1,1,0,1,1.00488,0,0,7.33334,8.11112,7.61112,1179,970,494.375,970,974.18,32.8594,100.219,100.266,33.7734,37.6406,212.558,51,2.188,1.41067,2.884,96.75,4.70588,4.31373,0,0.34375,13.489,25.5,25.5,29.25
19.84,0,0,0,0,1.03613,0.99997,1,0,1,1,1,0,1,1.00366,0,0,7.38889,7.97223,8.00001,1178.5,970,498.516,970,974.18,33.1641,100.148,100.219,35.5313,37.6875,212.558,51,2.26,1.456,2.956,96.75,4.70588,4.70588,0,0.359375,13.489,25.5,25.5,29.25
19.874,0,0,0,0,1.03601,0.99997,1,0,1,1,1,0,1,1.00488,0,0,7.50001,8.22223,8.25001,1179,970,507.891,970,974.18,33.8203,100.148,100.219,36.6328,38.4141,212.558,50.25,2.316,1.46934,3.004,96.75,4.70588,4.70588,0,0.203125,13.8491,24,24,29.25
19.907,0,0,0,0,1.03601,0.99997,1,0,1,1,1,0,1,1.00488,0,0,7.55556,8.52778,8.19445,1179.25,970,511.875,970,974.18,34.125,100.102,100.242,36.375,38.4141,213.788,50.25,2.316,1.49334,3.004,96.75,4.70588,4.70588,0,-0.078125,13.8491,24,24,29.25
19.94,0,0,0,0,1.03528,0.99997,1,0,1,1,1,0,1,1.00488,0,0,7.72223,8.50001,8.52778,1179.75,970,517.695,970,974.18,34.5469,100.125,100.266,37.8516,38.3203,213.788,50.25,2.38,1.53334,3.068,96.75,4.70588,4.70588,0,-0.234375,13.8491,24,24,28.5
19.974,0,0,0,0,1.03516,0.99997,1,0,1,1,1,0,1,1.00488,0,0,7.83334,8.55556,8.41667,1182.5,970,521.953,970,974.18,34.8516,100.125,100.266,37.2891,38.1797,213.788,50.25,2.388,1.53867,3.084,96.75,4.70588,4.70588,0,-0.15625,13.8491,24.75,24.75,28.5
20.007,0,0,0,0,1.03449,0.99997,1,0,1,1,1,0,1,1.00366,0,0,7.8889,8.52778,8.66667,1183.75,970,530.547,970,974.18,35.4844,100.148,100.359,38.3438,38.0625,213.788,50.25,2.448,1.54667,3.144,96.75,4.70588,4.70588,0,-0.09375,13.8491,25.5,25.5,29.25
20.04,0,0,0,0,1.03461,0.99997,1,0,1,1,1,0,1,1.00488,0,0,7.97223,8.55556,8.36112,1183.25,970,532.891,970,974.18,35.6484,100.266,100.383,37.0078,38.1328,213.788,50.25,2.412,1.552,3.108,96.75,4.70588,4.70588,0,0.046875,13.8491,24.75,24.75,28.5
20.074,0,0,0,0,1.03394,0.99997,1,0,1,1,1,0,1,1.00366,0,0,8.02778,8.52778,8.36112,1185,970,534.883,970,974.18,35.7891,100.266,100.383,36.9375,37.9922,213.788,50.25,2.42,1.55734,3.108,96.75,4.70588,4.70588,0,0.328125,13.8491,24.75,24.75,28.5
20.107,0,0,0,0,1.03345,0.99997,1,0,1,1,1,0,1,1.00488,0,0,8.08334,8.52778,8.3889,1185,970,539.141,970,974.18,36.0938,100.266,100.43,37.0547,38.0156,215.097,50.25,2.44,1.57334,3.128,96.75,4.70588,4.70588,0,0.265625,13.8491,24,24,28.5
20.14,0,0,0,0,1.0329,0.99997,1,0,1,1,1,0,1,1.00366,0,0,8.19445,8.52778,8.50001,1186.75,970,541.328,970,974.18,36.2578,100.313,100.523,37.5,37.8984,215.097,50.25,2.468,1.58934,3.156,96.75,4.70588,4.70588,0,-0.125,13.8491,23.25,23.25,28.5
20.174,0,0,0,0,1.03284,0.99997,1,0,1,1,1,0,1,1.00366,0,0,8.19445,8.52778,8.52778,1187.5,970,543.438,970,974.18,36.4219,100.313,100.523,37.6172,37.8281,215.097,50.25,2.476,1.59467,3.196,96.75,4.70588,4.70588,0,-0.125,13.8491,23.25,23.25,28.5
20.207,0,0,0,0,1.03516,0.99997,1,0,1,1,1,0,1,1.00488,0,0,8.25001,8.50001,8.3889,1189,970,544.805,970,976.797,36.6094,100.641,100.617,36.9609,37.7344,215.097,50.25,2.468,1.57867,3.188,96.75,4.70588,4.70588,0,-0.234375,13.8491,24,24,28.5
20.24,0,0,0,0,1.03491,0.99997,1,0,1,1,1,0,1,1.00488,0,0,8.25001,8.55556,8.27778,1191.75,970,543.477,970,976.836,36.5156,100.5,100.711,35.7656,37.6406,215.097,50.25,2.424,1.56,3.144,96.75,4.70588,4.70588,0,-0.046875,13.8491,24,24,28.5
20.274,0,0,0,0,1.03363,0.99997,1,0,1,1,1,0,1,1.00366,0,0,8.25001,8.52778,8.36112,1191.75,970,543.086,970,976.836,36.4922,100.5,100.711,36.2813,37.6406,215.097,50.25,2.432,1.56534,3.128,96.75,4.70588,4.70588,0,0.046875,13.8491,24,24,28.5
20.307,0,0,0,0,1.03235,0.99997,1,0,1,1,1,0,1,1.00366,0,0,8.25001,8.50001,8.36112,1189.75,970,542.969,970,976.836,36.4688,100.641,100.711,36.5391,37.7109,216.386,50.25,2.432,1.56534,3.128,96.75,4.70588,4.70588,0,0.28125,13.8491,24,24,28.5
20.34,0,0,0,0,1.03168,0.99997,1,1,1,1,1,0,1,1.00366,0,0,8.19445,8.50001,8.36112,1184.75,970,543.398,970,976.836,36.4922,100.641,100.453,36.75,38.0391,216.386,50.25,2.44,1.57067,3.136,96.75,4.70588,4.70588,0,0.265625,13.8491,24,24,28.5
20.374,0,0,0,0,1.03119,0.99997,1,1,1,1,1,0,1,1.00488,0,0,8.1389,8.41667,8.36112,1175,970,544.375,970,976.836,36.5625,100.641,100.453,37.125,38.6953,216.386,50.25,2.452,1.57867,3.148,96.75,4.70588,4.70588,0,0.0625,13.8491,23.25,23.25,28.5
20.407,0,0,0,0,1.03021,0.99997,1,1,1,1,1,0,1,1.00366,0,0,8.02778,8.3889,8.30556,1131.75,970,547.578,970,976.836,36.75,100.57,99.4688,38.3203,39.7969,216.386,50.25,2.504,1.576,3.2,96.75,4.70588,4.70588,0,0.0625,13.8491,23.25,23.25,27.75
20.44,0,0,0,0,1.02954,0.99997,1,1,1,1,1,0,1,1.00488,0,0,7.72223,8.47223,8.41667,1094.5,970,552.93,970,976.836,37.0781,99.4219,98.5078,40.2188,43.6875,216.386,50.25,2.58,1.65867,3.276,96.75,4.70588,5.09804,0,-0.09375,13.8491,23.25,23.25,27.75
20.474,0,0,0,0,1.0293,0.99997,1,1,1,1,1,0,1,1.00366,0,0,7.72223,8.52778,8.36112,1051.5,970,559.922,970,976.836,37.5703,99.4219,98.5078,41.6016,47.5313,216.386,50.25,2.668,1.65867,3.356,96.75,4.70588,5.09804,0,-0.09375,14.2077,22.5,22.5,27
20.507,0,0,0,0,1.02863,0.99997,1,1,1,1,1,0,1,1.00366,0,0,7.33334,8.77778,8.66667,1015.5,970,570.938,970,976.836,38.2266,98.8125,95.5781,44.6719,52.5938,217.538,50.25,2.796,1.78934,3.484,96.75,5.4902,6.66667,0,-0.046875,14.9279,21,21,26.25
20.54,0,0,0,0,1.02441,0.99997,1,1,1,1,1,0,1,1.00366,0,0,7.38889,9.8889,8.86112,996.75,970,583.789,970,974.18,39.1641,95.4844,93.7031,46.5234,54.5156,217.538,50.25,2.956,1.888,3.644,96.75,7.05883,7.05883,0,0.359375,15.2865,21,21,26.25
20.574,0,0,0,0,1.0188,0.99997,1,1,1,1,1,0,1,1.00488,0,0,7.83334,12,11.3056,998.5,970,615.977,970,971.523,41.4141,95.4844,93.7031,59.9063,54.7031,217.538,50.25,3.36,2.14667,4.064,96.75,7.45098,7.05883,0,0.203125,15.6466,20.25,20.25,24.75
20.607,0,0,0,0,1.02112,0.99997,1,1,1,1,1,0,1,1.00488,0,0,8.52778,12.1945,11.7778,1063.75,970,671.25,970,974.18,45.4688,93.375,94.6172,58.1953,50.9766,217.538,50.25,3.536,2.20534,4.24,96.75,7.45098,7.05883,0,0.3125,15.6466,17.25,17.25,17.25
20.64,0,0,0,0,1.02057,0.99997,1,1,1,1,1,0,1,1.00488,0,0,9.97223,11.9167,11.6111,1122.25,970,685,970,974.18,46.5703,94.1719,96.0234,54.3281,47.9297,217.538,50.25,3.444,2.184,4.148,96.75,7.45098,5.88235,0,0.0625,15.6466,17.25,17.25,17.25
20.674,0,0,0,0,1.01984,0.99997,1,1,1,1,1,0,1,1.00488,0,0,9.97223,10.1111,11.25,1182.75,970,682.188,970,974.18,46.3594,94.1719,96.0234,44.7656,40.0313,217.538,50.25,3.24,2.184,3.96,96.75,6.27451,5.4902,0,0.15625,15.6466,7.5,7.5,7.5
20.707,0,0,0,0,1.02258,0.99997,1,1,1,1,1,0,1,1.00488,0,0,10.6945,8.44445,8.86112,1269,970,653.555,970,976.836,44.4609,95.5078,100.383,34.8516,37.2188,219.296,50.25,2.836,1.95734,3.556,96.75,5.09804,5.4902,0,-0.03125,15.6466,-0.75,-0.75,-0.75
20.74,0,0,0,0,1.02533,0.99997,1,1,1,1,1,0,1,1.00366,0,0,10.6111,8.55556,8.05556,1284.5,970,638.633,970,979.453,43.4297,100.945,103.523,34.875,35.3203,219.296,50.25,2.748,1.77334,3.468,96.75,5.09804,5.09804,0,-0.0625,15.6466,0,0,0
20.774,0,0,0,0,1.02533,0.99997,1,1,1,1,1,0,1,1.00488,0,0,10.3889,8.33334,8.30556,1286.5,970,623.828,970,979.453,42.375,100.945,103.523,33.9141,35.0156,219.296,50.25,2.668,1.71467,3.372,96.75,4.70588,5.09804,0,0.15625,15.6466,0.75,0.75,0.75
20.807,0,0,0,0,1.02533,0.99997,1,1,1,1,1,0,1,1.00366,0,0,10.0556,8.3889,7.97223,1255.25,970,601.289,970,979.453,40.7344,103.5,103.711,34.9922,37.5469,219.296,50.25,2.576,1.67734,3.28,96.75,4.70588,5.09804,0,0.140625,15.6466,6,6,6
20.84,0,0,0,0,1.02802,0.99997,1,1,1,1,1,0,1,1.00366,0,0,9.36112,8.41667,8.19445,1231.25,970,591.641,970,982.07,40.0547,103.523,102.141,34.5234,41.2266,219.296,50.25,2.528,1.632,3.232,96.75,4.70588,5.09804,0,0.078125,16.3668,12,12,12
20.874,0,0,0,0,1.02808,0.99997,1,1,1,1,1,0,1,1.00488,0,0,9.11112,8.50001,8.27778,1216.5,970,583.398,970,982.109,39.4219,103.523,102.141,34.7578,42.4688,219.296,50.25,2.52,1.624,3.208,96.75,5.09804,5.4902,0,-0.109375,16.3668,21,21,21
20.907,0,0,0,0,1.02808,0.99997,1,1,1,1,1,0,1,1.00366,0,0,8.94445,9.41667,9.19445,1203.5,970,579.922,970,982.109,39.1641,102.023,101.203,39.4922,44.1094,220.741,50.25,2.604,1.62934,3.292,96.75,5.4902,5.88235,0,-0.390625,16.7254,21,21,21
20.94,0,0,0,0,1.02808,0.99997,1,1,1,1,1,0,1,1.00488,0,0,9.00001,9.80556,9.30556,1208.25,970,581.055,970,982.109,39.2578,101.18,101.297,39.9141,43.2422,220.741,50.25,2.62,1.688,3.308,96.75,5.88235,5.88235,0,-0.1875,16.7254,21,21,21
20.974,0,0,0,0,1.02808,0.99997,1,1,1,1,1,0,1,1.00488,0,0,9.16667,10,9.83334,1221.25,970,585.117,970,982.109,39.5391,101.18,101.297,41.8828,42.3281,220.741,50.25,2.692,1.73334,3.38,96.75,5.88235,5.88235,0,0,16.7254,21,21,21
21.007,0,0,0,0,1.02808,0.99997,1,1,1,1,1,0,1,1.00366,0,0,9.41667,10.0278,9.75001,1272,970,589.414,970,982.109,39.8672,101.344,102.609,39.9609,39.1641,220.741,50.25,2.648,1.75467,3.336,96.75,5.88235,5.4902,0,0.234375,16.7254,21.75,21.75,21.75
21.04,0,0,0,0,1.02808,0.99997,1,1,1,1,1,0,1,1.00488,0,0,9.86112,9.77779,9.72223,1305,970,587.852,970,982.109,39.75,102.703,104.836,38.8828,38.2734,220.741,50.25,2.616,1.688,3.304,96.75,5.4902,5.4902,0,0.28125,16.7254,16.5,16.5,16.5
21.074,0,0,0,0,1.02808,0.99997,1,1,1,1,1,0,1,1.00488,0,0,10,9.55556,9.33334,1359.25,970,577.031,970,982.109,39,102.703,104.836,35.8828,37.0781,220.741,50.25,2.512,1.63467,3.2,96.75,5.4902,5.4902,0,0.125,16.7254,10.5,10.5,10.5
21.107,0,0,0,0,1.03082,0.99997,1,1,1,1,1,0,1,1.00488,0,0,10.1111,9.47223,9.33334,1387.25,970,565.391,970,984.727,38.1797,104.906,106.828,34.5938,35.8594,222.499,50.25,2.444,1.58934,3.132,96.75,5.4902,5.4902,0,-0.265625,16.7254,15.75,15.75,15.75
21.14,0,0,0,0,1.03082,0.99997,1,1,1,1,1,0,1,1.00488,0,0,10,9.41667,9.05556,1395,970,558.086,970,984.727,37.6406,106.781,107.859,33.4922,35.7422,222.499,50.25,2.348,1.49867,3.036,96.75,5.4902,5.4902,0,-0.421875,16.7254,20.25,20.25,20.25
21.174,0,0,0,0,1.03082,0.99997,1,1,1,1,1,0,1,1.00488,0,0,9.97223,9.52779,9.36112,1402.5,970,553.281,970,984.727,37.2891,106.781,107.859,34.5703,35.25,222.499,50.25,2.364,1.50667,3.052,96.75,5.4902,5.4902,0,-0.53125,16.7254,25.5,25.5,22.5
21.207,0,0,0,0,1.03082,0.99997,1,1,1,1,1,0,1,1.00488,0,0,9.80556,9.3889,9.41667,1402.25,970,545.195,970,984.727,36.7031,107.813,108.445,34.9453,35.6719,222.499,50.25,2.376,1.50934,3.064,96.75,5.4902,5.4902,0,-0.109375,16.7254,26.25,26.25,30
21.24,0,0,0,0,1.03082,0.99997,1,1,1,1,1,0,1,1.00366,0,0,9.69445,9.3889,9.16667,1393.75,970,538.477,970,984.727,36.2109,108.328,108.305,34.3125,37.3594,222.499,50.25,2.328,1.496,3.016,96.75,5.4902,5.4902,0,0.046875,17.4456,26.25,26.25,30
21.274,0,0,0,0,1.03082,0.99997,1,1,1,1,1,0,1,1.00488,0,0,9.58334,9.11112,9.11112,1391,970,535.313,970,984.727,36,108.328,108.305,34.1953,38.9531,222.499,50.25,2.332,1.48534,3.02,96.75,5.09804,5.4902,0,-0.15625,18.1643,26.25,26.25,30
21.307,0,0,0,0,1.03082,0.99997,1,1,1,1,1,0,1,1.00488,0,0,9.41667,9.69445,8.91667,1391,970,529.688,970,984.727,35.5781,108.188,107.977,33.5156,42,223.964,50.25,2.308,1.50667,2.996,96.75,5.88235,6.27451,0,-0.1875,19.7833,27,27,30
21.34,0,0,0,0,1.03082,0.99997,1,1,1,1,1,0,1,1.00488,0,0,9.47223,10.1667,9.8889,1395.5,970,531.992,970,984.727,35.7422,107.906,108.141,37.0781,43.0547,223.964,50.25,2.428,1.54934,3.116,96.75,6.27451,6.66667,0,-0.515625,20.5035,27,27,30
21.374,0,0,0,0,1.03082,0.99997,1,1,1,1,1,0,1,1.00488,0,0,9.58334,10.8611,10.4722,1420.25,970,538.906,970,984.727,36.2578,107.906,108.141,38.625,44.5781,223.964,50.25,2.492,1.56,3.188,96.75,6.27451,6.66667,0,-0.5,21.5823,27,27,30
21.407,0,0,0,0,1.03082,0.99997,1,1,1,1,1,0,1,1.00366,0,0,10,11.3889,11.1111,1456.5,970,548.906,970,984.727,36.9844,108.141,109.055,39.9375,43.9922,223.964,50.25,2.584,1.61334,3.28,96.75,6.66667,6.66667,0,-0.375,21.9424,26.25,26.25,30.75
21.44,0,0,0,0,1.03082,0.99997,1,1,1,1,1,0,1,1.00488,0,0,10.5,11.8333,11.1945,1475.25,970,553.164,970,984.727,37.3125,109.078,110.391,39.7266,43.2188,223.964,50.25,2.584,1.63734,3.28,96.75,7.05883,7.05883,0,0.03125,22.301,6.75,6.75,6.75
21.474,0,0,0,0,1.02808,0.99997,1,1,1,1,1,0,1,1.00488,0,0,10.6389,11.9722,11.6111,1499.25,970,563.555,970,982.109,38.0625,109.078,110.391,41.1563,43.9922,223.964,49.5,2.692,1.66667,3.38,96.75,7.05883,7.05883,0,-0.171875,23.0213,9,9,9
21.507,0,0,0,0,1.03082,0.99997,1,1,1,1,1,0,1,1.00366,0,0,11.0278,12.1667,11.8889,1518.75,970,572.07,970,984.727,38.6953,110.391,111.938,40.8984,44.0859,225.722,49.5,2.728,1.72534,3.416,96.75,7.05883,7.45098,0,-0.53125,23.3814,12.75,12.75,12.75
21.54,0,0,0,0,1.03082,0.99997,1,1,1,1,1,0,1,1.00488,0,0,11.3333,12.25,11.9722,1528.25,970,575.547,970,984.727,38.9531,111.867,112.875,40.9453,45.6563,225.722,49.5,2.732,1.728,3.42,96.75,7.45098,7.45098,0,-0.609375,24.2801,16.5,16.5,16.5
21.574,0,0,0,0,1.03082,0.99997,1,1,1,1,1,0,1,1.00366,0,0,11.5,12.3056,12.1667,1547.5,970,583.047,970,984.727,39.5156,111.867,112.875,41.1563,47.4844,225.722,49.5,2.836,1.77867,3.524,96.75,7.45098,7.84314,0,-0.671875,25.3589,19.5,19.5,19.5
21.607,0,0,0,0,1.03357,0.99997,1,1,1,1,1,0,1,1.00488,0,0,11.7222,13.4167,12.25,1561,970,584.844,970,987.383,39.75,113.063,114.234,40.4531,51.2344,225.722,49.5,2.796,1.78134,3.484,96.75,7.84314,8.62745,0,-0.453125,27.338,26.25,26.25,30.75
21.64,0,0,0,0,1.03082,0.99997,1,1,1,1,1,0,1,1.00488,0,0,11.9722,13.7222,13.25,1566.5,970,592.07,970,984.727,40.2656,114.023,115.148,44.4141,54.3984,225.722,49.5,2.992,1.89334,3.68,96.75,8.2353,9.41177,0,-0.3125,28.957,26.25,26.25,30.75
21.674,0,0,0,0,1.02808,0.99997,1,1,1,1,1,0,1,1.00488,0,0,12.1945,14.8333,13.9445,1575,970,608.008,970,982.109,41.4375,114.023,115.148,46.4297,57.4688,225.722,49.5,3.108,1.93867,3.796,96.75,9.41177,9.80392,0,-0.34375,30.7545,26.25,26.25,30.75
21.707,0,0,0,0,1.02808,0.99997,1,1,1,1,1,0,1,1.00488,0,0,12.7222,16.2778,15.6111,1583.5,970,636.016,970,982.109,43.5,114.844,115.547,52.125,60.4219,227.87,49.5,3.424,2.08,4.112,96.75,10.1961,10.9804,0,-0.71875,32.1934,25.5,25.5,30.75
21.74,0,0,0,0,1.02734,0.99997,1,1,1,1,1,0,1,1.00366,0,0,13.4722,17.6667,16.1111,1599.5,970,664.023,970,982.109,45.5625,115.148,116.203,53.0391,60.7031,227.87,49.5,3.504,2.216,4.192,96.75,10.9804,10.9804,0,-0.78125,32.1934,24.75,24.75,30
21.774,0,0,0,0,1.02142,0.99997,1,1,1,1,1,0,1,1.00488,0,0,14.3333,18.3056,17.0833,1610.5,970,679.883,970,979.453,46.7344,115.148,116.203,55.7813,61.1484,227.87,49.5,3.612,2.29334,4.3,96.75,11.3726,10.9804,0,-0.5,32.5536,24,24,30
21.807,0,0,0,0,1.02149,0.99997,1,1,1,1,1,0,1,1.00366,0,0,15.25,17.7778,17.1111,1659.25,970,714.375,970,982.109,49.4297,116.063,117.914,54,60.5625,227.87,49.5,3.728,2.37067,4.416,96.75,11.3726,11.3726,0,-0.328125,32.5536,23.25,23.25,29.25
21.84,0,0,0,0,1.02246,0.99997,1,1,1,1,1,0,1,1.00488,0,0,15.9722,17.8889,17.3056,1677.25,970,720.547,970,984.727,50.0859,117.703,119.578,53.4141,60.1641,227.87,49.5,3.744,2.38134,4.432,96.75,11.7647,11.7647,0,-0.546875,32.5536,12,12,12
21.874,0,0,0,0,1.02008,0.99997,1,1,1,1,1,0,1,1.00488,0,0,16.25,18.1667,17.3056,1705.5,970,727.93,970,984.727,50.625,117.703,119.578,52.7578,59.7188,227.87,49.5,3.728,2.36534,4.424,96.75,11.7647,11.7647,0,-0.5625,32.5536,11.25,11.25,11.25
21.907,0,0,0,0,1.01636,0.99997,1,1,1,1,1,0,1,1.00488,0,0,16.7778,18.6111,17.8056,1725.25,970,735.586,970,984.727,51.4922,119.391,121.781,53.8359,59.7422,231.484,49.5,3.78,2.39734,4.476,96.75,12.1569,12.1569,0,-0.640625,32.5536,13.5,13.5,13.5
21.94,0,0,0,0,1.01654,0.99997,1,1,1,1,1,0,1,1.00488,0,0,17.4167,18.9722,18.1111,1758.25,970,740.195,970,987.383,52.0781,121.195,123.539,53.2031,60.1172,231.484,49.5,3.776,2.408,4.472,96.75,12.549,12.549,0,-0.53125,32.5536,22.5,22.5,21
21.974,0,0,0,0,1.01361,0.99997,1,1,1,1,1,0,1,1.00366,0,0,17.6389,19.0833,18,1778.75,970,742.031,970,987.383,52.2188,121.195,123.539,52.5703,60.7969,231.484,48.75,3.728,2.40267,4.408,96.75,12.549,12.549,0,-0.328125,33.2738,13.5,13.5,13.5
22.007,0,0,0,0,1.01227,0.99997,1,1,1,1,1,0,1,1.00366,0,0,17.9167,19.0556,18.7222,1802.5,970,743.906,970,990.039,52.5703,122.695,125.461,53.6484,63.1641,231.484,48.75,3.852,2.39467,4.532,96.75,12.549,14.1177,0,-0.5625,34.3526,15.75,15.75,15.75
22.04,0,0,0,0,1.01056,0.99997,1,1,1,1,1,0,1,1.00488,0,0,18.3333,20.75,18.9167,1819,970,745.508,970,990.039,52.9453,124.336,127.453,53.4375,64.9922,231.484,48.75,3.824,2.44267,4.504,96.75,14.1177,14.1177,0,-0.90625,35.0713,22.5,22.5,29.25
22.074,0,0,0,0,1.00415,0.99997,1,1,1,1,1,0,1,1.00488,0,0,18.6111,21.7222,20.2778,1842.5,970,756.602,970,990.039,53.7656,124.336,127.453,57.4922,64.6172,231.484,48.75,3.944,2.43734,4.632,96.75,14.5098,14.1177,0,-0.890625,35.0713,22.5,22.5,29.25
22.107,0,0,0,0,1.00128,0.99997,1,1,1,1,1,0,1,1.00366,0,0,19.25,21.2222,20.3333,1869.25,970,766.25,970,992.617,54.6797,125.883,128.883,56.8828,65.3672,234.531,48.75,4.024,2.56534,4.712,96.75,14.902,14.902,0,-0.265625,35.4314,21.75,21.75,21.75
22.14,0,0,0,0,0.99817,0.99997,1,1,1,1,1,0,1,1.00366,0,0,19.9445,21.6667,20.6667,1894.5,970,770.742,970,992.656,55.2656,127.195,130.945,56.6484,65.5781,234.531,48.75,4.048,2.58667,4.736,96.75,14.902,15.6863,0,-0.4375,35.4314,22.5,22.5,21.75
22.174,0,0,0,0,0.99762,0.99997,1,1,1,1,1,0,1,1.00366,0,0,20.1389,22.6111,21.0834,1921.75,970,775.117,970,995.273,55.6172,127.195,130.945,57.1641,64.9922,234.531,48,4.028,2.58667,4.716,96.75,16.0784,15.6863,0,-0.640625,35.4314,22.5,22.5,21.75
22.207,0,0,0,0,0.992554,0.99997,1,1,1,1,1,0,1,1.00366,0,0,21.0556,22.7222,22.5278,1968.5,970,787.422,970,995.313,56.9297,129.234,134.016,59.2969,66.375,234.531,48,4.192,2.656,4.88,96.75,16.0784,16.0784,0,-1.01563,36.1501,22.5,22.5,21.75
22.24,0,0,0,0,0.991395,0.99997,1,1,1,1,1,0,1,1.00366,0,0,21.6389,22.6389,22.5,1996.75,970,793.32,970,995.313,57.7031,131.789,136.617,58.6172,66.7031,234.531,48,4.264,2.69867,4.952,96.75,16.0784,16.8628,0,-0.734375,36.1501,21.75,21.75,21.75
22.274,0,0,0,0,0.992493,0.99997,1,1,1,1,1,0,1,1.00366,0,0,22.1111,24.0834,23.6667,2028,970,798.398,970,997.969,58.0781,131.789,136.617,60.4219,66.9375,234.531,48,4.232,2.656,4.92,96.75,17.2549,17.2549,0,-0.421875,36.5102,22.5,22.5,22.5
22.307,0,0,0,0,0.993104,0.99997,1,1,1,1,1,0,1,1.00366,0,0,22.8056,23.75,23.6945,2071.25,970,804.414,970,1000.55,58.7578,133.828,139.148,59.0156,67.7109,240.195,48,4.268,2.728,4.956,96.75,17.2549,17.6471,0,-0.65625,36.5102,21.75,21.75,21.75
22.34,0,0,0,0,0.992249,0.99997,1,1,1,1,1,0,1,1.00366,0,0,23.3889,25.2222,24.8056,2098.5,980,809.375,970,1000.59,59.0391,135.375,142.617,61.5,68.5078,240.195,48,4.28,2.68534,4.968,96.75,18.0392,18.0392,0,-0.828125,36.5102,22.5,22.5,22.5
22.374,0,0,0,0,0.992615,0.99997,1,1,1,1,1,0,1,1.00366,0,0,23.8889,24.9167,25.1667,2124.25,980,815.273,970,1003.24,59.4844,135.375,142.617,61.3359,68.9531,240.195,47.25,4.404,2.74667,5.1,96.75,18.0392,18.4314,0,-0.890625,36.8703,21.75,21.75,22.5
22.407,0,0,0,0,0.994935,0.99997,1,1,1,1,0.966798,0,1,1.00366,0,1.17188,24.4167,26.7778,25.6111,2162,1000,824.492,970,1008.48,59.6953,137.531,144.68,60.7734,69.4688,240.195,47.25,4.304,2.78934,5,96.75,19.2157,19.2157,0,-0.328125,36.8703,21.75,21.75,22.5
22.44,0,0,0,0,0.99231,0.99997,1,1,1,1,0.941896,0,1,1.00366,0,1.17188,24.8889,26.6945,27.1667,2188.5,1010,834.922,970,1008.52,60.3984,140.367,147.656,64.2422,70.3125,240.195,47.25,4.408,2.74934,5.104,96.75,19.6078,19.6078,0,-0.25,36.8703,22.5,22.5,23.25
22.474,0,0,0,0,0.996766,0.99997,1,1,1,1,0.941896,0,0.941896,1.00366,0,1.17188,25.4722,27.9445,26.6111,2212.75,990,840.156,970,1013.79,60.7969,140.367,147.656,61.4766,69.0469,240.195,46.5,4.612,2.83467,5.3,96.75,20,20,0,-0.84375,36.8703,20.25,20.25,21
22.507,0,0,0,0,0.997681,0.99997,1,1,1,1,0.915285,0,0.941896,1.00366,0,1.17188,26.2222,27.25,27.3056,2247.75,1010,851.328,970,1016.45,61.5703,143.086,150.445,62.3203,70.1719,244.96,46.5,4.74,2.99734,5.428,96.75,20,20.3922,0,-0.625,36.8703,22.5,22.5,21.75
22.54,0,0,0,0,1.00507,0.99997,1,1,1,1,0.895509,0,0.941896,1.00366,0,1.17188,26.75,27.5278,27.8334,2275.75,1030,853.438,970,1024.38,61.6406,145.688,152.648,62.2031,71.25,244.96,46.5,4.736,3.00534,5.424,96.75,20,20.3922,0,-0.40625,36.8703,23.25,23.25,21.75
22.574,0,0,0,0,1.00629,0.99997,1,1,1,1,0.895509,0,0.895509,1.00366,0,1.17188,26.9167,29.6111,28.5834,2319.5,1030,856.484,970,1026.95,61.875,145.688,152.648,62.7422,71.2969,244.96,46.5,4.968,3.17867,5.664,96.75,20.7843,20.7843,0,-0.71875,36.8703,21,21,19.5
22.607,0,0,0,0,1.00372,0.99997,1,1,1,1,0.87671,0,0.895509,1.00366,0,1.17188,27.8889,28.4167,29.25,2362.75,1040,864.492,970,1029.65,62.3906,147.75,156.07,63.5625,72.2109,244.96,46.5,5.02,3.184,5.716,96.75,20.7843,20.7843,0,-0.859375,36.8703,24,24,20.25
22.64,0,0,0,0,1.01123,0.99997,1,1,1,1,0.86255,0,0.895509,1.00366,0,1.17188,28.4167,29.3334,29.4722,2393.5,1050,864.258,970,1037.58,62.25,150.961,159.703,62.1797,72.9375,244.96,46.5,5.012,3.18667,5.708,96.75,20.7843,21.5686,0,-0.546875,36.8703,24,24,20.25
22.674,0,0,0,0,1.01172,0.99997,1,1,1,1,0.86255,0,0.86255,1.00366,0,1.17188,28.6667,31.5278,30.8611,2438.5,1050,872.422,965,1040.23,62.8828,150.961,159.703,64.7813,72.4453,244.96,45.75,5.224,3.184,5.912,96.75,21.5686,21.5686,0,-0.4375,36.8703,23.25,23.25,27
22.707,0,0,0,0,1.01563,0.99997,1,1,1,1,0.852052,0,0.86255,1.00366,0,1.17188,29.75,31.2222,31.1667,2484.25,1060,878.633,965,1048.09,63.2578,154.453,163.242,63.4688,73.4766,251.113,45.75,5.236,3.352,5.924,96.75,21.5686,21.9608,0,-1.03125,36.8703,24.75,24.75,27.75
22.74,0,0,0,0,1.01965,0.99997,1,1,1,1,0.843995,0,0.86255,1.00366,0,1.17188,30.3889,31.3334,31.9722,2509.5,1080,882.852,965,1053.44,63.4688,157.898,166.641,64.1719,74.7656,251.113,45.75,5.308,3.39467,5.996,96.75,21.9608,22.7451,0,-0.71875,36.8703,24.75,24.75,27.75
22.774,0,0,0,0,1.02033,0.99997,1,1,1,1,0.843995,0,0.843995,1.00366,0,1.17188,30.75,34.9445,32.6389,2548.75,1090,887.461,970,1056.05,63.8203,157.898,166.641,65.4375,75.3047,251.113,45,5.308,3.41334,5.996,96.75,23.1373,22.7451,0,-0.375,36.8703,24.75,24.75,27.75
22.807,0,0,0,0,1.01984,0.99997,1,1,1,1,0.838136,0,0.843995,1.00366,0,3.51563,31.7222,34.7778,33.7222,2585.75,1100,898.594,970,1061.37,64.8047,161.906,170.039,66.4688,76.6406,251.113,45,5.436,3.51467,6.124,96.75,23.9216,24.3137,0,-0.921875,36.8703,25.5,25.5,27.75
22.84,0,0,0,0,1.01868,0.99997,1,1,1,1,0.833742,0,0.843995,1.00366,0,3.90625,33.2222,35.3889,35.4167,2625.25,1120,915.469,970,1063.95,66.375,165.563,172.688,69.2344,78.3516,251.113,45,5.564,3.58934,6.252,96.75,24.7059,24.3137,0,-1.125,36.8703,24.75,24.75,27
22.874,0,0,0,0,1.02338,0.99997,1,1,1,1,0.833742,0,0.833742,1.00366,0,3.90625,33.6945,33.0834,36.3611,2663.25,1130,932.656,970,1069.22,67.6875,165.563,172.688,69.8906,78.8672,251.113,45,5.852,3.664,6.54,96.75,24.3137,24.7059,0,-0.375,36.8703,24,24,27
22.907,0,0,0,0,1.03571,0.99997,1,1,1,1,0.830324,0,0.833742,1.00366,0,6.25,35.0278,35.8334,37.5556,2702.75,1150,940.078,970,1077.19,68.5781,168.352,175.43,70.7109,80.3906,258.964,45,5.936,3.85334,6.624,96.75,25.4902,26.2745,0,-0.921875,36.8703,24,24,27.75
22.94,0,0,0,0,1.04358,0.99997,1,1,1,1,0.827882,0,0.833742,1.00366,0,7.03125,35.9723,39.9723,39.0834,2744,1150,951.406,970,1085.12,69.8203,171.422,178.828,72.2344,81.4688,258.964,45,5.896,3.83734,6.584,96.75,26.6667,26.6667,0,-0.96875,36.8703,24,24,27
22.974,0,0,0,0,1.04346,0.99997,1,1,1,1,0.827882,0,0.827882,1.00366,0,7.03125,37,37.4167,40.7778,2787.5,1160,970.156,970,1087.77,71.3203,171.422,178.828,75.0703,81.6094,258.964,45,6.096,3.872,6.784,96.75,27.0588,26.6667,0,-0.59375,36.8703,23.25,23.25,27.75
23.007,0,0,0,0,1.06207,0.99997,1,1,1,1,0.825929,0,0.827882,1.00366,0,7.42188,38.8611,38.0278,42.1945,2851.75,1170,984.492,970,1100.98,72.8203,174.844,181.875,74.8359,82.7813,258.964,45,6.304,4.08801,6.992,96.75,27.0588,27.451,0,-0.609375,36.8703,24,24,27.75
23.04,0,0,0,0,1.0744,0.99997,1,1,1,1,0.824464,0,0.827882,1.00366,0,7.42188,40.5834,39.9445,42.6389,2882.5,1160,991.289,970,1108.91,73.8047,178.406,185.859,74.8594,83.0625,258.964,45,6.396,4.20267,7.084,96.75,27.8431,28.2353,0,-0.90625,36.5102,24,24,27
23.074,0,0,0,0,1.08447,0.99997,1,1,1,1,0.824464,0,0.824464,1.00366,0,7.42188,41.3056,43.3889,44.5,2924.25,1160,1002.93,970,1116.84,74.7656,178.406,185.859,77.0859,82.8984,258.964,44.25,6.348,4.20801,7.036,96.75,28.6275,28.2353,0,-0.78125,36.5102,24,24,27
23.107,0,0,0,0,1.0968,0.99997,1,1,1,1,0.823488,0,0.824464,1.00366,0,7.8125,43.3334,42.9723,46.0834,2980,1170,1018.32,970,1127.38,76.6875,183.047,189.773,77.7656,84.2109,270.116,44.25,6.556,4.35467,7.244,96.75,28.6275,28.6275,0,-0.65625,36.5102,23.25,23.25,27
23.14,0,0,0,0,1.11151,0.99997,1,1,1,1,0.822755,0,0.824464,1.00366,0,6.64063,44.7778,45.7778,47.2778,3021,1170,1026.25,970,1137.93,77.7188,186.609,192.961,78.375,84.7969,270.116,44.25,6.636,4.42667,7.324,96.75,29.0196,29.4118,0,-0.84375,36.5102,24,24,27
23.174,0,0,0,0,1.12116,0.99997,1,1,1,1,0.822755,0,0.822755,1.00366,0,6.64063,45.4167,48.1389,48.4445,3060.5,1160,1033.13,970,1148.48,78.3047,186.609,192.961,79.8516,84.5391,270.116,43.5,6.648,4.39734,7.344,96.75,29.4118,29.4118,0,-0.359375,36.5102,23.25,23.25,27
23.207,0,0,0,0,1.13922,0.99997,1,1,1,1,0.822023,0,0.822755,1.00366,0,5.07813,46.75,48.3889,50.5834,3126.5,1160,1049.69,970,1167.03,79.5234,188.133,193.43,80.9063,84.1406,270.116,43.5,6.768,4.50134,7.464,96.75,29.4118,29.4118,0,-0.6875,36.5102,23.25,23.25,27
23.24,0,0,0,0,1.14948,0.99997,1,1,1,1,0.821779,0,0.822755,1.00366,0,3.51563,48.0278,48.6945,52.75,3163,1160,1062.03,970,1177.58,80.3906,188.977,193.875,83.8359,83.8828,270.116,43.5,6.844,4.53867,7.54,96.75,29.4118,29.4118,0,-0.78125,36.5102,23.25,23.25,27
23.274,0,0,0,0,1.16889,0.99997,1,1,1,1,0.821779,0,0.821779,1.00366,0,3.51563,49,49.9445,53.2778,3206,1150,1072.89,970,1196.05,81.3047,188.977,193.875,82.3359,83.6484,270.116,42,7,4.59734,7.688,96.75,29.4118,29.0196,0,-0.46875,36.5102,23.25,23.25,27
23.307,0,0,0,0,1.18988,0.99997,1,1,1,1,0.82129,0,0.821779,1.00366,0,1.17188,50.6945,51.6112,55.4167,3263.5,1150,1085,970,1214.57,82.125,187.617,194.414,84.0703,83.2734,278.925,42,7.044,4.69334,7.732,96.75,29.0196,29.0196,0,-0.828125,36.5102,23.25,23.25,27
23.34,0,0,0,0,1.20953,0.99997,1,1,1,1,0.821046,0,0.821779,1.00366,0,1.17188,52.3056,51.6667,56.6667,3320.25,1150,1098.83,970,1233.05,83.0859,187.406,194.906,84.2813,82.9688,278.925,42,7.204,4.73067,7.892,96.75,28.6275,28.6275,0,-0.53125,36.5102,23.25,23.25,27
23.374,0,0,0,0,1.23151,0.99997,1,1,1,1,0.821046,0,0.821046,1.00366,0,1.17188,53,54.2223,57.7223,3362.25,1140,1103.48,970,1251.56,83.5313,187.406,194.906,84.2578,82.6406,278.925,41.25,7.236,4.82134,7.932,96.75,28.2353,28.2353,0,-0.453125,36.5102,23.25,23.25,27
23.407,0,0,0,0,1.24933,0.99997,1,1,1,1,0.820802,0,0.821046,1.00366,0,1.17188,54.3334,56.3056,59.1945,3416.25,1130,1110.16,970,1270.04,83.9297,187.242,195.492,85.6406,81.0469,278.925,41.25,7.244,4.76534,7.94,96.75,28.2353,27.8431,0,-0.6875,36.1501,23.25,23.25,27
23.44,0,0,0,0,1.27399,0.99997,1,1,1,1,0.820802,0,0.821046,1.00366,0,1.17188,55.6667,56.1667,60.4723,3456.5,1040,1120.63,970,1293.83,84.6563,187.008,195.914,85.6875,74.6484,278.925,41.25,7.308,4.81601,8.004,96.75,27.451,26.2745,0,-0.6875,34.3526,19.5,19.5,19.5
25.304,0,0,0,0,1.00903,0.99997,1,2,1,1,0.826661,0,0.823732,1.00171,0,0,11.3333,11.5556,11.9167,2182.25,970,401.484,970,1058.71,27.3281,147.305,148.148,29.4141,27.8672,280.487,42.75,2.276,1.472,2.964,97.5,6.66667,6.66667,0,-0.8125,17.0855,32.25,32.25,32.25
25.337,0,0,0,0,1.01184,0.99997,1,2,1,1,0.829103,0,0.823732,1.00171,0,0,11.6111,11.5833,12.0278,2173.75,970,411.016,970,1058.71,28.0781,146.508,147.703,29.7188,27.8672,281.718,42.75,2.324,1.504,3.012,97.5,6.66667,6.66667,0,-0.390625,17.0855,31.5,31.5,31.5
25.371,0,0,0,0,1.01093,0.99997,1,2,1,1,0.829103,0,0.829103,1.00171,0,0,11.6667,11.5278,12.1389,2170.75,970,415.586,970,1056.05,28.4297,146.508,147.703,30.3281,28.4063,281.718,42.75,2.34,1.48267,3.036,96.75,6.66667,6.66667,0,-0.453125,17.4456,30.75,30.75,30.75
25.404,0,0,0,0,1.0127,0.99997,1,2,1,1,0.830812,0,0.829103,1.00171,0,0,11.8333,11.5556,12,2168.25,970,419.297,970,1056.05,28.7109,146.039,147.352,29.4609,28.3125,281.718,42.75,2.316,1.496,3.012,96.75,6.66667,6.66667,0,-0.5625,17.4456,21,21,21
25.437,0,0,0,0,1.01489,0.99997,1,2,1,1,0.832033,0,0.829103,1.00171,0,0,11.8889,11.6111,12.2222,2163.25,970,422.422,970,1056.05,28.9688,145.734,147.023,29.8125,28.2891,281.718,42.75,2.344,1.49334,3.04,96.75,6.66667,6.66667,0,-0.921875,17.4456,18.75,18.75,18.75
25.471,0,0,0,0,1.01386,0.99997,1,2,1,1,0.832033,0,0.832033,1.00171,0,0,11.9445,11.6389,11.8611,2159.25,970,424.258,970,1053.44,29.1094,145.734,147.023,29.3672,28.3125,281.718,43.5,2.328,1.51734,3.016,96.75,6.66667,6.66667,0,-0.75,17.4456,17.25,17.25,17.25
25.504,0,0,0,0,1.01276,0.99997,1,2,1,1,0.833009,0,0.832033,1.00171,0,0,11.9722,11.6111,12.1111,2156,970,427.266,970,1050.78,29.3438,145.43,146.672,30.2344,28.3125,281.718,43.5,2.36,1.52,3.048,96.75,6.66667,6.66667,0,-0.46875,17.4456,16.5,16.5,16.5
25.537,0,0,0,0,1.01532,0.99997,1,2,1,1,0.833742,0,0.832033,1.00171,0,0,12.0278,11.6389,12.0556,2143.25,970,429.141,970,1050.78,29.5078,145.102,145.969,29.8359,28.3828,283.085,43.5,2.356,1.51734,3.044,96.75,6.66667,6.66667,0,-0.984375,17.4456,15.75,15.75,15.75
25.571,0,0,0,0,1.01416,0.99997,1,2,1,1,0.833742,0,0.833742,1.00171,0,0,12.0278,11.6389,11.8889,2135.75,970,430.547,970,1048.13,29.625,145.102,145.969,29.9766,28.4766,283.085,43.5,2.352,1.528,3.04,96.75,6.66667,6.66667,0,-0.890625,17.4456,15.75,15.75,15.75
25.604,0,0,0,0,1.01581,0.99997,1,2,1,1,0.838136,0,0.833742,1.00171,0,0,12.0278,11.6389,12.1111,2126.5,970,432.734,970,1048.13,29.8125,144.398,145.336,30.4453,28.5,283.085,43.5,2.38,1.54134,3.068,96.75,6.66667,6.66667,0,-0.84375,17.4456,14.25,14.25,14.25
25.637,0,0,0,0,1.01801,0.99997,1,2,1,1,0.841554,0,0.833742,1.00171,0,0,12.0833,11.5833,11.8333,2109,970,434.609,970,1048.13,29.9766,143.836,144.164,29.6719,28.5703,283.085,43.5,2.36,1.56,3.048,96.75,6.66667,6.66667,0,-0.5,17.4456,12.75,12.75,12.75
25.671,0,0,0,0,1.01935,0.99997,1,2,1,1,0.841554,0,0.841554,1.00171,0,0,11.9722,11.5833,12.1389,2099,970,434.922,970,1048.13,30,143.836,144.164,30.4453,28.5703,283.085,43.5,2.352,1.52534,3.032,96.75,6.66667,6.66667,0,-0.859375,17.4456,12.75,12.75,12.75
25.704,0,0,0,0,1.01795,0.99997,1,2,1,1,0.847902,0,0.841554,1.00171,0,0,11.9722,11.5,11.9167,2085.5,970,435.547,970,1045.51,30.1406,143.016,143.227,30.6094,28.6172,283.085,43.5,2.368,1.536,3.048,96.75,6.66667,6.66667,0,-0.828125,17.4456,12,12,12
25.737,0,0,0,0,1.01941,0.99997,1,2,1,1,0.852785,0,0.841554,1.00171,0,0,11.8889,11.5278,12.1389,2060.5,970,437.031,970,1045.51,30.3047,141.773,141.516,31.1719,28.7344,284.433,43.5,2.384,1.52534,3.064,96.75,6.66667,6.66667,0,-0.453125,17.4456,12.75,12.75,12.75
25.771,0,0,0,0,1.02106,0.99997,1,2,1,1,0.852785,0,0.852785,1.00171,0,0,11.8889,11.3889,11.9722,2044.25,960,438.711,965,1045.47,30.4219,141.773,141.516,30.7266,28.5234,284.433,43.5,2.352,1.55467,3.04,96.75,6.66667,6.66667,0,-0.453125,17.4456,11.25,11.25,11.25
25.804,0,0,0,0,1.02051,0.99997,1,2,1,1,0.862306,0,0.852785,1.00171,0,0,11.8333,11.3889,11.75,2020.25,960,440.742,965,1042.85,30.6328,140.086,140.086,30.9609,28.5234,284.433,43.5,2.364,1.544,3.052,96.75,6.66667,6.27451,0,-0.703125,17.4456,10.5,10.5,10.5
25.837,0,0,0,0,1.02197,0.99997,1,2,1,1,0.869386,0,0.852785,1.00171,0,0,11.5556,11.1667,11.1667,1995.5,960,438.32,965,1042.85,30.4922,138.68,138.047,29.6016,28.6875,284.433,43.5,2.32,1.504,3.008,96.75,6.27451,6.27451,0,-0.875,17.4456,11.25,11.25,11.25
25.871,0,0,0,0,1.02234,0.99997,1,2,1,1,0.869386,0,0.869386,1.00366,0,0,11.4445,11.0556,11.3889,1969.5,960,437.617,965,1042.85,30.4453,138.68,138.047,30.4453,29.2734,284.433,43.5,2.3,1.504,2.988,97.5,6.27451,6.27451,0,-0.609375,17.4456,12.75,12.75,12.75
25.904,0,0,0,0,1.02081,0.99997,1,2,1,1,0.88257,0,0.869386,1.00171,0,0,11.1945,11.0556,11.1667,1946,960,437.461,965,1040.23,30.2813,135.891,134.953,30.1641,29.5078,284.433,43.5,2.268,1.46667,2.956,97.5,6.27451,6.27451,0,-0.3125,17.4456,14.25,14.25,14.25
25.937,0,0,0,0,1.02203,0.99997,1,2,1,1,0.892335,0,0.869386,1.00171,0,0,11.0278,10.7778,10.7222,1923,960,437.031,965,1040.23,30.1406,133.102,133.547,29.6016,29.3438,285.663,43.5,2.248,1.448,2.936,97.5,6.27451,6.27451,0,-0.59375,17.4456,15,15,15
25.971,0,0,0,0,1.0224,0.99997,1,2,1,1,0.892335,0,0.892335,1.00171,0,0,10.9722,10.8056,10.8611,1923,960,435,965,1040.23,29.9766,133.102,133.547,29.7891,30.0469,285.663,43.5,2.192,1.43467,2.88,96.75,6.27451,6.27451,0,-0.765625,17.8057,30,30,30
26.004,0,0,0,0,1.02271,0.99997,1,2,1,1,0.905519,0,0.892335,1.00171,0,0,11.0278,10.8056,11.0833,1937.5,960,435.195,965,1040.23,29.9766,132.023,133.219,30.0938,29.3438,285.663,43.5,2.212,1.41867,2.9,96.75,6.27451,6.27451,0,-0.828125,17.8057,17.25,17.25,17.25
26.037,0,0,0,0,1.02142,0.99997,1,2,1,1,0.915529,0,0.892335,1.00171,0,0,11.1389,10.7778,10.8889,1951.75,960,435.117,965,1037.58,30.0469,132.188,134.414,29.7656,28.6875,285.663,43.5,2.208,1.42134,2.896,96.75,6.27451,6.27451,0,-0.1875,17.8057,15.75,15.75,15.75
26.071,0,0,0,0,1.02222,0.99997,1,2,1,1,0.915529,0,0.915529,1.00171,0,0,11.1389,10.7778,10.9445,1959.75,960,433.359,965,1037.58,29.9297,132.188,134.414,29.5547,28.3594,285.663,44.25,2.128,1.4,2.816,96.75,6.27451,6.27451,0,-0.46875,17.8057,13.5,13.5,13.5
26.104,0,0,0,0,1.0202,0.99997,1,2,1,1,0.922853,0,0.915529,1.00171,0,0,11.1389,10.7778,10.7778,1963.5,960,431.641,965,1034.92,29.8594,133.289,135.375,29.5547,28.3125,285.663,44.25,2.128,1.368,2.816,96.75,6.27451,6.27451,0,-0.765625,17.8057,13.5,13.5,13.5
26.137,0,0,0,0,1.02124,0.99997,1,2,1,1,0.928468,0,0.915529,1.00171,0,0,11.0278,10.4445,10.6389,1950.75,960,429.453,965,1034.92,29.6484,133.805,134.977,29.0625,28.6641,286.972,44.25,2.104,1.35467,2.792,96.75,5.88235,5.88235,0,-0.703125,17.8057,15.75,15.75,15.75
26.171,0,0,0,0,1.02228,0.99997,1,2,1,1,0.928468,0,0.928468,1.00171,0,0,10.9722,10.4445,10.5,1942.25,960,427.695,965,1034.92,29.5313,133.805,134.977,28.6172,28.875,286.972,44.25,2.052,1.36534,2.74,96.75,5.88235,5.88235,0,-0.65625,17.8057,18,18,18
26.204,0,0,0,0,1.02313,0.99997,1,2,1,1,0.932863,0,0.928468,1.00171,0,0,10.8611,10.4445,10.6111,1941.25,960,425.664,965,1034.92,29.3203,133.266,134.273,28.8047,29.7422,286.972,44.25,2.048,1.31733,2.736,96.75,5.88235,5.88235,0,-0.40625,18.1643,31.5,31.5,31.5
26.237,0,0,0,0,1.021,0.99997,1,2,1,1,0.935792,0,0.928468,1.00171,0,0,10.8056,10.5,10.5556,1947,960,423.711,965,1032.3,29.1797,132.773,134.297,29.1094,29.5078,286.972,44.25,2.048,1.31733,2.736,96.75,5.88235,6.27451,0,-0.625,18.1643,31.5,31.5,31.5
26.271,0,0,0,0,1.02191,0.99997,1,2,1,1,0.935792,0,0.935792,1.00171,0,0,10.8056,10.5,10.6389,1954.25,960,423.203,965,1032.3,29.1328,132.773,134.297,28.9219,29.9766,286.972,44.25,2.036,1.32,2.732,97.5,5.88235,6.27451,0,-0.734375,18.5244,31.5,31.5,31.5
26.304,0,0,0,0,1.02264,0.99997,1,2,1,1,0.938234,0,0.935792,1.00171,0,0,10.8056,10.6111,10.5833,1959.75,960,421.328,965,1032.3,29.0391,132.984,135.117,28.5234,29.7656,286.972,44.25,2.016,1.296,2.712,97.5,6.27451,6.27451,0,-0.671875,18.5244,31.5,31.5,31.5
26.337,0,0,0,0,1.02039,0.99997,1,2,1,1,0.939943,0,0.935792,1.00171,0,0,10.8056,10.8333,10.6389,1962.5,960,420.586,965,1029.65,28.9922,133.617,135.375,28.9688,29.7422,288.124,44.25,2.016,1.30133,2.712,97.5,6.27451,6.27451,0,-0.40625,18.5244,31.5,31.5,31.5
26.371,0,0,0,0,1.02075,0.99997,1,2,1,1,0.939943,0,0.939943,1.00171,0,0,10.8611,10.9445,10.9445,1959.75,960,422.031,965,1029.65,29.1094,133.617,135.375,29.5781,29.7656,288.124,44.25,2.032,1.30933,2.72,97.5,6.27451,6.27451,0,-0.6875,18.5244,32.25,32.25,32.25
26.404,0,0,0,0,1.01819,0.99997,1,2,1,1,0.935548,0,0.939943,1.00171,0,0,10.8611,10.9722,11.3333,1955.5,960,425.547,965,1026.99,29.3672,133.734,135.234,31.1719,29.9766,288.124,44.25,2.084,1.304,2.772,97.5,6.27451,6.27451,0,-0.734375,18.5244,31.5,31.5,32.25
26.437,0,0,0,0,1.01898,0.99997,1,2,1,1,0.93213,0,0.939943,1.00171,0,0,10.9167,10.9722,10.9722,1951,960,427.227,965,1026.99,29.4844,133.5,134.906,30.0703,30.7734,288.124,44.25,2.064,1.32533,2.752,97.5,6.27451,6.27451,0,-0.65625,18.8845,31.5,31.5,32.25
26.471,0,0,0,0,1.01959,0.99997,1,2,1,1,0.93213,0,0.93213,1.00171,0,0,10.9722,11.0278,11.1389,1950.75,960,429.102,965,1026.99,29.625,133.5,134.906,30.2578,30.7969,288.124,44.25,2.096,1.328,2.776,97.5,6.27451,6.27451,0,-0.5,18.8845,31.5,31.5,32.25
26.504,0,0,0,0,1.0177,0.99997,1,2,1,1,0.935304,0,0.93213,1.00171,0,0,11.0833,11,11.3056,1954.5,960,431.992,965,1024.38,29.8359,133.242,134.859,31.1016,30.6563,288.124,44.25,2.136,1.37067,2.816,97.5,6.27451,6.27451,0,-0.484375,18.8845,31.5,31.5,31.5
26.537,0,0,0,0,1.01917,0.99997,1,2,1,1,0.93799,0,0.93213,1.00171,0,0,11.25,11.2778,11.25,1966.75,960,433.164,965,1024.38,29.9766,133.313,135.375,30.3281,30.4453,289.335,44.25,2.116,1.36,2.796,97.5,6.66667,6.66667,0,-0.890625,18.8845,31.5,31.5,31.5
26.571,0,0,0,0,1.01959,0.99997,1,2,1,1,0.93799,0,0.93799,1.00171,0,0,11.25,11.5,11.5833,1971,960,436.055,965,1024.38,30.1875,133.313,135.375,31.0078,30.9375,289.335,44.25,2.12,1.37067,2.808,97.5,6.66667,6.66667,0,-0.6875,19.2447,32.25,32.25,32.25
26.604,0,0,0,0,1.0202,0.99997,1,2,1,1,0.933839,0,0.93799,1.00171,0,0,11.3889,11.4445,11.5,1971.75,960,438.594,965,1024.38,30.4219,133.805,135.891,30.6797,30.9141,289.335,44.25,2.124,1.368,2.812,97.5,6.66667,6.66667,0,-0.6875,19.2447,31.5,31.5,32.25
26.637,0,0,0,0,1.01837,0.99997,1,2,1,1,0.93091,0,0.93799,1.00171,0,0,11.3889,11.5,11.3333,1966.5,960,440.156,965,1021.72,30.5391,134.156,135.68,30.6094,31.0781,289.335,44.25,2.128,1.37867,2.816,97.5,6.66667,6.66667,0,-0.375,19.2447,31.5,31.5,32.25
26.671,0,0,0,0,1.01856,0.99997,1,2,1,1,0.93091,0,0.93091,1.00171,0,0,11.3889,11.5,11.3889,1964,970,441.172,970,1021.72,30.6094,134.156,135.68,31.1016,31.1484,289.335,44.25,2.164,1.384,2.852,97.5,6.66667,6.66667,0,-0.59375,19.2447,30.75,30.75,31.5
26.704,0,0,0,0,1.01886,0.99997,1,2,1,1,0.928712,0,0.93091,1.00171,0,0,11.3889,11.5,11.4722,1960,970,441.523,970,1021.72,30.6094,133.805,135.375,30.8438,31.2891,289.335,44.25,2.156,1.38934,2.844,97.5,6.66667,6.66667,0,-0.9375,19.2447,31.5,31.5,31.5
26.737,0,0,0,0,1.01611,0.99997,1,2,1,1,0.927003,0,0.93091,1.00171,0,0,11.4445,11.4722,11.3889,1962.5,970,442.07,970,1019.1,30.6563,133.617,135.352,31.0781,31.2188,290.546,44.25,2.164,1.39467,2.852,97.5,6.66667,6.66667,0,-0.78125,19.2447,31.5,31.5,31.5
26.771,0,0,0,0,1.01679,0.99997,1,2,1,1,0.927003,0,0.927003,1.00366,0,0,11.5,11.4722,11.6111,1970.25,970,444.141,970,1019.1,30.8203,133.617,135.352,31.2656,31.1016,290.546,44.25,2.188,1.408,2.876,96.75,6.66667,6.66667,0,-0.546875,19.2447,31.5,31.5,31.5
26.804,0,0,0,0,1.01746,0.99997,1,2,1,1,0.925539,0,0.927003,1.00171,0,0,11.6111,11.4722,11.5833,1976.25,970,444.141,970,1019.1,30.8438,133.758,136.102,30.9375,30.8906,290.546,44.25,2.184,1.408,2.872,96.75,6.66667,6.66667,0,-0.5,19.2447,31.5,31.5,31.5
26.837,0,0,0,0,1.01788,0.99997,1,2,1,1,0.924806,0,0.927003,1.00171,0,0,11.6111,11.5278,11.5556,1981.5,970,442.969,970,1019.1,30.7969,134.484,136.43,30.6563,30.7734,290.546,44.25,2.164,1.38934,2.852,96.75,6.66667,6.66667,0,-0.84375,19.2447,31.5,31.5,31.5
26.871,0,0,0,0,1.01801,0.99997,1,2,1,1,0.924806,0,0.924806,1.00171,0,0,11.6111,11.5278,11.4722,1980.25,970,442.539,970,1019.1,30.75,134.484,136.43,30.3984,30.75,290.546,44.25,2.148,1.40534,2.836,97.5,6.66667,6.66667,0,-0.859375,19.2447,31.5,31.5,31.5
26.904,0,0,0,0,1.0155,0.99997,1,2,1,1,0.924074,0,0.924806,1.00171,0,0,11.5556,11.5,11.4722,1976.75,970,441.914,970,1016.45,30.7031,134.648,136.43,31.0313,30.9609,290.546,44.25,2.172,1.37334,2.86,97.5,6.66667,6.66667,0,-0.625,19.2447,31.5,31.5,31.5
26.937,0,0,0,0,1.01831,0.99997,1,2,1,1,0.923341,0,0.924806,1.00171,0,0,11.5,11.5,11.4445,1973,970,441.875,970,1019.1,30.6797,134.531,136.078,30.9141,31.1016,291.796,44.25,2.164,1.39467,2.852,97.5,6.66667,6.66667,0,-0.359375,19.2447,31.5,31.5,31.5
26.971,0,0,0,0,1.01599,0.99997,1,2,1,1,0.923341,0,0.923341,1.00171,0,0,11.5,11.5,11.5278,1972.75,970,442.5,970,1016.45,30.7266,134.531,136.078,31.0547,31.125,291.796,44.25,2.18,1.392,2.868,97.5,6.66667,6.66667,0,-0.734375,19.2447,31.5,31.5,31.5
27.004,0,0,0,0,1.01923,0.99997,1,2,1,1,0.923097,0,0.923341,1.00366,0,0,11.6111,11.5,11.6667,1977.25,970,443.867,970,1019.06,30.8438,134.25,136.125,31.1719,30.9844,291.796,44.25,2.192,1.41334,2.88,97.5,6.66667,6.66667,0,-0.8125,19.2447,31.5,31.5,31.5
27.037,0,0,0,0,1.01984,0.99997,1,2,1,1,0.922853,0,0.923341,1.00171,0,0,11.6111,11.5833,11.6945,1986,970,442.734,970,1019.1,30.7734,134.438,136.594,30.4453,30.7969,291.796,44.25,2.152,1.38667,2.84,97.5,6.66667,6.66667,0,-0.703125,19.2447,31.5,31.5,31.5
27.071,0,0,0,0,1.01752,0.99997,1,2,1,1,0.922853,0,0.922853,1.00171,0,0,11.6667,11.5,11.5833,1989.25,970,442.734,970,1016.45,30.7734,134.438,136.594,30.75,30.6797,291.796,44.25,2.172,1.4,2.852,96.75,6.66667,6.66667,0,-0.515625,19.2447,31.5,31.5,31.5
27.104,0,0,0,0,1.01801,0.99997,1,2,1,1,0.922609,0,0.922853,1.00171,0,0,11.6667,11.5833,11.8611,1990.5,970,443.906,970,1016.45,30.8906,134.859,136.945,31.3594,30.6563,291.796,44.25,2.196,1.40534,2.876,96.75,6.66667,6.66667,0,-0.453125,19.2447,31.5,31.5,31.5
27.137,0,0,0,0,1.01819,0.99997,1,2,1,1,0.922365,0,0.922853,1.00171,0,0,11.6667,11.6667,11.5278,1989.75,970,441.953,970,1016.45,30.75,135.094,137.039,30.4219,30.7734,293.085,44.25,2.148,1.384,2.828,96.75,6.66667,6.66667,0,-0.75,19.2447,31.5,31.5,31.5
27.171,0,0,0,0,1.01807,0.99997,1,2,1,1,0.922365,0,0.922365,1.00171,0,0,11.6111,11.6389,11.6111,1987.25,970,441.367,970,1016.45,30.7031,135.094,137.039,30.6328,30.8438,293.085,45,2.152,1.38667,2.84,97.5,6.66667,6.66667,0,-0.765625,19.2447,31.5,31.5,31.5
27.204,0,0,0,0,1.01825,0.99997,1,2,1,1,0.922121,0,0.922365,1.00171,0,0,11.6111,11.5833,11.6945,1984.5,970,441.758,970,1016.45,30.7031,135.07,136.688,30.8906,30.9375,293.085,45,2.168,1.39734,2.856,97.5,6.66667,6.66667,0,-0.46875,19.2447,31.5,31.5,31.5
27.237,0,0,0,0,1.01593,0.99997,1,2,1,1,0.922121,0,0.922365,1.00171,0,0,11.6667,11.5833,11.7222,1988.25,970,442.344,970,1013.79,30.7734,134.836,136.781,30.8906,30.8906,293.085,45,2.176,1.40267,2.864,97.5,6.66667,6.66667,0,-0.625,19.2447,31.5,31.5,31.5
27.271,0,0,0,0,1.0163,0.99997,1,2,1,1,0.922121,0,0.922121,1.00171,0,0,11.6667,11.5556,11.75,1995.75,970,443.047,970,1013.79,30.8203,134.836,136.781,31.3125,30.75,293.085,45,2.192,1.4,2.88,97.5,6.66667,6.66667,0,2.23438,19.2447,31.5,31.5,31.5
27.304,0,0,0,0,1.02008,0.99997,1,2,1,1,0.922121,0,0.922121,1.00171,0,0,11.7778,11.5833,11.8333,2000.25,970,444.102,970,1016.45,30.9375,135.094,137.461,30.6563,31.2422,293.085,45,2.172,1.4,2.86,97.5,6.66667,6.66667,0,6.46875,19.6032,31.5,31.5,32.25
27.337,0,0,0,0,1.01801,0.99997,1,2,1,1,0.922121,0,0.922121,1.00171,0,0,11.7778,11.5556,11.75,2003.25,970,443.906,970,1013.79,30.8906,135.609,137.789,31.0313,31.1953,294.648,45,2.18,1.41067,2.868,97.5,6.66667,6.66667,0,10.5156,19.6032,33.75,33.75,33.75
27.371,0,0,0,0,1.01886,0.99997,1,2,1,1,0.922121,0,0.922121,1.00171,0,0,11.7778,11.6945,11.7778,2000.25,970,444.648,970,1013.79,30.9609,135.609,137.789,31.0078,31.2188,294.648,45,2.184,1.41867,2.872,97.5,6.66667,7.05883,0,13.9531,19.6032,33.75,33.75,33.75
27.404,0,0,0,0,1.01935,0.99997,1,2,1,1,0.91797,0,0.922121,1.00171,0,0,11.4445,11.8611,11.9445,1996,970,446.797,970,1013.79,30.2109,137.133,137.555,31.4531,31.4063,294.648,45,2.156,1.36,2.844,97.5,7.05883,7.05883,0,16.7969,19.6032,35.25,35.25,36
27.437,0,0,0,0,1.01984,0.99997,1,2,1,1,0.91504,0,0.922121,1.00171,0,0,11.1945,11.8611,12.0556,1993.75,970,450.977,970,1013.79,29.4609,135.305,137.273,31.7344,31.8281,294.648,45,2.084,1.344,2.772,97.5,7.05883,7.05883,0,19.5313,19.6032,35.25,35.25,35.25
27.471,0,0,0,0,1.01746,0.99997,1,2,1,1,0.91504,0,0.91504,1.00171,0,0,11.25,11.8889,11.9167,1995.5,970,456.133,970,1011.17,29.8594,135.305,137.273,31.3125,31.7813,294.648,45,2.152,1.368,2.856,97.5,7.05883,7.05883,0,20.7188,19.6032,36.75,36.75,36.75
27.504,0,0,0,0,1.02075,0.99997,1,2,1,1,0.916749,0,0.91504,1.00171,0,0,11.3333,11.8611,12.0556,2002.5,970,461.367,970,1013.79,29.7891,134.25,137.508,31.4297,31.2656,294.648,45,2.136,1.37867,2.84,97.5,7.05883,7.05883,0,21.4688,19.6032,37.5,37.5,36.75
27.537,0,0,0,0,1.01849,0.99997,1,2,1,1,0.918214,0,0.91504,1.00171,0,0,11.5,11.9167,12.0278,2013.25,970,467.773,970,1011.17,30,135.305,138.164,31.1016,30.9141,296.132,45,2.14,1.384,2.844,97.5,7.05883,7.05883,0,20.9063,19.6032,37.5,37.5,36
27.571,0,0,0,0,1.01886,0.99997,1,2,1,1,0.918214,0,0.918214,1.00366,0,0,11.6111,11.9167,11.8889,2016.25,970,471.25,970,1011.17,30.2813,135.305,138.164,30.6328,30.8438,296.132,45,2.144,1.41867,2.832,97.5,7.05883,7.05883,0,20.7344,19.6032,37.5,37.5,36
27.604,0,0,0,0,1.0188,0.99997,1,2,1,1,0.91504,0,0.918214,1.00171,0,0,11.7222,11.8889,11.9167,2015.75,970,473.984,970,1011.17,30.5391,136.172,138.516,31.2891,31.0313,296.132,45,2.188,1.41334,2.876,97.5,7.05883,7.05883,0,21.1563,19.6032,37.5,37.5,36
27.637,0,0,0,0,1.01941,0.99997,1,2,1,1,0.912843,0,0.918214,1.00171,0,0,11.7778,11.8889,12.0556,2008.75,970,477.773,970,1011.17,30.8438,136.547,138.234,31.5469,31.2891,296.132,45,2.208,1.424,2.896,97.5,7.05883,6.66667,0,21.375,19.6032,37.5,37.5,36.75
27.671,0,0,0,0,1.01972,0.99997,1,2,1,1,0.912843,0,0.912843,1.00171,0,0,11.7778,11.8889,11.9167,2006.5,970,478.32,970,1011.17,30.8906,136.547,138.234,31.1953,31.3359,296.132,45,2.216,1.41067,2.904,97.5,7.05883,7.05883,0,21.2813,19.6032,37.5,37.5,36
27.704,0,0,0,0,1.0199,0.99997,1,2,1,1,0.911378,0,0.912843,1.00171,0,0,11.8333,11.9167,11.8611,2007.75,970,479.414,970,1011.17,31.0078,136.289,137.93,30.9844,31.4297,296.132,45,2.208,1.448,2.896,97.5,7.05883,7.05883,0,20.875,19.6032,37.5,37.5,36
27.737,0,0,0,0,1.02252,0.99997,1,2,1,1,0.909914,0,0.912843,1.00171,0,0,11.8889,11.9167,11.8056,2017.25,970,477.813,970,1013.75,30.8672,135.984,138.305,30.0703,31.3125,297.694,45,2.172,1.432,2.86,97.5,7.05883,7.05883,0,21.1094,19.6032,37.5,37.5,36
27.771,0,0,0,0,1.01935,0.99997,1,2,1,1,0.909914,0,0.909914,1.00171,0,0,11.8333,11.8889,12.1111,2023,970,479.102,970,1011.17,30.9609,135.984,138.305,31.4531,31.1953,297.694,45,2.232,1.43467,2.92,97.5,7.05883,7.05883,0,21.25,19.6032,37.5,37.5,36
27.804,0,0,0,0,1.0199,0.99997,1,2,1,1,0.909181,0,0.909914,1.00171,0,0,11.9445,12.0833,11.9167,2027.25,970,478.789,970,1011.17,30.8906,136.313,138.867,30.8438,31.0781,297.694,45,2.196,1.424,2.884,97.5,7.05883,7.05883,0,21.5156,19.6032,37.5,37.5,36
27.837,0,0,0,0,1.01984,0.99997,1,2,1,1,0.908449,0,0.909914,1.00171,0,0,11.9445,12.0556,12,2026.25,970,480,970,1011.17,30.9609,136.828,139.125,31.0547,31.125,297.694,45,2.204,1.42667,2.892,97.5,7.05883,7.05883,0,20.7344,19.6032,37.5,37.5,36
27.871,0,0,0,0,1.01965,0.99997,1,2,1,1,0.908449,0,0.908449,1.00171,0,0,11.9445,12.0556,12.1945,2024.75,970,480.547,970,1011.17,31.0078,136.828,139.125,31.5469,31.1484,297.694,45,2.24,1.42134,2.928,97.5,7.05883,7.05883,0,20.8594,19.6032,37.5,37.5,36
27.904,0,0,0,0,1.02008,0.99997,1,2,1,1,0.907716,0,0.908449,1.00171,0,0,11.9722,12.0833,12.1111,2021.5,970,481.914,970,1011.17,31.125,137.133,138.891,31.3828,31.2656,297.694,45,2.232,1.44534,2.92,97.5,7.05883,7.05883,0,21.1719,19.6032,37.5,37.5,36
27.937,0,0,0,0,1.02045,0.99997,1,2,1,1,0.907472,0,0.908449,1.00171,0,0,12.0278,12.0278,12.2222,2021.5,970,484.375,970,1011.17,31.3359,136.922,138.773,31.6875,31.3594,299.276,45,2.26,1.464,2.948,97.5,7.05883,7.05883,0,21.0938,19.6032,37.5,37.5,36
27.971,0,0,0,0,1.02087,0.99997,1,2,1,1,0.907472,0,0.907472,1.00171,0,0,12.0833,12.0278,12.1667,2026.75,970,484.727,970,1011.17,31.3594,136.922,138.773,31.4297,31.3125,299.276,45,2.252,1.45867,2.948,97.5,7.05883,7.05883,0,21.0469,19.6032,37.5,37.5,36
28.004,0,0,0,0,1.02118,0.99997,1,2,1,1,0.907228,0,0.907472,1.00171,0,0,12.0833,12.0278,12.0833,2033.25,970,484.336,970,1011.17,31.3125,136.781,139.383,31.125,31.1719,299.276,45,2.24,1.45067,2.936,97.5,7.05883,7.05883,0,20.7656,19.6032,37.5,37.5,36
28.037,0,0,0,0,1.02149,0.99997,1,2,1,1,0.906984,0,0.907472,1.00171,0,0,12.0833,12,11.7778,2039,970,481.25,970,1011.17,31.0313,137.367,139.734,30.2344,31.0547,299.276,45,2.192,1.43467,2.888,97.5,7.05883,7.05883,0,21.1875,19.6032,37.5,37.5,36
28.071,0,0,0,0,1.02106,0.99997,1,2,1,1,0.906984,0,0.906984,1.00171,0,0,11.9722,12,12.1111,2038.25,960,480.273,965,1011.17,30.9609,137.367,139.734,31.1016,31.0313,299.276,45,2.22,1.41867,2.916,97.5,7.05883,7.05883,0,21.2188,19.6032,37.5,37.5,36
28.104,0,0,0,0,1.01831,0.99997,1,2,1,1,0.90674,0,0.906984,1.00171,0,0,11.9722,11.8889,12.0278,2035.75,960,481.25,965,1008.52,31.0313,137.695,139.734,31.5469,31.1719,299.276,45,2.244,1.45334,2.94,97.5,7.05883,7.05883,0,21.2344,19.6032,37.5,37.5,35.25
28.137,0,0,0,0,1.02155,0.99997,1,2,1,1,0.906496,0,0.906984,1.00171,0,0,11.9722,11.8889,12.1111,2033.5,960,479.883,965,1011.17,30.9375,137.672,139.5,30.9844,31.2891,300.839,45,2.216,1.42134,2.912,97.5,7.05883,7.05883,0,20.8438,19.6032,37.5,37.5,36
28.171,0,0,0,0,1.01898,0.99997,1,2,1,1,0.906496,0,0.906496,1.00171,0,0,11.9445,11.8889,12.1667,2035.75,960,480.82,965,1008.52,31.0078,137.672,139.5,31.8047,31.2891,300.839,45,2.256,1.42667,2.944,97.5,7.05883,7.05883,0,20.9688,19.6032,37.5,37.5,36
28.204,0,0,0,0,1.01978,0.99997,1,2,1,1,0.906496,0,0.906496,1.00171,0,0,12.0278,11.8889,11.9722,2039.75,960,480.82,965,1008.52,31.0078,137.438,139.594,31.1719,31.2422,300.839,45,2.228,1.43467,2.916,97.5,7.05883,7.05883,0,21.2344,19.6032,37.5,37.5,35.25
28.237,0,0,0,0,1.02289,0.99997,1,2,1,1,0.906496,0,0.906496,1.00171,0,0,11.9722,11.9167,11.8056,2046.25,960,478.438,965,1011.17,30.7969,137.461,140.016,30.0234,31.0781,300.839,45,2.184,1.41334,2.872,97.5,7.05883,7.05883,0,20.9375,19.6032,37.5,37.5,35.25
28.271,0,0,0,0,1.02246,0.99997,1,2,1,1,0.906496,0,0.906496,1.00171,0,0,11.9722,11.9445,12.1667,2050.25,960,477.695,965,1011.17,30.7266,137.461,140.016,30.9375,31.0078,300.839,45,2.208,1.41334,2.904,97.5,7.05883,7.05883,0,20.875,19.6032,36.75,36.75,36
28.304,0,0,0,0,1.02271,0.99997,1,2,1,1,0.902589,0,0.906496,1.00171,0,0,11.9722,12.0278,12.1111,2052,960,477.656,965,1011.17,30.6094,137.789,140.555,30,30.9844,300.839,45,2.172,1.424,2.868,97.5,7.05883,7.05883,0,21.0156,19.6032,37.5,37.5,36
28.337,0,0,0,0,1.0224,0.99997,1,2,1,1,0.899415,0,0.906496,1.00171,0,0,11.9445,11.9167,11.9445,2050,960,476.172,965,1011.17,30.5859,138.305,140.438,30.4922,31.0781,302.382,45,2.192,1.41867,2.888,97.5,7.05883,7.05883,0,21.4063,19.6032,37.5,37.5,36
28.371,0,0,0,0,1.01959,0.99997,1,2,1,1,0.899415,0,0.899415,1.00171,0,0,11.8889,11.9167,11.9445,2046.25,960,476.484,965,1008.52,30.6094,138.305,140.438,31.1719,31.125,302.382,45,2.232,1.408,2.92,97.5,7.05883,7.05883,0,21.2813,19.6032,37.5,37.5,36.75
28.404,0,0,0,0,1.02307,0.99997,1,2,1,1,0.897218,0,0.899415,1.00171,0,0,11.9722,11.9167,12,2045.25,960,478.359,965,1011.13,30.7734,138.211,140.18,31.0547,31.2422,302.382,45,2.236,1.448,2.924,97.5,7.05883,7.05883,0,20.75,19.6032,38.25,38.25,36.75
28.437,0,0,0,0,1.02039,0.99997,1,2,1,1,0.895753,0,0.899415,1.00171,0,0,11.9722,12,11.8889,2051.5,960,477.07,965,1008.52,30.6563,137.93,140.297,30.7734,31.1953,302.382,45,2.216,1.43467,2.904,97.5,7.05883,7.05883,0,21.3281,19.6032,38.25,38.25,36
28.471,0,0,0,0,1.02295,0.99997,1,2,1,1,0.895753,0,0.895753,1.00171,0,0,11.9722,12,12.0556,2055.5,960,477.461,965,1011.13,30.7031,137.93,140.297,30.9609,31.2656,302.382,45,2.244,1.432,2.932,97.5,7.05883,7.05883,0,21.3594,19.6032,37.5,37.5,27.75
28.504,0,0,0,0,1.02033,0.99997,1,2,1,1,0.894288,0,0.895753,1.00171,0,0,12.0278,12.1389,12.2778,2061,960,478.086,965,1008.52,30.7031,138,140.906,31.4766,31.1016,302.382,45,2.244,1.45334,2.932,97.5,7.05883,7.05883,0,21.4688,19.6032,37.5,37.5,36
28.537,0,0,0,0,1.02387,0.99997,1,2,1,1,0.893556,0,0.895753,1.00171,0,0,12.0833,12.1667,12.1389,2064.5,960,479.141,965,1011.17,30.7734,138.539,141.141,30.3047,31.1016,303.944,45,2.212,1.432,2.9,97.5,7.05883,7.05883,0,20.75,19.6032,37.5,37.5,35.25
28.571,0,0,0,0,1.02118,0.99997,1,2,1,1,0.893556,0,0.893556,1,0,0,12.0833,12.0833,12.0833,2063.5,960,479.609,965,1008.52,30.7969,138.539,141.141,30.8438,31.0547,303.944,45,2.24,1.44534,2.928,97.5,7.05883,7.05883,0,20.9219,19.6032,37.5,37.5,35.25
28.604,0,0,0,0,1.02149,0.99997,1,2,1,1,0.892824,0,0.893556,1.00171,0,0,12.0833,12.0833,12.1111,2061.25,960,480.43,965,1008.52,30.8672,138.773,141.047,30.8672,31.2188,303.944,45,2.244,1.45334,2.932,97.5,7.05883,7.05883,0,21.3281,19.6032,37.5,37.5,35.25
28.637,0,0,0,0,1.02191,0.99997,1,2,1,1,0.892091,0,0.893556,1.00171,0,0,12.1389,12.1389,12.3056,2059.25,960,482.07,965,1008.52,31.0078,138.727,140.953,31.3359,31.3125,303.944,45,2.272,1.46667,2.96,97.5,7.05883,7.05883,0,21.5,19.6032,37.5,37.5,35.25
28.671,0,0,0,0,1.02478,0.99997,1,2,1,1,0.892091,0,0.892091,1.00171,0,0,12.1389,12.2222,12.0278,2063.5,970,479.961,970,1011.17,30.8438,138.727,140.953,29.9531,31.2891,303.944,45,2.216,1.45067,2.904,97.5,7.05883,7.05883,0,20.9375,19.6032,37.5,37.5,35.25
28.704,0,0,0,0,1.02448,0.99997,1,2,1,1,0.891847,0,0.892091,1.00171,0,0,12.1389,12.2222,12.3056,2068.5,970,480.195,970,1011.17,30.8438,138.609,141.188,30.6797,31.2188,303.944,45,2.236,1.448,2.924,97.5,7.05883,7.05883,0,20.7813,19.6032,37.5,37.5,35.25
28.737,0,0,0,0,1.02179,0.99997,1,2,1,1,0.891603,0,0.892091,1.00171,0,0,12.1389,12.1389,12.25,2073,970,480.352,970,1008.52,30.8438,138.797,141.703,31.0781,31.0781,305.507,45,2.252,1.45067,2.94,97.5,7.05883,7.05883,0,21.3281,19.6032,37.5,37.5,34.5
28.771,0,0,0,0,1.0221,0.99997,1,2,1,1,0.891603,0,0.891603,1.00171,0,0,12.1945,12.1389,12.2778,2073.25,970,481.953,970,1008.52,30.9609,138.797,141.703,31.1016,31.0547,305.507,45,2.26,1.47734,2.956,97.5,7.05883,7.05883,0,21.25,19.6032,37.5,37.5,34.5
28.804,0,0,0,0,1.02271,0.99997,1,2,1,1,0.891359,0,0.891603,1.00366,0,0,12.1945,12.1667,12.5278,2072.75,970,483.008,970,1008.52,31.0313,139.289,141.75,31.6875,31.125,305.507,45,2.288,1.45867,2.984,97.5,7.05883,7.05883,0,21.2813,19.6032,37.5,37.5,34.5
28.837,0,0,0,0,1.02313,0.99997,1,2,1,1,0.891115,0,0.891603,1.00171,0,0,12.1945,12.2222,12.4167,2071.25,970,482.695,970,1008.52,31.0313,139.359,141.703,31.4063,31.2188,305.507,45,2.276,1.45067,2.972,97.5,7.05883,7.05883,0,20.8906,19.6032,37.5,37.5,34.5
28.871,0,0,0,0,1.02332,0.99997,1,2,1,1,0.891115,0,0.891115,1.00171,0,0,12.1945,12.2222,12.25,2072.25,970,482.227,970,1008.52,30.9844,139.359,141.703,30.9609,31.1953,305.507,45,2.252,1.45867,2.948,97.5,7.05883,7.05883,0,20.9531,19.6032,37.5,37.5,34.5
28.904,0,0,0,0,1.02344,0.99997,1,2,1,1,0.890871,0,0.891115,1.00171,0,0,12.1945,12.1111,12.2222,2075.75,970,481.25,970,1008.52,30.9141,139.313,141.703,30.8438,31.2188,305.507,45,2.252,1.45067,2.948,97.5,7.05883,7.05883,0,21.3281,19.6032,37.5,37.5,34.5
28.937,0,0,0,0,1.0235,0.99997,1,2,1,1,0.890871,0,0.891115,1.00171,0,0,12.1945,12.1667,12.0833,2082.75,970,480.156,970,1008.52,30.7969,139.289,142.102,30.375,31.125,307.108,45,2.236,1.456,2.932,97.5,7.05883,7.05883,0,20.8125,19.6032,36.75,36.75,34.5
28.971,0,0,0,0,1.02344,0.99997,1,2,1,1,0.890871,0,0.890871,1.00171,0,0,12.1945,12.1389,12.4445,2085.25,970,480.781,970,1008.52,30.8438,139.289,142.102,31.2422,31.0547,307.108,45,2.264,1.45067,2.96,97.5,7.05883,7.05883,0,21,19.6032,36.75,36.75,34.5
29.004,0,0,0,0,1.02393,0.99997,1,2,1,1,0.885011,0,0.890871,1.00171,0,0,12.25,12.1945,12.2778,2085,970,481.289,970,1008.52,30.8672,139.641,142.43,30.8203,31.0313,307.108,45,2.248,1.464,2.944,97.5,7.05883,7.05883,0,20.9219,19.6032,37.5,37.5,35.25
29.037,0,0,0,0,1.02441,0.99997,1,2,1,1,0.880617,0,0.890871,1,0,0,12.25,12.1945,12.3611,2084.75,970,481.367,970,1008.52,30.8672,139.969,142.477,31.0313,31.125,307.108,45,2.264,1.464,2.96,97.5,7.05883,7.05883,0,21.375,19.6032,37.5,37.5,35.25
29.071,0,0,0,0,1.0249,0.99997,1,2,1,1,0.880617,0,0.880617,1.00171,0,0,12.25,12.2222,12.4167,2083,970,481.719,970,1008.52,30.8906,139.969,142.477,31.3359,31.1484,307.108,45,2.292,1.46134,2.98,97.5,7.05883,7.05883,0,21.125,19.6032,37.5,37.5,35.25
29.104,0,0,0,0,1.02515,0.99997,1,2,1,1,0.877199,0,0.880617,1.00171,0,0,12.25,12.25,12.3611,2081.5,970,482.227,970,1008.52,30.9375,140.039,142.313,31.1719,31.2188,307.108,45,2.288,1.47734,2.976,97.5,7.05883,7.05883,0,20.6719,19.6032,37.5,37.5,35.25
29.137,0,0,0,0,1.02564,0.99997,1,2,1,1,0.874757,0,0.880617,1,0,0,12.3056,12.3333,12.4445,2086.5,970,483.164,970,1008.52,31.0078,139.898,142.406,31.2656,31.1719,308.69,45,2.292,1.48534,2.98,97.5,7.05883,7.05883,0,21.3438,19.6032,37.5,37.5,35.25
29.171,0,0,0,0,1.02557,0.99997,1,2,1,1,0.874757,0,0.874757,0.998537,0,0,12.3056,12.25,12.4445,2095.75,970,482.695,970,1008.52,30.9609,139.898,142.406,31.1016,31.2188,308.69,45,2.308,1.46934,2.996,97.5,7.05883,7.05883,0,21.3594,19.6032,36.75,36.75,34.5
29.204,0,0,0,0,1.02606,0.99997,1,2,1,1,0.872804,0,0.874757,1.00171,0,0,12.3056,12.3333,12.3333,2098.75,970,482.578,970,1008.52,30.8438,139.617,143.039,30.7969,31.1484,308.69,45,2.284,1.48,2.972,97.5,7.05883,7.05883,0,21.3281,19.6032,37.5,37.5,34.5
29.237,0,0,0,0,1.02612,0.99997,1,2,1,1,0.871339,0,0.874757,1.00171,0,0,12.3056,12.25,12.3889,2099.25,970,482.656,970,1008.52,30.8438,140.555,143.203,30.9141,31.0547,308.69,45,2.292,1.48534,2.98,97.5,7.05883,7.05883,0,20.8594,19.6032,37.5,37.5,34.5
29.271,0,0,0,0,1.02612,0.99997,1,2,1,1,0.871339,0,0.871339,1.00171,0,0,12.3056,12.3333,12.5556,2097,970,483.281,970,1008.52,30.8906,140.555,143.203,31.3359,31.0547,308.69,45,2.32,1.472,3.008,97.5,7.05883,7.05883,0,21.0781,19.6032,37.5,37.5,33.75
29.304,0,0,0,0,1.02655,0.99997,1,2,1,1,0.870363,0,0.871339,1.00171,0,0,12.3056,12.3333,12.2222,2094,970,482.773,970,1008.52,30.8672,140.742,143.109,30.5625,31.2891,308.69,45,2.284,1.49067,2.972,97.5,7.05883,7.05883,0,21.5313,19.6032,37.5,37.5,34.5
29.337,0,0,0,0,1.02667,0.99997,1,2,1,1,0.86963,0,0.871339,1.00171,0,0,12.3611,12.3333,12.6389,2093.5,970,485.039,970,1008.52,31.0547,140.672,142.922,31.6172,31.3594,310.233,45,2.336,1.51467,3.024,97.5,7.05883,7.05883,0,21.0469,19.6032,37.5,37.5,34.5
29.371,0,0,0,0,1.02667,0.99997,1,2,1,1,0.86963,0,0.86963,1.00171,0,0,12.3611,12.3333,12.2222,2097,970,482.93,970,1008.52,30.8906,140.672,142.922,31.1016,31.3125,310.233,45,2.308,1.48534,2.996,98.25,7.05883,7.05883,0,21.0156,19.6032,37.5,37.5,33.75
29.404,0,0,0,0,1.02655,0.99997,1,2,1,1,0.868898,0,0.86963,1.00171,0,0,12.3611,12.3611,12.3333,2105.75,970,483.477,970,1008.52,30.8906,140.484,143.297,30.75,31.2188,310.233,45,2.296,1.504,2.984,98.25,7.05883,7.05883,0,20.9688,19.6032,37.5,37.5,34.5
29.437,0,0,0,0,1.02686,0.99997,1,2,1,1,0.86841,0,0.86963,1.00171,0,0,12.4167,12.3611,12.4445,2110.5,970,483.477,970,1008.52,30.8672,140.813,143.695,30.9141,31.0547,310.233,45,2.304,1.49334,2.992,98.25,7.05883,7.05883,0,21.3125,19.6032,37.5,37.5,34.5
29.471,0,0,0,0,1.02734,0.99997,1,2,1,1,0.86841,0,0.86841,1,0,0,12.4167,12.3611,12.5,2111,970,483.516,970,1008.52,30.8672,140.813,143.695,31.0313,31.0313,310.233,45,2.308,1.50667,3.004,97.5,7.05883,7.05883,0,21.2656,19.6032,37.5,37.5,34.5
29.504,0,0,0,0,1.02753,0.99997,1,2,1,1,0.868165,0,0.86841,1,0,0,12.4167,12.3611,12.7778,2109.25,970,484.727,970,1008.52,30.9609,141.211,143.906,31.7344,31.1016,310.233,45,2.344,1.49067,3.04,97.5,7.05883,7.05883,0,20.7656,19.6032,37.5,37.5,33.75
29.537,0,0,0,0,1.02832,0.99997,1,2,1,1,0.867921,0,0.86841,1,0,0,12.4722,12.4445,12.5,2107.75,970,485.078,970,1008.52,31.0078,141.445,143.742,31.0781,31.2188,311.815,45,2.316,1.50134,3.012,97.5,7.05883,7.05883,0,21.2188,19.6032,37.5,37.5,33.75
29.571,0,0,0,0,1.02863,0.99997,1,2,1,1,0.867921,0,0.867921,1,0,0,12.4722,12.4445,12.6111,2107.75,970,485.664,970,1008.52,31.0313,141.445,143.742,31.3125,31.2188,311.815,45,2.332,1.512,3.028,97.5,7.05883,7.05883,0,21.2344,19.6032,37.5,37.5,34.5
29.604,0,0,0,0,1.02887,0.99997,1,2,1,1,0.867677,0,0.867921,1,0,0,12.4722,12.4445,12.6111,2112.25,970,485.977,970,1008.52,31.0781,141.305,143.719,31.2656,31.2422,311.815,45,2.332,1.504,3.028,97.5,7.05883,7.05883,0,21.2969,19.6032,37.5,37.5,34.5
29.637,0,0,0,0,1.0293,0.99997,1,2,1,1,0.867677,0,0.867921,1,0,0,12.5278,12.5278,12.75,2117,970,486.875,970,1008.52,31.125,141.258,144.094,31.4297,31.125,311.815,45,2.336,1.51734,3.032,97.5,7.45098,7.05883,0,20.9688,19.6032,37.5,37.5,34.5
29.671,0,0,0,0,1.02979,0.99997,1,2,1,1,0.867677,0,0.867677,1,0,0,12.5833,12.5278,12.7222,2121.75,970,487.5,970,1008.52,31.1719,141.258,144.094,31.3828,31.0547,311.815,44.25,2.34,1.50667,3.028,97.5,7.45098,7.45098,0,21.0313,19.6032,37.5,37.5,34.5
29.704,0,0,0,0,1.03015,0.99997,1,2,1,1,0.867433,0,0.867677,1,0,0,12.6389,12.5833,12.6667,2122,970,488.359,970,1008.52,31.1953,141.609,144.539,31.2422,31.0313,311.815,44.25,2.332,1.52,3.02,97.5,7.45098,7.45098,0,21.3125,19.6032,37.5,37.5,34.5
29.737,0,0,0,0,1.0307,0.99997,1,2,1,1,0.867433,0,0.867677,1,0,0,12.6389,12.5556,12.5833,2120.25,970,489.18,970,1008.52,31.2656,142.055,144.539,31.0781,31.1484,313.378,44.25,2.328,1.52534,3.016,97.5,7.45098,7.05883,0,21.1406,19.6032,37.5,37.5,34.5
29.771,0,0,0,0,1.03088,0.99997,1,2,1,1,0.867433,0,0.867433,0.998537,0,0,12.6389,12.5833,12.5,2118.5,970,488.398,970,1008.52,31.2188,142.055,144.539,30.8906,31.1484,313.378,44.25,2.32,1.512,3.008,98.25,7.45098,7.05883,0,21.0938,19.6032,37.5,37.5,34.5
29.804,0,0,0,0,1.03076,0.99997,1,2,1,1,0.863527,0,0.867433,1,0,0,12.5833,12.5833,12.5278,2119.75,970,488.359,970,1008.52,31.2188,142.078,144.352,30.9375,31.2422,313.378,44.25,2.32,1.51734,3.008,98.25,7.45098,7.05883,0,20.9844,19.6032,37.5,37.5,33.75
29.837,0,0,0,0,1.03375,0.99997,1,2,1,1,0.860597,0,0.867433,1,0,0,12.6389,12.6111,12.8611,2126.5,970,488.945,970,1011.13,31.2422,141.914,144.609,31.0781,31.1719,313.378,44.25,2.324,1.52534,3.012,98.25,7.45098,7.05883,0,21.1875,19.6032,37.5,37.5,34.5
29.871,0,0,0,0,1.03125,0.99997,1,2,1,1,0.860597,0,0.860597,1,0,0,12.6389,12.5833,12.6667,2132,970,488.477,970,1008.52,31.2188,141.914,144.609,31.2188,31.1016,313.378,44.25,2.352,1.504,3.04,97.5,7.45098,7.05883,0,21.25,19.6032,37.5,37.5,34.5
29.904,0,0,0,0,1.03137,0.99997,1,2,1,1,0.858156,0,0.860597,1,0,0,12.6389,12.5556,12.4722,2134,970,487.148,970,1008.52,31.0781,142.125,145.125,30.6563,30.9844,313.378,44.25,2.324,1.50667,3.012,97.5,7.45098,7.05883,0,20.9219,19.6032,37.5,37.5,34.5
29.937,0,0,0,0,1.03119,0.99997,1,2,1,1,0.856691,0,0.860597,1,0,0,12.5833,12.5556,12.6667,2134.75,970,486.445,970,1008.52,31.0078,142.641,145.242,31.0781,31.0078,314.94,44.25,2.34,1.50934,3.028,97.5,7.45098,7.05883,0,21.0781,19.6032,37.5,37.5,34.5
29.971,0,0,0,0,1.03149,0.99997,1,2,1,1,0.856691,0,0.856691,1,0,0,12.6389,12.5556,12.6667,2133,970,487.461,970,1008.52,31.1016,142.641,145.242,31.125,31.0313,314.94,44.25,2.348,1.528,3.044,98.25,7.05883,7.05883,0,21,19.6032,37.5,37.5,34.5
30.004,0,0,0,0,1.03485,0.99997,1,2,1,1,0.855226,0,0.856691,1,0,0,12.6389,12.5278,12.8333,2131.5,970,487.891,970,1011.17,31.125,142.781,145.172,30.9375,31.1719,314.94,44.25,2.348,1.52267,3.044,98.25,7.45098,7.05883,0,21.0781,19.6032,37.5,37.5,34.5
30.037,0,0,0,0,1.03247,0.99997,1,2,1,1,0.854494,0,0.856691,1,0,0,12.5833,12.5,12.5833,2131.5,970,486.094,970,1008.52,30.9844,142.734,145.031,31.1484,31.1953,314.94,44.25,2.348,1.49867,3.044,98.25,7.45098,7.05883,0,20.8594,19.6032,37.5,37.5,34.5
30.071,0,0,0,0,1.03528,0.99997,1,2,1,1,0.854494,0,0.854494,1,0,0,12.6389,12.5278,12.4722,2137,970,485.039,970,1011.17,30.9141,142.734,145.031,30.0938,31.1484,314.94,44.25,2.32,1.52534,3.024,97.5,7.45098,7.05883,0,20.9219,19.6032,37.5,37.5,34.5
30.104,0,0,0,0,1.0351,0.99997,1,2,1,1,0.853761,0,0.854494,1.00171,0,0,12.5278,12.5278,12.5,2141.75,970,483.008,970,1011.17,30.7266,142.594,145.406,30.3047,31.0781,314.94,44.25,2.316,1.50134,3.02,97.5,7.45098,7.05883,0,21.3906,19.6032,37.5,37.5,34.5
30.137,0,0,0,0,1.03516,0.99997,1,2,1,1,0.853029,0,0.854494,1,0,0,12.5278,12.5278,12.5278,2144.5,970,482.461,970,1011.17,30.6563,142.922,145.805,30.2109,30.9609,316.425,44.25,2.308,1.496,3.012,97.5,7.45098,7.05883,0,21.2031,19.6032,37.5,37.5,35.25
30.171,0,0,0,0,1.03265,0.99997,1,2,1,1,0.853029,0,0.853029,1,0,0,12.5278,12.5,12.5,2145.75,970,482.891,970,1008.52,30.7031,142.922,145.805,30.75,30.9609,316.425,44.25,2.332,1.512,3.02,97.5,7.05883,7.45098,0,20.7656,19.6032,37.5,37.5,35.25
30.204,0,0,0,0,1.03296,0.99997,1,2,1,1,0.852785,0,0.853029,1,0,0,12.5278,12.6111,12.5556,2144.5,970,482.734,970,1008.52,30.6797,143.32,145.875,30.2109,31.0313,316.425,44.25,2.308,1.496,2.996,97.5,7.45098,7.45098,0,20.9844,19.6032,37.5,37.5,34.5
30.237,0,0,0,0,1.03253,0.99997,1,2,1,1,0.85254,0,0.853029,1,0,0,12.5278,12.5,12.3889,2143,970,482.188,970,1008.52,30.6328,143.438,145.805,30.5625,31.125,316.425,44.25,2.324,1.50667,3.012,97.5,7.05883,7.45098,0,21.1563,19.6032,36.75,36.75,34.5
30.271,0,0,0,0,1.03534,0.99997,1,2,1,1,0.85254,0,0.85254,1,0,0,12.5278,12.5,12.7778,2145.25,970,483.75,970,1011.13,30.7734,143.438,145.805,31.3594,31.1016,316.425,44.25,2.368,1.51467,3.056,98.25,7.45098,7.45098,0,21.4219,19.6032,36.75,36.75,34.5
30.304,0,0,0,0,1.03571,0.99997,1,2,1,1,0.852296,0,0.85254,1,0,0,12.5833,12.5278,12.8056,2148.5,970,483.047,970,1011.17,30.6797,143.367,146.039,30.8438,31.0781,316.425,44.25,2.34,1.51467,3.028,98.25,7.45098,7.45098,0,20.75,19.6032,37.5,37.5,35.25
30.337,0,0,0,0,1.03565,0.99997,1,2,1,1,0.852052,0,0.85254,1,0,0,12.5833,12.6389,12.6945,2152.5,970,482.617,970,1011.17,30.6328,143.578,146.25,30.7266,31.0078,317.929,44.25,2.324,1.50667,3.012,98.25,7.45098,7.45098,0,21.0313,19.6032,37.5,37.5,35.25
30.371,0,0,0,0,1.03278,0.99997,1,2,1,1,0.852052,0,0.852052,1,0,0,12.5278,12.5833,12.6111,2154,970,482.773,970,1008.52,30.6563,143.578,146.25,31.1719,30.9844,317.929,44.25,2.352,1.49867,3.032,98.25,7.45098,7.45098,0,21.3281,19.6032,37.5,37.5,35.25
30.404,0,0,0,0,1.03363,0.99997,1,2,1,1,0.851808,0,0.852052,1,0,0,12.5833,12.5833,12.8056,2153.5,970,483.984,970,1008.52,30.75,143.789,146.414,31.5,31.0313,317.929,44.25,2.364,1.496,3.044,98.25,7.45098,7.45098,0,21.0469,19.6032,37.5,37.5,34.5
30.437,0,0,0,0,1.03412,0.99997,1,2,1,1,0.851808,0,0.852052,1,0,0,12.6389,12.5833,12.9167,2153,970,485.43,970,1008.52,30.8672,143.977,146.344,31.6406,31.0781,317.929,44.25,2.38,1.54134,3.06,98.25,7.45098,7.45098,0,21.1875,19.6032,37.5,37.5,34.5
30.471,0,0,0,0,1.03748,0.99997,1,2,1,1,0.851808,0,0.851808,1,0,0,12.6667,12.6389,12.4722,2154.5,970,484.375,970,1011.13,30.7734,143.977,146.344,29.8125,31.1016,317.929,44.25,2.316,1.53067,3.012,98.25,7.45098,7.45098,0,20.9844,19.6032,37.5,37.5,34.5
30.504,0,0,0,0,1.03705,0.99997,1,2,1,1,0.851808,0,0.851808,1,0,0,12.6389,12.6111,12.3611,2158.25,970,482.422,970,1011.17,30.6094,143.906,146.414,29.6953,31.0781,317.929,44.25,2.304,1.512,3,98.25,7.45098,7.45098,0,21.2656,19.6032,37.5,37.5,34.5
30.537,0,0,0,0,1.03699,0.99997,1,2,1,1,0.851808,0,0.851808,1,0,0,12.5833,12.6111,12.7222,2165,970,481.992,970,1011.17,30.5391,143.977,146.93,30.5391,30.9609,319.394,44.25,2.328,1.496,3.024,98.25,7.45098,7.45098,0,21.3125,19.6032,37.5,37.5,34.5
30.571,0,0,0,0,1.03687,0.99997,1,2,1,1,0.851808,0,0.851808,1,0,0,12.6389,12.5833,12.8333,2166.75,960,482.813,965,1011.13,30.6094,143.977,146.93,30.75,30.8906,319.394,44.25,2.336,1.51734,3.032,98.25,7.45098,7.45098,0,20.8438,19.6032,37.5,37.5,34.5
30.604,0,0,0,0,1.0343,0.99997,1,2,1,1,0.847658,0,0.851808,1,0,0,12.5833,12.5833,12.5,2165.75,960,481.953,965,1008.52,30.5391,144.469,147.117,30.6563,30.8906,319.394,44.25,2.328,1.50667,3.024,98.25,7.45098,7.45098,0,21.2344,19.6032,37.5,37.5,34.5
30.637,0,0,0,0,1.03717,0.99997,1,2,1,1,0.844728,0,0.851808,1,0,0,12.5833,12.6389,12.7778,2161,960,482.852,965,1011.17,30.6328,144.68,146.859,30.5625,31.0781,319.394,44.25,2.336,1.512,3.032,98.25,7.45098,7.45098,0,21.3594,19.6032,37.5,37.5,34.5
30.671,0,0,0,0,1.03461,0.99997,1,2,1,1,0.844728,0,0.844728,0.998537,0,0,12.6389,12.6111,12.6389,2160.25,960,483.281,965,1008.52,30.6563,144.68,146.859,30.8672,31.3828,319.394,44.25,2.368,1.512,3.064,98.25,7.45098,7.45098,0,21.1406,19.6032,36.75,36.75,33.75
30.704,0,0,0,0,1.03473,0.99997,1,2,1,1,0.842531,0,0.844728,0.998537,0,0,12.6389,12.6667,12.8056,2161,960,483.242,965,1008.52,30.6563,144.445,146.766,30.7031,31.4531,319.394,44.25,2.364,1.53067,3.06,98.25,7.45098,7.45098,0,20.7969,19.6032,37.5,37.5,33.75
30.737,0,0,0,0,1.0379,0.99997,1,2,1,1,0.841066,0,0.844728,0.998537,0,0,12.6667,12.6389,12.5833,2169,960,483.398,965,1011.17,30.6563,144.328,147.117,30,31.3125,320.956,44.25,2.336,1.51467,3.032,98.25,7.45098,7.45098,0,21.0313,19.6032,37.5,37.5,34.5
30.771,0,0,0,0,1.03485,0.99997,1,2,1,1,0.841066,0,0.841066,0.998537,0,0,12.6389,12.6945,12.75,2175,960,481.641,965,1008.52,30.5156,144.328,147.117,30.4688,31.3359,320.956,44.25,2.356,1.50134,3.044,98.25,7.45098,7.45098,0,21.4844,19.6032,37.5,37.5,34.5
30.804,0,0,0,0,1.03491,0.99997,1,2,1,1,0.839601,0,0.841066,0.998537,0,0,12.6389,12.6945,12.9722,2178.5,960,482.734,965,1008.52,30.5625,144.633,147.75,30.9609,31.2656,320.956,44.25,2.372,1.52534,3.06,98.25,7.45098,7.45098,0,21.1719,19.6032,37.5,37.5,33.75
30.837,0,0,0,0,1.03534,0.99997,1,2,1,1,0.838868,0,0.841066,0.998537,0,0,12.7222,12.9722,12.9445,2177,960,484.609,965,1008.52,30.7031,145.289,147.75,30.8672,31.3359,320.956,44.25,2.364,1.53334,3.052,98.25,7.45098,7.45098,0,20.7969,19.6032,37.5,37.5,33.75
30.871,0,0,0,0,1.03534,0.99997,1,2,1,1,0.838868,0,0.838868,1,0,0,12.7222,12.9167,13.25,2173.75,970,488.047,970,1008.52,30.9844,145.289,147.75,32.1563,31.3828,320.956,44.25,2.44,1.56267,3.128,98.25,7.45098,7.45098,0,21.0625,19.6032,37.5,37.5,33.75
30.904,0,0,0,0,1.03876,0.99997,1,2,1,1,0.838136,0,0.838868,0.998537,0,0,12.8333,12.9445,12.9167,2172.25,970,489.141,970,1011.13,31.0781,145.313,147.516,31.2656,30.8906,322.499,44.25,2.412,1.568,3.1,98.25,7.45098,7.45098,0,21.375,19.2447,37.5,37.5,33
30.937,0,0,0,0,1.03558,0.99997,1,2,1,1,0.837404,0,0.838868,0.998537,0,0,12.8889,12.9167,12.9722,2175.25,970,489.922,970,1008.52,31.1484,145.125,147.516,31.4063,30.8906,322.499,44.25,2.412,1.584,3.1,98.25,7.45098,7.45098,0,21.3594,19.2447,37.5,37.5,33
30.971,0,0,0,0,1.03607,0.99997,1,2,1,1,0.837404,0,0.837404,0.998537,0,0,12.8889,12.9722,12.9445,2181.5,970,489.922,970,1008.52,31.1484,145.125,147.516,31.1719,30.8203,322.499,44.25,2.404,1.56267,3.1,98.25,7.45098,7.45098,0,20.8906,19.2447,37.5,37.5,33
31.004,0,0,0,0,1.03864,0.99997,1,2,1,1,0.837159,0,0.837404,0.998537,0,0,12.8889,12.9722,12.8889,2186,970,487.852,970,1011.17,30.9375,145.102,147.961,30.3281,30.7031,322.499,44.25,2.364,1.53334,3.06,98.25,7.45098,7.45098,0,20.9844,19.2447,37.5,37.5,33.75
31.037,0,0,0,0,1.03839,0.99997,1,2,1,1,0.836915,0,0.837404,0.998537,0,0,12.8889,12.9167,12.9445,2187.5,970,487.031,970,1011.17,30.8672,145.523,148.313,30.6328,30.6094,322.499,44.25,2.38,1.54134,3.076,98.25,7.45098,7.45098,0,21.2656,19.2447,37.5,37.5,33
31.071,0,0,0,0,1.03552,0.99997,1,2,1,1,0.836915,0,0.836915,0.998537,0,0,12.8333,12.8056,13,2186.25,970,488.32,970,1008.52,30.9609,145.523,148.313,31.5234,30.6094,322.499,44.25,2.42,1.54934,3.116,98.25,7.45098,7.45098,0,21.2344,19.2447,37.5,37.5,33
31.104,0,0,0,0,1.03565,0.99997,1,2,1,1,0.836671,0,0.836915,0.998537,0,0,12.8333,12.7778,12.7222,2184.5,970,487.5,970,1008.52,30.8906,145.875,148.195,30.9375,30.75,324.042,44.25,2.392,1.53334,3.088,98.25,7.45098,7.45098,0,20.9219,19.2447,37.5,37.5,33.75
31.137,0,0,0,0,1.03851,0.99997,1,2,1,1,0.836427,0,0.836915,0.998537,0,0,12.7778,12.6111,12.3889,2184,970,485.117,970,1011.17,30.7266,145.805,148.055,29.4844,30.8203,324.042,44.25,2.34,1.51734,3.036,98.25,7.45098,7.45098,0,21.1875,19.2447,37.5,37.5,33.75
31.171,0,0,0,0,1.0379,0.99997,1,2,1,1,0.836427,0,0.836427,0.997072,0,0,12.7222,12.6111,12.8611,2187,970,484.063,970,1011.17,30.6328,145.805,148.055,30.6563,30.7734,324.042,44.25,2.376,1.52534,3.064,97.5,7.45098,7.45098,0,21.375,19.2447,37.5,37.5,34.5
31.204,0,0,0,0,1.03845,0.99997,1,2,1,1,0.836183,0,0.836427,0.998537,0,0,12.7778,12.6111,12.8333,2193.5,970,483.945,970,1011.17,30.6094,145.664,148.359,30.5859,30.7031,324.042,44.25,2.376,1.53334,3.064,97.5,7.45098,7.45098,0,21.2969,19.2447,37.5,37.5,34.5
31.237,0,0,0,0,1.0387,0.99997,1,2,1,1,0.836183,0,0.836427,0.998537,0,0,12.7222,12.6111,12.6111,2195.25,970,481.758,970,1011.17,30.4219,145.922,148.758,29.7891,30.6094,324.042,44.25,2.336,1.52,3.024,97.5,7.45098,7.45098,0,20.8906,19.2447,37.5,37.5,34.5
31.271,0,0,0,0,1.03851,0.99997,1,2,1,1,0.836183,0,0.836183,0.998537,0,0,12.6667,12.6111,12.8611,2197.75,970,480.625,970,1011.17,30.3281,145.922,148.758,30.6328,29.9531,324.042,44.25,2.364,1.51467,3.052,98.25,7.45098,7.45098,0,21.3594,18.8845,37.5,37.5,34.5
31.304,0,0,0,0,1.03839,0.99997,1,2,1,1,0.836183,0,0.836183,0.998537,0,0,12.6389,12.6389,12.6111,2195.25,970,479.531,970,1011.17,30.2344,146.32,148.898,30.0703,30.0234,325.526,44.25,2.344,1.50934,3.032,98.25,7.45098,7.45098,0,21.4375,18.8845,37.5,37.5,34.5
31.337,0,0,0,0,1.03845,0.99997,1,2,1,1,0.836183,0,0.836183,0.998537,0,0,12.6389,12.6389,12.5,2191.75,970,478.984,970,1011.17,30.2109,146.484,148.664,29.8594,30.1172,325.526,44.25,2.32,1.51734,3.008,98.25,7.45098,7.05883,0,20.9219,18.8845,37.5,37.5,34.5
31.371,0,0,0,0,1.03845,0.99997,1,2,1,1,0.836183,0,0.836183,0.998537,0,0,12.6389,12.5278,12.5556,2193.75,970,478.555,970,1011.17,30.1641,146.484,148.664,29.9531,30.1406,325.526,44.25,2.332,1.512,3.02,98.25,7.45098,7.05883,0,20.9844,18.8845,37.5,37.5,34.5
31.404,0,0,0,0,1.03845,0.99997,1,2,1,1,0.835939,0,0.836183,0.998537,0,0,12.6389,12.6111,12.5556,2200.5,970,477.617,970,1011.17,30.0938,146.273,148.805,29.8828,30.0938,325.526,44.25,2.324,1.50667,3.012,98.25,7.05883,7.05883,0,21.125,18.8845,37.5,37.5,34.5
31.437,0,0,0,0,1.03857,0.99997,1,2,1,1,0.835939,0,0.836183,0.998537,0,0,12.6389,12.6111,12.6945,2204.5,970,478.477,970,1011.17,30.1406,146.414,149.18,30.1406,30,325.526,44.25,2.336,1.512,3.024,98.25,7.45098,7.05883,0,21.4219,18.8845,37.5,37.5,33.75
31.471,0,0,0,0,1.03882,0.99997,1,2,1,1,0.835939,0,0.835939,0.997072,0,0,12.6389,12.6111,12.4722,2206,970,477.031,970,1011.17,30.0234,146.414,149.18,29.6016,29.9531,325.526,44.25,2.312,1.50134,3,98.25,7.05883,7.05883,0,21.1563,18.8845,37.5,37.5,33.75
31.504,0,0,0,0,1.03876,0.99997,1,2,1,1,0.832033,0,0.835939,0.997072,0,0,12.5833,12.5,12.3611,2206.25,970,476.094,970,1011.17,29.9297,146.742,149.461,29.3203,29.9766,325.526,44.25,2.304,1.50667,2.992,98.25,7.05883,7.05883,0,20.9063,18.8845,37.5,37.5,33.75
31.537,0,0,0,0,1.03876,0.99997,1,2,1,1,0.829103,0,0.835939,0.997072,0,0,12.5833,12.4445,12.7222,2203,970,476.367,970,1011.17,29.9531,147.023,149.273,30.2344,30.0703,327.011,44.25,2.332,1.50934,3.02,98.25,7.05883,7.05883,0,21.4219,18.8845,37.5,37.5,33.75
31.571,0,0,0,0,1.03925,0.99997,1,2,1,1,0.829103,0,0.829103,0.997072,0,0,12.5278,12.4722,12.4445,2201,970,474.883,970,1011.17,29.8359,147.023,149.273,29.6016,30.2344,327.011,44.25,2.328,1.504,3.016,98.25,7.05883,7.05883,0,21.5313,18.8845,37.5,37.5,34.5
31.604,0,0,0,0,1.03919,0.99997,1,2,1,1,0.826906,0,0.829103,0.997072,0,0,12.5278,12.5556,12.5,2204.5,970,474.18,970,1011.17,29.7891,146.906,149.086,29.6719,30.2344,327.011,44.25,2.324,1.512,3.012,98.25,7.05883,7.05883,0,21.0781,18.8845,37.5,37.5,34.5
31.637,0,0,0,0,1.039,0.99997,1,2,1,1,0.825197,0,0.829103,0.997072,0,0,12.5278,12.5,12.6945,2207.5,970,474.141,970,1011.17,29.7656,146.719,149.391,30.0938,30.2109,327.011,44.25,2.344,1.504,3.032,98.25,7.05883,7.05883,0,21.0313,18.8845,37.5,37.5,33.75
31.671,0,0,0,0,1.03912,0.99997,1,2,1,1,0.825197,0,0.825197,0.997072,0,0,12.5278,12.5278,12.5556,2212.5,970,473.945,970,1011.17,29.7656,146.719,149.391,29.6953,30.2813,327.011,44.25,2.34,1.50667,3.036,98.25,7.05883,7.05883,0,21.3594,18.8845,37.5,37.5,33.75
31.704,0,0,0,0,1.03925,0.99997,1,2,1,1,0.823976,0,0.825197,0.997072,0,0,12.5278,12.5278,12.3611,2214.5,970,473.164,970,1011.17,29.6719,146.977,149.789,29.2266,30.2109,328.456,44.25,2.324,1.512,3.02,98.25,7.05883,7.05883,0,21.2656,18.8845,38.25,38.25,34.5
31.737,0,0,0,0,1.03906,0.99997,1,2,1,1,0.822999,0,0.825197,0.998537,0,0,12.4722,12.5,12.3889,2212,970,472.539,970,1011.17,29.625,147.375,149.789,29.3203,30.2344,328.456,44.25,2.324,1.504,3.02,98.25,7.05883,7.05883,0,21.0938,18.8845,38.25,38.25,34.5
31.771,0,0,0,0,1.03894,0.99997,1,2,1,1,0.822999,0,0.822999,0.997072,0,0,12.4722,12.5,12.4722,2210.75,970,472.383,970,1011.17,29.6016,147.375,149.789,29.5313,30.2813,328.456,44.25,2.336,1.512,3.024,98.25,7.05883,7.45098,0,21.1094,18.8845,38.25,38.25,34.5
31.804,0,0,0,0,1.03931,0.99997,1,2,1,1,0.822267,0,0.822999,0.997072,0,0,12.4722,12.5556,12.5,2211,970,473.008,970,1011.17,29.6719,147.422,149.602,29.6016,30.3516,328.456,44.25,2.34,1.51467,3.028,98.25,7.05883,7.45098,0,21.3906,18.8845,38.25,38.25,34.5
31.837,0,0,0,0,1.03919,0.99997,1,2,1,1,0.821779,0,0.822999,0.998537,0,0,12.5278,12.5556,12.6945,2216,970,473.516,970,1011.17,29.6953,147.234,149.742,29.9766,30.3281,328.456,44.25,2.352,1.51734,3.04,98.25,7.05883,7.45098,0,21.2188,18.8845,38.25,38.25,33.75
31.871,0,0,0,0,1.03943,0.99997,1,2,1,1,0.821779,0,0.821779,0.997072,0,0,12.5278,12.6389,12.6111,2220,970,473.594,970,1011.17,29.7188,147.234,149.742,29.7422,30.2578,328.456,43.5,2.348,1.51734,3.028,98.25,7.45098,7.45098,0,21.2969,18.8845,38.25,38.25,33.75
31.904,0,0,0,0,1.03925,0.99997,1,2,1,1,0.821534,0,0.821779,0.997072,0,0,12.5833,12.6945,12.8056,2220,970,474.453,970,1011.17,29.7422,147.328,150.164,30.1875,30.1875,329.882,43.5,2.364,1.52267,3.044,98.25,7.45098,7.45098,0,21.2188,18.8845,38.25,38.25,34.5
31.937,0,0,0,0,1.03943,0.99997,1,2,1,1,0.82129,0,0.821779,0.997072,0,0,12.5833,12.6667,12.6667,2218.5,970,475.156,970,1011.17,29.8125,147.75,150.164,29.8828,30.2344,329.882,43.5,2.36,1.528,3.04,98.25,7.45098,7.45098,0,21.375,18.8845,38.25,38.25,34.5
31.971,0,0,0,0,1.03662,0.99997,1,2,1,1,0.82129,0,0.82129,0.997072,0,0,12.5833,12.6945,12.8056,2217,970,475.078,970,1008.52,29.7891,147.75,150.164,30.2344,30.2578,329.882,44.25,2.368,1.512,3.056,98.25,7.45098,7.45098,0,21.25,18.8845,38.25,38.25,34.5
32.004,0,0,0,0,1.03986,0.99997,1,2,1,1,0.821046,0,0.82129,0.995607,0,0,12.6389,12.7222,12.7222,2216.5,970,477.227,970,1011.17,29.9766,147.773,149.953,29.9531,30.3516,329.882,44.25,2.368,1.53334,3.056,98.25,7.45098,7.45098,0,21.1563,18.8845,38.25,38.25,34.5
32.037,0,0,0,0,1.03998,0.99997,1,2,1,1,0.820802,0,0.82129,0.997072,0,0,12.6667,12.7222,12.6667,2220,970,477.188,970,1011.17,29.9766,147.609,150.047,29.8125,30.2813,329.882,44.25,2.36,1.528,3.048,98.25,7.45098,7.45098,0,21.25,18.8845,38.25,38.25,34.5
32.071,0,0,0,0,1.03998,0.99997,1,2,1,1,0.820802,0,0.820802,0.997072,0,0,12.6667,12.7222,12.6945,2227.75,970,476.563,970,1011.17,29.9297,147.609,150.047,29.8125,30.2344,329.882,43.5,2.36,1.53867,3.048,98.25,7.45098,7.45098,0,21.5,18.8845,37.5,37.5,33.75
32.104,0,0,0,0,1.03998,0.99997,1,2,1,1,0.820558,0,0.820802,0.997072,0,0,12.6667,12.7222,12.6389,2230.25,970,476.875,970,1011.17,29.9063,147.656,150.609,29.6719,30.1172,331.347,43.5,2.356,1.53867,3.044,98.25,7.45098,7.45098,0,21.1719,18.8845,38.25,38.25,33.75
32.137,0,0,0,0,1.03986,0.99997,1,2,1,1,0.820558,0,0.820802,0.997072,0,0,12.6667,12.7222,12.5556,2230.25,970,476.016,970,1011.17,29.8359,148.219,150.68,29.4609,30.1406,331.347,43.5,2.344,1.528,3.032,98.25,7.45098,7.45098,0,21.0156,18.8845,38.25,38.25,33.75
32.171,0,0,0,0,1.03949,0.99997,1,2,1,1,0.820558,0,0.820558,0.997072,0,0,12.6389,12.7778,12.5556,2227.5,970,475.117,970,1011.17,29.7656,148.219,150.68,29.5078,30.1641,331.347,43.5,2.344,1.51734,3.04,98.25,7.45098,7.45098,0,21.5156,18.8845,38.25,38.25,33.75
32.204,0,0,0,0,1.03912,0.99997,1,2,1,1,0.820558,0,0.820558,0.995607,0,0,12.6389,12.6945,12.6945,2222.5,970,475.391,970,1011.17,29.7891,148.313,150.445,29.9063,30.2813,331.347,43.5,2.356,1.53067,3.052,98.25,7.45098,7.45098,0,21.3438,18.8845,38.25,38.25,33.75
32.237,0,0,0,0,1.03656,0.99997,1,2,1,1,0.820558,0,0.820558,0.995607,0,0,12.6389,12.6945,12.8056,2222.75,970,476.328,970,1008.52,29.8828,148.102,150.258,30.1641,30.3281,331.347,43.5,2.368,1.53334,3.064,98.25,7.45098,7.45098,0,21.2188,18.8845,38.25,38.25,33.75
32.271,0,0,0,0,1.03973,0.99997,1,2,1,1,0.820558,0,0.820558,0.995607,0,0,12.7222,12.7778,12.9445,2227.5,960,478.32,965,1011.17,30.0469,148.102,150.258,30.3047,30.2813,331.347,43.5,2.38,1.55734,3.068,98.25,7.45098,7.45098,0,20.9063,18.8845,38.25,38.25,34.5
32.304,0,0,0,0,1.03973,0.99997,1,2,1,1,0.820314,0,0.820558,0.995607,0,0,12.7222,12.7222,12.8056,2236,960,477.93,965,1011.17,29.9766,147.914,150.727,29.9297,30.1172,332.753,43.5,2.368,1.53867,3.056,98.25,7.45098,7.45098,0,21.0625,18.8845,38.25,38.25,33.75
32.337,0,0,0,0,1.0398,0.99997,1,2,1,1,0.820314,0,0.820558,0.995607,0,0,12.7222,12.8056,12.6945,2238.75,960,476.328,965,1011.17,29.8359,148.383,151.195,29.6484,30.0703,332.753,43.5,2.352,1.512,3.04,98.25,7.45098,7.45098,0,21.4375,18.8845,38.25,38.25,33.75
32.371,0,0,0,0,1.03943,0.99997,1,2,1,1,0.820314,0,0.820314,0.995607,0,0,12.7222,12.8056,12.8056,2237.5,960,476.602,965,1011.17,29.8594,148.383,151.195,29.9531,30.0469,332.753,43.5,2.36,1.528,3.048,98.25,7.45098,7.45098,0,21.2031,18.8845,38.25,38.25,33.75
32.404,0,0,0,0,1.03925,0.99997,1,2,1,1,0.820314,0,0.820314,0.995607,0,0,12.6667,12.8056,12.9445,2234.25,960,476.68,965,1011.17,29.8594,148.898,151.172,30.3281,30.1641,332.753,43.5,2.376,1.52,3.064,98.25,7.45098,7.45098,0,21,18.8845,38.25,38.25,34.5
32.437,0,0,0,0,1.03925,0.99997,1,2,1,1,0.820314,0,0.820314,0.995607,0,0,12.6667,12.7778,12.6111,2233.25,960,476.055,965,1011.17,29.8359,148.969,150.891,29.5547,30.2813,332.753,43.5,2.348,1.52,3.036,98.25,7.45098,7.45098,0,21.3281,18.8845,38.25,38.25,33.75
32.471,0,0,0,0,1.039,0.99997,1,2,1,1,0.820314,0,0.820314,0.995607,0,0,12.6667,12.6945,12.8056,2234.25,960,476.094,965,1011.17,29.8359,148.969,150.891,30,30.2813,332.753,43.5,2.364,1.52534,3.052,98.25,7.45098,7.45098,0,21.4063,18.8845,38.25,38.25,33.75
32.504,0,0,0,0,1.03906,0.99997,1,2,1,1,0.820314,0,0.820314,0.995607,0,0,12.6667,12.7778,12.3333,2239,960,474.219,965,1011.17,29.6719,148.711,151.031,28.8281,30.2344,334.159,43.5,2.324,1.50667,3.012,98.25,7.45098,7.45098,0,21.0938,18.8845,38.25,38.25,34.5
32.537,0,0,0,0,1.03827,0.99997,1,2,1,1,0.820314,0,0.820314,0.994142,0,0,12.6389,12.7778,12.6945,2242.25,960,474.023,965,1011.17,29.6484,148.852,151.336,29.625,30.1641,334.159,43.5,2.344,1.51734,3.032,98.25,7.45098,7.45098,0,20.875,18.8845,38.25,38.25,33.75
32.571,0,0,0,0,1.03809,0.99997,1,2,1,1,0.820314,0,0.820314,0.995607,0,0,12.6667,12.6945,12.8611,2243.25,960,475.352,965,1011.17,29.7422,148.852,151.336,30.0234,30.1172,334.159,43.5,2.364,1.53334,3.052,98.25,7.45098,7.45098,0,21.4219,18.8845,38.25,38.25,33.75
32.604,0,0,0,0,1.03827,0.99997,1,2,1,1,0.820314,0,0.820314,0.995607,0,0,12.6667,12.7778,12.8611,2241.75,960,475.234,965,1011.17,29.7188,149.203,151.5,30.0234,30.1641,334.159,43.5,2.356,1.51734,3.044,98.25,7.45098,7.45098,0,21.0938,18.8845,38.25,38.25,33.75
32.637,0,0,0,0,1.03833,0.99997,1,2,1,1,0.820314,0,0.820314,0.995607,0,0,12.6667,12.6945,12.9167,2240.5,960,476.055,965,1011.17,29.7891,149.391,151.406,30.1875,30.2109,334.159,43.5,2.372,1.536,3.06,98.25,7.45098,7.45098,0,20.8438,18.8845,38.25,38.25,34.5
32.671,0,0,0,0,1.03845,0.99997,1,2,1,1,0.820314,0,0.820314,0.994142,0,0,12.6667,12.7778,12.9167,2241.75,960,476.211,965,1011.17,29.8125,149.391,151.406,30.1641,30.2109,334.159,43.5,2.372,1.51734,3.068,98.25,7.45098,7.45098,0,21.2031,18.8845,38.25,38.25,34.5
32.704,0,0,0,0,1.03864,0.99997,1,2,1,1,0.820314,0,0.820314,0.994142,0,0,12.7222,12.7778,12.7222,2246.25,960,475.977,965,1011.17,29.7891,149.32,151.547,29.6484,30.2344,334.159,43.5,2.348,1.52534,3.044,98.25,7.45098,7.45098,0,21.0781,18.8845,38.25,38.25,33.75
32.737,0,0,0,0,1.03864,0.99997,1,2,1,1,0.820314,0,0.820314,0.994142,0,0,12.7222,12.75,13,2251.5,960,476.602,965,1011.17,29.8125,149.484,151.781,30.2344,30.1172,335.565,43.5,2.372,1.52,3.068,98.25,7.45098,7.45098,0,21.2344,18.8845,38.25,38.25,33.75
32.771,0,0,0,0,1.039,0.99997,1,2,1,1,0.820314,0,0.820314,0.994142,0,0,12.7222,12.75,12.5,2251.5,960,474.961,965,1011.17,29.6953,149.484,151.781,29.0625,30.0938,335.565,43.5,2.332,1.51734,3.02,98.25,7.45098,7.45098,0,20.9688,18.8845,38.25,38.25,33.75
32.804,0,0,0,0,1.03821,0.99997,1,2,1,1,0.820314,0,0.820314,0.994142,0,0,12.6667,12.75,12.5833,2249,960,473.359,965,1011.17,29.5547,149.742,151.969,29.2969,30.1406,335.565,43.5,2.332,1.51734,3.02,98.25,7.45098,7.45098,0,20.9375,18.8845,38.25,38.25,34.5
32.837,0,0,0,0,1.03809,0.99997,1,2,1,1,0.820314,0,0.820314,0.994142,0,0,12.6667,12.7778,12.8056,2248.5,960,473.633,965,1011.17,29.5781,149.93,151.852,29.8125,30.1875,335.565,43.5,2.348,1.52,3.036,98.25,7.45098,7.45098,0,21.3438,18.8845,38.25,38.25,33.75
32.871,0,0,0,0,1.03815,0.99997,1,2,1,1,0.820314,0,0.820314,0.992677,0,0,12.6667,12.7778,12.9445,2246.5,960,474.883,965,1011.17,29.6719,149.93,151.852,30.1641,30.2344,335.565,43.5,2.364,1.52,3.052,98.25,7.45098,7.45098,0,21.2031,18.8845,38.25,38.25,33.75
32.904,0,0,0,0,1.03821,0.99997,1,2,1,1,0.820314,0,0.820314,0.992677,0,0,12.6667,13.0833,12.8056,2249,960,474.453,965,1011.17,29.6484,149.859,151.734,29.8125,30.2578,335.565,43.5,2.34,1.512,3.028,98.25,7.45098,7.45098,0,20.6094,18.8845,38.25,38.25,33.75
32.937,0,0,0,0,1.03748,0.99997,1,2,1,1,0.820314,0,0.820314,0.994142,0,0,12.7222,12.8889,13,2258,960,475.898,965,1011.17,29.7422,149.766,152.016,30.1406,30.1875,336.972,43.5,2.364,1.51734,3.052,98.25,7.45098,7.45098,0,21.5156,18.8845,38.25,38.25,34.5
32.971,0,0,0,0,1.03766,0.99997,1,2,1,1,0.820314,0,0.820314,0.994142,0,0,12.8333,12.8889,12.6945,2260.75,960,476.211,965,1011.17,29.7656,149.766,152.016,29.3906,30.1406,336.972,43.5,2.344,1.536,3.032,98.25,7.45098,7.45098,0,21.3125,18.8845,38.25,38.25,34.5
33.004,0,0,0,0,1.03748,0.99997,1,2,1,1,0.820314,0,0.820314,0.994142,0,0,12.7778,12.9167,12.8056,2260.25,960,476.016,965,1011.17,29.7188,150.023,152.531,29.6719,30.0938,336.972,43.5,2.344,1.52,3.032,98.25,7.45098,7.45098,0,21.1094,18.8845,39,39,34.5
33.037,0,0,0,0,1.03735,0.99997,1,2,1,1,0.820314,0,0.820314,0.992677,0,0,12.7778,12.9167,12.7222,2259,960,475.352,965,1011.17,29.6719,150.539,152.461,29.4844,30.1641,336.972,43.5,2.34,1.51467,3.028,98.25,7.45098,7.45098,0,20.8906,18.8845,38.25,38.25,33.75
33.071,0,0,0,0,1.03729,0.99997,1,2,1,1,0.820314,0,0.820314,0.992677,0,0,12.7778,12.8889,12.9722,2257,960,477.07,965,1011.17,29.8125,150.539,152.461,30.0938,30.1641,336.972,43.5,2.368,1.54134,3.056,98.25,7.45098,7.45098,0,20.9531,18.8845,38.25,38.25,33.75
33.104,0,0,0,0,1.03742,0.99997,1,2,1,1,0.820314,0,0.820314,0.992677,0,0,12.7778,12.8889,13.0278,2255.75,960,477.891,965,1011.17,29.8828,150.539,152.297,30.2344,30.2813,338.358,43.5,2.38,1.53334,3.068,98.25,7.45098,7.45098,0,21.2344,18.8845,38.25,38.25,34.5
33.137,0,0,0,0,1.03742,0.99997,1,2,1,1,0.820314,0,0.820314,0.992677,0,0,12.8333,12.8889,13.0556,2260,960,478.125,965,1011.17,29.9063,150.375,152.273,30.2344,30.2578,338.358,43.5,2.376,1.53334,3.064,98.25,7.45098,7.45098,0,20.9063,18.8845,38.25,38.25,33.75
33.171,0,0,0,0,1.03772,0.99997,1,2,1,1,0.820314,0,0.820314,0.992677,0,0,12.8889,12.8889,12.8611,2263.5,960,478.242,965,1011.17,29.9063,150.375,152.273,29.7422,30.2109,338.358,43.5,2.36,1.54134,3.048,98.25,7.45098,7.45098,0,20.8281,18.8845,38.25,38.25,33.75
33.204,0,0,0,0,1.03815,0.99997,1,2,1,1,0.820314,0,0.820314,0.992677,0,0,12.9445,12.9167,12.8889,2267,960,479.023,965,1011.17,29.9531,150.328,152.695,29.7656,30.1875,338.358,43.5,2.36,1.544,3.048,98.25,7.45098,7.45098,0,21.3594,18.8845,39,39,34.5
33.237,0,0,0,0,1.03821,0.99997,1,2,1,1,0.820314,0,0.820314,0.991212,0,0,12.8889,12.9445,12.6945,2267.25,960,477.656,965,1011.17,29.8359,150.75,152.883,29.3203,30.1641,338.358,43.5,2.344,1.51734,3.032,98.25,7.45098,7.45098,0,21.3594,18.8845,39,39,34.5
33.271,0,0,0,0,1.03821,0.99997,1,2,1,1,0.820314,0,0.820314,0.992677,0,0,12.8889,12.9167,12.8611,2267.25,960,478.242,965,1011.17,29.8828,150.75,152.883,29.6953,30.1641,338.358,43.5,2.356,1.54667,3.044,98.25,7.45098,7.45098,0,20.9063,18.8845,39,39,34.5
33.304,0,0,0,0,1.03851,0.99997,1,2,1,1,0.820314,0,0.820314,0.992677,0,0,12.8889,12.9167,13.1945,2266.25,960,479.883,965,1011.17,30,150.961,152.813,30.4688,30.2344,339.726,43.5,2.392,1.53867,3.08,98.25,7.45098,7.45098,0,21.1875,18.8845,39,39,33.75
33.337,0,0,0,0,1.03882,0.99997,1,2,1,1,0.820314,0,0.820314,0.991212,0,0,12.9445,12.9167,12.7222,2267.5,960,478.945,965,1011.17,29.9297,150.914,152.93,29.3672,30.2578,339.726,43.5,2.344,1.53867,3.032,98.25,7.45098,7.45098,0,21.2031,18.8845,38.25,38.25,33.75
33.371,0,0,0,0,1.03882,0.99997,1,2,1,1,0.820314,0,0.820314,0.991212,0,0,12.9445,12.9167,12.9445,2270.75,960,479.023,965,1011.17,29.9297,150.914,152.93,29.8359,30.2344,339.726,43.5,2.364,1.536,3.052,98.25,7.45098,7.45098,0,21.2188,18.8845,38.25,38.25,33.75
33.404,0,0,0,0,1.03876,0.99997,1,2,1,1,0.820314,0,0.820314,0.991212,0,0,12.8889,12.9167,12.9445,2273,960,477.578,965,1011.17,29.8125,151.031,153.141,29.8125,30.2109,339.726,43.5,2.356,1.51734,3.044,98.25,7.45098,7.45098,0,21.0781,18.8845,38.25,38.25,33.75
33.437,0,0,0,0,1.03864,0.99997,1,2,1,1,0.820314,0,0.820314,0.991212,0,0,12.8889,12.9167,12.9167,2272.5,960,477.5,965,1011.17,29.7891,151.242,153.328,29.7656,30.2344,339.726,43.5,2.356,1.52534,3.044,98.25,7.45098,7.45098,0,21.1406,18.8845,38.25,38.25,33.75
33.471,0,0,0,0,1.03864,0.99997,1,2,1,1,0.820314,0,0.820314,0.991212,0,0,12.8889,12.9167,12.9722,2270.75,960,477.734,965,1011.17,29.8125,151.242,153.328,29.9063,30.2344,339.726,43.5,2.368,1.52534,3.064,98.25,7.45098,7.45098,0,21.5313,18.8845,39,39,34.5
33.504,0,0,0,0,1.03857,0.99997,1,2,1,1,0.820314,0,0.820314,0.991212,0,0,12.8333,12.9167,12.9445,2270.25,960,477.188,965,1011.17,29.7891,151.43,153.141,29.9766,30.2813,341.112,43.5,2.368,1.51734,3.064,98.25,7.45098,7.45098,0,20.9219,18.8845,39,39,34.5
33.537,0,0,0,0,1.03864,0.99997,1,2,1,1,0.820314,0,0.820314,0.991212,0,0,12.8889,12.9167,12.9167,2273.75,960,477.578,965,1011.17,29.8125,151.242,153.234,29.8125,30.3047,341.112,43.5,2.356,1.53334,3.052,98.25,7.45098,7.45098,0,20.7344,18.8845,38.25,38.25,33.75
33.571,0,0,0,0,1.03845,0.99997,1,2,1,1,0.820314,0,0.820314,0.991212,0,0,12.8889,13,13,2278.75,960,476.602,965,1011.17,29.7188,151.242,153.234,29.9063,30.2578,341.112,43.5,2.356,1.50934,3.044,98.25,7.45098,7.45098,0,21.3438,18.8845,38.25,38.25,33.75
33.604,0,0,0,0,1.03851,0.99997,1,2,1,1,0.820314,0,0.820314,0.991212,0,0,12.9445,12.9445,12.75,2282.75,960,476.836,965,1011.17,29.7188,151.359,153.727,29.2734,30.1875,341.112,43.5,2.34,1.53334,3.028,98.25,7.45098,7.45098,0,21.4219,18.8845,39,39,34.5
33.637,0,0,0,0,1.03833,0.99997,1,2,1,1,0.820314,0,0.820314,0.991212,0,0,12.9445,13.0833,12.8889,2282.5,960,477.266,965,1011.17,29.7422,151.828,153.891,29.5781,30.1875,341.112,43.5,2.344,1.51734,3.032,98.25,7.45098,7.45098,0,21.1719,18.8845,39,39,34.5
33.671,0,0,0,0,1.0379,0.99997,1,2,1,1,0.820314,0,0.820314,0.989992,0,0,12.8889,13.0556,13.0278,2278.25,960,476.719,965,1011.17,29.6953,151.828,153.891,29.9297,30.2109,341.112,43.5,2.356,1.51467,3.052,98.25,7.45098,7.45098,0,20.9063,18.8845,39,39,34.5
33.704,0,0,0,0,1.03778,0.99997,1,2,1,1,0.820314,0,0.820314,0.991212,0,0,12.8889,12.9167,12.5556,2277.75,960,475.117,965,1011.17,29.5781,152.016,153.586,28.8516,30.3281,342.479,43.5,2.324,1.51734,3.02,98.25,7.45098,7.45098,0,21.375,18.8845,39,39,34.5
33.737,0,0,0,0,1.03754,0.99997,1,2,1,1,0.820314,0,0.820314,0.989992,0,0,12.8889,12.9722,13.0833,2279.25,960,476.523,965,1011.17,29.6953,151.734,153.516,30.0469,30.3516,342.479,43.5,2.364,1.53067,3.06,98.25,7.45098,7.45098,0,21.1719,18.8845,39,39,34.5
33.771,0,0,0,0,1.03766,0.99997,1,2,1,1,0.820314,0,0.820314,0.991212,0,0,12.8889,12.9722,12.6389,2280.25,960,475.313,965,1011.17,29.6016,151.734,153.516,29.0156,30.3281,342.479,43.5,2.328,1.51734,3.024,98.25,7.45098,7.45098,0,20.8281,18.8845,39,39,34.5
33.804,0,0,0,0,1.0368,0.99997,1,2,1,1,0.820314,0,0.820314,0.991212,0,0,12.8333,13.0556,13,2287.25,960,475.352,965,1011.17,29.6016,151.664,153.867,29.7656,30.2344,342.479,43.5,2.348,1.51734,3.044,98.25,7.45098,7.45098,0,20.9531,18.8845,39,39,33.75
33.837,0,0,0,0,1.03656,0.99997,1,2,1,1,0.820314,0,0.820314,0.989992,0,0,12.8889,13.0556,12.9167,2291.25,960,475.938,965,1011.17,29.625,151.969,154.313,29.5078,30.1875,342.479,43.5,2.34,1.53067,3.036,98.25,7.45098,7.45098,0,21.4531,18.8845,39,39,34.5
33.871,0,0,0,0,1.03656,0.99997,1,2,1,1,0.820314,0,0.820314,0.989992,0,0,12.9445,13.0833,13.1389,2290,960,476.914,965,1011.17,29.6953,151.969,154.313,30.0469,30.1875,342.479,43.5,2.364,1.52,3.044,98.25,7.45098,7.45098,0,21.3125,18.8845,39,39,34.5
33.904,0,0,0,0,1.03961,0.99997,1,2,1,1,0.820314,0,0.820314,0.989992,0,0,13,13.0833,13.0833,2287.5,960,477.578,965,1013.79,29.7422,152.414,154.289,29.3438,30.2578,343.866,43.5,2.344,1.54134,3.024,98.25,7.45098,7.45098,0,20.6875,18.8845,39,39,34.5
33.937,0,0,0,0,1.03687,0.99997,1,2,1,1,0.820314,0,0.820314,0.988527,0,0,13,13.0833,13.1945,2286.25,960,478.789,965,1011.17,29.8359,152.438,154.102,30.3281,30.3516,343.866,43.5,2.38,1.54134,3.06,98.25,7.45098,7.45098,0,21.2969,18.8845,39,39,34.5
33.971,0,0,0,0,1.0398,0.99997,1,2,1,1,0.820314,0,0.820314,0.989992,0,0,13,13.1111,13.0278,2287.25,960,478.086,965,1013.75,29.7891,152.438,154.102,29.2734,30.3516,343.866,43.5,2.344,1.53334,3.032,98.25,7.45098,7.45098,0,21.0625,18.8845,39,39,34.5
34.004,0,0,0,0,1.03662,0.99997,1,2,1,1,0.820314,0,0.820314,0.989992,0,0,13,13.0833,13.1111,2292,960,479.18,965,1011.17,29.8828,152.273,154.125,30.0703,30.3047,343.866,43.5,2.372,1.53334,3.06,98.25,7.45098,7.45098,0,21.3281,18.8845,39,39,34.5
34.037,0,0,0,0,1.03687,0.99997,1,2,1,1,0.820314,0,0.820314,0.988527,0,0,13.0556,13.0556,13.1389,2294.5,960,478.906,965,1011.17,29.8359,152.25,154.547,30.0469,30.2578,343.866,43.5,2.368,1.53334,3.056,98.25,7.45098,7.45098,0,20.9844,18.8845,38.25,38.25,33.75
34.071,0,0,0,0,1.03656,0.99997,1,2,1,1,0.820314,0,0.820314,0.988527,0,0,13,13.0556,12.8056,2296.25,960,477.148,965,1011.17,29.6953,152.25,154.547,29.3906,30.2578,343.866,43.5,2.344,1.50667,3.032,98.25,7.45098,7.45098,0,21.0625,18.8845,38.25,38.25,33.75
34.104,0,0,0,0,1.03601,0.99997,1,2,1,1,0.820314,0,0.820314,0.988527,0,0,12.9445,13.0833,13,2296,960,476.367,965,1011.17,29.625,152.672,154.664,29.7188,30.2344,345.253,43.5,2.344,1.50667,3.032,98.25,7.45098,7.45098,0,21.1406,18.8845,38.25,38.25,34.5
34.137,0,0,0,0,1.03589,0.99997,1,2,1,1,0.820314,0,0.820314,0.988527,0,0,12.9445,13.0278,12.8056,2293.75,960,476.68,965,1011.17,29.6484,152.813,154.617,29.2734,30.3281,345.253,43.5,2.336,1.53334,3.024,98.25,7.45098,7.45098,0,20.9375,18.8845,38.25,38.25,33.75
34.171,0,0,0,0,1.03571,0.99997,1,2,1,1,0.820314,0,0.820314,0.988527,0,0,12.9445,13.0556,13.1667,2295.75,960,477.461,965,1011.17,29.7188,152.813,154.617,30.0469,30.3281,345.253,43.5,2.364,1.51734,3.052,98.25,7.45098,7.45098,0,21.1406,18.8845,38.25,38.25,33.75
34.204,0,0,0,0,1.03577,0.99997,1,2,1,1,0.820314,0,0.820314,0.988527,0,0,13,13.1111,12.7778,2301.25,960,476.563,965,1011.17,29.6484,152.766,154.641,29.0859,30.3281,345.253,43.5,2.332,1.51734,3.02,98.25,7.45098,7.84314,0,21.25,18.8845,39,39,33.75
34.237,0,0,0,0,1.03522,0.99997,1,2,1,1,0.820314,0,0.820314,0.987306,0,0,13,13.1111,13.3056,2302.75,960,477.031,965,1011.17,29.6484,152.789,155.039,30.3984,30.2578,345.253,43.5,2.368,1.53334,3.056,98.25,7.45098,7.84314,0,21.3281,18.8845,39,39,33.75
34.271,0,0,0,0,1.03571,0.99997,1,2,1,1,0.820314,0,0.820314,0.988527,0,0,13,13.1667,12.9167,2303,960,475.859,965,1011.17,29.5547,152.789,155.039,29.5781,30.2578,345.253,43.5,2.34,1.53067,3.036,98.25,7.84314,7.84314,0,20.9844,18.8845,38.25,38.25,33.75
34.304,0,0,0,0,1.03467,0.99997,1,2,1,1,0.820314,0,0.820314,0.988527,0,0,12.9445,13.1111,13.1667,2302.25,960,476.836,965,1011.17,29.625,153.164,155.086,30.1406,30.9141,346.62,43.5,2.36,1.504,3.056,98.25,7.84314,7.84314,0,21.4219,19.2447,38.25,38.25,34.5
34.337,0,0,0,0,1.03485,0.99997,1,2,1,1,0.820314,0,0.820314,0.987306,0,0,13,13.1667,13.25,2299.75,960,478.359,965,1011.17,29.7656,153.281,154.945,30.4219,30.9844,346.62,43.5,2.38,1.54134,3.076,98.25,7.84314,7.84314,0,21.3594,19.2447,38.25,38.25,34.5
34.371,0,0,0,0,1.03503,0.99997,1,2,1,1,0.820314,0,0.820314,0.987306,0,0,13.0556,13.1667,13.1389,2301.25,960,479.414,965,1011.17,29.8359,153.281,154.945,30.0469,30.9844,346.62,43.5,2.38,1.54134,3.068,98.25,7.84314,7.84314,0,21.0469,19.2447,38.25,38.25,34.5
34.404,0,0,0,0,1.03711,0.99997,1,2,1,1,0.820314,0,0.820314,0.986085,0,0,13,13.25,13.1111,2306.25,960,476.602,965,1013.79,29.625,153.141,155.039,29.3906,30.9609,346.62,43.5,2.344,1.50667,3.032,98.25,7.84314,7.84314,0,21,19.2447,39,39,34.5
34.437,0,0,0,0,1.03369,0.99997,1,2,1,1,0.820314,0,0.820314,0.986085,0,0,13.0556,13.5556,13.3333,2310.5,960,479.258,965,1011.17,29.8125,153.188,155.367,30.6328,30.9141,346.62,43.5,2.384,1.53334,3.072,98.25,7.84314,7.84314,0,20.9844,19.2447,39,39,33.75
34.471,0,0,0,0,1.03351,0.99997,1,2,1,1,0.820314,0,0.820314,0.987306,0,0,13.1667,13.5556,13.6667,2312.75,960,482.656,965,1011.17,30.0703,153.188,155.367,31.1953,30.8906,346.62,43.5,2.416,1.54934,3.104,98.25,7.84314,7.84314,0,21.625,19.2447,39,39,33.75
34.504,0,0,0,0,1.03394,0.99997,1,2,1,1,0.820314,0,0.820314,0.986085,0,0,13.3056,13.5556,13.7222,2313,960,486.602,965,1011.17,30.3516,153.516,155.602,31.1719,30.8672,348.046,43.5,2.436,1.57334,3.124,98.25,7.84314,7.84314,0,21.0156,19.2447,39,39,34.5
34.537,0,0,0,0,1.03436,0.99997,1,2,1,1,0.820314,0,0.820314,0.986085,0,0,13.4167,13.5556,13.6111,2312,960,488.125,965,1011.17,30.4688,153.773,155.672,30.8906,30.9375,348.046,43.5,2.432,1.576,3.12,98.25,7.84314,7.84314,0,20.7188,19.2447,39,39,34.5
34.571,0,0,0,0,1.0343,0.99997,1,2,1,1,0.820314,0,0.820314,0.986085,0,0,13.4167,13.5556,13.5278,2311.5,960,488.477,965,1011.17,30.5156,153.773,155.672,30.6797,30.9609,348.046,43.5,2.424,1.55734,3.12,98.25,7.84314,7.84314,0,21.1406,19.2447,39,39,33.75
34.604,0,0,0,0,1.03412,0.99997,1,2,1,1,0.820314,0,0.820314,0.984865,0,0,13.4167,13.5556,13.8889,2313,960,489.297,965,1011.17,30.6563,154.219,155.578,31.4531,30.9844,348.046,43.5,2.46,1.56534,3.156,98.25,7.84314,7.84314,0,21.5469,19.2447,39,39,34.5
34.637,0,0,0,0,1.03711,0.99997,1,2,1,1,0.820314,0,0.820314,0.986085,0,0,13.4722,13.6111,13.5833,2316.25,960,488.555,965,1013.79,30.5859,153.773,155.789,30.1172,31.0313,348.046,43.5,2.4,1.55467,3.096,98.25,7.84314,7.84314,0,20.9219,19.2447,39,39,34.5
34.671,0,0,0,0,1.03418,0.99997,1,2,1,1,0.820314,0,0.820314,0.986085,0,0,13.4722,13.5556,13.75,2318.75,960,489.336,965,1011.17,30.6563,153.773,155.789,31.1484,31.0078,348.046,42.75,2.452,1.568,3.148,98.25,7.84314,7.84314,0,21.0938,19.2447,39,39,34.5
34.704,0,0,0,0,1.03491,0.99997,1,2,1,1,0.820314,0,0.820314,0.986085,0,0,13.5833,13.6111,13.3611,2320.75,960,489.102,965,1011.17,30.6094,153.961,156.07,29.625,30.9141,349.433,42.75,2.392,1.592,3.088,98.25,7.84314,7.84314,0,21.1875,19.2447,38.25,38.25,34.5
34.737,0,0,0,0,1.03717,0.99997,1,2,1,1,0.820314,0,0.820314,0.984865,0,0,13.4722,13.6111,13.2778,2320.5,960,486.133,965,1013.79,30.375,154.219,156.188,29.6016,30.9375,349.433,42.75,2.376,1.54667,3.072,98.25,7.84314,7.84314,0,21.1563,19.2447,38.25,38.25,33.75
34.771,0,0,0,0,1.03626,0.99997,1,2,1,1,0.820314,0,0.820314,0.984865,0,0,13.4167,13.5833,13.4167,2320.5,960,485.117,965,1013.79,30.2813,154.219,156.188,30.0703,30.9375,349.433,42.75,2.388,1.54667,3.076,98.25,7.84314,7.84314,0,21.0313,19.2447,38.25,38.25,33.75
34.804,0,0,0,0,1.03571,0.99997,1,2,1,1,0.820314,0,0.820314,0.984865,0,0,13.3611,13.5833,13.6111,2323.75,960,485.938,965,1013.79,30.3516,154.359,156.258,30.5859,30.9844,349.433,42.75,2.42,1.55734,3.108,98.25,7.84314,7.84314,0,21.2813,19.2447,39,39,34.5
34.837,0,0,0,0,1.03571,0.99997,1,2,1,1,0.820314,0,0.820314,0.984865,0,0,13.4722,13.6667,13.4167,2328.25,960,486.172,965,1013.79,30.3516,154.43,156.398,30.1406,30.9609,349.433,42.75,2.392,1.55734,3.08,98.25,7.84314,7.84314,0,21.4531,19.2447,38.25,38.25,33.75
34.871,0,0,0,0,1.03522,0.99997,1,2,1,1,0.820314,0,0.820314,0.984865,0,0,13.4722,13.5833,13.75,2329.5,960,487.5,965,1013.79,30.4688,154.43,156.398,30.8906,30.9375,349.433,42.75,2.436,1.56534,3.124,98.25,7.84314,7.84314,0,21.2656,19.2447,38.25,38.25,33.75
34.904,0,0,0,0,1.0354,0.99997,1,2,1,1,0.820314,0,0.820314,0.984865,0,0,13.5278,13.6667,13.4445,2327.5,960,487.734,965,1013.79,30.4688,154.547,156.68,30.2344,30.9609,350.839,42.75,2.4,1.57067,3.088,98.25,7.84314,7.84314,0,20.9844,19.2447,38.25,38.25,33.75
34.937,0,0,0,0,1.03522,0.99997,1,2,1,1,0.820314,0,0.820314,0.983644,0,0,13.4722,13.5833,13.4722,2328,960,487.188,965,1013.79,30.4219,154.852,156.563,30.2813,30.9844,350.839,42.75,2.408,1.55734,3.096,98.25,7.84314,7.84314,0,21.125,19.2447,38.25,38.25,33.75
34.971,0,0,0,0,1.03528,0.99997,1,2,1,1,0.820314,0,0.820314,0.983644,0,0,13.5278,13.6667,13.4167,2328.25,960,487.422,965,1013.79,30.4453,154.852,156.563,30.1641,30.9844,350.839,42.75,2.396,1.584,3.084,98.25,7.84314,7.84314,0,21.3281,19.2447,39,39,34.5
35.004,0,0,0,0,1.03467,0.99997,1,2,1,1,0.820314,0,0.820314,0.983644,0,0,13.5278,13.6389,13.4722,2332.25,960,487.266,965,1013.79,30.4219,154.781,156.586,30.2344,31.0313,350.839,42.75,2.4,1.56267,3.088,98.25,7.84314,7.84314,0,20.8438,19.2447,39,39,34.5
35.037,0,0,0,0,1.03436,0.99997,1,2,1,1,0.820314,0,0.820314,0.983644,0,0,13.5278,13.6667,13.75,2337.5,960,486.719,965,1013.79,30.375,154.781,156.961,30.7969,30.9844,350.839,42.75,2.42,1.56534,3.108,98.25,7.84314,7.84314,0,21.1094,19.2447,39,39,33.75
35.071,0,0,0,0,1.03418,0.99997,1,2,1,1,0.820314,0,0.820314,0.983644,0,0,13.5278,13.6111,13.6667,2340.25,960,487.383,965,1013.79,30.4219,154.781,156.961,30.5859,30.9141,350.839,42.75,2.424,1.56534,3.12,98.25,7.84314,7.84314,0,21.3281,19.2447,39,39,33.75
35.104,0,0,0,0,1.03424,0.99997,1,2,1,1,0.820314,0,0.820314,0.982423,0,0,13.5278,13.6667,13.6667,2339.75,960,487.813,965,1013.79,30.4219,155.133,157.313,30.5859,30.9141,352.245,42.75,2.42,1.56534,3.116,98.25,7.84314,7.84314,0,21.0469,19.2447,39,39,34.5
35.137,0,0,0,0,1.03418,0.99997,1,2,1,1,0.820314,0,0.820314,0.982423,0,0,13.5833,13.6111,13.5556,2338.5,960,488.008,965,1013.79,30.4453,155.484,157.266,30.3516,31.0078,352.245,42.75,2.408,1.568,3.104,98.25,7.84314,7.84314,0,20.9531,19.2447,38.25,38.25,34.5
35.171,0,0,0,0,1.03406,0.99997,1,2,1,1,0.820314,0,0.820314,0.982423,0,0,13.5278,13.6667,13.5,2338.25,960,487.461,965,1013.79,30.3984,155.484,157.266,30.3516,31.0078,352.245,42.75,2.404,1.552,3.092,98.25,7.84314,7.84314,0,21.0313,19.2447,38.25,38.25,34.5
35.204,0,0,0,0,1.03345,0.99997,1,2,1,1,0.820314,0,0.820314,0.982423,0,0,13.4722,13.6667,13.7222,2338,960,487.148,965,1013.79,30.3984,155.484,157.148,30.8906,31.0547,352.245,42.75,2.428,1.55467,3.116,98.25,7.84314,7.84314,0,21.5625,19.2447,39,39,34.5
35.237,0,0,0,0,1.03369,0.99997,1,2,1,1,0.820314,0,0.820314,0.982423,0,0,13.5833,13.6945,13.75,2343.75,960,488.594,965,1013.79,30.4922,155.414,157.266,30.7969,31.0313,352.245,42.75,2.432,1.57067,3.12,98.25,7.84314,7.84314,0,21.3594,19.2447,38.25,38.25,33.75
35.271,0,0,0,0,1.03381,0.99997,1,2,1,1,0.820314,0,0.820314,0.981203,0,0,13.6389,13.6945,13.6389,2346.25,960,488.711,965,1013.79,30.4922,155.414,157.266,30.4688,31.0078,352.245,42.75,2.42,1.568,3.116,98.25,7.84314,7.84314,0,20.875,19.2447,38.25,38.25,33.75
35.304,0,0,0,0,1.03668,0.99997,1,2,1,1,0.820314,0,0.820314,0.981203,0,0,13.6945,13.7222,13.7222,2350.5,960,489.023,965,1016.45,30.4922,155.555,157.781,29.9766,30.9609,353.612,42.75,2.396,1.57067,3.092,98.25,7.84314,7.84314,0,21.1406,19.2447,39,39,33.75
35.337,0,0,0,0,1.03357,0.99997,1,2,1,1,0.820314,0,0.820314,0.981203,0,0,13.5833,13.8056,13.8056,2350,960,488.086,965,1013.79,30.4219,156.07,157.945,30.4219,30.9844,353.612,42.75,2.404,1.55467,3.1,98.25,8.2353,8.2353,0,21.5313,19.2447,39,39,33.75
35.371,0,0,0,0,1.03406,0.99997,1,2,1,1,0.820314,0,0.820314,0.981203,0,0,13.6945,13.7778,14.1111,2347.75,960,492.07,965,1013.79,30.7266,156.07,157.945,31.6641,30.9844,353.612,42.75,2.472,1.57867,3.168,98.25,8.2353,8.2353,0,20.7813,19.2447,39,39,34.5
35.404,0,0,0,0,1.03442,0.99997,1,2,1,1,0.820314,0,0.820314,0.981203,0,0,13.75,13.7778,13.6945,2349.25,960,492.383,965,1013.79,30.7734,156.281,157.781,30.8672,31.0781,353.612,42.75,2.448,1.58134,3.144,98.25,8.2353,8.2353,0,20.9375,19.2447,39,39,34.5
35.437,0,0,0,0,1.03705,0.99997,1,2,1,1,0.820314,0,0.820314,0.981203,0,0,13.75,13.8056,13.8056,2351.25,960,491.211,965,1016.45,30.6563,156.188,157.852,30.375,31.0781,353.612,42.75,2.42,1.568,3.116,98.25,8.2353,8.2353,0,21.3594,19.2447,39,39,34.5
35.471,0,0,0,0,1.03662,0.99997,1,2,1,1,0.820314,0,0.820314,0.979982,0,0,13.6945,13.8611,14.0278,2355.75,960,491.992,965,1016.45,30.7266,156.188,157.852,30.8672,31.0547,353.612,42.75,2.432,1.59467,3.12,98.25,8.2353,8.2353,0,21.125,19.2447,39,39,34.5
35.504,0,0,0,0,1.0343,0.99997,1,2,1,1,0.820314,0,0.820314,0.979982,0,0,13.75,13.7778,13.5833,2358,960,491.484,965,1013.79,30.6563,156.258,158.25,30.6328,31.0078,354.999,42.75,2.432,1.56534,3.12,98.25,8.2353,8.2353,0,20.8594,19.2447,38.25,38.25,34.5
35.537,0,0,0,0,1.03418,0.99997,1,2,1,1,0.820314,0,0.820314,0.979982,0,0,13.8056,13.7778,14.1111,2358,960,492.773,965,1013.79,30.75,156.656,158.438,31.6172,31.0078,354.999,42.75,2.476,1.60267,3.164,98.25,8.2353,8.2353,0,21.3594,19.2447,38.25,38.25,34.5
35.571,0,0,0,0,1.03693,0.99997,1,2,1,1,0.820314,0,0.820314,0.979982,0,0,13.75,13.8056,13.8333,2358,960,491.758,965,1016.45,30.6797,156.656,158.438,30.3281,31.0313,354.999,42.75,2.42,1.56,3.116,98.25,8.2353,8.2353,0,21.3281,19.2447,38.25,38.25,34.5
35.604,0,0,0,0,1.0365,0.99997,1,2,1,1,0.820314,0,0.820314,0.979982,0,0,13.6945,13.8056,13.8333,2359.5,960,489.375,965,1016.45,30.4922,156.891,158.391,30.5156,31.0781,354.999,42.75,2.412,1.54667,3.108,98.25,8.2353,8.2353,0,20.9531,19.2447,39,39,34.5
35.637,0,0,0,0,1.03619,0.99997,1,2,1,1,0.820314,0,0.820314,0.978517,0,0,13.75,13.8056,14,2361.25,960,490.117,965,1016.45,30.5391,156.891,158.555,30.9375,31.125,354.999,42.75,2.436,1.576,3.132,98.25,8.2353,8.2353,0,21.1719,19.2447,38.25,38.25,34.5
35.671,0,0,0,0,1.03626,0.99997,1,2,1,1,0.820314,0,0.820314,0.978517,0,0,13.75,13.8611,13.8056,2365.5,960,490.195,965,1016.45,30.5391,156.891,158.555,30.5156,31.0781,354.999,42.75,2.42,1.56534,3.108,98.25,8.2353,8.2353,0,21.0781,19.2447,38.25,38.25,34.5
35.704,0,0,0,0,1.03607,0.99997,1,2,1,1,0.820314,0,0.820314,0.978517,0,0,13.8056,13.8611,13.9445,2369.25,960,489.609,965,1016.45,30.5391,157.406,158.977,30.8203,31.0313,356.405,42.75,2.432,1.56534,3.12,98.25,8.2353,8.2353,0,21.375,19.2447,39,39,34.5
35.737,0,0,0,0,1.03601,0.99997,1,2,1,1,0.820314,0,0.820314,0.978517,0,0,13.8056,13.8611,14.1667,2367,960,491.094,965,1016.45,30.6563,157.453,159,31.3359,31.125,356.405,42.75,2.456,1.58934,3.144,98.25,8.2353,8.2353,0,21.0781,19.2447,39,39,34.5
35.771,0,0,0,0,1.03638,0.99997,1,2,1,1,0.820314,0,0.820314,0.977296,0,0,13.8611,13.8889,13.8611,2366.25,960,491.523,965,1016.45,30.6797,157.453,159,30.6563,31.125,356.405,42.75,2.444,1.58667,3.132,98.25,8.2353,8.2353,0,20.875,19.2447,39,39,34.5
35.804,0,0,0,0,1.03607,0.99997,1,2,1,1,0.820314,0,0.820314,0.977296,0,0,13.8056,13.9722,13.8056,2367,960,490.742,965,1016.45,30.6328,157.523,158.906,30.5391,31.1484,356.405,42.75,2.424,1.568,3.112,98.25,8.2353,8.2353,0,21.25,19.2447,39,39,33.75
35.837,0,0,0,0,1.03565,0.99997,1,2,1,1,0.820314,0,0.820314,0.977296,0,0,13.8056,13.9445,13.9445,2369.25,960,491.016,965,1016.45,30.6563,157.453,158.93,30.8203,31.1484,356.405,42.75,2.436,1.57867,3.124,98.25,8.2353,8.2353,0,21.125,19.2447,39,39,34.5
35.871,0,0,0,0,1.03571,0.99997,1,2,1,1,0.820314,0,0.820314,0.977296,0,0,13.8611,13.9445,13.9722,2374,960,491.445,965,1016.45,30.6797,157.453,158.93,30.7969,31.125,356.405,42.75,2.444,1.57867,3.132,98.25,8.2353,8.2353,0,20.8906,19.2447,39,39,34.5
35.904,0,0,0,0,1.03583,0.99997,1,2,1,1,0.820314,0,0.820314,0.977296,0,0,13.8611,14,13.8889,2379.5,960,491.367,965,1016.45,30.6563,157.477,159.445,30.5625,31.0547,357.811,42.75,2.424,1.58134,3.112,98.25,8.2353,8.2353,0,21.1406,19.2447,39,39,34.5
35.937,0,0,0,0,1.03589,0.99997,1,2,1,1,0.820314,0,0.820314,0.976076,0,0,13.9167,13.9722,13.8056,2380.75,960,491.563,965,1016.45,30.6563,157.992,159.727,30.3516,31.0547,357.811,42.75,2.42,1.584,3.108,98.25,8.2353,8.2353,0,21.6875,19.2447,38.25,38.25,33.75
35.971,0,0,0,0,1.03577,0.99997,1,2,1,1,0.820314,0,0.820314,0.976076,0,0,13.9167,14,14.0278,2379.5,960,491.953,965,1016.45,30.6797,157.992,159.727,30.8672,31.0313,357.811,42.75,2.44,1.57334,3.128,98.25,8.2353,8.2353,0,20.9219,19.2447,38.25,38.25,33.75
36.004,0,0,0,0,1.03558,0.99997,1,2,1,1,0.820314,0,0.820314,0.976076,0,0,13.8611,14,14.0556,2377.5,960,492.07,965,1016.45,30.7031,158.297,159.609,30.9375,31.1484,357.811,42.75,2.448,1.57334,3.136,98.25,8.2353,8.2353,0,21.0938,19.2447,39,39,34.5
36.037,0,0,0,0,1.03589,0.99997,1,2,1,1,0.820314,0,0.820314,0.976076,0,0,13.9167,14.0278,14.0278,2378.25,960,492.695,965,1016.45,30.75,158.203,159.492,30.8672,31.1953,357.811,42.75,2.444,1.57867,3.132,98.25,8.2353,8.2353,0,21.2188,19.2447,38.25,38.25,34.5
36.071,0,0,0,0,1.03552,0.99997,1,2,1,1,0.820314,0,0.820314,0.976076,0,0,13.9167,14.0278,13.8056,2381.5,960,491.211,965,1016.45,30.6328,158.203,159.492,30.3516,31.1719,357.811,42.75,2.42,1.56,3.124,98.25,8.2353,8.2353,0,21.2813,19.2447,38.25,38.25,34.5
36.104,0,0,0,0,1.03473,0.99997,1,2,1,1,0.820314,0,0.820314,0.974855,0,0,13.8611,14.0278,14.1111,2385.25,960,490.313,965,1016.45,30.5391,158.086,159.914,30.4922,31.125,359.218,42.75,2.416,1.56267,3.12,98.25,8.2353,8.2353,0,20.7813,19.2447,39,39,34.5
36.137,0,0,0,0,1.03455,0.99997,1,2,1,1,0.820314,0,0.820314,0.974855,0,0,13.9167,14.1111,13.9445,2388.25,960,491.094,965,1016.45,30.5859,158.484,160.125,30.7031,31.0781,359.218,42.75,2.436,1.57067,3.14,98.25,8.2353,8.2353,0,20.9688,19.2447,39,39,34.5
36.171,0,0,0,0,1.03723,0.99997,1,2,1,1,0.820314,0,0.820314,0.976076,0,0,13.9722,14.1389,14.1111,2389.25,960,491.445,965,1019.1,30.6094,158.484,160.125,30.3984,31.0781,359.218,42.75,2.42,1.58934,3.116,98.25,8.2353,8.2353,0,21.2969,19.2447,39,39,34.5
36.204,0,0,0,0,1.03436,0.99997,1,2,1,1,0.820314,0,0.820314,0.974855,0,0,13.9167,14.0278,13.8611,2389.75,960,491.523,965,1016.45,30.6094,158.719,160.242,30.6094,31.125,359.218,42.75,2.432,1.58134,3.128,98.25,8.2353,8.2353,0,21.1094,19.2447,39,39,34.5
36.237,0,0,0,0,1.03412,0.99997,1,2,1,1,0.820314,0,0.820314,0.974855,0,0,13.9722,14.0278,14.1111,2391,960,492.266,965,1016.45,30.6563,158.859,160.313,31.1016,31.1484,359.218,42.75,2.452,1.58134,3.148,98.25,8.2353,8.2353,0,20.9844,19.2447,39,39,33.75
36.271,0,0,0,0,1.03449,0.99997,1,2,1,1,0.820314,0,0.820314,0.973634,0,0,14,14.1111,14.1111,2394.25,960,493.516,965,1016.45,30.7734,158.859,160.313,30.9844,31.125,359.218,42.75,2.452,1.592,3.14,98.25,8.2353,8.2353,0,21.0625,19.2447,39,39,33.75
36.304,0,0,0,0,1.03717,0.99997,1,2,1,1,0.820314,0,0.820314,0.973634,0,0,14,14.0556,14,2396.25,960,492.109,965,1019.1,30.6328,158.93,160.594,30.3047,31.125,360.624,42.75,2.424,1.56534,3.112,98.25,8.2353,8.2353,0,21.375,19.2447,38.25,38.25,34.5
36.337,0,0,0,0,1.03668,0.99997,1,2,1,1,0.820314,0,0.820314,0.973634,0,0,13.9722,14.0556,14.1111,2395.75,960,491.758,965,1019.1,30.6094,159.211,160.711,30.7031,31.125,360.624,42.75,2.44,1.57334,3.128,98.25,8.2353,8.2353,0,20.8281,19.2447,39,39,34.5
36.371,0,0,0,0,1.03662,0.99997,1,2,1,1,0.820314,0,0.820314,0.973634,0,0,13.9722,14.1389,13.9167,2395.5,960,491.484,965,1019.1,30.5859,159.211,160.711,30.3516,31.125,360.624,42,2.42,1.576,3.108,98.25,8.2353,8.2353,0,20.9063,19.2447,39,39,34.5
36.404,0,0,0,0,1.03668,0.99997,1,2,1,1,0.820314,0,0.820314,0.972414,0,0,14,14.1389,14,2397.5,960,492.695,965,1019.1,30.6797,159.328,160.664,30.4219,31.1719,360.624,42,2.424,1.58134,3.112,98.25,8.2353,8.2353,0,21.2656,19.2447,39,39,34.5
36.437,0,0,0,0,1.03644,0.99997,1,2,1,1,0.820314,0,0.820314,0.972414,0,0,14,14.1389,14.1389,2402.25,960,493.008,965,1019.1,30.7031,159.305,160.828,30.75,31.1484,360.624,42,2.436,1.58134,3.124,98.25,8.2353,8.2353,0,21.1094,19.2447,39,39,34.5
36.471,0,0,0,0,1.03644,0.99997,1,2,1,1,0.820314,0,0.820314,0.972414,0,0,14.1111,14.0556,14.1945,2405,960,494.102,965,1019.06,30.7734,159.305,160.828,30.7266,31.125,360.624,42,2.444,1.60267,3.132,98.25,8.2353,8.2353,0,20.7188,19.2447,39,39,33.75
36.504,0,0,0,0,1.03687,0.99997,1,2,1,1,0.820314,0,0.820314,0.972414,0,0,14.1111,14.1389,14.1111,2410.5,960,493.633,965,1019.1,30.7266,159.469,161.344,30.4922,31.1016,362.05,42,2.432,1.57334,3.12,98.25,8.2353,8.2353,0,21.5469,19.2447,38.25,38.25,33.75
36.537,0,0,0,0,1.03388,0.99997,1,2,1,1,0.820314,0,0.820314,0.971193,0,0,14.0556,14.0833,13.8056,2408.5,960,492.656,965,1016.45,30.6328,159.961,161.508,30.5391,31.1016,362.05,42,2.432,1.57334,3.12,98.25,8.2353,8.2353,0,21.5938,19.2447,38.25,38.25,33.75
36.571,0,0,0,0,1.03644,0.99997,1,2,1,1,0.820314,0,0.820314,0.971193,0,0,14,14.1945,14.1667,2406.5,960,492.617,965,1019.1,30.6328,159.961,161.508,30.6797,31.125,362.05,42,2.432,1.57334,3.12,98.25,8.2353,8.2353,0,20.7656,19.2447,38.25,38.25,33.75
36.604,0,0,0,0,1.03626,0.99997,1,2,1,1,0.820314,0,0.820314,0.971193,0,0,14.0556,14.1389,14.2778,2405.25,960,493.398,965,1019.1,30.7031,160.148,161.25,31.0313,31.2422,362.05,42,2.452,1.58134,3.14,98.25,8.2353,8.2353,0,20.9844,19.2447,38.25,38.25,33.75
36.637,0,0,0,0,1.03638,0.99997,1,2,1,1,0.820314,0,0.820314,0.971193,0,0,14.0556,14.1945,13.9722,2407.25,960,493.164,965,1019.1,30.6797,159.914,161.25,30.375,31.2422,362.05,42,2.424,1.58667,3.112,98.25,8.2353,8.2353,0,21.2969,19.2447,38.25,38.25,34.5
36.671,0,0,0,0,1.03619,0.99997,1,2,1,1,0.820314,0,0.820314,0.971193,0,0,14.0556,14.1667,14.25,2412.5,960,493.477,965,1019.1,30.7031,159.914,161.25,30.9141,31.2188,362.05,42,2.448,1.57334,3.136,98.25,8.2353,8.2353,0,21.3906,19.2447,38.25,38.25,34.5
36.704,0,0,0,0,1.03607,0.99997,1,2,1,1,0.820314,0,0.820314,0.969972,0,0,14.1111,14.1389,13.9167,2419.25,960,492.227,965,1019.1,30.5625,159.914,161.859,30.1172,31.125,363.476,42,2.42,1.568,3.108,98.25,8.2353,8.2353,0,20.8125,19.2447,39,39,34.5
36.737,0,0,0,0,1.03595,0.99997,1,2,1,1,0.820314,0,0.820314,0.969972,0,0,14.1111,14.2222,14.3889,2419,960,493.828,965,1019.1,30.6797,160.5,162.141,31.125,31.1016,363.476,42,2.452,1.568,3.14,98.25,8.2353,8.2353,0,21.1719,19.2447,39,39,34.5
36.771,0,0,0,0,1.03589,0.99997,1,2,1,1,0.820314,0,0.820314,0.969972,0,0,14.1111,14.2778,14.3333,2419,960,494.414,965,1019.1,30.7266,160.5,162.141,31.0078,31.1016,363.476,42,2.444,1.576,3.132,99,8.2353,8.2353,0,21.25,19.2447,39,39,34.5
36.804,0,0,0,0,1.03595,0.99997,1,2,1,1,0.820314,0,0.820314,0.968507,0,0,14.1667,14.2778,14.5833,2419.5,960,496.055,965,1019.1,30.8672,160.805,162.094,31.5469,31.1719,363.476,42,2.476,1.58667,3.164,99,8.2353,8.2353,0,21.125,19.2447,39,39,34.5
36.837,0,0,0,0,1.03632,0.99997,1,2,1,1,0.820314,0,0.820314,0.968507,0,0,14.1667,14.2778,14.3889,2418.75,960,496.328,965,1019.1,30.8906,160.758,161.977,31.1484,31.2422,363.476,42,2.46,1.58667,3.148,99,8.2353,8.2353,0,21.1094,19.2447,39,39,33.75
36.871,0,0,0,0,1.03656,0.99997,1,2,1,1,0.820314,0,0.820314,0.968507,0,0,14.2222,14.25,14.5556,2422,960,497.539,965,1019.1,30.9844,160.758,161.977,31.4531,31.2188,363.476,42,2.48,1.59467,3.176,98.25,8.2353,8.2353,0,21.2969,19.2447,39,39,33.75
36.904,0,0,0,0,1.03674,0.99997,1,2,1,1,0.820314,0,0.820314,0.967287,0,0,14.2778,14.3056,14.2222,2426.75,960,496.211,965,1019.1,30.8672,160.641,162.328,30.6797,31.1719,364.921,42,2.44,1.584,3.136,98.25,8.2353,8.2353,0,21.1719,19.2447,39,39,33.75
36.937,0,0,0,0,1.03912,0.99997,1,2,1,1,0.820314,0,0.820314,0.967287,0,0,14.2222,14.3333,14.4167,2427.75,960,494.414,965,1021.72,30.7031,160.969,162.586,30.6328,31.125,364.921,42,2.432,1.56534,3.128,98.25,8.2353,8.2353,0,20.9219,19.2447,39,39,34.5
36.971,0,0,0,0,1.03857,0.99997,1,2,1,1,0.820314,0,0.820314,0.967287,0,0,14.1667,14.2778,14.3333,2427,960,494.844,965,1021.72,30.7266,160.969,162.586,31.2422,31.125,364.921,42,2.46,1.568,3.156,99,8.2353,8.2353,0,21.2031,19.2447,39,39,34.5
37.004,0,0,0,0,1.03613,0.99997,1,2,1,1,0.820314,0,0.820314,0.967287,0,0,14.2222,14.2778,14.5,2428.25,960,496.641,965,1019.1,30.8672,161.25,162.586,31.6641,31.1719,364.921,42,2.48,1.57867,3.176,99,8.2353,8.2353,0,21.3438,19.2447,38.25,38.25,33.75
37.037,0,0,0,0,1.03955,0.99997,1,2,1,1,0.820314,0,0.820314,0.966066,0,0,14.2778,14.3333,14.0833,2431.5,960,495.039,965,1021.68,30.75,161.25,162.727,29.9297,31.1953,364.921,42,2.416,1.57867,3.112,99,8.2353,8.2353,0,21.1719,19.2447,39,39,33.75
37.071,0,0,0,0,1.03644,0.99997,1,2,1,1,0.820314,0,0.820314,0.964845,0,0,14.2222,14.3333,14.1667,2434.25,960,493.984,965,1019.1,30.6563,161.25,162.727,30.0938,31.1719,364.921,42,2.416,1.576,3.104,98.25,8.2353,8.2353,0,20.875,19.2447,39,39,34.5
37.104,0,0,0,0,1.03882,0.99997,1,2,1,1,0.820314,0,0.820314,0.966066,0,0,14.2222,14.3333,14.6389,2438,960,494.844,965,1021.72,30.7031,161.414,163.148,31.125,31.125,366.308,42,2.452,1.576,3.14,98.25,8.2353,8.2353,0,21.5,19.2447,39,39,33.75
37.137,0,0,0,0,1.03919,0.99997,1,2,1,1,0.820314,0,0.820314,0.966066,0,0,14.2778,14.3333,14.25,2437.5,960,495.703,965,1021.72,30.75,161.813,163.195,30.2813,31.1719,366.308,42,2.42,1.56534,3.108,98.25,8.2353,8.2353,0,21.3594,19.2447,39,39,33.75
37.171,0,0,0,0,1.03943,0.99997,1,2,1,1,0.820314,0,0.820314,0.964845,0,0,14.2778,14.3333,14.2222,2436.25,960,496.25,965,1021.72,30.7969,161.813,163.195,30.9844,31.1953,366.308,42,2.448,1.58134,3.136,99,8.2353,8.2353,0,20.9219,19.2447,39,39,34.5
37.204,0,0,0,0,1.03656,0.99997,1,2,1,1,0.820314,0,0.820314,0.964845,0,0,14.2778,14.3056,14.1111,2437.25,960,495.742,965,1019.1,30.7734,161.883,163.078,30.7734,31.2656,366.308,42,2.44,1.592,3.128,99,8.2353,8.2353,0,21.1094,19.2447,39,39,34.5
37.237,0,0,0,0,1.03912,0.99997,1,2,1,1,0.820314,0,0.820314,0.964845,0,0,14.3333,14.3611,14.5556,2440,960,496.094,965,1021.72,30.7969,161.766,163.266,30.9141,31.2422,366.308,42,2.452,1.58667,3.14,99,8.2353,8.2353,0,21.6563,19.2447,39,39,34.5
37.271,0,0,0,0,1.03919,0.99997,1,2,1,1,0.820314,0,0.820314,0.964845,0,0,14.3333,14.3611,14.4722,2445,960,496.445,965,1021.72,30.8203,161.766,163.266,30.75,31.1953,366.308,42,2.448,1.58667,3.136,98.25,8.2353,8.2353,0,21.2813,19.2447,39,39,33.75
37.304,0,0,0,0,1.03937,0.99997,1,2,1,1,0.820314,0,0.820314,0.964845,0,0,14.3889,14.4445,14.6111,2449.75,960,497.656,965,1021.72,30.8906,161.953,163.617,31.125,31.125,367.753,42,2.464,1.58934,3.152,98.25,8.62745,8.2353,0,21.0469,19.2447,39,39,33.75
37.337,0,0,0,0,1.03949,0.99997,1,2,1,1,0.820314,0,0.820314,0.963625,0,0,14.3889,14.5,14.3611,2450,960,496.992,965,1021.72,30.8203,162.328,163.945,30.6328,31.1719,367.753,42,2.436,1.576,3.124,98.25,8.62745,8.2353,0,21.375,19.2447,39,39,33.75
37.371,0,0,0,0,1.03912,0.99997,1,2,1,1,0.820314,0,0.820314,0.963625,0,0,14.3889,14.5,14.6111,2448.5,960,498.164,965,1021.72,30.9141,162.328,163.945,31.2188,31.1719,367.753,42,2.464,1.6,3.152,99,8.62745,8.2353,0,21.3438,19.2447,38.25,38.25,33
37.404,0,0,0,0,1.03919,0.99997,1,2,1,1,0.820314,0,0.820314,0.963625,0,0,14.3889,14.5278,14.5278,2449,960,498.047,965,1021.72,30.9141,162.727,163.828,31.0547,31.2188,367.753,42,2.46,1.58934,3.148,99,8.62745,8.2353,0,20.7031,19.2447,39,39,33.75
37.437,0,0,0,0,1.03931,0.99997,1,2,1,1,0.820314,0,0.820314,0.962404,0,0,14.5,14.4445,14.75,2450.5,960,499.57,965,1021.72,31.0313,162.633,163.875,31.6875,31.2656,367.753,42,2.496,1.608,3.184,99,8.62745,8.2353,0,21.375,19.2447,39,39,33.75
37.471,0,0,0,0,1.04004,0.99997,1,2,1,1,0.820314,0,0.820314,0.962404,0,0,14.5,14.5,14.5833,2455,960,500.078,965,1021.72,31.0547,162.633,163.875,31.1016,31.2422,367.753,42,2.464,1.58934,3.152,98.25,8.62745,8.2353,0,21.3438,19.2447,39,39,33.75
37.504,0,0,0,0,1.04248,0.99997,1,2,1,1,0.820314,0,0.820314,0.962404,0,0,14.5,14.4722,14.4722,2457.25,960,497.578,965,1024.38,30.8438,162.727,164.273,30.375,31.2188,369.179,42,2.432,1.56534,3.12,98.25,8.62745,8.62745,0,21.3438,19.2447,39,39,33.75
37.537,0,0,0,0,1.03931,0.99997,1,2,1,1,0.820314,0,0.820314,0.961183,0,0,14.4445,14.4445,14.6111,2458,960,498.555,965,1021.72,30.9141,163.125,164.484,31.2656,31.1953,369.179,42,2.476,1.58934,3.164,98.25,8.62745,8.62745,0,21.2188,19.2447,39,39,33.75
37.571,0,0,0,0,1.03961,0.99997,1,2,1,1,0.820314,0,0.820314,0.961183,0,0,14.5,14.5,14.5833,2458,960,499.023,965,1021.72,30.9375,163.125,164.484,31.1484,31.2188,369.179,42,2.472,1.58667,3.16,99,8.2353,8.62745,0,21.3281,19.2447,39,39,33.75
37.604,0,0,0,0,1.04248,0.99997,1,2,1,1,0.820314,0,0.820314,0.961183,0,0,14.5,14.5,14.7778,2460,960,500.078,965,1024.34,31.0313,163.383,164.461,31.5,31.9219,369.179,42,2.488,1.59467,3.176,99,8.62745,8.62745,0,21.2813,19.6032,39,39,33.75
37.637,0,0,0,0,1.03949,0.99997,1,2,1,1,0.820314,0,0.820314,0.959962,0,0,14.5,14.5,14.3333,2463.25,960,498.516,965,1021.72,30.8906,163.383,164.602,30.6094,31.9453,369.179,42,2.448,1.59467,3.136,99,8.2353,8.62745,0,21.1094,19.6032,39,39,33.75
37.671,0,0,0,0,1.03943,0.99997,1,2,1,1,0.820314,0,0.820314,0.959962,0,0,14.5,14.5278,14.6389,2466.5,960,498.398,965,1021.72,30.8906,163.383,164.602,31.1484,32.5547,369.179,42,2.472,1.58134,3.168,99,8.62745,8.62745,0,21.3125,19.9633,39,39,33.75
37.704,0,0,0,0,1.03912,0.99997,1,2,1,1,0.820314,0,0.820314,0.959962,0,0,14.5556,15.1667,15.3056,2469.5,960,501.836,965,1021.72,31.125,163.547,164.977,32.4609,33.8672,370.604,42,2.512,1.57867,3.208,99,9.01961,8.62745,0,21.2813,20.6836,39,39,33.75
37.737,0,0,0,0,1.03906,0.99997,1,2,1,1,0.820314,0,0.820314,0.959962,0,0,14.8056,15.25,15.6111,2469.75,960,506.484,965,1021.72,31.5,163.922,165.094,33.1172,36.5156,370.604,42,2.584,1.672,3.28,99,9.01961,9.41177,0,21,21.7624,39,39,33.75
37.771,0,0,0,0,1.03943,0.99997,1,2,1,1,0.820314,0,0.820314,0.958498,0,0,14.8611,16.3056,15.9167,2469.75,960,512.5,965,1021.72,31.9688,163.922,165.094,33.7734,39.4453,370.604,41.25,2.64,1.67734,3.328,98.25,9.41177,10.1961,0,20.8438,22.8412,39,39,33.75
37.804,0,0,0,0,1.03613,0.99997,1,2,1,1,0.820314,0,0.820314,0.958498,0,0,15.5,18.2778,17.3889,2474,960,530.938,965,1019.1,33.4219,164.086,165.117,37.1719,44.9297,370.604,41.25,2.88,1.83734,3.568,98.25,10.5882,11.3726,0,21.375,24.8203,39,39,33
37.837,0,0,0,0,1.03009,0.99997,1,2,1,1,0.820314,0,0.820314,0.958498,0,0,16.5278,19.4445,19.0556,2480.75,960,550.43,965,1013.79,34.9219,164.086,165.539,41.5078,48.9844,370.604,41.25,3.184,2.06134,3.872,98.25,11.7647,12.549,0,21.1719,26.2592,39,39,32.25
37.871,0,0,0,0,1.02661,0.99997,1,2,1,1,0.820314,0,0.820314,0.958498,0,0,17.3611,22.1389,21.1667,2492.75,960,586.602,965,1011.17,37.7813,164.086,165.539,45.6563,53.9766,370.604,41.25,3.564,2.184,4.252,98.25,12.9412,13.7255,0,20.9531,27.8767,38.25,38.25,31.5
37.904,0,0,0,0,1.01947,0.99997,1,2,1,1,0.820314,0,0.820314,0.958498,0,0,19.0278,26.6667,23.5556,2505.25,970,631.719,965,1005.86,41.25,164.508,166.5,50.8594,64.5938,373.358,41.25,3.976,2.45867,4.664,98.25,15.2941,16.0784,0,21.25,31.2947,36,36,30.75
37.937,0,0,0,0,1.00922,0.99997,1,2,1,1,0.820314,0,0.820314,0.958498,0,2.34375,21.1667,29.8056,26.7778,2515.5,1070,690.977,965,997.969,45.8672,165.445,167.391,57.8906,71.8828,373.358,41.25,4.556,2.712,5.244,98.25,17.2549,18.0392,0,21.7188,33.6324,34.5,34.5,30
37.971,0,0,0,0,1.00299,0.99997,1,2,1,1,0.820314,0,0.820314,0.959962,0,2.34375,22.75,32.75,27.9722,2528.5,1140,729.297,965,995.313,48.8672,165.445,167.391,59.8359,77.0391,373.358,41.25,4.704,2.95734,5.392,99,19.2157,19.6078,0,21.1094,35.4314,33.75,33.75,29.25
38.004,0,0,0,0,0.993165,0.99997,1,2,1,1,0.820314,0,0.820314,0.958498,0,67.9688,25.1667,34.5834,31.1667,2543,1240,805.586,965,992.656,55.0078,166.922,168.563,65.2266,84.6563,373.358,41.25,5.248,3.176,5.936,99,21.1765,21.1765,0,20.9688,38.1292,31.5,31.5,27.75
38.037,0,0,0,0,0.990784,0.99997,1,2,1,1,0.820314,0,0.820314,0.958498,0,63.6719,27.8889,35.6667,31.6667,2551.25,1300,833.867,965,995.313,57.3516,167.883,169.453,65.0156,89.6484,373.358,41.25,5.412,3.472,6.1,99,22.3529,22.7451,0,21.2813,39.7482,30,30,27.75
38.071,0,0,0,0,0.985413,0.99997,1,2,1,1,0.820314,0,0.820314,0.958498,0,63.6719,28.4167,34.8889,32.6667,2568.75,1330,867.969,965,997.93,60.0469,167.883,169.453,66,92.5313,373.358,41.25,5.648,3.47467,6.352,98.25,23.5294,24.3137,0,21.5938,40.827,28.5,28.5,27.75
38.104,0,0,0,0,0.980836,0.99997,1,2,1,1,0.820314,0,0.820314,0.958498,0,59.375,30.1667,37.6389,33.6111,2570.25,1390,895.313,965,1000.59,62.3672,168.891,170.508,67.7344,98.25,381.991,41.25,5.632,3.696,6.336,98.25,26.2745,27.0588,0,21,42.626,26.25,26.25,26.25
38.137,0,0,0,0,0.97522,0.99997,1,2,1,1,0.820314,0,0.820314,0.958498,0,57.8125,31.5556,33.8334,34.6389,2575.75,1390,927.031,965,1003.2,64.8984,169.688,170.648,69.4922,99.8906,381.991,41.25,6.008,3.816,6.712,98.25,27.8431,29.0196,0,21.0469,42.9861,26.25,26.25,27.75
38.171,0,0,0,0,0.979859,0.99997,1,2,1,1,0.820314,0,0.820314,0.958498,0,57.8125,32.1389,34.75,35.8611,2581.75,1380,941.641,965,1008.52,66.0703,169.688,170.648,70.6875,99.8438,381.991,41.25,6.192,3.944,6.888,99,29.8039,30.9804,0,21.25,42.9861,25.5,25.5,27
38.204,0,0,0,0,0.987855,0.99997,1,2,1,1,0.820314,0,0.820314,0.957277,0,56.25,33.3056,35.9167,37.0556,2605,1390,971.523,965,1016.45,68.6016,169.992,171.375,72.6094,101.344,381.991,41.25,6.412,4.13067,7.108,99,31.7647,35.2941,0,21.0313,43.3447,24.75,24.75,27
38.237,0,0,0,0,0.993714,0.99997,1,2,1,1,0.820314,0,0.820314,0.957277,0,52.7344,34.9167,36.7223,37.6389,2617.5,1390,984.688,965,1021.72,69.8906,170.977,172.734,73.125,101.484,381.991,41.25,6.248,4.13867,6.944,99,38.0392,46.2745,0,21.2969,43.3447,24.75,24.75,27
38.271,0,0,0,0,1.00067,0.99997,1,2,1,1,0.820314,0,0.820314,0.957277,0,52.7344,35.9445,37.3889,40.3889,2638,1390,1014.38,965,1026.95,72.3281,170.977,172.734,77.9766,101.391,381.991,40.5,6.528,4.28267,7.232,99,48.2353,55.6863,0,21.3125,43.3447,20.25,20.25,20.25
38.304,0,0,0,0,1.01837,0.99997,1,2,1,1,0.820314,0,0.820314,0.957277,0,54.6875,37.5834,38.9445,41.8889,2661.75,1380,1051.37,965,1037.58,75.9141,172.922,174.563,79.3359,101.977,391.366,40.5,6.776,4.49601,7.48,99,60,64.3137,0,20.8438,43.3447,17.25,17.25,17.25
38.337,0,0,0,0,1.02991,0.99997,1,2,1,1,0.820314,0,0.820314,0.957277,0,47.2656,39.3889,39.5556,42.3611,2674.75,1400,1064.02,965,1042.85,77.2734,174.094,175.641,79.9219,103.172,391.366,40.5,6.848,4.66401,7.552,99,65.8824,69.0196,0,21.4531,43.3447,14.25,14.25,14.25
38.371,0,0,0,0,1.04065,0.99997,1,2,1,1,0.820314,0,0.820314,0.957277,0,47.2656,40.3056,40.6945,44.7778,2695.75,1390,1089.3,965,1048.13,79.5,174.094,175.641,84.9609,103.078,391.366,39.75,7.024,4.74667,7.72,99,70.1961,72.1569,0,21.4531,43.3447,12.75,12.75,12.75
38.404,0,0,0,0,1.06891,0.99997,1,2,1,1,0.820314,0,0.820314,0.957277,0,53.5156,41.75,41.9445,46.3056,2720.5,1390,1111.99,965,1069.26,81.8672,175.336,177.445,85.3594,104.203,391.366,39.75,7.188,4.90401,7.884,99,75.2941,76.8628,0,20.4531,43.3447,14.25,14.25,14.25
38.437,0,0,0,0,1.07965,0.99997,1,2,1,1,0.820314,0,0.820314,0.956056,0,49.2188,43.6111,43.0834,47.8611,2731.75,1390,1127.7,965,1074.57,83.6484,177.258,178.828,88.4297,104.93,391.366,39.75,7.396,5.08267,8.092,99,79.6079,79.2157,0,15.7813,43.3447,14.25,14.25,14.25
38.471,0,0,0,0,1.10248,0.99997,1,2,1,1,0.820314,0,0.820314,0.956056,0,49.2188,44.3611,44.0834,49.4167,2749.25,1380,1147.85,965,1090.39,85.5,177.258,178.828,89.9063,104.32,391.366,39.75,7.516,5.14934,8.212,99,82.353,81.5687,0,12,43.3447,14.25,14.25,14.25
38.504,0,0,0,0,1.13098,0.99997,1,2,1,1,0.820314,0,0.820314,0.956056,0,45.7031,46.0556,45.9723,51.1389,2773.25,1390,1177.89,965,1108.91,88.6641,178.148,180,92.3203,105.984,400.507,39.75,7.8,5.33334,8.496,99,84.3138,83.5294,0,8.10938,43.3447,15,15,15
38.537,0,0,0,0,1.16461,0.99997,1,2,1,1,0.820314,0,0.820314,0.956056,0,47.2656,48.1945,47.3611,52.1112,2795,1380,1186.95,965,1135.31,90.75,178.734,181.547,90.8438,106.547,400.507,39.75,7.984,5.53334,8.68,99,84.3138,85.0981,0,5.32813,43.3447,13.5,13.5,13.5
38.571,0,0,0,0,1.16913,0.99997,1,2,1,1,0.820314,0,0.820314,0.954835,0,47.2656,48.7223,47.5834,53.4167,2805,1380,1198.67,965,1135.31,91.9219,178.734,181.547,95.5781,106.477,400.507,39,8.088,5.54934,8.784,99,86.2745,86.2745,0,3.53125,43.3447,14.25,14.25,14.25
38.604,0,0,0,0,1.20471,0.99997,1,2,1,1,0.820314,0,0.820314,0.954835,0,39.8438,50.6112,49.75,55.1112,2838.25,1380,1210.55,965,1161.72,94.2656,182.273,183.117,96.8906,106.688,400.507,39,8.284,5.69867,8.98,99,86.6667,86.2745,0,1.40625,43.3447,12,12,12
38.637,0,0,0,0,1.23096,0.99997,1,2,1,1,0.820314,0,0.820314,0.954835,0,41.0156,51.8334,50.8056,55.6667,2851.75,1380,1216.52,965,1182.85,95.5781,183.211,185.039,96.6797,107.508,400.507,39,8.384,5.78401,9.08,99,86.6667,85.0981,0,-0.203125,43.3447,16.5,16.5,16.5
38.671,0,0,0,0,1.25897,0.99997,1,2,1,1,0.820314,0,0.820314,0.953615,0,41.0156,52.3612,52.6389,57.25,2872,1360,1226.76,965,1206.64,96.6563,183.211,185.039,97.2188,106.781,400.507,39,8.44,5.79467,9.136,99,85.4902,83.5294,0,0.015625,42.9861,14.25,14.25,14.25
38.704,0,0,0,0,1.28955,0.99997,1,2,1,1,0.820314,0,0.820314,0.953615,0,32.8125,54.0556,54.6389,59.6389,2905.5,1360,1245.86,965,1230.43,98.9531,185.484,186.68,100.641,106.688,407.147,39,8.668,5.91201,9.364,99,83.5294,81.9608,0,-0.25,42.9861,12.75,12.75,12.75
38.737,0,0,0,0,1.31281,0.99997,1,2,1,1,0.820314,0,0.820314,0.954835,0,17.1875,55.8889,58.1389,60.5278,2922.5,1340,1259.41,965,1248.91,100.594,187.102,188.344,101.742,104.93,407.147,39,8.836,6.06667,9.532,99,81.9608,80,0,-0.375,42.626,14.25,14.25,14.25
38.771,0,0,0,0,1.32983,0.99997,1,2,1,1,0.820314,0,0.820314,0.954835,0,17.1875,56.4723,62.5556,63.0278,2942.25,1320,1273.55,965,1267.38,101.977,187.102,188.344,106.359,102.539,407.147,39,8.952,6.09067,9.744,99,79.2157,74.1177,0,-0.171875,41.9058,14.25,14.25,14.25
38.804,0,0,0,0,1.35907,0.99997,1,2,1,1,0.820314,0,0.820314,0.953615,0,1.17188,58.4445,62.7223,65.7778,2970.25,1310,1294.02,965,1304.38,104.133,188.297,189.914,108.656,101.203,407.147,39,9.22,6.25867,10.012,99,71.3726,67.0588,0,-0.53125,41.5472,12,12,12
38.837,0,0,0,0,1.37348,0.99997,1,2,1,1,0.820314,0,0.820314,0.953615,0,27.7344,60.25,65.2223,64.5834,2997.25,1290,1301.8,965,1322.85,105.305,190.148,192.141,105.211,100.008,407.147,39,9.284,6.36001,10.076,99,65.4902,61.1765,0,-0.734375,41.1871,11.25,11.25,11.25
38.871,0,0,0,0,1.3844,0.99997,1,2,1,1,0.820314,0,0.820314,0.952394,0,27.7344,60.7223,67.9445,65.5834,3011.5,1280,1308.05,965,1343.98,105.961,190.148,192.141,106.523,98.6719,407.147,38.25,9.324,6.37601,10.012,99,59.2157,55.6863,0,-0.25,40.827,14.25,14.25,14.25
38.904,0,0,0,0,1.38922,0.99997,1,2,1,1,0.820314,0,0.820314,0.952394,0,18.3594,61.5834,71.0001,65.1945,3056,1280,1304.73,965,1370.43,105.938,191.719,193.102,104.719,98.5313,415.839,38.25,9.2,6.34134,9.888,99,50.1961,49.4118,0,-0.8125,40.827,12,12,12
38.937,0,0,0,0,1.38696,0.99997,1,2,1,1,0.820314,0,0.820314,0.952394,0,11.7188,62.2223,70.6112,65.9445,3077,1270,1307.15,965,1386.25,106.125,192.117,193.359,105.703,98.4141,415.839,38.25,9.192,6.30401,9.88,99,45.8824,45.4902,0,-0.484375,40.827,13.5,13.5,13.5
38.971,0,0,0,0,1.38904,0.99997,1,2,1,1,0.820314,0,0.820314,0.952394,0,11.7188,62.4445,72.9723,65.0278,3103.25,1270,1301.45,965,1404.77,105.727,192.117,193.359,103.313,98.3203,415.839,37.5,9.124,6.27734,9.812,99,42.7451,42.353,0,-0.21875,40.827,12,12,12
39.004,0,0,0,0,1.37341,0.99997,1,2,1,1,0.820314,0,0.820314,0.951173,0,7.8125,62.9723,69.2501,65.1389,3134.25,1270,1299.3,965,1415.31,105.773,191.508,193.617,104.766,98.1563,415.839,37.5,9.08,6.20801,9.768,99,39.6079,39.6079,0,-0.625,40.827,13.5,13.5,13.5
39.037,0,0,0,0,1.36768,0.99997,1,2,1,1,0.820314,0,0.820314,0.951173,0,4.29688,63.0834,70.2778,63.5834,3150.5,1270,1288.48,965,1423.24,104.813,190.945,193.852,102.68,98.0625,415.839,37.5,8.66,6.21067,9.348,99,36.8628,32.1569,0,-0.625,40.827,16.5,16.5,16.5
39.071,0,0,0,0,1.36932,0.99997,1,2,1,1,0.820314,0,0.820314,0.951173,0,4.29688,62.6112,58.4167,60.4167,3177.5,1270,1262.23,965,1436.45,102.609,190.945,193.852,95.6719,97.9688,415.839,37.5,9.032,6.21067,9.728,99,30.1961,32.1569,0,-0.5625,40.827,13.5,13.5,13.5
39.104,0,0,0,0,1.36823,0.99997,1,2,1,1,0.820314,0,0.820314,0.949953,0,1.17188,60.8889,67.6389,59.3889,3197.25,1270,1224.45,965,1441.76,99.3047,191.344,194.156,94.9922,97.8516,422.05,37.5,8.392,5.80801,9.088,99,30.1961,32.1569,0,-0.828125,40.827,18.75,18.75,27
39.137,0,0,0,0,1.34528,0.99997,1,2,1,1,0.820314,0,0.820314,0.949953,0,1.17188,60.0278,66.4445,58.6112,3223.5,1270,1205.63,965,1433.83,97.6406,191.227,194.367,96.1172,97.7344,422.05,37.5,8.084,5.52001,8.78,99,30.1961,30.5882,0,-0.4375,40.827,19.5,19.5,27
39.171,0,0,0,0,1.33197,0.99997,1,2,1,1,0.820314,0,0.820314,0.949953,0,1.17188,60.0278,61.8334,57.6112,3243.5,1260,1193.87,965,1431.17,96.6328,191.227,194.367,94.0078,97.6172,422.05,36.75,8.048,5.52267,8.752,99,29.4118,30.1961,0,-0.359375,40.827,19.5,19.5,27
39.204,0,0,0,0,1.31708,0.99997,1,2,1,1,0.820314,0,0.820314,0.949953,0,1.17188,59.5556,61.1389,57.8056,3273.25,1260,1180.94,965,1423.24,95.3438,191.156,194.648,94.1719,97.5,422.05,36.75,7.952,5.38134,8.656,99,29.4118,30.1961,0,-0.671875,40.827,20.25,20.25,19.5
39.237,0,0,0,0,1.3056,0.99997,1,2,1,1,0.820314,0,0.820314,0.948488,0,1.17188,59.1945,62.3889,57.1667,3303.75,1270,1165.04,965,1415.31,93.8438,191.063,194.883,92.7656,97.4063,422.05,36.75,7.816,5.27201,8.52,99,29.4118,30.1961,0,-0.421875,40.827,20.25,20.25,19.5
39.271,0,0,0,0,1.29279,0.99997,1,2,1,1,0.820314,0,0.820314,0.949953,0,1.17188,59.3056,61.25,58.1389,3323.25,1260,1166.72,965,1407.38,93.9141,191.063,194.883,94.0078,97.2422,422.05,36,7.796,5.25867,8.5,99,29.8039,30.1961,0,-0.515625,40.827,21,21,19.5
39.304,0,0,0,0,1.2829,0.99997,1,2,1,1,0.820314,0,0.820314,0.948488,0,1.17188,59.6667,59.25,58.8612,3350,1270,1166.02,965,1399.49,93.5859,190.969,195.188,94.1719,97.1484,427.831,36,7.828,5.23201,8.532,99,29.8039,30.5882,0,-0.4375,40.827,21,21,19.5
39.337,0,0,0,0,1.2782,0.99997,1,2,1,1,0.820314,0,0.820314,0.948488,0,1.17188,60.0278,60.4445,59.1112,3377.5,1250,1165.55,965,1394.18,93.375,190.875,195.398,93.4922,95.7656,427.831,36,7.804,5.19734,8.508,99,30.5882,30.5882,0,-0.546875,40.4669,21.75,21.75,19.5
39.371,0,0,0,0,1.2738,0.99997,1,2,1,1,0.820314,0,0.820314,0.948488,0,1.17188,60.4167,59.1389,59.9167,3399.25,1230,1168.67,965,1388.91,93.5156,190.875,195.398,94.1016,93.8906,427.831,36,7.824,5.21867,8.512,99,30.5882,30.5882,0,-0.59375,40.1083,21.75,21.75,19.5
39.404,0,0,0,0,1.27368,0.99997,1,2,1,1,0.820314,0,0.820314,0.948488,0,1.17188,60.6667,60.3334,60.4167,3435.5,1220,1165.98,965,1386.29,93.0469,190.805,195.703,93.375,92.4844,427.831,36,7.8,5.19467,8.488,99,30.9804,30.9804,0,-0.328125,39.7482,21.75,21.75,27
39.437,0,0,0,0,1.27435,0.99997,1,2,1,1,0.820314,0,0.820314,0.947267,0,1.17188,61.3056,59.5278,62.25,3450.5,1200,1172.93,965,1386.25,93.4453,190.688,195.914,94.9219,91.1719,427.831,36,7.816,5.19467,8.504,99,30.9804,30.9804,0,-0.71875,39.3881,21.75,21.75,27
39.471,0,0,0,0,1.27863,0.99997,1,2,1,1,0.820314,0,0.820314,0.948488,0,1.17188,61.8056,59.1945,62.4723,3472,1200,1175.66,965,1386.25,93.5859,190.688,195.914,94.3594,91.1016,427.831,35.25,7.896,5.22401,8.592,99,30.5882,30.9804,0,-0.71875,39.3881,21.75,21.75,27
39.504,0,0,0,0,1.284,0.99997,1,2,1,1,0.820314,0,0.820314,0.947267,0,1.17188,62.2778,61.5278,63.3334,3496.75,1170,1176.48,965,1386.25,93.6797,192.281,196.125,95.0391,88.5234,433.671,35.25,7.852,5.23201,8.548,99,30.9804,30.9804,0,-0.15625,38.6694,21.75,21.75,27
39.537,0,0,0,0,1.2887,0.99997,1,2,1,1,0.820314,0,0.820314,0.947267,0,1.17188,62.8056,59.5278,63.3334,3525.25,1140,1176.84,965,1388.87,93.5156,191.766,196.383,93.5391,86.0859,433.671,35.25,7.88,5.18134,8.576,99,30.5882,30.1961,0,-0.828125,37.9491,22.5,22.5,27
39.571,0,0,0,0,1.29804,0.99997,1,2,1,1,0.820314,0,0.820314,0.947267,0,1.17188,62.9167,59.2778,62.1112,3544.75,1130,1168.36,965,1394.18,92.7188,191.766,196.383,90.4453,84.75,433.671,34.5,7.86,5.22934,8.548,99,29.4118,29.8039,0,-0.046875,37.589,23.25,23.25,27
39.604,0,0,0,0,1.30054,0.99997,1,2,1,1,0.820314,0,0.820314,0.947267,0,1.17188,62.5,62.7778,62.8334,3570.5,1090,1157.73,965,1394.18,91.7813,192.492,196.523,92.0859,82.125,433.671,34.5,7.672,5.13067,8.36,99,29.4118,28.2353,0,-0.78125,36.8703,24,24,27
39.637,0,0,0,0,1.30475,0.99997,1,2,1,1,0.820314,0,0.820314,0.946046,0,1.17188,62.6945,60.5556,62.0278,3594.75,1060,1150.59,965,1399.45,91.2422,192.516,196.688,89.4609,79.5234,433.671,34.5,7.636,5.04267,8.324,99,28.6275,27.451,0,-0.5,36.1501,24,24,27
39.671,0,0,0,0,1.31207,0.99997,1,2,1,1,0.820314,0,0.820314,0.946046,0,1.17188,62.5556,58.3334,61.5834,3614.25,1010,1138.95,965,1404.77,90.1641,192.516,196.688,87.75,75.7031,433.671,34.5,7.556,5.02134,8.252,99,27.451,26.6667,0,-0.1875,35.0713,24,24,27
39.704,0,0,0,0,1.32361,0.99997,1,2,1,1,0.820314,0,0.820314,0.946046,0,1.17188,61.2778,56.0834,59.7778,3634,970,1099.41,965,1415.31,86.8125,191.578,196.828,80.8125,71.8594,439.237,34.5,7.164,4.81601,7.86,99,25.4902,25.098,0,-0.890625,33.9925,24.75,24.75,27
39.737,0,0,0,0,1.3335,0.99997,1,2,1,1,0.820314,0,0.820314,0.946046,0,0,58.6389,55.1112,57.8334,3648.5,960,1061.48,965,1425.9,83.5547,191.836,196.945,79.1016,69.2813,439.237,34.5,6.872,4.54401,7.568,99,23.9216,23.5294,0,-0.515625,33.2738,25.5,25.5,27
39.771,0,0,0,0,1.34338,0.99997,1,2,1,1,0.820314,0,0.820314,0.944826,0,0,57.5834,53.9445,55.4167,3660.75,960,1032.93,965,1436.45,80.9531,191.836,196.945,77.1563,66.7266,439.237,34.5,6.576,4.33601,7.272,99,22.7451,21.9608,0,-0.984375,32.5536,26.25,26.25,27
39.804,0,0,0,0,1.35327,0.99997,1,2,1,1,0.820314,0,0.820314,0.944826,0,0,54.6945,49.75,51.5,3679,960,979.961,965,1447.03,75.7031,190.828,197.039,70.8047,56.7188,439.237,34.5,5.976,4.07201,6.672,99,20.7843,20,0,-0.515625,29.6757,27.75,27.75,27
39.837,0,0,0,0,1.35327,0.99997,1,2,1,1,0.820314,0,0.820314,0.944826,0,0,51.4445,44.5278,48.8889,3691.75,960,934.492,965,1447.03,71.7656,192.539,197.133,63.1406,45.0938,439.237,34.5,5.456,3.67734,6.152,99,19.2157,16.8628,0,-0.828125,26.0792,-6.75,-6.75,-9
39.871,0,0,0,0,1.3656,0.99997,1,2,1,1,0.820314,0,0.820314,0.944826,0,0,47.7778,36.5834,44.2223,3635.25,960,859.57,965,1460.23,65.3203,192.539,197.133,52.6875,32.4609,439.237,33.75,4.744,3.272,5.448,99,16.0784,13.3333,0,-0.421875,21.2222,-6.75,-6.75,-13.5
39.904,0,0,0,0,1.40021,0.99997,1,2,1,1,0.820314,0,0.820314,0.943605,0,0,39.9445,24.0278,37,3599.25,960,741.094,965,1497.23,55.125,190.383,196.875,34.9453,20.2734,436.307,33.75,3.492,2.456,4.196,99,10.1961,7.84314,0,-0.421875,14.5678,-6.75,-6.75,-18
39.937,0,0,0,0,1.43237,0.99997,1,2,1,1,0.820314,0,0.820314,0.941164,0,0,32.0834,17.8889,23.4167,3591.5,960,610.977,965,1531.56,44.1563,190.875,196.734,26.0625,14.25,436.307,33.75,2.6,1.768,3.304,99,7.45098,5.09804,0,-0.734375,10.251,-6.75,-6.75,-18
39.971,0,0,0,0,1.40265,0.99997,1,2,1,1,0.820314,0,0.820314,0.941164,0,0,25.8056,8.41667,0,3579,960,465.586,965,1499.84,32.0625,190.875,196.734,12.3047,14.25,436.307,33.75,1.708,1.29067,2.412,99,3.13726,3.92157,0,-0.234375,5.57411,-4.5,-4.5,-15
40.004,0,0,0,0,1.29877,0.99997,1,2,1,1,0.820314,0,0.820314,0.939943,0,0,17.1111,7.66667,4.02778,3532.25,960,363.633,965,1380.98,23.5781,190.711,196.664,11.3438,14.25,436.307,33.75,1.36,0.888001,2.064,99,3.13726,3.52941,0,-0.609375,0,0,0,-16.5
40.037,0,0,0,0,1.35327,0.99997,1,2,1,1,0.820314,0,0.820314,0.938722,0,0,13,7.02778,20.6389,3518,960,298.086,965,1447.03,18.1641,189.891,196.547,10.4531,14.25,436.307,33.75,1.12,0.706668,1.824,99,3.13726,3.92157,0,-0.453125,0,2.25,2.25,-12
40.071,0,0,0,0,1.33844,0.99997,1,2,1,1,0.820314,0,0.820314,0.939943,0,0,10.9167,7.52778,0,3470.5,960,270.234,965,1431.17,15.8672,189.891,196.547,11.3438,14.25,436.307,33.75,1.056,0.661334,1.744,99.75,3.52941,4.70588,0,-0.359375,0,3,3,-8.25
40.104,0,0,0,0,1.23541,0.99997,1,2,1,1,0.820314,0,0.820314,0.942384,0,0,9.58334,7.72223,30.3334,3417.5,960,244.492,965,1307.03,13.9219,189.773,196.078,11.8125,14.25,424.53,33.75,0.976,0.610667,1.664,99.75,3.92157,4.70588,0,-0.671875,0,4.5,4.5,-5.25
40.137,0,0,0,0,1.2865,0.99997,1,2,1,1,0.820314,0,0.820314,0.943605,0,0,8.77778,8.30556,16.8611,3390,960,238.867,965,1375.7,13.6172,189.961,195.68,12.8203,14.25,424.53,33.75,1.012,0.618667,1.7,99.75,4.31373,4.70588,0,-0.40625,0,4.5,4.5,-3.75
40.171,0,0,0,0,1.24701,0.99997,1,2,1,1,0.820314,0,0.820314,0.944826,0,0,8.66667,8.72223,0,3376.75,960,237.891,965,1333.44,13.5234,189.961,195.68,13.5234,14.25,424.53,33.75,1.024,0.624001,1.72,99,4.70588,4.70588,0,-0.640625,0,4.5,4.5,-3.75
40.204,0,0,0,0,1.19519,0.99997,1,2,1,1,0.820314,0,0.820314,0.943605,0,0,8.6389,8.1389,29.0834,3357,960,234.219,965,1277.97,13.2891,190.969,195.375,12.6797,14.25,424.53,33.75,1,0.608001,1.696,99,4.31373,4.70588,0,-0.203125,0,4.5,4.5,-3.75
40.237,0,0,0,0,1.25446,0.99997,1,2,1,1,0.820314,0,0.820314,0.943605,0,0,8.47223,8.91667,2.72222,3331,960,235.117,965,1341.37,13.4531,191.016,195.258,14.0156,14.25,424.53,33.75,1.056,0.637334,1.752,99,4.70588,5.09804,0,-0.625,0,4.5,4.5,-3.75
40.271,0,0,0,0,1.1803,0.99997,1,2,1,1,0.820314,0,0.820314,0.941164,0,0,8.58334,8.83334,8.16667,3319.5,960,238.008,965,1262.11,13.6875,191.016,195.258,13.9219,14.25,424.53,34.5,1.06,0.653334,1.756,99,4.70588,5.09804,0,-0.625,0,4.5,4.5,-3.75
40.304,0,0,0,0,1.19757,0.99997,1,2,1,1,0.820314,0,0.820314,0.938722,0,0,8.58334,8.58334,22,3300.25,960,237.031,965,1280.59,13.6406,190.641,195.094,13.6172,14.25,426.014,34.5,1.064,0.640001,1.76,99,4.70588,4.70588,0,-0.421875,0,4.5,4.5,-3.75
40.337,0,0,0,0,1.20996,0.99997,1,2,1,1,0.820314,0,0.820314,0.938722,0,0,8.6389,9.00001,0,3276,960,239.063,965,1293.83,13.875,191.18,194.906,14.3672,14.25,426.014,34.5,1.1,0.672001,1.796,99,4.70588,5.09804,0,-0.421875,0,4.5,4.5,-4.5
40.371,0,0,0,0,1.13336,0.99997,1,2,1,1,0.820314,0,0.820314,0.937501,0,0,8.6389,8.61112,18.2778,3254.5,960,239.258,965,1211.91,13.875,191.18,194.906,13.8516,14.25,426.014,34.5,1.088,0.672001,1.776,99.75,5.09804,4.70588,0,-0.78125,0,4.5,4.5,-4.5
40.404,0,0,0,0,1.18524,0.99997,1,2,1,1,0.820314,0,0.820314,0.936525,0,0,8.58334,8.6389,12.7778,3228.75,960,238.125,965,1267.38,13.8984,190.758,194.625,13.9922,14.25,426.014,34.5,1.108,0.669334,1.796,99.75,4.70588,5.09804,0,-0.328125,0,4.5,4.5,-3.75
40.437,0,0,0,0,1.16553,0.99997,1,2,1,1,0.820314,0,0.820314,0.937501,0,0,8.6389,8.80556,0,3213,960,239.844,965,1246.25,14.1328,190.898,194.414,14.3438,14.25,426.014,34.5,1.128,0.688001,1.816,99.75,5.09804,5.09804,0,-0.765625,0,4.5,4.5,-3.75
40.471,0,0,0,0,1.11853,0.99997,1,2,1,1,0.820314,0,0.820314,0.937501,0,0,8.58334,8.22223,25.2222,3183.5,960,238.516,965,1196.05,14.0156,190.898,194.414,13.5234,14.25,426.014,34.5,1.1,0.677334,1.788,99,4.70588,4.70588,0,-0.15625,0,4.5,4.5,-3.75
40.504,0,0,0,0,1.16553,0.99997,1,2,1,1,0.820314,0,0.820314,0.938722,0,0,8.47223,8.55556,0,3151.5,960,238.32,965,1246.25,14.0859,190.945,194.18,14.2031,14.25,427.479,34.5,1.136,0.688001,1.824,99,4.70588,5.09804,0,-0.671875,0,4.5,4.5,-3
40.537,0,0,0,0,1.09387,0.99997,1,2,1,1,0.820314,0,0.820314,0.938722,0,0,8.47223,8.44445,15.3889,3120.75,960,238.359,965,1169.65,14.2266,191.039,193.875,14.1563,14.25,427.479,34.5,1.128,0.693334,1.816,99,5.09804,4.70588,0,-0.765625,0,4.5,4.5,-3
40.571,0,0,0,0,1.13092,0.99997,1,2,1,1,0.820314,0,0.820314,0.938722,0,0,8.36112,8.3889,17.1667,3091.75,960,237.266,965,1209.3,14.1328,191.039,193.875,14.2031,14.25,427.479,34.5,1.136,0.682668,1.824,99,4.70588,4.70588,0,-0.765625,0,4.5,4.5,-3
40.604,0,0,0,0,1.11853,0.99997,1,2,1,1,0.820314,0,0.820314,0.93091,0,0,8.36112,8.50001,0,3056,960,238.477,965,1196.05,14.3672,191.156,193.523,14.5547,14.25,427.479,34.5,1.16,0.709334,1.848,99,5.09804,5.09804,0,-0.78125,0,4.5,4.5,-3
40.638,0,0,0,0,1.0716,0.99997,1,2,1,1,0.820314,0,0.820314,0.926515,0,0,8.19445,7.94445,23.1389,3019,960,236.875,965,1145.9,14.4141,191.25,193.125,13.7578,14.25,427.479,34.5,1.144,0.698668,1.832,99,4.70588,4.70588,0,-0.53125,0,4.5,4.5,-3
40.671,0,0,0,0,1.12598,0.99997,1,2,1,1,0.820314,0,0.820314,0.935304,0,0,8.1389,8.19445,10.3611,2985,960,236.016,965,1203.98,14.3438,191.25,193.125,14.3672,14.25,427.479,35.25,1.164,0.701334,1.868,99.75,4.70588,4.70588,0,-0.234375,0,3.75,3.75,-3
40.704,0,0,0,0,1.0766,0.99997,1,2,1,1,0.820314,0,0.820314,0.957277,0,0,8.1389,7.91667,3.61111,2944.75,960,235.781,965,1151.17,14.4141,191.039,191.719,14.0625,14.25,428.827,35.25,1.148,0.709334,1.852,99.75,4.70588,4.70588,0,-0.75,0,3.75,3.75,-3
40.738,0,0,0,0,1.09638,0.99997,1,2,1,1,0.820314,0,0.820314,0.966066,0,0,7.94445,7.80556,18.0833,2912.75,960,233.906,965,1172.3,14.25,190.688,189.328,14.0156,14.25,428.827,35.25,1.14,0.693334,1.844,99.75,4.70588,4.70588,0,-0.609375,0,3.75,3.75,-3
40.771,0,0,0,0,1.11359,0.99997,1,2,1,1,0.820314,0,0.820314,0.972414,0,0,7.83334,7.97223,0,2879.75,960,234.141,965,1190.78,14.2734,190.688,189.328,14.4844,14.25,428.827,35.25,1.156,0.704001,1.844,99,4.70588,4.70588,0,-0.3125,0,3.75,3.75,-2.25
40.804,0,0,0,0,1.05682,0.99997,1,3,1,1,0.820314,0,0.820314,0.981203,0,0,7.83334,7.72223,21.75,2838.75,960,234.766,965,1130.04,14.3438,188.883,186.164,14.2266,14.25,428.827,35.25,1.144,0.709334,1.832,99,4.70588,4.70588,0,-0.5,0,3.75,3.75,-2.25
40.838,0,0,0,0,1.10126,0.99997,1,3,1,1,0.820314,0,0.820314,0.987306,0,0,7.66667,7.77778,11.5,2818.75,960,234.648,965,1177.58,14.3203,185.32,183.984,14.4375,14.25,428.827,35.25,1.148,0.706668,1.836,99,4.70588,4.70588,0,-0.28125,0,3.75,3.75,-2.25
40.871,0,0,0,0,1.0766,0.99997,1,3,1,1,0.820314,0,0.820314,0.995607,0,0,7.61112,7.63889,0,2787.75,960,235.273,965,1151.17,14.3672,185.32,183.984,14.3438,14.25,428.827,36,1.148,0.714668,1.852,99.75,4.70588,4.70588,0,-0.625,0,3.75,3.75,-2.25
40.904,0,0,0,0,1.0741,0.99997,1,3,1,1,0.820314,0,0.820314,1.01001,0,0,7.50001,7.50001,15.1389,2744.75,960,233.867,965,1148.52,14.2266,183.094,181.266,14.2969,14.25,429.96,36,1.144,0.698668,1.848,99.75,4.31373,4.31373,0,-0.8125,0,3.75,3.75,-2.25
40.938,0,0,0,0,1.07904,0.99997,1,3,1,1,0.820314,0,0.820314,1.03198,0,0,7.38889,7.33334,0,2714.5,960,234.102,965,1153.79,14.25,180.586,179.133,14.1328,14.25,429.96,36,1.14,0.706668,1.844,99.75,4.31373,4.31373,0,-0.640625,0,3.75,3.75,-2.25
40.971,0,0,0,0,1.03211,0.99997,1,3,1,1,0.820314,0,0.820314,1.05225,0,0,7.30556,7.05556,10.1667,2692.75,960,232.5,965,1103.63,14.1328,180.586,179.133,13.7109,14.25,429.96,36,1.12,0.696001,1.808,99.75,4.31373,4.31373,0,-0.421875,0,3.75,3.75,-1.5
41.004,0,0,0,0,1.10004,0.99997,1,3,1,1,0.820314,0,0.820314,1.08057,0,0,7.13889,7.50001,6.36112,2648,960,233.516,965,1148.52,14.1797,178.219,176.273,14.8125,14.25,429.96,36,1.156,0.704001,1.844,99.75,4.31373,4.31373,0,-0.8125,0,3.75,3.75,-16.5
41.038,0,0,0,0,1.04639,0.99997,1,3,1,1,0.820314,0,1.04688,1.10498,0,0,7.13889,7.11112,0,2626,960,234.961,965,1108.91,14.2969,175.617,174.164,14.25,14.25,429.96,36,0.9,0.560001,1.588,99.75,4.31373,4.31373,0,-0.859375,0,3.75,3.75,49.5
41.071,0,0,0,0,1.03839,0.99997,1,3,1,1,0.820314,0,1.04688,1.11743,0,0,7.02778,6.88889,17.8333,2585,960,273.438,965,1103.63,17.2969,175.617,174.164,40.3594,14.25,429.96,36,1.712,0.549334,2.392,99,4.31373,4.31373,0,-0.15625,0,3.75,3.75,49.5
41.104,0,0,0,0,1.05896,0.99997,1,3,1,1,0.820314,0,1.04688,1.13745,0,0,8.19445,7.25001,0,2542.25,960,243.711,965,1114.18,14.9531,173.039,170.578,0,14.25,431.249,36,0.828,0.530667,1.508,99,4.31373,4.31373,0,-0.625,2.51774,2.25,2.25,48.75
41.138,0,0,0,0,0.999085,0.99997,1,3,1,1,0.820314,0,0.820314,1.16455,0,0,6.97223,6.61112,17.0556,2500,960,281.055,965,1085.12,17.8359,169.805,167.648,42.7969,14.25,431.249,36,3.028,1.88267,3.708,99,4.31373,4.31373,0,-0.84375,4.31525,12,12,12
41.171,0,0,0,0,1.05634,0.99997,1,3,1,1,0.820314,0,0.820314,1.18091,0,0,9.36112,6.91667,10.4722,2471.25,960,307.266,965,1127.38,19.875,169.805,167.648,19.5234,14.25,431.249,36.75,1.912,1.568,2.608,99.75,4.31373,4.31373,0,-0.546875,5.03547,1.5,1.5,1.5
41.204,0,0,0,0,0.987244,0.99997,1,3,1,1,0.820314,0,0.820314,1.2002,0,0,7.55556,6.47223,10.5833,2460.25,960,265.625,965,1085.12,16.7109,167.813,164.32,28.8516,14.25,431.249,36.75,1.924,0.650667,2.62,99.75,4.31373,4.31373,0,-0.3125,6.11428,14.25,14.25,14.25
41.238,0,0,0,0,1.00909,0.99997,1,3,1,1,0.820314,0,0.820314,1.21411,0,0,9.58334,6.27778,13.1389,2464.75,960,313.828,965,1106.25,20.4375,164.297,164.906,26.8125,14.25,431.249,36.75,1.956,1.26933,2.652,99.75,3.92157,3.92157,0,-0.84375,6.83451,3,3,3
41.271,0,0,0,0,1.02399,0.99997,1,3,1,1,0.820314,0,0.820314,1.22119,0,0,9.16667,6.36112,0.166667,2438.75,960,249.766,965,1108.91,15.4688,164.297,164.906,0.492188,14.25,431.249,36.75,0.848,0.906668,1.544,99.75,3.92157,4.31373,0,-0.625,7.55321,9.75,9.75,9.75
41.304,0,0,0,0,0.983338,0.99997,1,3,1,1,0.820314,0,0.820314,1.22461,0,0,8.52778,6.22223,15.9167,2434,960,314.531,965,1085.08,20.5781,165.281,163.242,37.3359,14.25,432.382,36.75,2.068,1.37334,2.764,99.75,3.92157,4.31373,0,-0.25,7.91332,7.5,7.5,7.5
41.338,0,0,0,0,1.02271,0.99997,1,3,1,1,0.820314,0,0.820314,1.25611,0,0,8.72223,6.52778,4.88889,2406.5,960,294.648,965,1108.91,19.0547,163.195,162.234,7.54688,14.25,432.382,36.75,1.168,0.754668,1.864,99.75,3.92157,4.31373,0,-0.53125,8.63202,3.75,3.75,3.75
41.371,0,0,0,0,0.964051,0.99997,1,3,1,1,0.820314,0,0.820314,1.41748,0,0,7.83334,6.25,8.58334,2395.25,960,267.813,965,1077.19,16.9688,163.195,162.234,24.0938,14.8594,432.382,37.5,1.56,0.586667,2.248,99.75,4.31373,4.31373,0,-0.671875,9.35224,23.25,23.25,23.25
41.404,0,0,0,0,0.995484,0.99997,1,3,1,1,0.820314,0,0.820314,1.11011,0,0,9.16667,6.47223,7.47223,2389.25,960,298.398,965,1100.94,19.3359,161.789,160.641,14.1094,17.0156,432.382,37.5,1.332,1.06933,2.02,99.75,4.31373,4.31373,0,-0.25,10.7912,12.75,12.75,12.75
41.438,0,0,0,0,0.970521,0.99997,1,3,1,1,0.820314,0,0.820314,0.977296,0,0,7.44445,6.80556,3.19445,2361.25,960,263.516,965,1079.88,16.6641,160.547,158.883,7.54688,18.0234,432.382,37.5,1.08,0.680001,1.768,99.75,4.70588,5.09804,0,-0.765625,11.5099,28.5,28.5,28.5
41.471,0,0,0,0,0.956666,0.99997,1,3,1,1,0.820314,0,0.820314,0.934328,0,0,7.77778,7.36112,11.9722,2344.5,960,309.609,965,1085.12,20.25,160.547,158.883,27.2813,18.7969,432.382,37.5,1.788,0.952001,2.468,99.75,5.09804,5.09804,0,-0.921875,11.87,23.25,23.25,23.25
41.504,0,0,0,0,0.974549,0.99997,1,3,1,1,0.820314,0,0.820314,0.929933,0,0,8.94445,8.50001,7.33334,2324.5,960,296.523,965,1087.77,19.2656,158.719,157.57,16.875,19.9922,433.456,37.5,1.448,0.906668,2.128,99.75,5.4902,5.4902,0,-0.484375,12.5887,36,36,36.75
41.538,0,0,0,0,0.966675,0.99997,1,3,1,1,0.820314,0,0.820314,0.929933,0,0,9.16667,8.50001,11.6111,2314.75,960,316.68,965,1079.84,20.8594,157.383,156.07,28.0078,19.8281,433.456,37.5,1.912,1.21333,2.592,99.75,5.4902,5.4902,0,-0.484375,12.5887,29.25,29.25,29.25
41.571,0,0,0,0,0.976929,0.99997,1,3,1,1,0.820314,0,0.820314,0.929933,0,0,9.30556,8.58334,10.1945,2301,960,324.688,965,1082.5,21.4922,157.383,156.07,23.3203,20.6719,433.456,37.5,1.764,1.152,2.452,99,5.4902,5.4902,0,-0.515625,12.9488,21.75,21.75,21.75
41.604,0,0,0,0,0.979127,0.99997,1,3,1,1,0.820314,0,0.820314,0.928712,0,0,9.58334,8.61112,10.1389,2277.5,960,333.828,965,1077.19,22.2891,156.188,154.453,24.3047,20.7656,433.456,37.5,1.86,1.17867,2.548,99,5.88235,5.88235,0,-0.71875,12.9488,16.5,16.5,16.5
41.638,0,0,0,0,0.98523,0.99997,1,3,1,1,0.820314,0,0.820314,0.929933,0,0,9.86112,8.86112,10.0833,2252.25,960,344.18,965,1077.19,23.1328,154.102,153.117,24.2813,20.7656,433.456,37.5,1.896,1.24,2.584,99,5.88235,5.88235,0,-0.515625,12.9488,12.75,12.75,12.75
41.671,0,0,0,0,0.987977,0.99997,1,3,1,1,0.820314,0,0.820314,0.929933,0,0,9.91667,8.8889,10.5833,2229.75,960,350.43,965,1074.57,23.6016,154.102,153.117,25.9453,21.6328,433.456,38.25,1.976,1.24267,2.656,99.75,5.88235,5.88235,0,-0.046875,13.3089,15,15,15
41.704,0,0,0,0,0.992676,0.99997,1,3,1,1,0.820314,0,0.820314,0.929933,0,0,10,9.05556,10.3611,2192.25,960,356.797,965,1071.91,24.1641,152.742,150.727,25.8516,21.75,434.081,38.25,2,1.26933,2.68,99.75,5.88235,5.88235,0,-0.78125,13.3089,12.75,12.75,12.75
41.738,0,0,0,0,0.997376,0.99997,1,3,1,1,0.820314,0,0.820314,0.929933,0,0,10.1111,9.11112,10.6667,2163.25,960,361.641,965,1071.91,24.6094,150.305,147.75,26.4609,21.8906,434.081,38.25,2.04,1.32,2.72,99.75,5.88235,5.88235,0,-0.90625,13.3089,11.25,11.25,11.25
41.771,0,0,0,0,0.999635,0.99997,1,3,1,1,0.820314,0,0.820314,0.928712,0,0,10.1111,9.1389,10.4722,2131.25,960,366.68,965,1069.26,25.0078,150.305,147.75,26.5781,22.1719,434.081,38.25,2.068,1.32,2.756,99.75,5.88235,5.88235,0,-0.71875,13.3089,9.75,9.75,9.75
41.804,0,0,0,0,1.00415,0.99997,1,3,1,1,0.82422,0,0.820314,0.928712,0,0,10.2222,9.08334,10.3889,2076.75,960,376.055,965,1066.64,25.8047,147.234,144.141,27.0703,23.0625,434.081,38.25,2.124,1.368,2.812,99.75,5.88235,5.88235,0,-0.234375,13.669,9.75,9.75,9.75
41.838,0,0,0,0,1.00903,0.99997,1,3,1,1,0.82715,0,0.820314,0.928712,0,0,10.1667,9.1389,10.5556,2037.75,960,380.508,965,1066.64,26.25,143.555,140.813,27.6563,23.0859,434.081,38.25,2.176,1.40534,2.864,99.75,5.88235,5.88235,0,-0.4375,13.669,7.5,7.5,7.5
41.871,0,0,0,0,1.01074,0.99997,1,3,1,1,0.82715,0,0.82715,0.927736,0,0,10.0556,9.19445,10.4445,1994,970,384.18,970,1063.98,26.5547,143.555,140.813,28.3594,23.5313,434.081,39,2.192,1.384,2.88,99.75,5.88235,5.88235,0,-0.859375,13.669,7.5,7.5,7.5
41.904,0,0,0,0,1.01489,0.99997,1,3,1,1,0.846925,0,0.82715,0.926515,0,0,10.1111,9.19445,10.6111,1946.75,970,391.836,970,1061.37,27.2109,140.039,137.203,28.9688,24.2344,434.471,39,2.248,1.46667,2.936,99.75,5.88235,5.88235,0,-0.609375,13.669,6.75,6.75,6.75
41.938,0,0,0,0,1.01721,0.99997,1,4,1,1,0.861574,0,0.82715,0.926515,0,0,9.86112,9.19445,10.1389,1895.75,970,397.422,970,1058.71,27.3984,135.094,133.078,28.7109,24.6328,434.471,39,2.232,1.43734,2.92,99.75,5.88235,5.4902,0,-0.3125,13.669,7.5,7.5,7.5
41.971,0,0,0,0,1.02118,0.99997,1.00925,4,1,1,0.861574,0,0.861574,0.925539,0,0,9.86112,9.16667,10.4445,1838.75,970,405.703,970,1058.71,28.0313,135.094,133.078,30.6328,25.1484,434.471,39,2.264,1.48,2.96,99.75,5.88235,5.4902,0,-0.265625,13.669,8.25,8.25,8.25
42.004,0,0,0,0,1.02448,0.99997,1.01788,4,1,1,0.886476,0,0.861574,0.925539,0,0,9.52779,8.94445,9.94445,1749.5,970,415.703,970,1056.05,28.4297,130.266,127.078,30.7734,26.0859,434.471,39,2.32,1.44267,3.016,99.75,5.4902,5.4902,0,-0.65625,14.0276,10.5,10.5,10.5
42.038,0,0,0,0,1.02826,0.99997,1.02246,4,1,1,0.905031,0,0.861574,0.924318,0,0,9.30556,8.97223,10.0556,1718,970,420.156,970,1056.05,28.5703,125.133,123.867,31.4297,26.4844,434.471,39,2.364,1.50134,3.06,99.75,5.4902,5.4902,0,-0.71875,14.0276,11.25,11.25,11.25
42.071,0,0,0,0,1.02972,0.99997,1.02649,4,1,1,0.905031,0,0.905031,0.924318,0,0,9.27779,8.94445,10.1945,1653.75,970,431.563,970,1053.44,29.4375,125.133,123.867,33.3281,26.9531,434.471,39,2.396,1.53334,3.076,99.75,5.4902,5.4902,0,-0.453125,14.0276,12,12,12
42.104,0,0,0,0,1.03296,0.99997,1.03699,4,1,1,0.928957,0,0.905031,0.923341,0,0,9.11112,9.11112,9.94445,1593,970,443.984,970,1050.78,30,121.406,119.32,33.3047,27.9141,434.921,39,2.428,1.53067,3.108,99.75,5.4902,5.09804,0,-0.09375,14.0276,11.25,11.25,11.25
42.138,0,0,0,0,1.0368,0.99997,1.04596,4,1,1,0.946535,0,0.905031,0.923341,0,0,9.22223,8.52778,9.77779,1605.75,970,453.398,970,1050.78,30.5156,117.516,116.297,32.7188,28.7344,434.921,39,2.468,1.59467,3.148,99.75,5.09804,5.09804,0,-0.21875,14.7478,12.75,12.75,12.75
42.171,0,0,0,0,1.04175,0.99997,1.05408,4,1,1,0.946535,0,0.946535,0.922121,0,0,9.30556,8.69445,9.69445,1623.25,970,455.469,970,1050.78,30.6563,117.516,116.297,31.9219,28.2188,434.921,39,2.356,1.55467,3.036,99.75,5.4902,5.09804,0,-0.453125,14.7478,11.25,11.25,11.25
42.204,0,0,0,0,1.04395,0.99997,1.05389,4,1,1,0.959962,0,0.946535,0.922121,0,0,9.6389,8.72223,9.72223,1634.75,970,458.711,970,1048.13,31.0313,115.922,118.383,32.1328,27.2344,434.921,39,2.388,1.504,3.068,99.75,5.4902,5.09804,0,-0.5,14.7478,9,9,9
42.238,0,0,0,0,1.04504,0.99997,1.06244,4,1,1,0.969972,0,0.946535,0.921144,0,0,9.58334,8.6389,9.52779,1622.75,970,460.313,970,1045.51,31.1484,117.445,118.266,31.9219,27.1875,434.921,39,2.4,1.512,3.08,99.75,5.4902,5.09804,0,-0.375,14.7478,8.25,8.25,8.25
42.271,0,0,0,0,1.04901,0.99997,1.06845,4,1,1,0.969972,0,0.969972,0.922121,0,0,9.58334,8.52778,9.72223,1607.75,970,464.219,970,1045.51,31.4297,117.445,118.266,32.3672,27.5156,434.921,39.75,2.384,1.53867,3.064,99.75,5.09804,5.09804,0,-0.171875,14.7478,9,9,9
42.304,0,0,0,0,1.05451,0.99997,1.05872,4,1,1,0.977541,0,0.969972,0.921144,0,0,9.58334,8.55556,9.25001,1616.25,970,462.5,970,1045.51,31.2188,117.047,117.117,30.375,27.8438,435.409,39.75,2.292,1.456,2.972,99.75,5.09804,5.09804,0,0.03125,14.7478,9.75,9.75,9.75
42.338,0,0,0,0,1.05743,0.99997,1.06213,4,1,1,0.983156,0,0.969972,0.921144,0,0,9.58334,8.41667,9.33334,1622.75,970,461.328,970,1045.51,31.125,116.531,117.82,30.4453,27.5156,435.409,39.75,2.304,1.45067,2.984,99.75,5.09804,5.09804,0,-0.421875,14.7478,9.75,9.75,9.75
42.371,0,0,0,0,1.05823,0.99997,1.06122,4,1,1,0.983156,0,0.983156,0.919923,0,0,9.6389,8.41667,9.3889,1624.25,970,460.313,970,1042.85,31.1016,116.531,117.82,31.0781,28.1953,435.409,39.75,2.288,1.45334,2.976,99.75,5.09804,5.09804,0,-0.65625,15.1079,10.5,10.5,10.5
42.404,0,0,0,0,1.06311,0.99997,1.0462,4,1,1,1,0,0.983156,0.919923,0,0,9.52779,8.47223,9.19445,1612.5,970,458.477,970,1042.85,30.9844,117.023,117.891,30.3047,28.3125,435.409,39.75,2.232,1.40534,2.92,99.75,5.09804,5.09804,0,-0.390625,15.1079,12,12,12
42.438,0,0,0,0,1.0661,0.99997,1.04468,4,1,1,1,0,0.983156,0.919923,0,0,9.41667,8.47223,9.16667,1607.75,970,456.758,970,1042.85,30.7969,116.859,117.117,30.1406,28.4766,435.409,39.75,2.2,1.384,2.888,99.75,5.09804,5.09804,0,-0.25,15.1079,12.75,12.75,12.75
42.471,0,0,0,0,1.06616,0.99997,1.04044,4,1,1,1,0,1,0.919923,0,0,9.41667,8.47223,9.41667,1607.25,970,457.773,970,1040.23,30.8672,116.859,117.117,31.5,28.6406,435.409,39.75,2.212,1.38934,2.892,99.75,5.09804,5.09804,0,0.015625,15.1079,13.5,13.5,13.5
42.504,0,0,0,0,1.07001,0.99997,1.02728,4,1,1,1,0,1,0.919923,0,0,9.41667,8.52778,9.19445,1617.75,970,454.492,970,1040.23,30.5625,116.133,117.281,30.1172,28.4297,435.936,39.75,2.104,1.32267,2.784,99.75,5.09804,5.09804,0,-0.296875,15.1079,15,15,15
42.538,0,0,0,0,1.06982,0.99997,1.0231,4,1,1,1,0,1,0.919923,0,0,9.41667,8.50001,9.50001,1615.75,970,455.195,970,1037.58,30.6328,116.625,117.586,31.0547,28.3125,435.936,39.75,2.152,1.352,2.832,99.75,5.09804,5.09804,0,-0.65625,15.1079,18,18,18
42.571,0,0,0,0,1.07324,0.99997,1.01291,4,1,1,1,0,1,0.921144,0,0,9.36112,8.55556,9.16667,1607.25,970,455.156,970,1037.58,30.6328,116.625,117.586,30.5156,28.3359,435.936,39.75,2.1,1.33867,2.788,99.75,5.09804,5.09804,0,-0.609375,15.1079,30,30,33.75
42.604,0,0,0,0,1.07715,0.99997,1.00839,4,1,1,1,0,1,0.922121,0,0,9.36112,8.58334,9.36112,1603,970,456.836,970,1037.58,30.7266,116.695,117.094,30.9609,28.6172,435.936,39.75,2.108,1.33867,2.796,99.75,5.09804,5.09804,0,-0.296875,15.1079,30,30,33.75
42.638,0,0,0,0,1.07709,0.99997,1.00409,4,1,1,1,0,1,0.923341,0,0,9.30556,8.58334,9.27779,1609,970,455.82,970,1034.92,30.6328,116.344,117.023,31.0313,28.5703,435.936,39.75,2.08,1.28,2.768,99.75,5.09804,5.09804,0,0.015625,15.1079,30,30,33.75
42.671,0,0,0,0,1.07977,0.99997,0.992463,4,1,1,1,0,1,0.924318,0,0,9.36112,8.61112,9.25001,1610,970,455.938,970,1034.92,30.6563,116.344,117.023,30.7266,28.4766,435.936,39.75,2.068,1.31467,2.756,99.75,5.09804,5.09804,0,-0.140625,15.1079,30,30,33.75
42.704,0,0,0,0,1.08051,0.99997,0.995118,4,1,1,1,0,1,0.941164,0,0,9.36112,8.61112,9.30556,1605.5,970,456.641,970,1032.3,30.7266,116.414,117.258,31.3359,28.4766,436.444,39.75,2.08,1.312,2.768,99.75,5.09804,5.09804,0,-0.46875,15.1079,30,30,33.75
42.738,0,0,0,0,1.08356,0.99997,0.993745,4,1,1,1,0,1,0.952394,0,0,9.30556,8.6389,9.1389,1598.75,970,456.602,970,1032.3,30.6797,116.438,116.813,30.5156,28.5703,436.444,39.75,2.1,1.32267,2.788,99.75,5.09804,5.09804,0,-0.609375,15.1079,30,30,33.75
42.771,0,0,0,0,1.08612,0.99997,0.990876,4,1,1,1,0,1,0.961183,0,0,9.30556,8.66667,9.41667,1602.75,970,457.695,970,1032.3,30.75,116.438,116.813,31.125,28.6406,436.444,39.75,2.128,1.336,2.808,99.75,5.09804,5.09804,0,-0.5,15.1079,30,30,33.75
42.804,0,0,0,0,1.08948,0.99997,0.987397,4,1,1,1,0,1,0.968507,0,0,9.36112,8.69445,9.27779,1607.5,970,456.25,970,1032.3,30.6563,116.18,116.883,30.4219,28.5234,436.444,39.75,2.072,1.30133,2.752,99.75,5.09804,5.09804,0,-0.109375,15.1079,30,30,33.75
42.838,0,0,0,0,1.08875,0.99997,0.985596,4,1,1,1,0,1,0.972414,0,0,9.36112,8.66667,9.16667,1606,970,456.25,970,1029.65,30.6797,116.297,117.094,30.6563,28.4297,436.444,39.75,2.084,1.312,2.764,99.75,5.09804,5.09804,0,-0.171875,15.1079,30,30,33.75
42.871,0,0,0,0,1.09107,0.99997,0.98642,4,1,1,1,0,1,0.978517,0,0,9.30556,8.69445,9.27779,1596.75,970,456.641,970,1029.65,30.7031,116.297,117.094,30.8906,28.5,436.444,39.75,2.088,1.312,2.776,99.75,5.09804,5.09804,0,-0.21875,15.1079,29.25,29.25,33.75
42.904,0,0,0,0,1.09119,0.99997,0.98639,4,1,1,1,0,1,0.983644,0,0,9.27779,8.72223,9.22223,1593.25,970,455.898,970,1026.99,30.6328,116.32,116.578,30.5859,28.6875,436.835,39.75,2.076,1.29333,2.764,99.75,5.09804,5.09804,0,-0.65625,15.1079,30,30,33.75
42.938,0,0,0,0,1.09631,0.99997,0.986787,4,1,1,1,0,1,0.987306,0,0,9.30556,8.75001,9.30556,1600.25,970,457.109,970,1029.65,30.7031,115.969,116.648,30.4688,28.6172,436.835,39.75,2.08,1.33333,2.768,99.75,5.09804,5.09804,0,-0.53125,15.1079,30,30,33.75
42.971,0,0,0,0,1.09576,0.99997,0.990296,4,1,1,1,0,1,0.994142,0,0,9.30556,8.72223,9.00001,1602.25,970,456.094,970,1026.99,30.6328,115.969,116.648,30.0234,28.5234,436.835,40.5,2.052,1.30133,2.732,99.75,5.09804,5.09804,0,-0.375,15.1079,30,30,33.75
43.004,0,0,0,0,1.09784,0.99997,0.991303,4,1,1,1,0,1,0.997072,0,0,9.30556,8.72223,9.33334,1596.25,970,456.133,970,1026.99,30.6328,116.039,116.719,30.9844,28.5469,436.835,40.5,2.088,1.31733,2.768,99.75,5.09804,5.09804,0,-0.171875,15.1079,30,30,33.75
43.038,0,0,0,0,1.09784,0.99997,0.993073,4,1,1,1,0,1,1,0,0,9.30556,8.72223,9.33334,1589.25,970,457.773,970,1024.38,30.7734,116.109,116.367,31.5703,28.6172,436.835,40.5,2.024,1.26933,2.704,99.75,5.09804,5.09804,0,-0.109375,15.1079,30,30,33.75
43.071,0,0,0,0,1.10034,0.99997,0.995332,4,1,1,1,0,1,1.00366,0,0,9.30556,8.66667,9.1389,1590.75,970,457.656,970,1024.38,30.75,116.109,116.367,30.7031,28.6875,436.835,40.5,2.004,1.256,2.692,99.75,5.09804,5.09804,0,-0.5,15.1079,30,30,33.75
43.104,0,0,0,0,1.10321,0.99997,0.997834,4,1,1,1,0,1,1.00611,0,0,9.30556,8.58334,9.00001,1597,970,454.844,970,1024.38,30.5391,115.781,116.414,29.8125,28.5938,437.206,40.5,1.948,1.232,2.636,99.75,5.09804,5.09804,0,-0.578125,15.1079,30,30,33.75
43.138,0,0,0,0,1.10492,0.99997,1.00012,4,1,1,1,0,1,1.00855,0,0,9.27779,8.61112,9.16667,1593,970,454.531,970,1024.38,30.5156,115.828,116.602,30.3516,28.5703,437.206,40.5,1.968,1.248,2.656,99.75,5.09804,5.09804,0,-0.453125,15.1079,30,30,33.75
43.171,0,0,0,0,1.10407,0.99997,1.00201,4,1,1,1,0,1,1.00855,0,0,9.22223,8.61112,9.02778,1584.25,970,454.57,970,1021.72,30.5156,115.828,116.602,30.5859,28.6406,437.206,40.5,1.988,1.256,2.668,99.75,5.09804,5.09804,0,0.125,15.1079,30,30,33.75
43.204,0,0,0,0,1.10938,0.99997,1.00607,4,1,1,1,0,1,1.01148,0,0,9.11112,8.6389,9.08334,1586.75,970,452.617,970,1024.38,30.3047,115.688,115.992,29.9531,28.7813,437.206,40.5,1.948,1.232,2.628,99.75,5.09804,5.09804,0,-0.046875,15.1079,30,30,33.75
43.238,0,0,0,0,1.10791,0.99997,1.0087,4,1,1,1,0,1,1.01319,0,0,9.16667,8.61112,9.1389,1593.25,970,452.305,970,1021.72,30.2813,115.453,116.344,30.4922,28.5938,437.206,40.5,1.984,1.23733,2.664,99.75,5.09804,5.09804,0,-0.265625,15.1079,30,30,33.75
43.271,0,0,0,0,1.107,0.99997,1.00934,4,1,1,1,0,1,1.01489,0,0,9.16667,8.61112,8.8889,1592.25,970,451.25,970,1019.1,30.2109,115.453,116.344,29.5781,28.5469,437.206,40.5,1.956,1.25867,2.644,99.75,5.09804,5.09804,0,-0.390625,15.1079,30,30,33.75
43.304,0,0,0,0,1.10944,0.99997,1.01202,4,1,1,1,0,1,1.01831,0,0,9.11112,8.61112,8.91667,1582.25,970,451.68,970,1019.1,30.2344,115.758,116.367,30.1875,28.6875,437.577,40.5,1.976,1.25867,2.664,99.75,5.09804,4.70588,0,-0.1875,15.1079,30,30,33.75
43.338,0,0,0,0,1.11096,0.99997,1.01599,4,1,1,1,0,1,1.0249,0,0,9.05556,8.61112,8.75001,1578.75,970,449.961,970,1019.1,30.1172,115.734,115.688,29.4141,28.8516,437.577,40.5,2.056,1.30133,2.744,99.75,5.09804,4.70588,0,0.046875,15.1079,30,30,33.75
43.371,0,0,0,0,1.112,0.99997,1.01837,4,1,1,1,0,1,1.03003,0,0,9.05556,8.52778,9.05556,1584.5,970,450.117,970,1019.1,30.1172,115.734,115.688,30.2344,28.7578,437.577,40.5,2.104,1.32267,2.792,99.75,4.70588,4.70588,0,-0.078125,15.1079,30,30,33.75
43.404,0,0,0,0,1.1117,0.99997,1.02127,4,1,1,1,0,1,1.03589,0,0,9.11112,8.55556,8.8889,1589.75,970,449.336,970,1016.45,30.0703,115.195,116.156,29.4609,28.5938,437.577,40.5,2.084,1.30667,2.82,99.75,4.70588,4.70588,0,-0.359375,15.1079,30,30,33.75
43.438,0,0,0,0,1.11658,0.99997,1.02365,4,1,1,1,0,1,1.04004,0,0,9.05556,8.58334,8.8889,1581.75,970,449.219,970,1019.1,30.0469,115.57,116.109,29.4141,28.6641,437.577,40.5,2.092,1.30933,2.78,99.75,4.70588,4.70588,0,-0.546875,15.1079,30,30,33.75
43.471,0,0,0,0,1.11774,0.99997,1.02405,4,1,1,1,0,1,1.04004,0,0,9.00001,8.58334,8.91667,1573.75,970,448.633,970,1019.1,30.0234,115.57,116.109,29.6719,28.7813,437.577,41.25,2.096,1.31733,2.784,99.75,4.70588,4.70588,0,-0.46875,15.1079,30,30,33.75
43.504,0,0,0,0,1.11676,0.99997,1.02777,4,1,1,1,0,1,1.04395,0,0,9.00001,8.52778,9.00001,1580,970,449.492,970,1016.45,30.0703,115.523,115.5,30.2813,28.8516,437.948,41.25,2.132,1.33867,2.82,99.75,4.70588,4.70588,0,-0.234375,15.1079,30,30,33.75
43.538,0,0,0,0,1.11884,0.99997,1.03037,4,1,1,1,0,1,1.0459,0,0,9.00001,8.58334,8.80556,1581.5,970,448.633,970,1016.45,30.0234,114.984,115.852,29.5078,28.7578,437.948,41.25,2.1,1.31467,2.788,99.75,4.70588,4.70588,0,0.078125,15.1079,30,30,33.75
43.571,0,0,0,0,1.12012,0.99997,1.03299,4,1,1,1,0,1,1.0459,0,0,9.00001,8.55556,8.94445,1578.75,970,448.203,970,1016.45,29.9766,114.984,115.852,29.8828,28.7109,437.948,41.25,2.124,1.32533,2.804,99.75,4.70588,4.70588,0,-0.03125,15.1079,30,30,33.75
43.604,0,0,0,0,1.11914,0.99997,1.03449,4,1,1,1,0,1,1.04004,0,0,8.94445,8.55556,8.97223,1571.25,970,447.891,970,1013.79,29.9531,115.313,115.734,30.0234,28.8047,437.948,41.25,2.124,1.32533,2.804,99.75,4.70588,4.70588,0,-0.5,15.1079,30,30,33.75
43.638,0,0,0,0,1.12097,0.99997,1.03754,4,1,1,1,0,1,1.04004,0,0,9.00001,8.52778,8.80556,1574.5,970,449.023,970,1013.79,30.0469,115.195,115.383,29.8125,28.875,437.948,41.25,2.032,1.36,2.712,99.75,4.70588,4.70588,0,-0.5,15.1079,30,30,33.75
43.671,0,0,0,0,1.12286,0.99997,1.0383,4,1,1,1,0,1,1.03589,0,0,9.00001,8.55556,9.02778,1575.25,970,449.57,970,1013.79,30.0938,115.195,115.383,30.4219,28.8281,437.948,41.25,2.04,1.272,2.728,99.75,4.70588,4.70588,0,-0.34375,15.1079,30,30,33.75
43.704,0,0,0,0,1.12482,0.99997,1.03973,4,1,1,1,0,1,1.02832,0,0,9.00001,8.58334,8.91667,1576.75,970,448.359,970,1013.79,30,114.867,115.664,29.8594,28.7578,438.3,41.25,2.012,1.264,2.7,99.75,4.70588,4.70588,0,0.046875,15.1079,30,30,33.75
43.738,0,0,0,0,1.12616,0.99997,1.04346,4,1,1,1,0,1,1.02832,0,0,8.8889,8.55556,8.69445,1567.5,970,446.758,970,1013.79,29.8828,115.125,115.43,29.2031,28.7578,438.3,41.25,2.004,1.264,2.692,99.75,4.70588,4.70588,0,0.078125,15.1079,30,30,33.75
43.771,0,0,0,0,1.12701,0.99997,1.04416,4,1,1,1,0,1,1.0249,0,0,8.8889,8.55556,9.02778,1564,970,447.422,970,1013.79,29.9297,115.125,115.43,30.3281,28.9688,438.3,41.25,2.04,1.288,2.728,99.75,4.70588,4.70588,0,-0.296875,15.1079,30,30,33.75
43.804,0,0,0,0,1.1261,0.99997,1.04593,4,1,1,1,0,1,1.02149,0,0,8.94445,8.55556,8.83334,1569.75,970,447.695,970,1011.17,29.9531,114.891,115.195,30.1406,28.875,438.3,41.25,2.04,1.28533,2.728,99.75,4.70588,4.70588,0,-0.65625,15.1079,30,30,33.75
43.838,0,0,0,0,1.12756,0.99997,1.04633,4,1,1,1,0,1,1.01831,0,0,8.94445,8.58334,8.86112,1573.5,970,446.523,970,1011.17,29.8594,114.703,115.43,29.2969,28.7578,438.3,41.25,2.012,1.26933,2.7,99.75,4.70588,4.70588,0,-0.453125,15.1079,30,30,33.75
43.871,0,0,0,0,1.12848,0.99997,1.04697,4,1,1,1,0,1,1.01831,0,0,8.8889,8.50001,8.83334,1565.5,970,446.523,970,1011.17,29.8594,114.703,115.43,29.8828,28.7813,438.3,41.25,2.036,1.28,2.716,99.75,4.70588,4.70588,0,-0.3125,15.1079,30,30,33.75
43.904,0,0,0,0,1.13031,0.99997,1.04746,4,1,1,1,0,1,1.01831,0,0,8.83334,8.58334,8.83334,1558.75,970,446.875,970,1011.17,29.8828,114.891,115.102,29.8828,28.9922,438.632,41.25,2.036,1.28533,2.716,99.75,4.70588,4.70588,0,-0.015625,15.1079,30,30,33.75
43.938,0,0,0,0,1.13147,0.99997,1.04743,4,1,1,1,0,1,1.0166,0,0,8.8889,8.50001,8.86112,1562.5,970,446.836,970,1011.17,29.8828,114.586,114.773,29.8594,28.9922,438.632,41.25,2.04,1.28267,2.72,99.75,4.70588,4.70588,0,-0.25,15.1079,30,30,33.75
43.971,0,0,0,0,1.13013,0.99997,1.04703,4,1,1,1,0,1,1.0166,0,0,8.94445,8.50001,8.86112,1568.25,970,448.555,970,1008.52,30,114.586,114.773,30.2813,28.9219,438.632,41.25,2.168,1.36267,2.856,99.75,4.70588,4.70588,0,0.25,15.1079,30,30,33.75
44.004,0,0,0,0,1.13202,0.99997,1.04761,4,1,1,1,0,1,1.0166,0,0,8.83334,8.52778,8.91667,1564.75,970,446.875,970,1008.52,29.8125,114.047,115.219,30.3984,28.8047,438.632,41.25,2.152,1.30933,2.84,99.75,4.70588,4.70588,0,5.32813,15.1079,30,30,34.5
44.038,0,0,0,0,1.13684,0.99997,1.04782,4,1,1,1,0,1,1.01831,0,0,8.8889,8.52778,8.94445,1560.75,970,447.813,970,1011.17,29.8828,114.656,114.867,30.4453,28.8281,438.632,41.25,2.16,1.352,2.848,99.75,4.70588,4.70588,0,10.1563,15.1079,30,30,34.5
44.071,0,0,0,0,1.13477,0.99997,1.04688,4,1,1,1,0,1,1.0166,0,0,8.72223,8.55556,8.91667,1556,970,447.031,970,1008.52,29.625,114.656,114.867,29.8125,28.9219,438.632,42,2.128,1.31733,2.808,99.75,4.70588,4.70588,0,14.0156,15.1079,31.5,31.5,36.75
44.104,0,0,0,0,1.13648,0.99997,1.04623,4,1,1,1,0,1,1.0166,0,0,8.47223,8.52778,8.83334,1562,970,449.727,970,1008.52,28.7813,114.117,114.656,29.9531,28.9688,438.964,42,2.076,1.28267,2.756,99.75,4.70588,4.70588,0,16.8125,15.1079,33.75,33.75,38.25
44.138,0,0,0,0,1.13776,0.99997,1.04517,4,1,1,1,0,1,1.01489,0,0,8.58334,8.52778,8.91667,1560.25,970,453.008,970,1008.52,27.6094,113.063,114.984,30.1172,28.8516,438.964,42,1.972,1.304,2.652,99.75,4.70588,4.70588,0,18.1875,15.1079,34.5,34.5,39.75
44.171,0,0,0,0,1.13916,0.99997,1.04562,4,1,1,1,0,1,1.01319,0,0,8.19445,8.52778,8.8889,1555.25,970,456.719,970,1008.52,27.8906,113.063,114.984,30.0938,29.0859,438.964,42,2.016,1.24,2.696,99.75,4.70588,4.70588,0,19.8438,15.1079,34.5,34.5,40.5
44.204,0,0,0,0,1.13788,0.99997,1.04553,4,1,1,1,0,1,1.00855,0,0,8.30556,8.55556,8.61112,1550.25,970,461.445,970,1005.86,27.6094,113.086,114.422,29.1797,29.0156,438.964,42,1.972,1.24,2.652,99.75,4.70588,4.70588,0,21.125,15.1079,36,36,33.75
44.238,0,0,0,0,1.13843,0.99997,1.04517,4,1,1,1,0,1,1.00611,0,0,8.1389,8.52778,8.8889,1557,970,468.594,970,1005.86,27.4688,113.297,114.516,30.4219,28.9922,438.964,42,1.9,1.19733,2.58,99.75,4.70588,4.70588,0,21.0469,15.1079,35.25,35.25,34.5
44.271,0,0,0,0,1.14288,0.99997,1.04376,4,1,1,1,0,1,1.00171,0,0,8.19445,8.47223,8.83334,1559.5,970,472.461,970,1008.48,27.75,113.297,114.516,30.0703,28.875,438.964,42,1.912,1.216,2.608,99.75,4.70588,4.70588,0,21.4219,15.1079,35.25,35.25,34.5
44.304,0,0,0,0,1.14118,0.99997,1.04303,4,1,1,1,0,1,0.995607,0,0,8.30556,8.50001,8.80556,1554,970,477.93,970,1005.86,28.125,113.391,114.797,30.0469,28.9922,439.217,42,1.936,1.22933,2.632,99.75,4.70588,4.70588,0,21.2188,15.1079,36,36,34.5
44.338,0,0,0,0,1.14221,0.99997,1.04141,4,1,1,1,0,1,0.989992,0,0,8.36112,8.50001,8.91667,1544.75,970,483.359,970,1005.86,28.5234,114.305,114.258,30.4453,29.1797,439.217,42,1.964,1.24533,2.66,99.75,4.70588,4.70588,0,20.9844,15.1079,36,36,34.5
44.371,0,0,0,0,1.1438,0.99997,1.04184,4,1,1,1,0,1,0.987306,0,0,8.41667,8.44445,8.61112,1550.25,970,486.563,970,1005.86,28.7578,114.305,114.258,29.2266,29.2266,439.217,42,1.956,1.248,2.636,99.75,4.70588,4.70588,0,21.1094,15.1079,36,36,33.75
44.404,0,0,0,0,1.14508,0.99997,1.0408,4,1,1,1,0,1,0.984865,0,0,8.58334,8.44445,8.77778,1556.75,970,488.008,970,1005.86,29.0625,114.633,114.375,29.625,29.2031,439.217,42,1.98,1.24533,2.66,99.75,4.70588,4.70588,0,20.9688,15.1079,35.25,35.25,33
44.438,0,0,0,0,1.14624,0.99997,1.04178,4,1,1,1,0,1,0.986085,0,0,8.6389,8.3889,8.80556,1553.5,970,489.023,970,1005.86,29.1563,113.906,114.68,29.7422,29.1094,439.217,42,1.992,1.25867,2.672,99.75,4.70588,4.70588,0,21.4531,15.1079,35.25,35.25,40.5
44.471,0,0,0,0,1.14453,0.99997,1.04022,4,1,1,1,0,1,0.987306,0,0,8.58334,8.33334,8.72223,1541.25,970,491.094,970,1003.24,29.2969,113.906,114.68,30.2813,29.2266,439.217,42,2.012,1.25333,2.692,99.75,4.70588,4.70588,0,21.4375,15.1079,36,36,41.25
44.504,0,0,0,0,1.14661,0.99997,1.03882,4,1,1,1,0,1,0.989992,0,0,8.58334,8.47223,8.6389,1541,970,492.734,970,1003.24,29.4141,114.211,113.93,29.7188,29.2734,439.55,42,2.012,1.26933,2.692,99.75,4.70588,4.70588,0,21.1563,15.1079,35.25,35.25,40.5
44.538,0,0,0,0,1.14764,0.99997,1.03909,4,1,1,1,0,1,0.994142,0,0,8.6389,8.47223,8.58334,1546.5,970,492.656,970,1003.24,29.4141,113.484,114.188,29.3672,29.2266,439.55,42,2.008,1.264,2.688,99.75,4.70588,4.70588,0,20.8906,15.1079,35.25,35.25,40.5
44.571,0,0,0,0,1.14826,0.99997,1.03925,4,1,1,1,0,1,0.997072,0,0,8.6389,8.47223,8.61112,1550.5,970,491.914,970,1003.24,29.3672,113.484,114.188,29.2734,29.2969,439.55,42,2.108,1.31733,2.788,99.75,4.70588,4.70588,0,20.8438,15.1079,34.5,34.5,33.75
44.604,0,0,0,0,1.14941,0.99997,1.03925,4,1,1,1,0,1,1.00171,0,0,8.6389,8.47223,8.77778,1540.5,970,493.906,970,1003.24,29.4375,113.484,114.375,29.9531,29.1797,439.55,42,2.136,1.33333,2.816,99.75,4.70588,4.70588,0,21.3281,15.1079,35.25,35.25,33
44.638,0,0,0,0,1.15057,0.99997,1.03934,4,1,1,1,0,1,1.00366,0,0,8.6389,8.50001,8.75001,1535.75,970,494.609,970,1003.24,29.4844,113.93,113.672,29.5313,29.3906,439.55,42,2.124,1.33333,2.804,99.75,4.70588,4.70588,0,21.25,15.1079,35.25,35.25,33.75
44.671,0,0,0,0,1.15125,0.99997,1.03925,4,1,1,1,0,1,1.00488,0,0,8.6389,8.44445,8.75001,1540,970,495.078,970,1003.24,29.5313,113.93,113.672,29.7891,29.3438,439.55,42,2.132,1.32533,2.812,99.75,4.70588,4.70588,0,21.3906,15.1079,35.25,35.25,33.75
44.704,0,0,0,0,1.15265,0.99997,1.03879,4,1,1,1,0,1,1.00611,0,0,8.66667,8.50001,8.75001,1544.75,970,495.781,970,1003.24,29.5781,113.273,113.883,29.6719,29.3438,439.862,42,2.128,1.33333,2.808,99.75,4.70588,4.70588,0,20.8594,15.1079,35.25,35.25,33
44.738,0,0,0,0,1.15357,0.99997,1.03806,4,1,1,1,0,1,1.00488,0,0,8.66667,8.52778,8.77778,1536.75,970,496.602,970,1003.24,29.6484,113.461,114.023,29.9297,29.2266,439.862,42,2.14,1.33333,2.82,99.75,4.70588,4.70588,0,20.7656,15.1079,35.25,35.25,32.25
44.771,0,0,0,0,1.15131,0.99997,1.03915,4,1,1,1,0,1,1.00488,0,0,8.66667,8.61112,8.75001,1533.25,970,496.953,970,1000.59,29.6719,113.461,114.023,29.9063,29.2734,439.862,42.75,2.136,1.336,2.824,99.75,4.70588,4.70588,0,21.0156,15.1079,35.25,35.25,39.75
44.804,0,0,0,0,1.15222,0.99997,1.03906,4,1,1,1,0,1,1.00366,0,0,8.6389,8.55556,8.80556,1532.5,970,498.828,970,1000.59,29.8125,113.602,113.391,30.5625,29.3672,439.862,42.75,2.16,1.34134,2.848,99.75,4.70588,4.70588,0,21.4531,15.1079,34.5,34.5,39.75
44.838,0,0,0,0,1.15357,0.99997,1.03961,4,1,1,1,0,1,1.00171,0,0,8.72223,8.58334,8.75001,1540.5,970,500.352,970,1000.59,29.9063,112.969,113.789,30.0234,29.2734,439.862,42.75,2.048,1.352,2.736,99.75,4.70588,4.70588,0,21.5625,15.1079,35.25,35.25,40.5
44.871,0,0,0,0,1.1546,0.99997,1.03891,4,1,1,1,0,1,0.998537,0,0,8.72223,8.58334,8.86112,1541.25,970,500.977,970,1000.59,29.9531,112.969,113.789,30.3281,29.1797,439.862,42.75,2.056,1.28533,2.744,99.75,4.70588,4.70588,0,20.9844,15.1079,35.25,35.25,40.5
44.904,0,0,0,0,1.15588,0.99997,1.03867,4,1,1,1,0,1,0.994142,0,0,8.72223,8.52778,8.66667,1531.75,970,500.781,970,1000.59,29.9531,113.391,113.719,29.7656,29.25,440.175,42.75,2.036,1.28,2.724,99.75,4.70588,4.70588,0,20.9219,15.1079,34.5,34.5,39.75
44.938,0,0,0,0,1.15649,0.99997,1.03864,4,1,1,1,0,1,0.992677,0,0,8.66667,8.61112,8.77778,1524.75,970,500.859,970,1000.59,29.9531,113.32,113.203,30.2109,29.4375,440.175,42.75,2.044,1.28533,2.732,99.75,4.70588,4.70588,0,21.0469,15.1079,34.5,34.5,39.75
44.971,0,0,0,0,1.15711,0.99997,1.03873,4,1,1,1,0,1,0.991212,0,0,8.72223,8.55556,8.94445,1528.5,970,501.953,970,1000.59,30.0469,113.32,113.203,30.7031,29.4141,440.175,42.75,2.064,1.296,2.76,99.75,4.70588,4.70588,0,21.125,15.1079,34.5,34.5,39.75
45.004,0,0,0,0,1.15845,0.99997,1.03867,4,1,1,1,0,1,0.988527,0,0,8.72223,8.50001,8.55556,1535.75,970,500.234,970,1000.59,29.9063,112.805,113.625,29.2031,29.2266,440.175,42.75,2.012,1.26667,2.708,99.75,4.70588,4.70588,0,21.375,15.1079,34.5,34.5,39.75
45.038,0,0,0,0,1.15991,0.99997,1.03925,4,1,1,1,0,1,0.988527,0,0,8.66667,8.50001,8.66667,1530,970,499.414,970,1000.59,29.8594,113.25,113.648,29.6719,29.1563,440.175,42.75,2.02,1.272,2.716,99.75,4.70588,4.70588,0,21.3125,15.1079,34.5,34.5,40.5
45.071,0,0,0,0,1.16058,0.99997,1.03836,4,1,1,1,0,1,0.987306,0,0,8.6389,8.44445,8.66667,1524.75,970,499.297,970,1000.59,29.8359,113.25,113.648,29.7891,29.4844,440.175,42.75,2.024,1.27467,2.704,99.75,4.70588,4.70588,0,21.3281,15.1079,35.25,35.25,40.5
45.104,0,0,0,0,1.16156,0.99997,1.03699,4,1,1,1,0,1,0.988527,0,0,8.6389,8.44445,8.50001,1527.25,970,498.594,970,1000.59,29.7891,113.273,112.922,29.1563,29.6719,440.467,42.75,1.996,1.28,2.676,99.75,4.70588,4.70588,0,20.8906,15.1079,35.25,35.25,33
45.138,0,0,0,0,1.16211,0.99997,1.03745,4,1,1,1,0,1,0.991212,0,0,8.6389,8.47223,8.50001,1530,970,497.5,970,1000.59,29.7188,112.57,113.273,29.0859,29.5078,440.467,42.75,1.996,1.25867,2.676,99.75,4.70588,4.70588,0,21.3125,15.1079,35.25,35.25,33
45.171,0,0,0,0,1.16235,0.99997,1.03632,4,1,1,1,0,1,0.992677,0,0,8.6389,8.47223,8.55556,1527.25,970,496.641,970,1000.59,29.6484,112.57,113.273,29.3438,29.4609,440.467,42.75,2.112,1.32533,2.792,99.75,4.70588,4.70588,0,21.1094,15.1079,35.25,35.25,32.25
45.204,0,0,0,0,1.16296,0.99997,1.03659,4,1,1,1,0,1,0.995607,0,0,8.58334,8.47223,8.61112,1517.5,970,496.914,970,1000.59,29.6719,112.898,113.273,29.7188,29.3438,440.467,42.75,2.136,1.33067,2.816,99.75,4.70588,4.70588,0,21.3438,15.1079,34.5,34.5,39.75
45.238,0,0,0,0,1.16052,0.99997,1.03461,4,1,1,1,0,1,0.995607,0,0,8.52778,8.47223,8.58334,1516.75,970,496.836,970,997.969,29.6484,112.922,112.805,29.625,29.7422,440.467,42.75,2.116,1.328,2.796,99.75,4.70588,4.70588,0,21.2031,15.1079,33.75,33.75,39.75
45.271,0,0,0,0,1.16126,0.99997,1.03491,4,1,1,1,0,1,0.998537,0,0,8.6389,8.41667,8.6389,1525,970,499.414,970,997.969,29.8594,112.922,112.805,30.2344,29.625,440.467,42.75,2.148,1.34934,2.836,99.75,4.70588,4.70588,0,20.9531,15.1079,35.25,35.25,33
45.304,0,0,0,0,1.1626,0.99997,1.03354,4,1,1,1,0,1,1,0,0,8.6389,8.47223,8.3889,1524.5,970,497.578,970,997.969,29.7188,112.453,113.156,29.3203,29.4844,440.8,42.75,2.112,1.32,2.8,99.75,4.70588,4.70588,0,21.0313,15.1079,34.5,34.5,32.25
45.338,0,0,0,0,1.16272,0.99997,1.03342,4,1,1,1,0,1,1.00171,0,0,8.58334,8.44445,8.55556,1520.5,970,497.813,970,997.969,29.7422,112.805,113.133,29.8828,29.3438,440.8,42.75,2.124,1.328,2.812,99.75,4.70588,4.70588,0,20.9531,15.1079,34.5,34.5,32.25
45.371,0,0,0,0,1.16339,0.99997,1.03336,4,1,1,1,0,1,1.00171,0,0,8.58334,8.44445,8.75001,1511.75,970,499.336,970,997.969,29.8359,112.805,113.133,30.5859,29.5547,440.8,42.75,2.152,1.33333,2.84,99.75,4.70588,4.70588,0,21.3438,15.1079,33.75,33.75,39.75
45.404,0,0,0,0,1.16443,0.99997,1.03442,4,1,1,1,0,1,1.00366,0,0,8.58334,8.44445,8.69445,1517.75,970,499.609,970,997.969,29.7891,112.547,112.523,30.2109,29.9063,440.8,42.75,2.132,1.32533,2.82,99.75,4.70588,4.70588,0,21.375,15.1079,33.75,33.75,32.25
45.438,0,0,0,0,1.16516,0.99997,1.03449,4,1,1,1,0,1,1.00366,0,0,8.6389,8.44445,8.52778,1521,970,499.219,970,997.969,29.7656,112.195,112.828,29.5313,29.5547,440.8,42.75,2.116,1.328,2.804,99.75,4.70588,4.70588,0,21.0156,15.1079,33.75,33.75,32.25
45.471,0,0,0,0,1.16571,0.99997,1.03308,4,1,1,1,0,1,1,0,0,8.6389,8.44445,8.61112,1520,970,499.531,970,997.969,29.7891,112.195,112.828,29.7891,29.4844,440.8,42.75,2.012,1.272,2.7,99.75,4.70588,4.70588,0,21.0938,15.1079,35.25,35.25,32.25
45.504,0,0,0,0,1.16657,0.99997,1.03388,4,1,1,1,0,1,0.997072,0,0,8.58334,8.47223,8.52778,1509,970,499.336,970,997.969,29.7656,112.5,112.922,29.7422,29.6953,441.073,42.75,2,1.26933,2.688,99.75,4.70588,4.70588,0,20.8906,15.1079,33.75,33.75,33
45.538,0,0,0,0,1.16687,0.99997,1.03363,4,1,1,1,0,1,0.994142,0,0,8.52778,8.47223,8.47223,1506,970,499.023,970,997.969,29.7422,112.617,112.266,29.5781,30.0703,441.073,42.75,1.996,1.264,2.684,99.75,4.70588,4.70588,0,21.3906,15.1079,33.75,33.75,33
45.571,0,0,0,0,1.16712,0.99997,1.035,4,1,1,1,0,1,0.992677,0,0,8.58334,8.47223,8.66667,1513.75,970,500.195,970,997.969,29.8359,112.617,112.266,30.0938,29.9766,441.073,42.75,2.016,1.27733,2.696,99.75,4.70588,4.70588,0,21.2813,15.1079,34.5,34.5,32.25
45.604,0,0,0,0,1.16809,0.99997,1.03522,4,1,1,1,0,1,0.991212,0,0,8.6389,8.47223,8.66667,1514.75,970,500.82,970,997.969,29.8828,111.961,112.617,30.0703,29.7656,441.073,42.75,2.02,1.27733,2.7,99.75,4.70588,4.70588,0,21.25,15.1079,34.5,34.5,33
45.638,0,0,0,0,1.1687,0.99997,1.03574,4,1,1,1,0,1,0.989992,0,0,8.58334,8.47223,8.58334,1512.75,970,500.664,970,997.969,29.8828,112.313,112.57,29.7891,29.6953,441.073,42.75,2.012,1.272,2.692,99.75,4.70588,4.70588,0,20.9063,15.1079,34.5,34.5,33
45.671,0,0,0,0,1.16889,0.99997,1.03497,4,1,1,1,0,1,0.989992,0,0,8.52778,8.47223,8.61112,1504.75,970,500.039,970,997.969,29.8359,112.313,112.57,30.0469,30.6328,441.073,42.75,2.012,1.25867,2.7,99.75,4.70588,4.70588,0,20.875,15.4665,34.5,34.5,33
45.704,0,0,0,0,1.16931,0.99997,1.03403,4,1,1,1,0,1,0.991212,0,0,8.58334,8.47223,8.6389,1507.25,970,501.094,970,997.969,29.9063,112.289,112.195,30.0938,31.4063,441.346,42.75,2.02,1.28,2.708,99.75,4.70588,4.70588,0,21.2344,15.8266,33.75,33.75,33
45.738,0,0,0,0,1.16998,0.99997,1.03497,4,1,1,1,0,1,0.994142,0,0,8.58334,8.50001,8.55556,1510,970,500.859,970,997.969,29.8828,111.914,112.453,29.7656,31.875,441.346,42.75,2.02,1.27733,2.708,99.75,4.70588,4.70588,0,21.2031,16.1867,33.75,33.75,33
45.771,0,0,0,0,1.17017,0.99997,1.03458,4,1,1,1,0,1,0.995607,0,0,8.58334,8.52778,8.80556,1509.5,970,501.758,970,997.969,29.9531,111.914,112.453,30.6328,32.5078,441.346,42.75,2.164,1.34134,2.852,99.75,4.70588,4.70588,0,21.4844,16.5469,34.5,34.5,33
45.804,0,0,0,0,1.17072,0.99997,1.03464,4,1,1,1,0,1,1,0,0,8.58334,8.69445,8.50001,1500.5,970,500.898,970,997.969,29.8828,112.172,112.43,29.7422,33.3047,441.346,42.75,2.136,1.34134,2.824,99.75,4.70588,5.09804,0,21.3594,16.9054,33.75,33.75,32.25
45.838,0,0,0,0,1.16712,0.99997,1.03439,4,1,1,1,0,1,1.00171,0,0,8.58334,8.80556,8.83334,1499.25,970,503.359,970,995.313,30.0703,112.148,111.938,31.5469,34.1719,441.346,42.75,2.196,1.37867,2.884,99.75,4.70588,5.09804,0,21.0781,17.2656,33.75,33.75,32.25
45.871,0,0,0,0,1.17084,0.99997,1.03464,4,1,1,1,0,1,1.00488,0,0,8.6389,9.16667,9.00001,1504.75,970,506.836,970,997.969,30.3281,112.148,111.938,31.1719,34.125,441.346,42.75,2.188,1.38134,2.876,99.75,5.09804,5.09804,0,21,17.2656,33.75,33.75,33
45.904,0,0,0,0,1.16742,0.99997,1.034,4,1,1,1,0,1,1.00733,0,0,8.72223,9.19445,8.97223,1507,970,511.211,970,995.313,30.6563,111.68,112.195,31.5938,34.5938,441.62,42.75,2.228,1.40267,2.916,99.75,5.09804,5.09804,0,20.9219,17.6257,33.75,33.75,33
45.938,0,0,0,0,1.16724,0.99997,1.03381,4,1,1,1,0,1,1.00855,0,0,8.77778,9.83334,9.11112,1504.25,970,513.32,970,995.313,30.7969,111.914,112.172,32.0625,34.5,441.62,42.75,2.22,1.39467,2.908,99.75,5.4902,5.09804,0,21.5781,17.6257,33.75,33.75,32.25
45.971,0,0,0,0,1.16571,0.99997,1.03464,4,1,1,1,0,1,1.00855,0,0,8.8889,9.72223,9.72223,1495.5,970,522.5,970,995.313,31.4766,111.914,112.172,34.2891,35.2969,441.62,43.5,2.352,1.44267,3.032,99.75,5.4902,5.4902,0,21.4375,17.9858,34.5,34.5,31.5
46.004,0,0,0,0,1.16535,0.99997,1.03546,4,1,1,1,0,1,1.00855,0,0,9.00001,9.77779,9.58334,1497.75,970,528.398,970,995.313,31.9219,111.867,111.797,33.6797,36.8672,441.62,43.5,2.352,1.46134,3.032,99.75,5.4902,5.4902,0,21.1406,18.7045,34.5,34.5,31.5
46.038,0,0,0,0,1.16596,0.99997,1.03598,4,1,1,1,0,1,1.00733,0,0,9.16667,9.80556,9.75001,1501.75,970,531.797,970,995.313,32.1797,111.492,112.055,34.1719,37.0547,441.62,43.5,2.388,1.504,3.068,99.75,5.4902,5.4902,0,20.7969,19.0646,34.5,34.5,39
46.071,0,0,0,0,1.16559,0.99997,1.03644,4,1,1,1,0,1,1.00611,0,0,9.27779,10.25,9.77779,1501.5,970,537.344,970,995.313,32.5781,111.492,112.055,34.2422,37.6406,441.62,43.5,2.296,1.43467,2.984,99.75,5.4902,5.88235,0,20.9063,19.4247,33.75,33.75,39
46.104,0,0,0,0,1.164,0.99997,1.03699,4,1,1,1,0,1,1.00366,0,0,9.36112,10.5,10.1389,1497.5,970,544.883,970,995.313,33.1406,111.75,112.055,35.5547,40.1953,441.971,43.5,2.376,1.472,3.064,99.75,5.88235,5.88235,0,21.2813,20.8621,33,33,37.5
46.138,0,0,0,0,1.15979,0.99997,1.03763,4,1,1,1,0,1,1.00171,0,0,9.52779,10.6111,10.3611,1495,970,549.805,970,992.656,33.4922,111.75,111.797,36.3984,41.1328,441.971,43.5,2.44,1.536,3.128,99.75,5.88235,6.27451,0,21.1875,21.2222,33,33,37.5
46.171,0,0,0,0,1.15906,0.99997,1.03763,4,1,1,1,0,1,0.998537,0,0,9.6389,11.0833,10.6945,1495.5,970,561.719,970,992.656,34.3828,111.75,111.797,38.0391,41.9531,441.971,43.5,2.532,1.568,3.212,99.75,6.27451,6.27451,0,21.5156,21.5823,33.75,33.75,37.5
46.204,0,0,0,0,1.15778,0.99997,1.03867,4,1,1,1,0,1,0.995607,0,0,9.91667,11.75,10.9167,1500,970,572.539,970,992.656,35.1797,111.492,111.797,38.6484,42.4688,441.971,43.5,2.568,1.58934,3.248,99.75,6.66667,6.66667,0,21.1406,21.9424,33,33,36
46.238,0,0,0,0,1.15595,0.99997,1.03952,4,1,1,1,0,1,0.995607,0,0,10.1667,11.9722,11.3889,1497.75,970,580.156,970,992.656,35.7422,111.492,111.891,40.2422,42.9844,441.971,43.5,2.656,1.67734,3.336,99.75,6.66667,6.66667,0,21.0313,22.301,33,33,36
46.271,0,0,0,0,1.1546,0.99997,1.03836,4,1,1,1,0,1,0.995607,0,0,10.3333,11.9722,11.3889,1496.75,970,592.695,970,992.656,36.6563,111.492,111.891,40.1484,43.6406,441.971,43.5,2.704,1.69067,3.384,99.75,6.66667,6.66667,0,21.0469,22.6611,32.25,32.25,36
46.304,0,0,0,0,1.15595,0.99997,1.03842,4,1,1,1,0,1,0.997072,0,0,10.5,12,11.3611,1491.5,970,601.523,970,995.313,37.2188,111.328,111.844,39.4922,44.5547,442.44,43.5,2.708,1.71467,3.388,99.75,6.66667,6.66667,0,21.0469,23.0213,31.5,31.5,35.25
46.338,0,0,0,0,1.151,0.99997,1.03952,4,1,1,1,0,1,1,0,0,10.6945,11.9445,11.5833,1494.75,970,607.07,970,992.656,37.6406,111.539,111.773,40.8984,44.4375,442.44,43.5,2.8,1.77067,3.48,99.75,6.66667,7.05883,0,21.5625,23.0213,31.5,31.5,35.25
46.371,0,0,0,0,1.15265,0.99997,1.03931,4,1,1,1,0,1,1.00366,0,0,10.8056,12.4722,11.6389,1498.25,970,614.219,970,995.313,38.1563,111.539,111.773,40.2891,45.0234,442.44,43.5,2.896,1.816,3.584,99.75,7.05883,7.05883,0,21.25,23.3814,30.75,30.75,34.5
46.404,0,0,0,0,1.14935,0.99997,1.03876,4,1,1,1,0,1,1.00488,0,0,10.9722,12.5278,11.75,1496,970,622.461,970,995.313,38.7656,111.469,111.914,40.8047,45.8203,442.44,43.5,2.936,1.87467,3.624,99.75,7.05883,7.05883,0,21.0469,23.74,30.75,30.75,34.5
46.438,0,0,0,0,1.14404,0.99997,1.03796,4,1,1,1,0,1,1.00611,0,0,11.0833,12.5278,11.6667,1494.5,970,625.313,970,992.656,38.9766,111.609,111.773,40.6641,46.5469,442.44,43.5,2.944,1.86934,3.632,99.75,7.05883,7.05883,0,20.8906,24.1001,30.75,30.75,34.5
46.471,0,0,0,0,1.14459,0.99997,1.0379,4,1,1,1,0,1,1.00733,0,0,11.1389,12.6945,11.75,1492,970,631.875,970,995.313,39.4688,111.609,111.773,41.0156,47.3203,442.44,43.5,2.988,1.90934,3.676,99.75,7.05883,7.45098,0,20.9219,24.4602,30.75,30.75,35.25
46.504,0,0,0,0,1.14075,0.99997,1.03662,4,1,1,1,0,1,1.00611,0,0,11.3056,12.8611,12.0556,1494,970,638.32,970,995.313,39.9375,111.469,111.68,42.1641,48.6797,443.046,43.5,3.052,1.90667,3.74,99.75,7.45098,7.45098,0,21.4063,25.1789,30.75,30.75,35.25
46.538,0,0,0,0,1.13794,0.99997,1.03653,4,1,1,1,0,1,1.00366,0,0,11.4445,13.1945,12.0833,1496.25,970,641.758,970,995.313,40.1953,111.375,111.844,42.2344,49.2656,443.046,43.5,3.048,1.93867,3.736,99.75,7.45098,7.84314,0,21.3594,25.539,30,30,35.25
46.571,0,0,0,0,1.13464,0.99997,1.03528,4,1,1,1,0,1,0.998537,0,0,11.5,13.25,12.3611,1495.5,970,649.922,970,995.313,40.8047,111.375,111.844,43.3125,50.5781,443.046,43.5,3.132,1.96267,3.82,99.75,7.45098,7.84314,0,21.25,26.2592,30,30,34.5
46.604,0,0,0,0,1.13098,0.99997,1.03485,4,1,1,1,0,1,0.994142,0,0,11.6667,13.2778,12.1945,1491.75,970,657.188,970,995.313,41.3203,111.563,111.797,42.8672,52.5703,443.046,43.5,3.18,2.016,3.868,99.75,7.84314,8.2353,0,20.8594,27.338,30,30,34.5
46.638,0,0,0,0,1.12787,0.99997,1.03418,4,1,1,1,0,1,0.992677,0,0,11.7778,13.75,12.3056,1492.5,970,660.078,970,995.313,41.5313,111.516,111.703,43.2422,54.6094,443.046,43.5,3.188,2.02934,3.876,99.75,7.84314,8.62745,0,21.125,28.4168,29.25,29.25,34.5
46.671,0,0,0,0,1.12354,0.99997,1.0343,4,1,1,1,0,1,0.991212,0,0,11.9445,14.8889,13.2778,1497.5,970,671.25,970,995.313,42.375,111.516,111.703,46.5234,56.625,443.046,43.5,3.18,1.968,3.86,99.75,8.62745,9.01961,0,21.2813,29.4956,28.5,28.5,27
46.704,0,0,0,0,1.11707,0.99997,1.0336,4,1,1,1,0,1,0.989992,0,0,12.25,16.4722,14.2778,1496.5,970,689.648,970,995.313,43.7109,111.422,111.891,50.0625,57.8438,443.729,43.5,3.304,2.056,3.984,99.75,9.80392,9.41177,0,21.2969,30.2159,28.5,28.5,26.25
46.738,0,0,0,0,1.10809,0.99997,1.03308,4,1,1,1,0,1,0.988527,0,0,12.7222,16.3056,14.8056,1494,970,703.047,970,992.656,44.6953,111.586,111.75,52.5938,60,443.729,43.5,3.468,2.20267,4.148,99.75,9.80392,9.41177,0,21.3281,31.2947,28.5,28.5,26.25
46.771,0,0,0,0,1.10748,0.99997,1.03412,4,1,1,1,0,1,0.989992,0,0,13,16.25,14.9722,1494,990,726.211,970,995.313,46.4063,111.586,111.75,52.3359,62.3672,443.729,43.5,3.616,2.272,4.296,99.75,9.80392,10.1961,0,21.3125,32.5536,27.75,27.75,25.5
46.804,0,0,0,0,1.10169,0.99997,1.03659,4,1,1,1,0,1,0.997072,0,1.17188,13.4167,17.1111,15.0556,1500,1030,743.047,970,995.313,47.6484,111.422,111.75,52.5234,65.2969,443.729,43.5,3.68,2.304,4.36,99.75,10.5882,10.5882,0,20.9688,34.1725,26.25,26.25,24.75
46.838,0,0,0,0,1.09503,0.99997,1.03766,4,1,1,1,0,1,1.00733,0,2.34375,13.8611,17.3611,15.4167,1505.25,1050,752.109,970,995.313,48.3281,111.422,112.219,53.6484,66.8438,443.729,43.5,3.772,2.38667,4.452,99.75,10.9804,11.3726,0,21,35.2513,25.5,25.5,24.75
46.871,0,0,0,0,1.08807,0.99997,1.03909,4,1,1,1,0,1,1.01319,0,2.34375,14.1111,18.6667,16.1667,1507.25,1080,773.555,970,995.313,49.8984,111.422,112.219,56.2031,68.5078,443.729,42.75,3.892,2.41334,4.58,99.75,11.7647,11.7647,0,21.1719,36.3302,25.5,25.5,24
46.904,0,0,0,0,1.07666,0.99997,1.03998,4,1,1,1,0,1,1.01489,0,32.4219,14.5,18.8611,16.5833,1499.25,1110,794.961,970,995.313,51.4688,111.867,112.313,57.9844,70.7344,444.608,42.75,4.052,2.48534,4.74,99.75,12.1569,12.549,0,21.6406,37.589,24,24,24
46.938,0,0,0,0,1.07086,0.99997,1.04138,4,1,1,1,0,1,1.0166,0,38.6719,14.8611,18.8611,16.5556,1497.5,1130,804.766,970,997.93,52.1953,111.938,111.891,57.9609,72.2813,444.608,42.75,4.108,2.58667,4.796,99.75,12.549,12.549,0,21.3594,38.3092,24,24,24
46.971,0,0,0,0,1.06201,0.99997,1.04309,4,1,1,1,0,1,1.01831,0,38.6719,15.0278,19.1389,17.1945,1504,1140,823.711,970,997.969,53.5781,111.938,111.891,59.5781,73.1953,444.608,42.75,4.412,2.704,5.1,99.75,12.9412,13.3333,0,21.0156,38.6694,22.5,22.5,21.75
47.004,0,0,0,0,1.05005,0.99997,1.04572,4,1,1,1,0,1,1.02149,0,42.1875,15.5556,18.9167,17.5833,1511.5,1150,843.086,970,997.969,55.0078,111.516,112.172,60.8203,73.4766,444.608,42.75,4.488,2.768,5.176,99.75,13.3333,13.3333,0,20.9063,39.0279,22.5,22.5,21.75
47.038,0,0,0,0,1.04694,0.99997,1.04523,4,1,1,1,0,1,1.02002,0,42.1875,15.9445,19.1111,17.2778,1508.25,1140,850.586,970,1000.55,55.5703,111.773,112.359,59.9766,73.2656,444.608,42.75,4.42,2.82667,5.108,99.75,13.7255,14.1177,0,21.0938,39.0279,21.75,21.75,21.75
47.071,0,0,0,0,1.03973,0.99997,1.0455,4,1,1,1,0,1,1.01831,0,42.1875,16.0833,19.2778,17.2222,1504.75,1150,861.133,970,1000.59,56.3438,111.773,112.359,59.5313,73.7813,444.608,42.75,4.42,2.84534,5.108,99.75,14.1177,14.1177,0,20.7188,39.3881,21.75,21.75,20.25
47.104,0,0,0,0,1.03302,0.99997,1.04578,4,1,1,1,0,1,1.01489,0,42.1875,16.3611,19.25,17.6111,1503.75,1160,874.414,970,1003.24,57.3281,111.938,112.195,60.5625,74.5313,445.721,42.75,4.48,2.93067,5.168,99.75,14.902,14.5098,0,17.5,39.7482,21,21,20.25
47.138,0,0,0,0,1.02686,0.99997,1.04553,4,1,1,1,0,1,1.00733,0,43.75,16.6389,19,18,1508.75,1160,881.367,970,1003.24,57.8438,111.773,112.383,61.9453,74.5547,445.721,42.75,4.54,2.912,5.228,99.75,14.902,14.5098,0,14.1875,39.7482,21,21,20.25
47.171,0,0,0,0,1.02637,0.99997,1.04596,4,1,1,1,0,1,1.00733,0,43.75,16.8889,18.8333,17.9167,1513,1170,893.828,970,1005.86,58.9219,111.773,112.383,61.1953,75.3516,445.721,42.75,4.588,3.01867,5.276,99.75,15.2941,15.6863,0,13.0156,40.1083,19.5,19.5,18.75
47.204,0,0,0,0,1.02155,0.99997,1.04544,4,1,1,1,0,1,1.00366,0,45.7031,17.3056,19.6389,19.3611,1509.25,1160,910.781,970,1005.86,60.9375,112.148,112.594,66.75,75.3516,445.721,42.75,4.716,3.06134,5.404,99.75,16.4706,16.4706,0,10.4844,40.1083,18,18,17.25
47.238,0,0,0,0,1.02142,0.99997,1.04724,4,1,1,1,0,1,1.00733,0,44.1406,17.75,18.8611,19.5833,1512.25,1160,919.844,970,1008.52,61.5938,112.922,112.547,66.9375,76.125,445.721,42.75,4.808,3.144,5.496,99.75,17.2549,16.8628,0,9.14063,40.4669,17.25,17.25,17.25
47.271,0,0,0,0,1.02264,0.99997,1.04816,4,1,1,1,0,1,1.01001,0,44.1406,18.2222,18.6111,20,1516.75,1160,936.328,970,1008.52,63.7734,112.922,112.547,68.6016,76.0078,445.721,42,4.832,3.10667,5.52,99.75,16.8628,17.2549,0,8.4375,40.4669,15.75,15.75,17.25
47.304,0,0,0,0,1.02954,0.99997,1.05039,4,1,1,1,0,1,1.01319,0,42.5781,18.6389,19.8333,19.8611,1516.25,1170,946.484,970,1011.17,64.8984,113.039,112.781,67.8516,77.2734,447.967,42,4.804,3.208,5.492,99.75,18.4314,18.4314,0,7.23438,40.827,15,15,15.75
47.338,0,0,0,0,1.03217,0.99997,1.05307,4,1,1,1,0,1,1.01831,0,45.7031,18.9167,20.5278,20.5,1519.5,1180,953.398,970,1013.79,65.4141,112.711,112.898,69.4922,78.9844,447.967,42,4.832,3.18934,5.52,99.75,18.8235,19.6078,0,6,41.5472,15,15,15
47.371,0,0,0,0,1.03619,0.99997,1.05615,4,1,1,1,0,1,1.02149,0,45.7031,19.1945,19.9445,21,1522.25,1190,967.383,970,1016.45,66.9141,112.711,112.898,70.8984,79.6406,447.967,42,4.956,3.29334,5.644,99.75,20,19.6078,0,4.89063,41.9058,14.25,14.25,14.25
47.404,0,0,0,0,1.04382,0.99997,1.06012,4,1,1,1,0,1,1.02832,0,49.2188,19.7222,21.2778,20.9445,1527,1200,977.109,970,1021.72,68.0859,113.156,113.039,70.4531,80.7891,447.967,42,5.012,3.35467,5.7,99.75,20.7843,20.3922,0,3.9375,42.626,14.25,14.25,15
47.438,0,0,0,0,1.04212,0.99997,1.06332,4,1,1,1,0,1,1.03198,0,47.6563,19.8889,20.7778,20.6945,1526.75,1200,982.227,970,1021.72,68.9297,112.828,113.32,69.7031,81.0703,447.967,42,5.132,3.44534,5.82,99.75,20.3922,20.7843,0,2.82813,42.626,13.5,13.5,14.25
47.471,0,0,0,0,1.04663,0.99997,1.06748,4,1,1,1,0,1,1.03784,0,47.6563,20.0278,21.1389,21.1667,1526.25,1210,985.391,970,1026.99,69.1641,112.828,113.32,71.0391,82.1484,447.967,42,5.16,3.448,5.848,99.75,20.7843,21.1765,0,2.71875,42.9861,13.5,13.5,13.5
47.504,0,0,0,0,1.04541,0.99997,1.0697,4,1,1,1,0,1,1.03589,0,51.1719,20.25,21.0834,21,1523.5,1220,988.594,970,1029.61,69.6563,113.25,113.227,70.8047,83.25,450.507,42,5.3,3.528,5.988,99.75,21.1765,21.5686,0,1.70313,43.7048,13.5,13.5,12.75
47.538,0,0,0,0,1.0448,0.99997,1.07465,4,1,1,1,0,1,1.04004,0,51.1719,20.3611,22.0556,21.5834,1536.5,1240,992.617,970,1032.3,70.2422,112.945,113.484,71.6719,84.6328,450.507,42,5.296,3.55467,5.984,99.75,21.5686,21.9608,0,0.625,44.4251,13.5,13.5,12.75
47.571,0,0,0,0,1.04242,0.99997,1.07691,4,1,1,1,0,1,1.04004,0,51.1719,20.5833,21.6945,21.5834,1538.25,1240,995.273,970,1034.88,70.4531,112.945,113.484,72,85.0313,450.507,41.25,5.308,3.56267,5.988,99.75,21.9608,22.3529,0,-0.234375,44.7836,13.5,13.5,12.75
47.604,0,0,0,0,1.04169,0.99997,1.07791,4,1,1,1,0,1,1.03003,0,53.125,20.6667,22.1945,21.75,1541.75,1240,998.398,970,1037.58,70.7813,113.227,113.906,71.9766,84.8672,450.507,41.25,5.388,3.61867,6.068,99.75,23.5294,25.098,0,-0.453125,45.1438,13.5,13.5,12.75
47.638,0,0,0,0,1.04114,0.99997,1.07999,4,1,1,1,0,1,1.02661,0,53.125,20.8889,21.0556,22.4722,1539.75,1250,1007.11,970,1040.23,71.4375,113.414,114,74.6719,85.6641,450.507,41.25,5.44,3.64267,6.12,99.75,25.098,26.6667,0,-0.171875,45.5039,13.5,13.5,13.5
47.671,0,0,0,0,1.04413,0.99997,1.08032,4,1,1,1,0,1,1.02002,0,53.125,20.9445,20.8889,22.6945,1538.5,1260,1013.87,970,1040.23,71.9531,113.414,114,75.9141,86.3672,450.507,40.5,5.496,3.704,6.184,99.75,27.451,28.2353,0,-0.28125,45.8625,13.5,13.5,13.5
47.704,0,0,0,0,1.05829,0.99997,1.08051,4,1,1,1,0,1,1.01831,0,54.6875,21.4722,21.1667,23.1389,1544.25,1270,1027.66,970,1045.51,72.9844,113.414,113.742,77.0859,87.3047,452.225,40.5,5.632,3.8,6.32,99.75,30.1961,30.1961,0,-0.609375,46.2226,12.75,12.75,12.75
47.738,0,0,0,0,1.06696,0.99997,1.0813,4,1,1,1,0,1,1.0166,0,54.6875,21.75,21.4722,22.7778,1552,1270,1033.13,970,1048.13,73.4297,113.18,114.281,74.9531,87.8203,452.225,40.5,5.656,3.82134,6.344,99.75,31.7647,31.7647,0,-1.03125,46.5827,12.75,12.75,12
47.771,0,0,0,0,1.07324,0.99997,1.08182,4,1,1,1,0,1,1.0166,0,54.6875,21.75,21.5278,22.75,1549.75,1270,1036.13,970,1050.74,73.6641,113.18,114.281,75.4219,87.7734,452.225,40.5,5.668,3.82934,6.356,99.75,33.3333,33.3333,0,-0.78125,46.5827,12.75,12.75,12
47.804,0,0,0,0,1.08429,0.99997,1.08283,4,1,1,1,0,1,1.01831,0,53.125,21.9167,22.0556,23.3611,1546.25,1270,1047.46,970,1056.05,74.5547,113.672,114.422,77.0391,87.6563,452.225,40.5,5.716,3.85067,6.404,99.75,34.5098,35.2941,0,-0.734375,46.5827,12,12,12
47.838,0,0,0,0,1.0929,0.99997,1.08341,4,1,1,1,0,1,1.01489,0,54.6875,22.1667,21.9167,23.6945,1551.75,1270,1053.2,970,1061.33,74.9766,113.742,114.188,78.375,87.9141,452.225,40.5,5.764,3.896,6.452,99.75,36.4706,36.0784,0,-0.578125,46.5827,12,12,12
47.871,0,0,0,0,1.09747,0.99997,1.08609,4,1,1,1,0,1,1.01831,0,54.6875,22.3889,23.2778,23.5278,1570,1270,1056.8,970,1061.37,75.2578,113.742,114.188,76.6172,87.6328,452.225,39.75,5.704,3.83734,6.4,99.75,36.8628,36.8628,0,-0.546875,46.5827,7.5,7.5,7.5
47.904,0,0,0,0,1.10022,0.99997,1.08664,4,1,1,1,0,1,1.01319,0,54.6875,22.5,23.3611,23.4167,1559.5,1270,1059.3,970,1066.64,75.5156,113.625,115.313,76.6172,87.7266,455.174,39.75,5.704,3.84267,6.4,99.75,38.4314,38.0392,0,-0.890625,46.5827,12,12,14.25
47.938,0,0,0,0,1.10181,0.99997,1.08942,4,1,1,1,0,1,1.01489,0,55.0781,22.5,22.2222,23.5556,1560.25,1280,1061.37,970,1071.91,75.6797,114.586,114.844,76.8984,88.2656,455.174,39.75,5.712,3.86134,6.408,99.75,38.4314,38.0392,0,-0.859375,46.9428,12,12,14.25
47.971,0,0,0,0,1.1062,0.99997,1.08988,4,1,1,1,0,1,1.01319,0,55.0781,22.5,22.7778,23.3611,1559.25,1270,1063.75,970,1074.57,75.8672,114.586,114.844,76.125,88.3359,455.174,39.75,5.72,3.86934,6.408,99.75,38.4314,38.8235,0,-0.984375,46.9428,12,12,14.25
48.004,0,0,0,0,1.11047,0.99997,1.09152,4,1,1,1,0,1,1.01319,0,54.6875,22.75,24,24.1667,1578.75,1280,1066.68,970,1079.84,76.2891,114.445,114.797,77.7188,88.7344,455.174,39.75,5.76,3.88,6.448,99.75,39.2157,39.6079,0,-0.609375,46.9428,7.5,7.5,7.5
48.038,0,0,0,0,1.11566,0.99997,1.09207,4,1,1,1,0,1,1.01319,0,53.9063,22.9722,24.3611,24.0278,1576.25,1280,1070,970,1085.12,76.5703,114.188,115.57,77.1797,89.0156,455.174,39.75,5.78,3.90934,6.468,99.75,39.6079,40.3922,0,-0.40625,46.9428,9.75,9.75,9.75
48.071,0,0,0,0,1.11469,0.99997,1.09168,4,1,1,1,0,1,1.00855,0,53.9063,23.0278,23.6945,24.4167,1565.25,1280,1074.61,970,1087.73,76.9219,114.188,115.57,79.6406,89.2266,455.174,39,5.816,3.90667,6.504,99.75,41.1765,41.1765,0,-0.34375,46.9428,11.25,11.25,16.5
48.104,0,0,0,0,1.12274,0.99997,1.0929,4,1,1,1,0,1,1.01319,0,55.0781,23.1389,23.3611,24.25,1573.5,1280,1081.17,970,1093.01,77.4375,114.82,115.078,78.4453,88.8516,457.225,39,5.856,3.95467,6.544,99.75,41.1765,41.5686,0,-0.9375,46.9428,11.25,11.25,11.25
48.138,0,0,0,0,1.12586,0.99997,1.09219,4,1,1,1,0,1,1.01148,0,53.125,23.3334,24.1945,24.6389,1582.5,1280,1083.32,970,1095.7,77.6484,114.445,115.828,79.125,89.1797,457.225,39,5.94,4.01867,6.628,99.75,42.353,41.9608,0,-0.796875,46.9428,9,9,9
48.171,0,0,0,0,1.12744,0.99997,1.09256,4,1,1,1,0,1,1.01148,0,53.125,23.5556,23.5,24.75,1587.25,1280,1086.56,970,1098.28,77.9063,114.445,115.828,79.8047,88.9922,457.225,39,5.96,4.03467,6.648,99.75,42.353,41.9608,0,-0.609375,46.9428,8.25,8.25,8.25
48.204,0,0,0,0,1.13922,0.99997,1.09277,4,1,1,1,0,1,1.01319,0,52.7344,23.6667,24.1111,24.6389,1588.25,1280,1090.43,970,1106.21,78.2344,115.148,116.203,79.1016,88.7578,457.225,39,5.992,4.05601,6.68,99.75,42.353,42.353,0,-0.421875,46.9428,9.75,9.75,9.75
48.238,0,0,0,0,1.13739,0.99997,1.09296,4,1,1,1,0,1,1.01319,0,51.5625,23.6667,25.1389,24.9722,1584.5,1290,1092.62,970,1108.91,78.3984,115.477,116.086,79.7344,89.8125,457.225,39,5.984,4.05067,6.672,99.75,42.353,41.9608,0,-0.3125,46.9428,10.5,10.5,10.5
48.271,0,0,0,0,1.14002,0.99997,1.09351,4,1,1,1,0,1,1.01319,0,51.5625,23.7778,24.5,24.4722,1591.25,1280,1093.36,970,1114.18,78.4922,115.477,116.086,77.6953,89.7188,457.225,39,5.98,4.06134,6.668,99.75,42.353,41.9608,0,-0.828125,46.9428,10.5,10.5,10.5
48.304,0,0,0,0,1.13995,0.99997,1.09439,4,1,1,1,0,1,1.01148,0,51.1719,23.8889,24.25,25.3334,1604,1280,1097.7,970,1116.84,78.8438,115.359,116.32,80.4141,89.7422,459.374,39,6.012,4.05601,6.7,99.75,42.353,42.7451,0,-1,46.9428,10.5,10.5,10.5
48.338,0,0,0,0,1.14612,0.99997,1.09537,4,1,1,1,0,1,1.01319,0,51.9531,24.1945,25.0556,25.3056,1605.5,1280,1099.69,970,1122.07,79.0078,115.664,117,80.1797,89.4609,459.374,39,6.044,4.09067,6.732,99.75,43.1373,43.1373,0,-0.578125,46.9428,11.25,11.25,10.5
48.371,0,0,0,0,1.14905,0.99997,1.09525,4,1,1,1,0,1,1.00855,0,51.9531,24.25,24.6111,25.0556,1599.5,1280,1103.63,970,1127.34,79.3828,115.664,117,80.1563,89.4844,459.374,38.25,6.068,4.10667,6.756,99.75,43.5294,43.5294,0,-0.59375,46.9428,11.25,11.25,10.5
48.404,0,0,0,0,1.14941,0.99997,1.09735,4,1,1,1,0,1,1.00855,0,49.6094,24.25,24,25.75,1600.5,1280,1109.3,970,1130,79.7813,116.109,116.719,82.2422,89.7891,459.374,38.25,6.132,4.11467,6.82,99.75,43.5294,42.7451,0,-0.46875,46.9428,10.5,10.5,10.5
48.438,0,0,0,0,1.15558,0.99997,1.09848,4,1,1,1,0,1,1.00855,0,48.4375,24.4722,25.0834,25.5834,1608,1290,1112.77,970,1132.66,80.1094,116.063,117.047,81.0469,90.0469,459.374,38.25,6.06,4.14934,6.748,99.75,42.7451,43.5294,0,-0.546875,46.9428,11.25,11.25,10.5
48.471,0,0,0,0,1.15784,0.99997,1.10004,4,1,1,1,0,1,1.01001,0,48.4375,24.7222,24.8611,25.4167,1619.25,1280,1113.28,970,1135.27,80.1563,116.063,117.047,80.4609,89.7188,459.374,37.5,6.064,4.10401,6.76,99.75,43.5294,43.5294,0,-0.625,46.9428,11.25,11.25,10.5
48.504,0,0,0,0,1.16126,0.99997,1.09992,4,1,1,1,0,1,1.00366,0,48.4375,24.7778,25.9445,26.6111,1612.5,1270,1119.14,970,1140.59,80.9297,116.695,117.539,84.2109,89.3203,461.757,37.5,6.132,4.12001,6.828,99.75,43.5294,43.5294,0,-0.53125,46.9428,10.5,10.5,9.75
48.538,0,0,0,0,1.16498,0.99997,1.10208,4,1,1,1,0,1,1.00611,0,46.4844,24.8889,25.0278,26,1610.5,1280,1121.09,970,1145.9,81.0469,116.695,117.352,82.2422,89.8125,461.757,37.5,6.148,4.16001,6.844,99.75,43.5294,43.1373,0,-0.1875,46.9428,10.5,10.5,10.5
48.571,0,0,0,0,1.16821,0.99997,1.10202,4,1,1,1,0,1,1.00611,0,46.4844,24.9445,25.6111,26.0278,1623.25,1270,1122.58,970,1148.52,81.1875,116.695,117.352,81.5625,89.2031,461.757,37.5,6.148,4.16267,6.836,99.75,43.1373,42.353,0,-0.28125,46.5827,10.5,10.5,10.5
48.604,0,0,0,0,1.17114,0.99997,1.10285,4,1,1,1,0,1,1.00733,0,42.1875,25.2778,26.3611,26.0834,1637.75,1270,1121.41,970,1153.79,81.2109,116.719,117.844,80.9297,88.8047,461.757,37.5,6.132,4.16801,6.82,99.75,42.7451,42.353,0,-0.515625,46.5827,6.75,6.75,6.75
48.638,0,0,0,0,1.17383,0.99997,1.10278,4,1,1,1,0,1,1.00611,0,40.625,25.3611,26.1945,26,1629.5,1270,1124.1,970,1159.1,81.5156,117.164,118.313,80.8594,88.8984,461.757,37.5,6.172,4.17067,6.86,99.75,41.5686,41.1765,0,-0.578125,46.5827,10.5,10.5,12.75
48.671,0,0,0,0,1.17053,0.99997,1.10269,4,1,1,1,0,1,1.00488,0,40.625,25.3056,26.6667,26.6667,1625.75,1270,1126.64,970,1159.1,81.7266,117.164,118.313,83.2266,89.0625,461.757,36.75,6.188,4.17867,6.876,99.75,41.1765,40.3922,0,-0.453125,46.5827,10.5,10.5,15.75
48.704,0,0,0,0,1.17938,0.99997,1.10266,4,1,1,1,0,1,1.00611,0,40.2344,25.5278,25.4722,26.3056,1633.5,1270,1130.63,970,1167.03,81.9844,117.398,118.055,81.9844,89.0859,465.135,36.75,6.208,4.20267,6.896,99.75,39.2157,39.6079,0,-0.375,46.5827,10.5,10.5,11.25
48.738,0,0,0,0,1.17865,0.99997,1.10175,4,1,1,1,0,1,1.00366,0,39.4531,25.6945,27,26.6389,1641.75,1270,1131.25,970,1167.03,82.125,117.328,118.406,82.5469,89.2031,465.135,36.75,6.204,4.20001,6.892,99.75,38.8235,39.2157,0,-0.46875,46.5827,8.25,8.25,8.25
48.771,0,0,0,0,1.18152,0.99997,1.10236,4,1,1,1,0,1,1.00611,0,39.4531,25.8056,26.8334,27.3611,1641.5,1260,1138.01,970,1172.3,82.6406,117.328,118.406,85.0781,88.4063,465.135,36.75,6.336,4.26401,7.024,99.75,38.8235,38.8235,0,-0.328125,46.2226,9.75,9.75,11.25
48.804,0,0,0,0,1.18591,0.99997,1.1012,4,1,1,1,0,1,1.00366,0,37.8906,25.8611,27.1945,26.5278,1643,1270,1136.64,970,1177.58,82.6172,117.633,118.734,82.1953,88.8984,465.135,36.75,6.3,4.27467,6.988,99.75,38.8235,38.0392,0,-0.703125,46.2226,9.75,9.75,10.5
48.838,0,0,0,0,1.18292,0.99997,1.1012,4,1,1,1,0,1,1.00488,0,37.8906,25.9722,26.5834,27.2222,1645,1270,1140,970,1180.2,82.875,117.891,118.898,84.8672,89.0156,465.135,36.75,6.328,4.28267,7.016,99.75,37.6471,38.0392,0,-0.515625,46.2226,9.75,9.75,9.75
48.871,0,0,0,0,1.18689,0.99997,1.10031,4,1,1,1,0,1,1.00171,0,37.8906,25.9722,26.6667,26.75,1652.5,1270,1137.89,970,1185.47,82.7578,117.891,118.898,82.6172,88.8281,465.135,36,6.288,4.26401,6.976,99.75,37.6471,37.6471,0,-0.25,46.2226,9.75,9.75,9.75
48.904,0,0,0,0,1.18903,0.99997,1.10059,4,1,1,1,0,1,1,0,35.9375,26.2778,26.3889,27.5834,1664.25,1250,1141.72,970,1190.74,83.3438,118.406,119.578,85.0547,88.0781,467.577,36,6.356,4.30134,7.044,99.75,37.2549,37.2549,0,-0.109375,45.8625,9.75,9.75,9.75
48.938,0,0,0,0,1.19208,0.99997,1.09973,4,1,1,1,0,1,0.998537,0,30.8594,26.3334,27.7222,27.25,1657,1260,1141.02,970,1193.4,83.4141,118.852,119.813,84.1641,88.5469,467.577,36,6.348,4.29601,7.036,99.75,36.8628,36.8628,0,-0.515625,45.8625,10.5,10.5,9.75
48.971,0,0,0,0,1.18805,0.99997,1.09934,4,1,1,1,0,1,0.995607,0,30.8594,26.3889,26.4445,27.6111,1660.5,1250,1145.43,970,1193.44,83.7422,118.852,119.813,85.4531,88.0547,467.577,36,6.38,4.29601,7.068,99.75,36.4706,35.6863,0,-0.703125,45.5039,10.5,10.5,9.75
49.004,0,0,0,0,1.19751,0.99997,1.09927,4,1,1,1,0,1,0.995607,0,30.4688,26.6111,27.8611,27.0278,1669.5,1220,1143.48,970,1201.37,83.5781,118.828,119.625,82.1484,85.6172,467.577,36,6.344,4.32267,7.032,99.75,34.902,34.902,0,-0.765625,44.4251,10.5,10.5,10.5
49.038,0,0,0,0,1.19257,0.99997,1.09946,4,1,1,1,0,1,0.995607,0,16.0156,26.6111,27.5,27.4167,1676.5,1180,1143.28,970,1201.37,83.6719,118.828,120.094,84.0703,82.4297,467.577,36,6.284,4.28534,6.972,99.75,34.1177,33.3333,0,-0.59375,42.8061,10.5,10.5,10.5
49.071,0,0,0,0,1.19495,0.99997,1.09918,4,1,1,1,0,1,0.995607,0,16.0156,26.75,27.75,27.5,1673.25,1160,1148.05,970,1206.64,84.0234,118.828,120.094,86.8594,81,467.577,36,6.324,4.25334,7.012,99.75,32.9412,31.3726,0,-0.140625,42.0858,10.5,10.5,10.5
49.104,0,0,0,0,1.2002,0.99997,1.09888,4,1,1,1,0,1,0.994142,0,14.4531,26.8611,27.5278,27.7778,1673.25,1150,1150.74,970,1211.91,84.3047,119.227,120.328,86.1563,80.3203,470.155,36,6.348,4.29601,7.036,99.75,29.8039,29.0196,0,-0.296875,41.7257,10.5,10.5,10.5
49.138,0,0,0,0,1.20538,0.99997,1.0994,4,1,1,1,0,1,0.997072,0,13.6719,27.0834,27.6111,27.0834,1678,1160,1155.08,970,1217.15,84.6328,119.344,120.328,86.1563,80.8594,470.155,36,6.372,4.31201,7.06,99.75,27.451,27.451,0,-0.765625,41.7257,9.75,9.75,9.75
49.171,0,0,0,0,1.20801,0.99997,1.09757,4,1,1,1,0,1,0.991212,0,13.6719,27.25,28.5,26.8611,1687.25,1150,1162.7,970,1219.84,85.2188,119.344,120.328,88.4766,79.9688,470.155,35.25,6.424,4.32267,7.104,99.75,25.8824,26.2745,0,-0.90625,41.3671,10.5,10.5,9.75
49.204,0,0,0,0,1.21326,0.99997,1.09793,4,1,1,1,0,1,0.994142,0,12.5,27.5,28.3056,26.7778,1691.75,1140,1164.77,970,1225.12,85.5234,119.508,120.914,87.6094,79.875,470.155,35.25,6.456,4.35467,7.136,99.75,24.7059,25.098,0,-0.671875,41.3671,10.5,10.5,9.75
49.238,0,0,0,0,1.21594,0.99997,1.09537,4,1,1,1,0,1,0.986085,0,11.7188,27.6667,27.6111,26.8334,1685.25,1130,1166.99,970,1227.77,85.7813,119.977,121.195,85.7813,78.8906,470.155,35.25,6.376,4.37334,7.056,99.75,23.9216,22.3529,0,-0.546875,41.007,10.5,10.5,10.5
49.271,0,0,0,0,1.22107,0.99997,1.09418,4,1,1,1,0,1,0.982423,0,11.7188,27.25,24.5834,26.8334,1688.25,1130,1152.66,970,1233.01,84.6797,119.977,121.195,76.2422,79.0078,470.155,35.25,6.66,4.50667,7.34,99.75,21.9608,22.7451,0,-0.21875,41.007,10.5,10.5,10.5
49.304,0,0,0,0,1.22376,0.99997,1.08933,4,1,1,1,0,1,0.969972,0,10.1563,27.25,27.5,25.7778,1702.75,1130,1150.94,970,1235.7,84.0938,119.508,120.938,84.5625,78.9141,472.714,35.25,6.204,4.26134,6.884,99.75,21.5686,22.3529,0,-0.546875,41.007,11.25,11.25,10.5
49.338,0,0,0,0,1.22376,0.99997,1.08576,4,1,1,1,0,1,0.964845,0,9.76563,27.3334,27.3334,25.9167,1706.75,1130,1150.59,970,1235.7,84.0703,120.164,121.828,83.8828,78.5625,472.714,35.25,6.184,4.18134,6.864,99.75,21.9608,21.5686,0,-0.609375,41.007,11.25,11.25,10.5
49.371,0,0,0,0,1.22632,0.99997,1.07965,4,1,1,1,0,1,0.952394,0,9.76563,27.4445,26.0556,25.9722,1704.25,1130,1146.91,970,1238.32,83.9766,120.164,121.828,80.0625,78.6094,472.714,34.5,6.324,4.18401,7.028,99.75,21.1765,21.1765,0,-0.671875,41.007,10.5,10.5,10.5
49.404,0,0,0,0,1.22894,0.99997,1.07291,4,1,1,1,0,1,0.946046,0,8.98438,27.25,26.8056,26.2222,1709,1120,1142.42,970,1240.94,83.625,120.727,121.664,82.1484,78.1406,472.714,34.5,6.116,4.13867,6.82,99.75,21.1765,21.1765,0,-0.28125,40.6469,11.25,11.25,10.5
49.438,0,0,0,0,1.22894,0.99997,1.06625,4,1,1,1,0,1,0.943605,0,7.42188,27.3334,26.9722,25.8889,1716.5,1120,1140.9,970,1240.98,83.6016,120.703,122.063,82.2656,77.9297,472.714,34.5,6.096,4.12267,6.8,99.75,20.7843,20.7843,0,-0.59375,40.6469,11.25,11.25,10.5
49.471,0,0,0,0,1.22894,0.99997,1.05972,4,1,1,1,0,1,0.938722,0,7.42188,27.3056,26.5278,26,1715,1120,1136.6,970,1240.98,83.2734,120.703,122.063,80.9766,78,472.714,34.5,6.012,4.07201,6.7,99.75,20.7843,20.3922,0,-0.453125,40.6469,11.25,11.25,11.25
49.504,0,0,0,0,1.23157,0.99997,1.05212,4,1,1,1,0,1,0.938722,0,6.64063,27.1945,26.4722,25.9445,1716.5,1120,1131.41,970,1243.63,82.9219,121.031,122.227,80.7422,77.8594,475.174,34.5,5.976,4.05067,6.664,99.75,20.3922,20.3922,0,-0.953125,40.6469,11.25,11.25,11.25
49.538,0,0,0,0,1.23419,0.99997,1.04596,4,1,1,1,0,1,0.936525,0,5.46875,27.1945,27.2778,25.9445,1721.75,1120,1129.88,970,1246.25,82.8516,121.195,122.508,82.9688,77.9766,475.174,34.5,5.884,3.976,6.572,99.75,20.3922,20.3922,0,-0.46875,40.6469,11.25,11.25,11.25
49.571,0,0,0,0,1.23419,0.99997,1.04123,4,1,1,1,0,1,0.937501,0,5.46875,27.1945,27.0278,25.9445,1726.25,1120,1127.38,970,1246.25,82.6641,121.195,122.508,81.9844,77.9297,475.174,34.5,5.852,3.95467,6.54,99.75,20,20,0,-0.4375,40.6469,11.25,11.25,11.25
49.604,0,0,0,0,1.23419,0.99997,1.03546,4,1,1,1,0,1,0.939943,0,4.6875,27.1945,26.5,26.0278,1734,1110,1117.66,970,1246.25,82.1953,121.758,122.766,80.0156,77.9297,475.174,34.5,5.8,3.94934,6.488,99.75,19.6078,20,0,-0.40625,40.6469,11.25,11.25,11.25
49.638,0,0,0,0,1.23688,0.99997,1.03092,4,1,1,1,0,1,0.942384,0,3.90625,27.1389,27.1111,25.9722,1737.5,1110,1116.02,970,1248.91,82.1484,121.734,123.164,81.7031,78.0703,475.174,34.5,5.676,3.896,6.364,99.75,19.6078,19.6078,0,-0.828125,40.6469,12,12,11.25
49.671,0,0,0,0,1.23688,0.99997,1.02692,4,1,1,1,0,1,0.942384,0,3.90625,27.25,27.2222,25.75,1736.5,1110,1115.94,970,1248.91,82.1484,121.734,123.164,82.1016,78.0234,475.174,34.5,5.652,3.79734,6.356,99.75,19.6078,19.6078,0,-0.828125,40.6469,12,12,11.25
49.704,0,0,0,0,1.23688,0.99997,1.02149,4,1,1,1,0,1,0.941164,0,3.125,27.1389,26.25,25.5,1736,1110,1108.4,970,1248.91,81.5859,122.039,123.234,79.1719,77.6016,477.713,34.5,5.628,3.768,6.332,99.75,18.8235,19.2157,0,-0.734375,40.6469,12,12,12
49.738,0,0,0,0,1.23944,0.99997,1.01856,4,1,1,1,0,1,0.944826,0,1.95313,26.9167,26.0834,25.3056,1738,1110,1103.91,970,1251.52,81.2344,122.109,123.328,78.5859,77.7891,477.713,34.5,5.6,3.73334,6.304,99.75,18.8235,18.8235,0,-0.4375,40.6469,12,12,12
49.771,0,0,0,0,1.2395,0.99997,1.01575,4,1,1,1,0,1,0.953615,0,1.95313,26.9722,26.9445,25.5556,1741.25,1110,1102.81,970,1251.56,81.1641,122.109,123.328,81.0234,77.6953,477.713,34.5,5.56,3.72534,6.248,99.75,18.4314,18.8235,0,-0.546875,40.6469,12,12,12
49.804,0,0,0,0,1.2395,0.99997,1.01001,4,1,1,1,0,1,0.956056,0,1.17188,27.0278,27.1389,25.2778,1754.25,1100,1100.12,970,1251.56,81.0703,122.32,123.914,81,77.5781,477.713,34.5,5.528,3.67467,6.216,99.75,18.4314,18.4314,0,-0.734375,40.6469,12,12,12
49.838,0,0,0,0,1.2395,0.99997,1.00626,4,1,1,1,0,1,0.954835,0,1.17188,27.1389,26.8889,25.2778,1756,1100,1098.75,970,1251.56,81.0234,122.789,124.125,80.1797,77.5313,477.713,34.5,5.504,3.65334,6.192,99.75,18.8235,18.0392,0,-0.8125,40.6469,12,12,12
49.871,0,0,0,0,1.2395,0.99997,1.00305,4,1,1,1,0,1,0.954835,0,1.17188,27.0834,26.25,25.8611,1755,1100,1093.13,970,1251.56,80.5781,122.789,124.125,78.3047,77.5313,477.713,34.5,5.464,3.632,6.152,99.75,17.6471,18.0392,0,-0.8125,40.6469,12,12,12
49.904,0,0,0,0,1.24207,0.99997,0.999238,4,1,1,1,0,1,0.962404,0,1.17188,26.8056,26.3611,24.5556,1748,1110,1085.98,970,1254.18,80.0391,122.93,124.172,78.9609,78,479.979,34.5,5.44,3.60267,6.128,99.75,17.6471,18.0392,0,-0.265625,40.6469,12.75,12.75,12.75
49.938,0,0,0,0,1.24207,0.99997,0.994996,4,1,1,1,0,1,0.963625,0,1.17188,26.8056,26.75,25.3889,1760.5,1110,1084.77,970,1254.18,79.9219,122.93,124.031,79.5703,77.7891,479.979,34.5,5.408,3.57334,6.096,99.75,17.6471,18.0392,0,-0.453125,40.6469,13.5,13.5,12.75
49.971,0,0,0,0,1.24207,0.99997,0.992127,4,1,1,1,0,1,0.967287,0,1.17188,26.9167,26.8334,25.1111,1772.75,1100,1082.7,970,1254.18,79.7578,122.93,124.031,79.2656,77.5781,479.979,35.25,5.472,3.63467,6.16,99.75,17.6471,18.0392,0,-0.78125,40.6469,14.25,14.25,13.5
50.004,0,0,0,0,1.2395,0.99997,0.987763,4,1,1,1,0,1,0.968507,0,1.17188,26.9722,26.7778,25.2778,1767.5,1100,1080.59,970,1251.56,79.7813,123.117,125.133,79.3359,77.2969,479.979,35.25,5.44,3.61067,6.128,99.75,17.6471,17.6471,0,-0.890625,40.6469,14.25,14.25,14.25
50.038,0,0,0,0,1.2395,0.99997,0.985657,4,1,1,1,0,1,0.973634,0,1.17188,26.8611,26.8611,25.3056,1766.5,1100,1080.12,970,1251.56,79.7109,123.82,124.828,79.6406,77.3672,479.979,35.25,5.432,3.576,6.12,99.75,17.6471,17.6471,0,-0.671875,40.6469,14.25,14.25,14.25
50.071,0,0,0,0,1.2356,0.99997,0.982514,4,1,1,1,0,1,0.971193,0,1.17188,26.8611,26.3334,25.0834,1774,1100,1075.98,970,1251.56,79.3828,123.703,125.203,77.7188,77.2266,479.979,35.25,5.38,3.53867,6.068,99.75,17.2549,17.2549,0,-0.203125,40.6469,14.25,14.25,14.25
50.104,0,0,0,0,1.23163,0.99997,0.98053,4,1,1,1,0,1,0.973634,0,1.17188,26.8056,25.7222,25.0278,1779.75,1100,1065.74,970,1251.56,78.6563,123.703,125.203,75.6797,77.5313,482.225,35.25,5.34,3.52267,6.028,99.75,17.2549,17.2549,0,-0.609375,40.6469,14.25,14.25,14.25
50.138,0,0,0,0,1.22876,0.99997,0.977753,4,1,1,1,0,1,0.969972,0,1.17188,26.5556,26.1389,24.9167,1776.5,1100,1061.33,970,1251.56,78.3516,124.008,125.414,77.0625,77.4844,482.225,35.25,5.332,3.49334,6.02,99.75,17.2549,17.6471,0,-0.671875,40.6469,14.25,14.25,14.25
50.171,0,0,0,0,1.22199,0.99997,0.976624,4,1,1,1,0,1,0.972414,0,1.17188,26.3889,25.8334,25.1945,1778.75,1100,1054.57,970,1251.52,77.8125,124.172,125.461,74.8125,77.4844,482.225,35.25,5.256,3.44,5.944,99.75,17.2549,17.6471,0,-0.765625,40.6469,14.25,14.25,14.25
50.204,0,0,0,0,1.21698,0.99997,0.97461,4,1,1,1,0,1,0.971193,0,1.17188,26.2778,26.7778,25,1791.5,1100,1040.43,970,1248.91,76.7344,124.172,125.461,73.0078,77.4375,482.225,35.25,5.168,3.38934,5.856,99.75,17.2549,17.6471,0,-0.453125,40.6469,15,15,14.25
50.238,0,0,0,0,1.21167,0.99997,0.973878,4,1,1,1,0,1,0.974855,0,1.17188,26.0556,26.7222,25.1667,1793.75,1100,1032.34,970,1248.91,76.2422,124.406,126.352,73.875,77.4609,482.225,35.25,5.02,3.26134,5.708,99.75,17.2549,17.6471,0,-0.421875,40.6469,15,15,14.25
50.271,0,0,0,0,1.20288,0.99997,0.972443,4,1,1,1,0,1,0.976076,0,1.17188,25.8056,26.75,25.0834,1785.5,1100,1026.64,970,1246.25,75.7734,124.922,125.813,73.8047,77.25,482.225,35.25,5.008,3.24,5.696,99.75,17.6471,17.6471,0,-0.578125,40.6469,15,15,15
50.304,0,0,0,0,1.19891,0.99997,0.973176,4,1,1,1,0,1,0.982423,0,1.17188,25.8056,26.6389,25.2778,1793.5,1100,1025.27,970,1246.25,75.5625,124.922,125.813,74.4141,77.2031,484.296,35.25,4.996,3.24267,5.684,99.75,17.6471,17.6471,0,-0.8125,40.6469,15.75,15.75,15
50.338,0,0,0,0,1.19519,0.99997,0.972871,4,1,1,1,0,1,0.984865,0,1.17188,25.8611,26.5834,25.1945,1804.25,1100,1019.41,970,1246.25,75.1875,124.688,126.469,73.5,77.4375,484.296,35.25,4.952,3.20267,5.64,99.75,17.6471,17.6471,0,-0.96875,40.6469,15.75,15.75,15
50.371,0,0,0,0,1.18903,0.99997,0.973695,4,1,1,1,0,1,0.995607,0,1.17188,25.75,26.5,25.1667,1802.75,1090,1016.99,970,1243.63,75,125.227,126.75,73.1953,76.9219,484.296,35.25,4.968,3.192,5.664,99.75,17.6471,17.6471,0,-0.359375,40.6469,15.75,15.75,15.75
50.404,0,0,0,0,1.18567,0.99997,0.974213,4,1,1,1,0,1,0.998537,0,1.17188,25.75,26.5834,25.2222,1794.75,1090,1014.92,970,1243.63,74.8594,125.227,126.75,74.1094,76.9688,484.296,35.25,4.968,3.21067,5.664,99.75,17.6471,17.6471,0,-0.4375,40.6469,15.75,15.75,15.75
50.438,0,0,0,0,1.18237,0.99997,0.975037,4,1,1,1,0,1,1.00366,0,1.17188,25.5834,26.2222,24.8334,1804,1090,1009.77,970,1243.63,74.4375,125.391,126.656,72.3984,77.1563,484.296,35.25,4.916,3.17334,5.612,99.75,17.6471,17.6471,0,-0.5,40.6469,15.75,15.75,15.75
50.471,0,0,0,0,1.17639,0.99997,0.97638,4,1,1,1,0,1,1.00733,0,1.17188,25.6389,26.2222,25.1945,1812.75,1090,1006.72,970,1240.98,74.1797,125.813,127.289,72.8203,76.9453,484.296,35.25,4.944,3.17334,5.632,99.75,17.6471,17.6471,0,-0.84375,40.6469,15.75,15.75,15.75
50.504,0,0,0,0,1.17365,0.99997,0.976929,4,1,1,1,0,1,1.01001,0,1.17188,25.6945,26.1111,25.4167,1812.75,1090,1004.41,970,1240.98,74.2734,125.813,127.289,73.9219,77.0156,486.405,35.25,4.972,3.184,5.66,99.75,17.6471,17.6471,0,-0.59375,40.6469,15.75,15.75,15.75
50.538,0,0,0,0,1.17181,0.99997,0.978516,4,1,1,1,0,1,1.0166,0,1.17188,25.5834,26.4722,25.25,1813,1090,1001.95,970,1240.98,74.0625,125.953,127.289,73.2422,77.2969,486.405,35.25,5.096,3.272,5.784,99.75,17.6471,17.6471,0,-0.609375,40.6469,15.75,15.75,15.75
50.571,0,0,0,0,1.16681,0.99997,0.980775,4,1,1,1,0,1,1.0249,0,1.17188,25.6945,26.3611,25.3889,1817.25,1090,1002.66,970,1238.32,74.1094,126.023,127.523,73.8281,77.2031,486.405,35.25,5.1,3.28267,5.796,99.75,18.0392,18.0392,0,-0.4375,40.6469,15.75,15.75,15.75
50.604,0,0,0,0,1.16168,0.99997,0.980897,4,1,1,1,0,1,1.02319,0,1.17188,25.6945,26.4722,25.7778,1821.5,1090,1002.85,970,1235.7,74.1563,126.023,127.523,75.0938,77.2031,486.405,35.25,5.116,3.26934,5.812,99.75,18.0392,18.0392,0,-0.828125,40.6469,15.75,15.75,15.75
50.638,0,0,0,0,1.16077,0.99997,0.98404,4,1,1,1,0,1,1.02832,0,1.17188,25.8056,26.1389,25.25,1824,1090,1001.8,970,1235.7,74.1328,126.328,127.969,73.0547,77.1094,486.405,35.25,5.116,3.29334,5.812,99.75,18.0392,18.0392,0,-0.84375,40.6469,15.75,15.75,15.75
50.671,0,0,0,0,1.15875,0.99997,0.987489,4,1,1,1,0,1,1.02832,0,1.17188,25.75,26.1667,25.75,1823.5,1090,1001.25,970,1235.7,74.0859,126.586,127.875,74.2969,77.1563,486.405,35.25,5.172,3.328,5.86,99.75,18.0392,18.4314,0,-0.515625,40.6469,15.75,15.75,15.75
50.704,0,0,0,0,1.15808,0.99997,0.990571,4,1,1,1,0,1,1.03003,0,1.17188,25.8056,26.5278,25.9445,1828.25,1090,1002.34,970,1235.7,74.1328,126.586,127.875,74.5313,77.2734,488.436,35.25,5.168,3.328,5.856,99.75,18.4314,18.4314,0,-0.328125,40.6469,15.75,15.75,15.75
50.738,0,0,0,0,1.15405,0.99997,0.993714,4,1,1,1,0,1,1.02832,0,1.17188,26,26.2222,26.1389,1833.75,1090,1003.75,970,1233.05,74.3438,126.68,128.414,75.3984,77.2969,488.436,35.25,5.208,3.35467,5.896,99.75,18.4314,18.4314,0,-0.53125,40.6469,15.75,15.75,15.75
50.771,0,0,0,0,1.1543,0.99997,0.9982,4,1,1,1,0,1,1.02832,0,1.17188,26.0556,26.1389,26.3334,1835.5,1090,1007.7,970,1233.05,74.6484,127.055,128.461,75.4922,77.2734,488.436,35.25,5.252,3.38134,5.94,99.75,18.4314,18.8235,0,-0.875,40.6469,15.75,15.75,15.75
50.804,0,0,0,0,1.15515,0.99997,1.00086,4,1,1,1,0,1,1.02661,0,1.17188,26.1111,26.2778,26.1667,1837.25,1090,1007.97,970,1233.05,74.6484,127.055,128.461,74.8359,77.2969,488.436,35.25,5.268,3.392,5.956,99.75,18.4314,18.8235,0,-0.859375,40.6469,15.75,15.75,15.75
50.838,0,0,0,0,1.15424,0.99997,1.00537,4,1,1,1,0,1,1.02832,0,1.17188,26.2778,26.9167,26.5556,1843.75,1090,1007.7,970,1233.05,74.6953,127.195,128.836,75.5625,77.3672,488.436,35.25,5.272,3.408,5.96,99.75,18.8235,18.8235,0,-0.40625,40.6469,16.5,16.5,15.75
50.871,0,0,0,0,1.15076,0.99997,1.00894,4,1,1,1,0,1,1.02319,0,1.17188,26.2778,26.4167,26.1945,1840.75,1090,1008.71,970,1230.43,74.7891,127.477,128.977,75.0469,77.3672,488.436,35.25,5.224,3.32,5.92,99.75,18.8235,18.8235,0,-0.421875,40.6469,16.5,16.5,15.75
50.904,0,0,0,0,1.15033,0.99997,1.01166,4,1,1,1,0,1,1.02149,0,1.17188,26.2778,26.5278,27.1667,1843,1090,1012.77,970,1230.43,75.1172,127.477,128.977,77.5078,77.4609,490.526,35.25,5.272,3.344,5.968,99.75,18.8235,19.2157,0,-0.796875,40.6469,16.5,16.5,15.75
50.938,0,0,0,0,1.15161,0.99997,1.01404,4,1,1,1,0,1,1.02002,0,1.17188,26.5556,26.5,26.9167,1850,1090,1014.77,970,1230.43,75.2578,127.57,128.906,76.4531,77.4375,490.526,35.25,5.276,3.38134,5.972,99.75,19.2157,19.2157,0,-0.859375,40.6469,16.5,16.5,15.75
50.971,0,0,0,0,1.15265,0.99997,1.01669,4,1,1,1,0,1,1.02319,0,1.17188,26.6945,26.8334,26.8334,1857.75,1100,1017.15,970,1230.43,75.4453,128.039,129.703,75.75,78.0234,490.526,35.25,5.292,3.39467,5.98,99.75,19.2157,19.6078,0,-0.703125,41.007,15.75,15.75,15.75
51.004,0,0,0,0,1.15295,0.99997,1.01938,4,1,1,1,0,1,1.02661,0,1.17188,26.8611,26.9445,27.1667,1856.25,1100,1019.53,970,1230.43,75.9609,128.039,129.703,76.7109,78.1172,490.526,35.25,5.34,3.424,6.028,99.75,19.2157,19.6078,0,-0.28125,41.007,15.75,15.75,15.75
51.038,0,0,0,0,1.15228,0.99997,1.02081,4,1,1,1,0,1,1.03003,0,1.17188,26.8611,26.8056,26.8056,1856,1100,1021.13,970,1230.43,76.0313,128.203,129.398,75.6563,78.5156,490.526,35.25,5.34,3.45867,6.028,99.75,19.6078,20,0,-0.125,41.007,15.75,15.75,15.75
51.071,0,0,0,0,1.15308,0.99997,1.02316,4,1,1,1,0,1,1.03198,0,1.17188,27.1389,27.7222,27.4167,1868.25,1110,1023.13,970,1230.43,76.1953,128.227,130.266,76.875,79.0313,490.526,35.25,5.34,3.44267,6.028,99.75,20,20,0,-0.703125,41.3671,15.75,15.75,15.75
51.104,0,0,0,0,1.15228,0.99997,1.02564,4,1,1,1,0,1,1.03394,0,1.17188,27.25,27.5,27.4167,1869,1110,1024.41,970,1230.43,76.4766,128.227,130.266,76.8516,78.9609,492.694,35.25,5.388,3.46134,6.076,99.75,20,20,0,-0.875,41.3671,15.75,15.75,15.75
51.138,0,0,0,0,1.14923,0.99997,1.02734,4,1,1,1,0,1,1.03198,0,1.17188,27.1945,27.1389,27.2778,1866.75,1110,1025.7,970,1227.77,76.5469,128.742,130.078,77.1563,79.125,492.694,35.25,5.556,3.48267,6.244,99.75,20,20,0,-0.71875,41.3671,15.75,15.75,15.75
51.171,0,0,0,0,1.15228,0.99997,1.02884,4,1,1,1,0,1,1.03003,0,1.17188,27.3334,27.3056,27.8334,1867.75,1110,1028.63,970,1230.43,76.7813,128.648,130.242,77.9297,79.0781,492.694,35.25,5.552,3.62134,6.24,99.75,20,20.3922,0,-0.328125,41.3671,15.75,15.75,15.75
51.204,0,0,0,0,1.15344,0.99997,1.03098,4,1,1,1,0,1,1.03198,0,1.17188,27.3889,27.6111,28.0278,1879.25,1120,1030.59,970,1230.43,76.9688,128.648,130.242,78.0703,79.8516,492.694,35.25,5.564,3.632,6.252,99.75,20,20.3922,0,-0.265625,41.7257,15.75,15.75,15.75
51.238,0,0,0,0,1.15399,0.99997,1.03201,4,1,1,0.983888,0,1,1.03003,0,1.17188,27.7222,27.5278,27.7778,1884.25,1110,1030.59,970,1230.43,77.1563,129.07,131.25,77.1797,79.6641,492.694,35.25,5.592,3.65334,6.28,99.75,20,20.3922,0,-0.8125,41.7257,15.75,15.75,15.75
51.271,0,0,0,0,1.15363,0.99997,1.03378,4,1,1,0.978273,0,0.983888,1.0249,0,1.17188,27.6667,28.6111,28.3056,1877.25,1110,1034.1,970,1230.43,77.3672,129.656,130.781,79.0313,79.4531,492.694,35.25,5.64,3.70667,6.336,99.75,20.3922,20.3922,0,-0.6875,41.7257,15,15,15
51.304,0,0,0,0,1.15265,0.99997,1.03565,4,1,1,0.978273,0,0.983888,1.02319,0,1.17188,27.7222,28.1945,28.1945,1876.75,1120,1035.23,970,1230.43,77.4609,129.656,130.781,78.1406,79.7344,494.842,35.25,5.676,3.73334,6.372,99.75,20.3922,20.3922,0,-0.53125,41.7257,15.75,15.75,15
51.338,0,0,0,0,1.15558,0.99997,1.03766,4,1,1,0.973878,0,0.983888,1.02149,0,1.17188,27.9445,28.3334,28.1389,1888.75,1120,1036.68,970,1233.05,77.6016,129.352,130.945,77.5547,79.7578,494.842,35.25,5.66,3.73334,6.356,99.75,20.3922,20.3922,0,-0.453125,41.7257,15.75,15.75,15
51.371,0,0,0,0,1.15802,0.99997,1.04331,4,1,1,0.970705,0,0.973878,1.02002,0,1.17188,28.0278,28.1389,28.1945,1895.5,1110,1036.37,970,1235.7,77.6016,129.703,131.742,77.0859,79.2422,494.842,35.25,5.716,3.76267,6.404,99.75,20.3922,20.3922,0,-0.921875,41.7257,15,15,14.25
51.404,0,0,0,0,1.15802,0.99997,1.04428,4,1,1,0.970705,0,0.973878,1.0166,0,1.17188,28.0834,28.1389,28.5556,1893.5,1100,1038.28,970,1235.7,77.9063,129.703,131.742,78.3516,79.125,494.842,35.25,5.76,3.77334,6.448,99.75,20.3922,20.3922,0,-0.625,41.7257,15.75,15.75,14.25
51.438,0,0,0,0,1.15839,0.99997,1.04688,4,1,1,0.968263,0,0.973878,1.01148,0,1.17188,28.1389,28.5,28.6945,1895.25,1110,1039.8,970,1235.7,78.0234,130.242,131.648,78.9375,79.3594,494.842,35.25,5.756,3.79467,6.444,99.75,20.3922,20.3922,0,-0.71875,41.7257,15.75,15.75,14.25
51.471,0,0,0,0,1.15851,0.99997,1.05008,4,1,1,0.968263,0,0.968263,1.01001,0,1.17188,28.25,27.9445,28.6945,1900,1100,1041.02,970,1235.7,78.1172,130.242,131.648,78.8672,78.8203,494.842,35.25,5.808,3.84267,6.496,99.75,20.3922,20.3922,0,-0.390625,41.7257,15.75,15.75,15.75
51.504,0,0,0,0,1.16278,0.99997,1.05478,4,1,1,0.96631,0,0.968263,1.00733,0,1.17188,28.3056,28.3611,28.7222,1901,1100,1041.37,970,1238.32,78.2109,130.266,132,78.5391,79.0781,497.948,35.25,5.816,3.872,6.504,99.75,20.3922,20.3922,0,-0.5625,41.7257,15,15,15.75
51.538,0,0,0,0,1.1629,0.99997,1.05768,4,1,1,0.965089,0,0.968263,1.00611,0,1.17188,28.5278,28.25,28.8611,1910,1110,1042.62,970,1238.32,78.375,130.57,132.234,78.7969,79.4063,497.948,35.25,5.856,3.89067,6.544,99.75,20.3922,20.3922,0,-0.703125,41.7257,15,15,14.25
51.571,0,0,0,0,1.164,0.99997,1.06259,4,1,1,0.963869,0,0.965089,1.00171,0,1.17188,28.6389,28.2778,28.7778,1914.75,1100,1042.7,970,1238.32,78.4922,130.898,132.75,78.5625,79.1953,497.948,35.25,5.888,3.904,6.584,100.5,20.3922,20.3922,0,-0.578125,41.7257,15,15,14.25
51.604,0,0,0,0,1.16773,0.99997,1.06433,4,1,1,0.963869,0,0.965089,1,0,1.17188,28.6389,29.0834,28.7778,1914,1100,1041.99,970,1240.98,78.4453,130.898,132.75,78.0234,79.4297,497.948,35.25,5.864,3.90934,6.56,100.5,20.3922,20.7843,0,-0.375,41.7257,15,15,14.25
51.638,0,0,0,0,1.16827,0.99997,1.06635,4,1,1,0.963136,0,0.965089,0.995607,0,1.17188,28.5834,29.0278,28.8056,1913.25,1110,1041.09,970,1243.59,78.3516,131.203,132.633,78.4219,79.6172,497.948,35.25,5.864,3.90934,6.56,100.5,20.3922,20.7843,0,-0.515625,41.7257,15,15,14.25
51.671,0,0,0,0,1.16699,0.99997,1.06894,4,1,1,0.962648,0,0.963136,0.989992,0,1.17188,28.7222,29.1667,28.6389,1924.5,1110,1039.92,970,1243.63,78.2813,131.32,133.313,77.3672,79.5,497.948,35.25,5.86,3.91467,6.548,99.75,20.3922,20.3922,0,-0.671875,41.7257,15,15,14.25
51.704,0,0,0,0,1.16541,0.99997,1.07108,4,1,1,0.962648,0,0.963136,0.988527,0,1.17188,28.7778,29.1111,29.0556,1928.75,1110,1040.16,970,1243.63,78.4219,131.32,133.313,78.5625,79.5938,500.116,35.25,5.9,3.928,6.588,99.75,20.3922,20.3922,0,-0.765625,41.7257,15.75,15.75,14.25
51.738,0,0,0,0,1.1676,0.99997,1.07279,4,1,1,0.96216,0,0.963136,0.988527,0,1.17188,28.7778,28.8889,29.3889,1926.5,1110,1041.52,970,1246.25,78.5391,131.766,133.313,79.125,79.6875,500.116,35.25,5.928,3.95467,6.616,99.75,20.3922,20.3922,0,-0.46875,41.7257,15.75,15.75,14.25
51.771,0,0,0,0,1.16846,0.99997,1.07565,4,1,1,0.958009,0,0.96216,0.987306,0,1.17188,29,29.0834,29.6389,1931,1100,1045.08,970,1246.25,78.8203,131.859,133.664,79.8984,79.1484,500.116,35.25,5.952,3.984,6.632,99.75,20.3922,20.3922,0,-0.109375,41.7257,15.75,15.75,15.75
51.804,0,0,0,0,1.17206,0.99997,1.07587,4,1,1,0.958009,0,0.96216,0.983644,0,1.17188,29.1111,28.8889,29.1111,1935.25,1100,1045.7,970,1248.87,78.9375,131.859,133.664,78.5156,79.3594,500.116,35.25,5.952,3.992,6.632,99.75,20.3922,20.3922,0,-0.75,41.7257,15.75,15.75,15.75
51.838,0,0,0,0,1.17206,0.99997,1.07709,4,1,1,0.954835,0,0.96216,0.979982,0,1.17188,29.1667,29.3889,29.3334,1938.5,1100,1044.49,970,1248.91,78.9141,132.211,134.016,78.6328,79.2891,500.116,35.25,5.944,3.98934,6.624,99.75,20.3922,20.3922,0,-0.671875,41.7257,15.75,15.75,15.75
51.871,0,0,0,0,1.17389,0.99997,1.07791,4,1,1,0.952394,0,0.954835,0.973634,0,1.17188,29.1667,29.6389,29.3334,1940,1100,1043.09,970,1251.56,78.8203,132.469,134.156,78.2813,79.3125,500.116,35.25,5.968,4.02401,6.664,99.75,20.3922,20.3922,0,-0.65625,41.7257,15.75,15.75,15.75
51.904,0,0,0,0,1.17291,0.99997,1.07932,4,1,1,0.952394,0,0.954835,0.973634,0,1.17188,29.2222,29.2222,29.0834,1946.5,1100,1041.48,970,1251.56,78.7266,132.469,134.156,77.7188,79.4766,502.264,35.25,5.98,4.01601,6.676,99.75,20.3922,20.3922,0,-0.171875,41.7257,16.5,16.5,15.75
51.938,0,0,0,0,1.172,0.99997,1.07916,4,1,1,0.950685,0,0.954835,0.972414,0,1.17188,29.2222,29.3056,29.3334,1949.5,1100,1040.86,970,1251.56,78.7266,132.656,134.461,78.4922,79.5938,502.264,35.25,5.988,4.02134,6.684,99.75,20.3922,20.3922,0,-0.203125,41.7257,16.5,16.5,15.75
51.971,0,0,0,0,1.17407,0.99997,1.08194,4,1,1,0.949464,0,0.950685,0.971193,0,1.17188,29.2222,29.9722,29.2778,1948.75,1100,1039.02,970,1254.18,78.5859,132.891,134.625,77.9063,79.125,502.264,35.25,5.96,4.00534,6.656,99.75,20.3922,20.3922,0,-0.640625,41.7257,15.75,15.75,15
52.004,0,0,0,0,1.17267,0.99997,1.08069,4,1,1,0.949464,0,0.950685,0.968507,0,1.17188,29.3056,29.3056,29.3334,1953.25,1100,1039.61,970,1254.18,78.6797,132.891,134.625,78.1875,79.1484,502.264,35.25,5.992,4.06667,6.688,99.75,20.3922,20.3922,0,-0.78125,41.7257,15.75,15.75,15
52.038,0,0,0,0,1.17358,0.99997,1.08249,4,1,1,0.948244,0,0.950685,0.969972,0,1.17188,29.4167,29.5556,29.5556,1958,1100,1040.55,970,1256.8,78.8203,133.125,135.07,78.7734,79.2188,502.264,35.25,5.992,4.02667,6.688,99.75,20.3922,20.3922,0,-0.453125,41.7257,15.75,15.75,15
52.071,0,0,0,0,1.17273,0.99997,1.08579,4,1,1,0.947511,0,0.948244,0.969972,0,1.17188,29.4167,29.5278,29.8889,1964.5,1090,1039.41,970,1256.84,78.75,133.547,135.516,79.1953,79.0781,502.264,35.25,6.056,4.06667,6.744,100.5,20.3922,20.3922,0,-0.375,41.7257,15.75,15.75,15
52.104,0,0,0,0,1.17499,0.99997,1.0874,4,1,1,0.947511,0,0.948244,0.971193,0,1.17188,29.5278,29.5834,30.0278,1964,1100,1041.02,970,1259.45,78.9609,133.547,135.516,79.1953,79.3125,505.174,35.25,6.088,4.08534,6.776,100.5,20.3922,20.3922,0,-0.546875,41.7257,15.75,15.75,15
52.138,0,0,0,0,1.17603,0.99997,1.0892,4,1,1,0.947023,0,0.948244,0.969972,0,1.17188,29.5834,29.1389,29.6667,1969,1100,1040.51,970,1259.45,78.9141,133.875,135.539,78.375,79.4766,505.174,35.25,6.112,4.10934,6.8,100.5,20.3922,20.3922,0,-0.84375,41.7257,15.75,15.75,15
52.171,0,0,0,0,1.1803,0.99997,1.09207,4,1,1,0.940675,0,0.947023,0.967287,0,1.17188,29.6389,29.6389,29.5556,1974.75,1090,1038.36,970,1262.11,78.75,134.016,136.102,77.4609,79.2656,505.174,35.25,6.08,4.08801,6.768,99.75,20.3922,20.3922,0,-0.734375,41.7257,15.75,15.75,15
52.204,0,0,0,0,1.17902,0.99997,1.09375,4,1,1,0.940675,0,0.947023,0.966066,0,1.17188,29.6389,29.8056,30.1389,1974.25,1100,1038.13,970,1262.11,78.8438,134.016,136.102,79.4063,79.5,505.174,35.25,6.128,4.09334,6.816,99.75,20.3922,20.3922,0,-0.234375,41.7257,15.75,15.75,15
52.238,0,0,0,0,1.18158,0.99997,1.09424,4,1,1,0.936037,0,0.947023,0.961183,0,1.17188,29.75,30.1111,29.75,1976.25,1100,1038.83,970,1264.73,78.8906,134.391,136.078,78.5156,79.5703,505.174,35.25,6.088,4.09334,6.776,99.75,20.3922,20.3922,0,-0.65625,41.7257,15.75,15.75,15
52.271,0,0,0,0,1.18005,0.99997,1.09567,4,1,1,0.932619,0,0.936037,0.958498,0,1.17188,29.8611,29.7222,30.0556,1984.75,1120,1039.34,970,1264.77,78.9375,134.508,136.688,78.7969,80.9766,505.174,35.25,6.208,4.17067,6.904,99.75,20.3922,20.3922,0,-0.5625,42.446,15,15,14.25
52.304,0,0,0,0,1.1825,0.99997,1.09519,4,1,1,0.932619,0,0.936037,0.954835,0,1.17188,29.9722,29.8889,30.1667,1984.5,1120,1039.96,970,1267.38,79.0781,134.508,136.688,78.7031,81.1172,507.088,35.25,6.216,4.17334,6.912,99.75,20.3922,20.3922,0,-0.671875,42.446,15.75,15.75,14.25
52.338,0,0,0,0,1.18268,0.99997,1.09506,4,1,1,0.929933,0,0.936037,0.952394,0,1.17188,30,29.8889,30.5834,1986,1120,1042.11,970,1267.38,79.2656,134.953,136.758,80.1328,81.2109,507.088,35.25,6.256,4.21067,6.952,99.75,20.3922,20.3922,0,-0.25,42.446,15.75,15.75,14.25
52.371,0,0,0,0,1.18518,0.99997,1.0972,4,1,1,0.927736,0,0.929933,0.948488,0,1.17188,30.0556,30.6111,30.5834,1997.5,1110,1040.66,970,1270,79.2188,135.094,137.063,79.3359,80.6953,507.088,35.25,6.276,4.21601,6.964,99.75,20.3922,20.3922,0,-0.4375,42.446,15.75,15.75,16.5
52.404,0,0,0,0,1.1817,0.99997,1.09686,4,1,1,0.927736,0,0.929933,0.947267,0,1.17188,30.2778,30.0556,30.1945,1998.75,1110,1042.27,970,1267.38,79.3594,135.094,137.063,79.0781,80.7656,507.088,35.25,6.284,4.24001,6.972,99.75,20.3922,20.3922,0,-0.78125,42.446,16.5,16.5,17.25
52.438,0,0,0,0,1.18488,0.99997,1.09723,4,1,1,0.926271,0,0.929933,0.943605,0,1.17188,30.2222,30.4167,30.5834,1996.5,1110,1042.85,970,1270.04,79.4531,135.375,137.391,79.7344,80.9531,507.088,35.25,6.296,4.23201,6.984,99.75,20.3922,20.3922,0,-0.734375,42.446,15.75,15.75,16.5
52.471,0,0,0,0,1.18463,0.99997,1.10031,4,1,1,0.925294,0,0.926271,0.943605,0,1.17188,30.3334,31.1111,30.75,2000.75,1110,1042.77,970,1270.04,79.4531,135.633,137.602,79.5938,80.8828,507.088,35.25,6.284,4.23467,6.972,99.75,20.3922,20.3922,0,-0.625,42.446,15.75,15.75,16.5
52.504,0,0,0,0,1.18536,0.99997,1.10098,4,1,1,0.925294,0,0.926271,0.944826,0,1.17188,30.3334,30.5278,30.8334,2009,1110,1042.11,970,1272.7,79.4297,135.633,137.602,79.7109,80.9766,509.042,35.25,6.344,4.23467,7.032,99.75,20.3922,20.3922,0,-0.28125,42.446,16.5,16.5,17.25
52.538,0,0,0,0,1.18494,0.99997,1.10092,4,1,1,0.924318,0,0.926271,0.939943,0,1.17188,30.4445,31.0278,30.5834,2014.5,1110,1040.66,970,1272.7,79.3125,135.75,138.328,79.1016,81.0938,509.042,35.25,6.288,4.23201,6.976,99.75,20.3922,20.3922,0,-0.875,42.446,16.5,16.5,17.25
52.571,0,0,0,0,1.1864,0.99997,1.10413,4,1,1,0.919923,0,0.924318,0.938722,0,1.17188,30.4445,31.0556,30.6945,2011.25,1110,1041.48,970,1275.31,79.3828,136.805,138.188,79.2891,81.1172,509.042,34.5,6.328,4.26134,7.016,99.75,20.3922,20.3922,0,-0.578125,42.446,16.5,16.5,17.25
52.604,0,0,0,0,1.18768,0.99997,1.10333,4,1,1,0.919923,0,0.924318,0.934328,0,1.17188,30.5556,31.1945,30.9445,2014.5,1120,1040.82,970,1277.97,79.5234,136.805,138.188,79.4766,81.8906,509.042,34.5,6.36,4.28267,7.048,99.75,20.3922,20.3922,0,-0.703125,42.8061,16.5,16.5,17.25
52.638,0,0,0,0,1.18677,0.99997,1.10452,4,1,1,0.916505,0,0.924318,0.935304,0,1.17188,30.6945,30.6111,30.8889,2022.5,1130,1042.07,970,1277.97,79.6172,136.359,138.703,79.2891,82.4766,509.042,34.5,6.388,4.30401,7.076,99.75,20.3922,20.3922,0,0.015625,42.8061,16.5,16.5,17.25
52.671,0,0,0,0,1.18677,0.99997,1.10492,4,1,1,0.91382,0,0.916505,0.93091,0,1.17188,30.6389,31.0834,31.3056,2024.5,1130,1042.73,970,1277.97,79.6641,136.898,138.773,80.6484,82.4531,509.042,34.5,6.46,4.32534,7.148,99.75,20.3922,20.7843,0,-0.578125,42.8061,15.75,15.75,16.5
52.704,0,0,0,0,1.18903,0.99997,1.10498,4,1,1,0.91382,0,0.916505,0.929933,0,1.17188,30.8611,31.1389,31.1667,2026.25,1120,1044.22,970,1280.55,79.7813,136.898,138.773,79.7578,82.125,510.897,34.5,6.464,4.36267,7.152,99.75,20.3922,20.7843,0,-0.8125,42.8061,16.5,16.5,16.5
52.738,0,0,0,0,1.18897,0.99997,1.10431,4,1,1,0.912111,0,0.916505,0.925539,0,1.17188,30.9167,31.1389,31.3889,2034.25,1140,1044.8,970,1280.59,79.8281,136.969,139.383,80.3438,83.2031,510.897,34.5,6.464,4.35734,7.152,99.75,20.3922,20.7843,0,-0.609375,43.1647,17.25,17.25,16.5
52.771,0,0,0,0,1.19183,0.99997,1.10648,4,1,1,0.910646,0,0.912111,0.924318,0,1.17188,30.9722,31.8334,31.25,2034.25,1140,1044.1,970,1283.24,79.7578,137.602,139.523,79.7578,83.1563,510.897,34.5,6.468,4.36001,7.148,99.75,20.7843,20.7843,0,-0.578125,43.1647,17.25,17.25,16.5
52.804,0,0,0,0,1.18945,0.99997,1.10574,4,1,1,0.910646,0,0.912111,0.926515,0,1.17188,30.9167,31.5556,31.8056,2040.5,1140,1046.33,970,1283.2,79.9453,137.602,139.523,81.1172,83.2031,510.897,34.5,6.508,4.37334,7.188,99.75,20.7843,20.7843,0,-0.328125,43.1647,17.25,17.25,16.5
52.838,0,0,0,0,1.19165,0.99997,1.10544,4,1,1,0.909425,0,0.912111,0.924318,0,1.17188,31.1389,32.1111,31.5834,2046.25,1150,1045.63,970,1285.86,79.875,137.766,140.039,79.8984,84.2813,510.897,34.5,6.46,4.36267,7.14,99.75,20.7843,20.7843,0,-0.953125,43.5248,17.25,17.25,16.5
52.871,0,0,0,0,1.18884,0.99997,1.10846,4,1,1,0.904787,0,0.909425,0.922121,0,1.17188,31.1389,31.9445,31.1945,2044.75,1150,1044.45,970,1285.9,79.7813,138.305,140.109,79.3359,84.2813,510.897,34.5,6.492,4.37867,7.196,99.75,20.7843,20.7843,0,-0.734375,43.5248,17.25,17.25,16.5
52.904,0,0,0,0,1.18701,0.99997,1.10785,4,1,1,0.904787,0,0.909425,0.918703,0,1.17188,31.1945,32.0834,31.8611,2043,1160,1048.09,970,1285.9,80.0859,138.305,140.109,81.3516,84.4219,513.553,34.5,6.548,4.41067,7.252,99.75,20.7843,21.1765,0,-0.3125,43.5248,17.25,17.25,16.5
52.938,0,0,0,0,1.1864,0.99997,1.10916,4,1,1,0.901124,0,0.909425,0.919923,0,1.17188,31.4445,31.6667,31.8611,2051.75,1160,1051.13,970,1285.9,80.3203,138.375,140.32,81.1172,84.6563,513.553,34.5,6.584,4.44801,7.288,99.75,21.1765,21.1765,0,-0.578125,43.5248,17.25,17.25,16.5
52.971,0,0,0,0,1.18768,0.99997,1.11038,4,1,1,0.898683,0,0.901124,0.918703,0,1.17188,31.6111,32.1111,32.0834,2061,1160,1052.66,970,1288.52,80.4609,138.586,141.047,80.9766,84.5625,513.553,34.5,6.656,4.49601,7.344,99.75,21.1765,21.1765,0,-0.578125,43.5248,16.5,16.5,15.75
53.004,0,0,0,0,1.1897,0.99997,1.11066,4,1,1,0.898683,0,0.901124,0.917726,0,1.17188,31.6111,32.3334,31.9167,2056.75,1160,1054.06,970,1291.13,80.5313,138.586,141.047,80.9297,84.7031,513.553,34.5,6.644,4.50401,7.332,99.75,21.1765,21.1765,0,-0.703125,43.5248,17.25,17.25,15.75
53.038,0,0,0,0,1.18634,0.99997,1.11124,4,1,1,0.896486,0,0.901124,0.915529,0,1.17188,31.6667,32.2222,31.9445,2061.25,1160,1054.14,970,1291.17,80.5547,139.359,140.836,80.4844,84.75,513.553,34.5,6.668,4.51201,7.356,99.75,21.1765,21.5686,0,-0.34375,43.5248,17.25,17.25,15.75
53.071,0,0,0,0,1.18463,0.99997,1.11258,4,1,1,0.895021,0,0.896486,0.908937,0,1.17188,31.8889,32.1667,32.3056,2072.25,1160,1055.94,970,1291.17,80.7188,139.148,141.703,81.3516,85.0547,513.553,34.5,6.732,4.55467,7.42,99.75,21.1765,21.5686,0,-0.515625,43.5248,17.25,17.25,15
53.104,0,0,0,0,1.18665,0.99997,1.11267,4,1,1,0.895021,0,0.896486,0.907716,0,1.17188,31.9445,32.2222,32.6389,2070.75,1170,1058.75,970,1293.83,80.9063,139.148,141.703,81.75,85.5938,515.35,34.5,6.74,4.54934,7.428,99.75,21.1765,21.5686,0,-0.75,43.5248,17.25,17.25,15
53.138,0,0,0,0,1.18689,0.99997,1.11264,4,1,1,0.894044,0,0.896486,0.904542,0,1.17188,32.0834,32.2778,32.6945,2070.5,1160,1062.62,970,1293.83,81.2344,140.039,141.469,82.2422,85.0547,515.35,34.5,6.776,4.59201,7.464,99.75,21.5686,21.5686,0,-0.5,43.5248,17.25,17.25,22.5
53.171,0,0,0,0,1.19013,0.99997,1.11429,4,1,1,0.893068,0,0.894044,0.903322,0,1.17188,32.4167,32.9722,32.7778,2085.25,1160,1066.09,970,1296.45,81.5391,139.828,142.43,81.5625,84.9375,515.35,34.5,6.796,4.60801,7.484,99.75,21.5686,21.5686,0,-0.515625,43.5248,17.25,17.25,22.5
53.204,0,0,0,0,1.18958,0.99997,1.11447,4,1,1,0.893068,0,0.894044,0.903322,0,1.17188,32.4167,32.8056,32.75,2084.5,1170,1066.84,970,1296.45,81.5859,139.828,142.43,81.7969,85.4531,515.35,34.5,6.812,4.62667,7.5,99.75,21.5686,21.9608,0,-0.359375,43.5248,17.25,17.25,22.5
53.238,0,0,0,0,1.19141,0.99997,1.11429,4,1,1,0.892579,0,0.894044,0.901124,0,1.17188,32.5278,33.25,33.0556,2084.25,1170,1069.06,970,1299.1,81.7734,140.813,142.219,82.2656,85.3594,515.35,34.5,6.82,4.63201,7.508,99.75,21.9608,21.9608,0,-0.78125,43.5248,17.25,17.25,22.5
53.271,0,0,0,0,1.19281,0.99997,1.1152,4,1,1,0.886232,0,0.892579,0.897706,0,1.17188,32.7222,33.6111,33.1945,2094.25,1170,1071.52,970,1301.72,81.9844,140.625,142.945,82.0781,85.2422,515.35,34.5,6.848,4.65334,7.536,99.75,21.9608,21.9608,0,-0.625,43.5248,17.25,17.25,23.25
53.304,0,0,0,0,1.19147,0.99997,1.11508,4,1,1,0.886232,0,0.892579,0.89673,0,1.17188,32.7778,32.8611,32.8611,2097.5,1190,1071.09,970,1301.72,81.9375,140.625,142.945,81.4453,87.0703,517.987,34.5,6.864,4.65334,7.552,99.75,21.9608,21.9608,0,-0.5625,43.8849,17.25,17.25,15.75
53.338,0,0,0,0,1.19293,0.99997,1.11618,4,1,1,0.881349,0,0.892579,0.901124,0,1.17188,32.7222,33.2778,33.1389,2092.75,1190,1072.42,970,1304.34,82.0547,141.352,142.922,82.6641,86.9766,517.987,34.5,6.868,4.66934,7.556,99.75,21.9608,21.9608,0,-0.296875,43.8849,17.25,17.25,15.75
53.371,0,0,0,0,1.1947,0.99997,1.11707,4,1,1,0.877931,0,0.881349,0.901124,0,1.17188,33,34.1111,32.8334,2106.5,1190,1072.38,970,1307.03,82.0781,141.352,143.648,80.5781,86.9063,517.987,34.5,6.972,4.74134,7.66,99.75,21.9608,22.3529,0,-0.609375,43.8849,16.5,16.5,15.75
53.404,0,0,0,0,1.19208,0.99997,1.11749,4,1,1,0.877931,0,0.881349,0.901124,0,1.17188,33,34.7222,33.4445,2111,1200,1074.06,970,1307.03,82.1953,141.352,143.648,82.3125,88.125,517.987,34.5,6.952,4.73334,7.64,99.75,22.3529,22.3529,0,-0.671875,44.245,17.25,17.25,15.75
53.438,0,0,0,0,1.19092,0.99997,1.11789,4,1,1,0.875245,0,0.881349,0.897706,0,1.17188,33.1667,34.25,33.7778,2107.5,1200,1077.23,970,1309.61,82.4531,142.078,143.578,83.625,88.1484,517.987,34.5,6.976,4.74401,7.664,99.75,22.3529,22.3529,0,-0.640625,44.245,16.5,16.5,15.75
53.471,0,0,0,0,1.19006,0.99997,1.1225,4,1,1,0.873292,0,0.875245,0.89673,0,1.17188,33.5278,33.5556,34.5,2115.75,1200,1084.57,970,1309.65,83.0625,142.031,144.188,84.7969,88.0547,517.987,34.5,7.16,4.86934,7.848,99.75,22.3529,22.7451,0,-0.390625,44.245,16.5,16.5,15.75
53.504,0,0,0,0,1.19415,0.99997,1.1218,4,1,1,0.873292,0,0.875245,0.897706,0,1.17188,33.6389,33.8611,34.5278,2121,1220,1088.2,970,1312.3,83.3672,142.031,144.188,84.3281,89.2969,519.803,34.5,7.192,4.89601,7.88,99.75,22.7451,22.7451,0,-0.421875,44.6036,16.5,16.5,15.75
53.538,0,0,0,0,1.19507,0.99997,1.12253,4,1,1,0.871583,0,0.875245,0.894533,0,1.17188,33.6945,34.7222,34.0278,2118,1220,1088.75,970,1312.3,83.3906,142.641,144.68,83.0156,89.3203,519.803,34.5,7.156,4.87734,7.844,99.75,22.7451,22.7451,0,-0.796875,44.6036,16.5,16.5,15.75
53.571,0,0,0,0,1.19629,0.99997,1.12604,4,1,1,0.870607,0,0.871583,0.890138,0,1.17188,34,33.5834,34.3056,2126.25,1220,1094.49,970,1314.96,83.8828,143.508,144.797,83.9063,89.7422,519.803,34.5,7.348,5.00001,8.044,100.5,22.7451,23.1373,0,-0.671875,44.6036,15.75,15.75,15
53.604,0,0,0,0,1.19971,0.99997,1.12705,4,1,1,0.870607,0,0.871583,0.890138,0,1.17188,34.1667,34.3056,34.6111,2132,1240,1096.02,970,1317.54,84.2109,143.508,144.797,84.7031,90.8906,519.803,34.5,7.332,4.99734,8.028,100.5,23.1373,23.1373,0,-0.234375,44.9637,16.5,16.5,15
53.638,0,0,0,0,1.2027,0.99997,1.12808,4,1,1,0.86963,0,0.871583,0.888917,0,1.17188,34.3889,34.7778,34.8334,2134,1240,1099.3,970,1320.2,84.4922,143.273,145.289,84.8438,91.4297,519.803,34.5,7.356,5.01601,8.052,100.5,23.1373,23.1373,0,-0.640625,44.9637,16.5,16.5,15
53.671,0,0,0,0,1.20093,0.99997,1.13019,4,1,1,0.865236,0,0.86963,0.883546,0,1.17188,34.5556,37.3889,35.1945,2135.25,1240,1103.59,970,1320.23,84.8672,143.813,145.313,85.7344,91.4531,519.803,34.5,7.316,4.98934,8.004,99.75,23.9216,23.9216,0,-0.859375,44.9637,16.5,16.5,15
53.704,0,0,0,0,1.19647,0.99997,1.12912,4,1,1,0.865236,0,0.86963,0.875245,0,1.17188,34.75,35.3334,35.6945,2143,1240,1109.34,970,1320.23,85.3594,143.813,145.313,86.9063,91.1719,522.538,34.5,7.448,5.05334,8.136,99.75,23.9216,24.3137,0,-0.4375,44.9637,16.5,16.5,15
53.738,0,0,0,0,1.20014,0.99997,1.13001,4,1,1,0.861818,0,0.86963,0.875245,0,1.17188,35.0834,35.1389,35.7778,2146,1240,1113.98,970,1322.85,85.7344,143.859,145.969,86.5547,91.5234,522.538,34.5,7.552,5.15201,8.24,99.75,24.3137,24.7059,0,-0.375,44.9637,16.5,16.5,15
53.771,0,0,0,0,1.19995,0.99997,1.13037,4,1,1,0.859132,0,0.861818,0.875245,0,1.17188,35.4445,36.0278,36.4167,2150,1240,1123.16,970,1322.85,86.5078,144.516,146.156,88.3828,91.4766,522.538,34.5,7.636,5.21067,8.324,100.5,24.7059,25.098,0,-0.8125,44.9637,15.75,15.75,15
53.804,0,0,0,0,1.20233,0.99997,1.12949,4,1,1,0.859132,0,0.861818,0.874513,0,1.17188,35.5,36.8889,36.4723,2155.25,1240,1126.33,970,1325.51,86.7891,144.516,146.156,87.8672,91.4297,522.538,34.5,7.668,5.23201,8.356,100.5,25.4902,25.4902,0,-1.01563,44.9637,15.75,15.75,15
53.838,0,0,0,0,1.20368,0.99997,1.12955,4,1,1,0.857423,0,0.861818,0.87256,0,1.17188,36.0278,36.9445,37.25,2159.75,1260,1136.41,970,1328.13,87.6328,144.727,146.859,89.4141,92.6953,522.538,34.5,7.708,5.20801,8.396,100.5,25.8824,25.8824,0,-0.515625,45.3238,15.75,15.75,15
53.871,0,0,0,0,1.20337,0.99997,1.1297,4,1,1,0.855958,0,0.857423,0.871583,0,1.17188,36.25,36.0834,37.1389,2164.5,1250,1142.46,970,1328.16,88.1719,145.453,146.766,89.4609,92.7188,522.538,34.5,7.864,5.35201,8.544,99.75,26.2745,26.6667,0,-0.328125,45.3238,15.75,15.75,15
53.904,0,0,0,0,1.2074,0.99997,1.13147,4,1,1,0.855958,0,0.857423,0.873536,0,1.17188,36.5278,38.6111,38.5278,2170.75,1260,1150.43,970,1330.78,88.8516,145.453,146.766,92.2969,92.7656,525.37,34.5,7.84,5.32801,8.52,99.75,27.0588,27.451,0,-0.890625,45.3238,15,15,15
53.938,0,0,0,0,1.20776,0.99997,1.13236,4,1,1,0.854738,0,0.857423,0.874513,0,1.17188,36.8889,37.1945,37.75,2173.75,1260,1154.88,970,1333.44,89.2266,145.359,147.422,90.1172,93.1641,525.37,34.5,7.992,5.41601,8.672,99.75,27.451,27.8431,0,-0.875,45.3238,15,15,15
53.971,0,0,0,0,1.20917,0.99997,1.1344,4,1,1,0.850099,0,0.854738,0.871583,0,1.17188,37.1667,37.5834,38.6945,2172.75,1270,1163.91,970,1336.09,90.0234,146.039,147.445,92.5781,94.0313,525.37,34.5,8.192,5.49867,8.88,99.75,28.2353,28.2353,0,-0.625,45.6839,15,15,15
54.004,0,0,0,0,1.21393,0.99997,1.13577,4,1,1,0.850099,0,0.854738,0.869874,0,1.17188,37.5278,36.3611,39.0278,2179.75,1270,1172.46,970,1338.71,90.7734,146.039,147.445,92.7891,93.9141,525.37,34.5,8.352,5.71201,9.04,99.75,28.6275,29.0196,0,-0.296875,45.6839,15,15,15
54.038,0,0,0,0,1.21906,0.99997,1.13687,4,1,1,0.846437,0,0.854738,0.868898,0,1.17188,38,36.5,39.0278,2187,1270,1175.98,970,1341.37,91.0781,146.086,148.242,92.4141,94.2422,525.37,34.5,8.32,5.68534,9.008,99.75,29.4118,30.1961,0,-0.609375,45.6839,15,15,15
54.071,0,0,0,0,1.22577,0.99997,1.1387,4,1,1,0.843995,0,0.846437,0.866212,0,1.17188,38.5556,37.0278,39.8611,2192,1280,1188.13,970,1341.37,92.1328,146.203,148.57,94.9219,95.1797,525.37,34.5,8.616,5.88801,9.32,99.75,30.5882,30.1961,0,-0.859375,45.6839,14.25,14.25,14.25
54.104,0,0,0,0,1.23639,0.99997,1.13846,4,1,1,0.843995,0,0.846437,0.85962,0,1.17188,38.4445,37.3056,39.4723,2194,1290,1194.14,970,1346.64,92.1797,146.203,148.57,93.1641,95.2266,528.241,34.5,8.492,5.84534,9.196,99.75,30.5882,30.5882,0,-0.40625,45.6839,15,15,14.25
54.138,0,0,0,0,1.24561,0.99997,1.13873,4,1,1,0.841798,0,0.846437,0.856935,0,1.17188,38.8611,37.5278,40.1389,2200.5,1280,1198.98,970,1351.91,92.625,147.305,148.852,94.3125,95.1328,528.241,34.5,8.58,5.86134,9.284,99.75,30.9804,31.3726,0,-0.4375,45.6839,15,15,14.25
54.171,0,0,0,0,1.25293,0.99997,1.13825,4,1,1,0.836427,0,0.841798,0.853273,0,1.17188,39.25,38.5278,40.4723,2206,1300,1205.98,970,1354.57,93.2578,147.609,149.367,95.0625,96.5391,528.241,34.5,8.704,5.95201,9.392,99.75,31.7647,32.1569,0,-0.859375,46.0425,15,15,14.25
54.204,0,0,0,0,1.25818,0.99997,1.13818,4,1,1,0.836427,0,0.841798,0.847658,0,1.17188,39.25,39.5556,40.8056,2210.25,1310,1211.25,970,1357.23,93.7266,147.609,149.367,95.4141,97.3359,528.241,34.5,8.688,5.89067,9.376,99.75,32.1569,32.9412,0,-0.796875,46.0425,15,15,14.25
54.238,0,0,0,0,1.25891,0.99997,1.13776,4,1,1,0.832521,0,0.841798,0.845949,0,1.17188,39.6111,38.8611,40.4723,2215.75,1320,1214.45,970,1357.23,94.0313,148.148,149.695,94.9453,98.4844,528.241,34.5,8.72,5.95734,9.408,99.75,32.9412,33.7255,0,-0.734375,46.4026,14.25,14.25,15
54.271,0,0,0,0,1.26379,0.99997,1.13867,4,1,1,0.829347,0,0.832521,0.844972,0,1.17188,39.8889,39.0556,40.25,2215.25,1320,1218.2,970,1359.84,94.3828,148.547,149.977,94.7813,98.9297,528.241,33.75,8.86,6.02134,9.54,100.5,34.902,35.2941,0,-0.140625,46.4026,14.25,14.25,15
54.304,0,0,0,0,1.26837,0.99997,1.13733,4,1,1,0.829347,0,0.832521,0.842286,0,1.17188,40.0278,39.2223,41.6111,2220,1330,1225.7,970,1362.5,95.0625,148.547,149.977,97.5,99.3281,531.229,33.75,9.056,6.12267,9.736,100.5,36.0784,36.4706,0,-0.765625,46.4026,14.25,14.25,15
54.338,0,0,0,0,1.2782,0.99997,1.13678,4,1,1,0.82715,0,0.832521,0.838624,0,1.17188,40.6667,39.4723,42,2229.75,1330,1233.13,970,1367.77,95.6484,148.828,150.609,97.1016,99.4688,531.229,33.75,9.044,6.17067,9.724,100.5,37.2549,38.0392,0,-0.796875,46.4026,14.25,14.25,15
54.371,0,0,0,0,1.28406,0.99997,1.1366,4,1,1,0.825441,0,0.82715,0.837648,0,1.17188,41,39.75,41.9723,2233.75,1340,1239.34,970,1367.77,96.2344,149.484,150.961,97.7109,100.805,531.229,33.75,9.184,6.26667,9.872,99.75,38.8235,39.2157,0,-0.46875,46.7627,14.25,14.25,15
54.404,0,0,0,0,1.29144,0.99997,1.13687,4,1,1,0.825441,0,0.82715,0.835695,0,1.17188,41.0556,40,41.7223,2232.25,1340,1242.85,970,1370.43,96.5391,149.484,150.961,96.8906,101.016,531.229,33.75,9.168,6.31201,9.856,99.75,41.5686,41.1765,0,-0.75,46.7627,15,15,15
54.438,0,0,0,0,1.2973,0.99997,1.13666,4,1,1,0.82422,0,0.82715,0.833986,0,1.17188,41.4167,40.6667,42.4723,2245,1340,1249.34,970,1373.01,97.125,149.883,151.336,98.0859,101.297,531.229,33.75,9.208,6.33067,9.896,99.75,41.5686,42.7451,0,-0.78125,46.7627,15,15,15
54.471,0,0,0,0,1.2995,0.99997,1.13672,4,1,1,0.823243,0,0.82422,0.823732,0,1.17188,41.6389,42.3611,43.2778,2248.5,1340,1252.77,970,1373.05,97.4063,150.258,151.805,100.523,101.133,531.229,33,9.3,6.27467,9.988,100.5,44.3137,44.7059,0,-0.65625,46.7627,15,15,15
54.504,0,0,0,0,1.30188,0.99997,1.13583,4,1,1,0.823243,0,0.82422,0.82007,0,1.17188,41.9167,41.3334,43.0278,2251,1340,1258.24,970,1375.7,97.8984,150.258,151.805,99.4922,101.508,535.116,33,9.388,6.36267,10.076,100.5,45.8824,45.8824,0,-0.515625,46.7627,15,15,15
54.538,0,0,0,0,1.30719,0.99997,1.13504,4,1,1,0.822511,0,0.82422,0.818361,0,1.17188,42.2223,41.4723,43.0834,2256.75,1350,1259.38,970,1378.36,98.0156,150.773,152.086,99.0234,101.719,535.116,33,9.364,6.37601,10.052,100.5,46.6667,46.6667,0,-0.46875,46.7627,15,15,15
54.571,0,0,0,0,1.3067,0.99997,1.13287,4,1,1,0.822023,0,0.822511,0.813722,0,1.17188,42.0556,44.4723,42.1945,2259.5,1340,1254.34,970,1375.74,97.6406,151.102,152.461,96.2109,101.602,535.116,33,9.34,6.36267,10.028,100.5,47.451,47.8432,0,-0.703125,46.7627,15,15,15
54.604,0,0,0,0,1.30774,0.99997,1.1312,4,1,1,0.822023,0,0.822511,0.809083,0,1.17188,42.3334,41.4445,42.6945,2262.25,1350,1259.96,970,1380.94,98.1094,151.102,152.461,98.6953,102.023,535.116,33,9.328,6.39734,10.016,100.5,48.6275,48.2353,0,-0.65625,46.7627,15,15,15
54.638,0,0,0,0,1.30762,0.99997,1.12912,4,1,1,0.821534,0,0.822511,0.804445,0,1.17188,42.4445,41.5834,43.1111,2275.75,1350,1261.76,970,1378.36,98.2734,151.453,152.977,99.4219,102.164,535.116,33,9.332,6.30667,10.02,100.5,49.0196,49.0196,0,-0.34375,46.7627,15,15,15
54.671,0,0,0,0,1.31476,0.99997,1.12613,4,1,1,0.82129,0,0.821534,0.802736,0,1.17188,42.6945,43.4445,43.4167,2277.75,1350,1262.07,970,1383.63,98.2969,151.992,153.563,99.2578,102.023,535.116,33,9.164,6.34667,9.852,99.75,49.8039,49.8039,0,-1,46.7627,15,15,15
54.704,0,0,0,0,1.31622,0.99997,1.12351,4,1,1,0.82129,0,0.821534,0.797609,0,1.17188,42.6389,43.8611,42.3334,2279.25,1350,1258.2,970,1386.25,98.0156,151.992,153.563,96.375,102.375,537.245,33,9.284,6.33067,9.972,99.75,50.1961,50.1961,0,-0.90625,46.7627,15,15,15
54.738,0,0,0,0,1.31098,0.99997,1.12106,4,1,1,0.821046,0,0.821534,0.796876,0,1.17188,42.6389,44.6389,42.6389,2284,1360,1256.52,970,1383.63,97.8984,152.625,153.727,96.5156,102.68,537.245,33,9.224,6.28534,9.912,99.75,50.9804,50.9804,0,-0.5625,46.7627,15,15,15
54.771,0,0,0,0,1.31085,0.99997,1.11722,4,1,1,0.820802,0,0.821046,0.795167,0,1.17188,42.9723,43.2778,43.5556,2295.25,1360,1259.34,970,1388.91,98.1563,152.789,154.617,99.1172,103.547,537.245,33,9.124,6.23734,9.812,99.75,51.7647,52.1569,0,-0.609375,47.1228,15,15,15
54.804,0,0,0,0,1.30292,0.99997,1.11459,4,1,1,0.820802,0,0.821046,0.795167,0,1.17188,42.9167,42.2778,42.8334,2294.5,1360,1263.59,970,1380.98,98.4844,152.789,154.617,98.8359,103.969,537.245,33,9.164,6.32001,9.852,99.75,52.1569,52.549,0,-0.640625,47.1228,15,15,15
54.838,0,0,0,0,1.31256,0.99997,1.11182,4,1,1,0.820558,0,0.821046,0.7959,0,1.17188,43.1389,43.4723,43.5278,2298.25,1360,1261.33,970,1388.91,98.3203,153.727,154.734,98.4609,104.133,537.245,33,9.036,6.17067,9.724,99.75,53.7255,54.5098,0,-1.10938,47.1228,15,15,15
54.871,0,0,0,0,1.31305,0.99997,1.10855,4,1,1,0.820558,0,0.820558,0.797609,0,1.17188,43.3056,43.1667,42.9723,2307,1360,1261.56,970,1388.91,98.3672,153.844,155.32,97.2891,104.016,537.245,33,9.136,6.24267,9.824,99.75,56.0785,56.4706,0,-0.671875,47.1228,15,15,15
54.904,0,0,0,0,1.31134,0.99997,1.1066,4,1,1,0.820558,0,0.820558,0.80005,0,1.17188,43.25,43.0834,43.9167,2308.5,1370,1263.52,970,1388.91,98.5313,153.844,155.32,100.406,104.625,539.432,33,9.16,6.22667,9.848,99.75,57.6471,57.6471,0,-0.421875,47.1228,15,15,15
54.938,0,0,0,0,1.31329,0.99997,1.10443,4,1,1,0.820558,0,0.820558,0.800782,0,1.17188,43.3889,44.0278,43.1111,2315.5,1370,1259.49,970,1388.91,98.2266,154.477,155.836,97.7109,104.648,539.432,33,9.032,6.19734,9.72,99.75,58.8235,59.2157,0,-1.01563,47.1228,15,15,15.75
54.971,0,0,0,0,1.31506,0.99997,1.10208,4,1,1,0.820558,0,0.820558,0.801759,0,1.17188,43.6667,44.1389,43.6111,2323,1370,1262.03,970,1391.56,98.4375,154.992,156.281,97.9922,104.555,539.432,32.25,9.012,6.18134,9.708,99.75,60,60.7843,0,-0.765625,47.1228,15,15,15.75
55.004,0,0,0,0,1.31299,0.99997,1.10089,4,1,1,0.820558,0,0.820558,0.804445,0,1.17188,43.5556,44.5278,44.9167,2325,1370,1265.39,970,1391.56,98.7188,154.992,156.281,101.063,105.094,539.432,32.25,9.092,6.16801,9.788,99.75,61.5686,61.9608,0,-0.40625,47.1228,15,15,15.75
55.038,0,0,0,0,1.31525,0.99997,1.09882,4,1,1,0.820314,0,0.820558,0.801759,0,1.17188,43.8334,43.6389,43.3334,2334,1370,1261.99,970,1396.8,98.4609,155.508,156.586,97.1953,105.328,539.432,32.25,9.016,6.17334,9.712,99.75,63.5294,63.1373,0,-0.78125,47.1228,15.75,15.75,15.75
55.071,0,0,0,0,1.30835,0.99997,1.09692,4,1,1,0.820314,0,0.820314,0.803712,0,1.17188,43.8889,43.6111,44.4445,2338.25,1370,1262.03,970,1394.14,98.7188,156.211,157.148,99.0234,105.281,539.432,32.25,8.988,6.14934,9.684,99.75,64.3137,64.3137,0,-0.90625,47.1228,15.75,15.75,15.75
55.104,0,0,0,0,1.30512,0.99997,1.09573,4,1,1,0.820314,0,0.820314,0.806398,0,1.17188,43.9445,43.5556,44.6945,2339.5,1370,1264.14,970,1388.91,98.9063,156.211,157.148,100.875,105.656,541.6,32.25,9.076,6.10934,9.772,99.75,65.4902,65.4902,0,-0.78125,47.1228,15.75,15.75,15.75
55.138,0,0,0,0,1.31073,0.99997,1.09412,4,1,1,0.820314,0,0.820314,0.807374,0,1.17188,44.0834,43.6945,43.7778,2345.5,1380,1260.04,970,1394.18,98.5781,156.422,157.453,98.0859,106.148,541.6,32.25,8.916,6.09867,9.612,99.75,66.6667,66.2745,0,-0.609375,47.1228,15.75,15.75,15.75
55.171,0,0,0,0,1.30902,0.99997,1.09253,4,1,1,0.820314,0,0.820314,0.809083,0,1.17188,44.25,43.75,44,2354.25,1370,1259.77,970,1391.56,98.5781,156.75,158.156,97.4531,105.984,541.6,32.25,8.988,6.16001,9.676,99.75,67.0588,67.0588,0,-0.71875,47.1228,15.75,15.75,15.75
55.204,0,0,0,0,1.30707,0.99997,1.09152,4,1,1,0.820314,0,0.820314,0.808107,0,1.17188,44.3056,43.6667,44.3889,2357,1380,1260.43,970,1388.95,98.625,156.75,158.156,99.6094,106.102,541.6,32.25,8.932,6.16267,9.62,99.75,67.0588,67.8432,0,-0.6875,47.1228,15.75,15.75,15.75
55.238,0,0,0,0,1.30994,0.99997,1.09061,4,1,1,0.820314,0,0.820314,0.808107,0,1.17188,44.3611,44.6389,44.0278,2362.5,1380,1257.5,970,1391.56,98.4141,157.477,158.484,97.7578,106.359,541.6,32.25,8.868,6.07734,9.556,99.75,68.6275,68.6275,0,-0.65625,47.1228,15.75,15.75,15.75
55.271,0,0,0,0,1.30719,0.99997,1.08954,4,1,1,0.820314,0,0.820314,0.811769,0,1.17188,44.4167,45.9167,44.4445,2367,1380,1257.11,970,1391.56,98.3906,157.828,158.93,98.7422,106.266,541.6,32.25,8.788,6.03734,9.468,99.75,69.4118,69.4118,0,-0.640625,47.1228,15.75,15.75,15.75
55.304,0,0,0,0,1.3028,0.99997,1.08914,4,1,1,0.820314,0,0.820314,0.814699,0,1.17188,44.4723,44.4445,44.8056,2372.75,1380,1259.3,970,1388.95,98.5781,157.828,158.93,99.8906,106.734,543.768,32.25,8.932,6.08001,9.612,99.75,70.1961,70.5883,0,-0.828125,47.1228,15.75,15.75,15.75
55.338,0,0,0,0,1.3067,0.99997,1.08795,4,1,1,0.820314,0,0.820314,0.813722,0,1.17188,44.5278,45.4723,44.6389,2376.75,1380,1254.96,970,1394.18,98.2266,158.297,159.445,98.0625,106.875,543.768,32.25,8.792,6.03201,9.472,99.75,70.9804,71.3726,0,-0.859375,47.1228,15.75,15.75,15.75
55.371,0,0,0,0,1.30682,0.99997,1.08783,4,1,1,0.820314,0,0.820314,0.816408,0,1.17188,44.6667,45.5,45.6111,2380.25,1380,1256.99,970,1396.84,98.4141,158.859,159.727,99.6094,106.805,543.768,32.25,8.82,6.06134,9.5,99.75,72.1569,72.1569,0,-0.515625,47.1228,15.75,15.75,15.75
55.404,0,0,0,0,1.29968,0.99997,1.08792,4,1,1,0.820314,0,0.820314,0.819337,0,1.17188,44.7778,44.4445,45.9167,2391,1380,1259.92,970,1388.95,98.6719,158.859,159.727,101.906,107.133,543.768,32.25,8.992,6.06134,9.672,99.75,72.9412,72.9412,0,-0.765625,47.1228,15.75,15.75,15.75
55.438,0,0,0,0,1.30676,0.99997,1.08771,4,1,1,0.820314,0,0.820314,0.822023,0,1.17188,45.1111,44.6667,44.3334,2395.75,1390,1257.66,970,1394.14,98.4844,159.188,160.523,96.7266,107.461,543.768,32.25,8.908,6.10401,9.588,99.75,73.3334,73.7255,0,-1.07813,47.1228,16.5,16.5,15.75
55.471,0,0,0,0,1.30951,0.99997,1.08856,4,1,1,0.820314,0,0.820314,0.827638,0,1.17188,44.8889,45.6389,44.5834,2395.5,1380,1254.84,970,1396.84,98.2734,160.008,160.641,96.6094,107.414,543.768,32.25,8.936,6.13601,9.624,99.75,74.5098,74.902,0,-0.453125,47.1228,16.5,16.5,15.75
55.504,0,0,0,0,1.30426,0.99997,1.08978,4,1,1,0.820314,0,0.820314,0.830324,0,1.17188,45,45.0834,45.5556,2404.5,1380,1256.8,970,1391.56,98.4609,160.008,160.641,99.75,107.578,545.877,32.25,8.86,6.05601,9.548,99.75,75.6863,75.6863,0,-0.4375,47.1228,16.5,16.5,15.75
55.538,0,0,0,0,1.29974,0.99997,1.09128,4,1,1,0.820314,0,0.820314,0.833009,0,1.17188,45.1111,45.4445,45.2778,2410.75,1390,1257.19,970,1386.25,98.4844,160.125,161.32,100.406,108.07,545.877,32.25,8.944,6.14934,9.632,99.75,76.0785,76.4706,0,-0.875,47.1228,16.5,16.5,15.75
55.571,0,0,0,0,1.30481,0.99997,1.09326,4,1,1,0.820314,0,0.820314,0.834962,0,1.17188,45.4167,45.6667,45.5,2411.25,1390,1259.88,970,1394.18,98.7422,160.828,161.602,98.7891,108.023,545.877,31.5,8.86,6.09601,9.556,99.75,77.6471,78.0392,0,-0.78125,47.1228,16.5,16.5,15.75
55.604,0,0,0,0,1.30493,0.99997,1.09461,4,1,1,0.820314,0,0.820314,0.833009,0,1.17188,45.4723,45.6945,45.9445,2420.75,1390,1259.18,970,1394.18,98.6953,160.828,161.602,99.6328,108.094,545.877,31.5,8.924,6.09867,9.62,99.75,78.4314,79.2157,0,-0.296875,47.1228,16.5,16.5,15.75
55.638,0,0,0,0,1.30414,0.99997,1.09558,4,1,1,0.820314,0,0.820314,0.827638,0,1.17188,45.5834,45.6945,44.9723,2425,1390,1258.09,970,1394.18,98.5781,161.133,162.352,97.2188,108.492,545.877,31.5,8.904,6.11467,9.6,99.75,79.6079,80,0,-0.5625,47.1228,16.5,16.5,16.5
55.671,0,0,0,0,1.30212,0.99997,1.09772,4,1,1,0.820314,0,0.820314,0.8313,0,1.17188,45.75,45.7223,45.3889,2426,1390,1260.66,970,1391.56,98.8125,161.906,162.469,98.0859,108.492,545.877,31.5,8.884,6.10401,9.572,99.75,80.3922,80.7843,0,-1,47.1228,16.5,16.5,16.5
55.704,0,0,0,0,1.30432,0.99997,1.09897,4,1,1,0.820314,0,0.820314,0.835695,0,1.17188,45.8056,45.75,46.4445,2435.25,1390,1262.97,970,1394.18,99.0234,161.906,162.469,100.195,108.68,548.123,31.5,9.036,6.16267,9.724,99.75,81.1765,81.9608,0,-0.8125,47.1228,16.5,16.5,16.5
55.738,0,0,0,0,1.29669,0.99997,1.09955,4,1,1,0.820314,0,0.820314,0.833986,0,1.17188,46.1667,45.5278,46.3611,2441,1400,1265,970,1386.25,99.1875,162.047,163.406,101.813,109.055,548.123,31.5,9.132,6.26134,9.82,99.75,82.7451,82.7451,0,-0.65625,47.1228,16.5,16.5,16.5
55.771,0,0,0,0,1.30133,0.99997,1.1015,4,1,1,0.820314,0,0.820314,0.833986,0,1.17188,46,46.8889,45.0278,2440,1390,1260.55,970,1391.56,98.8359,163.43,163.313,96.3984,109.078,548.123,31.5,9.008,6.19467,9.696,99.75,83.9216,84.3138,0,-0.828125,47.1228,16.5,16.5,16.5
55.804,0,0,0,0,1.29962,0.99997,1.10321,4,1,1,0.820314,0,0.820314,0.833009,0,1.17188,46.3889,46.6667,47.2223,2453,1390,1267.15,970,1391.56,99.6563,163.43,163.313,101.391,109.125,548.123,31.5,9.176,6.25067,9.864,99.75,84.3138,85.4902,0,-0.875,47.1228,16.5,16.5,16.5
55.838,0,0,0,0,1.30469,0.99997,1.10419,4,1,1,0.820314,0,0.820314,0.830324,0,1.17188,46.5556,46.9167,46.5278,2455.75,1400,1264.26,970,1396.84,99.3984,162.938,164.133,98.6953,109.969,548.123,31.5,9.02,6.17867,9.708,99.75,86.2745,85.8824,0,-0.625,47.1228,16.5,16.5,16.5
55.871,0,0,0,0,1.29572,0.99997,1.10486,4,1,1,0.820314,0,0.820314,0.826661,0,1.17188,46.6945,46.5834,46.9167,2459.25,1390,1268.55,970,1388.91,99.7734,163.805,164.367,101.227,109.922,548.123,31.5,9.2,6.27734,9.888,99.75,86.6667,86.6667,0,-0.734375,47.1228,17.25,17.25,16.5
55.904,0,0,0,0,1.30231,0.99997,1.10602,4,1,1,0.820314,0,0.820314,0.825685,0,1.17188,46.8611,46.8611,48.1945,2466.75,1390,1271.91,970,1394.18,100.078,163.805,164.367,102.398,109.57,551.229,31.5,9.28,6.22134,9.968,99.75,87.8432,88.2353,0,-0.9375,47.1228,17.25,17.25,16.5
55.938,0,0,0,0,1.31036,0.99997,1.10587,4,1,1,0.820314,0,0.820314,0.822999,0,1.17188,47.0278,47,46.8334,2467.75,1400,1269.45,970,1402.07,99.8438,164.039,165.094,99.0234,110.133,551.229,31.5,9.116,6.23201,9.804,99.75,89.4118,88.6275,0,-0.765625,47.1228,17.25,17.25,16.5
55.971,0,0,0,0,1.3017,0.99997,1.1062,4,1,1,0.820314,0,0.820314,0.823732,0,1.17188,47.1945,46.8889,47.3889,2474.25,1400,1271.48,970,1394.18,100.055,164.789,165.375,100.664,110.039,551.229,31.5,9.228,6.32534,9.916,99.75,89.0196,89.4118,0,-0.5,47.1228,17.25,17.25,16.5
56.004,0,0,0,0,1.30725,0.99997,1.10648,4,1,1,0.820314,0,0.820314,0.824708,0,1.17188,47.1945,46.9445,48.5834,2480.25,1400,1274.38,970,1399.45,100.289,164.789,165.375,103.289,110.203,551.229,31.5,9.332,6.22401,10.02,99.75,90.5883,90.1961,0,-0.84375,47.1228,17.25,17.25,16.5
56.038,0,0,0,0,1.30621,0.99997,1.10608,4,1,1,0.820314,0,0.820314,0.821046,0,1.17188,47.5556,48.0834,47.2778,2483,1400,1275.04,970,1396.84,100.359,165.094,165.867,99.8672,110.602,551.229,31.5,9.156,6.32534,9.844,99.75,90.5883,90.9804,0,-0.859375,47.1228,17.25,17.25,15.75
56.071,0,0,0,0,1.30231,0.99997,1.10577,4,1,1,0.820314,0,0.820314,0.817384,0,1.17188,47.7778,48,47.2223,2491.25,1400,1276.72,970,1391.6,100.523,165.586,166.406,100.828,110.555,551.229,31.5,9.22,6.29601,9.908,99.75,92.1569,92.1569,0,-0.390625,47.1228,17.25,17.25,15.75
56.104,0,0,0,0,1.30103,0.99997,1.10532,4,1,1,0.820314,0,0.820314,0.814699,0,1.17188,47.8889,47.9723,48.2778,2497.5,1400,1285.23,970,1391.56,101.227,165.586,166.406,101.766,110.742,553.534,31.5,9.3,6.36267,9.988,99.75,92.9412,92.9412,0,-0.671875,47.1228,16.5,16.5,15.75
56.138,0,0,0,0,1.30585,0.99997,1.10474,4,1,1,0.820314,0,0.820314,0.811769,0,1.17188,48.0278,48.1945,48.0278,2493.75,1400,1281.72,970,1394.18,100.945,166.172,166.664,100.945,111.047,553.534,31.5,9.22,6.30934,9.908,99.75,93.7255,94.1177,0,-1.09375,47.1228,16.5,16.5,15.75
56.171,0,0,0,0,1.30982,0.99997,1.10291,4,1,1,0.820314,0,0.820314,0.809083,0,1.17188,48.25,48.3611,48.5,2505,1400,1282.07,970,1399.49,100.992,166.453,167.203,100.594,110.977,553.534,31.5,9.216,6.30134,9.912,99.75,95.2942,94.902,0,-0.453125,47.1228,16.5,16.5,15.75
56.204,0,0,0,0,1.30896,0.99997,1.10156,4,1,1,0.820314,0,0.820314,0.809083,0,1.17188,48.4723,48.3611,48.3889,2515.25,1400,1281.84,970,1399.45,100.969,166.453,167.203,100.195,111.305,553.534,31.5,9.176,6.39201,9.872,99.75,95.2942,95.6863,0,-0.34375,47.1228,16.5,16.5,15.75
56.238,0,0,0,0,1.30493,0.99997,1.10028,4,1,1,0.820314,0,0.820314,0.81006,0,1.17188,48.3611,48.4723,48.5834,2509.25,1410,1282.42,970,1394.18,101.016,166.992,167.602,100.406,111.539,553.534,31.5,9.152,6.27734,9.848,99.75,96.0785,96.4706,0,-1.09375,47.1228,16.5,16.5,15.75
56.271,0,0,0,0,1.31427,0.99997,1.09805,4,1,1,0.820314,0,0.820314,0.807374,0,1.17188,48.6667,48.6111,48.0278,2522.5,1400,1281.25,970,1402.07,100.945,167.414,168.047,98.9766,111.445,553.534,31.5,9.068,6.27734,9.756,99.75,97.2549,97.6471,0,-0.828125,47.1228,17.25,17.25,16.5
56.304,0,0,0,0,1.30566,0.99997,1.09677,4,1,1,0.820314,0,0.820314,0.805421,0,1.17188,48.7223,49.5556,48.2778,2526.25,1410,1281.09,970,1394.22,100.945,167.414,168.047,99.4453,111.844,555.897,31.5,9.092,6.35467,9.78,99.75,97.6471,98.4314,0,-0.234375,47.1228,17.25,17.25,16.5
56.338,0,0,0,0,1.30554,0.99997,1.09558,4,1,1,0.820314,0,0.820314,0.805421,0,1.5625,48.7223,49.3056,48.2778,2531.75,1410,1281.33,970,1396.88,101.016,167.93,168.305,100.523,112.125,555.897,31.5,9.104,6.24801,9.792,99.75,98.4314,98.8236,0,-0.59375,47.1228,17.25,17.25,16.5
56.371,0,0,0,0,1.30792,0.99997,1.09351,4,1,1,0.820314,0,0.820314,0.805421,0,1.5625,48.8889,49.4167,49.0278,2540,1410,1280.2,965,1402.11,100.945,168.797,169.008,100.406,112.055,555.897,31.5,9.072,6.23734,9.76,99.75,98.8236,99.2157,0,-0.71875,47.1228,17.25,17.25,16.5
56.404,0,0,0,0,1.30481,0.99997,1.09195,4,1,1,0.820314,0,0.820314,0.808107,0,1.5625,49.1667,49.3334,49.1945,2538.5,1410,1280.43,965,1399.49,101.344,168.797,169.008,101.508,112.453,555.897,31.5,9.184,6.26134,9.872,99.75,99.2157,99.2157,0,-0.65625,47.1228,17.25,17.25,16.5
56.438,0,0,0,0,1.29858,0.99997,1.09116,4,1,1,0.820314,0,0.820314,0.812745,0,2.73438,49.2223,49,49.0556,2543.5,1420,1280.86,965,1394.18,101.414,168.891,169.102,102.891,113.109,555.897,31.5,9.28,6.36534,9.968,99.75,99.2157,99.2157,0,-0.46875,47.1228,17.25,17.25,16.5
56.471,0,0,0,0,1.29578,0.99997,1.09021,4,1,1,0.820314,0,0.820314,0.815675,0,4.6875,49.4167,49,49.8056,2556.75,1420,1284.88,965,1388.95,101.883,169.172,169.758,103.875,113.063,555.897,31.5,9.328,6.25601,10.04,99.75,99.6079,99.6079,0,-0.953125,47.1228,17.25,17.25,16.5
56.504,0,0,0,0,1.30719,0.99997,1.08978,4,1,1,0.820314,0,0.820314,0.817384,0,4.6875,49.6945,49.4167,49.8889,2557,1420,1284.61,965,1399.49,101.859,169.172,169.758,101.391,113.086,558.163,31.5,9.168,6.32534,9.88,99.75,99.6079,99.6079,0,-0.703125,47.1228,17.25,17.25,16.5
56.538,0,0,0,0,1.30139,0.99997,1.09042,4,1,1,0.820314,0,0.820314,0.822999,0,4.29688,49.75,49.1945,49.9167,2562,1420,1285.27,965,1394.18,101.953,169.664,170.016,102.68,113.25,558.163,31.5,9.272,6.38934,9.984,99.75,99.6079,99.6079,0,-0.40625,47.1228,17.25,17.25,16.5
56.571,0,0,0,0,1.2934,0.99997,1.09058,4,1,1,0.820314,0,0.820314,0.821046,0,6.25,50.1667,49.6667,50.6389,2567.5,1430,1290.23,965,1383.63,102.375,170.086,170.438,106.688,114.375,558.163,31.5,9.472,6.50401,10.168,99.75,99.6079,99.6079,0,-0.78125,47.4814,17.25,17.25,16.5
56.604,0,0,0,0,1.31024,0.99997,1.09073,4,1,1,0.820314,0,0.820314,0.819337,0,6.25,50.2778,50.3334,49.6945,2572,1430,1286.64,965,1399.45,102.188,170.086,170.438,100.102,114.773,558.163,31.5,9.16,6.36534,9.856,99.75,99.6079,100,0,-0.765625,47.4814,17.25,17.25,16.5
56.638,0,0,0,0,1.30945,0.99997,1.0911,4,1,1,0.820314,0,0.820314,0.82007,0,5.07813,50.2223,50.3889,49.8612,2580,1440,1283.71,965,1399.49,102.023,170.508,170.93,99.8906,115.055,558.163,31.5,9.12,6.26134,9.816,99.75,100,100,0,-0.46875,47.4814,17.25,17.25,16.5
56.671,0,0,0,0,1.3103,0.99997,1.09116,4,1,1,0.820314,0,0.820314,0.82007,0,7.42188,50.5,50.3334,50.8056,2585.5,1450,1287.27,965,1402.07,102.398,170.953,171.375,101.555,116.203,558.163,31.5,9.268,6.49867,9.972,99.75,100,100,0,-0.859375,47.8415,17.25,17.25,16.5
56.704,0,0,0,0,1.3075,0.99997,1.09107,4,1,1,0.820314,0,0.820314,0.82007,0,7.42188,50.5556,50.1945,49.9723,2589,1450,1286.25,965,1396.84,102.305,170.953,171.375,101.156,116.461,561.248,31.5,9.216,6.38667,9.92,99.75,100,100,0,-0.890625,47.8415,17.25,17.25,16.5
56.738,0,0,0,0,1.30072,0.99997,1.09122,4,1,1,0.820314,0,0.820314,0.823732,0,9.76563,50.75,49.9445,50.2223,2595.75,1470,1287.58,965,1388.95,102.516,171.469,171.914,103.5,117.938,561.248,31.5,9.396,6.43201,10.1,99.75,99.2157,100,0,-0.640625,48.2017,17.25,17.25,16.5
56.771,0,0,0,0,1.31531,0.99997,1.09128,4,1,1,0.820314,0,0.820314,0.823732,0,10.5469,50.9167,50.5278,51.25,2602.5,1470,1289.1,965,1402.11,102.68,171.844,171.961,102.141,117.938,561.248,31.5,9.296,6.37867,9.976,99.75,100,100,0,-0.75,48.2017,17.25,17.25,16.5
56.804,0,0,0,0,1.29608,0.99997,1.09192,4,1,1,0.820314,0,0.820314,0.822999,0,10.5469,50.8612,50.5278,51.7778,2610.75,1470,1293.01,965,1380.98,103.008,171.844,171.961,108.281,118.289,561.248,31.5,9.588,6.25601,10.268,99.75,100,100,0,-0.90625,48.2017,17.25,17.25,16.5
56.838,0,0,0,0,1.31702,0.99997,1.09259,4,1,1,0.820314,0,0.820314,0.825685,0,11.3281,51.1945,51.3612,51.4723,2609,1470,1288.71,965,1402.11,102.797,172.125,172.781,102.516,118.594,561.248,31.5,9.296,6.34401,9.976,99.75,100,100,0,-0.734375,48.2017,17.25,17.25,16.5
56.871,0,0,0,0,1.315,0.99997,1.0928,4,1,1,0.820314,0,0.820314,0.825685,0,57.8125,51.3889,51.2778,51.5834,2611.25,1490,1293.79,965,1399.49,103.219,172.688,172.711,103.313,119.766,561.248,31.5,9.424,6.43734,10.112,99.75,100,100,0,-0.71875,48.5618,17.25,17.25,16.5
56.904,0,0,0,0,1.30902,0.99997,1.09415,4,1,1,0.820314,0,0.820314,0.82837,0,57.8125,51.5556,51.0278,51.5,2626.75,1490,1298.59,965,1391.56,103.617,172.688,172.711,104.297,119.906,563.69,31.5,9.568,6.56267,10.256,99.75,100,100,0,-0.953125,48.5618,17.25,17.25,16.5
56.938,0,0,0,0,1.31567,0.99997,1.09488,4,1,1,0.820314,0,0.820314,0.827638,0,54.2969,51.8334,51.3056,52.25,2622.5,1490,1296.88,965,1396.84,103.594,172.898,173.531,104.461,120.352,563.69,31.5,9.548,6.51201,10.236,99.75,100,100,0,-0.734375,48.5618,17.25,17.25,16.5
56.971,0,0,0,0,1.33991,0.99997,1.09555,4,1,1,0.820314,0,0.820314,0.824708,0,50.7813,52.6389,52.25,54.8889,2631.25,1490,1313.52,965,1415.31,105,173.531,173.766,105.305,120.352,563.69,31.5,9.764,6.63201,10.452,99.75,100,100,0,-0.421875,48.5618,17.25,17.25,16.5
57.004,0,0,0,0,1.34442,0.99997,1.09634,4,1,1,0.820314,0,0.820314,0.823732,0,50.7813,53.1667,52.4167,57.2223,2640.75,1490,1335.63,965,1415.27,106.875,173.531,173.766,111.281,120.492,563.69,31.5,10.228,6.79201,10.916,99.75,100,100,0,-0.84375,48.5618,17.25,17.25,16.5
57.038,0,0,0,0,1.35767,0.99997,1.09665,4,1,1,0.820314,0,0.820314,0.822023,0,51.9531,54.5556,53.7778,59.3056,2643,1500,1350.78,965,1423.24,108.188,173.789,174.094,115.172,120.914,563.69,31.5,10.56,7.16801,11.248,99.75,100,100,0,-0.859375,48.5618,17.25,17.25,16.5
57.071,0,0,0,0,1.3927,0.99997,1.09604,4,1,1,0.820314,0,0.820314,0.815675,0,51.5625,55.3056,55.1667,59.8056,2652.25,1500,1370.2,965,1449.65,109.898,174.234,174.797,113.508,120.844,563.69,31.5,10.608,7.06401,11.304,99.75,100,100,0,-0.4375,48.5618,17.25,17.25,16.5
57.104,0,0,0,0,1.42066,0.99997,1.09519,4,1,1,0.820314,0,0.820314,0.811769,0,51.5625,56.0278,55.5556,60.5556,2655.25,1500,1384.34,965,1473.44,111.07,174.234,174.797,115.008,121.055,567.284,31.5,10.788,7.28268,11.484,99.75,100,100,0,-0.6875,48.5618,17.25,17.25,16.5
57.138,0,0,0,0,1.42938,0.99997,1.0943,4,1,1,0.820314,0,0.820314,0.811036,0,48.0469,57.1667,56.6112,61.6389,2664,1500,1399.8,965,1478.67,112.43,174.891,175.289,115.359,121.359,567.284,31.5,10.844,7.34934,11.54,99.75,100,100,0,-0.6875,48.5618,17.25,17.25,16.5
57.171,0,0,0,0,1.4621,0.99997,1.09262,4,1,1,0.820314,0,0.820314,0.811769,0,49.6094,57.8056,57.9167,62.25,2670.75,1500,1415.23,965,1505.16,114.023,175.805,175.781,115.313,121.289,567.284,31.5,10.956,7.36268,11.652,99.75,100,100,0,-0.5,48.5618,17.25,17.25,16.5
57.204,0,0,0,0,1.47492,0.99997,1.08988,4,1,1,0.820314,0,0.820314,0.801759,0,49.6094,58.6389,58.0834,62.6112,2678,1500,1429.65,965,1513.05,115.172,175.805,175.781,117.375,121.805,567.284,31.5,11.1,7.70401,11.796,99.75,100,100,0,-0.609375,48.5618,16.5,16.5,16.5
57.238,0,0,0,0,1.49274,0.99997,1.08734,4,1,1,0.820314,0,0.820314,0.792726,0,49.2188,59.5,59.1112,63.7223,2686.75,1510,1444.14,965,1526.25,116.484,175.992,176.555,118.289,122.484,567.284,31.5,11.204,7.58134,11.9,99.75,100,100,0,-0.84375,48.5618,17.25,17.25,16.5
57.271,0,0,0,0,1.50635,0.99997,1.08316,4,1,1,0.820314,0,0.820314,0.787355,0,48.8281,60.3056,60.5278,64.0278,2686,1510,1465.59,970,1536.84,118.172,176.508,176.625,121.758,122.484,567.284,31.5,11.492,7.72268,12.18,99.75,100,100,0,-0.59375,48.5618,17.25,17.25,16.5
57.304,0,0,0,0,1.52429,0.99997,1.07868,4,1,1,0.820314,0,0.820314,0.784913,0,48.8281,60.6667,61.8612,65.3334,2694.25,1510,1472.38,970,1552.7,118.664,176.508,176.625,122.344,122.578,571.209,31.5,11.428,7.62934,12.116,99.75,99.6079,100,0,-0.328125,48.5618,17.25,17.25,16.5
57.338,0,0,0,0,1.53656,0.99997,1.07422,4,1,1,0.820314,0,0.820314,0.784913,0,47.6563,61.5834,61.75,65.5834,2702.75,1520,1488.79,970,1563.24,120.094,176.813,177.352,123.281,122.93,571.209,31.5,11.6,7.84268,12.288,99.75,100,100,0,-0.859375,48.5618,17.25,17.25,16.5
57.371,0,0,0,0,1.55969,0.99997,1.0687,4,1,1,0.820314,0,0.820314,0.788087,0,47.2656,62.3334,64.4723,66.1945,2709.25,1520,1500.55,970,1587.03,121.008,177.398,177.68,123.164,122.93,571.209,31.5,11.48,7.77334,12.168,99.75,100,100,0,-0.75,48.5618,16.5,16.5,16.5
57.404,0,0,0,0,1.57703,0.99997,1.06525,4,1,1,0.820314,0,0.820314,0.793702,0,47.2656,63.0278,62.9723,66.2223,2718.25,1520,1510.98,970,1602.89,121.805,177.398,177.68,122.648,123.094,571.209,31.5,11.56,7.80268,12.248,99.75,100,99.6079,0,-0.421875,48.5618,16.5,16.5,15.75
57.438,0,0,0,0,1.58057,0.99997,1.0625,4,1,1,0.820314,0,0.820314,0.796876,0,46.4844,63.3889,65.8889,66.7778,2723,1530,1518.48,970,1608.13,122.414,177.867,178.406,123.773,123.516,571.209,31.5,11.572,7.82401,12.26,99.75,99.6079,99.6079,0,-0.671875,48.5618,16.5,16.5,15.75
57.471,0,0,0,0,1.59277,0.99997,1.05939,4,1,1,0.820314,0,0.820314,0.799073,0,45.7031,64.3056,64.9445,67.6112,2732.25,1530,1535.31,970,1621.37,123.727,178.477,178.805,125.063,123.492,571.209,31.5,11.72,7.90401,12.416,99.75,100,100,0,-0.75,48.5618,16.5,16.5,15.75
57.504,0,0,0,0,1.59503,0.99997,1.05728,4,1,1,0.820314,0,0.820314,0.800782,0,45.7031,64.6667,64.8056,66.2501,2738.25,1550,1538.48,970,1621.37,123.867,178.477,178.805,124.898,125.086,575.428,31.5,11.712,7.90668,12.408,99.75,99.6079,100,0,-0.5,48.9204,16.5,16.5,15.75
57.538,0,0,0,0,1.58246,0.99997,1.0571,4,1,1,0.820314,0,0.820314,0.811036,0,45.7031,65.3612,64.5001,67.0001,2745.5,1550,1550.35,970,1608.16,124.781,178.992,179.484,129.75,125.508,575.428,31.5,11.808,7.98134,12.504,99.75,99.6079,100,0,-0.890625,48.9204,16.5,16.5,15.75
57.571,0,0,0,0,1.59979,0.99997,1.05649,4,1,1,0.820314,0,0.820314,0.819337,0,45.7031,65.1667,65.2223,66.6667,2753.25,1560,1547.81,970,1629.3,124.453,179.555,180.094,126.07,125.461,575.428,31.5,11.684,7.88001,12.38,99.75,100,100,0,-0.546875,48.9204,15.75,15.75,15.75
57.604,0,0,0,0,1.60706,0.99997,1.0567,4,1,1,0.820314,0,0.820314,0.821046,0,45.7031,65.3612,65.5278,66.4445,2757.75,1560,1551.02,970,1637.23,124.594,179.555,180.094,124.805,125.859,575.428,31.5,11.688,7.88268,12.384,99.75,100,100,0,-0.328125,48.9204,15.75,15.75,15.75
57.638,0,0,0,0,1.6051,0.99997,1.05713,4,1,1,0.820314,0,0.820314,0.819337,0,45.3125,65.6945,65.5556,66.3612,2762,1570,1551.05,970,1634.57,124.617,180.211,180.422,124.875,126.258,575.428,31.5,11.68,7.89334,12.376,99.75,100,100,0,-0.953125,48.9204,15.75,15.75,15.75
57.671,0,0,0,0,1.61127,0.99997,1.05844,4,1,1,0.820314,0,0.820314,0.822023,0,45.3125,66.1667,66.7223,67.5556,2769.25,1570,1561.6,970,1639.8,125.297,180.539,180.938,126.539,126.211,575.428,31.5,11.796,7.96801,12.492,99.75,100,100,0,-0.96875,48.9204,15.75,15.75,16.5
57.704,0,0,0,0,1.61536,0.99997,1.05902,4,1,1,0.820314,0,0.820314,0.823732,0,45.3125,66.3889,66.8612,66.0834,2782,1570,1559.84,970,1642.5,125.109,180.539,180.938,123.445,126.656,578.944,31.5,11.756,7.97868,12.452,99.75,100,100,0,-0.359375,48.9204,15.75,15.75,16.5
57.738,0,0,0,0,1.60211,0.99997,1.05991,4,1,1,0.820314,0,0.820314,0.825685,0,44.9219,66.6112,66.3334,67.2778,2789.25,1570,1565.9,970,1631.95,125.648,181.125,181.617,128.414,126.609,578.944,31.5,11.816,7.95201,12.512,99.75,100,100,0,-0.609375,48.9204,15.75,15.75,16.5
57.771,0,0,0,0,1.60211,0.99997,1.06064,4,1,1,0.820314,0,0.820314,0.826661,0,44.9219,66.8056,66.8889,67.1667,2788.75,1560,1565.63,970,1629.34,125.508,181.688,181.945,124.688,125.344,578.944,31.5,11.792,7.96801,12.488,99.75,100,100,0,-0.6875,48.5618,15.75,15.75,16.5
57.804,0,0,0,0,1.61279,0.99997,1.06131,4,1,1,0.820314,0,0.820314,0.825685,0,44.9219,66.9167,66.7778,66.4723,2798,1560,1562.7,970,1639.88,125.25,181.688,181.945,124.781,125.32,578.944,31.5,11.744,7.94401,12.44,99.75,100,100,0,-0.453125,48.5618,15.75,15.75,16.5
57.838,0,0,0,0,1.60736,0.99997,1.06265,4,1,1,0.820314,0,0.820314,0.826661,0,43.75,67.3056,66.5556,67.0834,2808.75,1560,1567.34,970,1634.57,125.672,182.109,182.93,126.352,125.297,578.944,31.5,11.82,7.98401,12.516,99.75,100,100,0,-0.390625,48.5618,15.75,15.75,16.5
57.871,0,0,0,0,1.61206,0.99997,1.06326,4,1,1,0.820314,0,0.820314,0.822999,0,43.75,67.5001,67.6667,66.8889,2814.5,1560,1567.54,970,1639.84,125.695,183.023,183.094,123.797,125.297,578.944,31.5,11.836,8.00001,12.532,99.75,100,100,0,-0.65625,48.5618,15.75,15.75,16.5
57.904,0,0,0,0,1.6098,0.99997,1.06317,4,1,1,0.820314,0,0.820314,0.82007,0,43.75,67.6112,67.5834,66.4167,2824.75,1560,1562.46,970,1637.23,125.203,183.023,183.094,122.766,125.273,583.299,31.5,11.704,7.98401,12.4,99.75,100,100,0,-0.265625,48.5618,15.75,15.75,16.5
57.938,0,0,0,0,1.59308,0.99997,1.06232,4,1,1,0.820314,0,0.820314,0.816408,0,43.75,67.6112,66.8612,66.3612,2825.25,1560,1564.02,970,1621.37,125.461,183.352,184.008,126.141,125.273,583.299,31.5,11.764,7.94401,12.46,99.75,100,100,0,-0.96875,48.5618,15.75,15.75,16.5
57.971,0,0,0,0,1.59015,0.99997,1.0614,4,1,1,0.820314,0,0.820314,0.812745,0,44.1406,67.5001,66.7501,66.5556,2835,1560,1556.45,970,1618.75,124.781,184.5,184.359,126.328,125.273,583.299,31.5,11.632,7.85601,12.328,99.75,100,100,0,-1.0625,48.5618,15.75,15.75,16.5
58.004,0,0,0,0,1.58966,0.99997,1.06128,4,1,1,0.820314,0,0.820314,0.817384,0,44.1406,67.7223,66.7223,67.1112,2848,1550,1557.3,970,1618.75,125.203,184.5,184.359,125.883,125.227,583.299,31.5,11.716,7.90134,12.412,99.75,100,100,0,-0.375,48.5618,16.5,16.5,16.5
58.038,0,0,0,0,1.59729,0.99997,1.06024,4,1,1,0.820314,0,0.820314,0.816408,0,43.3594,67.9723,67.9723,66.0001,2850.25,1550,1550.59,970,1623.98,124.758,184.523,184.992,121.289,125.273,583.299,31.5,11.592,7.90401,12.288,99.75,100,100,0,-0.625,48.5618,16.5,16.5,16.5
58.071,0,0,0,-1.5,1.57733,0.99997,1.05875,4,1,1,0.820314,0,0.820314,0.812745,0,43.3594,67.7778,67.1112,65.9167,2858.75,1540,1545.94,970,1605.51,124.406,185.086,185.414,124.313,123.938,583.299,31.5,11.528,7.76268,12.224,99.75,100,100,0,-0.890625,48.2017,15,15,16.5
58.104,0,0,0,-1.5,1.58325,0.99997,1.05759,4,1,1,0.820314,0,0.820314,0.81006,0,43.3594,67.9723,67.5556,66.5834,2863,1540,1543.67,970,1610.82,124.219,185.086,185.414,121.781,124.617,586.971,31.5,11.492,7.80801,12.188,99.75,100,100,0,-0.71875,48.2017,16.5,16.5,14.25
58.138,0,0,0,-1.5,1.58502,0.99997,1.05762,4,1,1,0.820314,0,0.820314,0.813722,0,42.5781,67.9445,67.4445,67.5556,2869.25,1530,1540.55,970,1613.44,124.078,185.531,185.977,123.164,123.938,586.971,31.5,11.484,7.75201,12.18,99.75,100,100,0,-0.9375,48.2017,16.5,16.5,14.25
58.171,0,0,0,-1.5,1.57318,0.99997,1.05637,4,1,1,0.820314,0,0.820314,0.815675,0,42.5781,68.2501,66.9445,67.3889,2879.25,1530,1541.88,970,1600.23,124.195,186.164,186.656,124.547,123.891,586.971,31.5,11.504,7.76534,12.224,99.75,100,100,0,-1.03125,48.2017,16.5,16.5,16.5
58.204,0,0,0,-1.5,1.57025,0.99997,1.05634,4,1,1,0.820314,0,0.820314,0.819337,0,42.5781,68.2501,67.7778,67.5556,2886.5,1530,1539.77,970,1594.96,124.148,186.164,186.656,125.18,123.914,586.971,31.5,11.5,7.74401,12.22,99.75,100,100,0,-0.671875,48.2017,15.75,15.75,16.5
58.238,0,0,0,-1.5,1.57062,0.99997,1.0564,4,1,1,0.820314,0,0.820314,0.823732,0,42.1875,68.1389,67.8056,68.0278,2890,1530,1531.91,970,1594.96,123.609,186.797,187.336,125.203,123.891,586.971,31.5,11.376,7.66134,12.096,99.75,100,100,0,-0.78125,48.2017,17.25,17.25,16.5
58.271,0,0,0,-1.5,1.57129,0.99997,1.05673,4,1,1,0.820314,0,0.820314,0.822023,0,41.4063,68.2501,67.8612,68.0834,2897.5,1510,1530.35,970,1594.96,123.586,187.43,187.594,123.633,122.625,586.971,31.5,11.392,7.67201,12.088,99.75,100,100,0,-1.1875,47.8415,17.25,17.25,16.5
58.304,0,0,0,-1.5,1.56885,0.99997,1.05875,4,1,1,0.820314,0,0.820314,0.82837,0,41.4063,68.4723,67.7501,67.4167,2910.25,1510,1527.58,970,1592.3,123.375,187.43,187.594,121.781,122.578,590.428,31.5,11.388,7.70134,12.084,99.75,100,100,0,-0.78125,47.8415,17.25,17.25,16.5
58.338,0,0,0,-1.5,1.56049,0.99997,1.05997,4,1,1,0.820314,0,0.820314,0.829347,0,41.7969,68.6667,67.3889,67.0278,2908.5,1510,1526.05,970,1584.38,123.422,187.828,188.297,122.391,122.578,590.428,31.5,11.408,7.71468,12.104,99.75,100,100,0,-0.5,47.8415,17.25,17.25,16.5
58.371,0,0,0,-1.5,1.56427,0.99997,1.06119,4,1,1,0.820314,0,0.820314,0.826661,0,41.4063,68.5278,67.5278,68.0834,2927.75,1510,1518.95,970,1587.03,122.977,188.438,188.789,122.414,122.555,590.428,31.5,11.348,7.64801,12.044,99,100,100,0,-0.796875,47.8415,17.25,17.25,16.5
58.404,0,0,0,-1.5,1.55957,0.99997,1.06152,4,1,1,0.820314,0,0.820314,0.822023,0,41.4063,68.6389,68.2778,67.8889,2927,1490,1515.78,970,1581.76,122.742,188.438,188.789,123.047,121.313,590.428,31.5,11.328,7.63734,12.024,99,100,100,0,-0.4375,47.4814,17.25,17.25,16.5
58.438,0,0,0,-1.5,1.55371,0.99997,1.06235,4,1,1,0.820314,0,0.820314,0.822999,0,40.2344,68.2501,68.5556,67.5001,2929,1480,1507.81,970,1576.48,122.133,188.836,189.07,119.648,120.07,590.428,31.5,11.272,7.60534,11.968,99,100,100,0,-1.23438,47.1228,17.25,17.25,16.5
58.471,0,0,0,-1.5,1.55951,0.99997,1.06284,4,1,1,0.820314,0,0.820314,0.824708,0,38.6719,68.6389,68.2223,67.3889,2945,1450,1506.8,970,1581.76,122.133,189.398,190.078,119.742,117.609,590.428,31.5,11.284,7.61334,11.98,99,100,100,0,-1.04688,46.4026,17.25,17.25,16.5
58.504,0,0,0,-1.5,1.55689,0.99997,1.06366,4,1,1,0.820314,0,0.820314,0.82837,0,38.6719,68.7778,68.1112,67.6667,2943.75,1450,1504.34,970,1579.06,122.18,189.398,190.078,120.656,117.609,593.944,31.5,11.3,7.63468,11.996,99,100,100,0,-0.796875,46.4026,17.25,17.25,16.5
58.538,0,0,0,-1.5,1.54614,0.99997,1.06424,4,1,1,0.820314,0,0.820314,0.826661,0,38.2813,69.0001,67.6389,68.0834,2957,1440,1505.12,970,1568.55,122.32,190.125,190.336,122.883,117.633,593.944,31.5,11.3,7.62668,11.996,99,100,100,0,-0.78125,46.4026,15.75,15.75,16.5
58.571,0,0,0,-1.5,1.54559,0.99997,1.06482,4,1,1,0.820314,0,0.820314,0.821046,0,38.2813,69.0001,67.6389,68.2223,2958.5,1440,1503.16,970,1565.9,122.203,190.453,190.758,123,117.563,593.944,31.5,11.3,7.62668,11.996,99,100,100,0,-0.625,46.4026,15.75,15.75,16.5
58.604,0,0,0,-1.5,1.54755,0.99997,1.06461,4,1,1,0.820314,0,0.820314,0.818361,0,38.2813,68.8889,67.7223,67.8889,2962,1440,1497.62,970,1565.9,121.852,190.453,190.758,121.805,117.586,593.944,31.5,11.252,7.59468,11.948,99,100,100,0,-0.453125,46.4026,17.25,17.25,16.5
58.638,0,0,0,-1.5,1.54913,0.99997,1.06497,4,1,1,0.820314,0,0.820314,0.822023,0,37.5,69.0556,68.6945,67.3612,2977.25,1440,1492.27,970,1565.86,121.57,190.992,191.578,119.25,117.563,593.944,31.5,11.224,7.57601,11.92,99,100,100,0,-1.04688,46.4026,17.25,17.25,16.5
58.671,0,0,0,-1.5,1.54291,0.99997,1.06473,4,1,1,0.820314,0,0.820314,0.824708,0,37.1094,69.1112,68.4167,67.5001,2983.5,1440,1487.5,970,1560.63,121.242,191.742,192.07,119.625,117.516,593.944,31.5,11.196,7.55734,11.892,99,100,100,0,-1.01563,46.4026,17.25,17.25,16.5
58.704,0,0,0,-1.5,1.5462,0.99997,1.06561,4,1,1,0.820314,0,0.820314,0.824708,0,37.1094,69.2223,69.2223,67.8612,2988.5,1440,1483.87,970,1563.2,121.078,191.742,192.07,118.617,117.516,597.381,31.5,11.188,7.57868,11.884,99,100,100,0,-0.4375,46.4026,17.25,17.25,16.5
58.738,0,0,0,-1.5,1.53558,0.99997,1.06616,4,1,1,0.820314,0,0.820314,0.821046,0,37.1094,69.0001,68.0834,68.4723,2994.5,1440,1482.15,970,1552.7,121.078,192.188,192.328,121.359,117.539,597.381,31.5,11.168,7.54134,11.864,99,100,100,0,-0.8125,46.4026,15.75,15.75,16.5
58.771,0,0,0,-1.5,1.5307,0.99997,1.06641,4,1,1,0.820314,0,0.820314,0.82007,0,36.3281,69.0556,67.8612,67.5556,3004.5,1430,1474.1,970,1547.42,120.445,192.469,192.961,119.297,117.469,597.381,31.5,11.1,7.49868,11.796,99,99.6079,100,0,-0.671875,46.4026,16.5,16.5,18
58.804,0,0,0,-1.5,1.53455,0.99997,1.06601,4,1,1,0.820314,0,0.820314,0.82007,0,36.3281,69.0556,71.5834,67.6389,3003,1440,1467.27,970,1550.04,120.023,192.469,192.961,117.867,118.125,597.381,31.5,11.032,7.49334,11.728,99,100,100,0,-0.5625,46.4026,18,18,15.75
58.838,0,0,0,-1.5,1.52045,0.99997,1.06598,4,1,1,0.820314,0,0.820314,0.821046,0,35.5469,69.0556,68.3334,67.1667,3019.75,1430,1464.26,970,1542.11,119.813,192.914,193.008,117.492,117.469,597.381,31.5,11.012,7.44001,11.708,99,99.6079,100,0,-0.984375,46.4026,18.75,18.75,18
58.871,0,0,0,-1.5,1.51441,0.99997,1.06534,4,1,1,0.820314,0,0.820314,0.813722,0,34.7656,68.5834,68.0556,65.9723,3020.75,1430,1453.28,970,1536.84,118.969,192.984,193.078,115.336,117.445,597.381,31.5,10.908,7.37334,11.604,99.75,100,100,0,-0.9375,46.4026,18.75,18.75,18
58.904,0,0,0,-1.5,1.50549,0.99997,1.06488,4,1,1,0.820314,0,0.820314,0.811769,0,34.7656,68.4167,67.6945,66.8056,3026.5,1430,1448.2,970,1528.91,118.57,192.984,193.078,117.539,117.445,600.76,31.5,10.832,7.33868,11.528,99.75,100,100,0,-0.96875,46.4026,18.75,18.75,18
58.938,0,0,0,-1.5,1.49963,0.99997,1.06342,4,1,1,0.820314,0,0.820314,0.809083,0,34.375,68.3056,69.9723,67.8056,3037.5,1430,1439.14,970,1526.29,117.867,193.055,193.172,118.547,117.398,600.76,31.5,10.744,7.27468,11.44,99.75,100,100,0,-0.765625,46.4026,17.25,17.25,18
58.971,0,0,0,-1.5,1.49066,0.99997,1.06192,4,1,1,0.820314,0,0.820314,0.812745,0,33.2031,68.3612,67.0278,67.3056,3039.5,1430,1437.34,970,1520.98,117.82,193.125,193.195,117.586,117.398,600.76,31.5,10.712,7.25334,11.408,99.75,100,100,0,-0.421875,46.4026,17.25,17.25,18
59.004,0,0,0,-1.5,1.48749,0.99997,1.06165,4,1,1,0.820314,0,0.820314,0.822023,0,33.2031,68.0834,69.0278,66.8056,3045,1430,1429.22,970,1515.74,117.164,193.125,193.195,117.422,117.352,600.76,31.5,10.644,7.19734,11.34,99.75,100,100,0,-0.765625,46.4026,18.75,18.75,18
59.038,0,0,0,-1.5,1.48468,0.99997,1.06229,4,1,1,0.820314,0,0.820314,0.830324,0,33.2031,67.8889,69.5278,65.7778,3054.75,1430,1420.43,970,1518.36,116.461,193.172,193.266,113.461,117.352,600.76,31.5,10.572,7.15734,11.268,99.75,100,100,0,-1.0625,46.4026,18.75,18.75,18
59.071,0,0,0,-1.5,1.47327,0.99997,1.06488,4,1,1,0.820314,0,0.820314,0.835695,0,31.6406,68.0834,67.0834,66.2778,3064.75,1420,1418.05,970,1510.43,116.367,193.219,193.359,114.727,117.328,600.76,31.5,10.572,7.16001,11.268,99,100,100,0,-0.734375,46.4026,18.75,18.75,18
59.104,0,0,0,-1.5,1.47455,0.99997,1.06711,4,1,1,0.820314,0,0.820314,0.835695,0,31.6406,68.0278,67.0278,68.1945,3065.5,1420,1420.16,970,1510.43,116.555,193.219,193.359,117.961,117.305,603.905,31.5,10.628,7.17068,11.324,99,100,100,0,-1.01563,46.4026,18.75,18.75,18
59.138,0,0,0,-1.5,1.46564,0.99997,1.06992,4,1,1,0.820314,0,0.820314,0.833009,0,31.6406,68.2501,66.7501,67.1112,3073.25,1420,1419.18,970,1499.84,116.555,193.313,193.383,116.602,117.281,603.905,31.5,10.66,7.20801,11.356,99,100,100,0,-0.96875,46.4026,18.75,18.75,18
59.171,0,0,0,-1.5,1.46716,0.99997,1.07233,4,1,1,0.820314,0,0.820314,0.832033,0,31.6406,68.3612,66.8056,66.8612,3080.25,1420,1414.45,970,1497.23,116.18,193.359,193.477,115.383,117.234,603.905,31.5,10.656,7.21068,11.344,99,100,100,0,-0.375,46.4026,18.75,18.75,18
59.204,0,0,0,-1.5,1.45606,0.99997,1.07318,4,1,1,0.820314,0,0.820314,0.829347,0,31.6406,68.1945,67.2778,68.0001,3088,1420,1417.58,970,1486.64,116.508,193.359,193.477,118.758,117.234,603.905,31.5,10.7,7.18934,11.388,99,100,100,0,-0.859375,46.4026,17.25,17.25,18
59.238,0,0,0,-1.5,1.46564,0.99997,1.07394,4,1,1,0.820314,0,0.820314,0.827638,0,30.4688,68.3612,68.3889,67.1112,3090.75,1420,1407.27,970,1494.57,115.641,193.43,193.523,114.609,117.188,603.905,31.5,10.62,7.19201,11.308,99,100,100,0,-0.890625,46.4026,18.75,18.75,18
59.271,0,0,0,-1.5,1.45661,0.99997,1.07562,4,1,1,0.820314,0,0.820314,0.830324,0,30.8594,68.3056,67.2778,66.8334,3098.5,1420,1404.53,970,1486.64,115.453,193.5,193.594,114.984,117.164,603.905,31.5,10.604,7.18934,11.292,99,99.6079,100,0,-0.4375,46.4026,18.75,18.75,18
59.304,0,0,0,-1.5,1.46076,0.99997,1.07571,4,1,1,0.820314,0,0.820314,0.824708,0,30.8594,68.2501,68.1389,67.3056,3103.5,1420,1401.95,970,1491.91,115.266,193.5,193.594,113.531,117.188,606.991,31.5,10.58,7.17601,11.268,99,100,100,0,-0.984375,46.4026,18.75,18.75,18
59.338,0,0,0,-1.5,1.45154,0.99997,1.07666,4,1,1,0.820314,0,0.820314,0.822023,0,28.5156,68.3056,67.0834,67.8612,3104.5,1400,1401.8,970,1484.02,115.289,193.57,193.641,116.297,115.898,606.991,31.5,10.592,7.16801,11.28,99,100,100,0,-0.75,46.0425,18.75,18.75,18
59.371,0,0,0,-1.5,1.45001,0.99997,1.07691,4,1,1,0.820314,0,0.820314,0.821046,0,25.7813,68.4167,67.0001,66.5834,3123,1380,1395.74,965,1481.37,114.82,193.617,193.758,113.273,113.367,606.991,31.5,10.548,7.13868,11.252,99,100,100,0,-0.921875,45.3238,18.75,18.75,18
59.404,0,0,0,-1.5,1.45117,0.99997,1.07651,4,1,1,0.820314,0,0.820314,0.82007,0,25.7813,68.2501,70.7778,67.4167,3124.5,1370,1392.66,965,1484.02,114.539,193.617,193.758,113.648,110.906,606.991,31.5,10.528,7.12801,11.232,99,99.6079,98.4314,0,-0.8125,44.6036,17.25,17.25,18
59.438,0,0,0,-1.5,1.44086,0.99997,1.07553,4,1,1,0.820314,0,0.820314,0.815675,0,24.6094,68.0834,67.5001,67.5001,3130.75,1370,1387.23,965,1481.37,114.117,193.688,193.781,113.508,110.883,606.991,31.5,10.452,7.07734,11.156,99,97.6471,94.902,0,-0.390625,44.6036,17.25,17.25,18
59.471,0,0,0,-1.5,1.43707,0.99997,1.07456,4,1,1,0.820314,0,0.820314,0.811036,0,22.6563,68.3056,67.0556,67.9445,3139,1360,1386.99,970,1476.09,114.117,193.758,193.852,114.211,109.641,606.991,31.5,10.448,7.07201,11.136,99,92.5491,89.4118,0,-0.703125,44.245,17.25,17.25,18
59.504,0,0,0,-1.5,1.43707,0.99997,1.0741,4,1,1,0.820314,0,0.820314,0.813722,0,22.6563,68.2501,66.8334,66.3056,3139.5,1360,1381.13,970,1473.4,113.672,193.758,193.852,111.305,109.617,609.998,31.5,10.4,7.06134,11.088,99,87.8432,84.7059,0,-1.10938,44.245,18.75,18.75,18
59.538,0,0,0,-1.5,1.43176,0.99997,1.07379,4,1,1,0.820314,0,0.820314,0.819337,0,21.0938,67.9445,67.6112,66.2223,3145.5,1360,1373.59,970,1468.2,113.016,193.828,193.922,111.773,109.617,609.998,31.5,10.32,7.00001,11.008,99,83.5294,81.1765,0,-0.65625,44.245,19.5,19.5,18
59.571,0,0,0,-1.5,1.42938,0.99997,1.07327,4,1,1,0.820314,0,0.820314,0.82007,0,20.3125,67.5001,69.0556,65.0834,3155.5,1360,1362.66,970,1468.13,112.125,193.875,193.992,108.539,109.594,609.998,31.5,10.192,6.90668,10.888,98.25,76.8628,77.6471,0,-1.21875,44.245,19.5,19.5,18
59.604,0,0,0,-1.5,1.42188,0.99997,1.0741,4,1,1,0.820314,0,0.820314,0.822999,0,20.3125,67.5556,69.1945,66.5001,3160,1360,1359.18,970,1462.89,111.867,193.875,193.992,111.094,109.57,609.998,31.5,10.168,6.90134,10.864,98.25,75.2941,75.6863,0,-0.8125,44.245,19.5,19.5,18
59.638,0,0,0,-1.5,1.41004,0.99997,1.07498,4,1,1,0.820314,0,0.820314,0.826661,0,21.0938,67.5001,65.8334,65.7778,3164.5,1360,1355.2,970,1454.96,111.563,193.945,193.992,110.25,109.547,609.998,31.5,10.16,6.89601,10.856,98.25,73.7255,73.7255,0,-0.421875,44.245,19.5,19.5,18
59.671,0,0,0,-1.5,1.40869,0.99997,1.07608,4,1,1,0.820314,0,0.820314,0.827638,0,19.5313,67.5556,66.3334,65.4445,3172.5,1360,1350.55,970,1452.3,111.188,193.969,194.109,108.891,109.547,609.998,31.5,10.116,6.88268,10.812,98.25,71.7647,72.1569,0,-0.9375,44.245,19.5,19.5,18
59.704,0,0,0,-1.5,1.39813,0.99997,1.07697,4,1,1,0.820314,0,0.820314,0.826661,0,19.5313,67.1945,65.8056,65.8056,3176.25,1360,1345.98,970,1441.76,110.836,193.969,194.109,111.328,109.523,612.713,31.5,10.08,6.84268,10.776,98.25,70.9804,71.3726,0,-0.484375,44.245,18,18,18
59.738,0,0,0,-1.5,1.39966,0.99997,1.07718,4,1,1,0.820314,0,0.820314,0.819337,0,19.5313,66.8612,69.3889,65.9723,3182.25,1360,1337.27,970,1444.38,110.109,194.063,194.156,109.945,109.523,612.713,31.5,10.012,6.79201,10.708,98.25,69.4118,70.5883,0,-0.5625,44.245,19.5,19.5,18.75
59.771,0,0,0,-1.5,1.39014,0.99997,1.07822,4,1,1,0.820314,0,0.820314,0.822023,0,19.5313,66.8056,65.9723,64.9445,3187.25,1360,1332.97,970,1439.1,109.805,194.133,194.203,108.164,109.5,612.713,31.5,9.976,6.77068,10.664,98.25,69.8039,69.4118,0,-0.625,44.245,19.5,19.5,18.75
59.804,0,0,0,-1.5,1.38629,0.99997,1.07791,4,1,1,0.820314,0,0.820314,0.821046,0,19.5313,66.6945,68.1112,65.3889,3194,1360,1325.55,970,1436.45,109.195,194.133,194.203,108.352,109.477,612.713,31.5,9.908,6.74668,10.596,98.25,69.4118,69.0196,0,-0.515625,44.245,19.5,19.5,18.75
59.838,0,0,0,-1.5,1.38587,0.99997,1.07816,4,1,1,0.820314,0,0.820314,0.82007,0,18.75,66.6945,67.4723,64.8889,3198.75,1360,1323.71,970,1436.45,109.055,194.156,194.273,106.453,109.477,612.713,31.5,9.896,6.74934,10.584,98.25,67.8432,68.2353,0,-0.96875,44.245,19.5,19.5,18.75
59.871,0,0,0,-1.5,1.38001,0.99997,1.07864,4,1,1,0.820314,0,0.820314,0.822023,0,18.3594,67.0278,64.7778,65.6945,3210.5,1360,1325.82,970,1428.52,109.289,194.227,194.367,108.281,109.453,612.713,31.5,9.932,6.75734,10.628,98.25,67.8432,67.8432,0,-1,44.245,19.5,19.5,18.75
59.904,0,0,0,-1.5,1.37976,0.99997,1.07889,4,1,1,0.820314,0,0.820314,0.824708,0,18.3594,67.0834,65.0834,66.9445,3207.75,1360,1329.22,970,1425.9,109.57,194.227,194.367,110.156,109.43,615.448,31.5,9.98,6.76268,10.676,98.25,67.451,67.8432,0,-0.734375,44.245,19.5,19.5,18.75
59.938,0,0,0,-1.5,1.37976,0.99997,1.07868,4,1,1,0.820314,0,0.820314,0.822023,0,17.5781,67.1389,65.7501,66.3056,3217,1360,1326.56,970,1423.24,109.359,194.32,194.367,109.078,109.43,615.448,31.5,9.956,6.75468,10.652,98.25,67.451,67.451,0,-1.10938,44.245,18,18,18.75
59.971,0,0,0,-1.5,1.38263,0.99997,1.07913,4,1,1,0.820314,0,0.820314,0.818361,0,16.0156,67.3056,67.6667,66.6389,3222.25,1350,1324.06,970,1425.86,109.148,194.367,194.461,108.211,108.141,615.448,31.5,9.932,6.75201,10.628,98.25,67.0588,67.0588,0,-0.609375,43.8849,19.5,19.5,18.75
60.004,0,0,0,-1.5,1.37952,0.99997,1.07922,4,1,1,0.820314,0,0.820314,0.818361,0,16.0156,66.9723,68.6667,67.6389,3229.5,1330,1320.78,970,1425.9,108.867,194.367,194.461,109.781,106.898,615.448,31.5,9.884,6.71734,10.58,98.25,66.2745,65.4902,0,-0.578125,43.5248,18,18,18.75
60.038,0,0,0,-1.5,1.37677,0.99997,1.07883,4,1,1,0.820314,0,0.820314,0.819337,0,12.5,66.9723,67.8612,66.5556,3232.25,1330,1317.03,970,1425.9,108.539,194.414,194.531,107.953,105.609,615.448,31.5,9.844,6.68534,10.54,98.25,64.7059,63.9216,0,-0.703125,43.1647,19.5,19.5,18.75
60.071,0,0,0,-1.5,1.37305,0.99997,1.07907,4,1,1,0.820314,0,0.820314,0.822023,0,11.3281,67.1389,66.3334,66.5001,3243,1320,1317.66,970,1420.66,108.609,194.484,194.555,108.586,104.367,615.448,31.5,9.86,6.69334,10.548,98.25,62.353,60.7843,0,-0.4375,42.8061,18,18,18.75
60.104,0,0,0,-1.5,1.37427,0.99997,1.07959,4,1,1,0.820314,0,0.820314,0.822999,0,11.3281,67.1945,68.4723,65.8612,3244.75,1320,1313.95,970,1423.24,108.305,194.484,194.555,106.523,104.32,618.026,31.5,9.844,6.69601,10.532,98.25,59.6079,58.0392,0,-0.828125,42.8061,19.5,19.5,18.75
60.138,0,0,0,-1.5,1.37146,0.99997,1.08054,4,1,1,0.820314,0,0.820314,0.825685,0,9.76563,67.1945,67.5278,65.9445,3252.25,1320,1312.07,970,1423.24,108.117,194.531,194.602,106.336,104.32,618.026,31.5,9.824,6.66934,10.512,98.25,56.0785,55.6863,0,-0.984375,42.8061,19.5,19.5,18.75
60.171,0,0,0,-1.5,1.36658,0.99997,1.08106,4,1,1,0.820314,0,0.820314,0.823732,0,8.59375,66.8612,68.3612,65.6112,3256.75,1320,1305.43,970,1420.63,107.555,194.555,194.672,105.984,104.297,618.026,31.5,9.776,6.63734,10.472,98.25,53.3334,53.3334,0,-0.75,42.8061,19.5,19.5,18.75
60.204,0,0,0,-1.5,1.3634,0.99997,1.0816,4,1,1,0.820314,0,0.820314,0.82007,0,8.59375,66.8056,69.8334,65.3889,3264,1320,1297.66,970,1420.63,106.852,194.555,194.672,104.906,104.297,618.026,31.5,9.712,6.63467,10.408,98.25,52.1569,52.1569,0,-1.125,42.8061,19.5,19.5,18.75
60.238,0,0,0,-1.5,1.35724,0.99997,1.08188,4,1,1,0.820314,0,0.820314,0.818361,0,8.20313,66.5001,69.4723,65.3889,3269.25,1320,1291.37,970,1420.63,106.313,194.625,194.719,104.367,104.25,618.026,31.5,9.632,6.56534,10.328,98.25,51.3726,51.3726,0,-0.71875,42.8061,21,21,18.75
60.271,0,0,0,-1.5,1.34662,0.99997,1.08112,4,1,1,0.820314,0,0.820314,0.814699,0,7.03125,66.2223,66.0278,65.2501,3272.75,1320,1288.44,970,1415.31,106.055,194.695,194.789,104.719,104.25,618.026,31.5,9.608,6.53067,10.304,98.25,50.1961,50.1961,0,-0.984375,42.8061,21,21,18.75
60.304,0,0,0,-1.5,1.3418,0.99997,1.08023,4,1,1,0.820314,0,0.820314,0.81006,0,7.03125,66.0001,68.5834,64.9445,3279.25,1320,1279.77,970,1410.04,105.281,194.695,194.789,105.141,104.227,619.725,31.5,9.5,6.49867,10.196,98.25,49.4118,49.8039,0,-0.84375,42.8061,21,21,18.75
60.338,0,0,0,-1.5,1.33399,0.99997,1.07877,4,1,1,0.820314,0,0.820314,0.806398,0,6.64063,66.1112,62.9445,64.0834,3281.5,1320,1281.25,970,1407.38,105.398,194.742,194.813,103.43,104.227,619.725,31.5,9.504,6.48534,10.2,98.25,49.0196,49.4118,0,-0.390625,42.8061,19.5,19.5,18.75
60.371,0,0,0,-1.5,1.32959,0.99997,1.07712,4,1,1,0.820314,0,0.820314,0.807374,0,5.85938,65.6945,67.7501,64.4723,3294,1320,1270.66,970,1402.15,104.484,194.789,194.93,104.508,104.18,619.725,31.5,9.408,6.39201,10.112,98.25,48.6275,49.0196,0,-0.984375,42.8061,19.5,19.5,18.75
60.404,0,0,0,-1.5,1.32605,0.99997,1.07602,4,1,1,0.820314,0,0.820314,0.813722,0,5.85938,65.6389,65.8334,64.7501,3290.75,1320,1270.63,970,1404.77,104.438,194.789,194.93,104.086,104.156,619.725,31.5,9.4,6.40001,10.104,98.25,48.6275,48.6275,0,-0.6875,42.8061,19.5,19.5,18.75
60.438,0,0,0,-1.5,1.32153,0.99997,1.07581,4,1,1,0.820314,0,0.820314,0.821046,0,4.6875,65.8612,63.2223,64.7501,3298.75,1320,1271.91,970,1399.49,104.555,194.883,194.93,104.063,104.156,619.725,31.5,9.408,6.40001,10.112,98.25,48.6275,48.6275,0,-0.5625,42.8061,21,21,18.75
60.471,0,0,0,-1.5,1.32654,0.99997,1.07556,4,1,1,0.820314,0,0.820314,0.821046,0,3.90625,65.6389,67.5834,65.5834,3302.75,1320,1267.73,970,1402.11,104.18,194.906,194.977,104.344,104.133,619.725,30.75,9.36,6.36534,10.056,98.25,48.2353,48.2353,0,-0.640625,42.8061,21,21,18.75
60.504,0,0,0,-1.5,1.32343,0.99997,1.07672,4,1,1,0.820314,0,0.820314,0.823732,0,3.90625,65.6945,66.8334,65.5834,3309,1320,1266.64,970,1402.11,104.086,194.906,194.977,104.039,104.133,621.971,30.75,9.344,6.36534,10.04,98.25,48.2353,48.2353,0,-0.453125,42.8061,21,21,18.75
60.538,0,0,0,-1.5,1.32001,0.99997,1.07733,4,1,1,0.820314,0,0.820314,0.823732,0,3.51563,65.9167,63.7223,64.6112,3317,1320,1266.91,970,1399.49,104.063,194.93,195.047,102.609,104.109,621.971,30.75,9.376,6.37867,10.072,98.25,48.2353,48.2353,0,-0.875,42.8061,21,21,18.75
60.571,0,0,0,-1.5,1.32318,0.99997,1.07877,4,1,1,0.820314,0,0.820314,0.826661,0,2.73438,65.9723,66.2501,65.5834,3324.25,1320,1266.13,970,1399.45,103.992,195,195.141,103.383,104.063,621.971,30.75,9.356,6.36001,10.06,98.25,48.2353,48.2353,0,-0.734375,42.8061,21,21,18.75
60.604,0,0,0,-0.75,1.32294,0.99997,1.07947,4,1,1,0.820314,0,0.820314,0.826661,0,2.73438,65.9723,67.1667,65.3889,3323.25,1320,1265.74,970,1399.49,103.922,195,195.141,103.148,104.063,621.971,30.75,9.372,6.37067,10.076,98.25,48.2353,48.2353,0,-0.390625,42.8061,21,21,18.75
60.638,0,0,0,-0.75,1.31812,0.99997,1.08008,4,1,1,0.820314,0,0.820314,0.822999,0,1.5625,66.0556,65.1389,66.0556,3332.75,1320,1267.46,970,1396.84,104.063,195.094,195.141,104.438,104.039,621.971,30.75,9.392,6.37334,10.096,98.25,47.8432,48.2353,0,-0.890625,42.8061,21,21,18.75
60.671,0,0,0,-0.75,1.31964,0.99997,1.0809,4,1,1,0.820314,0,0.820314,0.822023,0,1.17188,66.0556,66.4445,66.1112,3334.75,1320,1265.08,970,1399.49,103.852,195.117,195.211,104.063,104.016,621.971,30.75,9.376,6.37067,10.088,98.25,48.2353,48.2353,0,-0.53125,42.8061,21,21,18.75
60.704,0,0,0,-0.75,1.31854,0.99997,1.08106,4,1,1,0.820314,0,0.820314,0.822999,0,1.17188,66.2223,64.5834,66.3612,3342.75,1320,1268.24,970,1399.49,104.109,195.117,195.211,104.203,104.016,624.256,30.75,9.412,6.38134,10.124,98.25,48.2353,48.2353,0,-0.828125,42.8061,21,21,18.75
60.738,0,0,0,-0.75,1.32141,0.99997,1.08106,4,1,1,0.820314,0,0.820314,0.822999,0,1.17188,66.3889,65.9445,66.8612,3342.75,1320,1269.41,970,1399.49,104.18,195.164,195.258,104.742,104.016,624.256,30.75,9.444,6.40801,10.156,98.25,48.2353,48.2353,0,-0.4375,42.8061,20.25,20.25,18.75
60.771,0,0,0,-0.75,1.32349,0.99997,1.08099,4,1,1,0.820314,0,0.820314,0.819337,0,1.17188,66.8612,64.8334,66.8612,3355.25,1320,1272.7,970,1399.49,104.438,195.234,195.328,104.414,103.969,624.256,30.75,9.472,6.43201,10.16,98.25,48.6275,48.2353,0,-0.578125,42.8061,21,21,18.75
60.804,0,0,0,-0.75,1.32294,0.99997,1.08148,4,1,1,0.820314,0,0.820314,0.819337,0,1.17188,66.8056,64.8056,66.8056,3356.25,1320,1273.05,970,1396.84,104.461,195.234,195.328,105,103.945,624.256,30.75,9.48,6.42667,10.168,98.25,48.6275,48.2353,0,-0.6875,42.8061,20.25,20.25,18.75
60.838,0,0,0,-0.75,1.32581,0.99997,1.08185,4,1,1,0.820314,0,0.820314,0.822023,0,1.17188,67.1945,64.9723,67.6389,3359.75,1320,1277.27,970,1396.88,104.813,195.281,195.375,106.336,103.922,624.256,30.75,9.52,6.46401,10.208,98.25,48.6275,48.2353,0,-0.484375,42.8061,21,21,18.75
60.871,0,0,0,-0.75,1.33136,0.99997,1.08197,4,1,1,0.820314,0,0.820314,0.822999,0,1.17188,67.1945,68.5834,67.5834,3368.5,1320,1275.82,970,1399.49,104.648,195.352,195.422,105.117,103.898,624.256,30.75,9.508,6.45067,10.196,98.25,48.6275,48.6275,0,-0.375,42.8061,20.25,20.25,18.75
60.904,0,0,0,-0.75,1.3302,0.99997,1.08237,4,1,1,0.820314,0,0.820314,0.822999,0,1.17188,67.3056,67.9167,67.1389,3370.75,1320,1275.59,970,1399.49,104.625,195.352,195.422,104.766,103.898,627.205,30.75,9.512,6.46134,10.2,98.25,48.2353,48.6275,0,-0.96875,42.8061,21,21,18.75
60.938,0,0,0,-0.75,1.33264,0.99997,1.08331,4,1,1,0.820314,0,0.820314,0.826661,0,1.17188,67.2501,69.2501,66.6945,3378.25,1320,1272.46,970,1404.73,104.297,195.375,195.492,102.797,103.875,627.205,30.75,9.484,6.43467,10.172,98.25,48.6275,48.6275,0,-0.65625,42.8061,21,21,18.75
60.971,0,0,0,-0.75,1.32654,0.99997,1.08316,4,1,1,0.820314,0,0.820314,0.818361,0,1.17188,67.3334,67.1389,67.6389,3382.75,1320,1274.02,970,1402.11,104.414,195.469,195.516,104.695,103.852,627.205,30.75,9.496,6.44267,10.176,98.25,48.6275,48.6275,0,-0.953125,42.8061,21,21,18.75
61.004,0,0,0,-0.75,1.32605,0.99997,1.08386,4,1,1,0.820314,0,0.820314,0.817384,0,1.17188,67.7223,65.2501,67.8612,3388.25,1320,1279.22,970,1399.49,104.859,195.469,195.516,105.656,103.828,627.205,30.75,9.56,6.47734,10.24,98.25,48.6275,48.6275,0,-0.671875,42.8061,21,21,18.75
61.038,0,0,0,-0.75,1.33093,0.99997,1.0835,4,1,1,0.820314,0,0.820314,0.815675,0,1.17188,67.9723,65.5001,68.4167,3392.5,1320,1282.38,970,1402.11,105.117,195.492,195.563,105.703,103.805,627.205,30.75,9.588,6.49601,10.268,98.25,49.0196,48.6275,0,-0.75,42.8061,21,21,18.75
61.071,0,0,0,-0.75,1.33679,0.99997,1.08249,4,1,1,0.820314,0,0.820314,0.814699,0,1.17188,67.9723,69.4723,67.6945,3400,1320,1278.13,970,1404.73,104.742,196.008,195.656,103.875,103.781,627.205,31.5,9.528,6.46134,10.216,98.25,49.0196,48.6275,0,-1.14063,42.8061,21,21,18.75
61.104,0,0,0,-0.75,1.33655,0.99997,1.08261,4,1,1,0.820314,0,0.820314,0.819337,0,1.17188,68.3612,68.2778,67.4445,3406.25,1310,1278.28,970,1404.73,104.977,196.008,195.656,103.242,103.781,629.588,31.5,9.552,6.50667,10.24,98.25,49.0196,48.6275,0,-0.5,42.8061,21,21,18.75
61.138,0,0,0,-0.75,1.3335,0.99997,1.08258,4,1,1,0.820314,0,0.820314,0.823732,0,1.17188,68.2501,69.6112,68.6667,3409,1310,1279.18,970,1402.11,105.023,195.609,195.68,105.797,103.734,629.588,31.5,9.568,6.48534,10.256,98.25,49.0196,48.6275,0,-0.5,42.8061,21,21,18.75
61.171,0,0,0,-0.75,1.32971,0.99997,1.0827,4,1,1,0.820314,0,0.820314,0.824708,0,1.17188,68.1945,68.8056,67.6945,3417.5,1310,1274.41,970,1402.11,104.578,195.656,195.75,104.086,103.734,629.588,31.5,9.524,6.46134,10.228,97.5,48.6275,48.2353,0,-0.9375,42.8061,21,21,18.75
61.204,0,0,0,-0.75,1.3302,0.99997,1.08337,4,1,1,0.820314,0,0.820314,0.822999,0,1.17188,68.2501,68.8334,67.2778,3418.75,1310,1273.2,970,1404.77,104.461,195.656,195.75,102.867,103.688,629.588,31.5,9.516,6.45867,10.22,97.5,48.2353,48.2353,0,-0.9375,42.8061,21,21,18.75
61.238,0,0,0,-0.75,1.32849,0.99997,1.08408,4,1,1,0.820314,0,0.820314,0.822023,0,1.17188,68.2501,68.7223,68.0556,3424.25,1310,1273.2,970,1404.77,104.438,195.727,195.773,105.797,103.688,629.588,31.5,9.54,6.45601,10.244,97.5,48.2353,48.6275,0,-0.875,42.8061,20.25,20.25,18.75
61.271,0,0,0,-0.75,1.32672,0.99997,1.08496,4,1,1,0.820314,0,0.820314,0.824708,0,1.17188,68.4723,67.4167,68.9445,3427.75,1310,1275.63,970,1404.77,104.648,195.75,195.844,105.492,103.688,629.588,31.5,9.556,6.46667,10.252,97.5,48.2353,48.6275,0,-1.20313,42.8061,21,21,18.75
61.304,0,0,0,-0.75,1.32739,0.99997,1.08478,4,1,1,0.820314,0,0.820314,0.821046,0,1.17188,68.5278,66.8056,68.1389,3434,1310,1276.8,970,1402.11,104.719,195.75,195.844,104.672,103.688,631.893,31.5,9.588,6.48801,10.284,97.5,48.2353,48.6275,0,-0.65625,42.8061,20.25,20.25,18.75
61.338,0,0,0,-0.75,1.33051,0.99997,1.08472,4,1,1,0.820314,0,0.820314,0.814699,0,1.17188,68.6667,68.8334,68.7223,3441,1310,1276.25,970,1404.77,104.625,195.797,195.914,104.672,103.641,631.893,31.5,9.548,6.47201,10.244,97.5,48.6275,48.6275,0,-0.953125,42.8061,20.25,20.25,18.75
61.371,0,0,0,-0.75,1.328,0.99997,1.08493,4,1,1,0.820314,0,0.820314,0.817384,0,1.17188,68.7223,69.0556,69.0001,3447.25,1310,1276.09,970,1402.11,104.578,195.891,195.961,105.586,103.641,631.893,31.5,9.564,6.46934,10.252,97.5,48.6275,48.6275,0,-0.859375,42.8061,21,21,18.75
61.404,0,0,0,-0.75,1.32977,0.99997,1.08417,4,1,1,0.820314,0,0.820314,0.816408,0,1.17188,68.9445,67.2501,68.5556,3451.75,1310,1279.22,970,1404.77,104.836,195.891,195.961,103.852,103.617,631.893,31.5,9.596,6.49067,10.284,97.5,48.6275,48.6275,0,-0.859375,42.8061,20.25,20.25,18.75
61.438,0,0,0,-0.75,1.33331,0.99997,1.08347,4,1,1,0.820314,0,0.820314,0.812745,0,1.17188,69.0001,70.5834,69.0001,3453,1310,1277.81,970,1404.77,104.695,195.914,196.008,104.93,103.594,631.893,31.5,9.564,6.47467,10.252,97.5,48.6275,48.6275,0,-0.671875,42.8061,21,21,18.75
61.471,0,0,0,-0.75,1.3324,0.99997,1.08295,4,1,1,0.820314,0,0.820314,0.811036,0,1.17188,69.3056,68.0001,68.7223,3461.25,1310,1279.92,970,1404.77,104.883,195.984,196.055,104.156,103.547,631.893,31.5,9.58,6.50134,10.284,97.5,48.6275,48.6275,0,-0.953125,42.8061,20.25,20.25,18.75
61.504,0,0,0,-0.75,1.33325,0.99997,1.08188,4,1,1,0.820314,0,0.820314,0.809083,0,1.17188,69.1112,71.8056,68.8889,3470,1310,1273.83,970,1404.77,104.32,195.984,196.055,104.344,103.547,634.158,31.5,9.508,6.45067,10.212,97.5,48.6275,48.6275,0,-0.984375,42.8061,20.25,20.25,18.75
61.538,0,0,0,-0.75,1.32758,0.99997,1.08093,4,1,1,0.820314,0,0.820314,0.809083,0,1.17188,69.2778,67.7778,69.4445,3469.25,1310,1278.52,970,1402.11,104.695,196.031,196.125,105.68,103.547,634.158,31.5,9.548,6.45067,10.252,97.5,48.6275,48.6275,0,-0.375,42.8061,21,21,18.75
61.571,0,0,0,-0.75,1.32983,0.99997,1.07965,4,1,1,0.820314,0,0.820314,0.812745,0,1.17188,69.3056,68.5278,69.5834,3480.25,1310,1278.52,965,1402.11,104.672,196.078,196.148,105.445,103.523,634.158,31.5,9.532,6.45067,10.228,97.5,49.0196,49.0196,0,-1.25,42.8061,20.25,20.25,18.75
61.604,0,0,0,-0.75,1.33063,0.99997,1.07858,4,1,1,0.820314,0,0.820314,0.811036,0,1.17188,69.5278,68.5834,70.1667,3476.5,1310,1280.86,965,1402.15,104.859,196.078,196.148,106.547,103.5,634.158,31.5,9.552,6.46134,10.248,97.5,49.0196,49.0196,0,-0.734375,42.8061,21,21,18.75
61.638,0,0,0,-0.75,1.3349,0.99997,1.07758,4,1,1,0.820314,0,0.820314,0.807374,0,1.17188,69.6389,70.6945,70.5556,3489,1310,1280.82,965,1404.77,104.836,196.125,196.219,106.031,103.5,634.158,31.5,9.536,6.44001,10.232,97.5,49.0196,49.0196,0,-1.03125,42.8061,21,21,18.75
61.671,0,0,0,-0.75,1.33417,0.99997,1.077,4,1,1,0.820314,0,0.820314,0.811036,0,1.17188,69.5834,71.6112,69.4445,3488.25,1310,1277.66,970,1404.77,104.555,196.172,196.242,104.461,103.453,634.158,31.5,9.5,6.42667,10.196,97.5,49.0196,49.0196,0,-1.23438,42.8061,21,21,18.75
61.704,0,0,0,-0.75,1.32709,0.99997,1.07633,4,1,1,0.820314,0,0.820314,0.815675,0,1.17188,69.5278,69.3334,69.8056,3496.75,1310,1277.54,970,1402.15,104.508,196.172,196.242,105.75,103.43,636.404,31.5,9.488,6.40534,10.184,97.5,49.0196,49.0196,0,-0.484375,42.8061,21,21,18.75
61.738,0,0,0,-0.75,1.32935,0.99997,1.07559,4,1,1,0.820314,0,0.820314,0.817384,0,1.17188,70.0001,68.1389,70.0834,3501.75,1310,1280.66,970,1404.77,104.742,196.195,196.336,105.188,103.43,636.404,31.5,9.512,6.43734,10.208,97.5,49.0196,49.0196,0,-1.26563,42.8061,21,21,18.75
61.771,0,0,0,-0.75,1.33264,0.99997,1.07523,4,1,1,0.820314,0,0.820314,0.814699,0,1.17188,70.2223,68.9723,69.9445,3510.25,1310,1281.48,970,1404.77,104.766,196.266,196.383,104.93,103.406,636.404,31.5,9.512,6.43467,10.2,97.5,49.0196,49.4118,0,-0.671875,42.8061,21,21,18.75
61.804,0,0,0,-0.75,1.33832,0.99997,1.07535,4,1,1,0.820314,0,0.820314,0.816408,0,1.17188,70.2223,71.8612,70.5556,3512.75,1310,1281.37,970,1410.04,104.742,196.266,196.383,104.531,103.406,636.404,31.5,9.512,6.43734,10.2,97.5,49.4118,49.4118,0,-0.875,42.8061,21,21,18.75
61.838,0,0,0,-0.75,1.33618,0.99997,1.07498,4,1,1,0.820314,0,0.820314,0.816408,0,1.17188,70.3889,69.8334,70.4723,3518,1310,1283.95,970,1407.38,104.953,196.336,196.383,105.141,103.383,636.404,31.5,9.536,6.45067,10.224,97.5,49.4118,49.4118,0,-0.84375,42.8061,21,21,18.75
61.871,0,0,0,-0.75,1.3393,0.99997,1.07514,4,1,1,0.820314,0,0.820314,0.82007,0,1.17188,70.6389,70.6389,69.2223,3522.25,1310,1282.34,970,1407.34,104.813,196.406,196.43,102.82,103.336,636.404,31.5,9.536,6.46134,10.224,96.75,49.4118,49.4118,0,-0.75,42.8061,21.75,21.75,19.5
61.904,0,0,0,-0.75,1.33771,0.99997,1.07523,4,1,1,0.820314,0,0.820314,0.821046,0,1.17188,70.6112,70.8334,70.7778,3532.5,1310,1284.77,970,1407.38,105.023,196.406,196.43,104.93,102.797,638.631,31.5,9.552,6.44534,10.24,96.75,49.4118,49.4118,0,-0.6875,42.8061,21.75,21.75,26.25
61.938,0,0,0,-0.75,1.33527,0.99997,1.07504,4,1,1,0.820314,0,0.820314,0.818361,0,1.17188,70.7501,70.0556,70.6945,3533.75,1310,1285.78,970,1404.77,105.141,196.523,196.453,105.75,102.773,638.631,31.5,9.564,6.45867,10.252,96.75,49.4118,49.4118,0,-0.671875,42.8061,21.75,21.75,26.25
61.971,0,0,0,-0.75,1.33502,0.99997,1.07578,4,1,1,0.820314,0,0.820314,0.821046,0,1.17188,71.1945,69.3612,71.4167,3542.25,1310,1287.85,970,1404.77,105.305,196.055,196.5,106.43,102.727,638.631,31.5,9.588,6.48001,10.284,97.5,49.4118,49.0196,0,-1.25,42.8061,21.75,21.75,26.25
62.004,0,0,0,-0.75,1.33954,0.99997,1.07584,4,1,1,0.820314,0,0.820314,0.822023,0,1.17188,71.2501,70.2501,71.0556,3543,1310,1287.89,970,1407.38,105.352,196.055,196.5,105.305,102.703,638.631,31.5,9.616,6.50134,10.312,97.5,49.0196,48.6275,0,-0.875,42.8061,21.75,21.75,26.25
62.038,0,0,0,-0.75,1.33569,0.99997,1.07559,4,1,1,0.820314,0,0.820314,0.818361,0,1.17188,71.1945,70.0278,70.7778,3549.75,1310,1284.84,970,1404.8,105.117,196.078,196.523,104.695,102.68,638.631,31.5,9.544,6.46934,10.24,97.5,48.6275,48.6275,0,-1.25,42.8061,21.75,21.75,26.25
62.071,0,0,0,-0.75,1.33869,0.99997,1.0751,4,1,1,0.820314,0,0.820314,0.811036,0,1.17188,70.8612,73.9723,69.8056,3556,1310,1276.88,970,1410,104.391,196.266,196.57,102.492,102.656,638.631,31.5,9.472,6.40267,10.16,96.75,47.451,47.8432,0,-1.04688,42.8061,21.75,21.75,26.25
62.104,0,0,0,-0.75,1.33392,0.99997,1.07449,4,1,1,0.820314,0,0.820314,0.809083,0,1.17188,70.9167,72.4723,70.0278,3560.75,1310,1274.84,970,1410,104.25,196.266,196.57,102.75,102.609,640.779,31.5,9.452,6.40267,10.14,96.75,47.8432,48.2353,0,-0.875,42.8061,21.75,21.75,26.25
62.138,0,0,0,-0.75,1.32849,0.99997,1.07364,4,1,1,0.820314,0,0.820314,0.811036,0,1.17188,71.1389,70.4167,71.5001,3562,1310,1278.98,970,1407.38,104.625,196.242,196.594,105.422,102.586,640.779,31.5,9.5,6.41867,10.188,96.75,48.2353,48.2353,0,-1.26563,42.8061,21.75,21.75,26.25
62.171,0,0,0,-0.75,1.32843,0.99997,1.07221,4,1,1,0.820314,0,0.820314,0.814699,0,1.17188,71.1945,71.0834,71.4723,3571.25,1310,1277.97,970,1407.38,104.508,196.5,196.641,105.117,102.563,640.779,31.5,9.476,6.40267,10.164,96.75,48.2353,48.2353,0,-0.640625,42.8061,21.75,21.75,26.25
62.204,0,0,0,-0.75,1.32806,0.99997,1.07111,4,1,1,0.820314,0,0.820314,0.814699,0,1.17188,71.3056,69.7223,71.6389,3575.5,1300,1280.55,970,1407.38,104.789,196.5,196.641,105.563,102.539,640.779,31.5,9.492,6.40267,10.18,96.75,48.2353,48.2353,0,-1.32813,42.8061,21.75,21.75,26.25
62.238,0,0,0,-0.75,1.33026,0.99997,1.07098,4,1,1,0.820314,0,0.820314,0.815675,0,1.17188,71.3334,69.8334,69.8056,3578,1300,1276.88,970,1407.38,104.461,196.383,196.664,102.516,102.492,640.779,31.5,9.448,6.38401,10.136,96.75,48.2353,48.2353,0,-1.20313,42.8061,21.75,21.75,26.25
62.271,0,0,0,-0.75,1.32733,0.99997,1.07068,4,1,1,0.820314,0,0.820314,0.816408,0,1.17188,71.6112,69.6667,71.5001,3587,1300,1280.66,970,1404.8,104.789,196.664,196.711,105.398,102.492,640.779,31.5,9.492,6.41067,10.18,96.75,48.2353,47.8432,0,-0.96875,42.8061,21.75,21.75,26.25
62.304,0,0,0,-0.75,1.33258,0.99997,1.0705,4,1,1,0.820314,0,0.820314,0.814699,0,1.17188,71.9445,70.6389,70.6389,3593,1300,1278.48,970,1407.34,104.625,196.664,196.711,102.938,102.422,643.553,31.5,9.464,6.42667,10.152,96.75,48.2353,47.8432,0,-1.15625,42.8061,21.75,21.75,26.25
62.338,0,0,0,-0.75,1.33283,0.99997,1.07037,4,1,1,0.820314,0,0.820314,0.815675,0,1.17188,71.7223,73.2223,71.8056,3595.25,1300,1277.23,970,1407.38,104.531,196.594,196.711,104.766,102.422,643.553,31.5,9.456,6.38934,10.144,96.75,47.8432,47.8432,0,-0.96875,42.8061,21.75,21.75,26.25
62.371,0,0,0,-0.75,1.33154,0.99997,1.06931,4,1,1,0.820314,0,0.820314,0.811769,0,1.17188,71.8334,72.5278,70.9723,3601.75,1300,1275.39,970,1407.34,104.344,196.828,196.758,103.242,102.398,643.553,31.5,9.436,6.38401,10.124,96.75,47.8432,47.451,0,-1.35938,42.8061,21.75,21.75,26.25
62.404,0,0,0,-0.75,1.33258,0.99997,1.06912,4,1,1,0.820314,0,0.820314,0.814699,0,1.17188,71.8889,73.8334,71.4723,3607.5,1300,1273.67,970,1410.04,104.227,196.828,196.758,103.125,102.352,643.553,31.5,9.412,6.37867,10.1,96.75,47.451,47.451,0,-0.9375,42.8061,21.75,21.75,26.25
62.438,0,0,0,-0.75,1.3291,0.99997,1.06854,4,1,1,0.820314,0,0.820314,0.816408,0,1.17188,71.8334,73.8056,71.8889,3610.75,1300,1273.01,970,1410.04,104.203,196.805,196.805,104.016,102.328,643.553,31.5,9.416,6.35734,10.104,96.75,47.451,47.451,0,-1.4375,42.8061,21.75,21.75,26.25
62.471,0,0,0,-0.75,1.32593,0.99997,1.06851,4,1,1,0.820314,0,0.820314,0.822023,0,1.17188,71.9445,71.0001,71.7223,3615.75,1300,1274.65,970,1407.38,104.32,196.898,196.828,104.156,102.328,643.553,31.5,9.424,6.36801,10.112,96.75,47.451,47.451,0,-1.125,42.8061,21.75,21.75,26.25
62.504,0,0,0,-0.75,1.3244,0.99997,1.0686,4,1,1,0.820314,0,0.820314,0.822999,0,1.17188,72.1945,70.2501,71.7223,3622.25,1300,1277.27,970,1404.77,104.578,196.898,196.828,104.344,102.258,645.76,31.5,9.46,6.37867,10.148,96.75,47.451,47.8432,0,-1.07813,42.8061,21.75,21.75,26.25
62.538,0,0,0,-0.75,1.32813,0.99997,1.06897,4,1,1,0.820314,0,0.820314,0.822023,0,1.17188,72.3056,71.8056,72.2501,3626.25,1300,1276.13,970,1407.38,104.508,196.898,196.852,104.438,102.211,645.76,31.5,9.452,6.38401,10.14,96.75,47.8432,47.8432,0,-1.29688,42.8061,21.75,21.75,26.25
62.571,0,0,0,-0.75,1.32935,0.99997,1.07001,4,1,1,0.820314,0,0.820314,0.822999,0,1.17188,72.3612,72.5278,72.5001,3632.75,1300,1276.88,970,1407.38,104.531,196.945,196.898,104.883,102.211,645.76,31.5,9.468,6.39467,10.156,96.75,47.451,47.451,0,-0.734375,42.8061,21.75,21.75,26.25
62.604,0,0,0,-0.75,1.32922,0.99997,1.07031,4,1,1,0.820314,0,0.820314,0.823732,0,1.17188,72.5834,72.5001,72.5001,3640.75,1300,1276.48,970,1407.38,104.531,196.945,196.898,104.602,102.164,645.76,31.5,9.472,6.40001,10.16,96.75,47.451,47.0588,0,-1.4375,42.8061,21.75,21.75,26.25
62.638,0,0,0,-0.75,1.32868,0.99997,1.07074,4,1,1,0.820314,0,0.820314,0.823732,0,1.17188,72.6667,71.9445,72.6667,3639.25,1300,1277.7,970,1407.38,104.672,196.969,196.922,104.883,102.141,645.76,31.5,9.504,6.41334,10.192,96.75,47.0588,47.0588,0,-0.984375,42.8061,21.75,21.75,26.25
62.671,0,0,0,-0.75,1.32788,0.99997,1.07184,4,1,1,0.820314,0,0.820314,0.825685,0,1.17188,72.6389,71.7501,71.8056,3648.5,1300,1274.34,970,1407.38,104.344,197.016,196.969,103.641,102.117,645.76,31.5,9.46,6.38934,10.156,96.75,47.0588,47.0588,0,-1.17188,42.8061,21.75,21.75,26.25
62.704,0,0,0,-0.75,1.32849,0.99997,1.07242,4,1,1,0.820314,0,0.820314,0.826661,0,1.17188,72.6389,73.2778,72.5834,3653,1300,1274.53,970,1410,104.391,197.016,196.969,103.922,102.094,647.928,31.5,9.48,6.37867,10.176,96.75,47.0588,47.0588,0,-0.953125,42.8061,21.75,21.75,26.25
62.738,0,0,0,-0.75,1.32507,0.99997,1.07297,4,1,1,0.820314,0,0.820314,0.825685,0,1.17188,72.8334,71.7501,72.1389,3660.25,1300,1273.36,970,1407.38,104.32,197.063,196.992,103.969,102.047,647.928,31.5,9.476,6.39734,10.172,96.75,47.0588,47.0588,0,-0.984375,42.8061,21.75,21.75,26.25
62.771,0,0,0,-0.75,1.32813,0.99997,1.07422,4,1,1,0.820314,0,0.820314,0.82837,0,1.17188,73.0001,73.2501,73.6112,3661.5,1300,1275.39,970,1410,104.484,197.016,197.016,105.023,102.07,647.928,31.5,9.524,6.42667,10.212,96.75,47.0588,46.6667,0,-1.17188,42.8061,21.75,21.75,26.25
62.804,0,0,0,-0.75,1.32672,0.99997,1.07459,4,1,1,0.820314,0,0.820314,0.822999,0,1.17188,73.1112,73.1667,72.9167,3668.25,1300,1273.48,970,1407.38,104.32,197.016,197.016,104.719,102,647.928,31.5,9.492,6.41867,10.18,96.75,47.0588,47.0588,0,-0.828125,42.8061,21.75,21.75,26.25
62.838,0,0,0,-0.75,1.32831,0.99997,1.07492,4,1,1,0.820314,0,0.820314,0.817384,0,1.17188,73.0001,74.5834,72.9167,3671.75,1300,1271.6,970,1410,104.18,197.086,197.063,103.805,101.977,647.928,31.5,9.48,6.40001,10.168,96.75,47.0588,47.0588,0,-1.1875,42.8061,21.75,21.75,26.25
62.871,0,0,0,-0.75,1.32257,0.99997,1.07459,4,1,1,0.820314,0,0.820314,0.811036,0,1.17188,73.0001,72.9445,73.0001,3676,1300,1270.27,970,1407.38,104.086,197.18,197.109,104.766,101.93,647.928,32.25,9.472,6.38401,10.16,96.75,47.0588,47.0588,0,-0.875,42.8061,21.75,21.75,26.25
62.904,0,0,0,-0.75,1.32599,0.99997,1.07349,4,1,1,0.820314,0,0.820314,0.808107,0,1.17188,73.2778,72.4723,73.2501,3681.75,1300,1273.63,970,1410,104.367,197.18,197.109,103.992,101.93,650.076,32.25,9.504,6.41334,10.192,96.75,47.0588,47.0588,0,-0.875,42.8061,21.75,21.75,26.25
62.938,0,0,0,-0.75,1.32477,0.99997,1.07224,4,1,1,0.820314,0,0.820314,0.807374,0,1.17188,73.4723,72.5001,73.3889,3689.5,1300,1274.73,970,1407.38,104.484,197.18,197.133,104.906,101.859,650.076,32.25,9.512,6.40534,10.2,96.75,46.6667,46.6667,0,-1,42.8061,21.75,21.75,26.25
62.971,0,0,0,-0.75,1.32526,0.99997,1.07037,4,1,1,0.820314,0,0.820314,0.811036,0,1.17188,73.5278,73.1945,73.3334,3694.5,1300,1273.28,970,1407.38,104.32,196.711,197.156,104.438,101.836,650.076,32.25,9.468,6.38934,10.164,96.75,46.6667,46.6667,0,-0.859375,42.8061,21.75,21.75,26.25
63.004,0,0,0,-0.75,1.32843,0.99997,1.06946,4,1,1,0.820314,0,0.820314,0.813722,0,1.17188,73.5278,74.7223,74.1389,3694.5,1300,1275.63,970,1410.04,104.297,196.711,197.156,105.117,101.813,650.076,32.25,9.464,6.37334,10.16,96.75,46.6667,46.6667,0,-1.4375,42.8061,21.75,21.75,26.25
63.038,0,0,0,-0.75,1.32758,0.99997,1.06906,4,1,1,0.820314,0,0.820314,0.817384,0,1.17188,73.6945,72.6389,72.9167,3703.5,1300,1274.88,970,1410.04,104.227,197.18,197.18,103.078,101.813,650.076,32.25,9.444,6.37067,10.14,96.75,46.6667,46.6667,0,-0.515625,42.8061,21.75,21.75,26.25
63.071,0,0,0,-0.75,1.32617,0.99997,1.06799,4,1,1,0.820314,0,0.820314,0.812745,0,1.17188,73.8056,73.2501,74.1945,3704.5,1300,1276.64,970,1407.38,104.367,197.25,197.203,105.773,101.766,650.076,32.25,9.456,6.37867,10.144,96.75,46.6667,46.6667,0,-1.23438,42.8061,21.75,21.75,26.25
63.104,0,0,0,-0.75,1.3327,0.99997,1.06818,4,1,1,0.820314,0,0.820314,0.814699,0,1.17188,74.0556,74.2778,73.5278,3714.25,1300,1277.03,970,1412.66,104.414,197.25,197.203,103.219,101.719,652.186,32.25,9.456,6.40001,10.144,96.75,46.6667,46.6667,0,-0.9375,42.8061,21.75,21.75,26.25
63.138,0,0,0,-0.75,1.33093,0.99997,1.06805,4,1,1,0.820314,0,0.820314,0.818361,0,1.17188,73.9167,75.5278,74.1389,3717.75,1300,1275.16,970,1410.04,104.297,197.344,197.25,104.906,101.695,652.186,32.25,9.44,6.36534,10.128,96.75,46.6667,47.0588,0,-0.8125,42.8061,21.75,21.75,26.25
63.171,0,0,0,-0.75,1.32544,0.99997,1.06805,4,1,1,0.820314,0,0.820314,0.822023,0,1.17188,74.2778,71.8612,75.2778,3723.25,1300,1281.6,970,1407.38,104.859,197.273,197.273,106.594,101.672,652.186,32.25,9.524,6.39734,10.212,96.75,46.6667,46.6667,0,-1.45313,42.8061,21,21,26.25
63.204,0,0,0,-0.75,1.32977,0.99997,1.06815,4,1,1,0.820314,0,0.820314,0.82007,0,1.17188,74.6945,72.8334,74.8334,3724.75,1300,1284.45,970,1407.38,105.094,197.273,197.273,105.703,101.648,652.186,32.25,9.536,6.42934,10.224,96.75,46.6667,46.6667,0,-0.953125,42.8061,21.75,21.75,26.25
63.238,0,0,0,-0.75,1.33466,0.99997,1.06879,4,1,1,0.820314,0,0.820314,0.819337,0,1.17188,74.8056,75.1945,75.1667,3734.5,1300,1282.54,970,1410.04,104.953,197.367,197.32,105.445,101.578,652.186,32.25,9.536,6.42934,10.224,96.75,47.0588,47.0588,0,-1.20313,42.8061,21.75,21.75,26.25
63.271,0,0,0,-0.75,1.33441,0.99997,1.06995,4,1,1,0.820314,0,0.820314,0.824708,0,1.17188,74.6389,75.1945,74.4723,3738.75,1300,1279.8,970,1410,104.695,197.414,197.344,104.18,101.602,652.186,32.25,9.508,6.41067,10.212,96.75,47.0588,47.0588,0,-0.921875,42.8061,21,21,26.25
63.304,0,0,0,-0.75,1.328,0.99997,1.06961,4,1,1,0.820314,0,0.820314,0.822999,0,1.17188,74.6945,74.1389,74.2223,3745.25,1290,1276.95,970,1404.77,104.484,197.414,197.344,105.141,101.555,654.354,32.25,9.484,6.39734,10.188,96.75,47.0588,47.0588,0,-1.125,42.8061,21,21,26.25
63.338,0,0,0,-0.75,1.33106,0.99997,1.07037,4,1,1,0.820314,0,0.820314,0.822023,0,1.17188,74.6389,76.3334,74.3056,3750.25,1290,1274.65,970,1410.04,104.297,197.438,197.391,103.898,101.531,654.354,32.25,9.472,6.38667,10.176,96.75,46.6667,47.0588,0,-1.14063,42.8061,21,21,26.25
63.371,0,0,0,-0.75,1.328,0.99997,1.07071,4,1,1,0.820314,0,0.820314,0.818361,0,1.17188,74.9167,73.4445,74.0556,3753.75,1290,1276.64,970,1407.38,104.484,197.461,197.414,104.133,101.508,654.354,32.25,9.496,6.40001,10.184,96.75,47.0588,47.0588,0,-1.04688,42.8061,21.75,21.75,26.25
63.404,0,0,0,-0.75,1.33093,0.99997,1.07077,4,1,1,0.820314,0,0.820314,0.816408,0,1.17188,74.8612,74.9723,74.7501,3761.75,1290,1276.33,970,1410.04,104.438,197.461,197.414,104.086,101.484,654.354,32.25,9.496,6.40267,10.184,96.75,46.6667,46.6667,0,-1.34375,42.8061,21,21,26.25
63.438,0,0,0,-0.75,1.32983,0.99997,1.07071,4,1,1,0.820314,0,0.820314,0.817384,0,1.17188,74.8056,76.4167,74.7501,3762,1290,1274.92,970,1410.04,104.344,197.461,197.461,104.508,101.461,654.354,32.25,9.484,6.38934,10.172,96.75,46.6667,46.6667,0,-0.59375,42.8061,21,21,26.25
63.471,0,0,0,-0.75,1.33215,0.99997,1.0704,4,1,1,0.820314,0,0.820314,0.819337,0,1.17188,75.3334,75.1667,75.1667,3770.5,1290,1279.53,970,1412.7,104.719,197.578,197.484,104.109,101.414,654.354,32.25,9.532,6.42134,10.22,96,46.6667,46.2745,0,-1.0625,42.8061,21.75,21.75,26.25
63.504,0,0,0,-0.75,1.33337,0.99997,1.07022,4,1,1,0.820314,0,0.820314,0.819337,0,1.17188,75.4445,75.2223,75.0001,3771.5,1290,1279.8,970,1412.66,104.766,197.578,197.484,103.969,101.391,657.088,32.25,9.532,6.42934,10.22,96,46.2745,46.2745,0,-1.0625,42.8061,21.75,21.75,26.25
63.538,0,0,0,-0.75,1.33453,0.99997,1.06992,4,1,1,0.820314,0,0.820314,0.817384,0,1.17188,75.4445,77.3612,75.4445,3777.75,1290,1277.85,970,1412.7,104.602,197.484,197.508,104.648,101.367,657.088,32.25,9.504,6.40267,10.192,96,46.2745,46.2745,0,-1.125,42.8061,21.75,21.75,26.25
63.571,0,0,0,-0.75,1.32922,0.99997,1.06976,4,1,1,0.820314,0,0.820314,0.814699,0,1.17188,75.7223,73.5834,75.0001,3787.75,1290,1279.84,970,1410.04,104.813,197.648,197.555,104.016,101.344,657.088,32.25,9.54,6.43467,10.228,96.75,46.2745,46.2745,0,-0.859375,42.8061,21.75,21.75,26.25
63.604,0,0,0,0,1.3324,0.99997,1.06946,4,1,1,0.820314,0,0.820314,0.814699,0,1.17188,75.7223,75.8612,74.5834,3790.75,1290,1275.94,970,1412.7,104.461,197.648,197.555,102.961,101.297,657.088,32.25,9.484,6.40801,10.172,96.75,46.2745,46.2745,0,-1.28125,42.8061,21.75,21.75,26.25
63.638,0,0,0,0,1.33008,0.99997,1.06912,4,1,1,0.820314,0,0.820314,0.816408,0,1.17188,75.6112,77.7501,76.5278,3794.5,1290,1275.04,970,1412.7,104.391,197.602,197.578,105.727,101.297,657.088,32.25,9.48,6.38667,10.168,96.75,46.2745,46.2745,0,-0.875,42.8061,21.75,21.75,26.25
63.671,0,0,0,0,1.3291,0.99997,1.0683,4,1,1,0.820314,0,0.820314,0.816408,0,1.17188,76.0834,73.5556,76.1667,3800.25,1290,1281.25,970,1412.7,104.906,197.695,197.625,105.047,101.273,657.088,32.25,9.54,6.42667,10.244,96,46.2745,46.2745,0,-1.375,42.8061,21.75,21.75,26.25
63.704,0,0,0,0,1.33032,0.99997,1.06802,4,1,1,0.820314,0,0.820314,0.815675,0,1.17188,76.1389,74.3889,75.7778,3804,1290,1282.89,970,1410.04,105.07,197.695,197.625,104.883,101.25,659.197,32.25,9.556,6.42667,10.26,96,45.8824,45.8824,0,-1.23438,42.8061,21.75,21.75,26.25
63.738,0,0,0,0,1.33362,0.99997,1.06802,4,1,1,0.820314,0,0.820314,0.817384,0,1.17188,76.2501,76.7223,74.9167,3808.5,1290,1278.13,970,1410.04,104.695,197.719,197.648,103.242,101.18,659.197,32.25,9.504,6.42667,10.208,96,46.2745,46.6667,0,-1.09375,42.8061,21.75,21.75,26.25
63.771,0,0,0,0,1.32849,0.99997,1.06763,4,1,1,0.820314,0,0.820314,0.818361,0,1.17188,76.0278,76.4445,76.1667,3815.75,1290,1276.48,970,1407.38,104.531,197.695,197.695,105.117,101.156,659.197,32.25,9.488,6.38934,10.176,96.75,46.2745,46.2745,0,-1.14063,42.8061,21.75,21.75,26.25
63.804,0,0,0,0,1.32727,0.99997,1.06738,4,1,1,0.820314,0,0.820314,0.815675,0,1.17188,76.0834,77.0556,76.6112,3820,1290,1275.31,970,1407.38,104.438,197.695,197.695,105.773,101.133,659.197,32.25,9.48,6.37867,10.168,96.75,46.2745,46.2745,0,-0.6875,42.8061,21.75,21.75,26.25
63.838,0,0,0,0,1.32904,0.99997,1.06738,4,1,1,0.820314,0,0.820314,0.815675,0,1.17188,76.3056,76.4723,76.1667,3824.5,1290,1275.04,970,1410.04,104.414,197.742,197.719,104.414,101.109,659.197,32.25,9.472,6.38401,10.16,96.75,46.2745,46.2745,0,-1.32813,42.8061,21.75,21.75,26.25
63.871,0,0,0,0,1.3266,0.99997,1.06705,4,1,1,0.820314,0,0.820314,0.816408,0,1.17188,76.2501,75.6112,76.0834,3830.25,1290,1275.66,970,1410.04,104.484,197.766,197.742,104.953,101.109,659.197,32.25,9.488,6.38134,10.184,96,46.2745,46.2745,0,-0.953125,42.8061,21.75,21.75,26.25
63.904,0,0,0,0,1.32703,0.99997,1.06656,4,1,1,0.820314,0,0.820314,0.816408,0,1.17188,76.4723,75.5834,76.8612,3837.75,1290,1277.19,970,1410.04,104.602,197.766,197.742,105.68,101.039,661.385,32.25,9.492,6.38134,10.188,96,45.4902,45.8824,0,-1.39063,42.8061,21.75,21.75,26.25
63.938,0,0,0,0,1.32648,0.99997,1.06659,4,1,1,0.820314,0,0.820314,0.819337,0,1.17188,76.7778,74.1667,76.9723,3837.75,1290,1282.15,970,1407.38,105.07,197.836,197.766,106.008,101.039,661.385,32.25,9.544,6.42134,10.24,96,45.8824,45.8824,0,-1.15625,42.8061,21.75,21.75,26.25
63.971,0,0,0,0,1.33331,0.99997,1.06619,4,1,1,0.820314,0,0.820314,0.818361,0,1.17188,76.7778,78.0556,76.7778,3844,1290,1276.88,970,1412.7,104.625,197.883,197.813,104.438,100.992,661.385,32.25,9.5,6.38934,10.204,96,45.8824,45.8824,0,-0.78125,42.8061,21.75,21.75,26.25
64.004,0,0,0,0,1.3241,0.99997,1.06622,4,1,1,0.820314,0,0.820314,0.817384,0,1.17188,76.7778,74.8334,75.6945,3850.5,1290,1277.42,970,1404.77,104.648,197.883,197.813,104.391,100.969,661.385,32.25,9.504,6.39201,10.208,96,46.2745,45.4902,0,-1.26563,42.8061,21.75,21.75,26.25
64.038,0,0,0,0,1.32819,0.99997,1.06628,4,1,1,0.820314,0,0.820314,0.816408,0,1.17188,76.9445,75.7223,76.6112,3854.5,1290,1276.41,970,1410.04,104.602,197.906,197.836,104.086,100.945,661.385,32.25,9.492,6.38667,10.196,96,45.0981,45.4902,0,-0.984375,42.8061,21.75,21.75,26.25
64.071,0,0,0,0,1.32953,0.99997,1.06571,4,1,1,0.820314,0,0.820314,0.813722,0,1.17188,76.889,78.639,76.5278,3862.25,1290,1272.62,970,1412.7,104.273,197.906,197.883,103.641,100.898,661.385,32.25,9.46,6.37067,10.148,96,45.4902,45.8824,0,-1.34375,42.8061,21.75,21.75,26.25
64.104,0,0,0,0,1.32672,0.99997,1.06497,4,1,1,0.820314,0,0.820314,0.811036,0,1.17188,76.7223,78.5001,76.5278,3862.25,1290,1270.08,970,1412.7,104.039,197.906,197.883,103.898,100.875,663.397,32.25,9.428,6.34667,10.116,96,45.8824,45.4902,0,-1.0625,42.8061,21.75,21.75,26.25
64.138,0,0,0,0,1.32037,0.99997,1.06479,4,1,1,0.820314,0,0.820314,0.814699,0,1.17188,77.2223,74.5556,77.139,3870.75,1290,1275.63,970,1407.38,104.531,197.906,197.906,105.445,100.828,663.397,32.25,9.492,6.38667,10.18,96,45.0981,45.4902,0,-1.14063,42.8061,21.75,21.75,26.25
64.171,0,0,0,0,1.33045,0.99997,1.06424,4,1,1,0.820314,0,0.820314,0.82007,0,1.17188,77.1667,78.6945,76.6945,3875.25,1290,1273.05,970,1412.7,104.297,198,197.953,103.523,100.828,663.397,32.25,9.452,6.36001,10.148,96,45.8824,45.8824,0,-0.6875,42.8061,21.75,21.75,26.25
64.204,0,0,0,0,1.32617,0.99997,1.06381,4,1,1,0.820314,0,0.820314,0.82007,0,1.17188,77.3056,75.6389,77.2223,3878.75,1290,1275.78,970,1410.04,104.555,198,197.953,104.648,100.805,663.397,32.25,9.48,6.36801,10.176,96,45.4902,45.8824,0,-1.46875,42.8061,21.75,21.75,26.25
64.238,0,0,0,0,1.32965,0.99997,1.06378,4,1,1,0.820314,0,0.820314,0.817384,0,1.17188,77.4723,77.2223,77.7223,3884.5,1290,1277.23,970,1410.04,104.672,197.953,197.953,105.023,100.781,663.397,32.25,9.496,6.38934,10.192,96,45.0981,45.8824,0,-0.953125,42.8061,21.75,21.75,26.25
64.271,0,0,0,0,1.32214,0.99997,1.06455,4,1,1,0.820314,0,0.820314,0.822023,0,1.17188,77.639,75.5278,77.5001,3887.5,1290,1277.19,970,1404.8,104.648,198.07,198,106.406,100.734,663.397,32.25,9.5,6.38934,10.188,96,45.8824,45.4902,0,-1.28125,42.8061,21.75,21.75,26.25
64.304,0,0,0,0,1.33106,0.99997,1.06479,4,1,1,0.820314,0,0.820314,0.823732,0,1.17188,78.0001,78.1667,77.7223,3894.5,1290,1277.3,970,1412.7,104.695,198.07,198,104.25,100.711,665.408,32.25,9.5,6.42401,10.188,96,45.4902,44.7059,0,-0.953125,42.8061,21.75,21.75,26.25
64.338,0,0,0,0,1.32953,0.99997,1.06494,4,1,1,0.820314,0,0.820314,0.822023,0,1.17188,77.6945,79.4445,78.139,3897,1280,1275.08,970,1412.7,104.531,198.117,198.047,105.141,100.688,665.408,32.25,9.484,6.37867,10.172,96,44.7059,44.7059,0,-0.765625,42.8061,21.75,21.75,26.25
64.371,0,0,0,0,1.32263,0.99997,1.06564,4,1,1,0.820314,0,0.820314,0.82007,0,1.17188,77.8056,76.2501,77.4723,3905.5,1280,1273.52,970,1407.38,104.367,198.117,198.07,105.258,100.664,665.408,32.25,9.48,6.37601,10.168,96,45.0981,45.0981,0,-1.1875,42.8061,21.75,21.75,26.25
64.404,0,0,0,0,1.32831,0.99997,1.06531,4,1,1,0.820314,0,0.820314,0.814699,0,1.17188,77.9723,77.3056,77.5834,3912.25,1280,1274.77,970,1412.7,104.508,198.117,198.07,103.406,100.641,665.408,32.25,9.488,6.39201,10.176,96,45.0981,45.0981,0,-0.765625,42.8061,21.75,21.75,26.25
64.438,0,0,0,0,1.32672,0.99997,1.0654,4,1,1,0.820314,0,0.820314,0.813722,0,1.17188,78.0001,77.9167,77.9723,3915.75,1280,1274.22,970,1410.04,104.484,198.164,198.117,104.836,100.594,665.408,32.25,9.492,6.38401,10.18,96,45.4902,45.0981,0,-1.34375,42.8061,21.75,21.75,26.25
64.471,0,0,0,0,1.32477,0.99997,1.06516,4,1,1,0.820314,0,0.820314,0.818361,0,1.17188,78.0556,77.0834,77.6945,3917.75,1280,1273.28,970,1410.04,104.391,198.117,198.117,104.531,100.57,665.408,32.25,9.476,6.37334,10.164,96,45.0981,45.0981,0,-0.875,42.8061,21.75,21.75,26.25
64.504,0,0,0,0,1.32269,0.99997,1.06485,4,1,1,0.820314,0,0.820314,0.821046,0,1.17188,78.1112,76.3056,77.8334,3923,1280,1275.47,970,1407.42,104.578,198.117,198.117,105.047,100.547,667.459,32.25,9.508,6.37601,10.196,96,45.0981,45.0981,0,-0.890625,42.8061,21.75,21.75,26.25
64.538,0,0,0,0,1.33038,0.99997,1.06476,4,1,1,0.820314,0,0.820314,0.821046,0,1.17188,78.639,78.1945,79.3056,3929.75,1280,1278.59,970,1412.66,104.859,198.188,198.164,105.211,100.523,667.459,32.25,9.54,6.41334,10.228,96,45.0981,45.0981,0,-0.703125,42.8061,21.75,21.75,26.25
64.571,0,0,0,0,1.32727,0.99997,1.06546,4,1,1,0.820314,0,0.820314,0.823732,0,1.17188,78.6112,77.2778,78.3334,3934.75,1280,1276.33,970,1410.04,104.695,198.305,198.211,104.742,100.523,667.459,32.25,9.524,6.39201,10.212,95.25,45.0981,44.7059,0,-1.07813,42.8061,21.75,21.75,26.25
64.604,0,0,0,0,1.32367,0.99997,1.06534,4,1,1,0.820314,0,0.820314,0.82007,0,1.17188,78.6945,77.8056,77.1112,3942,1280,1271.84,970,1404.8,104.273,198.305,198.211,106.125,100.477,667.459,32.25,9.496,6.36534,10.184,95.25,44.7059,44.7059,0,-0.859375,42.8061,21.75,21.75,26.25
64.638,0,0,0,0,1.32715,0.99997,1.06537,4,1,1,0.820314,0,0.820314,0.813722,0,1.17188,78.7501,78.7501,79.2223,3944.75,1280,1274.96,970,1410.04,104.578,198.234,198.211,105.328,100.453,667.459,32.25,9.508,6.38934,10.196,95.25,45.0981,44.7059,0,-1.23438,42.8061,21.75,21.75,26.25
64.671,0,0,0,0,1.32691,0.99997,1.06513,4,1,1,0.820314,0,0.820314,0.811036,0,1.17188,78.5556,80.139,77.9723,3951,1280,1271.05,970,1407.38,104.25,198.305,198.258,104.016,100.43,667.459,32.25,9.472,6.36534,10.16,95.25,44.7059,45.0981,0,-0.625,42.8061,21.75,21.75,26.25
64.704,0,0,0,0,1.32239,0.99997,1.06482,4,1,1,0.820314,0,0.820314,0.815675,0,1.17188,78.7501,76.2778,77.9723,3956,1280,1273.67,970,1407.38,104.461,198.305,198.258,103.805,100.406,669.51,32.25,9.492,6.37601,10.18,95.25,45.0981,45.0981,0,-0.828125,42.8061,21.75,21.75,26.25
64.738,0,0,0,0,1.32831,0.99997,1.064,4,1,1,0.820314,0,0.820314,0.819337,0,1.17188,78.389,83.6112,78.8612,3960.75,1280,1266.56,970,1412.7,103.875,198.375,198.305,104.133,100.383,669.51,32.25,9.404,6.33334,10.092,95.25,45.0981,44.7059,0,-1.39063,42.8061,21.75,21.75,26.25
64.771,0,0,0,0,1.32178,0.99997,1.06326,4,1,1,0.820314,0,0.820314,0.816408,0,1.17188,78.7501,78.389,79.2778,3965,1280,1269.3,970,1412.7,104.133,198.375,198.328,104.602,100.336,669.51,33,9.464,6.33067,10.16,96,44.7059,44.3137,0,-0.84375,42.8061,21.75,21.75,26.25
64.804,0,0,0,0,1.32587,0.99997,1.06336,4,1,1,0.820314,0,0.820314,0.814699,0,1.17188,79.139,78.6945,78.8612,3970.25,1280,1271.45,970,1415.27,104.297,198.375,198.328,103.172,100.313,669.51,33,9.476,6.38934,10.172,96,43.9216,44.3137,0,-1.28125,42.8061,21.75,21.75,26.25
64.838,0,0,0,0,1.32398,0.99997,1.06403,4,1,1,0.820314,0,0.820314,0.822023,0,1.17188,79.2501,78.5834,79.2778,3975,1280,1271.68,970,1412.7,104.32,198.375,198.352,104.063,100.289,669.51,33,9.48,6.37601,10.176,96,44.3137,44.3137,0,-0.828125,42.8061,21.75,21.75,26.25
64.871,0,0,0,0,1.32788,0.99997,1.06366,4,1,1,0.820314,0,0.820314,0.822999,0,1.17188,79.3056,80.2778,79.1667,3981.25,1280,1271.56,970,1415.27,104.297,198.469,198.398,103.336,100.266,669.51,33,9.476,6.38134,10.164,95.25,44.3137,44.3137,0,-0.90625,42.8061,21.75,21.75,26.25
64.904,0,0,0,0,1.32269,0.99997,1.06397,4,1,1,0.820314,0,0.820314,0.822023,0,1.17188,79.4445,77.0556,79.1112,3986.5,1280,1273.28,970,1410.04,104.484,198.469,198.398,104.578,100.242,672.029,33,9.508,6.37867,10.196,95.25,44.3137,44.3137,0,-0.984375,42.8061,21.75,21.75,26.25
64.938,0,0,0,0,1.32465,0.99997,1.06403,4,1,1,0.820314,0,0.820314,0.816408,0,1.17188,79.4445,78.639,79.6945,3988.75,1280,1274.38,970,1410.04,104.578,198.445,198.422,105.563,100.219,672.029,33,9.516,6.38134,10.204,95.25,44.3137,44.3137,0,-1.28125,42.8061,21.75,21.75,26.25
64.971,0,0,0,0,1.32275,0.99997,1.06436,4,1,1,0.820314,0,0.820314,0.814699,0,1.17188,79.7778,77.0556,78.7778,3992.5,1280,1275.51,970,1407.42,104.672,198.469,198.445,104.766,100.195,672.029,33,9.532,6.40267,10.228,96,44.3137,43.9216,0,-0.578125,42.8061,21.75,21.75,26.25
65.004,0,0,0,0,1.32806,0.99997,1.06421,4,1,1,0.820314,0,0.820314,0.817384,0,1.17188,79.6667,80.2778,78.9445,3998.75,1280,1271.52,970,1412.7,104.32,198.469,198.445,103.617,100.102,672.029,33,9.484,6.37867,10.18,96,43.9216,43.9216,0,-1.03125,42.8061,22.5,22.5,26.25
65.038,0,0,0,0,1.32849,0.99997,1.06354,4,1,1,0.820314,0,0.820314,0.817384,0,1.17188,79.3334,83.0834,79.5001,4001,1280,1266.64,970,1417.97,103.898,198.492,198.469,103.031,100.102,672.029,33,9.436,6.33867,10.132,96,43.9216,43.9216,0,-0.765625,42.8061,22.5,22.5,26.25
65.071,0,0,0,0,1.31641,0.99997,1.06314,4,1,1,0.820314,0,0.820314,0.817384,0,1.17188,79.6112,77.4723,78.6667,4008.5,1280,1267.73,970,1410.04,104.133,198.75,198.492,103.945,100.078,672.029,33,9.468,6.34401,10.156,96,43.9216,43.9216,0,-1,42.8061,21.75,21.75,26.25
65.104,0,0,0,0,1.31366,0.99997,1.06274,4,1,1,0.820314,0,0.820314,0.814699,0,1.17188,79.389,78.0556,78.5001,4014.75,1280,1264.65,970,1407.38,103.852,198.75,198.492,104.273,100.078,674.1,33,9.412,6.32534,10.1,96,43.9216,43.9216,0,-1.20313,42.8061,21.75,21.75,26.25
65.138,0,0,0,0,1.31586,0.99997,1.06241,4,1,1,0.820314,0,0.820314,0.812745,0,1.17188,79.6667,79.639,78.6667,4018,1280,1262.85,970,1410.04,103.781,198.656,198.516,103.383,100.031,674.1,33,9.4,6.32001,10.088,96,43.9216,43.9216,0,-0.734375,42.8061,21.75,21.75,26.25
65.171,0,0,0,0,1.31683,0.99997,1.06192,4,1,1,0.820314,0,0.820314,0.813722,0,1.17188,79.7223,79.6945,79.9167,4027.25,1280,1263.63,970,1412.7,103.828,198.727,198.516,103.969,100.031,674.1,33,9.412,6.31467,10.108,95.25,43.5294,44.3137,0,-0.578125,42.8061,21.75,21.75,26.25
65.204,0,0,0,0,1.31458,0.99997,1.06122,4,1,1,0.820314,0,0.820314,0.814699,0,1.17188,80.0278,77.4167,79.0556,4028.25,1280,1265.2,970,1410.04,104.063,198.727,198.516,103.617,100.031,674.1,33,9.428,6.33067,10.124,95.25,44.3137,44.3137,0,-0.953125,42.8061,21.75,21.75,26.25
65.238,0,0,0,0,1.3158,0.99997,1.06046,4,1,1,0.820314,0,0.820314,0.813722,0,1.17188,80.2501,78.1945,79.1667,4035.5,1270,1264.8,970,1410.04,104.086,198.633,198.539,103.289,99.9375,674.1,33,9.416,6.32001,10.112,95.25,44.3137,43.9216,0,-1.01563,42.8061,21.75,21.75,26.25
65.271,0,0,0,0,1.31897,0.99997,1.06015,4,1,1,0.820314,0,0.820314,0.818361,0,1.17188,80.0278,81.9723,80.5556,4042,1270,1263.13,970,1412.66,103.992,198.633,198.539,104.273,99.9375,674.1,33,9.408,6.30134,10.112,95.25,43.9216,43.9216,0,-0.9375,42.8061,21.75,21.75,26.25
65.304,0,0,0,0,1.32385,0.99997,1.06027,4,1,1,0.820314,0,0.820314,0.822023,0,1.17188,80.4723,84.4445,79.389,4044,1270,1260.9,970,1417.97,103.781,198.633,198.539,101.906,99.9141,676.014,33,9.376,6.32801,10.08,95.25,43.9216,43.5294,0,-1.21875,42.8061,21.75,21.75,26.25
65.338,0,0,0,0,1.31543,0.99997,1.06082,4,1,1,0.820314,0,0.820314,0.827638,0,1.17188,80.4723,78.889,80.639,4052.25,1270,1264.92,970,1412.7,104.25,198.773,198.563,104.414,99.8906,676.014,33,9.436,6.33067,10.14,95.25,43.5294,43.5294,0,-0.5625,42.8061,21.75,21.75,26.25
65.371,0,0,0,0,1.31891,0.99997,1.06171,4,1,1,0.820314,0,0.820314,0.825685,0,1.17188,80.5834,81.2501,80.4167,4052.25,1270,1263.52,970,1412.66,104.109,198.703,198.563,103.641,99.8672,676.014,33,9.428,6.33067,10.108,95.25,42.7451,43.1373,0,-0.921875,42.8061,21.75,21.75,26.25
65.404,0,0,0,0,1.31763,0.99997,1.06201,4,1,1,0.820314,0,0.820314,0.815675,0,1.17188,80.4723,82.6112,80.639,4060,1270,1260.86,970,1412.66,103.945,198.703,198.563,103.852,99.8203,676.014,33,9.412,6.31734,10.092,95.25,43.1373,43.5294,0,-1.17188,42.8061,21.75,21.75,26.25
65.438,0,0,0,0,1.31421,0.99997,1.06262,4,1,1,0.820314,0,0.820314,0.811769,0,1.17188,80.6667,80.2501,80.7501,4060,1270,1261.88,970,1412.66,104.086,198.656,198.586,104.086,99.7969,676.014,33,9.444,6.33867,10.124,95.25,43.1373,42.7451,0,-0.875,42.8061,21.75,21.75,26.25
65.471,0,0,0,0,1.31592,0.99997,1.06235,4,1,1,0.820314,0,0.820314,0.814699,0,1.17188,80.5834,82.4445,80.889,4063.75,1270,1258.98,970,1415.27,103.969,198.867,198.586,104.133,99.7969,676.014,33,9.428,6.30934,10.124,95.25,42.353,42.353,0,-0.765625,42.8061,21.75,21.75,26.25
65.504,0,0,0,0,1.3147,0.99997,1.0611,4,1,1,0.820314,0,0.820314,0.815675,0,1.17188,80.6667,82.3612,81.0556,4072,1270,1258.67,970,1415.31,103.922,198.867,198.586,104.555,99.7734,677.889,33,9.408,6.31467,10.104,95.25,42.353,42.353,0,-1.07813,42.8061,21.75,21.75,26.25
65.538,0,0,0,0,1.31189,0.99997,1.06052,4,1,1,0.820314,0,0.820314,0.817384,0,1.17188,80.889,80.0556,81.0556,4074.75,1270,1260.27,970,1412.7,104.133,198.727,198.609,105.188,99.7266,677.889,33,9.428,6.31201,10.124,95.25,42.353,42.353,0,-0.453125,42.8061,21.75,21.75,26.25
65.571,0,0,0,0,1.31152,0.99997,1.05966,4,1,1,0.820314,0,0.820314,0.813722,0,1.17188,81.0556,80.0278,80.7501,4085.5,1270,1259.1,970,1412.7,104.016,198.891,198.633,104.133,99.6797,677.889,33,9.408,6.31467,10.096,95.25,41.9608,41.9608,0,-1.03125,42.8061,21.75,21.75,26.25
65.604,0,0,0,0,1.31067,0.99997,1.05917,4,1,1,0.820314,0,0.820314,0.81006,0,1.17188,81.2223,81.4723,80.4167,4089.25,1270,1256.91,970,1410.08,103.969,198.891,198.633,103.945,99.6797,677.889,33,9.384,6.32267,10.072,95.25,41.9608,41.9608,0,-1.125,42.8061,21.75,21.75,26.25
65.638,0,0,0,0,1.30719,0.99997,1.05878,4,1,1,0.820314,0,0.820314,0.811036,0,1.17188,81.0556,80.5278,80.0278,4093.75,1260,1253.32,970,1410.04,103.734,198.82,198.633,103.242,99.6328,677.889,33,9.36,6.28534,10.048,95.25,41.9608,42.353,0,-1.01563,42.8061,21.75,21.75,26.25
65.671,0,0,0,0,1.30383,0.99997,1.05737,4,1,1,0.820314,0,0.820314,0.811036,0,1.17188,81.1667,78.889,80.5278,4101,1260,1254.26,970,1410.04,103.828,198.656,198.656,103.711,99.6328,677.889,33,9.372,6.29067,10.076,95.25,42.353,42.353,0,-0.546875,42.8061,21.75,21.75,26.25
65.704,0,0,0,0,1.30829,0.99997,1.05649,4,1,1,0.820314,0,0.820314,0.812745,0,1.17188,81.3056,81.3612,80.5556,4102.75,1260,1253.59,970,1412.7,103.758,198.656,198.656,102.961,99.6094,679.842,33,9.34,6.29601,10.044,95.25,42.353,42.353,0,-1.09375,42.8061,21.75,21.75,26.25
65.738,0,0,0,0,1.30975,0.99997,1.05646,4,1,1,0.820314,0,0.820314,0.819337,0,1.17188,81.2778,83.5834,81.2778,4106.75,1260,1251.6,970,1415.27,103.688,198.867,198.656,103.313,99.5859,679.842,33,9.344,6.27201,10.048,95.25,42.353,42.7451,0,-0.640625,42.8061,21.75,21.75,26.25
65.771,0,0,0,0,1.30194,0.99997,1.0557,4,1,1,0.820314,0,0.820314,0.819337,0,1.17188,81.5834,78.0278,82.1667,4116.25,1260,1257.54,970,1407.42,104.273,198.773,198.656,105.82,99.5625,679.842,33,9.4,6.29334,10.096,95.25,42.7451,42.353,0,-1.15625,42.8061,21.75,21.75,26.25
65.804,0,0,0,0,1.30786,0.99997,1.05634,4,1,1,0.820314,0,0.820314,0.819337,0,1.17188,81.8056,82.0834,80.4445,4118,1260,1251.21,970,1412.7,103.711,198.773,198.656,102.469,99.5156,679.842,33,9.332,6.29334,10.028,95.25,42.7451,42.353,0,-0.984375,42.8061,21.75,21.75,26.25
65.838,0,0,0,0,1.30304,0.99997,1.05649,4,1,1,0.820314,0,0.820314,0.817384,0,1.17188,81.639,79.5834,81.4723,4123.5,1260,1253.16,970,1407.38,103.992,198.891,198.68,104.859,99.5156,679.842,33,9.372,6.28534,10.068,95.25,42.353,42.353,0,-0.734375,42.8061,21.75,21.75,26.25
65.871,0,0,0,0,1.31213,0.99997,1.056,4,1,1,0.820314,0,0.820314,0.811036,0,1.17188,81.3056,87.9445,80.7501,4124.75,1260,1245.2,970,1417.97,103.289,198.797,198.68,101.672,99.4922,679.842,33,9.288,6.23734,9.976,95.25,42.353,42.7451,0,-0.5625,42.8061,21.75,21.75,26.25
65.904,0,0,0,0,1.29785,0.99997,1.05551,4,1,1,0.820314,0,0.820314,0.809083,0,1.17188,81.3612,80.6945,80.889,4127,1260,1246.76,970,1410.04,103.477,198.797,198.68,103.875,99.4453,681.619,33,9.292,6.23201,9.98,95.25,42.353,41.9608,0,-1.07813,42.8061,21.75,21.75,26.25
65.938,0,0,0,0,1.29938,0.99997,1.05475,4,1,1,0.820314,0,0.820314,0.812745,0,1.17188,82.0001,78.4445,81.0556,4139,1260,1249.45,970,1412.7,103.781,198.773,198.703,102.68,99.4219,681.619,33,9.34,6.26934,10.028,95.25,41.9608,41.9608,0,-1.14063,42.8061,21.75,21.75,26.25
65.971,0,0,0,0,1.30164,0.99997,1.05435,4,1,1,0.820314,0,0.820314,0.822023,0,1.17188,81.8056,82.4445,81.7501,4138.5,1260,1247.73,970,1410.08,103.617,198.938,198.703,104.391,99.3984,681.619,33,9.292,6.24267,9.988,95.25,43.1373,42.7451,0,-0.890625,42.8061,21.75,21.75,26.25
66.004,0,0,0,0,1.29962,0.99997,1.05496,4,1,1,0.820314,0,0.820314,0.8313,0,1.17188,81.8612,83.0001,82.3612,4144.75,1250,1246.45,970,1410.08,103.617,198.938,198.703,105.117,99.375,681.619,33,9.296,6.23467,9.992,95.25,42.7451,42.7451,0,-0.90625,42.8061,21.75,21.75,26.25
66.038,0,0,0,0,1.297,0.99997,1.05631,4,1,1,0.820314,0,0.820314,0.834962,0,1.17188,81.9723,80.7223,82.0278,4146.5,1250,1245.12,970,1412.7,103.594,198.891,198.727,104.039,99.3516,681.619,33,9.312,6.25334,10.008,95.25,42.7451,42.7451,0,-0.359375,42.8061,21.75,21.75,26.25
66.071,0,0,0,0,1.30011,0.99997,1.05887,4,1,1,0.820314,0,0.820314,0.833009,0,1.17188,82.2223,82.3334,82.6667,4156.75,1250,1246.99,970,1412.7,103.898,199.031,198.75,104.789,99.3047,681.619,33,9.376,6.26134,10.072,95.25,42.7451,42.7451,0,-1.14063,42.8061,21.75,21.75,26.25
66.104,0,0,0,0,1.29627,0.99997,1.06162,4,1,1,0.820314,0,0.820314,0.833009,0,1.17188,82.4445,78.4445,83.0001,4157.25,1250,1252.15,970,1410.04,104.367,199.031,198.75,105.516,99.2813,683.65,33,9.444,6.29601,10.14,95.25,42.7451,42.7451,0,-0.765625,42.8061,21.75,21.75,26.25
66.138,0,0,0,0,1.30304,0.99997,1.06302,4,1,1,0.820314,0,0.820314,0.827638,0,1.17188,82.8612,81.0834,82.4723,4162,1250,1250.74,970,1412.7,104.227,198.75,198.75,104.109,99.2578,683.65,33,9.46,6.35467,10.156,95.25,42.7451,42.7451,0,-0.859375,42.8061,21.75,21.75,26.25
66.171,0,0,0,0,1.3017,0.99997,1.06461,4,1,1,0.820314,0,0.820314,0.825685,0,1.17188,83.0834,80.2501,82.889,4169.5,1250,1251.8,970,1412.7,104.461,199.031,198.773,104.18,99.2578,683.65,33,9.5,6.35734,10.188,95.25,42.7451,42.7451,0,-0.875,42.8061,21.75,21.75,26.25
66.204,0,0,0,0,1.30225,0.99997,1.06448,4,1,1,0.820314,0,0.820314,0.819337,0,1.17188,83.1945,81.0278,82.3612,4171.25,1250,1251.05,970,1410.08,104.391,199.031,198.773,104.32,99.2344,683.65,33,9.48,6.38934,10.168,95.25,42.7451,42.7451,0,-0.765625,42.8061,21.75,21.75,26.25
66.238,0,0,0,0,1.30457,0.99997,1.06455,4,1,1,0.820314,0,0.820314,0.817384,0,1.17188,83.0278,84.8056,82.3612,4178.75,1250,1246.8,970,1412.7,104.016,198.82,198.773,103.805,99.1875,683.65,33,9.408,6.34401,10.096,95.25,42.7451,42.7451,0,-0.625,42.8061,21.75,21.75,26.25
66.271,0,0,0,0,1.29834,0.99997,1.06357,4,1,1,0.820314,0,0.820314,0.813722,0,1.17188,83.0834,80.7778,82.889,4183.5,1250,1247.77,970,1410.04,104.227,199.008,198.797,104.484,99.1875,683.65,33,9.436,6.32001,10.132,95.25,42.7451,42.7451,0,-1.34375,42.8061,21.75,21.75,26.25
66.304,0,0,0,0,1.30011,0.99997,1.06262,4,1,1,0.820314,0,0.820314,0.812745,0,1.17188,83.0278,83.8056,84.1945,4187.5,1250,1246.72,970,1412.7,104.109,199.008,198.797,105.656,99.1641,685.623,33,9.412,6.30667,10.108,95.25,42.7451,42.353,0,-0.734375,42.8061,21.75,21.75,26.25
66.338,0,0,0,0,1.30176,0.99997,1.06186,4,1,1,0.820314,0,0.820314,0.813722,0,1.17188,83.0834,85.3334,83.7778,4192.25,1250,1244.06,970,1415.31,103.922,198.867,198.797,104.648,99.1172,685.623,33,9.38,6.29334,10.076,95.25,42.353,42.353,0,-0.875,42.8061,21.75,21.75,26.25
66.371,0,0,0,0,1.30158,0.99997,1.06091,4,1,1,0.820314,0,0.820314,0.813722,0,1.17188,83.1945,85.3056,83.7778,4196.25,1250,1244.41,970,1415.31,104.063,199.031,198.82,104.695,99.1172,685.623,33.75,9.396,6.29334,10.084,95.25,42.353,42.353,0,-0.765625,42.8061,21.75,21.75,26.25
66.404,0,0,0,0,1.29352,0.99997,1.06052,4,1,1,0.820314,0,0.820314,0.816408,0,1.17188,83.6112,79.7778,83.2501,4201,1240,1249.26,970,1407.38,104.484,199.031,198.82,105.281,99.0938,685.623,33.75,9.436,6.33067,10.124,95.25,42.353,42.353,0,-1.1875,42.8061,21.75,21.75,26.25
66.438,0,0,0,0,1.30158,0.99997,1.06003,4,1,1,0.820314,0,0.820314,0.817384,0,1.17188,83.6112,84.7501,83.889,4204.5,1240,1246.68,970,1412.73,104.297,198.914,198.82,105.234,99.0703,685.623,33.75,9.404,6.30934,10.092,95.25,42.353,42.353,0,-0.78125,42.8061,21.75,21.75,26.25
66.471,0,0,0,0,1.30298,0.99997,1.06006,4,1,1,0.820314,0,0.820314,0.817384,0,1.17188,83.5001,87.6667,83.2501,4210.5,1240,1240.66,970,1415.27,103.641,198.609,198.844,103.406,99.0469,685.623,33.75,9.332,6.28001,10.02,95.25,42.353,42.353,0,-1.01563,42.8061,21.75,21.75,26.25
66.504,0,0,0,0,1.29901,0.99997,1.05972,4,1,1,0.820314,0,0.820314,0.814699,0,1.17188,83.4445,86.0278,82.5834,4217,1240,1238.05,970,1415.27,103.406,198.609,198.844,102.422,99,688.006,33.75,9.304,6.28267,9.992,95.25,42.353,42.353,0,-0.765625,42.8061,21.75,21.75,26.25
66.538,0,0,0,0,1.29468,0.99997,1.05951,4,1,1,0.820314,0,0.820314,0.813722,0,1.17188,83.6112,82.8334,83.7778,4220.5,1240,1242.03,970,1412.7,103.781,198.891,198.844,103.922,98.9766,688.006,33.75,9.348,6.28001,10.036,95.25,42.353,42.353,0,-0.859375,42.8061,21.75,21.75,26.25
66.571,0,0,0,0,1.29028,0.99997,1.05951,4,1,1,0.820314,0,0.820314,0.819337,0,1.17188,83.5556,81.1112,83.5278,4224,1240,1241.56,970,1410.08,103.875,199.102,198.867,104.719,98.9531,688.006,33.75,9.364,6.26667,10.06,95.25,42.353,42.353,0,-0.6875,42.8061,21.75,21.75,26.25
66.604,0,0,0,0,1.29614,0.99997,1.05908,4,1,1,0.820314,0,0.820314,0.82007,0,1.17188,83.6112,84.4167,82.4723,4228.75,1240,1237.5,970,1415.31,103.5,199.102,198.867,102.234,98.9531,688.006,33.75,9.308,6.27467,10.004,95.25,42.353,42.353,0,-1.1875,42.8061,21.75,21.75,26.25
66.638,0,0,0,0,1.29419,0.99997,1.05951,4,1,1,0.820314,0,0.820314,0.821046,0,1.17188,83.9723,82.8334,83.4445,4231.75,1240,1240.74,970,1412.7,103.852,198.961,198.867,103.406,98.8828,688.006,33.75,9.36,6.29067,10.056,95.25,42.353,42.353,0,-0.46875,42.8061,21.75,21.75,26.25
66.671,0,0,0,0,1.29291,0.99997,1.05963,4,1,1,0.820314,0,0.820314,0.818361,0,1.17188,83.889,84.1945,84.889,4240.25,1240,1239.41,970,1412.7,103.875,199.148,198.891,104.836,98.8828,688.006,33.75,9.368,6.26134,10.056,95.25,42.353,42.353,0,-0.625,42.8061,21.75,21.75,26.25
66.704,0,0,0,0,1.29743,0.99997,1.06024,4,1,1,0.820314,0,0.820314,0.82007,0,1.17188,83.8334,87.4167,85.1112,4244.25,1240,1237.58,970,1417.93,103.688,199.148,198.891,103.828,98.8594,690.018,33.75,9.344,6.26401,10.032,95.25,42.353,42.353,0,-0.8125,42.8061,21.75,21.75,26.25
66.738,0,0,0,0,1.29376,0.99997,1.06024,4,1,1,0.820314,0,0.820314,0.821046,0,1.17188,84.4167,81.8612,84.1112,4248,1240,1242.27,970,1412.7,104.133,198.938,198.891,103.711,98.8359,690.018,33.75,9.404,6.32267,10.092,95.25,42.353,42.353,0,-1.15625,42.8061,21.75,21.75,26.25
66.771,0,0,0,0,1.29248,0.99997,1.06097,4,1,1,0.820314,0,0.820314,0.822999,0,1.17188,84.3612,84.0278,83.4723,4256.5,1240,1237.66,970,1410.08,103.711,199.125,198.914,103.664,98.7891,690.018,33.75,9.348,6.28001,10.036,95.25,42.353,42.353,0,-0.421875,42.8061,21.75,21.75,26.25
66.804,0,0,0,0,1.2901,0.99997,1.06165,4,1,1,0.820314,0,0.820314,0.824708,0,1.17188,84.0834,83.8612,84.889,4257,1240,1238.55,970,1410.08,103.898,199.125,198.914,105.609,98.7656,690.018,33.75,9.388,6.27201,10.076,95.25,42.353,42.353,0,-1.01563,42.8061,21.75,21.75,26.25
66.838,0,0,0,0,1.29303,0.99997,1.0622,4,1,1,0.820314,0,0.820314,0.824708,0,1.17188,84.5278,84.0278,83.7778,4265.5,1240,1236.37,970,1415.27,103.758,199.008,198.914,102.75,98.7656,690.018,33.75,9.508,6.28534,10.196,95.25,42.353,42.353,0,-0.578125,42.8061,21.75,21.75,26.25
66.871,0,0,0,0,1.29187,0.99997,1.06369,4,1,1,0.820314,0,0.820314,0.825685,0,1.17188,84.5834,83.9723,85.1667,4269,1240,1238.71,970,1412.7,103.945,199.102,198.938,105.047,98.7422,690.018,33.75,9.304,6.25601,9.992,95.25,42.353,42.353,0,-1.01563,42.8061,21.75,21.75,26.25
66.904,0,0,0,0,1.28876,0.99997,1.06476,4,1,1,0.820314,0,0.820314,0.827638,0,1.17188,84.5834,81.889,85.1112,4278.25,1230,1239.22,970,1410.04,104.086,199.102,198.938,105.422,98.6953,692.01,33.75,9.4,6.48801,10.088,95.25,42.353,42.353,0,-0.875,42.8061,21.75,21.75,26.25
66.938,0,0,0,0,1.29596,0.99997,1.06564,4,1,1,0.820314,0,0.820314,0.826661,0,1.17188,85.0001,86.6112,83.4723,4281.25,1230,1234.73,970,1415.31,103.852,199.242,198.961,102.047,98.6719,692.01,33.75,9.62,6.37601,10.308,95.25,42.353,42.353,0,-1.01563,42.8061,21.75,21.75,26.25
66.971,0,0,0,0,1.28803,0.99997,1.06647,4,1,1,0.820314,0,0.820314,0.822023,0,1.17188,84.5834,85.3612,84.5278,4288.75,1230,1232.27,970,1410.04,103.594,198.914,198.961,104.391,98.6953,692.01,33.75,9.252,6.20534,9.948,95.25,42.7451,42.353,0,-0.5,42.8061,21.75,21.75,26.25
67.004,0,0,0,0,1.28034,0.99997,1.06628,4,1,1,0.820314,0,0.820314,0.816408,0,1.17188,84.889,79.9723,85.639,4290.5,1230,1238.13,970,1404.8,104.109,198.914,198.961,106.922,98.625,692.01,33.75,9.616,6.28534,10.312,95.25,42.353,42.353,0,-0.96875,42.8061,21.75,21.75,26.25
67.038,0,0,0,0,1.28522,0.99997,1.06537,4,1,1,0.820314,0,0.820314,0.811769,0,1.17188,85.0001,82.0556,84.4167,4295.5,1230,1233.4,970,1410.04,103.852,199.242,198.984,103.922,98.625,692.01,33.75,9.404,6.31467,10.1,95.25,42.353,42.353,0,-1.04688,42.8061,21.75,21.75,26.25
67.071,0,0,0,0,1.28394,0.99997,1.06412,4,1,1,0.820314,0,0.820314,0.811036,0,1.17188,85.2223,80.4723,84.1112,4301,1230,1233.67,970,1410.04,103.875,199.031,198.984,103.406,98.6016,692.01,34.5,9.476,6.26401,10.18,94.5,42.353,42.353,0,-1.04688,42.8061,21.75,21.75,26.25
67.104,0,0,0,0,1.2901,0.99997,1.06299,4,1,1,0.820314,0,0.820314,0.812745,0,1.17188,85.4167,84.3612,84.3334,4304,1230,1233.98,970,1412.7,103.898,199.031,198.984,102.703,98.5781,693.943,34.5,9.56,6.27734,10.264,94.5,42.353,42.353,0,-0.484375,42.8061,21.75,21.75,26.25
67.138,0,0,0,0,1.29028,0.99997,1.06247,4,1,1,0.820314,0,0.820314,0.815675,0,1.17188,85.4167,85.5834,85.5278,4307.75,1230,1232.73,970,1412.7,103.898,199.219,198.984,104.414,98.5547,693.943,34.5,9.308,6.27467,10.012,94.5,41.9608,42.353,0,-0.96875,42.8061,21.75,21.75,26.25
67.171,0,0,0,0,1.29144,0.99997,1.06165,4,1,1,0.820314,0,0.820314,0.818361,0,1.17188,85.5278,84.9445,84.3334,4314,1230,1232.7,970,1412.7,103.898,199.172,199.008,102.867,98.5547,693.943,34.5,9.536,6.41867,10.224,94.5,41.9608,41.9608,0,-0.65625,42.8061,21.75,21.75,26.25
67.204,0,0,0,0,1.29071,0.99997,1.06168,4,1,1,0.820314,0,0.820314,0.817384,0,1.17188,85.5278,87.0001,85.3334,4316.5,1230,1230.43,970,1412.7,103.781,199.172,199.008,104.063,98.5078,693.943,34.5,9.276,6.32801,9.964,94.5,41.9608,41.9608,0,-1.04688,42.8061,21.75,21.75,26.25
67.238,0,0,0,0,1.29169,0.99997,1.06201,4,1,1,0.820314,0,0.820314,0.817384,0,1.17188,85.8056,84.4167,85.8612,4320.25,1230,1231.95,970,1415.27,103.945,199.078,199.008,103.922,98.4844,693.943,34.5,9.412,6.25334,10.1,94.5,41.9608,41.5686,0,-0.9375,42.8061,21.75,21.75,26.25
67.271,0,0,0,0,1.28894,0.99997,1.06195,4,1,1,0.820314,0,0.820314,0.815675,0,1.17188,85.4167,86.1112,85.5278,4322.75,1230,1228.59,970,1410.08,103.734,199.195,199.031,104.672,98.4609,693.943,34.5,9.192,6.18934,9.896,94.5,41.9608,41.5686,0,-0.921875,42.8061,21.75,21.75,26.25
67.304,0,0,0,0,1.28949,0.99997,1.06183,4,1,1,0.820314,0,0.820314,0.818361,0,1.17188,85.4723,86.4723,86.1667,4329.5,1230,1227.46,970,1412.7,103.641,199.195,199.031,105,98.4375,695.838,34.5,9.168,6.34401,9.872,94.5,41.5686,41.5686,0,-0.34375,42.8061,21.75,21.75,26.25
67.338,0,0,0,0,1.28876,0.99997,1.06113,4,1,1,0.820314,0,0.820314,0.817384,0,1.17188,85.8056,83.4723,84.7501,4331.5,1230,1226.56,970,1412.7,103.594,199.125,199.031,102.961,98.4141,695.838,34.5,9.448,6.35734,10.152,94.5,41.5686,41.1765,0,-1.125,42.8061,21.75,21.75,26.25
67.371,0,0,0,0,1.29102,0.99997,1.06125,4,1,1,0.820314,0,0.820314,0.817384,0,1.17188,85.2778,88.8334,85.5278,4337.75,1230,1219.53,970,1415.31,103.102,199.313,199.055,103.57,98.3672,695.838,34.5,9.192,6.28534,9.888,94.5,41.1765,41.1765,0,-0.890625,42.8061,21.75,21.75,26.25
67.404,0,0,0,0,1.28333,0.99997,1.06052,4,1,1,0.820314,0,0.820314,0.813722,0,1.17188,85.5278,83.5278,85.1945,4344,1220,1221.02,970,1410.04,103.242,199.313,199.055,103.898,98.3438,695.838,34.5,9.184,6.20801,9.88,94.5,41.1765,40.3922,0,-0.8125,42.8061,21.75,21.75,26.25
67.438,0,0,0,0,1.28992,0.99997,1.06009,4,1,1,0.820314,0,0.820314,0.812745,0,1.17188,85.4167,83.1667,85.3334,4349.5,1220,1216.8,970,1417.93,102.891,199.102,199.078,102.164,98.3438,695.838,34.5,9.404,6.28001,10.1,94.5,40,40.3922,0,-0.515625,42.8061,21.75,21.75,26.25
67.471,0,0,0,0,1.28497,0.99997,1.05859,4,1,1,0.820314,0,0.820314,0.811036,0,1.17188,85.2778,82.7223,84.5278,4357.25,1220,1214.14,970,1412.7,102.703,199.195,199.078,102.258,98.3203,695.838,34.5,9.284,6.16001,9.988,94.5,40,40.3922,0,-1.07813,42.8061,21.75,21.75,26.25
67.504,0,0,0,0,1.28839,0.99997,1.05777,4,1,1,0.820314,0,0.820314,0.811769,0,1.17188,85.3612,85.139,84.3334,4361,1220,1212.34,970,1415.31,102.539,199.195,199.078,101.602,98.2969,697.674,34.5,9.24,6.18401,9.944,94.5,40,40,0,-0.53125,42.8061,21.75,21.75,26.25
67.538,0,0,0,0,1.2901,0.99997,1.05728,4,1,1,0.820314,0,0.820314,0.815675,0,1.17188,85.3056,86.5278,84.889,4363.5,1220,1208.91,970,1417.93,102.398,199.383,199.102,101.297,98.2969,697.674,34.5,9.252,6.22667,9.956,94.5,39.6079,39.6079,0,-1.09375,42.8061,21.75,21.75,26.25
67.571,0,0,0,0,1.29157,0.99997,1.05728,4,1,1,0.820314,0,0.820314,0.819337,0,1.17188,85.3612,86.6112,85.9723,4371.75,1220,1208.95,970,1420.63,102.398,199.289,199.102,102.258,98.25,697.674,34.5,9.208,6.22134,9.904,94.5,39.6079,39.6079,0,-0.65625,42.8061,21.75,21.75,26.25
67.604,0,0,0,0,1.29218,0.99997,1.05762,4,1,1,0.820314,0,0.820314,0.821046,0,1.17188,85.8612,86.1112,85.8612,4373.75,1220,1210.9,970,1420.63,102.656,199.289,199.102,100.922,98.25,697.674,34.5,9.204,6.07734,9.9,94.5,39.6079,38.8235,0,-0.96875,42.8061,21.75,21.75,26.25
67.638,0,0,0,0,1.29273,0.99997,1.05881,4,1,1,0.820314,0,0.820314,0.825685,0,1.17188,85.4723,82.389,84.889,4371.75,1220,1205.55,970,1420.63,102.188,199.102,199.102,101.227,98.2031,697.674,34.5,9.356,6.20534,10.052,94.5,38.0392,38.8235,0,-0.71875,42.8061,21.75,21.75,26.25
67.671,0,0,0,0,1.29035,0.99997,1.05988,4,1,1,0.820314,0,0.820314,0.825685,0,1.17188,85.0001,85.7501,84.5278,4381.25,1220,1198.71,970,1417.97,101.719,199.406,199.125,101.484,98.1797,697.674,34.5,9.14,6.14134,9.828,94.5,38.8235,38.8235,0,-1.1875,42.8061,21.75,21.75,26.25
67.704,0,0,0,0,1.28424,0.99997,1.0611,4,1,1,0.820314,0,0.820314,0.824708,0,1.17188,85.2223,81.4723,85.5556,4381.25,1220,1205.16,970,1412.7,102.305,199.406,199.125,103.43,98.1563,699.471,34.5,9.088,6.04534,9.776,94.5,38.4314,38.0392,0,-0.890625,42.8061,21.75,21.75,26.25
67.738,0,0,0,0,1.28821,0.99997,1.06235,4,1,1,0.820314,0,0.820314,0.824708,0,1.17188,85.3056,85.2778,84.5001,4387,1220,1200.94,970,1412.7,101.906,199.102,199.125,102.281,98.1328,699.471,34.5,9.04,6.08534,9.728,94.5,38.8235,38.0392,0,-0.859375,42.8061,21.75,21.75,26.25
67.771,0,0,0,0,1.29431,0.99997,1.06299,4,1,1,0.820314,0,0.820314,0.822999,0,1.17188,85.1667,87.3056,84.4445,4393,1220,1194.73,970,1417.97,101.344,199.289,199.148,100.313,98.1328,699.471,34.5,9.124,6.14134,9.836,94.5,38.4314,38.0392,0,-0.65625,42.8061,21.75,21.75,26.25
67.804,0,0,0,0,1.28638,0.99997,1.06302,4,1,1,0.820314,0,0.820314,0.817384,0,1.17188,84.889,84.2778,84.639,4399.25,1210,1193.79,970,1412.7,101.344,199.289,199.148,101.859,98.1094,699.471,34.5,9.052,6.10134,9.764,94.5,38.0392,38.0392,0,-1.125,42.8061,21.75,21.75,26.25
67.838,0,0,0,0,1.29077,0.99997,1.06241,4,1,1,0.820314,0,0.820314,0.811769,0,1.17188,84.7778,87.1112,84.0001,4405.75,1210,1186.52,970,1417.97,100.805,199.383,199.172,100.055,98.0625,699.471,34.5,9.028,6.12534,9.74,94.5,37.6471,38.0392,0,-0.65625,42.8061,21.75,21.75,26.25
67.871,0,0,0,0,1.28351,0.99997,1.06119,4,1,1,0.820314,0,0.820314,0.811036,0,1.17188,84.9445,79.6112,83.889,4412.25,1210,1188.09,970,1412.7,100.969,199.195,199.172,100.289,98.0625,699.471,34.5,9.184,6.13067,9.872,94.5,36.8628,37.2549,0,-0.875,42.8061,21.75,21.75,26.25
67.904,0,0,0,0,1.29358,0.99997,1.05951,4,1,1,0.820314,0,0.820314,0.811036,0,1.17188,84.7778,86.8612,83.139,4409.75,1210,1179.53,970,1420.63,100.195,199.195,199.172,98.0391,98.0391,701.189,34.5,9.028,6.14934,9.716,94.5,37.2549,37.2549,0,-0.703125,42.8061,22.5,22.5,26.25
67.938,0,0,0,0,1.28211,0.99997,1.05847,4,1,1,0.820314,0,0.820314,0.812745,0,1.17188,84.4723,84.1112,83.6667,4414.25,1210,1178.59,970,1412.7,100.219,199.359,199.172,100.383,98.0156,701.189,34.5,8.928,6.00267,9.616,94.5,37.2549,37.2549,0,-0.84375,42.8061,22.5,22.5,26.25
67.971,0,0,0,0,1.28143,0.99997,1.0567,4,1,1,0.820314,0,0.820314,0.811036,0,1.17188,84.5278,81.0278,84.3334,4420,1210,1178.05,970,1412.7,100.289,199.383,199.195,100.711,97.9922,701.189,34.5,8.948,6.08267,9.636,94.5,36.4706,36.8628,0,-0.640625,42.8061,22.5,22.5,26.25
68.004,0,0,0,0,1.28369,0.99997,1.05707,4,1,1,0.820314,0,0.820314,0.816408,0,1.17188,84.5834,83.2778,83.7778,4418.25,1210,1176.76,970,1412.7,100.172,199.383,199.195,99.8672,97.9453,701.189,34.5,8.912,6.01334,9.6,94.5,36.8628,36.8628,0,-0.671875,42.8061,22.5,22.5,26.25
68.038,0,0,0,0,1.2843,0.99997,1.05734,4,1,1,0.820314,0,0.820314,0.822999,0,1.17188,84.4167,85.0278,84.1112,4430.5,1210,1173.36,970,1415.31,99.8438,199.148,199.195,99.7266,97.9219,701.189,34.5,8.868,5.96534,9.556,94.5,36.8628,36.8628,0,-0.953125,42.8061,22.5,22.5,26.25
68.071,0,0,0,0,1.28003,0.99997,1.05753,4,1,1,0.820314,0,0.820314,0.821046,0,1.17188,83.9723,84.4445,82.6945,4430,1210,1167.27,970,1412.73,99.3047,199.383,199.195,98.7891,97.9453,701.189,34.5,8.856,5.95467,9.552,94.5,36.8628,36.8628,0,-0.890625,42.8061,22.5,22.5,26.25
68.104,0,0,0,0,1.27887,0.99997,1.05835,4,1,1,0.820314,0,0.820314,0.82007,0,1.17188,83.9445,86.0001,82.3334,4439.75,1210,1161.25,970,1412.7,98.8359,199.383,199.195,97.875,97.9219,702.869,34.5,8.816,5.95734,9.512,94.5,36.8628,36.8628,0,-0.875,42.8061,22.5,22.5,26.25
68.138,0,0,0,0,1.27338,0.99997,1.05832,4,1,1,0.820314,0,0.820314,0.816408,0,1.17188,84.1945,82.5834,83.6667,4445,1200,1164.26,970,1410.04,99.2344,199.43,199.219,99.6563,97.875,702.869,34.5,8.824,5.93067,9.52,94.5,36.8628,36.4706,0,-1.09375,42.8061,22.5,22.5,26.25
68.171,0,0,0,0,1.27692,0.99997,1.05859,4,1,1,0.820314,0,0.820314,0.819337,0,1.17188,83.7778,84.1112,84.4723,4445,1200,1162.62,970,1412.7,99.0938,199.313,199.242,100.477,97.875,702.869,34.5,8.76,5.89334,9.448,94.5,36.4706,36.4706,0,-1.17188,42.8061,22.5,22.5,26.25
68.204,0,0,0,0,1.27942,0.99997,1.05951,4,1,1,0.820314,0,0.820314,0.825685,0,1.17188,84.4167,83.7223,83.3612,4445.75,1200,1162.3,970,1415.31,99.1172,199.313,199.242,98.3438,97.8281,702.869,34.5,8.86,5.99201,9.548,94.5,36.0784,36.4706,0,-0.5,42.8061,22.5,22.5,26.25
68.238,0,0,0,0,1.27234,0.99997,1.0604,4,1,1,0.820314,0,0.820314,0.82837,0,1.17188,84.139,82.1667,83.6667,4451,1200,1162.3,970,1407.38,99.1641,199.336,199.242,100.242,97.8047,702.869,34.5,8.784,5.95467,9.472,94.5,36.4706,36.4706,0,-0.796875,42.8061,22.5,22.5,26.25
68.271,0,0,0,0,1.27844,0.99997,1.06229,4,1,1,0.820314,0,0.820314,0.827638,0,1.17188,84.3612,83.639,83.8612,4455.5,1200,1161.6,970,1412.7,99.0938,198.914,199.242,98.8828,97.8047,702.869,34.5,8.868,5.98401,9.572,94.5,36.4706,36.4706,0,-0.765625,42.8061,22.5,22.5,26.25
68.304,0,0,0,0,1.27594,0.99997,1.06461,4,1,1,0.820314,0,0.820314,0.829347,0,1.17188,84.0834,82.7778,84.4167,4462.75,1200,1163.95,970,1410.08,99.1406,198.914,199.242,100.102,97.7578,704.529,34.5,8.832,5.95467,9.536,94.5,36.4706,36.4706,0,-1.375,42.8061,22.5,22.5,26.25
68.338,0,0,0,0,1.28156,0.99997,1.0658,4,1,1,0.820314,0,0.820314,0.82837,0,1.17188,84.889,83.3056,83.9723,4467.5,1200,1166.02,970,1415.27,99.4453,199.477,199.266,97.8984,97.7578,704.529,34.5,8.976,6.00267,9.68,94.5,36.4706,36.4706,0,-0.59375,42.8061,22.5,22.5,26.25
68.371,0,0,0,0,1.28211,0.99997,1.06702,4,1,1,0.820314,0,0.820314,0.824708,0,1.17188,84.4167,84.2778,83.7778,4472.25,1200,1159.49,965,1412.7,98.8359,199.406,199.289,97.875,97.7578,704.529,35.25,8.892,5.99467,9.588,94.5,36.4706,36.0784,0,-1.03125,42.8061,22.5,22.5,26.25
68.404,0,0,0,0,1.28327,0.99997,1.06796,4,1,1,0.820314,0,0.820314,0.824708,0,1.17188,84.3056,86.1667,83.4445,4478.75,1200,1153.98,965,1415.31,98.3906,199.406,199.289,98.3672,97.7109,704.529,35.25,8.816,5.96801,9.512,94.5,36.4706,36.0784,0,-0.90625,42.8061,22.5,22.5,26.25
68.438,0,0,0,0,1.27893,0.99997,1.06863,4,1,1,0.820314,0,0.820314,0.823732,0,1.17188,84.3612,84.389,84.639,4476.25,1220,1157.89,965,1412.7,98.7656,199.289,199.289,99.2109,99,704.529,35.25,8.824,5.95201,9.52,94.5,36.0784,36.0784,0,-1.09375,43.1647,22.5,22.5,26.25
68.471,0,0,0,0,1.27557,0.99997,1.06958,4,1,1,0.820314,0,0.820314,0.824708,0,1.17188,84.3612,82.7223,83.889,4478.75,1220,1157.23,965,1410.08,98.8125,199.5,199.289,99.1406,99,704.529,35.25,8.86,5.94401,9.548,95.25,36.0784,36.0784,0,-0.78125,43.1647,22.5,22.5,26.25
68.504,0,0,0,0,1.27905,0.99997,1.06921,4,1,1,0.820314,0,0.820314,0.819337,0,1.17188,84.5834,83.3056,83.889,4486.25,1210,1156.48,965,1412.7,98.7422,199.5,199.289,98.3438,98.9766,706.248,35.25,8.868,5.98934,9.556,95.25,36.0784,36.0784,0,-1.14063,43.1647,22.5,22.5,26.25
68.538,0,0,0,0,1.2793,0.99997,1.06976,4,1,1,0.820314,0,0.820314,0.818361,0,1.17188,84.139,85.3334,84.4167,4495,1210,1151.99,965,1412.7,98.3906,199.43,199.313,99.4219,98.9531,706.248,35.25,8.788,5.94401,9.476,95.25,36.0784,36.0784,0,-0.59375,43.1647,23.25,23.25,26.25
68.571,0,0,0,0,1.27643,0.99997,1.06906,4,1,1,0.820314,0,0.820314,0.815675,0,1.17188,84.5834,83.1112,84.1112,4493.5,1210,1155.63,965,1410.04,98.7422,199.359,199.313,98.9531,98.9531,706.248,35.25,8.892,5.97867,9.58,93.75,36.0784,36.0784,0,-1.01563,43.1647,22.5,22.5,26.25
68.604,0,0,0,0,1.27789,0.99997,1.06863,4,1,1,0.820314,0,0.820314,0.815675,0,1.17188,85.0556,83.4167,84.2223,4502.25,1210,1157.03,965,1410.04,98.8828,199.359,199.313,98.625,98.9063,706.248,35.25,8.904,5.98934,9.592,93.75,36.0784,36.0784,0,-0.828125,43.1647,22.5,22.5,26.25
68.638,0,0,0,0,1.27997,0.99997,1.06888,4,1,1,0.820314,0,0.820314,0.821046,0,1.17188,85.0556,84.2223,84.4167,4501,1210,1156.13,965,1412.66,98.8594,199.453,199.313,97.9688,98.8828,706.248,35.25,8.912,5.96534,9.6,93.75,36.0784,36.0784,0,-1.0625,43.1647,22.5,22.5,26.25
68.671,0,0,0,0,1.28113,0.99997,1.0694,4,1,1,0.820314,0,0.820314,0.825685,0,1.17188,85.2778,84.3056,84.4167,4504.5,1210,1156.88,965,1412.7,99.0469,199.547,199.336,98.0859,98.8828,706.248,35.25,8.944,5.98934,9.648,93.75,36.0784,36.0784,0,-0.421875,43.1647,22.5,22.5,26.25
68.704,0,0,0,0,1.28211,0.99997,1.07044,4,1,1,0.820314,0,0.820314,0.825685,0,1.17188,85.4723,84.6112,84.889,4511.25,1210,1159.61,965,1412.66,99.2813,199.547,199.336,98.4375,98.8125,707.947,35.25,8.944,5.98134,9.648,93.75,36.0784,36.0784,0,-0.828125,43.1647,22.5,22.5,26.25
68.738,0,0,0,0,1.28314,0.99997,1.07147,4,1,1,0.820314,0,0.820314,0.822023,0,1.17188,85.1112,86.7223,84.4723,4516.5,1210,1152.42,965,1412.7,98.6719,199.453,199.336,97.9922,98.8359,707.947,35.25,8.88,5.97067,9.584,93.75,36.0784,36.0784,0,-1.09375,43.1647,22.5,22.5,26.25
68.771,0,0,0,0,1.27936,0.99997,1.07178,4,1,1,0.820314,0,0.820314,0.818361,0,1.17188,85.0556,85.7778,84.7223,4521.25,1210,1152.42,965,1410.04,98.6953,199.383,199.336,98.7891,98.8125,707.947,35.25,8.868,5.97867,9.564,94.5,36.0784,36.0784,0,-1.04688,43.1647,22.5,22.5,27
68.804,0,0,0,0,1.27808,0.99997,1.07092,4,1,1,0.820314,0,0.820314,0.812745,0,1.17188,85.2223,84.4445,85.639,4530.25,1210,1154.84,965,1410.04,98.9297,199.383,199.336,99.1875,98.7656,707.947,35.25,8.896,5.99201,9.592,94.5,36.0784,36.0784,0,-0.78125,43.1647,22.5,22.5,27
68.838,0,0,0,0,1.28064,0.99997,1.07059,4,1,1,0.820314,0,0.820314,0.814699,0,1.17188,85.7501,84.5834,85.7501,4525.5,1190,1156.48,965,1412.7,99.1641,199.5,199.336,99.1172,97.4297,707.947,35.25,8.936,5.98401,9.632,94.5,36.0784,36.0784,0,-0.859375,42.8061,22.5,22.5,27
68.871,0,0,0,0,1.27643,0.99997,1.06943,4,1,1,0.820314,0,0.820314,0.817384,0,1.17188,85.7501,83.2778,85.3056,4529.5,1190,1156.88,970,1407.38,99.2813,199.523,199.336,99.7266,97.4297,707.947,35.25,8.92,5.99467,9.624,94.5,36.0784,36.0784,0,-1.25,42.8061,22.5,22.5,27
68.904,0,0,0,0,1.28217,0.99997,1.06928,4,1,1,0.820314,0,0.820314,0.818361,0,1.17188,85.5278,86.0556,85.1112,4541.25,1150,1152.03,970,1412.7,98.8125,199.523,199.336,98.2734,93.5859,709.607,35.25,8.832,5.97334,9.536,94.5,36.0784,36.0784,0,-0.953125,41.7257,22.5,22.5,27
68.938,0,0,0,0,1.27948,0.99997,1.06851,4,1,1,0.820314,0,0.820314,0.813722,0,1.17188,85.8056,83.0278,86.3056,4543.25,1050,1149.49,970,1410.04,98.6719,199.5,199.359,96.0234,85.2188,709.607,35.25,8.736,5.89334,9.44,94.5,35.6863,34.1177,0,-1.07813,39.3881,22.5,22.5,27
68.971,0,0,0,0,1.29144,0.99997,1.06815,4,1,1,0.820314,0,0.820314,0.813722,0,0,83.9445,81.3056,84.4167,4543.25,960,1125.86,965,1423.24,96.4688,199.453,199.359,94.0078,74.4141,709.607,36,8.456,5.72801,9.144,94.5,33.3333,31.7647,0,-0.546875,36.3302,23.25,23.25,27
69.004,0,0,0,0,1.29871,0.99997,1.06787,4,1,1,0.820314,0,0.820314,0.818361,0,0,82.5556,77.9167,81.4167,4545.25,960,1092.23,965,1431.17,93.375,199.453,199.359,90.0469,67.1719,709.607,36,8.024,5.58401,8.712,94.5,30.9804,29.0196,0,-1.26563,34.1725,24,24,27
69.038,0,0,0,0,1.32025,0.99997,1.06683,4,1,1,0.820314,0,0.820314,0.816408,0,0,78.1112,71.0556,79.8334,4542.5,960,1045.23,965,1454.96,88.9453,199.313,199.359,82.1719,58.7344,709.607,36,7.504,5.13067,8.192,94.5,27.8431,25.8824,0,-1.03125,31.6548,25.5,25.5,27
69.071,0,0,0,0,1.35864,0.99997,1.06455,4,1,1,0.820314,0,0.820314,0.805421,0,0,71.5001,59.75,72.9445,4539.25,960,956.523,965,1497.23,80.625,199.266,199.359,69.1406,57.3984,709.607,36,6.696,4.36534,7.384,93.75,23.1373,22.3529,0,-1.10938,28.4168,27,27,27
69.104,0,0,0,0,1.39215,0.99997,1.06116,4,1,1,0.820314,0,0.820314,0.796876,0,0,65.0556,54.8889,64.2501,4537.75,960,865.664,965,1534.18,71.9766,199.266,199.359,63.75,55.4297,708.182,36,5.912,4.04534,6.6,93.75,20.7843,21.9608,0,-0.796875,26.7979,27,27,27
69.138,0,0,0,0,1.40173,0.99997,1.05682,4,1,1,0.820314,0,0.820314,0.782716,0,0,57.9723,49.3334,59.4167,4528.75,960,814.648,965,1544.77,67.0547,199.195,199.336,57.3281,52.7578,708.182,36,5.32,3.53067,6.008,93.75,19.2157,19.2157,0,-0.953125,24.4602,27.75,27.75,27.75
69.171,0,0,0,0,1.4162,0.99997,1.04916,4,1,1,0.820314,0,0.820314,0.777101,0,0,50.6945,43.6111,48.7223,4541.25,960,724.531,965,1560.63,58.5234,199.523,199.359,50.5313,48.7031,708.182,36,4.512,3.02934,5.208,93.75,17.2549,17.2549,0,-0.65625,21.9424,28.5,28.5,28.5
69.204,0,0,0,0,1.41376,0.99997,1.04651,4,1,1,0.820314,0,0.820314,0.774659,0,0,47.6111,39.5834,43.9167,4538.5,960,664.297,965,1557.97,52.8984,199.523,199.359,45.8906,45.2578,708.182,36,4.04,2.832,4.736,93.75,16.0784,16.4706,0,-1.23438,19.7833,17.25,17.25,17.25
69.238,0,0,0,0,1.40418,0.99997,1.03992,4,1,1,0.820314,0,0.820314,0.774659,0,0,42.3334,36.6945,39.3334,4538.5,960,613.281,965,1547.42,48.0703,199.266,199.359,42.5391,41.6484,708.182,36,3.648,2.47734,4.344,93.75,14.902,15.2941,0,-0.796875,17.2656,19.5,19.5,19.5
69.271,0,0,0,0,1.39215,0.99997,1.0343,4,1,1,0.820314,0,0.820314,0.788087,0,0,38,33.0278,34.6945,4535.75,960,561.602,965,1534.18,43.0781,198.75,199.336,38.3203,36.7266,708.182,36,3.22,2.192,3.916,93.75,13.7255,14.1177,0,-0.765625,14.3877,18.75,18.75,18.75
69.304,0,0,0,0,1.38013,0.99997,1.02997,4,1,1,0.820314,0,0.820314,0.794435,0,0,35.8334,29.4445,30.3611,4534.25,960,526.68,965,1520.98,39.7969,198.75,199.336,34.1953,33.2344,704.666,36,2.916,2.04267,3.612,93.75,12.549,12.9412,0,-0.46875,12.05,19.5,19.5,19.5
69.338,0,0,0,0,1.36578,0.99997,1.0268,4,1,1,0.820314,0,0.820314,0.793702,0,0,31.7778,26.75,27.4722,4523.5,960,485.742,965,1505.16,36,199.313,199.336,31.125,29.8359,704.666,36,2.644,1.77867,3.34,93.75,12.1569,12.1569,0,-1.09375,9.35224,15,15,15
69.371,0,0,0,0,1.349,0.99997,1.02426,4,1,1,0.820314,0,0.820314,0.791261,0,0,28.3611,24.8889,24.0834,4516.5,960,446.875,965,1486.64,32.3438,199.031,199.336,29.0156,25.6641,704.666,36,2.388,1.592,3.076,93.75,11.3726,10.5882,0,-0.953125,5.75417,11.25,11.25,11.25
69.404,0,0,0,0,1.32983,0.99997,1.02029,4,1,1,0.820314,0,0.820314,0.786622,0,0,26.75,21.9167,20.7778,4519.25,960,419.375,965,1465.51,29.8125,199.031,199.336,25.5469,22.8281,704.666,36,2.156,1.488,2.844,93.75,10.1961,9.80392,0,-0.796875,2.87632,10.5,10.5,10.5
69.438,0,0,0,0,1.31549,0.99997,1.01523,4,1,1,0.820314,0,0.820314,0.786622,0,0,23.3334,19.5278,17.7778,4520.75,960,383.672,965,1449.65,26.5078,199.313,199.336,22.7344,20.0859,704.666,36,1.932,1.27733,2.62,93.75,9.41177,9.01961,0,-0.609375,0,9.75,9.75,9.75
69.471,0,0,0,0,1.29627,0.99997,1.00946,4,1,1,0.820314,0,0.820314,0.784181,0,0,19.9722,15.9722,12.9722,4517.25,960,341.094,965,1428.52,22.5938,199.219,199.336,18.6328,22.3828,704.666,36,1.7,1.08533,2.388,93.75,7.84314,8.2353,0,-0.53125,0,9.75,9.75,9.75
69.504,0,0,0,0,1.26276,0.99997,1,4,1,1,0.820314,0,0.820314,0.775636,0,0,18.5556,15.5278,6.86112,4518,960,320.352,965,1391.56,20.6953,199.219,199.336,18.1172,21.3281,700.682,36,1.62,1.02667,2.308,93.75,7.84314,9.41177,0,-1,0,12.75,12.75,12.75
69.538,0,0,0,0,1.24115,0.99997,1,4,1,1,0.820314,0,0.820314,0.767579,0,0,17.1667,16.6945,23.8889,4511.25,960,311.406,965,1367.77,19.875,199.406,199.336,19.5,20.2266,700.682,36,1.616,0.997335,2.304,93.75,8.62745,9.41177,0,-0.71875,0,12,12,12
69.571,0,0,0,0,1.25073,0.99997,1,4,1,1,0.820314,0,0.820314,0.759767,0,0,17.3056,17.5833,15.6389,4511.25,960,315.156,965,1378.36,20.1328,198.773,199.336,20.5313,18.8906,700.682,36,1.64,1.02667,2.336,93.75,9.01961,9.01961,0,-0.75,0,7.5,7.5,7.5
69.604,0,0,0,0,1.22919,0.99997,1,4,1,1,0.820314,0,0.820314,0.755128,0,0,17.3611,17.1389,20.9445,4510.5,960,316.289,965,1354.57,20.2266,198.773,199.336,19.9922,18.1875,700.682,36,1.624,1.02133,2.32,93.75,9.01961,8.62745,0,-0.71875,0,4.5,4.5,4.5
69.638,0,0,0,0,1.22675,0.99997,1,4,1,1,0.820314,0,0.820314,0.753419,0,0,17.0556,16.3056,18.9722,4503,960,311.641,965,1351.91,19.7813,199.125,199.336,19.0547,17.3906,700.682,36,1.576,0.986668,2.272,93.75,8.62745,8.2353,0,-1.17188,0,3,3,3
69.671,0,0,0,0,1.21716,0.99997,1,4,1,1,0.820314,0,0.820314,0.755128,0,0,16.1945,14.9167,15.7778,4497,960,299.766,965,1341.37,18.6797,199.031,199.313,17.4141,16.4297,700.682,36,1.476,0.930668,2.156,93.75,7.84314,7.84314,0,-0.640625,0,3.75,3.75,2.25
69.704,0,0,0,0,1.21002,0.99997,1,4,1,1,0.820314,0,0.820314,0.759034,0,0,15.6111,14.4445,18,4484.75,960,291.484,965,1333.44,17.9297,199.031,199.313,16.9219,15.8203,699.92,36,1.42,0.896001,2.1,93.75,7.84314,7.45098,0,-1.03125,0,12,12,12
69.738,0,0,0,0,1.20282,0.99997,1,4,1,1,0.820314,0,0.820314,0.770021,0,0,14.8611,14.25,15.0278,4472.25,960,285.156,965,1325.51,17.3203,199.008,199.289,16.7344,15.2813,699.92,36,1.388,0.858668,2.068,93.75,7.84314,7.05883,0,-0.890625,0,11.25,11.25,11.25
69.771,0,0,0,0,1.18604,0.99997,1,4,1,1,0.820314,0,0.820314,0.801759,0,0,14.3889,13.9722,16.6111,4460.25,960,279.844,965,1307.03,16.7813,198.398,199.266,16.4531,14.625,699.92,36,1.348,0.829334,2.036,93.75,7.45098,7.05883,0,-1.01563,0,5.25,5.25,2.25
69.804,0,0,0,0,1.18121,0.99997,0.982453,4,1,1,0.820314,0,0.820314,0.811769,0,0,14.0556,12.8333,15.4167,4457.5,960,274.531,965,1301.72,16.2891,198.398,199.266,15.1172,14.25,699.92,36,1.268,0.813334,1.956,93.75,7.05883,6.66667,0,-0.796875,0,9,9,9
69.838,0,0,0,0,1.16919,0.99997,0.990327,4,1,1,0.820314,0,0.820314,0.817384,0,0,13.2778,12.3056,13.5,4445,960,265.977,965,1288.52,15.4922,198.938,199.242,14.5547,14.25,699.92,36,1.224,0.757334,1.912,93.75,6.66667,6.66667,0,-1.14063,0,6,6,2.25
69.871,0,0,0,0,1.16443,0.99997,1.00235,4,1,1,0.820314,0,0.820314,0.832033,0,0,12.6389,11.8889,13.4445,4464.25,960,257.266,965,1283.24,14.7422,199.547,199.266,13.9922,14.25,699.92,36,1.188,0.730668,1.884,93.75,6.66667,6.66667,0,-0.859375,0,6.75,6.75,3
69.904,0,0,0,0,1.15241,0.99997,1.01184,4,1,1,0.820314,0,0.820314,0.844972,0,0,12.3056,11.5278,12.3611,4483.5,960,251.992,965,1270.04,14.25,199.547,199.266,13.4766,14.25,700.057,36,1.164,0.720001,1.86,93.75,6.66667,6.66667,0,-0.734375,0,6.75,6.75,2.25
69.938,0,0,0,0,1.14764,0.99997,1.02222,4,1,1,0.820314,0,0.820314,0.855958,0,0,11.8889,11.5278,14.9722,4488.25,960,247.617,965,1264.77,13.875,199.523,199.289,13.4766,14.25,700.057,36,1.152,0.709334,1.848,93.75,6.66667,6.66667,0,-0.8125,0,6.75,6.75,-9
69.971,0,0,0,0,1.13806,0.99997,1.03616,4,1,1,0.820314,0,0.820314,0.863283,0,0,11.6667,11.6111,13.3611,4477.5,960,245.781,965,1254.18,13.7109,199.266,199.289,13.5938,14.25,700.057,36,1.168,0.714668,1.848,93.75,6.66667,6.66667,0,-1.04688,0,6.75,6.75,-9
70.004,0,0,0,0,1.1333,0.99997,1.04727,4,1,1,0.820314,0,0.820314,0.868898,0,0,11.6667,11.9167,14.1945,4459.5,960,246.719,965,1248.91,13.7813,199.266,199.289,14.0156,14.25,700.057,36,1.192,0.728001,1.872,93.75,6.66667,6.66667,0,-0.53125,0,6.75,6.75,1.5
70.038,0,0,0,0,1.12366,0.99997,1.05997,4,1,1,0.820314,0,0.820314,0.875245,0,0,11.7222,11.8056,13.4722,4452.25,960,247.5,965,1238.32,13.8281,198.914,199.266,13.8984,14.25,700.057,36,1.208,0.741334,1.888,93.75,6.66667,6.66667,0,-0.71875,0,6.75,6.75,0
70.071,0,0,0,0,1.12128,0.99997,1.07907,4,1,1,0.820314,0,0.820314,0.891115,0,0,11.7778,11.75,12.9445,4459.5,960,247.695,965,1235.7,13.8516,198.68,199.266,13.8281,14.25,700.057,36,1.236,0.757334,1.924,93.75,6.66667,7.05883,0,-0.609375,0,6.75,6.75,-0.75
70.104,0,0,0,0,1.1203,0.99997,1.09403,4,1,1,0.820314,0,0.820314,0.901124,0,0,11.7222,11.8889,13.1111,4464.75,960,247.93,965,1227.77,13.8516,198.68,199.266,13.9688,14.25,700.174,36,1.252,0.762668,1.94,93.75,6.66667,7.05883,0,-0.90625,0,6.75,6.75,-1.5
70.138,0,0,0,0,1.12183,0.99997,1.11148,4,1,1,0.820314,0,0.820314,0.907716,0,0,11.7778,11.8889,13.3889,4453,960,248.75,965,1222.5,13.8984,199.219,199.242,13.9922,14.25,700.174,36,1.28,0.784001,1.968,93.75,7.05883,7.05883,0,-0.640625,0,6.75,6.75,-2.25
70.171,0,0,0,0,1.12225,0.99997,1.13394,4,1,1,0.820314,0,0.820314,0.915529,0,0,11.8333,11.8056,13.2778,4443.75,960,253.594,965,1214.57,14.3438,198.867,199.219,16.7109,14.25,700.174,36.75,1.428,0.800001,2.108,93.75,6.66667,7.05883,0,-0.4375,0,6.75,6.75,6
70.204,0,0,0,0,1.12262,0.99997,1.15109,4,1,1,0.820314,0,0.820314,0.916505,0,0,12.4722,12.0278,13.0833,4441.75,960,263.047,965,1209.3,15.1641,198.867,199.219,16.4063,14.25,700.174,36.75,1.472,0.864001,2.152,93.75,7.05883,7.05883,0,-0.578125,0,6.75,6.75,-3.75
70.238,0,0,0,0,1.12189,0.99997,1.16715,4,1,1,0.820314,0,0.820314,0.917726,0,0,13.2222,11.9445,13.4722,4443,960,270.195,965,1203.98,15.7969,199.219,199.219,17.1094,14.25,700.174,36.75,1.552,0.914668,2.232,93.75,7.05883,7.05883,0,-0.875,0,6,6,-5.25
70.271,0,0,0,0,1.12201,0.99997,1.18301,4,1,1,0.820314,0,0.820314,0.912111,0,0,13.1111,11.8889,12,4433.25,960,266.914,965,1198.71,15.4922,199.008,199.219,15.4219,14.25,700.174,36.75,1.496,0.901334,2.192,93.75,7.05883,7.05883,0,-0.8125,0,6,6,-6
70.304,0,0,0,0,1.12024,0.99997,1.18884,4,1,1,0.820314,0,0.820314,0.894533,0,0,13.2778,11.8889,13.1389,4430.5,960,271.094,965,1193.44,15.8672,199.008,199.219,16.5469,14.25,700.623,36.75,1.564,0.957335,2.26,93.75,7.05883,7.05883,0,-0.5625,0,6,6,-6
70.338,0,0,0,0,1.12152,0.99997,1.1904,4,1,1,0.820314,0,0.820314,0.871583,0,0,13.1667,11.9445,11.8333,4429.25,960,266.992,965,1190.78,15.4922,198.984,199.219,14.6484,14.25,700.623,36.75,1.468,0.914668,2.164,93.75,7.05883,7.05883,0,-1.09375,0,6,6,-6.75
70.371,0,0,0,0,1.12018,0.99997,1.18463,4,1,1,0.820314,0,0.820314,0.843263,0,0,13.2778,11.8889,12.2222,4428.5,960,269.063,965,1185.51,15.6797,199.125,199.195,15.0703,14.25,700.623,36.75,1.492,0.952001,2.18,93.75,6.66667,7.05883,0,-0.46875,0,6,6,-6.75
70.404,0,0,0,0,1.11859,0.99997,1.17673,4,1,1,0.820314,0,0.820314,0.82837,0,0,13.0556,11.7222,12.0833,4423.25,960,266.172,965,1180.23,15.4219,199.125,199.195,15.3984,14.25,700.623,36.75,1.484,0.901334,2.172,93.75,6.66667,7.05883,0,-0.875,0,6,6,-6.75
70.438,0,0,0,0,1.11896,0.99997,1.16827,4,1,1,0.820314,0,0.820314,0.822999,0,0,12.9445,11.8611,12.0833,4415,960,265.273,965,1177.58,15.3281,199.078,199.195,15.0938,14.25,700.623,36.75,1.452,0.909334,2.14,93.75,7.05883,7.05883,0,-1.03125,0,6,6,-6.75
70.471,0,0,0,0,1.11774,0.99997,1.1579,4,1,1,0.820314,0,0.820314,0.811036,0,0,12.8889,11.8611,11.6945,4413.5,960,265.469,965,1172.3,15.3516,199.031,199.172,14.7656,14.25,700.623,36.75,1.432,0.877334,2.12,93.75,7.05883,7.05883,0,-0.9375,0,6,6,-6.75
70.504,0,0,0,0,1.11859,0.99997,1.15082,4,1,1,0.820314,0,0.820314,0.803712,0,0,13.0556,11.9722,12.6667,4409,960,269.141,965,1169.65,15.6563,199.031,199.172,15.5391,14.25,701.033,36.75,1.456,0.912001,2.144,93.75,7.05883,7.05883,0,-0.4375,0,6,6,-6.75
70.538,0,0,0,0,1.11951,0.99997,1.1453,4,1,1,0.820314,0,0.820314,0.801759,0,0,13,11.8611,12,4407.75,960,266.602,965,1167.03,15.4219,198.984,199.172,15.0469,14.25,701.033,36.75,1.428,0.880001,2.116,93.75,7.05883,7.05883,0,-0.859375,0,6,6,-6.75
70.571,0,0,0,0,1.11408,0.99997,1.1387,4,1,1,0.820314,0,0.820314,0.800782,0,0,12.8333,11.7222,13.1389,4402.5,970,267.5,970,1159.1,15.4922,200.063,199.148,16.875,14.25,701.033,36.75,1.484,0.888001,2.172,93.75,7.05883,7.05883,0,-0.921875,0,6,6,-6.75
70.604,0,0,0,0,1.12128,0.99997,1,4,1,1,0.820314,0,0.820314,0.80005,0,0,13.2222,11.8056,10.5278,4396.75,970,262.461,970,1161.72,15.1172,200.063,199.148,12.75,14.25,701.033,36.75,1.16,0.901334,1.848,93.75,7.05883,7.05883,0,-0.8125,0,6,6,-7.5
70.638,0,0,0,0,1.11322,0.99997,1,4,1,1,0.820314,0,1.04688,0.801759,0,0,12.7222,11.7778,13.0278,4386.5,970,265.781,970,1153.79,15.3984,198.914,199.148,16.6172,14.25,701.033,36.75,1.016,0.618667,1.704,93.75,7.05883,7.05883,0,-0.53125,0,6,6,46.5
70.671,0,0,0,0,1.11371,0.99997,1,4,1,1,0.820314,0,1.04688,0.804445,0,0,12.3611,11.7778,10.4167,4376.25,970,257.813,970,1148.52,14.6719,198.609,199.102,13.875,14.25,701.033,37.5,0.916,0.546667,1.604,93.75,7.05883,7.05883,0,-0.9375,0,6,6,46.5
70.704,0,0,0,0,1.10809,0.99997,1,4,1,1,0.820314,0,1.04688,0.833009,0,0,12.5278,11.7222,13.2222,4382,970,267.734,970,1143.24,15.5625,198.609,199.102,17.1797,14.25,697.322,37.5,1.036,0.610667,1.724,93.75,7.05883,7.05883,0,-0.453125,0,6,6,46.5
70.738,0,0,0,0,1.11273,0.99997,1,4,1,1,0.820314,0,1.04688,0.961183,0,0,12.7778,11.75,11.7222,4381.25,970,263.867,970,1143.24,15.2344,199.336,199.125,14.625,14.25,697.322,37.5,0.956,0.592001,1.644,93.75,7.05883,7.05883,0,-1.03125,0,6,6,46.5
70.771,0,0,0,0,1.10968,0.99997,1,4,1,1,0.820314,0,1.04688,1.2981,0,0,12.8333,11.7778,12.4445,4371.75,970,265.938,970,1137.97,15.3984,198.867,199.102,15.9375,14.25,697.322,37.5,1,0.613334,1.688,93.75,7.05883,7.05883,0,-0.671875,0,6,6,46.5
70.804,0,0,0,0,1.1153,0.99997,1,4,1,1,0.820314,0,1.04688,1.62647,0,0,12.8333,11.8611,11.6111,4363.5,970,262.813,970,1140.59,15.1172,198.867,199.102,13.9453,14.25,697.322,37.5,0.932,0.592001,1.62,93.75,7.05883,7.05883,0,-0.890625,0,6,6,46.5
70.838,0,0,0,0,1.1106,0.99997,1,4,1,1,0.820314,0,1.04688,2.01783,0,0,12.4167,11.75,12.1945,4360.25,970,262.148,970,1135.31,15.0469,198.797,199.078,15.6094,14.25,697.322,37.5,0.976,0.578667,1.664,93.75,7.05883,7.05883,0,-0.25,0,6.75,6.75,47.25
70.871,0,0,0,0,1.11383,0.99997,1,4,1,1,0.820314,0,1.04688,2.36597,0,0,12.6389,11.7778,12.8056,4356,970,264.688,970,1135.31,15.2578,199.031,199.078,15.7031,14.25,697.322,37.5,0.984,0.602667,1.672,93.75,7.05883,7.05883,0,-1.07813,0,6,6,46.5
70.904,0,0,0,0,1.11639,0.99997,1,4,1,1,0.820314,0,1.04688,2.48194,0,0,12.5278,11.75,11.8056,4353.5,970,261.133,970,1135.31,14.9531,199.031,199.078,14.1563,14.25,693.67,37.5,0.932,0.581334,1.62,93.75,7.05883,7.05883,0,-0.734375,0,6,6,46.5
70.938,0,0,0,0,1.11548,0.99997,1,4,1,1,0.820314,0,1.04688,2.60645,0,0,12.3611,11.8056,12.4445,4349,970,261.953,970,1132.66,15,198.773,199.078,15.2578,14.25,693.67,37.5,0.96,0.581334,1.648,93.75,7.05883,7.05883,0,-0.921875,0,6.75,6.75,47.25
70.971,0,0,0,0,1.11646,0.99997,1,4,1,1,0.820314,0,1.04688,2.73999,0,0,12.6389,11.75,12.5,4340.75,970,264.766,970,1130.04,15.2578,198.422,199.055,15.2109,14.25,693.67,37.5,0.976,0.600001,1.656,93.75,7.05883,7.05883,0,-0.65625,0,6,6,46.5
71.004,0,0,0,0,1.11652,0.99997,1,4,1,1,0.820314,0,1.04688,2.81983,0,0,12.5833,11.8056,11.9722,4341.5,970,262.656,970,1127.38,15.0234,198.422,199.055,14.7656,14.25,693.67,37.5,0.944,0.586667,1.624,93.75,7.05883,6.66667,0,-0.90625,0,6,6,46.5
71.038,0,0,0,0,1.11939,0.99997,1,4,1,1,0.820314,0,1.04688,2.8733,0,0,12.5278,11.6945,12.4167,4334.5,970,264.336,970,1127.38,15.1641,198.938,199.055,14.9766,14.25,693.67,37.5,0.96,0.602667,1.64,93.75,7.05883,6.66667,0,-1.21875,0,6,6,46.5
71.071,0,0,0,0,1.11926,0.99997,1,4,1,1,0.820314,0,1.04688,2.91333,0,0,12.4167,11.6945,12,4328.25,970,262.773,970,1124.77,15,198.797,199.031,14.7656,14.25,693.67,37.5,0.948,0.581334,1.628,93.75,6.66667,6.66667,0,-0.921875,0,6,6,46.5
71.104,0,0,0,0,1.11878,0.99997,1,4,1,1,0.820314,0,1.04688,2.92652,0,0,12.5278,11.7778,12.3889,4326.5,970,265.234,970,1122.11,15.2344,198.797,199.031,15.3516,14.25,690.037,37.5,0.972,0.602667,1.652,93.75,6.66667,6.66667,0,-0.8125,0,6,6,46.5
71.138,0,0,0,0,1.12048,0.99997,1,4,1,1,0.820314,0,1.04688,2.95337,0,0,12.25,11.6945,12.4722,4317,970,262.461,970,1122.11,14.9766,198.914,199.031,15.2344,14.25,690.037,37.5,0.956,0.576001,1.636,93.75,6.66667,6.66667,0,-0.828125,0,6.75,6.75,47.25
71.171,0,0,0,0,1.12024,0.99997,1,4,1,1,0.820314,0,1.04688,2.96656,0,0,12.4167,11.6945,12.7222,4317,970,265.117,970,1119.45,15.2109,198.891,199.008,15.7266,14.25,690.037,37.5,0.98,0.602667,1.66,93.75,6.66667,6.66667,0,-0.546875,0,6,6,46.5
71.204,0,0,0,0,1.12317,0.99997,1,4,1,1,0.820314,0,1.04688,2.99341,0,0,12.5278,11.6667,11.6667,4309.5,970,263.906,970,1119.45,15.0938,198.891,199.008,14.25,14.25,690.037,37.5,0.936,0.597334,1.616,93.75,6.66667,6.66667,0,-1.1875,0,6,6,46.5
71.238,0,0,0,0,1.12238,0.99997,1,4,1,1,0.820314,0,1.04688,2.99341,0,0,12.3611,11.6667,12.1389,4305.25,970,263.594,970,1116.84,15.0469,198.75,199.008,14.9063,14.25,690.037,37.5,0.948,0.589334,1.636,93.75,6.66667,6.66667,0,-0.890625,0,6,6,46.5
71.271,0,0,0,0,1.12543,0.99997,1,4,1,1,0.820314,0,1.04688,2.99341,0,0,12.3611,11.6945,12.0833,4299,970,263.516,970,1116.84,15.0469,198.891,198.984,14.6719,14.25,690.037,37.5,0.944,0.576001,1.632,93.75,6.66667,6.66667,0,-0.84375,0,6,6,46.5
71.304,0,0,0,0,1.12445,0.99997,1,4,1,1,0.820314,0,1.04688,3.0066,0,0,12.3611,11.5833,11.75,4294.75,970,263.477,970,1114.18,15.0234,198.891,198.984,14.6016,14.25,686.482,37.5,0.94,0.594667,1.628,93.75,6.66667,6.66667,0,-0.640625,0,6,6,46.5
71.338,0,0,0,0,1.12421,0.99997,1,4,1,1,0.820314,0,1.04688,3.03321,0,0,12.3056,11.6667,12.2222,4287.5,970,263.75,970,1111.52,15.0469,198.75,198.984,15.3516,14.25,686.482,37.5,0.964,0.594667,1.652,93.75,6.66667,6.66667,0,-0.953125,0,6.75,6.75,47.25
71.371,0,0,0,0,1.1264,0.99997,1,4,1,1,0.820314,0,1.04688,3.03321,0,0,12.3611,11.6111,12.1111,4285.5,970,264.844,970,1111.52,15.1406,198.82,198.961,14.9531,14.25,686.482,37.5,0.952,0.594667,1.64,93.75,6.66667,6.66667,0,-0.625,0,6,6,46.5
71.404,0,0,0,0,1.12567,0.99997,1,4,1,1,0.820314,0,1.04688,3.03321,0,0,12.25,11.6111,11.4722,4280,970,261.797,970,1108.91,14.8594,198.82,198.961,14.6719,14.25,686.482,37.5,0.936,0.586667,1.624,93.75,6.66667,6.66667,0,-0.65625,0,6.75,6.75,47.25
71.438,0,0,0,0,1.12628,0.99997,1,4,1,1,0.820314,0,1.04688,3.06006,0,0,12.1945,11.5278,12.1667,4278.25,970,263.555,970,1108.91,15,198.727,198.961,15.0703,14.25,686.482,37.5,0.952,0.597334,1.64,93.75,6.66667,6.66667,0,-0.75,0,6.75,6.75,47.25
71.471,0,0,0,0,1.1286,0.99997,1,4,1,1,0.820314,0,1.04688,3.07325,0,0,12.0833,11.5556,12.25,4269,970,262.5,970,1108.91,14.9063,198.703,198.938,15.1406,14.25,686.482,38.25,0.952,0.578667,1.632,93.75,6.66667,6.66667,0,-0.734375,0,6.75,6.75,47.25
71.504,0,0,0,0,1.13062,0.99997,1,4,1,1,0.820314,0,1.04688,3.08667,0,0,12.1945,11.4722,11.8333,4255.25,970,262.734,970,1108.91,14.9297,198.703,198.938,14.6016,14.25,682.986,38.25,0.936,0.594667,1.616,93.75,6.66667,6.66667,0,-0.65625,0,6.75,6.75,47.25
71.538,0,0,0,0,1.12952,0.99997,1,4,1,1,0.820314,0,1.04688,3.08667,0,0,11.9722,11.4722,12.2778,4208,970,264.297,970,1106.25,15.0234,198.234,198.867,15.4922,14.25,682.986,38.25,0.968,0.597334,1.648,93.75,6.66667,6.66667,0,-0.375,0,6,6,47.25
71.571,0,0,0,0,1.1294,0.99997,1,4,1,1,0.820314,0,1.04688,3.1001,0,0,12.1389,11.4445,12.1667,4160.25,970,267.773,970,1103.63,15.3281,196.852,198.75,15.6563,14.25,682.986,38.25,0.984,0.605334,1.664,93.75,6.66667,6.66667,0,-0.921875,0,5.25,5.25,46.5
71.604,0,0,0,0,1.13098,0.99997,1,4,1,1,0.820314,0,1.04688,3.1001,0,0,11.8333,11.4445,11.9445,4122.5,970,266.094,970,1103.63,15.0469,196.852,198.75,15.4922,14.25,682.986,38.25,0.964,0.576001,1.644,93.75,6.66667,6.66667,0,-0.859375,0,6,6,47.25
71.638,0,0,0,0,1.13019,0.99997,1,4,1,1,0.820314,0,1.04688,3.14112,0,0,11.7222,11.3056,11.9722,4060.5,970,268.945,970,1100.98,15.2109,197.344,198.656,16.1016,14.25,682.986,38.25,0.988,0.589334,1.676,93.75,6.66667,6.66667,0,-0.546875,0,5.25,5.25,46.5
71.671,0,0,0,0,1.13495,0.99997,1,4,1,1,0.820314,0,1.04688,3.14112,0,0,11.7222,11.3056,11.4445,4016,970,269.102,970,1103.63,15.0703,196.289,198.539,14.625,14.25,682.986,38.25,0.932,0.602667,1.62,93.75,6.66667,6.27451,0,-1.15625,0,5.25,5.25,46.5
71.704,0,0,0,0,1.133,0.99997,1,4,1,1,0.820314,0,1.04688,3.12061,0,0,11.3889,11.0833,11.5556,3972.75,970,268.711,970,1100.98,15.0469,196.289,198.539,15.3984,14.25,679.686,38.25,0.956,0.576001,1.644,93.75,6.27451,6.27451,0,-0.84375,0,5.25,5.25,47.25
71.738,0,0,0,0,1.13629,0.99997,1,4,1,1,0.820314,0,1.04688,3.16163,0,0,11.6111,10.8056,11.2778,3921.5,970,272.969,970,1100.98,15.4219,197.086,198.281,14.8594,14.25,679.686,38.25,0.968,0.618667,1.648,93.75,6.27451,6.27451,0,-1.1875,0,4.5,4.5,46.5
71.771,0,0,0,0,1.13403,0.99997,1,5,1,1,0.820314,0,1.04688,3.16163,0,0,11.0833,10.6667,10.1389,3877.25,970,266.875,970,1098.32,15,196.922,197.953,14.0859,14.25,679.686,38.25,0.928,0.576001,1.608,93.75,6.27451,6.27451,0,-0.703125,0,4.5,4.5,46.5
71.804,0,0,0,0,1.13165,0.99997,1,5,1,1,0.820314,0,1.04688,3.18213,0,0,11.0833,10.4722,11.6667,3833.75,970,272.148,970,1095.7,15.4453,196.922,197.953,16.3359,14.25,679.686,38.25,1,0.602667,1.68,93.75,5.88235,6.27451,0,-0.9375,0,4.5,4.5,46.5
71.838,0,0,0,0,1.13562,0.99997,1,5,1,1,0.820314,0,1.04688,3.16163,0,0,11.1389,10.3333,10.25,3774,970,267.383,970,1095.7,15.1406,196.781,197.672,14.5078,14.25,679.686,38.25,0.944,0.584001,1.632,93.75,5.88235,5.88235,0,-0.859375,0,4.5,4.5,46.5
71.871,0,0,0,0,1.13373,0.99997,1,5,1,1,0.820314,0,1.04688,3.16163,0,0,10.9167,10.3056,10.8056,3730.75,970,269.922,970,1093.05,15.4453,196.195,197.391,15.5625,14.25,679.686,38.25,0.988,0.610667,1.676,93.75,5.88235,5.88235,0,-0.796875,0,4.5,4.5,47.25
71.904,0,0,0,0,1.13617,0.99997,1,5,1,1,0.820314,0,1.04688,3.22315,0,0,10.9722,10.1667,10.5,3698,970,268.281,970,1093.05,15.3281,196.195,197.391,15.1875,14.25,676.502,38.25,0.972,0.586667,1.66,93.75,5.88235,5.88235,0,-1.1875,0,4.5,4.5,47.25
71.938,0,0,0,0,1.13501,0.99997,1,5,1,1,0.820314,0,1.04688,3.20264,0,0,10.6945,10.0833,10,3642.75,970,265.586,970,1090.39,15.1875,195.258,197.086,15.0703,14.25,676.502,39,0.96,0.589334,1.64,93.75,5.88235,5.88235,0,-1.0625,0,4.5,4.5,47.25
71.971,0,0,0,0,1.13641,0.99997,1,5,1,1,0.820314,0,1.04688,3.22315,0,0,10.6111,10.0278,10.6389,3598.75,970,268.789,970,1090.39,15.5391,194.461,196.805,15.5391,14.25,676.502,39,0.996,0.608001,1.676,93.75,5.88235,5.88235,0,-1.0625,0,4.5,4.5,47.25
72.004,0,0,0,0,1.13519,0.99997,1,5,1,1,0.820314,0,1.04688,3.24366,0,0,10.4445,9.83334,10.0556,3565,970,266.641,970,1087.77,15.3516,194.461,196.805,15.3984,14.25,676.502,39,0.984,0.589334,1.664,93.75,5.88235,5.4902,0,-0.90625,0,4.5,4.5,47.25
72.038,0,0,0,0,1.13678,0.99997,1,5,1,1,0.820314,0,1.04688,3.24366,0,0,10.2778,9.75001,10.25,3505.75,970,265.43,970,1087.77,15.3516,193.688,196.5,15.4688,14.25,676.502,39,0.984,0.597334,1.672,93.75,5.4902,5.4902,0,-0.796875,0,4.5,4.5,48
72.071,0,0,0,0,1.13574,0.99997,1,5,1,1,0.820314,0,1.04688,3.28467,0,0,10.1667,9.61112,10.0278,3461,970,265.82,970,1085.12,15.5391,193.523,196.148,15.5156,14.25,676.502,39,1,0.594667,1.688,93.75,5.4902,5.4902,0,-1.03125,0,3.75,3.75,48
72.104,0,0,0,0,1.13709,0.99997,1,5,1,1,0.820314,0,1.04688,3.28467,0,0,10.1667,9.61112,9.66667,3427,970,263.711,970,1085.12,15.375,193.523,196.148,14.9297,14.25,673.494,39,0.972,0.602667,1.66,93.75,5.4902,5.4902,0,-0.78125,0,3.75,3.75,48
72.138,0,0,0,0,1.1322,0.99997,1,5,1,1,0.820314,0,1.04688,3.32569,0,0,9.91667,9.25001,9.80556,3366.5,970,261.68,970,1079.84,15.4219,193.031,195.68,16.2422,14.25,673.494,39,1.008,0.597334,1.696,93.75,5.4902,5.09804,0,-1.04688,0,3.75,3.75,48
72.171,0,0,0,0,1.13739,0.99997,1,5,1,1,0.820314,0,1.04688,3.32569,0,0,9.80556,9.05556,9.30556,3332.75,970,260.313,970,1082.5,15.4922,192.891,195.258,14.7188,14.25,673.494,39,0.98,0.600001,1.668,93.75,5.09804,5.09804,0,-0.53125,0,3.75,3.75,48
72.204,0,0,0,0,1.13611,0.99997,1,5,1,1,0.820314,0,1.04688,3.3462,0,0,9.75001,9.05556,9.08334,3297,970,258.242,970,1079.84,15.3281,192.891,195.258,14.8359,14.25,673.494,39,0.964,0.597334,1.652,93.75,5.09804,5.09804,0,-0.953125,0,3.75,3.75,48
72.238,0,0,0,0,1.13489,0.99997,1,5,1,1,0.820314,0,1.04688,3.3667,0,0,9.58334,9.05556,9.00001,3238.5,970,256.602,970,1077.19,15.3984,193.031,194.789,14.9531,14.25,673.494,39,0.968,0.608001,1.648,93.75,5.09804,5.09804,0,-1,0,3.75,3.75,48
72.271,0,0,0,0,1.13348,0.99997,1,5,1,1,0.820314,0,1.04688,3.38721,0,0,9.41667,8.8889,8.83334,3200.5,970,256.602,970,1074.57,15.5625,193.219,194.391,15.0938,14.25,673.494,39,0.992,0.610667,1.672,93.75,5.09804,5.09804,0,-0.875,0,3.75,3.75,48.75
72.304,0,0,0,0,1.13226,0.99997,1,5,1,1,0.820314,0,1.04688,3.38721,0,0,9.36112,8.77778,9.47223,3165,970,257.852,970,1071.91,15.6563,193.219,194.391,16.4297,14.25,670.682,39,1.024,0.594667,1.704,93.75,5.09804,5.09804,0,-1.0625,0,3.75,3.75,48.75
72.338,0,0,0,0,1.13538,0.99997,1,5,1,1,0.820314,0,1.04688,3.40772,0,0,9.36112,8.55556,8.25001,3117,970,252.578,970,1071.91,15.4219,193.383,193.969,14.3203,14.25,670.682,39,0.96,0.608001,1.648,93.75,4.70588,5.09804,0,-0.625,0,3.75,3.75,48.75
72.371,0,0,0,0,1.13251,0.99997,1,5,1,1,0.820314,0,1.04688,3.42823,0,0,8.8889,8.52778,8.6389,3078.5,970,250.469,970,1069.26,15.2344,193.031,193.453,15.375,14.25,670.682,39,0.98,0.597334,1.668,93.75,5.09804,5.09804,0,-1.21875,0,3.75,3.75,48.75
72.404,0,0,0,0,1.13416,0.99997,1,5,1,1,0.820314,0,1.04688,3.42823,0,0,9.00001,8.52778,8.61112,3043.5,970,250.547,970,1069.26,15.4453,193.031,193.453,15.1172,14.25,670.682,39,0.98,0.610667,1.668,93.75,4.70588,4.70588,0,-0.8125,0,3.75,3.75,48.75
72.438,0,0,0,0,1.13367,0.99997,1,5,1,1,0.820314,0,1.04688,3.44874,0,0,8.8889,8.19445,8.08334,2993,970,248.359,970,1066.64,15.4453,193.641,193.055,14.6016,14.25,670.682,39,0.972,0.602667,1.66,93.75,4.70588,4.70588,0,-0.65625,0,3.75,3.75,48.75
72.471,0,0,0,0,1.13196,0.99997,1,5,1,1,0.820314,0,1.04688,3.44874,0,0,8.72223,8.25001,8.58334,2955,970,249.219,970,1063.98,15.5156,192.422,190.594,15.8672,14.25,670.682,39,1.004,0.613334,1.684,93.75,4.70588,4.70588,0,-0.8125,0,3,3,49.5
72.504,0,0,0,0,1.13446,0.99997,1,5,1,1,0.820314,0,1.04688,3.44874,0,0,8.66667,8.11112,7.97223,2917,970,248.516,970,1063.98,15.4922,192.422,190.594,14.625,14.25,668.045,39,0.964,0.610667,1.644,93.75,4.70588,4.70588,0,-1.14063,0,3,3,49.5
72.538,0,0,0,0,1.1344,0.99997,1,5,1,1,0.820314,0,1.04688,3.44874,0,0,8.58334,7.94445,8.36112,2865.75,970,251.289,970,1061.37,15.7031,189.797,187.289,15.6563,14.25,668.045,39,1,0.618667,1.688,93.75,4.70588,4.31373,0,-0.75,0,3,3,49.5
72.571,0,0,0,0,1.13379,0.99997,1,5,1,1,0.820314,0,1.04688,3.48975,0,0,8.30556,7.86112,7.77778,2826,970,247.188,970,1058.71,15.3516,186.234,184.617,15.1875,14.25,668.045,39,0.972,0.581334,1.66,93.75,4.70588,4.31373,0,-1.10938,0,3,3,49.5
72.604,0,0,0,0,1.13489,0.99997,1,5,1,1,0.820314,0,1.04688,3.48975,0,0,8.25001,7.86112,8.1389,2788.75,970,251.367,970,1058.71,15.6797,186.234,184.617,15.5156,14.25,668.045,39,0.988,0.616001,1.676,93.75,4.31373,4.31373,0,-0.625,0,3,3,49.5
72.638,0,0,0,0,1.1355,0.99997,1,5,1,1,0.820314,0,1.04688,3.51026,0,0,8.25001,7.72223,7.91667,2748.75,970,251.641,970,1056.05,15.6797,183.539,181.172,15.6563,14.25,668.045,39,0.992,0.616001,1.68,93.75,4.31373,4.31373,0,-0.609375,0,3,3,49.5
72.671,0,0,0,0,1.13434,0.99997,1,5,1,1,0.820314,0,1.04688,3.53077,0,0,8.08334,7.66667,8.36112,2707.5,970,253.242,970,1053.44,15.7969,180.094,177.727,16.8984,14.25,668.045,39,1.024,0.618667,1.704,93.75,4.31373,4.31373,0,-1.23438,0,3,3,49.5
72.704,0,0,0,0,1.13788,0.99997,1,5,1,1,0.820314,0,1.04688,3.53077,0,0,8.1389,7.13889,7.61112,2667.5,970,254.883,970,1053.44,15.9141,180.094,177.727,15.2578,14.25,665.526,39,0.996,0.634667,1.676,93.75,3.92157,4.31373,0,-0.90625,0,3,3,49.5
72.738,0,0,0,0,1.13831,0.99997,1,5,1,1,0.820314,0,1.04688,3.55127,0,0,7.94445,7.22223,8.3889,2627.25,970,256.133,970,1050.78,15.9844,176.93,175.008,17.3438,14.25,665.526,39,1.048,0.624001,1.728,93.75,3.92157,3.92157,0,-0.609375,0,3,3,49.5
72.771,0,0,0,0,1.14288,0.99997,1,5,1,1,0.820314,0,1.04688,3.55127,0,0,7.94445,7.25001,7.80556,2585.5,970,257.5,970,1050.78,16.0781,174.141,172.125,16.0781,14.25,665.526,39,1.016,0.632001,1.696,93.75,3.92157,3.92157,0,-1.07813,0,3,3,49.5
72.804,0,0,0,0,1.1424,0.99997,1,5,1,1,0.820314,0,1.04688,3.55127,0,0,7.83334,7.19445,7.58334,2558,970,256.289,970,1048.13,15.9844,174.141,172.125,15.6797,14.25,665.526,39,0.996,0.618667,1.676,93.75,3.92157,3.92157,0,-1.0625,0,3,3,49.5
72.838,0,0,0,0,1.14893,0.99997,1,5,1,1,0.820314,0,1.04688,3.55127,0,0,7.72223,6.83334,7.69445,2500.75,970,259.023,970,1050.78,16.1719,171.258,168.469,15.9609,14.25,665.526,39,1.012,0.632001,1.692,93.75,3.92157,3.92157,0,-0.640625,0,2.25,2.25,48.75
72.871,0,0,0,0,1.14954,0.99997,1,5,1,1,0.820314,0,1.04688,3.57178,0,0,7.50001,6.83334,6.97223,2472.25,970,256.641,970,1048.13,15.9844,168.234,165.258,15.1406,14.25,665.526,39,0.984,0.613334,1.664,93.75,3.92157,3.92157,0,-0.640625,0,2.25,2.25,48.75
72.904,0,0,0,0,1.1518,0.99997,1,5,1,1,0.820314,0,1.04688,3.57178,0,0,7.44445,6.69445,7.69445,2429.25,970,258.789,970,1048.13,16.1953,168.234,165.258,16.7578,14.25,663.182,39,1.032,0.621334,1.712,93.75,3.52941,3.52941,0,-1.26563,0,2.25,2.25,48
72.938,0,0,0,0,1.15399,0.99997,1,5,1,1,0.820314,0,1.04688,3.59229,0,0,7.38889,6.61112,7.13889,2386.25,970,256.133,970,1045.51,16.0781,165.422,161.836,16.3359,14.25,663.182,39.75,1.012,0.608001,1.692,93.75,3.52941,3.52941,0,-0.78125,0,2.25,2.25,48
72.971,0,0,0,0,1.15637,0.99997,1,5,1,1,0.820314,0,1.04688,3.6128,0,0,7.30556,6.36112,7.61112,2356.25,970,258.203,970,1045.51,16.2422,161.531,158.273,17.2969,14.25,663.182,39.75,1.044,0.650667,1.724,93.75,3.52941,3.52941,0,-0.375,0,2.25,2.25,47.25
73.004,0,0,0,0,1.16077,0.99997,1,5,1,1,0.820314,0,1.04688,3.63331,0,0,7.25001,6.41667,6.30556,2326.25,970,255.117,970,1045.51,16.0313,161.531,158.273,13.8281,14.25,663.182,39.75,0.96,0.645334,1.64,93.75,3.52941,3.52941,0,-1.15625,0,1.5,1.5,46.5
73.038,0,0,0,0,1.15625,0.99997,1,5,1,1,0.820314,0,1.04688,3.67432,0,0,6.86112,6.41667,7.61112,2282.75,970,254.219,970,1042.85,16.0313,158.25,154.617,18.1172,14.25,663.182,39.75,1.052,0.610667,1.732,93.75,3.52941,3.13726,0,-0.890625,0,2.25,2.25,46.5
73.071,0,0,0,0,1.16541,0.99997,1,5,1,1,0.820314,0,1.04688,3.65381,0,0,6.91667,6.25,5.91667,2236.25,970,252.656,970,1045.51,15.9844,154.523,151.992,13.6875,14.25,663.182,39.75,0.952,0.613334,1.632,93.75,3.13726,3.13726,0,-0.578125,0,1.5,1.5,45.75
73.104,0,0,0,0,1.15906,0.99997,1,0,1,1,0.820314,0,1.04688,3.69483,0,0,6.69445,6.25,7.19445,2205.5,970,254.453,970,1040.23,16.125,154.523,151.992,18.0469,14.25,660.994,39.75,1.048,0.608001,1.728,93.75,3.13726,3.13726,0,-0.359375,0,1.5,1.5,45.75
73.138,0,0,0,0,1.1676,0.99997,1,0,1,1,0.820314,0,1.04688,3.71534,0,0,6.75001,6.19445,5.58334,2158.5,970,252.773,970,1042.85,16.0781,151.781,148.453,13.6406,14.25,660.994,39.75,0.952,0.632001,1.632,93.75,3.13726,3.13726,0,-0.640625,0,1.5,1.5,45
73.171,0,0,0,0,1.16101,0.99997,1,0,1,1,0.82422,0,1.04688,3.71534,0,0,6.61112,6.11112,7.36112,2128.25,970,255.586,970,1037.58,16.2891,148.289,144.914,19.3594,14.25,660.994,39.75,1.088,0.677334,1.768,93.75,3.13726,2.7451,0,-1.01563,0,1.5,1.5,45
73.204,0,0,0,0,1.17059,0.99997,1,0,1,1,0.82422,0,1.04688,3.73585,0,0,6.63889,6.05556,6,2094.75,970,255.82,970,1042.85,16.3828,148.289,144.914,14.6719,14.25,660.994,39.75,0.984,0.672001,1.664,93.75,3.13726,2.7451,0,-0.515625,0,1.5,1.5,44.25
73.238,0,0,0,0,1.15961,0.99997,1,0,1,1,0.82715,0,1.04688,3.75635,0,0,6.22223,5.86112,7.44445,2045.75,970,255.469,970,1034.92,16.4297,144.773,142.031,20.4844,14.25,660.994,39.75,1.12,0.602667,1.8,93.75,2.7451,2.7451,0,-0.375,0,1.5,1.5,43.5
73.271,0,0,0,0,1.17004,0.99997,1,0,1,1,0.843019,0,1.04688,3.75635,0,0,6.44445,5.77778,5.36112,2013.25,970,254.453,970,1040.23,16.4297,141.914,138.305,13.7109,14.25,660.994,39.75,0.968,0.680001,1.648,93.75,2.7451,2.7451,0,-0.6875,0,1.5,1.5,43.5
73.304,0,0,0,0,1.16199,0.99997,1,0,1,1,0.843019,0,1.04688,3.77686,0,0,6,5.63889,5.63889,1979.25,970,247.344,970,1034.92,15.8672,141.914,138.305,15.9844,14.25,658.943,39.75,0.988,0.557334,1.668,93.75,2.7451,2.7451,0,-0.84375,0,0.75,0.75,43.5
73.338,0,0,0,0,1.16815,0.99997,1,0,1,1,0.854738,0,1.04688,3.77686,0,0,6.11112,5.36112,6.72223,1944.75,970,257.5,970,1037.54,16.6172,137.531,135.352,18.6094,13.5,658.943,39.75,1.088,0.698668,1.768,93.75,2.35294,2.35294,0,-0.84375,0,0.75,0.75,43.5
73.371,0,0,0,0,1.16174,0.99997,1,0,1,1,0.877443,0,1.04688,3.77686,0,0,5.58334,5.41667,3.63889,1910,970,241.406,970,1029.65,15.375,134.344,132.539,9.79688,13.5,658.943,39.75,0.9,0.520001,1.58,93.75,2.35294,1.96079,0,-0.265625,0,0.75,0.75,43.5
73.404,0,0,0,0,1.15936,0.99997,1,0,1,1,0.877443,0,1.04688,3.79737,0,0,5.58334,4.77778,8.6389,1875,970,260.547,970,1034.88,16.7578,134.344,132.539,26.0391,13.5,658.943,39.75,1.268,0.629334,1.948,93.75,1.96079,1.96079,0,-0.75,0,0.75,0.75,44.25
73.438,0,0,0,0,1.1695,0.99997,1,0,1,1,0.894533,0,1.04688,3.81788,0,0,5.30556,4.77778,3.25,1820.75,970,235.039,970,1032.3,14.6953,131.531,129.703,9.86719,13.5,658.943,39.75,0.9,0.464001,1.58,93.75,1.96079,1.96079,0,-0.5,0,0,0,44.25
73.471,0,0,0,0,1.14264,0.99997,1,0,1,1,0.913087,0,1.04688,3.81788,0,0,5.52778,4.66667,8.25001,1804.25,970,253.906,970,1024.34,16.125,128.391,126.82,27.3516,13.5,658.943,39.75,1.268,0.789334,1.948,93.75,1.96079,1.96079,0,-0.640625,0,0.75,0.75,45
73.504,0,0,0,0,1.16937,0.99997,1,0,1,1,0.913087,0,1.04688,3.83838,0,0,5.75,4.63889,3.30556,1766.5,970,254.609,970,1034.92,16.0547,128.391,126.82,8.50781,13.5,656.971,39.75,0.9,0.762668,1.58,93.75,1.96079,1.96079,0,-0.078125,0,0,0,42.75
73.538,0,0,0,0,1.11939,0.99997,1,0,1,1,0.927003,0,1.04688,3.85889,0,0,5.11112,4.5,6.55556,1728.75,970,249.766,970,1019.1,15.5625,125.789,123.773,22.1016,13.5,656.971,39.75,1.104,0.688001,1.784,93,1.96079,1.96079,0,-0.4375,0,0,0,45
73.571,0,0,0,0,1.14874,0.99997,1,0,1,1,0.937257,0,1.04688,3.85889,0,0,5.30556,4.52778,4.19445,1689.25,970,262.891,970,1032.3,16.5703,122.766,121.008,11.7656,13.5,656.971,39.75,0.932,0.584001,1.612,93,1.96079,1.96079,0,-0.5,0,-0.75,-0.75,42.75
73.604,0,0,0,0,1.1203,0.99997,1,0,1,1,0.937257,0,1.04688,3.8794,0,0,4.77778,4.30556,5.38889,1650.5,970,250.82,970,1019.1,15.5391,122.766,121.008,19.3828,13.5,656.971,39.75,1.052,0.432001,1.732,93,1.96079,1.96079,0,-0.671875,0,-1.5,-1.5,44.25
73.638,0,0,0,0,1.13355,0.99997,1,0,1,1,0.945314,0,1.04688,3.89991,0,0,5.36112,4.08334,3.86111,1610.25,970,265.625,970,1029.65,16.5234,119.977,118.195,11.3672,13.5,656.971,39.75,0.928,0.880001,1.608,93,1.56863,1.56863,0,-0.640625,0,-1.5,-1.5,42
73.671,0,0,0,0,1.11591,0.99997,1,0,1,1,0.951173,0,1.04688,3.89991,0,0,4.58334,4.02778,5.88889,1568.5,970,257.461,970,1019.1,15.8672,117.609,116.273,21.5156,13.5,656.971,39.75,1.12,0.445334,1.808,93,1.56863,1.56863,0,-0.265625,0,-2.25,-2.25,44.25
73.704,0,0,0,0,1.12494,0.99997,1,0,1,1,0.951173,0,1.04688,3.93311,0,0,4.72223,4,8.1389,1547.75,970,277.852,970,1029.61,17.3672,117.609,116.273,29.5547,13.5,655.291,39.75,1.392,0.688001,2.08,93,1.56863,1.56863,0,-0.34375,0,-2.25,-2.25,43.5
73.738,0,0,0,0,1.10584,0.99997,1,0,1,1,0.955568,0,1.04688,3.96656,0,0,4.72223,4.05556,2.75,1505,970,252.773,970,1013.79,15.5391,115.945,113.273,8.46094,13.5,655.291,39.75,0.9,0.546667,1.588,93.75,1.56863,1.56863,0,-0.171875,0,-2.25,-2.25,43.5
73.771,0,0,0,0,1.10651,0.99997,1,0,1,1,0.958742,0,1.04688,3.96656,0,0,4.83334,3.77778,6.11112,1461.75,970,282.461,970,1021.72,17.7422,113.086,111.352,22.2188,13.5,655.291,39.75,1.184,0.858668,1.864,93.75,1.56863,1.56863,0,-0.75,0,-3,-3,42
73.804,0,0,0,0,1.11969,0.99997,1,0,1,1,0.958742,0,1.04688,3.99976,0,0,4.88889,3.83334,1.97222,1438.75,970,264.336,970,1021.72,16.4063,113.086,111.352,5.60156,13.5,655.291,39.75,0.9,0.738668,1.58,93.75,1.56863,1.56863,0,-0.515625,0,-3,-3,41.25
73.838,0,0,0,0,1.0802,0.99997,1,0,1,1,0.961183,0,1.04688,3.99976,0,0,4.41667,3.55556,8.30556,1393.5,970,291.055,970,1011.17,18.3984,111.07,108.867,34.0781,13.5,655.291,40.5,1.504,0.637334,2.184,93,1.17647,1.17647,0,-0.171875,0,-3.75,-3.75,42.75
73.871,0,0,0,0,1.10822,0.99997,1,0,1,1,0.963136,0,1.04688,4.03321,0,0,4.58334,3.58334,3.11111,1369.25,970,280.117,970,1024.38,17.6016,108.422,107.203,11.0859,13.5,655.291,40.5,0.94,0.608001,1.62,93,1.17647,1.17647,0,0.125,0,-3.75,-3.75,40.5
73.904,0,0,0,0,1.08289,0.99997,1,0,1,1,0.963136,0,1.04688,4.06641,0,0,4.19445,3.44445,7.63889,1320,970,290.703,970,1011.17,18.3516,108.422,107.203,32.8359,14.8594,654.901,40.5,1.732,0.530667,2.412,93,1.17647,1.17647,0,0.34375,0,-3.75,-3.75,42.75
73.938,0,0,0,0,1.10803,0.99997,1,0,1,1,0.964601,0,0.961183,4.09986,0,0,4.47223,3.33334,4.38889,1296.25,970,289.961,970,1024.34,18.3047,107.016,105.398,17.8594,16.8516,654.901,40.5,1.396,0.920001,2.076,93,1.17647,1.17647,0,-0.125,0,7.5,7.5,7.5
73.971,0,0,0,0,1.08881,0.99997,1,0,1,1,0.965578,0,0.953371,4.09986,0,0,4.02778,3.36111,1.5,1272.75,970,270.234,970,1011.17,16.875,105.234,103.664,5.08594,17.1797,654.901,40.5,1.016,0.664001,1.696,93,1.17647,1.56863,0,-0.421875,0,9,9,9
74.004,0,0,0,0,1.09119,0.99997,1,0,1,1,0.965578,0,0.953371,4.13306,0,0,4.25,3.58334,5.22223,1239.25,970,292.656,970,1013.79,18.5156,105.234,103.664,23.1328,19.0078,654.901,40.5,1.468,1.09867,2.148,93,1.17647,1.56863,0,-0.171875,0,16.5,16.5,16.5
74.038,0,0,0,0,1.09003,0.99997,1,0,1,1,0.96631,0,0.953371,4.13306,0,0,4.08334,3.77778,1.88889,1251.75,970,274.453,970,1011.17,17.2031,103.547,102.445,6.32813,16.5469,654.901,40.5,1.004,0.661334,1.684,93,1.56863,1.96079,0,-0.296875,0,5.25,5.25,5.25
74.071,0,0,0,0,1.07471,0.99997,1,0,1,1,0.967043,0,0.953126,4.16651,0,0,4.36111,3.88889,5.75,1222.5,970,303.516,970,1011.17,19.3125,102.422,102.516,26.0156,16.4766,654.901,40.5,1.572,1.10667,2.252,93,1.56863,1.56863,0,-0.3125,0,6,6,6
74.104,0,0,0,0,1.0976,0.99997,1,0,1,1,0.967043,0,0.953126,4.23316,0,0,4.47223,3.88889,1.86111,1238.5,970,284.414,970,1021.72,17.9297,102.422,102.516,6.51563,16.5,654.51,40.5,0.968,1.04533,1.648,93,1.56863,1.56863,0,0.171875,0,-0.75,-0.75,-0.75
74.138,0,0,0,0,1.07178,0.99997,1,0,1,1,0.967531,0,0.953126,4.23316,0,0,4.47223,3.80556,6.72223,1233.5,970,302.266,970,1008.52,19.2422,102.445,102.422,29.9063,15.8906,654.51,40.5,1.66,1.07467,2.34,93,1.56863,1.56863,0,0.203125,0,2.25,2.25,2.25
74.171,0,0,0,0,1.09448,0.99997,1,0,1,1,0.967775,0,0.953371,4.23316,0,0,4.58334,3.83334,2.38889,1236.5,970,294.219,970,1019.1,18.6563,102.117,102.328,8.97656,15.9375,654.51,40.5,1.128,0.994668,1.808,93,1.56863,1.56863,0,0.28125,0,-5.25,-5.25,-5.25
74.204,0,0,0,0,1.0708,0.99997,1,0,1,1,0.967775,0,0.953371,4.23316,0,0,4.36111,3.77778,6.22223,1227.5,970,308.281,970,1008.52,19.6172,102.117,102.328,28.1016,15.8438,654.51,40.5,1.552,0.744001,2.232,93,1.17647,1.17647,0,0.125,0,-2.25,-2.25,-2.25
74.238,0,0,0,0,1.09497,0.99997,1,0,1,1,0.968019,0,0.953371,4.16651,0,0,4.52778,3.5,2.41667,1210.5,970,296.797,970,1016.45,18.7969,102.234,101.203,9.5625,15.8438,654.51,41.25,1.116,0.917334,1.804,93,1.17647,1.17647,0,-0.390625,0,-5.25,-5.25,-5.25
74.271,0,0,0,0,1.07501,0.99997,1,0,1,1,0.968263,0,0.953371,4.09986,0,0,4.58334,3.33334,6.63889,1208,970,314.219,970,1005.86,20.0625,101.109,101.297,30.4922,15.9844,654.51,41.25,1.584,1.024,2.272,93,1.17647,1.17647,0,-0.03125,0,-3,-3,-3
74.304,0,0,0,0,1.0882,0.99997,1,0,1,1,0.968263,0,0.953371,3.8794,0,0,4.58334,3.30556,3.83334,1209.25,970,310.117,970,1013.79,19.7578,101.109,101.297,17.3203,15.7031,653.865,41.25,1.252,1.024,1.94,93,1.17647,1.17647,0,0.046875,0,-5.25,-5.25,-6.75
74.338,0,0,0,0,1.07794,0.99997,1,0,1,1,0.968263,0,0.953371,3.42823,0,0,4.25,3.30556,6.83334,1201.25,970,315.039,970,1003.24,20.1328,101.273,101.203,31.7109,15.3984,653.865,41.25,1.568,0.714668,2.256,93,1.17647,1.17647,0,0.046875,0,-5.25,-5.25,-5.25
74.371,0,0,0,0,1.09033,0.99997,1,0,1,1,0.968507,0,0.953126,2.42847,0,0,4.41667,3.13889,3.30556,1199.25,970,306.953,970,1008.52,19.5469,101.156,100.969,14.7188,15.3281,653.865,41.25,1.196,0.792001,1.884,93,0.784314,0.784314,0,0.28125,0,-5.25,-5.25,-8.25
74.404,0,0,0,0,1.08844,0.99997,1,0,1,1,0.968507,0,0.953126,1.8877,0,0,4.41667,3.13889,2.94445,1188.5,970,296.523,970,1000.63,18.7734,101.156,100.969,12.5625,15.0703,653.865,41.25,1.14,0.792001,1.828,93,0.784314,0.784314,0,0.53125,0,-5.25,-5.25,-6.75
74.438,0,0,0,0,1.09943,0.99997,1,0,1,1,0.968507,0,0.953126,1.59082,0,0,4.41667,3.02778,6.27778,1171.5,970,313.477,970,1008.52,19.9688,100.992,99.9609,30.1641,15.1641,653.865,41.25,1.504,0.973335,1.768,93,0.784314,0.784314,0,-0.015625,0,-4.5,-4.5,-4.5
74.471,0,0,0,0,1.10175,0.99997,1,0,1,1,0.968507,0,0.953126,1.55078,0,0,4.19445,2.69445,3.36111,1158.25,970,293.398,970,1008.52,18.4453,100.008,99.4688,15.0469,15.2578,653.865,41.25,1.16,0.714668,1.84,93,0.784314,0.784314,0,-0.15625,0,-4.5,-4.5,-4.5
74.504,0,0,0,0,1.09528,0.99997,1,0,1,1,0.968507,0,0.953126,1.42212,0,0,4.02778,2.75,5.61112,1146.5,970,306.641,970,1000.59,19.4063,100.008,99.4688,27.3281,15.1406,653.475,41.25,1.432,0.749334,2.112,93,0.784314,0.784314,0,0.109375,0,-3,-3,-3
74.538,0,0,0,0,1.1062,0.99997,1,0,1,1,0.968507,0,0.953126,1.28418,0,0,3.94445,2.77778,2.02778,1147,970,290.703,970,1003.24,18.1875,99.4688,99.0469,8.74219,15.2344,653.475,41.25,1.036,0.674668,1.716,93,0.392157,0.784314,0,-0.015625,0,-5.25,-5.25,-6
74.571,0,0,0,0,1.09863,0.99997,1,0,1,1,0.976564,0,0.953126,1.20703,0,0,3.97223,2.77778,4.66667,1137,970,296.836,970,1000.59,18.6328,98.9766,98.6953,22.3125,15.1875,653.475,41.25,1.296,0.837334,1.976,93,0.784314,0.784314,0,0.03125,0,-3,-3,-3
74.604,0,0,0,0,1.1192,0.99997,1,0,1,1,0.976564,0,0.953126,1.14014,0,0,4.02778,2.83334,1.86111,1127,970,283.516,970,1008.52,17.625,98.9766,98.6953,7.80469,15.1641,653.475,41.25,1.008,0.837334,1.688,93,0.784314,0.784314,0,0.5,0,-4.5,-4.5,-4.5
74.638,0,0,0,0,1.09406,0.99997,1,0,1,1,0.982423,0,0.953126,1.10742,0,0,3.77778,2.75,6.13889,1120,970,302.734,970,1000.55,18.9844,98.6719,98.3438,30.4453,15.1172,653.475,41.25,1.476,0.954668,2.156,93,0.784314,0.784314,0,0.34375,0,-2.25,-2.25,-2.25
74.671,0,0,0,0,1.11688,0.99997,1,0,1,1,1,0,0.953126,1.08521,0,0,3.88889,2.80556,2.86111,1115.75,970,295.469,970,1005.82,18.4688,98.1094,97.9219,14.1563,14.9297,653.475,41.25,1.144,0.746668,1.84,93,0.784314,0.784314,0,0.109375,0,-4.5,-4.5,-4.5
74.704,0,0,0,0,1.10773,0.99997,1,0,1,1,1,0,0.953126,1.06885,0,0,3.77778,2.80556,3.30556,1105.25,970,290.313,970,995.313,18,98.1094,97.9219,15.0469,15.0469,653.045,41.25,1.148,0.741334,1.844,93,0.784314,0.784314,0,0.171875,0,-4.5,-4.5,-4.5
74.738,0,0,0,0,1.12903,0.99997,1,0,1,1,1,0,0.953126,1.04004,0,0,3.94445,2.86111,2.13889,1072.25,970,292.148,970,1003.24,18.0234,98.0391,96.75,10.1016,15,653.045,42,1.06,0.938668,1.74,93,0.784314,0.784314,0,0.09375,0,-4.5,-4.5,-4.5
74.771,0,0,0,0,1.12366,0.99997,1,0,1,1,1,0,0.953126,1.03394,0,0,3.72223,2.86111,5.02778,1051.25,970,303.164,970,1000.59,18.8438,96.7734,95.5547,25.3828,15.2109,653.045,42,1.38,0.890668,2.06,93,0.784314,0.784314,0,-0.109375,0,0,0,0
74.804,0,0,0,0,1.12549,0.99997,1,0,1,1,1,0,0.953126,1.02661,0,0,3.72223,2.83334,3.33334,1033.25,970,301.563,970,997.969,18.6094,96.7734,95.5547,17.7891,15.375,653.045,42,1.216,0.890668,1.896,93,0.784314,0.392157,0,0.09375,0,0,0,0
74.838,0,0,0,0,1.13171,0.99997,1,0,1,1,1,0,0.953126,1.03003,0,0,3.55556,2.86111,3.36111,1023.25,970,298.672,970,995.313,18.3281,95.4844,94.8984,16.6875,15.4453,653.045,42,1.192,0.770668,1.872,93,0.392157,0.392157,0,0.359375,0,0.75,0.75,0.75
74.871,0,0,0,0,1.1474,0.99997,1,0,1,1,1,0,0.953126,1.03198,0,0,3.66667,2.83334,4.72223,1007.5,970,310.078,970,1003.24,19.1719,94.9453,93.9609,25.9453,15.5859,653.045,42,1.408,0.909334,2.096,93,0.392157,0.392157,0,0.234375,0,2.25,2.25,2.25
74.904,0,0,0,0,1.14362,0.99997,1,0,1,1,1,0,0.953126,1.03198,0,0,3.44445,2.80556,2.27778,1003,970,298.008,970,995.313,18.1875,94.9453,93.9609,11.1563,15.7969,652.635,42,1.092,0.706668,1.78,93,0.392157,0.392157,0,0.453125,0,0.75,0.75,0.75
74.938,0,0,0,0,1.15045,0.99997,1,0,1,1,1,0,0.953126,1.03394,0,0,3.61111,2.69445,5.19445,990.5,970,313.789,970,997.969,19.3594,93.8906,93.7031,28.7109,15.6797,652.635,42,1.472,0.949335,2.16,93,0.392157,0.392157,0,0.21875,0,3.75,3.75,3.75
74.971,0,0,0,0,1.15302,0.99997,1,0,1,1,1,0,0.953126,1.03784,0,0,3.5,2.77778,2.41667,992,970,304.375,970,997.969,18.6094,93.5859,93.7031,13.1016,15.8203,652.635,42,1.148,0.744001,1.836,93,0.392157,0.392157,0,0.109375,0,-1.5,-1.5,-1.5
75.004,0,0,0,0,1.15112,0.99997,1,0,1,1,1,0,0.953126,1.04199,0,0,3.55556,2.77778,4.22223,987.25,970,310.43,970,995.313,19.0547,93.5859,93.7031,22.6641,15.75,652.635,42,1.352,0.869334,2.04,93,0.392157,0.392157,0,-0.28125,0,-0.75,-0.75,-0.75
75.038,0,0,0,0,1.16425,0.99997,1,0,1,1,1,0,0.953126,1.04395,0,0,3.44445,2.52778,3.33334,963,970,307.422,970,997.969,18.75,93.8438,93.7031,18.1406,16.125,652.635,42,1.264,0.805334,1.952,93,0.392157,0.392157,0,0,0,0.75,0.75,0.75
75.071,0,0,0,0,1.16107,0.99997,1,0,1,1,1,0,0.953126,1.0459,0,0,3.38889,2.58334,3.72223,949,970,311.953,970,992.656,19.0781,93.5625,93.7031,21.7734,16.125,652.635,42,1.34,0.813334,2.028,93,0.392157,0.392157,0,0.21875,0,0.75,0.75,0.75
75.104,0,0,0,0,1.1673,0.99997,1,0,1,1,1,0,0.953126,1.05005,0,0,3.38889,2.52778,2.44445,952.25,970,303.047,970,997.969,18.4219,93.5625,93.7031,13.1719,16.1484,652.205,42,1.156,0.864001,1.844,93,0.392157,0.392157,0,0.09375,0,-1.5,-1.5,-1.5
75.138,0,0,0,0,1.16242,0.99997,1,0,1,1,1,0,0.953126,1.06177,0,0,3.30556,2.58334,4.30556,947.25,970,313.516,970,995.273,19.1484,93.7266,93.7031,25.4063,16.2422,652.205,42,1.412,0.744001,2.1,93,0.392157,0.392157,0,0.09375,0,0,0,0
75.171,0,0,0,0,1.16107,0.99997,1,0,1,1,1,0,0.952882,1.06885,0,0,3.30556,2.47222,2.13889,947.75,970,302.539,970,992.656,18.3516,94.1016,93.7031,11.8594,16.125,652.205,42,1.128,0.728001,1.816,93,0.392157,0.392157,0,0.296875,0,-4.5,-4.5,-4.5
75.204,0,0,0,0,1.15668,0.99997,1,0,1,1,1,0,0.952882,1.07349,0,0,3.30556,2.55556,4.5,939.75,970,313.516,970,992.656,19.2422,94.1016,93.7031,25.6875,16.0781,652.205,42,1.416,0.728001,2.104,93,0.392157,0.392157,0,0.59375,0,-2.25,-2.25,-2.25
75.238,0,0,0,0,1.16107,0.99997,1,0,1,1,1,0,0.952882,1.07593,0,0,3.38889,2.5,2.30556,919.75,970,305.039,970,992.656,18.5859,93.7031,93.7031,13.6172,16.125,652.205,42.75,1.164,0.909334,1.852,93,0.392157,0.392157,0,0.171875,0,-3.75,-3.75,-3.75
75.271,0,0,0,0,1.15656,0.99997,1,0,1,1,1,0,0.953126,1.07105,0,0,3.30556,2.5,3.77778,915.25,970,310.117,970,990.039,18.9609,93.7734,93.7031,21.9844,16.1719,652.205,42.75,1.348,0.861334,2.028,93,0.392157,0.392157,0,0.140625,0,-2.25,-2.25,-2.25
75.304,0,0,0,0,1.16101,0.99997,1,0,1,1,1,0,0.953126,1.07105,0,0,3.30556,2.5,2.33334,904.75,970,303.242,970,992.617,18.3516,93.7734,93.7031,14.3906,16.4531,651.639,42.75,1.168,0.861334,1.848,93,0.392157,0.392157,0,-0.234375,0,-2.25,-2.25,-2.25
75.338,0,0,0,0,1.1546,0.99997,1,0,1,1,1,0,0.953126,1.07593,0,0,3.13889,2.55556,3.30556,902,970,304.609,970,987.383,18.4219,93.6094,93.7031,19.2656,16.5469,651.639,42.75,1.26,0.805334,1.94,93,0.392157,0.392157,0,0.046875,0,-1.5,-1.5,-1.5
75.371,0,0,0,0,1.16101,0.99997,1,0,1,1,1,0,0.952882,1.07813,0,0,3.08334,2.47222,2.88889,889.5,970,304.375,970,992.617,18.4219,93.7031,93.7031,18.2813,16.4297,651.639,42.75,1.248,0.800001,1.944,93,0.392157,0.392157,0,-0.21875,0,-1.5,-1.5,-1.5
75.404,0,0,0,0,1.16107,0.99997,1,0,1,1,1,0,0.952882,1.07593,0,0,3.08334,2.5,3.16667,891.25,970,304.336,970,992.656,18.3516,93.7031,93.7031,18.3984,16.5938,651.639,42.75,1.252,0.800001,1.948,93,0.392157,0.392157,0,-0.09375,0,-3,-3,-3
75.438,0,0,0,0,1.16101,0.99997,1,0,1,1,1,0,0.952882,1.07813,0,0,3.08334,2.47222,2.97222,885.25,970,304.688,970,992.617,18.3984,93.6094,93.7031,18.6094,16.3594,651.639,42.75,1.26,0.800001,1.956,93,0.392157,0.392157,0,0.140625,0,-3.75,-3.75,-3.75
75.471,0,0,0,0,1.15485,0.99997,1,0,1,1,1,0,0.952882,1.07813,0,0,3.02778,2.55556,3.02778,879.25,970,303.516,970,987.383,18.3047,93.7734,93.7031,17.625,16.2891,651.639,42.75,1.228,0.786668,1.924,93,0.392157,0.392157,0,0.4375,0,-3.75,-3.75,-3.75
75.504,0,0,0,0,1.15485,0.99997,1,0,1,1,1,0,0.952882,1.07813,0,0,3.02778,2.55556,3.27778,872.25,970,306.914,970,987.383,18.5156,93.7734,93.7031,20.5781,16.3828,651.131,42.75,1.296,0.786668,1.992,93,0.392157,0.392157,0,0.5,0,-3,-3,-3
75.538,0,0,0,0,1.15485,0.99997,1,0,1,1,1,0,0.952882,1.07813,0,0,3.02778,2.55556,3.05556,872.25,970,306.758,970,987.383,18.4688,93.6797,93.7031,18.4219,16.3594,651.131,42.75,1.252,0.826668,1.948,93,0.392157,0.392157,0,0.203125,0,-5.25,-5.25,-5.25
75.571,0,0,0,0,1.15485,0.99997,1,0,1,1,1,0,0.952882,1.08057,0,0,3.13889,2.55556,3.44445,881,970,310.742,970,987.383,18.7734,93.6094,93.7031,21.1406,16.2656,651.131,42.75,1.32,0.842668,2,93,0.392157,0.392157,0,0.265625,0,-5.25,-5.25,-6
75.604,0,0,0,0,1.15796,0.99997,1,0,1,1,1,0,0.952882,1.08057,0,0,3.13889,2.55556,2.97222,883.25,970,308.906,970,990.039,18.6563,93.6094,93.7031,17.5547,15.6094,651.131,42.75,1.244,0.842668,1.924,93,0.392157,0.392157,0,0,0,-5.25,-5.25,-8.25
75.638,0,0,0,0,1.15485,0.99997,1,0,1,1,1,0,0.952882,1.08301,0,0,3.08334,2.47222,3.55556,889,970,313.125,970,987.383,18.9844,93.7031,93.7031,21.4688,15.0938,651.131,43.5,1.332,0.800001,2.012,93,0.392157,0,0,0.015625,0,-5.25,-5.25,-9.75
75.671,0,0,0,0,1.15485,0.99997,1,0,1,1,1,0,0.952882,1.08301,0,0,3.13889,2.44445,2.83334,890.5,970,310.273,970,987.383,18.7734,93.4453,93.7031,17.0859,14.625,651.131,43.5,1.232,0.792001,1.9,93,0.392157,0,0,-0.21875,0,-5.25,-5.25,-11.25
75.704,0,0,0,0,1.15485,0.99997,1,0,1,1,1,0,0.952882,1.08765,0,0,3.13889,2.25,3.38889,900.75,970,312.109,970,987.383,18.8906,93.4453,93.7031,20.0156,13.9688,650.662,43.5,1.292,0.792001,1.96,93,0,0,0,-0.046875,0,-5.25,-5.25,-13.5
75.738,0,0,0,0,1.15485,0.99997,1,0,1,1,1,0,0.952882,1.09253,0,0,3.19445,2.08333,2.47222,901.5,970,305.664,970,987.383,18.4453,93.6563,93.7031,14.6016,13.5,650.662,43.5,1.176,0.826668,1.844,93,0,0,0,0.09375,0,-5.25,-5.25,-13.5
75.771,0,0,0,0,1.15485,0.99997,1,0,1,1,1,0,0.952882,1.09253,0,0,3.19445,2.05556,3.02778,915,970,304.219,970,987.383,18.3516,93.6563,93.7031,17.5078,13.5,650.662,43.5,1.224,0.784001,1.904,93,0,0,0,0.15625,0,-5.25,-5.25,-15
75.804,0,0,0,0,1.15485,0.99997,1.01199,0,1,1,1,0,0.952882,1.09741,0,0,3.19445,2,2.41667,921,970,297.5,970,987.383,17.8828,93.6563,93.7031,13.8984,13.5,650.662,43.5,1.148,0.784001,1.828,93,0,0,0,0.359375,0,-5.25,-5.25,-16.5
75.838,0,0,0,0,1.15173,0.99997,1.02664,0,1,1,1,0,0.952882,1.10498,0,0,3.08334,2,2.91667,933.25,970,296.289,970,984.727,17.8125,93.7031,93.7031,17.0859,13.5,650.662,43.5,1.212,0.736001,1.892,93,0,0,0,0.59375,0,-5.25,-5.25,-16.5
75.871,0,0,0,0,1.15173,0.99997,1.03092,0,1,1,1,0,0.952882,1.10498,0,0,3.08334,2,2.44445,943,970,290.742,970,984.727,17.4141,93.5859,93.7031,14.1328,13.5,650.662,43.5,1.148,0.736001,1.836,93,0,0,0,0.625,0,-5.25,-5.25,-17.25
75.904,0,0,0,0,1.15173,0.99997,1.03613,0,1,1,1,0,0.952882,1.11255,0,0,3.08334,1.97222,2.61111,949,970,286.875,970,984.727,17.2031,93.5859,93.7031,14.8594,13.5,650.174,43.5,1.156,0.736001,1.844,93,0,0,0,0.21875,0,-5.25,-5.25,-14.25
75.938,0,0,0,0,1.15173,0.99997,1.04324,0,1,1,1,0,0.952882,1.125,0,0,3.02778,1.94445,2.38889,954.25,970,281.172,970,984.727,16.8047,93.75,93.7031,13.4297,13.5,650.174,43.5,1.112,0.714668,1.8,93,0,0,0,0.078125,0,-5.25,-5.25,-14.25
75.971,0,0,0,0,1.15173,0.99997,1.04129,0,1,1,1,0,0.952882,1.11499,0,0,3.02778,1.94445,2.58334,966.25,970,277.305,970,984.727,16.5234,93.6094,93.7031,14.25,13.5,650.174,43.5,1.112,0.714668,1.8,93,0,0,0,-0.171875,0,-5.25,-5.25,-14.25
76.004,0,0,0,0,1.15173,0.99997,1.04837,0,1,1,1,0,0.952882,1.12256,0,0,3.02778,1.97222,2.77778,979,970,275.039,970,984.727,16.4063,93.6094,93.7031,15.0234,13.5,650.174,43.5,1.124,0.722668,1.812,93,0,0,0,0.125,0,-5.25,-5.25,-13.5
76.038,0,0,0,0,1.14868,0.99997,1.05863,0,1,1,1,0,0.952882,1.13013,0,0,2.97222,1.97222,2.44445,986.5,970,270.078,970,982.109,16.0781,93.6797,93.7031,13.125,13.5,650.174,43.5,1.084,0.698668,1.772,92.25,0,0,0,0.125,0,-5.25,-5.25,-13.5
76.071,0,0,0,0,1.15173,0.99997,1.06519,0,1,1,1,0,0.952882,1.13257,0,0,3.02778,1.97222,2.97222,999.75,970,270.391,970,984.727,16.1016,93.6094,93.7031,16.2891,13.5,650.174,43.5,1.148,0.738668,1.828,92.25,0,0,0,0.1875,0,-5.25,-5.25,-13.5
76.104,0,0,0,0,1.15173,0.99997,1.07303,0,1,1,1,0,0.952882,1.13501,0,0,3.02778,1.97222,2.5,1011.5,970,265.586,970,984.727,15.8203,93.6094,93.7031,12.9141,13.5,649.744,43.5,1.088,0.701334,1.768,92.25,0,0,0,0.484375,0,-5.25,-5.25,-14.25
76.138,0,0,0,0,1.14868,0.99997,1.08615,0,1,1,1,0,0.952882,1.14282,0,0,3.02778,2.05556,2.61111,1031,970,261.289,970,982.109,15.6094,93.6328,94.5703,13.8516,13.5,649.744,43.5,1.108,0.722668,1.788,93,0,0,0,0.46875,0,-5.25,-5.25,-12
76.171,0,0,0,0,1.14868,0.99997,1.09613,0,1,1,1,0,0.952882,1.1482,0,0,3.02778,2.11111,2.69445,1042.75,970,258.789,970,982.109,15.4219,94.3125,95.25,13.9688,13.5,649.744,43.5,1.108,0.714668,1.788,93,0,0,0,0.375,0,-5.25,-5.25,-15
76.204,0,0,0,0,1.15173,0.99997,1.10336,0,1,1,1,0,0.952882,1.14551,0,0,3.02778,2.19445,2.97222,1056.5,970,258.242,970,984.688,15.3984,94.3125,95.25,15.0703,13.5,649.744,43.5,1.128,0.714668,1.808,93,0,0.392157,0,0.296875,0,-5.25,-5.25,-15
76.238,0,0,0,0,1.14868,0.99997,1.11466,0,1,1,1,0,0.952882,1.14551,0,0,3.08334,2.36111,2.72222,1067.25,970,254.688,970,982.109,15.1875,95.2266,95.7656,13.0313,13.5,649.744,43.5,1.084,0.701334,1.764,93,0,0.392157,0,0.15625,0,-5.25,-5.25,-15
76.271,0,0,0,0,1.14868,0.99997,1.12686,0,1,1,1,0,0.952882,1.15357,0,0,3.08334,2.36111,3.19445,1075.5,970,255.742,970,982.109,15.2813,95.6953,96.4453,15.8906,13.5,649.744,43.5,1.152,0.744001,1.832,93,0.392157,0.392157,0,-0.03125,0,-5.25,-5.25,-15
76.304,0,0,0,0,1.14868,0.99997,1.134,0,1,1,1,0,0.952882,1.15088,0,0,3.13889,2.77778,3.11111,1087,970,255.664,970,982.109,15.3281,95.6953,96.4453,15.2344,13.5,649.354,43.5,1.14,0.736001,1.82,93,0.392157,0.392157,0,0.203125,0,-5.25,-5.25,-15.75
76.338,0,0,0,0,1.14868,0.99997,1.14786,0,1,1,1,0,0.952882,1.1565,0,0,3.30556,2.72222,3.33334,1114.75,970,261.133,970,982.109,15.8438,96.3281,97.5,15.8203,13.5,649.354,44.25,1.196,0.800001,1.876,93,0.392157,0.392157,0,0.359375,0,-5.25,-5.25,-16.5
76.371,0,0,0,0,1.14868,0.99997,1.15622,0,1,1,1,0,0.952882,1.15918,0,0,3.38889,2.72222,3.33334,1131.75,970,260.664,970,982.109,15.7969,97.4531,98.5078,15.5391,13.5,649.354,44.25,1.204,0.778668,1.908,93,0.392157,0.392157,0,0.328125,0,-5.25,-5.25,-18
76.404,0,0,0,0,1.14868,0.99997,1.17304,0,1,1,1,0,0.952882,1.17822,0,0,3.44445,2.72222,3.75,1143.75,970,262.852,970,982.109,16.0547,97.4531,98.5078,17.25,13.5,649.354,44.25,1.252,0.810668,1.956,93,0.392157,0.392157,0,0.421875,0,-5.25,-5.25,-16.5
76.438,0,0,0,0,1.14868,0.99997,1.18292,0,1,1,1,0,0.952882,1.18091,0,0,3.5,2.72222,3.55556,1180.25,970,260.703,970,982.109,16.0078,98.4375,99.5625,15.8438,13.5,649.354,44.25,1.244,0.784001,1.948,92.25,0.392157,0.392157,0,0.203125,0,-5.25,-5.25,-19.5
76.471,0,0,0,0,1.14868,0.99997,1.19104,0,1,1,1,0,0.953126,1.18653,0,0,3.55556,2.72222,3.25,1195.25,970,258.047,970,982.109,15.8203,99.4453,100.828,14.2734,13.5,649.354,44.25,1.22,0.789334,1.908,92.25,0.392157,0.392157,0,0.015625,0,-5.25,-5.25,-18.75
76.504,0,0,0,0,1.14868,0.99997,1.20603,0,1,1,1,0,0.953126,1.20703,0,0,3.61111,2.72222,3.33334,1219.5,970,255.781,970,982.109,15.7734,99.4453,100.828,14.3438,13.5,649.002,44.25,1.228,0.794668,1.916,92.25,0.392157,0.392157,0,-0.109375,0,-5.25,-5.25,-18.75
76.538,0,0,0,0,1.14868,0.99997,1.21954,0,1,1,1,0,0.953126,1.21753,0,0,3.66667,2.72222,3.27778,1259.25,970,252.344,970,982.109,15.5156,101.063,102.445,13.6406,13.5,649.002,44.25,1.22,0.813334,1.908,93,0.392157,0.392157,0,0.09375,0,-5.25,-5.25,-18.75
76.571,0,0,0,0,1.14868,0.99997,1.22369,0,1,1,1,0,0.953126,1.2107,0,0,3.72223,2.72222,3.5,1280,970,250.508,970,982.109,15.375,102.539,103.922,14.3203,13.5,649.002,44.25,1.228,0.794668,1.908,93,0.392157,0.784314,0,0.109375,0,-4.5,-4.5,-17.25
76.604,0,0,0,0,1.14868,0.99997,1.23212,0,1,1,1,0,0.953126,1.2107,0,0,3.72223,2.80556,3.36111,1322.5,970,245.508,970,982.109,15,102.539,103.922,13.3125,13.5,649.002,44.25,1.208,0.792001,1.888,93,0.392157,0.784314,0,0.140625,0,-4.5,-4.5,-17.25
76.638,0,0,0,0,1.14868,0.99997,1.24265,0,1,1,1,0,0.953126,1.20362,0,0,3.72223,2.83334,3.33334,1343,970,242.422,970,982.109,14.7656,104.016,105.492,12.9844,13.5,649.002,44.25,1.2,0.765334,1.88,92.25,0.784314,0.784314,0,-0.078125,0,-3.75,-3.75,-16.5
76.671,0,0,0,0,1.14868,0.99997,1.25,0,1,1,1,0,0.953126,1.19458,0,0,3.77778,3.05556,3.69445,1383.75,970,239.414,970,982.109,14.5313,105.633,107.719,13.9688,13.5,649.002,44.25,1.216,0.776001,1.896,92.25,0.784314,0.784314,0,-0.234375,0,-3.75,-3.75,-16.5
76.704,0,0,0,0,1.14868,0.99997,1.25,0,1,1,1,0,0.953126,1.17822,0,0,3.77778,3.22222,3.75,1403,970,238.594,970,982.109,14.4609,105.633,107.719,13.9922,13.5,648.69,44.25,1.216,0.776001,1.896,92.25,0.784314,0.784314,0,-0.25,0,-3,-3,-16.5
76.738,0,0,0,0,1.14868,0.99997,1.25,0,1,1,1,0,0.953126,1.1565,0,0,3.88889,3.33334,3.91667,1441.75,970,237.852,970,982.109,14.3906,107.789,109.125,14.2266,13.5,648.69,44.25,1.224,0.768001,1.904,93,0.784314,1.17647,0,-0.328125,0,-3,-3,-16.5
76.771,0,0,0,0,1.14868,0.99997,1.25,0,1,1,1,0,0.953126,1.14014,0,0,3.94445,3.38889,3.88889,1480.75,970,235.82,970,982.109,14.1797,108.961,110.555,13.7344,13.5,648.69,44.25,1.204,0.752001,1.908,93,1.17647,1.17647,0,-0.078125,0,-2.25,-2.25,-16.5
76.804,0,0,0,0,1.14557,0.99997,1.25,0,1,1,1,0,0.953126,1.12012,0,0,3.97223,3.52778,3.91667,1497.5,970,235.977,970,979.453,14.2031,108.961,110.555,14.2969,13.5,648.69,44.25,1.224,0.749334,1.928,93,1.17647,1.17647,0,-0.046875,0,-2.25,-2.25,-16.5
76.838,0,0,0,0,1.14557,0.99997,1.25,0,1,1,1,0,0.953126,1.08765,0,0,4.08334,3.58334,4.19445,1524.75,970,237.5,970,979.453,14.2969,110.672,112.383,14.1563,13.5,648.69,44.25,1.232,0.786668,1.936,92.25,1.17647,1.17647,0,-0.203125,0,-2.25,-2.25,-16.5
76.871,0,0,0,0,1.14868,0.99997,1.25,0,1,1,1,0,0.953126,1.05689,0,0,4.19445,3.97223,4.16667,1558,970,237.227,970,982.109,14.25,112.406,113.906,13.7109,13.5,648.69,44.25,1.208,0.776001,1.896,92.25,1.56863,1.17647,0,-0.515625,0,-1.5,-1.5,-16.5
76.904,0,0,0,0,1.14862,0.99997,1.25,0,1,1,1,0,0.953126,1.04199,0,0,4.19445,3.94445,4.63889,1578.25,970,239.492,970,982.07,14.4141,112.406,113.906,15.7734,13.5,648.338,44.25,1.288,0.741334,1.976,92.25,1.56863,1.17647,0,-0.703125,0,-1.5,-1.5,-16.5
76.938,0,0,0,0,1.14557,0.99997,1.25,5,1,1,1,0,0.953126,1.03394,0,0,4.36111,3.94445,4.22223,1618.25,970,238.555,970,979.453,14.3203,114.047,116.719,13.4063,13.5,648.338,44.25,1.216,0.746668,1.904,92.25,1.56863,1.17647,0,-0.25,0,-1.5,-1.5,-16.5
76.971,0,0,0,0,1.14868,0.99997,1.25,5,1,1,1,0,0.953126,1.02661,0,0,4.52778,3.97223,4.63889,1655.5,970,239.414,970,982.109,14.3906,117.328,119.391,14.4141,13.5,648.338,44.25,1.248,0.768001,1.928,92.25,1.56863,1.56863,0,-0.171875,0,-0.75,-0.75,-16.5
77.004,0,0,0,0,1.14868,0.99997,1.25,5,1,1,1,0,0.953126,1.02002,0,0,4.58334,3.97223,4.27778,1695,970,236.25,970,982.109,14.25,117.328,119.391,13.0547,13.5,648.338,44.25,1.2,0.757334,1.88,92.25,1.56863,1.56863,0,-0.09375,0,-0.75,-0.75,-16.5
77.038,0,0,0,0,1.14862,0.99997,1.25,5,1,1,1,0,0.953126,1.01148,0,0,4.63889,4.05556,4.63889,1734.5,970,235.898,970,982.07,14.3438,120.023,122.25,14.3672,13.5,648.338,44.25,1.248,0.754668,1.928,93,1.56863,1.56863,0,-0.609375,0,0,0,-15
77.071,0,0,0,0,1.14868,0.99997,1.25,5,1,1,1,0,0.953371,1.00488,0,0,4.72223,4.16667,4.47223,1775.25,970,231.758,970,982.109,14.0391,122.695,125.273,12.9609,13.5,648.338,44.25,1.176,0.730668,1.864,93,1.56863,1.56863,0,-0.671875,0,0,0,-14.25
77.104,0,0,0,0,1.14557,0.99997,1.25,5,1,1,1,0,0.953371,1.00366,0,0,4.77778,4.41667,4.66667,1813.5,970,230.664,970,979.453,14.0391,122.695,125.273,13.8047,13.5,647.986,44.25,1.192,0.746668,1.88,93,1.96079,1.56863,0,-0.59375,0,0.75,0.75,-13.5
77.138,0,0,0,0,1.14557,0.99997,1.25,5,1,1,1,0,0.953371,1.00366,0,0,4.83334,4.41667,4.91667,1850.25,970,230.391,970,979.453,14.1328,125.508,128.32,14.0859,13.5,647.986,44.25,1.208,0.741334,1.896,93,1.96079,1.56863,0,-0.109375,0,0.75,0.75,-11.25
77.171,0,0,0,0,1.14868,0.99997,1.25,5,1,1,1,0,0.953371,1.00366,0,0,5,4.41667,4.72223,1890.75,970,227.344,970,982.109,13.8984,128.344,131.484,12.5859,13.5,647.986,44.25,1.156,0.720001,1.836,93,1.96079,1.96079,0,-0.140625,0,0.75,0.75,-12
77.204,0,0,0,0,1.14557,0.99997,1.25,5,1,1,1,0,0.953371,1.00366,0,0,5,4.55556,4.69445,1928.75,970,224.492,970,979.453,13.7813,128.344,131.484,12.9141,13.5,647.986,44.25,1.156,0.730668,1.836,93,1.96079,1.96079,0,-0.53125,0,1.5,1.5,-9
77.238,0,0,0,0,1.14557,0.99997,1.25,5,1,1,1,0,0.953371,1.00366,0,0,5.11112,4.66667,4.94445,1987.25,970,221.914,970,979.453,13.6875,131.227,134.531,13.1016,13.5,647.986,44.25,1.156,0.730668,1.836,93,1.96079,1.96079,0,-0.78125,0,1.5,1.5,-7.5
77.271,0,0,0,0,1.14557,0.99997,1.25,5,1,1,1,0,0.953371,0.982423,0,0,5.16667,4.86111,4.91667,2025,970,219.18,970,979.453,13.5469,133.922,137.953,12.8906,13.5,647.986,44.25,1.136,0.704001,1.816,93,1.96079,1.96079,0,-0.46875,0,2.25,2.25,-5.25
77.304,0,0,0,0,1.14557,0.99997,1.24814,5,1,1,1,0,0.953371,0.954835,0,0,5.22223,4.86111,5.02778,2057,970,217.031,970,979.453,13.3828,133.922,137.953,12.9141,14.25,647.635,44.25,1.128,0.701334,1.808,93,1.96079,2.35294,0,-0.453125,0,2.25,2.25,-5.25
77.338,0,0,0,0,1.14557,0.99997,1.25,5,1,1,1,0,0.953371,0.946046,0,0,5.27778,4.86111,5.02778,2088.75,970,215.352,970,979.453,13.1719,136.078,141.797,12.6563,14.25,647.635,44.25,1.124,0.706668,1.804,93,2.35294,2.35294,0,-0.78125,0,2.25,2.25,-5.25
77.371,0,0,0,0,1.14465,0.99997,1.24689,5,1,1,1,0,0.953371,0.941164,0,0,5.27778,5.58334,5.91667,2133.75,970,216.602,970,979.453,13.2422,139.898,144.281,14.5547,14.25,647.635,44.25,1.16,0.693334,1.864,93,2.7451,2.7451,0,-0.859375,0,2.25,2.25,-4.5
77.404,0,0,0,0,1.14533,0.99997,1.24249,5,1,1,1,0,0.953371,0.937501,0,0,5.41667,5.55556,5.88889,2162.5,970,219.727,970,979.453,13.4766,139.898,144.281,14.2734,14.25,647.635,44.25,1.168,0.725334,1.872,93,2.7451,2.7451,0,-0.765625,0,2.25,2.25,-5.25
77.438,0,0,0,0,1.14557,0.99997,1.23789,5,1,1,1,0,0.953371,0.938722,0,0,5.58334,5.66667,5.88889,2214.5,970,221.914,970,979.453,13.5703,141.844,147.961,13.9453,14.25,647.635,44.25,1.156,0.722668,1.836,93,2.7451,2.7451,0,-0.28125,0,2.25,2.25,-5.25
77.471,0,0,0,0,1.14557,0.99997,1.23383,5,1,1,0.958986,0,0.953859,0.939943,0,0,5.75,5.66667,5.75,2246.25,970,221.758,970,979.453,13.5469,145.336,151.664,13.3828,14.25,647.635,44.25,1.14,0.709334,1.82,93,2.7451,2.7451,0,-0.90625,0,2.25,2.25,-4.5
77.504,0,0,0,0,1.14557,0.99997,1.23157,5,1,1,0.958986,0,0.953859,0.943605,0,0,5.75,5.88889,5.91667,2274.25,970,221.992,970,979.453,13.4766,145.336,151.664,13.6172,14.25,647.42,44.25,1.14,0.706668,1.82,93,3.13726,3.13726,0,-0.703125,0,3,3,-4.5
77.538,0,0,0,0,1.14557,0.99997,1.23123,5,1,1,0.928224,0,0.953859,0.951173,0,0,5.91667,5.91667,5.88889,2323.75,970,222.422,970,979.453,13.4531,148.922,154.313,13.2656,14.25,647.42,44.25,1.132,0.706668,1.812,93,3.13726,3.13726,0,-0.421875,0,3,3,-4.5
77.571,0,0,0,0,1.14545,0.99997,1.22974,5,1,1,0.901124,0,0.928224,0.952394,0,0,6,6.08334,6.16667,2372,970,222.539,970,979.453,13.3828,151.5,158.273,13.5938,14.25,647.42,44.25,1.16,0.728001,1.856,93,3.13726,3.13726,0,-0.78125,0,3,3,-6
77.604,0,0,0,0,1.14557,0.99997,1.23041,5,1,1,0.901124,0,0.928224,0.954835,0,0,6.05556,6.08334,6.16667,2401.5,970,222.891,970,979.453,13.4063,151.5,158.273,13.4297,14.25,647.42,44.25,1.16,0.728001,1.856,93,3.13726,3.13726,0,-0.875,0,3,3,-6
77.638,0,0,0,0,1.14557,0.99997,1.23224,5,1,1,0.880861,0,0.928224,0.958498,0,0,6.11112,6.11112,6.33334,2451.25,970,223.008,970,979.453,13.3359,155.414,161.953,13.5234,14.25,647.42,44.25,1.168,0.722668,1.864,92.25,3.13726,3.52941,0,-0.453125,0,3,3,-5.25
77.671,0,0,0,0,1.14557,0.99997,1.23489,5,1,1,0.865724,0,0.880861,0.962404,0,0,6.33334,6.27778,6.47223,2492.5,970,224.219,970,979.453,13.3359,159.117,165.891,13.5938,14.25,647.42,44.25,1.236,0.776001,1.916,92.25,3.13726,3.52941,0,-0.4375,0,3,3,-6.75
77.704,0,0,0,0,1.14551,0.99997,1.23615,4,1,1,0.865724,0,0.880861,0.963625,0,0,6.33334,6.38889,6.50001,2503.25,970,224.414,970,979.453,13.3594,159.117,165.891,13.5938,14.25,647.342,44.25,1.236,0.762668,1.916,92.25,3.52941,3.52941,0,-0.875,0,3,3,-6.75
77.738,0,0,0,0,1.14557,0.99997,1,4,1,1,0.854494,0,0.880861,0.963625,0,0,6.38889,6.58334,6.66667,2484.75,970,227.422,970,979.453,13.5703,163.172,166.852,14.0391,14.25,647.342,44.25,1.02,0.776001,1.7,92.25,3.52941,3.52941,0,-0.90625,0,3,3,-7.5
77.771,0,0,0,0,1.14557,0.99997,1,4,1,1,0.845949,0,1.04688,0.959962,0,0,6.44445,6.58334,6.80556,2467.5,970,229.961,970,979.453,13.7578,164.344,164.977,14.4375,14.25,647.342,44.25,0.9,0.544001,1.58,92.25,3.52941,3.52941,0,-0.84375,0,3,3,48.75
77.804,0,0,0,0,1.14557,0.99997,1,4,1,1,0.845949,0,1.04688,0.958498,0,0,6.50001,6.58334,6.83334,2456,970,233.125,970,979.453,14.0625,164.344,164.977,14.5547,14.25,647.342,44.25,0.9,0.552001,1.58,92.25,3.52941,3.52941,0,-0.59375,0,3,3,48.75
77.838,0,0,0,0,1.14557,0.99997,1,4,1,1,0.839601,0,1.04688,0.949953,0,0,6.55556,6.61112,6.72223,2463.25,970,233.438,970,979.453,14.0859,162.609,164.344,14.2734,14.25,647.342,44.25,0.9,0.544001,1.588,92.25,3.52941,3.52941,0,-0.96875,0,3,3,48.75
77.871,0,0,0,0,1.14557,0.99997,1,4,1,1,0.834718,0,1.04688,0.941164,0,0,6.63889,6.61112,7.00001,2468.25,970,235.352,970,979.453,14.2266,161.953,165.023,14.8359,14.25,647.342,44.25,0.904,0.562667,1.592,92.25,3.52941,3.52941,0,-0.890625,0,3,3,48.75
77.904,0,0,0,0,1.14557,0.99997,1,4,1,1,0.834718,0,1.04688,0.959962,0,0,6.69445,6.61112,6.86112,2464,970,236.758,970,979.453,14.3203,161.953,165.023,14.7188,14.25,645.213,44.25,0.904,0.565334,1.592,92.25,3.52941,3.52941,0,-0.453125,0,3,3,48.75
77.938,0,0,0,0,1.14862,0.99997,1,4,1,1,0.831056,0,1.04688,1.03198,0,0,6.75001,6.63889,7.05556,2452.75,970,238.555,970,982.07,14.4844,162.68,164.531,14.5313,14.25,645.213,44.25,0.904,0.570667,1.592,93,3.52941,3.52941,0,-0.734375,0,3,3,48.75
77.971,0,0,0,0,1.14868,0.99997,1,4,1,1,0.82837,0,1.04688,1.1565,0,0,6.75001,6.61112,7.11112,2450.25,970,239.453,970,982.109,14.5547,162.281,163.945,14.8828,14.25,645.213,44.25,0.916,0.570667,1.596,93,3.52941,3.52941,0,-1.14063,0,3,3,48.75
78.004,0,0,0,0,1.14868,0.99997,1,4,1,1,0.82837,0,1.04688,1.35083,0,0,6.75001,6.63889,7.05556,2449.5,970,240.313,970,982.109,14.625,162.281,163.945,14.9297,14.25,645.213,44.25,0.916,0.565334,1.596,93,3.52941,3.52941,0,-0.828125,0,3,3,48.75
78.038,0,0,0,0,1.14868,0.99997,1,4,1,1,0.826417,0,1.04688,1.75196,0,0,6.80556,6.63889,6.91667,2446.5,970,241.055,970,982.109,14.6953,161.695,163.922,14.7422,14.25,645.213,44.25,0.916,0.570667,1.596,93,3.52941,3.52941,0,-0.75,0,3,3,48.75
78.071,0,0,0,0,1.15173,0.99997,1,4,1,1,0.824952,0,1.04688,2.29444,0,0,6.75001,6.61112,6.77778,2439.75,970,239.258,970,984.727,14.5547,161.695,163.453,14.0391,14.25,645.213,44.25,0.9,0.557334,1.58,93,3.52941,3.52941,0,-0.9375,0,3,3,48.75
78.104,0,0,0,0,1.15143,0.99997,1,4,1,1,0.824952,0,1.04688,2.64649,0,0,6.69445,6.61112,7.05556,2435.5,970,239.102,970,984.727,14.5547,161.695,163.453,14.8828,14.25,643.123,44.25,0.916,0.557334,1.596,93,3.52941,3.52941,0,-0.6875,0,3,3,48.75
78.138,0,0,0,0,1.15173,0.99997,1,4,1,1,0.823732,0,1.04688,3.26417,0,0,6.75001,6.58334,6.86112,2433.25,970,239.609,970,984.727,14.6016,161.25,163.031,14.6484,14.25,643.123,44.25,0.912,0.570667,1.592,92.25,3.52941,3.52941,0,-0.46875,0,3,3,48
78.171,0,0,0,0,1.15173,0.99997,1,4,1,1,0.822755,0,1.04688,3.69483,0,0,6.75001,6.55556,6.94445,2431.5,970,240.117,970,984.727,14.625,160.852,162.891,14.9063,14.25,643.123,44.25,0.916,0.570667,1.596,92.25,3.52941,3.52941,0,-1.07813,0,3,3,48
78.204,0,0,0,0,1.1546,0.99997,1,4,1,1,0.822755,0,1.04688,4.16651,0,0,6.69445,6.58334,6.88889,2429.25,970,238.633,970,987.383,14.5078,160.852,162.891,14.3438,14.25,643.123,44.25,0.904,0.557334,1.584,92.25,3.52941,3.52941,0,-0.953125,0,3,3,48
78.238,0,0,0,0,1.15472,0.99997,1,4,1,1,0.822267,0,1.04688,4.39991,0,0,6.69445,6.61112,7.05556,2421.25,970,239.531,970,987.383,14.6016,160.711,162.445,14.9297,14.25,643.123,44.25,0.916,0.560001,1.596,93,3.52941,3.52941,0,-0.59375,0,3,3,48
78.271,0,0,0,0,1.15485,0.99997,1,4,1,1,0.821779,0,1.04688,4.59986,0,0,6.69445,6.52778,6.94445,2417,970,240.43,970,987.383,14.6719,160.289,162,14.8828,14.25,643.123,44.25,0.92,0.570667,1.6,93,3.52941,3.52941,0,-0.78125,0,3,3,48
78.304,0,0,0,0,1.15485,0.99997,1,4,1,1,0.821779,0,1.04688,4.79981,0,0,6.75001,6.52778,6.77778,2416,970,240.586,970,987.383,14.6953,160.289,162,14.6016,14.25,641.014,44.25,0.916,0.576001,1.596,93,3.52941,3.52941,0,-1.29688,0,3,3,48
78.338,0,0,0,0,1.15485,0.99997,1,4,1,1,0.82129,0,1.04688,5.00001,0,0,6.69445,6.47223,6.94445,2413.5,970,240.313,970,987.383,14.6719,159.82,161.813,15.0234,14.25,641.014,44.25,0.924,0.570667,1.604,93,3.52941,3.52941,0,-0.578125,0,3,3,48
78.371,0,0,0,0,1.15796,0.99997,1,4,1,1,0.821046,0,1.04688,5.00001,0,0,6.69445,6.50001,6.83334,2407.75,970,239.453,970,990.039,14.6016,159.633,161.391,14.3906,14.25,641.014,44.25,0.908,0.562667,1.588,93,3.52941,3.52941,0,-0.453125,0,3,3,48
78.404,0,0,0,0,1.15796,0.99997,1,4,1,1,0.821046,0,1.04688,5.00001,0,0,6.63889,6.52778,6.91667,2403.25,970,239.688,970,990.039,14.625,159.633,161.391,14.7891,14.25,641.014,44.25,0.916,0.568001,1.596,93,3.52941,3.52941,0,-1.07813,0,3,3,48
78.438,0,0,0,0,1.15796,0.99997,1,4,1,1,0.821046,0,1.04688,5.00001,0,0,6.69445,6.50001,6.72223,2402.5,970,240.156,970,990.039,14.6719,159.188,161.109,14.5313,14.25,641.014,44.25,0.912,0.576001,1.592,92.25,3.52941,3.13726,0,-0.953125,0,3,3,48
78.471,0,0,0,0,1.15796,0.99997,1,4,1,1,0.820802,0,1.04688,5.00001,0,0,6.69445,6.41667,6.88889,2397.5,970,241.289,970,990.039,14.7656,158.906,160.758,15,14.25,641.014,44.25,0.924,0.576001,1.604,92.25,3.52941,3.13726,0,-0.8125,0,3,3,48
78.504,0,0,0,0,1.16107,0.99997,1,4,1,1,0.820802,0,1.04688,5.00001,0,0,6.69445,6.41667,6.91667,2393.75,970,240.508,970,992.656,14.7188,158.906,160.758,14.625,14.25,638.924,44.25,0.916,0.568001,1.596,92.25,3.13726,3.13726,0,-0.671875,0,3,3,48
78.538,0,0,0,0,1.15796,0.99997,1,4,1,1,0.820558,0,1.04688,5.00001,0,0,6.63889,6.38889,6.86112,2390,970,239.883,970,990.039,14.6719,158.531,160.43,14.8125,14.25,638.924,44.25,0.92,0.570667,1.6,93,3.13726,3.13726,0,-1.125,0,3,3,48
78.571,0,0,0,0,1.16107,0.99997,1,4,1,1,0.820558,0,1.04688,5.00001,0,0,6.69445,6.41667,7.00001,2384.75,970,241.836,970,992.656,14.8359,158.18,160.008,15.1641,14.25,638.924,44.25,0.936,0.576001,1.624,93,3.13726,3.13726,0,-1,0,3,3,48
78.604,0,0,0,0,1.16107,0.99997,1,4,1,1,0.820558,0,1.04688,5.00001,0,0,6.69445,6.41667,6.91667,2383,970,242.422,970,992.656,14.8828,158.18,160.008,15.0703,14.25,638.924,44.25,0.932,0.578667,1.62,93,3.13726,3.13726,0,-0.71875,0,3,3,48
78.638,0,0,0,0,1.16107,0.99997,1,4,1,1,0.820558,0,1.04688,5.00001,0,0,6.75001,6.38889,7.05556,2378.25,970,243.984,970,992.656,15,157.758,159.844,15.4688,14.25,638.924,44.25,0.948,0.586667,1.636,92.25,3.13726,3.13726,0,-0.734375,0,3,3,48
78.671,0,0,0,0,1.16412,0.99997,1,4,1,1,0.820558,0,1.04688,5.00001,0,0,6.75001,6.41667,6.77778,2373.5,970,242.969,970,995.273,14.9297,157.57,159.445,14.3438,14.25,638.924,44.25,0.916,0.578667,1.584,92.25,3.13726,3.13726,0,-0.828125,0,3,3,48.75
78.704,0,0,0,0,1.16107,0.99997,1,4,1,1,0.820558,0,1.04688,5.00001,0,0,6.75001,6.38889,6.91667,2372.25,970,244.18,970,992.656,15.0234,157.57,159.445,15.3516,14.25,636.834,44.25,0.948,0.589334,1.616,92.25,3.13726,3.13726,0,-0.953125,0,3,3,48
78.738,0,0,0,0,1.16107,0.99997,1,4,1,1,0.820314,0,1.04688,5.00001,0,0,6.69445,6.38889,6.86112,2367.75,970,242.734,970,992.656,14.9063,157.148,159.211,14.8594,14.25,636.834,44.25,0.924,0.573334,1.592,92.25,3.13726,3.13726,0,-0.75,0,3,3,48
78.771,0,0,0,0,1.16419,0.99997,1,4,1,1,0.820314,0,1.04688,5.00001,0,0,6.69445,6.38889,6.83334,2363.5,970,243.359,970,995.313,14.9297,156.539,158.789,14.9063,14.25,636.834,44.25,0.928,0.576001,1.608,92.25,3.13726,3.13726,0,-1,0,3,3,48
78.804,0,0,0,0,1.16419,0.99997,1,4,1,1,0.820314,0,1.04688,5.00001,0,0,6.69445,6.38889,6.86112,2361.25,970,243.594,970,995.313,14.9531,156.539,158.789,15.0703,14.25,636.834,44.25,0.932,0.584001,1.612,92.25,3.13726,3.13726,0,-1.01563,0,3,3,48
78.838,0,0,0,0,1.16419,0.99997,1,4,1,1,0.820314,0,1.04688,5.00001,0,0,6.69445,6.33334,6.83334,2357.5,970,244.18,970,995.313,15,156.445,158.484,15.1172,14.25,636.834,44.25,0.936,0.581334,1.616,92.25,3.13726,3.13726,0,-0.53125,0,3,3,48
78.871,0,0,0,0,1.16419,0.99997,1,4,1,1,0.820314,0,1.04688,5.00001,0,0,6.63889,6.33334,6.61112,2354.75,970,242.422,970,995.313,14.8828,156.117,158.18,15.3281,14.25,636.834,44.25,0.944,0.568001,1.624,92.25,3.13726,3.13726,0,-0.734375,0,3,3,48
78.904,0,0,0,0,1.1673,0.99997,1,4,1,1,0.820314,0,1.04688,5.00001,0,0,6.63889,6.33334,6.55556,2349.5,970,241.602,970,997.969,14.8125,156.117,158.18,14.2031,14.25,634.783,44.25,0.912,0.576001,1.592,92.25,3.13726,3.13726,0,-0.96875,0,3,3,48
78.938,0,0,0,0,1.1673,0.99997,1,4,1,1,0.820314,0,1.04688,5.00001,0,0,6.55556,6.30556,6.58334,2344,970,239.883,970,997.969,14.6953,155.766,157.734,14.5313,14.25,634.783,43.5,0.916,0.570667,1.596,92.25,3.13726,3.13726,0,-0.734375,0,3,3,47.25
78.971,0,0,0,0,1.1673,0.99997,1,4,1,1,0.820314,0,1.04688,5.00001,0,0,6.55556,6.30556,6.58334,2342.75,970,239.805,970,997.969,14.6953,155.297,157.477,14.6016,14.25,634.783,43.5,0.916,0.570667,1.596,92.25,3.13726,3.13726,0,-0.5625,0,3,3,47.25
79.004,0,0,0,0,1.1673,0.99997,1,4,1,1,0.820314,0,1.04688,5.00001,0,0,6.55556,6.27778,6.50001,2339.25,970,238.867,970,997.969,14.625,155.297,157.477,14.5078,14.25,634.783,43.5,0.912,0.568001,1.592,92.25,3.13726,3.13726,0,-0.671875,0,3,3,47.25
79.038,0,0,0,0,1.1673,0.99997,1,4,1,1,0.820314,0,1.04688,5.00001,0,0,6.55556,6.30556,6.86112,2332.75,970,241.523,970,997.969,14.8359,155.016,157.148,15.3984,14.25,634.783,43.5,0.936,0.584001,1.616,92.25,3.13726,3.13726,0,-0.921875,0,3,3,47.25
79.071,0,0,0,0,1.17011,0.99997,1,4,1,1,0.820314,0,1.04688,5.00001,0,0,6.50001,6.33334,6.36112,2330.25,970,238.828,970,1000.59,14.625,154.664,156.727,13.8047,14.25,634.783,43.5,0.9,0.557334,1.58,92.25,3.13726,3.13726,0,-0.59375,0,3,3,47.25
79.104,0,0,0,0,1.16669,0.99997,1,4,1,1,0.820314,0,1.04688,5.00001,0,0,6.44445,6.30556,6.58334,2329.75,970,239.18,970,997.969,14.6719,154.664,156.727,15.1172,14.25,632.733,43.5,0.924,0.562667,1.604,92.25,3.13726,3.13726,0,-0.5625,0,3,3,47.25
79.138,0,0,0,0,1.17023,0.99997,1,4,1,1,0.820314,0,1.04688,5.00001,0,0,6.50001,6.27778,6.55556,2324.25,970,238.477,970,1000.59,14.6016,154.195,156.516,14.5313,14.25,632.733,43.5,0.908,0.562667,1.588,92.25,3.13726,3.13726,0,-0.828125,0,3,3,47.25
79.171,0,0,0,0,1.17023,0.99997,1,4,1,1,0.820314,0,1.04688,5.00001,0,0,6.44445,6.22223,6.41667,2320.25,970,238.359,970,1000.55,14.6016,153.961,156.117,14.2031,14.25,632.733,43.5,0.904,0.576001,1.584,92.25,3.13726,3.13726,0,-1.10938,0,3,3,47.25
79.204,0,0,0,0,1.17035,0.99997,1,4,1,1,0.820314,0,1.04688,5.00001,0,0,6.44445,6.25,6.55556,2317,970,238.32,970,1000.59,14.6016,153.961,156.117,14.6719,14.25,632.733,43.5,0.916,0.568001,1.596,92.25,3.13726,3.13726,0,-0.5,0,3,3,47.25
79.238,0,0,0,0,1.17035,0.99997,1,4,1,1,0.820314,0,1.04688,5.00001,0,0,6.44445,6.19445,6.36112,2313.25,970,238.047,970,1000.59,14.6016,153.563,155.883,14.3203,14.25,632.733,43.5,0.904,0.568001,1.584,92.25,3.13726,3.13726,0,-0.6875,0,3,3,47.25
79.271,0,0,0,0,1.17035,0.99997,1,4,1,1,0.820314,0,1.04688,5.00001,0,0,6.38889,6.25,6.47223,2309.5,970,238.047,970,1000.59,14.6016,153.258,155.602,14.6484,14.25,632.733,43.5,0.912,0.568001,1.6,92.25,3.13726,3.13726,0,-1.25,0,3,3,47.25
79.304,0,0,0,0,1.17035,0.99997,1,4,1,1,0.820314,0,1.04688,5.00001,0,0,6.38889,6.25,6.19445,2306.75,970,236.797,970,1000.59,14.5078,153.258,155.602,14.0625,14.25,630.76,43.5,0.9,0.562667,1.588,92.25,3.13726,3.13726,0,-0.75,0,3,3,47.25
79.338,0,0,0,0,1.17035,0.99997,1,4,1,1,0.820314,0,1.04688,5.00001,0,0,6.38889,6.19445,6.58334,2301.25,970,238.242,970,1000.59,14.625,152.953,155.086,14.9766,14.25,630.76,43.5,0.92,0.570667,1.588,92.25,3.13726,3.13726,0,-0.6875,0,3,3,47.25
79.371,0,0,0,0,1.17035,0.99997,1,4,1,1,0.820314,0,1.04688,5.00001,0,0,6.38889,6.25,6.61112,2298.5,970,238.242,970,1000.59,14.625,152.414,154.805,14.4609,14.25,630.76,43.5,0.908,0.565334,1.576,92.25,3.13726,3.13726,0,-0.796875,0,3,3,47.25
79.404,0,0,0,0,1.1734,0.99997,1,4,1,1,0.820314,0,1.04688,5.00001,0,0,6.38889,6.16667,6.52778,2295.5,970,237.656,970,1003.24,14.5781,152.414,154.805,14.5078,14.25,630.76,43.5,0.908,0.568001,1.576,92.25,3.13726,3.13726,0,-0.75,0,3,3,47.25
79.438,0,0,0,0,1.17035,0.99997,1,4,1,1,0.820314,0,1.04688,5.00001,0,0,6.33334,6.19445,6.52778,2290.75,970,238.242,970,1000.59,14.6484,152.109,154.477,15.3516,14.25,630.76,43.5,0.928,0.562667,1.616,92.25,3.13726,3.13726,0,-0.828125,0,3,3,47.25
79.471,0,0,0,0,1.1734,0.99997,1,4,1,1,0.820314,0,1.04688,5.00001,0,0,6.33334,6.16667,6.47223,2286,970,237.617,970,1003.24,14.6016,151.734,154.055,14.625,14.25,630.76,43.5,0.912,0.562667,1.6,92.25,3.13726,3.13726,0,-0.453125,0,3,3,47.25
79.504,0,0,0,0,1.1734,0.99997,1,4,1,1,0.820314,0,1.04688,5.00001,0,0,6.33334,6.22223,6.50001,2284.25,970,237.773,970,1003.24,14.6016,151.734,154.055,14.7656,14.25,628.768,43.5,0.916,0.565334,1.604,92.25,3.13726,2.7451,0,-0.78125,0,3,3,47.25
79.538,0,0,0,0,1.1734,0.99997,1,4,1,1,0.820314,0,1.04688,5.00001,0,0,6.33334,6.13889,6.11112,2281.75,970,236.211,970,1003.24,14.4844,151.266,153.867,13.9688,14.25,628.768,43.5,0.9,0.562667,1.588,92.25,2.7451,2.7451,0,-0.796875,0,3,3,47.25
79.571,0,0,0,0,1.1734,0.99997,1,4,1,1,0.820314,0,1.04688,5.00001,0,0,6.27778,6.11112,6.33334,2279.25,970,236.016,970,1003.24,14.4844,151.055,153.656,14.5078,14.25,628.768,43.5,0.9,0.562667,1.588,92.25,3.13726,2.7451,0,-0.65625,0,3,3,47.25
79.604,0,0,0,0,1.1734,0.99997,1,4,1,1,0.820314,0,1.04688,5.00001,0,0,6.22223,6.02778,6.16667,2271.25,970,235.195,970,1003.24,14.4141,151.055,153.656,14.2031,14.25,628.768,43.5,0.9,0.562667,1.588,92.25,3.13726,2.7451,0,-0.484375,0,3,3,47.25
79.638,0,0,0,0,1.1734,0.99997,1,4,1,1,0.820314,0,1.04688,5.00001,0,0,6.27778,6.11112,5.91667,2269.75,970,235.078,970,1003.24,14.4375,150.797,153.141,13.6406,14.25,628.768,43.5,0.9,0.570667,1.58,92.25,3.13726,2.7451,0,-1.20313,0,3,3,47.25
79.671,0,0,0,0,1.17297,0.99997,1,4,1,1,0.820314,0,1.04688,5.00001,0,0,6.22223,6.02778,6.47223,2267.25,970,235.039,970,1003.24,14.4141,150.258,152.93,15.0703,14.25,628.768,43.5,0.916,0.570667,1.596,92.25,3.13726,2.7451,0,-0.796875,0,3,3,47.25
79.704,0,0,0,0,1.17645,0.99997,1,4,1,1,0.820314,0,1.04688,5.00001,0,0,6.22223,6.02778,6.16667,2263.25,970,235.938,970,1005.82,14.4844,150.258,152.93,14.3438,14.25,626.834,43.5,0.904,0.573334,1.584,92.25,3.13726,2.7451,0,-0.609375,0,3,3,47.25
79.738,0,0,0,0,1.1734,0.99997,1,4,1,1,0.820314,0,1.04688,5.00001,0,0,6.16667,6.02778,6.52778,2258.5,970,236.289,970,1003.24,14.5313,150,152.602,15.2578,14.25,626.834,43.5,0.924,0.562667,1.604,92.25,2.7451,2.7451,0,-0.71875,0,3,3,47.25
79.771,0,0,0,0,1.1734,0.99997,1,4,1,1,0.820314,0,1.04688,5.00001,0,0,6.16667,6,6.08334,2255.25,970,235.117,970,1003.24,14.4609,149.648,152.203,14.3203,14.25,626.834,43.5,0.9,0.546667,1.58,92.25,2.7451,2.7451,0,-0.796875,0,2.25,2.25,46.5
79.804,0,0,0,0,1.1734,0.99997,1,4,1,1,0.820314,0,1.04688,5.00001,0,0,6.22223,6.02778,6.52778,2251.5,970,237.266,970,1003.24,14.625,149.648,152.203,15.2813,14.25,626.834,43.5,0.924,0.573334,1.604,92.25,2.7451,2.7451,0,-1.04688,0,2.25,2.25,46.5
79.838,0,0,0,0,1.17645,0.99997,1,4,1,1,0.820314,0,1.04688,5.00001,0,0,6.22223,6.05556,6.41667,2248.5,970,236.406,970,1005.86,14.5547,149.203,151.922,14.6484,14.25,626.834,43.5,0.912,0.562667,1.6,92.25,2.7451,2.7451,0,-0.328125,0,2.25,2.25,46.5
79.871,0,0,0,0,1.17645,0.99997,1,4,1,1,0.820314,0,1.04688,5.00001,0,0,6.16667,6.05556,6.30556,2243.75,970,235.977,970,1005.86,14.5313,148.898,151.523,14.5313,14.25,626.834,43.5,0.908,0.565334,1.596,92.25,2.7451,2.7451,0,-0.484375,0,2.25,2.25,46.5
79.904,0,0,0,0,1.17645,0.99997,1,4,1,1,0.820314,0,1.04688,5.00001,0,0,6.22223,6,6.58334,2239.25,970,238.594,970,1005.86,14.7188,148.898,151.523,15.1641,14.25,624.901,43.5,0.928,0.584001,1.616,92.25,2.7451,2.7451,0,-1.09375,0,2.25,2.25,46.5
79.938,0,0,0,0,1.17627,0.99997,1,4,1,1,0.820314,0,1.04688,5.00001,0,0,6.16667,5.97223,5.86112,2239.25,970,235.82,970,1005.86,14.5313,148.453,151.289,14.1797,14.25,624.901,43.5,0.9,0.554667,1.588,92.25,2.7451,2.7451,0,-0.84375,0,2.25,2.25,46.5
79.971,0,0,0,0,1.17645,0.99997,1,4,1,1,0.820314,0,1.04688,5.00001,0,0,6.22223,5.94445,6.38889,2233.75,970,237.461,970,1005.86,14.6484,148.195,151.031,14.7188,14.25,624.901,43.5,0.916,0.586667,1.604,92.25,2.7451,2.7451,0,-0.578125,0,2.25,2.25,46.5
80.004,0,0,0,0,1.17645,0.99997,1,4,1,1,0.820314,0,1.04688,5.00001,0,0,6.16667,5.94445,5.86112,2229.75,970,234.648,970,1005.86,14.4375,148.195,151.031,13.6172,14.25,624.901,43.5,0.9,0.557334,1.588,92.25,2.7451,2.7451,0,-0.6875,0,2.25,2.25,46.5
80.038,0,0,0,0,1.17645,0.99997,1,4,1,1,0.820314,0,1.04688,5.00001,0,0,6.11112,5.97223,6.16667,2226.5,970,234.922,970,1005.86,14.4609,147.867,150.633,14.4375,14.25,624.901,43.5,0.904,0.570667,1.584,92.25,2.7451,2.7451,0,-0.890625,0,2.25,2.25,46.5
80.071,0,0,0,0,1.17645,0.99997,1,4,1,1,0.820314,0,1.04688,5.00001,0,0,6.11112,5.97223,6.19445,2223.25,970,234.922,970,1005.86,14.4609,147.398,150.352,14.5547,14.25,624.901,43.5,0.904,0.562667,1.584,92.25,2.7451,2.7451,0,-0.96875,0,2.25,2.25,46.5
80.104,0,0,0,0,1.17645,0.99997,1,4,1,1,0.820314,0,1.04688,5.00001,0,0,6.11112,5.97223,6.16667,2220.5,970,235.469,970,1005.86,14.5078,147.398,150.352,14.5313,14.25,622.987,43.5,0.904,0.570667,1.584,92.25,2.7451,2.7451,0,-0.4375,0,2.25,2.25,46.5
80.138,0,0,0,0,1.17645,0.99997,1,4,1,1,0.820314,0,1.04688,5.00001,0,0,6.05556,5.94445,6.36112,2215.75,970,235.82,970,1005.86,14.5547,147.047,150.07,15.0234,14.25,622.987,43.5,0.916,0.562667,1.596,92.25,2.7451,2.7451,0,-0.75,0,2.25,2.25,46.5
80.171,0,0,0,0,1.17334,0.99997,1,4,1,1,0.820314,0,1.04688,5.00001,0,0,6.05556,5.94445,5.88889,2212.75,970,234.141,970,1003.24,14.4141,146.719,149.742,13.9219,14.25,622.987,43.5,0.9,0.554667,1.58,92.25,2.7451,2.7451,0,-1.03125,0,2.25,2.25,46.5
80.204,0,0,0,0,1.17645,0.99997,1,4,1,1,0.820314,0,1.04688,5.00001,0,0,6.11112,5.88889,6.27778,2208,970,237.031,970,1005.86,14.6484,146.719,149.742,14.7891,14.25,622.987,43.5,0.92,0.578667,1.6,92.25,2.7451,2.7451,0,-0.640625,0,2.25,2.25,46.5
80.238,0,0,0,0,1.17645,0.99997,1,4,1,1,0.820314,0,1.04688,5.00001,0,0,6.11112,5.88889,5.63889,2206.25,970,234.414,970,1005.86,14.4609,146.32,149.391,14.3438,14.25,622.987,43.5,0.904,0.562667,1.584,92.25,2.7451,2.7451,0,-0.578125,0,2.25,2.25,46.5
80.271,0,0,0,0,1.17645,0.99997,1,4,1,1,0.820314,0,1.04688,5.00001,0,0,6.05556,5.88889,6.27778,2201.5,970,235.508,970,1005.86,14.5547,145.922,149.297,14.9063,14.25,622.987,43.5,0.916,0.570667,1.596,92.25,2.7451,2.7451,0,-0.890625,0,2.25,2.25,46.5
80.304,0,0,0,0,1.17645,0.99997,1,4,1,1,0.820314,0,1.04688,5.00001,0,0,6.05556,5.83334,6,2197,970,234.805,970,1005.86,14.4844,145.922,149.297,14.2969,14.25,621.112,43.5,0.904,0.562667,1.584,92.25,2.7451,2.7451,0,-0.859375,0,2.25,2.25,46.5
80.338,0,0,0,0,1.17645,0.99997,1,4,1,1,0.820314,0,1.04688,5.00001,0,0,6.05556,5.88889,6.22223,2192.75,970,235.781,970,1005.86,14.5781,145.781,148.711,14.8359,14.25,621.112,43.5,0.916,0.576001,1.596,92.25,2.7451,2.7451,0,-0.703125,0,2.25,2.25,46.5
80.371,0,0,0,0,1.17639,0.99997,1,4,1,1,0.82422,0,1.04688,5.00001,0,0,5.97223,5.88889,5.61112,2193.25,970,233.203,970,1005.86,14.3906,145.148,148.641,13.3828,14.25,621.112,43.5,0.9,0.544001,1.58,92.25,2.7451,2.7451,0,-0.328125,0,2.25,2.25,46.5
80.404,0,0,0,0,1.1759,0.99997,1,4,1,1,0.82422,0,1.04688,5.00001,0,0,5.97223,5.88889,6.33334,2188.75,970,233.711,970,1005.86,14.4141,145.148,148.641,15.1406,14.25,621.112,43.5,0.916,0.552001,1.596,92.25,2.7451,2.7451,0,-0.96875,0,2.25,2.25,46.5
80.438,0,0,0,0,1.17957,0.99997,1,4,1,1,0.82715,0,1.04688,5.00001,0,0,6,5.91667,5.86112,2182.5,970,232.539,970,1008.52,14.3438,145.008,148.266,13.4531,14.25,621.112,43.5,0.9,0.557334,1.58,92.25,2.7451,2.7451,0,-0.953125,0,2.25,2.25,46.5
80.471,0,0,0,0,1.17603,0.99997,1,4,1,1,0.829347,0,1.04688,5.00001,0,0,5.91667,5.83334,5.86112,2180.5,970,232.07,970,1005.86,14.2969,144.609,147.891,14.1797,14.25,621.112,43.5,0.9,0.554667,1.588,92.25,2.7451,2.7451,0,-0.40625,0,2.25,2.25,46.5
80.504,0,0,0,0,1.17645,0.99997,1,4,1,1,0.829347,0,1.04688,5.00001,0,0,5.97223,5.83334,6.22223,2176.25,970,233.906,970,1005.86,14.4609,144.609,147.891,15.0234,14.25,619.256,43.5,0.916,0.568001,1.604,92.25,2.7451,2.7451,0,-0.75,0,2.25,2.25,46.5
80.538,0,0,0,0,1.17609,0.99997,1,4,1,1,0.830812,0,1.04688,5.00001,0,0,5.91667,5.83334,5.86112,2175,970,231.68,970,1005.86,14.2969,144.188,147.633,14.1328,14.25,619.256,43.5,0.9,0.544001,1.588,92.25,2.7451,2.7451,0,-0.9375,0,2.25,2.25,46.5
80.571,0,0,0,0,1.17645,0.99997,1,4,1,1,0.832277,0,1.04688,5.00001,0,0,5.91667,5.83334,6.16667,2168.25,970,233.555,970,1005.86,14.4375,143.883,147.352,14.9063,14.25,619.256,43.5,0.916,0.565334,1.604,92.25,2.7451,2.7451,0,-1.04688,0,2.25,2.25,45.75
80.604,0,0,0,0,1.17645,0.99997,1,4,1,1,0.832277,0,1.04688,5.00001,0,0,5.91667,5.83334,6,2164,970,233.672,970,1005.86,14.4375,143.883,147.352,14.5313,14.25,619.256,43.5,0.904,0.562667,1.592,92.25,2.7451,2.7451,0,-0.84375,0,2.25,2.25,45.75
80.638,0,0,0,0,1.17645,0.99997,1,4,1,1,0.833009,0,1.04688,5.00001,0,0,5.91667,5.80556,5.86112,2162.25,970,233.438,970,1005.86,14.4375,143.555,146.93,14.1797,14.25,619.256,43.5,0.9,0.565334,1.588,92.25,2.7451,2.7451,0,-0.421875,0,2.25,2.25,45.75
80.671,0,0,0,0,1.17645,0.99997,1,4,1,1,0.833742,0,1.04688,5.00001,0,0,5.91667,5.80556,5.86112,2160,970,232.617,970,1005.86,14.3906,143.109,146.766,14.2031,14.25,619.256,43.5,0.9,0.557334,1.588,92.25,2.7451,2.7451,0,-1.0625,0,2.25,2.25,45.75
80.704,0,0,0,0,1.17639,0.99997,1,4,1,1,0.833742,0,1.04688,5.00001,0,0,5.86112,5.80556,6.02778,2155.75,970,232.539,970,1005.86,14.3672,143.109,146.766,14.625,14.25,617.42,43.5,0.904,0.554667,1.592,92.25,2.7451,2.7451,0,-0.90625,0,2.25,2.25,45.75
80.738,0,0,0,0,1.17645,0.99997,1,4,1,1,0.834474,0,1.04688,5.00001,0,0,5.86112,5.80556,5.80556,2149.25,970,231.641,970,1005.86,14.3203,142.898,146.32,14.1328,14.25,617.42,43.5,0.9,0.552001,1.58,92.25,2.7451,2.7451,0,-0.546875,0,2.25,2.25,45.75
80.771,0,0,0,0,1.17645,0.99997,1,4,1,1,0.838624,0,1.04688,5.00001,0,0,5.86112,5.80556,6.30556,2148.5,970,234.023,970,1005.86,14.5078,142.406,146.063,15.3516,14.25,617.42,43.5,0.924,0.576001,1.604,92.25,2.7451,2.7451,0,-0.484375,0,2.25,2.25,45.75
80.804,0,0,0,0,1.17645,0.99997,1,4,1,1,0.838624,0,1.04688,5.00001,0,0,5.91667,5.77778,5.94445,2145,970,234.648,970,1005.86,14.5547,142.406,146.063,14.5078,14.25,617.42,43.5,0.908,0.570667,1.588,92.25,2.7451,2.7451,0,-0.78125,0,2.25,2.25,45.75
80.838,0,0,0,0,1.17645,0.99997,1,4,1,1,0.841798,0,1.04688,5.00001,0,0,5.91667,5.72223,6.22223,2140.5,970,235.391,970,1005.86,14.625,142.125,145.805,15.2109,14.25,617.42,43.5,0.924,0.565334,1.604,92.25,2.7451,2.7451,0,-1.07813,0,2.25,2.25,45.75
80.871,0,0,0,0,1.17645,0.99997,1,4,1,1,0.84424,0,1.04688,5.00001,0,0,5.91667,5.69445,5.61112,2138.5,970,233.828,970,1005.86,14.5078,141.82,145.5,13.7344,14.25,617.42,43.5,0.9,0.554667,1.58,92.25,2.7451,2.7451,0,-0.546875,0,2.25,2.25,45.75
80.904,0,0,0,0,1.17645,0.99997,1,4,1,1,0.84424,0,1.04688,5.00001,0,0,5.86112,5.69445,6.11112,2133.5,970,234.57,970,1005.86,14.5547,141.82,145.5,15,14.25,615.604,43.5,0.92,0.562667,1.6,92.25,2.7451,2.7451,0,-0.671875,0,2.25,2.25,45.75
80.938,0,0,0,0,1.17645,0.99997,1,4,1,1,0.846193,0,1.04688,5.00001,0,0,5.86112,5.69445,5.72223,2129.5,970,233.203,970,1005.86,14.4609,141.492,145.102,14.0625,14.25,615.604,43.5,0.9,0.560001,1.58,92.25,2.7451,2.7451,0,-0.78125,0,2.25,2.25,45.75
80.971,0,0,0,0,1.17645,0.99997,1,4,1,1,0.847413,0,1.04688,5.00001,0,0,5.86112,5.69445,6,2128.25,970,233.438,970,1005.86,14.4844,141.07,144.914,14.7422,14.25,615.604,43.5,0.912,0.568001,1.6,92.25,2.7451,2.7451,0,-0.578125,0,2.25,2.25,45.75
81.004,0,0,0,0,1.17645,0.99997,1,4,1,1,0.847413,0,1.04688,5.00001,0,0,5.86112,5.69445,5.88889,2124.25,970,234.102,970,1005.86,14.5313,141.07,144.914,14.5078,14.25,615.604,43.5,0.908,0.570667,1.596,92.25,2.7451,2.7451,0,-0.59375,0,2.25,2.25,45.75
81.038,0,0,0,0,1.17645,0.99997,1,4,1,1,0.848634,0,1.04688,5.00001,0,0,5.80556,5.69445,6.19445,2119.25,970,234.688,970,1005.86,14.5781,140.836,144.539,15.3047,14.25,615.604,43.5,0.924,0.562667,1.612,92.25,2.7451,2.7451,0,-0.6875,0,2.25,2.25,45.75
81.071,0,0,0,0,1.17645,0.99997,1,4,1,1,0.849367,0,1.04688,5.00001,0,0,5.80556,5.69445,5.58334,2115.25,970,233.477,970,1005.86,14.4844,140.109,144.164,13.8047,14.25,615.604,43.5,0.9,0.554667,1.588,92.25,2.7451,2.35294,0,-0.9375,0,2.25,2.25,45.75
81.104,0,0,0,0,1.17597,0.99997,1,4,1,1,0.849367,0,1.04688,5.00001,0,0,5.80556,5.69445,6.13889,2113.75,970,233.906,970,1005.86,14.5078,140.109,144.164,15.1875,14.25,613.787,43.5,0.92,0.554667,1.608,92.25,2.7451,2.35294,0,-0.703125,0,2.25,2.25,45.75
81.138,0,0,0,0,1.17334,0.99997,1,4,1,1,0.849855,0,1.04688,5.00001,0,0,5.80556,5.63889,5.52778,2110,970,233.086,970,1003.24,14.4375,140.016,144,13.7109,14.25,613.787,43.5,0.9,0.557334,1.588,92.25,2.35294,2.35294,0,-0.4375,0,2.25,2.25,45.75
81.171,0,0,0,0,1.17645,0.99997,1,4,1,1,0.854249,0,1.04688,5.00001,0,0,5.80556,5.61112,5.91667,2104.75,970,234.961,970,1005.82,14.5781,139.828,143.555,15.1875,14.25,613.787,43.5,0.924,0.576001,1.612,92.25,2.35294,2.35294,0,-0.75,0,2.25,2.25,45.75
81.204,0,0,0,0,1.17645,0.99997,1,4,1,1,0.854249,0,1.04688,5.00001,0,0,5.80556,5.58334,5.75,2101.25,970,234.023,970,1005.86,14.5313,139.828,143.555,14.1563,14.25,613.787,43.5,0.9,0.565334,1.588,92.25,2.35294,2.35294,0,-0.6875,0,2.25,2.25,45.75
81.238,0,0,0,0,1.17645,0.99997,1,4,1,1,0.857423,0,1.04688,5.00001,0,0,5.75,5.58334,5.86112,2098.25,970,233.047,970,1005.86,14.4609,139.359,143.367,14.5547,14.25,613.787,43.5,0.908,0.562667,1.596,92.25,2.35294,2.35294,0,-0.9375,0,2.25,2.25,45.75
81.271,0,0,0,0,1.17645,0.99997,1,4,1,1,0.859865,0,1.04688,5.00001,0,0,5.69445,5.55556,5.52778,2096,970,231.367,970,1005.86,14.3203,139.125,143.063,13.7813,14.25,613.787,43.5,0.9,0.549334,1.58,92.25,2.35294,2.35294,0,-0.671875,0,2.25,2.25,45.75
81.304,0,0,0,0,1.1734,0.99997,1,4,1,1,0.859865,0,1.04688,5.00001,0,0,5.69445,5.5,5.86112,2092,970,232.422,970,1003.24,14.4141,139.125,143.063,14.6484,14.25,612.01,43.5,0.912,0.568001,1.592,92.25,2.35294,2.35294,0,-0.5625,0,2.25,2.25,45.75
81.338,0,0,0,0,1.17633,0.99997,1,4,1,1,0.861574,0,1.04688,5.00001,0,0,5.69445,5.55556,5.66667,2086.5,970,231.875,970,1005.86,14.3906,138.797,142.758,14.1094,14.25,612.01,43.5,0.9,0.552001,1.58,92.25,2.35294,2.35294,0,-1.14063,0,2.25,2.25,45.75
81.371,0,0,0,0,1.17645,0.99997,1,4,1,1,0.863038,0,1.04688,5.00001,0,0,5.75,5.55556,5.91667,2084,970,233.75,970,1005.86,14.5313,138.469,142.359,15.3984,14.25,612.01,43.5,0.924,0.576001,1.604,92.25,2.35294,2.35294,0,-0.90625,0,2.25,2.25,45
81.404,0,0,0,0,1.1731,0.99997,1,4,1,1,0.863038,0,1.04688,5.00001,0,0,5.69445,5.55556,5.44445,2082,970,230.781,970,1003.24,14.2969,138.469,142.359,13.5469,14.25,612.01,43.5,0.9,0.549334,1.58,92.25,2.35294,2.35294,0,-0.875,0,2.25,2.25,45
81.438,0,0,0,0,1.1734,0.99997,1,4,1,1,0.864015,0,1.04688,5.00001,0,0,5.69445,5.55556,6,2077.25,970,234.531,970,1003.24,14.6016,138.047,142.148,15.4219,14.25,612.01,43.5,0.928,0.578667,1.608,92.25,2.35294,2.35294,0,-0.125,0,2.25,2.25,45
81.471,0,0,0,0,1.17297,0.99997,1,4,1,1,0.870851,0,1.04688,5.00001,0,0,5.69445,5.55556,5.55556,2072.75,970,232.422,970,1003.24,14.4375,137.789,141.727,14.3203,14.25,612.01,43.5,0.9,0.560001,1.588,92.25,2.35294,2.35294,0,-0.796875,0,2.25,2.25,45
81.504,0,0,0,0,1.1734,0.99997,1,4,1,1,0.870851,0,1.04688,5.00001,0,0,5.69445,5.55556,5.58334,2071,970,232.188,970,1003.24,14.4375,137.789,141.727,13.7109,14.25,610.233,43.5,0.9,0.570667,1.588,92.25,2.35294,2.35294,0,-0.90625,0,2.25,2.25,45
81.538,0,0,0,0,1.1734,0.99997,1,4,1,1,0.875734,0,1.04688,5.00001,0,0,5.69445,5.5,5.69445,2066.5,970,232.891,970,1003.24,14.4844,137.344,141.469,14.5781,14.25,610.233,43.5,0.908,0.565334,1.596,92.25,2.35294,2.35294,0,-0.734375,0,2.25,2.25,45
81.571,0,0,0,0,1.1734,0.99997,1,4,1,1,0.879396,0,1.04688,5.00001,0,0,5.63889,5.5,5.69445,2062.5,970,232.695,970,1003.24,14.4609,137.063,141.141,14.5547,14.25,610.233,43.5,0.908,0.565334,1.588,92.25,2.35294,2.35294,0,-0.484375,0,2.25,2.25,45
81.604,0,0,0,0,1.1734,0.99997,1,4,1,1,0.879396,0,1.04688,5.00001,0,0,5.63889,5.5,6,2060.5,970,233.828,970,1003.24,14.5781,137.063,141.141,15.3047,14.25,610.233,43.5,0.924,0.562667,1.604,92.25,2.35294,2.35294,0,-0.515625,0,2.25,2.25,45
81.638,0,0,0,0,1.1734,0.99997,1,4,1,1,0.882326,0,1.04688,5.00001,0,0,5.69445,5.5,5.66667,2055.25,970,233.711,970,1003.24,14.5547,136.711,140.883,14.6016,14.25,610.233,43.5,0.912,0.560001,1.592,92.25,2.35294,2.35294,0,-0.953125,0,2.25,2.25,45
81.671,0,0,0,0,1.1734,0.99997,1,4,1,1,0.884279,0,1.04688,5.00001,0,0,5.69445,5.55556,6,2051,970,235.039,970,1003.24,14.6719,136.406,140.484,15.3984,14.25,610.233,43.5,0.928,0.570667,1.608,92.25,2.35294,2.35294,0,-0.6875,0,2.25,2.25,45
81.704,0,0,0,0,1.17645,0.99997,1,4,1,1,0.884279,0,0.882326,5.00001,0,0,5.75,5.5,5.5,2049,970,233.906,970,1005.86,14.5781,136.406,140.484,13.5,14.25,610.057,43.5,1.472,0.810668,2.152,92.25,2.35294,2.35294,0,-0.59375,3.05638,2.25,2.25,1.5
81.738,0,0,0,0,1.1734,0.99997,1,4,1,1,0.885988,0,0.882326,5.00001,0,0,5.69445,5.5,5.94445,2045.5,970,235.508,970,1003.24,14.7188,136.008,140.25,15.3281,14.25,610.057,43.5,1.364,0.952001,2.044,92.25,2.35294,2.35294,0,-0.640625,6.47439,2.25,2.25,-3.75
81.771,0,0,0,0,1.1734,0.99997,1,4,1,1,0.886964,0,0.885988,5.00001,0,0,5.75,5.5,5.80556,2059.25,970,235.781,970,1003.24,14.7188,135.703,140.484,14.8125,14.25,610.057,43.5,1.372,0.858668,2.052,92.25,2.35294,2.35294,0,-0.59375,7.55321,2.25,2.25,-12
81.804,0,0,0,0,1.17645,0.99997,1,4,1,1,0.886964,0,0.885988,5.00001,0,0,5.75,5.47223,5.55556,2061,970,233.672,970,1005.82,14.5781,135.703,140.484,13.5703,14.25,610.057,43.5,1.192,0.850668,1.872,92.25,2.35294,2.35294,0,-0.671875,8.27343,2.25,2.25,-9
81.838,0,0,0,0,1.17645,0.99997,1,4,1,1,0.887941,0,0.885988,5.00001,0,0,5.63889,5.44445,5.19445,2040.75,970,228.906,970,1005.86,14.2031,135.914,140.813,12.9609,14.25,610.057,43.5,1.168,0.757334,1.848,92.25,2.35294,2.35294,0,-0.375,8.27343,6.75,6.75,6.75
81.871,0,0,0,0,1.17145,0.99997,1,4,1,1,0.888673,0,0.887941,5.00001,0,0,5.47223,5.36112,5.30556,2033.75,970,227.852,970,1003.24,14.1328,136.219,139.688,13.8984,14.25,610.057,43.5,1.104,0.685334,1.784,92.25,2.35294,2.35294,0,-0.640625,8.63202,10.5,10.5,10.5
81.904,0,0,0,0,1.17145,0.99997,1,4,1,1,0.888673,0,0.887941,5.00001,0,0,5.41667,5.41667,5.16667,2024.25,970,226.992,970,1003.24,14.0859,136.219,139.688,13.5234,14.25,609.842,43.5,1.084,0.690668,1.764,92.25,2.35294,2.35294,0,-0.734375,8.99213,15,15,15
81.938,0,0,0,0,1.16754,0.99997,1,4,1,1,0.889162,0,0.887941,5.00001,0,0,5.36112,5.38889,5.33334,2018.25,970,226.953,970,1000.59,14.0859,135.141,138.773,14.5313,14.25,609.842,43.5,1.064,0.645334,1.744,92.25,2.35294,2.35294,0,-0.765625,9.35224,15.75,15.75,15.75
81.971,0,0,0,0,1.17163,0.99997,1,4,1,1,0.893312,0,0.889162,5.00001,0,0,5.41667,5.41667,5.47223,2019.75,970,228.164,970,1003.2,14.1797,134.18,138.68,14.6016,14.25,609.842,43.5,1.072,0.666667,1.776,92.25,2.35294,2.35294,0,-0.46875,9.35224,9.75,9.75,9.75
82.004,0,0,0,0,1.16889,0.99997,1,4,1,1,0.893312,0,0.889162,3.8794,0,0,5.36112,5.36112,5.16667,2015.5,970,226.641,970,1000.59,14.0625,134.18,138.68,13.8047,14.25,609.842,43.5,1.028,0.634667,1.732,92.25,2.35294,2.35294,0,-0.546875,9.35224,8.25,8.25,8.25
82.038,0,0,0,0,1.16956,0.99997,1,4,1,1,0.89673,0,0.889162,1.97632,0,0,5.41667,5.44445,5.16667,2020.5,970,226.992,970,1000.59,14.0859,134.016,138.82,13.5703,14.25,609.842,43.5,1.024,0.650667,1.728,92.25,2.35294,2.35294,0,-0.796875,9.35224,9.75,9.75,9.75
82.071,0,0,0,0,1.16925,0.99997,1,4,1,1,0.898927,0,0.89673,1.51099,0,0,5.41667,5.38889,5.75,2029.25,970,227.734,970,1000.59,14.1563,134.133,139.219,14.9531,14.25,609.842,43.5,1.052,0.656001,1.74,92.25,2.35294,2.35294,0,-0.90625,9.35224,10.5,10.5,10.5
82.104,0,0,0,0,1.17035,0.99997,1,4,1,1,0.898927,0,0.89673,1.46192,0,0,5.47223,5.38889,5.33334,2014.25,970,228.516,970,1000.59,14.2031,134.133,139.219,13.9219,14.25,609.588,43.5,1.028,0.658667,1.716,92.25,2.35294,2.35294,0,-0.625,9.35224,11.25,11.25,11.25
82.138,0,0,0,0,1.1698,0.99997,1,4,1,1,0.90088,0,0.89673,1.42652,0,0,5.41667,5.38889,5.41667,2006.25,970,228.789,970,1000.59,14.25,134.508,138.07,14.1563,14.25,609.588,43.5,1.036,0.658667,1.716,92.25,2.35294,2.35294,0,-0.3125,9.35224,12,12,12
82.171,0,0,0,0,1.17035,0.99997,1,4,1,1,0.902101,0,0.90088,1.41309,0,0,5.36112,5.38889,5.16667,2006.75,970,225.938,970,1000.59,14.0391,133.383,137.695,13.5,14.25,609.588,43.5,1.004,0.618667,1.684,92.25,2.35294,2.35294,0,-0.84375,9.35224,14.25,14.25,14.25
82.204,0,0,0,0,1.16559,0.99997,1,4,1,1,0.902101,0,0.90088,1.36817,0,0,5.36112,5.36112,5.58334,2006.25,970,228.008,970,997.969,14.2031,133.383,137.695,15.1641,14.25,609.588,43.5,1.052,0.640001,1.732,92.25,2.35294,2.35294,0,-0.828125,9.35224,15,15,15
82.238,0,0,0,0,1.16718,0.99997,1,4,1,1,0.903322,0,0.90088,1.32959,0,0,5.36112,5.33334,5.19445,2000.5,970,227.461,970,997.969,14.1563,132.961,137.672,14.1094,14.25,609.588,43.5,1.024,0.637334,1.704,92.25,2.35294,2.35294,0,-0.84375,9.35224,15,15,15
82.271,0,0,0,0,1.1673,0.99997,1,4,1,1,0.904054,0,0.903322,1.31226,0,0,5.41667,5.33334,5.47223,2000.75,970,228.672,970,997.969,14.25,132.891,137.602,14.625,14.25,609.588,43.5,1.04,0.648001,1.72,92.25,2.35294,2.35294,0,-0.421875,9.35224,15.75,15.75,15.75
82.304,0,0,0,0,1.16718,0.99997,1,4,1,1,0.904054,0,0.903322,1.32617,0,0,5.36112,5.33334,5.19445,2003.25,970,227.422,970,997.969,14.1563,132.891,137.602,13.7578,14.25,609.08,43.5,1.016,0.634667,1.696,92.25,2.35294,2.35294,0,-0.65625,9.35224,15.75,15.75,15.75
82.338,0,0,0,0,1.1673,0.99997,1,4,1,1,0.904542,0,0.903322,1.32276,0,0,5.36112,5.30556,5.22223,1991,970,227.07,970,997.969,14.1328,132.797,137.719,13.8281,14.25,609.08,43.5,1.016,0.637334,1.696,91.5,2.35294,2.35294,0,-0.9375,9.35224,17.25,17.25,17.25
82.371,0,0,0,0,1.16712,0.99997,1,4,1,1,0.908937,0,0.904542,1.31909,0,0,5.30556,5.30556,5.44445,1990.75,970,227.031,970,997.969,14.1328,132.75,137.016,14.3672,14.25,609.08,43.5,1.028,0.640001,1.716,91.5,2.35294,2.35294,0,-0.875,9.35224,17.25,17.25,17.25
82.404,0,0,0,0,1.1673,0.99997,1,4,1,1,0.908937,0,0.904542,1.33667,0,0,5.30556,5.30556,5.25,1980.75,970,226.797,970,997.969,14.0859,132.75,137.016,13.8984,15.8438,609.08,43.5,1.016,0.637334,1.704,91.5,2.35294,2.35294,0,-0.625,9.35224,18,18,18
82.438,0,0,0,0,1.16351,0.99997,1,4,1,1,0.912111,0,0.904542,1.34033,0,0,5.27778,5.27778,5.30556,1981.5,970,227.07,970,995.313,14.0859,132.023,136.336,14.6484,15.9375,609.08,43.5,1.044,0.634667,1.724,92.25,2.35294,2.7451,0,-0.5625,9.35224,21,21,21
82.471,0,0,0,0,1.16419,0.99997,1,4,1,1,0.914552,0,0.912111,1.33325,0,0,5.30556,5.36112,5.36112,1991.5,970,227.734,970,995.313,14.1563,131.625,136.688,14.6016,15.9141,609.08,43.5,1.04,0.637334,1.72,92.25,2.35294,2.7451,0,-1.04688,9.35224,22.5,22.5,22.5
82.504,0,0,0,0,1.16419,0.99997,1,4,1,1,0.914552,0,0.912111,1.31226,0,0,5.36112,5.41667,5.44445,1985.25,970,229.258,970,995.313,14.2734,131.625,136.688,14.6484,15.8438,608.533,43.5,1.048,0.653334,1.728,92.25,2.35294,2.7451,0,-0.8125,9.35224,24,24,24
82.538,0,0,0,0,1.16376,0.99997,1,4,1,1,0.916261,0,0.912111,1.31909,0,0,5.30556,5.44445,5.27778,1970.75,970,228.984,970,995.313,14.2266,131.695,136.055,14.3438,16.0078,608.533,43.5,1.036,0.642667,1.716,91.5,2.35294,2.7451,0,-0.515625,9.35224,25.5,25.5,25.5
82.571,0,0,0,0,1.16388,0.99997,1,4,1,1,0.917726,0,0.916261,1.31568,0,0,5.36112,5.58334,5.66667,1972.75,970,230.469,970,995.313,14.3438,131.227,135.984,14.625,16.5,608.533,43.5,1.044,0.650667,1.732,91.5,2.35294,2.7451,0,-0.59375,9.71235,25.5,25.5,25.5
82.604,0,0,0,0,1.16412,0.99997,1,4,1,1,0.917726,0,0.916261,1.32276,0,0,5.41667,5.58334,5.38889,1974.5,970,232.188,970,995.313,14.4609,131.227,135.984,14.5078,17.0156,608.533,43.5,1.048,0.666667,1.736,91.5,2.7451,2.7451,0,-0.9375,10.0709,25.5,25.5,25.5
82.638,0,0,0,0,1.16406,0.99997,1,4,1,1,0.918703,0,0.916261,1.32276,0,0,5.47223,5.86112,6.08334,1963.5,970,237.109,970,995.313,14.8594,131.203,136.148,16.3359,17.0391,608.533,43.5,1.112,0.674668,1.792,92.25,2.7451,3.13726,0,-0.890625,10.0709,25.5,25.5,25.5
82.671,0,0,0,0,1.16376,0.99997,1,4,1,1,0.919679,0,0.918703,1.32959,0,0,5.58334,6.25,6,1965,970,239.805,970,995.313,15.0703,131.156,135.539,16.0547,17.0859,608.533,43.5,1.1,0.674668,1.78,92.25,3.13726,3.13726,0,-0.65625,10.0709,25.5,25.5,25.5
82.704,0,0,0,0,1.16065,0.99997,1,4,1,1,0.919679,0,0.918703,1.31226,0,0,5.75,6.30556,6.47223,1958.5,970,248.359,970,992.656,15.7031,131.156,135.539,17.8125,17.1328,607.987,43.5,1.168,0.728001,1.848,92.25,3.13726,3.13726,0,-0.40625,10.0709,25.5,25.5,24.75
82.738,0,0,0,0,1.16046,0.99997,1,4,1,1,0.920167,0,0.918703,1.30176,0,0,5.86112,6.30556,6.30556,1968,970,251.563,970,992.656,15.9375,130.711,135.445,17.2031,17.5078,607.987,43.5,1.168,0.714668,1.848,91.5,3.13726,3.13726,0,-0.734375,10.4311,26.25,26.25,24
82.771,0,0,0,0,1.16419,0.99997,1,4,1,1,0.920656,0,0.920167,1.30176,0,0,6.05556,6.33334,6.30556,1974.75,970,254.258,970,995.313,16.1484,130.852,136.102,16.3828,17.2266,607.987,43.5,1.164,0.725334,1.844,91.5,3.13726,3.13726,0,-1.10938,10.4311,27,27,24.75
82.804,0,0,0,0,1.16046,0.99997,1,4,1,1,0.920656,0,0.920167,1.30176,0,0,6.05556,6.25,6.52778,1978,970,257.227,970,992.656,16.4063,130.852,136.102,17.6719,17.1328,607.987,43.5,1.216,0.733334,1.896,91.5,3.13726,3.13726,0,-0.546875,10.4311,27,27,26.25
82.838,0,0,0,0,1.16107,0.99997,1,4,1,1,0.9209,0,0.920167,1.29126,0,0,6.22223,6.36112,6.47223,1977.25,970,261.094,970,992.656,16.6875,131.297,136.102,17.3203,17.5781,607.987,44.25,1.212,0.757334,1.892,91.5,3.13726,3.13726,0,-0.5,10.7912,27.75,27.75,26.25
82.871,0,0,0,0,1.16107,0.99997,1,4,1,1,0.921144,0,0.9209,1.28418,0,0,6.27778,6.33334,6.41667,1974.75,970,262.109,970,992.656,16.7578,131.297,136.102,17.1328,18.0469,607.987,44.25,1.216,0.757334,1.912,91.5,3.13726,3.13726,0,-0.359375,11.1498,27.75,27.75,26.25
82.904,0,0,0,0,1.16107,0.99997,1,4,1,1,0.921144,0,0.9209,1.27368,0,0,6.27778,6.33334,6.36112,1972.75,970,262.656,970,992.656,16.8047,131.297,136.102,16.9453,19.1016,607.303,44.25,1.208,0.752001,1.904,91.5,3.13726,3.13726,0,-0.90625,11.87,27.75,27.75,27.75
82.938,0,0,0,0,1.16107,0.99997,1,4,1,1,0.921388,0,0.9209,1.25952,0,0,6.22223,6.47223,6.41667,1944.75,970,264.805,970,992.656,16.9453,131.039,135.188,17.3203,21.8438,607.303,43.5,1.236,0.770668,1.916,91.5,3.13726,3.52941,0,-0.953125,13.489,27.75,27.75,37.5
82.971,0,0,0,0,1.15784,0.99997,1,4,1,1,0.927248,0,0.921388,1.24219,0,0,6.27778,6.69445,6.50001,1941.5,970,265.703,970,990.039,17.0156,130.148,134.227,17.5547,22.5938,607.303,43.5,1.256,0.781334,1.936,91.5,3.52941,4.31373,0,-0.625,13.8491,28.5,28.5,37.5
83.004,0,0,0,0,1.15485,0.99997,1,4,1,1,0.927248,0,0.921388,1.22461,0,0,6.33334,8.02778,7.41667,1939.25,970,274.219,970,987.383,17.625,130.148,134.227,20.5078,23.7188,607.303,43.5,1.332,0.818668,2.012,91.5,4.31373,4.31373,0,-0.359375,14.5678,28.5,28.5,37.5
83.038,0,0,0,0,1.15796,0.99997,1,4,1,1,0.931886,0,0.921388,1.2002,0,0,6.97223,8.44445,8.47223,1944.25,970,296.484,970,990.039,19.3125,129.492,134.156,22.7813,24.7031,607.303,43.5,1.456,0.922668,2.136,91.5,4.31373,4.31373,0,-0.734375,15.2865,23.25,23.25,23.25
83.071,0,0,0,0,1.15784,0.99997,1,4,1,1,0.93506,0,0.931886,1.18921,0,0,7.38889,8.6389,8.55556,1947.25,970,306.172,970,990.039,20.0625,129.891,134.531,22.9922,25.0547,607.303,43.5,1.476,0.938668,2.164,91.5,4.70588,4.70588,0,-1,15.6466,15,15,15
83.104,0,0,0,0,1.15436,0.99997,1,4,1,1,0.93506,0,0.931886,1.17822,0,0,7.55556,8.80556,8.66667,1943,970,316.328,970,987.383,20.9063,129.891,134.531,23.9531,24.8203,606.619,43.5,1.552,0.965335,2.24,91.5,4.70588,4.70588,0,-0.71875,15.6466,33,33,34.5
83.138,0,0,0,0,1.15454,0.99997,1,4,1,1,0.937746,0,0.931886,1.16187,0,0,7.83334,8.8889,8.86112,1938.5,970,325.859,970,987.383,21.6094,129.75,134.203,24.2813,25.0078,606.619,44.25,1.592,1.024,2.28,91.5,4.70588,4.70588,0,-0.546875,15.6466,33,33,34.5
83.171,0,0,0,0,1.15472,0.99997,1,4,1,1,0.939699,0,0.937746,1.15088,0,0,8.1389,9.22223,8.6389,1934.75,970,332.227,970,987.383,22.1016,129.445,133.852,23.5781,25.0781,606.619,44.25,1.56,1.01067,2.24,91.5,5.09804,4.70588,0,-0.65625,15.6466,33.75,33.75,35.25
83.204,0,0,0,0,1.1532,0.99997,1,4,1,1,0.939699,0,0.937746,1.14014,0,0,8.19445,9.27779,9.11112,1934.5,970,338.75,970,987.383,22.5938,129.445,133.852,24.7969,25.0781,606.619,44.25,1.62,1.02133,2.3,91.5,5.09804,4.70588,0,-0.875,15.6466,33,33,35.25
83.238,0,0,0,0,1.15265,0.99997,1,4,1,1,0.940919,0,0.937746,1.12744,0,0,8.47223,9.25001,9.08334,1933.75,970,347.031,970,987.383,23.2266,129.258,133.898,24.6563,25.0313,606.619,43.5,1.636,1.056,2.316,91.5,5.09804,4.70588,0,-0.828125,15.6466,33,33,34.5
83.271,0,0,0,0,1.15192,0.99997,1,4,1,1,0.94214,0,0.940919,1.12012,0,0,8.58334,9.25001,8.8889,1930.75,970,349.609,970,987.383,23.4141,129.211,133.641,24.1406,25.0781,606.619,43.5,1.62,1.056,2.3,91.5,5.09804,4.70588,0,-0.609375,15.6466,33,33,34.5
83.304,0,0,0,0,1.15094,0.99997,1,4,1,1,0.94214,0,0.940919,1.11255,0,0,8.6389,9.19445,9.00001,1929.25,970,352.305,970,987.383,23.6016,129.211,133.641,24.4453,25.0547,605.955,43.5,1.644,1.06133,2.324,91.5,5.09804,4.70588,0,-0.359375,15.6466,33,33,34.5
83.338,0,0,0,0,1.15003,0.99997,1,4,1,1,0.942873,0,0.940919,1.1001,0,0,8.66667,9.19445,9.11112,1928.75,970,355.234,970,987.383,23.8359,129.047,133.547,24.75,25.0781,605.955,43.5,1.66,1.07467,2.34,91.5,5.09804,4.70588,0,-0.8125,15.6466,33,33,34.5
83.371,0,0,0,0,1.14649,0.99997,1,4,1,1,0.943605,0,0.942873,1.09009,0,0,8.77778,9.19445,9.05556,1928.5,970,356.797,970,984.727,23.9531,129,133.523,24.6094,25.1016,605.955,43.5,1.656,1.08,2.336,91.5,5.09804,4.70588,0,-0.8125,15.6466,33,33,34.5
83.404,0,0,0,0,1.14948,0.99997,1,4,1,1,0.943605,0,0.942873,1.08301,0,0,8.83334,9.16667,9.08334,1925.5,970,359.883,970,987.383,24.1875,129,133.523,24.5859,25.125,605.955,43.5,1.668,1.10133,2.348,91.5,5.09804,4.70588,0,-0.6875,15.6466,32.25,32.25,34.5
83.438,0,0,0,0,1.14911,0.99997,1,4,1,1,0.943849,0,0.942873,1.07813,0,0,8.8889,9.16667,8.97223,1922,970,361.523,970,987.383,24.3047,128.93,133.289,24.3984,25.1719,605.955,43.5,1.664,1.088,2.36,91.5,5.09804,4.70588,0,-0.328125,15.6466,32.25,32.25,34.5
83.471,0,0,0,0,1.14868,0.99997,1,4,1,1,0.944337,0,0.943849,1.06885,0,0,8.8889,9.08334,8.94445,1924,970,361.523,970,987.383,24.2813,128.789,133.266,24.3047,25.1484,605.955,43.5,1.664,1.08267,2.36,91.5,4.70588,4.70588,0,-0.625,15.6466,32.25,32.25,34.5
83.504,0,0,0,0,1.14826,0.99997,1,4,1,1,0.944337,0,0.943849,1.06397,0,0,8.8889,9.08334,9.30556,1922.5,970,363.945,970,987.383,24.4688,128.789,133.266,25.3359,25.125,605.35,43.5,1.7,1.096,2.396,91.5,5.09804,4.70588,0,-0.78125,15.6466,32.25,32.25,34.5
83.538,0,0,0,0,1.14868,0.99997,1,4,1,1,0.944582,0,0.943849,1.05933,0,0,8.94445,9.08334,9.02778,1919,970,364.727,970,987.383,24.5391,128.766,133.125,24.6328,25.1719,605.35,43.5,1.684,1.10133,2.38,91.5,4.70588,4.70588,0,-0.6875,15.6466,32.25,32.25,34.5
83.571,0,0,0,0,1.14826,0.99997,1,4,1,1,0.948732,0,0.944582,1.05933,0,0,8.8889,9.16667,8.72223,1917.25,970,362.734,970,987.383,24.375,128.625,132.914,23.8125,25.1953,605.35,43.5,1.644,1.072,2.332,91.5,5.09804,4.70588,0,-0.359375,15.6466,32.25,32.25,34.5
83.604,0,0,0,0,1.14728,0.99997,1,4,1,1,0.948732,0,0.944582,1.05469,0,0,8.8889,9.16667,8.91667,1918.5,970,363.398,970,987.383,24.4219,128.625,132.914,24.3281,25.1953,605.35,43.5,1.66,1.09333,2.348,91.5,4.70588,4.70588,0,-0.484375,15.6466,32.25,32.25,34.5
83.638,0,0,0,0,1.14612,0.99997,1,4,1,1,0.951662,0,0.944582,1.05005,0,0,8.8889,9.05556,9.00001,1915.25,970,363.047,970,987.383,24.3984,128.508,132.938,24.6094,25.2188,605.35,43.5,1.668,1.08267,2.348,91.5,4.70588,4.70588,0,-0.921875,15.6466,32.25,32.25,34.5
83.671,0,0,0,0,1.14276,0.99997,1,4,1,1,0.954103,0,0.951662,1.04395,0,0,8.8889,9.1389,9.00001,1913.75,970,363.359,970,984.727,24.4219,128.461,132.727,24.6094,25.2656,605.35,43.5,1.652,1.07467,2.332,91.5,4.70588,4.70588,0,-0.828125,15.6466,32.25,32.25,34.5
83.704,0,0,0,0,1.14545,0.99997,1,4,1,1,0.954103,0,0.951662,1.04199,0,0,8.8889,9.05556,8.91667,1912.75,970,363.32,970,987.383,24.3984,128.461,132.727,24.2813,25.2656,604.725,43.5,1.64,1.072,2.32,91.5,4.70588,4.70588,0,-0.59375,15.6466,32.25,32.25,34.5
83.738,0,0,0,0,1.14447,0.99997,1,4,1,1,0.955812,0,0.951662,1.04004,0,0,8.83334,9.05556,8.8889,1912,970,362.578,970,987.383,24.3516,128.344,132.68,24.2813,25.2422,604.725,43.5,1.64,1.06933,2.32,91.5,4.70588,4.70588,0,-0.328125,15.6466,32.25,32.25,34.5
83.771,0,0,0,0,1.14398,0.99997,1.00992,4,1,1,0.957033,0,0.954591,1.03784,0,0,8.83334,9.05556,8.94445,1909.5,970,362.969,970,987.383,24.375,128.25,132.492,24.4922,25.4063,604.725,43.5,1.656,1.08,2.336,91.5,5.09804,4.70588,0,-0.6875,15.6466,33,33,35.25
83.804,0,0,0,0,1.14374,0.99997,1.01413,4,1,1,0.957033,0,0.954591,1.03589,0,0,8.83334,9.05556,8.8889,1908.75,970,363.32,970,987.383,24.3984,128.25,132.492,24.375,25.4063,604.725,43.5,1.66,1.08533,2.34,91.5,4.70588,4.70588,0,-0.859375,15.6466,33,33,35.25
83.838,0,0,0,0,1.14038,0.99997,1.01917,4,1,1,0.958009,0,0.954591,1.03589,0,0,8.83334,9.02778,9.00001,1908,970,364.609,970,984.727,24.4922,128.109,132.398,24.7031,25.4063,604.725,43.5,1.684,1.096,2.364,90.75,4.70588,5.09804,0,-0.65625,15.6466,33,33,35.25
83.871,0,0,0,0,1.1405,0.99997,1.02301,4,1,1,0.958742,0,0.954591,1.03784,0,0,8.8889,9.02778,8.94445,1906.25,970,365.625,970,984.727,24.5625,128.039,132.328,24.4453,25.4531,604.725,43.5,1.684,1.096,2.364,90.75,4.70588,5.09804,0,-0.1875,15.6466,33,33,35.25
83.904,0,0,0,0,1.14362,0.99997,1.0293,4,1,1,0.958742,0,0.954591,1.03784,0,0,8.94445,9.02778,8.8889,1904.5,970,367.305,970,987.344,24.6797,128.039,132.328,24.8203,25.4531,604.08,43.5,1.716,1.12,2.396,90.75,5.09804,5.09804,0,-0.375,15.6466,33,33,34.5
83.938,0,0,0,0,1.13995,0.99997,1.03857,4,1,1,0.95923,0,0.954591,1.03784,0,0,8.8889,9.00001,9.00001,1903,970,367.109,970,984.727,24.6563,127.992,132.234,25.1719,25.4531,604.08,43.5,1.744,1.11467,2.432,90.75,4.70588,5.09804,0,-0.84375,15.6466,33,33,34.5
83.971,0,0,0,0,1.14014,0.99997,1.04462,4,1,1,0.959718,0,0.954591,1.03784,0,0,8.8889,9.02778,8.8889,1902.5,970,367.188,970,984.727,24.6563,127.945,132.164,24.8672,25.4531,604.08,43.5,1.74,1.12533,2.428,90.75,4.70588,5.09804,0,-0.84375,15.6466,33,33,34.5
84.004,0,0,0,0,1.14008,0.99997,1.05158,4,1,1,0.959718,0,0.954591,1.03784,0,0,8.8889,8.97223,8.83334,1900.75,970,367.148,970,984.727,24.6563,127.945,132.164,24.6328,25.5,604.08,43.5,1.744,1.13333,2.432,90.75,4.70588,5.09804,0,-0.828125,15.6466,33,33,34.5
84.038,0,0,0,0,1.14081,0.99997,1.05856,4,1,1,0.959962,0,0.954591,1.03394,0,0,8.8889,9.02778,8.8889,1899.75,970,366.68,970,984.727,24.6094,127.852,131.977,24.7734,25.5,604.08,42.75,1.756,1.12533,2.444,91.5,4.70588,5.09804,0,-0.53125,15.6466,33,33,34.5
84.071,0,0,0,0,1.14337,0.99997,1.06397,4,1,1,0.960207,0,0.954591,1.03198,0,0,8.83334,9.02778,8.94445,1897.75,970,365.938,970,987.383,24.5625,127.711,131.859,24.2578,25.5,604.08,42.75,1.752,1.136,2.432,91.5,4.70588,5.09804,0,-0.453125,15.6466,33,33,34.5
84.104,0,0,0,0,1.13959,0.99997,1.06897,4,1,1,0.960207,0,0.954591,1.03003,0,0,8.83334,9.00001,8.91667,1896.5,970,365.82,970,984.727,24.5391,127.711,131.859,24.9609,25.5469,603.494,42.75,1.78,1.13333,2.46,91.5,4.70588,5.09804,0,-0.828125,15.6466,33,33,35.25
84.138,0,0,0,0,1.13934,0.99997,1.07437,4,1,1,0.960451,0,0.954591,1.02661,0,0,8.83334,9.11112,9.05556,1893.5,970,366.445,970,984.727,24.5859,127.617,131.742,24.6563,25.5703,603.494,42.75,1.772,1.15467,2.452,90.75,4.70588,5.09804,0,-0.859375,15.6466,33,33,34.5
84.171,0,0,0,0,1.1391,0.99997,1.07764,4,1,1,0.960451,0,0.954591,1.02319,0,0,8.8889,9.02778,9.11112,1894.25,970,367.852,970,984.727,24.6797,127.547,131.672,24.8203,25.5703,603.494,42.75,1.796,1.16267,2.484,90.75,4.70588,5.09804,0,-0.515625,15.6466,33,33,34.5
84.204,0,0,0,0,1.13898,0.99997,1.08118,4,1,1,0.960451,0,0.954591,1.02149,0,0,8.8889,9.00001,9.00001,1894.5,970,368.984,970,984.727,24.7734,127.547,131.672,25.125,25.5469,603.494,42.75,1.816,1.17067,2.504,90.75,4.70588,5.09804,0,-0.609375,15.6466,33,33,34.5
84.238,0,0,0,0,1.14185,0.99997,1.08408,4,1,1,0.960695,0,0.954591,1.0166,0,0,8.8889,9.11112,8.97223,1889,970,368.008,970,987.344,24.7031,127.523,131.672,24.3984,25.5938,603.494,42.75,1.796,1.17067,2.484,91.5,5.09804,5.09804,0,-0.71875,15.6466,33,33,34.5
84.271,0,0,0,0,1.13794,0.99997,1.08572,4,1,1,0.960695,0,0.954591,1.01148,0,0,8.83334,9.08334,9.11112,1888.25,970,369.141,970,984.727,24.7734,127.477,131.391,25.5938,25.6406,603.494,42.75,1.828,1.16533,2.516,91.5,4.70588,5.09804,0,-0.8125,15.6466,33,33,34.5
84.304,0,0,0,0,1.138,0.99997,1.08878,4,1,1,0.960695,0,0.954591,1.01001,0,0,8.8889,9.08334,9.08334,1889,970,370.078,970,984.727,24.8438,127.477,131.391,25.4063,25.6406,602.908,42.75,1.836,1.184,2.524,91.5,5.09804,5.09804,0,-0.59375,15.6466,33,33,34.5
84.338,0,0,0,0,1.13818,0.99997,1.08969,4,1,1,0.960695,0,0.954591,1.00366,0,0,8.94445,9.08334,9.05556,1889.75,970,371.211,970,984.727,24.9375,127.336,131.438,25.1953,25.5938,602.908,42.75,1.844,1.184,2.532,90.75,5.09804,5.09804,0,-0.40625,15.6466,33,33,34.5
84.371,0,0,0,0,1.13806,0.99997,1.08991,4,1,1,0.960939,0,0.95508,0.997072,0,0,8.94445,9.08334,9.08334,1886,970,372.07,970,984.727,25.0078,127.359,131.227,25.2891,25.6406,602.908,42.75,1.844,1.18933,2.524,90.75,5.09804,5.09804,0,-0.59375,15.6466,33,33,34.5
84.404,0,0,0,0,1.13757,0.99997,1.09122,4,1,1,0.960939,0,0.95508,0.994142,0,0,8.8889,9.16667,9.19445,1883,970,372.109,970,984.727,24.9844,127.359,131.227,25.7344,25.6875,602.908,42.75,1.852,1.17067,2.532,90.75,5.09804,5.09804,0,-0.953125,15.6466,33,33,34.5
84.438,0,0,0,0,1.13733,0.99997,1.09113,4,1,1,0.960939,0,0.95508,0.987306,0,0,9.00001,9.16667,9.19445,1883.75,970,374.023,970,984.727,25.125,127.195,131.063,25.6641,25.6875,602.908,42.75,1.86,1.20267,2.54,90.75,5.09804,5.09804,0,-0.71875,15.6466,33,33,34.5
84.471,0,0,0,0,1.13739,0.99997,1.09128,4,1,1,0.960939,0,0.95508,0.983644,0,0,9.00001,9.16667,9.05556,1884.5,970,374.375,970,984.727,25.1484,127.125,131.156,25.2188,25.6641,602.908,42.75,1.856,1.2,2.536,90.75,5.09804,5.09804,0,-0.625,15.6466,33,33,34.5
84.504,0,0,0,0,1.13709,0.99997,1.09049,4,1,1,0.960939,0,0.95508,0.978517,0,0,9.00001,9.16667,8.91667,1880.75,970,373.828,970,984.727,25.125,127.125,131.156,24.8672,25.6875,602.303,42.75,1.844,1.19733,2.524,90.75,5.09804,5.09804,0,-0.4375,15.6466,33,33,34.5
84.538,0,0,0,0,1.13702,0.99997,1.08972,4,1,1,0.960939,0,0.95508,0.972414,0,0,9.00001,9.11112,9.02778,1879.5,970,374.727,970,984.727,25.1719,127.148,130.875,25.1719,25.7578,602.303,42.75,1.852,1.19733,2.532,90.75,5.09804,5.09804,0,-0.75,15.6466,33,33,34.5
84.571,0,0,0,0,1.13678,0.99997,1.08994,4,1,1,0.964845,0,0.95508,0.971193,0,0,9.00001,9.11112,9.22223,1879.75,970,375.508,970,984.727,25.2188,127.008,130.898,25.7109,25.7578,602.303,42.75,1.872,1.208,2.56,90.75,5.09804,5.09804,0,-0.828125,15.6466,33,33,34.5
84.604,0,0,0,0,1.13696,0.99997,1.08984,4,1,1,0.964845,0,0.95508,0.969972,0,0,9.00001,9.11112,8.8889,1876.75,970,374.805,970,984.727,25.1719,127.008,130.898,24.8203,25.7813,602.303,42.75,1.848,1.2,2.536,90.75,5.09804,5.09804,0,-0.453125,15.6466,33,33,34.5
84.638,0,0,0,0,1.13666,0.99997,1.08768,4,1,1,0.967775,0,0.95508,0.964845,0,0,9.00001,9.08334,9.11112,1875.5,970,376.484,970,984.727,25.2891,126.984,130.711,25.4297,25.8047,602.303,42.75,1.864,1.20533,2.552,90.75,5.09804,5.09804,0,-0.28125,15.6466,33,33,34.5
84.671,0,0,0,0,1.13672,0.99997,1.08801,4,1,1,0.969972,0,0.95508,0.964845,0,0,9.05556,9.11112,9.25001,1876.25,970,378.359,970,984.727,25.4297,126.867,130.711,25.8047,25.7813,602.303,42.75,1.888,1.21867,2.576,90.75,5.09804,5.09804,0,-0.578125,15.6466,33,33,34.5
84.704,0,0,0,0,1.13721,0.99997,1.08646,4,1,1,0.969972,0,0.95508,0.961183,0,0,9.05556,9.16667,9.05556,1875.25,970,378.125,970,984.727,25.4063,126.867,130.711,25.2891,25.7813,601.658,42.75,1.868,1.20267,2.556,90.75,5.09804,5.09804,0,-0.890625,15.6466,33,33,34.5
84.738,0,0,0,0,1.13715,0.99997,1.08597,4,1,1,0.971437,0,0.95508,0.959962,0,0,9.05556,9.11112,9.16667,1870.75,970,378.594,970,984.727,25.4297,126.844,130.547,25.6406,25.8047,601.658,42.75,1.872,1.20267,2.56,90.75,5.09804,5.09804,0,-0.96875,15.6466,33,33,34.5
84.771,0,0,0,0,1.13702,0.99997,1.08536,4,1,1,0.972902,0,0.95508,0.958498,0,0,9.05556,9.16667,8.80556,1870.5,970,377.031,970,984.727,25.3125,126.727,130.406,24.6563,25.875,601.658,42.75,1.832,1.18133,2.512,90.75,5.09804,5.09804,0,-0.78125,15.6466,33,33,34.5
84.804,0,0,0,0,1.13623,0.99997,1.08432,4,1,1,0.972902,0,0.95508,0.956056,0,0,9.00001,9.16667,9.11112,1871.25,970,376.797,970,984.727,25.2891,126.727,130.406,25.5,25.8281,601.658,42.75,1.852,1.184,2.532,90.75,5.09804,5.09804,0,-0.296875,15.6466,33,33,34.5
84.838,0,0,0,0,1.13593,0.99997,1.08295,4,1,1,0.973634,0,0.95508,0.952394,0,0,9.00001,9.19445,9.22223,1869.5,970,377.305,970,984.727,25.3359,126.633,130.406,25.2422,25.8516,601.658,42.75,1.844,1.20267,2.524,90.75,5.09804,5.09804,0,-0.84375,15.6466,33,33,34.5
84.871,0,0,0,0,1.13562,0.99997,1.08188,4,1,1,0.974367,0,0.95508,0.949953,0,0,9.00001,9.16667,9.11112,1866,970,378.164,970,984.727,25.4063,126.609,130.148,25.6875,25.8984,601.658,42.75,1.864,1.20267,2.544,90.75,5.09804,5.09804,0,-0.84375,15.6466,33,33,34.5
84.904,0,0,0,0,1.13568,0.99997,1.08115,4,1,1,0.974367,0,0.95508,0.948488,0,0,9.00001,9.08334,9.16667,1866.5,970,379.141,970,984.727,25.4531,126.609,130.148,25.7813,25.8984,600.994,42.75,1.868,1.20267,2.548,90.75,5.09804,5.09804,0,-0.671875,15.6466,33,33,34.5
84.938,0,0,0,0,1.13562,0.99997,1.07996,4,1,1,0.975099,0,0.95508,0.947267,0,0,9.00001,9.11112,8.83334,1867,970,376.875,970,984.727,25.2891,126.445,130.195,24.2109,25.875,600.994,42.75,1.808,1.16533,2.488,90.75,5.09804,5.09804,0,-0.5,15.6466,33,33,34.5
84.971,0,0,0,0,1.1377,0.99997,1.07877,4,1,1,0.975343,0,0.95508,0.946046,0,0,8.94445,9.1389,9.08334,1863.25,970,377.266,970,987.344,25.3125,126.445,130.008,25.6641,25.9453,600.994,42.75,1.84,1.18933,2.52,90.75,5.09804,5.09804,0,-0.515625,15.6466,33,33,34.5
85.004,0,0,0,0,1.1344,0.99997,1.07791,4,1,1,0.975343,0,0.95508,0.946046,0,0,8.94445,9.1389,9.08334,1861.5,970,377.852,970,984.727,25.3594,126.445,130.008,25.7813,25.9453,600.994,42.75,1.848,1.18133,2.528,90.75,5.09804,5.09804,0,-0.71875,15.6466,33,33,34.5
85.038,0,0,0,0,1.13544,0.99997,1.07706,4,1,1,0.975587,0,0.95508,0.947267,0,0,9.00001,9.08334,9.25001,1862.5,970,379.102,970,984.727,25.4531,126.328,129.961,26.1094,25.9453,600.994,42.75,1.868,1.18667,2.564,90.75,5.09804,5.09804,0,-0.78125,15.6466,33,33,34.5
85.071,0,0,0,0,1.13574,0.99997,1.07675,4,1,1,0.975832,0,0.95508,0.948488,0,0,9.00001,9.11112,8.97223,1860.75,970,378.164,970,984.727,25.3828,126.305,129.938,25.3125,25.9453,600.994,42.75,1.836,1.176,2.532,90.75,5.09804,5.09804,0,-0.59375,15.6466,33,33,34.5
85.104,0,0,0,0,1.13519,0.99997,1.07645,4,1,1,0.975832,0,0.95508,0.949953,0,0,9.00001,9.08334,9.11112,1857.25,970,378.672,970,984.727,25.4063,126.305,129.938,25.7344,26.0156,600.369,42.75,1.848,1.18667,2.544,90.75,5.09804,5.09804,0,-0.453125,15.6466,33,33,34.5
85.138,0,0,0,0,1.13489,0.99997,1.0755,4,1,1,0.976076,0,0.95508,0.949953,0,0,8.94445,9.1389,8.86112,1858,970,377.266,970,984.727,25.2891,126.234,129.633,24.9844,26.0156,600.369,42.75,1.816,1.176,2.504,90.75,5.09804,5.09804,0,-0.640625,15.6466,33,33,34.5
85.171,0,0,0,0,1.13428,0.99997,1.07565,4,1,1,0.97632,0,0.95508,0.951173,0,0,8.94445,9.1389,8.91667,1857.75,970,377.422,970,984.727,25.3125,126.07,129.75,25.1484,25.9688,600.369,42.75,1.824,1.192,2.512,90.75,5.09804,5.09804,0,-0.734375,15.6466,33,33,34.5
85.204,0,0,0,0,1.13385,0.99997,1.07584,4,1,1,0.97632,0,0.95508,0.952394,0,0,8.8889,9.08334,9.22223,1854.75,970,378.125,970,984.727,25.3594,126.07,129.75,26.1797,25.9922,600.369,42.75,1.86,1.17333,2.548,90.75,5.09804,5.09804,0,-0.703125,15.6466,33,33,34.5
85.238,0,0,0,0,1.13391,0.99997,1.07617,4,1,1,0.97632,0,0.95508,0.953615,0,0,8.94445,9.1389,8.97223,1852.25,970,378.789,970,984.727,25.4063,126.117,129.539,25.4531,26.0391,600.369,42.75,1.844,1.19467,2.532,90.75,5.09804,5.09804,0,-0.53125,15.6466,33,33,34.5
85.271,0,0,0,0,1.13385,0.99997,1.07663,4,1,1,0.97632,0,0.95508,0.954835,0,0,8.94445,9.08334,9.00001,1853.25,970,379.531,970,984.727,25.4531,125.953,129.469,25.4766,26.0391,600.369,42.75,1.844,1.192,2.524,90.75,5.09804,5.09804,0,-0.40625,15.6466,33,33,34.5
85.304,0,0,0,0,1.13373,0.99997,1.07663,4,1,1,0.97632,0,0.95508,0.954835,0,0,8.94445,9.1389,9.16667,1852.5,970,380.195,970,984.727,25.5,125.953,129.469,25.9453,26.0391,599.705,42.75,1.86,1.192,2.54,90.75,5.09804,5.09804,0,-0.796875,15.6466,33,33,34.5
85.338,0,0,0,0,1.13373,0.99997,1.07755,4,1,1,0.97632,0,0.95508,0.956056,0,0,9.00001,9.08334,8.94445,1849.75,970,380.078,970,984.727,25.4766,125.883,129.352,25.3359,26.0625,599.705,42,1.844,1.19733,2.524,90.75,5.09804,5.09804,0,-0.703125,15.6466,33,33,34.5
85.371,0,0,0,0,1.13367,0.99997,1.07767,4,1,1,0.976564,0,0.95508,0.956056,0,0,9.00001,9.08334,9.1389,1849.5,970,381.797,970,984.727,25.6172,125.789,129.258,25.875,26.0859,599.705,42,1.876,1.208,2.556,90.75,5.09804,5.09804,0,-0.625,15.6466,33,33,34.5
85.404,0,0,0,0,1.13379,0.99997,1.07782,4,1,1,0.976564,0,0.95508,0.956056,0,0,9.00001,9.08334,8.91667,1849,970,381.172,970,984.727,25.5703,125.789,129.258,25.3828,26.0625,599.705,42,1.852,1.19467,2.532,90.75,5.09804,5.09804,0,-0.34375,15.6466,33,33,34.5
85.438,0,0,0,0,1.13318,0.99997,1.07858,4,1,1,0.976564,0,0.95508,0.957277,0,0,8.94445,9.08334,9.08334,1847.25,970,381.445,970,984.727,25.5703,125.719,129.164,25.9688,26.1094,599.705,42,1.868,1.19467,2.548,90.75,5.09804,5.09804,0,-0.625,15.6466,33,33,34.5
85.471,0,0,0,0,1.13342,0.99997,1.07834,4,1,1,0.976564,0,0.95508,0.956056,0,0,9.00001,9.08334,9.1389,1844.25,970,382.734,970,984.727,25.6641,125.625,128.977,26.0859,26.1563,599.705,42,1.88,1.21067,2.56,90.75,5.09804,5.09804,0,-0.921875,15.6466,33,33,34.5
85.504,0,0,0,0,1.13666,0.99997,1.07852,4,1,1,0.976564,0,0.95508,0.956056,0,0,9.00001,9.16667,9.1389,1844.25,970,382.539,970,987.383,25.6406,125.625,128.977,25.4297,26.1328,599.1,42,1.856,1.20533,2.536,90.75,5.09804,5.09804,0,-0.8125,15.6466,33,33,34.5
85.538,0,0,0,0,1.13324,0.99997,1.07834,4,1,1,0.976564,0,0.95508,0.954835,0,0,9.00001,9.05556,8.97223,1844.75,970,382.539,970,984.727,25.6406,125.531,129,25.5703,26.1094,599.1,42,1.86,1.2,2.556,90.75,5.09804,5.09804,0,-0.453125,15.6466,33,33,34.5
85.571,0,0,0,0,1.13306,0.99997,1.07794,4,1,1,0.976564,0,0.95508,0.953615,0,0,9.00001,9.08334,9.05556,1842.75,970,382.813,970,984.727,25.6641,125.508,128.906,25.8281,26.1563,599.1,42,1.868,1.20533,2.564,90.75,5.09804,5.09804,0,-0.234375,15.6466,33,33,34.5
85.604,0,0,0,0,1.13281,0.99997,1.07806,4,1,1,0.976564,0,0.95508,0.953615,0,0,8.94445,9.08334,9.02778,1839.75,970,382.383,970,984.727,25.6406,125.508,128.906,25.7578,26.2031,599.1,42,1.864,1.192,2.56,90.75,5.09804,5.09804,0,-0.609375,15.6466,33,33,34.5
85.638,0,0,0,0,1.13306,0.99997,1.0781,4,1,1,0.976564,0,0.95508,0.953615,0,0,8.94445,9.08334,9.02778,1838.5,970,382.031,970,984.727,25.5938,125.414,128.695,25.875,26.2266,599.1,42,1.86,1.176,2.548,90.75,5.09804,5.09804,0,-0.765625,15.6466,33,33,34.5
85.671,0,0,0,0,1.13239,0.99997,1.07736,4,1,1,0.982423,0,0.95508,0.952394,0,0,8.94445,9.08334,9.08334,1839.75,970,381.68,970,984.727,25.5703,125.297,128.742,25.3828,26.2031,599.1,42,1.856,1.19467,2.544,90.75,5.09804,5.09804,0,-0.640625,15.6466,33,33,34.5
85.704,0,0,0,0,1.13196,0.99997,1.07736,4,1,1,0.982423,0,0.95508,0.952394,0,0,8.94445,9.1389,9.02778,1838.5,970,382.266,970,984.727,25.6172,125.297,128.742,25.8984,26.2031,598.455,42,1.868,1.19733,2.556,90.75,5.09804,5.09804,0,-0.328125,15.6466,33,33,34.5
85.738,0,0,0,0,1.13159,0.99997,1.07721,4,1,1,1,0,0.95508,0.952394,0,0,8.94445,9.11112,8.94445,1835,970,382.07,970,984.727,25.5938,125.32,128.602,25.6172,26.2266,598.455,42,1.852,1.18933,2.532,90.75,5.09804,5.09804,0,-0.265625,15.6466,33,33,34.5
85.771,0,0,0,0,1.13416,0.99997,1.07645,4,1,1,1,0,0.95508,0.951173,0,0,8.94445,9.08334,8.86112,1834.75,970,380.664,970,987.344,25.4766,125.18,128.461,24.75,26.25,598.455,42,1.832,1.19467,2.512,90.75,5.09804,5.09804,0,-0.71875,15.6466,33,33,34.5
85.804,0,0,0,0,1.13007,0.99997,1.07645,4,1,1,1,0,0.95508,0.951173,0,0,8.8889,9.05556,9.25001,1833.75,970,382.344,970,984.727,25.5938,125.18,128.461,26.6016,26.2734,598.455,42,1.892,1.21867,2.572,90.75,5.09804,5.09804,0,-0.84375,15.6466,33,33,34.5
85.838,0,0,0,0,1.13104,0.99997,1.07617,4,1,1,1,0,0.95508,0.951173,0,0,9.00001,9.05556,9.02778,1831.75,970,384.844,970,984.727,25.7813,125.063,128.367,25.8984,26.2734,598.455,42,1.884,1.22133,2.564,90.75,5.09804,5.09804,0,-0.609375,15.6466,33,33,34.5
85.871,0,0,0,0,1.13123,0.99997,1.07602,4,1,1,1,0,0.95508,0.951173,0,0,9.00001,9.05556,8.83334,1832,970,384.141,970,984.727,25.7344,125.016,128.297,25.2891,26.2734,598.455,42,1.856,1.21067,2.536,90.75,5.09804,5.09804,0,-0.5,15.6466,33,33,34.5
85.904,0,0,0,0,1.13074,0.99997,1.07559,4,1,1,1,0,0.95508,0.951173,0,0,8.94445,9.05556,8.91667,1832,970,383.242,970,984.727,25.6641,125.016,128.297,25.5,26.2734,597.83,42,1.856,1.19467,2.536,90.75,5.09804,5.09804,0,-0.46875,15.6466,33,33,34.5
85.938,0,0,0,0,1.13001,0.99997,1.0755,4,1,1,1,0,0.95508,0.952394,0,0,8.8889,9.05556,9.08334,1828.25,970,383.281,970,984.727,25.6641,124.992,128.32,26.0391,26.2969,597.83,42,1.872,1.192,2.552,90.75,5.09804,5.09804,0,-0.78125,15.6466,33,33,34.5
85.971,0,0,0,0,1.1297,0.99997,1.0752,4,1,1,1,0,0.954591,0.952394,0,0,8.8889,9.05556,9.02778,1825.5,970,383.281,970,984.727,25.6641,124.898,127.969,25.8984,26.3438,597.83,42,1.876,1.19733,2.556,90.75,5.09804,5.09804,0,-0.640625,15.6466,33,33,34.5
86.004,0,0,0,0,1.12946,0.99997,1.07446,4,1,1,1,0,0.954591,0.951173,0,0,8.8889,9.02778,9.00001,1825.75,970,384.141,970,984.727,25.7109,124.898,127.969,25.8047,26.3672,597.83,42,1.868,1.21333,2.548,90.75,5.09804,5.09804,0,-0.578125,15.6466,33,33,34.5
86.038,0,0,0,0,1.13025,0.99997,1.07501,4,1,1,1,0,0.954591,0.952394,0,0,8.8889,9.08334,9.00001,1826.5,970,382.969,970,984.727,25.6172,124.664,128.063,25.3594,26.3203,597.83,42,1.848,1.192,2.528,90.75,5.09804,5.09804,0,-0.28125,15.6466,33,33,34.5
86.071,0,0,0,0,1.12952,0.99997,1.07111,4,1,1,1,0,1,0.952394,0,0,8.8889,9.05556,9.00001,1825.25,970,383.359,970,984.727,25.6641,124.781,127.969,26.0156,26.5781,597.83,42,1.828,1.17867,2.516,90.75,5.09804,5.09804,0,-0.515625,15.6466,34.5,34.5,36
86.104,0,0,0,0,1.12958,0.99997,1.07172,4,1,1,1,0,1,0.952394,0,0,8.94445,9.05556,9.1389,1821.5,970,385.547,970,984.727,25.8281,124.781,127.969,26.3906,26.5781,597.323,42,1.844,1.18667,2.532,90.75,5.09804,5.09804,0,-0.65625,15.6466,32.25,32.25,36
86.138,0,0,0,0,1.13294,0.99997,1.07266,4,1,1,1,0,1,0.953615,0,0,8.94445,9.08334,9.27779,1820.75,970,386.172,970,987.383,25.8516,124.617,127.688,26.2734,26.6719,597.323,42,1.844,1.18133,2.532,90.75,5.09804,5.09804,0,-0.640625,15.6466,32.25,32.25,36
86.171,0,0,0,0,1.1297,0.99997,1.07257,4,1,1,1,0,1,0.954835,0,0,8.94445,9.05556,8.91667,1820.5,970,385.703,970,984.727,25.8047,124.453,127.711,26.0156,26.6953,597.323,42,1.836,1.184,2.516,90.75,5.09804,5.09804,0,-0.5,15.6466,32.25,32.25,36
86.204,0,0,0,0,1.12946,0.99997,1.07361,4,1,1,1,0,1,0.956056,0,0,8.94445,9.05556,9.1389,1820.75,970,387.227,970,984.727,25.9219,124.453,127.711,26.5078,26.6484,597.323,42,1.864,1.18933,2.544,90.75,5.09804,5.09804,0,-0.328125,15.6466,32.25,32.25,36
86.238,0,0,0,0,1.12976,0.99997,1.07367,4,1,1,1,0,1,0.958498,0,0,8.94445,9.1389,9.11112,1817.5,970,386.719,970,984.727,25.8984,124.5,127.664,25.7813,26.6484,597.323,42,1.748,1.184,2.428,90.75,5.09804,5.09804,0,-0.6875,15.6466,32.25,32.25,36
86.271,0,0,0,0,1.1294,0.99997,1.05438,4,1,1,1,0,1,0.959962,0,0,8.94445,9.05556,9.1389,1816.75,970,387.891,970,984.727,25.9688,124.758,127.5,26.5078,26.6719,597.323,42,1.764,1.144,2.444,90.75,5.09804,5.09804,0,-1,15.6466,32.25,32.25,36
86.304,0,0,0,0,1.13233,0.99997,1.06274,4,1,1,1,0,1,0.962404,0,0,8.94445,9.1389,8.83334,1816.25,970,385.703,970,987.383,25.875,124.758,127.5,25.1016,26.6953,596.795,42,1.7,1.10933,2.38,90.75,5.09804,5.09804,0,-0.625,15.6466,32.25,32.25,36
86.338,0,0,0,0,1.13208,0.99997,1.06509,4,1,1,1,0,1,0.963625,0,0,8.94445,9.11112,9.1389,1813.5,970,388.203,970,987.344,26.0391,124.336,127.43,26.6484,26.7656,596.795,42,1.764,1.14133,2.444,90.75,5.09804,5.09804,0,-0.296875,15.6466,32.25,32.25,36
86.371,0,0,0,0,1.12921,0.99997,1.06415,4,1,1,1,0,1,0.964845,0,0,9.00001,9.05556,9.02778,1812,970,388.516,970,984.727,26.0625,124.266,127.242,26.3906,26.8125,596.795,42,1.756,1.13867,2.436,90.75,5.09804,5.09804,0,-0.328125,15.6466,32.25,32.25,36
86.404,0,0,0,0,1.12933,0.99997,1.06201,4,1,1,1,0,1,0.966066,0,0,9.00001,9.05556,9.16667,1813,970,389.258,970,984.727,26.1094,124.266,127.242,26.6484,26.7188,596.795,42,1.756,1.128,2.436,90.75,5.09804,5.09804,0,-0.609375,15.6466,32.25,32.25,36
86.438,0,0,0,0,1.12976,0.99997,1.05927,4,1,1,1,0,1,0.971193,0,0,9.00001,9.05556,9.11112,1813.25,970,390.43,970,984.727,26.2031,124.195,127.336,26.4141,26.7422,596.795,42,1.764,1.144,2.444,90.75,5.09804,5.09804,0,-0.828125,15.6466,32.25,32.25,36
86.471,0,0,0,0,1.12988,0.99997,1.05783,4,1,1,1,0,1,0.974855,0,0,9.00001,9.11112,9.05556,1809,970,390.156,970,984.727,26.1797,124.242,127.078,26.2734,26.7891,596.795,42,1.744,1.13067,2.424,90.75,5.09804,5.09804,0,-0.515625,15.6466,32.25,32.25,36
86.504,0,0,0,0,1.133,0.99997,1.05591,4,1,1,1,0,1,0.978517,0,0,9.00001,9.1389,8.77778,1808.5,970,388.789,970,987.383,26.0625,124.242,127.078,24.8438,26.7891,596.248,42,1.7,1.13867,2.38,90.75,5.09804,5.09804,0,-0.15625,15.6466,32.25,32.25,36
86.538,0,0,0,0,1.12878,0.99997,1.05521,4,1,1,1,0,1,0.983644,0,0,8.94445,9.05556,9.19445,1806.75,970,388.242,970,984.727,26.0156,124.078,127.008,26.3203,26.8359,596.248,42,1.82,1.10933,2.5,90.75,5.09804,5.09804,0,-0.484375,15.6466,32.25,32.25,36
86.571,0,0,0,0,1.12897,0.99997,1.05566,4,1,1,1,0,1,0.988527,0,0,9.00001,9.05556,9.05556,1807,970,389.922,970,984.727,26.1563,124.031,126.984,26.5078,26.8359,596.248,42,1.844,1.18933,2.54,90.75,5.09804,5.09804,0,-0.71875,15.6466,32.25,32.25,36
86.604,0,0,0,0,1.12909,0.99997,1.05515,4,1,1,1,0,1,0.991212,0,0,9.00001,9.05556,9.05556,1804.75,970,390.391,970,984.727,26.1797,124.031,126.984,26.4375,26.8125,596.248,42,1.84,1.18133,2.536,90.75,5.09804,5.09804,0,-0.796875,15.6466,32.25,32.25,36
86.638,0,0,0,0,1.12885,0.99997,1.05615,4,1,1,1,0,1,0.998537,0,0,9.00001,9.05556,9.08334,1805.5,970,389.805,970,984.727,26.1328,124.008,126.914,25.8516,26.8125,596.248,42,1.816,1.17867,2.512,90.75,5.09804,5.09804,0,-0.421875,15.6466,32.25,32.25,36
86.671,0,0,0,0,1.13171,0.99997,1.05576,4,1,1,1,0,1,1.00171,0,0,9.00001,9.11112,9.00001,1803,970,390.625,970,987.344,26.2031,123.961,126.75,26.2969,26.8828,596.248,42,1.836,1.184,2.524,90.75,5.09804,5.09804,0,-0.28125,15.6466,32.25,32.25,36
86.704,0,0,0,0,1.12824,0.99997,1.05606,4,1,1,1,0,1,1.00488,0,0,8.94445,9.16667,9.16667,1800.75,970,390.938,970,984.727,26.2031,123.961,126.75,26.8828,26.8828,595.76,42,1.856,1.17333,2.544,90.75,5.09804,5.09804,0,-0.46875,15.6466,32.25,32.25,36
86.738,0,0,0,0,1.12769,0.99997,1.05737,4,1,1,1,0,1,1.00733,0,0,8.94445,9.1389,9.1389,1799.75,970,391.563,970,984.727,26.25,123.797,126.586,26.7188,26.9063,595.76,42,1.848,1.18133,2.536,90.75,5.09804,5.09804,0,-0.75,15.6466,32.25,32.25,36
86.771,0,0,0,0,1.12793,0.99997,1.05771,4,1,1,1,0,1,1.00733,0,0,9.05556,9.08334,9.27779,1800.5,970,393.359,970,984.727,26.3906,123.727,126.633,27.0703,26.9063,595.76,42,1.88,1.21067,2.576,90.75,5.09804,5.09804,0,-0.671875,15.6466,32.25,32.25,36
86.804,0,0,0,0,1.12848,0.99997,1.05942,4,1,1,1,0,1,1.00733,0,0,9.05556,9.16667,9.16667,1800,970,394.336,970,984.727,26.4609,123.727,126.633,26.6953,26.8828,595.76,42,1.876,1.20533,2.572,90.75,5.09804,5.09804,0,-0.453125,15.6466,32.25,32.25,36
86.838,0,0,0,0,1.12848,0.99997,1.05975,4,1,1,1,0,1,1.00488,0,0,9.05556,9.19445,9.19445,1796.5,970,395.117,970,984.727,26.5078,123.75,126.492,26.8359,26.9297,595.76,42,1.792,1.20267,2.488,90.75,5.09804,5.09804,0,-0.53125,15.6466,32.25,32.25,36
86.871,0,0,0,0,1.13147,0.99997,1.06067,4,1,1,1,0,1,1.00366,0,0,9.05556,9.19445,9.1389,1795.25,970,394.336,970,987.383,26.4609,123.609,126.352,26.0859,26.9531,595.76,42,1.756,1.136,2.452,90.75,5.09804,5.09804,0,-0.703125,15.6466,32.25,32.25,36
86.904,0,0,0,0,1.12756,0.99997,1.06079,4,1,1,1,0,1,1,0,0,9.00001,9.16667,9.25001,1795.25,970,395.156,970,984.727,26.5078,123.609,126.352,27.2344,27,595.233,42,1.792,1.13333,2.488,90.75,5.09804,5.09804,0,-0.75,15.6466,32.25,32.25,36
86.938,0,0,0,0,1.13086,0.99997,1.06201,4,1,1,1,0,1,0.997072,0,0,9.05556,9.19445,9.16667,1794.75,970,395.82,970,987.383,26.5547,123.563,126.352,26.2969,26.9766,595.233,42,1.772,1.16533,2.468,90.75,5.09804,5.09804,0,-0.53125,15.6466,32.25,32.25,36
86.971,0,0,0,0,1.12744,0.99997,1.06262,4,1,1,1,0,1,0.994142,0,0,9.05556,9.19445,9.08334,1792.25,970,395.391,970,984.727,26.5313,123.492,126.188,26.2734,27,595.233,42,1.768,1.144,2.464,90.75,5.09804,5.09804,0,-0.21875,15.6466,32.25,32.25,36
87.004,0,0,0,0,1.12708,0.99997,1.06323,4,1,1,1,0,1,0.992677,0,0,9.05556,9.1389,9.16667,1789.75,970,396.68,970,984.727,26.6016,123.492,126.188,27.1172,27,595.233,42,1.804,1.152,2.5,90.75,5.09804,5.09804,0,-0.484375,15.6466,32.25,32.25,36
87.038,0,0,0,0,1.13159,0.99997,1.06253,4,1,1,1,0,1,0.991212,0,0,9.11112,9.16667,9.02778,1791,970,396.602,970,987.383,26.6016,123.398,126.094,25.9922,27.0234,595.233,42,1.776,1.17067,2.472,90.75,5.09804,5.09804,0,-0.71875,15.6466,32.25,32.25,35.25
87.071,0,0,0,0,1.12756,0.99997,1.0629,4,1,1,1,0,1,0.994142,0,0,9.05556,9.19445,9.16667,1790,970,396.328,970,984.727,26.5781,123.328,126.07,27.1875,27.0469,595.233,42,1.796,1.16267,2.5,90.75,5.09804,5.09804,0,-0.703125,15.6466,32.25,32.25,36
87.104,0,0,0,0,1.13086,0.99997,1.06265,4,1,1,1,0,1,0.997072,0,0,9.05556,9.16667,9.02778,1788.75,970,395.859,970,987.383,26.5547,123.328,126.07,26.0391,27.0234,594.725,42,1.768,1.16,2.472,90.75,5.09804,5.09804,0,-0.5,15.6466,32.25,32.25,36
87.138,0,0,0,0,1.12738,0.99997,1.06387,4,1,1,1,0,1,1.00171,0,0,9.00001,9.16667,9.1389,1785.75,970,396.914,970,984.727,26.6016,123.281,125.883,27.1641,27.0703,594.725,42,1.896,1.15733,2.6,90.75,5.09804,5.09804,0,-0.421875,15.6466,32.25,32.25,36
87.171,0,0,0,0,1.13062,0.99997,1.06372,4,1,1,1,0,1,1.00611,0,0,9.05556,9.1389,9.1389,1787.5,970,397.539,970,987.344,26.6484,123.188,125.93,27,27.0469,594.725,42,1.908,1.22667,2.596,90.75,5.09804,5.09804,0,-0.28125,15.6466,32.25,32.25,36
87.204,0,0,0,0,1.13062,0.99997,1.06348,4,1,1,1,0,1,1.00855,0,0,9.05556,9.19445,8.94445,1784.5,970,396.211,970,987.383,26.5547,123.188,125.93,25.9219,27.0469,594.725,42,1.868,1.216,2.556,90.75,5.09804,5.09804,0,-0.703125,15.6466,32.25,32.25,36
87.238,0,0,0,0,1.12677,0.99997,1.06311,4,1,1,1,0,1,1.01001,0,0,9.05556,9.16667,9.00001,1782.75,970,396.406,970,984.727,26.5547,123.141,125.672,26.0859,27.0938,594.725,42,1.876,1.22667,2.564,90.75,5.09804,5.09804,0,-0.578125,15.6466,32.25,32.25,36
87.271,0,0,0,0,1.12592,0.99997,1.06351,4,1,1,1,0,1,1.01148,0,0,9.00001,9.1389,9.1389,1782.75,970,396.641,970,984.727,26.5781,122.977,125.672,27.1172,27.1172,594.725,42,1.9,1.22133,2.568,90.75,5.09804,5.09804,0,-0.5,15.6466,32.25,32.25,36
87.304,0,0,0,0,1.12866,0.99997,1.06305,4,1,1,1,0,1,1.01148,0,0,9.00001,9.08334,9.19445,1782.75,970,396.836,970,987.383,26.6016,122.977,125.672,26.6953,27.0938,594.217,42,1.896,1.21067,2.564,90.75,5.09804,5.09804,0,-0.3125,15.6466,32.25,32.25,36
87.338,0,0,0,0,1.12848,0.99997,1.06436,4,1,1,1,0,1,1.01001,0,0,9.00001,9.16667,9.19445,1780,970,397.344,970,987.383,26.625,123,125.648,26.8828,27.0938,594.217,42,1.904,1.216,2.572,90,5.09804,5.09804,0,-0.640625,15.6466,32.25,32.25,36
87.371,0,0,0,0,1.12842,0.99997,1.06439,4,1,1,1,0,1,1.00855,0,0,9.00001,9.16667,9.16667,1777.25,970,398.281,970,987.383,26.6953,122.906,125.367,26.9063,27.1172,594.217,42,1.916,1.22933,2.596,90,5.09804,5.09804,0,-0.875,15.6466,32.25,32.25,36
87.404,0,0,0,0,1.12561,0.99997,1.06467,4,1,1,1,0,1,1.00611,0,0,9.05556,9.1389,9.16667,1777.25,970,400.625,970,984.727,26.8594,122.906,125.367,27.4219,27.1641,594.217,42,1.94,1.24267,2.62,90,5.09804,5.09804,0,-0.859375,15.6466,32.25,32.25,35.25
87.438,0,0,0,0,1.12921,0.99997,1.06348,4,1,1,1,0,1,1.00171,0,0,9.11112,9.16667,9.25001,1778.5,970,400.742,970,987.383,26.8828,122.742,125.414,26.8828,27.1406,594.217,42,1.832,1.232,2.512,90,5.09804,5.09804,0,-0.578125,15.6466,32.25,32.25,35.25
87.471,0,0,0,0,1.12598,0.99997,1.06436,4,1,1,1,0,1,0.998537,0,0,9.05556,9.05556,9.02778,1777.5,970,400.078,970,984.727,26.8125,122.789,125.391,26.9766,27.1172,594.217,42,1.828,1.17867,2.508,90,5.09804,5.09804,0,-0.078125,15.6466,32.25,32.25,35.25
87.504,0,0,0,0,1.12878,0.99997,1.06439,4,1,1,1,0,1,0.997072,0,0,9.05556,9.08334,9.25001,1773,970,399.688,970,987.383,26.7891,122.789,125.391,27.0703,27.1641,593.709,42,1.82,1.16267,2.5,90,5.09804,5.09804,0,-0.484375,15.6466,32.25,32.25,35.25
87.538,0,0,0,0,1.12878,0.99997,1.06412,4,1,1,1,0,1,0.994142,0,0,9.00001,9.08334,9.11112,1772.5,970,399.688,970,987.383,26.7656,122.719,125.133,26.7891,27.2109,593.709,42,1.82,1.17333,2.5,90.75,5.09804,5.09804,0,-0.796875,15.6466,32.25,32.25,35.25
87.571,0,0,0,0,1.12854,0.99997,1.06433,4,1,1,1,0,1,0.992677,0,0,9.00001,9.05556,9.1389,1773.25,970,399.141,970,987.383,26.7422,122.531,125.156,26.9063,27.2109,593.709,42,1.824,1.16267,2.504,90.75,5.09804,5.09804,0,-0.625,15.6466,32.25,32.25,35.25
87.604,0,0,0,0,1.12543,0.99997,1.06427,4,1,1,1,0,1,0.989992,0,0,9.00001,9.05556,9.16667,1771,970,400.117,970,984.727,26.8125,122.531,125.156,27.6563,27.1875,593.709,42,1.84,1.16267,2.52,90.75,5.09804,5.09804,0,-0.40625,15.6466,32.25,32.25,35.25
87.638,0,0,0,0,1.1261,0.99997,1.06369,4,1,1,1,0,1,0.991212,0,0,9.05556,9.02778,9.16667,1769,970,401.758,970,984.727,26.9297,122.555,125.039,27.4688,27.2109,593.709,42,1.852,1.18667,2.532,90.75,5.09804,5.09804,0,-0.234375,15.6466,32.25,32.25,35.25
87.671,0,0,0,0,1.12964,0.99997,1.06387,4,1,1,1,0,1,0.992677,0,0,9.05556,9.08334,9.16667,1770,970,401.406,970,987.383,26.9063,122.461,125.016,26.8594,27.2109,593.709,42,1.828,1.17867,2.508,90.75,5.09804,5.09804,0,-0.71875,15.6466,32.25,32.25,35.25
87.704,0,0,0,0,1.12964,0.99997,1.06378,4,1,1,1,0,1,0.994142,0,0,9.05556,9.05556,9.19445,1770,970,402.422,970,987.344,26.9766,122.461,125.016,27.5859,27.8203,593.201,42,1.848,1.192,2.528,90.75,5.09804,5.09804,0,-0.8125,16.0067,32.25,32.25,35.25
87.738,0,0,0,0,1.12958,0.99997,1.06336,4,1,1,1,0,1,0.997072,0,0,9.00001,9.08334,8.77778,1765,970,399.297,970,987.383,26.7422,122.461,124.945,25.875,28.4297,593.201,42,1.884,1.16267,2.552,90.75,5.09804,5.09804,0,-0.703125,16.3668,32.25,32.25,35.25
87.771,0,0,0,0,1.12854,0.99997,1.06213,4,1,1,1,0,1,0.998537,0,0,8.94445,9.05556,8.94445,1764.5,970,398.047,970,987.383,26.625,122.344,124.664,26.4375,29.7656,593.201,42,1.9,1.216,2.568,90.75,5.09804,5.09804,0,-0.4375,17.0855,32.25,32.25,36
87.804,0,0,0,0,1.12793,0.99997,1.06284,4,1,1,1,0,1,1.00171,0,0,8.94445,9.16667,9.05556,1765,970,398.281,970,987.383,26.6484,122.344,124.664,26.7891,30.3984,593.201,42,1.924,1.22133,2.592,90.75,5.09804,5.4902,0,-0.546875,17.4456,32.25,32.25,36
87.838,0,0,0,0,1.12726,0.99997,1.0629,4,1,1,1,0,1,1.00611,0,0,8.94445,10,9.47223,1765.5,970,401.211,970,987.383,26.8594,122.156,124.758,28.0547,30.9844,593.201,42,1.96,1.248,2.64,90.75,5.4902,5.4902,0,-0.671875,17.8057,32.25,32.25,35.25
87.871,0,0,0,0,1.12592,0.99997,1.06217,4,1,1,1,0,1,1.00611,0,0,9.11112,10.1389,9.8889,1763.25,970,404.961,970,987.383,27.1406,122.227,124.617,29.3438,32.3203,593.201,42,2.004,1.28267,2.684,90.75,5.4902,5.4902,0,-0.6875,18.5244,32.25,32.25,35.25
87.904,0,0,0,0,1.12518,0.99997,1.06061,4,1,1,1,0,1,1.00488,0,0,9.16667,10.1111,9.83334,1761,970,412.031,970,987.344,27.6797,122.227,124.617,29.8359,33.5859,592.694,42,2.056,1.29333,2.736,90.75,5.4902,5.88235,0,-0.40625,19.2447,32.25,32.25,35.25
87.938,0,0,0,0,1.12494,0.99997,1.06116,4,1,1,1,0,1,1.00488,0,0,9.41667,11.0556,9.97223,1762.25,970,419.453,970,987.383,28.2188,122.109,124.547,29.5547,34.875,592.694,42,2.072,1.32267,2.752,90,6.27451,6.27451,0,-0.21875,19.9633,31.5,31.5,35.25
87.971,0,0,0,0,1.1192,0.99997,1.06256,4,1,1,1,0,1,1.00488,0,0,9.6389,10.9445,10.8611,1762.25,970,426.328,970,984.727,28.7344,122.086,124.57,32.7891,35.5078,592.694,42,2.2,1.4,2.88,90,6.27451,6.27451,0,-0.390625,20.3235,31.5,31.5,35.25
88.004,0,0,0,0,1.11926,0.99997,1.06064,4,1,1,1,0,1,1,0,0,9.75001,11.0556,10.4722,1760,970,435.195,970,984.727,29.4141,122.086,124.57,31.4766,36.1406,592.694,42,2.216,1.416,2.896,90,6.27451,6.66667,0,-0.75,20.6836,31.5,31.5,34.5
88.038,0,0,0,0,1.11841,0.99997,1.06125,4,1,1,1,0,1,0.998537,0,0,9.97223,11.7222,10.9722,1760.25,970,443.984,970,984.727,30.0469,122.086,124.406,32.8125,36.8203,592.694,41.25,2.176,1.384,2.856,90,6.66667,6.66667,0,-0.5625,21.0422,30.75,30.75,33.75
88.071,0,0,0,0,1.11658,0.99997,1.06162,4,1,1,1,0,1,0.997072,0,0,10.3333,11.9167,11.5,1761.25,970,454.727,970,984.727,30.8672,121.969,124.5,34.3125,36.7969,592.694,41.25,2.292,1.45867,2.972,90,6.66667,7.05883,0,-0.578125,21.0422,31.5,31.5,34.5
88.104,0,0,0,0,1.11548,0.99997,1.06162,4,1,1,1,0,1,0.995607,0,0,10.5,12.3889,11.4445,1758.75,970,464.531,970,984.727,31.5938,121.969,124.5,34.125,37.5938,592.205,41.25,2.292,1.472,2.972,90,7.05883,7.05883,0,-0.171875,21.4023,31.5,31.5,33.75
88.138,0,0,0,0,1.11377,0.99997,1.06238,4,1,1,1,0,1,0.994142,0,0,10.6945,12.4445,11.9722,1757,970,476.25,970,984.727,32.4609,122.016,124.289,35.7188,37.6172,592.205,42,2.412,1.52,3.092,90,7.05883,7.05883,0,-0.625,21.4023,30,30,33
88.171,0,0,0,0,1.11249,0.99997,1.06329,4,1,1,1,0,1,0.994142,0,0,11.0833,12.3611,12,1758.5,970,484.688,970,984.727,33.0938,121.875,124.359,35.7656,37.6172,592.205,42,2.444,1.55467,3.132,90,7.05883,7.05883,0,-0.671875,21.4023,30,30,33
88.204,0,0,0,0,1.11145,0.99997,1.06479,4,1,1,1,0,1,0.997072,0,0,11.1945,12.4167,11.8889,1773,970,490.352,970,984.727,33.5156,121.875,124.359,35.1328,38.25,592.205,42,2.424,1.54134,3.112,90,7.05883,7.05883,0,-0.9375,21.7624,30.75,30.75,33
88.238,0,0,0,0,1.11261,0.99997,1.0669,4,1,1,1,0,1,1.00611,0,0,11.4445,12.6111,11.8889,1787.25,970,493.906,970,987.344,33.9141,122.344,125.906,34.8516,37.7109,592.205,41.25,2.436,1.53334,3.124,90,7.05883,7.05883,0,-0.3125,21.7624,8.25,8.25,8.25
88.271,0,0,0,0,1.10797,0.99997,1.06824,4,1,1,1,0,1,1.01319,0,0,11.5,12.6667,11.9445,1769,970,497.813,970,984.727,34.1953,123.492,124.922,35.4844,37.875,592.205,41.25,2.476,1.58134,3.164,90,7.05883,7.05883,0,-0.3125,21.7624,30.75,30.75,33
88.304,0,0,0,0,1.10645,0.99997,1.06818,4,1,1,1,0,1,1.01489,0,0,11.5,12.6389,12.4167,1749,970,504.531,970,984.727,34.7109,123.492,124.922,37.2656,38.4375,591.717,41.25,2.576,1.59734,3.264,90,7.05883,7.05883,0,-0.484375,21.7624,30,30,32.25
88.338,0,0,0,0,1.10822,0.99997,1.07065,4,1,1,1,0,1,1.01831,0,0,11.6111,12.6945,12.5833,1751,970,510.313,970,987.383,35.0625,122.156,123.773,37.2188,39.75,591.717,42,2.704,1.61867,3.392,90,7.05883,7.45098,0,-0.875,22.1225,30,30,32.25
88.371,0,0,0,0,1.10754,0.99997,1.07147,4,1,1,1,0,1,1.01831,0,0,11.7778,12.6667,12.4722,1755.25,970,515.938,970,987.383,35.4844,121.523,124.195,37.0547,41.2266,591.717,42,2.728,1.72534,3.408,90,7.45098,7.45098,0,-0.765625,22.8412,30,30,32.25
88.404,0,0,0,0,1.10687,0.99997,1.07315,4,1,1,1,0,1,1.02149,0,0,11.9445,12.7778,12.3333,1758.25,970,520.039,970,987.383,35.8359,121.523,124.195,36.6797,40.7109,591.717,42,2.764,1.77334,3.444,90,7.45098,7.84314,0,-0.640625,22.8412,21.75,21.75,21.75
88.438,0,0,0,0,1.1048,0.99997,1.07431,4,1,1,1,0,1,1.02319,0,0,12.0278,13.3611,13.1667,1755.5,970,527.461,970,987.383,36.3984,121.852,124.336,39.2813,40.5703,591.717,41.25,2.876,1.74667,3.556,90,7.84314,7.84314,0,-0.1875,22.8412,28.5,28.5,31.5
88.471,0,0,0,0,1.10352,0.99997,1.07407,4,1,1,1,0,1,1.02149,0,0,12.25,13.4167,13.1389,1751.5,970,536.328,970,987.383,37.0313,121.875,124.102,39.3281,41.3906,591.717,41.25,2.888,1.85867,3.568,90,7.84314,7.84314,0,-0.546875,23.2013,28.5,28.5,31.5
88.504,0,0,0,0,1.10297,0.99997,1.07318,4,1,1,1,0,1,1.0166,0,0,12.3611,13.3333,12.8611,1750.75,970,538.555,970,987.383,37.2188,121.875,124.102,38.5078,41.5313,591.307,41.25,2.856,1.832,3.536,90,7.84314,7.84314,0,-0.703125,23.2013,28.5,28.5,31.5
88.538,0,0,0,0,1.10193,0.99997,1.07288,4,1,1,1,0,1,1.00733,0,0,12.5833,13.3889,13.0278,1756.25,970,546.289,970,987.383,37.7813,121.688,124.008,38.9297,41.4375,591.307,41.25,2.908,1.872,3.588,90,7.84314,7.84314,0,-0.65625,23.2013,27.75,27.75,31.5
88.571,0,0,0,0,1.10419,0.99997,1.0719,4,1,1,1,0,1,1,0,0,12.6667,13.4167,13.0556,1756.5,970,548.125,970,990,37.9219,121.711,124.242,37.9922,41.4141,591.307,41.25,2.868,1.872,3.548,90,7.84314,7.84314,0,-0.421875,23.2013,27.75,27.75,31.5
88.604,0,0,0,0,1.10285,0.99997,1.06979,4,1,1,1,0,1,0.989992,0,0,12.6667,13.5556,13.1945,1754,970,549.766,970,990.039,38.0625,121.711,124.242,39,41.4141,591.307,41.25,2.904,1.84,3.584,90,7.84314,7.84314,0,-0.359375,23.2013,27.75,27.75,31.5
88.638,0,0,0,0,1.10138,0.99997,1.06903,4,1,1,1,0,1,0.986085,0,0,12.7778,13.9722,13.0833,1752,970,553.945,970,990.039,38.3672,121.828,124.031,38.9531,41.4844,591.307,41.25,2.748,1.86934,3.428,90,7.84314,7.84314,0,-0.515625,23.2013,27.75,27.75,31.5
88.671,0,0,0,0,1.09961,0.99997,1.06711,4,1,1,1,0,1,0.981203,0,0,12.8333,13.8889,13.4722,1752.5,970,556.68,970,990.039,38.5547,121.688,124.031,40.1953,41.4609,591.307,41.25,2.82,1.80534,3.5,90,7.84314,7.84314,0,-0.828125,23.2013,27.75,27.75,31.5
88.704,0,0,0,0,1.10162,0.99997,1.06583,4,1,1,1,0,1,0.979982,0,0,12.9445,13.9167,13.4167,1755,970,560.234,970,992.656,38.8359,121.688,124.031,39.4219,41.4141,590.897,41.25,2.784,1.81067,3.464,90,7.84314,7.84314,0,-0.640625,23.2013,27.75,27.75,31.5
88.738,0,0,0,0,1.09979,0.99997,1.06351,4,1,1,1,0,1,0.977296,0,0,13,13.8611,13.2778,1754.5,970,562.305,970,992.656,39,121.734,124.195,39.3047,41.4141,590.897,41.25,2.792,1.78667,3.472,90.75,7.84314,7.84314,0,-0.53125,23.2013,27.75,27.75,31.5
88.771,0,0,0,0,1.09882,0.99997,1.06305,4,1,1,1,0,1,0.977296,0,0,13.1111,13.8333,13.5278,1752,970,565.742,970,992.656,39.2578,121.805,124.008,40.2656,41.4375,590.897,41.25,2.848,1.824,3.536,90.75,7.84314,7.84314,0,-0.515625,23.2013,27.75,27.75,30.75
88.804,0,0,0,0,1.09802,0.99997,1.06217,4,1,1,1,0,1,0.981203,0,0,13.1667,13.7778,13.4445,1752,970,568.789,970,992.656,39.4688,121.805,124.008,40.1016,41.4375,590.897,41.25,2.844,1.83467,3.532,90.75,7.84314,7.84314,0,-0.59375,23.2013,27.75,27.75,30.75
88.838,0,0,0,0,1.09985,0.99997,1.0621,4,1,1,1,0,1,0.988527,0,0,13.2222,13.6667,13.5556,1755,970,571.172,970,995.273,39.6563,121.688,124.055,40.4531,41.4141,590.897,41.25,2.876,1.82934,3.564,90,7.84314,7.84314,0,-0.640625,23.2013,27.75,27.75,30.75
88.871,0,0,0,0,1.09912,0.99997,1.0625,4,1,1,1,0,1,0.995607,0,0,13.2222,13.8611,13.5833,1755.5,970,570.508,970,995.313,39.6094,121.758,124.195,40.0781,41.4375,590.897,41.25,2.84,1.81867,3.52,90,7.84314,7.84314,0,1.14063,23.2013,27.75,27.75,30.75
88.904,0,0,0,0,1.09815,0.99997,1.06384,4,1,1,1,0,1,1.00171,0,0,13.2778,13.8333,13.2778,1754.5,970,570.547,970,995.313,39.6094,121.758,124.195,39.3984,41.3906,590.467,41.25,2.82,1.81867,3.5,90,7.84314,7.84314,0,5.98438,23.2013,27,27,30.75
88.938,0,0,0,0,1.09668,0.99997,1.06262,4,1,1,1,0,1,1.00366,0,0,13.2778,13.7778,13.3611,1752.75,970,570.898,970,995.313,39.6328,121.852,124.078,39.2109,42.2109,590.467,41.25,2.948,1.82934,3.628,90,7.84314,7.84314,0,12.2344,23.5614,28.5,28.5,32.25
88.971,0,0,0,0,1.09821,0.99997,1.06351,4,1,1,1,0,1,1.00488,0,0,13.2778,13.7778,13.6111,1755.5,970,571.289,970,997.969,39.6563,122.063,124.195,40.0781,42.1641,590.467,41.25,2.972,1.90667,3.652,90,7.84314,7.84314,0,13.5469,23.5614,28.5,28.5,32.25
89.004,0,0,0,0,1.09711,0.99997,1.06238,4,1,1,1,0,1,1.00171,0,0,12.8333,13.75,13.4445,1754,970,573.281,970,997.969,38.6016,122.063,124.195,39.8672,42.1875,590.467,41.25,2.9,1.80534,3.58,90,7.84314,8.2353,0,16.2969,23.5614,30.75,30.75,34.5
89.038,0,0,0,0,1.09699,0.99997,1.06043,4,1,1,1,0,1,0.995607,0,0,12.6389,13.8056,13.4167,1751.5,970,579.063,970,997.969,38.0391,120.797,124.055,40.0078,42.3047,590.467,41.25,2.856,1.8,3.536,90,7.84314,8.2353,0,19.0781,23.5614,33,33,35.25
89.071,0,0,0,0,1.09888,0.99997,1.05814,4,1,1,1,0,1,0.991212,0,0,12.7222,13.8333,13.5,1753.25,970,583.867,970,1000.59,37.5469,120.891,124.078,39.6797,43.0781,590.467,41.25,2.772,1.832,3.46,90,7.84314,8.2353,0,20.0469,23.92,33,33,35.25
89.104,0,0,0,0,1.0976,0.99997,1.05624,4,1,1,1,0,1,0.983644,0,0,12.6389,13.8611,13.3333,1755,970,586.523,970,1000.59,37.7578,120.891,124.078,39.3047,42.6328,590.057,41.25,2.796,1.792,3.484,90,7.84314,8.2353,0,20.875,23.92,33,33,36
89.138,0,0,0,0,1.09607,0.99997,1.05307,4,1,1,1,0,1,0.976076,0,0,12.6389,13.8333,13.5,1757.5,970,596.289,970,1000.59,38.0859,121.125,124.195,40.0781,42.6328,590.057,41.25,2.872,1.816,3.56,90,7.84314,8.2353,0,20.8438,23.92,33.75,33.75,36
89.171,0,0,0,0,1.09522,0.99997,1.04971,4,1,1,1,0,1,0.972414,0,0,12.7778,13.9445,13.6389,1754.75,970,601.992,970,1000.59,38.5313,121.594,124.242,40.6406,42.6563,590.057,41.25,2.9,1.82934,3.588,90,8.2353,8.2353,0,20.6875,23.92,33.75,33.75,36
89.204,0,0,0,0,1.09418,0.99997,1.04779,4,1,1,1,0,1,0.971193,0,0,12.8889,13.9722,13.4167,1753.5,970,604.258,970,1000.59,38.6953,121.594,124.242,40.0313,42.7734,590.057,41.25,2.888,1.85867,3.576,90,8.2353,8.2353,0,20.9688,23.92,33,33,35.25
89.238,0,0,0,0,1.09497,0.99997,1.04541,4,1,1,1,0,1,0.972414,0,0,13,14,13.6667,1755.5,970,608.711,970,1003.24,39.0234,122.016,124.195,40.3359,42.8672,590.057,40.5,2.772,1.84,3.46,90,8.2353,8.2353,0,21.2813,23.92,33,33,36
89.271,0,0,0,0,1.09351,0.99997,1.04398,4,1,1,1,0,1,0.973634,0,0,13.0556,14.0278,13.3889,1756,970,609.57,970,1003.24,39.0938,122.016,124.219,39.6094,42.8438,590.057,40.5,2.764,1.768,3.452,90,8.2353,8.2353,0,21.0469,23.92,33,33,36
89.304,0,0,0,0,1.09222,0.99997,1.043,4,1,1,1,0,1,0.973634,0,0,13.1111,14.0278,13.5833,1755.5,970,613.477,970,1003.24,39.3984,122.016,124.219,40.3594,42.9844,589.686,40.5,2.796,1.78667,3.484,90,8.2353,8.2353,0,20.7813,23.92,32.25,32.25,35.25
89.338,0,0,0,0,1.09052,0.99997,1.04233,4,1,1,1,0,1,0.974855,0,0,13.2222,14.1667,13.6111,1755.5,970,617.344,970,1003.24,39.6797,122.016,124.148,40.5938,43.7344,589.686,40.5,2.808,1.792,3.488,90,8.2353,8.2353,0,20.75,24.2801,33,33,35.25
89.371,0,0,0,0,1.09198,0.99997,1.04303,4,1,1,1,0,1,0.977296,0,0,13.2778,14.3056,13.5556,1755.75,970,617.539,970,1005.86,39.6797,121.992,124.219,39.8203,43.7344,589.686,40.5,2.784,1.784,3.464,90,8.2353,8.2353,0,20.9063,24.2801,33,33,35.25
89.404,0,0,0,0,1.08978,0.99997,1.04422,4,1,1,1,0,1,0.983644,0,0,13.2778,14.3333,14.1111,1756.5,970,621.484,970,1005.86,39.9844,121.992,124.219,41.7422,43.7109,589.686,40.5,2.856,1.79734,3.536,90,8.2353,8.2353,0,21.25,24.2801,31.5,31.5,35.25
89.438,0,0,0,0,1.08862,0.99997,1.04395,4,1,1,1,0,1,0.989992,0,0,13.4167,14.5556,13.6389,1756,970,624.492,970,1005.86,40.2188,122.063,124.195,40.5469,43.7109,589.686,40.5,2.828,1.81334,3.508,90,8.62745,8.62745,0,21.1563,24.2801,32.25,32.25,36
89.471,0,0,0,0,1.08667,0.99997,1.04562,4,1,1,1,0,1,0.997072,0,0,13.5833,14.5556,14.1111,1757.25,970,629.375,970,1005.86,40.5938,122.086,124.289,42,43.6875,589.686,40.5,2.896,1.856,3.576,90,8.62745,8.62745,0,20.8438,24.2801,32.25,32.25,35.25
89.504,0,0,0,0,1.08862,0.99997,1.04559,4,1,1,1,0,1,1,0,0,13.6389,14.5833,14.2778,1758,970,634.141,970,1008.52,40.9688,122.086,124.289,42,43.6875,589.334,40.5,2.92,1.88267,3.6,90,8.62745,8.62745,0,20.8281,24.2801,32.25,32.25,35.25
89.538,0,0,0,0,1.08698,0.99997,1.04788,4,1,1,1,0,1,1.00611,0,0,13.75,14.5833,14.1667,1757.75,970,636.445,970,1008.52,41.1563,122.156,124.336,41.9766,43.7109,589.334,40.5,3.08,1.86934,3.76,90,8.62745,8.62745,0,21.1406,24.2801,31.5,31.5,34.5
89.571,0,0,0,0,1.086,0.99997,1.04852,4,1,1,1,0,1,1.01001,0,0,13.9167,14.5,14.2778,1758.75,970,641.016,970,1008.52,41.5078,122.203,124.383,42.4219,43.6875,589.334,40.5,3.112,2.00267,3.8,90,8.62745,8.62745,0,21.25,24.2801,30.75,30.75,34.5
89.604,0,0,0,0,1.08545,0.99997,1.04944,4,1,1,1,0,1,1.01489,0,0,13.9167,14.5278,14.1667,1756.75,970,643.281,970,1008.52,41.6719,122.203,124.383,42.2813,43.6875,589.334,40.5,3.116,2.008,3.804,90,8.62745,8.62745,0,20.9844,24.2801,31.5,31.5,35.25
89.638,0,0,0,0,1.08417,0.99997,1.04877,4,1,1,1,0,1,1.01319,0,0,13.9722,14.4722,14.0556,1760,970,643.828,970,1008.52,41.7188,122.25,124.336,41.9063,43.6641,589.334,40.5,3.1,1.99734,3.788,90,8.62745,8.62745,0,20.7813,24.2801,30.75,30.75,34.5
89.671,0,0,0,0,1.08612,0.99997,1.05011,4,1,1,1,0,1,1.01489,0,0,13.9722,14.5,13.8889,1761.25,970,643.672,970,1011.17,41.6953,122.273,124.5,40.8047,43.6406,589.334,40.5,3.064,1.97867,3.752,90,8.62745,8.62745,0,20.75,24.2801,31.5,31.5,35.25
89.704,0,0,0,0,1.08502,0.99997,1.05069,4,1,1,1,0,1,1.01001,0,0,14,14.4445,14.3333,1759,970,645.781,970,1011.17,41.8828,122.273,124.5,42.4453,43.6875,588.963,40.5,3.128,2.01334,3.816,90,8.62745,8.62745,0,21.1719,24.2801,31.5,31.5,35.25
89.738,0,0,0,0,1.08386,0.99997,1.04825,4,1,1,1,0,1,0.998537,0,0,13.9722,14.4445,14.1389,1759.5,970,645.547,970,1011.17,41.8359,122.344,124.383,42.1641,43.7578,588.963,40.5,3.12,1.99467,3.808,90,8.62745,8.62745,0,21.1563,24.2801,31.5,31.5,34.5
89.771,0,0,0,0,1.08258,0.99997,1.04883,4,1,1,1,0,1,0.994142,0,0,14,14.4445,13.9722,1761.75,970,644.961,970,1011.17,41.8125,122.297,124.547,41.7891,43.6641,588.963,40.5,3.096,1.992,3.784,90,8.62745,8.62745,0,21.1094,24.2801,32.25,32.25,35.25
89.804,0,0,0,0,1.08423,0.99997,1.04767,4,1,1,1,0,1,0.991212,0,0,14,14.4445,14.1111,1760.25,970,644.648,970,1013.79,41.7891,122.297,124.547,41.625,43.6875,588.963,40.5,3.088,1.992,3.776,90,8.62745,8.62745,0,20.6719,24.2801,32.25,32.25,35.25
89.838,0,0,0,0,1.08295,0.99997,1.04584,4,1,1,1,0,1,0.984865,0,0,14,14.4445,14.1945,1760,970,646.094,970,1013.79,41.8828,122.391,124.406,42.1406,43.6641,588.963,40.5,2.956,2.00534,3.644,90,8.62745,8.62745,0,20.9219,24.2801,31.5,31.5,35.25
89.871,0,0,0,0,1.0849,0.99997,1.04553,4,1,1,1,0,1,0.983644,0,0,14.0556,14.4722,14.1111,1760.75,970,645.43,970,1016.41,41.8594,122.297,124.477,41.3906,43.6875,588.963,40.5,2.94,1.90667,3.628,90,8.62745,8.62745,0,20.8906,24.2801,31.5,31.5,35.25
89.904,0,0,0,0,1.08087,0.99997,1.04428,4,1,1,1,0,1,0.982423,0,0,14,14.4722,14.1667,1761.5,970,645.156,970,1013.79,41.8359,122.297,124.477,41.6953,43.6641,588.592,40.5,2.944,1.89334,3.632,90,8.62745,8.62745,0,21.4375,24.2801,31.5,31.5,36
89.938,0,0,0,0,1.0824,0.99997,1.04324,4,1,1,1,0,1,0.979982,0,0,14.0556,14.5278,14.0556,1762.5,970,645.742,970,1016.45,41.8828,122.391,124.547,41.5781,43.7109,588.592,40.5,2.948,1.90134,3.628,90,8.62745,8.62745,0,20.9375,24.2801,31.5,31.5,35.25
89.971,0,0,0,0,1.08106,0.99997,1.04297,4,1,1,1,0,1,0.979982,0,0,14.0556,14.4445,14.3333,1763,970,646.563,970,1016.45,41.9531,122.438,124.594,42.4453,43.6172,588.592,40.5,2.964,1.90934,3.644,90,8.62745,8.62745,0,20.8906,24.2801,32.25,32.25,36
90.004,0,0,0,0,1.08356,0.99997,1.0423,4,1,1,1,0,1,0.982423,0,0,14.1111,14.7222,14.3889,1762.5,970,647.891,970,1019.1,42.0469,122.438,124.594,42.1406,43.6406,588.592,40.5,2.952,1.92,3.632,90,8.62745,8.62745,0,20.7813,24.2801,31.5,31.5,36
90.038,0,0,0,0,1.08289,0.99997,1.04208,4,1,1,1,0,1,0.987306,0,0,14.1111,14.4167,14.3611,1763.5,970,649.063,970,1019.1,42.1406,122.484,124.617,42.4453,43.6875,588.592,40.5,2.976,1.90934,3.656,90,8.62745,8.62745,0,21.3125,24.2801,32.25,32.25,35.25
90.071,0,0,0,0,1.08228,0.99997,1.04199,4,1,1,1,0,1,0.992677,0,0,14.1667,14.5833,14.5556,1762.5,970,650.586,970,1019.1,42.2578,122.484,124.57,43.1484,43.6641,588.592,40.5,2.992,1.928,3.672,90,8.62745,8.62745,0,21.125,24.2801,32.25,32.25,35.25
90.104,0,0,0,0,1.08179,0.99997,1.04138,4,1,1,1,0,1,0.995607,0,0,14.1667,14.5556,14.4167,1762.25,970,651.328,970,1019.1,42.3047,122.484,124.57,42.8438,43.6641,588.299,40.5,2.988,1.912,3.668,90,8.62745,8.62745,0,21.0313,24.2801,32.25,32.25,35.25
90.138,0,0,0,0,1.08392,0.99997,1.04181,4,1,1,1,0,1,1.00171,0,0,14.2222,14.5833,14.5278,1763.75,970,652.227,970,1021.72,42.3984,122.461,124.617,42.6094,43.6406,588.299,40.5,3.128,2.016,3.808,90,8.62745,8.62745,0,20.6719,24.2801,31.5,31.5,35.25
90.171,0,0,0,0,1.08246,0.99997,1.04044,4,1,1,1,0,1,1.00171,0,0,14.2222,14.6111,14.3611,1765,970,650.664,970,1021.72,42.2813,122.531,124.711,42.375,43.6172,588.299,40.5,3.104,2.00267,3.792,90,8.62745,8.62745,0,21.125,24.2801,31.5,31.5,35.25
90.204,0,0,0,0,1.08173,0.99997,1.04132,4,1,1,1,0,1,1.00611,0,0,14.2222,14.5556,14.4722,1765.75,970,652.383,970,1021.72,42.4219,122.531,124.711,42.8438,43.6172,588.299,40.5,3.14,2.01867,3.828,90,8.62745,8.62745,0,21.25,24.2801,32.25,32.25,35.25
90.238,0,0,0,0,1.08087,0.99997,1.04218,4,1,1,1,0,1,1.01148,0,0,14.2222,14.5556,14.2778,1767.75,970,651.836,970,1021.72,42.3984,122.602,124.781,42.3984,43.5938,588.299,40.5,3.124,2.008,3.812,90,8.62745,8.62745,0,21.2344,24.2801,32.25,32.25,36
90.271,0,0,0,0,1.08301,0.99997,1.04138,4,1,1,1,0,1,1.01148,0,0,14.3333,14.4722,14.5833,1766,970,654.18,970,1024.34,42.5625,122.625,124.758,43.4063,43.6172,588.299,40.5,3.172,2.04534,3.86,90,8.62745,8.62745,0,20.6719,24.2801,32.25,32.25,36
90.304,0,0,0,0,1.08313,0.99997,1.04138,4,1,1,1,0,1,1.00611,0,0,14.3333,14.5278,14.5278,1765.75,970,655.469,970,1024.38,42.6563,122.625,124.758,42.8203,43.6406,587.987,40.5,3.156,2.04,3.844,90,8.62745,8.62745,0,20.8594,24.2801,32.25,32.25,36
90.338,0,0,0,0,1.08246,0.99997,1.04025,4,1,1,1,0,1,0.998537,0,0,14.3333,14.5556,14.75,1765.5,970,656.602,970,1024.38,42.75,122.625,124.781,43.7109,43.6406,587.987,40.5,3.176,2.02667,3.864,90,8.62745,8.62745,0,20.75,24.2801,31.5,31.5,36
90.371,0,0,0,0,1.08222,0.99997,1.04086,4,1,1,1,0,1,0.995607,0,0,14.3333,14.5,14.3333,1767.25,970,655.43,970,1024.38,42.6563,122.648,124.828,42.5625,43.6172,587.987,40.5,3.14,2.02667,3.836,90,8.62745,8.62745,0,21.4688,24.2801,31.5,31.5,36
90.404,0,0,0,0,1.08429,0.99997,1.0405,4,1,1,1,0,1,0.992677,0,0,14.3889,14.5278,14.5278,1768.5,970,654.883,970,1026.99,42.6328,122.648,124.828,42.5625,43.5234,587.987,40.5,3.14,2.01867,3.836,90,8.62745,8.62745,0,21.3438,24.2801,32.25,32.25,35.25
90.438,0,0,0,0,1.08344,0.99997,1.04004,4,1,1,1,0,1,0.989992,0,0,14.3333,14.4445,14.3889,1768.5,970,654.102,970,1026.99,42.5859,122.719,124.945,42.4453,43.5938,587.987,39.75,2.992,2.016,3.688,90,8.62745,8.62745,0,21.0625,24.2801,32.25,32.25,36
90.471,0,0,0,0,1.08295,0.99997,1.03928,4,1,1,1,0,1,0.987306,0,0,14.3333,14.5556,14.4167,1766.75,970,654.375,970,1026.99,42.6094,122.742,124.805,42.7266,43.6406,587.987,39.75,3.004,1.936,3.692,90,8.62745,8.62745,0,20.7031,24.2801,32.25,32.25,36
90.504,0,0,0,0,1.08527,0.99997,1.03806,4,1,1,1,0,1,0.983644,0,0,14.3333,14.4722,14.2778,1769.25,970,653.086,970,1029.65,42.4922,122.742,124.805,41.7422,43.6406,587.674,39.75,2.956,1.936,3.644,90,8.62745,8.62745,0,20.9063,24.2801,32.25,32.25,35.25
90.538,0,0,0,0,1.08142,0.99997,1.03803,4,1,1,1,0,1,0.981203,0,0,14.3333,14.3889,14.25,1770,970,652.539,970,1026.99,42.4688,122.742,124.992,42.4219,43.5469,587.674,40.5,2.988,1.91467,3.676,90,8.62745,8.62745,0,21.0313,24.2801,32.25,32.25,36
90.571,0,0,0,0,1.08099,0.99997,1.03806,4,1,1,1,0,1,0.981203,0,0,14.2778,14.3889,14.3611,1770.5,970,652.578,970,1026.99,42.4922,123.164,125.016,42.8672,43.5469,587.674,40.5,3.008,1.91734,3.696,90,8.62745,8.62745,0,21.1719,24.2801,32.25,32.25,36
90.604,0,0,0,0,1.08356,0.99997,1.0376,4,1,1,1,0,1,0.984865,0,0,14.3333,14.3889,14.0556,1769.25,970,650.82,970,1029.65,42.4453,123.164,125.016,41.4609,43.5938,587.674,40.5,2.948,1.93867,3.636,90,8.62745,8.62745,0,21.0938,24.2801,32.25,32.25,36
90.638,0,0,0,0,1.08252,0.99997,1.03613,4,1,1,1,0,1,0.988527,0,0,14.2778,14.4167,14.4445,1772,970,651.094,970,1029.65,42.4688,122.906,124.945,42.7266,43.7109,587.674,39.75,2.98,1.91467,3.668,90,8.62745,8.62745,0,20.8594,24.2801,32.25,32.25,35.25
90.671,0,0,0,0,1.08215,0.99997,1.03665,4,1,1,1,0,1,0.992677,0,0,14.3333,14.4167,14.5,1771.25,970,651.211,970,1029.65,42.5156,122.953,125.039,42.9844,43.6406,587.674,39.75,3.008,1.904,3.688,90,8.62745,8.62745,0,21.1406,24.2801,32.25,32.25,35.25
90.704,0,0,0,0,1.08197,0.99997,1.03595,4,1,1,1,0,1,0.995607,0,0,14.3333,14.4167,14.3611,1772.5,970,651.25,970,1029.65,42.5156,122.953,125.039,42.5625,43.5469,587.362,39.75,2.98,1.92,3.66,90,8.62745,8.62745,0,21.3281,24.2801,32.25,32.25,36
90.738,0,0,0,0,1.08142,0.99997,1.03397,4,1,1,1,0,1,0.995607,0,0,14.2778,14.4167,14.1945,1768.75,970,649.57,970,1029.65,42.3516,122.906,125.016,42.3516,43.5938,587.362,39.75,3.104,1.888,3.784,90,8.62745,8.62745,0,21.0938,24.2801,32.25,32.25,36
90.771,0,0,0,0,1.0835,0.99997,1.03397,4,1,1,1,0,1,0.997072,0,0,14.2778,14.4722,14.3611,1775,970,649.414,970,1032.27,42.375,122.977,125.109,42.0703,43.5703,587.362,39.75,3.088,2.00534,3.768,90,8.62745,8.62745,0,20.7031,24.2801,32.25,32.25,36
90.804,0,0,0,0,1.08301,0.99997,1.03275,4,1,1,1,0,1,0.997072,0,0,14.3333,14.4722,14.5,1775.25,970,649.727,970,1032.3,42.3984,122.977,125.109,42.5859,43.5234,587.362,39.75,3.108,1.992,3.788,90,8.62745,8.62745,0,21,24.2801,32.25,32.25,35.25
90.838,0,0,0,0,1.08276,0.99997,1.03131,4,1,1,1,0,1,0.998537,0,0,14.3333,14.5,14.7778,1774,970,652.773,970,1032.3,42.6328,123.094,125.227,43.6641,43.5469,587.362,39.75,3.148,2.024,3.828,90,8.62745,8.62745,0,21,24.2801,32.25,32.25,36
90.871,0,0,0,0,1.08307,0.99997,1.03055,4,1,1,1,0,1,1,0,0,14.3889,14.5,14.4167,1772.75,970,652.852,970,1032.3,42.6328,123.141,125.109,42.8203,43.5469,587.362,39.75,3.128,2.01067,3.808,90,8.62745,8.62745,0,21.2813,24.2801,32.25,32.25,36
90.904,0,0,0,0,1.08545,0.99997,1.03003,4,1,1,1,0,1,1,0,0,14.3889,14.5556,14.3889,1774,970,652.969,970,1034.88,42.6328,123.141,125.109,42.7266,43.5703,587.069,39.75,3.12,2.01867,3.8,90,8.62745,8.62745,0,21.0156,24.2801,32.25,32.25,36
90.938,0,0,0,0,1.08179,0.99997,1.02954,4,1,1,1,0,1,0.998537,0,0,14.3889,14.75,14.5833,1775.75,970,653.516,970,1032.3,42.7031,123.141,125.32,43.5469,43.5703,587.069,39.75,3.152,1.99734,3.832,90,8.62745,8.62745,0,20.7656,24.2801,31.5,31.5,35.25
90.971,0,0,0,0,1.08386,0.99997,1.02765,4,1,1,1,0,1,0.992677,0,0,14.5,14.7778,14.8056,1775,970,654.805,970,1034.92,42.8203,123.234,125.25,43.5703,43.5938,587.069,39.75,3.156,2.03467,3.836,90,8.62745,8.62745,0,20.9219,24.2801,31.5,31.5,35.25
91.004,0,0,0,0,1.0835,0.99997,1.02792,4,1,1,1,0,1,0.989992,0,0,14.5,14.6111,14.75,1775.5,970,656.523,970,1034.92,42.9375,123.234,125.25,43.5703,43.5703,587.069,39.75,3.168,2.02934,3.848,90,8.62745,8.62745,0,21.2188,24.2801,30.75,30.75,34.5
91.038,0,0,0,0,1.08399,0.99997,1.02802,4,1,1,1,0,1,0.987306,0,0,14.5,14.5833,14.5556,1776.75,970,655.586,970,1034.92,42.8672,123.234,125.273,43.125,43.5234,587.069,39.75,3.008,2.008,3.688,90,8.62745,8.62745,0,21.3594,24.2801,31.5,31.5,34.5
91.071,0,0,0,0,1.08356,0.99997,1.02826,4,1,1,1,0,1,0.987306,0,0,14.5556,14.4445,14.5833,1778.5,970,656.055,970,1034.92,42.8906,123.305,125.438,43.1953,43.4766,587.069,39.75,3.028,1.952,3.708,90,8.62745,8.62745,0,21.125,24.2801,31.5,31.5,34.5
91.104,0,0,0,0,1.0838,0.99997,1.02841,4,1,1,1,0,1,0.987306,0,0,14.5556,14.5556,14.5278,1776.5,970,656.094,970,1034.92,42.9375,123.305,125.438,42.5156,43.5469,586.776,39.75,3,1.95467,3.68,90,8.62745,8.62745,0,20.8594,24.2801,31.5,31.5,34.5
91.138,0,0,0,0,1.08649,0.99997,1.02826,4,1,1,1,0,1,0.986085,0,0,14.5556,14.4722,14.4722,1776.5,970,656.641,970,1037.58,42.9375,123.352,125.297,42.5859,43.5469,586.776,39.75,3.004,1.94667,3.684,90,8.62745,8.62745,0,20.9688,24.2801,30.75,30.75,34.5
91.171,0,0,0,0,1.08624,0.99997,1.02866,4,1,1,1,0,1,0.984865,0,0,14.5556,14.5556,14.3611,1779,970,655.625,970,1037.58,42.8672,123.328,125.461,42.2813,43.5234,586.776,39.75,2.984,1.92267,3.664,90,8.62745,8.62745,0,21.125,24.2801,30.75,30.75,34.5
91.204,0,0,0,0,1.08557,0.99997,1.02805,4,1,1,1,0,1,0.987306,0,0,14.5556,14.5556,14.6667,1779.25,970,655.508,970,1037.58,42.8906,123.328,125.461,43.3125,43.4766,586.776,39.75,3.036,1.93067,3.716,90,8.62745,8.62745,0,21.125,24.2801,31.5,31.5,34.5
91.238,0,0,0,0,1.08527,0.99997,1.02884,4,1,1,1,0,1,0.991212,0,0,14.5,14.4445,14.2222,1777,970,653.242,970,1037.58,42.7031,123.422,125.414,42.1406,43.5469,586.776,39.75,2.98,1.92267,3.66,90,8.62745,8.62745,0,20.75,24.2801,32.25,32.25,35.25
91.271,0,0,0,0,1.0849,0.99997,1.02933,4,1,1,1,0,1,0.995607,0,0,14.3889,14.4722,14.25,1779,970,651.094,970,1037.58,42.5391,123.398,125.461,41.6016,43.5234,586.776,39.75,2.964,1.90934,3.652,90,8.62745,8.62745,0,20.8438,24.2801,32.25,32.25,35.25
91.304,0,0,0,0,1.08423,0.99997,1.02875,4,1,1,1,0,1,1,0,0,14.4445,14.4445,14.2778,1781.75,970,651.25,970,1037.58,42.5625,123.398,125.461,42.3516,43.5469,586.502,39.75,2.988,1.93067,3.676,90,8.62745,8.62745,0,21.0625,24.2801,32.25,32.25,36
91.338,0,0,0,0,1.08429,0.99997,1.02768,4,1,1,1,0,1,1,0,0,14.4445,14.4445,14.5833,1780.5,970,653.164,970,1037.58,42.75,123.492,125.625,43.3359,43.5234,586.502,39.75,3.172,1.93867,3.86,90,8.62745,8.62745,0,21.375,24.2801,32.25,32.25,35.25
91.371,0,0,0,0,1.08441,0.99997,1.02655,4,1,1,1,0,1,1,0,0,14.5,14.4167,14.4167,1780.5,970,652.969,970,1037.58,42.7266,123.539,125.555,42.8203,43.5234,586.502,39.75,3.16,2.03734,3.848,90,8.62745,8.62745,0,21.3438,24.2801,32.25,32.25,35.25
91.404,0,0,0,0,1.08716,0.99997,1.02573,4,1,1,1,0,1,1,0,0,14.5,14.6389,14.3333,1781.75,970,652.109,970,1040.23,42.6563,123.539,125.555,41.9531,43.5469,586.502,39.75,3.112,2.032,3.8,90,8.62745,8.62745,0,21.0781,24.2801,32.25,32.25,35.25
91.438,0,0,0,0,1.08637,0.99997,1.0257,4,1,1,1,0,1,1.00366,0,0,14.5,14.6389,14.6111,1783.75,970,652.734,970,1040.23,42.7031,123.563,125.625,42.9609,43.5,586.502,39.75,3.148,2.024,3.836,90,8.62745,8.62745,0,20.8438,24.2801,31.5,31.5,36
91.471,0,0,0,0,1.08618,0.99997,1.0228,4,1,1,1,0,1,1,0,0,14.5556,14.6389,14.75,1782.5,970,655.195,970,1040.23,42.8906,123.586,125.648,43.5469,43.5234,586.502,39.75,3.18,2.05067,3.868,90,8.62745,8.62745,0,21.1094,24.2801,30.75,30.75,34.5
91.504,0,0,0,0,1.08618,0.99997,1.02268,4,1,1,1,0,1,0.995607,0,0,14.5556,14.5556,14.5278,1782.5,970,655.547,970,1040.23,42.9375,123.586,125.648,42.9609,43.5234,586.19,39.75,3.16,2.04534,3.848,90,8.62745,8.62745,0,21.2031,24.2801,31.5,31.5,35.25
91.538,0,0,0,0,1.08612,0.99997,1.02118,4,1,1,1,0,1,0.991212,0,0,14.6111,14.6111,14.3611,1782.5,970,655.391,970,1040.23,42.9141,123.586,125.648,42.5625,43.5,586.19,39.75,3.136,2.048,3.824,90,8.62745,8.62745,0,21.1094,24.2801,31.5,31.5,35.25
91.571,0,0,0,0,1.08563,0.99997,1.02087,4,1,1,1,0,1,0.989992,0,0,14.6111,14.5556,14.4722,1783.75,970,655.273,970,1040.23,42.9141,123.609,125.719,42.8672,43.4766,586.19,39.75,3.156,2.03467,3.852,90,8.62745,8.62745,0,20.8125,24.2801,31.5,31.5,35.25
91.604,0,0,0,0,1.08545,0.99997,1.01862,4,1,1,1,0,1,0.984865,0,0,14.5556,14.5556,14.4167,1783,970,654.805,970,1040.23,42.8906,123.609,125.719,42.75,43.4766,586.19,39.75,3.148,2.03734,3.844,90,8.62745,8.62745,0,20.9844,24.2801,31.5,31.5,35.25
91.638,0,0,0,0,1.08514,0.99997,1.01804,4,1,1,1,0,1,0.983644,0,0,14.5556,14.7222,14.6111,1785,970,654.688,970,1040.23,42.8672,123.68,125.742,43.2656,43.4766,586.19,39.75,3.016,2.02134,3.712,90,8.62745,8.62745,0,21.0469,24.2801,30.75,30.75,34.5
91.671,0,0,0,0,1.08484,0.99997,1.01712,4,1,1,1,0,1,0.979982,0,0,14.6111,14.6111,14.4722,1786.75,970,655.313,970,1040.23,42.9141,123.75,125.883,42.8203,43.4766,586.19,39.75,3.008,1.93867,3.696,90,8.62745,8.62745,0,21.3594,24.2801,30.75,30.75,34.5
91.704,0,0,0,0,1.08478,0.99997,1.01706,4,1,1,1,0,1,0.979982,0,0,14.6389,14.6111,14.6389,1785.25,970,657.07,970,1040.23,43.0781,123.75,125.883,43.4297,43.4531,585.897,39.75,3.04,1.96267,3.728,90,8.62745,8.62745,0,21.0156,24.2801,31.5,31.5,34.5
91.738,0,0,0,0,1.08765,0.99997,1.01602,4,1,1,1,0,1,0.978517,0,0,14.6389,14.5,14.3611,1785.25,970,655.664,970,1042.85,42.9609,123.773,125.766,42.1641,43.5,585.897,39.75,2.996,1.95467,3.684,89.25,8.62745,8.62745,0,20.8906,24.2801,31.5,31.5,35.25
91.771,0,0,0,0,1.08722,0.99997,1.01569,4,1,1,1,0,1,0.977296,0,0,14.6111,14.5833,14.3889,1786.75,970,655.039,970,1042.85,42.9141,123.75,125.883,42.3984,43.5,585.897,39.75,2.996,1.93067,3.684,89.25,8.62745,8.62745,0,20.7188,24.2801,31.5,31.5,35.25
91.804,0,0,0,0,1.0871,0.99997,1.01511,4,1,1,1,0,1,0.981203,0,0,14.6111,14.4722,14.5556,1789,970,655.391,970,1042.85,42.9609,123.75,125.883,42.9609,43.4531,585.897,39.75,3.016,1.95467,3.704,89.25,8.62745,8.62745,0,21.1719,24.2801,31.5,31.5,35.25
91.838,0,0,0,0,1.0871,0.99997,1.01471,4,1,1,1,0,1,0.984865,0,0,14.6111,14.6389,14.3056,1788,970,654.063,970,1042.85,42.8672,123.82,125.953,42.3047,43.4531,585.897,39.75,2.996,1.93867,3.684,90,8.62745,8.62745,0,21.2656,24.2801,31.5,31.5,35.25
91.871,0,0,0,0,1.08649,0.99997,1.01343,4,1,1,1,0,1,0.987306,0,0,14.6111,14.5556,14.6111,1787,970,654.609,970,1042.85,42.9141,123.867,125.906,43.2422,43.4531,585.897,39.75,3.028,1.952,3.716,90,8.62745,8.62745,0,21.1719,24.2801,31.5,31.5,35.25
91.904,0,0,0,0,1.08661,0.99997,1.01257,4,1,1,1,0,1,0.989992,0,0,14.6389,14.5556,14.6111,1787.25,970,655.586,970,1042.85,42.9844,123.867,125.906,43.2656,43.4531,585.604,39.75,3.036,1.95734,3.724,90,8.62745,8.62745,0,20.6875,24.2801,31.5,31.5,35.25
91.938,0,0,0,0,1.08673,0.99997,1.01123,4,1,1,1,0,1,0.991212,0,0,14.6389,14.5556,14.3056,1789.5,970,654.766,970,1042.85,42.9141,123.891,125.977,42.3516,43.4766,585.604,39.75,3.148,1.95467,3.836,90,8.62745,8.62745,0,21.0625,24.2801,31.5,31.5,35.25
91.971,0,0,0,0,1.08911,0.99997,1.01086,4,1,1,1,0,1,0.995607,0,0,14.6111,14.5278,14.3056,1791.5,970,652.5,970,1045.51,42.75,124.289,126.141,41.7656,43.4297,585.604,39.75,3.116,2.01067,3.796,90,8.62745,8.62745,0,21.1719,24.2801,31.5,31.5,35.25
92.004,0,0,0,0,1.08576,0.99997,1.00897,4,1,1,1,0,1,0.995607,0,0,14.6111,14.4722,14.7222,1790.75,970,653.633,970,1042.85,42.9609,124.289,126.141,43.6406,43.4297,585.604,39.75,3.2,2.03734,3.88,90,8.62745,8.62745,0,21.5,24.2801,31.5,31.5,35.25
92.038,0,0,0,0,1.08673,0.99997,1.00775,4,1,1,1,0,1,0.997072,0,0,14.6111,14.5556,14.4722,1789.25,970,652.617,970,1042.85,42.8906,124.102,125.953,42.5156,43.5938,585.604,39.75,3.148,2.03734,3.828,90,8.62745,8.62745,0,20.8125,24.2801,30.75,30.75,34.5
92.071,0,0,0,0,1.08637,0.99997,1.00647,4,1,1,1,0,1,0.997072,0,0,14.6111,14.5556,14.5,1791.25,970,653.047,970,1042.85,42.9141,123.938,126.117,43.1953,43.5938,585.604,39.75,3.172,2.04534,3.86,90,8.62745,8.62745,0,20.9375,24.2801,30.75,30.75,34.5
92.104,0,0,0,0,1.08624,0.99997,1.00617,4,1,1,1,0,1,0.995607,0,0,14.6389,14.8056,14.6667,1794.25,970,653.047,970,1042.85,42.9141,123.938,126.117,43.0313,43.4063,585.33,39.75,3.156,2.03467,3.844,90,8.62745,8.62745,0,21,24.2801,30.75,30.75,34.5
92.138,0,0,0,0,1.08856,0.99997,1.00449,4,1,1,1,0,1,0.989992,0,0,14.6389,14.8056,14.5278,1791.25,970,653.32,970,1045.51,42.9609,124.148,126.188,42.7031,43.3828,585.33,39.75,3.148,2.048,3.836,89.25,8.62745,8.62745,0,21.4531,24.2801,30.75,30.75,34.5
92.171,0,0,0,0,1.08807,0.99997,1.00378,4,1,1,1,0,1,0.987306,0,0,14.6389,14.75,14.5556,1790.75,970,653.789,970,1045.51,43.0078,124.102,126.094,42.7969,43.4297,585.33,39.75,3.156,2.05334,3.844,89.25,8.62745,8.62745,0,21.0781,24.2801,30.75,30.75,34.5
92.204,0,0,0,0,1.08771,0.99997,1.00272,4,1,1,1,0,1,0.984865,0,0,14.6945,14.4167,14.4167,1793,970,654.063,970,1045.51,43.0078,124.102,126.094,43.0781,43.4531,585.33,39.75,3.176,2.048,3.864,89.25,8.62745,8.62745,0,20.875,24.2801,31.5,31.5,34.5
92.238,0,0,0,0,1.08795,0.99997,1.00171,4,1,1,1,0,1,0.981203,0,0,14.6945,14.4722,14.25,1794,970,652.422,970,1045.51,42.8906,124.125,126.281,42.0234,43.4063,585.33,39.75,3,2.048,3.688,90,8.62745,8.62745,0,20.8438,24.2801,31.5,31.5,35.25
92.271,0,0,0,0,1.08746,0.99997,1.00156,4,1,1,1,0,1,0.979982,0,0,14.6111,14.4722,14.4722,1794.5,970,651.094,970,1045.51,42.7969,124.313,126.305,42.75,43.4063,585.33,39.75,3.012,1.93067,3.7,90,8.62745,8.62745,0,21.2344,24.2801,32.25,32.25,36
92.304,0,0,0,0,1.08716,0.99997,1.00092,4,1,1,1,0,1,0.979982,0,0,14.6389,14.4722,14.6945,1794,970,652.148,970,1045.51,42.8906,124.313,126.305,43.4766,43.4063,585.037,39.75,3.04,1.96,3.728,90,8.62745,8.62745,0,21.1875,24.2801,31.5,31.5,35.25
92.338,0,0,0,0,1.08759,0.99997,1.00021,4,1,1,1,0,1,0.977296,0,0,14.6389,14.5,14.7222,1793.5,970,653.984,970,1045.51,43.0313,124.289,126.281,43.5938,43.4766,585.037,39.75,3.056,1.968,3.744,90,8.62745,8.62745,0,21.3125,24.2801,31.5,31.5,35.25
92.371,0,0,0,0,1.08795,0.99997,1.00055,4,1,1,1,0,1,0.977296,0,0,14.6945,14.4722,14.4722,1797.25,970,653.945,970,1045.51,43.0078,124.359,126.445,42.7969,43.4531,585.037,39.75,3.036,1.968,3.716,90,8.62745,8.62745,0,20.6719,24.2801,31.5,31.5,35.25
92.404,0,0,0,0,1.08807,0.99997,0.999451,4,1,1,1,0,1,0.979982,0,0,14.6945,14.5278,14.5556,1797.75,970,652.969,970,1045.51,42.9844,124.359,126.445,42.4688,43.3828,585.037,39.75,3.02,1.94667,3.7,90,8.62745,8.62745,0,20.9531,24.2801,31.5,31.5,35.25
92.438,0,0,0,0,1.09076,0.99997,0.9982,4,1,1,1,0,1,0.981203,0,0,14.6945,14.5278,14.6111,1795.25,970,653.867,970,1048.13,43.0547,124.453,126.469,42.7734,43.4766,585.037,39.75,3.032,1.98134,3.712,90,8.62745,8.62745,0,20.9375,24.2801,30.75,30.75,34.5
92.471,0,0,0,0,1.09094,0.99997,0.996186,4,1,1,1,0,1,0.982423,0,0,14.6945,14.5278,14.3611,1795.75,970,653.125,970,1048.13,42.9844,124.43,126.375,42.3047,43.4531,585.037,39.75,3.02,1.97067,3.708,90,8.62745,8.62745,0,21.4688,24.2801,30.75,30.75,34.5
92.504,0,0,0,0,1.08801,0.99997,0.994172,4,1,1,1,0,1,0.982423,0,0,14.75,14.5,14.5556,1797,970,654.648,970,1045.51,43.0781,124.43,126.375,43.5703,43.4297,584.744,39.75,3.056,1.97067,3.744,90,8.62745,8.62745,0,20.875,24.2801,31.5,31.5,34.5
92.537,0,0,0,0,1.091,0.99997,0.993104,4,1,1,1,0,1,0.984865,0,0,14.75,14.5556,14.4167,1797.25,970,653.438,970,1048.13,43.0078,124.406,126.445,42.3984,43.4063,584.744,39.75,3.16,1.96,3.848,89.25,8.62745,8.62745,0,20.9063,24.2801,31.5,31.5,35.25
92.571,0,0,0,0,1.091,0.99997,0.991151,4,1,1,1,0,1,0.987306,0,0,14.75,14.5,14.5833,1800,970,653.594,970,1048.13,43.0078,124.5,126.609,42.8203,43.4063,584.744,39.75,3.176,2.06134,3.856,89.25,8.62745,8.62745,0,20.6719,24.2801,31.5,31.5,35.25
92.604,0,0,0,0,1.091,0.99997,0.989167,4,1,1,1,0,1,0.989992,0,0,14.6389,14.5,14.1667,1798.5,970,651.328,970,1048.13,42.8672,124.5,126.609,41.7891,43.4063,584.744,39.75,3.136,2.02667,3.816,89.25,8.62745,8.62745,0,21.4219,24.2801,31.5,31.5,35.25
92.637,0,0,0,0,1.09027,0.99997,0.987092,4,1,1,1,0,1,0.991212,0,0,14.6389,14.5,14.6667,1798.75,970,651.367,970,1048.13,42.8672,124.57,126.516,43.3125,43.4531,584.744,39.75,3.176,2.024,3.856,89.25,8.62745,8.62745,0,21.1094,24.2801,32.25,32.25,36
92.671,0,0,0,0,1.09009,0.99997,0.984254,4,1,1,1,0,1,0.989992,0,0,14.6389,14.5,14.4722,1798.25,970,650.781,970,1048.13,42.7969,124.5,126.492,42.6797,43.4531,584.744,39.75,3.14,2.032,3.82,89.25,8.62745,8.62745,0,21.0313,24.2801,31.5,31.5,34.5
92.704,0,0,0,0,1.08984,0.99997,0.983308,4,1,1,1,0,1,0.987306,0,0,14.6945,14.4445,14.3333,1802.5,970,650.742,970,1048.13,42.7969,124.5,126.492,42.8438,43.3359,584.51,39.75,3.148,2.032,3.828,89.25,8.62745,8.62745,0,20.7344,24.2801,31.5,31.5,35.25
92.737,0,0,0,0,1.08991,0.99997,0.981232,4,1,1,1,0,1,0.982423,0,0,14.6945,14.5,14.4445,1801,970,650.273,970,1048.13,42.8203,124.594,126.727,42.6328,43.3594,584.51,39.75,3.132,2.03467,3.812,89.25,8.62745,8.62745,0,21.3281,24.2801,31.5,31.5,35.25
92.771,0,0,0,0,1.08978,0.99997,0.98111,4,1,1,1,0,1,0.981203,0,0,14.6389,14.5278,14.3056,1800.5,970,649.688,970,1048.13,42.7734,124.688,126.633,42.3281,42.6094,584.51,39.75,3.128,2.03467,3.816,89.25,8.62745,8.62745,0,21.1563,23.92,31.5,31.5,35.25
92.804,0,0,0,0,1.08948,0.99997,0.979462,4,1,1,1,0,1,0.979982,0,0,14.6389,14.5,14.1389,1800.5,970,649.141,970,1048.13,42.7031,124.688,126.633,41.8828,42.6563,584.51,39.75,3.1,2.00534,3.788,89.25,8.62745,8.2353,0,21.125,23.92,31.5,31.5,35.25
92.837,0,0,0,0,1.08893,0.99997,0.978181,4,1,1,1,0,1,0.977296,0,0,14.6389,14.3056,14.5833,1802.75,970,650.508,970,1048.13,42.8203,124.617,126.633,43.1484,42.6328,584.51,39.75,3.004,2.02934,3.692,89.25,8.2353,8.2353,0,20.75,23.92,32.25,32.25,35.25
92.871,0,0,0,0,1.08936,0.99997,0.977875,4,1,1,1,0,1,0.976076,0,0,14.6945,14.3056,14.4722,1802.75,970,649.883,970,1048.13,42.7734,124.664,126.75,42.8438,42.5625,584.51,39.75,2.996,1.92534,3.684,89.25,8.2353,8.2353,0,20.7969,23.92,32.25,32.25,35.25
92.904,0,0,0,0,1.08972,0.99997,0.976716,4,1,1,1,0,1,0.974855,0,0,14.6389,14.25,14.2222,1801.75,970,648.633,970,1048.13,42.6797,124.664,126.75,42.1406,42.6328,584.295,39.75,2.98,1.92534,3.668,89.25,8.2353,8.2353,0,21.2031,23.92,32.25,32.25,36
92.937,0,0,0,0,1.0896,0.99997,0.975129,4,1,1,1,0,1,0.971193,0,0,14.6111,14.3333,14.2222,1802.5,970,647.07,970,1048.13,42.5625,124.734,126.703,42.1172,42.6328,584.295,39.75,2.968,1.92,3.656,89.25,8.2353,8.2353,0,21.4219,23.92,32.25,32.25,36
92.971,0,0,0,0,1.08942,0.99997,0.974885,4,1,1,1,0,1,0.969972,0,0,14.6111,14.2778,14.5,1804.75,970,647.344,970,1048.13,42.5859,124.734,126.844,42.9609,42.5859,584.295,39.75,2.996,1.92267,3.676,89.25,8.2353,8.2353,0,20.9844,23.92,32.25,32.25,36
93.004,0,0,0,0,1.09241,0.99997,0.973664,4,1,1,1,0,1,0.973634,0,0,14.6111,14.3611,14.2778,1804.5,970,646.602,970,1050.74,42.5391,124.734,126.844,42.3047,42.6094,584.295,39.75,2.976,1.92267,3.656,89.25,8.2353,8.2353,0,20.8594,23.92,31.5,31.5,35.25
93.037,0,0,0,0,1.08984,0.99997,0.971894,4,1,1,1,0,1,0.974855,0,0,14.5556,14.3056,14.3889,1804.5,970,644.688,970,1048.13,42.3984,124.875,126.75,42.7734,42.6328,584.295,39.75,2.988,1.89067,3.668,89.25,8.2353,8.2353,0,20.75,23.92,32.25,32.25,36
93.071,0,0,0,0,1.08942,0.99997,0.970643,4,1,1,1,0,1,0.978517,0,0,14.5556,14.3333,14.2778,1806.25,970,644.414,970,1048.13,42.375,124.781,126.938,42.375,42.5859,584.295,39.75,2.968,1.91734,3.656,89.25,8.2353,8.2353,0,21.1094,23.92,32.25,32.25,36
93.104,0,0,0,0,1.08936,0.99997,0.968262,4,1,1,1,0,1,0.982423,0,0,14.5556,14.3889,14.3056,1805.25,970,643.945,970,1048.13,42.375,124.781,126.938,41.8359,42.6328,584.061,39.75,2.952,1.90667,3.64,89.25,8.2353,8.2353,0,21.3281,23.92,32.25,32.25,35.25
93.137,0,0,0,0,1.08887,0.99997,0.967011,4,1,1,1,0,1,0.983644,0,0,14.5556,14.3333,14.2222,1805,970,643.711,970,1048.13,42.3281,124.875,126.938,42.2813,42.5625,584.061,39.75,3.1,1.90934,3.788,89.25,8.2353,8.2353,0,20.9531,23.92,32.25,32.25,36
93.171,0,0,0,0,1.09161,0.99997,0.96457,4,1,1,1,0,1,0.983644,0,0,14.5556,14.3611,14.1667,1804.75,970,642.93,970,1050.78,42.2813,124.898,126.844,41.4609,42.5859,584.061,39.75,3.06,2.008,3.756,89.25,8.2353,8.2353,0,20.6875,23.92,32.25,32.25,36
93.204,0,0,0,0,1.091,0.99997,0.961793,4,1,1,1,0,1,0.984865,0,0,14.5556,14.3333,14.25,1807.5,970,643.398,970,1050.78,42.3047,124.898,126.844,42.4688,42.5859,584.061,39.75,3.092,2,3.788,89.25,8.2353,8.2353,0,21.0625,23.92,32.25,32.25,35.25
93.237,0,0,0,0,1.0907,0.99997,0.960267,4,1,1,1,0,1,0.986085,0,0,14.5556,14.3611,14.3333,1809.5,970,641.367,970,1050.78,42.1875,124.875,127.031,42.0703,42.5391,584.061,39.75,3.072,1.97334,3.768,89.25,8.62745,8.2353,0,21.1719,23.92,32.25,32.25,35.25
93.271,0,0,0,0,1.08783,0.99997,0.957856,4,1,1,1,0,1,0.986085,0,0,14.5556,14.2778,14.3889,1806.25,970,643.398,970,1048.13,42.3281,124.969,126.938,42.8906,42.5391,584.061,39.75,3.104,2.008,3.792,89.25,8.2353,8.2353,0,21.3906,23.92,32.25,32.25,35.25
93.304,0,0,0,0,1.09076,0.99997,0.956666,4,1,1,1,0,1,0.984865,0,0,14.5,14.3056,14.0278,1807.25,970,641.133,970,1050.78,42.1641,124.969,126.938,41.1797,42.5859,583.827,39.75,3.04,1.968,3.728,89.25,8.2353,8.2353,0,21.0313,23.92,32.25,32.25,36
93.337,0,0,0,0,1.08728,0.99997,0.955048,4,1,1,1,0,1,0.983644,0,0,14.5,14.25,14.25,1809.75,970,641.641,970,1048.13,42.2109,124.969,127.078,42.5391,42.5625,583.827,39.75,3.088,1.984,3.776,89.25,8.2353,8.2353,0,20.9375,23.92,31.5,31.5,35.25
93.371,0,0,0,0,1.08753,0.99997,0.953614,4,1,1,1,0,1,0.981203,0,0,14.5556,14.25,14.25,1809.75,970,641.953,970,1048.13,42.2344,125.039,127.125,42.3984,42.5625,583.827,39.75,3.08,1.992,3.768,89.25,8.2353,8.2353,0,20.75,23.92,31.5,31.5,35.25
93.404,0,0,0,0,1.08783,0.99997,0.953248,4,1,1,1,0,1,0.979982,0,0,14.5556,14.2778,14.0833,1808.25,970,641.758,970,1048.13,42.2344,125.039,127.125,41.8828,42.5859,583.827,39.75,3.06,1.98134,3.748,89.25,8.2353,8.2353,0,21.4063,23.92,32.25,32.25,36
93.437,0,0,0,0,1.09021,0.99997,0.95218,4,1,1,1,0,1,0.978517,0,0,14.5556,14.25,14.1945,1809.75,970,640.078,970,1050.78,42.0938,125.039,127.031,41.5078,42.5859,583.827,39.75,2.912,1.976,3.6,89.25,8.2353,8.2353,0,21,23.92,32.25,32.25,36
93.471,0,0,0,0,1.08966,0.99997,0.951691,4,1,1,1,0,1,0.977296,0,0,14.5,14.2778,14.0833,1811.25,970,638.32,970,1050.78,41.9531,125.039,127.195,41.3672,42.5391,583.827,39.75,2.904,1.87467,3.584,89.25,8.2353,8.2353,0,21.0469,23.92,32.25,32.25,36
93.504,0,0,0,0,1.08661,0.99997,0.951417,4,1,1,1,0,1,0.976076,0,0,14.5,14.25,14.1667,1809.75,970,638.906,970,1048.13,42.0234,125.039,127.195,42.2344,42.5391,583.592,39.75,2.932,1.89334,3.612,89.25,8.2353,8.2353,0,20.7188,23.92,31.5,31.5,35.25
93.537,0,0,0,0,1.08942,0.99997,0.950379,4,1,1,1,0,1,0.973634,0,0,14.5,14.1945,14.0556,1809.5,970,639.18,970,1050.74,42.0469,125.133,127.172,41.7891,42.5625,583.592,39.75,2.92,1.904,3.6,89.25,8.2353,8.2353,0,21,23.92,32.25,32.25,36
93.571,0,0,0,0,1.08917,0.99997,0.950745,4,1,1,1,0,1,0.974855,0,0,14.4445,14.3056,14.0556,1810.25,970,637.539,970,1050.78,41.9063,125.109,127.148,41.3438,42.5625,583.592,39.75,2.904,1.87467,3.592,89.25,8.2353,8.2353,0,21.1875,23.92,32.25,32.25,36
93.604,0,0,0,0,1.08624,0.99997,0.94928,4,1,1,1,0,1,0.978517,0,0,14.5,14.25,14.0833,1813.5,970,637.5,970,1048.13,41.9063,125.109,127.148,41.3438,42.5156,583.592,39.75,2.908,1.87734,3.596,89.25,8.2353,8.2353,0,21.1094,23.92,32.25,32.25,36
93.637,0,0,0,0,1.08862,0.99997,0.949036,4,1,1,1,0,1,0.981203,0,0,14.5,14.25,14.0556,1811.75,970,637.188,970,1050.78,41.9063,125.133,127.266,41.3203,42.5391,583.592,39.75,2.908,1.89867,3.596,89.25,8.2353,8.2353,0,20.8125,23.92,32.25,32.25,35.25
93.671,0,0,0,0,1.08789,0.99997,0.94809,4,1,1,1,0,1,0.983644,0,0,14.4445,14.25,14.1389,1811.5,970,636.094,970,1050.78,41.8125,125.203,127.219,41.7188,42.5391,583.592,39.75,2.916,1.88267,3.596,89.25,8.2353,8.2353,0,20.7813,23.92,32.25,32.25,35.25
93.704,0,0,0,0,1.08765,0.99997,0.946107,4,1,1,1,0,1,0.986085,0,0,14.4445,14.2222,14.0556,1813,970,635.938,970,1050.78,41.8125,125.203,127.219,41.3906,42.5391,583.319,39.75,2.896,1.86934,3.576,89.25,8.2353,8.2353,0,21.25,23.92,32.25,32.25,36
93.737,0,0,0,0,1.08466,0.99997,0.945924,4,1,1,1,0,1,0.989992,0,0,14.5,14.1945,14.4445,1814.5,970,637.969,970,1048.13,41.9766,125.203,127.359,42.5859,42.5156,583.319,39.75,3.092,1.89067,3.772,88.5,8.2353,8.2353,0,21.3438,23.92,32.25,32.25,36
93.771,0,0,0,0,1.08496,0.99997,0.944489,4,1,1,1,0,1,0.992677,0,0,14.5,14.1389,13.9722,1813,970,637.617,970,1048.13,41.9531,125.25,127.289,41.7656,42.5625,583.319,39.75,3.056,1.976,3.744,88.5,8.2353,8.2353,0,20.8594,23.92,32.25,32.25,36
93.804,0,0,0,0,1.08508,0.99997,0.942658,4,1,1,1,0,1,0.995607,0,0,14.4445,14.1667,14,1813,970,637.188,970,1048.13,41.9063,125.25,127.289,41.7188,42.5625,583.319,39.75,3.052,1.97334,3.74,88.5,8.2353,8.2353,0,20.75,23.92,32.25,32.25,35.25
93.837,0,0,0,0,1.08508,0.99997,0.941926,4,1,1,1,0,1,0.997072,0,0,14.5,14.1667,14.0556,1815.5,970,636.992,970,1048.13,41.9063,125.25,127.383,41.7188,42.5156,583.319,39.75,3.056,1.976,3.744,89.25,8.2353,8.2353,0,20.8594,23.92,32.25,32.25,36
93.871,0,0,0,0,1.08502,0.99997,0.940186,4,1,1,1,0,1,0.995607,0,0,14.5,14.1667,14.1667,1814.25,970,637.148,970,1048.13,41.9297,125.297,127.359,42.0234,42.4922,583.319,39.75,3.056,1.976,3.736,89.25,8.2353,8.2353,0,21.3281,23.92,32.25,32.25,36
93.904,0,0,0,0,1.08502,0.99997,0.940034,4,1,1,1,0,1,0.992677,0,0,14.5,14.1667,14.3056,1814,970,637.813,970,1048.13,41.9766,125.297,127.359,42.4453,42.5391,583.065,39.75,3.076,1.98934,3.756,89.25,8.2353,8.2353,0,21.125,23.92,32.25,32.25,36
93.937,0,0,0,0,1.08789,0.99997,0.938447,4,1,1,1,0,1,0.989992,0,0,14.5,14.2778,14.3889,1814.75,970,639.023,970,1050.74,42.0703,125.273,127.359,42.6563,42.5391,583.065,39.75,3.08,1.984,3.76,89.25,8.2353,8.2353,0,20.9063,23.92,32.25,32.25,35.25
93.971,0,0,0,0,1.08533,0.99997,0.937379,4,1,1,1,0,1,0.987306,0,0,14.5556,14.1389,13.9445,1817.5,970,638.086,970,1048.13,42,125.32,127.547,41.4375,42.4453,583.065,39.75,3.044,1.968,3.724,89.25,8.2353,8.2353,0,20.8125,23.92,32.25,32.25,35.25
94.004,0,0,0,0,1.08527,0.99997,0.937012,4,1,1,1,0,1,0.984865,0,0,14.5556,14.1389,14.1945,1816.75,970,638.594,970,1048.13,42.0703,125.32,127.547,42.0938,42.4453,583.065,39.75,3.068,1.98934,3.748,89.25,8.2353,8.2353,0,21.0156,23.92,32.25,32.25,35.25
94.037,0,0,0,0,1.08612,0.99997,0.935975,4,1,1,1,0,1,0.982423,0,0,14.5556,14.1667,14.1667,1817,970,638.477,970,1048.13,42.0469,125.438,127.5,42,42.5156,583.065,39.75,2.92,1.984,3.6,89.25,8.2353,8.2353,0,21.2813,23.92,31.5,31.5,35.25
94.071,0,0,0,0,1.08588,0.99997,0.934601,4,1,1,1,0,1,0.978517,0,0,14.5,14.1945,14.0556,1815.25,970,636.484,970,1048.13,41.8828,125.367,127.43,41.7188,42.5625,583.065,39.75,2.912,1.87734,3.6,89.25,8.2353,8.2353,0,21.4063,23.92,31.5,31.5,35.25
94.104,0,0,0,0,1.08838,0.99997,0.935334,4,1,1,1,0,1,0.978517,0,0,14.5,14.2222,14.25,1817.75,970,636.602,970,1050.74,41.8828,125.367,127.43,41.6016,42.5156,582.791,39.75,2.904,1.88534,3.592,89.25,8.2353,8.2353,0,20.875,23.92,32.25,32.25,36
94.137,0,0,0,0,1.08545,0.99997,0.934357,4,1,1,1,0,1,0.977296,0,0,14.5,14.1667,14.0556,1817.25,970,636.445,970,1048.13,41.9063,125.367,127.547,41.7891,42.5156,582.791,39.75,2.908,1.87734,3.596,88.5,8.2353,8.2353,0,20.9531,23.92,32.25,32.25,36
94.171,0,0,0,0,1.08539,0.99997,0.934083,4,1,1,1,0,1,0.977296,0,0,14.5,14.1667,14.0833,1817.75,970,636.25,970,1048.13,41.8828,125.461,127.547,41.7656,42.4922,582.791,39.75,2.9,1.872,3.596,88.5,8.2353,8.2353,0,21.0625,23.92,32.25,32.25,36
94.204,0,0,0,0,1.08545,0.99997,0.932587,4,1,1,1,0,1,0.979982,0,0,14.5556,14.1389,14.1389,1818.5,970,637.344,970,1048.13,41.9766,125.461,127.547,42.0234,42.4922,582.791,39.75,2.908,1.87734,3.604,88.5,8.2353,8.2353,0,21.2031,23.92,32.25,32.25,35.25
94.237,0,0,0,0,1.08545,0.99997,0.932282,4,1,1,1,0,1,0.982423,0,0,14.5,14.1389,13.8333,1818.75,970,635.977,970,1048.13,41.8594,125.438,127.594,41.0859,42.4922,582.791,39.75,2.884,1.86134,3.58,89.25,8.2353,8.2353,0,20.9219,23.92,32.25,32.25,36
94.271,0,0,0,0,1.08838,0.99997,0.931916,4,1,1,1,0,1,0.986085,0,0,14.5556,14.1389,14.3611,1819.75,970,638.086,970,1050.74,42.0234,125.508,127.664,42.5156,42.4688,582.791,39.75,2.928,1.89067,3.616,89.25,8.2353,8.2353,0,20.7344,23.92,32.25,32.25,36
94.304,0,0,0,0,1.08576,0.99997,0.929139,4,1,1,1,0,1,0.987306,0,0,14.5556,14.2222,14.25,1819.5,970,637.109,970,1048.13,41.9766,125.508,127.664,42.375,42.4688,582.537,39.75,2.908,1.872,3.596,89.25,8.2353,8.2353,0,20.8438,23.92,32.25,32.25,36
94.337,0,0,0,0,1.08582,0.99997,0.928101,4,1,1,1,0,1,0.988527,0,0,14.5556,14.2222,14.1389,1819.5,970,636.641,970,1048.13,41.9297,125.531,127.641,41.9766,42.4453,582.537,39.75,3.036,1.95467,3.724,89.25,8.2353,8.2353,0,21.125,23.92,32.25,32.25,36
94.371,0,0,0,0,1.08557,0.99997,0.927918,4,1,1,1,0,1,0.992677,0,0,14.5556,14.3056,14.3333,1820,970,636.563,970,1048.13,41.9297,125.531,127.688,41.8828,42.4688,582.537,39.75,3.028,1.95734,3.716,89.25,8.2353,8.2353,0,21.3438,23.92,32.25,32.25,36
94.404,0,0,0,0,1.08533,0.99997,0.926026,4,1,1,1,0,1,0.995607,0,0,14.5556,14.1667,14.6389,1820.75,970,638.867,970,1048.13,42.1172,125.531,127.688,43.4063,42.4688,582.537,39.75,3.084,1.95467,3.772,89.25,8.2353,8.2353,0,20.9688,23.92,32.25,32.25,36
94.437,0,0,0,0,1.08594,0.99997,0.925416,4,1,1,1,0,1,0.998537,0,0,14.6111,14.25,14,1822.75,970,638.281,970,1048.13,42.0703,125.578,127.711,41.4844,42.4688,582.537,39.75,3.028,1.976,3.708,89.25,8.2353,8.2353,0,20.875,23.92,32.25,32.25,35.25
94.471,0,0,0,0,1.08576,0.99997,0.923646,4,1,1,1,0,1,0.998537,0,0,14.5556,14.1667,13.9445,1822,970,637.148,970,1048.13,41.9766,125.625,127.781,41.3203,42.4453,582.537,39.75,3.008,1.944,3.688,89.25,8.2353,8.2353,0,21.125,23.92,32.25,32.25,35.25
94.504,0,0,0,0,1.08514,0.99997,0.922944,4,1,1,1,0,1,0.994142,0,0,14.5556,14.1945,14.1945,1822.5,970,635.625,970,1048.13,41.8828,125.625,127.781,42,42.4688,582.284,39.75,3.024,1.95467,3.704,89.25,8.2353,8.2353,0,21.25,23.92,32.25,32.25,35.25
94.537,0,0,0,0,1.08478,0.99997,0.922272,4,1,1,1,0,1,0.992677,0,0,14.5,14.1945,14.25,1820.75,970,635.469,970,1048.13,41.8828,125.648,127.805,42.3516,42.4688,582.284,39.75,3.044,1.94134,3.732,88.5,8.2353,8.2353,0,21.2188,23.92,32.25,32.25,36
94.571,0,0,0,0,1.0874,0.99997,0.921937,4,1,1,1,0,1,0.991212,0,0,14.5556,14.2222,14.25,1821.5,970,636.055,970,1050.74,41.9063,125.648,127.758,41.25,42.4688,582.284,39.75,3.008,1.96534,3.696,88.5,8.2353,8.2353,0,20.8125,23.92,32.25,32.25,36
94.604,0,0,0,0,1.08447,0.99997,0.921632,4,1,1,1,0,1,0.988527,0,0,14.5556,14.1945,14.1389,1823.25,970,635.977,970,1048.13,41.9063,125.648,127.758,42.0469,42.4453,582.284,39.75,3.028,1.95734,3.716,88.5,8.2353,8.2353,0,20.75,23.92,32.25,32.25,36
94.637,0,0,0,0,1.08435,0.99997,0.92154,4,1,1,1,0,1,0.986085,0,0,14.5556,14.1945,14.1667,1823.75,970,635.273,970,1048.13,41.8594,125.648,127.852,42.0469,42.3984,582.284,39.75,2.884,1.94134,3.564,88.5,8.2353,8.2353,0,21.0625,23.92,32.25,32.25,36
94.671,0,0,0,0,1.08417,0.99997,0.921296,4,1,1,1,0,1,0.986085,0,0,14.6111,14.1667,14.3333,1823,970,637.695,970,1048.13,42.0469,125.719,127.875,42.5156,42.4453,582.284,39.75,2.916,1.888,3.596,88.5,8.2353,8.2353,0,21.375,23.92,32.25,32.25,36
94.704,0,0,0,0,1.08759,0.99997,0.921754,4,1,1,1,0,1,0.984865,0,0,14.6111,14.1945,14.3056,1824.25,970,637.852,970,1050.78,42.0703,125.719,127.875,41.7656,42.4219,582.049,39.75,2.896,1.86934,3.576,88.5,8.2353,8.2353,0,21.0469,23.92,32.25,32.25,36
94.737,0,0,0,0,1.08508,0.99997,0.922303,4,1,1,1,0,1,0.984865,0,0,14.6389,14.1667,14.25,1825.25,970,638.867,970,1048.13,42.1406,125.742,127.898,42.3047,42.4453,582.049,39.75,2.92,1.888,3.608,88.5,8.2353,8.2353,0,20.875,23.92,31.5,31.5,35.25
94.771,0,0,0,0,1.08527,0.99997,0.921937,4,1,1,1,0,1,0.983644,0,0,14.6111,14.1667,14.3611,1824.25,970,638.906,970,1048.13,42.1406,125.742,127.898,42.5859,42.4453,582.049,39.75,2.928,1.86667,3.616,88.5,8.2353,8.2353,0,20.7969,23.92,31.5,31.5,35.25
94.804,0,0,0,0,1.08826,0.99997,0.920624,4,1,1,1,0,1,0.984865,0,0,14.6389,14.1667,14.6389,1825.25,970,640.078,970,1050.74,42.2344,125.742,127.898,43.3125,42.4219,582.049,39.75,2.948,1.90134,3.636,88.5,8.2353,8.2353,0,21.1094,23.92,32.25,32.25,36
94.837,0,0,0,0,1.08612,0.99997,0.91919,4,1,1,1,0,1,0.983644,0,0,14.6389,14.1945,14.1945,1827.25,970,639.023,970,1048.13,42.1641,125.742,127.969,42.1172,42.4453,582.049,39.75,2.904,1.864,3.592,88.5,8.2353,8.2353,0,21.5156,23.92,32.25,32.25,35.25
94.871,0,0,0,0,1.08618,0.99997,0.919709,4,1,1,1,0,1,0.986085,0,0,14.6945,14.25,14.25,1826.75,970,639.492,970,1048.13,42.2109,125.813,128.039,42.2109,42.3984,582.049,39.75,2.896,1.88267,3.576,88.5,8.2353,8.2353,0,21.2344,23.92,32.25,32.25,35.25
94.904,0,0,0,0,1.0863,0.99997,0.91739,4,1,1,1,0,1,0.988527,0,0,14.6111,14.2222,14.0556,1825.25,970,637.422,970,1048.13,42.0469,125.813,128.039,41.0625,42.4219,581.854,39.75,2.864,1.848,3.544,88.5,8.2353,8.2353,0,20.8906,23.92,32.25,32.25,36
94.937,0,0,0,0,1.08594,0.99997,0.915864,4,1,1,1,0,1,0.989992,0,0,14.6389,14.25,14.2222,1824.25,970,638.359,970,1048.13,42.1172,125.859,127.992,42.2344,42.4688,581.854,39.75,3.036,1.87734,3.716,88.5,8.2353,8.2353,0,20.9844,23.92,31.5,31.5,36
94.971,0,0,0,0,1.08582,0.99997,0.91507,4,1,1,1,0,1,0.992677,0,0,14.6111,14.3333,14.25,1827.75,970,637.266,970,1048.13,42.0469,125.883,128.086,42.3281,42.4453,581.854,39.75,3.02,1.952,3.708,88.5,8.2353,8.2353,0,20.9844,23.92,31.5,31.5,36
95.004,0,0,0,0,1.08557,0.99997,0.914033,4,1,1,1,0,1,0.998537,0,0,14.6389,14.2222,14.3333,1829.5,970,638.047,970,1048.13,42.1172,125.883,128.086,42.4219,42.375,581.854,39.75,3.032,1.96,3.72,88.5,8.2353,8.2353,0,21.1563,23.92,31.5,31.5,35.25
95.037,0,0,0,0,1.08673,0.99997,0.913209,4,1,1,1,0,1,1.00171,0,0,14.6945,14.1945,14.0556,1829.25,970,638.672,970,1048.13,42.1875,125.953,128.18,41.6016,42.375,581.854,39.75,3.004,1.97867,3.692,88.5,8.2353,8.2353,0,21.0469,23.92,32.25,32.25,36
95.071,0,0,0,0,1.08649,0.99997,0.912232,4,1,1,1,0,1,1.00171,0,0,14.6389,14.25,14.3611,1826.25,970,638.359,970,1048.13,42.1641,125.906,128.016,42.4922,42.3984,581.854,39.75,3.02,1.952,3.708,88.5,8.2353,8.2353,0,20.7813,23.92,32.25,32.25,36
95.104,0,0,0,0,1.08673,0.99997,0.911927,4,1,1,1,0,1,0.998537,0,0,14.6389,14.3056,14.3611,1829.75,970,638.477,970,1048.13,42.1406,125.906,128.016,41.8828,42.4219,581.639,39.75,3,1.93867,3.688,88.5,8.2353,8.2353,0,21.0938,23.92,32.25,32.25,36
95.137,0,0,0,0,1.0893,0.99997,0.912415,4,1,1,1,0,1,0.998537,0,0,14.6389,14.1945,14.3333,1828.5,970,639.18,970,1050.74,42.2109,125.883,128.156,42.5391,42.3984,581.639,39.75,3.032,1.94934,3.72,88.5,8.2353,8.2353,0,21.0469,23.92,32.25,32.25,35.25
95.171,0,0,0,0,1.08704,0.99997,0.912354,4,1,1,1,0,1,0.997072,0,0,14.75,14.25,14.3611,1830,970,640.508,970,1048.13,42.3047,126,128.227,42.6563,42.375,581.639,39.75,3.044,1.968,3.724,88.5,8.2353,8.2353,0,21.1094,23.92,32.25,32.25,35.25
95.204,0,0,0,0,1.08716,0.99997,0.912537,4,1,1,1,0,1,0.994142,0,0,14.75,14.25,14.3889,1829.75,970,640.117,970,1048.13,42.3047,126,128.227,42.6797,42.375,581.639,39.75,3.04,1.96534,3.72,88.5,8.2353,8.2353,0,20.7188,23.92,32.25,32.25,36
95.237,0,0,0,0,1.08722,0.99997,0.912476,4,1,1,1,0,1,0.991212,0,0,14.6945,14.25,14.4167,1830.25,970,640.078,970,1048.13,42.3047,126.047,128.227,42.6563,42.375,581.639,39.75,2.9,1.952,3.58,88.5,8.2353,8.2353,0,21.0313,23.92,32.25,32.25,36
95.271,0,0,0,0,1.09009,0.99997,0.912873,4,1,1,1,0,1,0.989992,0,0,14.6945,14.25,14.3611,1829,970,639.453,970,1050.74,42.2578,126,128.156,42.5156,42.4219,581.639,39.75,2.9,1.86934,3.588,88.5,8.2353,8.2353,0,21.0313,23.92,32.25,32.25,36
95.304,0,0,0,0,1.08978,0.99997,0.913544,4,1,1,1,0,1,0.988527,0,0,14.6945,14.25,14.25,1829.75,970,638.32,970,1050.74,42.1406,126,128.156,41.6719,42.4453,581.424,39.75,2.872,1.87467,3.56,88.5,8.2353,8.2353,0,21.4688,23.92,32.25,32.25,36
95.337,0,0,0,0,1.08972,0.99997,0.914246,4,1,1,1,0,1,0.988527,0,0,14.6389,14.25,14.25,1831.25,970,638.594,970,1050.74,42.1875,125.977,128.203,42.3281,42.375,581.424,39.75,2.888,1.85334,3.576,88.5,8.2353,8.2353,0,20.8281,23.92,32.25,32.25,36
95.371,0,0,0,0,1.08698,0.99997,0.914674,4,1,1,1,0,1,0.988527,0,0,14.6945,14.2778,14.3056,1832.5,970,637.539,970,1048.13,42.0938,126.07,128.344,41.9297,42.3281,581.424,39.75,2.888,1.86134,3.584,88.5,8.2353,8.2353,0,20.9063,23.92,32.25,32.25,36
95.404,0,0,0,0,1.08716,0.99997,0.914368,4,1,1,1,0,1,0.991212,0,0,14.6945,14.1945,14.2778,1830.5,970,639.258,970,1048.13,42.2578,126.07,128.344,42.3984,42.375,581.424,39.75,2.912,1.88267,3.608,88.5,8.2353,8.2353,0,20.9375,23.92,31.5,31.5,36
95.437,0,0,0,0,1.08765,0.99997,0.913544,4,1,1,1,0,1,0.992677,0,0,14.6945,14.25,14.25,1829.75,970,640.078,970,1048.13,42.3047,126.07,128.25,42.7734,42.4453,581.424,39.75,2.924,1.86934,3.62,88.5,8.2353,8.2353,0,21.3125,23.92,31.5,31.5,36
95.471,0,0,0,0,1.08801,0.99997,0.91446,4,1,1,1,0,1,0.997072,0,0,14.75,14.2778,14.4167,1834.75,970,640.469,970,1048.13,42.3281,126.117,128.461,42.5859,42.3281,581.424,39.75,2.92,1.88534,3.616,88.5,8.2353,8.2353,0,21.0313,23.92,31.5,31.5,36
95.504,0,0,0,0,1.08807,0.99997,0.915131,4,1,1,1,0,1,1.00171,0,0,14.75,14.2222,14.1111,1833.5,970,637.969,970,1048.13,42.1641,126.117,128.461,41.7656,42.3281,581.209,39.75,2.888,1.85334,3.584,88.5,8.2353,8.2353,0,21.0625,23.92,31.5,31.5,35.25
95.537,0,0,0,0,1.09045,0.99997,0.914521,4,1,1,1,0,1,1.00488,0,0,14.6945,14.3333,14.0556,1831.75,970,636.406,970,1050.74,42.0469,126.211,128.414,41.0391,42.3984,581.209,39.75,3,1.86134,3.688,88.5,8.2353,8.2353,0,20.6719,23.92,32.25,32.25,36
95.571,0,0,0,0,1.08704,0.99997,0.913087,4,1,1,1,0,1,1.00488,0,0,14.6389,14.3333,14.1111,1832.25,970,636.172,970,1048.13,42.0234,126.164,128.344,41.9063,42.375,581.209,39.75,3.008,1.944,3.696,88.5,8.2353,8.2353,0,21.1563,23.92,32.25,32.25,36
95.604,0,0,0,0,1.08704,0.99997,0.9133,4,1,1,1,0,1,1.00733,0,0,14.6945,14.3333,14.4167,1835.75,970,637.188,970,1048.13,42.0938,126.164,128.344,42.5391,42.375,581.209,39.75,3.028,1.95734,3.716,88.5,8.2353,8.2353,0,21.0938,23.92,32.25,32.25,36
95.637,0,0,0,0,1.08691,0.99997,0.912751,4,1,1,1,0,1,1.00733,0,0,14.6945,14.3333,14.2222,1836.75,970,636.719,970,1048.13,42.0938,126.211,128.531,42.0234,42.3281,581.209,39.75,3.012,1.94667,3.692,88.5,8.2353,8.2353,0,21.2656,23.92,32.25,32.25,36
95.671,0,0,0,0,1.08673,0.99997,0.91208,4,1,1,1,0,1,1.00855,0,0,14.6389,14.2222,14.3611,1833.5,970,636.289,970,1048.13,42.0469,126.258,128.438,42.5859,42.3516,581.209,39.75,3.024,1.92534,3.704,88.5,8.2353,8.2353,0,20.6719,23.92,32.25,32.25,36
95.704,0,0,0,0,1.08685,0.99997,0.9133,4,1,1,1,0,1,1.00611,0,0,14.6389,14.2222,13.9722,1834.25,970,635.977,970,1048.13,42.0234,126.258,128.438,41.3906,42.375,581.014,39.75,2.996,1.936,3.676,88.5,8.2353,8.2353,0,20.9219,23.92,32.25,32.25,35.25
95.737,0,0,0,0,1.08685,0.99997,0.912415,4,1,1,1,0,1,1.00488,0,0,14.6945,14.2778,14.1389,1835.75,970,636.094,970,1048.13,42.0234,126.188,128.438,41.9531,42.3281,581.014,39.75,3.008,1.952,3.696,88.5,8.2353,8.2353,0,20.8594,23.92,31.5,31.5,36
95.771,0,0,0,0,1.08991,0.99997,0.912018,4,1,1,1,0,1,1,0,0,14.6945,14.2778,14.1111,1835.75,970,636.016,970,1050.78,42.0469,126.258,128.578,41.2031,42.3047,581.014,39.75,2.984,1.968,3.672,88.5,8.2353,8.2353,0,21.5313,23.92,31.5,31.5,36
95.804,0,0,0,0,1.08685,0.99997,0.912842,4,1,1,1,0,1,0.998537,0,0,14.6945,14.2222,14.0833,1836,970,635.156,970,1048.13,41.9766,126.258,128.578,41.9063,42.3281,581.014,39.75,3.004,1.936,3.692,88.5,8.2353,8.2353,0,21.1563,23.92,31.5,31.5,35.25
95.837,0,0,0,0,1.08691,0.99997,0.912781,4,1,1,1,0,1,0.995607,0,0,14.6945,14.2222,14.0556,1836.5,970,636.016,970,1048.13,42.0469,126.328,128.531,41.6719,42.3047,581.014,39.75,2.856,1.968,3.544,88.5,8.2353,8.2353,0,20.9219,23.92,32.25,32.25,36
95.871,0,0,0,0,1.0871,0.99997,0.912965,4,1,1,1,0,1,0.992677,0,0,14.6945,14.2222,14.3611,1837.5,970,636.445,970,1048.13,42.0703,126.305,128.625,42.4688,42.3281,581.014,39.75,2.896,1.848,3.584,88.5,8.2353,8.2353,0,20.6719,23.92,32.25,32.25,36
95.904,0,0,0,0,1.08734,0.99997,0.913758,4,1,1,1,0,1,0.989992,0,0,14.6945,14.3333,14.25,1837.75,970,635.742,970,1048.13,42.0234,126.305,128.625,41.5078,42.3281,580.799,39.75,2.86,1.84534,3.548,88.5,8.2353,8.2353,0,21.3594,23.92,32.25,32.25,35.25
95.937,0,0,0,0,1.08704,0.99997,0.914094,4,1,1,1,0,1,0.988527,0,0,14.6945,14.25,14.3333,1837,970,635.703,970,1048.13,42.0234,126.375,128.555,41.8359,42.3516,580.799,39.75,2.876,1.86134,3.564,88.5,8.2353,8.2353,0,21.2813,23.92,32.25,32.25,36
95.971,0,0,0,0,1.08966,0.99997,0.914216,4,1,1,1,0,1,0.988527,0,0,14.6945,14.25,14.3056,1838.25,970,635.352,970,1050.78,42,126.328,128.648,41.8594,42.3281,580.799,39.75,2.88,1.856,3.56,88.5,8.2353,8.2353,0,21.1719,23.92,32.25,32.25,36
96.004,0,0,0,0,1.0874,0.99997,0.913575,4,1,1,1,0,1,0.991212,0,0,14.6945,14.2778,13.9167,1838,970,635.117,970,1048.13,42,126.328,128.648,40.7578,42.3047,580.799,39.75,2.852,1.84,3.532,88.5,8.2353,8.2353,0,20.8281,23.92,32.25,32.25,36
96.037,0,0,0,0,1.08728,0.99997,0.913087,4,1,1,1,0,1,0.994142,0,0,14.6945,14.2222,14.1667,1837.25,970,635.781,970,1048.13,42.0469,126.375,128.648,42.0234,42.3281,580.799,39.75,2.884,1.864,3.564,88.5,8.2353,8.2353,0,21.0313,23.92,32.25,32.25,36
96.071,0,0,0,0,1.08765,0.99997,0.914155,4,1,1,1,0,1,0.997072,0,0,14.75,14.2222,14.3056,1840.25,970,637.148,970,1048.13,42.1406,126.445,128.766,42.2578,42.3047,580.799,39.75,2.888,1.864,3.576,88.5,8.2353,8.2353,0,21.2188,23.92,32.25,32.25,36
96.104,0,0,0,0,1.08795,0.99997,0.913026,4,1,1,1,0,1,1,0,0,14.75,14.25,14.2778,1840,970,636.953,970,1048.13,42.1406,126.445,128.766,42.1875,42.2578,580.604,39.75,2.884,1.86134,3.572,88.5,8.2353,8.2353,0,21.0781,23.92,32.25,32.25,36
96.137,0,0,0,0,1.08801,0.99997,0.912446,4,1,1,1,0,1,1.00171,0,0,14.75,14.3056,14.1111,1836.75,970,636.367,970,1048.13,42.0938,126.516,128.766,41.7656,42.3984,580.604,39.75,3.004,1.864,3.692,88.5,8.2353,8.2353,0,20.7344,23.92,32.25,32.25,35.25
96.171,0,0,0,0,1.08777,0.99997,0.911103,4,1,1,1,0,1,1.00171,0,0,14.75,14.25,14.3333,1838.5,970,636.758,970,1048.13,42.1406,126.469,128.672,42.375,42.3516,580.604,39.75,3.024,1.95467,3.712,88.5,8.2353,8.2353,0,20.9219,23.92,32.25,32.25,35.25
96.204,0,0,0,0,1.08783,0.99997,0.910981,4,1,1,1,0,1,1.00488,0,0,14.75,14.25,14.1111,1842.5,970,635.313,970,1048.13,42,126.469,128.672,41.625,42.3281,580.604,39.75,2.988,1.94134,3.676,88.5,8.2353,8.2353,0,21.1563,23.92,31.5,31.5,36
96.237,0,0,0,0,1.08759,0.99997,0.911133,4,1,1,1,0,1,1.00855,0,0,14.75,14.2778,14.2778,1844,970,634.492,970,1048.13,41.9766,126.469,128.883,41.4609,42.2109,580.604,39.75,2.984,1.93334,3.672,88.5,8.2353,8.2353,0,21.3281,23.92,32.25,32.25,36
96.271,0,0,0,0,1.08704,0.99997,0.910523,4,1,1,1,0,1,1.01001,0,0,14.6389,14.2778,14.2222,1841.25,970,632.695,970,1048.13,41.8359,126.563,128.813,41.4609,42.2578,580.604,39.75,2.972,1.92534,3.676,88.5,8.2353,8.2353,0,21,23.92,32.25,32.25,36
96.304,0,0,0,0,1.08685,0.99997,0.911378,4,1,1,1,0,1,1.00733,0,0,14.6945,14.1945,14.4445,1839,970,635.195,970,1048.13,42.0234,126.563,128.813,42.9141,42.3047,580.35,39.75,3.032,1.93067,3.736,88.5,8.2353,8.2353,0,20.8125,23.92,31.5,31.5,35.25
96.337,0,0,0,0,1.08997,0.99997,0.911622,4,1,1,1,0,1,1.00611,0,0,14.6945,14.2778,14.0278,1843.5,970,633.594,970,1050.74,41.8828,126.469,128.695,40.9219,42.3281,580.35,39.75,2.98,1.944,3.66,88.5,8.2353,8.2353,0,21.0469,23.92,32.25,32.25,35.25
96.371,0,0,0,0,1.08667,0.99997,0.911378,4,1,1,1,0,1,1.00366,0,0,14.75,14.1945,14.3889,1843.25,970,634.727,970,1048.13,41.9766,126.492,128.93,42.6563,42.2578,580.35,39.75,3.02,1.95734,3.7,88.5,8.2353,8.2353,0,21.3594,23.92,32.25,32.25,35.25
96.404,0,0,0,0,1.08716,0.99997,0.911835,4,1,1,1,0,1,0.998537,0,0,14.75,14.1945,14.3611,1843,970,634.844,970,1048.13,42,126.492,128.93,42.3984,42.2578,580.35,39.75,3.012,1.952,3.692,88.5,8.2353,8.2353,0,21.2031,23.92,32.25,32.25,36
96.437,0,0,0,0,1.0874,0.99997,0.912781,4,1,1,1,0,1,0.997072,0,0,14.75,14.0833,14.1945,1841.25,970,635.156,970,1048.13,42.0469,126.656,128.906,41.9297,42.3047,580.35,39.75,2.868,1.96,3.548,88.5,8.2353,8.2353,0,20.9531,23.92,32.25,32.25,36
96.471,0,0,0,0,1.09052,0.99997,0.913148,4,1,1,1,0,1,0.995607,0,0,14.75,14.1667,14.2222,1844.75,970,633.281,970,1050.74,41.8828,126.609,128.93,41.3203,42.2344,580.35,39.75,2.856,1.84534,3.536,88.5,8.2353,8.2353,0,20.5781,23.92,32.25,32.25,36
96.504,0,0,0,0,1.08753,0.99997,0.913788,4,1,1,1,0,1,0.994142,0,0,14.6945,14.1111,14.4167,1843.25,970,633.906,970,1048.13,41.9531,126.609,128.93,42.6797,42.2813,580.116,39.75,2.9,1.87467,3.58,88.5,8.2353,8.2353,0,21.0313,23.92,32.25,32.25,35.25
96.537,0,0,0,0,1.08795,0.99997,0.914368,4,1,1,1,0,1,0.992677,0,0,14.6945,14.2222,14.0833,1843.5,970,632.656,970,1048.13,41.8359,126.609,128.93,41.6719,42.2578,580.116,39.75,2.864,1.848,3.544,88.5,8.2353,8.2353,0,21.2656,23.92,31.5,31.5,35.25
96.571,0,0,0,0,1.08789,0.99997,0.915864,4,1,1,1,0,1,0.994142,0,0,14.6945,14.1111,14.4445,1843,970,634.023,970,1048.13,41.9531,126.609,128.906,42.6563,42.2578,580.116,39.75,2.916,1.86134,3.604,88.5,8.2353,8.2353,0,21.1094,23.92,31.5,31.5,35.25
96.604,0,0,0,0,1.09094,0.99997,0.914948,4,1,1,1,0,1,0.994142,0,0,14.6389,14.1667,14.2778,1844.5,970,631.719,970,1050.78,41.7656,126.609,128.906,41.5313,42.2578,580.116,39.75,2.868,1.85334,3.556,88.5,8.2353,8.2353,0,20.8281,23.92,32.25,32.25,35.25
96.637,0,0,0,0,1.08795,0.99997,0.91507,4,1,1,0.983888,0,1,0.997072,0,0,14.6389,14.2222,13.9445,1844.5,970,630.273,970,1048.13,41.6719,126.633,128.977,41.4375,42.2578,580.116,39.75,2.856,1.84534,3.544,88.5,8.2353,8.2353,0,20.6875,23.92,32.25,32.25,36
96.671,0,0,0,0,1.08771,0.99997,0.915284,4,1,1,0.982179,0,0.983888,1,0,0,14.6945,14.1945,14.4445,1845.5,970,631.836,970,1048.13,41.7891,126.703,129.047,42.7266,42.0234,580.116,39.75,2.94,1.90134,3.628,88.5,8.2353,8.2353,0,21.0938,23.92,31.5,31.5,35.25
96.704,0,0,0,0,1.08832,0.99997,0.91504,4,1,1,0.982179,0,0.983888,1.00366,0,0,14.6945,14.25,14.0833,1846.75,970,631.367,970,1048.13,41.7656,126.703,129.047,41.0156,41.9766,579.862,39.75,2.884,1.86667,3.572,88.5,8.2353,8.2353,0,21.1406,23.92,32.25,32.25,34.5
96.737,0,0,0,0,1.09033,0.99997,0.915925,4,1,1,0.980714,0,0.983888,1.00733,0,0,14.6389,14.1111,14,1846,970,629.883,970,1050.74,41.6484,126.727,129.047,41.4375,42.0234,579.862,39.75,3.036,1.864,3.724,88.5,8.2353,8.2353,0,21.0938,23.92,32.25,32.25,35.25
96.771,0,0,0,0,1.08704,0.99997,0.91449,4,1,1,0.979738,0,0.980714,1.00733,0,0,14.6111,14.1389,14.3056,1846,970,629.219,970,1048.13,41.6016,126.75,129.07,42.375,42.0703,579.862,39.75,3.048,1.976,3.736,88.5,8.2353,8.2353,0,20.7188,23.92,32.25,32.25,35.25
96.804,0,0,0,0,1.08771,0.99997,0.918915,4,1,1,0.979738,0,0.980714,1.00733,0,0,14.6945,14.1111,14.3611,1847.75,970,632.266,970,1048.13,41.8359,126.75,129.07,42.3984,42.0234,579.862,39.75,3.092,2.00267,3.78,88.5,8.2353,8.2353,0,21.1563,23.92,32.25,32.25,35.25
96.837,0,0,0,0,1.08826,0.99997,0.917603,4,1,1,0.978761,0,0.980714,1.00733,0,0,14.6945,14.25,14.3056,1846.25,970,632.852,970,1048.13,41.9063,126.797,129.164,42.2344,42.0234,579.862,39.75,3.08,2.008,3.768,88.5,8.2353,8.2353,0,21.1406,23.92,32.25,32.25,35.25
96.871,0,0,0,0,1.08838,0.99997,0.917481,4,1,1,0.978273,0,0.978761,1.00611,0,0,14.6389,14.2778,13.8889,1846.5,970,630.82,970,1048.13,41.7422,126.82,129.094,40.4297,42.0469,579.862,39.75,3.012,1.95467,3.7,88.5,8.2353,8.2353,0,21.2344,23.92,32.25,32.25,35.25
96.904,0,0,0,0,1.08765,0.99997,0.919221,4,1,1,0.978273,0,0.978761,1,0,0,14.6945,14.2222,14,1847.5,970,630.586,970,1048.13,41.7188,126.82,129.094,41.3672,42,579.51,39.75,3.044,1.992,3.732,88.5,8.2353,8.2353,0,20.7813,23.92,32.25,32.25,35.25
96.937,0,0,0,0,1.08753,0.99997,0.923005,4,1,1,0.977785,0,0.978761,0.998537,0,0,14.6389,14.1945,14.1389,1848.25,970,630.859,970,1048.13,41.7422,126.773,129.164,41.6953,42.0469,579.51,39.75,3.068,2,3.764,88.5,8.2353,8.2353,0,20.8438,23.92,32.25,32.25,35.25
96.971,0,0,0,0,1.08759,0.99997,0.922578,4,1,1,0.977541,0,0.977785,0.995607,0,0,14.6389,14.1111,14.1111,1847.25,970,630.664,970,1048.13,41.7422,126.82,129.141,41.625,42.0469,579.51,39.75,3.076,1.99467,3.772,88.5,8.2353,8.2353,0,20.8438,23.92,32.25,32.25,35.25
97.004,0,0,0,0,1.08753,0.99997,0.924164,4,1,1,0.977541,0,0.977785,0.991212,0,0,14.6945,14.1111,14.1389,1848,970,630.547,970,1048.13,41.7188,126.82,129.141,41.7188,42,579.51,39.75,3.092,2.00534,3.788,88.5,8.2353,8.2353,0,21.4219,23.92,32.25,32.25,35.25
97.037,0,0,0,0,1.08838,0.99997,0.925721,4,1,1,0.977296,0,0.977785,0.986085,0,0,14.6945,14.1389,13.8889,1848.25,970,630.391,970,1048.13,41.7188,126.82,129.188,41.0156,42,579.51,39.75,2.932,2.02134,3.612,88.5,8.2353,8.2353,0,20.9844,23.92,32.25,32.25,35.25
97.071,0,0,0,0,1.0882,0.99997,0.92627,4,1,1,0.977052,0,0.977296,0.983644,0,0,14.6945,14.1389,14.1667,1849.25,970,630.508,970,1048.13,41.7422,126.914,129.305,41.7891,41.9766,579.51,39.75,2.96,1.912,3.64,88.5,8.2353,8.2353,0,20.8438,23.92,32.25,32.25,35.25
97.104,0,0,0,0,1.08838,0.99997,0.926972,4,1,1,0.977052,0,0.977296,0.977296,0,0,14.6945,14.1111,14.0556,1851,970,630.742,970,1048.13,41.7656,126.914,129.305,41.3906,41.9766,579.198,39.75,2.956,1.91467,3.636,88.5,8.2353,8.2353,0,21.0625,23.92,32.25,32.25,35.25
97.137,0,0,0,0,1.08838,0.99997,0.927125,4,1,1,0.977052,0,0.977296,0.972414,0,0,14.6945,14.1389,14.2778,1849.75,970,631.133,970,1048.13,41.7891,126.984,129.352,42.0703,41.9766,579.198,39.75,2.984,1.92,3.672,88.5,8.2353,8.2353,0,21.1563,23.92,32.25,32.25,34.5
97.171,0,0,0,0,1.08838,0.99997,0.927979,4,1,1,0.976808,0,0.977052,0.972414,0,0,14.6945,14.2222,13.8611,1848.75,970,629.492,970,1048.13,41.6484,126.938,129.188,40.8984,42.0469,579.198,39.75,2.944,1.92,3.632,88.5,8.2353,8.2353,0,21.1875,23.92,32.25,32.25,34.5
97.204,0,0,0,0,1.08759,0.99997,0.926728,4,1,1,0.976808,0,0.977052,0.972414,0,0,14.6945,14.1111,14.4167,1851,970,629.844,970,1048.13,41.6719,126.938,129.188,42.4219,41.9766,579.198,39.75,2.984,1.93334,3.672,88.5,8.2353,8.2353,0,20.8281,23.92,32.25,32.25,35.25
97.237,0,0,0,0,1.08807,0.99997,0.926545,4,1,1,0.976808,0,0.977052,0.973634,0,0,14.6945,14.1389,13.8889,1852.25,970,629.219,970,1048.13,41.6484,126.891,129.398,40.9219,41.9766,579.198,39.75,2.948,1.93067,3.636,88.5,8.2353,8.2353,0,20.6406,23.92,32.25,32.25,35.25
97.271,0,0,0,0,1.08771,0.99997,0.925751,4,1,1,0.976808,0,0.976808,0.974855,0,0,14.6389,14.1111,14.0833,1851.25,970,628.203,970,1048.13,41.5781,127.055,129.352,41.5547,42,579.198,39.75,2.956,1.91467,3.644,88.5,8.2353,8.2353,0,21.125,23.92,32.25,32.25,35.25
97.304,0,0,0,0,1.08777,0.99997,0.925019,4,1,1,0.976808,0,0.976808,0.977296,0,0,14.6389,14.1111,14,1851.25,970,628.75,970,1048.13,41.625,127.055,129.352,41.3203,42,578.885,39.75,2.956,1.91467,3.644,88.5,8.2353,8.2353,0,21.3125,23.92,32.25,32.25,34.5
97.337,0,0,0,0,1.08771,0.99997,0.924531,4,1,1,0.976808,0,0.976808,0.979982,0,0,14.6945,14.1945,13.9445,1851.5,970,628.633,970,1048.13,41.625,127.031,129.422,41.1563,42.0234,578.885,39.75,3.088,1.92534,3.776,88.5,8.2353,8.2353,0,21.1406,23.92,32.25,32.25,35.25
97.371,0,0,0,0,1.08728,0.99997,0.923341,4,1,1,0.976564,0,0.976808,0.981203,0,0,14.6389,14.1111,14.0833,1851,970,628.516,970,1048.13,41.625,127.031,129.352,41.5547,42,578.885,39.75,3.084,2.00267,3.772,88.5,8.2353,8.2353,0,20.9063,23.92,32.25,32.25,35.25
97.404,0,0,0,0,1.08716,0.99997,0.921784,4,1,1,0.976564,0,0.976808,0.981203,0,0,14.6389,14.1111,14.1945,1853.5,970,629.18,970,1048.13,41.6484,127.031,129.352,41.8125,42,578.885,39.75,3.1,2.016,3.788,88.5,8.2353,8.2353,0,20.9219,23.92,32.25,32.25,35.25
97.437,0,0,0,0,1.08734,0.99997,0.921601,4,1,1,0.976564,0,0.976808,0.983644,0,0,14.6945,14.1111,14.0278,1853,970,628.75,970,1048.13,41.6484,127.055,129.492,41.3672,41.9766,578.885,39.75,3.088,2.01067,3.776,88.5,8.2353,8.2353,0,21.0938,23.92,31.5,31.5,35.25
97.471,0,0,0,0,1.08734,0.99997,0.920808,4,1,1,0.976564,0,0.976564,0.984865,0,0,14.6945,14.0833,14.1111,1853.75,970,628.945,970,1048.13,41.6484,127.125,129.492,41.5781,41.9531,578.885,39.75,3.092,2.00534,3.772,88.5,8.2353,8.2353,0,21.4219,23.92,31.5,31.5,35.25
97.504,0,0,0,0,1.08753,0.99997,0.92096,4,1,1,0.976564,0,0.976564,0.983644,0,0,14.6945,14.1111,14.0556,1853.75,970,628.906,970,1048.13,41.6484,127.125,129.492,41.5078,41.9531,578.573,39.75,3.096,2.008,3.776,88.5,8.2353,8.2353,0,21,23.92,32.25,32.25,35.25
97.537,0,0,0,0,1.0874,0.99997,0.921479,4,1,1,0.976564,0,0.976564,0.981203,0,0,14.6945,14.0833,14.2222,1851.5,970,630.156,970,1048.13,41.7422,127.102,129.492,42.0234,42,578.573,39.75,3.128,2.02934,3.824,88.5,8.2353,8.2353,0,20.8281,23.92,31.5,31.5,34.5
97.571,0,0,0,0,1.08783,0.99997,0.921265,4,1,1,0.976564,0,0.976564,0.977296,0,0,14.6945,14.0833,13.8611,1853.25,970,628.984,970,1048.13,41.6719,127.102,129.469,40.9688,42.0234,578.573,39.75,3.096,2.008,3.792,88.5,8.2353,8.2353,0,20.8281,23.92,31.5,31.5,34.5
97.604,0,0,0,0,1.0882,0.99997,0.920716,4,1,1,0.976564,0,0.976564,0.971193,0,0,14.6945,14.0278,14.0278,1855.25,970,628.555,970,1048.13,41.625,127.102,129.469,41.3906,41.9531,578.573,39.75,3.108,2.016,3.804,88.5,8.2353,8.2353,0,21,23.92,32.25,32.25,35.25
97.637,0,0,0,0,1.08826,0.99997,0.921021,4,1,1,0.976564,0,0.976564,0.968507,0,0,14.6945,14.0278,14.0833,1857.5,970,628.281,970,1048.13,41.625,127.125,129.586,41.4844,41.9297,578.573,39.75,2.96,2.016,3.64,88.5,8.2353,8.2353,0,21.2031,23.92,32.25,32.25,35.25
97.671,0,0,0,0,1.08838,0.99997,0.921479,4,1,1,0.976564,0,0.976564,0.966066,0,0,14.6945,14.0278,13.9445,1855,970,628.398,970,1048.13,41.625,127.195,129.539,41.1563,41.9531,578.573,39.75,2.956,1.93867,3.636,88.5,8.2353,8.2353,0,20.9219,23.92,32.25,32.25,35.25
97.704,0,0,0,0,1.08838,0.99997,0.921082,4,1,1,0.976564,0,0.976564,0.962404,0,0,14.6389,14.0556,14.0833,1855,970,627.461,970,1048.13,41.5547,127.195,129.539,41.5547,42,578.26,39.75,2.968,1.92267,3.648,88.5,8.2353,8.2353,0,20.9219,23.92,31.5,31.5,35.25
97.737,0,0,0,0,1.08832,0.99997,0.920197,4,1,1,0.976564,0,0.976564,0.959962,0,0,14.6389,14.0556,13.8333,1856,970,625.938,970,1048.13,41.4375,127.172,129.563,40.8281,41.9766,578.26,39.75,2.944,1.912,3.624,88.5,8.2353,8.2353,0,21.0156,23.92,31.5,31.5,35.25
97.771,0,0,0,0,1.0882,0.99997,0.920228,4,1,1,0.976564,0,0.976564,0.958498,0,0,14.6945,14.0556,14.25,1857,970,627.539,970,1048.13,41.5547,127.219,129.68,41.9766,41.9063,578.26,39.75,2.98,1.928,3.668,88.5,8.2353,8.2353,0,21.25,23.92,31.5,31.5,35.25
97.804,0,0,0,0,1.08862,0.99997,0.918519,4,1,1,0.976564,0,0.976564,0.959962,0,0,14.6945,14.0556,14.0556,1856.5,970,627.578,970,1048.13,41.5781,127.219,129.68,41.4375,41.9297,578.26,39.75,2.956,1.91467,3.644,88.5,8.2353,8.2353,0,20.9219,23.92,32.25,32.25,35.25
97.837,0,0,0,0,1.08868,0.99997,0.916199,4,1,1,0.976564,0,0.976564,0.959962,0,0,14.6945,14.0556,14.0556,1856.75,970,627.109,970,1048.13,41.5547,127.289,129.703,41.4375,41.9297,578.26,39.75,2.956,1.91467,3.644,88.5,8.2353,8.2353,0,20.9844,23.92,31.5,31.5,35.25
97.871,0,0,0,0,1.08862,0.99997,0.916352,4,1,1,0.976564,0,0.976564,0.962404,0,0,14.6389,14.0556,14.0556,1855.25,970,626.719,970,1048.13,41.5313,127.242,129.586,41.4844,41.9297,578.26,39.75,2.956,1.91467,3.644,88.5,8.2353,8.2353,0,20.8906,23.92,31.5,31.5,35.25
97.904,0,0,0,0,1.08838,0.99997,0.914643,4,1,1,0.976564,0,0.976564,0.967287,0,0,14.6389,14.0556,14.1389,1857.5,970,626.133,970,1048.13,41.4609,127.242,129.586,41.6484,41.9297,577.948,39.75,2.944,1.90667,3.632,88.5,8.2353,8.2353,0,21.1875,23.92,31.5,31.5,35.25
97.937,0,0,0,0,1.08893,0.99997,0.912598,4,1,1,0.976564,0,0.976564,0.968507,0,0,14.6945,14.0556,13.8333,1859.75,970,626.367,970,1048.13,41.5078,127.242,129.773,40.8047,41.9063,577.948,39.75,3.068,1.93067,3.756,88.5,8.2353,8.2353,0,21.1875,23.92,32.25,32.25,35.25
97.971,0,0,0,0,1.0885,0.99997,0.910554,4,1,1,0.976564,0,0.976564,0.968507,0,0,14.6945,14.0556,14.25,1858.5,970,626.289,970,1048.13,41.4844,127.359,129.75,42.0234,41.9063,577.948,39.75,3.088,2.00267,3.776,88.5,8.2353,8.2353,0,21.0625,23.92,32.25,32.25,35.25
98.004,0,0,0,0,1.08893,0.99997,0.909058,4,1,1,0.976564,0,0.976564,0.969972,0,0,14.6945,14.1667,14.25,1856.5,970,628.711,970,1048.13,41.6953,127.359,129.75,42.0703,41.9531,577.948,39.75,3.096,2.01334,3.784,88.5,8.2353,8.2353,0,20.7344,23.92,31.5,31.5,34.5
98.037,0,0,0,0,1.08972,0.99997,0.907746,4,1,1,0.976564,0,0.976564,0.971193,0,0,14.75,14.0556,14.1111,1858.5,970,628.594,970,1048.13,41.6484,127.313,129.633,42.0703,41.9297,577.948,39.75,3.096,2,3.784,88.5,8.2353,8.2353,0,21.25,23.92,32.25,32.25,35.25
98.071,0,0,0,0,1.09015,0.99997,0.907288,4,1,1,0.976564,0,0.976564,0.972414,0,0,14.8056,14.0556,14.3056,1861,970,629.883,970,1048.13,41.7656,127.313,129.891,42.1406,41.8594,577.948,39.75,3.084,2.00267,3.772,88.5,8.2353,8.2353,0,21.2344,23.92,32.25,32.25,35.25
98.104,0,0,0,0,1.09009,0.99997,0.90564,4,1,1,0.976564,0,0.976564,0.969972,0,0,14.75,14.1389,13.9445,1859.25,970,626.758,970,1048.13,41.5547,127.313,129.891,41.1563,41.9063,577.635,39.75,3.04,1.97334,3.728,88.5,8.2353,8.2353,0,21.25,23.92,32.25,32.25,35.25
98.137,0,0,0,0,1.08966,0.99997,0.904511,4,1,1,0.976564,0,0.976564,0.967287,0,0,14.6945,14.1389,13.8611,1859.5,970,625.43,970,1048.13,41.4375,127.43,129.797,40.8984,41.9297,577.635,39.75,3.036,1.97867,3.716,88.5,8.2353,8.2353,0,20.7031,23.92,32.25,32.25,35.25
98.171,0,0,0,0,1.08917,0.99997,0.903962,4,1,1,0.976564,0,0.976564,0.966066,0,0,14.6389,14.0556,13.9445,1861.5,970,624.648,970,1048.13,41.3906,127.383,129.82,41.0859,41.9063,577.635,39.75,3.04,1.97067,3.72,88.5,8.2353,8.2353,0,20.75,23.92,32.25,32.25,35.25
98.204,0,0,0,0,1.08893,0.99997,0.903351,4,1,1,0.976564,0,0.976564,0.963625,0,0,14.6389,14.0556,14.1389,1861.5,970,624.609,970,1048.13,41.3906,127.383,129.82,41.6484,41.9063,577.635,39.75,3.052,1.97867,3.732,88.5,8.2353,8.2353,0,21.2656,23.92,32.25,32.25,35.25
98.237,0,0,0,0,1.08911,0.99997,0.902894,4,1,1,0.976564,0,0.976564,0.961183,0,0,14.6945,14.0556,14.25,1859.5,970,626.523,970,1048.13,41.5547,127.43,129.914,42,41.9063,577.635,39,2.932,1.992,3.612,88.5,8.2353,8.2353,0,21.4375,23.92,32.25,32.25,35.25
98.271,0,0,0,0,1.08966,0.99997,0.903779,4,1,1,0.976564,0,0.976564,0.962404,0,0,14.6945,14.1389,14.1389,1859.5,970,627.422,970,1048.13,41.6016,127.453,129.797,41.6953,41.9297,577.635,39,2.92,1.90134,3.6,88.5,8.2353,8.2353,0,21.0781,23.92,32.25,32.25,35.25
98.304,0,0,0,0,1.08984,0.99997,0.903779,4,1,1,0.976564,0,0.976564,0.962404,0,0,14.6945,14.0556,13.9445,1861.5,970,626.602,970,1048.13,41.5313,127.453,129.797,41.0859,41.8828,577.342,39,2.908,1.88267,3.588,88.5,8.2353,8.2353,0,20.7656,23.92,32.25,32.25,34.5
98.337,0,0,0,0,1.0896,0.99997,0.903992,4,1,1,0.976564,0,0.976564,0.961183,0,0,14.6945,14.0278,14,1862.75,970,626.641,970,1048.13,41.5547,127.43,129.984,41.8359,41.8828,577.342,39.75,2.936,1.88,3.616,88.5,8.2353,8.2353,0,20.8438,23.92,32.25,32.25,35.25
98.371,0,0,0,0,1.08997,0.99997,0.904786,4,1,1,0.976564,0,0.976564,0.961183,0,0,14.75,14.1389,13.9722,1861.75,970,626.719,970,1048.13,41.5781,127.5,129.938,41.0859,41.8594,577.342,39.75,2.908,1.88267,3.588,88.5,8.2353,8.2353,0,21.1094,23.92,32.25,32.25,35.25
98.404,0,0,0,0,1.08978,0.99997,0.904786,4,1,1,0.976564,0,0.976564,0.964845,0,0,14.6945,14.0556,13.8889,1860.25,970,625.625,970,1048.13,41.4844,127.5,129.938,40.9922,41.9297,577.342,39.75,2.908,1.88267,3.588,88.5,8.2353,8.2353,0,21.2656,23.92,32.25,32.25,34.5
98.437,0,0,0,0,1.08966,0.99997,0.904603,4,1,1,0.976564,0,0.976564,0.967287,0,0,14.6945,14.0556,14.1111,1862.75,970,626.016,970,1048.13,41.5078,127.477,129.914,41.5781,41.9063,577.342,39.75,2.92,1.89334,3.6,88.5,8.2353,8.2353,0,20.9219,23.92,32.25,32.25,35.25
98.471,0,0,0,0,1.08972,0.99997,0.904389,4,1,1,0.976564,0,0.976564,0.971193,0,0,14.6945,14.1389,13.8611,1865,970,625.156,970,1048.13,41.4375,127.547,130.102,40.8516,41.8594,577.342,39.75,2.896,1.87467,3.584,88.5,8.2353,8.2353,0,20.8125,23.92,32.25,32.25,35.25
98.504,0,0,0,0,1.08618,0.99997,0.902589,4,1,1,0.976564,0,0.976564,0.972414,0,0,14.6389,14.0278,14.0278,1861.5,970,624.648,970,1045.51,41.4375,127.547,130.102,41.9297,37.0781,577.049,39.75,2.912,1.88267,3.6,88.5,8.2353,8.2353,0,21.0938,21.7624,32.25,32.25,34.5
98.537,0,0,0,0,1.08893,0.99997,0.902589,4,1,1,0.976564,0,0.976564,0.973634,0,0,14.6389,13.75,14,1864.5,970,622.852,970,1048.13,41.25,127.57,129.914,40.4063,32.2969,577.049,39.75,2.952,1.936,3.64,88.5,8.2353,6.66667,0,21.1563,19.2447,32.25,32.25,34.5
98.571,0,0,0,0,1.08893,0.99997,0.901612,4,1,1,0.976564,0,0.976564,0.974855,0,0,14.5556,13.0833,13.9445,1864.5,970,618.555,970,1048.13,40.9219,127.523,130.078,38.3906,31.875,577.049,39.75,2.852,1.848,3.54,88.5,7.45098,6.27451,0,21.2031,17.4456,21.75,21.75,21.75
98.604,0,0,0,0,1.09174,0.99997,0.899934,4,1,1,0.976564,0,0.976564,0.976076,0,0,13.8611,11.5278,12.3611,1861.25,970,595.547,970,1050.78,39.1641,127.523,130.078,33.9141,31.1016,577.049,39.75,2.656,1.71734,3.344,88.5,6.66667,6.27451,0,20.8281,16.7254,17.25,17.25,17.25
98.637,0,0,0,0,1.09174,0.99997,0.899079,4,1,1,0.976564,0,0.976564,0.978517,0,0,13.6389,11.3889,11.3611,1860.25,970,580.195,970,1050.78,37.9688,127.57,129.891,33.5391,30.6094,577.049,39,2.568,1.68,3.248,87.75,6.66667,6.27451,0,20.9219,16.7254,17.25,17.25,17.25
98.671,0,0,0,0,1.09442,0.99997,0.898011,4,1,1,0.976564,0,0.976564,0.978517,0,0,13.2222,11.0556,11.6945,1861.25,970,565.195,970,1053.4,36.7734,127.359,129.75,32.5078,30.1875,577.049,39,2.488,1.62134,3.168,87.75,6.27451,5.88235,0,20.9375,16.7254,17.25,17.25,17.25
98.704,0,0,0,0,1.09448,0.99997,0.897645,4,1,1,0.976564,0,0.976564,0.974855,0,0,12.5833,10.5556,10.9445,1859.5,970,549.609,970,1053.44,35.5781,127.359,129.75,31.125,29.6953,576.698,39,2.412,1.54934,3.092,87.75,5.88235,5.88235,0,21.0469,16.7254,16.5,16.5,16.5
98.737,0,0,0,0,1.09448,0.99997,0.896821,4,1,1,0.976564,0,0.976564,0.972414,0,0,12.3611,10.0556,10.6389,1860.75,970,532.656,970,1053.44,34.2656,127.336,129.797,29.6953,29.4375,576.698,39.75,2.32,1.50667,3,88.5,5.88235,5.88235,0,21,16.7254,18,18,18
98.771,0,0,0,0,1.09448,0.99997,0.896119,4,1,1,0.976564,0,0.976564,0.968507,0,0,11.9445,9.33334,10.0833,1861,970,515.234,970,1053.44,32.9063,126.797,129.891,27.6563,29.1563,576.698,39.75,2.24,1.46134,2.92,88.5,5.09804,5.4902,0,20.8125,16.7254,19.5,19.5,19.5
98.804,0,0,0,0,1.09448,0.99997,0.893922,4,1,1,0.976564,0,0.976564,0.961183,0,0,11.1945,9.36112,9.3889,1860.5,970,500.625,970,1053.44,31.6406,126.797,129.891,27.6563,28.6406,576.698,39.75,2.168,1.38667,2.848,88.5,5.09804,5.4902,0,21.1875,15.1079,24,24,24
98.837,0,0,0,0,1.09448,0.99997,0.893342,4,1,1,0.976564,0,0.976564,0.956056,0,0,11.0278,9.30556,9.80556,1860,970,489.023,970,1053.44,30.75,127.5,129.914,27.5156,27.9609,576.698,39,2.024,1.37334,2.704,88.5,5.09804,5.4902,0,21.0469,14.2077,24,24,24
98.871,0,0,0,0,1.09448,0.99997,0.89148,4,1,1,0.976564,0,0.976564,0.951173,0,0,10.6111,9.30556,9.36112,1858.25,970,480,970,1053.44,30.0469,127.477,129.727,27.5391,27.2109,576.698,39,1.984,1.272,2.664,88.5,5.09804,5.4902,0,21.2188,13.8491,21.75,21.75,21.75
98.904,0,0,0,0,1.09174,0.99997,0.88913,4,1,1,0.976564,0,0.976564,0.944826,0,0,10.3889,9.27779,9.77779,1855.75,970,472.617,970,1050.78,29.4609,127.477,129.727,27.4219,26.3203,576.327,39,1.928,1.24,2.608,88.5,5.09804,5.09804,0,20.6406,13.489,21.75,21.75,21.75
98.937,0,0,0,0,1.09174,0.99997,0.88678,4,1,1,0.976564,0,0.976564,0.938722,0,0,10.2778,9.02778,9.61112,1858.5,970,465.039,970,1050.78,28.8516,127.313,129.609,26.6016,25.7344,576.327,39,1.876,1.22933,2.556,88.5,5.09804,5.09804,0,20.9219,13.489,20.25,20.25,20.25
98.971,0,0,0,0,1.09174,0.99997,0.883546,4,1,1,0.976564,0,0.976564,0.93213,0,0,9.97223,8.80556,9.1389,1856.5,970,456.836,970,1050.78,28.2422,127.242,129.633,25.9219,25.125,576.327,39,1.812,1.17067,2.492,88.5,5.09804,4.70588,0,20.9375,12.7687,20.25,20.25,20.25
99.004,0,0,0,0,1.08893,0.99997,0.880555,4,1,1,0.976564,0,0.976564,0.928712,0,0,9.75001,8.50001,9.02778,1854,970,444.453,970,1048.13,27.2813,127.242,129.633,24.9375,24.0234,576.327,39,1.72,1.13067,2.4,88.5,4.70588,4.70588,0,21.5,10.6111,19.5,19.5,19.5
99.037,0,0,0,0,1.08893,0.99997,0.876191,4,1,1,0.976564,0,0.976564,0.927736,0,0,9.47223,8.19445,8.80556,1850.25,970,436.211,970,1048.13,26.625,127.242,129.516,24.0469,22.9219,576.327,39.75,1.648,1.09867,2.328,88.5,4.70588,4.70588,0,21.1094,8.81207,17.25,17.25,17.25
99.071,0,0,0,0,1.08624,0.99997,0.873475,4,1,1,0.976564,0,0.976564,0.927736,0,0,9.27779,8.19445,8.91667,1848,970,432.266,970,1045.51,26.3203,127.055,129.188,24,21.6328,576.327,39.75,1.608,1.048,2.288,88.5,4.70588,4.31373,0,20.9375,6.11428,15.75,15.75,15.75
99.104,0,0,0,0,1.08624,0.99997,0.868867,4,1,1,0.976564,0,0.976564,0.928712,0,0,8.94445,7.44445,8.11112,1851.5,970,416.563,970,1045.51,25.0781,127.055,129.188,21.6797,19.7813,575.936,39.75,1.492,0.989335,2.172,88.5,4.31373,3.92157,0,20.6406,1.61745,14.25,14.25,14.25
99.137,0,0,0,0,1.08624,0.99997,0.865266,4,1,1,0.976564,0,0.976564,0.928712,0,0,8.66667,7.08334,7.38889,1848,970,404.063,970,1045.51,24.1406,126.938,129.375,20.6016,23.1797,575.936,39.75,1.484,0.938668,2.172,88.5,3.92157,3.52941,0,21.2344,0,13.5,13.5,13.5
99.171,0,0,0,0,1.0835,0.99997,0.862824,4,1,1,0.976564,0,0.976564,0.933107,0,0,8.19445,6.77778,6.88889,1844,970,389.727,970,1042.85,22.9922,126.891,128.906,19.7813,22.2188,575.936,39.75,1.428,0.917334,2.116,88.5,3.52941,4.31373,0,21.1563,0,12.75,12.75,12.75
99.204,0,0,0,0,1.08075,0.99997,0.856995,4,1,1,0.976564,0,0.976564,0.936525,0,0,8.08334,7.41667,8.30556,1839.75,970,392.148,970,1040.23,23.1797,126.891,128.906,25.1719,21.0469,575.936,39.75,1.532,0.970668,2.22,88.5,4.31373,4.31373,0,21.0625,0,11.25,11.25,11.25
99.237,0,0,0,0,1.0835,0.99997,0.855103,4,1,1,0.976564,0,0.976564,0.941164,0,0,8.1389,7.44445,7.75001,1840,970,392.969,970,1042.85,23.2266,126.563,128.742,22.6875,20.2734,575.936,39.75,1.444,0.957335,2.124,88.5,4.31373,3.92157,0,20.6719,0,8.25,8.25,8.25
99.271,0,0,0,0,1.08075,0.99997,0.853272,4,1,1,0.982423,0,0.976564,0.946046,0,0,8.1389,7.11112,8.00001,1840.75,970,394.961,970,1040.23,23.3906,126.539,128.813,23.7891,19.5,575.936,39.75,1.464,0.946668,2.144,88.5,3.92157,3.92157,0,18.625,0,6.75,6.75,6.75
99.304,0,0,0,0,1.08075,0.99997,0.850861,4,1,1,0.982423,0,0.976564,0.951173,0,0,8.08334,6.69445,7.30556,1833.75,970,392.031,970,1040.23,23.1563,126.539,128.813,21.6563,18.7969,575.643,39.75,1.408,0.896001,2.088,88.5,3.52941,3.52941,0,14.2188,0,5.25,5.25,5.25
99.337,0,0,0,0,1.07794,0.99997,0.851319,4,1,1,1,0,0.976564,0.954835,0,0,7.97223,6.55556,7.33334,1828.75,970,386.328,970,1037.58,22.9219,126.305,128.414,22.2188,18,575.643,39.75,1.416,0.869334,2.096,87.75,3.52941,3.52941,0,13.0469,0,3,3,3
99.371,0,0,0,0,1.08075,0.99997,0.850037,4,1,1,1,0,1,0.956056,0,0,7.8889,6.22223,6.97223,1831.75,970,380.156,970,1040.23,23.25,125.977,128.32,20.3438,17.5313,575.643,39.75,1.38,0.853334,2.06,87.75,3.52941,3.52941,0,10.2344,0,3.75,3.75,3.75
99.404,0,0,0,0,1.07794,0.99997,0.8508,4,1,1,1,0,1,0.961183,0,0,7.83334,6.16667,6.55556,1830.25,970,370.547,970,1037.58,22.5,125.977,128.32,19.6172,16.875,575.643,39.75,1.316,0.824001,1.996,87.75,3.13726,3.13726,0,7.60938,0,0.75,0.75,0.75
99.437,0,0,0,0,1.07794,0.99997,0.851563,4,1,1,1,0,1,0.964845,0,0,7.97223,6,6.69445,1820.5,970,361.914,970,1037.58,22.6172,126.82,127.945,19.8516,16.4297,575.643,39.75,1.244,0.848001,1.924,88.5,3.13726,3.13726,0,7.03125,0,-1.5,-1.5,-1.5
99.471,0,0,0,0,1.07794,0.99997,0.854798,4,1,1,1,0,1,0.971193,0,0,7.66667,5.94445,5.75,1806.25,970,348.906,970,1037.58,21.6328,125.977,126.938,17.1563,16.0313,575.643,39.75,1.16,0.722668,1.848,88.5,3.13726,2.7451,0,6.0625,0,4.5,4.5,4.5
99.504,0,0,0,0,1.0752,0.99997,0.856476,4,1,1,1,0,1,0.977296,0,0,7.38889,5.72223,6.52778,1803.75,970,343.984,970,1034.92,21.6563,125.977,126.938,19.8516,15.5859,575.565,39.75,1.216,0.757334,1.904,88.5,2.7451,2.7451,0,4.10938,0,-2.25,-2.25,-2.25
99.537,0,0,0,0,1.0752,0.99997,0.859193,4,1,1,1,0,1,0.979982,0,0,7.33334,5.5,5.41667,1782,970,330.859,970,1034.92,20.9531,125.18,126.773,16.5938,15.4688,575.565,39.75,1.124,0.733334,1.812,88.5,2.7451,2.35294,0,3.60938,0,7.5,7.5,7.5
99.571,0,0,0,0,1.07251,0.99997,0.85376,4,1,1,1,0,1,0.987306,0,0,6.91667,5.22223,5.77778,1806.5,970,321.211,970,1032.3,20.2266,124.922,126.938,17.7422,15.1875,575.565,39.75,1.12,0.696001,1.8,88.5,2.35294,2.35294,0,2.35938,0,-1.5,-1.5,-8.25
99.604,0,0,0,0,1.07849,0.99997,0.86261,4,1,1,1,0,1,0.995607,0,0,7.02778,5.22223,5.86112,1831.5,970,316.406,970,1032.3,20.25,124.922,126.938,17.4609,14.7891,575.565,39.75,1.12,0.696001,1.8,88.5,2.35294,2.35294,0,1.71875,0,-1.5,-1.5,-18.75
99.637,0,0,0,0,1.07745,0.99997,0.867219,4,1,1,1,0,1,1.00488,0,0,6.75001,5.16667,4.94445,1816.25,970,299.766,970,1029.65,19.3594,125.461,127.922,14.7891,14.5781,575.565,39.75,1.04,0.637334,1.72,88.5,2.35294,2.35294,0,1.17188,0,-0.75,-0.75,-2.25
99.671,0,0,0,0,1.0791,0.99997,0.871033,4,1,1,1,0,1,1.01489,0,0,6.61112,5.08334,6.13889,1806,970,298.75,970,1029.65,19.2891,125.883,126.914,18.7266,14.3672,575.565,39.75,1.124,0.698668,1.812,88.5,2.35294,2.35294,0,0.328125,0,-0.75,-0.75,-1.5
99.704,0,0,0,0,1.07562,0.99997,0.876008,4,1,1,1,0,1,1.03003,0,0,6.11112,4.86111,4.08334,1796.75,970,280.625,970,1024.38,17.9531,125.883,126.914,12.7266,14.1563,575.604,39.75,0.948,0.589334,1.636,88.5,2.35294,1.96079,0,-0.28125,0,-0.75,-0.75,-1.5
99.737,0,0,0,0,1.08069,0.99997,0.880006,4,1,1,1,0,1,1.04199,0,0,6.16667,4.80556,6.80556,1801.75,970,286.563,970,1029.61,18.375,124.828,126.563,21.2344,13.9688,575.604,39.75,1.212,0.666667,1.9,88.5,1.96079,1.96079,0,-0.171875,0,-0.75,-0.75,-1.5
99.771,0,0,0,0,1.08765,0.99997,0.887757,4,1,1,1,0,1,1.05469,0,0,5.69445,4.58334,2.75,1802.75,970,264.883,970,1029.65,16.7344,124.617,126.75,8.03906,13.8281,575.604,39.75,0.9,0.533334,1.58,88.5,1.96079,1.96079,0,-0.25,0,-0.75,-0.75,-0.75
99.804,0,0,0,0,1.07428,0.99997,1.0094,4,1,1,1,0,1,1.07349,0,0,5.86112,4.55556,7.41667,1795,970,270.156,970,1024.34,17.1328,124.617,126.75,23.7188,13.6641,575.604,39.75,1.324,0.824001,2.004,88.5,1.96079,1.96079,0,-0.40625,0,2.25,2.25,2.25
99.837,0,0,0,0,1.08923,0.99997,1.01624,4,1,1,1,0,1,1.08765,0,0,5.97223,4.58334,3.38889,1795.75,970,261.641,970,1026.99,16.5,124.664,126.492,9.02344,13.5,575.604,39.75,0.956,0.781334,1.636,88.5,1.96079,1.96079,0,-0.484375,0.718699,0,0,-0.75
99.871,0,0,0,0,1.06641,0.99997,1.02899,4,1,1,1,0,1,1.12012,0,0,5.30556,4.5,6.27778,1789.75,970,257.461,970,1019.1,16.1719,124.102,126.047,20.1797,13.5,575.604,39.75,1.204,0.749334,1.892,88.5,1.96079,1.96079,0,-0.703125,1.07881,6,6,6
99.904,0,0,0,0,1.0827,0.99997,1.04376,4,1,1,1,0,1,1.15088,0,0,5.63889,4.55556,4.5,1806.75,970,261.914,970,1026.99,16.4531,124.102,126.047,12.3281,13.5,575.545,39.75,1.044,0.653334,1.732,88.5,1.96079,1.96079,0,-0.359375,3.23643,6.75,6.75,6.75
99.937,0,0,0,0,1.05756,0.99997,1.00876,4,1,1,1,0,1,1.16187,0,0,5.22223,4.5,4.41667,1789.5,970,245.781,970,1013.79,15.2578,124.266,126.656,14.3203,14.4375,575.545,39.75,1.004,0.541334,1.692,88.5,1.96079,1.96079,0,-0.1875,6.47439,15.75,15.75,15.75
99.971,0,0,0,0,1.07214,0.99997,1.0267,4,1,1,1,0,1,1.18091,0,0,5.58334,4.52778,5.88889,1790.25,970,261.875,970,1021.72,16.4766,124.523,126.07,17.2266,18.0703,575.545,39.75,1.156,0.720001,1.844,88.5,1.96079,1.96079,0,-0.390625,9.5323,21,21,21
100.004,0,0,0,0,1.05884,0.99997,1.04205,4,1,1,1,0,1,1.19727,0,0,5.05556,5.11112,3.55556,1780,970,242.266,970,1013.79,14.9766,124.523,126.07,10.6172,24.9844,575.545,39.75,0.98,0.610667,1.668,88.5,2.7451,4.31373,0,-0.6875,13.489,26.25,26.25,26.25
100.037,0,0,0,0,1.05274,0.99997,1.04495,4,1,1,1,0,1,1.1836,0,0,5.36112,7.05556,8.80556,1783.25,970,273.438,970,1013.79,17.2969,123.984,125.484,27.3984,27.8672,575.545,39.75,1.424,0.837334,2.112,87.75,3.92157,5.09804,0,-0.84375,15.1079,27,27,25.5
100.071,0,0,0,0,1.06293,0.99997,1.05194,4,1,1,1,0,1,1.17285,0,0,6.05556,8.77778,8.27778,1765.75,970,292.109,970,1019.1,18.7031,123.375,124.758,24.5625,29.0156,575.545,39.75,1.464,0.890668,2.152,87.75,5.09804,5.4902,0,-0.5,15.8266,30,30,24.75
100.104,0,0,0,0,1.0564,0.99997,1.0614,4,1,1,1,0,1,1.1482,0,0,7.02778,9.22223,9.66667,1776.25,970,320.234,970,1013.79,20.7891,123.375,124.758,28.9922,30.375,575.623,39.75,1.668,1.07733,2.356,87.75,5.4902,5.88235,0,-0.265625,17.0855,17.25,17.25,17.25
100.137,0,0,0,0,1.05817,0.99997,1.06848,4,1,1,1,0,1,1.12744,0,0,7.38889,9.80556,10.2778,1791.25,970,348.125,970,1013.79,22.8984,123.047,125.32,30.8438,29.9297,575.623,39.75,1.836,1.136,2.524,88.5,5.88235,5.88235,0,-0.25,17.0855,3,3,3
100.171,0,0,0,0,1.06024,0.99997,1.07907,4,1,1,1,0,1,1.11499,0,0,8.1389,10.1389,10.3611,1798,970,371.211,970,1013.79,24.6797,123.703,126.492,30.6797,29.6719,575.623,39.75,1.948,1.24267,2.628,88.5,5.88235,5.88235,0,-0.71875,17.0855,1.5,1.5,1.5
100.204,0,0,0,0,1.06281,0.99997,1.08554,4,1,1,1,0,1,1.10498,0,0,9.00001,10.1389,10.75,1812.25,970,391.445,970,1013.79,26.2031,123.703,126.492,31.2656,29.0859,575.623,39.75,2.072,1.31733,2.752,88.5,5.88235,5.88235,0,-0.71875,17.0855,-1.5,-1.5,-1.5
100.237,0,0,0,0,1.06195,0.99997,1.09143,4,1,1,1,0,1,1.10498,0,0,9.27779,10.1667,10.6945,1805.5,970,406.719,970,1011.17,27.4219,124.945,127.266,31.7813,29.7188,575.623,39.75,2.156,1.34934,2.836,88.5,5.88235,5.88235,0,-0.515625,17.4456,6,6,6
100.271,0,0,0,0,1.06372,0.99997,1.09772,4,1,1,1,0,1,1.10498,0,0,9.47223,10,10.4722,1773.75,970,417.5,970,1011.17,28.1719,125.039,125.18,31.5469,30.2109,575.623,39.75,2.196,1.36534,2.876,88.5,5.88235,5.88235,0,-0.171875,17.4456,31.5,31.5,35.25
100.304,0,0,0,0,1.06604,0.99997,1.10178,4,1,1,1,0,1,1.09741,0,0,9.6389,9.86112,10.1945,1762,970,425.938,970,1011.17,28.8047,125.039,125.18,30.7031,30.9609,575.409,39.75,2.22,1.41334,2.9,88.5,5.88235,5.88235,0,-0.375,17.4456,31.5,31.5,35.25
100.337,0,0,0,0,1.06708,0.99997,1.10452,4,1,1,1,0,1,1.09009,0,0,9.69445,10.0278,10.4445,1766.75,970,432.07,970,1011.17,29.1563,122.93,124.547,31.2188,32.2969,575.409,39.75,2.256,1.40534,2.944,88.5,5.88235,5.88235,0,-0.8125,18.1643,31.5,31.5,34.5
100.371,0,0,0,0,1.06824,0.99997,1.10538,4,1,1,1,0,1,1.07813,0,0,9.86112,10.1667,10.1111,1771,970,436.25,970,1011.17,29.4844,122.836,124.852,30.0938,33.5391,575.409,39.75,2.22,1.44,2.908,88.5,5.88235,5.88235,0,-0.859375,18.8845,22.5,22.5,22.5
100.404,0,0,0,0,1.06622,0.99997,1.10684,4,1,1,1,0,1,1.06397,0,0,10.1111,10.4722,10.7222,1769,970,443.555,970,1008.52,30.0469,122.836,124.852,32.3438,33.7031,575.409,39.75,2.356,1.50134,3.044,88.5,6.27451,6.27451,0,-0.609375,19.2447,31.5,31.5,34.5
100.437,0,0,0,0,1.06714,0.99997,1.10602,4,1,1,1,0,1,1.05005,0,0,10.1667,10.8611,10.6945,1764.75,970,449.063,970,1008.52,30.4688,123.07,124.922,32.1328,35.0156,575.409,39.75,2.352,1.496,3.032,87.75,6.27451,6.27451,0,-0.40625,19.9633,31.5,31.5,34.5
100.471,0,0,0,0,1.06714,0.99997,1.10547,4,1,1,1,0,1,1.03784,0,0,10.2778,11.1667,10.8889,1762,970,452.383,970,1008.52,30.7031,123.047,124.547,32.6953,35.7422,575.409,39.75,2.38,1.51734,3.06,87.75,6.66667,7.05883,0,-0.5,20.3235,31.5,31.5,34.5
100.504,0,0,0,0,1.06421,0.99997,1.10452,4,1,1,1,0,1,1.02661,0,0,10.5,12.0556,11.6111,1765.75,970,467.031,970,1005.86,31.7813,123.047,124.547,35.25,39.0234,575.487,39.75,2.508,1.6,3.188,87.75,7.05883,7.05883,0,-0.75,21.9424,18,18,18
100.537,0,0,0,0,1.06397,0.99997,1.10239,4,1,1,1,0,1,1.01831,0,0,10.8056,12.1111,12.1945,1764.5,970,480.078,970,1005.86,32.7656,122.859,124.758,36.7031,41.2969,575.487,39.75,2.664,1.64534,3.344,87.75,7.05883,7.84314,0,-0.453125,23.0213,19.5,19.5,19.5
100.571,0,0,0,0,1.06439,0.99997,1.09699,4,1,1,1,0,1,1.00733,0,0,11.1945,12.5,12.5833,1767.25,970,487.461,970,1005.86,33.3281,123.023,124.828,37.6875,43.6172,575.487,39.75,2.788,1.78667,3.468,87.75,7.45098,8.2353,0,-0.3125,24.1001,16.5,16.5,16.5
100.604,0,0,0,0,1.06043,0.99997,1.09216,4,1,1,1,0,1,0.988527,0,0,11.6111,13.9445,13.8611,1776.25,970,512.539,970,1003.24,35.2266,123.023,124.828,41.6953,44.0859,575.487,39.75,3,1.81334,3.68,87.75,8.2353,8.62745,0,-0.21875,24.4602,14.25,14.25,14.25
100.637,0,0,0,0,1.06287,0.99997,1.09158,4,1,1,1,0,1,0.989992,0,0,12.1389,14.1111,14.0278,1768.25,970,530.117,970,1005.82,36.5859,123.234,125.32,41.3906,45.0234,575.487,39.75,2.92,1.86134,3.6,87.75,8.2353,8.62745,0,-0.703125,24.8203,30,30,32.25
100.671,0,0,0,0,1.05988,0.99997,1.08923,4,1,1,1,0,1,0.989992,0,0,12.5278,14.3333,14.3056,1763,970,539.688,970,1003.24,37.2891,123.68,124.594,42.9609,45.2344,575.487,39.75,3.024,1.94667,3.704,87.75,8.62745,9.01961,0,-0.796875,24.8203,29.25,29.25,32.25
100.704,0,0,0,0,1.05963,0.99997,1.08731,4,1,1,1,0,1,0.994142,0,0,12.8889,15.4167,15.3333,1751.75,970,568.633,970,1003.24,39.4922,123.68,124.594,46.1484,46.2422,575.174,39.75,3.204,2.008,3.884,87.75,9.41177,9.01961,0,-0.59375,25.1789,27.75,27.75,31.5
100.737,0,0,0,0,1.05676,0.99997,1.08618,4,1,1,1,0,1,0.997072,0,0,13.1667,15.4167,15.5278,1747.5,970,579.57,970,1000.59,40.2656,122.719,124.008,46.7813,46.5469,575.174,39.75,3.248,2.09067,3.928,88.5,9.41177,9.01961,0,-0.390625,25.1789,27.75,27.75,30.75
100.771,0,0,0,0,1.05975,0.99997,1.08591,4,1,1,1,0,1,1,0,0,13.75,15.4167,15.4722,1739.25,970,596.953,970,1003.24,41.5781,122.133,123.398,46.5469,46.7344,575.174,39.75,3.3,2.12,3.98,88.5,9.41177,9.01961,0,-0.453125,25.1789,27,27,30.75
100.804,0,0,0,0,1.05951,0.99997,1.08719,4,1,1,1,0,1,1.00733,0,0,14,15.3889,15.3333,1731.5,970,609.922,970,1003.24,42.4688,122.133,123.398,46.4531,48.1875,575.174,39.75,3.344,2.14667,4.024,88.5,9.01961,9.41177,0,-0.859375,25.8991,26.25,26.25,30.75
100.837,0,0,0,0,1.0625,0.99997,1.08954,4,1,1,1,0,1,1.01148,0,0,14.1667,15.4167,15.25,1723,970,621.328,970,1005.86,43.2891,121.594,122.906,45.8203,48.8906,575.174,39.75,3.352,2.184,4.032,87.75,9.41177,9.41177,0,-0.703125,26.2592,26.25,26.25,30
100.871,0,0,0,0,1.06183,0.99997,1.09189,4,1,1,1,0,1,1.0166,0,0,14.3889,15.6667,15.6389,1712.5,970,631.602,970,1005.86,44.0625,121.031,122.109,47.5547,50.4844,575.174,39.75,3.452,2.21334,4.164,87.75,9.41177,9.41177,0,-0.640625,26.9779,26.25,26.25,30
100.904,0,0,0,0,1.06122,0.99997,1.09415,4,1,1,1,0,1,1.01831,0,0,14.5,15.6667,15.8056,1701.75,970,643.086,970,1005.86,44.8125,121.031,122.109,48.5156,52.7813,575.037,39.75,3.568,2.28,4.28,87.75,9.41177,9.80392,0,-0.1875,28.0567,25.5,25.5,30
100.937,0,0,0,0,1.06091,0.99997,1.09488,4,1,1,1,0,1,1.01831,0,0,14.5556,16.25,15.5833,1694.75,970,650.977,965,1005.86,45.3516,120.352,121.594,48.1172,55.8516,575.037,39.75,3.756,2.25067,4.444,87.75,9.80392,10.1961,0,-0.359375,29.6757,25.5,25.5,30
100.971,0,0,0,0,1.05939,0.99997,1.09537,4,1,1,1,0,1,1.0166,0,0,14.75,17.1389,16.1111,1690.75,960,656.875,965,1005.86,45.7969,119.906,121.078,50.9297,60.8906,575.037,39.75,3.944,2.44,4.632,87.75,10.1961,10.9804,0,-0.75,32.1934,25.5,25.5,30
101.004,0,0,0,0,1.0567,0.99997,1.09415,4,1,1,1,0,1,1.01148,0,0,15.0278,19.0833,17.5556,1673.75,960,686.836,965,1005.86,47.9531,119.906,121.078,55.0547,65.1094,575.037,39.75,4.18,2.6,4.868,87.75,11.3726,11.7647,0,-0.90625,34.3526,24,24,29.25
101.037,0,0,0,0,1.05463,0.99997,1.09375,4,1,1,1,0,1,1.00855,0,1.17188,15.5,19.8333,17.8056,1670,1030,698.828,965,1005.86,48.75,119.32,120.258,55.9453,69.9844,575.037,39.75,4.24,2.68534,4.928,87.75,12.1569,12.549,0,-0.6875,37.0504,24,24,29.25
101.071,0,0,0,0,1.05005,0.99997,1.09262,4,1,1,1,0,1,1.00733,0,35.1563,16.1389,20.5833,18.9722,1661,1120,728.75,965,1005.86,50.9766,118.641,119.648,59.9297,75.9375,575.037,39.75,4.508,2.872,5.188,87.75,12.9412,13.3333,0,-0.46875,40.1083,23.25,23.25,29.25
101.104,0,0,0,0,1.04376,0.99997,1.09128,4,1,1,1,0,1,1.00171,0,35.1563,16.8333,23.8889,19.8889,1657.5,1190,761.211,965,1005.82,53.2969,118.641,119.648,63.5156,80.8594,575.018,39.75,4.592,2.952,5.272,87.75,14.902,14.902,0,-0.390625,42.9861,22.5,22.5,28.5
101.137,0,0,0,0,1.03162,0.99997,1.09128,4,1,1,1,0,1,0.997072,0,53.5156,17.2778,24.1667,21.25,1648.25,1220,800.742,965,1003.24,56.1797,118.125,119.25,68.0156,83.4375,575.018,39.75,4.768,3.08267,5.448,87.75,15.6863,15.6863,0,-0.578125,44.6036,21,21,28.5
101.171,0,0,0,0,1.02673,0.99997,1.0892,4,1,1,1,0,1,0.995607,0,59.7656,17.9722,24.1389,20.8889,1635,1240,832.148,965,1005.86,58.5703,118.008,118.711,66.75,84.9844,575.018,39.75,4.856,3.168,5.544,87.75,16.4706,16.4706,0,-1.04688,45.3238,20.25,20.25,28.5
101.204,0,0,0,0,1.01453,0.99997,1.0911,4,1,1,1,0,1,1.00733,0,59.7656,18.5,23.1111,21.8611,1617,1250,863.594,965,1005.86,60.9141,118.008,118.711,70.9219,85.5938,575.018,39.75,5,3.21067,5.688,87.75,16.8628,16.8628,0,-0.78125,45.6839,18.75,18.75,27.75
101.237,0,0,0,0,1.01404,0.99997,1.09137,4,1,1,1,0,1,1.01001,0,64.4531,18.75,22.1111,21.3611,1612.25,1260,875.469,965,1011.17,61.5938,117.07,117.563,68.8359,86.1797,575.018,39.75,5.028,3.304,5.716,87.75,16.8628,18.0392,0,-0.703125,45.6839,18.75,18.75,27.75
101.271,0,0,0,0,1.01343,0.99997,1.09665,4,1,1,1,0,1,1.0249,0,60.9375,19.1389,23.1667,20.9167,1604.25,1260,890.078,965,1013.79,62.6719,116.156,116.953,66.8906,86.1797,575.018,39.75,4.976,3.30134,5.656,87.75,18.4314,18.8235,0,-0.21875,45.6839,18,18,27.75
101.304,0,0,0,0,1.00745,0.99997,1.09793,4,1,1,1,0,1,1.02661,0,60.9375,19.5556,22.3611,22.1111,1597.75,1250,911.797,965,1016.41,64.1953,116.156,116.953,71.7422,85.6875,575.291,39.75,5.072,3.36534,5.752,87.75,19.2157,19.2157,0,-0.34375,45.3238,16.5,16.5,27.75
101.337,0,0,0,0,1.00586,0.99997,1.10358,4,1,1,1,0,1,1.03589,0,57.0313,19.7222,21.1389,22.1667,1592.75,1190,932.109,965,1016.45,65.6484,115.711,116.648,72,81.3984,575.291,39.75,5.168,3.41334,5.88,87.75,19.6078,20,0,-0.71875,43.1647,16.5,16.5,27.75
101.371,0,0,0,0,1.01245,0.99997,1.10584,4,1,1,1,0,1,1.03589,0,19.5313,20.0278,21.9445,21.9167,1586.75,1030,940.273,965,1021.72,66.2578,115.5,116.109,71.0859,69.4453,575.291,39.75,5.168,3.456,5.88,87.75,20.3922,20,0,-0.875,36.1501,15.75,15.75,27
101.404,0,0,0,0,1.01447,0.99997,1.11331,4,1,1,1,0,1,1.0459,0,19.5313,20.1945,19.8889,22.0556,1573.75,960,955.273,965,1024.38,67.3594,115.5,116.109,71.6484,47.5078,575.291,39.75,5.212,3.48534,5.924,87.75,19.6078,16.8628,0,-0.5625,24.6402,15.75,15.75,27
101.437,0,0,0,0,1.01965,0.99997,1.11496,4,1,1,1,0,1,1.04199,0,0,19.7222,16.5556,20.3333,1556.75,960,924.258,965,1029.65,65.0391,114.984,114.938,55.875,45.9375,575.291,39.75,4.944,3.408,5.656,87.75,16.4706,14.5098,0,-0.296875,16.3668,15,15,15
101.471,0,0,0,0,1.03015,0.99997,1.12091,4,1,1,1,0,1,1.0459,0,0,18.8611,15.8611,18.75,1551.25,960,907.266,965,1040.2,63.7969,113.93,114.422,53.7422,42.6563,575.291,39.75,4.776,3.19467,5.464,87.75,14.1177,12.9412,0,-0.59375,9.35224,10.5,10.5,10.5
101.504,0,0,0,0,1.03796,0.99997,1.12524,4,1,1,1,0,1,1.0459,0,0,17.9722,14.8333,17.4167,1533.5,960,876.602,965,1048.13,61.5234,113.93,114.422,50.7422,37.5,575.35,39.75,4.56,3.00534,5.248,87.75,10.9804,10.5882,0,-0.671875,2.33768,3,3,3
101.537,0,0,0,0,1.04584,0.99997,1.12631,4,1,1,1,0,1,1.03394,0,0,17.3056,13.2778,15.1945,1517.25,960,833.164,965,1056.02,58.2891,113.391,112.969,45.9141,33.5156,575.35,39.75,4.212,2.84,4.9,87.75,9.41177,8.62745,0,-0.453125,0,3.75,3.75,3.75
101.571,0,0,0,0,1.04846,0.99997,1.1268,4,1,1,1,0,1,1.02149,0,0,16.3611,11.1667,14.7222,1517.5,960,810.234,965,1058.71,56.6016,112.125,112.805,39,35.4141,575.35,39.75,3.78,2.54134,4.468,87.75,7.84314,7.05883,0,-0.4375,0,-3,-3,-3
101.604,0,0,0,0,1.05628,0.99997,1.11954,4,1,1,1,0,1,0.984865,0,0,15.1389,11.4167,12.6667,1498.25,960,761.758,965,1066.64,53.0156,112.125,112.805,39.9844,31.4766,575.35,39.75,3.648,2.30667,4.336,87.75,6.66667,7.05883,0,-0.15625,0,-7.5,-7.5,-7.5
101.637,0,0,0,0,1.06159,0.99997,1.1207,4,1,1,1,0,1,0.978517,0,0,14.5,10.4722,11.6389,1471,960,716.484,965,1071.91,49.6641,111.914,111.422,37.3828,29.0625,575.35,39,3.308,2.18134,3.996,87.75,6.27451,5.4902,0,-0.09375,0,-9.75,-9.75,-9.75
101.671,0,0,0,0,1.06415,0.99997,1.11356,4,1,1,1,0,1,0.961183,0,0,13.2778,9.36112,11.7778,1457,960,692.539,965,1074.53,47.9063,110.625,110.391,33.7266,26.9297,575.35,39,3.092,1.968,3.772,87.75,4.70588,4.70588,0,-0.3125,0,-6.75,-6.75,-6.75
101.704,0,0,0,0,1.0694,0.99997,1.10095,4,1,1,1,0,1,0.933107,0,0,12.0278,7.11112,8.19445,1455.5,960,631.953,965,1079.84,43.4063,110.625,110.391,25.6641,24.5859,575.077,39,2.72,1.728,3.4,87.75,3.92157,3.92157,0,-0.515625,0,-9,-9,-9
101.737,0,0,0,0,1.06677,0.99997,1.09555,4,1,1,1,0,1,0.926515,0,0,11.5,6.38889,8.33334,1461.5,960,575.664,965,1077.19,39.2813,109.805,110.602,22.9922,23.1094,575.077,39,2.232,1.6,2.912,87.75,3.52941,3.52941,0,-0.5625,0,-11.25,-11.25,-11.25
101.771,0,0,0,0,1.07202,0.99997,1.08414,4,1,1,1,0,1,0.908937,0,0,10.3333,6.25,7.41667,1448.75,960,550.742,965,1082.5,37.4531,109.969,110.109,22.6875,21.8906,575.077,39,2.124,1.34134,2.804,87.75,3.13726,3.52941,0,-0.296875,0,-9,-9,-9
101.804,0,0,0,0,1.06677,0.99997,1.06982,4,1,1,1,0,1,0.892335,0,0,9.30556,6.11112,6.75001,1433,960,507.969,965,1077.19,34.2891,109.969,110.109,22.4297,21.0703,575.077,39,1.916,1.224,2.596,87.75,3.13726,3.13726,0,-0.078125,0,-6.75,-6.75,-6.75
101.837,0,0,0,0,1.0694,0.99997,1.06079,4,1,1,1,0,1,0.887941,0,0,8.8889,5.66667,5.22223,1420.25,960,471.602,965,1079.84,31.6172,109.57,109.523,21,20.4844,575.077,39,1.736,1.17333,2.424,87.75,2.7451,2.7451,0,-0.09375,0,-9,-9,-9
101.871,0,0,0,0,1.06159,0.99997,1.05142,4,1,1,1,0,1,0.883546,0,0,8.19445,5.66667,3.75,1414,960,455.742,965,1071.91,30.4688,109.008,108.82,21.0703,20.0391,575.077,39,1.736,1.13067,2.424,87.75,2.7451,2.7451,0,-0.09375,0.538643,-7.5,-7.5,-7.5
101.904,0,0,0,0,1.06159,0.99997,1.03922,4,1,1,1,0,1,0.875245,0,0,7.50001,4.58334,7.69445,1410,960,422.578,965,1071.91,28.0313,109.008,108.82,17.1094,13.5,574.979,39,1.5,0.981335,2.188,87.75,2.35294,1.17647,0,-0.375,1.97757,-6,-6,-6
101.937,0,0,0,0,1.06421,0.99997,1.03171,4,1,1,1,0,1,0.871583,0,0,7.08334,3.44445,0.527778,1416.25,960,399.57,965,1074.57,26.3203,108.398,108.68,12.7266,16.3359,574.979,39,1.276,0.826668,1.964,87.75,1.17647,1.17647,0,-0.515625,3.23643,-4.5,-4.5,-4.5
101.971,0,0,0,0,1.04584,0.99997,1.02411,4,1,1,1,0,1,0.868898,0,0,6.69445,3.52778,10.9445,1427,960,408.906,965,1056.05,27.0234,108.352,109.313,44.8359,16.5234,574.979,39,2.208,0.786668,2.888,87.75,1.17647,1.96079,0,-0.15625,3.95666,-6.75,-6.75,-6.75
102.004,0,0,0,0,1.07202,0.99997,1.0148,4,1,1,1,0,1,0.864259,0,0,7.19445,4.11111,0,1421.75,960,362.656,965,1082.5,23.625,108.352,109.313,0,16.7813,574.979,39,0.86,1.008,1.54,87.75,1.56863,1.96079,0,-0.015625,4.67536,4.5,4.5,4.5
102.037,0,0,0,0,1.04059,0.99997,1.00696,4,1,1,1,0,1,0.860597,0,0,6.38889,4.08334,9.8889,1426.5,960,385.664,965,1050.78,25.3125,108.938,109.102,38.9531,16.9453,574.979,39,1.924,0.560001,2.604,87.75,1.56863,1.96079,0,0.1875,5.03547,-2.25,-2.25,-2.25
102.071,0,0,0,0,1.0589,0.99997,1,4,1,1,0.981935,0,1,0.855958,0,0,7.55556,4.13889,12.2222,1418.75,960,422.07,965,1069.26,27.9844,108.516,109.008,49.5703,17.8828,574.979,39,2.172,1.4,2.852,87.75,1.96079,1.96079,0,0.046875,6.65445,8.25,8.25,8.25
102.104,0,0,0,0,1.03796,0.99997,1,4,1,1,0.981935,0,1,0.843995,0,0,6.27778,4.27778,1.25,1417,960,360,965,1048.13,23.3672,108.516,109.008,3.42188,20.5313,575.077,39,0.964,0.605334,1.644,87.75,1.96079,2.35294,0,-0.140625,8.63202,12.75,12.75,12.75
102.137,0,0,0,0,1.04059,0.99997,1,4,1,1,0.978517,0,1,0.835695,0,0,7.08334,5.13889,9.80556,1415.25,960,418.867,965,1050.78,27.6797,108.703,108.984,39.1406,22.2188,575.077,39,1.984,1.408,2.664,87.75,2.7451,3.13726,0,-0.375,9.71235,17.25,17.25,17.25
102.171,0,0,0,0,1.04846,0.99997,1,4,1,1,0.976076,0,0.978517,0.815675,0,0,6.69445,5.69445,1.41667,1415,960,382.109,965,1058.71,24.9844,108.727,108.867,3.21094,23.5547,575.077,39,1.12,0.717334,1.8,87.75,3.13726,3.13726,0,-0.359375,10.4311,21.75,21.75,21.75
102.204,0,0,0,0,1.04584,0.99997,1,4,1,1,0.976076,0,0.978517,0.794435,0,0,7.38889,5.80556,13.1389,1409.75,960,417.734,965,1056.02,27.6094,108.727,108.867,54.2813,24.4219,575.077,39,2.488,1.57867,3.168,87.75,3.13726,3.13726,0,-0.03125,10.7912,30.75,30.75,34.5
102.237,0,0,0,0,1.05365,0.99997,1,4,1,1,0.974367,0,0.978517,0.773927,0,0,7.30556,5.91667,6.33334,1411,960,411.523,965,1063.98,27.1406,108.633,108.68,23.4844,26.8594,575.077,39,1.656,1.05333,2.336,87.75,3.13726,3.92157,0,0.1875,12.05,27.75,27.75,33
102.271,0,0,0,0,1.03796,0.99997,1,4,1,1,0.972902,0,0.974367,0.758302,0,0,7.02778,6.83334,8.8889,1416.75,960,396.367,965,1048.13,26.0391,108.492,108.938,35.0625,28.7813,575.077,39,1.904,1.19467,2.584,87.75,3.92157,4.31373,0,0.21875,13.1288,27,27,26.25
102.304,0,0,0,0,1.04584,0.99997,1,4,1,1,0.972902,0,0.974367,0.729982,0,0,7.50001,7.83334,6.69445,1407.5,960,417.422,965,1056.05,27.5859,108.492,108.938,24.1172,30.2813,575.194,39,1.712,1.08533,2.392,87.75,4.70588,4.70588,0,-0.125,13.8491,27,27,24.75
102.337,0,0,0,0,1.03796,0.99997,1,4,1,1,0.971925,0,0.974367,0.729982,0,0,7.38889,8.11112,8.1389,1407.75,960,421.445,965,1048.13,27.8672,108.703,108.586,30.2813,31.7344,575.194,39,1.804,1.08533,2.484,87.75,4.70588,4.70588,0,-0.28125,14.5678,27.75,27.75,24.75
102.371,0,0,0,0,1.04059,0.99997,1,4,1,1,0.970949,0,0.971925,0.729982,0,0,7.72223,8.47223,8.61112,1411.75,960,440.547,965,1050.78,29.2734,108.422,108.609,32.25,32.25,575.194,39,2.008,1.35467,2.696,87.75,5.09804,5.09804,0,-0.296875,14.9279,28.5,28.5,31.5
102.404,0,0,0,0,1.0354,0.99997,1,4,1,1,0.970949,0,0.971925,0.729982,0,0,7.97223,8.55556,8.77778,1414,960,446.68,965,1045.51,29.7188,108.422,108.609,33.375,32.7422,575.194,39,2.06,1.31467,2.748,87.75,5.09804,5.09804,0,-0.140625,15.2865,28.5,28.5,31.5
102.437,0,0,0,0,1.0354,0.99997,1,4,1,1,0.97046,0,0.971925,0.729982,0,0,8.19445,8.52778,9.05556,1410.75,960,463.359,965,1045.51,30.9375,108.469,108.844,34.5938,33.3516,575.194,39,2.18,1.408,2.868,87.75,5.09804,5.09804,0,-0.03125,15.6466,28.5,28.5,30.75
102.471,0,0,0,0,1.03278,0.99997,1,4,1,1,0.969972,0,0.97046,0.731446,0,0,8.36112,8.52778,8.8889,1408.5,960,467.617,965,1042.85,31.2656,108.656,108.633,33.7969,34.8516,575.194,39,2.184,1.384,2.88,87.75,5.09804,5.09804,0,-0.03125,16.3668,28.5,28.5,30.75
102.504,0,0,0,0,1.03015,0.99997,1,4,1,1,0.969972,0,0.97046,0.758302,0,0,8.58334,8.91667,9.11112,1406.25,960,479.766,965,1040.23,32.1563,108.656,108.633,34.8281,34.9453,574.686,39,2.26,1.43467,2.956,87.75,5.4902,5.4902,0,-0.375,16.3668,28.5,28.5,30.75
102.537,0,0,0,0,1.03015,0.99997,1,4,1,1,0.969728,0,0.97046,0.778566,0,0,8.72223,9.19445,9.8889,1405.75,960,495.508,965,1040.23,33.3047,108.492,108.539,37.8516,35.7422,574.686,39,2.392,1.48534,3.072,87.75,5.4902,5.4902,0,-0.25,16.7254,27.75,27.75,30
102.571,0,0,0,0,1.02753,0.99997,1,4,1,1,0.969484,0,0.969728,0.796876,0,0,9.05556,9.22223,9.86112,1404.5,960,502.734,965,1037.58,33.8203,108.398,108.492,38.1328,36.3984,574.686,39,2.452,1.55734,3.132,87.75,5.4902,5.4902,0,-0.328125,17.0855,27.75,27.75,30
102.604,0,0,0,0,1.02753,0.99997,1,4,1,1,0.969484,0,0.969728,0.818361,0,0,9.27779,9.44445,9.6389,1405.25,960,513.203,965,1037.58,34.5938,108.398,108.492,36.7266,36.9844,574.686,39,2.436,1.54934,3.116,87.75,5.88235,5.88235,0,-0.171875,17.4456,27.75,27.75,29.25
102.637,0,0,0,0,1.0249,0.99997,0.919831,4,1,1,0.96924,0,0.969728,0.844972,0,0,9.36112,9.44445,10.2222,1406.75,960,519.297,965,1034.92,35.0391,108.398,108.516,38.6719,37.5,574.686,39,2.34,1.488,3.02,87.75,5.88235,5.88235,0,0.125,17.8057,27.75,27.75,29.25
102.671,0,0,0,0,1.0249,0.99997,0.92035,4,1,1,0.96924,0,0.96924,0.866212,0,0,9.52779,9.55556,10.0556,1406.5,960,530.469,965,1034.92,35.8594,108.422,108.586,38.2969,38.0859,574.686,39,2.38,1.53867,3.06,87.75,5.88235,5.88235,0,-0.015625,18.1643,27,27,28.5
102.704,0,0,0,0,1.02228,0.99997,0.921052,4,1,1,0.96924,0,0.96924,0.884523,0,0,9.69445,9.75001,10.6111,1401.75,960,542.773,965,1032.3,36.75,108.422,108.586,40.6172,38.1563,574.237,39,2.512,1.56267,3.192,87.75,5.88235,5.88235,0,-0.171875,18.1643,26.25,26.25,28.5
102.737,0,0,0,0,1.02228,0.99997,0.926362,4,1,1,0.968996,0,0.96924,0.900148,0,0,9.80556,9.83334,10.5,1401.25,960,547.617,965,1032.3,37.1016,108.469,108.375,39.9844,38.9531,574.237,39.75,2.524,1.59734,3.204,87.75,5.88235,6.27451,0,-0.25,18.5244,26.25,26.25,28.5
102.771,0,0,0,0,1.02228,0.99997,0.930939,4,1,1,0.976808,0,0.968996,0.915529,0,0,9.97223,10.3056,10.5833,1401.25,960,552.148,965,1032.3,37.4297,108.047,108.352,40.125,38.9531,574.237,39.75,2.524,1.60534,3.228,87.75,6.27451,6.27451,0,-0.25,18.5244,26.25,26.25,28.5
102.804,0,0,0,0,1.01965,0.99997,0.940003,4,1,1,0.976808,0,0.968996,0.937501,0,0,10.2222,11.3056,10.9722,1403.75,960,563.945,965,1029.65,38.2266,108.047,108.352,41.8828,39.5391,574.237,39.75,2.58,1.64267,3.284,87.75,7.05883,6.27451,0,-0.09375,18.8845,25.5,25.5,28.5
102.837,0,0,0,0,1.01703,0.99997,0.947877,4,1,1,0.982668,0,0.968996,0.957277,0,0,10.3889,11.3611,11.9722,1406,960,582.5,965,1026.99,39.5625,108.258,108.445,45.75,39.3516,574.237,39.75,2.844,1.72267,3.524,87.75,7.05883,6.27451,0,0.046875,18.8845,25.5,25.5,28.5
102.871,0,0,0,0,1.01703,0.99997,0.951447,4,1,1,1,0,0.982668,0.974855,0,0,10.75,11.3333,11.9722,1405.25,960,591.406,965,1026.99,40.2188,108.375,108.516,45.5156,39.5156,574.237,39.75,2.904,1.85067,3.584,87.75,7.05883,6.27451,0,0.125,18.8845,25.5,25.5,29.25
102.904,0,0,0,0,1.01703,0.99997,0.957947,4,1,1,1,0,0.982668,0.984865,0,0,10.9722,11.1111,11.9167,1404,960,604.258,965,1026.99,41.1563,108.375,108.516,44.9766,39.5391,573.866,39.75,2.96,1.888,3.64,87.75,7.05883,6.27451,0,-0.234375,18.8845,24,24,28.5
102.937,0,0,0,0,1.01703,0.99997,0.967011,4,1,1,1,0,0.982668,0.998537,0,0,11.0833,11.0278,11.8333,1405.75,960,609.258,965,1026.99,41.5313,108.445,108.469,44.5078,39.6094,573.866,39.75,2.98,1.90134,3.66,87.75,6.66667,6.66667,0,-0.3125,18.8845,24,24,28.5
102.971,0,0,0,0,1.01947,0.99997,0.97461,4,1,1,1,0,1,1.00855,0,0,11.1945,10.7778,11.5833,1406.75,960,615.977,965,1026.99,42.0234,108.422,108.563,43.3594,39.8438,573.866,39.75,2.952,1.89334,3.632,87.75,6.66667,6.66667,0,-0.34375,18.8845,24.75,24.75,29.25
103.004,0,0,0,0,1.02264,0.99997,0.985657,4,1,1,1,0,1,1.02661,0,0,11.3056,10.6111,11.2222,1407.25,960,617.5,965,1026.99,42.1406,108.422,108.563,41.9063,39.7734,573.866,39.75,2.928,1.904,3.608,87.75,6.66667,6.66667,0,-0.109375,18.8845,24,24,29.25
103.037,0,0,0,0,1.02472,0.99997,0.993897,4,1,1,1,0,1,1.03784,0,0,11.3056,10.6667,11,1405.5,960,615.938,965,1026.99,42.0234,108.492,108.586,41.1094,39.7734,573.866,39.75,2.772,1.86934,3.452,87.75,6.66667,6.66667,0,0.03125,18.8845,24,24,29.25
103.071,0,0,0,0,1.02594,0.99997,0.992982,4,1,1,1,0,1,1.04004,0,0,11.25,10.6667,11.25,1405.5,960,615.898,965,1026.99,42.0234,108.516,108.516,42,39.7734,573.866,39.75,2.788,1.776,3.476,87.75,6.66667,6.66667,0,-0.09375,18.8845,24,24,29.25
103.104,0,0,0,0,1.02539,0.99997,1.00552,4,1,1,1,0,1,1.05005,0,0,11.1945,10.6389,11.25,1401.25,960,615.625,965,1024.38,42,108.516,108.516,42.0938,39.9609,573.573,39.75,2.896,1.848,3.584,87.75,6.66667,6.66667,0,-0.375,18.8845,24,24,29.25
103.137,0,0,0,0,1.02985,0.99997,1.01148,4,1,1,1,0,1,1.05225,0,0,11.25,10.6111,11.2222,1403.75,960,616.25,965,1026.99,42.0469,108.445,108.398,41.7656,39.9375,573.573,39.75,2.916,1.86934,3.596,87.75,6.66667,6.66667,0,-0.265625,18.8845,24,24,29.25
103.171,0,0,0,0,1.02911,0.99997,1.0166,4,1,1,1,0,1,1.05225,0,0,11.25,10.6667,11.1667,1406.5,960,615.43,965,1024.38,41.9766,108.352,108.563,41.5078,39.7734,573.573,39.75,2.912,1.85867,3.592,87.75,6.66667,6.66667,0,-0.546875,18.8845,24,24,29.25
103.204,0,0,0,0,1.03357,0.99997,1.02039,4,1,1,1,0,1,1.05689,0,0,11.25,10.6389,11.2778,1407.5,960,614.688,965,1026.99,41.9297,108.352,108.563,41.7891,39.7031,573.573,39.75,2.912,1.85867,3.592,87.75,6.66667,6.27451,0,-0.21875,18.8845,24,24,29.25
103.237,0,0,0,0,1.03516,0.99997,1.02478,4,1,1,1,0,1,1.05689,0,0,11.25,10.6945,11.2778,1406.75,960,614.531,965,1026.99,41.9063,108.492,108.586,41.8359,39.7031,573.573,39.75,2.932,1.86934,3.612,87.75,6.66667,6.27451,0,0.125,18.8845,24,24,29.25
103.271,0,0,0,0,1.03412,0.99997,1.02982,4,1,1,1,0,1,1.06177,0,0,11.1945,10.5833,11.1945,1404.75,960,615,965,1024.38,41.9531,108.539,108.492,42.2344,39.75,573.573,39.75,2.968,1.89334,3.648,87.75,6.27451,6.27451,0,0.03125,18.8845,24,24,29.25
103.304,0,0,0,0,1.03912,0.99997,1.03284,4,1,1,1,0,1,1.06177,0,0,11.1945,10.6111,10.9167,1406.25,960,611.953,965,1026.99,41.7188,108.539,108.492,40.5,39.8203,573.26,39.75,2.912,1.87734,3.592,87.75,6.27451,6.27451,0,-0.34375,18.8845,24,24,29.25
103.337,0,0,0,0,1.03748,0.99997,1.03449,4,1,1,1,0,1,1.05933,0,0,11.1945,10.5556,11.0556,1407,960,610.938,965,1024.38,41.6484,108.469,108.539,41.0625,39.75,573.26,39.75,2.932,1.85867,3.612,87.75,6.27451,6.27451,0,-0.296875,18.8845,24,24,29.25
103.371,0,0,0,0,1.04163,0.99997,1.03754,4,1,1,1,0,1,1.05933,0,0,11.1945,10.5278,11.0833,1409.5,960,610.938,965,1026.99,41.6484,108.516,108.656,41.6719,39.6094,573.26,39.75,2.952,1.88267,3.632,87.75,6.27451,6.27451,0,-0.296875,18.8845,24,24,29.25
103.404,0,0,0,0,1.04047,0.99997,1.04065,4,1,1,1,0,1,1.05689,0,0,11.0833,10.5556,10.8333,1407.25,960,608.008,965,1024.38,41.4375,108.516,108.656,40.7578,39.6563,573.26,39.75,2.924,1.86667,3.604,87.75,6.27451,6.27451,0,-0.328125,18.8845,24,24,29.25
103.437,0,0,0,0,1.04169,0.99997,1.04309,4,1,1,1,0,1,1.05469,0,0,11.0833,10.6111,10.9445,1408.25,960,607.383,965,1024.38,41.3906,108.609,108.516,40.9453,39.7734,573.26,39.75,2.928,1.88267,3.608,87.75,6.27451,6.27451,0,0.0625,18.8845,24,24,29.25
103.471,0,0,0,0,1.04297,0.99997,1.0455,4,1,1,1,0,1,1.05225,0,0,11.0833,10.6111,11,1409.25,960,606.914,965,1024.38,41.3672,108.492,108.656,41.0859,39.6563,573.26,39.75,2.924,1.86667,3.604,87.75,6.27451,6.27451,0,0.265625,18.8845,24,24,29.25
103.504,0,0,0,0,1.04511,0.99997,1.04804,4,1,1,1,0,1,1.04785,0,0,11.0833,10.6667,11.0278,1407.5,960,606.719,965,1024.38,41.3438,108.492,108.656,40.5469,39.9141,572.928,39.75,2.916,1.86134,3.596,87.75,6.27451,6.27451,0,-0.109375,18.8845,23.25,23.25,21.75
103.537,0,0,0,0,1.04614,0.99997,1.04926,4,1,1,1,0,1,1.04395,0,0,11.0833,10.5556,11.1389,1408.75,960,607.109,965,1024.38,41.3672,108.609,108.586,41.625,39.8203,572.928,39.75,2.96,1.888,3.64,87.75,6.27451,6.27451,0,-0.3125,18.8845,23.25,23.25,21.75
103.571,0,0,0,0,1.05005,0.99997,1.05093,4,1,1,1,0,1,1.04199,0,0,11.0278,10.5833,10.9722,1407.75,960,604.57,965,1026.99,41.1797,108.539,108.609,40.3594,39.8203,572.928,39.75,2.908,1.856,3.588,87.75,6.27451,6.27451,0,-0.3125,18.8845,24,24,21.75
103.604,0,0,0,0,1.04852,0.99997,1.05289,4,1,1,1,0,1,1.04004,0,0,11.0278,10.5833,11,1410.25,960,603.398,965,1024.38,41.1094,108.539,108.609,41.0156,39.8672,572.928,39.75,2.932,1.85867,3.612,87.75,6.27451,6.27451,0,-0.171875,18.8845,24,24,21.75
103.637,0,0,0,0,1.05225,0.99997,1.05325,4,1,1,1,0,1,1.03589,0,0,11.0278,10.5556,10.9722,1412.75,960,603.047,965,1026.95,41.0859,108.586,108.68,40.8984,39.4922,572.928,39.75,2.924,1.86934,3.604,87.75,6.27451,6.27451,0,0.078125,18.8845,24,24,29.25
103.671,0,0,0,0,1.0506,0.99997,1.05447,4,1,1,1,0,1,1.03394,0,0,10.9722,10.5833,10.8889,1409,960,600.898,965,1024.38,40.9219,108.633,108.727,40.8047,39.5156,572.928,39.75,2.92,1.84,3.6,87.75,6.27451,6.27451,0,0.03125,18.8845,24,24,29.25
103.704,0,0,0,0,1.05182,0.99997,1.05591,4,1,1,1,0,1,1.03198,0,0,10.9722,10.5833,11,1409.75,960,601.211,965,1024.38,40.9453,108.633,108.727,41.1328,39.5859,572.616,39.75,2.932,1.86934,3.612,87.75,6.27451,6.27451,0,-0.1875,18.8845,24.75,24.75,29.25
103.737,0,0,0,0,1.05298,0.99997,1.05631,4,1,1,1,0,1,1.03003,0,0,10.9722,10.6111,10.9167,1410.75,960,600.938,965,1024.38,40.9219,108.68,108.633,40.7344,39.6563,572.616,39.75,2.92,1.872,3.6,87.75,6.27451,6.27451,0,-0.1875,18.8845,24,24,29.25
103.771,0,0,0,0,1.05402,0.99997,1.05698,4,1,1,1,0,1,1.02832,0,0,10.9722,10.5833,10.8889,1409.75,960,600.508,965,1024.38,40.8984,108.586,108.68,40.6406,39.6328,572.616,39.75,2.912,1.85867,3.592,87.75,6.27451,6.27451,0,-0.328125,18.8845,24.75,24.75,29.25
103.804,0,0,0,0,1.05518,0.99997,1.05728,4,1,1,1,0,1,1.0249,0,0,10.9722,10.6111,11.0278,1412.75,960,600.039,965,1024.38,40.8516,108.586,108.68,41.0156,39.5156,572.616,39.75,2.936,1.872,3.616,87.75,6.27451,6.27451,0,-0.15625,18.8845,24.75,24.75,29.25
103.837,0,0,0,0,1.05609,0.99997,1.05863,4,1,1,1,0,1,1.0249,0,0,10.9722,10.5556,10.9167,1410.5,960,598.945,965,1024.38,40.7813,108.633,108.773,40.6406,39.4922,572.616,39.75,2.912,1.85334,3.592,87.75,6.27451,6.27451,0,0.0625,18.8845,24.75,24.75,29.25
103.871,0,0,0,0,1.05695,0.99997,1.05829,4,1,1,1,0,1,1.02149,0,0,10.9722,10.5556,10.9445,1413.25,960,598.75,965,1024.38,40.7578,108.75,108.797,40.6641,39.5391,572.616,39.75,2.916,1.86134,3.596,87.75,6.27451,6.27451,0,0.09375,18.8845,24.75,24.75,29.25
103.904,0,0,0,0,1.05847,0.99997,1.05917,4,1,1,1,0,1,1.02002,0,0,10.9722,10.5278,10.9722,1411.75,960,598.984,965,1024.38,40.7813,108.75,108.797,40.8047,39.5391,572.284,39.75,2.924,1.86667,3.604,87.75,6.27451,6.27451,0,-0.1875,18.8845,24,24,29.25
103.937,0,0,0,0,1.05975,0.99997,1.05863,4,1,1,1,0,1,1.0166,0,0,10.9167,10.5,10.6945,1411.25,960,597.5,965,1024.38,40.6641,108.75,108.75,39.7969,39.6094,572.284,39.75,2.96,1.888,3.64,87.75,6.27451,6.27451,0,-0.328125,18.8845,24.75,24.75,29.25
103.971,0,0,0,0,1.06055,0.99997,1.05893,4,1,1,1,0,1,1.0166,0,0,10.9167,10.5,10.9167,1413.75,960,596.992,965,1024.38,40.6406,108.727,108.82,40.5469,39.4922,572.284,39.75,2.984,1.90134,3.664,87.75,6.27451,6.27451,0,-0.171875,18.8845,24.75,24.75,29.25
104.004,0,0,0,0,1.06177,0.99997,1.05829,4,1,1,1,0,1,1.01489,0,0,10.8611,10.5278,10.5556,1413.25,960,593.086,965,1024.38,40.3594,108.727,108.82,39.2109,39.5625,572.284,39.75,2.916,1.872,3.596,87.75,6.27451,6.27451,0,-0.125,18.8845,24.75,24.75,29.25
104.037,0,0,0,0,1.06238,0.99997,1.05716,4,1,1,1,0,1,1.01319,0,0,10.8611,10.5278,10.7222,1413.75,960,592.266,965,1024.38,40.2891,108.773,108.797,39.8203,39.4922,572.284,39.75,2.936,1.86134,3.616,87.75,6.27451,6.27451,0,0.09375,18.8845,24.75,24.75,29.25
104.071,0,0,0,0,1.06293,0.99997,1.05734,4,1,1,1,0,1,1.01319,0,0,10.8056,10.5278,10.8056,1414.75,960,591.914,965,1024.38,40.2656,108.773,108.867,40.0781,39.4453,572.284,39.75,2.932,1.872,3.636,87.75,6.27451,6.27451,0,0.25,18.8845,24.75,24.75,29.25
104.104,0,0,0,0,1.06354,0.99997,1.05502,4,1,1,1,0,1,1.00855,0,0,10.8056,10.4445,10.7778,1414,960,590.156,965,1024.38,40.1484,108.773,108.867,40.0078,39.6797,571.991,39.75,2.932,1.86934,3.636,87.75,6.27451,6.27451,0,-0.03125,18.8845,24,24,22.5
104.137,0,0,0,0,1.06439,0.99997,1.0549,4,1,1,1,0,1,1.00733,0,0,10.8056,10.4722,10.5556,1413.75,960,588.711,965,1024.38,40.0313,108.82,108.891,39.2109,39.6328,571.991,39.75,2.896,1.864,3.576,87.75,6.27451,6.27451,0,-0.359375,18.8845,24.75,24.75,22.5
104.171,0,0,0,0,1.06482,0.99997,1.05469,4,1,1,1,0,1,1.00488,0,0,10.75,10.5556,10.9167,1415,960,589.414,965,1024.38,40.0781,108.844,108.867,40.5,39.6328,571.991,39.75,2.94,1.87467,3.62,87.75,6.27451,6.27451,0,-0.3125,18.8845,24.75,24.75,22.5
104.204,0,0,0,0,1.06598,0.99997,1.05451,4,1,1,1,0,1,1.00366,0,0,10.8056,10.5556,10.7222,1416,960,588.984,965,1024.38,40.0547,108.844,108.867,39.75,39.3984,571.991,39.75,2.908,1.856,3.588,87.75,6.27451,6.27451,0,-0.171875,18.8845,24.75,24.75,22.5
104.237,0,0,0,0,1.06641,0.99997,1.05274,4,1,1,1,0,1,0.997072,0,0,10.75,10.5833,10.75,1414.5,960,588.75,965,1024.38,40.0313,108.82,108.891,39.9141,39.5156,571.991,39.75,2.908,1.856,3.588,87.75,6.27451,6.27451,0,0.046875,18.8845,24.75,24.75,30
104.271,0,0,0,0,1.06696,0.99997,1.05331,4,1,1,1,0,1,0.997072,0,0,10.75,10.5833,10.6945,1415.75,960,588.164,965,1024.38,39.9844,108.867,108.891,39.6563,39.4219,571.991,39.75,2.768,1.76267,3.448,87.75,6.27451,6.27451,0,0.234375,18.8845,24.75,24.75,30
104.304,0,0,0,0,1.06458,0.99997,1.05267,4,1,1,1,0,1,0.994142,0,0,10.75,10.5556,10.7222,1416.25,960,587.773,965,1021.72,39.9609,108.867,108.891,40.3594,39.5391,571.678,39.75,2.792,1.75734,3.472,87.75,6.27451,6.27451,0,0.046875,18.8845,24,24,22.5
104.337,0,0,0,0,1.06519,0.99997,1.05249,4,1,1,1,0,1,0.992677,0,0,10.75,10.5833,10.6667,1415.25,960,587.891,965,1021.72,39.9609,108.844,108.914,40.0547,39.6563,571.678,39.75,2.784,1.77867,3.464,87.75,6.27451,6.27451,0,-0.296875,18.8845,24.75,24.75,22.5
104.371,0,0,0,0,1.06873,0.99997,1.0528,4,1,1,1,0,1,0.991212,0,0,10.75,10.5,10.6111,1415,960,586.875,965,1024.38,39.8906,108.867,108.867,39.0469,39.6797,571.678,39.75,2.752,1.78134,3.432,87.75,6.27451,6.27451,0,-0.3125,18.8845,24.75,24.75,22.5
104.404,0,0,0,0,1.06915,0.99997,1.05301,4,1,1,1,0,1,0.991212,0,0,10.75,10.6111,10.7222,1416,960,586.289,965,1024.38,39.8438,108.867,108.867,39.5156,39.4219,571.678,39.75,2.764,1.76,3.444,87.75,6.27451,6.27451,0,-0.1875,18.8845,24.75,24.75,22.5
104.437,0,0,0,0,1.06659,0.99997,1.05338,4,1,1,1,0,1,0.994142,0,0,10.6945,10.5,10.5833,1418,960,585.313,965,1021.72,39.7734,108.844,108.914,39.6563,39.4219,571.678,39.75,2.764,1.75734,3.444,87.75,6.27451,6.27451,0,-0.15625,18.8845,24.75,24.75,30
104.471,0,0,0,0,1.06708,0.99997,1.05328,4,1,1,1,0,1,0.995607,0,0,10.6945,10.5833,10.6667,1417.5,960,585.391,965,1021.72,39.7969,108.891,108.961,39.8438,39.3984,571.678,39.75,2.768,1.76267,3.448,87.75,6.27451,6.27451,0,0.140625,18.8845,24.75,24.75,30
104.504,0,0,0,0,1.06763,0.99997,1.05313,4,1,1,1,0,1,0.998537,0,0,10.6945,10.5,10.6945,1417,960,585.234,965,1021.72,39.7734,108.891,108.961,39.8203,40.2188,571.366,39.75,2.768,1.76267,3.448,87.75,6.27451,6.27451,0,-0.125,19.2447,24,24,22.5
104.537,0,0,0,0,1.06824,0.99997,1.05338,4,1,1,1,0,1,1,0,0,10.6945,10.4722,10.7778,1418,960,585.469,965,1021.72,39.7969,108.938,108.938,40.0547,40.8516,571.366,39.75,2.92,1.76,3.6,87.75,6.27451,6.27451,0,-0.265625,19.6032,24.75,24.75,22.5
104.571,0,0,0,0,1.06897,0.99997,1.0538,4,1,1,1,0,1,1.00366,0,0,10.75,10.5,11,1418,960,586.992,965,1021.72,39.9141,108.914,108.984,40.8281,41.4375,571.366,39.75,2.952,1.88267,3.632,87.75,6.27451,6.27451,0,-0.34375,19.9633,24.75,24.75,22.5
104.604,0,0,0,0,1.07025,0.99997,1.05359,4,1,1,1,0,1,1.00611,0,0,10.75,10.6389,10.7778,1416.5,960,587.031,965,1021.72,39.9141,108.914,108.984,40.0078,41.4375,571.366,39.75,2.94,1.87467,3.62,87.75,6.27451,6.27451,0,-0.25,19.9633,24.75,24.75,22.5
104.637,0,0,0,0,1.07068,0.99997,1.05371,4,1,1,1,0,1,1.00733,0,0,10.75,10.6389,10.8333,1418.5,960,587.344,965,1021.72,39.9375,108.961,108.914,40.125,41.2266,571.366,39.75,2.948,1.88,3.628,87.75,6.27451,6.66667,0,0.015625,19.9633,24.75,24.75,30
104.671,0,0,0,0,1.07141,0.99997,1.05383,4,1,1,1,0,1,1.00855,0,0,10.8056,10.7778,10.8333,1420,960,588.789,965,1021.72,40.0313,108.891,109.055,40.0781,41.2734,571.366,39.75,2.94,1.896,3.62,87.75,6.27451,6.66667,0,0.09375,19.9633,24.75,24.75,30
104.704,0,0,0,0,1.07196,0.99997,1.05356,4,1,1,1,0,1,1.01001,0,0,10.8056,11.1111,10.8333,1420,960,589.492,965,1021.72,40.0781,108.891,109.055,40.0781,41.3906,571.073,39.75,2.92,1.88534,3.6,87.75,6.66667,6.27451,0,0.125,19.9633,24,24,22.5
104.737,0,0,0,0,1.07153,0.99997,1.05368,4,1,1,1,0,1,1.01001,0,0,10.8056,11.1111,11.3056,1419.25,960,592.109,965,1021.72,40.2891,109.055,109.055,41.8359,42.0234,571.073,39.75,2.984,1.864,3.664,87.75,6.66667,6.27451,0,-0.1875,20.3235,24,24,22.5
104.771,0,0,0,0,1.06921,0.99997,1.05475,4,1,1,1,0,1,1.00855,0,0,10.9167,11.1389,11.1945,1420.25,960,593.789,965,1019.1,40.4063,109.031,109.055,41.4141,41.9766,571.073,39.75,2.984,1.904,3.68,87.75,6.66667,6.66667,0,-0.328125,20.3235,24,24,21.75
104.804,0,0,0,0,1.07282,0.99997,1.05499,4,1,1,1,0,1,1.00611,0,0,11.0278,11.1667,11.25,1418.5,960,598.789,965,1021.68,40.7813,109.031,109.055,42.0938,42.0938,571.073,39.75,3.028,1.93334,3.724,87.75,6.66667,6.66667,0,-0.125,20.3235,24.75,24.75,21.75
104.837,0,0,0,0,1.07337,0.99997,1.05298,4,1,1,1,0,1,0.998537,0,0,11.0833,11.3333,11.4167,1421.5,960,602.305,965,1021.72,41.0156,109.031,109.031,42,41.8594,571.073,39.75,2.888,1.936,3.568,87.75,6.66667,6.66667,0,-0.109375,20.3235,24.75,24.75,29.25
104.871,0,0,0,0,1.07343,0.99997,1.05362,4,1,1,1,0,1,0.997072,0,0,11.1389,11.2778,11.25,1422,960,603.75,965,1021.68,41.1328,109.008,109.125,42,41.7422,571.073,39.75,2.896,1.848,3.576,87.75,6.66667,6.66667,0,0.03125,20.3235,24,24,29.25
104.904,0,0,0,0,1.07056,0.99997,1.05423,4,1,1,1,0,1,0.995607,0,0,11.1389,11.3056,11.2222,1419.75,960,604.219,965,1019.1,41.1563,109.008,109.125,41.3203,42.0469,570.76,39.75,2.884,1.84,3.564,87.75,6.66667,6.66667,0,0.078125,20.3235,23.25,23.25,21.75
104.937,0,0,0,0,1.07343,0.99997,1.05548,4,1,1,1,0,1,0.995607,0,0,11.1945,11.2222,11.4445,1421.5,960,606.563,965,1021.72,41.3438,109.102,109.031,42.7266,41.9766,570.76,39.75,2.936,1.872,3.616,87.75,6.66667,6.66667,0,-0.1875,20.3235,23.25,23.25,21.75
104.971,0,0,0,0,1.07337,0.99997,1.05481,4,1,1,1,0,1,0.992677,0,0,11.1945,11.3056,11.3056,1421.75,960,606.445,965,1021.72,41.3203,109.008,109.102,41.5547,42,570.76,39.75,2.9,1.85067,3.58,87.75,6.66667,6.66667,0,-0.234375,20.3235,24,24,21.75
105.004,0,0,0,0,1.07037,0.99997,1.05512,4,1,1,1,0,1,0.991212,0,0,11.25,11.2778,11.2222,1423.25,960,607.93,965,1019.1,41.4375,109.008,109.102,41.7422,42,570.76,39.75,2.92,1.864,3.6,87.75,6.66667,6.66667,0,-0.109375,20.3235,24,24,21.75
105.037,0,0,0,0,1.07117,0.99997,1.05545,4,1,1,1,0,1,0.992677,0,0,11.25,11.3333,11.4445,1421.25,960,608.633,965,1019.1,41.4844,109.102,109.172,41.9297,41.7656,570.76,39.75,2.924,1.86667,3.604,87.75,6.66667,6.66667,0,0.140625,20.3235,24,24,29.25
105.071,0,0,0,0,1.07117,0.99997,1.05451,4,1,1,1,0,1,0.995607,0,0,11.25,11.25,11.1111,1422,960,608.359,965,1019.1,41.4609,109.148,109.125,41.2969,41.6953,570.76,39.75,2.912,1.864,3.592,87.75,6.66667,6.66667,0,0.125,20.3235,24,24,29.25
105.104,0,0,0,0,1.07086,0.99997,1.05582,4,1,1,1,0,1,1.00171,0,0,11.25,11.2778,11.25,1421.75,960,608.086,965,1019.1,41.4609,109.148,109.125,41.6953,41.8594,570.467,39.75,2.916,1.85067,3.596,87.75,6.66667,6.66667,0,-0.171875,20.3235,23.25,23.25,21.75
105.137,0,0,0,0,1.07355,0.99997,1.05698,4,1,1,1,0,1,1.00611,0,0,11.1945,11.3056,11.3333,1423.5,960,607.852,965,1021.72,41.4375,109.102,109.102,41.3203,41.9063,570.467,39.75,3.056,1.86134,3.736,87.75,6.66667,6.66667,0,-0.265625,20.3235,24,24,21.75
105.171,0,0,0,0,1.0705,0.99997,1.0571,4,1,1,1,0,1,1.00855,0,0,11.1945,11.3056,11.3056,1422.75,960,607.695,965,1019.1,41.4141,109.078,109.148,41.3438,41.9531,570.467,39.75,3.056,1.952,3.752,87.75,6.66667,6.66667,0,-0.328125,20.3235,24,24,21.75
105.204,0,0,0,0,1.07312,0.99997,1.05725,4,1,1,1,0,1,1.01001,0,0,11.25,11.3056,11.3889,1424,960,607.93,965,1021.72,41.4375,109.078,109.148,41.625,41.7188,570.467,39.75,3.06,1.95467,3.756,87.75,6.66667,6.66667,0,-0.296875,20.3235,24,24,21.75
105.237,0,0,0,0,1.07306,0.99997,1.05701,4,1,1,1,0,1,1.01148,0,0,11.25,11.25,11.2222,1427,960,607.305,965,1021.72,41.3906,109.125,109.242,41.0859,41.6016,570.467,39.75,3.048,1.95467,3.728,87.75,6.66667,6.66667,0,0.078125,20.3235,24,24,29.25
105.271,0,0,0,0,1.07294,0.99997,1.05762,4,1,1,1,0,1,1.01319,0,0,11.25,11.3056,11.3333,1425.25,960,607.617,965,1021.72,41.4141,109.242,109.242,41.6016,41.6016,570.467,39.75,3.056,1.952,3.736,87.75,6.66667,6.66667,0,0.1875,20.3235,24,24,29.25
105.304,0,0,0,0,1.07282,0.99997,1.05707,4,1,1,1,0,1,1.01319,0,0,11.25,11.25,11.3056,1425.25,960,607.578,965,1021.72,41.4141,109.242,109.242,41.5781,41.625,570.135,39.75,3.056,1.952,3.736,87.75,6.66667,6.66667,0,0,20.3235,24,24,29.25
105.337,0,0,0,0,1.07294,0.99997,1.05719,4,1,1,1,0,1,1.01148,0,0,11.25,11.25,11.3333,1425.25,960,607.969,965,1021.72,41.4375,109.219,109.242,41.6953,41.6719,570.135,39.75,3.068,1.96,3.748,87.75,6.66667,6.66667,0,-0.265625,20.3235,24,24,29.25
105.371,0,0,0,0,1.07056,0.99997,1.05908,4,1,1,1,0,1,1.01001,0,0,11.3056,11.1945,11.3611,1424.75,960,610.391,965,1019.1,41.625,109.219,109.219,42.3984,41.6719,570.135,39.75,3.104,1.984,3.784,87.75,6.66667,6.66667,0,-0.484375,20.3235,24,24,29.25
105.404,0,0,0,0,1.07416,0.99997,1.0589,4,1,1,1,0,1,1.00611,0,0,11.3056,11.2778,11.3056,1426.5,960,610.117,965,1021.72,41.6016,109.219,109.219,41.4844,41.5781,570.135,39.75,3.076,1.96534,3.756,87.75,6.66667,6.66667,0,-0.234375,20.3235,24,24,30
105.437,0,0,0,0,1.07422,0.99997,1.05661,4,1,1,1,0,1,0.998537,0,0,11.3056,11.2222,11.2222,1428.5,960,609.531,965,1021.72,41.5547,109.195,109.289,41.2266,41.7422,570.135,39.75,2.924,1.86934,3.604,87.75,6.66667,6.66667,0,-0.03125,20.3235,24,24,21.75
105.471,0,0,0,0,1.07398,0.99997,1.05722,4,1,1,1,0,1,0.995607,0,0,11.25,11.2222,11.3056,1429.5,960,608.672,965,1021.72,41.5078,109.289,109.289,41.5781,41.8125,570.135,39.75,2.936,1.85334,3.624,87.75,6.66667,6.66667,0,0.28125,20.3235,24,24,21.75
105.504,0,0,0,0,1.07385,0.99997,1.05795,4,1,1,1,0,1,0.992677,0,0,11.25,11.2778,11.3056,1427.25,960,608.828,965,1021.72,41.5078,109.289,109.289,41.6484,41.7422,569.842,39.75,2.928,1.86667,3.616,87.75,6.66667,6.66667,0,0.078125,20.3235,23.25,23.25,22.5
105.537,0,0,0,0,1.07385,0.99997,1.05811,4,1,1,1,0,1,0.991212,0,0,11.3056,11.2778,11.25,1426,960,608.828,965,1021.72,41.5078,109.266,109.313,41.5078,41.8594,569.842,39.75,2.928,1.86934,3.616,87.75,6.66667,6.66667,0,-0.234375,20.3235,24,24,22.5
105.571,0,0,0,0,1.07379,0.99997,1.05801,4,1,1,1,0,1,0.991212,0,0,11.3056,11.2222,11.2222,1429,960,608.516,965,1021.72,41.4844,109.289,109.383,41.3203,41.7422,569.842,39.75,2.924,1.86667,3.612,87.75,6.66667,6.66667,0,-0.265625,20.3235,24,24,21.75
105.604,0,0,0,0,1.07379,0.99997,1.05808,4,1,1,1,0,1,0.991212,0,0,11.25,11.1389,11.3056,1427.75,960,608.086,965,1021.72,41.4609,109.289,109.383,41.6484,41.7656,569.842,39.75,2.94,1.87467,3.628,87.75,6.66667,6.66667,0,-0.25,20.3235,24,24,22.5
105.637,0,0,0,0,1.0741,0.99997,1.05795,4,1,1,1,0,1,0.992677,0,0,11.3056,11.2222,11.1667,1431,960,607.109,965,1021.72,41.3906,109.383,109.43,41.0625,41.6953,569.842,39.75,2.912,1.86667,3.592,87.75,6.66667,6.66667,0,-0.15625,20.3235,24,24,22.5
105.671,0,0,0,0,1.07404,0.99997,1.05716,4,1,1,1,0,1,0.995607,0,0,11.25,11.1389,11.0278,1431.5,960,605.82,965,1021.72,41.2969,109.406,109.477,40.5469,41.625,569.842,39.75,2.884,1.84,3.564,87.75,6.66667,6.66667,0,0.234375,20.3235,24,24,22.5
105.704,0,0,0,0,1.07367,0.99997,1.05747,4,1,1,1,0,1,0.998537,0,0,11.25,11.1389,11.2778,1429.25,960,605.43,965,1021.72,41.25,109.406,109.477,41.5078,41.7656,569.549,39.75,2.916,1.85867,3.596,87.75,6.66667,6.66667,0,0.03125,20.3235,24,24,22.5
105.737,0,0,0,0,1.07422,0.99997,1.05725,4,1,1,1,0,1,0.998537,0,0,11.25,11.1667,11.2778,1428.5,960,606.992,965,1021.72,41.3672,109.453,109.383,41.5313,41.7656,569.549,39.75,3.064,1.87467,3.744,87.75,6.66667,6.66667,0,-0.171875,20.3235,24,24,22.5
105.771,0,0,0,0,1.07471,0.99997,1.05692,4,1,1,1,0,1,0.998537,0,0,11.25,11.1667,11.1389,1429.5,960,606.445,965,1021.72,41.3438,109.383,109.406,41.0156,41.7656,569.549,39.75,3.044,1.944,3.724,87.75,6.66667,6.66667,0,-0.328125,20.3235,24,24,22.5
105.804,0,0,0,0,1.07471,0.99997,1.05612,4,1,1,1,0,1,1,0,0,11.25,11.1667,11.1389,1433.25,960,605.742,965,1021.72,41.2734,109.383,109.406,40.8984,41.625,569.549,39.75,3.028,1.93334,3.708,87.75,6.66667,6.66667,0,-0.171875,20.3235,24,24,22.5
105.837,0,0,0,0,1.07471,0.99997,1.05637,4,1,1,1,0,1,1.00366,0,0,11.25,11.1667,11.1945,1431.75,960,605.547,965,1021.72,41.2734,109.383,109.523,41.1563,41.6484,569.549,39.75,3.04,1.94134,3.72,87.75,6.66667,6.66667,0,-0.015625,20.3235,24,24,22.5
105.871,0,0,0,0,1.07489,0.99997,1.05551,4,1,1,1,0,1,1.00366,0,0,11.25,11.1667,11.3611,1430.75,960,606.289,965,1021.72,41.3203,109.5,109.43,41.7656,41.6484,569.549,39.75,3.06,1.944,3.748,87.75,6.66667,6.66667,0,0.109375,20.3235,24,24,22.5
105.904,0,0,0,0,1.07526,0.99997,1.05362,4,1,1,1,0,1,1.00171,0,0,11.25,11.1667,11.1945,1431.75,960,605.391,965,1021.72,41.25,109.5,109.43,41.1563,41.5547,569.237,39.75,3.032,1.93067,3.72,87.75,6.66667,6.66667,0,0.078125,20.3235,23.25,23.25,22.5
105.937,0,0,0,0,1.07526,0.99997,1.05386,4,1,1,1,0,1,1.00171,0,0,11.25,11.1389,11.3056,1433.5,960,605.742,965,1021.72,41.2734,109.406,109.477,41.4844,41.625,569.237,39.75,3.048,1.936,3.736,87.75,6.66667,6.66667,0,-0.015625,20.3235,24,24,22.5
105.971,0,0,0,0,1.07538,0.99997,1.05466,4,1,1,1,0,1,1,0,0,11.25,11.1667,11.2222,1433.25,960,604.531,965,1021.72,41.2031,109.453,109.547,41.2031,41.6016,569.237,39.75,3.032,1.91734,3.72,87.75,6.66667,6.66667,0,-0.203125,20.3235,24,24,22.5
106.004,0,0,0,0,1.07813,0.99997,1.05335,4,1,1,1,0,1,0.997072,0,0,11.25,11.2222,11.1945,1431.75,960,604.453,965,1024.38,41.1797,109.453,109.547,41.1563,41.6484,569.237,39.75,3.028,1.93334,3.716,87.75,6.66667,6.66667,0,-0.078125,20.3235,24,24,22.5
106.037,0,0,0,0,1.07575,0.99997,1.05283,4,1,1,1,0,1,0.995607,0,0,11.1945,11.2222,11.3333,1434.5,960,604.141,965,1021.72,41.1563,109.523,109.453,41.7188,41.7188,569.237,39.75,2.908,1.91467,3.596,87.75,6.66667,6.66667,0,-0.21875,20.3235,24,24,22.5
106.071,0,0,0,0,1.07581,0.99997,1.05209,4,1,1,1,0,1,0.992677,0,0,11.25,11.1667,11.3333,1436,960,604.844,965,1021.72,41.2266,109.453,109.641,41.6484,41.5078,569.237,39.75,2.908,1.856,3.596,87.75,6.66667,6.66667,0,0.109375,20.3235,24,24,22.5
106.104,0,0,0,0,1.07611,0.99997,1.05234,4,1,1,1,0,1,0.989992,0,0,11.25,11.2778,11.2778,1436,960,604.883,965,1021.72,41.2266,109.453,109.641,41.3906,41.5078,568.963,39.75,2.892,1.84534,3.58,87.75,6.66667,6.66667,0,-0.125,20.3235,23.25,23.25,22.5
106.137,0,0,0,0,1.07623,0.99997,1.05252,4,1,1,1,0,1,0.988527,0,0,11.25,11.2222,11.5,1434.5,960,606.563,965,1021.72,41.3438,109.617,109.641,42.2344,41.5313,568.963,39.75,2.928,1.848,3.608,87.75,6.66667,6.66667,0,-0.265625,20.3235,24,24,22.5
106.171,0,0,0,0,1.07678,0.99997,1.05274,4,1,1,1,0,1,0.988527,0,0,11.3056,11.25,11.3611,1433.75,960,607.109,965,1021.72,41.3906,109.617,109.547,41.7188,41.6016,568.963,39.75,2.916,1.86134,3.596,87.75,6.66667,6.66667,0,-0.109375,20.3235,24,24,22.5
106.204,0,0,0,0,1.07684,0.99997,1.05322,4,1,1,1,0,1,0.988527,0,0,11.3056,11.1945,11.2222,1435.75,960,606.211,965,1021.72,41.3203,109.617,109.547,41.1563,41.5547,568.963,39.75,2.896,1.848,3.576,87.75,6.66667,6.66667,0,-0.09375,20.3235,24,24,22.5
106.237,0,0,0,0,1.07684,0.99997,1.05292,4,1,1,1,0,1,0.988527,0,0,11.3056,11.1945,11.1111,1436.5,960,605.273,970,1021.72,41.25,109.547,109.617,40.7109,41.5313,568.963,39.75,2.884,1.84,3.564,87.75,6.66667,6.66667,0,0.09375,20.3235,24,24,22.5
106.271,0,0,0,0,1.07678,0.99997,1.05158,4,1,1,1,0,1,0.989992,0,0,11.3056,11.25,11.3611,1438.25,970,605.742,970,1021.72,41.2734,109.617,109.711,41.5781,42.1641,568.963,39.75,2.908,1.856,3.588,87.75,6.66667,6.66667,0,0.140625,20.6836,24,24,22.5
106.304,0,0,0,0,1.07715,0.99997,1.05127,4,1,1,1,0,1,0.991212,0,0,11.3056,11.1945,11.1945,1439.25,970,605.625,970,1021.72,41.2734,109.617,109.711,40.9453,44.1094,568.631,39.75,2.884,1.84,3.564,87.75,6.66667,6.66667,0,0.0625,21.7624,23.25,23.25,22.5
106.337,0,0,0,0,1.07733,0.99997,1.05118,4,1,1,1,0,1,0.992677,0,0,11.3056,11.25,11.2222,1436.5,970,605.352,970,1021.72,41.25,109.688,109.758,41.1094,44.1797,568.631,39.75,3.052,1.94667,3.732,87.75,6.66667,6.66667,0,-0.25,21.7624,24,24,22.5
106.371,0,0,0,0,1.07739,0.99997,1.05097,4,1,1,1,0,1,0.994142,0,0,11.3056,11.25,11.1389,1436.75,970,604.961,970,1021.72,41.2266,109.734,109.688,40.8047,44.1094,568.631,39.75,3.048,1.96,3.728,87.75,6.66667,6.66667,0,-0.4375,21.7624,24,24,22.5
106.404,0,0,0,0,1.07721,0.99997,1.05042,4,1,1,1,0,1,0.997072,0,0,11.25,11.5,11.3333,1437.75,970,604.688,970,1021.72,41.2031,109.734,109.688,41.4844,44.1094,568.631,39.75,3.064,1.94667,3.744,87.75,6.66667,7.05883,0,-0.078125,21.7624,24,24,22.5
106.437,0,0,0,0,1.07672,0.99997,1.04904,4,1,1,1,0,1,0.998537,0,0,11.3056,11.6667,11.6389,1439,970,606.719,970,1021.72,41.3672,109.688,109.688,42.5625,44.0859,568.631,39.75,3.084,1.95734,3.764,87.75,7.05883,7.05883,0,0.046875,21.7624,24,24,22.5
106.471,0,0,0,0,1.07642,0.99997,1.04797,4,1,1,1,0,1,0.998537,0,0,11.3333,11.9445,11.6111,1440.75,970,608.242,970,1021.72,41.4609,109.664,109.805,42.3984,44.0391,568.631,39.75,3.068,1.96,3.756,87.75,7.05883,7.05883,0,0.203125,21.7624,24,24,22.5
106.504,0,0,0,0,1.07599,0.99997,1.04639,4,1,1,1,0,1,0.998537,0,0,11.4445,11.9445,11.8889,1438.75,970,614.023,970,1021.72,41.8828,109.664,109.805,43.4766,44.0859,568.358,39.75,3.132,2.00267,3.82,87.75,7.05883,7.05883,0,-0.109375,21.7624,23.25,23.25,22.5
106.537,0,0,0,0,1.07575,0.99997,1.04566,4,1,1,1,0,1,0.997072,0,0,11.5,11.9445,11.8611,1440.5,970,617.695,970,1021.72,42.1641,109.781,109.734,43.3125,44.0391,568.358,39.75,3.14,1.99467,3.828,87.75,7.05883,7.05883,0,-0.265625,21.7624,24,24,22.5
106.571,0,0,0,0,1.07538,0.99997,1.04718,4,1,1,1,0,1,0.997072,0,0,11.6111,11.9445,11.9167,1442,970,619.648,970,1021.72,42.3047,109.734,109.852,43.4766,43.9219,568.358,39.75,3.156,2.01334,3.844,87.75,7.05883,7.05883,0,-0.359375,21.7624,24,24,22.5
106.604,0,0,0,0,1.07514,0.99997,1.04617,4,1,1,1,0,1,0.995607,0,0,11.6667,11.9167,12.0556,1442.5,970,623.555,970,1021.72,42.5859,109.734,109.852,43.9688,43.9453,568.358,39.75,3.192,2.03467,3.88,87.75,7.05883,7.05883,0,-0.171875,21.7624,24,24,22.5
106.637,0,0,0,0,1.0752,0.99997,1.04587,4,1,1,1,0,1,0.995607,0,0,11.6667,11.9167,12.0833,1441,970,626.133,970,1021.72,42.7734,109.852,109.875,44.1094,44.0391,568.358,39.75,3.056,2.01334,3.736,87.75,7.05883,7.05883,0,0.0625,21.7624,24,24,22.5
106.671,0,0,0,0,1.07532,0.99997,1.04562,4,1,1,1,0,1,0.994142,0,0,11.7222,11.8889,11.75,1440.5,970,626.484,970,1021.72,42.7969,109.852,109.805,43.0078,44.0391,568.358,39.75,3.028,1.93067,3.708,87.75,7.05883,7.05883,0,0.1875,21.7624,24,24,22.5
106.704,0,0,0,0,1.07459,0.99997,1.04663,4,1,1,1,0,1,0.994142,0,0,11.7222,11.9445,11.6945,1442,970,626.172,970,1021.72,42.7734,109.852,109.805,42.7734,44.6484,568.123,39.75,3.024,1.92534,3.704,87.75,7.05883,7.05883,0,-0.03125,22.1225,23.25,23.25,22.5
106.737,0,0,0,0,1.07697,0.99997,1.04657,4,1,1,1,0,1,0.992677,0,0,11.7778,11.9445,11.9445,1445,970,627.383,970,1024.38,42.8672,109.805,109.852,43.5938,46.2422,568.123,39.75,3.048,1.94134,3.728,87.75,7.05883,7.05883,0,-0.28125,23.0213,23.25,23.25,22.5
106.771,0,0,0,0,1.07361,0.99997,1.04688,4,1,1,1,0,1,0.991212,0,0,11.7778,11.9445,11.8333,1444.5,970,627.813,970,1021.72,42.8906,109.828,109.945,43.3359,47.6484,568.123,39.75,3.08,1.96267,3.76,87.75,7.05883,7.45098,0,-0.390625,23.74,23.25,23.25,21.75
106.804,0,0,0,0,1.07288,0.99997,1.04794,4,1,1,1,0,1,0.991212,0,0,11.8333,12.25,12,1443,970,628.945,970,1021.72,42.9844,109.828,109.945,44.0625,52.0078,568.123,39.75,3.152,2.008,3.832,87.75,7.05883,8.2353,0,-0.28125,26.0792,23.25,23.25,21.75
106.837,0,0,0,0,1.07208,0.99997,1.04813,4,1,1,1,0,1,0.994142,0,0,11.8333,12.4167,12.2222,1444.75,970,631.602,970,1021.72,43.1719,109.922,109.898,44.7656,55.1484,568.123,39.75,3.22,2.05334,3.9,87.75,7.45098,8.62745,0,0.078125,27.8767,23.25,23.25,21.75
106.871,0,0,0,0,1.0705,0.99997,1.04858,4,1,1,1,0,1,0.995607,0,0,11.9445,13.8056,13.2222,1444.5,970,641.484,970,1021.72,43.8984,109.875,109.945,48.3516,57.6328,568.123,39.75,3.392,2.01867,4.072,87.75,8.2353,9.01961,0,0.09375,29.3156,23.25,23.25,21.75
106.904,0,0,0,0,1.06775,0.99997,1.04904,4,1,1,1,0,1,0.998537,0,0,12.25,15.25,14.1667,1447.5,970,660.664,970,1021.72,45.3047,109.875,109.945,51.4688,61.8047,567.889,39.75,3.56,2.22134,4.24,87.75,9.01961,9.80392,0,-0.109375,31.6548,22.5,22.5,21.75
106.937,0,0,0,0,1.06256,0.99997,1.04831,4,1,1,1,0,1,1,0,0,12.4722,15.8889,14.9445,1448,970,675,970,1019.1,46.3594,109.945,110.063,54.8672,64.6875,567.889,39.75,3.916,2.256,4.596,87.75,9.80392,10.1961,0,-0.15625,33.2738,22.5,22.5,21.75
106.971,0,0,0,0,1.05768,0.99997,1.0502,4,1,1,1,0,1,1.00611,0,1.17188,13.1111,17.0278,15.6111,1455.5,1000,704.336,970,1016.45,48.4922,110.039,110.203,57.3047,66.7969,567.889,39.75,4.14,2.544,4.836,87.75,10.5882,10.9804,0,-0.3125,34.5326,22.5,22.5,21
107.004,0,0,0,0,1.05353,0.99997,1.05051,4,1,1,1,0,1,1.01148,0,1.17188,13.8056,17.6111,16.1389,1457.5,1060,719.922,970,1016.45,49.6406,110.039,110.203,58.8984,70.9922,567.889,39.75,4.248,2.664,4.944,87.75,11.3726,11.3726,0,-0.140625,37.2304,21.75,21.75,21
107.037,0,0,0,0,1.05066,0.99997,1.05219,4,1,1,1,0,1,1.02002,0,1.95313,14.1111,18.9722,17.0833,1460,1120,753.789,970,1016.45,52.125,110.203,110.461,61.9219,75.4219,567.889,39,4.416,2.744,5.112,87.75,12.1569,12.1569,0,-0.21875,40.1083,21,21,20.25
107.071,0,0,0,0,1.04596,0.99997,1.05399,4,1,1,1,0,1,1.02832,0,50,14.8611,19.3889,17.5833,1462.75,1200,770.82,970,1016.45,53.3672,110.719,110.602,63.4688,81.2578,567.889,39,4.576,2.89867,5.256,87.75,12.549,13.3333,0,0.21875,43.8849,21,21,20.25
107.104,0,0,0,0,1.03833,0.99997,1.05405,4,1,1,1,0,1,1.02661,0,50,15.5,20.75,18.1111,1457.75,1310,803.594,970,1016.41,55.8984,110.719,110.602,66.0703,89.6953,567.87,39,4.692,3.032,5.372,87.75,14.1177,14.902,0,-0.09375,49.2805,18.75,18.75,20.25
107.137,0,0,0,0,1.0246,0.99997,1.05722,4,1,1,1,0,1,1.03003,0,82.8125,15.8333,22.6667,20,1461.25,1350,842.344,970,1013.79,58.7344,110.578,110.391,72.4922,94.5938,567.87,39,4.92,2.95467,5.6,87.75,15.6863,16.0784,0,-0.390625,52.5184,18,18,18
107.171,0,0,0,0,1.01331,0.99997,1.05942,4,1,1,1,0,1,1.02661,0,94.9219,16.7778,23.4445,20.1111,1459.75,1360,863.438,970,1013.79,60.2813,110.391,110.508,72.7969,96.6797,567.87,39,4.756,3.13334,5.436,87.75,17.6471,17.6471,0,-0.421875,54.1374,17.25,17.25,17.25
107.204,0,0,0,0,1.00073,0.99997,1.06192,4,1,1,1,0,1,1.02661,0,94.9219,17.5833,23.4445,20.75,1459.75,1380,903.711,970,1013.79,63.2578,110.391,110.508,74.9063,98.2734,567.87,39,5.136,3.38934,5.816,87.75,19.6078,31.7647,0,-0.203125,55.2162,15.75,15.75,15.75
107.237,0,0,0,0,0.985108,0.99997,1.06564,4,1,1,1,0,1,1.03394,0,94.9219,18.0556,22.7778,24.4445,1463,1380,960.273,970,1011.17,67.4063,110.484,110.508,88.4766,98.4141,567.87,39,5.924,3.312,6.612,87.75,34.1177,46.6667,0,0,55.5748,15,15,15.75
107.271,0,0,0,0,0.983277,0.99997,1.07059,4,1,1,1,0,1,1.04395,0,94.9219,19.5,18.8611,24.6667,1463.5,1380,994.297,970,1011.13,69.8906,110.766,110.648,90.0703,98.9063,567.87,39,5.52,3.736,6.208,87.75,47.8432,58.8235,0,-0.15625,55.5748,14.25,14.25,14.25
107.304,0,0,0,0,1.01746,0.99997,1.0791,4,1,1,1,0,1,1.07105,0,94.9219,20.25,19.75,22.4167,1464.5,1400,1027.07,970,1016.45,72.4922,110.766,110.648,79.1016,100.523,568.123,39,5.8,3.92267,6.488,87.75,63.5294,71.3726,0,-0.078125,55.9349,12,12,13.5
107.337,0,0,0,0,1.03278,0.99997,1.0871,4,1,1,1,0,1,1.09497,0,94.9219,20.4722,20.3333,22.0278,1480.5,1410,1039.49,970,1021.72,73.4531,110.648,110.672,76.1016,101.156,568.123,39,5.84,3.94667,6.528,87.75,72.549,77.2549,0,-0.328125,55.9349,6.75,6.75,6.75
107.371,0,0,0,0,1.04187,0.99997,1.09659,4,1,1,1,0,1,1.11743,0,94.9219,20.9445,21.1389,22.3889,1487.5,1410,1045.43,970,1024.34,73.8984,110.742,111.516,77.4141,100.828,568.123,39,5.872,3.976,6.56,87.75,78.0392,78.4314,0,-0.328125,55.9349,6,6,6
107.404,0,0,0,0,1.04938,0.99997,1.10382,4,1,1,1,0,1,1.10742,0,94.9219,21.1111,21.3889,22.5556,1479.5,1400,1056.41,970,1026.99,74.7656,110.742,111.516,77.9297,100.406,568.123,39,5.936,4.02134,6.624,87.75,80,79.2157,0,-0.203125,55.9349,12,12,12.75
107.437,0,0,0,0,1.05609,0.99997,1.11514,4,1,1,1,0,1,1.10254,0,94.9219,21.1667,20.75,22.5,1479,1400,1061.56,970,1029.65,75.1641,111.445,111.234,78.2109,100.477,568.123,39,5.972,4.04534,6.66,87.75,80,79.2157,0,-0.015625,55.9349,12,12,13.5
107.471,0,0,0,0,1.06989,0.99997,1.12393,4,1,1,1,0,1,1.09741,0,94.9219,21.3056,21.0556,22.2778,1480.75,1400,1066.72,970,1037.54,75.5859,111.211,111.258,76.2422,100.406,568.123,39,6.06,4.10401,6.748,87.75,80,79.2157,0,0.0625,55.9349,12,12,13.5
107.504,0,0,0,0,1.0741,0.99997,1.1308,4,1,1,1,0,1,1.07593,0,94.9219,21.4722,21.8611,22.4722,1483.25,1410,1071.6,970,1040.2,75.9609,111.211,111.258,77.3906,101.156,568.631,39,6.076,4.11734,6.764,87.75,80,79.6079,0,-0.296875,55.9349,12,12,12
107.537,0,0,0,0,1.08099,0.99997,1.13739,4,1,1,1,0,1,1.07349,0,94.9219,21.6389,21.2222,22.6667,1489.75,1400,1073.98,970,1045.47,76.1719,111.234,111.352,77.5547,100.711,568.631,39,6.108,4.13867,6.796,87.75,79.6079,79.6079,0,-0.5,55.9349,12,12,12
107.571,0,0,0,0,1.08472,0.99997,1.13828,4,1,1,1,0,1,1.05933,0,94.9219,21.75,22.1389,22.8889,1493.25,1410,1076.84,970,1048.13,76.4063,111.609,111.727,77.4844,101.578,568.631,39,6.124,4.14934,6.812,87.75,80,80.3922,0,-0.28125,56.295,11.25,11.25,11.25
107.604,0,0,0,0,1.08972,0.99997,1.14185,4,1,1,1,0,1,1.05469,0,94.9219,21.8611,22.25,23.4167,1489.5,1410,1082.42,970,1053.44,77.0391,111.609,111.727,79.5938,101.695,568.631,39,6.192,4.19467,6.88,87.75,80.7843,80.3922,0,-0.1875,56.295,11.25,11.25,11.25
107.637,0,0,0,0,1.09326,0.99997,1.14102,4,1,1,1,0,1,1.04395,0,94.9219,22.0556,22.25,23.3611,1497,1410,1086.29,970,1056.02,77.3438,111.68,111.586,79.6406,101.906,568.631,39,6.22,4.21334,6.908,87.75,80.3922,80.3922,0,0.140625,56.295,11.25,11.25,11.25
107.671,0,0,0,0,1.09735,0.99997,1.1413,4,1,1,1,0,1,1.03394,0,94.9219,22.2222,22.3889,23.1389,1500.5,1410,1089.57,970,1058.71,77.625,111.586,112.008,78.4453,101.836,568.631,39,6.232,4.22134,6.92,87.75,80.3922,80.3922,0,-0.015625,56.295,11.25,11.25,11.25
107.704,0,0,0,0,1.10388,0.99997,1.14392,4,1,1,1,0,1,1.03589,0,94.9219,22.4445,22.5556,23.5556,1507.75,1410,1094.26,970,1063.98,78,111.586,112.008,79.3828,101.883,569.432,39,6.268,4.24534,6.956,87.75,81.1765,81.1765,0,-0.359375,56.295,11.25,11.25,11.25
107.737,0,0,0,0,1.11359,0.99997,1.14139,4,1,1,1,0,1,1.02149,0,94.9219,22.5,22.6667,23.8889,1507.75,1410,1097.07,970,1071.91,78.2344,111.961,112.336,79.8984,101.766,569.432,38.25,6.276,4.25067,6.964,87.75,81.1765,81.1765,0,-0.515625,56.295,11.25,11.25,11.25
107.771,0,0,0,0,1.11481,0.99997,1.14337,4,1,1,1,0,1,1.02149,0,94.9219,22.6111,22.7778,23.9722,1503.75,1420,1104.02,970,1071.91,78.7969,112.266,112.148,81.2109,102.469,569.432,38.25,6.324,4.28267,7.012,87.75,81.1765,81.9608,0,-0.53125,56.295,10.5,10.5,12
107.804,0,0,0,0,1.12622,0.99997,1.14194,4,1,1,1,0,1,1.01489,0,94.9219,22.6389,22.9722,23.75,1510.25,1420,1104.06,970,1082.5,78.7969,112.266,112.148,79.4766,102.563,569.432,38.25,6.284,4.25601,6.972,87.75,81.9608,81.9608,0,-0.15625,56.295,10.5,10.5,10.5
107.837,0,0,0,0,1.12927,0.99997,1.14203,4,1,1,1,0,1,1.01148,0,94.9219,22.8056,23,24.1667,1515.5,1420,1106.88,970,1085.12,79.0313,112.102,112.453,80.6953,102.82,569.432,38.25,6.32,4.28001,7.008,87.75,81.5687,81.9608,0,-0.015625,56.295,8.25,8.25,8.25
107.871,0,0,0,0,1.13574,0.99997,1.14276,4,1,1,1,0,1,1.01489,0,94.9219,22.9722,23.1389,24.0556,1519.25,1430,1109.96,970,1090.35,79.2891,112.383,112.898,80.2031,103.313,569.432,38.25,6.332,4.29067,7.02,87.75,81.9608,81.9608,0,0.03125,56.295,8.25,8.25,8.25
107.904,0,0,0,0,1.14221,0.99997,1.14121,4,1,1,1,0,1,1.00611,0,94.9219,23.1945,23.2778,24.5834,1524,1420,1115.63,970,1095.66,79.7344,112.383,112.898,81.7969,103.055,570.194,38.25,6.356,4.30667,7.044,87.75,82.353,82.353,0,-0.34375,56.295,10.5,10.5,9.75
107.937,0,0,0,0,1.1488,0.99997,1.14337,4,1,1,1,0,1,1.00855,0,94.9219,23.3334,24.1945,24.3611,1531.5,1420,1117.81,970,1100.98,79.9453,112.828,113.109,80.0625,102.797,570.194,38.25,6.36,4.32001,7.048,87.75,82.353,82.353,0,-0.3125,55.9349,9,9,9
107.971,0,0,0,0,1.1485,0.99997,1.14133,4,1,1,1,0,1,1.00366,0,94.9219,23.25,24.1667,24.6945,1518,1410,1121.88,970,1103.59,80.25,112.969,112.828,82.6641,102,570.194,38.25,6.38,4.32267,7.068,87.75,82.7451,83.5294,0,-0.265625,55.5748,11.25,11.25,16.5
108.004,0,0,0,0,1.15479,0.99997,1.14246,4,1,1,1,0,1,1.00733,0,94.9219,23.6111,24.2778,24.9167,1537.5,1410,1127.11,970,1108.87,80.6484,112.969,112.828,82.3125,102,570.194,38.25,6.424,4.35201,7.112,87.75,84.3138,83.5294,0,0.015625,55.5748,7.5,7.5,7.5
108.037,0,0,0,0,1.15888,0.99997,1.14163,4,1,1,1,0,1,1.00488,0,94.9219,23.7778,24.4445,25.0556,1540,1410,1131.6,970,1111.52,81.0469,112.781,113.766,82.6406,102.164,570.194,37.5,6.448,4.36001,7.136,87.75,83.5294,83.5294,0,0.171875,55.5748,9,9,9
108.071,0,0,0,0,1.16632,0.99997,1.14185,4,1,1,1,0,1,1.00366,0,94.9219,23.8334,24.4722,25.4445,1536.5,1410,1136.21,970,1119.45,81.3984,113.625,113.719,84.1406,102.281,570.194,37.5,6.492,4.39734,7.18,87.75,83.5294,83.5294,0,-0.375,55.5748,10.5,10.5,11.25
108.104,0,0,0,0,1.17151,0.99997,1.14056,4,1,1,1,0,1,1,0,94.9219,24.0834,24.6111,25.6111,1544.75,1410,1142.23,970,1124.73,81.8672,113.625,113.719,84.375,101.93,571.17,37.5,6.528,4.42134,7.216,87.75,84.3138,84.3138,0,-0.46875,55.5748,9,9,9
108.137,0,0,0,0,1.17493,0.99997,1.14008,4,1,1,1,0,1,0.995607,0,94.9219,24.1945,24.7778,25.8056,1548.75,1420,1147.34,970,1127.38,82.2891,113.602,114.328,84.2813,102.656,571.17,37.5,6.612,4.42667,7.3,87.75,84.3138,84.3138,0,-0.4375,55.5748,9,9,9
108.171,0,0,0,0,1.18054,0.99997,1.14145,4,1,1,1,0,1,1.00366,0,94.9219,24.4167,24.7778,25.4722,1553,1410,1149.3,970,1132.62,82.4297,114.164,114.492,83.6016,102.188,571.17,37.5,6.62,4.48534,7.308,87.75,84.3138,84.7059,0,-0.078125,54.8561,8.25,8.25,8.25
108.204,0,0,0,0,1.18543,0.99997,1.13873,4,1,1,1,0,1,0.998537,0,94.9219,24.5278,24.9167,25.4722,1554.75,1380,1152.54,970,1137.93,82.7109,114.164,114.492,83.5313,99.9375,571.17,37.5,6.612,4.48001,7.3,87.75,85.0981,84.7059,0,0.03125,53.2371,9.75,9.75,9.75
108.237,0,0,0,0,1.18805,0.99997,1.13913,4,1,1,1,0,1,1.00171,0,94.9219,24.6667,25.0556,25.9722,1565.75,1380,1156.09,970,1140.59,82.9922,114.305,114.914,84,99.5391,571.17,37.5,6.632,4.48001,7.32,87.75,84.7059,84.7059,0,-0.296875,52.877,6.75,6.75,6.75
108.271,0,0,0,0,1.19306,0.99997,1.13651,4,1,1,1,0,1,0.992677,0,94.9219,24.7222,25.9445,25.9445,1562.5,1360,1160.47,970,1145.9,83.3203,114.68,114.82,84.0469,98.0391,571.17,37.5,6.628,4.50401,7.316,87.75,84.7059,85.8824,0,-0.265625,51.9783,9.75,9.75,9.75
108.304,0,0,0,0,1.19574,0.99997,1.13742,4,1,1,1,0,1,0.992677,0,94.9219,24.9445,26.0556,26.1389,1569.75,1360,1164.65,970,1151.17,83.6484,114.68,114.82,84.2813,98.1094,572.362,37.5,6.668,4.50134,7.356,87.75,86.2745,85.8824,0,-0.484375,51.9783,8.25,8.25,8.25
108.337,0,0,0,0,1.20215,0.99997,1.13559,4,1,1,1,0,1,0.992677,0,94.9219,25.0556,26.0278,26.6111,1569.75,1370,1168.95,970,1159.06,84,114.633,115.313,86.5313,98.3906,572.362,37.5,6.712,4.51734,7.4,87.75,86.2745,85.8824,0,-0.25,51.9783,9.75,9.75,9.75
108.371,0,0,0,0,1.19739,0.99997,1.13416,4,1,1,1,0,1,0.987306,0,94.9219,25.3056,26.0556,26.7222,1575.75,1360,1171.84,970,1156.45,84.2344,115.055,115.594,86.6953,98.3438,572.362,37.5,6.696,4.53601,7.384,87.75,86.2745,85.8824,0,-0.15625,51.9783,9,9,9
108.404,0,0,0,0,1.20355,0.99997,1.13467,4,1,1,1,0,1,0.994142,0,94.9219,25.4722,26.1945,26.8334,1579.25,1360,1177.03,970,1164.38,84.6328,115.055,115.594,86.0625,97.4063,572.362,37.5,6.728,4.55734,7.416,87.75,86.2745,86.2745,0,-0.109375,51.2596,9,9,9
108.437,0,0,0,0,1.20776,0.99997,1.13275,4,1,1,1,0,1,0.988527,0,94.9219,25.5278,26.3056,26.4722,1579,1350,1178.36,970,1169.61,84.75,115.336,115.758,87.1172,97.125,572.362,37.5,6.696,4.55467,7.384,87.75,86.6667,86.2745,0,-0.53125,50.8994,9,9,9
108.471,0,0,0,0,1.21271,0.99997,1.13352,4,1,1,1,0,1,0.992677,0,83.5938,25.8611,26.2778,27.0834,1590.25,1350,1184.73,970,1174.88,85.2422,115.781,116.273,86.9297,96.8906,572.362,37.5,6.74,4.56534,7.428,87.75,86.6667,87.0589,0,-0.59375,50.8994,9,9,9
108.504,0,0,0,0,1.21753,0.99997,1.13202,4,1,1,1,0,1,0.991212,0,83.5938,26,26.4167,27.1389,1591,1340,1188.24,970,1180.2,85.7344,115.781,116.273,87.0703,96.4922,573.631,37.5,6.768,4.58401,7.456,87.75,86.6667,87.0589,0,-0.25,50.5393,9,9,8.25
108.537,0,0,0,0,1.21753,0.99997,1.13309,4,1,1,1,0,1,0.995607,0,73.4375,26,26.5278,27.3889,1597.75,1350,1192.62,970,1180.23,86.0625,115.945,116.32,87.5391,96.9609,573.631,37.5,6.792,4.58667,7.48,87,87.0589,86.6667,0,-0.265625,50.5393,9,9,8.25
108.571,0,0,0,0,1.22327,0.99997,1.13193,4,1,1,1,0,1,0.994142,0,68.75,26.3334,26.5834,27.6111,1601.75,1340,1195.35,970,1185.51,86.2734,116.016,116.836,87.9141,96.1641,573.631,37.5,6.804,4.60801,7.492,87,86.2745,84.7059,0,0.046875,50.5393,9,9,8.25
108.604,0,0,0,0,1.22455,0.99997,1.13257,4,1,1,1,0,1,0.997072,0,68.75,26.5,27.4167,27.8889,1605.25,1330,1200.9,970,1188.16,86.7422,116.016,116.836,89.0625,94.8984,573.631,37.5,6.832,4.60534,7.52,87,84.3138,82.7451,0,-0.234375,49.8206,9,9,9
108.637,0,0,0,0,1.23163,0.99997,1.13144,4,1,1,1,0,1,0.995607,0,60.1563,26.5556,27.5,27.8889,1608,1330,1202.97,970,1196.05,86.9531,116.508,117,88.1484,94.3594,573.631,36.75,6.864,4.62667,7.552,87.75,82.353,80,0,-0.609375,49.4605,9,9,9
108.671,0,0,0,0,1.23248,0.99997,1.13022,4,1,1,1,0,1,0.989992,0,56.25,26.6945,27.5,27.7778,1610.75,1320,1205.82,970,1198.71,87.1641,116.695,117.258,87.7031,93.7266,573.631,36.75,6.852,4.65067,7.54,87.75,79.2157,76.8628,0,-0.484375,49.1004,9,9,9
108.704,0,0,0,0,1.23297,0.99997,1.13022,4,1,1,1,0,1,0.994142,0,56.25,26.9722,27.4445,28,1616,1320,1209.84,970,1201.37,87.5391,116.695,117.258,88.5469,93.9375,575.037,36.75,6.888,4.66667,7.576,87.75,74.5098,72.549,0,0.0625,49.1004,9,9,9
108.737,0,0,0,0,1.24072,0.99997,1.12796,4,1,1,1,0,1,0.986085,0,51.5625,27.0278,27.5278,27.8889,1617.5,1320,1210.66,970,1209.3,87.6797,116.93,117.516,87.3516,93.375,575.037,36.75,6.9,4.66401,7.58,87.75,70.5883,70.1961,0,0.109375,48.7403,9,9,9
108.771,0,0,0,0,1.24158,0.99997,1.12833,4,1,1,1,0,1,0.991212,0,47.2656,27.25,27.5,28.5834,1625,1310,1213.87,970,1211.88,87.9141,117.211,117.938,89.8359,92.6016,575.037,36.75,6.924,4.69067,7.604,87.75,67.8432,67.451,0,-0.09375,48.3817,9,9,9
108.804,0,0,0,0,1.24713,0.99997,1.12412,4,1,1,1,0,1,0.982423,0,47.2656,27.3056,27.5556,28.7778,1622.25,1310,1216.72,970,1217.15,88.2422,117.211,117.938,90.5156,92.8359,575.037,36.75,6.928,4.69334,7.608,87.75,64.7059,64.3137,0,-0.46875,48.3817,9,9,9
108.837,0,0,0,0,1.2486,0.99997,1.12274,4,1,1,1,0,1,0.978517,0,43.3594,27.3889,27.5556,28.5556,1631.75,1310,1219.3,970,1217.19,88.4766,117.492,118.078,89.7656,92.1797,575.037,36.75,6.936,4.69067,7.616,87.75,62.353,61.5686,0,-0.453125,47.6615,8.25,8.25,8.25
108.871,0,0,0,0,1.25848,0.99997,1.12064,4,1,1,1,0,1,0.974855,0,41.4063,27.7222,27.75,28.9722,1641,1300,1225.12,970,1225.12,89.0156,117.703,118.453,89.7891,91.3359,575.037,36.75,6.98,4.72267,7.66,87.75,60,59.2157,0,-0.171875,47.3014,8.25,8.25,8.25
108.904,0,0,0,0,1.26373,0.99997,1.11856,4,1,1,1,0,1,0.978517,0,41.4063,27.8889,28.6111,29.2222,1645,1290,1227.46,970,1227.77,89.2031,117.703,118.453,90.8906,91.2188,576.463,36.75,6.976,4.72534,7.656,87.75,56.4706,56.0785,0,0.171875,46.9428,8.25,8.25,8.25
108.937,0,0,0,0,1.26898,0.99997,1.11578,4,1,1,1,0,1,0.978517,0,36.3281,27.8889,28.6389,28.8889,1636.25,1310,1228.91,970,1233.01,89.4141,118.055,118.898,90.1875,92.0391,576.463,36,6.984,4.73067,7.664,87.75,54.902,54.1177,0,0.046875,46.9428,7.5,7.5,8.25
108.971,0,0,0,0,1.27185,0.99997,1.11362,4,1,1,1,0,1,0.976076,0,38.6719,28.0278,27.8889,29.1389,1642.25,1310,1230.78,970,1238.28,89.5781,118.313,118.758,90.4922,92.3672,576.463,36,6.952,4.70934,7.64,87.75,52.549,52.1569,0,-0.234375,46.9428,7.5,7.5,7.5
109.004,0,0,0,0,1.27728,0.99997,1.11133,4,1,1,1,0,1,0.976076,0,38.6719,28.25,28.7778,29.6389,1651,1300,1233.28,970,1243.59,89.7656,118.313,118.758,91.5,91.9453,576.463,36,6.96,4.71467,7.648,87.75,50.9804,51.3726,0,-0.359375,46.9428,6.75,6.75,6.75
109.037,0,0,0,0,1.28131,0.99997,1.10895,4,1,1,1,0,1,0.969972,0,38.6719,28.3056,28.9167,29.3889,1662,1300,1234.65,970,1246.25,90,118.336,119.32,90.0469,92.0859,576.463,36,6.944,4.71467,7.632,87.75,50.5883,50.5883,0,-0.140625,46.9428,6,6,6
109.071,0,0,0,0,1.28284,0.99997,1.10773,4,1,1,1,0,1,0.972414,0,35.5469,28.5834,28.9167,29.8889,1667.5,1290,1239.41,970,1248.91,90.4453,118.828,119.648,91.9219,91.3359,576.463,36,6.988,4.71467,7.692,87.75,49.8039,49.8039,0,0.03125,46.5827,6,6,6
109.104,0,0,0,0,1.29175,0.99997,1.10404,4,1,1,1,0,1,0.968507,0,35.5469,28.8889,29.3889,29.8334,1669.5,1300,1242.77,970,1256.84,90.7266,118.828,119.648,90.8906,91.6875,578.104,36,6.976,4.72534,7.68,87.75,48.6275,48.2353,0,0.203125,46.5827,6,6,6
109.137,0,0,0,0,1.2934,0.99997,1.1026,4,1,1,1,0,1,0.971193,0,34.375,29,29.3889,29.75,1673,1300,1244.57,970,1259.41,90.9609,119.156,120.07,90.9375,91.9453,578.104,36,6.98,4.73601,7.66,87.75,47.451,47.451,0,-0.28125,46.5827,7.5,7.5,6.75
109.171,0,0,0,0,1.29822,0.99997,1.09992,4,1,1,1,0,1,0.971193,0,30.8594,29.1111,30,30.5,1675.5,1290,1247.7,970,1264.73,91.1953,119.484,120.352,93.0703,91.3359,578.104,36,6.992,4.73601,7.672,87.75,46.6667,46.6667,0,-0.53125,46.5827,7.5,7.5,7.5
109.204,0,0,0,0,1.30255,0.99997,1.09766,4,1,1,1,0,1,0.973634,0,30.8594,29.2222,29.5278,30.0278,1675,1300,1250.04,970,1270,91.4531,119.484,120.352,91.4531,91.6406,578.104,36,7.004,4.74401,7.684,87.75,45.4902,45.0981,0,-0.46875,46.5827,7.5,7.5,7.5
109.237,0,0,0,0,1.30292,0.99997,1.09497,4,1,1,1,0,1,0.972414,0,30.0781,29.2778,29.8056,30.1945,1688,1290,1251.02,970,1272.66,91.5703,119.695,120.445,91.7578,91.5234,578.104,36,6.988,4.73867,7.668,87.75,44.7059,44.7059,0,-0.15625,46.5827,7.5,7.5,7.5
109.271,0,0,0,0,1.30487,0.99997,1.0936,4,1,1,1,0,1,0.976076,0,29.2969,29.5278,31.3334,30.4445,1695.25,1290,1252.15,970,1275.31,91.6406,120.305,121.289,91.875,91.4766,578.104,36,6.964,4.71734,7.652,87.75,44.7059,44.3137,0,-0.03125,46.5827,8.25,8.25,7.5
109.304,0,0,0,0,1.30713,0.99997,1.09,4,1,1,1,0,1,0.972414,0,29.2969,29.8056,30.1111,30.3056,1691.75,1280,1255,970,1283.2,92.2969,120.305,121.289,92.0391,90.6797,579.823,36,7.02,4.75467,7.708,87.75,43.9216,43.5294,0,-0.25,46.5827,8.25,8.25,7.5
109.337,0,0,0,0,1.30524,0.99997,1.08814,4,1,1,1,0,1,0.968507,0,23.8281,29.8056,30.1667,30.8889,1701.75,1290,1257.62,970,1283.24,92.4609,120.492,121.125,93.1172,91.125,579.823,35.25,7.024,4.74401,7.704,87.75,43.5294,42.7451,0,-0.53125,46.5827,9,9,8.25
109.371,0,0,0,0,1.30725,0.99997,1.08701,4,1,1,1,0,1,0.974855,0,21.4844,30.1111,30.1389,30.6945,1707.5,1280,1257.89,970,1285.86,92.4844,120.609,121.875,92.6484,90.7266,579.823,35.25,7.016,4.75201,7.696,87.75,42.353,41.9608,0,-0.40625,46.5827,9,9,8.25
109.404,0,0,0,0,1.3064,0.99997,1.08331,4,1,1,1,0,1,0.973634,0,21.4844,30.1111,30.7222,30.7778,1707.25,1280,1255.86,970,1288.52,92.5078,120.609,121.875,92.9063,90.4688,579.823,35.25,6.976,4.72801,7.656,87.75,41.1765,40.7843,0,-0.28125,46.5827,9,9,9
109.437,0,0,0,0,1.30896,0.99997,1.08212,4,1,1,1,0,1,0.978517,0,21.0938,30.2222,31.3611,31.0556,1712.25,1280,1255.98,970,1293.83,92.5313,121.102,121.852,92.6016,90.4688,579.823,35.25,6.964,4.71734,7.644,87.75,39.6079,39.6079,0,-0.078125,46.5827,9,9,9
109.471,0,0,0,0,1.30884,0.99997,1.0799,4,1,1,1,0,1,0.977296,0,19.9219,30.2778,31.6667,31.2778,1715,1280,1257.5,970,1296.45,92.6484,121.148,122.227,92.8828,90.375,579.823,35.25,6.956,4.71201,7.636,87.75,38.4314,38.8235,0,-0.671875,46.5827,9,9,9
109.504,0,0,0,0,1.31238,0.99997,1.07755,4,1,1,1,0,1,0.976076,0,19.9219,30.5,30.1667,31.1945,1718.75,1260,1260.9,970,1301.72,93.0234,121.148,122.227,93.375,89.25,581.463,35.25,6.98,4.72801,7.66,87.75,38.4314,38.0392,0,-0.59375,45.8625,9,9,9
109.537,0,0,0,0,1.31409,0.99997,1.07645,4,1,1,1,0,1,0.976076,0,17.1875,30.4445,31.0834,31.4722,1720,1250,1261.8,970,1304.34,93.1172,121.43,122.391,94.3359,88.5234,581.463,34.5,6.972,4.71467,7.652,87.75,37.6471,36.8628,0,-0.4375,45.5039,9,9,9
109.571,0,0,0,0,1.31354,0.99997,1.07538,4,1,1,1,0,1,0.981203,0,12.1094,30.6945,31.6667,31.0556,1729.5,1240,1261.68,970,1304.38,93.1172,121.711,122.93,92.6953,87.6797,581.463,34.5,6.96,4.71467,7.664,87.75,36.8628,35.2941,0,-0.203125,45.1438,9,9,9
109.604,0,0,0,0,1.31372,0.99997,1.07327,4,1,1,1,0,1,0.981203,0,12.1094,30.9722,31.9445,31.7222,1741.25,1230,1262.97,970,1309.65,93.3516,121.711,122.93,93.5391,86.7656,581.463,34.5,6.968,4.72001,7.672,87.75,34.5098,33.7255,0,-0.140625,44.7836,9,9,9
109.637,0,0,0,0,1.31336,0.99997,1.07178,4,1,1,1,0,1,0.979982,0,11.3281,30.9722,31.5556,31.0834,1737.5,1220,1259.8,970,1312.3,93.2578,122.227,123.422,91.9688,86.3672,581.463,34.5,6.904,4.72001,7.608,87.75,32.1569,32.1569,0,-0.359375,44.4251,9,9,9
109.671,0,0,0,0,1.31397,0.99997,1.07037,4,1,1,1,0,1,0.977296,0,10.1563,30.8611,32.4167,31.1389,1742.5,1230,1256.25,970,1317.58,92.9297,122.438,123.539,91.5234,86.5078,581.463,34.5,6.856,4.66667,7.544,87.75,30.5882,30.5882,0,-0.828125,44.4251,9,9,9
109.704,0,0,0,0,1.31018,0.99997,1.06928,4,1,1,1,0,1,0.981203,0,10.1563,30.9722,31.3611,31.1111,1750,1230,1254.1,970,1322.85,92.7891,122.438,123.539,91.2891,86.5547,583.221,34.5,6.84,4.63201,7.528,87.75,29.0196,28.6275,0,-0.5625,44.4251,9,9,9
109.737,0,0,0,0,1.30493,0.99997,1.06635,4,1,1,1,0,1,0.973634,0,9.375,30.9722,32.1111,31.1667,1751.25,1230,1248.91,970,1322.85,92.5547,122.836,123.914,91.6641,86.5781,583.221,34.5,6.792,4.61601,7.472,87.75,27.8431,27.8431,0,-0.203125,44.4251,9,9,9
109.771,0,0,0,0,1.30328,0.99997,1.06534,4,1,1,1,0,1,0.976076,0,8.98438,30.9167,32.3334,31.0834,1759,1230,1243.79,970,1328.16,92.4609,123.375,124.195,90.5625,86.5078,583.221,34.5,6.756,4.57601,7.436,87.75,27.0588,27.0588,0,0,44.4251,9,9,9
109.804,0,0,0,0,1.29724,0.99997,1.06217,4,1,1,1,0,1,0.974855,0,8.98438,30.9722,32.1667,31.0834,1763.75,1220,1239.06,970,1330.78,92.1328,123.375,124.195,90.5156,86.5781,583.221,34.5,6.704,4.53867,7.384,87.75,26.2745,26.2745,0,-0.453125,44.4251,9.75,9.75,9.75
109.837,0,0,0,0,1.28986,0.99997,1.06021,4,1,1,1,0,1,0.974855,0,7.42188,30.9722,32.5834,31,1768.25,1230,1233.32,965,1330.78,91.7813,123.352,124.641,90.7734,86.9297,583.221,34.5,6.656,4.51467,7.336,87.75,25.4902,25.8824,0,-0.53125,44.4251,9.75,9.75,9.75
109.871,0,0,0,0,1.28381,0.99997,1.05789,4,1,1,1,0,1,0.973634,0,7.42188,30.9167,32.2222,31.0834,1768,1230,1231.6,965,1333.44,91.6641,123.727,124.875,90.6328,86.9063,583.221,34.5,6.624,4.48267,7.304,87.75,25.4902,25.4902,0,-0.421875,44.4251,9.75,9.75,9.75
109.904,0,0,0,0,1.27747,0.99997,1.05518,4,1,1,1,0,1,0.977296,0,7.42188,30.8611,31.3889,30.9445,1775.25,1220,1225.08,965,1336.09,91.2422,123.727,124.875,90.1875,86.7891,584.881,34.5,6.54,4.44267,7.22,87.75,25.098,25.4902,0,-0.046875,44.4251,9.75,9.75,9.75
109.937,0,0,0,0,1.27326,0.99997,1.0517,4,1,1,1,0,1,0.971193,0,6.25,30.9722,31.2778,31.2778,1782,1220,1223.52,965,1336.09,91.2188,123.984,125.273,91.3828,86.8125,584.881,34.5,6.584,4.41867,7.264,87.75,25.4902,25.4902,0,-0.109375,44.4251,9.75,9.75,9.75
109.971,0,0,0,0,1.27411,0.99997,1.05051,4,1,1,1,0,1,0.976076,0,5.46875,31.0834,31.6111,31.5,1787.5,1220,1223.63,965,1338.71,91.2422,124.453,125.93,91.3125,86.6719,584.881,34.5,6.576,4.45067,7.256,87.75,25.098,25.098,0,-0.453125,44.4251,9.75,9.75,9.75
110.004,0,0,0,0,1.27539,0.99997,1.04755,4,1,1,1,0,1,0.979982,0,5.46875,31.1389,31.6389,31.5278,1781,1220,1224.26,965,1341.37,91.4531,124.453,125.93,91.6641,86.9531,584.881,34.5,6.56,4.46134,7.24,87.75,24.7059,23.9216,0,-0.59375,44.4251,9.75,9.75,9.75
110.037,0,0,0,0,1.27277,0.99997,1.04611,4,1,1,1,0,1,0.984865,0,3.90625,31.1389,28.7222,31.3889,1796,1210,1221.95,965,1341.37,91.2188,124.781,125.578,90.9141,86.3438,584.881,34.5,6.64,4.46667,7.328,87.75,23.5294,23.9216,0,-0.421875,44.0649,9.75,9.75,9.75
110.071,0,0,0,0,1.2815,0.99997,1.04446,4,1,1,1,0,1,0.984865,0,1.17188,31.25,30.4722,30.8056,1803.25,1180,1217.73,965,1343.98,90.9141,124.875,126.773,88.4063,83.4844,584.881,34.5,6.636,4.49067,7.324,87.75,23.5294,23.9216,0,-0.390625,42.8061,9.75,9.75,9.75
110.104,0,0,0,0,1.2829,0.99997,1.0434,4,1,1,1,0,1,0.984865,0,1.17188,31.1945,31.5834,31.0834,1808,1020,1211.02,965,1346.64,90.6797,124.875,126.773,91.4531,72.0469,586.698,34.5,6.36,4.37334,7.048,87.75,23.1373,21.9608,0,-0.328125,37.0504,9.75,9.75,9.75
110.137,0,0,0,0,1.2854,0.99997,1.04273,4,1,1,1,0,1,0.986085,0,1.17188,30.9167,28.8611,30.2778,1802.75,960,1192.11,965,1349.26,89.2734,125.766,127.031,83.8359,62.5547,586.698,34.5,6.292,4.29601,6.98,87.75,21.5686,20.3922,0,-0.65625,32.3735,10.5,10.5,10.5
110.171,0,0,0,0,1.29041,0.99997,1.04144,4,1,1,1,0,1,0.983644,0,0,30.2778,26.9445,29.5834,1804.75,960,1175.55,965,1354.53,88.0078,125.859,126.844,78.1875,55.4766,586.698,34.5,6.076,4.10401,6.764,87.75,19.6078,16.8628,0,-0.53125,27.5181,10.5,10.5,10.5
110.204,0,0,0,0,1.29547,0.99997,1.0398,4,1,1,1,0,1,0.984865,0,0,29.2222,22.9445,25.7778,1808,960,1105.94,965,1359.84,82.5703,125.859,126.844,66.4453,53.1563,586.698,34.5,5.484,3.84534,6.172,87.75,15.2941,14.5098,0,-0.375,21.0422,3.75,3.75,3.75
110.237,0,0,0,0,1.30811,0.99997,1.03836,4,1,1,1,0,1,0.983644,0,0,27.6111,22.1389,23.1667,1799,960,1051.56,965,1373.05,78.375,125.766,127.031,64.4531,49.5703,586.698,34.5,5.176,3.54134,5.864,87.75,12.9412,12.549,0,0.03125,15.1079,4.5,4.5,4.5
110.271,0,0,0,0,1.31555,0.99997,1.03479,4,1,1,1,0,1,0.972414,0,0,26.0556,19.8056,22.6111,1799.5,960,1020.63,965,1380.94,75.9609,125.742,126.563,57.6328,44.7891,586.698,34.5,4.856,3.16,5.544,87.75,10.9804,10.5882,0,-0.234375,10.4311,2.25,2.25,2.25
110.304,0,0,0,0,1.32062,0.99997,1.02506,4,1,1,1,0,1,0.948488,0,0,24.4722,17.0556,18.1111,1804.5,960,927.188,965,1386.25,68.5547,125.742,126.563,49.5703,38.3906,587.537,34.5,4.096,2.82134,4.784,87.75,9.01961,7.84314,0,-0.28125,5.21553,-2.25,-2.25,-2.25
110.337,0,0,0,0,1.32312,0.99997,1.01373,4,1,1,1,0,1,0.922121,0,0,22.6111,15.3889,13.1945,1801,960,859.492,965,1388.87,63.2813,125.508,126.844,44.7422,33.9844,587.537,34.5,3.572,2.44267,4.252,87.75,7.45098,6.66667,0,-0.28125,0.358586,-3.75,-3.75,-3.75
110.371,0,0,0,0,1.31055,0.99997,1.00357,4,1,1,1,0,1,0.902345,0,0,20.6389,12.8889,12.2778,1795,960,821.172,965,1375.7,60.2578,125.555,126.328,37.5938,33.5625,587.537,34.5,3.184,2.04534,3.864,87.75,6.27451,5.4902,0,-0.203125,0,-3.75,-3.75,-3.75
110.404,0,0,0,0,1.31311,0.99997,1,4,1,1,1,0,1,0.869874,0,0,18.6111,11.4167,7.02778,1802.75,960,715.664,965,1378.36,51.9141,125.555,126.328,33.1641,29.2734,587.537,34.5,2.636,1.77867,3.316,87.75,5.4902,5.4902,0,0.046875,0,-7.5,-7.5,-7.5
110.437,0,0,0,0,1.28034,0.99997,1,4,1,1,1,0,1,0.843995,0,0,17.1111,9.52779,12.0833,1808.5,960,653.789,965,1343.98,47.1328,125.32,126.75,27.5859,26.5313,587.537,34.5,2.272,1.61067,2.96,87.75,4.70588,4.70588,0,-0.46875,0,-6.75,-6.75,-6.75
110.471,0,0,0,0,1.27533,0.99997,1,4,1,1,1,0,1,0.823732,0,0,15.3889,8.94445,25.8889,1810.25,960,622.266,965,1338.67,44.6484,125.719,127.148,25.8516,24.375,587.537,34.5,2.116,1.352,2.804,87.75,3.92157,4.31373,0,-0.625,0,-7.5,-7.5,-7.5
110.504,0,0,0,0,1.30811,0.99997,1,4,1,1,1,0,1,0.799073,0,0,13.9722,8.00001,0,1804.75,960,543.32,965,1373.05,38.5547,125.719,127.148,23.2031,22.0313,587.342,34.5,1.92,1.224,2.608,87.75,3.52941,3.52941,0,-0.1875,0,-7.5,-7.5,-7.5
110.537,0,0,0,0,1.21753,0.99997,1,4,1,1,1,0,1,0.787355,0,0,12.5278,7.00001,19.6945,1794.25,960,493.633,970,1277.97,34.6641,125.93,126.844,20.4141,20.6719,587.342,34.5,1.548,1.06933,2.244,87.75,3.13726,3.13726,0,0.03125,0,-6.75,-6.75,-6.75
110.571,0,0,0,0,1.26276,0.99997,1,4,1,1,1,0,1,0.770021,0,0,11.25,6.80556,26.9722,1796.25,970,471.641,970,1325.47,32.9531,125.578,126.398,19.8281,21.2109,587.342,34.5,1.496,0.965335,2.192,87.75,3.13726,3.13726,0,-0.03125,0,-4.5,-4.5,-4.5
110.604,0,0,0,0,1.26532,0.99997,1,4,1,1,1,0,1,0.750245,0,0,10.4445,7.11112,0,1819.75,970,422.969,970,1328.16,29.1563,125.578,126.398,20.4609,20.0156,587.342,34.5,1.416,0.904001,2.112,87.75,3.13726,3.13726,0,-0.15625,0,-7.5,-7.5,-8.25
110.637,0,0,0,0,1.18982,0.99997,1,4,1,1,1,0,1,0.729982,0,0,9.75001,6.66667,26.25,1817.5,970,395.391,970,1248.91,27.0938,125.602,127.664,19.1953,19.4063,587.342,34.5,1.336,0.874668,2.024,87.75,3.13726,3.13726,0,-0.296875,0,-0.75,-0.75,-0.75
110.671,0,0,0,0,1.25018,0.99997,1,4,1,1,1,0,1,0.729982,0,0,9.00001,6.69445,20.1945,1809.25,970,383.906,970,1312.3,26.2031,126.375,127.102,19.3594,18.8906,587.342,34.5,1.32,0.826668,2.008,87.75,3.13726,3.13726,0,0.0625,0,-0.75,-0.75,-0.75
110.704,0,0,0,0,1.20239,0.99997,1,4,1,1,1,0,1,0.729982,0,0,8.30556,6.61112,0,1805.5,970,358.047,970,1262.11,24.1641,126.375,127.102,19.1719,18.2109,587.518,34.5,1.264,0.789334,1.952,87.75,3.13726,2.7451,0,0.15625,0,0,0,0
110.737,0,0,0,0,1.16968,0.99997,1,4,1,1,1,0,1,0.729982,0,0,8.02778,6.16667,22.9167,1801.75,970,340.938,970,1227.77,22.8281,125.906,126.891,17.9063,17.9531,587.518,34.5,1.2,0.762668,1.888,87.75,2.7451,2.7451,0,-0.015625,0,1.5,1.5,1.5
110.771,0,0,0,0,1.22754,0.99997,1,4,1,1,0.981691,0,1,0.729982,0,0,7.66667,6.30556,6.08334,1805.75,970,334.18,970,1288.52,22.3125,125.742,126.914,18.2813,17.5078,587.518,34.5,1.184,0.736001,1.872,87.75,2.7451,2.7451,0,-0.46875,0,1.5,1.5,1.5
110.804,0,0,0,0,1.15204,0.99997,1,4,1,1,0.981691,0,1,0.729982,0,0,7.19445,5.94445,17.6111,1806.25,970,316.094,970,1209.3,20.9063,125.742,126.914,17.2266,16.9922,587.518,34.5,1.112,0.693334,1.8,87.75,2.7451,2.35294,0,-0.359375,0,2.25,2.25,2.25
110.837,0,0,0,0,1.18225,0.99997,1,4,1,1,0.978517,0,1,0.729982,0,0,7.02778,5.75,8.02778,1796.5,970,304.57,970,1240.98,20.0156,125.766,126.938,16.7578,16.6641,587.518,34.5,1.08,0.680001,1.768,87.75,2.7451,2.35294,0,-0.34375,0,2.25,2.25,2.25
110.871,0,0,0,0,1.16968,0.99997,1,4,1,1,0.976076,0,0.978517,0.729982,0,0,6.69445,5.91667,0,1791.5,970,300.508,970,1227.77,19.7109,125.273,126.141,17.2734,16.2656,587.518,34.5,1.1,0.685334,1.788,87.75,2.7451,2.35294,0,0.09375,0,2.25,2.25,2.25
110.904,0,0,0,0,1.12183,0.99997,1,4,1,1,0.976076,0,0.978517,0.729982,0,0,6.33334,5.27778,23.3611,1796.5,970,286.172,970,1177.58,18.5391,125.273,126.141,15.375,15.8672,587.498,34.5,1.024,0.637334,1.712,87.75,2.35294,2.35294,0,-0.109375,0,3,3,3
110.937,0,0,0,0,1.17969,0.99997,1,4,1,1,0.974123,0,0.978517,0.729982,0,0,6.22223,5.47223,0,1799,970,278.477,970,1238.32,17.9531,125.086,126.398,15.9141,15.6328,587.498,34.5,1.024,0.637334,1.712,87.75,2.35294,2.35294,0,-0.296875,0,3.75,3.75,3.75
110.971,0,0,0,0,1.11682,0.99997,1,4,1,1,0.972902,0,0.974123,0.729982,0,0,6,5.36112,0,1796.5,970,275,970,1172.3,17.6953,125.273,126.398,15.6094,15.3281,587.498,34.5,1.012,0.629334,1.7,87.75,2.35294,2.35294,0,-0.28125,0,3.75,3.75,3.75
111.004,0,0,0,0,1.1344,0.99997,1,4,1,1,0.972902,0,0.974123,0.729982,0,0,5.69445,5.16667,10.3056,1790,970,264.297,970,1190.78,16.8516,125.273,126.398,15.0938,15.0469,587.498,34.5,0.968,0.602667,1.656,87.75,2.35294,2.35294,0,-0.046875,0,4.5,4.5,4.5
111.037,0,0,0,0,1.1344,0.99997,1,4,1,1,0.971925,0,0.974123,0.729982,0,0,5.63889,5.11112,0,1783.5,970,259.727,970,1190.78,16.5,125.18,126.07,15,14.8594,587.498,34.5,0.964,0.608001,1.652,87.75,2.35294,2.35294,0,0.1875,0,4.5,4.5,4.5
111.071,0,0,0,0,1.08911,0.99997,1,4,1,1,0.970949,0,0.971925,0.729982,0,0,5.47223,4.97223,8.16667,1783.25,970,256.914,970,1143.24,16.2891,124.852,125.695,14.6016,13.5,587.498,34.5,0.948,0.589334,1.636,87.75,2.35294,1.96079,0,-0.03125,0,1.5,1.5,1.5
111.104,0,0,0,0,1.13947,0.99997,1,4,1,1,0.970949,0,0.971925,0.729982,0,0,5.36112,4.97223,0,1783.25,970,249.336,970,1196.05,15.6797,124.852,125.695,14.6016,13.5,587.362,34.5,0.924,0.578667,1.612,87.75,1.96079,1.96079,0,-0.265625,0,1.5,1.5,1.5
111.137,0,0,0,0,1.08411,0.99997,1,4,1,1,0.97046,0,0.971925,0.729982,0,0,5.22223,4.36111,14.9167,1781,970,242.305,970,1137.97,15.1641,124.594,125.695,12.8203,13.5,587.362,34.5,0.868,0.562667,1.556,87.75,1.96079,1.56863,0,-0.21875,0,2.25,2.25,2.25
111.171,0,0,0,0,1.10669,0.99997,1,4,1,1,0.969972,0,0.97046,0.73462,0,0,5,4.27778,20.1111,1778.75,970,238.477,970,1161.68,14.8594,124.57,125.461,12.5859,13.5,587.362,34.5,0.86,0.536001,1.548,87.75,1.96079,1.56863,0,0.046875,0,2.25,2.25,2.25
111.204,0,0,0,0,1.09668,0.99997,1,4,1,1,0.969972,0,0.97046,0.748048,0,0,4.83334,4.41667,0,1770.5,970,231.367,970,1151.17,14.3203,124.57,125.461,13.0547,13.5,587.362,34.5,0.856,0.536001,1.544,87.75,1.56863,1.96079,0,-0.0625,0,3,3,3
111.237,0,0,0,0,1.06647,0.99997,1,4,1,1,0.969728,0,0.97046,0.770021,0,0,4.72223,4.30556,15,1763.25,970,229.063,970,1119.45,14.1328,124.289,125.016,12.7734,13.5,587.362,34.5,0.836,0.520001,1.524,87.75,1.56863,1.56863,0,-0.390625,0,3,3,3
111.271,0,0,0,0,1.10925,0.99997,1,4,1,1,0.969484,0,0.969728,0.783448,0,0,4.63889,4.36111,3.91667,1757.25,970,225.391,970,1164.38,13.8516,123.492,124.289,12.9844,13.5,587.362,34.5,0.84,0.522667,1.528,87.75,1.96079,1.96079,0,-0.234375,0,3.75,3.75,3.75
111.304,0,0,0,0,1.05389,0.99997,1,4,1,1,0.969484,0,0.969728,0.801759,0,0,4.52778,4.25,17.2222,1740.25,970,222.188,970,1106.25,13.5469,123.492,124.289,12.7734,13.5,587.225,34.5,0.828,0.517334,1.516,87.75,1.96079,1.96079,0,-0.125,0,14.25,14.25,14.25
111.337,0,0,0,0,1.09161,0.99997,1,4,1,1,0.96924,0,0.969728,0.814699,0,0,4.47223,4.27778,13.0833,1743.75,970,221.133,970,1145.86,13.4297,123.023,123.445,12.8438,13.5,587.225,35.25,0.82,0.514667,1.508,87.75,1.96079,1.96079,0,0.171875,0,3.75,3.75,3.75
111.371,0,0,0,0,1.05396,0.99997,1,4,1,1,0.96924,0,0.96924,0.829347,0,0,4.41667,4.38889,0,1732.5,970,220.547,970,1106.29,13.3828,122.367,123.07,13.2656,13.5,587.225,35.25,0.84,0.522667,1.544,87.75,1.96079,1.96079,0,0.21875,0,3.75,3.75,3.75
111.404,0,0,0,0,1.05615,0.99997,1,4,1,1,0.96924,0,0.96924,0.849611,0,0,4.36111,4.13889,18.0833,1750,970,217.93,970,1116.8,13.1719,122.367,123.07,12.375,13.5,587.225,35.25,0.812,0.504001,1.516,87.75,1.96079,1.96079,0,-0.21875,0,0,0,-4.5
111.437,0,0,0,0,1.07629,0.99997,0.920197,4,1,1,0.968996,0,0.96924,0.865236,0,0,4.36111,4.38889,0,1734.75,970,217.539,970,1114.18,13.1719,122.461,124.125,13.2422,13.5,587.225,35.25,0.76,0.506667,1.464,87.75,1.96079,1.96079,0,-0.203125,0,4.5,4.5,4.5
111.471,0,0,0,0,1.01849,0.99997,0.926118,4,1,1,0.968996,0,0.968996,0.885744,0,0,4.30556,4.11111,14.25,1721.25,970,273.516,970,1087.77,17.4141,122.695,122.531,51.0938,13.5,587.225,35.25,1.876,1.16267,2.556,87.75,1.96079,1.96079,0,-0.1875,0,4.5,4.5,4.5
111.504,0,0,0,0,1.06458,0.99997,1,4,1,1,0.968996,0,1.04688,0.918703,0,0,6.05556,4.25,1.75,1700.5,970,292.188,970,1122.11,18.75,122.695,122.531,2.85938,13.5,585.428,35.25,0.9,0.520001,1.58,87.75,1.96079,1.96079,0,0.078125,0,-2.25,-2.25,36
111.537,0,0,0,0,1.00208,0.99997,1,4,1,1,0.968996,0,1.04688,0.934328,0,0,5.30556,4.02778,7.36112,1669.75,970,281.797,970,1090.39,17.9297,121.359,121.547,28.3828,13.5,585.428,36,1.304,0.386667,1.992,87.75,1.96079,1.96079,0,0.125,0,-0.75,-0.75,42.75
111.571,0,0,0,0,1.0105,0.99997,1,4,1,1,0.968996,0,1.04688,0.939943,0,0,6.86112,3.97223,14.8056,1646.25,970,335.43,970,1098.28,21.9609,119.883,118.945,54.1641,13.5,585.428,36,2,1.23733,2.688,87.75,1.96079,1.96079,0,-0.078125,0,-1.5,-1.5,42
111.604,0,0,0,0,1.01306,0.99997,1,5,1,1,0.968996,0,1.04688,0.972414,0,0,5.91667,4.08334,8.05556,1600,970,316.719,970,1090.39,20.4141,119.883,118.945,29.3672,13.5,585.428,36,1.448,0.450667,2.136,87.75,1.96079,1.96079,0,-0.375,0,-2.25,-2.25,40.5
111.637,0,0,0,0,1.00909,0.99997,1,5,1,1,0.968751,0,1.04688,0.995607,0,0,6.16667,3.97223,15.8333,1580.75,970,374.727,970,1085.08,24.6094,117.469,116.742,59.6016,13.5,585.428,36,2.468,0.890668,3.156,87.75,1.96079,1.56863,0,-0.09375,0,-3,-3,39
111.671,0,0,0,0,1.04877,0.99997,1,5,1,1,0.976564,0,1.04688,1.04785,0,0,7.38889,4.22223,0,1541.75,970,341.719,970,1103.63,22.1719,115.852,114.914,0,13.5,585.428,36,0.8,0.970668,1.48,87.75,1.96079,1.56863,0,-0.015625,0,-6,-6,37.5
111.704,0,0,0,0,0.999696,0.99997,1,5,1,1,0.976564,0,1.04688,1.18921,0,0,6.50001,4.02778,13.9167,1500.75,970,394.57,970,1063.98,26.0859,115.852,114.914,55.0078,13.5,583.631,36,2.364,0.874668,3.044,87.75,1.96079,1.56863,0,0.265625,0,-3.75,-3.75,38.25
111.737,0,0,0,0,1.05029,0.99997,1,5,1,1,0.982423,0,1.04688,1.2981,0,0,7.44445,4.08334,5.83334,1479.75,970,388.438,970,1095.7,25.6172,114.07,112.008,21.9609,13.5,583.631,36,1.46,1.46934,2.14,87.75,1.56863,1.56863,0,0.09375,0,-7.5,-7.5,36
111.771,0,0,0,0,1.02673,0.99997,1,5,1,1,1,0,1.04688,1.42212,0,0,6.33334,4.08334,6.97223,1436.75,970,358.477,970,1074.57,23.4141,111.305,110.438,28.2422,13.5,583.631,36,1.496,0.509334,2.176,87.75,1.56863,1.56863,0,-0.234375,0,-5.25,-5.25,37.5
111.804,0,0,0,0,1.03857,0.99997,1,5,1,1,1,0,1.04688,1.59522,0,0,6.91667,3.88889,10.7222,1414,970,391.172,970,1079.84,25.8281,111.305,110.438,45.5156,13.5,583.631,36,2.004,1.28533,2.684,87.75,1.56863,1.17647,0,0.046875,0,-5.25,-5.25,37.5
111.837,0,0,0,0,1.02948,0.99997,1,5,1,1,1,0,1.04688,1.7461,0,0,6.27778,3.77778,1.75,1369.75,970,335.156,970,1085.12,21.7031,109.711,108.023,5.20313,13.5,583.631,36,0.888,0.672001,1.568,87.75,1.56863,1.17647,0,0.09375,0,-6,-6,36.75
111.871,0,0,0,0,0.979981,0.99997,1,5,1,1,1,0,1.04688,1.97632,0,0,6.11112,3.47222,8.47223,1324,970,386.406,970,1058.71,25.4297,107.18,106.406,37.2656,13.5,583.631,36,1.692,1.18667,2.372,87.75,1.17647,0.392157,0,0.421875,0,-6.75,-6.75,36.75
111.904,0,0,0,0,1.00537,0.99997,1,5,1,1,1,0,1.04688,2.24097,0,0,5.58334,2.58334,0,1301,970,348.75,970,1063.98,22.6641,107.18,106.406,0,14.3672,583.651,36,0.972,0.640001,1.652,87.75,0.392157,0.392157,0,0.515625,0,-7.5,-7.5,35.25
111.937,0,0,0,0,0.959229,0.99997,1,5,1,1,1,0,1,2.41065,0,0,5.63889,2.38889,6.22223,1277.25,970,356.094,970,1048.13,23.2031,105.867,104.695,27.6328,14.9531,583.651,36.75,1.864,1.18667,2.544,87.75,0.392157,0.392157,0,0.34375,0,6,6,6
111.971,0,0,0,0,0.997926,0.99997,1,5,1,1,1,0,0.953859,2.67334,0,0,5.97223,2.27778,8.66667,1253,970,383.164,970,1066.64,25.1953,104.203,102.938,41.5078,14.8594,583.651,36.75,2.436,1.60267,3.116,87.75,0.392157,0.784314,0,0.203125,0,29.25,29.25,35.25
112.004,0,0,0,0,0.973511,0.99997,1,5,1,1,1,0,0.953859,3.02002,0,0,4.77778,2.36111,2.25,1202.75,970,326.836,970,1045.51,21.0703,104.203,102.938,9.67969,16.0313,583.651,36.75,1.304,0.842668,1.984,87.75,0.392157,0.784314,0,0.171875,0,29.25,29.25,33
112.037,0,0,0,0,0.986329,0.99997,1,5,1,1,1,0,0.953859,3.22315,0,0,5.47223,2.33334,10.3611,1193.5,970,369.922,970,1061.33,24.2344,102.469,101.109,50.1797,16.8516,583.651,36.75,2.332,1.51467,3.012,87.75,0.392157,1.17647,0,0.03125,0,30.75,30.75,33.75
112.071,0,0,0,0,0.992554,0.99997,1,5,1,1,1,0,0.953371,3.57178,0,0,5.05556,2.91667,1.11111,1206.5,970,341.172,970,1061.37,22.125,100.875,101.25,4.82813,16.8984,583.651,36.75,1.248,0.805334,1.936,87.75,1.17647,1.17647,0,0.203125,0,30,30,32.25
112.104,0,0,0,0,0.967225,0.99997,1,5,1,1,1,0,0.953371,3.77686,0,0,5.69445,3.02778,11.1667,1211.5,970,376.953,970,1056.02,24.75,100.875,101.25,53.7188,14.9297,583.553,36.75,2.288,1.496,2.976,87.75,1.17647,0.784314,0,0.453125,0,15,15,15
112.137,0,0,0,0,0.99347,0.99997,1,5,1,1,1,0,0.953371,3.69483,0,0,5.16667,3,1.05556,1213,970,346.992,970,1058.67,22.5703,100.992,101.414,4.52344,14.8594,583.553,37.5,1.184,0.765334,1.872,87.75,0.784314,0.392157,0,0.53125,0,-3.75,-3.75,-3.75
112.171,0,0,0,0,0.952515,0.99997,1,5,1,1,1,0,0.953371,3.1001,0,0,4.94445,2.88889,3.69445,1202.75,970,336.445,970,1034.92,21.7969,101.133,101.109,15.4688,14.8828,583.553,37.5,1.36,0.880001,2.048,87.75,0.784314,0.392157,0,0.40625,0,2.25,2.25,2.25
112.204,0,0,0,0,0.997987,0.99997,1,5,1,1,1,0,0.953371,2.46412,0,0,5.27778,2.72222,2.02778,1202.75,970,355.781,970,1056.05,23.2031,101.133,101.109,9.60938,14.9531,583.553,37.5,1.268,0.818668,1.956,87.75,0.784314,0.392157,0,0.53125,0,-8.25,-8.25,-9
112.237,0,0,0,0,0.968384,0.99997,1,5,1,1,1,0,0.953371,2.05347,0,0,4.94445,2.83334,2.83334,1189,970,338.086,970,1032.3,21.9141,100.898,101.109,11.2734,14.7891,583.553,37.5,1.26,0.816001,1.948,87.75,0.784314,1.17647,0,0.203125,0,-6.75,-6.75,-9.75
112.271,0,0,0,0,0.983582,0.99997,1,5,1,1,1,0,0.953371,1.62647,0,0,5.52778,2.97222,9.58334,1184.5,970,375.039,970,1042.85,24.6094,101.016,100.43,46.875,14.8828,583.553,37.5,2.108,1.36534,2.788,87.75,0.784314,1.17647,0,0.265625,0,-6.75,-6.75,-8.25
112.304,0,0,0,0,0.985474,0.99997,1,5,1,1,1,0,0.953371,1.4043,0,0,5.05556,3.13889,4.94445,1147,970,356.133,970,1029.69,23.1797,101.016,100.43,21.5859,15,583.104,37.5,1.524,0.994668,2.204,87.75,1.17647,1.17647,0,0.46875,0,6,6,6
112.337,0,0,0,0,1.00598,0.99997,1,5,1,1,1,0,0.953371,1.2666,0,0,5.05556,3.05556,10.3889,1142.25,970,398.32,970,1040.2,26.1563,100.406,99.0703,51.6797,15.3281,583.104,37.5,2.196,0.994668,2.876,87.75,0.392157,0.392157,0,0.453125,0,-6.75,-6.75,-11.25
112.371,0,0,0,0,1.03107,0.99997,1,5,1,1,1,0,0.953371,1.11011,0,0,5.16667,2.61111,1.08333,1133.25,970,368.047,970,1042.81,23.9297,98.8125,98.5547,5.71875,15.1406,583.104,37.5,1.212,0.781334,1.892,87.75,0.392157,0.392157,0,0.828125,0,-8.25,-8.25,-14.25
112.404,0,0,0,0,0.995179,0.99997,1,5,1,1,1,0,0.953371,0.988527,0,0,4.83334,2.55556,7.22223,1106.75,970,376.328,970,1024.38,24.5156,98.8125,98.5547,38.3438,15.3047,583.104,37.5,1.892,0.866668,2.572,87.75,0.392157,0.392157,0,0.703125,0,-6.75,-6.75,-9.75
112.437,0,0,0,0,1.02594,0.99997,1,5,1,1,1,0,0.953371,0.958498,0,0,5.16667,2.52778,0,1090,970,340,970,1040.23,21.75,98.5078,97.5938,0,15.4688,583.104,37.5,1.024,1.22667,1.704,87.75,0.392157,0.392157,0,0.65625,0,1.5,1.5,1.5
112.471,0,0,0,0,0.994324,0.99997,1,5,1,1,1,0,0.953371,0.93213,0,0,4.77778,2.47222,6.97223,1093.75,970,359.453,970,1021.72,23.1797,97.4063,97.125,34.8984,15.3984,583.104,37.5,1.728,1.11733,2.408,87.75,0.392157,0.392157,0,0.140625,0,-6,-6,-8.25
112.504,0,0,0,0,1.03937,0.99997,1,5,1,1,1,0,0.953371,0.892335,0,0,4.94445,2.36111,5.72223,1089,970,371.172,970,1040.23,24,97.4063,97.125,31.1016,15.5391,582.889,37.5,1.704,1.112,2.384,87.75,0.392157,0.392157,0,0.3125,0,-6.75,-6.75,-10.5
112.537,0,0,0,0,1.02625,0.99997,1,5,1,1,1,0,0.953371,0.873536,0,0,4.41667,2.5,1.13889,1069.25,970,341.641,970,1024.38,21.8203,96.9609,96.9375,4.07813,15.6094,582.889,37.5,1.096,0.717334,1.776,87.75,0.392157,0.784314,0,0.5,0,2.25,2.25,2.25
112.571,0,0,0,0,1.01575,0.99997,1,5,1,1,1,0,0.953126,0.861574,0,0,4.88889,2.55556,8.33334,1071.5,970,373.281,970,1026.99,24.1641,96.6563,96.3047,43.1953,15.7969,582.889,37.5,1.96,1.26667,2.64,87.75,0.392157,0.784314,0,0.484375,0,-6.75,-6.75,-9.75
112.604,0,0,0,0,1.02136,0.99997,1,5,1,1,1,0,0.953126,0.843995,0,0,4.36111,2.38889,2.75,1054.75,970,343.359,970,1016.48,21.8438,96.6563,96.3047,12.8438,15.7734,582.889,37.5,1.304,0.845334,1.984,87.75,0.392157,0.784314,0,0.40625,0,3.75,3.75,3.75
112.637,0,0,0,0,1.03693,0.99997,1,5,1,1,1,0,0.953126,0.832033,0,0,4.36111,2.77778,6.88889,1052.5,970,367.07,970,1029.61,23.5313,96.2109,95.6953,37.875,15.9844,582.889,38.25,1.836,0.845334,2.516,87.75,0.784314,0.784314,0,0.875,0,-6.75,-6.75,-8.25
112.671,0,0,0,0,1.05103,0.99997,1,5,1,1,1,0,0.953126,0.824708,0,0,4.25,2.88889,0.861112,1043.75,970,338.242,970,1024.38,21.4219,95.5781,95.2969,4.07813,15.9844,582.889,38.25,1.192,0.773334,1.872,87.75,0.784314,0.784314,0,0.5625,0,1.5,1.5,1.5
112.704,0,0,0,0,1.01837,0.99997,1,5,1,1,1,0,0.953126,0.806398,0,0,4.47223,2.83334,6.36112,1044,970,355.273,970,1016.45,22.6406,95.5781,95.2969,32.9297,15.8906,582.752,38.25,1.704,1.10133,2.384,87.75,0.784314,0.784314,0,0.328125,0,-6,-6,-6.75
112.737,0,0,0,0,1.0473,0.99997,1,5,1,1,1,0,0.953126,0.801759,0,0,4.47223,2.88889,4.30556,1041,970,357.656,970,1029.65,22.8047,95.1563,95.2969,24.2578,15.9141,582.752,38.25,1.548,1.008,2.228,87.75,0.784314,0.784314,0,0.359375,0,-6.75,-6.75,-8.25
112.771,0,0,0,0,1.02655,0.99997,1,5,1,1,1,0,0.953371,0.800782,0,0,4.08334,3,1.55556,1031,970,334.063,970,1011.17,21.0703,95.2734,94.8281,6.89063,15.9609,582.752,38.25,1.14,0.741334,1.82,87.75,0.784314,0.784314,0,0.015625,0,-6.75,-6.75,-8.25
112.804,0,0,0,0,1.02948,0.99997,1,5,1,1,1,0,0.953371,0.797609,0,0,4.13889,2.94445,1.86111,1018.25,970,340.508,970,1021.72,21.4922,95.2734,94.8281,9.79688,16.1016,582.752,38.25,1.28,0.826668,1.96,87.75,0.784314,0.784314,0,0.0625,0,-6.75,-6.75,-8.25
112.837,0,0,0,0,1.02203,0.99997,1,5,1,1,1,0,0.953371,0.794435,0,0,4.13889,2.91667,5.19445,1010.5,970,349.688,970,1019.1,22.1484,94.7813,94.3594,27.7031,16.0313,582.752,38.25,1.58,0.826668,2.26,87.75,0.784314,0.784314,0,0.203125,0,-6,-6,-6
112.871,0,0,0,0,1.03565,0.99997,1,5,1,1,1,0,0.953126,0.791993,0,0,4.19445,2.91667,3.97223,1003.25,970,351.133,970,1024.34,22.2422,94.3125,93.8203,23.1328,16.1484,582.752,38.25,1.504,0.976001,2.192,87.75,0.784314,0.784314,0,0.515625,0,-6.75,-6.75,-7.5
112.904,0,0,0,0,1.02985,0.99997,1,5,1,1,1,0,0.953126,0.791261,0,0,3.94445,3,2.27778,996.5,970,334.18,970,1008.52,20.9531,94.3125,93.8203,10.8047,16.2656,582.42,38.25,1.204,0.781334,1.892,87.75,0.784314,0.784314,0,0.53125,0,-6.75,-6.75,-7.5
112.937,0,0,0,0,1.02686,0.99997,1,5,1,1,1,0,0.953126,0.791261,0,0,4.30556,3,6.88889,993,970,360.977,970,1019.06,22.8984,93.7266,93.7031,39.0703,16.1484,582.42,39,1.82,1.17067,2.508,87.75,0.784314,0.784314,0,0.515625,0,-6,-6,-6
112.971,0,0,0,0,1.03674,0.99997,1,5,1,1,1,0,0.953126,0.793702,0,0,4.02778,3.02778,1.94445,988.5,970,341.836,970,1011.17,21.4922,93.6563,93.7031,9.98438,16.1953,582.42,39,1.288,0.834668,1.976,87.75,0.784314,0.784314,0,0.671875,0,-6.75,-6.75,-8.25
113.004,0,0,0,0,1.02094,0.99997,1,5,1,1,1,0,0.953126,0.799073,0,0,4.19445,3,5.80556,983,970,358.125,970,1008.52,22.6641,93.6563,93.7031,32.5078,16.2422,582.42,39,1.696,1.09333,2.384,87.75,0.784314,0.784314,0,0.3125,0,-6,-6,-6
113.037,0,0,0,0,1.03827,0.99997,1,5,1,1,1,0,0.953126,0.803712,0,0,4.02778,3,2.41667,975.75,970,346.445,970,1016.45,21.7969,93.6328,93.7031,14.7891,16.3359,582.42,39,1.328,0.864001,2.016,87.75,0.784314,0.784314,0,0.015625,0,-6.75,-6.75,-8.25
113.071,0,0,0,0,1.02863,0.99997,1,5,1,1,1,0,0.953126,0.808107,0,0,4.02778,3.02778,4.38889,970.5,970,348.594,970,1005.86,21.9375,93.6797,93.7031,23.2734,16.4297,582.42,39,1.496,0.965335,2.176,87.75,0.784314,0.784314,0,0.203125,0,-6.75,-6.75,-7.5
113.104,0,0,0,0,1.05353,0.99997,1,5,1,1,1,0,0.953126,0.817384,0,0,4.08334,3.13889,2.55556,961,970,342.5,970,1016.45,21.4453,93.6797,93.7031,13.125,16.5,582.205,39,1.276,1.032,1.956,87.75,0.784314,0.784314,0,0.140625,0,-6.75,-6.75,-8.25
113.137,0,0,0,0,1.03778,0.99997,1,5,1,1,1,0,0.953126,0.823732,0,0,3.88889,3.02778,5.94445,955.5,970,362.539,970,1003.24,22.9219,93.6328,93.7031,34.9922,16.4297,582.205,39,1.732,0.829334,2.42,87.75,0.784314,0,0,0.234375,0,-6,-6,-6
113.171,0,0,0,0,1.05322,0.99997,1,5,1,1,1,0,0.953126,0.830324,0,0,4.13889,2.66667,1.97222,955.5,970,344.531,970,1005.86,21.5625,93.6328,93.7031,10.8516,16.5234,582.205,39,1.22,1.11467,1.908,87.75,0.392157,0,0,0.1875,0,-6.75,-6.75,-9
113.204,0,0,0,0,1.04285,0.99997,1,5,1,1,1,0,0.953126,0.836671,0,0,3.97223,2.27778,4.91667,952.5,970,354.492,970,1005.86,22.2891,93.6328,93.7031,28.2656,16.4766,582.205,39,1.596,1.024,2.284,87.75,0,0,0,0.625,0,-6,-6,-7.5
113.237,0,0,0,0,1.05054,0.99997,1,5,1,1,1,0,0.953126,0.843995,0,0,3.97223,2.25,1.94445,946.5,970,338.711,970,1005.86,21.1172,93.6563,93.7031,11.7188,16.4063,582.205,39,1.22,1.024,1.908,87.75,0,0,0,0.828125,0,-6.75,-6.75,-9
113.271,0,0,0,0,1.04871,0.99997,1,5,1,1,1,0,0.953126,0.853273,0,0,3.77778,2.22222,4.66667,943.75,970,346.016,970,1000.59,21.6328,93.6797,93.7031,26.0391,16.3828,582.205,39,1.528,0.794668,2.216,87.75,0,0,0,0.546875,0,-6,-6,-7.5
113.304,0,0,0,0,1.07282,0.99997,1,5,1,1,1,0,0.953126,0.858888,0,0,3.77778,2.16667,3.27778,929.75,970,344.102,970,1008.48,21.4922,93.6797,93.7031,20.3672,16.3359,581.952,39,1.412,0.917334,2.1,87.75,0,0,0,0.3125,0,-6,-6,-7.5
113.337,0,0,0,0,1.07355,0.99997,1,5,1,1,1,0,0.953126,0.865236,0,0,3.77778,2.13889,3.13889,921,970,338.125,970,997.969,21,93.75,93.7031,17.5078,16.5,581.952,39,1.348,0.917334,2.036,87.75,0,0,0,0.0625,0,-6,-6,-6.75
113.371,0,0,0,0,1.09711,0.99997,1,0,1,1,1,0,1,0.87256,0,0,3.66667,2.13889,3.83334,908,970,342.969,970,1008.48,21.3516,93.4922,93.7031,24.2578,16.7344,581.952,39,1.42,0.914668,2.108,87.75,0,0,0,0.078125,0,-4.5,-4.5,-4.5
113.404,0,0,0,0,1.10016,0.99997,1,0,1,1,1,0,1,0.879152,0,0,3.38889,2.19445,1.94445,903.75,970,326.758,970,997.969,20.0391,93.4922,93.7031,10.5,17.5313,581.952,39,1.116,0.720001,1.804,87.75,0,0,0,0.015625,0,-4.5,-4.5,-4.5
113.437,0,0,0,0,1.09967,0.99997,0.996888,0,1,1,1,0,1,0.884523,0,0,3.38889,2.16667,4.25,900.75,970,336.406,970,1003.2,20.7422,93.5859,93.7031,26.5313,17.4844,581.952,39.75,1.452,0.720001,2.14,87.75,0,0.392157,0,0.171875,0,-3,-3,-3
113.471,0,0,0,0,1.11475,0.99997,0.990662,0,1,1,1,0,1,0.892335,0,0,3.30556,2.55556,1.66667,900.5,970,320.195,970,997.969,19.5234,93.6563,93.7031,9.89063,17.2031,581.952,39.75,1.076,0.696001,1.756,87.75,0.392157,0.392157,0,0.203125,0,-6,-6,-6
113.504,0,0,0,0,1.10266,0.99997,0.989442,0,1,1,1,0,1,0.89673,0,0,3.5,2.61111,4.94445,894.25,970,336.25,970,1000.55,20.7188,93.6563,93.7031,30.3047,17.1328,581.717,39.75,1.472,0.941335,2.152,87.75,0.392157,0.392157,0,0.484375,0,-3,-3,-3
113.537,0,0,0,0,1.11743,0.99997,0.989533,0,1,1,1,0,1,0.901124,0,0,3.5,2.58334,2.08333,882,970,324.492,970,1000.59,19.8281,93.6797,93.7031,12.8438,17.1094,581.717,39.75,1.124,0.941335,1.804,87.75,0.392157,0.392157,0,0.421875,0,-4.5,-4.5,-4.5
113.571,0,0,0,0,1.1117,0.99997,0.988679,0,1,1,1,0,1,0.901124,0,0,3.30556,2.58334,4.72223,871,970,337.773,970,1000.59,20.8125,93.7734,93.7031,28.7344,17.2031,581.717,39.75,1.456,0.728001,2.136,87.75,0.392157,0.392157,0,0.546875,0,-3,-3,-3
113.604,0,0,0,0,1.12341,0.99997,0.988099,0,1,1,1,0,1,0.902345,0,0,3.25,2.58334,2.08333,862,970,326.875,970,1000.55,19.9219,93.7734,93.7031,13.5234,17.3438,581.717,39.75,1.144,0.741334,1.824,87.75,0.392157,0.392157,0,0.484375,0,-4.5,-4.5,-4.5
113.637,0,0,0,0,1.11871,0.99997,0.988251,0,1,1,1,0,1,0.905519,0,0,3.25,2.61111,4.47223,849,970,338.398,970,1000.59,20.7422,93.6094,93.7031,27.6563,17.6719,581.717,39.75,1.432,0.741334,2.12,87.75,0.392157,0.392157,0,0.375,0,-1.5,-1.5,-1.5
113.671,0,0,0,0,1.12366,0.99997,0.987031,0,1,1,1,0,1,0.907716,0,0,3.33334,2.61111,2.41667,832.25,970,331.992,970,995.313,20.2266,93.7031,93.7031,16.4531,17.8594,581.717,39.75,1.212,0.914668,1.9,87.75,0.392157,0.392157,0,0.109375,0,-2.25,-2.25,-2.25
113.704,0,0,0,0,1.1308,0.99997,0.986512,0,1,1,1,0,1,0.911134,0,0,3.19445,2.63889,4.5,827,970,344.844,970,997.969,21.1875,93.7031,93.7031,28.8516,17.8594,581.405,39.75,1.484,0.784001,2.172,87.75,0.392157,0.392157,0,0.03125,0,-1.5,-1.5,-1.5
113.737,0,0,0,0,1.13611,0.99997,0.985017,0,1,1,1,0,1,0.912111,0,0,3.30556,2.63889,4.5,827,970,344.844,970,995.313,21.1875,93.75,93.7031,28.8516,18.1406,581.405,39.75,1.484,0.944001,2.172,87.75,0.392157,0,0,0.109375,0,-1.5,-1.5,-1.5
113.771,0,0,0,0,1.14563,0.99997,0.98462,0,1,1,1,0,1,0.917726,0,0,3.19445,2.66667,2.69445,818.5,970,340.234,970,995.313,20.7656,93.6094,93.7031,18.1172,18.1875,581.405,39.75,1.256,0.813334,1.936,87.75,0.392157,0,0,0.203125,0,-3.75,-3.75,-3.75
113.804,0,0,0,0,1.14996,0.99997,0.983247,0,1,1,1,0,1,0.919923,0,0,3.25,2.66667,3.86111,811.25,970,347.461,970,995.313,21.2813,93.6094,93.7031,25.6172,18.3281,581.405,39.75,1.424,0.906668,2.104,87.75,0.392157,0,0,0.390625,0,-2.25,-2.25,-2.25
113.837,0,0,0,0,1.15552,0.99997,0.96518,0,1,1,1,0,1,0.926515,0,0,3.08334,2.66667,2.36111,795.5,970,339.688,970,995.313,20.6719,93.6797,93.7031,16.0781,18.4453,581.405,39.75,1.228,0.792001,1.908,87.75,0.392157,0,0,0.390625,0,-1.5,-1.5,-1.5
113.871,0,0,0,0,1.15308,0.99997,0.969056,0,1,1,1,0,1,0.93213,0,0,3.19445,2.58334,3.83334,795,970,347.109,970,992.656,21.2344,93.7031,93.7031,25.6641,18.7266,581.405,39.75,1.396,0.893334,2.084,87.75,0,0,0,0.5625,0,-0.75,-0.75,-0.75
113.904,0,0,0,0,1.16602,0.99997,0.970856,0,1,1,1,0,1,0.937501,0,0,3.08334,2.58334,2.25,792.75,970,338.984,970,995.273,20.5781,93.7031,93.7031,15.7969,18.7266,581.092,39.75,1.2,0.776001,1.888,87.75,0,0,0,0.5625,0,-3,-3,-3
113.937,0,0,0,0,1.16376,0.99997,0.972749,0,1,1,1,0,1,0.944826,0,0,3.08334,2.61111,3.5,786.25,970,343.203,970,995.313,20.9063,93.6094,93.7031,23.4141,18.7031,581.092,39.75,1.348,0.776001,2.036,87.75,0,0,0,0.34375,0,-1.5,-1.5,-1.5
113.971,0,0,0,0,1.16742,0.99997,0.971223,0,1,1,1,0,1,0.952394,0,0,3.08334,2.58334,2.27778,778.5,970,335.859,970,992.656,20.3438,93.6563,93.7031,16.0078,18.7734,581.092,39.75,1.196,0.864001,1.876,87.75,0,0,0,0.265625,0,-1.5,-1.5,-1.5
114.004,0,0,0,0,1.16827,0.99997,0.971528,0,1,1,1,0,1,0.957277,0,0,2.97222,2.58334,2.27778,778.5,970,335.859,970,992.656,20.3438,93.6563,93.7031,16.0078,18.5625,581.092,39.75,1.196,0.770668,1.876,87.75,0,0,0,0.03125,0,-1.5,-1.5,-1.5
114.037,0,0,0,0,1.17224,0.99997,0.971131,0,1,1,1,0,1,0.962404,0,0,3.02778,2.63889,3.41667,778,970,340.586,970,992.656,20.6953,93.6563,93.7031,23.5313,18.6797,581.092,39.75,1.308,0.837334,1.988,87.75,0,0,0,0.25,0,-0.75,-0.75,-0.75
114.071,0,0,0,0,1.17291,0.99997,0.970734,0,1,1,1,0,1,0.968507,0,0,2.97222,2.63889,2.44445,771.75,970,335.039,970,990.039,20.2969,93.4453,93.7031,16.9922,18.6563,581.092,39.75,1.184,0.762668,1.864,87.75,0,0,0,0.1875,0,-0.75,-0.75,-0.75
114.104,0,0,0,0,1.17737,0.99997,0.97223,0,1,1,1,0,1,0.977296,0,0,2.97222,2.63889,3.36111,764.5,970,340.43,970,992.656,20.6484,93.4453,93.7031,23.9297,18.7734,580.643,39.75,1.312,0.840001,1.992,87.75,0,0,0,0.1875,0,0.75,0.75,0.75
114.137,0,0,0,0,1.17725,0.99997,0.971345,0,1,1,1,0,1,0.982423,0,0,2.97222,2.61111,2.69445,750.25,970,337.813,970,990.039,20.4609,93.6563,93.7031,18.9141,18.9375,580.643,40.5,1.276,0.840001,1.956,87.75,0,0,0,0.09375,0,1.5,1.5,1.5
114.171,0,0,0,0,1.17725,0.99997,0.971131,0,1,1,1,0,1,0.988527,0,0,2.86111,2.61111,3.11111,747,970,340.781,970,990.039,20.6719,93.6563,93.7031,22.4766,19.2891,580.643,40.5,1.336,0.821334,2.024,87.75,0,0,0,0.28125,0,1.5,1.5,1.5
114.204,0,0,0,0,1.17725,0.99997,0.971253,0,1,1,1,0,1,0.994142,0,0,2.91667,2.61111,2.5,735.75,970,337.266,970,990.039,20.4141,93.6563,93.7031,18.3281,19.3125,580.643,40.5,1.252,0.864001,1.94,87.75,0,0,0,0.21875,0,4.5,4.5,4.5
114.237,0,0,0,0,1.17377,0.99997,0.972901,0,1,1,1,0,1,1.00171,0,0,2.80556,2.61111,2.5,735.75,970,337.266,970,987.383,20.4141,93.6563,93.7031,18.3281,19.6875,580.643,40.5,1.252,0.813334,1.94,87.75,0,0,0,0.609375,0,4.5,4.5,4.5
114.271,0,0,0,0,1.17725,0.99997,0.973786,0,1,1,1,0,1,1.00855,0,0,2.80556,2.55556,2.61111,734.75,970,336.055,970,990.039,20.3203,93.6563,93.7031,19.6172,20.0156,580.643,40.5,1.284,0.829334,1.964,87.75,0,0,0,0.3125,0,6,6,6
114.304,0,0,0,0,1.17407,0.99997,0.975526,0,1,1,1,0,1,1.0166,0,0,2.86111,2.61111,3.05556,737.75,970,338.32,970,987.383,20.4844,93.6563,93.7031,21.8438,20.0625,580.155,40.5,1.32,0.853334,2,87.75,0,0,0,0.3125,0,5.25,5.25,5.25
114.337,0,0,0,0,1.17407,0.99997,0.976044,0,1,1,1,0,1,1.02149,0,0,2.86111,2.61111,2.47222,746.5,970,334.727,970,987.383,20.2266,93.6563,93.7031,18.0938,19.9219,580.155,40.5,1.248,0.853334,1.928,87.75,0,0,0,0.359375,0,3.75,3.75,3.75
114.371,0,0,0,0,1.17358,0.99997,0.977906,0,1,1,1,0,1,1.03003,0,0,2.86111,2.55556,3.19445,750.5,970,338.672,970,987.383,20.5078,93.6563,93.7031,22.875,19.6406,580.155,40.5,1.36,0.810668,2.04,87.75,0,0,0,-0.015625,0,3,3,3
114.404,0,0,0,0,1.17407,0.99997,0.981538,0,1,1,1,0,1,1.04004,0,0,2.91667,2.55556,3.19445,750.5,970,338.672,970,987.383,20.5078,93.6563,93.7031,22.875,19.6406,580.155,40.5,1.36,0.877334,2.04,87.75,0,0,0,0.03125,0,3,3,3
114.437,0,0,0,0,1.17389,0.99997,0.983674,0,1,1,1,0,1,1.04785,0,0,2.86111,2.61111,2.52778,750.75,970,335,970,987.383,20.25,93.6563,93.7031,18.0703,19.5469,580.155,41.25,1.26,0.818668,1.94,87.75,0,0,0,-0.03125,0,1.5,1.5,1.5
114.471,0,0,0,0,1.17407,0.99997,0.989136,0,1,1,1,0,1,1.06177,0,0,2.91667,2.61111,3.27778,751.25,970,339.375,970,987.383,20.5547,93.6563,93.7031,23.2031,19.5234,580.155,41.25,1.34,0.866668,2.008,87.75,0,0,0,0.046875,0,2.25,2.25,2.25
114.504,0,0,0,0,1.1709,0.99997,0.992036,0,1,1,1,0,1,1.06885,0,0,2.86111,2.61111,2.66667,753,970,336.719,970,984.727,20.3672,93.6563,93.7031,18.7969,19.5234,579.647,41.25,1.264,0.821334,1.932,87.75,0,0,0,0.046875,0,0.75,0.75,0.75
114.537,0,0,0,0,1.17407,0.99997,0.994141,0,1,1,1,0,1,1.07349,0,0,2.86111,2.61111,3.08334,753,970,339.531,970,987.344,20.5781,93.6797,93.7031,22.2656,19.4531,579.647,41.25,1.336,0.821334,2.004,87.75,0,0,0,0.25,0,1.5,1.5,1.5
114.571,0,0,0,0,1.17407,0.99997,0.99878,0,1,1,1,0,1,1.08301,0,0,2.91667,2.61111,2.88889,735,970,339.531,970,987.383,20.5781,93.6797,93.7031,20.6016,19.4297,579.647,41.25,1.308,0.864001,1.996,87.75,0,0,0,0.28125,0,3.75,3.75,3.75
114.604,0,0,0,0,1.1709,0.99997,1.00247,0,1,1,1,0,1,1.09009,0,0,2.86111,2.61111,2.88889,735,970,339.531,970,984.727,20.5781,93.6797,93.7031,20.6016,19.5469,579.647,41.25,1.308,0.850668,1.996,87.75,0,0,0,0.546875,0,3.75,3.75,3.75
114.637,0,0,0,0,1.1709,0.99997,1.00775,0,1,1,1,0,1,1.1001,0,0,2.86111,2.61111,2.80556,736.25,970,339.531,970,984.727,20.5781,93.6797,93.7031,20.5781,19.9922,579.647,41.25,1.324,0.858668,2.012,87.75,0,0,0,0.40625,0,4.5,4.5,4.5
114.671,0,0,0,0,1.1709,0.99997,1.01196,0,1,1,1,0,1,1.10498,0,0,2.86111,2.61111,3.08334,736,970,342.227,970,984.727,20.7891,93.6797,93.7031,22.4063,20.0156,579.647,41.25,1.364,0.885334,2.06,87.75,0,0,0,0.546875,0,4.5,4.5,4.5
114.704,0,0,0,0,1.1709,0.99997,1.01398,0,1,1,1,0,1,1.10498,0,0,2.91667,2.63889,2.77778,747,970,340.781,970,984.727,20.6719,93.6797,93.7031,19.8281,20.0391,579.119,41.25,1.32,0.858668,2.016,87.75,0,0,0,0.546875,0,3,3,3
114.737,0,0,0,0,1.1709,0.99997,1.01721,0,1,1,1,0,1,1.10742,0,0,2.91667,2.63889,3.02778,749.5,970,341.914,970,984.727,20.7656,93.6797,93.7031,21.4453,19.7344,579.119,41.25,1.356,0.858668,2.052,88.5,0,0,0,0.328125,0,1.5,1.5,1.5
114.771,0,0,0,0,1.1709,0.99997,1.0228,0,1,1,1,0,1,1.11255,0,0,2.91667,2.63889,2.88889,752.25,970,341.25,970,984.727,20.6484,93.4688,93.7031,20.3438,19.6641,579.119,41.25,1.34,0.880001,2.028,88.5,0,0,0,0.140625,0,0.75,0.75,0.75
114.804,0,0,0,0,1.16779,0.99997,1.0275,0,1,1,1,0,1,1.11743,0,0,2.91667,2.63889,2.88889,752.25,970,341.25,970,982.109,20.6484,93.4688,93.7031,20.3438,19.6641,579.119,41.25,1.34,0.872001,2.028,88.5,0,0,0,-0.15625,0,0.75,0.75,0.75
114.837,0,0,0,0,1.16779,0.99997,1.03241,0,1,1,1,0,1,1.12256,0,0,2.91667,2.63889,2.91667,755.75,970,341.719,970,982.109,20.6953,93.6797,93.7031,20.9766,19.5703,579.119,42,1.364,0.885334,2.052,87.75,0,0,0,0.015625,0,0,0,0
114.871,0,0,0,0,1.16779,0.99997,1.03763,0,1,1,1,0,1,1.125,0,0,2.91667,2.63889,2.91667,755,970,341.914,970,982.109,20.6953,93.6797,93.7031,20.8359,19.4766,579.119,42,1.36,0.885334,2.04,87.75,0,0,0,0.1875,0,0,0,0
114.904,0,0,0,0,1.16779,0.99997,1.04092,0,1,1,1,0,1,1.125,0,0,2.91667,2.66667,2.91667,749.75,970,342.109,970,982.109,20.7188,93.6797,93.7031,20.8359,19.4766,578.592,42,1.368,0.890668,2.048,87.75,0,0,0,0.1875,0,0.75,0.75,0.75
114.937,0,0,0,0,1.16779,0.99997,1.04407,0,1,1,1,0,1,1.125,0,0,2.91667,2.66667,3.11111,741,970,344.492,970,982.109,20.9063,93.6797,93.7031,22.3359,19.5703,578.592,42,1.404,0.890668,2.084,87.75,0,0,0,0.25,0,2.25,2.25,2.25
114.971,0,0,0,0,1.16779,0.99997,1.04968,0,1,1,1,0,1,1.12744,0,0,2.91667,2.66667,3.08334,752,970,345.742,970,982.109,21,93.6797,93.7031,21.75,19.8047,578.592,42,1.408,0.914668,2.088,87.75,0,0,0,0.484375,0,1.5,1.5,1.5
115.004,0,0,0,0,1.16779,0.99997,1.05313,0,1,1,1,0,1,1.12744,0,0,2.97222,2.66667,3.08334,752,970,345.742,970,982.109,21,93.6797,93.7031,21.75,19.7813,578.592,42,1.408,0.920001,2.088,87.75,0,0,0,0.578125,0,1.5,1.5,1.5
115.037,0,0,0,0,1.16779,0.99997,1.05792,0,1,1,1,0,1,1.13013,0,0,3.02778,2.69445,3.13889,758,970,347.07,970,982.109,21.0938,93.6797,93.7031,21.8906,19.5,578.592,42,1.42,0.928001,2.1,87.75,0,0,0,0.6875,0,0,0,0
115.071,0,0,0,0,1.16779,0.99997,1.06381,0,1,1,1,0,1,1.13257,0,0,3.02778,2.69445,2.97222,758.25,970,346.445,970,982.109,21.0469,93.6797,93.7031,20.6953,19.3359,578.592,42,1.404,0.917334,2.084,87.75,0,0,0,0.328125,0,-1.5,-1.5,-1.5
115.104,0,0,0,0,1.16467,0.99997,1.06516,0,1,1,1,0,1,1.12744,0,0,3.02778,2.69445,3.16667,758.5,970,347.852,970,979.453,21.1406,93.6797,93.7031,22.0078,19.2891,578.084,42,1.432,0.936001,2.112,87.75,0,0,0,0.328125,0,-0.75,-0.75,-0.75
115.137,0,0,0,0,1.16467,0.99997,1.0679,0,1,1,1,0,1,1.125,0,0,3.02778,2.66667,2.83334,761.25,970,346.406,970,979.453,21.0469,93.6797,93.7031,20.2031,19.2422,578.084,42,1.408,0.936001,2.088,87.75,0,0,0,0.140625,0,-2.25,-2.25,-2.25
115.171,0,0,0,0,1.16467,0.99997,1.07254,0,1,1,1,0,1,1.125,0,0,3.02778,2.66667,3.19445,762.75,970,348.516,970,979.453,21.1875,93.6797,93.7031,22.4766,19.1484,578.084,42,1.468,0.920001,2.164,87.75,0,0,0,-0.03125,0,-1.5,-1.5,-1.5
115.204,0,0,0,0,1.16467,0.99997,1.07614,0,1,1,1,0,1,1.125,0,0,3.02778,2.66667,2.88889,759.5,970,347.227,970,979.453,21.0938,93.6797,93.7031,20.3438,19.1016,578.084,42,1.428,0.952001,2.124,87.75,0,0,0,0.140625,0,-1.5,-1.5,-1.5
115.237,0,0,0,0,1.16467,0.99997,1.07962,0,1,1,1,0,1,1.125,0,0,3.02778,2.66667,2.88889,759.5,970,347.227,970,979.453,21.0938,93.6797,93.7031,20.3438,19.0313,578.084,42,1.428,0.930668,2.124,87.75,0,0,0,-0.0625,0,-1.5,-1.5,-1.5
115.271,0,0,0,0,1.16467,0.99997,1.08423,0,1,1,1,0,1,1.125,0,0,3.02778,2.66667,3.16667,759.5,970,348.789,970,979.453,21.2109,93.6797,93.7031,22.1484,19.0547,578.084,42,1.46,0.954668,2.14,87.75,0,0,0,0.078125,0,-2.25,-2.25,-2.25
115.304,0,0,0,0,1.16467,0.99997,1.08649,0,1,1,1,0,1,1.12256,0,0,3.02778,2.63889,3.05556,762.25,970,348.789,970,979.453,21.2109,93.6797,93.7031,21.2344,19.0313,577.596,42,1.452,0.952001,2.132,87.75,0,0,0,0.078125,0,-3,-3,-3
115.337,0,0,0,0,1.16467,0.99997,1.08762,0,1,1,1,0,1,1.11743,0,0,3.02778,2.63889,3.02778,769,970,348.125,970,979.453,21.1641,93.6797,93.7031,20.7891,18.9141,577.596,42.75,1.452,0.952001,2.132,87.75,0,0,0,0.15625,0,-3,-3,-3
115.371,0,0,0,0,1.16467,0.99997,1.09183,0,1,1,1,0,1,1.11743,0,0,3.08334,2.61111,3.08334,768.5,970,348.125,970,979.453,21.1172,93.4688,93.7031,21.1641,18.7031,577.596,42.75,1.46,0.946668,2.148,87.75,0,0,0,0.5625,0,-3,-3,-3
115.404,0,0,0,0,1.16467,0.99997,1.09369,0,1,1,1,0,1,1.11499,0,0,3.08334,2.63889,3.05556,769.5,970,347.773,970,979.453,21.0938,93.4688,93.7031,20.9063,18.6563,577.596,42.75,1.46,0.952001,2.148,87.75,0,0,0,0.59375,0,-3,-3,-3
115.437,0,0,0,0,1.16467,0.99997,1.09647,0,1,1,1,0,1,1.11499,0,0,3.08334,2.63889,3.05556,769.5,970,347.773,970,979.453,21.0938,93.6797,93.7031,20.9063,18.5859,577.596,42.75,1.46,0.952001,2.148,87.75,0,0,0,0.515625,0,-3,-3,-3
115.471,0,0,0,0,1.16467,0.99997,1.09836,0,1,1,1,0,1,1.11011,0,0,3.08334,2.61111,3.08334,771.5,970,347.656,970,979.453,21.0703,93.6797,93.7031,21.0234,18.6563,577.596,42.75,1.46,0.952001,2.14,87.75,0,0,0,0.453125,0,-3.75,-3.75,-3.75
115.504,0,0,0,0,1.16467,0.99997,1.10132,0,1,1,1,0,1,1.11011,0,0,3.08334,2.52778,3.02778,773.5,970,346.875,970,979.453,21.0234,93.6797,93.7031,20.5547,18.6094,577.127,42.75,1.46,0.952001,2.14,87.75,0,0,0,0.28125,0,-4.5,-4.5,-4.5
115.537,0,0,0,0,1.16156,0.99997,1.10196,0,1,1,1,0,1,1.10498,0,0,3.02778,2.5,2.88889,770.5,970,344.805,970,976.836,20.8594,93.6797,93.7031,19.6641,18.4688,577.127,42.75,1.432,0.933334,2.112,88.5,0,0,0,0.28125,0,-3.75,-3.75,-3.75
115.571,0,0,0,0,1.16156,0.99997,1.10443,0,1,1,1,0,1,1.10254,0,0,3.02778,2.47222,3,763.75,970,345.313,970,976.836,20.9063,94.3828,93.7031,21.2109,18.4688,577.127,42.75,1.472,0.957335,2.16,88.5,0,0,0,0.15625,0,-3,-3,-3
115.604,0,0,0,0,1.16156,0.99997,1.10489,0,1,1,1,0,1,1.09741,0,0,3.02778,2.41667,2.86111,761,970,344.219,970,976.836,20.9766,94.3828,93.7031,20.1797,18.5859,577.127,42.75,1.46,0.952001,2.148,88.5,0,0,0,-0.140625,0,-2.25,-2.25,-2.25
115.637,0,0,0,0,1.16156,0.99997,1.1066,0,1,1,1,0,1,1.09497,0,0,3.02778,2.41667,2.91667,763.25,970,343.359,970,976.836,20.9063,93.6797,93.7031,20.4141,18.6094,577.127,42.75,1.456,0.952001,2.144,88.5,0,0,0,0.28125,0,-3,-3,-3
115.671,0,0,0,0,1.16156,0.99997,1.10873,0,1,1,1,0,1,1.09253,0,0,3.02778,2.41667,2.80556,763.25,970,341.289,970,976.836,20.7656,93.6797,93.7031,19.5469,18.4922,577.127,42.75,1.44,0.949335,2.128,88.5,0,0,0,0.21875,0,-3,-3,-3
115.704,0,0,0,0,1.16156,0.99997,1.10925,0,1,1,1,0,1,1.08765,0,0,2.97222,2.41667,2.80556,763.25,970,341.289,970,976.836,20.7656,93.6797,93.7031,19.5469,18.4688,576.717,42.75,1.44,0.938668,2.128,88.5,0,0,0,0.421875,0,-3,-3,-3
115.737,0,0,0,0,1.16156,0.99997,1.11047,0,1,1,1,0,1,1.08521,0,0,2.97222,2.41667,2.86111,764.25,970,339.883,970,976.836,20.6484,93.6797,93.7031,19.8516,18.4219,576.717,42.75,1.44,0.936001,2.128,88.5,0,0,0,0.421875,0,-3,-3,-3
115.771,0,0,0,0,1.16156,0.99997,1.11136,0,1,1,1,0,1,1.08057,0,0,2.97222,2.38889,2.86111,768.75,970,338.398,970,976.836,20.5547,93.6797,93.7031,19.6641,18.3516,576.717,42.75,1.44,0.936001,2.12,88.5,0,0,0,0.3125,0,-3,-3,-3
115.804,0,0,0,0,1.16156,0.99997,1.1117,0,1,1,1,0,1,1.07593,0,0,2.97222,2.41667,2.88889,772.5,970,337.109,970,976.836,20.4609,93.6797,93.7031,19.7109,18.2109,576.717,42.75,1.428,0.928001,2.108,88.5,0,0,0,0.609375,0,-4.5,-4.5,-4.5
115.837,0,0,0,0,1.16156,0.99997,1.11163,0,1,1,1,0,1,1.07105,0,0,2.97222,2.38889,2.83334,770.5,970,335.43,970,976.836,20.3203,93.6797,93.7031,19.3594,18.0469,576.717,42.75,1.42,0.928001,2.1,87.75,0,0,0,0.5,0,-4.5,-4.5,-4.5
115.871,0,0,0,0,1.16156,0.99997,1.11322,0,1,1,1,0,1,1.06885,0,0,2.97222,2.38889,2.91667,770.25,970,334.805,970,976.836,20.2734,93.6797,93.7031,19.9219,18,576.717,42.75,1.432,0.922668,2.112,87.75,0,0,0,0.34375,0,-3,-3,-3
115.904,0,0,0,0,1.16156,0.99997,1.11392,0,1,1,1,0,1,1.06641,0,0,2.91667,2.38889,2.91667,770.25,970,334.805,970,976.836,20.2734,93.6797,93.7031,19.9219,17.9766,576.327,42.75,1.432,0.930668,2.112,87.75,0,0,0,0.0625,0,-3,-3,-3
115.937,0,0,0,0,1.16156,0.99997,1.11368,0,1,1,1,0,1,1.06177,0,0,2.91667,2.41667,2.86111,773.75,970,333.516,970,976.836,20.1797,93.6797,93.7031,19.4297,17.8828,576.327,42.75,1.42,0.922668,2.1,87.75,0,0,0,0.015625,0,-3,-3,-3
115.971,0,0,0,0,1.16156,0.99997,1.11478,0,1,1,1,0,1,1.05933,0,0,2.91667,2.41667,2.83334,776,970,331.953,970,976.836,20.0625,93.6797,93.7031,19.1484,17.625,576.327,42.75,1.408,0.914668,2.088,87.75,0,0,0,0.25,0,-4.5,-4.5,-4.5
116.004,0,0,0,0,1.16156,0.99997,1.11426,0,1,1,1,0,1,1.05469,0,0,2.91667,2.38889,2.91667,774.75,970,331.484,970,976.836,20.0391,93.6797,93.7031,19.7578,17.5078,576.327,42.75,1.416,0.920001,2.096,87.75,0,0,0,0.25,0,-4.5,-4.5,-4.5
116.037,0,0,0,0,1.15839,0.99997,1.11371,0,1,1,1,0,1,1.05005,0,0,2.91667,2.41667,2.83334,772.25,970,330.273,970,974.18,19.9453,93.6797,93.7031,19.2422,17.5313,576.327,43.5,1.4,0.920001,2.08,87.75,0,0,0,0.015625,0,-4.5,-4.5,-4.5
116.071,0,0,0,0,1.1615,0.99997,1.11371,0,1,1,1,0,1,1.0459,0,0,2.91667,2.36111,2.83334,770.75,970,330.156,970,976.797,19.9219,93.6797,93.7031,19.875,17.5078,576.327,43.5,1.412,0.909334,2.116,87.75,0,0,0,0.3125,0,-3.75,-3.75,-3.75
116.104,0,0,0,0,1.16156,0.99997,1.11408,0,1,1,1,0,1,1.04395,0,0,2.86111,2.25,2.77778,768.5,970,328.477,970,976.836,19.8047,93.6797,93.7031,18.8203,17.4844,575.936,43.5,1.388,0.914668,2.092,87.75,0,0,0,0.375,0,-3.75,-3.75,-3.75
116.137,0,0,0,0,1.15839,0.99997,1.11432,0,1,1,1,0,1,1.04199,0,0,2.86111,2.25,2.77778,768.5,970,328.477,970,974.18,19.8047,93.6797,93.7031,18.8203,17.4375,575.936,43.5,1.388,0.901334,2.092,88.5,0,0,0,0.640625,0,-3.75,-3.75,-3.75
116.171,0,0,0,0,1.15839,0.99997,1.11386,0,1,1,1,0,1,1.03784,0,0,2.80556,2.25,2.75,762.5,970,327.852,970,974.18,19.7578,93.4688,93.7031,19.4063,17.4375,575.936,43.5,1.396,0.904001,2.084,88.5,0,0,0,0.203125,0,-2.25,-2.25,-2.25
116.204,0,0,0,0,1.16156,0.99997,1.1131,0,1,1,1,0,1,1.03394,0,0,2.80556,2.25,2.77778,763.25,970,327.383,970,976.836,19.6875,93.4688,93.7031,19.4531,17.5313,575.936,43.5,1.392,0.901334,2.08,88.5,0,0,0,0.109375,0,-3,-3,-3
116.237,0,0,0,0,1.15839,0.99997,1.1131,0,1,1,1,0,1,1.03198,0,0,2.80556,2.25,2.75,764.25,970,325.664,970,974.18,19.5469,93.6797,93.7031,18.5625,17.4609,575.936,43.5,1.368,0.885334,2.056,88.5,0,0,0,0.109375,0,-3,-3,-3
116.271,0,0,0,0,1.15839,0.99997,1.11316,0,1,1,1,0,1,1.03003,0,0,2.80556,2.25,2.72222,763.75,970,324.883,970,974.18,19.5,93.6797,93.7031,19.0313,17.3906,575.936,43.5,1.38,0.893334,2.068,88.5,0,0,0,0.109375,0,-2.25,-2.25,-2.25
116.304,0,0,0,0,1.15839,0.99997,1.11227,0,1,1,1,0,1,1.02661,0,0,2.75,2.25,2.77778,759.75,970,324.805,970,974.18,19.4766,93.6797,93.7031,19.4531,17.3438,575.604,43.5,1.38,0.893334,2.068,88.5,0,0,0,0.0625,0,-1.5,-1.5,-1.5
116.337,0,0,0,0,1.15839,0.99997,1.11273,0,1,1,1,0,1,1.02661,0,0,2.75,2.25,2.77778,759.75,970,324.805,970,974.18,19.4766,93.6797,93.7031,19.4531,17.4375,575.604,43.5,1.38,0.893334,2.068,88.5,0,0,0,0.140625,0,-1.5,-1.5,-1.5
116.371,0,0,0,0,1.15839,0.99997,1.11173,0,1,1,1,0,1,1.02319,0,0,2.75,2.25,2.77778,758.75,970,324.688,970,974.18,19.4766,93.6797,93.7031,19.4063,17.4141,575.604,43.5,1.372,0.893334,2.04,88.5,0,0,0,0.015625,0,-2.25,-2.25,-2.25
116.404,0,0,0,0,1.15839,0.99997,1.11197,0,1,1,1,0,1,1.02319,0,0,2.75,2.25,2.72222,758.75,970,323.906,970,974.18,19.4297,93.6797,93.7031,18.9609,17.4141,575.604,43.5,1.36,0.885334,2.028,88.5,0,0,0,0.328125,0,-2.25,-2.25,-2.25
116.437,0,0,0,0,1.15839,0.99997,1.11148,0,1,1,1,0,1,1.02149,0,0,2.75,2.25,2.75,756.5,970,323.516,970,974.18,19.3828,93.6797,93.7031,19.1719,17.3672,575.604,43.5,1.36,0.885334,2.028,88.5,0,0,0,0.328125,0,-2.25,-2.25,-2.25
116.471,0,0,0,0,1.15839,0.99997,1.11038,0,1,1,1,0,1,1.02002,0,0,2.75,2.25,2.80556,752.5,970,323.867,970,974.18,19.4063,93.6797,93.7031,19.6406,17.4141,575.604,43.5,1.372,0.893334,2.052,88.5,0,0,0,0.296875,0,-1.5,-1.5,-1.5
116.504,0,0,0,0,1.15839,0.99997,1.10986,0,1,1,1,0,1,1.01831,0,0,2.69445,2.25,2.69445,747.5,970,323.164,970,974.18,19.3594,93.6797,93.7031,18.9609,17.4844,575.194,43.5,1.328,0.864001,2.008,88.5,0,0,0,0.546875,0,-0.75,-0.75,-0.75
116.537,0,0,0,0,1.15839,0.99997,1.11005,0,1,1,1,0,1,1.0166,0,0,2.69445,2.25,2.69445,747.5,970,323.164,970,974.18,19.3594,93.6797,93.7031,18.9609,17.6016,575.194,43.5,1.328,0.864001,2.008,88.5,0,0,0,0.375,0,-0.75,-0.75,-0.75
116.571,0,0,0,0,1.15839,0.99997,1.10999,0,1,1,1,0,1,1.0166,0,0,2.75,2.25,2.80556,748.5,970,323.633,970,974.18,19.4063,93.6797,93.7031,19.6875,17.5781,575.194,43.5,1.4,0.909334,2.08,88.5,0,0,0,0.4375,0,0,0,0
116.604,0,0,0,0,1.15839,0.99997,1.10986,0,1,1,1,0,1,1.01489,0,0,2.69445,2.25,2.66667,749,970,322.539,970,974.18,19.3125,93.6797,93.7031,18.7031,17.5781,575.194,43.5,1.368,0.893334,2.048,88.5,0,0,0,0.203125,0,0,0,0
116.637,0,0,0,0,1.15521,0.99997,1.11041,0,1,1,1,0,1,1.0166,0,0,2.69445,2.25,2.77778,746.25,970,322.852,970,971.523,19.3359,93.6797,93.7031,19.5234,17.5781,575.194,43.5,1.392,0.906668,2.072,88.5,0,0,0,0.203125,0,0,0,0
116.671,0,0,0,0,1.15521,0.99997,1.11011,0,1,1,1,0,1,1.01489,0,0,2.69445,2.25,2.75,746.75,970,323.75,970,971.523,19.4063,93.6797,93.7031,19.9453,17.6484,575.194,43.5,1.404,0.914668,2.1,88.5,0,0,0,0.046875,0,0,0,0
116.704,0,0,0,0,1.15521,0.99997,1.11038,0,1,1,1,0,1,1.01489,0,0,2.75,2.25,2.69445,751,970,323.555,970,971.523,19.3828,93.6797,93.7031,19.2891,17.625,574.764,43.5,1.388,0.906668,2.084,88.5,0,0,0,-0.03125,0,-0.75,-0.75,-0.75
116.737,0,0,0,0,1.15839,0.99997,1.1102,0,1,1,1,0,1,1.01489,0,0,2.75,2.25,2.69445,751,970,323.555,970,974.18,19.3828,93.6797,93.7031,19.2891,17.5078,574.764,43.5,1.388,0.906668,2.084,88.5,0,0,0,0.171875,0,-0.75,-0.75,-0.75
116.771,0,0,0,0,1.15839,0.99997,1.10892,0,1,1,1,0,1,1.01319,0,0,2.75,2.25,2.83334,753,970,323.672,970,974.18,19.4063,93.6797,93.7031,19.4766,17.4609,574.764,43.5,1.396,0.909334,2.076,88.5,0,0,0,0.484375,0,-1.5,-1.5,-1.5
116.804,0,0,0,0,1.15521,0.99997,1.1091,0,1,1,1,0,1,1.01489,0,0,2.69445,2.25,2.69445,750.5,970,322.5,970,971.523,19.3125,93.6797,93.7031,18.6328,17.4609,574.764,43.5,1.368,0.893334,2.048,88.5,0,0,0,0.28125,0,-0.75,-0.75,-0.75
116.837,0,0,0,0,1.15833,0.99997,1.10938,0,1,1,1,0,1,1.01489,0,0,2.69445,2.25,2.75,748.5,970,323.047,970,974.141,19.3594,93.6797,93.7031,19.6875,17.5078,574.764,43.5,1.344,0.874668,2.024,88.5,0,0,0,0.28125,0,-0.75,-0.75,-0.75
116.871,0,0,0,0,1.15521,0.99997,1.10822,0,1,1,1,0,1,1.01319,0,0,2.69445,2.25,2.77778,750.75,970,322.656,970,971.523,19.3359,93.4688,93.7031,19.125,17.5313,574.764,43.5,1.336,0.869334,2.024,88.5,0,0,0,0.59375,0,-0.75,-0.75,-0.75
116.904,0,0,0,0,1.15521,0.99997,1.10855,0,1,1,1,0,1,1.01319,0,0,2.75,2.25,2.75,754.75,970,322.891,970,971.523,19.2891,93.4688,93.7031,19.5,17.4844,574.276,43.5,1.344,0.872001,2.032,88.5,0,0,0,0.609375,0,-1.5,-1.5,-1.5
116.937,0,0,0,0,1.15839,0.99997,1.10764,0,1,1,1,0,1,1.01148,0,0,2.75,2.25,2.75,754.75,970,322.891,970,974.18,19.2891,93.6797,93.7031,19.5,17.3672,574.276,44.25,1.344,0.872001,2.032,88.5,0,0,0,0.640625,0,-1.5,-1.5,-1.5
116.971,0,0,0,0,1.15521,0.99997,1.10825,0,1,1,1,0,1,1.01319,0,0,2.69445,2.25,2.72222,752.25,970,321.914,970,971.523,19.2188,93.6797,93.7031,18.6563,17.4141,574.276,44.25,1.316,0.856001,1.984,88.5,0,0,0,0.328125,0,-1.5,-1.5,-1.5
117.004,0,0,0,0,1.15521,0.99997,1.10794,0,1,1,1,0,1,1.01148,0,0,2.69445,2.25,2.80556,747.75,970,323.125,970,971.523,19.3125,93.6797,93.7031,20.0391,17.4141,574.276,44.25,1.344,0.872001,2.012,88.5,0,0,0,0.265625,0,-0.75,-0.75,-0.75
117.037,0,0,0,0,1.15521,0.99997,1.10822,0,1,1,1,0,1,1.01148,0,0,2.69445,2.27778,2.69445,748.75,970,322.852,970,971.523,19.2891,93.6797,93.7031,19.1484,17.5078,574.276,44.25,1.328,0.864001,1.996,88.5,0,0,0,0.265625,0,-0.75,-0.75,-0.75
117.071,0,0,0,0,1.15521,0.99997,1.10873,0,1,1,1,0,1,1.01001,0,0,2.69445,2.27778,2.80556,750.25,970,323.594,970,971.523,19.3594,93.6797,93.7031,19.8047,17.4844,574.276,44.25,1.348,0.874668,2.028,88.5,0,0,0,0.1875,0,-0.75,-0.75,-0.75
117.104,0,0,0,0,1.15521,0.99997,1.1088,0,1,1,1,0,1,1.01001,0,0,2.69445,2.27778,2.72222,742.75,970,323.594,970,971.523,19.3594,93.6797,93.7031,19.3828,17.4375,573.787,44.25,1.336,0.869334,2.016,88.5,0,0,0,0.21875,0,0,0,0
117.137,0,0,0,0,1.15521,0.99997,1.10962,0,1,1,1,0,1,1.01001,0,0,2.69445,2.27778,2.72222,742.75,970,323.594,970,971.523,19.3594,93.6797,93.7031,19.3828,17.625,573.787,44.25,1.336,0.869334,2.016,88.5,0,0,0,0.234375,0,0,0,0
117.171,0,0,0,0,1.15521,0.99997,1.10889,0,1,1,1,0,1,1.00855,0,0,2.69445,2.27778,2.77778,738.75,970,324.297,970,971.523,19.4063,93.6797,93.7031,19.8281,17.7656,573.787,44.25,1.4,0.909334,2.08,88.5,0,0,0,0.40625,0,0.75,0.75,0.75
117.204,0,0,0,0,1.15521,0.99997,1.10779,0,1,1,1,0,1,1.00366,0,0,2.69445,2.27778,2.75,741.5,970,324.492,970,971.523,19.4063,93.6797,93.7031,19.5469,17.7656,573.787,44.25,1.388,0.906668,2.068,88.5,0,0,0,0.640625,0,0.75,0.75,0.75
117.237,0,0,0,0,1.15521,0.99997,1.10803,0,1,1,1,0,1,1.00366,0,0,2.69445,2.27778,2.75,743.25,970,324.57,970,971.523,19.4297,93.6797,93.7031,19.4766,17.7188,573.787,44.25,1.392,0.906668,2.072,88.5,0,0,0,0.640625,0,0.75,0.75,0.75
117.271,0,0,0,0,1.15521,0.99997,1.10877,0,1,1,1,0,1,1.00366,0,0,2.69445,2.27778,2.77778,741,970,324.961,970,971.523,19.4531,93.6797,93.7031,19.7109,17.6953,573.787,44.25,1.392,0.906668,2.088,88.5,0,0,0,0.953125,0,0.75,0.75,0.75
117.304,0,0,0,0,1.15521,0.99997,1.10925,0,1,1,1,0,1,1.00366,0,0,2.69445,2.27778,2.80556,744,970,325.43,970,971.523,19.4766,93.6797,93.7031,19.7813,17.7188,573.299,44.25,1.4,0.906668,2.096,88.5,0,0,0,0.875,0,1.5,1.5,1.5
117.337,0,0,0,0,1.15521,0.99997,1.10913,0,1,1,1,0,1,1.00366,0,0,2.69445,2.27778,2.80556,744,970,325.43,970,971.523,19.4766,93.6797,93.7031,19.7813,17.7656,573.299,44.25,1.4,0.912001,2.096,88.5,0,0,0,0.578125,0,1.5,1.5,1.5
117.371,0,0,0,0,1.15521,0.99997,1.10852,0,1,1,1,0,1,1.00366,0,0,2.75,2.27778,2.75,748.75,970,325.078,970,971.523,19.4531,93.6797,93.7031,19.2656,17.7188,573.299,44.25,1.384,0.904001,2.064,88.5,0,0,0,0.59375,0,0.75,0.75,0.75
117.404,0,0,0,0,1.15521,0.99997,1.11142,5,1,1,1,0,1,1.01319,0,0,2.75,2.27778,2.75,750.75,970,324.688,970,971.523,19.4297,93.6797,93.7031,19.1953,17.6016,573.299,44.25,1.392,0.906668,2.072,88.5,0,0,0,0.265625,0,-0.75,-0.75,-0.75
117.437,0,0,0,0,1.15521,0.99997,1.1116,5,1,1,1,0,1,1.01489,0,0,2.75,2.27778,2.75,750.5,970,324.336,970,971.523,19.4063,93.6797,93.7031,19.2188,17.5547,573.299,44.25,1.336,0.872001,2.016,88.5,0,0,0,0.265625,0,-0.75,-0.75,-0.75
117.471,0,0,0,0,1.15521,0.99997,1.11121,5,1,1,1,0,1,1.0166,0,0,2.75,2.27778,2.75,752,970,323.945,970,971.523,19.3828,93.6797,93.7031,19.1484,17.5313,573.299,44.25,1.336,0.869334,2.016,88.5,0,0,0,0.453125,0,-0.75,-0.75,-0.75
117.504,0,0,0,0,1.15521,0.99997,1.11105,5,1,1,1,0,1,1.0166,0,0,2.75,2.27778,2.75,755.5,970,323.477,970,971.523,19.3359,93.6797,93.7031,19.0781,17.5313,572.811,44.25,1.332,0.866668,2.012,88.5,0,0,0,0.21875,0,-0.75,-0.75,-0.75
117.537,0,0,0,0,1.15521,0.99997,1.11047,5,1,1,1,0,1,1.0166,0,0,2.75,2.27778,2.75,755.5,970,323.477,970,971.523,19.3359,93.6797,93.7031,19.0781,17.4844,572.811,44.25,1.332,0.866668,2.012,88.5,0,0,0,0.5,0,-0.75,-0.75,-0.75
117.571,0,0,0,0,1.15521,0.99997,1.11023,5,1,1,1,0,1,1.0166,0,0,2.75,2.27778,2.75,756.75,970,323.047,970,971.523,19.3125,93.4688,93.7031,19.0547,17.3438,572.811,44.25,1.336,0.866668,2.016,88.5,0,0,0,0.46875,0,-1.5,-1.5,-1.5
117.604,0,0,0,0,1.15521,0.99997,1.11121,5,1,1,1,0,1,1.01831,0,0,2.75,2.27778,2.80556,753.75,970,323.32,970,971.523,19.2891,93.4688,93.7031,19.5,17.3438,572.811,44.25,1.34,0.869334,2.02,88.5,0,0,0,0.71875,0,-0.75,-0.75,-0.75
117.637,0,0,0,0,1.15521,0.99997,1.11078,5,1,1,1,0,1,1.0166,0,0,2.69445,2.27778,2.77778,747.5,970,323.594,970,971.523,19.3125,93.6797,93.7031,19.4766,17.3906,572.811,44.25,1.344,0.872001,2.024,88.5,0,0,0,0.71875,0,0,0,0
117.671,0,0,0,0,1.15521,0.99997,1.11215,5,1,1,1,0,1,1.0166,0,0,2.69445,2.27778,2.86111,744.5,970,324.805,970,971.523,19.3828,93.6797,93.7031,20.1328,17.5313,572.811,44.25,1.356,0.880001,2.044,88.5,0,0,0,0.796875,0,0,0,0
117.704,0,0,0,0,1.15521,0.99997,1.11252,5,1,1,1,0,1,1.0166,0,0,2.69445,2.27778,2.69445,747.75,970,324.023,970,971.523,19.3359,93.6797,93.7031,18.8672,17.5547,572.342,44.25,1.328,0.864001,2.016,88.5,0,0,0,0.890625,0,0,0,0
117.737,0,0,0,0,1.15521,0.99997,1.11295,5,1,1,1,0,1,1.01489,0,0,2.69445,2.27778,2.69445,747.75,970,324.023,970,971.523,19.3359,93.6797,93.7031,18.8672,17.625,572.342,44.25,1.328,0.864001,2.016,,,,,,,,,
