TimeStamp, dwkrz_0   , dwkrz_1   , dwkrz_2   , dwkrz_3   , fpvdk_w   , fra_w     , frm_w     , gangi     , lambts_w  , lamelsh_w , lamfa_w   , lamlash_w , lamsbg_w  , lamsoni_w , ldrlms_w  , ldtvm     , ml_w      , msdk_w    , mshfm_w   , nmot_w    , plsol     , ps_w      , pu        , pvdks_w   , rl_w      , rlmax_w   , rlmx_w    , rlroh_w   , rlsol_w   , tabgm_w   , tanslin   , te_w      , tevfakge_w, ti_b1     , tmotlin   , wdkba     , wdks      , wkrm      , wnwi_w    , wped_w    , zwist     , zwout     , zwsol     
  sec.ms , °KW       , °KW       , °KW       , °KW       , -         , -         , -         , gear      , -         , -         , -         , -         , -         , -         , , , g/s       , g/s       , g/s       , rpm       , mbar      , mbar      , mbar      , mbar      , , , , , , °C        , °C        , ms        , ms        , ms        , °C        , DK      , DK      , °KW       , °KW       , PED     , °KW       , °KW       , °KW       
TIME,IgnitionRetardCyl1,IgnitionRetardCyl4,IgnitionRetardCyl2,IgnitionRetardCyl3,,AdaptationPartial,LambdaControlAvg,SelectedGear,LambdaPartProtection,,TargetAFRDriverRequest,,AirFuelRatioDesired,AirFuelRatioCurrent,ChargeLimitEngineProtection,WastegateDutyCycle,,MassAirFlowAtThrottlePlate,MassAirFlow,EngineSpeed,BoostPressureDesired,,BaroPressure,BoostPressureActual,EngineLoad,EngineLoadCorrected,EngineLoadSpecified,,EngineLoadRequested,EGTModelBeforeCat,IntakeAirTemperature,EffInjectionTime,,FuelInjectorOnTime,CoolantTemperature,ThrottlePlateAngle,ThrottlePlateAngleRequested,AvgIgnitionRetardKnockControl,CamshaftAngle,AccelPedalPosition,IgnitionTimingAngle,IgnitionTimingAngleOverall,
0,0,0,0,0,0.970521,0.99997,1.07407,3,1,1,1,0,1,0.978517,0,0,5.27778,5.33334,5.36112,1136.75,970,382.617,970,971.523,24.4219,98.25,98.6953,25.0313,25.4531,668.611,48.75,1.664,1.09333,2.352,95.25,2.35294,2.35294,0,1.46875,6.83451,27.75,27.75,26.25
0.033,0,0,0,0,0.973878,0.99997,1.07501,3,1,1,1,0,1,0.979982,0,0,5.27778,5.33334,5.33334,1136.75,970,383.086,970,974.18,24.4453,98.2031,98.6953,24.1641,25.4766,668.611,48.75,1.652,1.08533,2.332,95.25,2.35294,2.35294,0,1.40625,6.83451,27,27,26.25
0.067,0,0,0,0,0.970765,0.99997,1.07437,3,1,1,1,0,1,0.979982,0,0,5.27778,5.33334,5.27778,1137,970,382.383,970,971.523,24.3984,98.2031,98.6953,24,25.5,667.733,48.75,1.648,1.08267,2.328,95.25,2.35294,2.35294,0,1.14063,6.83451,27,27,26.25
0.1,0,0,0,0,0.970399,0.99997,1.07465,3,1,1,1,0,1,0.981203,0,0,5.27778,5.33334,5.27778,1137.5,970,382.773,970,971.523,24.4219,98.2266,98.7188,24.6563,25.4766,667.733,48.75,1.66,1.09067,2.34,95.25,2.35294,2.35294,0,1.04688,6.83451,27,27,26.25
0.136,0,0,0,0,0.970704,0.99997,1.07434,3,1,1,1,0,1,0.984865,0,0,5.27778,5.33334,5.33334,1136,970,384.023,970,971.523,24.5156,98.2734,98.6719,24.7969,25.4531,667.733,48.75,1.748,1.144,2.428,95.25,2.35294,2.35294,0,0.90625,6.83451,27.75,27.75,26.25
0.169,0,0,0,0,0.973572,0.99997,1.0741,3,1,1,1,0,1,0.986085,0,0,5.27778,5.36112,5.30556,1134.25,970,384.219,970,974.141,24.5391,98.2734,98.6719,24.6563,25.6172,667.733,48.75,1.748,1.144,2.428,95.25,2.35294,2.35294,0,1.15625,6.83451,27,27,26.25
0.203,0,0,0,0,0.973572,0.99997,1.07404,3,1,1,1,0,1,0.987306,0,0,5.27778,5.33334,5.47223,1135.25,970,384.57,970,974.18,24.5625,98.2266,98.6016,24.7734,25.6172,667.733,48.75,1.752,1.14667,2.432,95.25,2.35294,2.35294,0,1.3125,6.83451,27,27,26.25
0.236,0,0,0,0,0.973206,0.99997,1.07462,3,1,1,1,0,1,0.989992,0,0,5.27778,5.33334,5.30556,1137.25,970,383.477,970,974.18,24.4688,98.1094,98.6953,24.1641,25.5469,667.733,48.75,1.74,1.13867,2.42,95.25,2.35294,2.35294,0,1.53125,6.83451,27.75,27.75,26.25
0.269,0,0,0,0,0.969971,0.99997,1.07446,3,1,1,1,0,1,0.991212,0,0,5.27778,5.30556,5.36112,1136.25,970,384.414,970,971.523,24.5391,98.1094,98.6953,25.1016,25.5234,666.873,48.75,1.756,1.13867,2.436,95.25,2.35294,2.35294,0,1.625,6.83451,27,27,25.5
0.303,0,0,0,0,0.970521,0.99997,1.07489,3,1,1,1,0,1,0.994142,0,0,5.30556,5.36112,5.44445,1133.75,970,385.82,970,971.523,24.6563,98.25,98.6719,25.4531,26.0391,666.873,48.75,1.768,1.15733,2.448,95.25,2.35294,2.35294,0,1.1875,7.19309,27,27,25.5
0.336,0,0,0,0,0.971192,0.99997,1.07483,3,1,1,1,0,1,0.995607,0,0,5.30556,5.33334,5.38889,1132.5,970,386.563,970,971.523,24.7031,98.2266,98.5313,25.1484,26.0859,666.873,48.75,1.768,1.15467,2.448,95.25,2.35294,2.35294,0,1.26563,7.19309,27,27,26.25
0.369,0,0,0,0,0.974427,0.99997,1.07382,3,1,1,1,0,1,0.995607,0,0,5.30556,5.38889,5.47223,1133.25,970,387.695,970,974.18,24.7734,98.2266,98.5313,25.4531,26.0859,666.873,48.75,1.78,1.16267,2.46,95.25,2.7451,2.7451,0,1.09375,7.19309,27,27,26.25
0.403,0,0,0,0,0.971009,0.99997,1.07407,3,1,1,1,0,1,0.995607,0,0,5.30556,5.61112,5.55556,1134.5,970,389.297,970,971.523,24.8906,98.0625,98.5313,25.8984,26.0391,666.873,48.75,1.704,1.152,2.384,95.25,2.7451,2.7451,0,1.10938,7.19309,27,27,25.5
0.436,0,0,0,0,0.971009,0.99997,1.07388,3,1,1,1,0,1,0.994142,0,0,5.36112,5.61112,5.72223,1135,970,391.875,970,971.523,25.0781,98.2969,98.625,26.5781,25.9922,666.873,48.75,1.724,1.13067,2.412,95.25,2.7451,2.7451,0,1.10938,7.19309,27,27,25.5
0.469,0,0,0,0,0.971436,0.99997,1.07428,3,1,1,1,0,1,0.994142,0,0,5.41667,5.61112,5.52778,1135.5,970,392.734,970,971.523,25.1953,98.2969,98.625,25.6406,26.625,665.975,48.75,1.712,1.12267,2.4,95.25,2.7451,2.7451,0,1.48438,7.55321,27,27,25.5
0.503,0,0,0,0,0.971436,0.99997,1.07507,3,1,1,1,0,1,0.994142,0,0,5.41667,5.61112,5.61112,1134,970,395.195,970,971.523,25.3828,98.1797,98.6484,25.9922,26.6719,665.975,48.75,1.736,1.13333,2.424,95.25,2.7451,2.7451,0,1.59375,7.55321,26.25,26.25,25.5
0.536,0,0,0,0,0.971619,0.99997,1.07398,3,1,1,1,0,1,0.991212,0,0,5.47223,5.61112,5.52778,1133.5,970,395.508,970,971.523,25.4063,98.2031,98.5781,25.5938,26.7422,665.975,48.75,1.728,1.13067,2.408,95.25,2.7451,2.7451,0,1.59375,7.55321,26.25,26.25,25.5
0.569,0,0,0,0,0.971192,0.99997,1.07443,3,1,1,1,0,1,0.991212,0,0,5.47223,5.63889,5.52778,1132,970,395.82,970,971.523,25.4063,98.2031,98.5781,25.6172,26.7891,665.975,48.75,1.736,1.13067,2.416,95.25,2.7451,2.7451,0,1.42188,7.55321,26.25,26.25,26.25
0.603,0,0,0,0,0.970826,0.99997,1.07443,3,1,1,1,0,1,0.989992,0,0,5.47223,5.61112,5.61112,1131.25,970,398.047,970,971.523,25.5703,98.1328,98.5078,26.0156,26.8359,665.975,48.75,1.756,1.14667,2.436,95.25,2.7451,2.7451,0,1.04688,7.55321,26.25,26.25,25.5
0.636,0,0,0,0,0.971009,0.99997,1.07462,3,1,1,1,0,1,0.989992,0,0,5.47223,5.63889,5.66667,1134.25,970,398.984,970,971.523,25.6406,98.0156,98.6016,26.1797,26.8594,665.975,48.75,1.76,1.152,2.44,95.25,2.7451,2.7451,0,1.14063,7.55321,26.25,26.25,25.5
0.669,0,0,0,0,0.971131,0.99997,1.07492,3,1,1,1,0,1,0.989992,0,0,5.52778,5.63889,5.72223,1133.5,970,400.234,970,971.523,25.7344,98.0156,98.6016,26.4609,26.7188,665.096,48.75,1.776,1.152,2.456,95.25,2.7451,2.7451,0,0.96875,7.55321,27,27,25.5
0.703,0,0,0,0,0.971558,0.99997,1.07437,3,1,1,1,0,1,0.991212,0,0,5.52778,5.63889,5.61112,1132.25,970,400.586,970,971.523,25.7578,98.1563,98.5781,25.9688,26.7656,665.096,48.75,1.764,1.152,2.444,95.25,2.7451,2.7451,0,1.15625,7.55321,27,27,25.5
0.736,0,0,0,0,0.971375,0.99997,1.07437,3,1,1,1,0,1,0.992677,0,0,5.52778,5.63889,5.58334,1133,970,400.664,970,971.523,25.7578,98.1094,98.5547,25.8281,26.7422,665.096,48.75,1.844,1.20533,2.524,95.25,2.7451,2.7451,0,1.29688,7.55321,27,27,25.5
0.769,0,0,0,0,0.973878,0.99997,1.07446,3,1,1,1,0,1,0.994142,0,0,5.52778,5.63889,5.61112,1132.75,970,400.313,970,974.18,25.7344,98.1094,98.5547,25.3594,26.8125,665.096,48.75,1.844,1.208,2.524,95.25,2.7451,2.7451,0,1.51563,7.55321,26.25,26.25,25.5
0.803,0,0,0,0,0.97046,0.99997,1.07379,3,1,1,1,0,1,0.995607,0,0,5.52778,5.61112,5.58334,1132.75,970,400.625,970,971.523,25.7578,98.0859,98.5547,25.9453,26.7891,665.096,48.75,1.856,1.208,2.536,95.25,2.7451,2.7451,0,1.45313,7.55321,26.25,26.25,25.5
0.836,0,0,0,0,0.970521,0.99997,1.07452,3,1,1,1,0,1,0.998537,0,0,5.52778,5.61112,5.63889,1132.75,970,401.25,970,971.523,25.8047,98.1328,98.5547,26.1797,26.8125,665.096,48.75,1.864,1.21333,2.544,95.25,2.7451,2.7451,0,1.14063,7.55321,26.25,26.25,24.75
0.869,0,0,0,0,0.970643,0.99997,1.07456,3,1,1,1,0,1,1,0,0,5.52778,5.63889,5.61112,1131.25,970,401.641,970,971.523,25.8281,98.1328,98.5547,26.0625,26.8594,664.197,48.75,1.86,1.21067,2.54,95.25,2.7451,2.7451,0,1.125,7.55321,27,27,24.75
0.903,0,0,0,0,0.970948,0.99997,1.07376,3,1,1,1,0,1,1,0,0,5.52778,5.69445,5.55556,1130,970,402.539,970,971.523,25.8984,98.1328,98.4609,25.7813,26.9063,664.197,48.75,1.852,1.21867,2.532,95.25,2.7451,2.7451,0,1.15625,7.55321,27,27,24.75
0.936,0,0,0,0,0.970338,0.99997,1.07327,3,1,1,1,0,1,1,0,0,5.58334,5.63889,5.69445,1133,970,403.242,970,971.523,25.9453,97.9922,98.5547,26.3672,26.6719,664.197,48.75,1.868,1.216,2.564,95.25,2.7451,2.7451,0,1.10938,7.55321,27,27,24.75
0.969,0,0,0,0,0.973267,0.99997,1.07242,3,1,1,1,0,1,0.998537,0,0,5.58334,5.63889,5.63889,1133.5,970,403.438,970,974.141,25.9688,97.9922,98.5547,26.0859,26.7656,664.197,48.75,1.86,1.21067,2.556,95.25,2.7451,2.7451,0,1.35938,7.55321,26.25,26.25,32.25
1.003,0,0,0,0,0.97284,0.99997,1.07297,3,1,1,1,0,1,0.998537,0,0,5.58334,5.72223,5.63889,1134.5,970,402.5,970,974.18,25.8984,98.1328,98.6016,25.5938,26.7188,664.197,48.75,1.764,1.208,2.444,95.25,2.7451,2.7451,0,1.64063,7.55321,26.25,26.25,25.5
1.036,0,0,0,0,0.9693,0.99997,1.07272,3,1,1,1,0,1,0.997072,0,0,5.58334,5.63889,5.69445,1133.25,970,403.516,970,971.523,25.9688,98.1563,98.5547,26.5781,27.3516,664.197,48.75,1.776,1.16267,2.456,95.25,2.7451,2.7451,0,1.42188,7.91332,26.25,26.25,25.5
1.069,0,0,0,0,0.969361,0.99997,1.07239,3,1,1,1,0,1,0.995607,0,0,5.58334,5.69445,5.63889,1131,970,403.984,970,971.523,25.9922,98.1563,98.5547,26.2969,27.5391,663.299,48.75,1.776,1.16267,2.456,95.25,2.7451,2.7451,0,1.34375,7.91332,26.25,26.25,25.5
1.103,0,0,0,0,0.969361,0.99997,1.07279,3,1,1,1,0,1,0.994142,0,0,5.58334,5.72223,5.72223,1130.75,970,405,970,971.523,26.0625,98.1328,98.4844,26.6719,27.5859,663.299,48.75,1.792,1.17067,2.472,95.25,3.13726,2.7451,0,1.21875,7.91332,26.25,26.25,25.5
1.136,0,0,0,0,0.969239,0.99997,1.07257,3,1,1,1,0,1,0.992677,0,0,5.58334,5.88889,6,1127.75,970,409.18,970,971.523,26.3672,98.0625,98.4375,27.9609,27.6328,663.299,48.75,1.836,1.176,2.524,95.25,3.13726,2.7451,0,1.09375,7.91332,27,27,25.5
1.169,0,0,0,0,0.969605,0.99997,1.07227,3,1,1,1,0,1,0.991212,0,0,5.63889,5.88889,5.97223,1130.75,970,411.25,970,971.523,26.5078,98.0625,98.4375,27.7266,27.7031,663.299,48.75,1.844,1.19733,2.532,95.25,3.13726,2.7451,0,1.01563,7.91332,26.25,26.25,24.75
1.203,0,0,0,0,0.970338,0.99997,1.07211,3,1,1,1,0,1,0.989992,0,0,5.75,5.88889,6,1132.75,970,413.203,970,971.523,26.6484,97.9922,98.4609,27.7969,27.4922,663.299,48.75,1.852,1.20533,2.54,95.25,3.13726,2.7451,0,1.29688,7.91332,27,27,24.75
1.236,0,0,0,0,0.970826,0.99997,1.0716,3,1,1,1,0,1,0.988527,0,0,5.75,5.88889,5.97223,1135.75,970,414.648,970,971.523,26.7656,98.0156,98.6484,27.5859,27.3047,663.299,48.75,1.856,1.208,2.544,95.25,3.13726,2.7451,0,1.40625,7.91332,27,27,24.75
1.269,0,0,0,0,0.973939,0.99997,1.07196,3,1,1,1,0,1,0.988527,0,0,5.80556,5.91667,6,1135.5,970,416.094,970,974.18,26.8828,98.0156,98.6484,27.7031,27.3281,662.401,48.75,1.864,1.21333,2.552,95.25,3.13726,2.7451,0,1.57813,7.91332,26.25,26.25,25.5
1.303,0,0,0,0,0.973634,0.99997,1.0715,3,1,1,1,0,1,0.989992,0,0,5.80556,5.91667,6,1132,970,416.719,970,974.18,26.9297,98.25,98.5547,27.3047,27.4688,662.401,48.75,1.932,1.19733,2.62,95.25,3.13726,2.7451,0,1.42188,7.91332,26.25,26.25,25.5
1.336,0,0,0,0,0.973511,0.99997,1.07123,3,1,1,1,0,1,0.991212,0,0,5.80556,5.83334,5.97223,1131,970,417.266,970,974.18,26.9531,98.1328,98.4844,27.3047,27.5156,662.401,48.75,1.944,1.26133,2.624,95.25,2.7451,2.7451,0,1.07813,7.91332,26.25,26.25,25.5
1.369,0,0,0,0,0.970887,0.99997,1.06998,3,1,1,1,0,1,0.989992,0,0,5.80556,5.94445,5.88889,1131.25,970,417.305,970,971.523,26.9531,98.1328,98.4844,27,27.5859,662.401,48.75,1.932,1.25333,2.612,95.25,3.13726,2.7451,0,1.07813,7.91332,26.25,26.25,24.75
1.403,0,0,0,0,0.971009,0.99997,1.06903,3,1,1,1,0,1,0.991212,0,0,5.80556,5.88889,5.83334,1132,970,418.984,970,971.523,27.0703,98.0391,98.5078,27.3047,27.5391,662.401,48.75,1.948,1.272,2.628,95.25,2.7451,2.7451,0,1.125,7.91332,26.25,26.25,24.75
1.436,0,0,0,0,0.971253,0.99997,1.06915,3,1,1,1,0,1,0.992677,0,0,5.80556,5.91667,5.88889,1131,970,419.609,970,971.523,27.1172,98.0625,98.4844,27.4922,27.5391,662.401,48.75,1.956,1.26667,2.644,95.25,3.13726,2.7451,0,1.3125,7.91332,26.25,26.25,24.75
1.469,0,0,0,0,0.973939,0.99997,1.06833,3,1,1,1,0,1,0.992677,0,0,5.80556,5.91667,5.97223,1132.75,970,420.625,970,974.141,27.1875,98.0625,98.4844,27.7969,27.4922,661.502,48.75,1.968,1.26667,2.656,95.25,2.7451,2.7451,0,1.25,7.91332,26.25,26.25,24.75
1.503,0,0,0,0,0.971741,0.99997,1.06763,3,1,1,1,0,1,0.992677,0,0,5.86112,5.86112,5.86112,1133.25,970,420.234,970,971.523,27.1641,98.0391,98.5781,27.3281,28.1016,661.502,48.75,1.956,1.26133,2.644,95.25,3.13726,2.7451,0,1.64063,8.27343,27,27,24.75
1.536,0,0,0,0,0.971863,0.99997,1.06668,3,1,1,1,0,1,0.992677,0,0,5.86112,5.86112,5.91667,1134.25,970,420.742,970,971.523,27.2109,98.1563,98.6016,27.5156,28.7344,661.502,48.75,1.964,1.26667,2.652,95.25,3.13726,2.7451,0,1.53125,8.63202,27,27,24.75
1.569,0,0,0,0,0.97223,0.99997,1.06577,3,1,1,1,0,1,0.992677,0,0,5.86112,5.86112,5.88889,1133.25,970,420.977,970,971.523,27.2344,98.1563,98.6016,27.375,30.0234,661.502,48.75,1.964,1.272,2.652,95.25,3.13726,3.13726,0,1.59375,9.35224,26.25,26.25,24
1.603,0,0,0,0,0.972352,0.99997,1.06528,3,1,1,1,0,1,0.991212,0,0,5.86112,5.88889,5.86112,1132.75,970,420,970,971.523,27.1641,98.1563,98.5547,26.6016,36.4453,661.502,48.75,1.956,1.26667,2.644,95.25,3.13726,3.92157,0,1.21875,12.05,26.25,26.25,24
1.636,0,0,0,0,0.970704,0.99997,1.06616,3,1,1,1,0,1,0.991212,0,0,5.86112,6.69445,5.86112,1133.25,970,420.195,970,971.523,27.1641,98.1094,98.5547,27.3047,40.4531,661.502,48.75,1.876,1.216,2.556,95.25,3.92157,4.70588,0,1.09375,13.8491,27,27,31.5
1.669,0,0,0,0,0.969483,0.99997,1.06458,3,1,1,1,0,1,0.988527,0,0,5.97223,8.16667,8.11112,1132.75,970,443.789,970,971.523,28.875,98.1094,98.5547,37.6406,44.2734,660.584,48.75,2.216,1.32533,2.896,95.25,4.70588,5.09804,0,1.03125,15.6466,26.25,26.25,31.5
1.703,0,0,0,0,0.969422,0.99997,1.06366,3,1,1,1,0,1,0.987306,0,0,6.50001,9.00001,8.80556,1133.75,970,462.188,970,971.523,30.1875,98.1094,98.5547,40.8047,48.0703,660.584,48.75,2.396,1.54134,3.076,95.25,5.4902,5.88235,0,1.21875,17.4456,26.25,26.25,30.75
1.736,0,0,-1.5,0,0.966553,0.99997,1.06326,3,1,1,1,0,1,0.986085,0,0,6.86112,9.6389,9.72223,1135,970,484.961,970,968.906,31.8281,98.1094,98.625,44.9531,51.1875,660.584,48.75,2.576,1.656,3.256,95.25,6.27451,6.66667,0,1.625,19.0646,25.5,25.5,30.75
1.769,0,0,-1.5,0,0.967042,0.99997,1.06284,3,1,1,1,0,1,0.984865,0,0,7.30556,10.3333,10.5,1141.5,970,511.172,970,968.906,33.7266,98.1094,98.625,48.8438,52.9219,660.584,48.75,2.864,1.84,3.544,95.25,6.66667,7.05883,0,1.53125,20.1434,24.75,24.75,30
1.803,0,0,-1.5,0,0.968262,0.99997,1.06296,3,1,1,1,0,1,0.983644,0,0,7.77778,11.4167,11.4722,1152,970,564.922,970,968.906,37.6172,98.1094,99.1172,52.5234,54.7969,660.584,48.75,3.188,1.968,3.868,95.25,7.05883,7.05883,0,1.54688,21.5823,23.25,23.25,28.5
1.836,0,0,-1.5,0,0.968568,0.99997,1.06284,3,1,1,1,0,1,0.983644,0,0,8.6389,11.6667,11.8611,1152.75,970,590.43,970,968.906,39.4453,98.6953,99.2813,54.1641,56.8594,660.584,48.75,3.348,2.14134,4.028,95.25,7.45098,7.45098,0,1.21875,22.6611,20.25,20.25,28.5
1.869,0,0,-1.5,0,0.9693,0.99997,1.06079,3,1,1,1,0,1,0.986085,0,0,9.00001,11.6667,11.9445,1153,970,613.594,970,968.906,41.1328,98.6953,99.2813,54.4688,57.4688,659.627,48.75,3.544,2.256,4.224,95.25,7.45098,7.84314,0,1.03125,23.0213,21,21,20.25
1.903,0,0,-1.5,0,0.969544,0.99997,1.06274,3,1,1,1,0,1,0.992677,0,0,9.27779,12.1667,12.1389,1146.5,970,652.109,970,968.906,43.8984,98.8359,99.2578,55.5938,58.3828,659.627,49.5,3.76,2.27734,4.44,95.25,7.84314,7.84314,0,1.03125,23.3814,20.25,20.25,20.25
1.936,0,0,-1.5,0,0.9693,0.99997,1.06268,3,1,1,1,0,1,0.995607,0,0,9.86112,12.0278,12.1389,1148,970,670.938,970,968.867,45.2344,98.8125,99.0938,56.1094,59.1094,659.627,49.5,3.856,2.42934,4.536,95.25,7.84314,7.84314,0,0.96875,23.3814,18,18,20.25
1.969,0,0,-1.5,0,0.970216,0.99997,1.06415,3,1,1,1,0,1,1.00171,0,0,9.86112,11.9722,11.8889,1150.25,970,684.57,970,968.906,46.2188,98.8125,99.0938,54.0938,58.9922,659.627,49.5,3.86,2.42934,4.54,95.25,7.84314,8.2353,0,1.09375,23.3814,18.75,18.75,16.5
2.003,0,0,-1.5,0,0.969849,0.99997,1.06473,3,1,1,1,0,1,1.00855,0,0,10.3889,11.8333,12.0278,1162,970,706.953,970,968.906,47.8359,98.5547,99.5156,54.1875,58.1953,659.627,49.5,3.96,2.44534,4.64,95.25,7.84314,8.2353,0,1.40625,23.3814,18,18,16.5
2.036,0,0,-1.5,0,0.970277,0.99997,1.06311,3,1,1,1,0,1,1.00366,0,0,10.75,11.9722,12,1165,970,716.367,970,968.906,48.5156,99.3047,99.7266,53.9531,57.9141,659.627,49.5,3.984,2.49334,4.664,95.25,8.2353,8.2353,0,1.60938,23.3814,17.25,17.25,16.5
2.069,0,0,-1.5,0,0.970582,0.99997,1.06384,3,1,1,1,0,1,1.00171,0,0,10.75,12.0833,11.9167,1165,970,724.141,970,968.906,49.1953,99.3047,99.7266,53.5781,57.5156,658.748,49.5,4.004,2.49334,4.684,95.25,8.62745,8.62745,0,1.42188,23.3814,18,18,17.25
2.103,0,0,-1.5,0,0.972474,0.99997,1.0643,3,1,1,1,0,1,0.998537,0,0,11.0833,12.4722,12.4445,1165.5,970,734.492,970,971.523,49.9453,99.2813,99.75,55.9219,57.8203,658.748,49.5,4.088,2.55467,4.768,95.25,8.62745,8.62745,0,1.0625,23.3814,18,18,17.25
2.136,0,0,-1.5,0,0.971925,0.99997,1.06293,3,1,1,1,0,1,0.991212,0,0,11.1945,12.25,12.6111,1167.75,970,750.586,970,971.523,50.9766,99,99.8203,56.0859,57.7969,658.748,49.5,4.156,2.552,4.836,95.25,8.62745,8.62745,0,0.984375,23.3814,15,15,15.75
2.169,0,0,-1.5,0,0.972352,0.99997,1.06284,3,1,1,1,0,1,0.987306,0,0,11.3333,12.1111,12.2222,1174,970,755.469,970,971.523,51.3281,99,99.8203,54.1641,57.8906,658.748,49.5,4.136,2.592,4.816,95.25,8.62745,9.01961,0,1,23.3814,16.5,16.5,14.25
2.203,0,0,-1.5,0,0.973023,0.99997,1.06155,3,1,1,1,0,1,0.983644,0,0,11.6111,12.1945,12.4167,1177.5,970,761.016,970,971.523,51.7266,99.2578,100.055,54.9375,57.4688,658.748,49.5,4.172,2.59734,4.852,95.25,9.01961,9.01961,0,1.15625,23.74,16.5,16.5,14.25
2.236,0,0,-1.5,0,0.976014,0.99997,1.0585,3,1,1,1,0,1,0.976076,0,0,11.6667,12.3889,12.6111,1183.5,970,769.336,970,974.18,52.3359,99.5391,100.313,55.0313,57.7031,658.748,49.5,4.184,2.58134,4.864,95.25,9.01961,9.01961,0,1.23438,24.1001,15,15,14.25
2.269,0,0,-1.5,0,0.975953,0.99997,1.05737,3,1,1,1,0,1,0.973634,0,0,11.7778,12.75,12.5556,1186.5,970,773.164,970,974.18,52.6172,99.5391,100.313,54.8203,58.3359,657.83,49.5,4.172,2.60534,4.852,95.25,9.41177,9.41177,0,1.375,24.4602,15.75,15.75,14.25
2.303,0,0,-1.5,0,0.97522,0.99997,1.05524,3,1,1,1,0,1,0.974855,0,0,11.9722,12.6667,12.8889,1189.5,970,778.828,970,974.18,53.0391,99.7734,100.5,56.2969,59.7188,657.83,49.5,4.232,2.632,4.912,95.25,9.41177,9.41177,0,1.23438,25.539,15.75,15.75,14.25
2.336,0,0,-1.5,0,0.978699,0.99997,1.04987,3,1,1,1,0,1,0.964845,0,0,12.0833,12.6667,12.8056,1195.5,970,786.875,970,976.836,53.7422,100.172,100.711,55.2422,60.6094,657.83,49.5,4.24,2.64534,4.92,95.25,9.41177,9.80392,0,1.10938,26.2592,14.25,14.25,14.25
2.369,0,0,-1.5,0,0.978944,0.99997,1.04843,3,1,1,1,0,1,0.963625,0,0,12.1945,12.8333,12.9445,1198.75,970,790.156,970,976.836,53.9766,100.172,100.711,55.875,61.5,657.83,49.5,4.268,2.632,4.948,95.25,9.80392,10.1961,0,0.953125,26.9779,15.75,15.75,14.25
2.403,0,0,-1.5,0,0.978944,0.99997,1.04517,3,1,1,1,0,1,0.963625,0,0,12.4167,13.0278,12.9445,1203.25,970,793.008,970,976.836,54.1875,100.125,100.969,55.8281,62.6484,657.83,49.5,4.276,2.65334,4.956,95.25,10.1961,10.1961,0,0.9375,28.0567,15.75,15.75,14.25
2.436,-1.5,0,-1.5,0,0.980469,0.99997,1.04154,3,1,1,1,0,1,0.959962,0,0,12.5278,13.6389,13.4722,1210,970,802.422,970,979.453,54.8672,100.43,101.18,57.4219,63.9375,657.83,49.5,4.348,2.67467,5.028,95.25,10.5882,10.5882,0,0.921875,28.957,14.25,14.25,15
2.469,-1.5,0,-1.5,0,0.976319,0.99997,1.04099,3,1,1,1,0,1,0.964845,0,0,12.6389,13.8889,13.7778,1212.5,990,809.375,970,976.836,55.3594,100.43,101.18,59.3906,65.0391,656.912,49.5,4.42,2.68534,5.1,95.25,10.9804,10.9804,-0.75,1.15625,30.0358,15.75,15.75,15
2.503,-1.5,0,-1.5,0,0.977601,0.99997,1.03656,3,1,1,1,0,1,0.967287,0,0,12.9445,14.1945,14.0833,1218.75,1040,816.289,970,979.453,55.8516,100.594,101.461,59.8594,68.6016,656.912,49.5,4.42,2.74934,5.1,95.25,11.3726,11.7647,-0.75,1.35938,32.5536,14.25,14.25,14.25
2.536,-1.5,0,-1.5,0,0.979188,0.99997,1.03281,3,1,1,1,0,1,0.962404,0,0,13.1111,14.9445,14.2778,1225.25,1080,829.844,970,982.109,56.8594,100.875,101.93,60.0469,71.6953,656.912,49.5,4.516,2.84,5.196,95.25,12.1569,12.549,-0.75,1.21875,34.7127,12,12,13.5
2.569,-1.5,0,-1.5,0,0.976197,0.99997,1.03214,3,1,1,1,0,1,0.966066,0,0,13.2778,15.3889,15.0833,1230.75,1120,839.922,970,982.109,57.5625,100.875,101.93,63.3984,74.7656,656.912,49.5,4.608,2.84534,5.288,95.25,12.9412,13.3333,-0.75,1.125,37.2304,13.5,13.5,13.5
2.603,-1.5,0,-1.5,0,0.972657,0.99997,1.0285,3,1,1,1,0,1,0.967287,0,0,13.75,16.6111,16.1111,1237.25,1160,866.211,970,982.109,59.4609,101.297,102.117,67.7344,78.6563,656.912,49.5,4.696,2.93867,5.376,94.5,14.5098,14.5098,-0.75,1.07813,40.2868,13.5,13.5,12.75
2.636,-1.5,0,-1.5,0,0.969483,0.99997,1.02631,3,1,1,1,0,1,0.967287,0,0,14.2778,17.1389,16.3056,1238.5,1190,880.313,970,982.109,60.4922,101.461,102.422,68.625,81.4688,656.912,49.5,4.712,3.02667,5.392,94.5,15.6863,15.6863,-0.75,0.96875,42.446,12,12,12.75
2.669,-1.5,0,-1.5,0,0.965882,0.99997,1.02615,3,1,1,1,0,1,0.974855,0,0,14.2778,16.5278,16.7778,1246.75,1250,895.273,970,982.109,61.5703,101.461,102.422,70.1953,85.5469,656.072,49.5,4.772,3.02667,5.452,94.5,16.4706,17.2549,-0.75,0.953125,46.0425,12.75,12.75,12
2.703,-1.5,0,-1.5,0,0.966248,0.99997,1.02506,3,1,1,1,0,1,0.979982,0,0,14.8611,17.9167,17.3056,1254,1310,923.242,970,982.109,63.5859,101.742,102.75,72.1172,90.1875,656.072,49.5,4.976,3.10934,5.656,95.25,19.6078,19.6078,-0.75,1.0625,49.8206,12,12,12
2.736,-1.5,0,-1.5,0,0.965943,0.99997,1.02591,3,1,1,1,0,1,0.986085,0,3.51563,15.5,16.6111,18.2222,1253.5,1330,941.484,970,984.727,64.8984,102.047,102.961,75.4219,92.3672,656.072,49.5,5.136,3.39467,5.816,95.25,21.1765,28.6275,-0.75,1.375,51.6181,9.75,9.75,12
2.769,-1.5,0,-1.5,0,0.973695,0.99997,1.02924,3,1,1,1,0,1,1.00488,0,3.51563,15.8333,15.6945,18.2222,1259.5,1350,957.422,970,984.727,66.0469,102.047,102.961,75.2344,94.7344,656.072,49.5,4.916,3.29867,5.596,95.25,30.9804,41.1765,-0.75,1.21875,53.2371,10.5,10.5,11.25
2.803,-1.5,0,-1.5,0,0.997803,0.99997,1.0311,3,1,1,1,0,1,1.02002,0,8.98438,16.4167,16.0833,19.0833,1268.25,1380,999.414,970,987.344,69.0938,102.258,103.523,79.1016,96.7734,656.072,49.5,5.228,3.42934,5.908,95.25,47.0588,56.4706,-0.75,0.71875,55.0362,9.75,9.75,9.75
2.836,-1.5,0,-1.5,0,1.01325,0.99997,1.03479,3,1,1,1,0,1,1.03003,0,11.3281,16.8889,16.5556,18.1945,1272.25,1400,1006.8,970,987.383,69.6328,102.75,103.641,73.8984,98.2969,656.072,49.5,5.26,3.536,5.948,95.25,58.4314,64.3137,-0.75,0.875,55.7549,6.75,6.75,9.75
2.869,-1.5,0,-1.5,0,1.02319,0.99997,1.04074,3,1,1,1,0,1,1.0459,0,11.3281,17.0556,16.75,18.1945,1275.25,1410,1013.48,970,990.039,70.125,102.75,103.641,73.9688,99.1172,655.174,49.5,5.292,3.55734,5.98,95.25,65.0981,64.3137,-0.75,0.859375,56.4751,8.25,8.25,7.5
2.903,-1.5,0,-1.5,0,1.03137,0.99997,1.04822,3,1,1,1,0,1,1.05933,0,14.4531,17.0556,17.0278,17.75,1277,1440,1017.58,970,992.656,70.4297,102.867,103.758,71.2969,101.039,655.174,49.5,5.332,3.58667,6.02,94.5,65.4902,64.3137,-0.75,0.90625,57.5539,8.25,8.25,10.5
2.936,-1.5,0,-1.5,0,1.03973,0.99997,1.05698,3,1,1,1,0,1,1.07813,0,16.7969,17.3611,17.0556,18.1667,1288.25,1440,1021.05,970,997.969,70.6875,103.219,104.227,72.7031,101.484,655.174,49.5,5.36,3.608,6.056,94.5,65.4902,65.0981,-0.75,1.26563,58.2741,6.75,6.75,6.75
2.969,-1.5,0,-1.5,0,1.04242,0.99997,1.06229,3,1,1,1,0,1,1.08301,0,16.7969,17.5833,17.8889,17.7778,1309.25,1440,1018.48,970,997.969,70.6875,103.219,104.227,69.4688,101.742,655.174,49.5,5.348,3.61334,6.044,94.5,65.8824,65.0981,-0.75,1.125,58.6327,5.25,5.25,5.25
3.003,-1.5,0,-1.5,0,1.0437,0.99997,1.06567,3,1,1,1,0,1,1.05933,0,18.3594,17.4722,17.9445,18.3611,1295.25,1460,1021.09,970,1000.59,70.9219,103.453,105,72.3984,102.891,655.174,49.5,5.364,3.61067,6.06,95.25,65.4902,65.0981,-0.75,0.859375,59.3529,9,9,13.5
3.036,-1.5,0,-1.5,0,1.0481,0.99997,1.07898,3,1,1,1,0,1,1.07593,0,21.0938,17.8056,17.9722,18.3056,1310.5,1470,1026.48,970,1003.24,71.3203,104.109,105.047,71.4844,103.453,655.174,49.5,5.448,3.66934,6.136,95.25,65.4902,66.2745,-0.75,0.78125,60.6118,7.5,7.5,7.5
3.069,-1.5,0,-1.5,0,1.05414,0.99997,1.08023,3,1,1,1,0,1,1.06641,0,21.0938,17.8056,18.0556,18.5278,1325.5,1470,1026.45,970,1008.52,71.3203,104.109,105.047,71.2969,104.109,654.666,49.5,5.436,3.66934,6.124,95.25,67.0588,66.2745,-0.75,0.484375,61.6906,3.75,3.75,3.75
3.103,-1.5,0,-1.5,0,1.05786,0.99997,1.08295,3,1,1,1,0,1,1.0459,0,23.4375,17.9722,18.8056,18.8889,1324.5,1480,1030.35,970,1011.17,71.625,104.156,105.375,72.4922,104.156,654.666,48.75,5.464,3.66667,6.152,95.25,66.2745,66.2745,-0.75,0.75,62.4108,6.75,6.75,7.5
3.136,-1.5,0,-1.5,0,1.06079,0.99997,1.08881,3,1,1,1,0,1,1.05005,0,28.125,18.2222,18.7778,18.9722,1331.5,1470,1032.34,970,1016.41,71.7656,104.484,105.82,72.9375,104.156,654.666,48.75,5.496,3.704,6.176,95.25,66.6667,68.2353,-0.75,0.953125,64.2083,6.75,6.75,6.75
3.169,-1.5,0,-1.5,0,1.06,0.99997,1.08685,3,1,1,1,0,1,1.03589,0,28.125,18.3333,18.8611,19.3056,1335,1480,1038.55,970,1016.45,72.2578,104.484,105.82,73.8047,104.484,654.666,48.75,5.52,3.72534,6.2,95.25,67.8432,68.2353,-0.75,0.875,65.8273,8.25,8.25,9.75
3.203,-1.5,0,-1.5,0,1.06567,0.99997,1.09058,3,1,1,1,0,1,1.03589,0,33.5938,18.5,18.9167,19.6389,1338.25,1480,1042.42,970,1021.72,72.5391,104.859,105.938,74.7656,104.859,654.666,48.75,5.544,3.73867,6.224,95.25,68.6275,68.2353,-0.75,0.90625,66.9061,6.75,6.75,9
3.236,-1.5,0,-1.5,0,1.06598,0.99997,1.09119,3,1,1,1,0,1,1.03784,0,34.375,18.6111,18.9722,19.3889,1358.75,1480,1043.91,970,1021.72,72.6563,105,106.805,73.0313,104.859,654.666,48.75,5.544,3.74934,6.224,95.25,68.6275,69.4118,-0.75,0.515625,67.2662,4.5,4.5,4.5
3.269,-1.5,0,-1.5,0,1.07379,0.99997,1.08701,3,1,1,1,0,1,1.01831,0,34.375,18.8056,19.0833,20.1945,1356.75,1480,1048.2,970,1029.65,73.0078,105,106.805,75.4453,105,654.354,48.75,5.556,3.74134,6.236,95.25,69.4118,69.4118,-0.75,0.4375,67.6264,9,9,6.75
3.303,-1.5,0,-1.5,0,1.07483,0.99997,1.09103,3,1,1,1,0,1,1.02319,0,35.1563,18.9167,19.8056,19.9445,1359,1490,1051.21,970,1029.65,73.2422,105.75,106.875,74.9297,105.75,654.354,48.75,5.588,3.74934,6.268,95.25,69.4118,69.4118,-0.75,0.515625,67.6264,8.25,8.25,8.25
3.336,-1.5,0,-1.5,0,1.08154,0.99997,1.08942,3,1,1,1,0,1,1.02002,0,35.1563,19.1389,19.2222,20.0278,1370.25,1490,1052.11,970,1037.58,73.3125,105.844,107.227,73.8281,105.75,654.354,48.75,5.604,3.78134,6.3,95.25,69.8039,70.9804,-0.75,0.453125,67.6264,6,6,6
3.369,-1.5,0,-1.5,0,1.08093,0.99997,1.0893,3,1,1,1,0,1,1.0166,0,35.1563,19.1389,19.9445,20.7222,1378.5,1500,1058.55,970,1037.58,73.8047,105.844,107.227,76.6875,105.844,654.354,48.75,5.64,3.78134,6.336,95.25,70.5883,70.9804,-0.75,0.78125,67.6264,6,6,6
3.403,-1.5,0,-1.5,0,1.08807,0.99997,1.09192,3,1,1,0.976076,0,1,1.0249,0,35.1563,19.4445,20.0278,20.25,1381.75,1500,1059.73,970,1042.85,73.8984,106.125,107.531,74.5781,106.125,654.354,48.75,5.644,3.81067,6.34,95.25,71.3726,70.9804,-0.75,0.765625,67.6264,6.75,6.75,6.75
3.436,-1.5,0,-1.5,0,1.08997,0.99997,1.08902,3,1,1,0.968263,0,0.976076,1.01148,0,35.1563,19.7778,20.1111,21,1395,1500,1065.63,970,1045.51,74.3438,106.43,108.141,76.4766,106.125,654.354,48.75,5.796,3.91467,6.476,95.25,70.9804,72.549,-0.75,0.46875,67.6264,6.75,6.75,6
3.469,-1.5,0,-1.5,0,1.09345,0.99997,1.09287,3,1,1,0.968263,0,0.976076,1.01831,0,35.1563,19.8333,20.1945,20.7778,1398.5,1500,1067.23,970,1048.13,74.4844,106.43,108.141,75.3984,106.43,653.807,48.75,5.82,3.936,6.5,95.25,72.549,72.549,-0.75,0.328125,67.6264,6.75,6.75,6
3.503,-1.5,0,-1.5,0,1.09937,0.99997,1.09189,3,1,1,0.962648,0,0.976076,1.0166,0,35.1563,19.9445,20.25,21.1111,1407.25,1510,1072.93,970,1053.44,74.9297,106.969,108.281,76.5703,106.969,653.807,48.75,5.856,3.95467,6.536,95.25,72.9412,72.549,-0.75,0.34375,67.6264,6.75,6.75,6
3.536,-1.5,0,-1.5,0,1.10681,0.99997,1.09222,3,1,1,0.958253,0,0.962648,1.01148,0,35.1563,20.1945,21.1667,21.25,1420,1510,1077.23,970,1058.71,75.2813,107.086,108.727,75.5156,106.969,653.807,48.75,5.94,4.02134,6.628,95.25,72.549,74.5098,-0.75,0.3125,67.6264,6.75,6.75,7.5
3.569,-1.5,0,-1.5,0,1.10809,0.99997,1.09424,3,1,1,0.958253,0,0.962648,1.01319,0,35.1563,20.3611,21.1667,21.4722,1417.75,1510,1080.04,970,1061.33,75.4922,107.086,108.727,77.1094,107.086,653.807,48.75,5.956,4.02401,6.644,95.25,74.1177,74.5098,-0.75,0.609375,67.6264,8.25,8.25,7.5
3.603,-1.5,0,-1.5,0,1.11243,0.99997,1.09839,3,1,1,0.95508,0,0.962648,1.00733,0,35.1563,20.5833,21.2778,21.9167,1425,1510,1086.09,970,1066.64,75.9609,107.508,109.266,77.5781,107.508,653.807,48.75,6.024,4.05067,6.712,94.5,74.5098,74.5098,-0.75,0.625,67.6264,8.25,8.25,7.5
3.636,-1.5,0,-1.5,0,1.11719,0.99997,1.09869,3,1,1,0.952638,0,0.95508,1.00488,0,35.1563,20.7778,21.2778,22,1430.25,1510,1089.65,970,1071.88,76.2422,107.953,109.43,78.2813,107.508,653.807,48.75,6.1,4.13334,6.78,94.5,74.5098,75.6863,-0.75,0.453125,67.6264,6.75,6.75,7.5
3.669,-1.5,0,-1.5,0,1.11743,0.99997,1.10031,3,1,1,0.952638,0,0.95508,1.00366,0,35.1563,20.8889,21.3889,22.7222,1447.25,1520,1097.3,970,1071.91,76.8047,107.953,109.43,79.9688,107.953,653.416,48.75,6.16,4.14667,6.84,94.5,76.0785,75.6863,-0.75,0.25,67.6264,7.5,7.5,8.25
3.703,-1.5,0,-1.5,0,1.12427,0.99997,1.1044,3,1,1,0.950685,0,0.95508,0.991212,0,35.9375,21.3056,22.2222,22.5278,1458,1520,1102.07,970,1077.19,77.2031,108.141,110.039,78.6563,108.141,653.416,48.75,6.208,4.19467,6.888,95.25,76.0785,75.6863,-0.75,0.234375,67.9865,7.5,7.5,8.25
3.736,-1.5,0,-1.5,0,1.12518,0.99997,1.10922,3,1,1,0.949464,0,0.950685,0.998537,0,35.9375,21.5278,22.25,22.75,1460.5,1520,1105.16,970,1079.84,77.4375,108.68,110.531,79.2188,108.141,653.416,48.75,6.268,4.24534,6.948,95.25,76.0785,78.0392,-0.75,0.328125,68.3451,8.25,8.25,7.5
3.769,-1.5,0,-1.5,0,1.13025,0.99997,1.11157,3,1,1,0.949464,0,0.950685,0.991212,0,35.9375,21.75,22.3611,23.1111,1471.25,1530,1111.17,970,1085.12,77.9297,108.68,110.531,79.7109,108.68,653.416,48.75,6.34,4.27734,7.02,95.25,77.6471,78.0392,-0.75,0.546875,68.7052,8.25,8.25,7.5
3.803,-1.5,0,-1.5,0,1.1358,0.99997,1.11408,3,1,1,0.948244,0,0.950685,0.988527,0,36.7188,22,22.4722,23.6667,1479,1530,1118.09,970,1090.39,78.4688,109.102,110.93,81.2109,109.102,653.416,48.75,6.404,4.30134,7.084,94.5,78.4314,78.0392,-0.75,0.4375,68.7052,9,9,7.5
3.836,-1.5,0,-1.5,0,1.14264,0.99997,1.11438,3,1,1,0.947511,0,0.948244,0.981203,0,36.7188,22.2778,22.5556,23.0834,1490.5,1530,1118.09,970,1095.66,78.4688,109.5,111.633,78.4922,109.102,653.416,48.75,6.412,4.34401,7.092,94.5,78.4314,79.6079,-0.75,0.296875,68.7052,6.75,6.75,7.5
3.869,-1.5,0,-1.5,0,1.14398,0.99997,1.1156,3,1,1,0.947511,0,0.948244,0.968507,0,36.7188,22.2778,23.3889,23.6389,1489.25,1540,1124.22,970,1098.32,78.9844,109.5,111.633,80.5313,109.5,652.986,48.75,6.456,4.35734,7.136,94.5,80,79.6079,-0.75,-0.03125,69.0653,6.75,6.75,9.75
3.903,-1.5,0,-1.5,0,1.14716,0.99997,1.11844,3,1,1,0.947023,0,0.948244,0.969972,0,37.5,22.5556,23.4445,24.0556,1505,1540,1131.37,970,1103.63,79.5234,110.063,111.586,81.0938,110.063,652.986,48.75,6.532,4.41334,7.212,94.5,80,79.6079,-0.75,-0.046875,69.4254,6,6,6
3.936,-1.5,0,-1.5,0,1.15204,0.99997,1.11713,3,1,1,0.946535,0,0.947023,0.961183,0,39.0625,22.9722,23.5,24.6667,1509,1540,1136.72,970,1108.91,79.9453,110.063,112.406,83.0156,110.063,652.986,48.75,6.576,4.45601,7.256,94.5,80,81.5687,-0.75,0.28125,69.784,6.75,6.75,6.75
3.969,-1.5,0,-1.5,0,1.15601,0.99997,1.11847,3,1,1,0.946535,0,0.947023,0.959962,0,39.0625,23.1389,23.6389,24.4167,1520.75,1540,1141.02,970,1111.52,80.3203,110.063,112.406,81.4688,110.063,652.986,48.75,6.596,4.46401,7.276,94.5,81.1765,81.5687,-0.75,0.453125,70.1441,6,6,6
4.003,-1.5,0,-1.5,0,1.16113,0.99997,1.11713,3,1,1,0.946291,0,0.947023,0.957277,0,39.8438,23.4445,24.4722,24.6945,1532,1550,1146.64,970,1116.84,80.7656,110.766,112.969,81.8203,110.766,652.986,48.75,6.664,4.49334,7.344,95.25,81.5687,81.5687,-0.75,0.265625,70.8628,8.25,8.25,6.75
4.036,-1.5,0,-1.5,0,1.16724,0.99997,1.11755,3,1,1,0.946046,0,0.946291,0.956056,0,42.1875,23.7222,24.5834,24.75,1539.5,1550,1146.99,970,1124.73,80.8125,111.563,113.859,81,110.766,652.986,48.75,6.66,4.51201,7.34,95.25,81.5687,83.5294,-0.75,-0.203125,71.2229,6.75,6.75,6.75
4.069,-1.5,0,-1.5,0,1.16431,0.99997,1.11838,3,1,1,0.946046,0,0.946291,0.957277,0,42.1875,23.8334,24.5556,25.2778,1547,1560,1152.46,970,1124.77,81.4688,111.563,113.859,83.1797,111.563,652.928,48.75,6.728,4.54667,7.408,95.25,82.7451,83.5294,-0.75,-0.09375,71.583,7.5,7.5,6.75
4.103,-1.5,0,-1.5,0,1.16852,0.99997,1.11734,3,1,1,0.945802,0,0.946291,0.951173,0,42.9688,24.0278,24.6667,25.5556,1553.5,1560,1156.45,970,1130.04,81.7969,112.055,114.234,83.8125,112.055,652.928,48.75,6.744,4.54667,7.424,95.25,83.5294,83.5294,-0.75,0.28125,71.9431,7.5,7.5,7.5
4.136,-1.5,0,-1.5,0,1.17377,0.99997,1.11905,3,1,1,0.945802,0,0.945802,0.957277,0,45.7031,24.3611,24.7222,25.3056,1561.5,1560,1157.46,970,1135.31,81.8906,112.406,114.914,82.4766,112.055,652.928,48.75,6.756,4.57601,7.436,95.25,83.5294,85.0981,-0.75,0.421875,72.6618,9,9,8.25
4.169,-1.5,0,-1.5,0,1.17737,0.99997,1.11789,3,1,1,0.945802,0,0.945802,0.952394,0,45.7031,24.4722,25.6389,25.6667,1569.75,1570,1158.67,970,1140.59,82.0313,112.406,114.914,82.5469,112.406,652.928,48.75,6.744,4.57067,7.424,95.25,85.0981,85.0981,-0.75,0.4375,73.0219,8.25,8.25,7.5
4.203,-1.5,0,-1.5,0,1.18158,0.99997,1.11945,3,1,1,0.945558,0,0.945802,0.953615,0,45.7031,24.6667,25.6667,26.2778,1575.25,1570,1165.31,970,1148.48,82.5703,113.016,115.57,84.4922,113.016,652.928,48.75,6.816,4.58134,7.496,94.5,85.0981,85.0981,-0.75,0.171875,73.3821,7.5,7.5,7.5
4.236,-1.5,0,-1.5,0,1.18292,0.99997,1.11792,3,1,1,0.945558,0,0.945558,0.949953,0,46.4844,24.8889,25.75,26.2778,1582,1570,1169.26,970,1151.17,82.875,113.531,115.805,84.2109,113.016,652.928,48.75,6.836,4.62401,7.516,94.5,85.0981,86.6667,-0.75,0.125,73.3821,7.5,7.5,6.75
4.269,-1.5,0,-1.5,0,1.18665,0.99997,1.11905,3,1,1,0.945558,0,0.945558,0.949953,0,46.4844,25,25.8056,26.2222,1590,1580,1170.35,970,1156.45,82.9688,113.531,115.805,83.6016,113.531,652.986,48.75,6.836,4.62934,7.516,94.5,86.2745,86.6667,-0.75,-0.09375,73.7406,6,6,6.75
4.303,-1.5,0,-1.5,0,1.19135,0.99997,1.1189,3,1,1,0.945558,0,0.945558,0.951173,0,47.2656,25.5278,25.9445,26.6111,1608.5,1580,1174.26,970,1161.72,83.3203,113.766,116.555,83.3672,113.766,652.986,48.75,6.864,4.65067,7.544,94.5,86.6667,86.6667,-0.75,0.28125,73.7406,6.75,6.75,6
4.336,-1.5,0,-1.5,0,1.19873,0.99997,1.11881,3,1,1,0.945558,0,0.945558,0.948488,0,47.2656,25.8056,26.8334,26.6389,1623.75,1580,1175.12,970,1169.65,83.3906,114.68,117.867,82.7813,113.766,652.986,48.75,6.844,4.63734,7.524,94.5,87.0589,89.0196,-0.75,0.328125,73.7406,7.5,7.5,6.75
4.369,-1.5,0,-1.5,0,1.19495,0.99997,1.11997,3,1,1,0.945558,0,0.945558,0.952394,0,47.2656,26.0556,26.8334,27.0278,1629.5,1590,1179.53,970,1169.65,84,114.68,117.867,84.5391,114.68,652.986,48.75,6.924,4.69067,7.604,94.5,88.6275,89.0196,-0.75,0.203125,73.7406,6.75,6.75,7.5
4.403,-1.5,0,-1.5,0,1.20264,0.99997,1.11798,3,1,1,0.945314,0,0.945558,0.941164,0,48.0469,26.1667,27,27.5556,1628.25,1600,1184.69,970,1177.58,84.4688,115.641,118.148,85.7578,115.641,652.986,48.75,6.968,4.70934,7.664,94.5,89.4118,89.0196,-0.75,-0.171875,74.1008,6,6,11.25
4.436,-1.5,0,-1.5,0,1.20398,0.99997,1.11923,3,1,1,0.945314,0,0.945314,0.943605,0,48.0469,26.3334,27.0556,27.7778,1630.25,1600,1187.62,970,1180.23,84.7031,115.758,118.195,86.3906,115.641,652.986,48.75,6.996,4.73867,7.692,94.5,89.4118,90.5883,-0.75,-0.03125,74.1008,7.5,7.5,11.25
4.469,-1.5,0,-1.5,0,1.21271,0.99997,1.11804,3,1,1,0.945314,0,0.945314,0.942384,0,48.0469,26.5,27.1945,27.6111,1645.25,1600,1191.99,970,1188.16,85.0313,115.758,118.195,84.9844,115.758,653.006,48.75,7.016,4.76001,7.712,94.5,90.1961,90.5883,-0.75,0.109375,74.1008,6,6,6
4.503,-1.5,0,-1.5,0,1.21631,0.99997,1.11743,3,1,1,0.945314,0,0.945314,0.942384,0,48.0469,26.75,28.0834,27.8056,1663,1600,1193.32,970,1193.44,85.3594,115.992,119.063,84.7969,115.992,653.006,48.75,7.028,4.74934,7.724,95.25,90.5883,90.5883,-0.75,0.4375,74.1008,4.5,4.5,4.5
4.536,-1.5,0,-1.5,0,1.21484,0.99997,1.11588,3,1,1,0.945314,0,0.945314,0.938722,0,48.0469,27.25,28.0834,28.1389,1673.25,1600,1194.61,970,1196.05,85.4766,116.836,120.234,85.3828,115.992,653.006,48.75,7.008,4.74667,7.696,95.25,90.9804,92.9412,-0.75,0.3125,74.1008,5.25,5.25,5.25
4.569,-1.5,0,-1.5,0,1.21796,0.99997,1.11591,3,1,1,0.945314,0,0.945314,0.939943,0,48.0469,27.3889,28.1945,29.2778,1681.5,1610,1201.6,970,1201.37,86.2734,116.836,120.234,88.5,116.836,653.006,48.75,7.116,4.78934,7.804,95.25,92.1569,92.9412,-0.75,-0.1875,74.1008,6,6,6
4.603,-1.5,0,-1.5,0,1.22839,0.99997,1.11524,3,1,1,0.945314,0,0.945314,0.944826,0,48.0469,27.9445,29.2778,29.0278,1692.5,1620,1205.04,970,1211.91,86.6484,117.656,120.633,86.0859,117.656,653.006,48.75,7.128,4.84801,7.816,94.5,93.7255,92.9412,-0.75,-0.140625,74.1008,5.25,5.25,5.25
4.636,-1.5,0,-1.5,0,1.22675,0.99997,1.11438,3,1,1,0.945314,0,0.945314,0.941164,0,48.0469,27.9722,29.25,30.0278,1699.75,1620,1210,970,1214.57,87.1875,118.031,121.289,89.7188,117.656,653.006,48.75,7.18,4.82134,7.86,94.5,93.3334,95.2942,-0.75,0.03125,74.1008,6.75,6.75,6.75
4.669,-1.5,0,-1.5,0,1.23016,0.99997,1.1138,3,1,1,0.945314,0,0.945314,0.938722,0,48.0469,28.25,29.2778,29.5834,1703.75,1620,1211.52,970,1219.8,87.3047,118.031,121.289,88.1953,118.031,653.201,48.75,7.176,4.86401,7.856,94.5,94.902,95.2942,-0.75,0.34375,74.1008,6.75,6.75,6.75
4.703,-1.5,0,-1.5,0,1.22815,0.99997,1.11316,3,1,1,0.945314,0,0.945314,0.935304,0,48.0469,28.5834,29.3056,29.9445,1718.75,1620,1212.77,970,1222.5,87.5625,118.547,121.875,89.2969,118.547,653.201,48.75,7.172,4.84267,7.852,94.5,95.2942,95.2942,-0.75,0.171875,74.1008,8.25,8.25,7.5
4.736,-1.5,0,-1.5,0,1.23688,0.99997,1.11224,3,1,1,0.945314,0,0.945314,0.936525,0,48.0469,28.8334,29.4167,30.1111,1726.25,1620,1214.41,970,1233.05,87.7031,119.109,122.766,88.6406,118.547,653.201,48.75,7.18,4.86401,7.86,94.5,95.2942,97.2549,-0.75,0.203125,74.1008,6.75,6.75,7.5
4.769,-1.5,0,-1.5,0,1.23523,0.99997,1.11023,3,1,1,0.945314,0,0.945314,0.93213,0,48.0469,29.0556,30.3889,30.8611,1738.5,1620,1219.8,970,1233.05,88.3359,119.109,122.766,89.8594,119.109,653.201,48.75,7.252,4.90401,7.932,94.5,96.8628,97.2549,-0.75,-0.484375,74.1008,6,6,7.5
4.803,-1.5,0,-1.5,0,1.2442,0.99997,1.10791,3,1,1,0.945314,0,0.945314,0.927736,0,48.0469,29.4167,30.4722,30.4167,1748.25,1630,1222.66,970,1243.63,88.7344,119.836,123.492,87.9375,119.836,653.201,48.75,7.268,4.92267,7.948,94.5,97.6471,97.2549,-0.75,0.109375,74.1008,6,6,6.75
4.836,-1.5,0,-1.5,0,1.24506,0.99997,1.10565,3,1,1,0.945314,0,0.945314,0.922121,0,48.0469,29.5834,30.5278,30.3611,1751,1630,1220.94,970,1248.91,88.6406,120.375,123.961,87.8672,119.836,653.201,48.75,7.212,4.88534,7.892,94.5,97.2549,99.2157,-0.75,0.1875,74.1008,6,6,6
4.869,-1.5,0,-1.5,0,1.24475,0.99997,1.10455,3,1,1,0.945314,0,0.945314,0.925539,0,48.0469,29.8056,30.5834,31.0278,1763.25,1630,1226.25,970,1251.56,89.1797,120.375,123.961,89.3438,120.375,653.592,48.75,7.256,4.92801,7.936,94.5,98.8236,99.2157,-0.75,0.328125,74.4609,5.25,5.25,6
4.903,-1.5,0,-1.5,0,1.24945,0.99997,1.09958,3,1,1,0.945314,0,0.945314,0.914308,0,48.8281,30.1111,31.6111,31.1945,1778.5,1640,1226.99,970,1256.84,89.4609,120.82,124.875,88.5234,120.82,653.592,48.75,7.24,4.91734,7.92,94.5,99.2157,99.2157,-0.75,-0.421875,74.4609,6.75,6.75,6.75
4.936,-1.5,0,-1.5,0,1.2558,0.99997,1.09793,3,1,1,0.945314,0,0.945314,0.917726,0,48.8281,30.6945,31.6389,31.6945,1792.25,1640,1231.13,970,1267.38,89.7891,121.711,126.188,89.2969,120.82,653.592,48.75,7.276,4.92801,7.964,94.5,99.2157,100,-0.75,0.015625,74.4609,6.75,6.75,6.75
4.969,-0.75,0,-1.5,0,1.25452,0.99997,1.09387,3,1,1,0.945314,0,0.945314,0.913331,0,48.8281,30.8611,31.6945,32.3889,1798.75,1640,1233.75,970,1270.04,90.3047,121.711,126.188,91.2656,121.711,653.592,48.75,7.292,4.94934,7.98,94.5,100,100,-0.75,0.078125,74.4609,6,6,6.75
5.003,-0.75,0,-1.5,0,1.263,0.99997,1.0911,3,1,1,0.945314,0,0.945314,0.915529,0,48.8281,31.1389,31.6667,32.4445,1806.25,1650,1242.46,970,1277.93,91.0547,122.602,126.492,92.2734,122.602,653.592,48,7.372,4.99201,8.06,94.5,100,100,0,0.375,74.4609,6.75,6.75,6
5.036,-0.75,0,-1.5,0,1.26843,0.99997,1.0882,3,1,1,0.945314,0,0.945314,0.915529,0,48.8281,31.5556,32.75,32.2222,1815.5,1650,1242.93,970,1283.2,91.125,122.953,127.43,90.4922,122.602,653.592,48,7.332,4.96801,8.012,94.5,100,100,0,-0.015625,74.4609,6,6,6
5.069,-0.75,0,-1.5,0,1.26727,0.99997,1.08591,3,1,1,0.945314,0,0.945314,0.918703,0,48.8281,31.8334,32.8611,32.9722,1825.5,1650,1246.99,970,1285.9,91.6641,122.953,127.43,91.5938,122.953,654.217,48,7.368,5.00801,8.048,94.5,100,100,0,-0.171875,74.4609,6.75,6.75,6.75
5.103,-0.75,0,-1.5,0,1.27326,0.99997,1.08261,3,1,1,0.945314,0,0.945314,0.917726,0,48.8281,32.0834,32.8889,33.6389,1835.25,1660,1253.09,970,1293.79,92.3438,123.727,128.344,93.75,123.727,654.217,48.75,7.44,5.00801,8.12,94.5,100,100,0,-0.078125,74.4609,6,6,6.75
5.136,-0.75,0,-1.5,0,1.27869,0.99997,1.08051,3,1,1,0.945314,0,0.945314,0.918703,0,48.8281,32.7222,33.0834,34.2222,1850.75,1660,1258.59,970,1299.1,92.7891,124.523,129.328,94.0078,123.727,654.217,48.75,7.456,5.05334,8.136,94.5,100,100,0,0.390625,74.4609,7.5,7.5,6.75
5.169,-0.75,0,-1.5,0,1.28131,0.99997,1.07855,3,1,1,0.945314,0,0.945314,0.917726,0,48.8281,33,33.9722,34.6389,1859.25,1670,1265.47,970,1301.68,93.5391,124.523,129.328,95.4375,124.523,654.217,48.75,7.504,5.08001,8.184,94.5,100,100,0,0.1875,74.4609,6,6,6.75
5.203,-0.75,0,-1.5,0,1.29205,0.99997,1.07565,3,1,1,0.945314,0,0.945314,0.917726,0,48.8281,33.5834,34.3056,35.3056,1875,1670,1271.17,970,1312.27,94.1953,125.297,130.125,95.1328,125.297,654.217,48,7.544,5.10134,8.232,94.5,100,100,0,-0.109375,74.4609,6.75,6.75,6.75
5.236,-0.75,0,-1.5,0,1.2934,0.99997,1.07251,3,1,1,0.941408,0,0.945314,0.911134,0,48.8281,33.8611,34.3611,35.5278,1879.5,1670,1273.52,970,1314.96,94.4063,125.953,130.875,95.7188,125.297,654.217,48,7.54,5.11201,8.228,94.5,100,100,0,-0.25,74.4609,5.25,5.25,6
5.269,-0.75,0,-1.5,0,1.30261,0.99997,1.07169,3,1,1,0.941408,0,0.945314,0.918703,0,48.8281,34.0556,34.4167,36.0556,1884.25,1680,1282.15,970,1322.85,95.25,125.953,130.875,97.6875,125.953,654.881,48,7.62,5.14401,8.308,94.5,100,100,0,-0.046875,74.4609,6.75,6.75,6.75
5.303,-0.75,0,-1.5,0,1.30542,0.99997,1.06772,3,1,1,0.938478,0,0.945314,0.917726,0,48.8281,34.6111,35.5,36.9167,1902,1680,1291.6,965,1325.51,96.1172,126.422,131.297,99.3047,126.422,654.881,48.75,7.676,5.17067,8.364,94.5,100,100,0,0.234375,74.4609,7.5,7.5,6.75
5.336,-0.75,0,-0.75,0,1.31311,0.99997,1.06567,3,1,1,0.932374,0,0.938478,0.922121,0,48.8281,35.0834,35.7223,36.7778,1920,1680,1295.35,965,1333.44,96.4219,127.125,133.078,97.3828,126.422,654.881,48.75,7.724,5.24267,8.412,94.5,100,100,0,0.28125,74.4609,7.5,7.5,6.75
5.369,-0.75,0,-0.75,0,1.31842,0.99997,1.06403,3,1,1,0.932374,0,0.938478,0.923341,0,48.8281,35.6667,36.6667,36.9445,1931,1680,1298.4,965,1338.71,97.0547,127.125,133.078,97.5234,127.125,654.881,48.75,7.768,5.28267,8.456,94.5,100,100,0,-0.140625,74.4609,7.5,7.5,6.75
5.403,-0.75,0,-0.75,0,1.32727,0.99997,1.06177,3,1,1,0.927736,0,0.938478,0.919923,0,48.8281,35.9445,36.7778,37.2223,1941.75,1700,1301.88,965,1349.3,97.5703,128.461,134.016,97.7813,128.461,654.881,48,7.792,5.28001,8.48,94.5,100,100,0,-0.234375,74.4609,7.5,7.5,6.75
5.436,-0.75,0,-0.75,0,1.33154,0.99997,1.06052,3,1,1,0.922365,0,0.927736,0.923341,0,48.8281,36.5278,36.9723,38.5834,1949.5,1690,1309.45,965,1354.57,98.1797,129.141,134.648,100.57,128.461,654.881,48,7.948,5.39201,8.628,94.5,100,100,0,0.171875,74.4609,6.75,6.75,6
5.469,-0.75,0,-0.75,0,1.34052,0.99997,1.06012,3,1,1,0.922365,0,0.927736,0.929933,0,48.8281,36.6667,37.0834,38.8889,1952.75,1700,1316.95,965,1362.46,98.9297,129.141,134.648,102,129.141,655.701,48,8.02,5.41601,8.7,94.5,100,100,0,0.09375,74.4609,6.75,6.75,6
5.503,-0.75,0,-0.75,0,1.34796,0.99997,1.05869,3,1,1,0.918214,0,0.927736,0.93213,0,48.8281,37.1111,38.3611,39.2778,1967.5,1700,1322.85,965,1367.77,99.5391,129.563,135.211,101.367,129.563,655.701,48,8.032,5.44267,8.72,94.5,100,100,0,-0.09375,74.4609,6,6,6
5.536,-0.75,0,-0.75,0,1.35773,0.99997,1.05762,3,1,1,0.911378,0,0.918214,0.928712,0,48.8281,37.4723,38.6389,38.8611,1981.75,1700,1322.3,965,1378.36,99.5156,130.172,136.5,98.5547,129.563,655.701,48,8.096,5.52001,8.784,94.5,100,100,0,-0.28125,74.4609,5.25,5.25,5.25
5.569,-0.75,0,-0.75,0,1.35816,0.99997,1.05954,3,1,1,0.911378,0,0.918214,0.934328,0,48.8281,37.9167,38.6389,40.4167,1994.5,1710,1331.45,965,1380.98,100.523,130.172,136.5,103.055,130.172,655.701,48,8.232,5.56267,8.92,94.5,100,100,0,0.0625,74.4609,6.75,6.75,4.5
5.603,-0.75,0,-0.75,0,1.37152,0.99997,1.05917,3,1,1,0.906251,0,0.918214,0.929933,0,48.8281,38.3889,38.9445,40.5556,1998,1720,1339.84,965,1391.52,101.344,131.133,137.109,102.82,131.133,655.701,48,8.304,5.62134,8.992,94.5,99.6079,100,0,0.234375,74.4609,6,6,6
5.636,-0.75,0,-0.75,0,1.3786,0.99997,1.06018,3,1,1,0.902345,0,0.906251,0.93213,0,48.8281,38.9723,39.2223,40.7778,2007.5,1720,1345.2,965,1396.84,101.789,131.836,137.977,102.633,131.133,655.701,48,8.468,5.74667,9.148,94.5,100,100,0,0.046875,74.4609,6.75,6.75,7.5
5.669,-0.75,0,-0.75,0,1.38654,0.99997,1.06143,3,1,1,0.902345,0,0.906251,0.928712,0,48.8281,39.3334,40.3611,41.9723,2021.25,1720,1359.26,965,1402.11,103.266,131.836,137.977,106.242,131.836,656.248,48,8.624,5.82934,9.304,94.5,100,100,0,-0.09375,74.4609,7.5,7.5,6.75
5.703,-0.75,0,-0.75,0,1.40137,0.99997,1.06287,3,1,1,0.899415,0,0.906251,0.93213,0,48.8281,40.0278,40.6111,41.9723,2032.25,1720,1364.73,970,1415.31,103.688,132.117,139.195,105.164,132.117,656.248,48,8.672,5.88001,9.352,94.5,100,100,0,-0.078125,74.4609,7.5,7.5,6.75
5.736,-0.75,0,-0.75,0,1.40717,0.99997,1.06394,3,1,1,0.895265,0,0.899415,0.929933,0,48.8281,40.5278,40.8611,42.75,2039.75,1720,1370.51,970,1420.63,104.156,133.195,139.828,106.477,132.117,656.248,48,8.792,5.96801,9.48,94.5,99.6079,100,0,0.296875,74.4609,7.5,7.5,6.75
5.769,-0.75,0,-0.75,0,1.41449,0.99997,1.06601,3,1,1,0.895265,0,0.899415,0.926515,0,48.8281,40.7223,41.1389,42.8056,2047.75,1740,1376.6,970,1425.9,104.625,133.195,139.828,105.867,133.195,656.248,48,8.864,6.00534,9.552,94.5,99.6079,100,0,-0.125,74.4609,7.5,7.5,6.75
5.803,-0.75,0,-0.75,0,1.42536,0.99997,1.06778,3,1,1,0.892091,0,0.899415,0.922121,0,48.8281,41.2778,42.2778,42.6667,2064.75,1740,1381.25,970,1436.45,105,133.711,140.672,104.273,133.711,656.248,48,8.88,6.05067,9.568,94.5,100,100,0,-0.34375,74.4609,7.5,7.5,6.75
5.836,-0.75,0,-0.75,0,1.42963,0.99997,1.06879,3,1,1,0.885988,0,0.892091,0.915529,0,48.8281,41.6389,42.3056,42.6945,2074.25,1740,1383.91,970,1441.76,105.234,134.461,141.797,104.719,133.711,656.248,48,8.96,6.09067,9.648,94.5,100,100,0,0.03125,74.4609,7.5,7.5,6.75
5.869,-0.75,0,-0.75,0,1.43622,0.99997,1.07062,3,1,1,0.885988,0,0.892091,0.912111,0,48.8281,41.9167,42.4723,43.5,2088.5,1750,1387.97,970,1449.65,105.563,134.461,141.797,105.609,134.461,656.697,48,8.996,6.12801,9.684,94.5,100,100,0,0.453125,74.4609,7.5,7.5,6.75
5.903,-0.75,0,-0.75,0,1.43976,0.99997,1.07077,3,1,1,0.881105,0,0.892091,0.902345,0,48.8281,42.3889,43.5556,44.25,2097.75,1760,1396.48,970,1454.96,106.242,135.469,142.781,107.461,135.398,656.697,48,9.092,6.17067,9.78,94.5,100,100,0,0.171875,74.4609,7.5,7.5,7.5
5.936,-0.75,0,-0.75,0,1.44623,0.99997,1.07199,3,1,1,0.873781,0,0.881105,0.897706,0,48.8281,42.8056,43.7223,44.4445,2105,1760,1400.43,970,1462.89,106.594,136.406,143.578,107.109,135.328,656.697,48,9.228,6.27467,9.908,94.5,99.6079,100,0,-0.421875,74.4609,7.5,7.5,7.5
5.969,-0.75,0,-0.75,0,1.45831,0.99997,1.07138,3,1,1,0.873781,0,0.881105,0.89673,0,48.8281,43.1389,43.8611,45.9445,2117.5,1770,1410.16,970,1476.09,107.344,136.406,143.578,110.391,136.406,656.697,48,9.336,6.30934,10.016,94.5,100,100,0,-0.0625,74.4609,8.25,8.25,7.5
6.003,-0.75,0,-0.75,0,1.45905,0.99997,1.06973,3,1,1,0.868165,0,0.881105,0.883546,0,48.8281,43.6111,45,44.8611,2133.75,1780,1410.94,970,1476.09,107.438,137.156,144.727,107.414,137.156,656.697,48,9.304,6.33067,9.984,94.5,100,100,0,0.25,74.4609,7.5,7.5,7.5
6.036,-0.75,0,-0.75,0,1.46845,0.99997,1.06912,3,1,1,0.862062,0,0.868165,0.880128,0,48.8281,44.0834,45.1945,45.6389,2141.75,1780,1416.52,970,1486.64,107.906,138.211,145.688,108.352,137.156,656.697,48,9.492,6.45334,10.172,94.5,100,100,0,0.125,74.4609,7.5,7.5,6.75
6.069,-0.75,0,-0.75,0,1.46838,0.99997,1.0687,3,1,1,0.862062,0,0.868165,0.871583,0,48.8281,44.25,45.2223,46.5,2152.75,1800,1421.91,970,1489.26,108.328,138.211,145.688,110.695,138.211,657.479,48,9.544,6.43734,10.224,94.5,100,100,0,-0.09375,74.4609,7.5,7.5,7.5
6.103,-0.75,0,-0.75,0,1.47962,0.99997,1.06622,3,1,1,0.857667,0,0.868165,0.868898,0,48.8281,44.7778,45.6111,46.25,2159.75,1810,1427.38,970,1499.84,108.773,139.148,146.344,108.586,139.148,657.479,48,9.568,6.50667,10.248,93.75,100,100,0,-0.46875,74.4609,9,9,7.5
6.136,-0.75,0,-0.75,0,1.4881,0.99997,1.06528,3,1,1,0.854005,0,0.857667,0.870851,0,48.8281,45.3611,45.6111,47.5278,2175.75,1800,1433.16,970,1510.43,109.266,139.758,147.633,111.75,138.938,657.479,48,9.74,6.60534,10.428,93.75,100,100,0,0.15625,74.4609,9,9,7.5
6.169,-0.75,0,-0.75,0,1.4939,0.99997,1.0643,3,1,1,0.854005,0,0.857667,0.864259,0,48.8281,45.4723,47.3611,48,2192.75,1820,1439.69,970,1515.66,109.781,139.758,147.633,111.188,139.758,657.479,48,9.764,6.61601,10.452,93.75,100,100,0,-0.0625,74.4609,7.5,7.5,8.25
6.203,-0.75,0,-0.75,0,1.49793,0.99997,1.06235,3,1,1,0.851564,0,0.857667,0.853273,0,48.8281,46.1667,47.0278,48.6945,2200.25,1830,1453.63,970,1520.94,110.906,141,148.664,112.898,141,657.479,48,9.904,6.66934,10.592,93.75,100,100,0,-0.171875,74.4609,8.25,8.25,7.5
6.236,-0.75,0,-0.75,0,1.50226,0.99997,1.06186,3,1,1,0.845704,0,0.851564,0.852296,0,48.8281,46.6389,48.0834,49.3334,2205,1830,1462.54,970,1523.63,111.609,142.031,149.297,115.102,141,657.479,48,10.068,6.76534,10.756,93.75,100,100,0,-0.015625,74.4609,8.25,8.25,7.5
6.269,-0.75,0,-0.75,0,1.50885,0.99997,1.06006,3,1,1,0.845704,0,0.851564,0.844972,0,48.8281,47.1389,48.3056,48.8056,2220.75,1840,1464.8,970,1531.56,111.82,142.031,149.297,112.336,142.031,658.279,48,10.044,6.82401,10.732,93.75,100,100,0,-0.078125,74.4609,9,9,8.25
6.303,-0.75,0,-0.75,0,1.50806,0.99997,1.0582,3,1,1,0.84131,0,0.851564,0.842286,0,48.8281,47.6111,48.25,49,2240.5,1850,1467.38,970,1534.18,112.008,142.664,150.375,113.18,142.664,658.279,48,10.008,6.77868,10.696,93.75,100,100,0,0.265625,74.4609,7.5,7.5,8.25
6.336,-0.75,0,-0.75,0,1.51611,0.99997,1.05753,3,1,1,0.835939,0,0.84131,0.84131,0,48.8281,48.1389,49.4723,49.1112,2247,1850,1470.55,970,1542.11,112.266,143.695,151.711,112.289,142.664,658.279,48,10.144,6.87734,10.832,93.75,100,100,0,-0.21875,74.4609,6.75,6.75,7.5
6.369,-0.75,0,-0.75,0,1.52124,0.99997,1.05515,3,1,1,0.835939,0,0.84131,0.840333,0,48.8281,48.3611,49.5278,49.7223,2252.75,1860,1475.74,970,1550.04,112.641,143.695,151.711,113.133,143.695,658.279,48,10.192,6.90401,10.88,93.75,100,100,0,-0.0625,74.4609,8.25,8.25,6.75
6.403,-0.75,0,-0.75,0,1.52667,0.99997,1.05264,3,1,1,0.832033,0,0.84131,0.830324,0,48.8281,48.3611,49.6112,49.6389,2260,1880,1476.99,970,1560.63,112.758,145.055,151.922,113.531,145.055,658.279,48,10.164,6.88534,10.852,93.75,100,100,0,0.234375,74.4609,9,9,9
6.436,-0.75,0,-0.75,0,1.5318,0.99997,1.05136,3,1,1,0.829103,0,0.832033,0.827638,0,48.8281,49.1112,49.9445,50.3056,2276.5,1880,1482.89,970,1565.9,113.203,145.289,153.141,112.922,145.055,658.279,48,10.292,6.99734,10.98,93.75,99.6079,100,0,-0.328125,74.4609,7.5,7.5,7.5
6.469,-0.75,0,-0.75,0,1.53919,0.99997,1.04913,3,1,1,0.829103,0,0.832033,0.821046,0,48.8281,49.5278,51.1112,51.0278,2289.5,1880,1487.5,970,1573.83,113.602,145.289,153.141,113.273,145.289,659.08,48,10.34,7.01868,11.028,93.75,100,100,0,-0.109375,74.4609,7.5,7.5,7.5
6.503,-0.75,0,-0.75,0,1.53986,0.99997,1.04581,3,1,1,0.826906,0,0.832033,0.819337,0,48.8281,49.9167,51.1112,52.25,2298.75,1900,1497.62,970,1576.45,114.375,146.484,154.336,116.883,146.484,659.08,48,10.412,7.02401,11.1,93.75,100,100,0,0.109375,74.4609,9,9,9
6.536,-0.75,0,-0.75,0,1.54462,0.99997,1.04517,3,1,1,0.825441,0,0.826906,0.819337,0,48.8281,50.3334,51.4723,51.5556,2306.25,1900,1498.13,970,1581.76,114.422,147.68,155.273,113.531,146.484,659.08,48,10.424,7.06401,11.112,93.75,100,100,0,0.09375,74.4609,9,9,9
6.569,-0.75,0,-0.75,0,1.5484,0.99997,1.04254,3,1,1,0.825441,0,0.826906,0.822023,0,48.8281,50.8056,51.4167,52.5556,2319.25,1920,1510.12,970,1587.03,115.359,147.68,155.273,116.93,147.68,659.08,48,10.556,7.13068,11.244,93.75,100,100,0,-0.078125,74.4609,9,9,9.75
6.603,-0.75,0,-0.75,0,1.55884,0.99997,1.0412,3,1,1,0.823976,0,0.826906,0.822023,0,48.8281,51.3056,52.7223,52.6112,2339.5,1930,1510.94,970,1597.54,115.406,148.641,156.445,115.383,148.641,659.08,48,10.512,7.12801,11.2,93.75,100,100,0,-0.328125,74.4609,11.25,11.25,9.75
6.636,-0.75,0,-0.75,0,1.55988,0.99997,1.0405,3,1,1,0.823243,0,0.823976,0.823732,0,50,51.8334,52.75,52.75,2347.5,1930,1514.57,970,1600.23,115.688,150.164,157.758,115.711,148.641,659.08,48,10.572,7.16534,11.26,93.75,100,100,0,0.09375,74.821,11.25,11.25,9.75
6.669,-0.75,0,-0.75,0,1.56275,0.99997,1.04056,3,1,1,0.823243,0,0.823976,0.826661,0,50,52.0834,52.8612,52.75,2357.5,1940,1515.35,970,1605.51,115.992,150.164,157.758,115.781,150.164,659.842,48,10.592,7.20534,11.28,93.75,100,100,0,0.171875,74.821,10.5,10.5,9.75
6.703,-0.75,0,-0.75,0,1.55792,0.99997,1.04059,3,1,1,0.822511,0,0.823976,0.826661,0,50,52.4167,53.6945,54.4445,2368.5,1960,1527.81,970,1602.89,116.977,151.172,158.578,120.82,151.172,659.842,48,10.76,7.21868,11.448,94.5,100,100,0,-0.265625,75.1796,11.25,11.25,10.5
6.736,-0.75,0,-0.75,0,1.56763,0.99997,1.04108,3,1,1,0.821779,0,0.822511,0.823732,0,51.5625,53.1112,54.0278,54.2223,2376.75,1960,1528.75,970,1613.44,117.07,152.016,159.516,118.359,151.172,659.842,48,10.768,7.29601,11.456,94.5,100,100,0,-0.109375,75.1796,11.25,11.25,10.5
6.769,-0.75,0,-0.75,0,1.57074,0.99997,1.04041,3,1,1,0.821779,0,0.822511,0.82007,0,51.5625,53,54.2223,54.2223,2385.25,1970,1525.2,970,1621.37,116.766,152.016,159.516,117.234,152.016,659.842,48,10.7,7.24801,11.388,94.5,100,100,0,0.171875,75.1796,11.25,11.25,10.5
6.803,-0.75,0,-0.75,0,1.56751,0.99997,1.04001,3,1,1,0.821534,0,0.822511,0.812745,0,51.5625,53.3056,54.0278,55.4167,2400.75,1980,1530.43,970,1621.37,117.164,152.977,160.359,120.727,152.977,659.842,48,10.72,7.24801,11.432,93.75,100,100,0,-0.171875,75.1796,11.25,11.25,11.25
6.836,-0.75,0,-0.75,0,1.58002,0.99997,1.03836,3,1,1,0.82129,0,0.821534,0.804445,0,51.5625,53.9167,55.5556,54.6945,2410.5,1980,1530.43,970,1634.57,117.188,153.844,161.555,116.344,152.977,659.842,48,10.72,7.26401,11.432,93.75,100,100,0,-0.1875,75.1796,11.25,11.25,10.5
6.869,-0.75,0,-0.75,0,1.58026,0.99997,1.03598,3,1,1,0.82129,0,0.821534,0.802736,0,51.5625,54.1112,55.5834,56.2223,2421.5,1990,1542.77,970,1637.19,118.148,153.844,161.555,116.602,153.844,660.936,48,10.796,7.29068,11.508,93.75,100,100,0,-0.015625,75.1796,12,12,10.5
6.903,-0.75,0,-0.75,0,1.57849,0.99997,1.0332,3,1,1,0.821046,0,0.821534,0.806398,0,51.5625,54.8056,55.5,56.6945,2431.5,2000,1546.41,965,1637.23,118.43,155.063,162.68,121.172,155.063,660.936,48,10.848,7.31468,11.552,93.75,100,100,0,0.296875,75.1796,11.25,11.25,11.25
6.936,-0.75,0,-0.75,0,1.58588,0.99997,1.03052,3,1,1,0.820802,0,0.821046,0.804445,0,51.5625,55.3056,55.7778,56.6945,2439,2000,1551.17,965,1645.16,118.852,156.234,163.266,119.906,155.063,660.936,48,10.876,7.36801,11.58,93.75,100,100,0,-0.390625,75.1796,11.25,11.25,10.5
6.969,-0.75,0,-0.75,0,1.59064,0.99997,1.02857,3,1,1,0.820802,0,0.821046,0.807374,0,51.5625,55.3334,57.1112,56.3334,2454,2020,1554.92,965,1650.43,119.133,156.234,163.266,118.547,156.234,660.936,48,10.876,7.35734,11.58,93.75,100,100,0,-0.265625,75.1796,11.25,11.25,10.5
7.003,-0.75,0,-0.75,0,1.59784,0.99997,1.02719,3,1,1,0.820558,0,0.821046,0.811769,0,51.5625,55.9445,57.3612,57.9723,2471.5,2030,1557.27,965,1660.94,119.297,156.891,164.273,120.422,156.891,660.936,48,10.896,7.36268,11.592,93.75,100,100,0,0.0625,75.1796,12,12,11.25
7.036,0,0,-0.75,0,1.59296,0.99997,1.02597,3,1,1,0.820558,0,0.820558,0.811769,0,51.5625,56.6389,57.0278,57.4167,2477.75,2030,1563.2,965,1658.36,119.789,157.922,165.586,121.828,156.891,660.936,48,10.952,7.41868,11.648,93.75,100,100,0,-0.109375,75.1796,12,12,11.25
7.069,0,0,-0.75,0,1.60382,0.99997,1.02518,3,1,1,0.820558,0,0.820558,0.813722,0,51.5625,57.0556,58.7778,58.4167,2488.75,2040,1569.88,965,1668.87,120.281,157.922,165.586,120.141,157.922,661.815,48,11.016,7.45868,11.712,93.75,100,100,0,-0.21875,75.1796,11.25,11.25,11.25
7.103,0,0,-0.75,0,1.60224,0.99997,1.02503,3,1,1,0.820558,0,0.820558,0.816408,0,51.5625,57.1667,58.6945,58.2223,2493.75,2060,1570.78,965,1671.56,120.352,159.281,166.148,121.055,159.281,661.815,48,10.996,7.43734,11.692,93.75,100,100,0,0.1875,75.1796,12,12,10.5
7.136,0,0,-0.75,0,1.60822,0.99997,1.02539,3,1,1,0.820558,0,0.820558,0.822023,0,51.5625,57.6389,58.9445,59.3612,2509.25,2060,1574.88,965,1682.11,120.656,159.914,167.203,121.57,159.281,661.815,48,11.032,7.46401,11.712,93.75,100,100,0,0.125,75.1796,11.25,11.25,10.5
7.169,0,0,-0.75,0,1.61438,0.99997,1.02451,3,1,1,0.820558,0,0.820558,0.82007,0,51.5625,57.9723,59.1667,58.5556,2518,2070,1575.04,965,1690.04,120.68,159.914,167.203,118.875,159.914,661.815,48,11.004,7.49068,11.684,93.75,100,100,0,-0.203125,75.1796,11.25,11.25,11.25
7.203,0,0,-0.75,0,1.62,0.99997,1.02512,3,1,1,0.820314,0,0.820558,0.82007,0,51.5625,58.3334,60.5556,59.5278,2536.25,2080,1583.05,965,1697.93,121.313,161.016,168.094,119.766,161.016,661.815,48,11.084,7.50668,11.772,93.75,100,100,0,-0.0625,75.1796,12.75,12.75,11.25
7.236,0,0,-0.75,0,1.61932,0.99997,1.02603,3,1,1,0.820314,0,0.820314,0.821046,0,51.5625,58.75,60.5278,59.1112,2544.5,2080,1580.27,965,1700.63,121.078,162.68,169.242,119.297,161.016,661.815,48,11.068,7.49601,11.756,93.75,100,100,0,0.1875,75.1796,12,12,11.25
7.269,0,0,-0.75,0,1.60834,0.99997,1.0253,3,1,1,0.820314,0,0.820314,0.816408,0,51.5625,59.3334,60.1112,60.1667,2558.5,2090,1587.3,965,1692.7,122.156,162.68,169.242,123.211,162.68,662.908,48,11.22,7.58401,11.908,93.75,100,100,0,0.015625,75.1796,12,12,12
7.303,0,0,-0.75,0,1.60608,0.99997,1.02637,3,1,1,0.820314,0,0.820314,0.823732,0,51.5625,60.0834,60.0278,59.6112,2567.75,2100,1594.02,965,1690.04,122.836,163.383,169.992,122.391,163.383,662.908,48,11.308,7.67468,11.996,93.75,100,100,0,0.109375,75.1796,12.75,12.75,11.25
7.336,0,0,-0.75,0,1.6109,0.99997,1.02606,3,1,1,0.820314,0,0.820314,0.823732,0,51.5625,60.3612,61.1389,61.3889,2573.25,2100,1600.94,965,1692.7,123.469,164.109,170.531,125.109,163.383,662.908,48,11.376,7.66401,12.064,93.75,100,100,0,0.1875,75.1796,12.75,12.75,11.25
7.369,0,0,-0.75,0,1.6178,0.99997,1.02518,3,1,1,0.820314,0,0.820314,0.814699,0,51.5625,60.4723,61.4167,61.1112,2580,2110,1595.23,965,1703.24,122.953,164.109,170.531,122.953,164.109,662.908,48,11.264,7.63201,11.952,93.75,100,100,0,-0.03125,75.1796,12,12,12
7.403,0,0,-0.75,0,1.61401,0.99997,1.02478,3,1,1,0.820314,0,0.820314,0.811769,0,51.5625,60.9445,61.25,62.3612,2596.25,2110,1603.52,965,1703.24,123.703,164.813,171.563,125.484,164.813,662.908,48,11.344,7.65601,12.024,93.75,100,100,0,-0.25,75.1796,12.75,12.75,11.25
7.436,0,0,0,0,1.6203,0.99997,1.02493,3,1,1,0.820314,0,0.820314,0.814699,0,51.5625,61.6389,61.5278,62.7223,2608.25,2120,1605.12,965,1708.55,123.797,166.008,172.57,124.641,164.813,662.908,48,11.38,7.70134,12.06,93.75,100,100,0,0.125,75.1796,12.75,12.75,11.25
7.469,0,0,0,0,1.62036,0.99997,1.02387,3,1,1,0.820314,0,0.820314,0.817384,0,51.5625,61.9167,62.4445,61.4723,2613.5,2130,1604.69,965,1708.55,123.961,166.008,172.57,122.18,166.008,664.354,48,11.368,7.73068,12.048,93.75,100,100,0,0.234375,75.1796,12,12,12
7.503,0,0,0,0,1.61609,0.99997,1.02292,3,1,1,0.820314,0,0.820314,0.817384,0,51.5625,62.1112,62.5278,62.7501,2629.75,2140,1605,965,1705.94,124.031,166.852,173.18,124.289,166.852,664.354,48,11.36,7.68534,12.04,93.75,100,100,0,-0.421875,75.1796,12.75,12.75,12
7.536,0,0,0,0,1.62634,0.99997,1.02313,3,1,1,0.820314,0,0.820314,0.822023,0,51.5625,62.5556,62.6667,62.8889,2641,2140,1606.84,965,1716.45,124.102,167.672,174.258,122.625,166.852,664.354,48,11.364,7.68801,12.068,93.75,100,100,0,-0.03125,75.1796,12,12,12
7.569,0,0,0,0,1.61652,0.99997,1.02326,3,1,1,0.820314,0,0.820314,0.823732,0,51.5625,62.6389,63.2778,63.6389,2650.5,2150,1613.09,965,1705.9,124.758,167.672,174.258,126.844,167.672,664.354,48,11.448,7.70134,12.152,93.75,100,100,0,0.234375,75.1796,12.75,12.75,12
7.603,0,0,0,0,1.62213,0.99997,1.0242,3,1,1,0.820314,0,0.820314,0.822999,0,51.5625,63.6112,63.4723,63.3612,2659,2160,1619.88,965,1708.55,125.344,168.633,174.844,124.992,168.633,664.354,48,11.544,7.80801,12.248,93.75,100,100,0,-0.171875,75.1796,11.25,11.25,12
7.636,0,0,0,0,1.62488,0.99997,1.02454,3,1,1,0.820314,0,0.820314,0.825685,0,51.5625,64.1389,63.6112,64.1667,2672.75,2160,1627.15,965,1708.55,125.859,169.43,175.922,125.953,168.633,664.354,48,11.616,7.86401,12.304,93.75,100,100,0,-0.1875,75.1796,11.25,11.25,11.25
7.669,0,0,0,0,1.63117,0.99997,1.0257,3,1,1,0.820314,0,0.820314,0.8313,0,51.5625,64.3056,63.8334,64.4723,2685.5,2170,1628.44,965,1713.79,126.117,169.43,175.922,125.086,169.43,665.779,48,11.632,7.86401,12.32,93.75,100,100,0,0.34375,75.1796,12.75,12.75,11.25
7.703,0,0,0,0,1.63428,0.99997,1.02777,3,1,1,0.820314,0,0.820314,0.832033,0,51.5625,64.8889,64.8889,67.2778,2695.75,2180,1636.88,970,1713.83,126.867,170.484,176.766,130.828,170.484,665.779,48,11.784,7.92001,12.472,93.75,100,100,0,0.15625,75.1796,12,12,12
7.736,0,0,0,0,1.64844,0.99997,1.02942,3,1,1,0.820314,0,0.820314,0.830324,0,51.5625,65.5278,65.4445,65.8056,2702.25,2180,1638.71,970,1727.03,126.938,171.281,177.445,125.18,170.484,665.779,48,11.78,7.99734,12.468,93.75,100,100,0,-0.40625,75.1796,12,12,12
7.769,0,0,0,0,1.64411,0.99997,1.02951,3,1,1,0.820314,0,0.820314,0.822023,0,51.5625,65.9167,65.2501,66.6667,2716.25,2190,1645.9,970,1719.1,127.57,171.281,177.445,128.93,171.281,665.779,48,11.884,8.03468,12.572,93.75,100,100,0,0.046875,75.1796,12.75,12.75,12
7.803,0,0,0,0,1.65253,0.99997,1.03107,3,1,1,0.820314,0,0.820314,0.822999,0,51.5625,66.5556,65.6112,66.8889,2726.75,2200,1650.39,970,1724.38,128.016,172.125,178.313,128.109,172.125,665.779,48,11.948,8.09868,12.636,93.75,100,100,0,-0.234375,75.1796,12.75,12.75,12
7.836,0,0,0,0,1.66278,0.99997,1.03082,3,1,1,0.820314,0,0.820314,0.82007,0,51.5625,66.8612,66.9723,67.8334,2736,2200,1655.08,970,1732.3,128.32,173.016,179.203,128.484,172.125,665.779,48,11.98,8.09868,12.668,93.75,100,100,0,-0.078125,75.1796,12,12,12
7.869,0,0,0,0,1.66016,0.99997,1.03043,3,1,1,0.820314,0,0.820314,0.817384,0,51.5625,67.3334,66.8612,67.4723,2746,2210,1660.12,970,1727.03,128.836,173.016,179.203,129.563,173.016,667.459,48,12.056,8.15201,12.744,93.75,100,100,0,-0.328125,75.1796,12,12,12
7.903,0,0,0,0,1.66504,0.99997,1.03018,3,1,1,0.820314,0,0.820314,0.821046,0,51.5625,68.0278,67.4723,69.0001,2760.5,2220,1662.54,970,1729.69,129.117,173.906,180,128.391,173.906,667.459,48,12.068,8.18668,12.756,93.75,99.6079,100,0,-0.171875,75.1796,11.25,11.25,12
7.936,0,0,0,0,1.67529,0.99997,1.03,3,1,1,0.820314,0,0.820314,0.821046,0,51.5625,68.7778,68.4723,70.2223,2765,2220,1678.98,970,1734.96,130.336,174.727,180.703,133.055,173.906,667.459,48,12.236,8.26934,12.924,93.75,99.6079,100,0,-0.4375,75.1796,11.25,11.25,12
7.969,0,0,0,0,1.68939,0.99997,1.03073,3,1,1,0.820314,0,0.820314,0.824708,0,51.5625,69.1667,69.0278,71.7223,2775,2230,1688.98,970,1745.51,131.227,174.727,180.703,134.32,174.727,667.459,48,12.372,8.31734,13.06,93.75,100,100,0,0.109375,75.1796,12,12,11.25
8.003,0,0,0,0,1.68659,0.99997,1.03293,3,1,1,0.820314,0,0.820314,0.835695,0,51.5625,70.2223,68.9445,72.7501,2795.75,2230,1710.04,970,1737.62,132.984,175.523,181.617,138.094,175.523,667.459,48,12.644,8.45868,13.332,93.75,100,100,0,0.125,75.1796,11.25,11.25,12
8.036,0,0,0,0,1.71527,0.99997,1.03384,3,1,1,0.820314,0,0.820314,0.833009,0,51.5625,71.0278,69.7778,71.8056,2802.5,2240,1708.75,970,1761.37,132.844,176.531,182.648,132.961,175.523,667.459,48,12.624,8.51734,13.312,93.75,100,100,0,-0.53125,75.1796,11.25,11.25,11.25
8.069,0,0,0,0,1.70618,0.99997,1.03607,3,1,1,0.820314,0,0.820314,0.833986,0,51.5625,71.6667,70.6945,73.1667,2814.75,2250,1720.16,970,1748.16,133.922,176.531,182.648,136.898,176.531,669.432,48,12.772,8.59468,13.46,93.75,100,100,0,-0.125,75.1796,11.25,11.25,11.25
8.103,0,0,0,0,1.72547,0.99997,1.03949,3,1,1,0.820314,0,0.820314,0.835695,0,51.5625,72.5278,71.5001,72.2778,2825.5,2260,1724.8,970,1761.37,134.414,177.539,183.492,132.094,177.539,669.432,48,12.852,8.71468,13.54,93.75,100,100,0,0.15625,75.1796,11.25,11.25,11.25
8.136,0,0,0,0,1.73926,0.99997,1.04199,3,1,1,0.820314,0,0.820314,0.838624,0,51.5625,72.8889,72.0834,73.3334,2838.25,2260,1725.31,970,1771.95,134.438,178.477,184.523,131.25,177.539,669.432,48,12.852,8.71201,13.556,93.75,100,100,0,-0.328125,75.1796,11.25,11.25,11.25
8.169,0,0,0,0,1.73737,0.99997,1.04285,3,1,1,0.820314,0,0.820314,0.830324,0,51.5625,73.1667,72.9723,73.5278,2847,2260,1726.68,970,1766.64,134.719,178.477,184.523,133.688,178.477,669.432,48,12.876,8.70668,13.58,93.75,100,100,0,-0.296875,75.1796,12,12,11.25
8.203,0,0,0,0,1.7334,0.99997,1.04382,3,1,1,0.820314,0,0.820314,0.821046,0,51.5625,73.8056,72.8056,73.8056,2857.75,2280,1731.76,970,1758.75,135.234,179.461,185.203,136.219,179.461,669.432,48,12.956,8.74401,13.644,93.75,99.6079,100,0,-0.015625,75.1796,11.25,11.25,12
8.236,0,0,0,0,1.73297,0.99997,1.04321,3,1,1,0.820314,0,0.820314,0.813722,0,51.5625,73.9723,73.2223,73.5278,2866.25,2280,1731.6,970,1756.09,135.211,180.211,185.977,132.375,179.461,669.432,48,12.912,8.72268,13.6,93.75,99.6079,100,0,-0.34375,75.1796,11.25,11.25,11.25
8.269,0,0,0,0,1.72864,0.99997,1.04245,3,1,1,0.820314,0,0.820314,0.811769,0,51.5625,74.5001,72.6389,74.5278,2871.25,2280,1745.23,970,1748.16,136.453,180.211,185.977,139.148,180.211,671.873,48,13.04,8.77068,13.728,93.75,100,100,0,0,75.1796,11.25,11.25,11.25
8.303,0,0,0,0,1.72955,0.99997,1.04083,3,1,1,0.820314,0,0.820314,0.815675,0,51.5625,75.3056,73.6945,75.6112,2885.25,2290,1752.3,970,1742.89,137.156,181.031,186.75,141.07,181.031,671.873,48,13.08,8.79468,13.768,93.75,99.6079,100,0,-0.359375,75.1796,12,12,11.25
8.336,0,0,0,0,1.75104,0.99997,1.03824,3,1,1,0.820314,0,0.820314,0.809083,0,51.5625,75.3889,74.6112,74.1389,2896.75,2290,1738.52,970,1761.37,136.031,181.875,187.547,133.781,181.031,671.873,48,12.932,8.73601,13.62,93.75,100,100,0,-0.484375,75.1796,12,12,11.25
8.369,0,0,0,0,1.74915,0.99997,1.03565,3,1,1,0.820314,0,0.820314,0.800782,0,51.5625,75.6112,74.5001,74.4723,2907.25,2300,1734.06,970,1758.79,135.82,181.875,187.547,134.93,181.875,671.873,48,12.872,8.71468,13.56,93.75,99.2157,100,0,-0.078125,75.1796,12,12,12
8.403,0,0,0,0,1.74896,0.99997,1.03317,3,1,1,0.820314,0,0.820314,0.796876,0,51.5625,75.8334,74.5001,75.9445,2918.25,2310,1738.44,970,1756.09,136.313,182.695,188.297,137.063,182.695,671.873,48,12.884,8.72001,13.572,93.75,100,100,0,-0.1875,75.1796,12,12,12
8.436,0,0,0,0,1.75159,0.99997,1.03037,3,1,1,0.820314,0,0.820314,0.797609,0,51.5625,76.3056,74.6112,75.6112,2931,2310,1740.12,970,1756.09,136.641,183.539,189.188,135.773,182.695,671.873,48,12.876,8.69868,13.564,93.75,100,100,0,-0.265625,75.1796,12,12,12
8.469,0,0,0,0,1.74939,0.99997,1.02768,3,1,1,0.820314,0,0.820314,0.800782,0,51.5625,76.4723,75.5001,76.1945,2941,2310,1744.77,970,1750.82,137.016,183.539,189.188,137.109,183.539,674.588,48,12.868,8.67734,13.556,93.75,100,100,0,-0.0625,75.1796,12,12,12
8.503,0,0,0,0,1.75281,0.99997,1.02481,3,1,1,0.820314,0,0.820314,0.808107,0,51.5625,77.1112,75.6667,77.0556,2951,2320,1744.65,970,1750.82,137.156,184.453,190.031,138.492,184.453,674.588,48,12.848,8.67201,13.56,93.75,100,100,0,-0.015625,75.1796,11.25,11.25,12
8.536,0,0,0,0,1.76111,0.99997,1.02277,3,1,1,0.820314,0,0.820314,0.804445,0,51.5625,77.2223,76.0278,76.5834,2954,2320,1740.98,970,1756.09,136.945,185.203,190.477,136.195,184.453,674.588,48,12.796,8.64001,13.508,93.75,100,100,0,-0.625,75.1796,11.25,11.25,14.25
8.569,0,0,0,0,1.76386,0.99997,1.02234,3,1,1,0.820314,0,0.820314,0.81006,0,51.5625,77.5278,77.1945,76.6112,2970.75,2330,1739.38,970,1756.09,136.805,185.203,190.477,135.82,185.203,674.588,48,12.772,8.65334,13.484,93.75,100,100,0,-0.125,75.1796,11.25,11.25,11.25
8.603,0,0,0,0,1.76813,0.99997,1.02231,3,1,1,0.820314,0,0.820314,0.82007,0,51.5625,78.1667,77.389,77.5278,2982.5,2330,1738.91,970,1758.71,136.969,185.906,191.555,135.703,185.906,674.588,48,12.788,8.65601,13.484,93.75,100,100,0,-0.265625,75.1796,12,12,12
8.636,0,0,0,0,1.76361,0.99997,1.02222,3,1,1,0.820314,0,0.820314,0.818361,0,51.5625,78.2223,77.1945,79.3612,2993.5,2330,1746.48,970,1753.44,137.742,186.891,192.234,139.781,185.906,674.588,48,12.852,8.63734,13.548,93.75,100,100,0,-0.546875,75.1796,11.25,11.25,11.25
8.669,0,0,0,0,1.76459,0.99997,1.02231,3,1,1,0.820314,0,0.820314,0.816408,0,51.5625,78.7501,77.2223,77.6945,3006.5,2340,1742.42,970,1750.86,137.414,186.891,192.234,136.969,186.891,677.479,48,12.824,8.67201,13.52,93.75,100,100,0,0.171875,75.1796,10.5,10.5,10.5
8.703,0,0,0,0,1.76837,0.99997,1.02301,3,1,1,0.820314,0,0.820314,0.82007,0,51.5625,78.9167,78.4167,79.0001,3015,2350,1742.46,970,1753.48,137.531,187.664,192.961,138.211,187.664,677.479,48,12.844,8.65068,13.54,93.75,100,100,0,-0.265625,75.1796,12,12,12.75
8.736,0,0,0,0,1.76996,0.99997,1.02213,3,1,1,0.820314,0,0.820314,0.816408,0,51.5625,79.0834,78.5001,80.2501,3021.25,2350,1743.32,970,1753.48,137.555,188.203,193.055,140.414,187.664,677.479,48,12.832,8.62668,13.528,93.75,100,100,0,-0.375,75.1796,12,12,12
8.769,0,0,0,0,1.78119,0.99997,1.0213,3,1,1,0.820314,0,0.820314,0.814699,0,51.5625,79.5001,79.0001,78.6112,3036.25,2360,1740.59,970,1763.98,137.344,188.203,193.055,134.18,188.203,677.479,48,12.804,8.65601,13.5,93.75,100,100,0,-0.015625,75.1796,12.75,12.75,12
8.803,0,0,0,0,1.78174,0.99997,1.02191,3,1,1,0.820314,0,0.820314,0.82007,0,51.5625,79.9723,80.0001,79.4167,3045.5,2360,1743.75,970,1761.37,137.555,188.344,193.148,136.219,188.344,677.479,48,12.856,8.66934,13.544,93.75,100,100,0,-0.234375,75.1796,12.75,12.75,12.75
8.836,0,0,0,0,1.77881,0.99997,1.02249,3,1,1,0.820314,0,0.820314,0.822999,0,51.5625,80.139,79.889,79.1945,3054.25,2360,1743.48,970,1758.75,137.461,188.508,193.266,136.078,188.344,677.479,48,12.852,8.66401,13.54,93.75,100,100,0,-0.4375,75.1796,12.75,12.75,12.75
8.869,0,0,0,0,1.77307,0.99997,1.02332,3,1,1,0.820314,0,0.820314,0.825685,0,51.5625,80.139,79.639,80.6945,3066,2360,1743.55,970,1753.48,137.484,188.508,193.266,139.523,188.508,680.389,48,12.86,8.65068,13.548,93.75,100,100,0,0.125,75.1796,12.75,12.75,12.75
8.903,0,0,0,0,1.78021,0.99997,1.02475,3,1,1,0.820314,0,0.820314,0.827638,0,51.5625,80.5278,79.9723,79.5001,3075.5,2370,1740.2,970,1758.75,137.18,188.719,193.406,135.727,188.719,680.389,48,12.852,8.66668,13.54,93.75,100,100,0,-0.234375,75.1796,12.75,12.75,12.75
8.936,0,0,0,0,1.77533,0.99997,1.02475,3,1,1,0.820314,0,0.820314,0.819337,0,51.5625,80.6667,79.7223,80.0278,3081,2370,1740.51,970,1753.48,137.18,188.625,193.477,137.766,188.719,680.389,48,12.88,8.64001,13.568,93.75,100,100,0,-0.21875,75.1796,12.75,12.75,12.75
8.969,0,0,0,0,1.7854,0.99997,1.0253,3,1,1,0.820314,0,0.820314,0.818361,0,51.5625,81.1112,81.3612,80.5278,3093,2370,1742.38,970,1761.33,137.32,188.625,193.477,135.445,188.625,680.389,48,12.896,8.68801,13.584,93.75,100,100,0,0.125,75.1796,12.75,12.75,12.75
9.003,0,0,0,0,1.78223,0.99997,1.02478,3,1,1,0.820314,0,0.820314,0.816408,0,51.5625,81.5278,81.2223,80.8334,3108,2370,1744.1,965,1758.75,137.438,188.625,193.617,136.219,188.625,680.389,48,12.9,8.67201,13.588,93.75,100,100,0,-0.40625,75.1796,12.75,12.75,12.75
9.036,0,0,0,0,1.77484,0.99997,1.02402,3,1,1,0.820314,0,0.820314,0.814699,0,51.5625,81.8056,80.8612,81.0556,3110,2370,1748.13,965,1750.82,137.766,188.578,193.664,138.141,188.625,680.389,48,12.92,8.67734,13.624,93.75,100,100,0,-0.015625,75.1796,12.75,12.75,12.75
9.069,0,0,0,0,1.78912,0.99997,1.02332,3,1,1,0.820314,0,0.820314,0.814699,0,51.5625,81.8056,81.5278,81.3334,3120,2370,1743.91,965,1763.98,137.414,188.578,193.664,135.281,188.578,683.24,48,12.864,8.68801,13.568,93.75,100,100,0,-0.21875,75.1796,12.75,12.75,12.75
9.103,0,0,0,0,1.78156,0.99997,1.0224,3,1,1,0.820314,0,0.820314,0.816408,0,51.5625,82.0001,82.4445,81.7501,3136,2370,1742.58,965,1756.09,137.273,188.531,193.805,137.133,188.531,683.24,48,12.872,8.63201,13.568,93.75,100,100,0,-0.546875,75.1796,12.75,12.75,12.75
9.136,0,0,0,0,1.77777,0.99997,1.02115,3,1,1,0.820314,0,0.820314,0.813722,0,51.5625,82.3334,82.2778,83.0278,3146.75,2370,1747.85,965,1753.44,137.695,187.5,193.875,139.289,188.531,683.24,48,12.896,8.62668,13.592,93.75,100,100,0,0.109375,75.1796,12.75,12.75,12.75
9.169,0,0,0,0,1.77966,0.99997,1.0191,3,1,1,0.820314,0,0.820314,0.807374,0,51.5625,82.8056,82.3612,83.1667,3155,2350,1749.49,965,1753.48,137.836,187.5,193.875,138.938,187.5,683.24,48,12.916,8.64268,13.612,93.75,100,100,0,-0.21875,75.1796,12,12,12
9.203,0,0,0,0,1.78284,0.99997,1.01776,3,1,1,0.820314,0,0.820314,0.809083,0,51.5625,83.3334,82.5001,83.7223,3158.5,2350,1754.18,965,1753.4,138.164,187.477,194.016,138.68,187.477,683.24,48,12.928,8.67468,13.616,93.75,100,100,0,-0.421875,75.1796,12,12,11.25
9.236,0,0,0,0,1.7815,0.99997,1.01639,3,1,1,0.820314,0,0.820314,0.813722,0,51.5625,83.5556,82.4445,83.6112,3168.5,2350,1754.14,965,1750.82,138.188,187.43,194.063,138.797,187.477,683.24,48,12.912,8.65068,13.6,93.75,100,100,0,0.078125,75.1796,12,12,11.25
9.269,0,0,0,0,1.78424,0.99997,1.01514,3,1,1,0.820314,0,0.820314,0.815675,0,51.5625,83.5556,83.7778,83.1667,3174.5,2350,1748.63,965,1753.44,137.719,187.43,194.063,137.461,187.43,685.975,48,12.892,8.62668,13.58,93.75,100,100,0,-0.515625,75.1796,12,12,11.25
9.303,0,0,0,0,1.78632,0.99997,1.01633,3,1,1,0.820314,0,0.820314,0.821046,0,51.5625,83.889,83.8612,84.0278,3189.75,2350,1751.48,965,1756.09,137.93,187.406,194.18,137.672,187.406,685.975,48,12.912,8.62401,13.608,93.75,100,100,0,-0.265625,75.1796,12,12,12
9.336,0,0,0,0,1.78467,0.99997,1.01651,3,1,1,0.820314,0,0.820314,0.82007,0,51.5625,84.3056,83.7778,83.7778,3197.75,2350,1753.32,965,1753.44,138.047,187.359,194.273,137.484,187.406,685.975,48,12.932,8.64801,13.628,93.75,100,100,0,-0.140625,75.1796,12,12,12
9.369,0,0,0,0,1.7879,0.99997,1.01672,3,1,1,0.820314,0,0.820314,0.818361,0,51.5625,84.5278,85.1945,84.1667,3215.75,2350,1751.05,965,1756.09,137.883,187.359,194.273,136.969,187.359,685.975,48,12.948,8.64801,13.644,93.75,100,100,0,-0.359375,75.1796,12,12,12
9.403,0,0,0,0,1.79144,0.99997,1.01657,3,1,1,0.820314,0,0.820314,0.816408,0,51.5625,84.7778,85.389,84.639,3232.25,2350,1749.18,965,1758.75,137.695,187.359,194.438,136.477,187.359,685.975,48,12.924,8.63201,13.62,93.75,100,100,0,-0.234375,75.1796,9.75,9.75,9.75
9.436,0,0,0,0,1.77515,0.99997,1.01495,3,1,1,0.820314,0,0.820314,0.809083,0,51.5625,84.8334,84.6112,84.0001,3234.75,2350,1749.41,965,1745.51,137.695,187.242,194.508,138.773,187.359,685.975,48,12.872,8.58134,13.56,93.75,100,100,0,-0.53125,75.1796,12,12,12
9.469,0,0,0,0,1.78113,0.99997,1.01364,3,1,1,0.820314,0,0.820314,0.81006,0,51.5625,84.9445,84.8612,84.7223,3236,2350,1745.7,965,1750.86,137.414,187.242,194.508,138.516,187.242,689.061,48,12.832,8.58401,13.52,93.75,100,100,0,-0.515625,75.1796,12.75,12.75,15
9.503,0,0,0,0,1.78815,0.99997,1.01376,3,1,1,0.820314,0,0.820314,0.822999,0,51.5625,85.2223,86.4723,84.0278,3253,2350,1740.78,965,1758.71,136.992,187.266,194.578,134.672,187.266,689.061,48.75,12.828,8.56001,13.516,93.75,100,100,0,-0.359375,75.1796,12.75,12.75,12.75
9.536,0,0,0,0,1.78259,0.99997,1.01199,3,1,1,0.820314,0,0.820314,0.815675,0,51.5625,85.3056,86.1945,84.1112,3265.75,2350,1739.45,965,1756.05,136.898,187.242,194.742,134.906,187.266,689.061,48.75,12.788,8.51468,13.476,93.75,100,100,0,-0.734375,75.1796,11.25,11.25,11.25
9.569,0,0,0,0,1.78168,0.99997,1.01422,3,1,1,0.820314,0,0.820314,0.82007,0,51.5625,85.6945,86.1667,86.0834,3274,2350,1743.24,965,1756.05,137.18,187.242,194.742,137.32,187.242,689.061,48.75,12.844,8.54401,13.532,93.75,100,100,0,-0.1875,75.1796,13.5,13.5,13.5
9.603,0,0,0,0,1.78174,0.99997,1.01441,3,1,1,0.820314,0,0.820314,0.822023,0,51.5625,86.0556,87.3612,85.0556,3282.75,2350,1742.66,965,1756.05,137.133,187.172,194.789,135.023,187.172,689.061,48.75,12.868,8.56801,13.556,93.75,100,100,0,-0.359375,75.1796,13.5,13.5,13.5
9.636,0,0,0,0,1.77619,0.99997,1.01456,3,1,1,0.820314,0,0.820314,0.821046,0,51.5625,86.4445,87.0834,85.7501,3293,2350,1747.03,965,1753.44,137.508,187.148,194.906,135.961,187.172,689.061,48.75,12.904,8.57334,13.592,93.75,100,100,0,-0.546875,75.1796,13.5,13.5,13.5
9.669,0,0,0,0,1.77454,0.99997,1.01529,3,1,1,0.820314,0,0.820314,0.82007,0,51.5625,86.5001,87.0001,86.2778,3310.5,2350,1742.38,965,1753.44,137.086,187.148,194.906,136.57,187.148,692.225,48.75,12.876,8.56001,13.564,93.75,100,100,0,-0.109375,75.1796,13.5,13.5,13.5
9.703,0,0,0,0,1.76685,0.99997,1.01532,3,1,1,0.820314,0,0.820314,0.82007,0,51.5625,86.8056,86.639,86.0834,3316.5,2350,1748.05,970,1745.51,137.531,187.102,195.047,137.109,187.102,692.225,48.75,12.92,8.57334,13.616,93.75,100,100,0,-0.40625,75.1796,13.5,13.5,13.5
9.736,0,0,0,0,1.77155,0.99997,1.01498,3,1,1,0.820314,0,0.820314,0.819337,0,51.5625,86.9723,86.8334,86.639,3324,2350,1742.42,970,1750.82,137.086,187.078,195.117,136.5,187.102,692.225,48.75,12.864,8.54668,13.56,93.75,99.6079,100,0,-0.28125,75.1796,13.5,13.5,13.5
9.769,0,0,0,0,1.77155,0.99997,1.0141,3,1,1,0.820314,0,0.820314,0.816408,0,51.5625,87.3056,88.1112,88.3056,3335,2350,1746.76,970,1750.82,137.438,187.078,195.117,138.773,187.078,692.225,48.75,12.932,8.55734,13.628,93.75,100,100,0,-0.140625,75.1796,13.5,13.5,13.5
9.803,0,0,0,0,1.76795,0.99997,1.01285,3,1,1,0.820314,0,0.820314,0.811769,0,51.5625,87.4445,87.9445,86.0001,3343.5,2350,1740.86,970,1748.16,136.945,187.008,195.211,135.469,187.008,692.225,48.75,12.868,8.54401,13.564,93.75,100,100,0,-0.671875,75.1796,13.5,13.5,13.5
9.836,0,0,0,0,1.76508,0.99997,1.00992,3,1,1,0.820314,0,0.820314,0.803712,0,51.5625,87.3056,87.7778,86.3334,3356.25,2350,1733.75,970,1748.2,136.313,188.016,195.328,136.102,187.008,692.225,48.75,12.772,8.47734,13.46,93.75,100,100,0,-0.078125,75.1796,13.5,13.5,13.5
9.869,0,0,0,0,1.76483,0.99997,1.00714,3,1,1,0.820314,0,0.820314,0.805421,0,51.5625,87.5556,87.7778,87.6945,3366,2360,1735.43,970,1750.82,136.477,188.016,195.328,136.922,188.016,695.135,48.75,12.772,8.43201,13.46,93.75,100,100,0,-0.46875,75.1796,13.5,13.5,13.5
9.903,0,0,0,0,1.76605,0.99997,1.00412,3,1,1,0.820314,0,0.820314,0.808107,0,51.5625,87.7223,89.0834,87.0001,3371.75,2360,1732.19,970,1753.4,136.195,187.945,195.422,134.953,187.945,695.135,48.75,12.708,8.42668,13.396,93.75,100,100,0,-0.640625,75.1796,13.5,13.5,13.5
9.936,0,0,0,0,1.76007,0.99997,1.00229,3,1,1,0.820314,0,0.820314,0.809083,0,51.5625,87.9445,88.7778,88.0001,3384,2360,1731.64,970,1750.82,136.125,187.922,195.539,136.734,187.945,695.135,48.75,12.648,8.36801,13.336,93.75,100,100,0,-0.28125,75.1796,13.5,13.5,13.5
9.969,0,0,0,0,1.75861,0.99997,1.00266,3,1,1,0.820314,0,0.820314,0.817384,0,51.5625,88.0278,88.6945,86.6667,3391.25,2360,1728.55,970,1750.82,135.891,187.922,195.539,134.25,187.922,695.135,48.75,12.628,8.37868,13.316,93.75,100,100,0,-0.65625,75.1796,13.5,13.5,13.5
10.003,0,0,0,0,1.75299,0.99997,1.00348,3,1,1,0.820314,0,0.820314,0.821046,0,51.5625,88.4167,89.6112,88.889,3407.75,2360,1730.94,970,1748.16,136.078,187.898,195.656,137.344,187.898,695.135,48.75,12.68,8.38401,13.368,93.75,100,100,0,-0.359375,75.1796,13.5,13.5,13.5
10.036,0,0,0,0,1.75861,0.99997,1.00516,3,1,1,0.820314,0,0.820314,0.823732,0,51.5625,88.6667,89.889,87.9723,3415.5,2360,1727.7,970,1756.05,135.844,187.852,195.75,133.781,187.898,695.135,48.75,12.68,8.38401,13.368,93.75,100,100,0,-0.359375,75.1796,13.5,13.5,13.5
10.069,0,0,0,0,1.75141,0.99997,1.00653,3,1,1,0.820314,0,0.820314,0.822999,0,51.5625,89.0556,89.5278,88.2778,3424.5,2360,1731.95,970,1750.82,136.172,187.852,195.75,135.211,187.852,698.104,48.75,12.76,8.41334,13.448,93.75,100,100,0,-0.46875,75.1796,13.5,13.5,13.5
10.103,0,0,0,0,1.74878,0.99997,1.00739,3,1,1,0.820314,0,0.820314,0.822023,0,51.5625,89.0001,89.389,88.3334,3430.75,2360,1729.45,970,1750.82,135.961,187.828,195.82,135.398,187.828,698.104,48.75,12.72,8.41068,13.408,93.75,100,100,0,-0.21875,75.1796,13.5,13.5,13.5
10.136,0,0,0,0,1.75415,0.99997,1.00711,3,1,1,0.820314,0,0.820314,0.821046,0,51.5625,89.639,89.6667,89.639,3441.5,2360,1733.79,970,1756.05,136.289,187.805,195.914,135.188,187.828,698.104,48.75,12.784,8.46134,13.472,93.75,100,100,0,-0.703125,75.1796,13.5,13.5,13.5
10.169,0,0,0,0,1.75189,0.99997,1.0076,3,1,1,0.820314,0,0.820314,0.82007,0,51.5625,89.7501,90.7779,89.2223,3458,2360,1730.08,970,1753.4,136.008,187.805,195.914,134.555,187.805,698.104,48.75,12.784,8.42934,13.472,93.75,100,100,0,-0.203125,75.1796,13.5,13.5,13.5
10.203,0,0,0,0,1.75385,0.99997,1.00745,3,1,1,0.820314,0,0.820314,0.821046,0,51.5625,89.8056,90.889,90.5001,3464,2360,1730.31,970,1758.75,136.008,187.781,196.031,135.445,187.781,698.104,48.75,12.752,8.40801,13.448,93.75,100,100,0,-0.265625,75.1796,13.5,13.5,13.5
10.236,0,0,0,0,1.74695,0.99997,1.00671,3,1,1,0.820314,0,0.820314,0.817384,0,51.5625,90.1667,90.5279,89.5834,3465.75,2360,1730.86,970,1753.4,136.078,187.711,196.102,135.188,187.781,698.104,48.75,12.756,8.41334,13.452,93.75,100,100,0,-0.265625,75.1796,13.5,13.5,13.5
10.269,0,0,0,0,1.74371,0.99997,1.00696,3,1,1,0.820314,0,0.820314,0.818361,0,51.5625,90.5556,90.3612,89.7778,3486.75,2360,1731.25,970,1750.82,136.102,187.711,196.102,135.914,187.711,701.033,48.75,12.792,8.44534,13.488,93.75,100,100,0,-0.625,75.1796,13.5,13.5,13.5
10.303,0,0,0,0,1.74787,0.99997,1.00711,3,1,1,0.820314,0,0.820314,0.819337,0,51.5625,90.389,91.8056,91.4167,3495.5,2360,1726.95,970,1758.75,135.703,187.688,196.242,136.594,187.688,701.033,48.75,12.752,8.37868,13.448,93.75,100,100,0,-0.46875,75.1796,13.5,13.5,13.5
10.336,0,0,0,0,1.74335,0.99997,1.00559,3,1,1,0.820314,0,0.820314,0.816408,0,51.5625,90.9167,91.5279,90.6667,3506.25,2350,1729.57,970,1756.09,135.891,187.641,196.336,135.891,187.688,701.033,48.75,12.752,8.39468,13.432,93.75,100,100,0,-0.46875,75.1796,13.5,13.5,13.5
10.369,0,0,0,0,1.74463,0.99997,1.00617,3,1,1,0.820314,0,0.820314,0.82007,0,51.5625,91.5001,91.6112,92.4723,3512.75,2350,1736.33,970,1758.75,136.477,187.641,196.336,137.836,187.641,701.033,48.75,12.84,8.45334,13.52,93.75,99.6079,100,0,-0.453125,75.1796,13.5,13.5,13.5
10.403,0,0,0,0,1.74536,0.99997,1.00589,3,1,1,0.820314,0,0.820314,0.819337,0,51.5625,91.7223,91.639,91.3334,3520.5,2350,1737.89,970,1758.75,136.594,187.594,196.406,136.148,187.594,701.033,48.75,12.86,8.45601,13.548,93.75,99.6079,100,0,-0.453125,75.1796,14.25,14.25,14.25
10.436,0,0,0,0,1.74542,0.99997,1.00467,3,1,1,0.820314,0,0.820314,0.816408,0,51.5625,91.9445,92.9167,91.9445,3536.25,2350,1732.77,970,1761.37,136.172,187.781,196.477,136.5,187.594,701.033,48.75,12.804,8.40534,13.492,93.75,100,100,0,-0.25,75.1796,14.25,14.25,14.25
10.469,0,0,0,0,1.74164,0.99997,1.00433,3,1,1,0.820314,0,0.820314,0.813722,0,51.5625,92.1945,92.6945,92.139,3545.5,2350,1732.38,970,1761.37,136.266,187.781,196.477,136.547,187.781,704.022,48.75,12.8,8.41068,13.488,93.75,100,100,0,-0.28125,75.1796,14.25,14.25,14.25
10.503,0,0,0,0,1.74555,0.99997,1.00214,3,1,1,0.820314,0,0.820314,0.811036,0,51.5625,92.3056,92.889,92.4723,3554,2350,1730.78,970,1766.64,136.266,187.734,196.547,136.102,187.734,704.022,48.75,12.772,8.39734,13.468,93.75,99.6079,100,0,-0.28125,75.1796,14.25,14.25,14.25
10.536,0,0,0,0,1.73657,0.99997,0.999787,3,1,1,0.820314,0,0.820314,0.809083,0,51.5625,92.8334,92.4167,91.6667,3567,2350,1732.27,970,1758.75,136.383,187.945,196.617,136.289,187.734,704.022,48.75,12.752,8.37868,13.448,93.75,99.6079,100,0,-0.21875,75.1796,14.25,14.25,14.25
10.569,0,0,0,0,1.7381,0.99997,0.997315,3,1,1,0.820314,0,0.820314,0.811769,0,51.5625,93.0556,93.5834,92.6667,3574.75,2350,1729.8,970,1761.37,136.336,187.945,196.617,136.406,187.945,704.022,48.75,12.712,8.34934,13.408,93.75,100,100,0,-0.546875,75.1796,14.25,14.25,14.25
10.603,0,0,0,0,1.73029,0.99997,0.995026,3,1,1,0.820314,0,0.820314,0.811036,0,51.5625,93.0556,93.1667,92.3334,3585,2350,1727.62,970,1756.13,136.242,188.039,196.664,137.109,188.039,704.022,48.75,12.668,8.32801,13.372,93.75,100,100,0,-0.078125,75.1796,14.25,14.25,14.25
10.636,0,0,0,0,1.74201,0.99997,0.994172,3,1,1,0.820314,0,0.820314,0.811036,0,51.5625,93.3612,93.8056,93.3056,3596.5,2350,1725,970,1769.3,136.031,188.297,196.734,135.211,188.039,704.022,48.75,12.644,8.31201,13.348,93.75,100,100,0,-0.609375,75.1796,14.25,14.25,14.25
10.669,0,0,0,0,1.74036,0.99997,0.994294,3,1,1,0.820314,0,0.820314,0.816408,0,51.5625,93.6945,93.6945,95.1112,3607.75,2350,1725.98,970,1769.3,136.219,188.297,196.734,137.672,188.297,707.166,48.75,12.66,8.29334,13.364,93.75,100,100,0,-0.75,75.1796,14.25,14.25,14.25
10.703,0,0,0,0,1.73932,0.99997,0.994874,3,1,1,0.820314,0,0.820314,0.822023,0,51.5625,94.1667,94.6945,95.3056,3614.25,2350,1732.3,970,1769.3,136.875,188.461,196.805,137.297,188.461,707.166,48.75,12.74,8.34401,13.444,93.75,100,100,0,-0.796875,75.1796,14.25,14.25,14.25
10.736,0,0,0,0,1.73755,0.99997,0.995911,3,1,1,0.820314,0,0.820314,0.822999,0,51.5625,94.639,94.5556,94.5556,3623.5,2350,1731.88,970,1766.64,136.828,188.555,196.852,137.039,188.461,707.166,48.75,12.752,8.37601,13.456,93.75,100,100,0,-0.84375,75.1796,14.25,14.25,14.25
10.769,0,0,0,0,1.74292,0.99997,0.997712,3,1,1,0.820314,0,0.820314,0.823732,0,51.5625,95.3056,94.889,95.5001,3639,2350,1735.43,970,1771.95,137.203,188.555,196.852,136.805,188.555,707.166,48.75,12.844,8.43201,13.548,93.75,100,100,0,-0.8125,75.1796,14.25,14.25,14.25
10.803,0,0,0,0,1.74597,0.99997,0.998261,3,1,1,0.820314,0,0.820314,0.823732,0,51.5625,95.6112,96.139,94.7779,3648.5,2350,1732.3,970,1774.57,137.063,188.883,196.945,134.93,188.883,707.166,48.75,12.848,8.44268,13.536,93.75,100,100,0,-0.8125,75.1796,14.25,14.25,14.25
10.836,0,0,0,0,1.7367,0.99997,1.00031,3,1,1,0.820314,0,0.820314,0.826661,0,51.5625,95.7223,95.6112,95.6112,3657,2350,1732.97,970,1766.64,137.109,188.883,196.992,138.398,188.883,707.166,48.75,12.852,8.43201,13.54,93.75,100,100,0,-0.34375,75.1796,14.25,14.25,14.25
10.869,0,0,0,0,1.74237,0.99997,1.00165,3,1,1,0.820314,0,0.820314,0.825685,0,51.5625,95.7779,95.9445,95.1112,3664.25,2350,1729.53,970,1774.57,136.922,188.883,196.992,135.633,188.883,710.389,48.75,12.852,8.43201,13.54,93.75,100,100,0,-0.703125,75.1796,14.25,14.25,14.25
10.903,0,0,0,0,1.74237,0.99997,1.00211,3,1,1,0.820314,0,0.820314,0.824708,0,51.5625,95.9723,95.9445,97.139,3673.75,2350,1728.87,970,1774.57,136.945,189.141,197.063,138.703,189.141,710.389,48.75,12.856,8.43734,13.544,93.75,100,100,0,-0.703125,75.1796,14.25,14.25,14.25
10.936,0,0,0,0,1.7428,0.99997,1.00321,3,1,1,0.820314,0,0.820314,0.826661,0,51.5625,96.3056,95.9723,97.0001,3685.75,2350,1730.39,970,1774.57,137.203,189.305,197.133,138.609,189.141,710.389,48.75,12.892,8.42934,13.58,93.75,100,100,0,-0.46875,75.1796,14.25,14.25,14.25
10.969,0,0,0,0,1.74268,0.99997,1.00549,3,1,1,0.820314,0,0.820314,0.829347,0,51.5625,96.7779,96.9723,96.5834,3702.75,2350,1729.61,970,1774.57,137.109,189.305,197.133,136.969,189.305,710.389,48.75,12.924,8.46934,13.612,93.75,100,100,0,-0.140625,75.1796,14.25,14.25,14.25
11.003,0,0,0,0,1.74011,0.99997,1.00766,3,1,1,0.820314,0,0.820314,0.827638,0,51.5625,97.1667,96.8612,96.639,3711,2350,1729.77,970,1771.95,137.227,189.469,197.203,137.297,189.469,710.389,48.75,12.964,8.48001,13.652,93.75,100,100,0,-0.640625,75.1796,14.25,14.25,14.25
11.036,0,0,0,0,1.74072,0.99997,1.00781,3,1,1,0.820314,0,0.820314,0.825685,0,51.5625,96.7779,96.889,96.8056,3716,2350,1721.72,970,1774.57,136.547,189.633,197.25,137.133,189.469,710.389,48.75,12.896,8.43734,13.6,93.75,100,100,0,-0.640625,75.1796,14.25,14.25,14.25
11.069,0,0,0,0,1.73853,0.99997,1.00794,3,1,1,0.820314,0,0.820314,0.822999,0,51.5625,97.0001,96.7779,97.2501,3732.25,2350,1720.35,970,1774.57,136.523,189.633,197.25,137.344,189.633,713.631,48.75,12.904,8.45068,13.608,93.75,100,100,0,-0.546875,75.1796,14.25,14.25,14.25
11.103,0,0,0,0,1.7384,0.99997,1.0079,3,1,1,0.820314,0,0.820314,0.819337,0,51.5625,97.4167,97.7779,97.139,3738.75,2350,1721.64,970,1774.57,136.711,189.797,197.32,136.57,189.797,713.631,48.75,12.924,8.46668,13.62,93.75,100,100,0,-0.453125,75.1796,14.25,14.25,14.25
11.136,0,0,0,0,1.73615,0.99997,1.00708,3,1,1,0.820314,0,0.820314,0.816408,0,51.5625,97.639,97.6667,96.2779,3746.25,2350,1719.26,970,1771.99,136.5,190.008,197.391,135.75,189.797,713.631,48.75,12.896,8.45068,13.592,93.75,100,100,0,0.109375,75.1796,14.25,14.25,14.25
11.169,0,0,0,0,1.73413,0.99997,1.00745,3,1,1,0.820314,0,0.820314,0.822999,0,51.5625,97.9723,97.5556,98.639,3760.75,2350,1720.82,970,1771.95,136.734,190.008,197.391,137.93,190.008,713.631,48.75,12.924,8.45601,13.62,93.75,100,100,0,-0.546875,75.1796,13.5,13.5,13.5
11.203,0,0,0,0,1.73712,0.99997,1.00723,3,1,1,0.820314,0,0.820314,0.821046,0,51.5625,98.1667,98.7779,97.3612,3763.5,2350,1717.77,970,1774.53,136.594,190.125,197.438,135.422,190.125,713.631,48.75,12.88,8.45334,13.576,93.75,99.6079,100,0,-0.140625,75.1796,14.25,14.25,13.5
11.236,0,0,0,0,1.73108,0.99997,1.00809,3,1,1,0.820314,0,0.820314,0.822023,0,51.5625,98.3334,98.4723,97.0001,3775.25,2350,1716.72,970,1769.34,136.547,190.242,197.508,135.492,190.125,713.631,48.75,12.916,8.46401,13.612,93.75,100,100,0,-0.5625,75.1796,14.25,14.25,14.25
11.269,0,0,0,0,1.72772,0.99997,1.0079,3,1,1,0.820314,0,0.820314,0.819337,0,51.5625,98.5001,98.2501,97.7779,3790.75,2350,1710.9,970,1769.3,136.031,190.242,197.508,135.75,190.242,716.951,48.75,12.832,8.41601,13.528,93.75,100,100,0,-0.46875,75.1796,14.25,14.25,14.25
11.303,0,0,0,0,1.72162,0.99997,1.00675,3,1,1,0.820314,0,0.820314,0.813722,0,51.5625,98.639,97.9445,98.5556,3798.25,2360,1710.86,970,1764.02,136.219,190.664,197.602,137.484,190.664,716.951,48.75,12.832,8.41601,13.52,93.75,100,100,0,-0.375,75.1796,15,15,15
11.336,0,0,0,0,1.71985,0.99997,1.00607,3,1,1,0.820314,0,0.820314,0.813722,0,51.5625,98.639,97.8334,97.7779,3804,2360,1707.03,970,1761.41,135.961,190.477,197.648,136.336,190.664,716.951,48.75,12.796,8.38401,13.484,93.75,100,100,0,-0.390625,75.1796,15,15,16.5
11.369,0,0,0,0,1.71619,0.99997,1.00317,3,1,1,0.820314,0,0.820314,0.812745,0,51.5625,98.7501,98.6667,97.2501,3822,2350,1702.03,970,1758.75,135.516,190.477,197.648,134.695,190.477,716.951,48.75,12.72,8.35201,13.408,93.75,100,100,0,-0.296875,75.1796,15,15,15
11.403,0,0,0,0,1.71338,0.99997,1.00217,3,1,1,0.820314,0,0.820314,0.812745,0,51.5625,99.0834,98.5001,98.5556,3828.75,2360,1702.73,970,1756.09,135.68,190.922,197.719,136.125,190.922,716.951,49.5,12.688,8.34668,13.376,93.75,100,100,0,-1.03125,75.1796,15,15,15
11.436,0,0,0,0,1.7135,0.99997,1.00067,3,1,1,0.820314,0,0.820314,0.811036,0,51.5625,99.3056,98.5001,99.139,3830.75,2360,1704.45,970,1756.09,135.82,190.922,197.742,136.758,190.922,716.951,49.5,12.68,8.32001,13.368,93.75,100,100,0,-0.59375,75.1796,15,15,15
11.469,0,0,0,0,1.70892,0.99997,1.00015,3,1,1,0.820314,0,0.820314,0.812745,0,51.5625,99.5556,98.2223,99.0834,3848.5,2360,1701.64,970,1750.82,135.609,190.922,197.742,136.641,190.922,720.486,49.5,12.656,8.30134,13.344,93.75,100,100,0,-0.59375,75.1796,15,15,15
11.503,0,0,0,0,1.70862,0.99997,0.998414,3,1,1,0.820314,0,0.820314,0.814699,0,51.5625,99.7779,99.2501,98.7779,3861,2360,1699.73,970,1750.82,135.563,191.25,197.836,135.023,191.25,720.486,49.5,12.624,8.28534,13.312,93.75,100,100,0,-0.375,75.1796,15,15,15
11.536,0,0,0,0,1.70703,0.99997,0.99817,3,1,1,0.820314,0,0.820314,0.817384,0,51.5625,99.9445,99.1667,99.0834,3865.75,2360,1698.32,970,1748.2,135.445,191.32,197.906,135.633,191.25,720.486,49.5,12.612,8.27468,13.3,93.75,100,100,0,-0.328125,75.1796,15,15,15
11.569,0,0,0,0,1.71124,0.99997,1.00125,3,1,1,0.820314,0,0.820314,0.824708,0,51.5625,100.083,99.4167,100.75,3875.75,2360,1695.55,970,1753.4,135.305,191.32,197.906,136.43,191.32,720.486,49.5,12.632,8.29068,13.32,93.75,100,100,0,-0.390625,75.1796,15,15,15
11.603,0,0,0,0,1.71082,0.99997,1.00165,3,1,1,0.820314,0,0.820314,0.822023,0,51.5625,100.528,99.389,100.167,3885,2360,1697.38,970,1750.82,135.563,191.484,197.977,135.68,191.484,720.486,49.5,12.664,8.30401,13.352,93,100,100,0,-0.765625,75.1796,15,15,15
11.636,0,0,0,0,1.72296,0.99997,1.00177,3,1,1,0.820314,0,0.820314,0.82007,0,51.5625,100.889,101.195,100.056,3892.5,2360,1696.13,970,1761.37,135.445,191.625,198.023,132.891,191.484,720.486,49.5,12.664,8.30401,13.36,93,100,100,0,-0.296875,75.1796,15,15,15
11.669,0,0,0,0,1.71753,0.99997,1.0029,3,1,1,0.820314,0,0.820314,0.822999,0,51.5625,101.278,100.889,100.972,3908.75,2360,1698.44,970,1756.09,135.703,191.625,198.023,134.859,191.625,723.709,49.5,12.712,8.33334,13.408,93,100,100,0,-0.359375,75.1796,15,15,15
11.703,0,0,0,0,1.71692,0.99997,1.00378,3,1,1,0.820314,0,0.820314,0.824708,0,51.5625,101.361,100.833,100.611,3914.75,2360,1693.2,970,1756.09,135.352,191.859,198.094,134.953,191.859,723.709,49.5,12.688,8.32801,13.384,93.75,100,100,0,-0.46875,75.1796,15,15,15
11.736,0,0,0,0,1.72272,0.99997,1.00485,3,1,1,0.820314,0,0.820314,0.824708,0,51.5625,101.306,101.195,100.5,3927.5,2360,1691.25,970,1761.37,135.164,192.023,198.164,133.289,191.859,723.709,49.5,12.684,8.31468,13.38,93.75,100,100,0,-0.25,75.1796,15,15,15
11.769,0,0,0,0,1.71436,0.99997,1.00678,3,1,1,0.820314,0,0.820314,0.824708,0,51.5625,101.917,101.75,102.417,3943,2360,1697.34,970,1756.09,135.797,192.023,198.164,136.875,192.023,723.709,49.5,12.78,8.35734,13.476,93.75,100,100,0,-0.90625,75.1796,15,15,15
11.803,0,0,0,0,1.71729,0.99997,1.00711,3,0.984377,1,0.820314,0,0.820314,0.822023,0,51.5625,102.222,101.917,100.889,3944.25,2360,1693.36,970,1758.75,135.563,192.141,198.234,134.367,192.141,723.709,49.5,12.76,8.36534,13.456,93.75,100,100,0,-0.125,75.1796,15,15,15
11.836,0,0,0,0,1.71228,0.99997,1.00794,3,0.984377,1,0.820314,0,0.820314,0.822999,0,51.5625,102.333,101.611,102.195,3952,2360,1694.34,970,1753.44,135.633,192.305,198.281,136.852,192.141,723.709,49.5,12.78,8.37068,13.476,93.75,100,100,0,-0.40625,75.1796,15,15,15
11.869,0,0,0,0,1.71936,0.99997,1.00711,3,0.984377,1,0.820314,0,0.820314,0.818361,0,51.5625,102.75,102.056,101.833,3966.5,2360,1691.52,970,1761.33,135.445,192.305,198.281,133.477,192.305,726.814,49.5,12.756,8.35734,13.452,93.75,100,100,0,-0.390625,75.1796,15,15,15
11.903,0,0,0,0,1.71198,0.99997,1.00766,3,0.980959,1,0.820314,0,0.820314,0.822023,0,51.5625,102.972,102.695,102.417,3976,2360,1694.34,970,1753.44,135.773,192.563,198.328,135.539,192.563,726.814,49.5,12.792,8.37868,13.488,93,100,100,0,-0.515625,75.1796,15,15,15
11.936,0,0,0,0,1.71808,0.99997,1.0076,3,0.980959,1,0.820314,0,0.820314,0.822023,0,51.5625,102.917,103.056,103.639,3985,2360,1689.3,970,1761.37,135.445,192.703,198.422,135.82,192.563,726.814,49.5,12.756,8.33868,13.452,93,100,100,0,-0.828125,75.1796,15,15,15
11.969,0,0,0,0,1.71332,0.99997,1.009,3,0.980959,1,0.820314,0,0.820314,0.823732,0,51.5625,103.722,102.75,104.333,3999.25,2360,1696.99,970,1756.09,136.078,192.703,198.422,137.227,192.703,726.814,49.5,12.848,8.39734,13.544,93,100,100,0,-0.640625,75.1796,15,15,15
12.003,0,0,0,0,1.71533,0.99997,1.01059,3,0.977541,1,0.820314,0,0.820314,0.823732,0,51.5625,104.083,102.889,105,4006.75,2360,1700.04,970,1756.09,136.406,192.797,198.469,137.836,192.797,726.814,49.5,12.896,8.40801,13.584,93.75,100,100,0,-0.234375,75.1796,15.75,15.75,14.25
12.036,0,0,0,0,1.71771,0.99997,1.01282,3,0.977541,1,0.820314,0,0.820314,0.827638,0,51.5625,104.639,104.139,104.778,4018,2360,1703.05,970,1756.09,136.898,193.219,198.516,137.344,192.797,726.814,49.5,12.988,8.45868,13.676,93.75,100,100,0,-0.203125,75.1796,15.75,15.75,14.25
12.069,0,0,0,0,1.72034,0.99997,1.01251,3,0.977541,1,0.820314,0,0.820314,0.821046,0,51.5625,104.833,104.306,103.833,4028.25,2360,1696.52,970,1758.75,136.336,193.219,198.516,135.211,193.219,730.115,49.5,12.932,8.45068,13.62,93.75,100,100,0,-0.625,75.1796,15.75,15.75,15.75
12.103,0,0,0,0,1.71869,0.99997,1.01218,3,0.973634,1,0.820314,0,0.820314,0.818361,0,51.5625,105.167,104.195,103.972,4032.25,2360,1696.84,970,1756.09,136.664,193.477,198.539,136.078,193.477,730.115,49.5,12.96,8.47468,13.648,93,100,100,0,-0.515625,75.1796,15.75,15.75,15.75
12.136,0,0,0,0,1.71973,0.99997,1.00958,3,0.973634,1,0.820314,0,0.820314,0.812745,0,51.5625,105.361,104.278,105.25,4040.75,2360,1695.94,970,1756.09,136.57,192.305,198.539,137.25,193.477,730.115,49.5,12.92,8.44268,13.616,93,100,100,0,-0.546875,75.1796,15.75,15.75,15.75
12.169,0,0,0,0,1.71747,0.99997,1.00818,3,0.973634,1,0.820314,0,0.820314,0.812745,0,51.5625,105.528,105.111,104.778,4058.75,2340,1695.9,970,1753.44,136.688,192.305,198.539,136.523,192.305,730.115,49.5,12.888,8.44268,13.584,93,100,100,0,0,75.1796,15.75,15.75,15.75
12.203,0,0,0,0,1.71399,0.99997,1.00635,3,0.969728,1,0.820314,0,0.820314,0.814699,0,51.5625,106.389,104.917,106.695,4067.75,2350,1700.86,970,1748.16,137.414,193.008,198.586,139.945,193.008,730.115,49.5,12.932,8.45868,13.628,93,100,100,0,-0.375,75.1796,15.75,15.75,15.75
12.236,0,0,0,0,1.71881,0.99997,1.00476,3,0.969728,1,0.820314,0,0.820314,0.811769,0,51.5625,106.5,105.222,104.667,4076,2350,1693.95,970,1750.82,137.109,193.172,198.609,136.617,193.008,730.115,49.5,12.88,8.41601,13.576,93,100,100,0,-0.328125,75.1796,15.75,15.75,14.25
12.269,0,0,0,0,1.73358,0.99997,1.00201,3,0.969728,1,0.820314,0,0.820314,0.809083,0,51.5625,106.556,107.167,105.806,4089.25,2350,1687.19,970,1763.98,136.477,193.172,198.609,133.969,193.172,733.338,49.5,12.76,8.37334,13.456,93,100,100,0,-0.78125,75.1796,15.75,15.75,15.75
12.303,0,0,0,0,1.73114,0.99997,1.00098,3,0.965089,1,0.820314,0,0.820314,0.811769,0,51.5625,106.695,107,107.778,4096.5,2350,1686.56,970,1763.98,136.57,193.453,198.633,137.367,193.453,733.338,49.5,12.716,8.35468,13.404,93.75,100,100,0,0.140625,75.1796,15.75,15.75,14.25
12.336,0,0,0,0,1.72943,0.99997,1.00055,3,0.965089,1,0.820314,0,0.820314,0.816408,0,51.5625,107.25,106.917,106.195,4109,2350,1687.3,970,1761.37,136.992,194.203,198.656,135.656,193.453,733.338,49.5,12.776,8.36001,13.464,93.75,100,100,0,-0.53125,75.1796,15.75,15.75,15.75
12.369,0,0,0,0,1.70831,0.99997,1.00211,3,0.965089,1,0.820314,0,0.820314,0.82007,0,51.5625,107.556,105.611,108.278,4122.5,2350,1695.74,970,1740.27,137.672,194.203,198.656,142.57,194.203,733.338,49.5,12.836,8.40001,13.524,93.75,100,100,0,-0.09375,75.1796,15.75,15.75,15.75
12.403,0,0,0,0,1.72724,0.99997,1.00516,3,0.961427,1,0.820314,0,0.820314,0.825685,0,51.5625,108.361,106.778,107.111,4129.25,2350,1691.6,970,1756.09,137.484,194.156,198.68,135.891,194.156,733.338,49.5,12.896,8.43201,13.592,93.75,100,100,0,-0.46875,75.1796,15,15,14.25
12.436,0,0,0,0,1.73041,0.99997,1.00546,3,0.961427,1,0.820314,0,0.820314,0.822023,0,51.5625,108.195,107.945,108.445,4139.5,2350,1685.66,970,1758.75,136.945,194.93,198.727,137.977,194.156,733.338,49.5,12.8,8.41334,13.496,93.75,100,100,0,-0.46875,75.1796,15.75,15.75,14.25
12.469,0,0,0,0,1.72827,0.99997,1.00717,3,0.961427,1,0.820314,0,0.820314,0.821046,0,51.5625,108.722,107.806,108.056,4145.75,2350,1685.39,970,1756.13,137.227,194.93,198.727,137.742,194.93,736.521,49.5,12.844,8.43734,13.54,93.75,100,100,0,-0.390625,75.1796,15,15,15.75
12.503,0,0,0,0,1.72669,0.99997,1.00705,3,0.957033,1,0.820314,0,0.820314,0.821046,0,51.5625,109.167,107.75,108.445,4160.75,2350,1688.44,970,1753.44,137.625,194.93,198.727,137.93,194.93,736.521,49.5,12.912,8.46401,13.624,93.75,100,100,0,0.078125,75.1796,15,15,14.25
12.536,0,0,0,0,1.74072,0.99997,1.0069,3,0.957033,1,0.820314,0,0.820314,0.821046,0,51.5625,109.167,109.639,107.778,4168.75,2350,1680.66,970,1766.64,136.922,195.68,198.773,134.063,194.93,736.521,49.5,12.796,8.42134,13.508,93.75,100,100,0,-0.5,75.1796,15,15,14.25
12.569,0,0,0,0,1.72211,0.99997,1.00736,3,0.957033,1,0.820314,0,0.820314,0.819337,0,51.5625,109.695,108.472,108.583,4182.75,2350,1685.59,970,1750.82,137.648,195.68,198.773,137.648,195.68,736.521,49.5,12.868,8.47201,13.58,93.75,100,100,0,-0.3125,75.1796,15,15,14.25
12.603,0,0,0,0,1.72858,0.99997,1.0083,3,0.953371,1,0.820314,0,0.820314,0.823732,0,51.5625,109.75,108.889,109.056,4194.5,2350,1673.63,970,1756.13,136.828,195.773,198.797,137.602,195.773,736.521,50.25,12.8,8.45334,13.504,93,100,100,0,-0.4375,75.1796,15.75,15.75,14.25
12.636,0,0,0,0,1.71936,0.99997,1.00983,3,0.953371,1,0.820314,0,0.820314,0.825685,0,51.5625,109.528,108.306,109.278,4201.5,2350,1677.3,970,1748.16,137.109,196.383,198.82,138.984,195.773,736.521,50.25,12.844,8.43734,13.548,93,100,100,0,-0.359375,75.1796,15.75,15.75,14.25
12.669,0,0,0,0,1.73145,0.99997,1.01178,3,0.953371,1,0.820314,0,0.820314,0.822999,0,51.5625,109.695,110.195,110.75,4208.75,2350,1673.13,970,1756.13,137.039,196.383,198.82,138.586,196.383,739.666,50.25,12.804,8.44801,13.508,93,100,100,0,-0.625,75.1796,14.25,14.25,14.25
12.703,0,0,0,0,1.72571,0.99997,1.01102,3,0.948244,1,0.820314,0,0.820314,0.817384,0,51.5625,110.556,109.806,109.806,4218.75,2350,1677.89,970,1753.44,137.531,196.43,198.82,136.875,196.43,739.666,50.25,12.872,8.45334,13.568,93,100,100,0,0.296875,75.1796,13.5,13.5,13.5
12.736,0,0,0,0,1.73547,0.99997,1.00934,3,0.948244,1,0.820314,0,0.820314,0.816408,0,51.5625,110.333,110.445,108.722,4229.5,2350,1665.63,970,1763.98,136.43,197.227,198.867,133.711,196.43,739.666,50.25,12.724,8.39201,13.42,93,100,100,0,-0.453125,75.1796,12.75,12.75,12.75
12.769,0,0,0,0,1.73145,0.99997,1.00806,3,0.948244,1,0.820314,0,0.820314,0.818361,0,51.5625,111.195,110.195,109.667,4243.75,2360,1670.35,970,1758.75,137.133,197.227,198.867,135.188,197.227,739.666,50.25,12.804,8.47201,13.5,93,100,100,0,-0.328125,75.1796,12.75,12.75,12.75
12.803,0,0,0,0,1.73029,0.99997,1.00754,3,0.944093,1,0.820314,0,0.820314,0.814699,0,51.5625,111.5,111.139,110.5,4252.75,2350,1669.8,970,1758.75,137.25,197.18,198.891,135.563,197.18,739.666,50.25,12.76,8.46401,13.456,93,100,100,0,0.3125,75.1796,12.75,12.75,12.75
12.836,0,0,0,0,1.73285,0.99997,1.00681,3,0.944093,1,0.820314,0,0.820314,0.814699,0,51.5625,111.195,111.306,110.083,4258.75,2350,1664.38,970,1761.33,136.758,197.859,198.914,134.766,197.18,739.666,50.25,12.7,8.39201,13.396,93,100,100,0,-0.34375,75.1796,15.75,15.75,14.25
12.869,0,0,0,0,1.72553,0.99997,1.00678,3,0.944093,1,0.820314,0,0.820314,0.818361,0,51.5625,111.5,110.833,111.167,4272.25,2360,1664.14,970,1756.13,136.992,197.859,198.914,137.672,197.859,742.713,50.25,12.716,8.40268,13.412,93,100,100,0,-0.65625,75.1796,15.75,15.75,15.75
12.903,0,0,0,0,1.72894,0.99997,1.00961,3,0.93921,1,0.820314,0,0.820314,0.824708,0,51.5625,112.667,111.056,111.306,4278.75,2360,1668.01,970,1758.75,137.508,198,198.938,135.727,198,742.713,50.25,12.836,8.46934,13.532,93.75,100,100,0,-0.34375,75.1796,15,15,14.25
12.936,0,0,0,0,1.72119,0.99997,1.0101,3,0.93921,1,0.820314,0,0.820314,0.824708,0,51.5625,112.306,110.556,111.445,4282.5,2360,1667.77,970,1750.86,137.648,198.422,198.961,138.117,198,742.713,50.25,12.824,8.45068,13.52,93.75,100,100,0,-0.578125,75.1796,15.75,15.75,14.25
12.969,0,0,0,0,1.71704,0.99997,1.01038,3,0.93921,1,0.820314,0,0.820314,0.817384,0,51.5625,112.778,111.306,111.306,4301.5,2360,1664.57,970,1748.16,137.344,198.422,198.961,138.234,198.422,742.713,50.25,12.784,8.46134,13.48,93.75,100,100,0,-0.265625,75.1796,15,15,14.25
13.003,0,0,0,0,1.71692,0.99997,1.01074,3,0.935304,1,0.820314,0,0.820314,0.819337,0,51.5625,113.417,111.306,113.139,4307.25,2360,1668.4,970,1745.55,137.906,198.82,198.984,139.453,198.82,742.713,50.25,12.836,8.46934,13.548,93,100,100,0,-0.046875,75.1796,15,15,14.25
13.036,0,0,0,0,1.72516,0.99997,1.00919,3,0.935304,1,0.820314,0,0.820314,0.817384,0,51.5625,112.639,116.028,112.417,4315.25,2360,1655.43,970,1753.44,136.734,198.727,199.008,137.109,198.82,742.713,50.25,12.672,8.40001,13.384,93,100,100,0,-0.59375,75.1796,15.75,15.75,14.25
13.069,0,0,0,0,1.71704,0.99997,1.00986,3,0.935304,1,0.820314,0,0.820314,0.822023,0,51.5625,113.472,112.278,113.667,4330.25,2360,1663.44,970,1748.16,137.367,198.727,199.008,138.492,198.727,745.896,50.25,12.748,8.44801,13.46,93,100,100,0,-0.703125,75.1796,15.75,15.75,15.75
13.103,0,0,0,0,1.72687,0.99997,1.01074,3,0.930665,1,0.820314,0,0.820314,0.821046,0,51.5625,113.306,117.195,112.861,4332.75,2360,1653.59,970,1756.09,136.688,199.289,199.055,135.703,199.289,745.896,50.25,12.664,8.42668,13.36,93,100,100,0,-0.484375,75.1796,15.75,15.75,14.25
13.136,0,0,0,0,1.71735,0.99997,1.01273,3,0.930665,1,0.820314,0,0.820314,0.825685,0,51.5625,112.667,116.556,111.611,4344.5,2360,1644.3,970,1756.09,135.844,199.359,199.055,134.859,199.289,745.896,50.25,12.608,8.36534,13.304,93,100,100,0,-0.328125,75.1796,15.75,15.75,14.25
13.169,0,0,0,0,1.71387,0.99997,1.01267,3,0.930665,1,0.820314,0,0.820314,0.82007,0,51.5625,113.75,112.083,113.389,4356,2360,1647.89,970,1761.33,136.359,199.359,199.055,134.531,199.359,745.896,50.25,12.66,8.39734,13.356,93,100,100,0,-0.21875,75.1796,15.75,15.75,15.75
13.203,0,0,0,0,1.70221,0.99997,1.01276,3,0.925539,1,0.820314,0,0.820314,0.816408,0,51.5625,114.111,111.333,112.556,4369.25,2360,1649.38,970,1745.55,136.734,199.43,199.078,136.242,199.43,745.896,50.25,12.7,8.44534,13.396,93.75,100,100,0,-0.765625,75.1796,15.75,15.75,15.75
13.236,0,0,0,0,1.71253,0.99997,1.01236,3,0.925539,1,0.820314,0,0.820314,0.819337,0,51.5625,113.972,114.195,113.25,4378.75,2360,1645.63,970,1753.44,136.547,199.313,199.125,135.258,199.43,745.896,50.25,12.648,8.40001,13.344,93.75,100,100,0,-0.25,75.1796,15.75,15.75,14.25
13.269,0,0,0,0,1.7038,0.99997,1.01071,3,0.925539,1,0.820314,0,0.820314,0.817384,0,51.5625,113.917,112.528,114.111,4389,2360,1645.43,970,1742.93,136.477,199.313,199.125,138.633,199.313,749.021,50.25,12.584,8.36534,13.28,93.75,100,100,0,-0.484375,75.1796,15.75,15.75,15.75
13.303,0,0,0,0,1.69537,0.99997,1.01212,3,0.919923,1,0.820314,0,0.820314,0.822023,0,51.5625,114.861,112,113.278,4400,2350,1649.14,970,1734.96,137.016,199.453,199.125,138.094,199.453,749.021,50.25,12.688,8.39468,13.384,93.75,100,100,0,-0.40625,75.1796,15.75,15.75,15.75
13.336,0,0,0,0,1.70978,0.99997,1.01294,3,0.919923,1,0.820314,0,0.820314,0.822999,0,51.5625,114.861,115.056,114.945,4405.25,2350,1643.52,970,1748.16,136.828,199.641,199.172,136.242,199.453,749.021,50.25,12.664,8.40801,13.36,93.75,100,100,0,-0.1875,75.1796,15.75,15.75,15.75
13.369,0,0,0,0,1.71301,0.99997,1.01526,3,0.919923,1,0.820314,0,0.820314,0.824708,0,51.5625,114.917,121.556,114.528,4415,2350,1635.04,970,1753.44,136.055,199.641,199.172,134.883,199.641,749.021,50.25,12.58,8.39201,13.276,93.75,100,100,0,-0.28125,75.1796,15.75,15.75,15.75
13.403,0,0,0,0,1.70819,0.99997,1.01715,3,0.915529,1,0.820314,0,0.820314,0.830324,0,51.5625,115.306,116,116.917,4424.75,2350,1642.19,970,1753.4,136.781,199.336,199.172,137.227,199.336,749.021,50.25,12.68,8.42668,13.376,93,100,100,0,-0.796875,75.1796,15.75,15.75,15.75
13.436,0,0,0,0,1.69306,0.99997,1.01819,3,0.915529,1,0.820314,0,0.820314,0.823732,0,51.5625,116.417,112.833,116.195,4431.75,2350,1652.11,970,1734.96,137.625,199.547,199.219,140.086,199.336,749.021,50.25,12.804,8.52001,13.5,93,100,100,0,-0.09375,75.1796,15,15,15.75
13.469,0,0,0,0,1.70783,0.99997,1.01956,3,0.915529,1,0.820314,0,0.820314,0.822023,0,51.5625,116.583,113.806,116.195,4441.75,2350,1645.2,970,1745.51,137.227,199.547,199.219,136.992,199.547,752.049,50.25,12.78,8.50134,13.476,93,100,100,0,-0.625,75.1796,15,15,14.25
13.503,0,0,0,0,1.70758,0.99997,1.02069,3,0.908937,1,0.820314,0,0.820314,0.822999,0,51.5625,116.667,117.028,116.639,4456.25,2340,1641.91,970,1742.89,137.203,199.641,199.242,137.859,199.641,752.049,50.25,12.736,8.50134,13.432,93,100,100,0,-0.359375,75.1796,15.75,15.75,14.25
13.536,0,0,0,0,1.70813,0.99997,1.02008,3,0.908937,1,0.820314,0,0.820314,0.82007,0,51.5625,116.722,115.972,115.917,4464.75,2340,1640.98,970,1742.89,137.086,199.617,199.266,136.242,199.641,752.049,50.25,12.716,8.50134,13.412,93,100,100,0,-0.9375,75.1796,15,15,14.25
13.569,0,0,0,0,1.71399,0.99997,1.01932,3,0.908937,1,0.820314,0,0.820314,0.819337,0,51.5625,115.945,131.528,116.778,4479.5,2340,1623.52,970,1753.44,135.75,199.617,199.266,135.891,199.617,752.049,50.25,12.552,8.40268,13.248,93,100,100,0,-0.28125,75.1796,15.75,15.75,14.25
13.603,0,0,0,0,1.67804,0.99997,1.02109,3,0.903566,1,0.820314,0,0.820314,0.821046,0,51.5625,117.361,113.806,116.056,4488.25,2330,1640.74,970,1729.69,137.461,199.57,199.289,138.352,199.57,752.049,50.25,12.74,8.45868,13.436,93.75,100,100,0,-0.34375,75.1796,15.75,15.75,15.75
13.636,0,0,0,0,1.69391,0.99997,1.02304,3,0.903566,1,0.820314,0,0.820314,0.827638,0,51.5625,117.861,114.889,116.5,4497,2340,1634.8,970,1742.89,137.25,199.781,199.313,135,199.57,752.049,50.25,12.744,8.50401,13.44,93.75,100,100,0,-0.671875,75.1796,15,15,14.25
13.669,0,0,0,0,1.68256,0.99997,1.02191,3,0.903566,1,0.820314,0,0.820314,0.817384,0,51.5625,117.917,114.111,118.472,4506.5,2330,1638.79,970,1727.03,137.555,199.781,199.313,141.258,199.781,755.057,50.25,12.756,8.48801,13.452,93.75,100,100,0,-0.421875,75.1796,15.75,15.75,14.25
13.703,0,0,0,0,1.70038,0.99997,1.02289,3,0.897462,1,0.820314,0,0.820314,0.816408,0,51.5625,118.5,118.583,117.472,4522,2330,1630.59,970,1740.23,137.016,199.617,199.336,135.984,199.617,755.057,50.25,12.724,8.53068,13.42,93.75,100,100,0,-0.046875,75.1796,15,15,14.25
13.736,0,0,0,0,1.68994,0.99997,1.02045,3,0.897462,1,0.820314,0,0.820314,0.815675,0,51.5625,118,115.722,117.778,4529.5,2330,1629.92,970,1729.69,136.922,199.711,199.336,138.305,199.617,755.057,50.25,12.628,8.46934,13.324,93.75,100,100,0,-0.578125,75.1796,16.5,16.5,13.5
13.769,0,0,0,0,1.69605,0.99997,1.0199,3,0.897462,1,0.820314,0,0.820314,0.815675,0,51.5625,118,123.695,117.333,4544,2330,1621.45,970,1735,136.383,199.711,199.336,136.922,199.711,755.057,50.25,12.6,8.43201,13.296,93.75,100,100,0,-0.34375,75.1796,16.5,16.5,17.25
13.803,0,0,0,0,1.68994,0.99997,1.01923,3,0.892579,1,0.820314,0,0.820314,0.814699,0,51.5625,118.917,117.945,117.917,4548,2320,1623.59,970,1737.62,136.711,199.594,199.359,136.523,199.594,755.057,50.25,12.592,8.44268,13.288,93,100,100,0,-0.34375,75.1796,16.5,16.5,17.25
13.836,0,0,0,0,1.68073,0.99997,1.02008,3,0.892579,1,0.820314,0,0.820314,0.821046,0,51.5625,118.556,115.083,117.306,4556.5,2320,1621.05,970,1727.07,136.453,199.734,199.359,137.977,199.594,755.057,50.25,12.576,8.41868,13.272,93,100,100,0,0.109375,75.1796,16.5,16.5,17.25
13.869,0,0,0,0,1.68396,0.99997,1.02152,3,0.892579,1,0.820314,0,0.820314,0.824708,0,51.5625,119.028,117.389,118.306,4563.25,2320,1621.02,970,1732.34,136.664,199.734,199.359,137.273,199.734,757.947,50.25,12.588,8.44268,13.284,93,100,100,0,0.25,75.1796,15.75,15.75,15
13.903,0,0,0,0,1.69977,0.99997,1.02435,3,0.885011,1,0.820314,0,0.820314,0.827638,0,51.5625,119.333,127.028,118.639,4578,2320,1614.49,970,1750.78,136.266,199.641,199.383,132.633,199.641,757.947,50.25,12.588,8.46134,13.284,93,100,100,0,-0.21875,75.1796,15.75,15.75,15
13.936,0,0,0,0,1.69507,0.99997,1.02582,3,0.885011,1,0.820314,0,0.820314,0.822999,0,51.5625,119.722,124.639,120.5,4587.75,2320,1618.09,970,1748.13,136.875,199.852,199.383,135.844,199.641,757.947,50.25,12.652,8.47468,13.348,93,100,100,0,-0.328125,75.1796,15.75,15.75,15
13.969,0,0,0,0,1.69275,0.99997,1.02759,3,0.885011,1,0.820314,0,0.820314,0.824708,0,51.5625,119.945,126.528,120.5,4600.5,2320,1615.16,970,1745.51,136.57,199.852,199.383,136.922,199.852,757.947,50.25,12.648,8.47201,13.344,93,100,100,0,-0.453125,75.1796,16.5,16.5,15
14.003,0,0,0,0,1.67163,0.99997,1.0278,3,0.877687,1,0.820314,0,0.820314,0.826661,0,51.5625,120.639,116.389,121.222,4609,2310,1625.9,970,1732.3,137.672,199.617,199.406,139.664,199.617,757.947,50.25,12.728,8.52268,13.424,93,100,100,0,-0.03125,75.1796,15.75,15.75,17.25
14.036,0,0,0,0,1.67926,0.99997,1.02872,3,0.877687,1,0.820314,0,0.820314,0.823732,0,51.5625,120.361,118.028,121.389,4619.5,2310,1618.75,970,1734.96,137.203,199.688,199.406,138.891,199.617,757.947,50.25,12.692,8.49068,13.388,93,99.6079,100,0,-0.34375,75.1796,16.5,16.5,15
14.069,0,0,0,0,1.67383,0.99997,1.03055,3,0.877687,1,0.820314,0,0.820314,0.824708,0,51.5625,121,116.556,120.5,4630.25,2310,1621.48,970,1724.38,137.391,199.688,199.406,139.477,199.688,760.584,50.25,12.736,8.53868,13.432,93,99.6079,100,0,0.1875,75.1796,16.5,16.5,15
14.103,0,0,0,0,1.67017,0.99997,1.03134,3,0.872316,1,0.820314,0,0.820314,0.822999,0,51.5625,120.528,116.333,120.639,4634.5,2310,1617.66,970,1724.38,137.273,199.734,199.406,139.313,199.734,760.584,50.25,12.7,8.48268,13.404,93,100,100,0,-0.609375,75.1796,15.75,15.75,15
14.136,0,0,0,0,1.6792,0.99997,1.03235,3,0.872316,1,0.820314,0,0.820314,0.822999,0,51.5625,121.528,116.945,120.639,4643.75,2310,1615.94,970,1732.3,137.063,199.758,199.43,136.594,199.734,760.584,50.25,12.728,8.55468,13.432,93,100,100,0,-0.28125,75.1796,15.75,15.75,15
14.169,0,0,0,0,1.67285,0.99997,1.03183,3,0.872316,1,0.820314,0,0.820314,0.821046,0,51.5625,121.972,117.5,121.361,4662,2300,1617.85,970,1721.8,137.461,199.758,199.43,138.867,199.758,760.584,50.25,12.724,8.56001,13.428,93,100,100,0,-0.375,75.1796,16.5,16.5,15
14.203,0,0,0,0,1.6734,0.99997,1.03265,3,0.868165,1,0.820314,0,0.820314,0.821046,0,51.5625,121.917,121.945,120.667,4671.25,2300,1607.81,970,1724.41,136.828,199.852,199.43,138.68,199.852,760.584,51,12.648,8.53334,13.344,93.75,100,100,0,0.1875,75.1796,16.5,16.5,15
14.236,0,0,0,0,1.67487,0.99997,1.03357,3,0.868165,1,0.820314,0,0.820314,0.823732,0,51.5625,122.333,119.861,122.361,4678.5,2300,1609.1,970,1732.3,137.203,199.875,199.453,137.203,199.852,760.584,51,12.696,8.52268,13.392,93.75,99.6079,100,0,-0.609375,75.1796,16.5,16.5,15
14.269,0,0,0,0,1.68231,0.99997,1.03363,3,0.868165,1,0.820314,0,0.820314,0.821046,0,51.5625,122.75,127,122.195,4690.25,2300,1604.8,970,1734.96,136.758,199.875,199.453,135.398,199.875,763.377,51,12.624,8.53868,13.32,93.75,100,100,0,-0.484375,75.1796,16.5,16.5,15
14.303,0,0,0,0,1.67798,0.99997,1.03485,3,0.863283,1,0.820314,0,0.820314,0.822999,0,51.5625,123.306,123.417,122.361,4699.75,2290,1608.09,970,1729.69,137.25,199.758,199.453,136.383,199.758,763.377,51,12.688,8.57334,13.4,93,100,100,0,-0.3125,75.1796,15.75,15.75,17.25
14.336,0,0,0,0,1.69049,0.99997,1.03516,3,0.863283,1,0.820314,0,0.820314,0.822023,0,51.5625,122.806,134.806,122.361,4702,2290,1599.92,970,1740.23,136.617,199.641,199.477,134.578,199.758,763.377,51,12.624,8.53868,13.336,93,100,100,0,0.0625,75.1796,16.5,16.5,24.75
14.369,0,0,0,0,1.67481,0.99997,1.03555,3,0.863283,1,0.820314,0,0.820314,0.82007,0,51.5625,122.972,126.445,123.556,4711.75,2290,1601.95,970,1734.96,136.758,199.641,199.477,137.602,199.641,763.377,51,12.648,8.53068,13.36,93,100,100,0,-0.015625,75.1796,16.5,16.5,24.75
14.403,0,0,0,0,1.66162,0.99997,1.03583,3,0.859376,1,0.820314,0,0.820314,0.818361,0,51.5625,123.722,117.806,123.917,4731.75,2290,1612.54,970,1724.41,137.883,199.781,199.477,139.266,199.781,763.377,51,12.752,8.56801,13.44,93,100,100,0,-0.6875,75.1796,15,15,15
14.436,0,0,0,0,1.67084,0.99997,1.03537,3,0.859376,1,0.820314,0,0.820314,0.819337,0,51.5625,123.945,121.639,123.417,4738.5,2290,1606.52,970,1727.07,137.297,199.969,199.5,138,199.781,763.377,51,12.668,8.56801,13.356,93,100,100,0,-0.375,75.1796,15,15,15
14.469,0,0,0,0,1.67133,0.99997,1.0369,3,0.859376,1,0.820314,0,0.820314,0.822999,0,51.5625,125.167,119.445,124.25,4746,2290,1612.81,970,1721.76,138.188,199.969,199.5,138.633,199.969,766.326,51,12.768,8.63201,13.456,93,100,100,0,-0.03125,75.1796,15,15,15
14.503,0,0,0,0,1.67188,0.99997,1.03732,3,0.856202,1,0.820314,0,0.820314,0.819337,0,51.5625,124.722,125.083,124.583,4758,2280,1606.05,970,1719.14,137.648,199.641,199.5,139.852,199.641,766.326,51,12.716,8.58401,13.42,93,100,100,0,0.171875,75.1796,12.75,12.75,12.75
14.536,0,0,0,0,1.67694,0.99997,1.03861,3,0.856202,1,0.820314,0,0.820314,0.824708,0,51.5625,124.833,127.611,125.972,4767.75,2280,1607.46,970,1724.38,137.742,200.016,199.523,140.156,199.641,766.326,51,12.712,8.60001,13.416,93,100,100,0,-0.640625,75.1796,15.75,15.75,15
14.569,0,0,0,0,1.68677,0.99997,1.04059,3,0.856202,1,0.820314,0,0.820314,0.826661,0,51.5625,125.583,134.583,125.528,4779.25,2280,1601.64,970,1737.62,137.508,200.016,199.523,136.664,200.016,766.326,51,12.716,8.63201,13.42,93,100,100,0,-0.234375,75.1796,15.75,15.75,15
14.603,0,0,0,0,1.67066,0.99997,1.04092,3,0.852296,1,0.820314,0,0.820314,0.821046,0,51.5625,125.695,124.806,126.695,4787.5,2280,1604.3,970,1729.69,137.906,199.758,199.523,139.477,199.758,766.326,51,12.756,8.62668,13.46,93,100,100,0,0.03125,75.1796,15.75,15.75,15
14.636,0,0,0,0,1.68823,0.99997,1.0416,3,0.852296,1,0.820314,0,0.820314,0.822023,0,51.5625,125.528,139.695,124.889,4800,2280,1590.59,970,1745.51,136.617,199.992,199.547,133.313,199.758,766.326,51,12.616,8.61068,13.32,93,100,100,0,0.171875,75.1796,16.5,16.5,15
14.669,0,0,0,0,1.6637,0.99997,1.0434,3,0.852296,1,0.820314,0,0.820314,0.825685,0,51.5625,126.389,122.917,126.25,4809,2270,1598.83,970,1727.03,137.648,199.992,199.547,137.906,199.992,768.924,51,12.708,8.65068,13.412,93,100,100,0,0.015625,75.1796,15,15,15
14.703,0,0,0,0,1.65393,0.99997,1.04318,3,0.848878,1,0.820314,0,0.820314,0.819337,0,51.5625,125.945,123.361,124.722,4816,2270,1590.9,970,1716.52,137.016,199.734,199.547,139.195,199.734,768.924,51,12.644,8.59201,13.348,93.75,100,100,0,-0.28125,75.1796,16.5,16.5,15
14.736,0,0,0,0,1.67566,0.99997,1.04251,3,0.848878,1,0.820314,0,0.820314,0.816408,0,51.5625,125.945,137.722,125.972,4830,2270,1585.63,970,1737.62,136.5,200.016,199.547,135.047,199.734,768.924,51,12.588,8.57601,13.292,93.75,100,100,0,-0.0625,75.1796,16.5,16.5,15
14.769,0,0,0,0,1.65784,0.99997,1.04324,3,0.848878,1,0.820314,0,0.820314,0.822999,0,51.5625,126.917,122.5,127.056,4837,2270,1594.18,970,1724.38,137.578,200.016,199.547,138.188,200.016,768.924,51,12.7,8.62134,13.404,93.75,100,100,0,0.265625,75.1796,15.75,15.75,15
14.803,0,0,0,0,1.66181,0.99997,1.04489,3,0.846437,1,0.820314,0,0.820314,0.824708,0,51.5625,126.972,128.306,126.167,4844.75,2260,1589.26,970,1724.38,137.203,199.711,199.57,136.172,199.711,768.924,51.75,12.644,8.61068,13.356,93,100,100,0,-0.09375,75.1796,15,15,15
14.836,0,0,0,0,1.66882,0.99997,1.04578,3,0.846437,1,0.820314,0,0.820314,0.823732,0,51.5625,126.389,138.278,125.278,4856.5,2270,1577.66,970,1734.96,136.102,200.016,199.57,134.016,199.711,768.924,51.75,12.564,8.55734,13.276,93,100,100,0,-0.515625,75.1796,15.75,15.75,15
14.869,0,0,0,0,1.66028,0.99997,1.04645,3,0.846437,1,0.820314,0,0.820314,0.82007,0,51.5625,127.722,129.222,127.472,4870.75,2260,1585.82,970,1727.03,137.109,200.016,199.57,136.148,200.016,771.795,51.75,12.66,8.63201,13.372,93,99.6079,100,0,-0.234375,75.1796,12.75,12.75,12.75
14.903,0,0,0,0,1.63654,0.99997,1.04712,3,0.84424,1,0.820314,0,0.820314,0.824708,0,51.5625,127.389,119.667,127.917,4878.75,2260,1591.88,970,1705.94,137.93,199.992,199.594,141.938,199.992,771.795,51.75,12.712,8.61334,13.424,93,100,100,0,0.015625,75.1796,13.5,13.5,13.5
14.936,0,0,0,0,1.66516,0.99997,1.0466,3,0.84424,1,0.820314,0,0.820314,0.82007,0,51.5625,127.833,134.917,127.306,4882.75,2260,1579.1,970,1734.96,136.852,199.781,199.594,134.461,199.992,771.795,51.75,12.608,8.62401,13.32,93,100,100,0,0.1875,75.1796,15.75,15.75,17.25
14.969,0,0,0,0,1.63245,0.99997,1.04855,3,0.84424,1,0.820314,0,0.820314,0.823732,0,51.5625,128.417,120.222,127.778,4890.75,2260,1591.21,970,1708.55,137.93,199.781,199.594,140.414,199.781,771.795,51.75,12.732,8.64268,13.444,93,100,100,0,0.125,75.1796,15,15,15
15.003,0,0,0,0,1.6543,0.99997,1.04889,3,0.842531,1,0.820314,0,0.820314,0.823732,0,51.5625,128.611,130.806,128.667,4909,2250,1581.29,970,1721.76,137.156,199.828,199.594,138.164,199.828,771.795,51.75,12.636,8.65334,13.34,93,100,100,0,-0.453125,75.1796,13.5,13.5,13.5
15.036,0,0,0,0,1.64459,0.99997,1.05078,3,0.842531,1,0.820314,0,0.820314,0.824708,0,51.5625,128.833,121.139,129.028,4910.75,2260,1587.5,970,1716.48,137.93,199.922,199.617,139.313,199.828,771.795,51.75,12.76,8.65068,13.464,93,100,100,0,0.34375,75.1796,15,15,15
15.069,0,0,0,0,1.67096,0.99997,1.052,3,0.842531,1,0.820314,0,0.820314,0.824708,0,51.5625,128.722,139.472,128.472,4926.75,2250,1576.45,970,1737.62,136.875,199.922,199.617,132.938,199.922,774.197,51.75,12.588,8.63468,13.292,93,100,100,0,0.09375,75.1796,15,15,15
15.103,0,0,0,0,1.65564,0.99997,1.05325,3,0.84131,1,0.820314,0,0.820314,0.823732,0,51.5625,129.167,137.139,128.472,4937.25,2250,1571.41,970,1729.69,136.711,200.109,199.617,135.961,200.109,774.197,51.75,12.616,8.65068,13.304,93,100,100,0,-0.046875,75.1796,13.5,13.5,13.5
15.136,0,0,0,0,1.63843,0.99997,1.05429,3,0.84131,1,0.820314,0,0.820314,0.823732,0,51.5625,128.722,127.25,128.861,4940.5,2250,1572.38,970,1724.38,136.781,199.758,199.641,138.703,200.109,774.197,51.75,12.64,8.64801,13.328,93,100,100,0,0.6875,75.1796,13.5,13.5,13.5
15.169,0,0,0,0,1.65137,0.99997,1.0542,3,0.84131,1,0.820314,0,0.820314,0.82007,0,51.5625,130.167,128.25,130.306,4958.5,2250,1580.08,970,1732.27,137.555,199.758,199.641,136.594,199.758,774.197,51.75,12.708,8.70668,13.396,93,100,100,0,0.140625,75.1796,13.5,13.5,13.5
15.203,0,0,0,0,1.65003,0.99997,1.05704,3,0.838624,1,0.820314,0,0.820314,0.830324,0,51.5625,130.972,131.278,128.472,4962.75,2240,1575.04,970,1724.38,137.32,200.016,199.641,136.078,200.016,774.197,51.75,12.696,8.72268,13.4,93,100,100,0,0.34375,75.1796,15,15,15
15.236,0,0,0,0,1.63489,0.99997,1.05817,3,0.838624,1,0.820314,0,0.820314,0.826661,0,51.5625,130.806,121.111,129.556,4972.5,2250,1583.52,970,1711.17,139.266,201.352,199.664,138.984,200.016,774.197,51.75,12.888,8.73334,13.592,93,100,100,0,0.0625,75.1796,13.5,13.5,13.5
15.269,0,0,0,0,1.63971,0.99997,1.0578,3,0.838624,1,0.820314,0,0.820314,0.816408,0,51.5625,131.722,124.945,130.833,4987.5,2240,1576.99,970,1705.94,138.609,201.352,199.664,140.18,201.352,776.853,51.75,12.824,8.76801,13.528,93,100,100,0,0.453125,75.1796,15.75,15.75,15
15.303,0,0,0,0,1.65448,0.99997,1.05594,3,0.836671,1,0.820314,0,0.820314,0.809083,0,51.5625,131.945,139.917,129.75,5001.5,2220,1562.23,970,1721.76,137.461,200.039,199.664,135.023,200.039,776.853,51.75,12.696,8.77868,13.392,93.75,100,100,0,0.84375,75.1796,15,15,15
15.336,0,0,0,0,1.64179,0.99997,1.05463,3,0.836671,1,0.820314,0,0.820314,0.817384,0,51.5625,131.278,135.861,131.389,5008.25,2220,1562.42,970,1719.1,137.648,199.969,199.688,138.352,200.039,776.853,51.75,12.624,8.65868,13.32,93.75,100,100,0,0.625,75.1796,15.75,15.75,15
15.369,0,0,0,0,1.63373,0.99997,1.05328,3,0.836671,1,0.820314,0,0.820314,0.815675,0,51.5625,132.083,127.722,132.5,5015.75,2220,1566.76,970,1716.48,138,199.969,199.688,138.68,199.969,776.853,51.75,12.644,8.68268,13.34,93.75,100,100,0,0.28125,75.1796,15.75,15.75,15
15.403,0,0,0,0,1.63837,0.99997,1.05347,3,0.834962,1,0.820314,0,0.820314,0.816408,0,51.5625,131.778,134.556,131.389,5023.25,2220,1558.95,970,1716.48,137.25,199.688,199.664,137.18,199.688,776.853,52.5,12.576,8.65068,13.288,93,100,100,0,0.5,75.1796,15.75,15.75,15
15.436,0,0,0,0,1.64081,0.99997,1.05365,3,0.834962,1,0.820314,0,0.820314,0.82007,0,51.5625,131.778,136.722,131.583,5029.25,2220,1557.34,970,1721.76,137.063,199.664,199.641,136.43,199.688,776.853,52.5,12.56,8.64001,13.272,93,99.2157,100,0,0.734375,75.1796,15.75,15.75,15
15.469,0,0,0,0,1.63226,0.99997,1.05496,3,0.834962,1,0.820314,0,0.820314,0.822023,0,51.5625,131.333,135.028,131.028,5046.25,2220,1551.25,970,1719.1,136.453,199.664,199.641,136.195,199.664,779.431,52.5,12.476,8.59734,13.188,93,99.6079,100,0,0.5,75.1796,15.75,15.75,15
15.503,0,0,0,0,1.63025,0.99997,1.05454,3,0.833497,1,0.820314,0,0.820314,0.817384,0,51.5625,131.5,134.722,131.028,5053,2220,1549.92,970,1721.76,136.289,199.664,199.617,135.727,199.664,779.431,52.5,12.456,8.57868,13.152,93.75,100,100,0,0.234375,75.1796,15.75,15.75,15
15.536,0,0,0,0,1.62036,0.99997,1.05612,3,0.833497,1,0.820314,0,0.820314,0.822999,0,51.5625,132.528,122.945,131.75,5066.5,2220,1558.95,970,1713.83,137.109,199.688,199.57,136.922,199.664,779.431,52.5,12.584,8.64001,13.28,93.75,100,100,0,0.0625,75.1796,15.75,15.75,15
15.569,0,0,0,0,1.6239,0.99997,1.0575,3,0.833497,1,0.820314,0,0.820314,0.824708,0,51.5625,132.25,129.972,133.056,5074.25,2220,1556.05,970,1708.55,136.805,199.688,199.57,138.609,199.688,779.431,52.5,12.536,8.62668,13.232,93.75,100,100,0,0.375,75.1796,16.5,16.5,17.25
15.603,0,0,0,0,1.63641,0.99997,1.05945,3,0.832521,1,0.820314,0,0.820314,0.823732,0,51.5625,132.945,139.333,132.889,5084.5,2220,1549.61,970,1716.48,136.172,199.57,199.547,135.844,199.57,779.431,52.5,12.532,8.62668,13.228,93.75,100,100,0,0.75,75.1796,15.75,15.75,17.25
15.636,0,0,0,0,1.63117,0.99997,1.05991,3,0.832521,1,0.820314,0,0.820314,0.822023,0,51.5625,132.667,134.583,131.389,5090.75,2220,1552.66,970,1708.55,136.43,199.57,199.523,136.008,199.57,779.431,52.5,12.548,8.64534,13.244,93.75,100,100,0,0.15625,75.1796,15.75,15.75,15
15.669,0,0,0,0,1.62598,0.99997,1.06015,3,0.832521,1,0.820314,0,0.820314,0.821046,0,51.5625,133.361,127.611,132.5,5106.25,2220,1559.22,970,1697.97,136.992,199.57,199.523,136.922,199.57,781.697,52.5,12.608,8.69068,13.304,93.75,100,100,0,0.40625,75.1796,15.75,15.75,15
15.703,0,0,0,0,1.62659,0.99997,1.06055,3,0.831544,1,0.820314,0,0.820314,0.817384,0,51.5625,133.361,128.806,133.445,5112.25,2220,1559.8,970,1695.35,137.016,199.523,199.5,138.07,199.523,781.697,52.5,12.612,8.66934,13.308,93,100,100,0,0.609375,75.1796,15.75,15.75,15
15.736,0,0,0,0,1.63001,0.99997,1.06018,3,0.831544,1,0.820314,0,0.820314,0.819337,0,51.5625,132.611,138.667,131.945,5123.75,2220,1547.38,970,1700.63,135.797,199.523,199.453,136.828,199.523,781.697,52.5,12.448,8.60001,13.144,93,100,100,0,0.203125,75.1796,16.5,16.5,15
15.769,0,0,0,0,1.62537,0.99997,1.06043,3,0.831544,1,0.820314,0,0.820314,0.822023,0,51.5625,133.695,131.75,133.028,5133.25,2220,1553.63,970,1705.9,136.336,199.523,199.453,136.453,199.523,781.697,52.5,12.532,8.62401,13.228,93,100,100,0,0.75,75.1796,16.5,16.5,17.25
15.803,0,0,0,0,1.62384,0.99997,1.06198,3,0.829347,1,0.820314,0,0.820314,0.822999,0,51.5625,135.028,124.778,134.167,5144.75,2220,1561.33,970,1700.63,137.039,199.477,199.43,136.641,199.477,781.697,52.5,12.62,8.70401,13.316,93.75,100,100,0,0.484375,75.1796,15.75,15.75,15
15.836,0,0,0,0,1.64636,0.99997,1.06345,3,0.829347,1,0.820314,0,0.820314,0.824708,0,51.5625,134.278,145.056,134.556,5150,2220,1552.66,970,1713.83,136.172,199.406,199.406,134.484,199.477,781.697,52.5,12.552,8.66934,13.248,93.75,100,100,0,0.625,75.1796,15.75,15.75,15
15.869,0,0,0,0,1.61066,0.99997,1.06525,3,0.829347,1,0.820314,0,0.820314,0.826661,0,51.5625,134.806,122.556,135.5,5163.5,2220,1569.96,970,1682.15,137.742,199.406,199.406,142.828,199.406,783.904,52.5,12.72,8.70668,13.416,93.75,100,100,0,0.953125,75.1796,15.75,15.75,15
15.903,0,0,0,0,1.6405,0.99997,1.06647,3,0.827394,1,0.820314,0,0.820314,0.825685,0,51.5625,135.278,137.028,134.833,5172.25,2220,1562.07,970,1703.24,136.969,199.43,199.383,136.359,199.43,783.904,52.5,12.664,8.73334,13.36,93.75,99.6079,100,0,-0.15625,75.1796,15.75,15.75,15
15.936,0,0,0,0,1.62647,0.99997,1.06659,3,0.827394,1,0.820314,0,0.820314,0.818361,0,51.5625,135.139,129.278,132.861,5186.5,2220,1557.58,970,1695.35,136.523,199.453,199.336,135.82,199.43,783.904,52.5,12.62,8.70401,13.316,93.75,100,100,0,0.515625,75.1796,15.75,15.75,15
15.969,0,0,0,0,1.64026,0.99997,1.06555,3,0.827394,1,0.820314,0,0.820314,0.817384,0,51.5625,135.195,141.333,135.722,5193,2220,1555.43,970,1705.9,136.289,199.453,199.336,135.984,199.453,783.904,52.5,12.58,8.67734,13.276,93.75,100,100,0,0.578125,75.1796,15.75,15.75,15
16.003,0,0,0,0,1.62445,0.99997,1.06409,3,0.826173,1,0.820314,0,0.820314,0.819337,0,51.5625,135.445,126.778,137.111,5205.5,2220,1563.75,970,1697.97,137.039,199.336,199.313,138.492,199.336,783.904,53.25,12.628,8.67734,13.324,93,100,100,0,0.90625,75.1796,15.75,15.75,15
16.036,0,0,0,0,1.63745,0.99997,1.06439,3,0.826173,1,0.820314,0,0.820314,0.819337,0,51.5625,136.417,134.472,135.972,5216.25,2220,1562.93,970,1697.97,136.922,199.313,199.289,135.844,199.336,783.904,53.25,12.62,8.73868,13.316,93,100,100,0,0.8125,75.1796,15.75,15.75,15
16.069,0,0,0,0,1.62372,0.99997,1.06455,3,0.826173,1,0.820314,0,0.820314,0.818361,0,51.5625,136.611,125.167,136.445,5228.25,2220,1566.45,970,1690.04,137.18,199.313,199.289,138.844,199.313,785.994,53.25,12.636,8.70401,13.332,93,100,100,0,0.171875,75.1796,15,15,15
16.103,0,0,0,0,1.64685,0.99997,1.06571,3,0.824952,1,0.820314,0,0.820314,0.821046,0,51.5625,136.833,143.917,137.389,5233.75,2220,1559.8,970,1705.86,136.523,199.313,199.242,135.727,199.313,785.994,53.25,12.592,8.72001,13.296,93,100,100,0,0.796875,75.1796,15,15,15
16.136,0,0,0,0,1.62872,0.99997,1.06589,3,0.824952,1,0.820314,0,0.820314,0.822023,0,51.5625,137.361,125.583,136.806,5239.25,2220,1570.39,970,1690.04,137.484,198.75,199.219,138.352,199.313,785.994,53.25,12.72,8.74401,13.424,93,100,100,0,0.546875,75.1796,15,15,15
16.169,0,0,0,0,1.63434,0.99997,1.06729,3,0.824952,1,0.820314,0,0.820314,0.822999,0,51.5625,137.222,130.389,137,5254.75,2220,1570.12,970,1687.42,137.086,198.75,199.219,137.953,198.75,785.994,53.25,12.68,8.72801,13.384,93,100,100,0,0.1875,75.1796,15.75,15.75,15
16.203,0,0,0,0,1.6518,0.99997,1.0679,3,0.823976,1,0.820314,0,0.820314,0.821046,0,51.5625,137.417,145.195,136.806,5264,2230,1562.73,970,1700.63,136.359,199.195,199.195,134.953,199.195,785.994,53.25,12.596,8.74934,13.292,93,100,100,0,1.26563,75.1796,15.75,15.75,15
16.236,0,0,0,0,1.64032,0.99997,1.06857,3,0.823976,1,0.820314,0,0.820314,0.822023,0,51.5625,137.306,138.861,137,5274.25,2230,1562.42,970,1695.31,136.313,199.219,199.148,135.75,199.195,785.994,53.25,12.6,8.70668,13.296,93,100,100,0,1.29688,75.1796,15.75,15.75,15
16.269,0,0,0,0,1.63629,0.99997,1.07132,3,0.823976,1,0.820314,0,0.820314,0.82837,0,51.5625,137.528,134.056,137.556,5282.5,2230,1565.47,970,1690,136.523,199.219,199.148,136.406,199.219,788.006,53.25,12.652,8.73868,13.348,93,100,100,0,0.75,75.1796,15.75,15.75,15
16.303,-1.5,0,0,0,1.63849,0.99997,1.0723,3,0.823243,1,0.820314,0,0.820314,0.825685,0,51.5625,137.417,139.528,137,5289,2230,1562.54,970,1690.04,136.219,199.055,199.148,137.391,199.055,788.006,53.25,12.62,8.72001,13.324,93.75,99.6079,100,0,0.421875,75.1796,14.25,14.25,24.75
16.336,-1.5,0,0,0,1.6369,0.99997,1.07401,3,0.823243,1,0.820314,0,0.820314,0.823732,0,51.5625,137.167,140.445,138.472,5299.25,2230,1561.68,970,1692.7,136.102,199.172,199.102,138.375,199.055,788.006,53.25,12.628,8.73068,13.332,93.75,100,100,0,0.6875,75.1796,15,15,15
16.369,-1.5,0,0,0,1.63098,0.99997,1.07477,3,0.823243,1,0.820314,0,0.820314,0.823732,0,51.5625,137.861,134.417,139.139,5306.75,2230,1568.52,970,1687.42,136.688,199.172,199.102,141.164,199.172,788.006,53.25,12.696,8.77334,13.4,93.75,100,100,0,1.14063,75.1796,12.75,12.75,12.75
16.403,-1.5,0,0,0,1.63281,0.99997,1.07581,3,0.822755,1,0.820314,0,0.820314,0.822023,0,51.5625,139.389,127.445,138.222,5319,2230,1576.84,970,1690,137.438,199.055,199.102,136.898,199.055,788.006,53.25,12.828,8.84001,13.532,93,100,100,0,0.875,75.1796,15,15,15
16.436,-1.5,0,0,0,1.64923,0.99997,1.0755,3,0.822755,1,0.820314,0,0.820314,0.82007,0,51.5625,139.25,140.445,138.361,5333.25,2230,1569.73,970,1692.7,136.734,199.078,199.055,135.727,199.055,788.006,53.25,12.74,8.81068,13.444,93,100,100,0,0.84375,75.1796,12,12,12
16.469,-1.5,0,0,0,1.64447,0.99997,1.07529,3,0.822755,1,0.820314,0,0.820314,0.82007,0,51.5625,139.195,139.778,141.445,5338,2230,1572.93,970,1695.35,136.992,199.078,199.055,139.547,199.078,790.154,53.25,12.716,8.76801,13.42,93,100,100,0,1.57813,75.1796,15.75,15.75,13.5
16.503,-1.5,0,0,0,1.64911,0.99997,1.07446,3,0.822267,1,0.820314,0,0.820314,0.816408,0,51.5625,140.083,140.195,140.306,5349.5,2230,1572.15,970,1697.97,136.875,199.031,199.031,136.594,199.031,790.154,54,12.736,8.80268,13.432,93.75,100,100,0,0.65625,75.1796,13.5,13.5,13.5
16.536,-1.5,0,0,0,1.64642,0.99997,1.07483,3,0.822267,1,0.820314,0,0.820314,0.821046,0,51.5625,140.583,132.972,139.111,5356,2230,1578.79,970,1690.04,137.461,198.961,199.008,136.805,199.031,790.154,54,12.8,8.84801,13.496,93.75,100,100,0,1.3125,75.1796,15,15,13.5
16.569,-1.5,0,0,0,1.66138,0.99997,1.07471,3,0.822267,1,0.820314,0,0.820314,0.818361,0,51.5625,140.083,150.972,140.306,5367.5,2230,1569.73,970,1700.59,136.57,198.961,199.008,135.844,198.961,790.154,54,12.692,8.78934,13.388,93.75,100,100,0,0.359375,75.1796,14.25,14.25,13.5
16.603,-1.5,0,0,0,1.63983,0.99997,1.07495,3,0.821779,1,0.820314,0,0.820314,0.819337,0,51.5625,140.611,132.111,140.778,5379,2230,1578.95,970,1682.11,137.391,199.008,198.984,139.688,199.008,790.154,54,12.776,8.81068,13.48,93,100,100,0,0.78125,75.1796,15.75,15.75,13.5
16.636,-1.5,0,0,0,1.65711,0.99997,1.0737,3,0.821779,1,0.820314,0,0.820314,0.814699,0,51.5625,139.667,152.695,140.445,5390.75,2230,1564.1,970,1697.97,135.984,198.961,198.938,136.5,199.008,790.154,54,12.588,8.73601,13.292,93,100,100,0,0.953125,75.1796,16.5,16.5,13.5
16.669,-1.5,0,0,0,1.65143,0.99997,1.07288,3,0.821779,1,0.820314,0,0.820314,0.818361,0,51.5625,140.472,146.861,140.778,5398.5,2230,1565.12,970,1700.59,136.031,198.961,198.938,135,198.961,792.576,54,12.584,8.75734,13.288,93,100,100,0,0.96875,75.1796,15.75,15.75,15
16.703,-1.5,0,0,0,1.64325,0.99997,1.07346,3,0.821534,1,0.820314,0,0.820314,0.818361,0,51.5625,140.722,140.333,140.306,5407.25,2230,1568.91,970,1690.04,136.359,198.938,198.914,136.477,198.938,792.576,54,12.644,8.74401,13.348,93,100,100,0,0.75,75.1796,15.75,15.75,15
16.736,-1.5,0,0,0,1.65936,0.99997,1.07474,3,0.821534,1,0.820314,0,0.820314,0.822999,0,51.5625,140.361,154.806,141.611,5413,2230,1562.7,970,1703.24,135.75,198.844,198.891,135.07,198.938,792.576,54,12.564,8.74401,13.268,93,100,100,0,1.35938,75.1796,15.75,15.75,13.5
16.769,-1.5,0,0,0,1.6471,0.99997,1.07468,3,0.821534,1,0.820314,0,0.820314,0.818361,0,51.5625,140.945,144.083,140.445,5422,2230,1565.04,970,1695.35,135.914,198.844,198.891,134.789,198.844,792.576,54,12.584,8.76001,13.288,93,100,100,0,0.796875,75.1796,14.25,14.25,15
16.803,-1.5,0,0,0,1.62616,0.99997,1.07599,3,0.82129,1,0.820314,0,0.820314,0.822023,0,51.5625,140.083,133.028,140.083,5435.75,2230,1564.88,970,1682.11,135.867,198.867,198.867,138.047,198.867,792.576,54,12.576,8.67734,13.28,93,100,100,0,0.890625,75.1796,16.5,16.5,15
16.836,-1.5,0,0,0,1.63892,0.99997,1.07721,3,0.82129,1,0.820314,0,0.820314,0.825685,0,51.5625,141.417,137.639,140.778,5446.5,2230,1567.54,970,1687.42,136.102,198.867,198.82,135.914,198.867,792.576,54,12.62,8.76534,13.324,93,100,100,0,0.859375,75.1796,12.75,12.75,12.75
16.869,-1.5,0,0,0,1.65204,0.99997,1.08023,3,0.82129,1,0.820314,0,0.820314,0.830324,0,51.5625,141.472,148.695,143.583,5448.5,2240,1568.28,970,1695.35,136.102,198.867,198.82,136.922,198.867,794.724,54,12.66,8.77868,13.364,93,100,100,0,0.78125,75.1796,13.5,13.5,13.5
16.903,-1.5,0,0,0,1.64954,0.99997,1.08154,3,0.821046,1,0.820314,0,0.820314,0.825685,0,51.5625,142.111,147.333,141.945,5463.25,2230,1566.02,970,1695.31,135.844,198.773,198.797,135.164,198.773,794.724,54,12.688,8.80801,13.392,93.75,100,100,0,1.10938,75.1796,14.25,14.25,15
16.936,-1.5,0,0,0,1.63623,0.99997,1.08377,3,0.821046,1,0.820314,0,0.820314,0.822999,0,51.5625,141.75,138.222,141.056,5474.25,2240,1566.33,970,1684.77,135.844,198.328,198.773,136.125,198.773,794.724,54,12.68,8.77334,13.384,93.75,100,100,0,0.703125,75.1796,12.75,12.75,12.75
16.969,-1.5,0,0,0,1.64136,0.99997,1.08331,3,0.821046,1,0.820314,0,0.820314,0.825685,0,51.5625,141.806,140.972,142.639,5479.25,2240,1568.98,970,1690.04,135.703,198.328,198.773,137.133,198.328,794.724,54,12.656,8.77868,13.36,93.75,100,100,0,0.96875,75.1796,13.5,13.5,13.5
17.003,-1.5,0,0,0,1.62463,0.99997,1.08557,3,0.820802,1,0.820314,0,0.820314,0.825685,0,51.5625,142.5,130.722,143.417,5497.5,2240,1583.36,970,1674.22,136.992,198.703,198.75,139.453,198.703,794.724,54,12.824,8.81068,13.536,93,100,100,0,1.03125,75.1796,16.5,16.5,15
17.036,-1.5,0,0,0,1.64288,0.99997,1.08585,3,0.820802,1,0.820314,0,0.820314,0.823732,0,51.5625,142.611,140.806,144.056,5511.5,2240,1575.08,970,1679.53,136.195,198.82,198.539,138.984,198.703,794.724,54,12.776,8.84801,13.488,93,100,100,0,0.46875,75.1796,16.5,16.5,15
17.069,-1.5,0,0,0,1.6474,0.99997,1.08795,3,0.820802,1,0.820314,0,0.820314,0.825685,0,51.5625,142.917,143.528,143.778,5524.75,2240,1570.63,970,1690,135.727,198.82,198.539,135.727,198.82,796.58,54,12.744,8.83468,13.456,93,100,100,0,0.703125,75.1796,16.5,16.5,15
17.103,-1.5,0,0,0,1.64667,0.99997,1.0874,3,0.820802,1,0.820314,0,0.820314,0.821046,0,51.5625,143.445,146.722,143.361,5523.75,2240,1568.75,970,1684.8,135.516,198.445,198.375,136.664,198.445,796.58,54.75,12.708,8.82134,13.404,93.75,100,100,0,1.29688,75.1796,15,15,15
17.136,-1.5,0,0,0,1.64295,0.99997,1.08811,3,0.820802,1,0.820314,0,0.820314,0.819337,0,51.5625,142.861,144.056,142.861,5527.75,2240,1567.42,970,1684.77,135.328,198.281,198.234,135.656,198.445,796.58,54.75,12.656,8.78934,13.352,93.75,100,100,0,0.453125,75.1796,16.5,16.5,15
17.169,-1.5,0,0,0,1.64124,0.99997,1.08881,3,0.820802,1,0.820314,0,0.820314,0.823732,0,51.5625,143.333,141.583,142.861,5548.25,2240,1569.3,970,1682.11,135.445,198.281,198.234,135.516,198.281,796.58,54.75,12.708,8.81868,13.404,93.75,100,100,0,0.28125,75.1796,16.5,16.5,15
17.203,-1.5,0,0,0,1.65106,0.99997,1.08963,3,0.820802,1,0.820314,0,0.820314,0.825685,0,51.5625,143.389,151.583,142.222,5558.5,2240,1560.82,970,1690,134.625,198.164,198.023,132.891,198.164,796.58,54.75,12.644,8.81601,13.34,93.75,100,100,0,0.640625,75.1796,16.5,16.5,15
17.236,-1.5,0,0,0,1.63294,0.99997,1.0914,3,0.820802,1,0.820314,0,0.820314,0.825685,0,51.5625,143.945,133.556,144.278,5560.5,2240,1574.53,970,1671.56,135.867,197.953,197.789,138.117,198.164,796.58,54.75,12.78,8.82668,13.476,93.75,100,100,0,0.578125,75.1796,15,15,15
17.269,-1.5,0,0,0,1.63416,0.99997,1.09232,3,0.820802,1,0.820314,0,0.820314,0.82007,0,51.5625,143.5,140.583,145.361,5574,2240,1567.77,970,1676.84,135.188,197.953,197.789,137.508,197.953,798.572,54.75,12.704,8.78668,13.4,93.75,100,100,0,0.875,75.1796,15.75,15.75,15
17.303,-1.5,0,0,0,1.64435,0.99997,1.09204,3,0.819093,1,0.820314,0,0.820314,0.817384,0,51.5625,143.611,146.222,143,5584.5,2240,1562.46,970,1690,134.672,197.719,197.508,132.047,197.719,798.572,54.75,12.656,8.78134,13.376,93.75,100,100,0,0.953125,75.1796,15.75,15.75,15
17.336,-1.5,0,0,0,1.62512,0.99997,1.09152,3,0.819093,1,0.820314,0,0.819093,0.819337,0,51.5625,144.361,132.445,143.833,5589.5,2240,1575,970,1666.29,135.82,197.461,197.438,137.883,197.719,798.572,54.75,12.812,8.83734,13.532,93.75,100,100,0,0.59375,75.1796,15.75,15.75,13.5
17.369,-1.5,0,0,0,1.65888,0.99997,1.09003,3,0.819093,1,0.820314,0,0.819093,0.816408,0,51.5625,144.667,154.278,144.778,5593.75,2230,1564.53,970,1690,134.813,197.461,197.438,132.023,197.461,798.572,54.75,12.708,8.80534,13.428,93.75,100,100,0,1.03125,75.1796,15.75,15.75,13.5
17.403,-1.5,0,0,0,1.63892,0.99997,1.09195,3,0.817628,1,0.820314,0,0.819093,0.824708,0,51.5625,144.778,138.611,143.139,5609.5,2230,1569.34,970,1671.56,135.258,197.391,197.18,134.438,197.391,798.572,54.75,12.76,8.82668,13.456,93,100,100,0,0.5,75.1796,14.25,14.25,13.5
17.436,-1.5,0,0,0,1.64411,0.99997,1.09131,3,0.817628,1,0.820314,0,0.817628,0.816408,0,51.5625,143.945,152.639,143.389,5616.75,2230,1555.98,970,1679.45,133.992,197.133,196.852,133.195,197.391,798.572,54.75,12.628,8.76268,13.324,93,99.2157,100,0,0.59375,75.1796,15.75,15.75,13.5
17.469,-1.5,0,0,0,1.62409,0.99997,1.09186,3,0.817628,1,0.820314,0,0.817628,0.813722,0,51.5625,144.528,135.667,145.028,5639,2230,1564.22,970,1666.33,134.766,197.133,196.852,136.969,197.133,800.076,54.75,12.728,8.78934,13.424,93,100,100,0,0.921875,75.1796,15.75,15.75,13.5
17.503,-1.5,0,0,0,1.64392,0.99997,1.09012,3,0.816652,1,0.820314,0,0.817628,0.814699,0,51.5625,145.278,153.611,144.528,5638,2230,1556.25,970,1679.49,134.039,196.805,196.617,132.938,196.805,800.076,54.75,12.644,8.82134,13.34,93.75,100,100,0,0.890625,75.1796,12.75,12.75,12.75
17.536,-1.5,0,0,0,1.62262,0.99997,1.08966,3,0.816652,1,0.820314,0,0.816652,0.814699,0,51.5625,144.722,134.278,144.778,5638,2230,1564.1,970,1663.63,134.742,196.195,196.57,136.664,196.805,800.076,54.75,12.696,8.80268,13.392,93.75,100,100,0,0.78125,75.1796,14.25,14.25,17.25
17.569,-1.5,0,0,0,1.63233,0.99997,1.08963,3,0.816652,1,0.820314,0,0.816652,0.813722,0,51.5625,145.639,140.917,144.778,5659.25,2220,1565.35,970,1668.95,134.859,196.195,196.57,135.469,196.195,800.076,54.75,12.744,8.80534,13.44,93.75,100,100,0,1.29688,75.1796,15,15,17.25
17.603,-1.5,0,0,0,1.63263,0.99997,1.09049,3,0.815919,1,0.820314,0,0.816652,0.815675,0,51.5625,145.528,142.167,145.25,5660.25,2220,1563.55,970,1671.56,134.695,196.195,196.148,135.703,196.195,800.076,55.5,12.736,8.79468,13.44,93,100,100,0,0.890625,75.1796,15,15,15
17.636,-1.5,0,0,0,1.63135,0.99997,1.09134,3,0.815919,1,0.820314,0,0.815919,0.818361,0,51.5625,145.945,138.306,146.389,5676.25,2220,1567.77,970,1671.56,135.094,195.656,195.984,136.289,196.195,800.076,55.5,12.796,8.82401,13.5,93,100,100,0,1.01563,75.1796,15,15,15
17.669,-1.5,0,0,0,1.63355,0.99997,1.09168,3,0.815919,1,0.820314,0,0.815919,0.817384,0,51.5625,145.167,147,145.75,5692.5,2220,1559.38,970,1674.22,133.992,195.656,195.984,135.422,195.656,801.912,55.5,12.684,8.74934,13.388,93,100,100,0,1.25,75.1796,15.75,15.75,13.5
17.703,-1.5,0,0,0,1.62817,0.99997,1.09216,3,0.815187,1,0.820314,0,0.815919,0.815675,0,51.5625,146.333,136.389,144.306,5705.5,2210,1562.97,970,1668.91,134.32,194.742,195.797,133.008,194.742,801.912,55.5,12.74,8.81868,13.436,93.75,100,100,0,1.14063,75.1796,15.75,15.75,13.5
17.736,-1.5,0,0,0,1.64758,0.99997,1.09119,3,0.815187,1,0.820314,0,0.815187,0.811769,0,51.5625,146.222,154.861,145.361,5706.5,2210,1557.11,970,1676.8,133.781,194.297,195.398,131.602,194.742,801.912,55.5,12.672,8.79201,13.368,93.75,99.6079,100,0,0.859375,75.1796,15.75,15.75,13.5
17.769,-1.5,0,0,0,1.63684,0.99997,1.09134,3,0.815187,1,0.820314,0,0.815187,0.813722,0,51.5625,146.611,145.833,146.445,5709.75,2200,1563.48,970,1674.22,134.391,194.297,195.398,134.578,194.297,801.912,55.5,12.76,8.80534,13.456,93.75,100,100,0,0.765625,75.1796,15.75,15.75,13.5
17.803,-1.5,0,0,0,1.6225,0.99997,1.09033,3,0.814699,1,0.820314,0,0.815187,0.815675,0,51.5625,146.639,134.611,147.639,5719.5,2190,1574.18,970,1660.98,135.398,192.844,195.023,137.719,192.844,801.912,55.5,12.844,8.80001,13.556,93.75,100,100,0,0.890625,75.1796,14.25,14.25,13.5
17.836,-1.5,0,0,0,1.63812,0.99997,1.09195,3,0.814699,1,0.820314,0,0.814699,0.816408,0,51.5625,147.083,145.861,145.25,5732.75,2190,1563.05,970,1668.91,134.367,192.844,194.555,133.477,192.844,801.912,55.5,12.784,8.82934,13.496,93.75,100,100,0,0.578125,75.1796,16.5,16.5,13.5
17.869,-1.5,0,0,0,1.64087,0.99997,1.09119,3,0.814699,1,0.820314,0,0.814699,0.811769,0,51.5625,146.445,156.222,145.5,5751.5,2190,1551.6,970,1674.22,133.289,192.844,194.555,132.141,192.844,803.709,55.5,12.632,8.74134,13.344,93.75,99.6079,100,0,0.984375,75.1796,12,12,12
17.903,-1.5,0,0,0,1.62946,0.99997,1.09015,3,0.81421,1,0.820314,0,0.814699,0.808107,0,51.5625,146.167,148.389,145.972,5753.5,2190,1551.52,970,1674.18,133.289,192.844,194.133,132.375,192.844,803.709,55.5,12.6,8.72534,13.304,93.75,100,100,0,0.703125,75.1796,16.5,16.5,15.75
17.936,-1.5,0,0,0,1.61865,0.99997,1.0885,3,0.81421,1,0.820314,0,0.81421,0.804445,0,51.5625,146.111,143.833,146.222,5760.25,2190,1552.03,970,1661.02,133.336,191.414,193.664,136.148,192.844,803.709,55.5,12.628,8.72001,13.332,93.75,100,100,0,0.734375,75.1796,13.5,13.5,13.5
17.969,-1.5,0,0,0,1.63263,0.99997,1.08725,3,0.81421,1,0.820314,0,0.81421,0.811036,0,51.5625,147.083,151.833,145.972,5772.5,2170,1550.55,970,1674.22,133.219,191.414,193.664,132.352,191.414,803.709,55.5,12.588,8.70934,13.292,93.75,100,100,0,0.8125,75.1796,15,15,17.25
18.003,-1.5,0,0,0,1.61347,0.99997,1.08716,3,0.813966,1,0.820314,0,0.81421,0.813722,0,51.5625,146.611,135.389,147.195,5780.25,2170,1558.36,970,1663.63,133.945,191.414,193.008,135.469,191.414,803.709,55.5,12.66,8.65334,13.372,93.75,100,100,0,0.796875,75.1796,17.25,17.25,17.25
18.036,-1.5,0,0,0,1.63049,0.99997,1.08643,3,0.813966,1,0.820314,0,0.813966,0.807374,0,51.5625,146.861,155.083,148.389,5790.25,2170,1548.63,970,1676.84,133.055,191.414,192.609,134.508,191.414,803.709,55.5,12.556,8.66401,13.268,93.75,100,100,0,0.9375,75.1796,15.75,15.75,15
18.069,-1.5,0,0,0,1.6286,0.99997,1.08447,3,0.813966,1,0.820314,0,0.813966,0.802736,0,51.5625,147.889,146.722,145.75,5804.75,2170,1551.56,970,1671.56,133.336,191.414,192.609,131.695,191.414,805.193,55.5,12.612,8.68801,13.324,93.75,99.6079,100,0,1.28125,75.1796,16.5,16.5,15
18.103,-1.5,0,0,0,1.6181,0.99997,1.08365,3,0.813478,1,0.820314,0,0.813966,0.808107,0,51.5625,147.25,137.889,147.195,5813.75,2170,1555.27,970,1663.63,133.688,191.414,192.094,132.797,191.414,805.193,56.25,12.62,8.66401,13.332,93.75,100,100,0,0.96875,75.1796,16.5,16.5,15
18.136,-1.5,0,0,0,1.63434,0.99997,1.08167,3,0.813478,1,0.820314,0,0.813478,0.808107,0,51.5625,148.083,155.111,148.389,5825,2170,1547.62,970,1671.56,132.984,189.961,191.555,131.273,191.414,805.193,56.25,12.516,8.67734,13.228,93.75,100,100,0,0.671875,75.1796,16.5,16.5,15
18.169,-1.5,0,0,0,1.61426,0.99997,1.08151,3,0.813478,1,0.820314,0,0.813478,0.807374,0,51.5625,148.195,140.056,149.083,5839.75,2160,1551.48,970,1655.7,133.336,189.961,191.555,134.625,189.961,805.193,56.25,12.552,8.63734,13.264,93.75,99.6079,100,0,1.20313,75.1796,16.5,16.5,15
18.203,-1.5,0,0,0,1.6286,0.99997,1.08121,3,0.813478,1,0.820314,0,0.813478,0.808107,0,51.5625,147.5,158.861,147.639,5845.5,2140,1539.65,970,1663.63,132.234,188.531,191.18,132.445,188.531,805.193,56.25,12.416,8.57068,13.112,93.75,99.6079,100,0,1.15625,75.1796,16.5,16.5,15
18.236,-1.5,0,0,0,1.59595,0.99997,1.08078,3,0.813478,1,0.820314,0,0.813478,0.811036,0,51.5625,147.833,135.5,146.222,5852.5,2140,1546.72,970,1645.16,132.891,188.531,190.922,133.992,188.531,805.193,56.25,12.516,8.59734,13.212,93.75,100,100,0,0.671875,75.1796,16.5,16.5,15
18.269,-1.5,0,0,0,1.61279,0.99997,1.08096,3,0.813478,1,0.820314,0,0.813478,0.811769,0,51.5625,147.667,149.417,147.195,5854.75,2140,1535.35,970,1660.98,131.859,188.531,190.922,131.039,188.531,806.443,56.25,12.36,8.53334,13.056,93.75,99.6079,100,0,1.34375,75.1796,16.5,16.5,15
18.303,-1.5,0,0,0,1.60901,0.99997,1.08041,3,0.813234,1,0.820314,0,0.813478,0.807374,0,51.5625,147.278,147.833,147.195,5868.5,2140,1532.46,970,1658.36,131.602,188.531,190.43,130.805,188.531,806.443,56.25,12.292,8.52801,13.004,93.75,99.6079,100,0,1.35938,75.1796,15.75,15.75,24.75
18.336,-1.5,0,0,0,1.60278,0.99997,1.08118,3,0.813234,1,0.820314,0,0.813234,0.812745,0,51.5625,147.611,146.083,146.945,5881,2140,1529.38,970,1655.7,130.992,186.656,189.727,130.828,188.531,806.443,56.25,12.224,8.49334,12.936,93.75,99.6079,100,0,0.796875,75.1796,15,15,15
18.369,-1.5,0,0,0,1.60932,0.99997,1.08167,3,0.813234,1,0.820314,0,0.813234,0.816408,0,51.5625,147.445,152.278,148.139,5891.5,2130,1529.57,970,1663.63,131.039,186.656,189.727,131.227,186.656,806.443,56.25,12.264,8.48801,12.976,93.75,100,100,0,0.90625,75.1796,18,18,15.75
18.403,-1.5,0,0,0,1.58783,0.99997,1.08289,3,0.81299,1,0.820314,0,0.813234,0.814699,0,51.5625,147.889,135.583,147.889,5904.25,2130,1537.38,970,1650.43,131.789,187.078,189.188,133.195,187.078,806.443,56.25,12.372,8.51201,13.084,93.75,100,100,0,1.10938,75.1796,15,15,15
18.436,-1.5,0,0,0,1.60803,0.99997,1.08447,3,0.81299,1,0.820314,0,0.81299,0.814699,0,51.5625,147.945,151.028,149.111,5906.5,2130,1531.99,970,1658.36,131.297,186.633,188.719,132.492,187.078,806.443,56.25,12.336,8.52534,13.048,93.75,100,100,0,0.90625,75.1796,15,15,15
18.469,-1.5,0,0,0,1.60553,0.99997,1.08542,3,0.81299,1,0.820314,0,0.81299,0.818361,0,51.5625,148.667,147.195,149.083,5919.25,2120,1536.13,970,1658.36,131.695,186.633,188.719,133.078,186.633,807.459,56.25,12.424,8.54934,13.136,93.75,100,100,0,0.671875,75.1796,18,18,17.25
18.503,-1.5,0,0,0,1.60205,0.99997,1.0838,3,0.81299,1,0.820314,0,0.81299,0.808107,0,51.5625,150.111,137.528,149.111,5928.75,2110,1544.26,970,1650.43,132.445,185.203,188.18,132.211,185.203,807.459,56.25,12.58,8.63201,13.284,93.75,100,100,0,1.07813,75.1796,15.75,15.75,15
18.536,-1.5,0,0,0,1.61591,0.99997,1.08435,3,0.81299,1,0.820314,0,0.81299,0.809083,0,51.5625,148.472,160.556,148.389,5940.5,2110,1527.23,970,1655.74,130.875,185.203,187.57,131.25,185.203,807.459,56.25,12.284,8.50134,12.988,93.75,99.6079,100,0,1,75.1796,18,18,15.75
18.569,-1.5,0,0,0,1.6084,0.99997,1.08102,3,0.81299,1,0.820314,0,0.81299,0.804445,0,51.5625,148.028,158.722,148.389,5959.25,2110,1521.41,970,1660.98,130.336,185.203,187.57,130.266,185.203,807.459,56.25,12.188,8.43201,12.892,93.75,100,100,0,0.765625,75.1796,18,18,15.75
18.603,-1.5,0,0,0,1.59198,0.99997,1.0802,3,0.812745,1,0.820314,0,0.81299,0.805421,0,51.5625,148.528,137.472,149.361,5968.75,2110,1533.13,970,1653.09,131.438,185.203,187.055,131.742,185.203,807.459,57,12.332,8.48001,13.036,93.75,100,100,0,1.20313,75.1796,18,18,15
18.636,-1.5,0,0,0,1.60193,0.99997,1.07837,3,0.812745,1,0.820314,0,0.812745,0.806398,0,51.5625,149.278,149.75,147.639,5974.75,2110,1525.04,970,1650.43,130.688,183.75,186.563,129.492,185.203,807.459,57,12.276,8.45601,12.98,93.75,100,100,0,0.984375,75.1796,18,18,18
18.669,-1.5,0,0,0,1.60455,0.99997,1.07776,3,0.812745,1,0.820314,0,0.812745,0.808107,0,51.5625,148.528,158.139,149.083,5984.25,2090,1517.97,970,1658.32,130.031,183.75,186.563,129.492,183.75,808.592,57,12.064,8.39734,12.768,93.75,100,100,0,0.953125,75.1796,18,18,15.75
18.703,-1.5,0,0,0,1.59601,0.99997,1.07764,3,0.816652,1,0.820314,0,0.812745,0.808107,0,51.5625,148.778,152.695,148.611,5989,2090,1516.84,970,1655.66,129.938,183.75,186.117,129.727,183.75,808.592,57,12.048,8.37868,12.744,93.75,100,100,0,1.17188,75.1796,18,18,15.75
18.736,-1.5,0,0,0,1.58606,0.99997,1.07883,3,0.816652,1,0.820314,0,0.816652,0.814699,0,51.5625,148.583,147.056,148.861,6004.75,2090,1518.55,970,1647.81,130.102,182.32,185.555,132,183.75,808.592,57,11.996,8.33068,12.692,93.75,100,100,0,1.26563,75.1796,18,18,15.75
18.769,-1.5,0,0,0,1.59351,0.99997,1.08035,3,0.816652,1,0.820314,0,0.816652,0.813722,0,51.5625,149.111,152.222,149.833,6018,2080,1518.16,970,1653.09,130.078,182.32,185.555,131.016,182.32,808.592,57,12.032,8.34668,12.728,93.75,100,100,0,0.828125,75.1796,18.75,18.75,16.5
18.803,-1.5,0,0,0,1.58594,0.99997,1.08063,3,0.815675,1,0.820314,0,0.816652,0.817384,0,51.5625,150.556,137.778,148.861,6026.5,2080,1527.62,970,1642.5,130.969,182.32,184.969,131.039,182.32,808.592,57,12.22,8.43734,12.916,93.75,100,100,0,1.07813,75.1796,18.75,18.75,16.5
18.836,-1.5,0,0,0,1.59485,0.99997,1.08109,3,0.815675,1,0.820314,0,0.815675,0.817384,0,51.5625,149.861,151.167,148.861,6036,2080,1519.22,970,1642.5,130.219,182.32,184.477,130.43,182.32,808.592,57,12.156,8.40268,12.852,93.75,100,100,0,1.1875,75.1796,18.75,18.75,16.5
18.869,-1.5,0,0,0,1.5943,0.99997,1.08197,3,0.815675,1,0.820314,0,0.815675,0.815675,0,51.5625,149.75,154.611,148.611,6044.5,2080,1513.75,970,1642.5,129.797,182.32,184.477,130.406,182.32,809.92,57,12.056,8.35201,12.752,93.75,100,100,0,1,75.1796,18.75,18.75,16.5
18.903,-1.5,0,0,0,1.58746,0.99997,1.08127,3,0.818116,1,0.820314,0,0.815675,0.813722,0,51.5625,150.056,146.861,148.861,6049.5,2060,1515,970,1639.84,129.82,180.891,183.984,128.93,180.891,809.92,57,12.056,8.36534,12.752,93.75,100,100,0,1,75.1796,17.25,17.25,16.5
18.936,-1.5,0,0,0,1.5932,0.99997,1.0802,3,0.818116,1,0.820314,0,0.818116,0.811769,0,51.5625,149.945,155.639,150.083,6055.5,2060,1511.84,970,1645.12,129.539,180.891,183.656,129.398,180.891,809.92,57,11.956,8.30668,12.652,93.75,99.6079,100,0,0.890625,75.1796,18.75,18.75,16.5
18.969,-1.5,0,0,0,1.59259,0.99997,1.07999,3,0.818116,1,0.820314,0,0.818116,0.814699,0,51.5625,150.333,154.5,150.333,6070.25,2060,1512.85,970,1642.5,129.656,180.891,183.656,129.703,180.891,809.92,57,11.968,8.31201,12.664,93.75,100,100,0,1.35938,75.1796,18.75,18.75,16.5
19.003,-1.5,0,0,0,1.5882,0.99997,1.07855,3,0.819093,1,0.820314,0,0.818116,0.812745,0,51.5625,150.333,151.695,150.333,6081.25,2060,1512.3,970,1639.88,129.609,180.891,183.141,130.289,180.891,809.92,57.75,11.932,8.28801,12.628,93.75,100,100,0,0.78125,75.1796,17.25,17.25,16.5
19.036,-1.5,0,0,0,1.58954,0.99997,1.07962,3,0.819093,1,0.820314,0,0.819093,0.818361,0,51.5625,149.695,159.778,149.861,6093.75,2060,1502.77,970,1645.16,128.438,180.492,182.391,129.516,180.891,809.92,57.75,11.78,8.22401,12.476,93.75,100,100,0,0.953125,75.1796,18.75,18.75,16.5
19.069,-1.5,0,0,0,1.57349,0.99997,1.08005,3,0.819093,1,0.820314,0,0.819093,0.819337,0,51.5625,149.695,146.722,149.861,6102.5,2060,1505.9,970,1645.16,128.766,180.492,182.391,130.664,180.492,810.974,57.75,11.816,8.20268,12.512,93.75,100,100,0,1.3125,75.1796,18.75,18.75,16.5
19.103,-1.5,0,0,0,1.57001,0.99997,1.08023,3,0.819825,1,0.820314,0,0.819093,0.816408,0,51.5625,150.639,136.389,150.083,6108.5,2060,1511.99,970,1642.5,129.352,180.891,182.156,129.703,180.891,810.974,57.75,11.936,8.25601,12.632,93.75,100,100,0,0.6875,75.1796,17.25,17.25,16.5
19.136,-1.5,0,0,0,1.59003,0.99997,1.08197,3,0.819825,1,0.820314,0,0.819825,0.822999,0,51.5625,150.333,157.611,150.556,6112.25,2060,1504.38,970,1650.39,128.648,180.469,182.086,128.016,180.891,810.974,57.75,11.852,8.24534,12.548,93.75,100,100,0,1.20313,75.1796,18.75,18.75,16.5
19.169,-1.5,0,0,0,1.57678,0.99997,1.08279,3,0.819825,1,0.820314,0,0.819825,0.822023,0,51.5625,150.917,144.639,150.333,6121,2060,1509.02,970,1642.5,129.094,180.469,182.086,129.164,180.469,810.974,57.75,11.952,8.28534,12.648,93.75,100,100,0,1.125,75.1796,18.75,18.75,16.5
19.203,-1.5,0,0,-1.5,1.59485,0.99997,1.08463,3,0.82007,1,0.820314,0,0.819825,0.823732,0,51.5625,151.278,163.611,149.861,6132.25,2060,1501.33,970,1653.05,128.414,180.469,181.875,124.172,180.469,810.974,57.75,11.836,8.28801,12.54,93.75,100,100,0,1.26563,75.1796,17.25,17.25,16.5
19.236,-1.5,0,0,-1.5,1.58331,0.99997,1.08408,3,0.82007,1,0.820314,0,0.82007,0.821046,0,51.5625,150.556,155.889,148.611,6151.25,2060,1495.74,970,1647.77,127.898,179.039,181.57,125.086,180.469,810.974,57.75,11.78,8.21334,12.484,93.75,100,100,-0.75,0.59375,75.1796,17.25,17.25,16.5
19.269,-1.5,0,0,-1.5,1.5929,0.99997,1.0863,3,0.82007,1,0.820314,0,0.82007,0.822999,0,51.5625,150.445,165.556,149.861,6163.75,2040,1492.07,970,1653.05,127.57,179.039,181.57,124.828,179.039,811.97,57.75,11.8,8.20801,12.504,93.75,100,100,-0.75,0.953125,75.1796,17.25,17.25,16.5
19.303,-1.5,0,0,-1.5,1.56433,0.99997,1.08603,3,0.82007,1,0.820314,0,0.82007,0.819337,0,51.5625,150.639,142.278,150.333,6169,2030,1503.09,970,1626.68,128.602,177.609,181.313,130.828,177.609,811.97,57.75,11.92,8.20801,12.616,93.75,100,100,-0.75,1.42188,75.1796,18.75,18.75,16.5
19.336,-1.5,0,0,-1.5,1.57153,0.99997,1.08463,3,0.82007,1,0.820314,0,0.82007,0.814699,0,51.5625,150.695,148.917,150.611,6174,2030,1498.79,970,1634.57,128.203,177.609,181.031,129.305,177.609,811.97,57.75,11.872,8.21334,12.568,93.75,100,100,-0.75,0.890625,75.1796,17.25,17.25,16.5
19.369,-1.5,0,0,-1.5,1.57025,0.99997,1.08545,3,0.82007,1,0.820314,0,0.82007,0.822999,0,51.5625,151.083,147.639,150.556,6180.25,2030,1499.92,970,1637.23,128.32,177.609,181.031,129.234,177.609,811.97,57.75,11.9,8.22668,12.596,93.75,100,100,-0.75,0.734375,75.1796,17.25,17.25,26.25
19.403,-1.5,0,0,-1.5,1.55884,0.99997,1.08475,3,0.820314,1,0.820314,0,0.82007,0.817384,0,51.5625,151.028,135.417,150.833,6189.25,2030,1504.92,970,1626.64,128.789,177.609,180.867,131.156,177.609,811.97,57.75,11.94,8.18668,12.652,93.75,100,100,-0.75,1.03125,75.1796,18.75,18.75,18.75
19.436,-1.5,0,0,-1.5,1.59039,0.99997,1.08624,3,0.820314,1,0.820314,0,0.820314,0.821046,0,51.5625,151.195,166.361,151.833,6198.25,2030,1489.73,970,1655.66,127.406,177.609,180.563,125.766,177.609,811.97,57.75,11.78,8.18668,12.492,93.75,100,100,-0.75,1.03125,75.1796,15,15,15
19.469,-1.5,0,0,-1.5,1.57526,0.99997,1.08475,3,0.820314,1,0.820314,0,0.820314,0.813722,0,51.5625,152.306,149.333,150.833,6207.25,2030,1498.09,970,1645.16,128.18,177.609,180.563,126.656,177.609,812.967,57.75,11.904,8.24801,12.616,93.75,100,100,-0.75,0.640625,75.1796,16.5,16.5,16.5
19.503,-1.5,0,0,-1.5,1.57056,0.99997,1.08576,3,0.820314,1,0.820314,0,0.820314,0.821046,0,51.5625,152.195,148.889,152.083,6217.5,2030,1499.34,970,1634.57,128.297,177.609,180.328,129.586,177.609,812.967,58.5,11.936,8.22668,12.632,93.75,100,100,-0.75,1.03125,75.1796,16.5,16.5,16.5
19.536,-1.5,0,0,-1.5,1.57697,0.99997,1.08548,3,0.820314,1,0.820314,0,0.820314,0.822999,0,51.5625,152.25,154.056,151.083,6229,2030,1494.88,970,1637.23,127.594,177.211,180.164,127.289,177.609,812.967,58.5,11.828,8.20268,12.524,93.75,100,100,-0.75,1.17188,75.1796,14.25,14.25,14.25
19.569,-1.5,0,0,-1.5,1.57343,0.99997,1.08688,3,0.820314,1,0.820314,0,0.820314,0.819337,0,51.5625,152.417,149.111,152.833,6243.25,2030,1498.83,970,1642.46,127.969,177.211,180.164,127.523,177.211,812.967,58.5,11.92,8.24001,12.616,93.75,100,100,-0.75,1.35938,75.1796,18.75,18.75,16.5
19.603,-1.5,0,0,-1.5,1.58734,0.99997,1.08606,3,0.820314,1,0.820314,0,0.820314,0.815675,0,51.5625,151.972,166.972,150.861,6250,2030,1483.05,970,1658.36,126.539,177.609,179.93,123.867,177.609,812.967,58.5,11.748,8.17868,12.444,93.75,99.6079,100,-0.75,0.671875,75.1796,17.25,17.25,16.5
19.636,-1.5,0,0,-1.5,1.57819,0.99997,1.08533,3,0.820314,1,0.820314,0,0.820314,0.817384,0,51.5625,151.139,162.945,151.333,6261.5,2030,1483.2,970,1650.43,126.563,177.188,179.531,126.188,177.609,812.967,58.5,11.688,8.10401,12.384,93.75,100,100,-0.75,1.5,75.1796,18.75,18.75,16.5
19.669,-1.5,0,0,-1.5,1.55475,0.99997,1.08603,3,0.820314,1,0.820314,0,0.820314,0.822999,0,51.5625,152.778,137.611,153.028,6273.5,2030,1496.72,970,1637.23,127.852,177.188,179.531,129.727,177.188,814.099,58.5,11.924,8.17868,12.62,93.75,100,100,-0.75,1.15625,75.1796,18.75,18.75,16.5
19.703,-1.5,0,0,-1.5,1.5556,0.99997,1.08771,3,0.820314,1,0.820314,0,0.820314,0.824708,0,51.5625,153,136.445,152.833,6277.25,2010,1499.26,970,1629.34,128.086,175.758,179.227,129.75,175.758,814.099,58.5,11.976,8.21334,12.696,93.75,100,100,-0.75,0.5,75.1796,17.25,17.25,16.5
19.736,-1.5,0,0,-1.5,1.58057,0.99997,1.08926,3,0.820314,1,0.820314,0,0.820314,0.824708,0,51.5625,152.945,160.028,152.306,6289.25,2010,1487.42,970,1645.12,127.008,177.047,179.039,125.25,175.758,814.099,58.5,11.864,8.17601,12.584,93.75,100,100,-0.75,0.921875,75.1796,18.75,18.75,16.5
19.769,-1.5,0,0,-1.5,1.5716,0.99997,1.08963,3,0.820314,1,0.820314,0,0.820314,0.82007,0,51.5625,152.833,162.278,152.389,6303.75,2010,1477.07,970,1642.5,126.984,177.047,179.039,126.281,177.047,814.099,58.5,11.848,8.16001,12.568,93.75,100,100,-0.75,1.26563,75.1796,17.25,17.25,16.5
19.803,-1.5,0,0,-1.5,1.55682,0.99997,1.08798,3,0.820314,1,0.820314,0,0.820314,0.816408,0,51.5625,153.306,148.695,152.306,6313,2000,1482.66,970,1631.99,127.5,175.758,178.898,127.875,175.758,814.099,58.5,11.908,8.17601,12.62,93.75,100,100,-0.75,1.34375,75.1796,18.75,18.75,16.5
19.836,-1.5,0,0,-1.5,1.54242,0.99997,1.08664,3,0.820314,1,0.820314,0,0.820314,0.813722,0,51.5625,152.722,142.639,151.333,6321,2000,1479.02,970,1629.34,127.172,175.594,178.5,129.398,175.758,814.099,58.5,11.836,8.10134,12.548,93.75,99.6079,100,-0.75,0.6875,75.1796,17.25,17.25,16.5
19.869,-1.5,0,0,-1.5,1.54749,0.99997,1.08441,3,0.820314,1,0.820314,0,0.820314,0.811036,0,51.5625,152.889,148.945,152.833,6326.25,1990,1474.34,970,1634.57,126.75,175.594,178.5,128.438,175.594,815.369,58.5,11.768,8.08001,12.48,93.75,100,100,-0.75,1.40625,75.1796,18,18,18.75
19.903,-1.5,0,0,-1.5,1.55359,0.99997,1.08344,3,0.820314,1,0.820314,0,0.820314,0.815675,0,51.5625,153.306,156.167,152.833,6334.25,1990,1468.75,970,1637.23,126.234,175.594,178.266,126.727,175.594,815.369,59.25,11.72,8.07201,12.44,93.75,100,100,-0.75,0.640625,75.1796,18.75,18.75,18.75
19.936,-1.5,0,0,-1.5,1.54376,0.99997,1.08145,3,0.820314,1,0.820314,0,0.820314,0.811036,0,51.5625,152.889,147.5,151.333,6337,1990,1470.82,970,1626.64,126.422,175.594,178.219,127.242,175.594,815.369,59.25,11.684,8.03734,12.404,93.75,100,100,-0.75,0.984375,75.1796,17.25,17.25,16.5
19.969,-1.5,0,0,-1.5,1.54273,0.99997,1.08096,3,0.820314,1,0.820314,0,0.820314,0.813722,0,51.5625,152.611,149.583,151.333,6358.5,1990,1465.04,970,1637.23,125.883,175.594,178.219,125.766,175.594,815.369,59.25,11.62,8.00268,12.34,93.75,99.6079,100,-0.75,0.640625,75.1796,19.5,19.5,18
20.003,-1.5,0,0,-1.5,1.54675,0.99997,1.08151,3,0.818605,1,0.820314,0,0.820314,0.82007,0,51.5625,153.111,152.222,151.083,6365.25,1990,1461.68,970,1642.5,125.602,175.594,177.914,123.164,175.594,815.369,59.25,11.632,8.02401,12.336,93.75,99.6079,100,-0.75,0.90625,75.1796,17.25,17.25,18.75
20.036,-1.5,0,0,-1.5,1.54474,0.99997,1.0827,3,0.818605,1,0.820314,0,0.818605,0.825685,0,51.5625,153.222,150.861,152.556,6369.25,1990,1463.75,970,1639.84,125.789,175.594,177.609,125.109,175.594,815.369,59.25,11.696,8.03468,12.4,93.75,99.2157,100,-0.75,0.828125,75.1796,18.75,18.75,16.5
20.069,-1.5,0,0,-1.5,1.53754,0.99997,1.08252,3,0.818605,1,0.820314,0,0.818605,0.811769,0,51.5625,153.472,145.75,154.083,6382.75,1990,1465.63,970,1639.84,125.977,175.594,177.609,126.586,175.594,816.443,59.25,11.732,8.02668,12.436,93.75,100,100,-0.75,1.20313,75.1796,18.75,18.75,16.5
20.103,-1.5,0,0,-1.5,1.54712,0.99997,1.08118,3,0.817384,1,0.820314,0,0.818605,0.812745,0,51.5625,152.528,157.611,152.833,6389.75,1990,1458.4,970,1645.16,125.18,175.594,177.328,124.43,175.594,816.443,59.25,11.572,7.95468,12.284,93.75,99.6079,100,-0.75,0.46875,75.1796,12.75,12.75,12.75
20.136,-1.5,0,0,-1.5,1.56702,0.99997,1.07999,3,0.817384,1,0.820314,0,0.817384,0.816408,0,51.5625,152.889,171.806,153.028,6402,1990,1450.43,970,1660.94,124.313,173.766,177.258,120.68,175.594,816.443,59.25,11.54,7.97601,12.252,93.75,100,100,-0.75,0.78125,75.1796,16.5,16.5,16.5
20.169,-1.5,0,0,-1.5,1.5553,0.99997,1.08023,3,0.817384,1,0.820314,0,0.817384,0.818361,0,51.5625,155.389,149.75,154.333,6418.25,1980,1472.7,970,1642.5,126.422,173.766,177.258,123.188,173.766,816.443,59.25,11.84,8.14668,12.552,93.75,100,100,-0.75,0.890625,75.1796,13.5,13.5,13.5
20.203,-1.5,0,0,-1.5,1.55505,0.99997,1.08072,3,0.816408,1,0.820314,0,0.817384,0.812745,0,51.5625,154.278,161.639,153.333,6421,1980,1462.27,970,1634.57,125.461,174.141,176.789,125.836,174.141,816.443,59.25,11.692,8.02668,12.388,93.75,100,100,-0.75,0.6875,75.1796,15.75,15.75,15.75
20.236,-1.5,0,0,-1.5,1.54712,0.99997,1.07874,3,0.816408,1,0.820314,0,0.816408,0.808107,0,51.5625,153.861,155.278,154.083,6429.25,1980,1462.03,970,1637.23,125.438,173.742,176.648,126.703,174.141,816.443,59.25,11.7,7.98401,12.396,93.75,99.6079,100,-0.75,0.4375,75.1796,14.25,14.25,14.25
20.269,-1.5,0,0,-1.5,1.53668,0.99997,1.07697,3,0.816408,1,0.820314,0,0.816408,0.811769,0,51.5625,153.75,147.806,154.278,6443.25,1980,1467.15,970,1624.06,125.906,173.742,176.648,129.938,173.742,817.439,59.25,11.72,7.96268,12.416,93.75,100,100,-0.75,0.53125,75.1796,16.5,16.5,16.5
20.303,-1.5,0,0,-1.5,1.5332,0.99997,1.07663,3,0.815675,1,0.820314,0,0.816408,0.816408,0,51.5625,155.445,132.056,154.083,6454.25,1980,1477.66,970,1624.02,126.891,173.742,176.484,126.281,173.742,817.439,59.25,11.892,8.08268,12.596,93.75,100,100,-0.75,1.07813,75.1796,14.25,14.25,14.25
20.336,-1.5,0,0,-1.5,1.57483,0.99997,1.07764,3,0.815675,1,0.820314,0,0.815675,0.814699,0,51.5625,154.389,174.917,154.278,6459.75,1980,1451.52,970,1653.05,124.453,173.742,176.016,120.844,173.742,817.439,59.25,11.556,7.97068,12.26,93.75,99.6079,100,-0.75,0.171875,75.1796,16.5,16.5,16.5
20.369,-1.5,0,0,-1.5,1.56146,0.99997,1.07678,3,0.815675,1,0.820314,0,0.815675,0.809083,0,51.5625,153.945,169.722,155.056,6464,1980,1451.13,970,1645.16,124.43,173.742,176.016,123.82,173.742,817.439,59.25,11.528,7.92268,12.232,93.75,99.6079,100,-0.75,0.5625,74.821,18.75,18.75,18.75
20.403,-1.5,0,0,-1.5,1.54773,0.99997,1.07623,3,0.814943,1,0.820314,0,0.815675,0.808107,0,50,154.556,156.417,153.806,6480.75,1960,1456.99,970,1642.5,124.992,172.313,175.969,123.914,172.313,817.439,60,11.628,7.96001,12.332,93.75,100,100,-0.75,0.40625,74.821,16.5,16.5,16.5
20.436,-1.5,0,0,-1.5,1.55182,0.99997,1.07526,3,0.814943,1,0.820314,0,0.814943,0.81006,0,50,155.278,157.889,154.278,6490.5,1960,1456.6,970,1653.05,124.969,172.313,175.57,122.086,172.313,817.439,60,11.616,7.96001,12.32,93.75,100,100,-0.75,0.671875,74.821,16.5,16.5,16.5
20.469,-1.5,0,0,-1.5,1.52429,0.99997,1.07571,3,0.814943,1,0.820314,0,0.814943,0.818361,0,50,155.667,136.25,153.945,6497.5,1960,1464.96,970,1624.02,125.742,172.313,175.57,127.898,172.313,818.592,60,11.74,7.98668,12.444,93.75,100,100,-0.75,0.515625,74.821,16.5,16.5,16.5
20.503,-1.5,0,0,-1.5,1.52747,0.99997,1.07745,3,0.814454,1,0.820314,0,0.814943,0.811769,0,50,155.083,141.278,153.083,6513,1960,1460.27,970,1621.37,125.32,172.313,175.313,126.563,172.313,818.592,60,11.672,7.94401,12.376,93.75,100,100,-0.75,0.828125,74.821,14.25,14.25,14.25
20.536,-1.5,0,0,-1.5,1.53742,0.99997,1.07733,3,0.814454,1,0.820314,0,0.814454,0.811036,0,50,155.278,150.056,151.333,6517.25,1960,1452.77,970,1626.64,124.617,172.313,175.289,122.391,172.313,818.592,60,11.608,7.97601,12.312,93.75,100,100,-0.75,0.15625,74.821,19.5,19.5,18.75
20.569,-1.5,0,0,-1.5,1.53479,0.99997,1.07651,3,0.814454,1,0.820314,0,0.814454,0.813722,0,50,154.972,154.083,154.083,6525.75,1960,1448.75,970,1629.26,124.266,172.313,175.289,124.289,172.313,818.592,60,11.544,7.90668,12.248,93.75,100,100,-0.75,0.75,74.821,19.5,19.5,18.75
20.603,-1.5,0,0,-1.5,1.53223,0.99997,1.07721,3,0.81421,1,0.820314,0,0.814454,0.811036,0,50,153.528,158.889,155.195,6535.75,1960,1441.99,970,1634.57,123.656,172.313,174.773,125.438,172.313,818.592,60,11.444,7.80001,12.14,93.75,100,100,-0.75,0.984375,74.821,18.75,18.75,18.75
20.636,-1.5,0,0,-1.5,1.51489,0.99997,1.07794,3,0.81421,1,0.820314,0,0.81421,0.816408,0,50,155.139,138.945,152.833,6544.5,1960,1450.35,970,1618.71,124.148,171.938,174.703,125.531,172.313,818.592,60,11.564,7.92268,12.26,93.75,100,100,-0.75,0.109375,74.821,16.5,16.5,16.5
20.669,-1.5,0,0,-1.5,1.52728,0.99997,1.0798,3,0.81421,1,0.820314,0,0.81421,0.819337,0,50,153.806,153.306,152.389,6547.25,1960,1443.55,970,1613.44,123.539,171.938,174.703,124.453,171.938,819.705,60,11.492,7.88001,12.188,93.75,100,100,-0.75,0.375,74.821,18,18,26.25
20.703,-1.5,0,0,-1.5,1.52802,0.99997,1.08133,3,0.813722,1,0.820314,0,0.81421,0.816408,0,50,153.583,156.472,153.333,6561.5,1950,1436.52,970,1624.02,122.906,170.859,174.398,122.906,170.859,819.705,60,11.416,7.80801,12.12,93.75,100,100,-0.75,0.78125,74.821,19.5,19.5,26.25
20.736,-1.5,0,0,-1.5,1.52051,0.99997,1.08157,3,0.813722,1,0.820314,0,0.813722,0.812745,0,50,154.056,152.639,152.306,6584.5,1950,1434.73,970,1621.37,122.766,170.484,174.188,122.578,170.859,819.705,60,11.424,7.83468,12.128,93.75,100,100,-0.75,0.640625,74.821,12.75,12.75,12.75
20.769,-1.5,0,0,-1.5,1.4997,0.99997,1.08078,3,0.813722,1,0.820314,0,0.813722,0.812745,0,50,153.695,138.695,154.333,6580.25,1940,1443.01,970,1600.27,123.539,170.484,174.188,129.445,170.484,819.705,60,11.512,7.80268,12.216,93.75,100,100,-0.75,0.484375,74.821,16.5,16.5,16.5
20.803,-1.5,0,0,-1.5,1.53735,0.99997,1.08041,3,0.812013,1,0.820314,0,0.813722,0.814699,0,50,155.083,166.222,154.083,6590.5,1940,1428.52,970,1634.57,122.203,170.484,173.93,120.094,170.484,819.705,60,11.368,7.85068,12.08,93.75,100,100,-0.75,0.765625,74.821,18,18,18
20.836,-1.5,0,0,-1.5,1.50433,0.99997,1.08212,3,0.812013,1,0.820314,0,0.812013,0.817384,0,50,155.278,136.833,153.556,6609.25,1940,1441.25,970,1605.51,123.398,169.055,173.672,124.078,170.484,819.705,60,11.584,7.90668,12.296,93.75,100,100,-0.75,0.84375,74.821,12,12,12
20.869,-1.5,0,0,-1.5,1.53473,0.99997,1.08392,3,0.812013,1,0.820314,0,0.812013,0.816408,0,50,153.361,169.639,154.583,6613.75,1930,1418.59,970,1637.19,121.313,169.055,173.672,118.828,169.055,820.545,60,11.3,7.77868,12.012,93.75,100,100,-0.75,0.890625,74.821,18,18,18.75
20.903,-1.5,0,0,-1.5,1.50025,0.99997,1.08374,3,0.810548,1,0.820314,0,0.812013,0.812745,0,50,153.861,146.445,153.333,6619.5,1930,1424.77,970,1610.82,121.898,169.055,173.391,123.609,169.055,820.545,61.5,11.384,7.79734,12.088,93.75,100,100,-0.75,0.46875,74.821,19.5,19.5,26.25
20.936,-1.5,0,0,-1.5,1.48145,0.99997,1.08347,3,0.810548,1,0.820314,0,0.810548,0.806398,0,50,155.028,127.556,152.556,6638.5,1930,1434.96,970,1592.3,122.883,169.055,173.25,124.922,169.055,820.545,61.5,11.54,7.86934,12.244,93.75,99.6079,100,-0.75,0.46875,74.821,13.5,13.5,13.5
20.969,-1.5,0,0,-1.5,1.50513,0.99997,1.08292,3,0.810548,1,0.820314,0,0.810548,0.811036,0,50,154.695,144.722,154.333,6638.5,1930,1429.41,970,1597.58,122.391,169.055,173.25,122.813,169.055,820.545,61.5,11.464,7.84801,12.168,93.75,99.6079,100,-0.75,0.515625,74.821,18,18,18
21.003,-1.5,0,0,-1.5,1.5025,0.99997,1.08209,3,0.809327,1,0.820314,0,0.810548,0.809083,0,50,152.472,156.722,152.833,6650.25,1930,1414.65,970,1597.58,121.031,169.055,172.828,124.008,169.055,820.545,61.5,11.212,7.65601,11.916,93.75,100,100,-0.75,0.59375,74.821,17.25,17.25,17.25
21.036,-1.5,0,0,-1.5,1.50079,0.99997,1.08194,3,0.809327,1,0.820314,0,0.809327,0.806398,0,50,153.056,156.583,153.556,6665,1930,1409.96,970,1608.16,120.609,169.055,172.664,121.852,169.055,820.545,61.5,11.232,7.70134,11.936,93.75,100,100,-0.75,0.703125,74.821,14.25,14.25,14.25
21.069,-1.5,0,0,-1.5,1.50604,0.99997,1.08344,3,0.809327,1,0.820314,0,0.809327,0.811769,0,50,155.5,149.111,154.333,6666.5,1930,1420.04,970,1602.85,121.594,169.055,172.664,119.109,169.055,821.58,61.5,11.396,7.86134,12.1,93.75,100,100,-0.75,0.296875,74.821,18.75,18.75,26.25
21.103,-1.5,0,0,-1.5,1.52771,0.99997,1.08466,3,0.808351,1,0.820314,0,0.809327,0.815675,0,50,152.361,185.695,151.083,6674,1920,1383.4,970,1621.37,118.219,169.055,172.313,117.234,169.055,821.58,61.5,10.956,7.64534,11.652,93.75,100,100,-0.75,0.328125,74.821,20.25,20.25,27
21.136,-1.5,0,0,-1.5,1.47858,0.99997,1.08191,3,0.808351,1,0.820314,0,0.808351,0.799073,0,50,154.111,136.75,151.445,6687.25,1920,1411.95,970,1592.3,120.609,167.227,172.195,121.008,169.055,821.58,61.5,11.292,7.75201,11.988,93.75,100,100,-0.75,0.8125,74.821,19.5,19.5,19.5
21.169,-1.5,0,0,-1.5,1.4997,0.99997,1.08261,3,0.808351,1,0.820314,0,0.808351,0.805421,0,50,153.417,157.417,154.278,6693.25,1910,1404.77,970,1602.89,119.977,167.227,172.195,120.352,167.227,821.58,61.5,11.164,7.68534,11.86,93.75,100,100,-0.75,0.578125,74.821,20.25,20.25,27
21.203,-1.5,0,0,-1.5,1.48767,0.99997,1.07987,3,0.807618,1,0.820314,0,0.808351,0.806398,0,50,153.528,150.361,151.556,6718.75,1910,1402.58,970,1592.3,119.789,167.602,171.961,120.211,167.602,821.58,61.5,11.108,7.63201,11.812,93.75,100,100,-0.75,0.921875,74.821,13.5,13.5,13.5
21.236,-1.5,0,0,-1.5,1.48609,0.99997,1.08102,3,0.807618,1,0.820314,0,0.807618,0.803712,0,50,152.778,153.167,152.083,6715.75,1910,1397.62,970,1592.3,119.367,167.227,171.961,119.719,167.602,821.58,61.5,11.084,7.61868,11.788,93.75,100,100,-0.75,0.4375,74.821,15.75,15.75,15.75
21.269,-1.5,0,0,-1.5,1.5022,0.99997,1.08243,3,0.807618,1,0.820314,0,0.807618,0.812745,0,50,152.528,167.806,153.333,6720.25,1910,1387.23,970,1616.05,118.43,167.227,171.961,116.883,167.227,822.595,61.5,10.984,7.59468,11.688,93.75,100,100,-0.75,0.4375,74.821,18.75,18.75,26.25
21.303,-1.5,0,0,-1.5,1.47577,0.99997,1.08456,3,0.80713,1,0.820314,0,0.807618,0.808107,0,50,153.806,140.861,151.833,6743,1910,1402.34,970,1589.69,119.859,167.227,171.961,119.742,167.227,822.595,61.5,11.22,7.69601,11.916,93.75,100,100,-0.75,0.84375,74.821,18.75,18.75,18.75
21.336,-1.5,0,0,-1.5,1.49298,0.99997,1.08771,3,0.80713,1,0.820314,0,0.80713,0.815675,0,48.8281,152.667,163.222,152.556,6741.5,1900,1387.15,970,1600.23,118.453,165.797,171.961,118.359,166.922,822.595,61.5,11.036,7.61601,11.732,93.75,100,100,-0.75,0.96875,74.4609,21,21,26.25
21.369,-1.5,0,0,-1.5,1.47455,0.99997,1.08801,3,0.80713,1,0.820314,0,0.80713,0.809083,0,48.8281,152.528,151.972,151.139,6761.25,1790,1384.92,970,1592.3,118.289,165.797,171.961,118.031,156.164,822.595,61.5,11.004,7.58134,11.7,93.75,100,100,-0.75,0.421875,74.4609,18.75,18.75,19.5
21.403,-1.5,0,0,-1.5,1.49457,0.99997,1.09207,3,0.806642,1,0.820314,0,0.80713,0.813722,0,48.0469,151.5,156.889,153.333,6759.75,1740,1403.67,970,1616.05,120.07,165.797,171.961,121.875,151.969,822.595,61.5,11.272,7.55201,11.984,93.75,100,100,-0.75,0.5,73.7406,19.5,19.5,19.5
21.436,-1.5,0,0,-1.5,1.46289,0.99997,1.09226,3,0.806642,1,0.820314,0,0.806642,0.811769,0,43.75,151.556,151.695,152.083,6765.75,1710,1373.2,970,1581.8,117.281,165.797,171.961,117.75,149.461,822.595,61.5,10.9,7.54134,11.612,93.75,100,100,-0.75,0.484375,71.9431,18.75,18.75,19.5
21.469,-1.5,0,0,-1.5,1.46777,0.99997,1.09433,3,0.806642,1,0.820314,0,0.806642,0.812745,0,43.75,152.306,152.195,152.556,6787.25,1660,1377.97,970,1587.03,117.75,165.797,171.961,117.703,144.586,823.533,61.5,11.036,7.60001,11.748,93.75,100,100,-0.75,0.671875,69.4254,19.5,19.5,19.5
21.503,-1.5,0,0,-1.5,1.47754,0.99997,1.09598,3,0.806154,1,0.820314,0,0.806642,0.811036,0,36.7188,154.806,153.222,152.556,6788.75,1630,1386.13,970,1597.62,118.523,165.797,171.961,118.477,141.492,823.533,62.25,11.196,7.75468,11.884,93.75,100,100,-0.75,0.875,66.7261,19.5,19.5,19.5
21.536,-1.5,0,0,-1.5,1.47022,0.99997,1.09494,3,0.806154,1,0.820314,0,0.806154,0.805421,0,25.7813,152.778,153.361,150.333,6804.25,1580,1379.3,970,1589.69,117.891,165.797,171.961,118.313,136.617,823.533,62.25,11.072,7.63201,11.76,93.75,99.6079,100,-0.75,0.453125,62.9495,19.5,19.5,19.5
21.569,-1.5,0,0,-1.5,1.4751,0.99997,1.09241,3,0.806154,1,0.820314,0,0.806154,0.796876,0,25.7813,153.528,154.861,151.833,6802.5,1380,1383.48,970,1594.96,118.313,165.797,171.961,119.531,118.055,823.533,62.25,11.076,7.63201,11.764,93.75,100,100,-0.75,0.296875,53.4172,18.75,18.75,18.75
21.603,-1.5,0,0,-1.5,1.45068,0.99997,1.09018,3,0.805909,1,0.820314,0,0.806154,0.796876,0,0,150.222,150.445,149.611,6790.25,970,1361.21,970,1568.55,116.227,165.797,171.961,116.344,77.0859,823.533,62.25,10.74,7.42668,11.436,93.75,100,51.3726,-0.75,0.671875,40.6469,4.5,4.5,-5.25
21.636,-1.5,0,0,-1.5,1.46283,0.99997,1,3,0.805909,1,0.820314,0,0.805909,0.796876,0,0,150.111,150.611,148.667,6747.5,970,1369.06,970,1581.76,116.719,164.016,171.961,116.883,31.8281,823.533,62.25,8.78,6.27734,9.476,93.75,76.8628,37.2549,-0.75,0.6875,24.2801,4.5,4.5,-21
21.669,-1.5,0,0,-1.5,1.57037,0.99997,1.00409,3,0.805909,1,0.820314,0,0.805909,0.873536,0,0,134.75,104.028,145.695,6829,970,1190.23,970,1697.97,100.125,164.016,171.961,79.7578,15.75,823.865,62.25,6.884,5.29067,7.58,93.75,32.1569,14.902,-0.75,0.203125,0.898755,4.5,4.5,-28.5
21.703,-1.5,0,0,-1.5,1.77069,0.99997,1,3,0.84839,1,0.820314,0,1.04688,0.868898,0,0,107.667,50.3612,118.583,6835.25,970,795.703,970,1914.57,63.6094,164.367,171.961,38.5781,15.75,823.865,62.25,2.336,3.49334,3.032,93.75,16.4706,9.41177,-0.75,0.515625,0,35.25,35.25,36.75
21.736,-1.5,0,0,0,1.95636,0.99997,1,3,0.84839,1,0.820314,0,1.04688,0.914308,0,0,58.1112,34.2222,82.5834,6798,970,561.367,970,2115.35,41.9297,163.992,171.961,26.3438,15.75,823.865,62.25,0.728,0.586667,1.424,93.75,10.9804,9.41177,-0.75,0.609375,0,42,42,42.75
21.769,0,0,0,0,1.90991,0.99997,1,3,0.84839,1,0.820314,0,0.820314,1.2981,0,0,35.9445,23.8056,57.8889,6756.75,970,395,970,2065.16,26.4844,163.992,171.961,18.4453,15.75,823.865,62.25,1.172,0.504001,1.868,93.75,7.84314,6.66667,-0.75,0.421875,0,15,15,-9.75
21.803,0,0,0,0,1.81726,0.99997,1,3,0.920167,1,0.820314,0,0.820314,1.58643,0,0,28.6389,19.4167,51.8334,6711.25,970,323.398,970,1951.56,19.8281,163.992,171.961,15.1406,15.75,823.865,62.25,0.936,0.640001,1.632,93.75,6.66667,6.27451,-0.75,1.01563,0,16.5,16.5,-17.25
21.836,0,0,0,0,1.71204,0.99997,1,3,0.920167,1,0.820314,0,0.820314,1.47534,0,0,20.8333,17.3889,49.8334,6732.25,970,281.016,970,1851.17,15.8906,163.992,172.031,13.5234,15.75,823.865,62.25,0.888,0.600001,1.584,93.75,6.27451,6.66667,-0.75,0.59375,0,18,18,-14.25
21.869,0,0,0,0,1.61194,0.99997,1,3,0.920167,1,0.820314,0,0.820314,1.12256,0,0,18.0556,17.4722,44.3056,6672.5,970,261.484,970,1742.89,14.1094,163.992,172.031,13.7109,15.75,820.037,62.25,0.876,0.586667,1.572,93.75,6.66667,7.05883,-0.75,0.359375,0,18.75,18.75,-12.75
21.903,0,0,0,0,1.55078,0.99997,1,3,0.960207,1,0.820314,0,0.820314,0.957277,0,0,17.6945,17.75,43.8334,6632.75,970,259.531,970,1676.84,13.9453,163.992,172.406,13.9922,15.75,820.037,62.25,0.916,0.597334,1.62,93.75,7.05883,7.45098,-0.75,0.859375,0,18.75,18.75,-12.75
21.936,0,0,0,0,1.49219,0.99997,1,3,0.960207,1,0.820314,0,0.820314,0.857911,0,0,17.75,17.8889,39.3334,6631.25,970,260.664,970,1613.44,14.0156,165.047,173.18,14.1094,15.75,820.037,62.25,0.948,0.632001,1.652,93.75,7.45098,7.45098,-0.75,0.875,0,18.75,18.75,-13.5
21.969,0,0,0,0,1.42865,0.99997,1,3,0.960207,1,0.820314,0,0.820314,0.870851,0,0,17.5833,18.25,37.0834,6551.5,970,261.602,970,1544.77,14.1328,165.047,173.18,14.5781,15.75,820.037,62.25,0.992,0.658667,1.696,93.75,7.84314,8.2353,-0.75,0.65625,0,18,18,-12.75
22.003,0,0,0,0,1.40662,0.99997,1,3,0.983888,1,0.820314,0,0.820314,0.907716,0,0,17.8056,18.1389,35.4723,6534.5,970,263.242,970,1520.98,14.2969,165.422,174.188,14.5313,15.75,820.037,61.5,1.024,0.669334,1.712,94.5,7.84314,8.2353,-0.75,0.703125,0,18,18,-13.5
22.036,0,0,0,0,1.34802,0.99997,1,3,0.983888,1,0.820314,0,0.820314,0.949953,0,0,17.8056,17.8611,30.75,6516,970,264.141,970,1457.58,14.3906,165.047,175.383,14.3438,15.75,820.037,61.5,1.028,0.688001,1.716,94.5,8.2353,8.62745,-0.75,0.890625,0,18,18,-13.5
22.069,0,0,0,0,1.32117,0.99997,1,3,0.983888,1,0.820314,0,0.820314,0.978517,0,0,18.1111,18.6111,28.5556,6457,970,268.438,970,1428.52,14.8125,165.047,175.383,15.0703,15.75,819.763,61.5,1.076,0.717334,1.764,94.5,8.62745,8.62745,-0.75,0.875,0,18,18,-13.5
22.103,0,0,0,0,1.30408,0.99997,1.00699,3,1,1,0.820314,0,0.820314,0.991212,0,0,18.3889,18.7778,25.8334,6426.5,970,271.094,970,1410.04,15.0703,166.477,176.086,15.2813,15.75,819.763,61.5,1.108,0.730668,1.796,93.75,9.01961,8.62745,-0.75,0.75,0,17.25,17.25,-12.75
22.136,0,0,0,0,1.28699,0.99997,1.02039,3,1,1,0.820314,0,0.820314,1.00855,0,0,18.3333,18.6389,26.3056,6397.75,970,270.586,970,1391.56,15.0234,167.883,177.188,15.2344,15.75,819.763,61.5,1.136,0.749334,1.824,93.75,9.01961,9.01961,-0.75,0.5,0,17.25,17.25,-12.75
22.169,0,0,0,0,1.26495,0.99997,1.04459,3,1,1,0.820314,0,0.820314,1.01831,0,0,18.5556,18.9445,23.1945,6364,970,274.063,970,1367.77,15.375,167.883,177.188,15.5859,15.75,819.763,61.5,1.208,0.805334,1.896,93.75,9.41177,9.01961,-0.75,0.4375,0,16.5,16.5,-12.75
22.203,0,0,0,0,1.25763,0.99997,1.07083,3,1,1,0.820314,0,0.820314,1.02002,0,0,18.6111,18.8333,22.3334,6334.25,970,274.883,970,1359.84,15.4453,167.883,177.984,15.5625,15.75,819.763,60,1.252,0.816001,1.948,94.5,9.41177,9.41177,-0.75,0.703125,0,16.5,16.5,-12
22.236,0,0,0,0,1.24292,0.99997,1.09961,3,1,1,0.820314,0,0.820314,1.01831,0,0,18.6389,18.6667,23.1389,6299.75,970,275.508,970,1343.98,15.4688,168.938,178.711,15.4922,15.75,819.763,60,1.292,0.856001,1.988,94.5,9.41177,9.41177,-0.75,0.875,0,16.5,16.5,-12
22.269,0,0,0,0,1.23077,0.99997,1.13397,3,1,1,0.820314,0,0.820314,1,0,0,18.5,18.6111,22.3334,6266.75,970,275.469,970,1330.78,15.4688,168.938,178.711,15.5391,15.75,819.627,60,1.332,0.882668,2.028,94.5,9.41177,9.41177,-0.75,0.390625,0,15.75,15.75,-12
22.303,0,0,0,0,1.22101,0.99997,1.15662,3,1.01758,1,0.820314,0,0.820314,0.984865,0,0,18.5,18.4722,22.7778,6243.25,970,275.586,970,1320.23,15.4922,169.313,179.367,15.4922,15.75,819.627,59.25,1.36,0.888001,2.056,94.5,9.41177,9.41177,-0.75,0.484375,0,15.75,15.75,-12
22.336,0,0,0,0,1.21368,0.99997,1.17481,3,1.01758,1,0.820314,0,0.820314,0.971193,0,0,18.3889,18.3611,22.1111,6222.75,970,275.469,970,1312.3,15.4922,170.367,180.188,15.4453,15.75,819.627,59.25,1.38,0.914668,2.076,94.5,9.41177,9.41177,-0.75,1.14063,0,15.75,15.75,-11.25
22.369,0,0,0,0,1.20386,0.99997,1.19312,3,1.01758,1,0.820314,0,0.820314,0.947267,0,0,18.2778,18.2778,22.2222,6199.5,970,275.43,970,1301.72,15.4922,170.367,180.188,15.4219,15.75,819.627,59.25,1.4,0.928001,2.096,94.5,9.41177,9.41177,-0.75,0.453125,0,15.75,15.75,-11.25
22.403,0,0,0,0,1.1966,0.99997,1.20203,3,1.02442,1,0.820314,0,0.820314,0.925539,0,0,18.2222,18.3333,23.3334,6175.25,970,275.508,970,1293.83,15.4922,170.367,180.797,15.5391,15.75,819.627,59.25,1.42,0.933334,2.116,94.5,9.41177,9.41177,-0.75,0.25,0,15.75,15.75,-11.25
22.436,0,0,0,0,1.19165,0.99997,1.21152,3,1.02442,1,0.820314,0,0.820314,0.913331,0,0,18.1667,18.3611,22.3334,6153.75,970,275.82,970,1288.52,15.5391,171.797,181.383,15.6094,15.75,819.627,59.25,1.432,0.946668,2.128,94.5,9.41177,9.41177,-0.75,0.84375,0,15.75,15.75,-11.25
22.469,0,0,0,0,1.18433,0.99997,1.2175,3,1.02442,1,0.820314,0,0.820314,0.893312,0,0,18.1667,18.3333,22.5556,6123.5,970,276.523,970,1280.59,15.5859,171.797,181.383,15.6563,15.75,819.627,59.25,1.448,0.954668,2.144,94.5,9.80392,9.80392,-0.75,0.84375,0,15,15,-10.5
22.503,0,0,0,0,1.177,0.99997,1.22046,3,1.02783,1,0.820314,0,0.820314,0.878175,0,0,18.1667,18.1667,22.8334,6105,970,276.211,970,1272.7,15.5625,171.797,182.016,15.5625,15.75,819.627,59.25,1.448,0.952001,2.144,94.5,9.41177,9.80392,-0.75,0.546875,0,15,15,-10.5
22.536,0,0,0,0,1.16968,0.99997,1.22186,3,1.02783,1,0.820314,0,0.820314,0.863283,0,0,18.0556,18.1945,23.1389,6081.25,970,276.563,970,1264.77,15.6094,171.422,182.953,15.6563,15.75,819.627,59.25,1.46,0.960001,2.156,94.5,9.80392,9.80392,-0.75,0.765625,0,15,15,-10.5
22.569,0,0,0,0,1.1648,0.99997,1.22351,3,1.02783,1,0.820314,0,0.820314,0.854249,0,0,18,18.0278,21.6667,6052,970,276.992,970,1259.45,15.6094,171.422,182.953,15.6094,15.75,819.627,59.25,1.464,0.954668,2.16,94.5,9.80392,9.80392,-0.75,0.953125,0,15,15,-10.5
22.603,0,0,0,0,1.15991,0.99997,1.22501,3,1.03345,1,0.820314,0,0.820314,0.852296,0,0,17.9722,17.9445,22.3889,6027.5,970,276.758,970,1254.18,15.5859,171.797,184.102,15.5859,15.75,819.627,58.5,1.46,0.954668,2.148,94.5,9.80392,9.80392,-0.75,0.78125,0,15,15,-10.5
22.636,0,0,0,0,1.15753,0.99997,1.22659,3,1.03345,1,0.820314,0,0.820314,0.850587,0,0,17.8611,17.9167,21.3334,6006,970,276.719,970,1251.56,15.5859,172.805,185.18,15.6094,15.75,819.627,58.5,1.46,0.957335,2.148,94.5,9.80392,9.80392,-0.75,0.75,0,15,15,-10.5
22.669,0,0,0,0,1.15259,0.99997,1.22958,3,1.03345,1,0.820314,0,0.820314,0.847658,0,0,17.8056,17.9167,20.8056,5978.25,970,277.031,970,1246.25,15.6094,172.805,185.18,15.6797,15.75,819.724,58.5,1.476,0.965335,2.164,94.5,9.80392,9.80392,-0.75,1,0,14.25,14.25,-10.5
22.703,0,0,0,0,1.15015,0.99997,1.23248,3,1.03613,1,0.820314,0,0.820314,0.845949,0,0,17.75,17.8056,20.8056,5968.75,970,277.031,970,1243.63,15.6094,172.805,186.328,15.6328,15,819.724,58.5,1.476,0.968001,2.156,94.5,9.80392,9.80392,-0.75,1.23438,0,14.25,14.25,-10.5
22.736,0,0,0,0,1.15375,0.99997,1.23529,3,1.03613,1,0.820314,0,0.820314,0.843995,0,0,17.6945,17.8611,21,5950,970,277.266,970,1240.98,15.6328,172.805,187.406,15.7031,15,819.724,58.5,1.48,0.970668,2.16,94.5,9.80392,9.80392,-0.75,0.65625,0,14.25,14.25,-10.5
22.769,0,0,0,0,1.15479,0.99997,1.23847,3,1.03613,1,0.820314,0,0.820314,0.842286,0,0,17.75,17.4722,20.5278,5930,970,277.578,970,1233.05,15.6797,172.805,187.406,15.4219,15,819.724,58.5,1.468,0.960001,2.148,94.5,9.41177,9.01961,-0.75,1.09375,0,14.25,14.25,-11.25
22.803,0,0,0,0,1.16077,0.99997,1.24155,3,1.04151,1,0.820314,0,0.820314,0.843263,0,0,17.4722,16.9167,20.1111,5907.75,970,279.258,970,1233.05,15.8203,174.234,188.414,18.0234,15,819.724,58.5,1.62,0.952001,2.3,94.5,9.01961,9.01961,-0.75,1.21875,0,14.25,14.25,-9.75
22.836,0,0,0,0,1.164,0.99997,1.24436,3,1.04151,1,0.820314,0,0.820314,0.843263,0,0,19.0278,16.75,19.7222,5888,970,292.891,970,1230.43,17.1094,175.664,189.492,17.8594,15,819.724,58.5,1.652,1.088,2.332,94.5,9.01961,9.01961,-0.75,0.6875,0,13.5,13.5,2.25
22.869,0,0,0,0,1.1684,0.99997,1.24719,3,1.04151,1,0.820314,0,0.820314,0.839601,0,0,19.3056,16.9167,19.0278,5854.75,970,294.609,970,1227.77,17.2734,175.664,189.492,17.2266,15,819.92,58.5,1.628,1.08533,2.308,94.5,9.01961,9.01961,-0.75,0.609375,0,13.5,13.5,1.5
22.903,0,0,0,0,1.16791,0.99997,1.24509,3,1.04419,1,0.820314,0,0.820314,0.824708,0,0,19.6111,16.6111,19.1389,5833,970,297.695,970,1222.5,17.5547,175.664,190.875,17.6719,15,819.92,58.5,1.68,1.144,2.368,94.5,9.01961,9.01961,-0.75,1.09375,0,12.75,12.75,0.75
22.936,0,0,0,0,1.17114,0.99997,1.24063,3,1.04419,1,0.820314,0,0.820314,0.801759,0,0,19.6111,16.6945,18.6111,5802.5,970,298.633,970,1219.84,17.6484,177.07,192.352,17.0625,15,819.92,58.5,1.644,1.10133,2.332,94.5,9.01961,9.01961,-0.75,0.671875,0,12,12,-0.75
22.969,0,0,0,0,1.17236,0.99997,1.22977,3,1.04419,1,0.820314,0,0.820314,0.777101,0,0,19.25,16.8056,18.3611,5763.5,970,296.523,970,1214.57,17.4375,177.07,192.352,17.2031,15,819.92,58.5,1.624,1.06133,2.312,94.5,9.01961,8.62745,-0.75,0.390625,0,14.25,14.25,14.25
23.003,0,0,0,0,1.17352,0.99997,1.21564,3,1.04956,1,0.820314,0,0.820314,0.758302,0,0,19.0833,16.5278,18.1667,5741.5,970,294.844,970,1211.91,17.2969,178.5,193.805,16.875,15,819.92,58.5,1.58,1.064,2.284,94.5,8.62745,8.62745,-0.75,0.84375,0,21,21,21
23.036,0,0,0,0,1.17481,0.99997,1.20056,3,1.04956,1,0.820314,0,0.820314,0.743165,0,0,18.6945,16.4722,18.1111,5723,970,292.734,970,1209.3,17.0625,178.102,194.625,16.9219,15,819.92,58.5,1.564,1.02933,2.268,94.5,8.62745,8.62745,-0.75,0.90625,0,21,21,21
23.069,0,0,0,0,1.17798,0.99997,1.17947,3,1.04956,1,0.820314,0,0.820314,0.729982,0,0,18.5556,16.4445,17.6667,5703.25,970,291.563,970,1206.64,16.9453,178.102,194.625,16.1719,15,819.959,58.5,1.508,0.981335,2.212,94.5,8.62745,8.62745,-0.75,0.890625,0,19.5,19.5,19.5
23.103,0,0,0,0,1.17389,0.99997,1.16574,3,1.052,1,0.820314,0,0.820314,0.729982,0,0,18.4445,16.2222,17.7222,5680.5,970,293.398,970,1198.71,17.1094,179.906,195.703,17.2266,15,819.959,58.5,1.54,1.024,2.22,94.5,8.62745,8.62745,-0.75,1.10938,0,18,18,18
23.136,0,0,0,0,1.18066,0.99997,1.15164,3,1.052,1,0.820314,0,0.820314,0.729982,0,0,18.0556,16.2778,17.1667,5657,970,287.813,970,1201.37,16.5938,180.914,196.289,15.7031,15,819.959,58.5,1.444,0.938668,2.124,94.5,8.62745,8.62745,-0.75,0.984375,0,16.5,16.5,16.5
23.169,0,0,0,0,1.17737,0.99997,1.13492,4,1.052,1,0.820314,0,0.820314,0.729982,0,0,18.1667,16.1945,17.9722,5627.25,970,292.617,970,1193.44,17.0391,180.914,196.289,17.6953,15,819.959,58.5,1.532,0.968001,2.212,94.5,8.62745,8.62745,-0.75,1.07813,0,12,12,-4.5
23.203,0,0,0,0,1.17786,0.99997,1.12338,4,1.05737,1,0.820314,0,0.820314,0.729982,0,0,17.9167,15.8611,17.5556,5601,970,289.063,970,1190.78,16.7109,182.344,196.758,17.0859,15,819.959,57.75,1.492,0.925334,2.172,94.5,8.2353,8.62745,-0.75,1.4375,0,12,12,-3.75
23.236,0,0,0,0,1.17889,0.99997,1.11215,4,1.05737,1,0.820314,0,0.820314,0.729982,0,0,17.75,15.9445,17.25,5580.25,970,289.18,970,1188.16,16.7109,182.344,197.484,17.1328,15,819.959,57.75,1.476,0.938668,2.156,94.5,8.2353,8.62745,-0.75,0.90625,0,17.25,17.25,17.25
23.269,0,0,0,0,1.18073,0.99997,1.09726,4,1.05737,1,0.820314,0,0.820314,0.729982,0,0,17.6945,15.9167,16.75,5554.5,970,288.32,970,1185.51,16.6406,182.344,197.484,16.1484,15,819.627,57.75,1.408,0.917334,2.088,94.5,8.2353,8.2353,-0.75,1.28125,0,16.5,16.5,16.5
23.303,0,0,0,0,1.18158,0.99997,1.08606,4,1.06372,1,0.820314,0,0.820314,0.729982,0,0,17.6389,15.9167,17.2778,5531.75,970,288.672,970,1182.85,16.6641,183.75,198.023,16.6641,15,819.627,57.75,1.416,0.906668,2.096,94.5,8.2353,8.2353,-0.75,1.28125,0,16.5,16.5,16.5
23.336,0,0,0,0,1.18176,0.99997,1.0748,4,1.06372,1,0.820314,0,0.820314,0.729982,0,0,17.2778,15.8889,16.6111,5510.5,970,285.859,970,1180.23,16.4063,186.586,198.422,16.3125,15,819.627,57.75,1.388,0.882668,2.084,94.5,8.2353,8.2353,-0.75,1.01563,0,16.5,16.5,16.5
23.369,0,0,0,0,1.18005,0.99997,1.06043,4,1.06372,1,0.820314,0,0.820314,0.731446,0,0,17.0556,15.7778,16.3611,5489.25,970,284.922,970,1174.92,16.3359,186.586,198.422,16.5,14.25,819.627,57.75,1.372,0.856001,2.068,94.5,8.2353,8.2353,-0.75,0.71875,0,16.5,16.5,16.5
23.403,0,0,0,0,1.18213,0.99997,1.05045,4,1.06714,1,0.820314,0,0.820314,0.735353,0,0,17.0556,15.3056,15.75,5469.25,970,281.172,970,1174.92,16.0547,187.852,198.75,15.3281,14.25,819.627,57.75,1.3,0.866668,1.996,94.5,7.84314,7.84314,-0.75,1.29688,0,16.5,16.5,16.5
23.436,0,0,0,0,1.18384,0.99997,1.04105,4,1.06714,1,0.820314,0,0.820314,0.740968,0,0,15.9722,14.75,15.1389,5447.5,970,272.656,970,1174.92,15.2813,187.945,198.82,14.6016,14.25,819.627,57.75,1.256,0.778668,1.952,94.5,7.84314,7.84314,-0.75,0.515625,0,20.25,20.25,20.25
23.469,0,0,0,0,1.1806,0.99997,1.03021,4,1.06714,1,0.820314,0,0.820314,0.747071,0,0,15.1389,14.6667,14.3889,5430.75,970,264.297,970,1172.3,14.5547,187.945,198.82,14.0859,14.25,819.002,57.75,1.184,0.738668,1.88,94.5,7.84314,7.84314,-0.75,0.984375,0,24.75,24.75,24.75
23.503,0,0,0,0,1.17822,0.99997,1.02487,4,1.06861,1,0.820314,0,0.820314,0.756593,0,0,14.8611,14.6667,13.9167,5408.25,970,261.055,970,1169.65,14.3203,187.898,198.867,13.7813,14.25,819.002,57.75,1.156,0.741334,1.852,94.5,7.84314,7.84314,-0.75,0.921875,0,12,12,-5.25
23.536,0,0,0,0,1.17554,0.99997,1.02118,4,1.06861,1,0.820314,0,0.820314,0.769288,0,0,14.6111,14.6389,14.3611,5379,970,260.313,970,1167.03,14.25,189.141,198.961,14.2734,14.25,819.002,57.75,1.164,0.728001,1.86,94.5,7.84314,7.84314,-0.75,0.828125,0,12,12,-6
23.569,0,0,0,0,1.16974,0.99997,1.01932,4,1.06861,1,0.820314,0,0.820314,0.786622,0,0,14.1111,14.5833,13.9445,5354.25,970,256.523,970,1161.72,13.9922,189.141,198.961,14.8828,14.25,819.002,57.75,1.18,0.730668,1.876,94.5,7.84314,7.45098,-0.75,0.96875,0,11.25,11.25,-6
23.603,0,0,0,0,1.16937,0.99997,1.022,4,1.06958,1,0.820314,0,0.820314,0.805421,0,0,14.6389,14.5278,13.75,5327.5,970,259.102,970,1161.72,14.3203,190.547,199.031,13.7813,14.25,819.002,57.75,1.16,0.749334,1.848,94.5,7.84314,7.45098,-0.75,0.65625,1.61745,11.25,11.25,-6
23.636,0,0,0,0,1.1662,0.99997,1.02792,4,1.06958,1,0.820314,0,0.820314,0.827638,0,0,14.2778,14.5,14.1667,5303,970,257.539,970,1159.1,14.2266,191.93,199.102,14.4141,14.25,819.002,57.75,1.196,0.717334,1.884,94.5,7.84314,7.45098,-0.75,0.890625,11.87,32.25,32.25,42
23.669,0,0,0,0,1.15869,0.99997,1.0387,4,1.06958,1,0.820314,0,0.820314,0.846925,0,0,13.9167,14.4167,13.7778,5286.25,970,254.375,970,1153.79,13.9453,191.93,199.102,14.5313,30.375,818.377,57.75,1.308,0.744001,1.996,94.5,7.45098,11.7647,-0.75,1.17188,26.4377,31.5,31.5,42
23.703,0,0,0,0,1.14441,0.99997,1.05008,4,1.07373,1,0.820314,0,0.820314,0.863283,0,0,14.2778,24.3334,16.2222,5268.5,970,265.703,970,1140.59,15.0703,191.766,199.148,19.125,32.4609,818.377,57.75,1.552,0.888001,2.24,94.5,12.549,15.2941,-0.75,0.71875,34.7127,31.5,31.5,41.25
23.736,0,0,0,0,1.11792,0.99997,1.06055,4,1.07373,1,0.820314,0,0.820314,0.870851,0,0,21.4167,30.1111,26.2222,5270.5,970,345.508,970,1119.45,22.5,193.266,199.172,29.1797,34.0781,818.377,57.75,2.244,1.40267,2.932,94.5,15.2941,16.4706,-0.75,1,39.3881,38.25,38.25,38.25
23.769,0,0,0,0,1.09839,0.99997,1.07697,4,1.07373,1,0.820314,0,0.820314,0.893312,0,0,29.9722,36.8611,34.3611,5308.75,970,432.539,970,1100.98,30.5625,193.266,199.172,35.8359,51.1641,818.377,57.75,3.024,1.97867,3.712,94.5,18.0392,21.1765,-0.75,1.20313,41.007,8.25,8.25,8.25
23.803,0,0,0,0,1.07709,0.99997,1.0751,4,1.07153,1,0.820314,0,0.820314,0.913331,0,0,33.0556,47,42,5313.25,970,501.016,970,1079.84,36.8672,193.313,199.102,44.8125,66.8438,818.377,57.75,3.864,2.34667,4.568,94.5,21.9608,25.4902,-0.75,0.546875,41.007,3.75,3.75,0
23.836,0,0,0,0,1.04944,0.99997,1.09107,4,1.07153,1,0.820314,0,0.820314,0.949953,0,0,43.7223,61.1389,50.8889,5344.5,1010,585.469,970,1053.44,44.7188,194.602,199.031,54.7969,79.8516,818.377,57.75,4.832,3.26134,5.536,94.5,26.2745,29.0196,-0.75,0.71875,38.8494,1.5,1.5,-4.5
23.869,0,0,0,0,1.01184,0.99997,1.10513,4,1.07153,1,0.820314,0,0.820314,0.982423,0,0,57.0556,79.0556,65.2223,5357,970,726.406,970,1019.1,57.7969,194.602,199.031,68.4141,43.5469,820.095,57.75,5.432,3.47467,6.136,94.5,32.1569,27.8431,0,0.265625,27.5181,0.75,0.75,-9
23.903,0,0,0,0,1.03058,0.99997,1.12201,4,1.05249,1,0.820314,0,0.820314,0.971193,0,0,63.7223,59.0278,71.8056,5409.25,970,764.766,970,1040.23,61.3125,193.266,198.938,57.1406,32.9766,820.095,57.75,4.944,3.78934,5.632,95.25,28.2353,18.8235,0,0.859375,15.4665,0.75,0.75,-18
23.936,0,0,0,0,1.13263,0.99997,1.1413,4,1.05249,1,0.820314,0,0.820314,0.941164,0,0,56.4723,45.1945,69.1667,5460.5,970,671.914,970,1143.24,52.6641,192.586,198.797,43.3359,29.4141,820.095,57.75,4.104,2.76534,4.792,95.25,21.1765,17.6471,0,0.765625,2.15762,1.5,1.5,-24.75
23.969,0,0,0,0,1.25562,0.99997,1.15833,4,1.05249,1,0.820314,0,0.820314,0.854249,0,0,45,36.0834,58.9723,5499.5,970,554.023,970,1267.38,41.6719,192.586,198.797,34.3359,29.5078,820.095,57.75,3.232,2.21867,3.92,95.25,16.4706,13.7255,0,0.421875,0,2.25,2.25,-27
24.003,0,0,0,0,1.35248,0.99997,1.16449,4,1.05762,1,0.820314,0,0.820314,0.825685,0,0,41,31.6111,49.9445,5507.5,970,492.578,970,1365.12,35.8594,191.953,198.703,30.0469,26.7656,820.095,57.75,2.948,2.064,3.644,95.25,14.1177,13.7255,0,1.01563,0,3.75,3.75,-25.5
24.036,0,0,0,0,1.39703,0.99997,1.16055,4,1.05762,1,0.820314,0,0.820314,0.796876,0,0,33.8056,30.9167,40.6389,5515.5,970,447.93,970,1410.04,31.5703,189.305,198.375,29.3438,24.2813,820.095,57.75,2.668,1.784,3.364,95.25,12.9412,11.7647,0,0.84375,0,6,6,-24.75
24.069,0,0,0,0,1.41535,0.99997,1.14963,4,1.05762,1,0.820314,0,0.820314,0.766114,0,0,29.4722,25.3056,35.6667,5523.75,970,403.516,970,1428.52,27.4219,189.305,198.375,23.9766,22.1484,818.552,57.75,2.292,1.528,2.988,95.25,10.9804,10.5882,0,0.8125,0,6.75,6.75,-22.5
24.103,0,0,0,0,1.41797,0.99997,1.1395,4,1.06397,1,0.820314,0,0.820314,0.763673,0,0,26.8056,22.5556,31.3056,5508.5,970,366.328,970,1431.17,23.9297,188.344,198.422,21.4219,20.6484,818.552,58.5,2.024,1.35734,2.712,95.25,9.80392,9.80392,0,1.125,0,8.25,8.25,-16.5
24.136,0,0,0,0,1.41004,0.99997,1.12769,4,1.06397,1,0.820314,0,0.820314,0.750245,0,0,23.3889,21.3334,29.5556,5480.25,970,345.977,970,1423.24,22.0781,187.898,198.75,20.3672,19.5234,818.552,58.5,1.868,1.21333,2.556,95.25,9.41177,9.41177,0,0.65625,0,8.25,8.25,5.25
24.169,0,0,0,0,1.39179,0.99997,1.10291,4,1.06397,1,0.820314,0,0.820314,0.729982,0,0,21.4167,20.4445,27.3611,5439.5,970,328.867,970,1404.77,20.4844,187.898,198.75,19.6641,18,818.552,58.5,1.716,1.10933,2.404,95.25,9.01961,9.01961,0,0.859375,0,8.25,8.25,8.25
24.203,0,0,0,0,1.38391,0.99997,1.08316,4,1.06714,1,0.820314,0,0.820314,0.729982,0,0,20.7778,19.4167,25.4722,5419,970,318.008,970,1396.84,19.5938,187.781,198.844,18.75,17.0391,818.552,58.5,1.612,1.07733,2.316,95.25,8.62745,8.2353,0,1.04688,0,9,9,7.5
24.236,0,0,0,0,1.37341,0.99997,1.06873,4,1.06714,1,0.820314,0,0.820314,0.729982,0,0,19.5556,18.0833,24.0556,5429.75,970,307.891,970,1386.25,18.6563,188.109,198.844,17.4375,16.3828,818.552,58.5,1.508,0.984001,2.212,95.25,8.2353,7.84314,0,0.75,0,9,9,6.75
24.269,0,0,0,0,1.36298,0.99997,1.05045,4,1.06714,1,0.820314,0,0.820314,0.729982,0,0,17.9722,16.9722,21.0834,5402.25,970,293.203,970,1375.7,17.2969,188.109,198.844,16.4297,15.4453,817.771,58.5,1.404,0.888001,2.108,95.25,7.84314,7.84314,0,1.03125,0,36,36,40.5
24.303,0,0,0,0,1.35248,0.99997,1.03885,4,1.06861,1,0.820314,0,0.820314,0.729982,0,0,17.4722,16.7222,18.8056,5386.75,970,286.328,970,1365.12,16.7344,190.5,198.914,16.2422,14.8125,817.771,58.5,1.352,0.866668,2.056,95.25,7.84314,7.45098,0,1.14063,0,33,33,33
24.336,0,0,0,0,1.33417,0.99997,1.02765,4,1.06861,1,0.820314,0,0.820314,0.729982,0,0,16.7778,16.2778,18.3611,5369.5,970,281.758,970,1346.64,16.3125,190.617,198.961,15.8672,14.25,817.771,58.5,1.304,0.818668,2.008,95.25,7.45098,7.05883,0,0.609375,0,34.5,34.5,40.5
24.369,0,0,0,0,1.32373,0.99997,1.01276,4,1.06861,1,0.820314,0,0.820314,0.729982,0,0,16.3056,14.75,18,5357,970,275.195,970,1336.09,15.75,190.617,198.961,14.4141,14.25,817.771,58.5,1.232,0.762668,1.936,95.25,6.66667,6.66667,0,0.875,0,33.75,33.75,41.25
24.403,0,0,0,0,1.31329,0.99997,1.00156,4,1.06958,1,0.820314,0,0.820314,0.729982,0,0,15.5556,14.1667,13.5833,5351.25,970,263.828,970,1325.51,14.7422,190.547,199.008,13.8516,14.25,817.771,58.5,1.156,0.741334,1.844,95.25,6.66667,6.66667,0,0.75,0,24,24,24
24.436,0,0,0,0,1.29755,0.99997,0.990327,4,1.06958,1,0.820314,0,0.820314,0.729982,0,0,14.5556,14.0556,18.3056,5329.5,970,258.203,970,1309.65,14.25,191.906,199.055,13.8047,14.25,817.771,58.5,1.12,0.696001,1.808,95.25,6.66667,6.66667,0,1.25,0,32.25,32.25,42
24.469,0,0,0,0,1.28967,0.99997,0.979432,4,1.06958,1,0.820314,0,0.820314,0.7417,0,0,14.1111,14.1389,13.6111,5317.25,970,255.156,970,1301.72,13.9453,191.906,199.055,13.9219,14.25,817.478,58.5,1.1,0.682668,1.788,95.25,6.66667,6.66667,0,0.984375,0,27.75,27.75,27.75
24.503,0,0,0,0,1.27661,0.99997,0.971223,4,1.06983,1,0.820314,0,0.820314,0.751222,0,0,14.1111,14.0556,17.3889,5298.25,970,254.531,970,1288.52,13.9688,191.766,199.102,13.875,14.25,817.478,58.5,1.096,0.677334,1.792,95.25,6.66667,6.66667,0,1,0,31.5,31.5,42
24.536,0,0,0,0,1.27661,0.99997,0.970155,4,1.06983,1,0.820314,0,0.820314,0.777101,0,0,14.0556,14.1667,14.6111,5275,970,254.844,970,1288.52,14.0625,191.766,199.148,14.0625,14.25,817.478,58.5,1.104,0.677334,1.8,95.25,6.66667,6.66667,0,1.26563,0,31.5,31.5,42
24.569,0,0,0,0,1.25305,0.99997,0.973847,4,1.06983,1,0.820314,0,0.820314,0.808107,0,0,14,13.9445,18.2778,5259.25,970,254.063,970,1264.77,13.9922,191.766,199.148,13.875,14.25,817.478,58.5,1.108,0.680001,1.804,95.25,6.66667,6.66667,0,1.07813,0,31.5,31.5,41.25
24.603,0,0,0,0,1.25562,0.99997,0.980164,4,1.07398,1,0.820314,0,0.820314,0.826661,0,0,14.0556,14.0833,15.6945,5241,970,254.102,970,1267.38,14.0391,193.148,199.195,14.0625,14.25,817.478,57.75,1.12,0.685334,1.816,95.25,7.05883,6.66667,0,0.46875,0,31.5,31.5,41.25
24.636,0,0,0,0,1.24524,0.99997,0.994874,4,1.07398,1,0.820314,0,0.820314,0.860597,0,0,13.9722,13.9722,13.4445,5225.5,970,253.945,970,1256.84,14.0391,193.078,199.266,13.9922,14.25,817.478,57.75,1.144,0.693334,1.84,95.25,7.05883,7.05883,0,1.125,0,31.5,31.5,41.25
24.669,0,0,0,0,1.23999,0.99997,1.01459,4,1.07398,1,0.820314,0,0.820314,0.888917,0,0,13.9167,13.9722,15.4445,5201,970,253.438,970,1251.56,14.0391,193.078,199.266,14.0625,14.25,816.541,57.75,1.168,0.706668,1.864,95.25,7.05883,7.05883,0,0.875,0,31.5,31.5,41.25
24.703,0,0,0,0,1.22949,0.99997,1.03177,4,1.08008,1,0.820314,0,0.820314,0.900148,0,0,13.9722,13.8611,13.6111,5189.25,970,253.125,970,1240.98,14.0625,194.438,199.289,13.9688,14.25,816.541,57.75,1.188,0.720001,1.876,95.25,7.05883,7.05883,0,1.03125,0,10.5,10.5,-1.5
24.736,0,0,0,0,1.22687,0.99997,1.04538,4,1.08008,1,0.820314,0,0.820314,0.89673,0,0,13.8056,13.8333,15.1111,5156.25,970,252.656,970,1238.32,14.0156,195.656,199.383,14.0391,14.25,816.541,57.75,1.204,0.733334,1.892,95.25,7.05883,7.05883,0,0.859375,0,10.5,10.5,-1.5
24.769,0,0,0,0,1.21643,0.99997,1.06451,4,1.08008,1,0.820314,0,0.820314,0.900148,0,0,13.75,13.7222,14.3889,5129.75,970,252.227,970,1227.77,14.0859,195.656,199.383,13.9922,14.25,816.541,57.75,1.236,0.749334,1.924,95.25,7.05883,7.05883,0,0.796875,0,13.5,13.5,13.5
24.803,0,0,0,0,1.21643,0.99997,1.07544,4,1.08692,1,0.820314,0,0.820314,0.900148,0,0,13.8056,13.8333,13.9167,5106.25,970,252.227,970,1227.77,14.1563,195.68,199.477,14.1797,14.25,816.541,57.75,1.26,0.760001,1.956,95.25,7.05883,7.05883,0,0.953125,0,20.25,20.25,20.25
24.836,0,0,0,0,1.21118,0.99997,1.08786,4,1.08692,1,0.820314,0,0.820314,0.904542,0,0,13.75,13.7778,13.9445,5089.75,970,252.109,970,1222.5,14.2031,195.656,199.5,14.1563,14.25,816.541,57.75,1.28,0.770668,1.976,95.25,7.05883,7.05883,0,0.796875,0,30,30,40.5
24.869,0,0,0,0,1.20068,0.99997,1.1008,4,1.08692,1,0.820314,0,0.820314,0.900148,0,0,13.6945,13.6945,12.8333,5073.5,970,251.719,970,1211.91,14.1563,195.656,199.5,14.1328,14.25,815.564,57.75,1.296,0.776001,1.992,95.25,7.05883,7.05883,0,0.609375,0,30,30,40.5
24.903,0,0,0,0,1.20068,0.99997,1.10993,4,1.09033,1,0.820314,0,0.820314,0.892335,0,0,13.6945,13.6389,13.1389,5062.25,970,251.016,970,1211.88,14.1563,196.898,199.547,14.0859,14.25,815.564,57.75,1.304,0.784001,2.008,95.25,7.05883,7.05883,0,1.17188,0,30,30,40.5
24.936,0,0,0,0,1.19025,0.99997,1.11527,4,1.09033,1,0.820314,0,0.820314,0.878175,0,0,13.5833,13.5278,11.3056,5044.5,970,250.703,970,1201.37,14.1328,198.211,199.617,14.0391,14.25,815.564,57.75,1.308,0.786668,2.012,95.25,7.05883,7.05883,0,0.6875,0,30,30,40.5
24.969,0,0,0,0,1.19318,0.99997,1.11966,4,1.09033,1,0.820314,0,0.820314,0.860597,0,0,13.5278,13.6111,12.5556,5028.25,970,250.078,970,1201.37,14.1328,198.211,199.617,14.1563,14.25,815.564,57.75,1.328,0.792001,2.032,95.25,7.05883,7.05883,0,0.8125,0,30,30,40.5
25.003,0,0,0,0,1.18176,0.99997,1.12051,4,1.09595,1,0.820314,0,0.820314,0.849611,0,0,13.5833,13.5,11.5,5013.25,970,250.078,970,1193.48,14.1797,198.68,199.664,14.0859,14.25,815.564,57.75,1.328,0.797334,2.016,95.25,7.05883,7.05883,0,0.25,0,30,30,40.5
25.036,0,0,0,0,1.17828,0.99997,1.11816,4,1.09595,1,0.820314,0,0.820314,0.835695,0,0,13.4167,13.4445,14.6389,5001.5,970,249.336,970,1190.78,14.1094,198.656,199.688,14.0625,14.25,815.564,57.75,1.316,0.789334,2.004,95.25,7.05883,7.05883,0,1.125,0,30,30,40.5
25.069,0,0,0,0,1.17133,0.99997,1.11374,4,1.09595,1,0.820314,0,0.820314,0.819337,0,0,12.25,13.3611,11.8056,4978.25,970,236.836,970,1185.51,13.0078,198.656,199.688,13.5703,14.25,814.842,57.75,1.228,0.701334,1.916,95.25,7.05883,7.05883,0,0.84375,0,29.25,29.25,40.5
25.103,0,0,0,0,1.17035,0.99997,1.10767,4,1.09863,1,0.820314,0,0.820314,0.805421,0,0,13.1667,13.3056,12.8611,4968.5,970,247.656,970,1185.51,13.9688,198.211,199.664,13.5703,14.25,814.842,57.75,1.276,0.832001,1.956,95.25,7.05883,7.05883,0,0.8125,0,29.25,29.25,40.5
25.136,0,0,0,0,1.1629,0.99997,1.10462,4,1.09863,1,0.820314,0,0.820314,0.805421,0,0,12.3611,13.2778,12.1389,4953.75,970,238.945,970,1180.23,13.1484,198.234,199.641,13.6641,14.25,814.842,57.75,1.224,0.709334,1.904,95.25,7.05883,7.05883,0,0.3125,0,29.25,29.25,40.5
25.169,0,0,0,0,1.16254,0.99997,1.10004,4,1.09863,1,0.820314,0,0.820314,0.81006,0,0,13,13.2778,12.6111,4923.5,970,245.234,970,1180.2,13.7344,198.234,199.641,13.1484,14.25,814.842,57.75,1.24,0.754668,1.92,95.25,7.05883,7.05883,0,0.375,0,9,9,6
25.203,0,0,0,0,1.15161,0.99997,1.0993,4,1.10401,1,0.820314,0,0.820314,0.815675,0,0,12.5278,13.1667,12,4908.25,970,241.563,970,1172.3,13.3594,197.766,199.617,13.9688,14.25,814.842,57.75,1.24,0.736001,1.928,95.25,7.05883,7.05883,0,0.578125,0,9,9,6.75
25.236,0,0,0,0,1.14801,0.99997,1.1004,4,1.10401,1,0.820314,0,0.820314,0.821046,0,0,13.0556,13.1389,14.0556,4885,970,251.523,970,1169.65,14.2734,197.578,199.594,15.5859,14.25,814.842,57.75,1.356,0.813334,2.044,95.25,7.05883,7.05883,0,0.46875,0,9,9,4.5
25.269,0,0,0,0,1.14526,0.99997,1.10513,4,1.10401,1,0.820314,0,0.820314,0.833009,0,0,12.4722,13.1111,11.8333,4860.5,970,243.008,970,1167.03,13.4531,197.578,199.594,13.4063,14.25,813.748,57.75,1.228,0.733334,1.916,95.25,7.05883,7.05883,0,0.203125,0,29.25,29.25,40.5
25.303,0,0,0,0,1.14118,0.99997,1.1116,4,1.10669,1,0.820314,0,0.820314,0.843995,0,0,12.7778,13.0556,13.5,4846.5,970,251.797,970,1164.38,14.2031,197.836,199.57,15.0938,14.25,813.748,57,1.352,0.802668,2.04,95.25,7.05883,7.05883,0,-0.078125,0,29.25,29.25,40.5
25.336,0,0,0,0,1.14118,0.99997,1.11646,4,1.10669,1,0.820314,0,0.820314,0.847658,0,0,12.3611,13.0556,10.0278,4832.25,970,239.18,970,1164.38,13.0781,197.625,199.547,10.9922,14.25,813.748,57,1.132,0.682668,1.82,95.25,7.05883,7.05883,0,0.21875,0,28.5,28.5,40.5
25.369,0,0,0,0,1.12824,0.99997,1.12634,4,1.10669,1,0.820314,0,0.820314,0.850587,0,0,12.6667,12.9167,11.5833,4818.5,970,246.836,970,1156.45,13.7344,197.625,199.547,13.1016,14.25,813.748,57,1.26,0.800001,1.948,95.25,7.05883,7.05883,0,0.484375,0,28.5,28.5,40.5
25.403,0,0,0,0,1.12604,0.99997,1.13205,4,1.10816,1,0.820314,0,0.820314,0.850587,0,0,12.1945,12.8889,11.9167,4801.5,970,240.781,970,1156.45,13.1719,197.414,199.547,13.2656,14.25,813.748,57,1.236,0.720001,1.94,95.25,7.05883,7.05883,0,0.0625,0,28.5,28.5,40.5
25.436,0,0,0,0,1.12177,0.99997,1.13736,4,1.10816,1,0.820314,0,0.820314,0.85132,0,0,12.3056,12.8333,12.0278,4789.25,970,244.141,970,1153.79,13.4766,196.359,199.523,13.5234,14.25,813.748,57,1.272,0.768001,1.976,95.25,7.05883,7.05883,0,0.25,0,8.25,8.25,2.25
25.469,0,0,0,0,1.11768,0.99997,1.14337,4,1.10816,1,0.820314,0,0.820314,0.850587,0,0,12.0833,12.8889,10.8889,4774.75,970,241.211,970,1151.17,13.1719,196.359,199.523,12.4688,14.25,812.967,57,1.216,0.749334,1.92,95.25,7.05883,7.05883,0,0.015625,0,28.5,28.5,40.5
25.503,0,0,0,0,1.11206,0.99997,1.14786,4,1.11255,1,0.820314,0,0.820314,0.850587,0,0,12.0833,12.7222,12.25,4758.75,970,245.391,970,1148.52,13.5234,196.43,199.523,13.7109,14.25,812.967,57,1.284,0.778668,1.988,95.25,7.05883,7.05883,0,0.46875,0,29.25,29.25,40.5
25.536,0,0,0,0,1.11237,0.99997,1.1521,4,1.11255,1,0.820314,0,0.820314,0.850587,0,0,12.3056,12.7222,11.6667,4745.25,970,245.117,970,1148.52,13.5,195.398,199.5,12.9375,14.25,812.967,57,1.26,0.784001,1.948,95.25,7.05883,7.05883,0,0.15625,0,8.25,8.25,0.75
25.569,0,0,0,0,1.10059,0.99997,1.15723,4,1.11255,1,0.820314,0,0.820314,0.847658,0,0,12.0833,12.6945,13.2778,4727.25,970,248.438,970,1140.59,13.7578,195.398,199.5,15.6563,14.25,812.967,57,1.384,0.818668,2.072,95.25,7.05883,7.05883,0,-0.046875,0,8.25,8.25,0.75
25.603,0,0,0,0,1.10565,0.99997,1.15897,4,1.11499,1,0.820314,0,0.820314,0.842286,0,0,12.5833,12.75,11.0833,4699.75,970,247.383,970,1143.24,13.6641,195.352,199.477,12.3047,14.25,812.967,57,1.252,0.805334,1.94,95.25,7.05883,7.05883,0,-0.109375,0,8.25,8.25,-0.75
25.636,0,0,0,0,1.0965,0.99997,1.16235,4,1.11499,1,0.820314,0,0.820314,0.842286,0,0,12.0833,12.6667,12.7778,4680.75,970,248.672,970,1137.97,13.7344,194.25,199.453,15.2344,14.25,812.967,57,1.376,0.802668,2.064,95.25,7.05883,7.05883,0,0.46875,0,8.25,8.25,0
25.669,0,0,0,0,1.09876,0.99997,1.16535,4,1.11499,1,0.820314,0,0.820314,0.84131,0,0,12.6667,12.5833,12.0556,4655.25,970,253.984,970,1137.97,14.2031,194.25,199.453,13.7578,14.25,811.873,57,1.34,0.840001,2.028,95.25,7.05883,7.05883,0,0.40625,0,7.5,7.5,-1.5
25.703,0,0,0,0,1.09241,0.99997,1.16831,4,1.11987,1,0.820314,0,0.820314,0.840333,0,0,12.1389,12.5278,12.3889,4636.75,970,252.5,970,1132.66,14.0156,193.828,199.43,14.8594,14.25,811.873,57,1.384,0.800001,2.072,95.25,7.05883,7.05883,0,-0.375,0,7.5,7.5,-0.75
25.736,0,0,0,0,1.09595,0.99997,1.17062,4,1.11987,1,0.820314,0,0.820314,0.839601,0,0,12.8889,12.5556,12.9167,4619.5,970,259.648,970,1135.31,14.6484,193.055,199.406,14.5313,14.25,811.873,57,1.392,0.853334,2.08,95.25,7.05883,7.05883,0,-0.171875,0,27.75,27.75,40.5
25.769,0,0,0,0,1.08545,0.99997,1.16904,4,1.11987,1,0.820314,0,0.820314,0.827638,0,0,12.1945,12.4445,13.1389,4601.75,970,255.078,970,1127.38,14.2031,193.055,199.406,15.9844,14.25,811.873,57,1.428,0.848001,2.116,95.25,7.05883,7.05883,0,-0.203125,0,28.5,28.5,40.5
25.803,0,0,0,0,1.09033,0.99997,1.16803,4,1.12256,1,0.820314,0,0.820314,0.821046,0,0,12.7778,12.4167,12.2778,4582.25,970,259.023,970,1130,14.5313,192.609,199.406,13.8047,14.25,811.873,57,1.356,0.890668,2.044,95.25,7.05883,7.05883,0,0.109375,0,28.5,28.5,40.5
25.836,0,0,0,0,1.08624,0.99997,1.16391,4,1.12256,1,0.820314,0,0.820314,0.811769,0,0,11.8333,12.3611,10.6111,4578,970,246.445,970,1127.38,13.3828,191.672,199.383,12.6797,14.25,811.873,57,1.248,0.773334,1.936,95.25,7.05883,7.05883,0,-0.234375,0,7.5,7.5,-2.25
25.869,0,0,0,0,1.08197,0.99997,1.15738,4,1.12256,1,0.820314,0,0.820314,0.804445,0,0,12.1945,12.2222,11.7222,4562,970,253.242,970,1124.77,13.9922,191.672,199.383,13.5938,14.25,810.935,57,1.308,0.821334,1.996,95.25,7.05883,7.05883,0,-0.296875,0,28.5,28.5,40.5
25.903,0,0,0,0,1.07813,0.99997,1.1499,4,1.12769,1,0.820314,0,0.820314,0.797609,0,0,11.8333,12.1667,10.9167,4542,970,247.461,970,1122.15,13.4531,191.32,199.359,13.3125,14.25,810.935,57,1.26,0.770668,1.948,95.25,7.05883,7.05883,0,-0.078125,0,28.5,28.5,40.5
25.936,0,0,0,0,1.07996,0.99997,1.14639,4,1.12769,1,0.820314,0,0.820314,0.799073,0,0,12.1945,12.3056,12.2778,4533,970,254.531,970,1124.73,14.0391,190.898,199.359,13.8047,14.25,810.935,57,1.304,0.840001,1.992,95.25,7.05883,7.05883,0,0.1875,0,7.5,7.5,-3
25.969,0,0,0,0,1.07031,0.99997,1.14215,4,1.12769,1,0.820314,0,0.820314,0.802736,0,0,11.8333,12.1111,12.5556,4513.75,970,253.984,970,1116.84,13.9922,190.898,199.359,15.5156,14.25,810.935,57,1.372,0.802668,2.06,95.25,7.05883,7.05883,0,-0.28125,0,27.75,27.75,40.5
26.003,0,0,0,0,1.07471,0.99997,1.14014,4,1.13013,1,0.820314,0,0.820314,0.805421,0,0,12.1945,12.1667,10.5833,4491,970,253.438,970,1119.45,13.9219,190.172,199.336,12.3984,14.25,810.935,57,1.244,0.832001,1.932,95.25,7.05883,7.05883,0,-0.390625,0,27.75,27.75,39.75
26.036,0,0,0,0,1.06824,0.99997,1.14017,4,1.13013,1,0.820314,0,0.820314,0.809083,0,0,11.8333,12.1667,12.0556,4488.25,970,254.297,970,1114.18,13.9688,189.75,199.313,14.9766,14.25,810.935,57,1.34,0.797334,2.028,95.25,7.05883,7.05883,0,-0.078125,0,27.75,27.75,39.75
26.069,0,0,0,0,1.06805,0.99997,1.13937,4,1.13013,1,0.820314,0,0.820314,0.809083,0,0,11.6667,12.1667,11.5556,4461.5,970,252.188,970,1114.18,13.7813,189.75,199.313,14.1094,14.25,810.017,57,1.296,0.776001,1.984,95.25,7.05883,7.05883,0,0.015625,0,6.75,6.75,-3.75
26.103,0,0,0,0,1.0672,0.99997,1.13968,4,1.13379,1,0.820314,0,0.820314,0.81006,0,0,11.7222,12.0833,12.0556,4445.75,970,255.625,970,1114.18,14.0391,189.047,199.242,14.3672,14.25,810.017,57,1.324,0.794668,2.028,95.25,7.05883,7.05883,0,-0.125,0,6.75,6.75,-4.5
26.136,0,0,0,0,1.06805,0.99997,1.13825,4,1.13379,1,0.820314,0,0.820314,0.809083,0,0,11.8889,12.0833,11.5833,4415.5,970,255.586,970,1114.18,13.9922,188.531,199.195,13.7813,14.25,810.017,57,1.3,0.797334,2.004,95.25,7.05883,7.05883,0,0.203125,0,6.75,6.75,-4.5
26.169,0,0,0,0,1.06201,0.99997,1.13858,4,1.13379,1,0.820314,0,0.820314,0.812745,0,0,11.8889,11.9445,12.1389,4387,970,259.414,970,1108.91,14.3203,188.531,199.195,15.1406,14.25,810.017,57,1.364,0.824001,2.068,95.25,7.05883,6.66667,0,0.046875,0,6.75,6.75,-4.5
26.203,0,0,0,0,1.06598,0.99997,1.13785,4,1.13574,1,0.820314,0,0.820314,0.813722,0,0,12.1389,11.9445,11.8056,4382.75,970,261.641,970,1111.48,14.4609,187.547,199.125,13.7344,14.25,810.017,57,1.308,0.845334,2.004,95.25,7.05883,6.66667,0,-0.265625,0,28.5,28.5,39.75
26.236,0,0,0,0,1.05982,0.99997,1.1359,4,1.13574,1,0.820314,0,0.820314,0.811036,0,0,11.4445,11.8056,10.4445,4373,970,253.75,970,1106.25,13.7813,187.453,199.102,13.2422,14.25,810.017,57,1.256,0.770668,1.952,95.25,6.66667,6.66667,0,0.09375,0,6.75,6.75,-4.5
26.269,0,0,0,0,1.05908,0.99997,1.13391,4,1.13574,1,0.820314,0,0.820314,0.807374,0,0,11.6667,11.8611,11.5278,4357.75,970,257.07,970,1106.25,14.0625,187.453,199.102,13.9453,14.25,808.845,57,1.3,0.797334,1.996,95.25,6.66667,6.66667,0,-0.25,0,6.75,6.75,-4.5
26.303,0,0,0,0,1.05566,0.99997,1.12775,4,1.1355,1,0.820314,0,0.820314,0.798341,0,0,11.5,11.7222,10.9445,4330.25,970,255.117,970,1103.63,13.875,186.609,199.078,13.7109,14.25,808.845,57,1.268,0.776001,1.948,95.25,6.66667,6.66667,0,0.09375,0,28.5,28.5,39.75
26.336,0,0,0,0,1.05212,0.99997,1.12589,4,1.1355,1,0.820314,0,0.820314,0.798341,0,0,11.4445,11.6945,11.2778,4334.5,970,256.367,970,1100.98,13.9453,186,199.031,14.4141,14.25,808.845,57,1.3,0.794668,1.98,95.25,6.66667,6.66667,0,-0.46875,0,6.75,6.75,-4.5
26.369,0,0,0,0,1.05267,0.99997,1.11997,4,1.1355,1,0.820314,0,0.820314,0.799073,0,0,11.5556,11.5833,11.3889,4304.75,970,258.359,970,1100.98,14.1094,186,199.031,14.1563,14.25,808.845,57,1.292,0.802668,1.972,95.25,6.66667,6.66667,0,0.296875,0,28.5,28.5,39.75
26.403,0,0,0,0,1.04981,0.99997,1.11795,4,1.1355,1,0.820314,0,0.820314,0.803712,0,0,11.5556,11.6667,11,4305.25,970,258.359,970,1098.32,14.0625,185.648,198.984,13.8281,14.25,808.845,57,1.272,0.797334,1.968,95.25,6.66667,6.66667,0,-0.15625,0,6.75,6.75,-5.25
26.436,0,0,0,0,1.04901,0.99997,1.11783,4,1.1355,1,0.820314,0,0.820314,0.808107,0,0,11.4445,11.6111,11.5,4284.25,970,258.594,970,1098.32,14.0859,185.227,198.961,14.2031,14.25,808.845,57,1.292,0.794668,1.988,95.25,6.66667,6.66667,0,-0.1875,0,6.75,6.75,-5.25
26.469,0,0,0,0,1.0492,0.99997,1.11807,4,1.1355,1,0.820314,0,0.820314,0.811036,0,0,11.5,11.5556,11.3889,4270.25,970,259.141,970,1098.32,14.1094,185.227,198.961,13.9922,14.25,807.908,57,1.284,0.792001,1.98,95.25,6.66667,6.66667,0,-0.5,0,6.75,6.75,-5.25
26.503,0,0,0,0,1.04462,0.99997,1.11939,4,1.1355,1,0.820314,0,0.820314,0.813722,0,0,11.5,11.4445,11.2778,4237.75,970,261.914,970,1093.05,14.3203,184.547,198.914,14.8359,14.25,807.908,57,1.324,0.797334,2.012,95.25,6.66667,6.66667,0,-0.078125,0,6,6,-5.25
26.536,0,0,0,0,1.0484,0.99997,1.12058,4,1.1355,1,0.820314,0,0.820314,0.816408,0,0,11.7222,11.5278,11.6111,4234.75,970,264.609,970,1095.7,14.5313,183.938,198.867,14.3906,14.25,807.908,57,1.316,0.810668,2.004,95.25,6.66667,6.66667,0,-0.203125,0,6,6,-6
26.569,0,0,0,0,1.04645,0.99997,1.12201,4,1.1355,1,0.820314,0,0.820314,0.817384,0,0,11.5556,11.4722,11.5278,4209.25,970,264.375,970,1093.05,14.4844,183.938,198.867,14.6953,14.25,807.908,57,1.332,0.826668,2.02,95.25,6.66667,6.66667,0,-0.015625,0,6,6,-6
26.603,0,0,0,0,1.04767,0.99997,1.12268,4,1.13867,1,0.820314,0,0.820314,0.817384,0,0,11.5556,11.3611,11.8611,4187,970,266.055,970,1093.05,14.5781,183.305,198.82,14.9531,14.25,807.908,57,1.352,0.816001,2.04,95.25,6.66667,6.66667,0,-0.109375,0,6,6,-6
26.636,0,0,0,0,1.04614,0.99997,1.12228,4,1.13867,1,0.820314,0,0.820314,0.815675,0,0,11.4445,11.3333,10.75,4171.75,970,264.453,970,1090.39,14.4375,184.078,198.773,14.1328,14.25,807.908,57,1.304,0.805334,1.992,95.25,6.66667,6.66667,0,-0.34375,0,6,6,-6
26.669,0,0,0,0,1.04706,0.99997,1.12094,4,1.13867,1,0.820314,0,0.820314,0.813722,0,0,11.5556,11.3333,11.0278,4159,970,265.586,970,1090.39,14.4844,184.078,198.773,14.0156,14.25,806.697,57,1.304,0.818668,1.992,95.25,6.66667,6.66667,0,-0.28125,0,28.5,28.5,39.75
26.703,0,0,0,0,1.04419,0.99997,1.11746,4,1.13696,1,0.820314,0,0.820314,0.809083,0,0,11.25,11.1389,9.77779,4142.5,970,259.102,970,1087.77,13.9219,183.539,198.75,13.0078,14.25,806.697,57,1.232,0.781334,1.92,95.25,6.66667,6.66667,0,0.21875,0,28.5,28.5,39.75
26.736,0,0,0,0,1.04297,0.99997,1.11536,4,1.13696,1,0.820314,0,0.820314,0.807374,0,0,11.1945,11.1667,11.7222,4141.75,970,263.789,970,1087.77,14.3203,183.023,198.727,14.9063,14.25,806.697,57,1.324,0.829334,2.012,95.25,6.66667,6.66667,0,-0.109375,0,6,6,-6
26.769,0,0,0,0,1.04157,0.99997,1.10989,4,1.13696,1,0.820314,0,0.820314,0.803712,0,0,11.0278,11.0556,11.0556,4122.5,970,261.602,970,1085.12,14.1094,183.023,198.727,14.4609,14.25,806.697,57,1.288,0.781334,1.976,95.25,6.66667,6.66667,0,-0.140625,0,28.5,28.5,39.75
26.803,0,0,0,0,1.04157,0.99997,1.10642,4,1.13721,1,0.820314,0,0.820314,0.803712,0,0,11.0278,11.1111,10.6945,4106.75,970,260.117,970,1085.12,13.9688,182.438,198.68,13.6875,14.25,806.697,56.25,1.248,0.773334,1.928,95.25,6.66667,6.66667,0,0.0625,0,6,6,-5.25
26.836,0,0,0,0,1.03772,0.99997,1.10605,4,1.13721,1,0.820314,0,0.820314,0.807374,0,0,10.8056,11.0833,11.4722,4090.5,970,261.758,970,1082.5,14.0625,181.758,198.633,15.3047,14.25,806.697,56.25,1.304,0.778668,1.984,95.25,6.66667,6.66667,0,-0.421875,0,28.5,28.5,39.75
26.869,0,0,0,0,1.03906,0.99997,1.10437,4,1.13721,1,0.820314,0,0.820314,0.81006,0,0,11.0278,11.0833,10.8889,4070,970,264.258,970,1082.5,14.25,181.758,198.633,14.1563,14.25,805.935,56.25,1.268,0.784001,1.948,95.25,6.66667,6.27451,0,-0.125,0,6,6,-6
26.903,0,0,0,0,1.03973,0.99997,1.10684,4,1.13599,1,0.820314,0,0.820314,0.815675,0,0,11.0833,11.1111,10.7778,4056.75,970,264.844,970,1082.5,14.2734,181.734,198.586,13.9688,14.25,805.935,56.25,1.268,0.808001,1.948,95.25,6.66667,6.27451,0,0.03125,0,6,6,-6
26.936,0,0,0,0,1.03693,0.99997,1.10996,4,1.13599,1,0.820314,0,0.820314,0.821046,0,0,11.0833,11.0278,11.1667,4046.75,970,266.016,970,1079.84,14.3672,180.867,198.563,14.8359,14.25,805.935,56.25,1.316,0.813334,2.004,95.25,6.66667,6.27451,0,-0.15625,0,6,6,-6
26.969,0,0,0,0,1.03784,0.99997,1.11505,4,1.13599,1,0.820314,0,0.820314,0.826661,0,0,11.0278,10.9722,11.1945,4026.25,970,266.289,970,1079.84,14.3672,180.867,198.563,14.4141,14.25,805.935,56.25,1.304,0.797334,1.992,95.25,6.27451,6.27451,0,-0.390625,0,28.5,28.5,39.75
27.003,0,0,0,0,1.03619,0.99997,1.11847,4,1.13696,1,0.820314,0,0.820314,0.82837,0,0,11.0833,10.8889,10.4167,4012.25,970,265.898,970,1077.19,14.2969,180.422,198.539,13.8281,14.25,805.935,56.25,1.28,0.818668,1.968,95.25,6.27451,6.27451,0,0.015625,0,6,6,-6
27.036,0,0,0,0,1.03522,0.99997,1.12424,4,1.13696,1,0.820314,0,0.820314,0.832033,0,0,10.8056,10.8611,10.9167,4000,970,265.078,970,1077.19,14.2031,179.766,198.492,14.3672,14.25,805.935,56.25,1.304,0.802668,1.992,95.25,6.27451,6.27451,0,-0.078125,0,5.25,5.25,-6
27.069,0,0,0,0,1.03558,0.99997,1.12689,4,1.13696,1,0.820314,0,0.820314,0.829347,0,0,10.8611,10.7778,10.9722,3972.25,970,267.383,970,1077.19,14.3906,179.766,198.492,14.4844,14.25,804.685,56.25,1.32,0.824001,2.008,95.25,6.27451,6.27451,0,0.15625,0,5.25,5.25,-6
27.103,0,0,0,0,1.03375,0.99997,1.12857,4,1.13477,1,0.820314,0,0.820314,0.827638,0,0,10.8611,10.75,10.8611,3958.25,970,268.477,970,1074.57,14.5313,179.602,198.352,14.8359,14.25,804.685,56.25,1.348,0.818668,2.036,95.25,6.27451,6.27451,0,-0.359375,0,5.25,5.25,-6
27.136,0,0,0,0,1.03516,0.99997,1.12802,4,1.13477,1,0.820314,0,0.820314,0.824708,0,0,11.0833,10.75,10.4167,3944.25,970,269.844,970,1074.57,14.625,180.281,198.234,13.8516,14.25,804.685,56.25,1.312,0.853334,2,95.25,6.27451,6.27451,0,-0.015625,0,5.25,5.25,-6
27.169,0,0,0,0,1.03357,0.99997,1.12601,4,1.13477,1,0.820314,0,0.820314,0.82007,0,0,10.9167,10.6945,11.0556,3923,970,269.258,970,1071.91,14.625,180.281,198.234,15.1172,14.25,804.685,56.25,1.36,0.840001,2.048,95.25,6.27451,6.27451,0,-0.484375,0,5.25,5.25,-6
27.203,0,0,0,0,1.03412,0.99997,1.12402,4,1.13306,1,0.820314,0,0.820314,0.817384,0,0,10.9167,10.6111,10.3611,3912.25,970,267.539,970,1071.91,14.5078,180,198.141,13.9922,14.25,804.685,56.25,1.308,0.829334,1.996,95.25,6.27451,6.27451,0,0.21875,0,5.25,5.25,-6
27.236,0,0,0,0,1.03101,0.99997,1.11969,4,1.13306,1,0.820314,0,0.820314,0.811769,0,0,10.6389,10.5833,10.6945,3899.5,970,266.289,970,1069.26,14.4141,179.766,198.047,14.8594,14.25,804.685,56.25,1.332,0.808001,2.02,95.25,6.27451,6.27451,0,0.21875,0,5.25,5.25,-6
27.269,0,0,0,0,1.03235,0.99997,1.11456,4,1.13306,1,0.820314,0,0.820314,0.806398,0,0,10.6945,10.4722,10.3333,3882.75,970,266.523,970,1069.26,14.4609,179.766,198.047,13.9219,14.25,803.865,56.25,1.292,0.797334,1.98,95.25,6.27451,6.27451,0,-0.0625,0,5.25,5.25,-6
27.303,0,0,0,0,1.02911,0.99997,1.11032,4,1.13037,1,0.820314,0,0.820314,0.803712,0,0,10.5,10.4445,10.1945,3866.25,970,263.477,970,1066.64,14.25,179.578,197.977,14.2734,14.25,803.865,56.25,1.296,0.778668,1.984,95.25,6.27451,6.27451,0,-0.328125,0,5.25,5.25,-6
27.336,0,0,0,0,1.02942,0.99997,1.10822,4,1.13037,1,0.820314,0,0.820314,0.803712,0,0,10.5,10.4445,10.5556,3860,970,264.141,970,1066.64,14.3203,179.297,197.883,14.4609,14.25,803.865,56.25,1.3,0.797334,1.988,95.25,6.27451,6.27451,0,-0.40625,0,5.25,5.25,-6
27.369,0,0,0,0,1.02673,0.99997,1.10144,4,1.13037,1,0.820314,0,0.820314,0.799073,0,0,10.3889,10.3611,10.6111,3842.5,970,264.375,970,1063.98,14.3438,179.297,197.883,14.9531,14.25,803.865,56.25,1.312,0.808001,2,95.25,6.27451,6.27451,0,-0.046875,0,5.25,5.25,-6
27.403,0,0,0,0,1.02808,0.99997,1.09741,4,1.12818,1,0.820314,0,0.820314,0.798341,0,0,10.5556,10.3611,10.0278,3825,970,264.297,970,1063.98,14.3672,179.133,197.813,13.8984,14.25,803.865,56.25,1.272,0.805334,1.968,95.25,6.27451,6.27451,0,-0.25,0,5.25,5.25,-6
27.436,0,0,0,0,1.02777,0.99997,1.09625,4,1.12818,1,0.820314,0,0.820314,0.802736,0,0,10.4445,10.3333,10.8056,3817.75,970,265.234,970,1063.98,14.4609,178.875,197.719,14.8828,14.25,803.865,56.25,1.312,0.805334,2.008,95.25,6.27451,6.27451,0,0.15625,0,5.25,5.25,-6
27.469,0,0,0,0,1.02667,0.99997,1.09497,4,1.12818,1,0.820314,0,0.820314,0.806398,0,0,10.2778,10.3333,9.80556,3790.75,970,262.5,970,1061.37,14.25,178.875,197.719,14.0859,14.25,803.084,56.25,1.268,0.773334,1.964,95.25,6.27451,5.88235,0,-0.40625,0,27.75,27.75,39.75
27.503,0,0,0,0,1.02631,0.99997,1.09598,4,1.12622,1,0.820314,0,0.820314,0.811036,0,0,10.3333,10.25,10.3611,3785.25,970,262.734,970,1061.37,14.2969,178.57,197.602,14.5313,14.25,803.084,56.25,1.288,0.781334,1.976,95.25,5.88235,5.88235,0,-0.125,0,5.25,5.25,-6
27.536,0,0,0,0,1.0268,0.99997,1.09796,4,1.12622,1,0.820314,0,0.820314,0.814699,0,0,10.2778,10.25,10.25,3766,970,263.281,970,1061.37,14.3438,178.453,197.461,14.3438,14.25,803.084,56.25,1.288,0.792001,1.976,95.25,5.88235,5.88235,0,-0.265625,0,5.25,5.25,-6
27.569,0,0,0,0,1.02441,0.99997,1.1012,4,1.12622,1,0.820314,0,0.820314,0.819337,0,0,10.2778,10.2222,10.3056,3751.75,970,263.672,970,1058.71,14.4141,178.453,197.461,14.6719,14.25,803.084,56.25,1.308,0.805334,1.996,95.25,5.88235,5.88235,0,-0.265625,0,5.25,5.25,-5.25
27.603,0,0,0,0,1.02612,0.99997,1,4,1.125,1,0.820314,0,1.04688,0.822023,0,0,10.4445,10.1945,9.97223,3739.5,970,265.938,970,1058.71,14.625,178.148,197.367,14.0625,14.25,803.084,56.25,0.924,0.749334,1.604,95.25,5.88235,5.88235,0,0.234375,0,5.25,5.25,40.5
27.636,0,0,0,0,1.02655,0.99997,1,4,1.125,1,0.820314,0,1.04688,0.823732,0,0,10.3889,10.1945,10.2778,3703.5,970,266.992,970,1058.71,14.7656,177.703,197.203,14.4375,14.25,803.084,56.25,0.936,0.597334,1.616,95.25,5.88235,5.88235,0,-0.3125,0,5.25,5.25,48
27.669,0,0,0,0,1.02496,0.99997,1,4,1.125,1,0.820314,0,1.04688,0.826661,0,0,10.1667,9.91667,9.6389,3654,970,264.375,970,1056.05,14.5547,177.703,197.203,14.0625,14.25,799.236,56.25,0.92,0.570667,1.6,95.25,5.88235,5.88235,0,0.03125,0,5.25,5.25,48
27.703,0,0,0,0,1.02271,0.99997,1,4,1.11182,1,0.820314,0,1.04688,0.850587,0,0,10.1111,9.8889,10.0556,3621.25,970,265.82,970,1053.44,14.7188,177.281,196.992,15,14.25,799.236,56.25,0.952,0.584001,1.632,95.25,5.88235,5.88235,0,-0.375,0,5.25,5.25,48
27.736,0,0,0,0,1.02423,0.99997,1,4,1.11182,1,0.820314,0,1.04688,0.925539,0,0,10.0556,9.91667,9.33334,3582.5,970,264.609,970,1053.44,14.7188,176.813,196.688,13.8047,14.25,799.236,56.25,0.924,0.570667,1.612,95.25,5.88235,5.88235,0,-0.234375,0,5.25,5.25,48
27.769,0,0,0,0,1.02368,0.99997,1,4,1.11182,1,0.820314,0,1.04688,1.06397,0,0,9.86112,9.72223,9.66667,3529.25,970,263.164,970,1053.44,14.6016,176.813,196.688,14.3906,14.25,799.236,56.25,0.936,0.576001,1.624,95.25,5.88235,5.88235,0,0.0625,0,5.25,5.25,48
27.803,0,0,0,0,1.02368,0.99997,1,4,1.10181,1,0.820314,0,1.04688,1.25269,0,0,9.80556,9.6389,9.55556,3499.25,970,262.266,970,1053.44,14.625,176.273,196.453,14.3203,14.25,799.236,56.25,0.928,0.573334,1.608,95.25,5.4902,5.4902,0,-0.3125,0,4.5,4.5,48.75
27.836,0,0,0,0,1.02063,0.99997,1,4,1.10181,1,0.820314,0,1.04688,1.50196,0,0,9.52779,9.58334,9.52779,3457,970,261.211,970,1050.78,14.6953,176.25,196.102,14.9063,14.25,799.236,56.25,0.952,0.576001,1.632,95.25,5.4902,5.4902,0,0.03125,0,4.5,4.5,48.75
27.869,0,0,0,0,1.02203,0.99997,1,4,1.10181,1,0.820314,0,1.04688,1.9231,0,0,9.6389,9.41667,9.69445,3416,970,263.398,970,1050.78,14.8594,176.25,196.102,15.0234,14.25,795.603,56.25,0.964,0.589334,1.644,95.25,5.4902,5.4902,0,-0.171875,0,4.5,4.5,48.75
27.903,0,0,0,0,1.02234,0.99997,1,4,1.08203,1,0.820314,0,1.04688,2.28565,0,0,9.58334,9.41667,8.94445,3374,970,258.164,970,1050.78,14.625,175.781,195.68,13.9453,14.25,795.603,56.25,0.924,0.568001,1.612,95.25,5.4902,5.4902,0,-0.1875,0,4.5,4.5,48.75
27.936,0,0,0,0,1.02118,0.99997,1,4,1.08203,1,0.820314,0,1.04688,2.6333,0,0,9.22223,9.08334,8.8889,3339.5,970,255.391,970,1050.78,14.5547,175.805,195.234,13.9453,14.25,795.603,56.25,0.928,0.565334,1.616,95.25,5.4902,5.4902,0,-0.3125,0,4.5,4.5,48.75
27.969,0,0,0,0,1.01825,0.99997,1,5,1.08203,1,0.820314,0,1.04688,3.30518,0,0,9.16667,9.05556,9.1389,3297.25,970,255.859,970,1048.13,14.6016,175.805,195.234,14.8125,14.25,795.603,56.25,0.944,0.576001,1.632,95.25,5.4902,5.09804,0,-0.109375,0,4.5,4.5,48.75
28.003,0,0,0,0,1.01868,0.99997,1,5,1.06616,1,0.820314,0,1.04688,3.73585,0,0,9.22223,8.97223,8.8889,3254.5,970,255.117,970,1048.13,14.7188,175.898,194.883,14.4141,14.25,795.603,56.25,0.932,0.576001,1.62,95.25,5.09804,5.09804,0,0.0625,0,4.5,4.5,48.75
28.036,0,0,0,0,1.01685,0.99997,1,5,1.06616,1,0.820314,0,1.04688,4.19971,0,0,9.05556,8.8889,9.02778,3221.75,970,255.703,970,1045.51,14.9297,176.063,194.484,15.2109,14.25,795.603,56.25,0.972,0.573334,1.66,95.25,5.09804,5.09804,0,-0.484375,0,4.5,4.5,49.5
28.069,0,0,0,0,1.0166,0.99997,1,5,1.06616,1,0.820314,0,1.04688,4.96656,0,0,8.83334,8.75001,8.50001,3178.25,970,251.484,970,1045.51,14.6016,176.063,194.484,14.5078,14.25,792.127,56.25,0.94,0.573334,1.628,95.25,5.09804,5.09804,0,-0.046875,0,4.5,4.5,49.5
28.103,0,0,0,0,1.01636,0.99997,1,5,1.05298,1,0.820314,0,1.04688,5.00001,0,0,8.94445,8.66667,9.02778,3142.5,970,253.672,970,1045.51,14.9531,176.203,194.039,15.1172,14.25,792.127,56.25,0.968,0.602667,1.656,95.25,5.09804,5.09804,0,-0.453125,0,4.5,4.5,49.5
28.136,0,0,0,0,1.01795,0.99997,1,5,1.05298,1,0.820314,0,1.04688,5.00001,0,0,8.6389,8.3889,7.94445,3110.5,970,248.633,970,1045.51,14.5547,176.742,193.688,13.4063,14.25,792.127,56.25,0.912,0.557334,1.592,95.25,4.70588,5.09804,0,-0.453125,0,4.5,4.5,49.5
28.169,0,0,0,0,1.0174,0.99997,1,5,1.05298,1,0.820314,0,1.04688,5.00001,0,0,8.58334,8.3889,8.75001,3064.75,970,248.438,970,1045.47,14.7422,176.742,193.688,14.4609,14.25,792.127,56.25,0.944,0.592001,1.624,95.25,4.70588,5.09804,0,-0.25,0,4.5,4.5,49.5
28.203,0,0,0,0,1.01581,0.99997,1,5,1.04224,1,0.820314,0,1.04688,5.00001,0,0,8.58334,8.36112,8.11112,3019,970,245.313,970,1042.85,14.6484,176.484,193.289,14.3203,14.25,792.127,56.25,0.936,0.584001,1.616,96,4.70588,4.70588,0,-0.125,0,4.5,4.5,49.5
28.236,0,0,0,0,1.0155,0.99997,1,5,1.04224,1,0.820314,0,1.04688,5.00001,0,0,8.41667,8.36112,8.55556,2983.75,970,247.266,970,1042.85,14.9531,176.906,192.633,15.1172,14.25,792.127,56.25,0.968,0.584001,1.648,96,4.70588,4.70588,0,-0.25,0,3.75,3.75,49.5
28.269,0,0,0,0,1.01556,0.99997,1,5,1.04224,1,0.820314,0,1.04688,5.00001,0,0,8.25001,8.05556,8.05556,2949.75,970,244.688,970,1042.85,14.7656,176.906,192.633,14.9531,14.25,788.885,56.25,0.952,0.581334,1.632,96,4.70588,4.70588,0,0.03125,0,3.75,3.75,49.5
28.303,0,0,0,0,1.0163,0.99997,1,5,1.03394,1,0.820314,0,1.04688,5.00001,0,0,8.19445,8.11112,8.02778,2912.25,970,243.828,970,1042.85,14.6719,176.227,189.586,14.3672,14.25,788.885,56.25,0.932,0.581334,1.612,96,4.70588,4.70588,0,-0.3125,0,3.75,3.75,49.5
28.336,0,0,0,0,1.01587,0.99997,1,5,1.03394,1,0.820314,0,1.04688,5.00001,0,0,7.94445,7.97223,7.83334,2877.5,970,242.422,970,1042.85,14.5547,177.375,186.563,14.25,14.25,788.885,56.25,0.916,0.562667,1.596,96,4.70588,4.70588,0,-0.09375,0,3.75,3.75,49.5
28.369,0,0,0,0,1.01251,0.99997,1,5,1.03394,1,0.820314,0,1.04688,5.00001,0,0,7.77778,7.75001,7.77778,2829.5,970,241.445,970,1040.23,14.4844,177.375,186.563,15,14.25,788.885,56.25,0.936,0.576001,1.616,96,4.31373,4.31373,0,0.171875,0,3.75,3.75,49.5
28.403,0,0,0,0,1.01556,0.99997,1,5,1.0271,1,0.820314,0,1.04688,5.00001,0,0,7.72223,7.77778,7.61112,2793.5,970,240.469,970,1042.85,14.3906,176.625,183.445,14.1797,14.25,788.885,56.25,0.916,0.565334,1.596,96,4.31373,4.31373,0,-0.4375,0,3.75,3.75,49.5
28.436,0,0,0,0,1.01532,0.99997,1,5,1.0271,1,0.820314,0,1.04688,5.00001,0,0,7.66667,7.52778,8.16667,2757.5,970,244.023,970,1042.85,14.6484,175.523,180.961,15.3516,14.25,788.885,56.25,0.956,0.584001,1.636,96,4.31373,4.31373,0,-0.203125,0,3.75,3.75,49.5
28.469,0,0,0,0,1.01282,0.99997,1,5,1.0271,1,0.820314,0,1.04688,5.00001,0,0,7.44445,7.52778,7.27778,2719.75,970,241.406,970,1040.23,14.4375,175.523,180.961,14.5313,14.25,785.838,56.25,0.924,0.570667,1.604,96,4.31373,4.31373,0,-0.15625,0,3.75,3.75,49.5
28.503,0,0,0,0,1.01202,0.99997,1,5,1.02173,1,0.820314,0,1.04688,5.00001,0,0,7.38889,7.50001,7.50001,2685,970,242.578,970,1040.23,14.5078,174.82,177.773,14.8828,14.25,785.838,56.25,0.932,0.573334,1.62,96,4.31373,4.31373,0,-0.421875,0,3.75,3.75,49.5
28.536,0,0,0,0,1.01514,0.99997,1,5,1.02173,1,0.820314,0,1.04688,5.00001,0,0,7.30556,7.27778,7.22223,2644.75,970,241.406,970,1042.85,14.4141,171.586,175.219,13.9688,14.25,785.838,56.25,0.904,0.562667,1.592,96,3.92157,3.92157,0,-0.140625,0,3.75,3.75,49.5
28.569,0,0,0,0,1.01215,0.99997,1,5,1.02173,1,0.820314,0,1.04688,5.00001,0,0,7.19445,7.25001,7.38889,2607.75,970,243.086,970,1040.23,14.5313,171.586,175.219,15.0469,14.25,785.838,56.25,0.936,0.578667,1.624,96,3.92157,3.92157,0,-0.125,0,3.75,3.75,49.5
28.603,0,0,0,0,1.01318,0.99997,1,5,1.01734,1,0.820314,0,1.04688,5.00001,0,0,7.19445,7.11112,6.41667,2572,970,241.016,970,1040.23,14.3672,168.75,171.938,13.1484,14.25,785.838,56.25,0.9,0.581334,1.588,96,3.92157,3.92157,0,-0.203125,0,3.75,3.75,49.5
28.636,0,0,0,0,1.00812,0.99997,1,5,1.01734,1,0.820314,0,1.04688,5.00001,0,0,6.91667,7.02778,7.30556,2545.25,970,241.094,970,1037.58,14.3672,165.117,169.289,15.7031,14.25,785.838,56.25,0.94,0.584001,1.628,96,3.92157,3.92157,0,-0.15625,0,3.75,3.75,49.5
28.669,0,0,0,0,1.01526,0.99997,1,5,1.01734,1,0.820314,0,1.04688,5.00001,0,0,6.97223,6.83334,6.19445,2492.5,970,241.836,970,1042.81,14.4141,165.117,169.289,12.375,14.25,782.967,56.25,0.9,0.570667,1.588,96,3.52941,3.92157,0,0.046875,0,3,3,48.75
28.703,0,0,0,0,1.00421,0.99997,1,5,1,1,0.820314,0,1.04688,5.00001,0,0,6.69445,6.72223,7.05556,2466.25,970,242.695,970,1034.92,14.5078,162.891,166.477,16.2656,14.25,782.967,55.5,0.96,0.544001,1.64,96,3.52941,3.52941,0,0.046875,0,3,3,48.75
28.736,0,0,0,0,1.01373,0.99997,1,5,1,1,0.820314,0,1.04688,5.00001,0,0,6.86112,6.58334,7.16667,2440.5,970,247.461,970,1042.81,14.8594,160.313,163.359,15.6797,14.25,782.967,55.5,0.96,0.597334,1.64,96,3.52941,3.52941,0,-0.171875,0,3,3,48.75
28.769,0,0,0,0,0.993592,0.99997,1,5,1,1,0.820314,0,1.04688,5.00001,0,0,6.27778,6.52778,7.61112,2388.75,970,238.633,970,1032.3,14.2734,160.313,163.359,18.2578,14.25,782.967,55.5,0.992,0.522667,1.672,96,3.52941,3.52941,0,-0.25,0,3,3,48
28.803,0,0,0,0,1.00452,0.99997,1,5,1,1,0.820314,0,1.04688,5.00001,0,0,6.75001,6.44445,6.83334,2362,970,246.094,970,1040.23,14.8828,157.031,160.242,14.4141,14.25,782.967,55.5,0.928,0.653334,1.608,96,3.52941,3.52941,0,0.234375,0,3,3,48
28.836,0,0,0,0,0.991761,0.99997,1,5,1,1,0.820314,0,1.04688,5.00001,0,0,6.05556,6.41667,4.38889,2335.5,970,230.586,970,1029.65,13.7109,153.75,157.031,10.0078,14.25,782.967,55.5,0.9,0.488001,1.58,96,3.52941,3.52941,0,0.0625,0,3,3,48
28.869,0,0,0,0,0.998841,0.99997,1,5,1,1,0.820314,0,1.04688,5.00001,0,0,6.80556,6.36112,8.02778,2293.75,970,255,970,1040.23,15.6328,153.75,157.031,18.3047,14.25,780.31,55.5,1.048,0.653334,1.728,96,3.52941,3.13726,0,-0.21875,0,2.25,2.25,47.25
28.903,0,0,0,0,0.986268,0.99997,1,5,1,1,0.820314,0,1.04688,5.00001,0,0,6.55556,6.30556,6.02778,2252.25,970,238.086,970,1032.3,14.4141,150.422,153.773,14.9531,14.25,780.31,55.5,0.916,0.485334,1.596,95.25,3.52941,3.13726,0,0.0625,0,3,3,47.25
28.936,0,0,0,0,0.982728,0.99997,1,5,1,1,0.820314,0,1.04688,5.00001,0,0,6.50001,6.13889,8.05556,2223.75,970,256.289,970,1032.27,15.7969,147.07,150.375,19.3828,14.25,780.31,55.5,1.088,0.698668,1.768,95.25,3.13726,3.13726,0,0.0625,0,1.5,1.5,46.5
28.969,0,0,0,0,0.982789,0.99997,1,5,1,1,0.820314,0,1.04688,5.00001,0,0,6,6.11112,4.94445,2184.5,970,233.633,970,1032.3,14.1563,147.07,150.375,12.5156,14.25,780.31,55.5,0.9,0.469334,1.58,95.25,3.13726,3.13726,0,-0.125,0,2.25,2.25,46.5
29.003,0,0,0,0,0.972596,0.99997,1,5,1,1,0.820314,0,1.04688,5.00001,0,0,6.22223,5.97223,8.80556,2154.75,970,257.656,970,1029.65,16.0313,143.531,148.125,22.1484,14.25,780.31,55.5,1.16,0.706668,1.84,96,3.13726,3.13726,0,0.046875,0,1.5,1.5,45.75
29.036,0,0,0,0,0.985718,0.99997,1,5,1,1,0.82422,0,1.04688,5.00001,0,0,5.86112,6.02778,3.16667,2124.75,970,238.438,970,1037.58,14.5781,141.141,144.703,6.72656,14.25,780.31,55.5,0.9,0.461334,1.58,96,3.13726,2.7451,0,0.015625,0,1.5,1.5,45
29.069,0,0,0,0,0.966065,0.99997,1,5,1,1,0.82422,0,1.04688,5.00001,0,0,6.16667,5.72223,9.22223,2082,970,263.945,970,1026.99,16.5938,141.141,144.703,23.9531,14.25,777.81,55.5,1.236,0.768001,1.916,96,2.7451,2.7451,0,0.203125,0,1.5,1.5,45
29.103,0,0,0,0,0.978883,0.99997,1,5,1,1,0.82715,0,1.04688,5.00001,0,0,6.27778,5.77778,3.08334,2051.75,970,241.484,970,1034.92,14.9297,137.648,142.242,6.91406,14.25,777.81,55.5,0.9,0.568001,1.58,96,2.7451,2.7451,0,-0.125,0,1.5,1.5,43.5
29.136,0,0,0,0,0.951661,0.99997,1,5,1,1,0.843019,0,1.04688,5.00001,0,0,6,5.58334,8.50001,2020.5,970,251.953,970,1021.72,15.7266,135.094,138.727,24.0469,14.25,777.81,55.5,1.204,0.749334,1.884,96,2.7451,2.7451,0,-0.015625,0,2.25,2.25,45
29.169,0,0,0,0,0.97345,0.99997,1,5,1,1,0.843019,0,1.04688,5.00001,0,0,6.05556,5.47223,2.36111,1975.5,970,238.242,970,1034.88,14.7656,135.094,138.727,4.96875,14.25,777.81,55.5,0.9,0.570667,1.58,96,2.7451,2.7451,0,0.15625,0,0.75,0.75,43.5
29.203,0,0,0,0,0.9339,0.99997,1,5,1,1,0.854738,0,1.04688,5.00001,0,0,5.36112,5.25,9.30556,1943.75,970,255.273,970,1016.45,16.0313,131.109,136.148,28.0781,13.5,777.81,55.5,1.308,0.528001,1.988,96,2.7451,2.7451,0,0.1875,0,1.5,1.5,45
29.236,0,0,0,0,0.958619,0.99997,1,5,1,1,0.877443,0,1.04688,5.00001,0,0,6.22223,5.30556,8.91667,1926,970,269.063,970,1034.88,17.0859,128.039,133.383,24.75,13.5,777.81,55.5,1.244,0.776001,1.924,96,2.7451,2.35294,0,0.25,0,0.75,0.75,43.5
29.269,0,0,0,0,0.925233,0.99997,1,5,1,1,0.877443,0,1.04688,5.00001,0,0,5.30556,4.75,5.94445,1879.25,970,242.461,970,1021.72,14.9766,128.039,133.383,18.2344,13.5,775.291,55.5,1.024,0.637334,1.704,96,2.35294,2.35294,0,-0.25,0,1.5,1.5,45
29.303,0,0,0,0,0.930909,0.99997,1,5,1,1,0.894533,0,1.04688,5.00001,0,0,5.91667,4.69445,5.83334,1845.75,970,265.273,970,1029.65,16.6172,125.344,130.875,15.4688,13.5,775.291,55.5,1.012,0.877334,1.692,96,1.96079,1.96079,0,0.234375,0,0,0,42.75
29.336,0,0,0,0,0.923341,0.99997,1,0,1,1,0.91504,0,1.04688,5.00001,0,0,5.16667,4.63889,3.69445,1812.25,970,236.445,970,1024.38,14.3672,122.859,128.18,11.5078,13.5,775.291,55.5,0.836,0.394667,1.516,96,1.96079,1.96079,0,0.328125,0,0.75,0.75,45
29.369,0,0,0,0,0.913514,0.99997,1,0,1,1,0.91504,0,1.04688,5.00001,0,0,5.80556,4.58334,7.75001,1778.75,970,275.039,970,1021.72,17.2266,122.859,128.18,23.3672,13.5,775.291,55.5,1.18,0.744001,1.86,96,1.96079,1.96079,0,0.625,0,0,0,43.5
29.403,0,0,0,0,0.919068,0.99997,1,0,1,1,0.930421,0,1.04688,5.00001,0,0,5.22223,4.63889,2.27778,1744.25,970,239.492,970,1029.65,14.5078,120.492,125.461,5.90625,13.5,775.291,55.5,0.716,0.450667,1.396,96,1.96079,1.96079,0,0,0,0,0,44.25
29.436,0,0,0,0,0.877503,0.99997,1,0,1,1,0.947755,0,1.04688,5.00001,0,0,5.22223,4.44445,8.05556,1728.25,970,259.727,970,1016.41,15.9844,118.102,122.859,27.3047,13.5,775.291,55.5,1.288,0.800001,1.968,96,1.96079,1.96079,0,0.09375,0,0,0,45
29.469,0,0,0,0,0.896363,0.99997,1,0,1,1,0.947755,0,1.04688,5.00001,0,0,5.22223,4.30556,1.66667,1674.25,970,244.883,970,1029.65,14.8125,118.102,122.859,3.86719,13.5,772.83,55.5,0.9,0.530667,1.58,96,1.96079,1.96079,0,0.109375,0,-0.75,-0.75,43.5
29.503,0,0,0,0,0.854432,0.99997,1,0,1,1,0.960695,0,1.04688,5.00001,0,0,4.94445,4.16667,7.05556,1655.5,970,259.844,970,1013.79,15.7969,115.781,120.281,24.2813,13.5,772.83,55.5,1.196,0.741334,1.876,96,1.96079,1.96079,0,0.625,0,-0.75,-0.75,45
29.536,0,0,0,0,0.880372,0.99997,1,0,1,1,0.970705,0,1.04688,5.00001,0,0,4.94445,4.22223,2.63889,1619.25,970,264.375,970,1026.99,16.125,113.555,117.656,6.5625,13.5,772.83,55.5,0.9,0.517334,1.588,96,1.96079,1.96079,0,0.671875,0,-1.5,-1.5,42
29.569,0,0,0,0,0.829468,0.99997,1,0,1,1,0.970705,0,1.04688,5.00001,0,0,4.94445,4.02778,7.91667,1582.25,970,270.391,970,1013.79,16.4531,113.555,117.656,28.5234,13.5,772.83,55.5,1.36,0.837334,2.048,96,1.96079,1.96079,0,0.15625,0,-0.75,-0.75,45
29.603,0,0,0,0,0.858277,0.99997,1,0,1,1,0.978029,0,1.04688,5.00001,0,0,5.27778,4.11111,1.41667,1544.75,970,264.063,970,1029.65,15.9609,111.797,115.898,2.53125,13.5,772.83,55.5,0.9,0.834668,1.58,96,1.96079,1.96079,0,0.09375,0,-2.25,-2.25,42
29.636,0,0,0,0,0.826172,0.99997,1,0,1,1,0.9834,0,1.04688,5.00001,0,0,4.41667,4.08334,3.02778,1525.25,970,254.414,970,1008.52,15.2813,110.602,113.18,9.86719,13.5,772.83,55.5,0.848,0.520001,1.528,96,1.96079,1.96079,0,0.203125,0,-2.25,-2.25,43.5
29.669,0,0,0,0,0.847474,0.99997,1,0,1,1,0.9834,0,1.04688,5.00001,0,0,5.11112,3.94445,5.86112,1486.25,970,293.047,970,1029.65,18.0703,110.602,113.18,21.3281,13.5,770.584,55.5,1.172,0.749334,1.852,96,1.56863,1.56863,0,0.390625,0,-3,-3,41.25
29.703,0,0,0,0,0.831421,0.99997,1,0,1,1,1,0,1.04688,5.00001,0,0,4.47223,3.75,5.38889,1446,970,272.578,970,1013.79,16.6172,108.445,111.469,21.2109,13.5,770.584,55.5,1.148,0.405334,1.828,96,1.56863,1.56863,0,0.59375,0,-3,-3,43.5
29.736,0,0,0,0,0.837281,0.99997,1,0,1,1,1,0,1.04688,5.00001,0,0,5.05556,3.72223,8.91667,1427,970,302.031,970,1024.34,18.7266,106.828,109.313,35.2266,13.5,770.584,55.5,1.604,0.997335,2.284,96,1.56863,1.56863,0,0.546875,0,-3,-3,42.75
29.769,0,0,0,0,0.827454,0.99997,1,0,1,1,1,0,1.04688,5.00001,0,0,4.30556,3.61111,3.02778,1385.25,970,269.609,970,1021.72,16.3828,106.828,109.313,10.7578,13.5,770.584,55.5,0.892,0.560001,1.572,96,1.56863,1.56863,0,0.265625,0,-3.75,-3.75,42
29.803,0,0,0,0,0.809937,0.99997,1,0,1,1,1,0,1.04688,5.00001,0,0,4.77778,3.47222,8.44445,1364,970,299.883,970,1019.06,18.5625,105.422,107.766,35.5078,13.5,770.584,55.5,1.592,0.997335,2.272,96,1.56863,1.17647,0,0.28125,0,-3.75,-3.75,42.75
29.836,0,0,0,0,0.826478,0.99997,1,0,1,1,1,0,1.04688,5.00001,0,0,4.58334,3.38889,1.77778,1320.25,970,270.977,970,1024.38,16.5234,104.18,106.148,5.34375,13.5,770.584,55.5,0.9,0.645334,1.58,96,1.17647,1.17647,0,0.609375,0,-3.75,-3.75,41.25
29.869,0,0,0,0,0.791627,0.99997,1,0,1,1,1,0,1.04688,5.00001,0,0,4.52778,3.27778,7.52778,1298.75,970,297.5,970,1013.75,18.4219,104.18,106.148,33.2813,13.5,768.689,55.5,1.508,0.960001,2.188,96,1.17647,0.784314,0,0.625,0,-4.5,-4.5,42.75
29.903,0,0,0,0,0.811768,0.99997,1,0,1,1,1,0,1.04688,5.00001,0,0,4.36111,2.97222,1.41667,1252.5,970,271.25,970,1021.72,16.5469,102.938,104.625,4.45313,16.3828,768.689,55.5,0.9,0.680001,1.58,96,0.784314,0.784314,0,0.9375,0,-4.5,-4.5,40.5
29.936,0,0,0,0,0.787537,0.99997,1,0,1,1,1,0,1,5.00001,0,0,4.19445,3.13889,6.50001,1229.5,970,291.875,970,1008.52,18.0234,101.602,102.094,29.5781,17.5547,768.689,55.5,1.74,1.12533,2.42,96,1.17647,1.96079,0,0.984375,0,11.25,11.25,11.25
29.969,0,0,0,0,0.807435,0.99997,1,0,1,1,1,0,1,5.00001,0,0,4.08334,3.66667,3.77778,1205,970,290.625,970,1019.1,17.9531,101.602,102.094,17.25,17.5781,768.689,55.5,1.332,0.880001,2.012,96,1.96079,2.35294,0,0.5625,0,9,9,9
30.003,0,0,0,0,0.792664,0.99997,1,0,1,1,1,0,1,5.00001,0,0,3.88889,4,3.16667,1180.75,970,282.578,970,1003.24,17.3672,99.6797,100.289,12.8906,19.0313,768.689,55.5,1.2,0.784001,1.88,96,1.96079,2.35294,0,0.734375,0,12.75,12.75,12.75
30.036,0,0,0,0,0.808594,0.99997,1,0,1,1,1,0,0.953126,5.00001,0,0,4.36111,4.11111,3.36111,1148.5,970,312.734,970,1013.79,19.3828,98.1094,99.1172,15,19.7344,768.689,55.5,1.396,1.344,2.076,96,1.96079,2.35294,0,0.65625,0,3.75,3.75,3.75
30.069,0,0,0,0,0.798401,0.99997,1,0,1,1,1,0,0.953126,5.00001,0,0,4.30556,4.27778,4.94445,1157,970,317.109,970,1003.24,19.7109,98.1094,99.1172,22.1484,18.7969,767.908,55.5,1.572,1.024,2.252,96,2.35294,2.35294,0,0.59375,0,0.75,0.75,0.75
30.103,0,0,0,0,0.813843,0.99997,1,0,1,1,1,0,0.953126,5.00001,0,0,4.66667,4.25,7.38889,1149.25,970,342.695,970,1013.79,21.5391,96.9609,99.4219,35.8828,16.8047,767.908,55.5,2.048,1.344,2.728,96,2.35294,1.56863,0,0.859375,0,-1.5,-1.5,-1.5
30.136,0,0,0,0,0.813782,0.99997,1,0,1,1,1,0,0.953371,5.00001,0,0,4.41667,4.13889,2.91667,1136,970,328.75,970,1008.52,20.5313,97.6875,98.6719,12.75,16.8516,767.908,55.5,1.304,0.840001,1.972,96,1.17647,0.784314,0,1.09375,0,-6,-6,-6
30.169,0,0,0,0,0.826661,0.99997,1,0,1,1,1,0,0.953371,5.00001,0,0,4.52778,3.25,3.58334,1136,970,335.039,970,1013.75,20.9297,97.6875,98.6719,17.625,15,767.908,55.5,1.432,0.941335,2.1,96,1.17647,0.784314,0,1.21875,0,-6,-6,-9
30.203,0,0,0,0,0.820313,0.99997,1,0,1,1,1,0,0.953371,5.00001,0,0,4.30556,3.08334,2.66667,1144.5,970,319.688,970,1000.59,19.8281,96.8672,98.6719,11.25,14.8359,767.908,55.5,1.244,0.813334,1.912,96,0,0,0,0.875,0,-6,-6,-9.75
30.236,0,0,0,0,0.828248,0.99997,1,0,1,1,1,0,0.953126,4.83326,0,0,4.63889,2.41667,6.30556,1154.25,970,337.188,970,1008.52,21.0703,97.0078,99.3281,30.8906,14.9531,767.908,55.5,1.748,1.13067,2.444,96,0,0,0,0.953125,0,-5.25,-5.25,-10.5
30.269,0,0,0,0,0.821229,0.99997,1,0,1,1,1,0,0.953126,3.20264,0,0,4.02778,2.69445,3.88889,1135.5,970,306.445,970,1008.52,18.9375,97.0078,99.3281,17.9063,14.8594,767.049,55.5,1.32,0.853334,2.016,96,0.392157,0.784314,0,0.640625,0,-5.25,-5.25,-6
30.303,0,0,0,0,0.819581,0.99997,1,0,1,1,1,0,0.953126,2.48194,0,0,4.02778,2.97222,5.33334,1127.75,970,319.414,970,1011.13,19.8047,98.1094,98.6484,27.1406,14.8125,767.049,55.5,1.54,0.853334,2.236,96,0.784314,0.784314,0,0.796875,0,-5.25,-5.25,-6
30.336,0,0,0,0,0.827515,0.99997,1,0,1,1,1,0,0.953126,2.09815,0,0,3.77778,3.05556,1.08333,1114,970,294.219,970,1003.24,18,97.4063,97.8516,3.91406,14.8125,767.049,55.5,1.004,0.658667,1.684,96,0.784314,0.784314,0,0.8125,0,-5.25,-5.25,-7.5
30.369,0,0,0,0,0.80066,0.99997,1,0,1,1,1,0,0.953126,1.75196,0,0,3.94445,3,5.52778,1098,970,308.906,970,1000.59,18.9844,97.4063,97.8516,27.2813,15.0469,767.049,55.5,1.464,0.946668,2.144,96,0.784314,0.784314,0,1.07813,0,-3.75,-3.75,-3.75
30.403,0,0,0,0,0.816163,0.99997,1,0,1,1,1,0,0.953126,1.54639,0,0,3.83334,3,2.58334,1088,970,291.992,970,1011.17,17.6953,96.7031,97.1016,11.0156,14.9531,767.049,54.75,1.104,0.800001,1.784,96,0.784314,0.784314,0,1.28125,0,-4.5,-4.5,-4.5
30.436,0,0,0,0,0.798462,0.99997,1,0,1,1,1,0,0.953126,1.38916,0,0,3.61111,2.94445,6.30556,1080.25,970,316.367,970,995.313,19.4297,95.9766,96.6328,33.0938,15.0234,767.049,54.75,1.608,0.714668,2.288,96,0.784314,0.784314,0,1.1875,0,-2.25,-2.25,-2.25
30.469,-1.5,0,-1.5,0,0.818482,0.99997,1,0,1,1,1,0,0.953126,1.25611,0,0,3.66667,3.05556,1.63889,1070,970,297.578,970,1003.24,18.0938,95.9766,96.6328,7.57031,15.0938,766.267,54.75,1.004,0.658667,1.684,96,0.784314,0.784314,-0.75,1.28125,0,-5.25,-5.25,-5.25
30.503,-1.5,0,-1.5,0,0.785706,0.99997,1,0,1,1,1,0,0.953126,1.18091,0,0,3.77778,2.91667,5.33334,1052,970,311.367,970,997.969,19.0313,95.7422,96.2578,26.8125,15.2813,766.267,54.75,1.456,0.941335,2.136,96,0.784314,0.784314,-0.75,0.8125,0,-3,-3,-3
30.536,-1.5,0,-1.5,0,0.802064,0.99997,1,0,1,1,1,0,0.953126,1.13501,0,0,3.66667,2.91667,3.02778,1041.75,970,307.539,970,1005.82,18.75,95.4609,95.2266,16.6172,15.4688,766.267,54.75,1.232,0.800001,1.92,96,0.784314,0.784314,-0.75,0.734375,0,-4.5,-4.5,-4.5
30.569,-1.5,0,-1.5,0,0.79773,0.99997,1,0,1,1,1,0,0.953126,1.09009,0,0,3.55556,2.94445,3.41667,1031,970,304.141,970,995.313,18.3984,95.4609,95.2266,30.2344,15.3516,766.267,54.75,1.548,0.789334,2.236,96,0.784314,0.392157,-0.75,0.84375,0,-3.75,-3.75,-3.75
30.603,-1.5,0,-1.5,0,0.814637,0.99997,1,0,1,1,1,0,0.953126,1.05469,0,0,3.77778,2.94445,2.05556,1006.25,970,307.891,970,1003.24,18.5625,94.5,94.0547,10.3125,15.5156,766.267,54.75,1.116,1,1.804,96,0.784314,0.392157,-0.75,1,0,-5.25,-5.25,-5.25
30.636,-1.5,0,-1.5,0,0.805787,0.99997,1,0,1,1,1,0,0.953126,1.04199,0,0,3.5,2.86111,5.83334,1003.25,970,328.125,970,997.969,20.0156,93.2109,93.9141,31.3594,15.75,766.267,54.75,1.588,0.722668,2.276,96,0.784314,0.392157,-0.75,0.984375,0,-3,-3,-3
30.669,-1.5,0,-1.5,0,0.818421,0.99997,1,0,1,1,1,0,0.953126,1.03589,0,0,3.55556,2.86111,1.91667,1002.75,970,312.422,970,1000.59,18.8906,93.2109,93.9141,10.1016,15.7734,765.486,54.75,1.128,0.730668,1.816,96,0.784314,0.392157,-0.75,1.42188,0,-5.25,-5.25,-6.75
30.703,-1.5,0,-1.5,0,0.800171,0.99997,1,0,1,1,1,0,0.953126,1.03198,0,0,3.55556,2.86111,4.61111,996,970,321.016,970,995.313,19.5,93.2813,93.7969,24.3281,15.8203,765.486,54.75,1.424,0.730668,2.112,96,0.784314,0.784314,-0.75,1.53125,0,-3,-3,-3
30.736,-1.5,0,0,0,0.81775,0.99997,1,0,1,1,1,0,0.953126,1.02661,0,0,3.61111,2.83334,3.25,979.5,970,319.609,970,1003.2,19.4063,93.3516,93.7031,18.6328,15.5859,765.486,54.75,1.32,0.853334,2,96,0.784314,0.784314,-0.75,1.5,0,-4.5,-4.5,-4.5
30.769,0,0,0,0,0.816407,0.99997,1,0,1,1,1,0,0.953126,1.0166,0,0,3.44445,2.88889,2.80556,971,970,311.484,970,992.656,18.7266,93.3516,93.7031,14.2969,15.8672,765.486,54.75,1.208,0.778668,1.888,96,0.784314,0.784314,-0.75,1.01563,0,-4.5,-4.5,-4.5
30.803,0,0,0,0,0.820313,0.99997,1,0,1,1,1,0,0.953126,1.00733,0,0,3.55556,2.88889,4.55556,955.5,970,324.141,970,1000.55,19.6172,93.1172,93.7031,26.7422,15.9609,765.486,54.75,1.484,0.954668,2.164,96,0.784314,0.392157,-0.75,1.01563,0,-3,-3,-3
30.836,0,0,0,0,0.823548,0.99997,1,0,1,1,1,0,0.953126,1,0,0,3.33334,2.75,2.33334,946.25,970,312.773,970,992.656,18.7969,93.3281,93.7031,12.4453,16.1484,765.486,54.75,1.172,0.760001,1.86,96,0.392157,0.392157,-0.75,0.953125,0,-5.25,-5.25,-5.25
30.869,0,0,0,0,0.828248,0.99997,1,0,1,1,1,0,0.953126,0.992677,0,0,3.5,2.63889,4.75,940,970,327.227,970,997.969,19.7578,93.3281,93.7031,27.9375,16.2656,764.724,54.75,1.52,0.976001,2.208,96,0.392157,0.392157,-0.75,0.9375,0,-4.5,-4.5,-4.5
30.903,0,0,0,0,0.825623,0.99997,1,0,1,1,1,0,0.953126,0.983644,0,0,3.25,2.52778,1.44445,935,970,308.633,970,992.656,18.3984,93.1875,93.7031,8.01563,16.3359,764.724,54.75,1.08,0.701334,1.768,96,0.392157,0.392157,-0.75,0.96875,0,-5.25,-5.25,-6
30.936,0,0,0,0,0.817505,0.99997,1,0,1,1,1,0,0.952882,0.978517,0,0,3.38889,2.5,4.5,928.75,970,321.445,970,995.313,19.3125,93.3516,93.7031,26.5078,16.2891,764.724,54.75,1.48,0.949335,2.168,96,0.392157,0.392157,-0.75,1.3125,0,-4.5,-4.5,-4.5
30.969,0,0,0,0,0.827576,0.99997,1,0,1,1,1,0,0.952882,0.973634,0,0,3.13889,2.5,1.77778,915,970,307.383,970,995.313,18.2578,93.3516,93.7031,10.4531,16.3359,764.724,54.75,1.112,0.720001,1.8,96,0.392157,0.392157,-0.75,1.34375,0,-5.25,-5.25,-5.25
31.003,0,0,0,0,0.822083,0.99997,1,0,1,1,1,0,0.952882,0.973634,0,0,3.25,2.55556,4.22223,900.25,970,317.695,970,992.656,18.9609,93.375,93.7031,24.7734,16.3125,764.724,54.75,1.428,0.914668,2.116,96,0.392157,0.392157,-0.75,1.59375,0,-3,-3,-3
31.036,0,0,0,0,0.828797,0.99997,1,0,1,1,1,0,0.952882,0.972414,0,0,3.02778,2.55556,1.77778,881.75,970,305.625,970,995.313,18.0938,93.5156,93.7031,11.3438,16.5234,764.724,54.75,1.124,0.725334,1.812,96,0.392157,0.392157,-0.75,1.59375,0,-3,-3,-3
31.069,0,0,0,0,0.820496,0.99997,1,0,1,1,1,0,0.952882,0.972414,0,0,3.08334,2.55556,4.11111,871,970,316.094,970,992.656,18.75,93.5156,93.7031,24.7266,16.8047,763.924,54.75,1.416,0.906668,2.104,96,0.392157,0.392157,-0.75,1.39063,0,-1.5,-1.5,-1.5
31.103,0,0,0,0,0.827088,0.99997,1,0,1,1,1,0,0.952882,0.972414,0,0,2.91667,2.58334,2.30556,852,970,309.766,970,992.656,18.2578,93.3281,93.7031,14.7656,17.1094,763.924,54.75,1.188,0.765334,1.876,96,0.392157,0.392157,-0.75,1.39063,0,-1.5,-1.5,-1.5
31.136,0,0,0,0,0.826234,0.99997,1,0,1,1,1,0,0.952882,0.971193,0,0,3.02778,2.58334,3.97223,840.25,970,320.781,970,990.039,19.0547,93.5625,93.7031,25.2188,17.4609,763.924,54.75,1.456,0.928001,2.152,96,0.392157,0.392157,-0.75,1,0,6,6,6
31.169,0,0,0,0,0.838868,0.99997,1,0,1,1,1,0,0.952882,0.969972,0,0,2.86111,2.58334,2.02778,831.75,970,312.305,970,992.617,18.3281,93.5625,93.7031,13.7109,17.6953,763.924,54.75,1.176,0.760001,1.872,96,0.392157,0.392157,-0.75,1,0,2.25,2.25,2.25
31.203,0,0,0,0,0.831299,0.99997,1,0,1,1,1,0,0.952882,0.969972,0,0,2.86111,2.61111,4.05556,829.5,970,324.023,970,990.039,19.1484,93.375,93.7031,25.7344,17.7422,763.924,54.75,1.472,0.760001,2.168,96,0.392157,0.392157,-0.75,0.875,0,3,3,3
31.236,0,0,0,0,0.845154,0.99997,1,0,1,1,1,0,0.952882,0.969972,0,0,2.97222,2.63889,2.02778,826.5,970,315.117,970,990.039,18.5156,93.4688,93.7031,13.5469,17.7656,763.924,54.75,1.188,0.768001,1.868,96,0.392157,0.392157,-0.75,1.23438,0,-0.75,-0.75,-0.75
31.269,0,0,0,0,0.838441,0.99997,1,0,1,1,1,0,0.952882,0.971193,0,0,3.02778,2.61111,4.13889,824,970,328.32,970,990.039,19.4531,93.4688,93.7031,26.8594,17.7422,763.084,54.75,1.504,0.957335,2.184,96,0.392157,0.392157,-0.75,1.21875,0,0.75,0.75,0.75
31.303,0,0,0,0,0.849549,0.99997,1,0,1,1,1,0,0.952882,0.969972,0,0,3.02778,2.66667,2.02778,821.75,970,318.633,970,990.039,18.7266,93.4922,93.7031,13.3359,17.7891,763.084,54.75,1.188,0.957335,1.868,96,0.392157,0.392157,-0.75,1.20313,0,-2.25,-2.25,-2.25
31.336,0,0,0,0,0.845276,0.99997,1,0,1,1,1,0,0.952882,0.968507,0,0,2.91667,2.63889,3.88889,817,970,328.945,970,990.039,19.4766,93.5156,93.7031,25.2422,17.7422,763.084,54.75,1.48,0.770668,2.16,96,0.392157,0.392157,-0.75,1.40625,0,0,0,0
31.369,0,0,0,0,0.849,0.99997,1,0,1,1,1,0,0.952882,0.966066,0,0,2.97222,2.63889,3.88889,817,970,328.945,970,990.039,19.4766,93.5156,93.7031,25.2422,17.6953,763.084,54.75,1.48,0.941335,2.16,96,0.392157,0.392157,-0.75,1.4375,0,0,0,0
31.403,0,0,0,0,0.841736,0.99997,1,0,1,1,1,0,0.952882,0.966066,0,0,2.80556,2.66667,1.83333,807.25,970,317.305,970,987.383,18.6328,93.6328,93.7031,12.1406,17.6953,763.084,54.75,1.164,0.754668,1.844,96,0.392157,0.392157,-0.75,1.42188,0,-1.5,-1.5,-1.5
31.436,0,0,0,0,0.842225,0.99997,1,0,1,1,1,0,0.952882,0.963625,0,0,2.91667,2.61111,3.77778,801.25,970,328.203,970,990.039,19.3828,93.5156,93.7031,25.5234,17.7891,763.084,54.75,1.476,0.938668,2.156,96,0.392157,0.392157,-0.75,1.09375,0,0,0,0
31.469,0,0,0,0,0.84253,0.99997,1,0,1,1,1,0,0.952882,0.962404,0,0,2.80556,2.63889,2.27778,796,970,321.25,970,984.727,18.8438,93.5156,93.7031,15,17.8594,762.068,54.75,1.228,0.794668,1.908,96,0.392157,0.392157,-0.75,1.10938,0,-1.5,-1.5,-1.5
31.503,0,0,0,0,0.842591,0.99997,1,0,1,1,1,0,0.952882,0.962404,0,0,2.80556,2.63889,3.27778,787.5,970,327.852,970,990,19.3359,93.5391,93.7031,23.0156,17.8828,762.068,54.75,1.42,0.909334,2.1,96,0.392157,0.392157,-0.75,1.10938,0,-0.75,-0.75,-0.75
31.536,0,0,0,0,0.847108,0.99997,1,0,1,1,1,0,0.952882,0.962404,0,0,2.80556,2.66667,3,772.75,970,328.984,970,984.727,19.4063,93.5625,93.7031,20.0625,18.0234,762.068,54.75,1.356,0.880001,2.044,96,0.392157,0.392157,-0.75,1.07813,0,-0.75,-0.75,-0.75
31.569,0,0,0,0,0.850037,0.99997,1,0,1,1,1,0,0.952882,0.962404,0,0,2.75,2.66667,2.44445,770.5,970,326.133,970,984.727,19.1953,93.5625,93.7031,17.625,18.2813,762.068,54.75,1.3,0.840001,1.988,96,0.392157,0.392157,-0.75,1.07813,0,0,0,0
31.603,0,0,0,0,0.855042,0.99997,1,0,1,1,1,0,0.952882,0.959962,0,0,2.75,2.66667,2.44445,770.5,970,326.133,970,990.039,19.1953,93.5859,93.7031,17.625,18.3047,762.068,54,1.3,0.840001,1.988,96.75,0.392157,0.392157,-0.75,0.921875,0,0,0,0
31.636,0,0,0,0,0.85431,0.99997,1,0,1,1,1,0,0.952882,0.961183,0,0,2.80556,2.63889,3.13889,768.25,970,328.945,970,984.727,19.4063,92.9297,93.7031,20.9766,18.3047,762.068,54,1.388,0.893334,2.076,96.75,0.392157,0.392157,-0.75,1.14063,0,0.75,0.75,0.75
31.669,0,0,0,0,0.852418,0.99997,1,0,1,1,1,0,0.952882,0.961183,0,0,2.69445,2.63889,1.91667,773,970,320.234,970,987.383,18.6328,92.9297,93.7031,13.875,18.2813,761.072,54,1.196,0.773334,1.884,96.75,0.392157,0.392157,-0.75,1.64063,0,-0.75,-0.75,-0.75
31.703,0,0,0,0,0.84845,0.99997,1,0,1,1,1,0,0.952882,0.962404,0,0,2.75,2.58334,3.11111,773.75,970,324.141,970,987.383,18.9141,93.5859,93.7031,21.1406,18.1172,761.072,54,1.364,0.874668,2.052,96,0.392157,0.392157,-0.75,1.64063,0,0.75,0.75,0.75
31.736,0,0,0,0,0.849,0.99997,1,0,1,1,1,0,0.952882,0.966066,0,0,2.69445,2.63889,2.13889,776,970,317.109,970,984.727,18.4219,93.6094,93.7031,14.4609,18.0469,761.072,54,1.196,0.773334,1.884,96,0.392157,0.392157,-0.75,1.375,0,-0.75,-0.75,-0.75
31.769,0,0,0,0,0.844666,0.99997,1,0,1,1,1,0,0.952882,0.968507,0,0,2.75,2.58334,3.27778,777.25,970,323.867,970,987.344,18.8906,93.6094,93.7031,22.7344,17.9531,761.072,54,1.392,0.890668,2.08,96,0.392157,0.392157,-0.75,1.375,0,0,0,0
31.803,0,0,0,0,0.85138,0.99997,1,0,1,1,1,0,0.952882,0.971193,0,0,2.75,2.58334,2.86111,778.75,970,324.258,970,987.383,18.9375,93.6094,93.7031,19.1484,17.8594,761.072,54,1.316,0.890668,1.996,96,0.392157,0.392157,-0.75,0.984375,0,-0.75,-0.75,-0.75
31.836,0,0,0,0,0.851807,0.99997,1,0,1,1,1,0,0.952882,0.973634,0,0,2.75,2.58334,2.63889,774.75,970,324.258,970,982.109,18.9375,93.6094,93.7031,18.9609,17.7188,761.072,54,1.32,0.850668,2,96,0.392157,0.392157,-0.75,1.29688,0,-1.5,-1.5,-1.5
31.869,0,0,0,0,0.856446,0.99997,1,0,1,1,1,0,0.952882,0.977296,0,0,2.75,2.58334,2.63889,774.75,970,324.258,970,984.727,18.9375,93.6094,93.7031,18.9609,17.6953,760.057,54,1.32,0.850668,2,96,0.392157,0.392157,-0.75,1.01563,0,-1.5,-1.5,-1.5
31.903,0,0,0,0,0.859376,0.99997,1,0,1,1,1,0,0.952882,0.977296,0,0,2.75,2.61111,3.02778,765.5,970,327.5,970,984.727,19.1719,93.6094,93.7031,21,17.6953,760.057,54,1.372,0.882668,2.052,96.75,0.392157,0,-0.75,0.953125,0,-0.75,-0.75,-0.75
31.936,0,0,0,0,0.862305,0.99997,1,0,1,1,1,0,0.952882,0.979982,0,0,2.69445,2.61111,2.25,769.75,970,321.719,970,984.727,18.75,93.6328,93.7031,15.5156,17.8125,760.057,54,1.232,0.797334,1.912,96.75,0,0,-0.75,1,0,-3,-3,-3
31.969,0,0,0,0,0.861146,0.99997,1,0,1,1,1,0,0.952882,0.982423,0,0,2.69445,2.5,2.97222,765.5,970,324.414,970,984.727,18.9375,93.6328,93.7031,20.4844,17.6953,760.057,54,1.356,0.869334,2.036,96.75,0,0,-0.75,1,0,-1.5,-1.5,-1.5
32.003,0,0,0,0,0.863587,0.99997,1.00342,0,1,1,1,0,0.952882,0.986085,0,0,2.69445,2.5,2.08333,759.75,970,317.383,970,982.109,18.4219,93.6328,93.7031,14.4844,17.7188,760.057,54,1.204,0.869334,1.884,96,0,0,-0.75,1.29688,0,-0.75,-0.75,-0.75
32.036,0,0,0,0,0.858155,0.99997,1.00555,0,1,1,1,0,0.952882,0.987306,0,0,2.63889,2.47222,2.44445,755.75,970,316.094,970,982.109,18.3281,93.6328,93.7031,17.625,17.7188,760.057,54,1.26,0.778668,1.964,96,0,0,-0.75,1.20313,0,0.75,0.75,0.75
32.069,0,0,0,0,0.859437,0.99997,1.00769,0,1,1,1,0,0.952882,0.991212,0,0,2.61111,2.5,2.13889,755.75,970,310.469,970,984.727,17.9297,93.6328,93.7031,14.7656,17.7891,759.021,54,1.188,0.813334,1.892,96,0,0,-0.75,1.26563,0,1.5,1.5,1.5
32.103,0,0,0,0,0.854127,0.99997,1.00848,0,1,1,1,0,0.952882,0.992677,0,0,2.55556,2.5,2.13889,755.75,970,310.469,970,982.109,17.9297,93.6328,93.7031,14.7656,17.8594,759.021,54,1.188,0.768001,1.892,96.75,0,0,-0.75,1.42188,0,1.5,1.5,1.5
32.136,0,0,0,0,0.849366,0.99997,1.01007,0,1,1,1,0,0.952882,0.997072,0,0,2.55556,2.47222,2.22222,758,970,307.266,970,982.109,17.6953,93.6328,93.7031,15.9141,17.8359,759.021,54,1.2,0.773334,1.88,96.75,0,0,-0.75,1.375,0,2.25,2.25,2.25
32.169,0,0,0,0,0.848328,0.99997,1.01111,0,1,1,1,0,0.952882,1,0,0,2.5,2.44445,2.44445,752.25,970,306.836,970,982.109,17.6719,93.6328,93.7031,17.4375,17.7656,759.021,54,1.228,0.792001,1.908,96.75,0,0,-0.75,1.375,0,4.5,4.5,4.5
32.203,0,0,0,0,0.848939,0.99997,1.013,0,1,1,1,0,0.952882,1.00488,0,0,2.5,2.44445,2.44445,751.75,970,306.289,970,982.109,17.625,93.6328,93.7031,17.3438,17.8594,759.021,54,1.236,0.792001,1.916,96.75,0,0,-0.75,1.10938,0,3,3,3
32.236,0,0,0,0,0.849671,0.99997,1.01462,0,1,1,1,0,0.952882,1.00855,0,0,2.5,2.47222,2.63889,751.25,970,307.891,970,982.109,17.7422,93.6563,93.7031,18.6563,17.8594,759.021,54,1.26,0.797334,1.948,96.75,0,0,-0.75,0.6875,0,3.75,3.75,3.75
32.269,0,0,0,0,0.851868,0.99997,1.01679,0,1,1,1,0,0.952882,1.01319,0,0,2.5,2.47222,2.58334,753.25,970,308.516,970,982.109,17.7891,93.6563,93.7031,18.1641,17.8594,757.986,54,1.256,0.813334,1.944,96.75,0,0,-0.75,0.859375,0,3,3,3
32.303,0,0,0,0,0.853699,0.99997,1.01804,0,1,1,1,0,0.952882,1.01489,0,0,2.5,2.47222,2.58334,753.25,970,308.516,970,982.109,17.7891,93.6563,93.7031,18.1641,17.8594,757.986,54,1.256,0.810668,1.944,96.75,0,0,-0.75,1.04688,0,3,3,3
32.336,0,0,0,0,0.855042,0.99997,1.0206,0,1,1,1,0,0.952882,1.01831,0,0,2.5,2.5,2.52778,748.25,970,308.594,970,982.109,17.7891,93.6563,93.7031,17.8594,17.8125,757.986,54,1.256,0.810668,1.924,96.75,0,0,-0.75,1.10938,0,3,3,3
32.369,0,0,0,0,0.856507,0.99997,1.02304,0,1,1,1,0,0.952882,1.02149,0,0,2.5,2.47222,2.75,743.75,970,311.211,970,982.109,17.9766,93.6563,93.7031,19.4766,17.9063,757.986,54,1.292,0.834668,1.96,96.75,0,0,-0.75,1.10938,0,3.75,3.75,3.75
32.403,0,0,0,0,0.859498,0.99997,1.02432,0,1,1,1,0,0.952882,1.02149,0,0,2.5,2.5,2.55556,744,970,311.328,970,982.109,18,93.6563,93.7031,18.0703,18,757.986,54,1.268,0.834668,1.936,96.75,0,0,-0.75,0.9375,0,3.75,3.75,3.75
32.436,0,0,0,0,0.860291,0.99997,1.02652,0,1,1,1,0,0.952882,1.02319,0,0,2.5,2.47222,2.61111,743.5,970,311.992,970,982.109,18.0469,93.6563,93.7031,18.4453,18,757.986,54,1.288,0.821334,1.976,96.75,0,0,-0.75,1.39063,0,3.75,3.75,3.75
32.469,0,0,0,0,0.859864,0.99997,1.02997,0,1,1,1,0,0.952882,1.02661,0,0,2.55556,2.47222,2.61111,743.5,970,311.992,970,979.453,18.0469,93.6563,93.7031,18.4453,18,756.932,54,1.288,0.832001,1.976,96.75,0,0,-0.75,1.51563,0,3.75,3.75,3.75
32.503,0,0,0,0,0.862,0.99997,1.03381,0,1,1,1,0,0.952882,1.03198,0,0,2.55556,2.5,2.63889,739.5,970,314.023,970,979.453,18.1875,93.6563,93.7031,19.3594,18.0469,756.932,54,1.308,0.845334,1.996,96.75,0,0,-0.75,1.375,0,5.25,5.25,5.25
32.536,0,0,0,0,0.864808,0.99997,1.03842,0,1,1,1,0,0.952882,1.03784,0,0,2.55556,2.47222,2.55556,739,970,314.648,970,979.453,18.2344,93.6563,93.7031,18.6094,18.1641,756.932,54,1.304,0.845334,1.984,96.75,0,0,-0.75,1.01563,0,4.5,4.5,4.5
32.569,0,0,0,0,0.867249,0.99997,1.04178,0,1,1,1,0,0.952882,1.04199,0,0,2.61111,2.47222,2.83334,748,970,317.773,970,979.453,18.4688,93.6563,93.7031,20.2266,18.1641,756.932,54,1.352,0.877334,2.032,96.75,0,0,-0.75,1.01563,0,3.75,3.75,3.75
32.603,0,0,0,0,0.871461,0.99997,1.04422,0,1,1,1,0,0.952882,1.04395,0,0,2.61111,2.5,2.66667,756.75,970,318.203,970,979.453,18.4922,93.6563,93.7031,18.75,17.9766,756.932,54,1.328,0.877334,2.008,96.75,0,0,-0.75,1.01563,0,-0.75,-0.75,-0.75
32.636,0,0,0,0,0.87439,0.99997,1.04816,0,1,1,1,0,0.952882,1.04785,0,0,2.63889,2.5,2.63889,755.5,970,318.203,970,979.453,18.4922,93.6563,93.7031,18.5156,17.7656,756.932,54,1.336,0.864001,2.024,96.75,0,0,-0.75,1.09375,0,0,0,0
32.669,0,0,0,0,0.876221,0.99997,1.0499,0,1,1,1,0,0.952882,1.04785,0,0,2.61111,2.5,2.63889,755.5,970,318.203,970,979.453,18.4922,93.6563,93.7031,18.5156,17.7422,755.877,54,1.336,0.866668,2.024,96.75,0,0,-0.75,0.703125,0,0,0,0
32.703,0,0,0,0,0.878174,0.99997,1.0538,0,1,1,1,0,0.952882,1.05225,0,0,2.61111,2.52778,2.69445,750.25,970,318.945,970,979.453,18.5391,93.6563,93.7031,18.9844,17.7422,755.877,54,1.352,0.877334,2.04,96.75,0,0,-0.75,0.984375,0,1.5,1.5,1.5
32.736,0,0,0,0,0.881409,0.99997,1.05765,0,1,1,1,0,0.952882,1.05469,0,0,2.63889,2.52778,2.77778,755.25,970,320.273,970,979.453,18.6328,93.6563,93.7031,19.4063,17.8359,755.877,54,1.364,0.888001,2.032,96.75,0,0,-0.75,1.01563,0,0,0,0
32.769,0,0,0,0,0.883546,0.99997,1.06088,0,1,1,1,0,0.952882,1.05689,0,0,2.63889,2.52778,2.61111,760.25,970,319.414,970,979.453,18.5859,93.6563,93.7031,18.0938,17.6953,755.877,54,1.336,0.869334,2.004,96.75,0,0,-0.75,1.01563,0,-1.5,-1.5,-1.5
32.803,0,0,0,0,0.884705,0.99997,1.06235,0,1,1,1,0,0.952882,1.05469,0,0,2.63889,2.52778,2.88889,760.25,970,321.602,970,979.453,18.7266,93.6563,93.7031,19.9922,17.5547,755.877,54,1.396,0.869334,2.064,96.75,0,0,-0.75,1.5625,0,-0.75,-0.75,-0.75
32.836,0,0,0,0,0.889588,0.99997,1.06653,0,1,1,1,0,0.952882,1.05689,0,0,2.63889,2.55556,2.61111,760,970,320.508,970,979.453,18.6563,93.6563,93.7031,18.0469,17.5078,755.877,54,1.356,0.901334,2.036,96.75,0,0,-0.75,1.34375,0,-1.5,-1.5,-1.5
32.869,0,0,0,0,0.890259,0.99997,1.06815,0,1,1,1,0,0.952882,1.05469,0,0,2.63889,2.55556,2.80556,762.25,970,321.523,970,979.453,18.7266,93.6563,93.7031,19.3125,17.4844,754.861,54,1.392,0.880001,2.072,96.75,0,0,-0.75,1.4375,0,-2.25,-2.25,-2.25
32.903,0,0,0,0,0.892274,0.99997,1.07181,0,1,1,1,0,0.952882,1.05689,0,0,2.69445,2.55556,2.80556,762.25,970,321.523,970,979.453,18.7266,93.6563,93.7031,19.3125,17.4375,754.861,54,1.392,0.898668,2.072,96.75,0,0,-0.75,1.21875,0,-2.25,-2.25,-2.25
32.936,0,0,0,0,0.892335,0.99997,1.07462,0,1,1,1,0,0.952882,1.05469,0,0,2.63889,2.47222,2.55556,762.75,970,319.727,970,976.836,18.6094,93.6563,93.7031,17.6016,17.3438,754.861,54,1.356,0.877334,2.044,96.75,0,0,-0.75,1.34375,0,-0.75,-0.75,-0.75
32.969,0,0,0,0,0.896302,0.99997,1.07758,0,1,1,1,0,0.952882,1.05469,0,0,2.63889,2.47222,2.63889,760,970,320,970,979.453,18.6328,93.6563,93.7031,18.7969,17.2969,754.861,54,1.384,0.893334,2.072,96.75,0,0,-0.75,0.90625,0,-1.5,-1.5,-1.5
33.003,0,0,0,0,0.896607,0.99997,1.07956,0,1,1,1,0,0.952882,1.05225,0,0,2.63889,2.5,2.66667,758.25,970,319.492,970,976.836,18.5859,93.6563,93.7031,18.3281,17.3203,754.861,54,1.376,0.893334,2.064,96.75,0,0,-0.75,0.90625,0,-2.25,-2.25,-2.25
33.036,0,0,0,0,0.898804,0.99997,1.08182,0,1,1,1,0,0.952882,1.04785,0,0,2.63889,2.5,2.5,758,970,318.203,970,976.836,18.5391,93.8672,93.7031,17.7891,17.3203,754.861,54,1.352,0.890668,2.032,96.75,0,0,-0.75,0.859375,0,-1.5,-1.5,-1.5
33.069,0,0,0,0,0.89972,0.99997,1.08325,0,1,1,1,0,0.952882,1.04395,0,0,2.63889,2.36111,2.55556,760.5,970,317.344,970,976.836,18.4688,93.8672,93.7031,18,17.2969,753.846,54,1.368,0.880001,2.048,96.75,0,0,-0.75,1.01563,0,-2.25,-2.25,-2.25
33.103,0,0,0,0,0.901734,0.99997,1.08533,0,1,1,1,0,0.952882,1.04199,0,0,2.63889,2.36111,2.55556,760.5,970,317.344,970,976.836,18.4688,93.6563,93.7031,18,17.2266,753.846,53.25,1.368,0.890668,2.048,96.75,0,0,-0.75,1.10938,0,-2.25,-2.25,-2.25
33.136,0,0,0,0,0.905213,0.99997,1.08746,0,1,1,1,0,0.952882,1.03784,0,0,2.61111,2.33334,2.5,759,970,315.898,970,976.836,18.375,93.6563,93.7031,17.5547,17.1563,753.846,53.25,1.36,0.880001,2.04,96.75,0,0,-0.75,1.17188,0,-2.25,-2.25,-2.25
33.169,0,0,0,0,0.907471,0.99997,1.08948,0,1,1,1,0,0.952882,1.03589,0,0,2.61111,2.36111,2.52778,756,970,314.883,970,976.836,18.2813,93.6563,93.7031,17.7422,17.1563,753.846,53.25,1.352,0.880001,2.032,96.75,0,0,-0.75,1.15625,0,-0.75,-0.75,-0.75
33.203,0,0,0,0,0.909791,0.99997,1.08988,0,1,1,1,0,0.952882,1.03003,0,0,2.61111,2.38889,2.52778,756.75,970,313.906,970,976.836,18.2109,93.6563,93.7031,17.6719,17.1797,753.846,53.25,1.352,0.880001,2.032,96.75,0,0,-0.75,1.15625,0,-0.75,-0.75,-0.75
33.236,0,0,0,0,0.912171,0.99997,1.09207,0,1,1,1,0,0.952882,1.02661,0,0,2.61111,2.38889,2.5,758.25,970,312.617,970,976.836,18.1172,93.6563,93.7031,17.4141,17.1328,753.846,53.25,1.34,0.872001,2.02,96.75,0,0,-0.75,1.51563,0,-0.75,-0.75,-0.75
33.269,0,0,0,0,0.913697,0.99997,1.09247,0,1,1,1,0,0.952882,1.02149,0,0,2.55556,2.38889,2.44445,755.5,970,310.938,970,976.836,18,93.6563,93.7031,17.0625,17.0859,752.85,53.25,1.332,0.866668,2.012,96.75,0,0,-0.75,1.625,0,-0.75,-0.75,-0.75
33.303,0,0,0,0,0.914796,0.99997,1.09424,0,1,1,1,0,0.952882,1.02002,0,0,2.55556,2.38889,2.44445,755.5,970,310.938,970,976.836,18,93.6563,93.7031,17.0625,17.1094,752.85,53.25,1.332,0.866668,2.012,96.75,0,0,-0.75,1.21875,0,-0.75,-0.75,-0.75
33.336,0,0,0,0,0.916505,0.99997,1.0943,0,1,1,1,0,0.952882,1.01319,0,0,2.55556,2.38889,2.52778,753.5,970,310.352,970,976.836,17.9531,93.6563,93.7031,17.6484,17.1328,752.85,53.25,1.348,0.874668,2.028,96.75,0,0,-0.75,0.921875,0,0,0,0
33.369,0,0,0,0,0.917664,0.99997,1.09503,0,1,1,1,0,0.952882,1.01001,0,0,2.55556,2.38889,2.38889,757.25,970,308.164,970,976.836,17.8125,93.6563,93.7031,16.5703,17.1328,752.85,53.25,1.316,0.856001,1.996,96.75,0,0,-0.75,1,0,0,0,0
33.403,0,0,0,0,0.917786,0.99997,1.09488,0,1,1,1,0,0.952882,1.00488,0,0,2.55556,2.38889,2.44445,759.5,970,306.719,970,976.836,17.6953,93.6563,93.7031,16.8984,17.0156,752.85,53.25,1.32,0.856001,2,96.75,0,0,-0.75,1,0,-0.75,-0.75,-0.75
33.436,0,0,0,0,0.918763,0.99997,1.09668,0,1,1,1,0,0.952882,1.00366,0,0,2.5,2.38889,2.52778,757.5,970,306.406,970,976.836,17.6719,93.6563,93.7031,17.5078,16.9219,752.85,53.25,1.332,0.864001,2.02,96.75,0,0,-0.75,1.07813,0,0,0,0
33.469,0,0,0,0,0.920472,0.99997,1.09793,0,1,1,1,0,0.952882,1.00366,0,0,2.5,2.41667,2.52778,755.25,970,306.25,970,976.836,17.6719,93.6563,93.7031,17.5781,16.9453,751.834,53.25,1.332,0.864001,2.02,96.75,0,0,-0.75,1.03125,0,0.75,0.75,0.75
33.503,0,0,0,0,0.921876,0.99997,1.09891,0,1,1,1,0,0.952882,1.00366,0,0,2.5,2.41667,2.52778,755.25,970,306.25,970,976.836,17.6719,93.6797,93.7031,17.5781,16.9688,751.834,53.25,1.332,0.864001,2.02,96.75,0,0,-0.75,1.10938,0,0.75,0.75,0.75
33.536,0,0,0,0,0.921998,0.99997,1.09976,0,1,1,1,0,0.952882,1.00366,0,0,2.5,2.41667,2.38889,755,970,304.492,970,976.836,17.5313,93.6797,93.7031,16.5703,16.9453,751.834,53.25,1.304,0.848001,1.984,96.75,0,0,-0.75,1.14063,0,0.75,0.75,0.75
33.569,0,0,0,0,0.920838,0.99997,1.10022,0,1,1,1,0,0.952882,1.00366,0,0,2.5,2.41667,2.61111,756.5,970,305.352,970,974.18,17.6016,93.6797,93.7031,18.0938,16.9453,751.834,53.25,1.34,0.869334,2.02,96.75,0,0,-0.75,1.59375,0,0.75,0.75,0.75
33.603,0,0,0,0,0.925233,0.99997,1.09515,0,1,1,1,0,0.952882,0.989992,0,0,2.5,2.41667,2.44445,753.5,970,305.352,970,976.836,17.6016,93.6797,93.7031,17.6016,16.8984,751.834,53.25,1.328,0.864001,2.008,96.75,0,0,-0.75,1.59375,0,0.75,0.75,0.75
33.636,0,0,0,0,0.924744,0.99997,1.09451,0,1,1,1,0,0.952882,0.983644,0,0,2.5,2.41667,2.61111,753,970,305.977,970,974.18,17.6484,93.6797,93.7031,18.0234,16.9453,751.834,53.25,1.332,0.864001,2.02,96.75,0,0,-0.75,1.14063,0,1.5,1.5,1.5
33.669,0,0,0,0,0.926575,0.99997,1.0954,0,1,1,1,0,0.952882,0.982423,0,0,2.5,2.41667,2.52778,755.5,970,306.602,970,974.18,17.6953,93.6797,93.7031,18.0469,16.9453,750.779,53.25,1.336,0.866668,2.024,96.75,0,0,-0.75,1.28125,0,0,0,0
33.703,0,0,0,0,0.928651,0.99997,1.09537,0,1,1,1,0,0.952882,0.979982,0,0,2.5,2.41667,2.55556,755.25,970,307.227,970,974.18,17.7422,93.6797,93.7031,18.1172,16.875,750.779,53.25,1.34,0.866668,2.02,96.75,0,0,-0.75,1.0625,0,0.75,0.75,0.75
33.736,0,0,0,0,0.931458,0.99997,1.09592,0,1,1,1,0,0.952882,0.978517,0,0,2.5,2.38889,2.44445,750.75,970,306.563,970,974.18,17.6953,93.6797,93.7031,17.3438,16.8516,750.779,53.25,1.324,0.869334,2.004,96.75,0,0,-0.75,1.25,0,0.75,0.75,0.75
33.769,0,0,0,0,0.932923,0.99997,1.09543,0,1,1,1,0,0.952882,0.976076,0,0,2.5,2.38889,2.44445,750.75,970,306.563,970,974.18,17.6953,93.6797,93.7031,17.3438,16.8281,750.779,53.25,1.324,0.861334,2.004,96.75,0,0,-0.75,0.921875,0,0.75,0.75,0.75
33.803,0,0,0,0,0.934205,0.99997,1.09491,0,1,1,1,0,0.952882,0.973634,0,0,2.5,2.38889,2.5,749.25,970,306.563,970,974.18,17.6953,93.6797,93.7031,17.6953,16.9219,750.779,53.25,1.332,0.864001,2.012,96.75,0,0,-0.75,0.921875,0,0.75,0.75,0.75
33.836,0,0,0,0,0.936463,0.99997,1.09479,0,1,1,1,0,0.952882,0.972414,0,0,2.5,2.38889,2.52778,750.25,970,306.758,970,974.18,17.6953,93.6797,93.7031,17.8359,16.9453,750.779,53.25,1.336,0.866668,2.024,96.75,0,0,-0.75,0.875,0,0.75,0.75,0.75
33.869,0,0,0,0,0.938355,0.99997,1.0939,0,1,1,1,0,0.952882,0.969972,0,0,2.5,2.41667,2.52778,750,970,306.875,970,974.18,17.7188,93.6797,93.7031,17.7891,16.9219,749.783,53.25,1.336,0.866668,2.024,96.75,0,0,-0.75,1,0,0.75,0.75,0.75
33.903,0,0,0,0,0.939881,0.99997,1.09415,0,1,1,1,0,0.952882,0.969972,0,0,2.5,2.41667,2.52778,750,970,306.875,970,974.18,17.7188,93.6797,93.7031,17.25,16.9219,749.783,53.25,1.32,0.866668,2.008,96.75,0,0,-0.75,1.26563,0,0.75,0.75,0.75
33.936,0,0,0,0,0.940797,0.99997,1.09369,0,1,1,1,0,0.952882,0.968507,0,0,2.5,2.41667,2.44445,746.5,970,306.133,970,974.18,17.6484,93.6797,93.7031,17.25,16.9922,749.783,53.25,1.32,0.858668,2.008,96.75,0,0,-0.75,1.40625,0,0,0,0
33.969,0,0,0,0,0.942078,0.99997,1.09271,0,1,1,1,0,0.952882,0.966066,0,0,2.5,2.41667,2.55556,743,970,306.797,970,974.18,17.6953,93.6797,93.7031,18.0938,16.9922,749.783,53.25,1.34,0.869334,2.028,96.75,0,0,-0.75,1.26563,0,2.25,2.25,2.25
34.003,0,0,0,0,0.943421,0.99997,1.09171,0,1,1,1,0,0.952882,0.963625,0,0,2.44445,2.41667,2.47222,741.5,970,306.523,970,974.18,17.6953,93.6797,93.7031,17.5313,17.1094,749.783,53.25,1.324,0.861334,2.012,96.75,0,0,-0.75,1.26563,0,2.25,2.25,2.25
34.036,0,0,0,0,0.94452,0.99997,1.09073,0,1,1,1,0,0.952882,0.961183,0,0,2.44445,2.41667,2.5,741,970,306.523,970,974.18,17.6953,93.6797,93.7031,17.7188,17.1563,749.783,53.25,1.332,0.864001,2.02,96.75,0,0,-0.75,1.39063,0,2.25,2.25,2.25
34.069,0,0,0,0,0.945496,0.99997,1.09024,0,1,1,1,0,0.952882,0.959962,0,0,2.44445,2.41667,2.47222,741.25,970,306.211,970,974.18,17.6719,93.6797,93.7031,17.5078,17.1797,748.728,53.25,1.328,0.861334,2.016,96.75,0,0,-0.75,1.14063,0,3,3,3
34.103,0,0,0,0,0.94629,0.99997,1.0903,0,1,1,1,0,0.952882,0.959962,0,0,2.44445,2.41667,2.47222,741.25,970,306.211,970,974.18,17.6719,93.6797,93.7031,17.5078,17.2031,748.728,53.25,1.328,0.861334,2.016,96.75,0,0,-0.75,1.0625,0,3,3,3
34.136,0,0,0,0,0.947999,0.99997,1.0903,0,1,1,1,0,0.952882,0.959962,0,0,2.5,2.41667,2.58334,741.75,970,307.148,970,974.18,17.7188,93.6797,93.7031,18.2813,17.2031,748.728,53.25,1.34,0.869334,2.028,96.75,0,0,-0.75,0.78125,0,2.25,2.25,2.25
34.169,0,0,0,0,0.949342,0.99997,1.08859,0,1,1,1,0,0.952882,0.956056,0,0,2.44445,2.44445,2.44445,742.75,970,306.406,970,974.18,17.6719,93.6797,93.7031,17.25,17.2031,748.728,53.25,1.316,0.856001,2.004,96.75,0,0,-0.75,1.01563,0,2.25,2.25,2.25
34.203,0,0,0,0,0.949403,0.99997,1.08753,0,1,1,1,0,0.952882,0.953615,0,0,2.5,2.44445,2.52778,743.75,970,306.602,970,974.18,17.6953,93.6797,93.7031,17.8125,17.2031,748.728,53.25,1.328,0.861334,2.016,96.75,0,0,-0.75,1.01563,0,1.5,1.5,1.5
34.236,0,0,0,0,0.950684,0.99997,1.08646,0,1,1,1,0,0.952882,0.951173,0,0,2.5,2.44445,2.52778,743,970,306.797,970,974.18,17.6953,93.6797,93.7031,17.8359,17.1797,748.728,53.25,1.328,0.861334,2.008,96.75,0,0,-0.75,1.20313,0,1.5,1.5,1.5
34.269,0,0,0,0,0.9516,0.99997,1.08691,0,1,1,1,0,0.952882,0.952394,0,0,2.44445,2.44445,2.44445,743.5,970,306.055,970,974.18,17.6484,93.6797,93.7031,17.2266,17.2031,747.732,53.25,1.316,0.853334,1.996,96.75,0,0,-0.75,1.0625,0,2.25,2.25,2.25
34.303,0,0,0,0,0.951966,0.99997,1.08676,0,1,1,1,0,0.952882,0.952394,0,0,2.44445,2.44445,2.44445,743.5,970,306.055,970,974.18,17.6484,93.6797,93.7031,17.2266,17.2031,747.732,53.25,1.316,0.853334,1.996,96.75,0,0,-0.75,1.14063,0,2.25,2.25,2.25
34.336,0,0,0,0,0.953248,0.99997,1.08609,0,1,1,1,0,0.952882,0.951173,0,0,2.5,2.44445,2.61111,742.5,970,307.305,970,974.18,17.7422,93.6797,93.7031,18.4453,17.25,747.732,53.25,1.34,0.869334,2.02,96.75,0,0,-0.75,1.29688,0,2.25,2.25,2.25
34.369,0,0,0,0,0.954346,0.99997,1.08481,0,1,1,1,0,0.952882,0.948488,0,0,2.44445,2.44445,2.41667,743.25,970,306.172,970,974.18,17.6484,93.6797,93.7031,17.0391,17.25,747.732,53.25,1.3,0.845334,1.98,96.75,0,0,-0.75,1.5625,0,2.25,2.25,2.25
34.403,0,0,0,0,0.954041,0.99997,1.08362,0,1,1,1,0,0.952882,0.946046,0,0,2.44445,2.44445,2.44445,742.25,970,305.508,970,974.18,17.6016,93.6797,93.7031,17.25,17.25,747.732,53.25,1.308,0.848001,1.988,96.75,0,0,-0.75,1.5625,0,3,3,3
34.436,0,0,0,0,0.954041,0.99997,1.08341,0,1,1,1,0,0.952882,0.946046,0,0,2.44445,2.44445,2.61111,744.5,970,306.719,970,974.18,17.6953,93.6797,93.7031,18.375,17.2969,747.732,53.25,1.336,0.848001,2.016,96.75,0,0,-0.75,1.32813,0,3,3,3
34.469,0,0,0,0,0.955872,0.99997,1.08377,0,1,1,1,0,0.952882,0.947267,0,0,2.5,2.44445,2.5,745.5,970,306.484,970,974.18,17.6719,93.6797,93.7031,17.5547,17.2969,746.697,53.25,1.316,0.866668,1.996,96.75,0,0,-0.75,0.984375,0,2.25,2.25,2.25
34.503,0,0,0,0,0.954285,0.99997,1.08359,0,1,1,1,0,0.952882,0.947267,0,0,2.5,2.44445,2.5,745.5,970,306.484,970,971.523,17.6719,93.6797,93.7031,17.5547,17.2734,746.697,53.25,1.316,0.856001,1.996,96.75,0,0,-0.75,0.8125,0,2.25,2.25,2.25
34.536,0,0,0,0,0.958436,0.99997,1.0827,0,1,1,1,0,0.952882,0.946046,0,0,2.5,2.44445,2.5,746,970,307.227,970,974.18,17.7422,93.8906,93.7031,18.1641,17.2734,746.697,53.25,1.332,0.864001,2.012,96.75,0,0,-0.75,1.09375,0,1.5,1.5,1.5
34.569,0,0,0,0,0.956788,0.99997,1.08139,0,1,1,1,0,0.952882,0.943605,0,0,2.5,2.47222,2.47222,742.75,970,306.523,970,971.523,17.7188,93.8906,93.7031,17.2969,17.25,746.697,53.25,1.32,0.856001,2,96.75,0,0,-0.75,0.765625,0,2.25,2.25,2.25
34.603,0,0,0,0,0.959107,0.99997,1.08106,0,1,1,1,0,0.952882,0.943605,0,0,2.5,2.44445,2.52778,742.75,970,307.461,970,974.141,17.7891,93.6797,93.7031,18.3281,17.3203,746.697,53.25,1.336,0.856001,2.016,96.75,0,0,-0.75,0.765625,0,2.25,2.25,2.25
34.636,0,0,0,0,0.958863,0.99997,1.08057,0,1,1,1,0,0.952882,0.943605,0,0,2.5,2.47222,2.47222,744,970,306.484,970,971.523,17.7188,93.6797,93.7031,17.1797,17.3438,746.697,53.25,1.308,0.866668,1.996,96.75,0,0,-0.75,1.09375,0,2.25,2.25,2.25
34.669,0,0,0,0,0.958558,0.99997,1.08069,0,1,1,1,0,0.952882,0.944826,0,0,2.5,2.47222,2.5,746,970,306.914,970,971.523,17.7422,93.6797,93.7031,18,17.3438,745.642,53.25,1.328,0.850668,2.016,96.75,0,0,-0.75,1.125,0,2.25,2.25,2.25
34.703,0,0,0,0,0.959046,0.99997,1.08035,0,1,1,1,0,0.952882,0.944826,0,0,2.5,2.47222,2.5,746,970,306.914,970,971.523,17.7422,93.6797,93.7031,18,17.3438,745.642,53.25,1.328,0.861334,2.016,96.75,0,0,-0.75,1.64063,0,2.25,2.25,2.25
34.736,0,0,0,0,0.960511,0.99997,1.0799,0,1,1,1,0,0.952882,0.944826,0,0,2.5,2.47222,2.52778,745,970,307.5,970,971.523,17.7891,93.6797,93.7031,18.1172,17.3203,745.642,53.25,1.332,0.864001,2.012,96.75,0,0,-0.75,1.4375,0,2.25,2.25,2.25
34.769,0,0,0,0,0.96161,0.99997,1.07898,0,1,1,1,0,0.952882,0.943605,0,0,2.5,2.47222,2.5,744.5,970,307.539,970,971.523,17.7891,93.6797,93.7031,17.8359,17.3438,745.642,53.25,1.324,0.858668,2.004,96.75,0,0,-0.75,1.4375,0,2.25,2.25,2.25
34.803,0,0,0,0,0.962281,0.99997,1.07806,0,1,1,1,0,0.952882,0.942384,0,0,2.5,2.47222,2.47222,744.75,970,307.188,970,971.523,17.7656,93.6797,93.7031,17.5781,17.3672,745.642,52.5,1.32,0.858668,2,96.75,0,0,-0.75,1.34375,0,2.25,2.25,2.25
34.836,0,0,0,0,0.962769,0.99997,1.07764,0,1,1,1,0,0.952882,0.942384,0,0,2.5,2.47222,2.58334,743.5,970,308.086,970,971.523,17.8359,93.6797,93.7031,18.3516,17.3672,745.642,52.5,1.336,0.856001,2.024,96.75,0,0,-0.75,1.04688,0,2.25,2.25,2.25
34.869,0,0,0,0,0.964173,0.99997,1.0784,0,1,1,1,0,0.952882,0.944826,0,0,2.5,2.47222,2.5,740,970,308.047,970,971.523,17.8359,93.6797,93.7031,17.8125,17.3672,744.646,52.5,1.324,0.866668,2.012,96.75,0,0,-0.75,1.1875,0,3,3,3
34.903,0,0,0,0,0.964967,0.99997,1.07813,0,1,1,1,0,0.952882,0.944826,0,0,2.5,2.47222,2.5,740,970,308.047,970,971.523,17.8359,93.6797,93.7031,17.8125,17.4375,744.646,53.25,1.324,0.861334,2.012,96.75,0,0,-0.75,0.9375,0,3,3,3
34.936,0,0,0,0,0.966248,0.99997,1.07776,0,1,1,1,0,0.952882,0.944826,0,0,2.5,2.47222,2.58334,739.25,970,308.906,970,971.523,17.9063,93.6797,93.7031,18.3984,17.5313,744.646,53.25,1.34,0.869334,2.02,96.75,0,0,-0.75,0.65625,0,3,3,3
34.969,0,0,0,0,0.967164,0.99997,1.07642,0,1,1,1,0,0.952882,0.942384,0,0,2.5,2.47222,2.44445,742,970,307.969,970,971.523,17.8359,93.6797,93.7031,17.3203,17.5313,744.646,53.25,1.312,0.853334,1.992,96.75,0,0,-0.75,0.65625,0,3,3,3
35.003,0,0,0,0,0.96692,0.99997,1.07608,0,1,1,1,0,0.952882,0.942384,0,0,2.5,2.47222,2.61111,743.75,970,308.906,970,971.523,17.9063,93.6797,93.7031,18.4453,17.5078,744.646,52.5,1.336,0.853334,2.016,96.75,0,0,-0.75,0.984375,0,2.25,2.25,2.25
35.036,0,0,0,0,0.969117,0.99997,1.07568,0,1,1,1,0,0.952882,0.942384,0,0,2.5,2.5,2.44445,743,970,307.891,970,971.523,17.8125,93.6797,93.7031,17.2734,17.4844,744.646,52.5,1.312,0.866668,2,96.75,0,0,-0.75,1.125,0,2.25,2.25,2.25
35.069,0,0,0,0,0.968507,0.99997,1.07654,0,1,1,1,0,0.952882,0.944826,0,0,2.5,2.5,2.44445,743,970,307.891,970,971.523,17.8125,93.6797,93.7031,17.2734,17.4844,743.611,52.5,1.312,0.853334,2,96.75,0,0,-0.75,1.34375,0,2.25,2.25,2.25
35.103,0,0,0,0,0.968751,0.99997,1.07578,0,1,1,1,0,0.952882,0.943605,0,0,2.5,2.5,2.55556,742.75,970,308.242,970,971.523,17.8594,93.6797,93.7031,18.0469,17.5313,743.611,52.5,1.328,0.861334,2.016,96.75,0,0,-0.75,1.35938,0,3,3,3
35.136,0,0,0,0,0.968812,0.99997,1.07547,0,1,1,1,0,0.952882,0.943605,0,0,2.5,2.5,2.44445,744.75,970,307.188,970,971.523,17.7656,93.6797,93.7031,17.2031,17.5313,743.611,52.5,1.308,0.848001,1.996,96.75,0,0,-0.75,1.4375,0,3,3,3
35.169,0,0,0,0,0.968629,0.99997,1.07477,0,1,1,1,0,0.952882,0.942384,0,0,2.5,2.5,2.55556,744.75,970,307.5,970,971.523,17.7891,93.6797,93.7031,17.9766,17.5078,743.611,52.5,1.324,0.858668,2.012,96.75,0,0,-0.75,1.4375,0,3,3,3
35.203,0,0,0,0,0.969239,0.99997,1.07449,0,1,1,1,0,0.952882,0.942384,0,0,2.5,2.5,2.52778,740.25,970,307.656,970,971.523,17.8125,93.6797,93.7031,17.9063,17.5313,743.611,52.5,1.324,0.858668,2.012,96.75,0,0,-0.75,1.45313,0,4.5,4.5,4.5
35.236,0,0,0,0,0.969849,0.99997,1.07428,0,1,1,1,0,0.952882,0.942384,0,0,2.5,2.5,2.47222,739.25,970,307.188,970,971.523,17.7656,93.6797,93.7031,17.5313,17.6484,743.611,52.5,1.308,0.858668,1.996,96.75,0,0,-0.75,1.20313,0,3.75,3.75,3.75
35.269,0,0,0,0,0.969727,0.99997,1.07514,0,1,1,1,0,0.952882,0.944826,0,0,2.5,2.5,2.47222,739.25,970,307.188,970,971.523,17.7656,93.6797,93.7031,17.5313,17.6719,742.615,52.5,1.308,0.848001,1.996,96.75,0,0,-0.75,0.90625,0,3.75,3.75,3.75
35.303,0,0,0,0,0.969788,0.99997,1.07398,0,1,1,1,0,0.952882,0.942384,0,0,2.5,2.5,2.55556,740.75,970,307.695,970,971.523,17.8125,93.6797,93.7031,18.0938,17.6953,742.615,52.5,1.324,0.858668,2.012,96.75,0,0,-0.75,0.84375,0,3.75,3.75,3.75
35.336,0,0,0,0,0.970521,0.99997,1.07373,0,1,1,1,0,0.952882,0.942384,0,0,2.5,2.5,2.5,744.5,970,307.305,970,971.523,17.7891,93.6797,93.7031,17.5781,17.6953,742.615,52.5,1.312,0.850668,2,96.75,0,0,-0.75,1.21875,0,3,3,3
35.369,0,0,0,0,0.970521,0.99997,1.073,0,1,1,1,0,0.952882,0.941164,0,0,2.5,2.5,2.5,743.25,970,307.031,970,971.523,17.7656,93.6797,93.7031,17.625,17.625,742.615,52.5,1.312,0.850668,2,96.75,0,0,-0.75,1.21875,0,3,3,3
35.403,0,0,0,0,0.970521,0.99997,1.07327,0,1,1,1,0,0.952882,0.942384,0,0,2.5,2.5,2.5,742.5,970,306.797,970,971.523,17.7422,93.6797,93.7031,17.625,17.6484,742.615,52.5,1.308,0.850668,1.996,96.75,0,0,-0.75,1.07813,0,3.75,3.75,3.75
35.436,0,0,0,0,0.970521,0.99997,1.07306,0,1,1,1,0,0.952882,0.942384,0,0,2.5,2.5,2.47222,745,970,306.172,970,971.523,17.6953,93.6797,93.7031,17.3672,17.6719,742.615,52.5,1.3,0.848001,1.988,96.75,0,0,-0.75,1.10938,0,3,3,3
35.469,0,0,0,0,0.970277,0.99997,1.0734,0,1,1,1,0,0.952882,0.943605,0,0,2.5,2.5,2.47222,745,970,306.172,970,971.523,17.6953,93.6797,93.7031,17.3672,17.6953,741.58,52.5,1.3,0.842668,1.988,96.75,0,0,-0.75,1.125,0,3,3,3
35.503,0,0,0,0,0.969971,0.99997,1.07266,0,1,1,1,0,0.952882,0.942384,0,0,2.5,2.5,2.47222,749.75,970,305.508,970,971.523,17.6484,93.6797,93.7031,17.2734,17.6484,741.58,52.5,1.3,0.842668,1.988,96.75,0,0,-0.75,1.67188,0,2.25,2.25,2.25
35.536,0,0,0,0,0.969849,0.99997,1.07239,0,1,1,1,0,0.952882,0.942384,0,0,2.5,2.5,2.55556,748.5,970,305.82,970,971.523,17.6719,93.6797,93.7031,17.8594,17.5547,741.58,52.5,1.308,0.848001,1.988,96.75,0,0,-0.75,1.29688,0,2.25,2.25,2.25
35.569,0,0,0,0,0.97046,0.99997,1.07105,0,1,1,1,0,0.952882,0.939943,0,0,2.5,2.5,2.5,745.75,970,305.625,970,971.523,17.6484,93.6797,93.7031,17.5547,17.5781,741.58,52.5,1.304,0.845334,1.984,96.75,0,0,-0.75,1.29688,0,3,3,3
35.603,0,0,0,0,0.97046,0.99997,1.07193,0,1,1,1,0,0.952882,0.942384,0,0,2.5,2.5,2.47222,746.25,970,305.117,970,971.523,17.625,93.6797,93.7031,17.3438,17.6484,741.58,52.5,1.3,0.845334,2.02,96.75,0,0,-0.75,1.21875,0,3,3,3
35.636,0,0,0,0,0.970155,0.99997,1.07117,0,1,1,1,0,0.952882,0.941164,0,0,2.5,2.5,2.55556,744.5,970,305.664,970,971.523,17.6719,93.6797,93.7031,17.9766,17.625,741.58,52.5,1.308,0.842668,2.028,96.75,0,0,-0.75,1,0,3.75,3.75,3.75
35.669,0,0,0,0,0.97046,0.99997,1.07205,0,1,1,1,0,0.952882,0.943605,0,0,2.5,2.5,2.55556,744.5,970,305.664,970,971.523,17.6719,93.6797,93.7031,17.9766,17.6484,740.564,52.5,1.308,0.848001,2.028,96.75,0,0,-0.75,1.15625,0,3.75,3.75,3.75
35.703,0,0,0,0,0.970826,0.99997,1.07129,0,1,1,1,0,0.952882,0.942384,0,0,2.5,2.5,2.5,744,970,305.508,970,971.523,17.6484,93.6797,93.7031,17.5781,17.6953,740.564,52.5,1.3,0.842668,2.02,96.75,0,0,-0.75,0.96875,0,3,3,3
35.736,0,0,0,0,0.970826,0.99997,1.07037,0,1,1,1,0,0.952882,0.941164,0,0,2.5,2.5,2.5,745.5,970,305.352,970,971.523,17.6484,93.6797,93.7031,17.5547,17.7188,740.564,52.5,1.3,0.842668,1.98,96.75,0,0,-0.75,0.828125,0,3.75,3.75,3.75
35.769,0,0,0,0,0.970826,0.99997,1.07007,0,1,1,1,0,0.952882,0.941164,0,0,2.5,2.5,2.52778,748.25,970,305.391,970,971.523,17.6484,93.6797,93.7031,17.6953,17.6953,740.564,52.5,1.3,0.842668,1.98,96.75,0,0,-0.75,0.828125,0,2.25,2.25,2.25
35.803,0,0,0,0,0.971192,0.99997,1.0708,0,1,1,1,0,0.952882,0.943605,0,0,2.5,2.5,2.5,750.25,970,305.039,970,971.523,17.625,93.6797,93.7031,17.4375,17.625,740.564,52.5,1.3,0.842668,1.996,96.75,0,0,-0.75,1.09375,0,2.25,2.25,2.25
35.836,0,0,0,0,0.971253,0.99997,1.07089,0,1,1,1,0,0.952882,0.944826,0,0,2.5,2.5,2.52778,749.75,970,305.039,970,971.523,17.625,93.6797,93.7031,17.6484,17.5781,740.564,52.5,1.3,0.842668,1.996,96.75,0,0,-0.75,1.40625,0,3.75,3.75,3.75
35.869,0,0,0,0,0.971497,0.99997,1.07105,0,1,1,1,0,0.952882,0.946046,0,0,2.5,2.5,2.52778,749.75,970,305.039,970,971.523,17.625,93.6797,93.7031,17.6484,17.5781,739.549,52.5,1.3,0.842668,1.996,96.75,0,0,-0.75,1.51563,0,3.75,3.75,3.75
35.903,0,0,0,0,0.971436,0.99997,1.07062,0,1,1,1,0,0.952882,0.946046,0,0,2.5,2.5,2.44445,751,970,304.102,970,971.523,17.5547,93.6797,93.7031,17.0391,17.5781,739.549,52.5,1.284,0.832001,1.98,96.75,0,0,-0.75,1.14063,0,3.75,3.75,3.75
35.936,0,0,0,0,0.968384,0.99997,1.0701,0,1,1,1,0,0.952882,0.946046,0,0,2.5,2.5,2.55556,752,970,304.453,970,968.906,17.5781,93.6797,93.7031,17.7891,17.5547,739.549,52.5,1.308,0.845334,1.988,96.75,0,0,-0.75,1.28125,0,3,3,3
35.969,0,0,0,0,0.968995,0.99997,1.06976,0,1,1,1,0,0.952882,0.946046,0,0,2.5,2.5,2.47222,752,970,304.805,970,968.906,17.6016,93.6797,93.7031,17.8125,17.5313,739.549,52.5,1.304,0.845334,1.984,96.75,0,0,-0.75,1.28125,0,3,3,3
36.003,0,0,0,0,0.969727,0.99997,1.07001,0,1,1,1,0,0.952882,0.947267,0,0,2.5,2.5,2.55556,748,970,305.977,970,968.906,17.6953,93.6797,93.7031,18.3516,17.5078,739.549,52.5,1.316,0.845334,2.012,96.75,0,0,-0.75,1.21875,0,3,3,3
36.036,0,0,0,0,0.971314,0.99997,1.07016,0,1,1,1,0,0.952882,0.948488,0,0,2.5,2.5,2.47222,746.75,970,305.977,970,968.906,17.6953,93.6797,93.7031,17.6953,17.5781,739.549,52.5,1.308,0.853334,2.004,96.75,0,0,-0.75,1.14063,0,3,3,3
36.069,0,0,0,0,0.971802,0.99997,1.07007,0,1,1,1,0,0.952882,0.948488,0,0,2.5,2.5,2.47222,746.75,970,305.977,970,968.906,17.6953,93.6797,93.7031,17.6953,17.5781,738.553,52.5,1.308,0.848001,2.004,96.75,0,0,-0.75,0.8125,0,3,3,3
36.103,0,0,0,0,0.97223,0.99997,1.06891,0,1,1,1,0,0.952882,0.946046,0,0,2.5,2.5,2.52778,748.25,970,306.406,970,968.906,17.7188,93.6797,93.7031,17.9766,17.625,738.553,52.5,1.312,0.850668,2.008,96.75,0,0,-0.75,0.921875,0,3,3,3
36.136,0,0,0,0,0.973267,0.99997,1.06888,0,1,1,1,0,0.952882,0.946046,0,0,2.5,2.5,2.55556,751.25,970,306.875,970,968.906,17.7422,93.6797,93.7031,18.0234,17.5781,738.553,52.5,1.316,0.853334,2.004,96.75,0,0,-0.75,1.3125,0,2.25,2.25,2.25
36.169,0,0,0,0,0.974183,0.99997,1.06879,0,1,1,1,0,0.952882,0.946046,0,0,2.5,2.5,2.47222,747.75,970,306.406,970,968.906,17.7188,93.6797,93.7031,17.4609,17.5078,738.553,52.5,1.304,0.845334,1.992,96.75,0,0,-0.75,1.3125,0,2.25,2.25,2.25
36.203,0,0,0,0,0.974122,0.99997,1.06979,0,1,1,1,0,0.952882,0.948488,0,0,2.5,2.5,2.5,745.25,970,306.367,970,968.906,17.7188,93.6797,93.7031,17.6953,17.5781,738.553,52.5,1.308,0.845334,2.012,96.75,0,0,-0.75,1.07813,0,3,3,3
36.236,0,0,0,0,0.974366,0.99997,1.06925,0,1,1,1,0,0.952882,0.947267,0,0,2.5,2.5,2.47222,745.25,970,305.938,970,968.906,17.6719,93.6797,93.7031,17.4609,17.6484,738.553,52.5,1.304,0.848001,2.008,96.75,0,0,-0.75,1.3125,0,3,3,3
36.269,0,0,0,0,0.974305,0.99997,1.06931,0,1,1,1,0,0.952882,0.947267,0,0,2.5,2.5,2.47222,745.25,970,305.938,970,968.906,17.6719,93.6797,93.7031,17.4609,17.6484,737.537,52.5,1.304,0.845334,2.008,96.75,0,0,-0.75,1.39063,0,3,3,3
36.303,0,0,0,0,0.974244,0.99997,1.06876,0,1,1,1,0,0.952882,0.946046,0,0,2.5,2.5,2.5,745,970,305.859,970,968.906,17.6719,93.6797,93.7031,17.625,17.6719,737.537,52.5,1.304,0.845334,2.008,96.75,0,0,-0.75,1.39063,0,3,3,3
36.336,0,0,0,0,0.974183,0.99997,1.06876,0,1,1,1,0,0.952882,0.946046,0,0,2.44445,2.5,2.44445,743.25,970,305.234,970,968.906,17.625,93.6797,93.7031,17.2969,17.6953,737.537,52.5,1.296,0.840001,1.976,96.75,0,0,-0.75,1.5,0,4.5,4.5,4.5
36.369,0,0,0,0,0.973695,0.99997,1.06854,0,1,1,1,0,0.952882,0.946046,0,0,2.5,2.5,2.52778,744.25,970,305.547,970,968.906,17.6484,93.6797,93.7031,17.8359,17.7422,737.537,52.5,1.308,0.848001,1.988,96.75,0,0,-0.75,1.01563,0,4.5,4.5,4.5
36.403,0,0,0,0,0.974061,0.99997,1.069,0,1,1,1,0,0.952882,0.947267,0,0,2.5,2.5,2.58334,747.75,970,306.25,970,968.906,17.6953,93.6797,93.7031,18.1172,17.7188,737.537,52.5,1.312,0.848001,1.992,96.75,0,0,-0.75,0.875,0,2.25,2.25,2.25
36.436,0,0,0,0,0.975159,0.99997,1.06897,0,1,1,1,0,0.952882,0.947267,0,0,2.5,2.5,2.5,747.75,970,305.977,970,968.906,17.6953,93.6797,93.7031,17.5313,17.6484,737.537,52.5,1.304,0.850668,1.984,96.75,0,0,-0.75,0.78125,0,3,3,3
36.469,0,0,0,0,0.975465,0.99997,1.0694,0,1,1,1,0,0.952882,0.948488,0,0,2.5,2.5,2.5,747.75,970,305.977,970,968.906,17.6953,93.6797,93.7031,17.5313,17.6484,736.56,52.5,1.304,0.845334,1.984,96.75,0,0,-0.75,1.1875,0,3,3,3
36.503,0,0,0,0,0.975526,0.99997,1.06873,0,1,1,1,0,0.952882,0.947267,0,0,2.5,2.5,2.5,745.25,970,305.781,970,968.906,17.6719,93.6797,93.7031,17.5781,17.6484,736.56,52.5,1.304,0.845334,1.984,96.75,0,0,-0.75,1.1875,0,3,3,3
36.536,0,0,0,0,0.97577,0.99997,1.06805,0,1,1,1,0,0.952882,0.946046,0,0,2.5,2.5,2.55556,745.75,970,306.211,970,968.906,17.6953,93.6797,93.7031,17.9531,17.7188,736.56,52.5,1.308,0.848001,1.988,96.75,0,0,-0.75,0.984375,0,3.75,3.75,3.75
36.569,0,0,0,0,0.976441,0.99997,1.06796,0,1,1,1,0,0.952882,0.946046,0,0,2.5,2.5,2.5,748.5,970,305.898,970,968.906,17.6719,93.6797,93.7031,17.5078,17.7188,736.56,52.5,1.3,0.842668,1.98,96.75,0,0,-0.75,1.03125,0,2.25,2.25,2.25
36.603,0,0,0,0,0.976502,0.99997,1.06842,0,1,1,1,0,0.952882,0.947267,0,0,2.5,2.5,2.5,749,970,305.625,970,968.906,17.6484,93.6797,93.7031,17.5078,17.6719,736.56,52.5,1.3,0.842668,1.98,96.75,0,0,-0.75,1.1875,0,3,3,3
36.636,0,0,0,0,0.976563,0.99997,1.06827,0,1,1,1,0,0.952882,0.947267,0,0,2.5,2.5,2.55556,746,970,306.094,970,968.906,17.6953,93.6797,93.7031,17.9531,17.6484,736.56,52.5,1.308,0.842668,1.988,96.75,0,0,-0.75,1.65625,0,3,3,3
36.669,0,0,0,0,0.976868,0.99997,1.06818,0,1,1,1,0,0.952882,0.947267,0,0,2.5,2.5,2.55556,746,970,306.094,970,968.906,17.6953,93.6797,93.7031,17.9531,17.6484,735.545,52.5,1.308,0.848001,1.988,96.75,0,0,-0.75,1.40625,0,3,3,3
36.703,0,0,0,0,0.977235,0.99997,1.06702,0,1,1,1,0,0.952882,0.944826,0,0,2.5,2.5,2.47222,746.25,970,305.508,970,968.906,17.6484,93.6797,93.7031,17.3438,17.7188,735.545,52.5,1.3,0.842668,1.98,96.75,0,0,-0.75,1.40625,0,3,3,3
36.736,0,0,0,0,0.976807,0.99997,1.0669,0,1,1,1,0,0.952882,0.944826,0,0,2.5,2.5,2.47222,748.75,970,304.922,970,968.906,17.6016,93.6797,93.7031,17.2969,17.7188,735.545,52.5,1.296,0.840001,1.984,96.75,0,0,-0.75,1.20313,0,3.75,3.75,3.75
36.769,0,0,0,0,0.976563,0.99997,1.0668,0,1,1,1,0,0.952882,0.944826,0,0,2.5,2.5,2.61111,751.25,970,305.859,970,968.906,17.6719,93.6797,93.7031,18.2109,17.6719,735.545,52.5,1.308,0.848001,1.996,96.75,0,0,-0.75,1.17188,0,3,3,3
36.803,0,0,0,0,0.977723,0.99997,1.06775,0,1,1,1,0,0.952882,0.947267,0,0,2.5,2.5,2.47222,747.75,970,305.234,970,968.906,17.625,93.6797,93.7031,17.2969,17.6016,735.545,52.5,1.296,0.848001,1.984,96.75,0,0,-0.75,1.10938,0,3,3,3
36.836,0,0,0,0,0.977784,0.99997,1.06757,0,1,1,1,0,0.952882,0.947267,0,0,2.5,2.5,2.52778,747,970,305.352,970,968.906,17.6484,93.6797,93.7031,17.7188,17.6719,735.545,52.5,1.3,0.840001,1.988,96.75,0,0,-0.75,1,0,3,3,3
36.869,0,0,0,0,0.977906,0.99997,1.06751,0,1,1,1,0,0.952882,0.947267,0,0,2.5,2.5,2.52778,747,970,305.352,970,968.906,17.6484,93.6797,93.7031,17.7188,17.6719,734.568,52.5,1.3,0.842668,1.988,96.75,0,0,-0.75,0.65625,0,3,3,3
36.903,0,0,0,0,0.978272,0.99997,1.06635,0,1,1,1,0,0.952882,0.944826,0,0,2.5,2.5,2.55556,747.75,970,305.703,970,968.906,17.6719,93.6797,93.7031,17.8828,17.6953,734.568,52.5,1.308,0.848001,1.996,96.75,0,0,-0.75,0.65625,0,2.25,2.25,2.25
36.936,0,0,0,0,0.978822,0.99997,1.06613,0,1,1,1,0,0.952882,0.944826,0,0,2.5,2.52778,2.5,749,970,305.391,970,968.906,17.6484,93.6797,93.7031,17.4844,17.6719,734.568,52.5,1.3,0.842668,1.98,96.75,0,0,-0.75,1.14063,0,2.25,2.25,2.25
36.969,0,0,0,0,0.978455,0.99997,1.06644,0,1,1,1,0,0.952882,0.946046,0,0,2.5,2.52778,2.5,747,970,305.156,970,968.906,17.625,93.6797,93.7031,17.5078,17.6484,734.568,52.5,1.3,0.842668,1.98,96.75,0,0,-0.75,1.3125,0,3,3,3
37.003,0,0,0,0,0.978089,0.99997,1.06677,0,1,1,1,0,0.952882,0.947267,0,0,2.5,2.5,2.5,746.75,970,305,970,968.906,17.6016,93.6797,93.7031,17.5313,17.6953,734.568,52.5,1.3,0.842668,1.98,96.75,0,0,-0.75,1.42188,0,3.75,3.75,3.75
37.036,0,0,0,0,0.978028,0.99997,1.06699,0,1,1,1,0,0.952882,0.948488,0,0,2.5,2.5,2.5,747.75,970,304.844,970,968.906,17.6016,93.6797,93.7031,17.5078,17.6953,734.568,52.5,1.3,0.842668,1.98,96.75,0,0,-0.75,1.3125,0,3.75,3.75,3.75
37.069,0,0,0,0,0.978028,0.99997,1.0668,0,1,1,1,0,0.952882,0.948488,0,0,2.5,2.5,2.5,747.75,970,304.844,970,968.906,17.6016,93.6797,93.7031,17.5078,17.6953,733.572,52.5,1.3,0.842668,1.98,96.75,0,0,-0.75,1.39063,0,3.75,3.75,3.75
37.103,0,0,0,0,0.978089,0.99997,1.06604,0,1,1,1,0,0.952882,0.947267,0,0,2.5,2.5,2.52778,746.25,970,305,970,968.906,17.6016,93.6797,93.7031,17.7188,17.6719,733.572,52.5,1.3,0.842668,1.98,96.75,0,0,-0.75,1.39063,0,3.75,3.75,3.75
37.136,0,0,0,0,0.978394,0.99997,1.06574,0,1,1,1,0,0.952882,0.947267,0,0,2.44445,2.5,2.5,743.75,970,305,970,968.906,17.6016,93.6797,93.7031,17.6016,17.7188,733.572,52.5,1.3,0.842668,1.988,96.75,0,0,-0.75,1.40625,0,5.25,5.25,5.25
37.169,0,0,0,0,0.978394,0.99997,1.06549,0,1,1,1,0,0.952882,0.947267,0,0,2.44445,2.5,2.52778,744.5,970,305.273,970,968.906,17.625,93.6797,93.7031,17.7891,17.7656,733.572,52.5,1.304,0.845334,1.992,96.75,0,0,-0.75,0.90625,0,5.25,5.25,5.25
37.203,0,0,0,0,0.97876,0.99997,1.06653,0,1,1,1,0,0.952882,0.949953,0,0,2.44445,2.52778,2.44445,744.5,970,304.414,970,968.906,17.5781,93.6797,93.7031,17.0859,17.7656,733.572,52.5,1.284,0.845334,1.972,96.75,0,0,-0.75,0.9375,0,3.75,3.75,3.75
37.236,0,0,0,0,0.977906,0.99997,1.0658,0,1,1,1,0,0.952882,0.948488,0,0,2.5,2.5,2.52778,751.25,970,304.453,970,968.906,17.5781,93.6797,93.7031,17.625,17.6953,733.572,52.5,1.296,0.832001,1.984,96.75,0,0,-0.75,0.828125,0,3.75,3.75,3.75
37.269,0,0,0,0,0.977784,0.99997,1.06574,0,1,1,1,0,0.952882,0.948488,0,0,2.5,2.5,2.52778,751.25,970,304.453,970,968.906,17.5781,93.6797,93.7031,17.625,17.6719,732.596,52.5,1.296,0.840001,1.984,96.75,0,0,-0.75,1.23438,0,3.75,3.75,3.75
37.303,0,0,0,0,0.978028,0.99997,1.06509,0,1,1,1,0,0.952882,0.947267,0,0,2.5,2.5,2.52778,748.25,970,304.609,970,968.906,17.5781,93.6797,93.7031,17.6953,17.625,732.596,52.5,1.3,0.842668,1.988,96.75,0,0,-0.75,1.23438,0,3.75,3.75,3.75
37.336,0,0,0,0,0.978333,0.99997,1.06537,0,1,1,1,0,0.952882,0.948488,0,0,2.44445,2.5,2.5,746,970,304.57,970,968.906,17.5781,93.6797,93.7031,17.5547,17.6953,732.596,52.5,1.3,0.842668,1.996,96.75,0,0,-0.75,0.875,0,4.5,4.5,4.5
37.369,0,0,0,0,0.978333,0.99997,1.06519,0,1,1,1,0,0.952882,0.948488,0,0,2.5,2.5,2.52778,747.25,970,304.766,970,968.906,17.6016,93.6797,93.7031,17.7188,17.7422,732.596,52.5,1.3,0.842668,1.996,96.75,0,0,-0.75,1.1875,0,4.5,4.5,4.5
37.403,0,0,0,0,0.978699,0.99997,1.06628,0,1,1,1,0,0.952882,0.951173,0,0,2.5,2.5,2.52778,747.25,970,304.766,970,968.906,17.6016,93.6797,93.7031,17.7188,17.7188,732.596,52.5,1.3,0.842668,1.996,96.75,0,0,-0.75,1.34375,0,4.5,4.5,4.5
37.436,0,0,0,0,0.978822,0.99997,1.06659,0,1,1,1,0,0.952882,0.952394,0,0,2.5,2.52778,2.52778,749,970,304.844,970,968.906,17.6016,93.6797,93.7031,17.6719,17.6719,732.596,52.5,1.296,0.840001,1.984,96.75,0,0,-0.75,1.78125,0,3.75,3.75,3.75
37.469,0,0,0,0,0.978822,0.99997,1.06644,0,1,1,1,0,0.952882,0.952394,0,0,2.5,2.52778,2.52778,748,970,304.961,970,968.906,17.6016,93.6797,93.7031,17.6953,17.6719,731.6,52.5,1.3,0.842668,1.988,96.75,0,0,-0.75,1.25,0,4.5,4.5,4.5
37.503,0,0,0,0,0.978822,0.99997,1.06571,0,1,1,1,0,0.952882,0.951173,0,0,2.5,2.52778,2.52778,748.5,970,305.039,970,968.906,17.625,93.6797,93.7031,17.6719,17.6953,731.6,52.5,1.3,0.842668,1.988,96.75,0,0,-0.75,1.25,0,4.5,4.5,4.5
37.536,0,0,0,0,0.978699,0.99997,1.06601,0,1,1,1,0,0.952882,0.952394,0,0,2.5,2.52778,2.5,753,970,304.648,970,968.906,17.5781,93.6797,93.7031,17.3906,17.6953,731.6,52.5,1.3,0.842668,1.996,96.75,0,0,-0.75,1.0625,0,3,3,3
37.569,0,0,0,0,0.978394,0.99997,1.06625,5,1,1,1,0,0.952882,0.953615,0,0,2.5,2.52778,2.55556,755.25,970,304.844,970,968.906,17.6016,93.6797,93.7031,17.7188,17.5781,731.6,52.5,1.304,0.845334,2,96.75,0,0,-0.75,1.0625,0,2.25,2.25,2.25
37.603,0,0,0,0,0.978699,0.99997,1.06717,5,1,1,1,0,0.952882,0.956056,0,0,2.5,2.52778,2.55556,755.25,970,305.117,970,968.906,17.625,93.6797,93.7031,17.7891,17.5313,731.6,52.5,1.304,0.845334,1.992,96.75,0,0,-0.75,1.0625,0,3,3,3
37.636,0,0,0,0,0.979188,0.99997,1.06699,5,1,1,1,0,0.952882,0.956056,0,0,2.5,2.52778,2.52778,752.5,970,305.039,970,968.906,17.625,93.6797,93.7031,17.5781,18.7266,731.6,52.5,1.3,0.845334,1.988,96.75,0,0,-0.75,1.01563,0,5.25,5.25,5.25
37.669,0,0,0,0,0.97931,0.99997,1.06693,5,1,1,1,0,0.952882,0.956056,0,0,2.5,2.52778,2.52778,752.5,970,305.039,970,968.906,17.625,93.6797,93.7031,17.5781,18.4922,730.623,52.5,1.3,0.842668,1.988,96.75,0,0,-0.75,0.953125,0,5.25,5.25,5.25
37.703,0,0,0,0,0.979188,0.99997,1.06644,5,1,1,1,0,0.952882,0.954835,0,0,2.5,2.52778,2.5,754,970,304.609,970,968.906,17.5781,93.6797,93.7031,17.3672,18.4688,730.623,52.5,1.288,0.834668,1.976,97.5,0,0,-0.75,0.953125,0,5.25,5.25,5.25
37.736,0,0,0,0,0.978883,0.99997,1.06647,5,1,1,1,0,0.952882,0.954835,0,0,2.5,2.52778,2.52778,757.75,970,304.414,970,968.906,17.5781,93.6797,93.7031,17.4609,18.4219,730.623,52.5,1.3,0.842668,1.988,97.5,0,0,-0.75,1.125,0,5.25,5.25,5.25
37.769,0,0,0,0,0.978883,0.99997,1.06656,5,1,1,1,0,0.952882,0.954835,0,0,2.5,2.52778,2.55556,756.75,970,304.531,970,968.906,17.5781,93.6797,93.7031,17.6719,18.3281,730.623,52.5,1.3,0.842668,1.988,97.5,0,0,-0.75,1.34375,0,5.25,5.25,5.25
37.803,0,0,0,0,0.979188,0.99997,1.06766,5,1,1,1,0,0.952882,0.957277,0,0,2.5,2.52778,2.5,757.25,970,304.023,970,968.906,17.5313,93.6797,93.7031,17.2734,18.3281,730.623,52.5,1.288,0.842668,1.968,96.75,0,0,-0.75,1.45313,0,5.25,5.25,5.25
37.836,0,0,0,0,0.978944,0.99997,1.06778,5,1,1,1,0,0.952882,0.957277,0,0,2.5,2.52778,2.55556,761,970,304.063,970,968.906,17.5547,93.6797,93.7031,17.5781,18.5156,730.623,52.5,1.3,0.834668,1.98,96.75,0,0,-0.75,1.25,0,5.25,5.25,5.25
37.869,0,0,0,0,0.979066,0.99997,1.06793,5,1,1,1,0,0.952882,0.957277,0,0,2.5,2.52778,2.55556,761,970,304.063,970,968.906,17.5547,93.6797,93.7031,17.5781,18.4688,729.646,52.5,1.3,0.842668,1.98,96.75,0,0,-0.75,1.39063,0,5.25,5.25,5.25
37.903,0,0,0,0,0.979127,0.99997,1.06757,5,1,1,1,0,0.952882,0.956056,0,0,2.5,2.52778,2.5,763.5,970,303.438,970,968.906,17.5078,93.6797,93.7031,17.1563,18.3516,729.646,52.5,1.296,0.834668,1.976,96.75,0,0,-0.75,1.39063,0,5.25,5.25,5.25
37.936,0,0,0,0,0.978944,0.99997,1.06775,5,1,1,1,0,0.952882,0.956056,0,0,2.5,2.52778,2.55556,762.25,970,303.477,970,968.906,17.5078,93.6797,93.7031,17.5547,18.2813,729.646,52.5,1.312,0.842668,1.992,96.75,0,0,-0.75,1.09375,0,5.25,5.25,5.25
37.969,0,0,0,0,0.97931,0.99997,1.06787,5,1,1,1,0,0.952882,0.956056,0,0,2.5,2.52778,2.5,763.75,970,302.852,970,968.906,17.4609,93.6797,93.7031,17.1328,18.2813,729.646,52.5,1.296,0.834668,1.976,96.75,0,0,-0.75,1.09375,0,4.5,4.5,4.5
38.003,0,0,0,0,0.979005,0.99997,1.0686,5,1,1,1,0,0.952882,0.957277,0,0,2.5,2.52778,2.55556,767,970,302.813,970,968.906,17.4609,93.6797,93.7031,17.4375,18.2109,729.646,52.5,1.296,0.834668,1.984,96.75,0,0,-0.75,1.01563,0,4.5,4.5,4.5
38.036,0,0,0,0,0.979188,0.99997,1.06885,5,1,1,1,0,0.952882,0.957277,0,0,2.5,2.52778,2.52778,768.25,970,302.422,970,968.906,17.4141,93.6797,93.7031,17.2266,18.0938,729.646,52.5,1.292,0.834668,1.98,96.75,0,0,-0.75,0.96875,0,3,3,3
38.069,0,0,0,0,0.97931,0.99997,1.06909,5,1,1,1,0,0.952882,0.957277,0,0,2.5,2.52778,2.52778,768.25,970,302.422,970,968.906,17.4141,93.6797,93.7031,17.2266,18.0469,728.689,52.5,1.292,0.832001,1.98,96.75,0,0,-0.75,1.20313,0,3,3,3
38.103,0,0,0,0,0.979188,0.99997,1.06873,5,1,1,1,0,0.952882,0.956056,0,0,2.5,2.52778,2.5,767,970,301.836,970,968.906,17.3906,93.6797,93.7031,17.0625,18,728.689,52.5,1.288,0.829334,1.976,97.5,0,0,-0.75,1.26563,0,3,3,3
38.136,0,0,0,0,0.978944,0.99997,1.06897,5,1,1,1,0,0.952882,0.956056,0,0,2.5,2.52778,2.55556,767,970,301.875,970,968.906,17.3906,93.6797,93.7031,17.4375,17.9531,728.689,52.5,1.3,0.834668,1.98,97.5,0,0,-0.75,1.40625,0,3.75,3.75,3.75
38.169,0,0,0,0,0.979066,0.99997,1.06805,5,1,1,1,0,0.952882,0.953615,0,0,2.5,2.52778,2.5,768.5,970,301.289,970,968.906,17.3438,93.6797,93.7031,17.0391,17.9297,728.689,52.5,1.284,0.826668,1.964,97.5,0,0,-0.75,1.40625,0,3.75,3.75,3.75
38.203,0,0,0,0,0.97876,0.99997,1.06925,5,1,1,1,0,0.952882,0.956056,0,0,2.5,2.52778,2.52778,771.25,970,300.977,970,968.906,17.3203,93.6797,93.7031,17.1563,17.8359,728.689,52.5,1.288,0.826668,1.968,96.75,0,0,-0.75,1.28125,0,3.75,3.75,3.75
38.236,0,0,0,0,0.978699,0.99997,1.06894,5,1,1,1,0,0.952882,0.954835,0,0,2.5,2.52778,2.58334,770.75,970,301.328,970,968.906,17.3438,93.6797,93.7031,17.5547,17.7422,728.689,52.5,1.3,0.826668,1.988,96.75,0,0,-0.75,1.54688,0,3,3,3
38.269,0,0,0,0,0.979371,0.99997,1.06964,5,1,1,1,0,0.952882,0.956056,0,0,2.5,2.52778,2.55556,770,970,301.367,970,968.906,17.3438,93.6797,93.7031,17.3906,17.7188,727.732,52.5,1.292,0.834668,1.98,96.75,0,0,-0.75,1.125,0,3,3,3
38.303,0,0,0,0,0.979737,0.99997,1.06979,5,1,1,1,0,0.952882,0.956056,0,0,2.5,2.52778,2.55556,770,970,301.367,970,968.906,17.3438,93.6797,93.7031,17.3906,17.6719,727.732,52.5,1.292,0.832001,1.98,96.75,0,0,-0.75,1.04688,0,3,3,3
38.336,0,0,0,0,0.979798,0.99997,1.0694,5,1,1,1,0,0.952882,0.954835,0,0,2.5,2.52778,2.5,770.25,970,300.781,970,968.906,17.2969,93.6797,93.7031,16.9922,17.6484,727.732,52.5,1.284,0.826668,1.964,96.75,0,0,-0.75,1.04688,0,3,3,3
38.369,0,0,0,0,0.979798,0.99997,1.06897,5,1,1,1,0,0.952882,0.953615,0,0,2.5,2.52778,2.58334,771.75,970,301.094,970,968.906,17.3203,93.6797,93.7031,17.5078,17.6016,727.732,52.5,1.296,0.832001,1.976,96.75,0,0,-0.75,1.14063,0,3,3,3
38.403,0,0,0,0,0.980408,0.99997,1.06906,5,1,1,1,0,0.952882,0.953615,0,0,2.5,2.55556,2.5,770,970,300.547,970,968.906,17.2969,93.6797,93.7031,16.9922,17.5078,727.732,51.75,1.284,0.826668,1.964,97.5,0,0,-0.75,1.14063,0,3,3,3
38.436,0,0,0,0,0.976807,0.99997,1.06909,5,1,1,1,0,0.952882,0.953615,0,0,2.5,2.55556,2.52778,768.75,970,300.391,970,966.25,17.2734,93.6797,93.7031,17.2031,17.5078,727.732,51.75,1.288,0.826668,1.968,97.5,0,0,-0.75,1.10938,0,2.25,2.25,2.25
38.469,0,0,0,0,0.976502,0.99997,1.06912,5,1,1,1,0,0.952882,0.953615,0,0,2.5,2.52778,2.5,768.25,970,300.977,970,966.25,17.3203,93.6797,93.7031,17.6484,17.4844,726.775,51.75,1.3,0.834668,1.98,97.5,0,0,-0.75,1.125,0,3,3,3
38.503,0,0,0,0,0.979493,0.99997,1.0697,5,1,1,1,0,0.952882,0.954835,0,0,2.5,2.52778,2.5,768.25,970,300.977,970,968.906,17.3203,93.6797,93.7031,17.6484,17.4609,726.775,51.75,1.3,0.834668,1.98,96.75,0,0,-0.75,1.3125,0,3,3,3
38.536,0,0,0,0,0.980042,0.99997,1.06979,5,1,1,1,0,0.952882,0.954835,0,0,2.5,2.55556,2.58334,769,970,301.172,970,968.906,17.3438,93.6797,93.7031,17.4609,17.3906,726.775,51.75,1.292,0.832001,1.98,96.75,0,0,-0.75,1.625,0,2.25,2.25,2.25
38.569,0,0,0,0,0.979798,0.99997,1.06925,5,1,1,1,0,0.952882,0.953615,0,0,2.5,2.55556,2.52778,765.25,970,300.938,970,968.906,17.3203,93.6797,93.7031,17.2031,17.3672,726.775,51.75,1.284,0.826668,1.972,96.75,0,0,-0.75,1.5625,0,2.25,2.25,2.25
38.603,0,0,0,0,0.979432,0.99997,1.06879,5,1,1,1,0,0.952882,0.952394,0,0,2.5,2.55556,2.55556,763.5,970,301.133,970,968.906,17.3203,93.6797,93.7031,17.4609,17.3906,726.775,51.75,1.296,0.832001,1.984,97.5,0,0,-0.75,1.5625,0,3,3,3
38.636,0,0,0,0,0.97931,0.99997,1.06876,5,1,1,1,0,0.952882,0.952394,0,0,2.5,2.52778,2.52778,760.75,970,301.133,970,968.906,17.3203,93.6797,93.7031,17.3438,17.4141,726.775,51.75,1.288,0.829334,1.968,97.5,0,0,-0.75,1.20313,0,3,3,3
38.669,0,0,0,0,0.979249,0.99997,1.06876,5,1,1,1,0,0.952882,0.952394,0,0,2.5,2.52778,2.58334,758.75,970,301.836,970,968.906,17.3906,93.6797,93.7031,17.7891,17.4375,725.818,51.75,1.304,0.837334,1.984,97.5,0,0,-0.75,1.03125,0,3,3,3
38.703,0,0,0,0,0.979798,0.99997,1.06879,5,1,1,1,0,0.952882,0.952394,0,0,2.5,2.55556,2.5,755.25,970,301.68,970,968.906,17.3672,93.6797,93.7031,17.2969,17.4609,725.818,51.75,1.284,0.837334,1.972,96.75,0,0,-0.75,0.96875,0,3,3,3
38.736,0,0,0,0,0.97931,0.99997,1.06934,5,1,1,1,0,0.952882,0.953615,0,0,2.44445,2.52778,2.55556,753,970,302.266,970,968.906,17.4141,93.6797,93.7031,17.7422,17.5078,725.818,51.75,1.292,0.832001,1.98,96.75,0,0,-0.75,1.09375,0,3,3,3
38.769,0,0,0,0,0.979249,0.99997,1.06882,5,1,1,1,0,0.952882,0.952394,0,0,2.44445,2.52778,2.55556,753,970,302.266,970,968.906,17.4141,93.6797,93.7031,17.7422,17.5078,725.818,51.75,1.292,0.837334,1.98,96.75,0,0,-0.75,0.890625,0,3,3,3
38.803,0,0,0,0,0.97931,0.99997,1.06775,5,1,1,1,0,0.952882,0.949953,0,0,2.44445,2.52778,2.5,753,970,302.227,970,968.906,17.4141,93.6797,93.7031,17.3906,17.5313,725.818,51.75,1.288,0.834668,1.976,97.5,0,0,-0.75,0.890625,0,3,3,3
38.836,0,0,0,0,0.976319,0.99997,1.0672,5,1,1,1,0,0.952882,0.948488,0,0,2.44445,2.52778,2.52778,752.25,970,302.461,970,966.25,17.4375,93.6797,93.7031,17.5781,17.5078,725.818,51.75,1.288,0.834668,1.968,97.5,0,0,-0.75,1.125,0,3,3,3
38.869,0,0,0,0,0.976319,0.99997,1.06784,5,1,1,1,0,0.952882,0.949953,0,0,2.5,2.52778,2.55556,749.75,970,304.063,970,966.25,17.5547,93.6797,93.7031,18.4688,17.5313,724.861,51.75,1.312,0.850668,1.992,97.5,0,0,-0.75,1.34375,0,3.75,3.75,3.75
38.903,0,0,0,0,0.977601,0.99997,1.06784,5,1,1,1,0,0.952882,0.949953,0,0,2.5,2.52778,2.55556,749.75,970,305.234,970,966.25,17.625,93.6797,93.7031,18.3281,17.5781,724.861,51.75,1.316,0.850668,1.996,96.75,0,0,-0.75,1.48438,0,3,3,3
38.936,0,0,0,0,0.979066,0.99997,1.0679,5,1,1,1,0,0.952882,0.949953,0,0,2.5,2.52778,2.52778,749.5,970,305.82,970,966.25,17.6719,93.6797,93.7031,18,17.5781,724.861,51.75,1.312,0.853334,1.992,96.75,0,0,-0.75,1.3125,0,3,3,3
38.969,0,0,0,0,0.982423,0.99997,1.0679,5,1,1,1,0,0.952882,0.949953,0,0,2.5,2.52778,2.52778,749.5,970,305.82,970,968.906,17.6719,93.6797,93.7031,18,17.5547,724.861,51.75,1.312,0.850668,1.992,96.75,0,0,-0.75,1.21875,0,3,3,3
39.003,0,0,0,0,0.982362,0.99997,1.06677,5,1,1,1,0,0.952882,0.947267,0,0,2.5,2.55556,2.5,748,970,305.039,970,968.906,17.625,93.6797,93.7031,17.1797,17.5781,724.861,51.75,1.296,0.840001,1.976,96.75,0,0,-0.75,1.21875,0,2.25,2.25,2.25
39.036,0,0,0,0,0.981019,0.99997,1.06668,5,1,1,1,0,0.952882,0.947267,0,0,2.44445,2.55556,2.52778,745,970,304.883,970,968.906,17.6016,93.8906,93.7031,17.5313,17.5781,724.861,51.75,1.3,0.842668,1.98,96.75,0,0,-0.75,1.375,0,3.75,3.75,3.75
39.069,0,0,0,0,0.977662,0.99997,1.06656,5,1,1,1,0,0.952882,0.947267,0,0,2.5,2.55556,2.58334,744.5,970,305.469,970,966.25,17.6953,93.8906,93.7031,17.9766,17.6484,723.904,51.75,1.312,0.850668,1.992,96.75,0,0,-0.75,0.890625,0,4.5,4.5,4.5
39.103,0,0,0,0,0.977662,0.99997,1.06699,5,1,1,1,0,0.952882,0.948488,0,0,2.5,2.52778,2.52778,745.25,970,306.289,970,966.25,17.7422,93.6797,93.7031,18.2344,17.6719,723.904,51.75,1.32,0.850668,2,97.5,0,0,-0.75,0.875,0,3,3,3
39.136,0,0,0,0,0.978394,0.99997,1.0669,5,1,1,1,0,0.952882,0.948488,0,0,2.5,2.52778,2.52778,745.75,970,306.836,970,966.25,17.7891,93.6797,93.7031,18.0938,17.6484,723.904,51.75,1.32,0.856001,2,97.5,0,0,-0.75,0.578125,0,2.25,2.25,2.25
39.169,0,0,0,0,0.979005,0.99997,1.06683,5,1,1,1,0,0.952882,0.948488,0,0,2.5,2.52778,2.52778,745.75,970,306.836,970,966.25,17.7891,93.6797,93.7031,18.0938,17.6484,723.904,51.75,1.32,0.856001,2,97.5,0,0,-0.75,1.20313,0,2.25,2.25,2.25
39.203,0,0,0,0,0.982117,0.99997,1.06555,5,1,1,1,0,0.952882,0.946046,0,0,2.5,2.52778,2.52778,740.75,970,307.383,970,968.906,17.8359,93.6797,93.7031,18.1406,17.6484,723.904,51.75,1.324,0.858668,2.004,97.5,0,0,-0.75,1.20313,0,2.25,2.25,2.25
39.236,0,0,0,0,0.979493,0.99997,1.06537,5,1,1,1,0,1,0.946046,0,0,2.44445,2.55556,2.5,738.25,970,306.602,970,966.25,17.7656,93.6797,93.7031,17.3438,18.0703,723.904,51.75,1.24,0.805334,1.92,97.5,0,0,-0.75,1.04688,0,6.75,6.75,6.75
39.269,0,0,0,0,0.978272,0.99997,1.06564,5,1,1,1,0,1,0.947267,0,0,2.5,2.52778,2.52778,741.75,970,307.188,970,966.25,17.8125,93.6797,93.7031,18.1641,18.1172,722.947,51.75,1.26,0.813334,1.94,97.5,0,0,-0.75,1.3125,0,6.75,6.75,6.75
39.303,0,0,0,0,0.980836,0.99997,1.06659,5,1,1,1,0,1,0.949953,0,0,2.5,2.52778,2.52778,741.75,970,307.188,970,968.906,17.8125,93.6797,93.7031,18.1641,18.0469,722.947,51.75,1.26,0.813334,1.94,97.5,0,0,-0.75,1.3125,0,6.75,6.75,6.75
39.336,0,0,0,0,0.977723,0.99997,1.06744,5,1,1,1,0,1,0.949953,0,0,2.5,2.55556,2.55556,747,970,306.719,970,966.25,17.7891,93.6797,93.7031,17.5313,17.9297,722.947,51.75,1.256,0.810668,1.924,97.5,0,0,-0.75,1.51563,0,6,6,6
39.369,0,0,0,0,0.977357,0.99997,1.0658,5,1,1,1,0,1,0.948488,0,0,2.5,2.52778,2.5,743.75,970,306.914,970,966.25,17.7891,93.6797,93.7031,17.9297,17.9297,722.947,51.75,1.288,0.832001,1.956,97.5,0,0,-0.75,1.29688,0,6,6,6
39.403,0,0,0,0,0.977601,0.99997,1.065,5,1,1,1,0,1,0.947267,0,0,2.5,2.52778,2.58334,743,970,307.969,970,966.25,17.8594,93.6797,93.7031,18.4688,18,722.947,51.75,1.3,0.842668,1.968,96.75,0,0,-0.75,1.29688,0,6,6,6
39.436,0,0,0,0,0.978944,0.99997,1.06397,5,1,1,1,0,1,0.947267,0,0,2.5,2.52778,2.55556,746.75,970,308.359,970,966.25,17.9063,93.6797,93.7031,18.1172,18.0234,722.947,51.75,1.244,0.805334,1.924,96.75,0,0,-0.75,0.84375,0,6,6,6
39.469,0,0,0,0,0.979493,0.99997,1.06381,5,1,1,1,0,1,0.948488,0,0,2.5,2.55556,2.52778,748,970,308.281,970,966.25,17.8828,93.6797,93.7031,17.8594,17.9531,722.01,51.75,1.24,0.800001,1.92,96.75,0,0,-0.75,0.953125,0,5.25,5.25,5.25
39.503,0,0,0,0,0.982362,0.99997,1.06509,5,1,1,1,0,1,0.951173,0,0,2.5,2.55556,2.52778,748,970,308.281,970,968.906,17.8828,93.6797,93.7031,17.8594,17.9063,722.01,51.75,1.24,0.800001,1.92,97.5,0,0,-0.75,1.04688,0,5.25,5.25,5.25
39.536,0,0,0,0,0.981934,0.99997,1.06497,5,1,1,1,0,1,0.952394,0,0,2.5,2.55556,2.55556,744,970,307.656,970,968.906,17.8359,93.6797,93.7031,17.4844,18.0234,722.01,51.75,1.232,0.794668,1.92,97.5,0,0,-0.75,1.03125,0,4.5,4.5,4.5
39.569,0,0,0,0,0.978455,0.99997,1.0639,5,1,1,1,0,1,0.951173,0,0,2.5,2.55556,2.55556,743.25,970,307.305,970,966.25,17.8125,93.6797,93.7031,17.625,18.0234,722.01,51.75,1.236,0.797334,1.924,97.5,0,0,-0.75,0.75,0,6,6,6
39.603,0,0,0,0,0.977906,0.99997,1.06387,5,1,1,1,0,1,0.951173,0,0,2.5,2.52778,2.52778,747,970,307.656,970,966.25,17.8359,93.6797,93.7031,18.0469,18.0469,722.01,51.75,1.24,0.800001,1.928,97.5,0,0,-0.75,0.75,0,6,6,6
39.636,0,0,0,0,0.978516,0.99997,1.06461,5,1,1,1,0,1,0.951173,0,0,2.55556,2.52778,2.58334,750,970,308.32,970,966.25,17.9063,93.6797,93.7031,18.2813,17.9531,722.01,51.75,1.248,0.805334,1.936,97.5,0,0,-0.75,1.14063,0,5.25,5.25,5.25
39.669,0,0,0,0,0.979432,0.99997,1.06522,5,1,1,1,0,1,0.953615,0,0,2.5,2.52778,2.5,744.75,970,308.047,970,966.25,17.8828,93.6797,93.7031,17.7422,17.9063,721.033,51.75,1.24,0.800001,1.928,97.5,0,0,-0.75,1.5625,0,5.25,5.25,5.25
39.703,0,0,0,0,0.979798,0.99997,1.06653,5,1,1,1,0,1,0.956056,0,0,2.5,2.52778,2.5,744.75,970,308.047,970,966.25,17.8828,93.6797,93.7031,17.7422,18,721.033,51.75,1.24,0.800001,1.928,97.5,0,0,-0.75,1.48438,0,5.25,5.25,5.25
39.736,0,0,0,0,0.982117,0.99997,1.06769,5,1,1,1,0,1,0.958498,0,0,2.5,2.55556,2.5,740.5,970,307.93,970,968.906,17.8594,93.6797,93.7031,17.8125,18.0938,721.033,51.75,1.284,0.829334,1.972,97.5,0,0,-0.75,1.3125,0,6,6,6
39.769,0,0,0,0,0.979188,0.99997,1.04825,5,1,1,1,0,1,0.958498,0,0,2.5,2.55556,2.61111,744.75,970,307.93,970,966.25,17.8594,93.6797,93.7031,17.8594,18.0938,721.033,51.75,1.288,0.834668,1.976,97.5,0,0,-0.75,1.14063,0,6,6,6
39.803,0,0,0,0,0.979066,0.99997,1.05249,5,1,1,1,0,1,0.959962,0,0,2.5,2.52778,2.5,748,970,307.734,970,966.25,17.8594,93.6797,93.7031,17.7422,18.0234,721.033,51.75,1.268,0.821334,1.956,97.5,0,0,-0.75,1.14063,0,5.25,5.25,5.25
39.836,0,0,0,0,0.981812,0.99997,1.0564,5,1,1,1,0,1,0.962404,0,0,2.5,2.52778,2.58334,748.25,970,308.32,970,968.867,17.9063,93.6797,93.7031,18.2578,17.9531,721.033,51.75,1.28,0.826668,1.968,97.5,0,0,-0.75,1.23438,0,5.25,5.25,5.25
39.869,0,0,0,0,0.982667,0.99997,1.05805,5,1,1,1,0,1,0.964845,0,0,2.5,2.55556,2.55556,750.25,970,307.461,970,968.906,17.8359,93.6797,93.7031,17.3672,17.9531,720.057,51.75,1.268,0.821334,1.956,97.5,0,0,-0.75,0.921875,0,5.25,5.25,5.25
39.903,0,0,0,0,0.979737,0.99997,1.05887,5,1,1,1,0,1,0.967287,0,0,2.5,2.55556,2.55556,750.25,970,307.461,970,966.25,17.8359,93.6797,93.7031,17.3672,17.9297,720.057,51.75,1.268,0.821334,1.956,97.5,0,0,-0.75,0.796875,0,5.25,5.25,5.25
39.936,0,0,0,0,0.979249,0.99997,1.05875,5,1,1,1,0,1,0.968507,0,0,2.55556,2.55556,2.52778,752.5,970,307.461,970,966.25,17.8359,93.6797,93.7031,17.8359,17.8359,720.057,51.75,1.28,0.826668,1.96,97.5,0,0,-0.75,0.984375,0,4.5,4.5,4.5
39.969,0,0,0,0,0.979554,0.99997,1.05801,5,1,1,1,0,1,0.969972,0,0,2.55556,2.52778,2.55556,755,970,307.539,970,966.25,17.8359,93.6797,93.7031,17.9063,17.8125,720.057,51.75,1.272,0.824001,1.952,97.5,0,0,-0.75,1.25,0,4.5,4.5,4.5
40.003,0,0,0,0,0.980164,0.99997,1.05704,5,1,1,1,0,1,0.969972,0,0,2.55556,2.55556,2.52778,754.25,970,307.266,970,966.25,17.8125,93.6797,93.7031,17.6719,17.7422,720.057,51.75,1.224,0.792001,1.904,97.5,0,0,-0.75,1.25,0,5.25,5.25,5.25
40.036,0,0,0,0,0.982606,0.99997,1.05576,5,1,1,1,0,1,0.972414,0,0,2.55556,2.55556,2.61111,756.5,970,307.852,970,968.867,17.8594,93.6797,93.7031,18.1875,17.7422,720.057,51.75,1.232,0.794668,1.912,97.5,0,0,-0.75,1.125,0,3.75,3.75,3.75
40.069,0,0,0,0,0.98346,0.99997,1.05508,5,1,1,1,0,1,0.974855,0,0,2.55556,2.55556,2.52778,757.25,970,306.406,970,968.906,17.7656,93.6797,93.7031,16.9453,17.6953,719.119,51.75,1.208,0.778668,1.888,97.5,0,0,-0.75,1.29688,0,4.5,4.5,4.5
40.103,0,0,0,0,0.980286,0.99997,1.05408,5,1,1,1,0,1,0.974855,0,0,2.55556,2.55556,2.52778,757.25,970,306.406,970,966.25,17.7656,93.6797,93.7031,16.9453,17.6484,719.119,51.75,1.208,0.778668,1.888,97.5,0,0,-0.75,1.28125,0,4.5,4.5,4.5
40.136,0,0,0,0,0.979859,0.99997,1.05249,5,1,1,1,0,1,0.976076,0,0,2.55556,2.55556,2.58334,758,970,306.836,970,966.25,17.7891,93.6797,93.7031,18.0469,17.6016,719.119,51.75,1.224,0.789334,1.904,97.5,0,0,-0.75,1.53125,0,4.5,4.5,4.5
40.169,0,0,0,0,0.982972,0.99997,1.05109,5,1,1,1,0,1,0.976076,0,0,2.5,2.55556,2.52778,753.75,970,306.719,970,968.906,17.7891,93.6797,93.7031,17.7188,17.6016,719.119,51.75,1.22,0.786668,1.9,97.5,0,0,-0.75,1.21875,0,4.5,4.5,4.5
40.203,0,0,0,0,0.982911,0.99997,1.05066,5,1,1,1,0,1,0.977296,0,0,2.5,2.55556,2.52778,749.5,970,305.742,970,968.906,17.6953,93.6797,93.7031,17.1797,17.6719,719.119,51.75,1.208,0.778668,1.888,97.5,0,0,-0.75,1.21875,0,4.5,4.5,4.5
40.236,0,0,0,0,0.97876,0.99997,1.0502,5,1,1,1,0,1,0.977296,0,0,2.5,2.55556,2.52778,746,970,305.234,970,966.25,17.6719,93.6797,93.7031,17.3906,17.7656,719.119,51.75,1.208,0.778668,1.896,97.5,0,0,-0.75,0.9375,0,5.25,5.25,5.25
40.269,0,0,0,0,0.977906,0.99997,1.04965,5,1,1,1,0,1,0.978517,0,0,2.5,2.52778,2.52778,743.75,970,305.898,970,966.25,17.7188,93.6797,93.7031,18.1172,17.8125,718.182,51.75,1.22,0.786668,1.908,97.5,0,0,-0.75,0.921875,0,6,6,6
40.303,0,0,0,0,0.977906,0.99997,1.0499,5,1,1,1,0,1,0.979982,0,0,2.5,2.52778,2.52778,743.75,970,305.898,970,966.25,17.7188,93.6797,93.7031,18.1172,17.8828,718.182,51.75,1.22,0.786668,1.908,97.5,0,0,-0.75,1.15625,0,6,6,6
40.336,0,0,0,0,0.981812,0.99997,1.04968,5,1,1,1,0,1,0.981203,0,0,2.5,2.52778,2.61111,738.5,970,307.539,970,968.906,17.8359,93.6797,93.7031,18.7734,18.0234,718.182,51.75,1.284,0.829334,1.964,97.5,0,0,-0.75,0.9375,0,6,6,6
40.369,0,0,0,0,0.979493,0.99997,1.04868,5,1,1,1,0,1,0.981203,0,0,2.44445,2.55556,2.5,736.5,970,306.797,970,966.25,17.7891,93.6797,93.7031,17.3672,18.0469,718.182,51.75,1.256,0.813334,1.936,97.5,0,0,-0.75,0.96875,0,6.75,6.75,6.75
40.403,0,0,0,0,0.978211,0.99997,1.04837,5,1,1,1,0,1,0.981203,0,0,2.44445,2.52778,2.52778,736.5,970,307.539,970,966.25,17.8359,93.6797,93.7031,18.2813,18.1172,718.182,51.75,1.272,0.821334,1.952,97.5,0,0,-0.75,0.96875,0,6.75,6.75,6.75
40.436,0,0,0,0,0.978883,0.99997,1.0488,5,1,1,1,0,1,0.983644,0,0,2.5,2.52778,2.55556,737.25,970,308.359,970,966.25,17.9063,93.6797,93.7031,18.375,18.1406,718.182,51.75,1.284,0.821334,1.964,97.5,0,0,-0.75,1.4375,0,6,6,6
40.469,0,0,0,0,0.979432,0.99997,1.04791,5,1,1,1,0,1,0.983644,0,0,2.5,2.52778,2.55556,736.25,970,308.984,970,966.25,17.9531,93.6797,93.7031,18.3281,18.1641,717.244,51.75,1.28,0.829334,1.96,97.5,0,0,-0.75,1.45313,0,8.25,8.25,8.25
40.503,0,0,0,0,0.980042,0.99997,1.04855,5,1,1,1,0,1,0.987306,0,0,2.5,2.52778,2.55556,736.25,970,308.984,970,966.25,17.9531,93.6797,93.7031,18.3281,18.1641,717.244,51.75,1.28,0.829334,1.96,97.5,0,0,-0.75,1.40625,0,8.25,8.25,8.25
40.536,0,0,0,0,0.983277,0.99997,1.04828,5,1,1,1,0,1,0.988527,0,0,2.5,2.55556,2.55556,738,970,309.492,970,968.906,17.9766,93.6797,93.7031,18.2813,18.2109,717.244,51.75,1.284,0.832001,1.964,97.5,0,0,-0.75,0.921875,0,7.5,7.5,7.5
40.569,0,0,0,0,0.980347,0.99997,1.0477,5,1,1,1,0,1,0.989992,0,0,2.5,2.55556,2.52778,742.5,970,308.477,970,966.25,17.9063,93.6797,93.7031,17.3438,18.1641,717.244,51.75,1.26,0.816001,1.94,97.5,0,0,-0.75,0.921875,0,6.75,6.75,6.75
40.603,0,0,0,0,0.979249,0.99997,1.04736,5,1,1,1,0,1,0.989992,0,0,2.5,2.55556,2.58334,744.5,970,309.219,970,966.25,17.9531,93.6797,93.7031,18.3984,18.0938,717.244,51.75,1.236,0.816001,1.916,97.5,0,0,-0.75,1.04688,0,6,6,6
40.636,0,0,0,0,0.980103,0.99997,1.04749,5,1,1,1,0,1,0.992677,0,0,2.5,2.55556,2.5,742.75,970,308.945,970,966.25,17.9297,93.6797,93.7031,17.7891,18.0469,717.244,51.75,1.228,0.800001,1.924,97.5,0,0,-0.75,1.07813,0,6,6,6
40.669,0,0,0,0,0.979737,0.99997,1.04746,5,1,1,1,0,1,0.994142,0,0,2.5,2.55556,2.52778,743.5,970,308.945,970,966.25,17.9297,93.6797,93.7031,17.9297,18.0703,716.287,51.75,1.228,0.792001,1.924,97.5,0,0,-0.75,1,0,6,6,6
40.703,0,0,0,0,0.979554,0.99997,1.04858,5,1,1,1,0,1,0.997072,0,0,2.5,2.55556,2.52778,743.5,970,308.945,970,966.25,17.9297,93.6797,93.7031,17.9297,18.1172,716.287,51.75,1.228,0.792001,1.924,97.5,0,0,-0.75,0.96875,0,6,6,6
40.736,0,0,0,0,0.979371,0.99997,1.048,5,1,1,1,0,1,0.997072,0,0,2.5,2.55556,2.52778,746.25,970,308.789,970,966.25,17.9297,93.6797,93.7031,17.8359,18.0938,716.287,51.75,1.228,0.792001,1.916,97.5,0,0,-0.75,1.0625,0,5.25,5.25,5.25
40.769,0,0,0,0,0.982056,0.99997,1.04746,5,1,1,1,0,1,0.997072,0,0,2.5,2.52778,2.52778,747.5,970,308.594,970,968.906,17.9063,93.6797,93.7031,17.8125,18.0469,716.287,51.75,1.224,0.789334,1.912,97.5,0,0,-0.75,1.0625,0,5.25,5.25,5.25
40.803,0,0,0,0,0.979493,0.99997,1.04816,5,1,1,1,0,1,0.998537,0,0,2.5,2.55556,2.58334,742.25,970,308.242,970,966.25,17.8828,93.6797,93.7031,17.6953,18.0234,716.287,51.75,1.22,0.789334,1.908,97.5,0,0,-0.75,1.45313,0,6.75,6.75,6.75
40.836,0,0,0,0,0.978822,0.99997,1.04895,5,1,1,1,0,1,0.998537,0,0,2.5,2.52778,2.55556,739.25,970,308.828,970,966.25,17.9297,93.6797,93.7031,18.2813,18.1641,716.287,51.75,1.236,0.786668,1.924,97.5,0,0,-0.75,1.15625,0,6.75,6.75,6.75
40.869,0,0,0,0,0.97931,0.99997,1.04895,5,1,1,1,0,1,0.998537,0,0,2.5,2.52778,2.55556,739.25,970,308.828,970,966.25,17.9297,93.6797,93.7031,18.2813,18.1641,715.33,51.75,1.236,0.797334,1.924,97.5,0,0,-0.75,1.3125,0,6.75,6.75,6.75
40.903,0,0,0,0,0.97992,0.99997,1.04965,5,1,1,1,0,1,0.998537,0,0,2.5,2.52778,2.55556,740.25,970,309.258,970,966.25,17.9531,93.6797,93.7031,18.2109,18.2344,715.33,51.75,1.236,0.797334,1.924,97.5,0,0,-0.75,1.07813,0,6.75,6.75,6.75
40.936,0,0,0,0,0.980958,0.99997,1.05072,5,1,1,1,0,1,1,0,0,2.5,2.55556,2.63889,740.75,970,310.508,970,966.25,18.0469,93.6797,93.7031,18.7734,18.2109,715.33,51.75,1.308,0.842668,1.996,97.5,0,0,-0.75,1.28125,0,6.75,6.75,6.75
40.969,0,0,0,0,0.981995,0.99997,1.05057,5,1,1,1,0,1,1,0,0,2.5,2.55556,2.44445,737,970,309.57,970,966.25,17.9766,93.6797,93.7031,17.4609,18.2344,715.33,51.75,1.268,0.821334,1.956,97.5,0,0,-0.75,1.28125,0,6.75,6.75,6.75
41.003,0,0,0,0,0.980897,0.99997,1.05112,5,1,1,1,0,1,1,0,0,2.5,2.55556,2.58334,737,970,310.234,970,966.25,18.0234,93.6797,93.7031,18.4219,18.3281,715.33,51.75,1.292,0.821334,1.98,97.5,0,0,-0.75,0.703125,0,7.5,7.5,7.5
41.036,0,0,0,0,0.980958,0.99997,1.05151,5,1,1,1,0,1,1,0,0,2.5,2.55556,2.58334,744.25,970,310.508,970,966.25,18.0469,93.6797,93.7031,18.2109,18.375,715.33,51.75,1.288,0.834668,1.976,97.5,0,0,-0.75,0.859375,0,6.75,6.75,6.75
41.069,0,0,0,0,0.981385,0.99997,1.05203,5,1,1,1,0,1,1.00171,0,0,2.55556,2.55556,2.58334,744.25,970,310.508,970,966.25,18.0469,93.6797,93.7031,18.2109,18.3516,714.412,51.75,1.288,0.834668,1.976,97.5,0,0,-0.75,0.84375,0,6.75,6.75,6.75
41.103,0,0,0,0,0.98169,0.99997,1.05182,5,1,1,1,0,1,1.00171,0,0,2.55556,2.55556,2.55556,748,970,310.313,970,966.25,18.0469,93.6797,93.7031,17.9297,18.2109,714.412,51.75,1.28,0.829334,1.968,97.5,0,0,-0.75,1.34375,0,6,6,6
41.136,0,0,0,0,0.98169,0.99997,1.05194,5,1,1,1,0,1,1.00171,0,0,2.55556,2.55556,2.55556,746.25,970,310.195,970,966.25,18.0234,93.6797,93.7031,17.9766,18.1172,714.412,51.75,1.28,0.829334,1.948,97.5,0,0,-0.75,1.21875,0,5.25,5.25,5.25
41.169,0,0,0,0,0.981751,0.99997,1.05222,5,1,1,1,0,1,1.00366,0,0,2.55556,2.55556,2.5,747.25,970,309.414,970,966.25,17.9766,93.6797,93.7031,17.5313,18.1641,714.412,51.75,1.272,0.824001,1.94,97.5,0,0,-0.75,1.21875,0,5.25,5.25,5.25
41.203,0,0,0,0,0.981202,0.99997,1.05173,5,1,1,1,0,1,1.00366,0,0,2.55556,2.55556,2.52778,749.25,970,308.906,970,966.25,17.9297,93.6797,93.7031,17.6719,18.1406,714.412,51.75,1.224,0.824001,1.892,97.5,0,0,-0.75,1.26563,0,5.25,5.25,5.25
41.236,0,0,0,0,0.980653,0.99997,1.05264,5,1,1,1,0,1,1.00488,0,0,2.55556,2.55556,2.58334,748.5,970,309.141,970,966.25,17.9531,93.6797,93.7031,18.0938,18.0938,714.412,51.75,1.236,0.792001,1.924,97.5,0,0,-0.75,1.46875,0,5.25,5.25,5.25
41.269,0,0,0,0,0.980836,0.99997,1.05222,5,1,1,1,0,1,1.00488,0,0,2.55556,2.55556,2.58334,748.5,970,309.141,970,966.25,17.9531,93.6797,93.7031,18.0938,18.0938,713.475,51.75,1.236,0.797334,1.924,97.5,0,0,-0.75,1.4375,0,5.25,5.25,5.25
41.303,0,0,0,0,0.98108,0.99997,1.05307,5,1,1,1,0,1,1.00611,0,0,2.5,2.55556,2.55556,742.75,970,309.219,970,966.25,17.9531,93.6797,93.7031,18.0234,18.1172,713.475,51.75,1.236,0.797334,1.924,97.5,0,0,-0.75,1.1875,0,6,6,6
41.336,0,0,0,0,0.981141,0.99997,1.05301,5,1,1,1,0,1,1.00611,0,0,2.5,2.55556,2.55556,739,970,309.453,970,966.25,17.9766,93.6797,93.7031,18.1172,18.2813,713.475,51.75,1.24,0.800001,1.936,97.5,0,0,-0.75,0.90625,0,7.5,7.5,7.5
41.369,0,0,0,0,0.981202,0.99997,1.0524,5,1,1,1,0,1,1.00488,0,0,2.5,2.55556,2.5,742,970,308.867,970,966.25,17.9297,93.6797,93.7031,17.625,18.3516,713.475,51.75,1.228,0.792001,1.924,97.5,0,0,-0.75,0.90625,0,6.75,6.75,6.75
41.403,0,0,0,0,0.98053,0.99997,1.05289,5,1,1,1,0,1,1.00488,0,0,2.5,2.55556,2.58334,745.75,970,309.18,970,966.25,17.9531,93.6797,93.7031,18.1406,18.3047,713.475,51.75,1.24,0.792001,1.928,97.5,0,0,-0.75,1.09375,0,6.75,6.75,6.75
41.436,0,0,0,0,0.980653,0.99997,1.05408,5,1,1,1,0,1,1.00488,0,0,2.5,2.55556,2.52778,745,970,308.867,970,966.25,17.9297,93.6797,93.7031,17.7656,18.2344,713.475,51.75,1.232,0.800001,1.92,97.5,0,0,-0.75,1,0,5.25,5.25,5.25
41.469,0,0,0,0,0.98053,0.99997,1.0542,5,1,1,1,0,1,1.00488,0,0,2.5,2.55556,2.52778,745,970,308.867,970,966.25,17.9297,93.6797,93.7031,17.7656,18.2344,712.537,51.75,1.232,0.794668,1.92,97.5,0,0,-0.75,1.10938,0,5.25,5.25,5.25
41.503,0,0,0,0,0.980347,0.99997,1.05493,5,1,1,1,0,1,1.00488,0,0,2.5,2.55556,2.55556,743.25,970,308.945,970,966.25,17.9297,93.6797,93.7031,18,18.2578,712.537,51.75,1.24,0.800001,1.928,97.5,0,0,-0.75,0.9375,0,6,6,6
41.536,0,0,0,0,0.980408,0.99997,1.05554,5,1,1,1,0,1,1.00488,0,0,2.5,2.55556,2.58334,743,970,309.375,970,966.25,17.9766,93.6797,93.7031,18.2109,18.3047,712.537,51.75,1.288,0.832001,1.984,97.5,0,0,-0.75,1.29688,0,6.75,6.75,6.75
41.569,0,0,0,0,0.980775,0.99997,1.05539,5,1,1,1,0,1,1.00488,0,0,2.5,2.55556,2.55556,746,970,309.297,970,966.25,17.9766,93.6797,93.7031,17.9297,18.3281,712.537,51.75,1.28,0.829334,1.976,97.5,0,0,-0.75,1.29688,0,6,6,6
41.603,0,0,0,0,0.980775,0.99997,1.05594,5,1,1,1,0,1,1.00488,0,0,2.5,2.55556,2.55556,742,970,309.336,970,966.25,17.9766,93.6797,93.7031,18.0234,19.0313,712.537,51.75,1.288,0.829334,1.992,97.5,0,0,-0.75,1.78125,0,9.75,9.75,9.75
41.636,0,0,0,0,0.980775,0.99997,1.05679,5,1,1,1,0,1,1.00611,0,0,2.5,2.55556,2.55556,743.25,970,309.336,970,966.25,17.9766,93.6797,93.7031,18,18.9141,712.537,51.75,1.288,0.834668,1.992,97.5,0,0,-0.75,1.35938,0,9.75,9.75,9.75
41.669,0,0,0,0,0.980775,0.99997,1.05649,5,1,1,1,0,1,1.00611,0,0,2.5,2.55556,2.55556,743.25,970,309.336,970,966.25,17.9766,93.6797,93.7031,18,18.9375,711.6,51.75,1.288,0.834668,1.992,97.5,0,0,-0.75,1.26563,0,9.75,9.75,9.75
41.703,0,0,0,0,0.980775,0.99997,1.05686,5,1,1,1,0,1,1.00733,0,0,2.55556,2.55556,2.55556,749.5,970,309.141,970,966.25,17.9531,93.6797,93.7031,17.8594,18.9141,711.6,51.75,1.284,0.832001,1.988,98.25,0,0,-0.75,1.26563,0,8.25,8.25,8.25
41.736,0,0,0,0,0.98346,0.99997,1.05728,5,1,1,1,0,1,1.00855,0,0,2.55556,2.55556,2.55556,756,970,308.711,970,968.906,17.9297,93.6797,93.7031,17.6953,18.75,711.6,51.75,1.28,0.829334,1.968,98.25,0,0,-0.75,1.125,0,6.75,6.75,6.75
41.769,0,0,0,0,0.980775,0.99997,1.05655,5,1,1,1,0,1,1.00855,0,0,2.55556,2.55556,2.5,757.75,970,306.719,970,966.25,17.7891,93.6797,93.7031,16.6641,18.6094,711.6,51.75,1.256,0.813334,1.944,98.25,0,0,-0.75,1.125,0,6,6,6
41.803,0,0,0,0,0.979127,0.99997,1.0567,5,1,1,1,0,1,1.01001,0,0,2.55556,2.52778,2.52778,760.75,970,306.289,970,966.25,17.7422,93.6797,93.7031,17.5313,18.5391,711.6,51.75,1.224,0.813334,1.92,97.5,0,0,-0.75,0.890625,0,6.75,6.75,6.75
41.836,0,0,0,0,0.97876,0.99997,1.05649,5,1,1,1,0,1,1.00855,0,0,2.55556,2.52778,2.58334,764.25,970,306.367,970,966.25,17.7422,93.6797,93.7031,17.8125,18.6328,711.6,51.75,1.24,0.792001,1.936,97.5,0,0,-0.75,0.890625,0,6,6,6
41.869,0,0,0,0,0.979249,0.99997,1.05667,5,1,1,1,0,1,1.01001,0,0,2.55556,2.52778,2.58334,764.25,970,306.367,970,966.25,17.7422,93.6797,93.7031,17.8125,18.6094,710.682,51.75,1.24,0.794668,1.936,97.5,0,0,-0.75,0.921875,0,6,6,6
41.903,0,0,0,0,0.979859,0.99997,1.05655,5,1,1,1,0,1,1.00855,0,0,2.55556,2.55556,2.55556,765,970,306.094,970,966.25,17.7422,93.6797,93.7031,17.5781,18.4922,710.682,51.75,1.236,0.792001,1.932,97.5,0,0,-0.75,1.29688,0,5.25,5.25,5.25
41.936,0,0,0,0,0.980103,0.99997,1.05728,5,1,1,1,0,1,1.01001,0,0,2.55556,2.55556,2.55556,762.75,970,305.898,970,966.25,17.7188,93.6797,93.7031,17.625,18.4219,710.682,51.75,1.232,0.789334,1.9,97.5,0,0,-0.75,1.20313,0,5.25,5.25,5.25
41.969,0,0,0,0,0.980225,0.99997,1.05719,5,1,1,1,0,1,1.01001,0,0,2.55556,2.55556,2.55556,763,970,305.664,970,966.25,17.6953,93.6797,93.7031,17.5781,18.4453,710.682,51.75,1.236,0.792001,1.904,97.5,0,0,-0.75,1.20313,0,5.25,5.25,5.25
42.003,0,0,0,0,0.980286,0.99997,1.0571,5,1,1,1,0,1,1.00855,0,0,2.55556,2.55556,2.52778,764.5,970,305.078,970,966.25,17.6484,93.6797,93.7031,17.3438,18.3984,710.682,51.75,1.228,0.792001,1.896,97.5,0,0,-0.75,1.34375,0,5.25,5.25,5.25
42.036,0,0,0,0,0.980042,0.99997,1.0578,5,1,1,1,0,1,1.00733,0,0,2.55556,2.55556,2.58334,763,970,305.195,970,966.25,17.6719,93.6797,93.7031,17.7422,18.3047,710.682,51.75,1.236,0.786668,1.924,97.5,0,0,-0.75,1.53125,0,5.25,5.25,5.25
42.069,0,0,0,0,0.980408,0.99997,1.05805,5,1,1,1,0,1,1.00733,0,0,2.55556,2.55556,2.58334,763,970,305.195,970,966.25,17.6719,93.6797,93.7031,17.7422,18.2813,709.783,51.75,1.236,0.792001,1.924,97.5,0,0,-0.75,1.39063,0,5.25,5.25,5.25
42.103,0,0,0,0,0.980469,0.99997,1.0589,5,1,1,1,0,1,1.00733,0,0,2.5,2.55556,2.55556,757.5,970,305.195,970,966.25,17.6719,93.6797,93.7031,17.6953,18.2813,709.783,51.75,1.236,0.792001,1.924,97.5,0,0,-0.75,1.10938,0,6,6,6
42.136,0,0,0,0,0.98053,0.99997,1.05911,5,1,1,1,0,1,1.00611,0,0,2.5,2.55556,2.55556,754.5,970,305.313,970,966.25,17.6719,93.6797,93.7031,17.7656,18.375,709.783,51.75,1.276,0.824001,1.956,97.5,0,0,-0.75,0.890625,0,7.5,7.5,7.5
42.169,0,0,0,0,0.980592,0.99997,1.05914,5,1,1,1,0,1,1.00611,0,0,2.5,2.55556,2.55556,756.25,970,305.352,970,966.25,17.6719,93.6797,93.7031,17.7188,21.375,709.783,51.75,1.268,0.821334,1.948,97.5,0,0,-0.75,0.890625,0.358586,6,6,6
42.203,0,0,0,0,0.980653,0.99997,1.05969,5,1,1,1,0,1,1.00611,0,0,2.5,2.55556,2.55556,756,970,305.391,970,966.25,17.6719,93.6797,93.7031,17.7188,41.3203,709.783,51.75,1.372,0.821334,2.052,97.5,0.392157,4.31373,-0.75,0.84375,7.19309,18,18,18
42.236,0,0,0,0,0.975281,0.99997,1.05991,5,1,1,1,0,1,1.00488,0,0,2.5,7.61112,5.11112,757.5,970,333.008,970,960.977,19.6875,93.6797,93.7031,35.3672,44.2266,709.783,51.75,1.704,0.888001,2.392,97.5,4.70588,5.09804,-0.75,1.14063,8.45196,17.25,17.25,17.25
42.269,0,0,0,0,0.96161,0.99997,1.05945,5,1,1,1,0,1,1.00366,0,0,2.80556,8.41667,9.1389,765.75,970,401.836,970,960.977,24.7266,93.6797,93.7031,63.75,39.3984,708.885,51.75,2.332,1.10933,3.02,97.5,5.09804,5.09804,-0.75,1.0625,5.57411,13.5,13.5,13.5
42.303,0,0,0,0,0.961488,0.99997,1.05978,5,1,1,1,0,1,1.00366,0,0,3.55556,8.41667,9.1389,765.75,970,401.836,970,963.594,24.7266,93.6797,93.7031,63.75,14.8594,708.885,51.75,2.332,1.54134,3.02,97.5,4.70588,4.31373,-0.75,1.125,0,13.5,13.5,13.5
42.336,-1.5,0,-1.5,0,0.962342,0.99997,1.05817,5,1,1,1,0,1,1.00171,0,0,4.08334,7.83334,9.02778,775,970,445.938,970,963.594,27.9375,93.8906,93.7031,52.9453,18.0469,708.885,51.75,2.344,1.50934,3.032,97.5,0.392157,0,-0.75,1.5,0,-7.5,-7.5,-8.25
42.369,-1.5,0,-1.5,0,0.967652,0.99997,1.05875,5,1,1,1,0,1,1.00171,0,0,3.97223,2.80556,5.55556,779.75,970,431.68,970,968.906,26.9766,93.8906,93.7031,18.8203,17.8594,708.885,51.75,1.824,1.176,2.512,97.5,0,0,-0.75,1.4375,0,-9.75,-9.75,-12.75
42.403,-1.5,0,-1.5,0,0.965028,0.99997,1.05994,5,1,1,1,0,1,1.00488,0,0,3.88889,2.80556,3.02778,792.75,970,419.18,970,966.25,26.0625,93.6797,93.7031,18.9844,17.7188,708.885,51.75,1.66,1.08533,2.348,97.5,0,0,-0.75,1.4375,0,-9,-9,-11.25
42.436,-1.5,0,-1.5,0,0.967652,0.99997,1.06192,5,1,1,1,0,1,1.01148,0,0,3.88889,2.75,2.63889,822.75,970,404.414,970,968.906,24.9609,93.5625,93.7031,16.6172,17.4375,708.885,51.75,1.536,1.01333,2.224,97.5,0,0,-0.75,1.42188,0,-8.25,-8.25,-10.5
42.469,-1.5,0,-1.5,0,0.967652,0.99997,1.06223,5,1,1,1,0,1,1.01489,0,0,3.83334,2.66667,2.86111,843,970,392.031,970,968.906,24.1406,93.5625,93.7031,17.0391,16.8984,707.967,51.75,1.52,0.992001,2.208,97.5,0,0,-0.75,1.04688,0,-8.25,-8.25,-9.75
42.503,-1.5,0,-1.5,0,0.965028,0.99997,1.06268,5,1,1,1,0,1,1.01831,0,0,3.83334,2.61111,2.47222,859.5,970,376.953,970,966.25,23.0859,93.6797,93.7031,14.5078,13.5,707.967,51.75,1.408,0.992001,2.096,97.5,0,0,-0.75,1.21875,0,-7.5,-7.5,-18
42.536,-1.5,0,0,0,0.967591,0.99997,1.06241,5,1,1,1,0,1,1.0166,0,0,3.77778,2.61111,2.61111,875.25,970,365.508,970,968.867,22.2656,93.5859,93.7031,15.7734,13.5,707.967,51.75,1.4,0.904001,2.08,97.5,0,0,-0.75,1.17188,0,-6.75,-6.75,-18.75
42.569,-1.5,0,0,0,0.967652,0.99997,1.06253,5,1,1,1,0,1,1.0166,0,0,3.61111,2.55556,2.58334,894.75,970,353.594,970,968.906,21.4922,93.5859,93.7031,14.6484,13.5,707.967,51.75,1.348,0.869334,2.028,97.5,0,0,-0.75,1.04688,0,-6.75,-6.75,-17.25
42.603,-1.5,0,0,0,0.967652,0.99997,1.06427,5,1,1,1,0,1,1.01831,0,0,3.61111,2.55556,2.5,918,970,341.719,970,968.906,20.6953,93.7266,93.7031,13.8984,13.5,707.967,51.75,1.296,0.869334,1.976,97.5,0,0,-0.75,1.26563,0,-6,-6,-17.25
42.636,0,0,0,0,0.965028,0.99997,1.06531,5,1,1,1,0,1,1.01831,0,0,3.55556,2.5,2.61111,939.25,970,331.68,970,966.25,19.9453,93.4922,93.7031,14.2969,13.5,707.967,51.75,1.268,0.813334,1.948,97.5,0,0,-0.75,1.17188,0,-6,-6,-18
42.669,0,0,0,0,0.965028,0.99997,1.0661,5,1,1,1,0,1,1.01831,0,0,3.5,2.5,2.47222,957.25,970,322.227,970,966.25,19.4063,93.4922,93.7031,13.9219,13.5,707.166,51.75,1.24,0.797334,1.92,97.5,0,0,-0.75,1.71875,0,-5.25,-5.25,-17.25
42.703,0,0,0,0,0.965028,0.99997,1.06574,5,1,1,1,0,1,1.0166,0,0,3.5,2.52778,2.55556,971.5,970,313.906,970,966.25,18.8672,93.7734,93.7031,14.0859,13.5,707.166,51.75,1.268,0.813334,1.948,97.5,0,0,-0.75,1.48438,0,-5.25,-5.25,-15.75
42.736,0,0,0,0,0.967652,0.99997,1.06729,5,1,1,1,0,1,1.0166,0,0,3.38889,2.5,2.52778,987.75,970,305.664,970,968.906,18.2578,93.5859,93.7031,13.6172,13.5,707.166,51.75,1.224,0.789334,1.912,97.5,0,0,-0.75,1.10938,0,-5.25,-5.25,-13.5
42.769,0,0,0,0,0.965028,0.99997,1.06839,5,1,1,1,0,1,1.0166,0,0,3.33334,2.5,2.61111,1004,970,297.734,970,966.25,17.7891,93.5859,93.7031,13.1953,13.5,707.166,51.75,1.196,0.770668,1.884,97.5,0,0,-0.75,1.48438,0,-5.25,-5.25,-14.25
42.803,0,0,0,0,0.965028,0.99997,1.06775,5,1,1,1,0,1,1.01489,0,0,3.33334,2.5,2.55556,1028.25,970,290.664,970,966.25,17.3438,93.7266,94.7344,13.2891,13.5,707.166,51.75,1.172,0.757334,1.86,97.5,0,0,-0.75,1.20313,0,-5.25,-5.25,-14.25
42.836,0,0,0,0,0.967652,0.99997,1.06848,4,1,1,1,0,1,1.01489,0,0,3.33334,2.5,2.55556,1073.5,970,276.055,970,968.906,16.4297,94.5,95.4375,12.0234,13.5,707.166,51.75,1.096,0.733334,1.784,97.5,0,0,-0.75,1.26563,0,-5.25,-5.25,-17.25
42.869,0,0,0,0,0.967652,0.99997,1.06952,4,1,1,1,0,1,1.01489,0,0,3.30556,2.5,2.47222,1095.75,970,268.32,970,968.906,15.8906,94.5,95.4375,11.4844,13.5,706.619,51.75,1.06,0.685334,1.748,97.5,0,0,-0.75,1.3125,0,-5.25,-5.25,-15
42.903,0,0,0,0,0.967652,0.99997,1.06998,4,1,1,1,0,1,1.01489,0,0,3.30556,2.5,2.61111,1116.75,970,262.188,970,968.906,15.6094,95.2969,97.1953,11.9766,13.5,706.619,51.75,1.056,0.682668,1.744,97.5,0,0,-0.75,1.40625,0,-5.25,-5.25,-14.25
42.936,0,0,0,0,0.967652,0.99997,1.07065,4,1,1,1,0,1,1.01489,0,0,3.25,2.5,2.55556,1158,970,250,970,968.906,14.8594,97.0781,98.6719,11.4141,13.5,706.619,51.75,1.016,0.661334,1.696,97.5,0,0,-0.75,1.42188,0,-5.25,-5.25,-14.25
42.969,0,0,0,0,0.967652,0.99997,1.07089,4,1,1,1,0,1,1.01489,0,0,3.25,2.5,2.61111,1183.25,970,244.688,970,968.906,14.4844,97.0781,98.6719,11.4609,13.5,706.619,51.75,0.992,0.642667,1.672,97.5,0,0,-0.75,1.57813,0,-5.25,-5.25,-15
43.003,0,0,0,0,0.967652,0.99997,1.07126,4,1,1,1,0,1,1.01489,0,0,3.25,2.5,2.52778,1207.25,970,239.063,970,968.906,14.25,98.3906,100.383,10.8984,13.5,706.619,51.75,0.936,0.642667,1.616,97.5,0,0,-0.75,1.45313,0,-5.25,-5.25,-15.75
43.036,0,0,0,0,0.967652,0.99997,1.07617,4,1,1,1,0,1,1.02661,0,0,3.25,2.72222,2.66667,1258,970,229.531,970,968.906,13.6172,100.359,102.164,11.0391,13.5,706.619,51.75,0.9,0.586667,1.588,97.5,0,0.392157,-0.75,0.96875,0.358586,-5.25,-5.25,-12
43.069,0,0,0,0,0.967652,0.99997,1,4,1,1,1,0,1,1.04004,0,0,3.25,2.86111,2.69445,1282,970,225.391,970,968.906,13.3125,100.359,102.164,10.9688,13.5,706.17,51.75,0.9,0.541334,1.588,97.5,0.392157,0.392157,-0.75,0.953125,0.358586,11.25,11.25,11.25
43.103,0,0,0,0,0.967652,0.99997,1,3,1,1,1,0,1,1.05469,0,0,3.25,2.94445,2.97222,1308.25,970,223.086,970,968.906,13.125,102.047,103.992,11.8594,13.5,706.17,51.75,0.9,0.544001,1.588,97.5,0.392157,0.392157,-0.75,1.03125,0.718699,10.5,10.5,10.5
43.136,0,0,0,0,0.967652,0.99997,1,3,1,1,1,0,1,1.07813,0,0,3.30556,3.13889,2.97222,1369.5,970,218.477,970,968.906,12.7734,103.711,107.203,11.3438,13.5,706.17,51.75,0.9,0.541334,1.58,97.5,0.392157,0.392157,-0.75,1.15625,0.718699,13.5,13.5,13.5
43.169,0,0,0,0,0.967652,0.99997,1,3,1,1,1,0,1,1.1001,0,0,3.33334,3.13889,3.05556,1424.5,970,214.805,970,968.906,12.5156,103.711,107.203,11.2266,13.5,706.17,51.75,0.9,0.528001,1.58,97.5,0.392157,0.784314,-0.75,1.39063,1.07881,16.5,16.5,16.5
43.203,0,0,0,0,0.967652,0.99997,1,3,1,1,1,0,1,1.12012,0,0,3.33334,3.38889,3,1417.25,970,212.539,970,968.906,12.3281,106.898,109.219,11.0859,13.5,706.17,51.75,0.9,0.514667,1.58,97.5,0.784314,0.784314,-0.75,1.125,1.07881,15.75,15.75,15.75
43.236,0,0,0,0,0.967652,0.99997,1,3,1,1,1,0,1,1.13257,0,0,3.30556,3.44445,3.36111,1383.25,970,213.516,970,968.906,12.375,108.117,108.609,12.7266,13.5,706.17,51.75,0.9,0.520001,1.604,97.5,0.784314,0.784314,-0.75,0.75,1.07881,15.75,15.75,15.75
43.269,0,0,0,0,0.967652,0.99997,1,3,1,1,1,0,1,1.15088,0,0,3.19445,3.41667,3.36111,1369,970,214.219,970,968.906,12.4219,108.117,108.609,12.8438,14.6953,705.682,51.75,0.9,0.530667,1.604,97.5,0.784314,0.784314,-0.75,0.5625,1.79751,24,24,24
43.303,0,0,0,0,0.967652,0.99997,1,3,1,1,1,0,1,1.16724,0,0,3.19445,3.5,3.44445,1342.25,970,217.773,970,968.906,12.6797,107.648,107.18,13.4297,16.5703,705.682,51.75,0.9,0.552001,1.596,97.5,0.784314,1.17647,-0.75,0.546875,2.15762,23.25,23.25,23.25
43.336,0,0,0,0,0.965028,0.99997,1,3,1,1,1,0,1,1.17285,0,0,3.30556,4.33334,3.77778,1341.25,970,220.977,970,966.25,12.9141,106.195,106.172,14.7422,18.375,705.682,51.75,0.9,0.565334,1.596,97.5,1.56863,1.56863,-0.75,1.10938,2.51774,23.25,23.25,23.25
43.369,0,0,0,0,0.968568,0.99997,1.01456,3,1,1,1,0,1,1.17554,0,0,3.44445,4.36111,4.33334,1357,970,234.453,970,968.906,13.8984,106.195,106.172,16.5938,18.6797,705.682,51.75,0.992,0.634667,1.688,97.5,1.56863,1.56863,-0.75,1.1875,3.23643,24,24,24
43.403,0,0,0,0,0.969178,0.99997,1.02744,3,1,1,1,0,1,1.18091,0,0,3.55556,4.38889,4.27778,1365,970,238.203,970,968.906,14.1563,105.258,106.734,16.3125,18.0938,705.682,51.75,1.012,0.632001,1.708,97.5,1.96079,1.96079,-0.75,1.09375,3.23643,23.25,23.25,23.25
43.436,0,0,0,0,0.968629,0.99997,1.03635,3,1,1,1,0,1,1.18653,0,0,3.77778,4.55556,4.58334,1364.25,970,248.047,970,968.906,14.8594,105.68,107.133,17.5313,17.7891,705.682,51.75,1.088,0.672001,1.768,97.5,1.96079,1.96079,-0.75,0.984375,3.23643,23.25,23.25,23.25
43.469,0,0,0,0,0.968568,0.99997,1.04096,3,1,1,1,0,1,1.18921,0,0,3.94445,4.52778,4.66667,1362.5,970,253.711,970,968.867,15.2578,105.68,107.133,18.4922,17.9531,704.979,51.75,1.132,0.714668,1.812,97.5,1.96079,1.96079,-0.75,0.5,3.23643,23.25,23.25,23.25
43.503,0,0,0,0,0.969727,0.99997,1.04852,3,1,1,1,0,1,1.19727,0,0,3.97223,4.55556,4.61111,1359.75,970,260.586,970,968.906,15.75,105.961,106.945,17.625,17.9766,704.979,51.75,1.144,0.709334,1.824,97.5,1.96079,1.96079,-0.75,0.59375,3.23643,23.25,23.25,23.25
43.536,0,0,0,0,0.969544,0.99997,1.056,3,1,1,1,0,1,1.19458,0,0,4.08334,4.55556,4.5,1354.5,970,262.969,970,968.906,15.9141,105.703,106.664,17.2969,17.9531,704.979,51.75,1.136,0.722668,1.816,97.5,1.96079,1.96079,-0.75,0.671875,3.23643,24,24,24
43.569,0,0,0,0,0.969178,0.99997,1.06094,3,1,1,1,0,1,1.18653,0,0,4.13889,4.61111,4.69445,1353.75,970,268.906,970,968.906,16.3594,105.703,106.664,18.0938,18.0703,704.979,51.75,1.188,0.757334,1.868,97.5,1.96079,1.96079,-0.75,0.671875,3.59655,24.75,24.75,24.75
43.603,0,0,0,0,0.969422,0.99997,1.06903,3,1,1,1,0,1,1.1836,0,0,4.19445,4.61111,4.5,1355,970,270.469,970,968.906,16.4531,105.422,106.617,17.3672,17.7188,704.979,51.75,1.176,0.757334,1.856,97.5,1.96079,1.96079,-0.75,1.01563,3.59655,24.75,24.75,24.75
43.636,0,0,0,0,0.968995,0.99997,1.08176,3,1,1,1,0,1,1.18091,0,0,4.25,4.55556,4.52778,1359.5,970,273.555,970,968.906,16.6875,105.328,106.758,17.4141,17.625,704.979,51.75,1.208,0.768001,1.896,97.5,1.96079,1.96079,-0.75,0.953125,3.59655,25.5,25.5,25.5
43.669,0,0,0,0,0.968812,0.99997,1.09143,3,1,1,1,0,1,1.17822,0,0,4.30556,4.55556,4.5,1365,970,274.414,970,968.906,16.7578,105.328,106.758,17.25,17.4609,704.158,51.75,1.212,0.773334,1.9,97.5,1.96079,1.56863,-0.75,0.515625,3.95666,25.5,25.5,25.5
43.703,0,0,0,0,0.96869,0.99997,1.10019,3,1,1,1,0,1,1.17285,0,0,4.36111,4.55556,4.44445,1369.75,970,276.133,970,968.906,16.875,105.422,107.133,16.9922,17.3672,704.158,51.75,1.236,0.789334,1.916,97.5,1.96079,1.56863,-0.75,0.6875,3.95666,25.5,25.5,25.5
43.736,0,0,0,0,0.968323,0.99997,1.11081,3,1,1,1,0,1,1.16455,0,0,4.36111,4.55556,4.5,1367.25,970,276.68,970,968.906,16.8984,105.727,107.109,17.2266,17.2734,704.158,51.75,1.252,0.792001,1.932,97.5,1.96079,1.56863,-0.75,0.65625,3.95666,25.5,25.5,25.5
43.769,0,0,0,0,0.968079,0.99997,1.11862,3,1,1,1,0,1,1.15918,0,0,4.30556,4.55556,4.47223,1337.5,970,278.516,970,968.906,17.0391,105.727,107.109,17.5078,17.625,704.158,51.75,1.284,0.810668,1.964,97.5,1.96079,1.56863,-0.75,0.765625,3.95666,25.5,25.5,25.5
43.803,0,0,0,0,0.967713,0.99997,1.12296,3,1,1,1,0,1,1.1482,0,0,4.30556,4.55556,4.63889,1324.75,970,280.508,970,968.906,17.1797,105.563,106.031,18.3281,18.5156,704.158,51.75,1.3,0.810668,1.98,97.5,1.96079,1.56863,-0.75,0.84375,4.31525,25.5,25.5,26.25
43.836,0,0,0,0,0.967652,0.99997,1.13095,3,1,1,1,0,1,1.14014,0,0,4.30556,4.55556,4.44445,1323.25,970,281.836,970,968.906,17.2969,104.531,105.398,17.5781,18.6328,704.158,51.75,1.292,0.826668,1.98,97.5,1.96079,1.56863,-0.75,0.9375,4.31525,26.25,26.25,24.75
43.869,0,0,0,0,0.966981,0.99997,1.13413,3,1,1,1,0,1,1.13013,0,0,4.36111,4.52778,4.44445,1328.5,970,282.148,970,968.906,17.3203,104.531,105.398,17.5078,18.6328,703.279,51.75,1.304,0.834668,1.992,97.5,1.96079,1.96079,-0.75,0.8125,4.67536,26.25,26.25,25.5
43.903,0,0,0,0,0.966492,0.99997,1.13782,3,1,1,1,0,1,1.12256,0,0,4.36111,4.52778,4.38889,1338.25,970,282.031,970,968.906,17.2969,103.969,105.703,17.1563,18.4219,703.279,51.75,1.3,0.834668,1.98,97.5,1.96079,1.96079,-0.75,0.609375,4.67536,26.25,26.25,25.5
43.936,0,0,0,0,0.965455,0.99997,1.1416,3,1,1,1,0,1,1.11255,0,0,4.41667,4.52778,4.44445,1340.5,970,282.07,970,968.906,17.2969,104.273,106.148,17.3438,18.0703,703.279,51.75,1.304,0.834668,1.984,97.5,1.96079,1.96079,-0.75,0.796875,4.67536,26.25,26.25,26.25
43.969,0,0,0,0,0.964905,0.99997,1.14249,3,1,1,1,0,1,1.10254,0,0,4.36111,4.52778,4.33334,1328.5,970,281.953,970,968.906,17.2969,104.273,106.148,17.0625,18.1406,703.279,51.75,1.3,0.840001,1.98,97.5,1.96079,1.96079,-0.75,0.828125,4.67536,26.25,26.25,26.25
44.003,0,0,0,0,0.963929,0.99997,1.14395,3,1,1,1,0,1,1.09497,0,0,4.36111,4.52778,4.36111,1322,970,281.914,970,968.906,17.2969,104.625,105.703,17.2734,18.6563,703.279,51.75,1.304,0.832001,1.984,97.5,1.96079,1.96079,-0.75,1.01563,5.03547,26.25,26.25,40.5
44.036,0,0,0,0,0.962586,0.99997,1.14301,3,1,1,1,0,1,1.08057,0,0,4.30556,4.52778,4.38889,1320.25,970,282.305,970,968.906,17.3203,104.18,105.375,17.3906,19.0313,703.279,51.75,1.296,0.840001,1.976,97.5,1.96079,1.96079,-0.75,1.04688,5.39558,26.25,26.25,27
44.069,0,0,0,0,0.961793,0.99997,1.14258,3,1,1,1,0,1,1.07105,0,0,4.30556,4.52778,4.33334,1323,970,281.992,970,968.906,17.2969,104.18,105.375,17.1328,19.0781,702.4,51.75,1.304,0.834668,1.984,97.5,1.96079,1.96079,-0.75,0.921875,5.39558,26.25,26.25,26.25
44.103,0,0,0,0,0.960755,0.99997,1.14157,3,1,1,1,0,1,1.06177,0,0,4.36111,4.5,4.41667,1323.75,970,282.227,970,968.906,17.3203,103.875,105.492,17.4609,19.0078,702.4,51.75,1.312,0.840001,1.992,97.5,1.96079,1.96079,-0.75,0.453125,5.39558,26.25,26.25,26.25
44.136,0,0,0,0,0.960877,0.99997,1.13959,3,1,1,1,0,1,1.05005,0,0,4.36111,4.5,4.52778,1323.25,970,284.336,970,968.906,17.4609,103.969,105.516,17.9063,19.0781,702.4,51.75,1.332,0.858668,2.012,97.5,1.96079,1.96079,-0.75,0.859375,5.75417,27,27,24.75
44.169,0,0,0,0,0.960999,0.99997,1.13791,3,1,1,1,0,1,1.04199,0,0,4.36111,4.5,4.5,1320.75,970,284.922,970,968.906,17.5078,103.969,105.516,17.8359,19.3125,702.4,51.75,1.332,0.856001,2.012,97.5,1.96079,1.96079,-0.75,0.625,6.11428,26.25,26.25,25.5
44.203,0,0,0,0,0.960633,0.99997,1.13672,3,1,1,1,0,1,1.03589,0,0,4.36111,4.5,4.38889,1318,970,284.805,970,968.906,17.5078,103.992,105.398,17.4375,19.2656,702.4,51.75,1.32,0.848001,2,97.5,1.96079,1.96079,-0.75,0.765625,6.11428,27,27,26.25
44.236,0,0,0,0,0.959962,0.99997,1.13306,3,1,1,1,0,1,1.0249,0,0,4.36111,4.72223,4.66667,1315.25,970,287.578,970,968.906,17.6953,103.852,105.258,18.5625,19.7813,702.4,51.75,1.332,0.858668,2.012,97.5,1.96079,1.96079,-0.75,1.15625,6.83451,26.25,26.25,26.25
44.269,0,0,0,0,0.959656,0.99997,1.13138,3,1,1,1,0,1,1.02002,0,0,4.41667,4.66667,4.75,1314,970,289.453,970,968.906,17.8359,103.852,105.258,18.9141,19.8281,701.522,51.75,1.352,0.874668,2.032,97.5,1.96079,1.96079,-0.75,0.9375,6.83451,27,27,26.25
44.303,0,0,0,0,0.95984,0.99997,1.12866,3,1,1,1,0,1,1.01489,0,0,4.41667,4.86111,4.75,1313.5,970,291.133,970,968.906,17.9531,103.711,105.164,18.9141,19.8516,701.522,51.75,1.34,0.869334,2.02,97.5,1.96079,1.96079,-0.75,0.59375,6.83451,27,27,26.25
44.336,0,0,0,0,0.959412,0.99997,1.12683,3,1,1,1,0,1,1.01001,0,0,4.52778,4.86111,4.91667,1313.25,970,295.625,970,968.906,18.2813,103.664,105.164,19.5938,19.7344,701.522,51.75,1.348,0.861334,2.028,97.5,1.96079,1.96079,-0.75,0.5625,6.83451,27,27,26.25
44.369,0,0,0,0,0.959717,0.99997,1.12567,3,1,1,1,0,1,1.00733,0,0,4.58334,4.86111,4.86111,1313.5,970,297.305,970,968.906,18.3984,103.664,105.164,19.3594,19.6406,701.522,51.75,1.34,0.869334,2.02,97.5,1.96079,1.96079,-0.75,0.65625,6.83451,27.75,27.75,26.25
44.403,0,0,0,0,0.95984,0.99997,1.12341,3,1,1,1,0,1,1.00366,0,0,4.63889,4.86111,4.86111,1312.5,970,300.43,970,968.906,18.6094,103.641,105.164,19.3828,19.6406,701.522,51.75,1.352,0.877334,2.04,97.5,1.96079,1.96079,-0.75,0.890625,6.83451,27.75,27.75,26.25
44.436,0,0,0,0,0.959901,0.99997,1.11792,3,1,1,1,0,1,0.992677,0,0,4.66667,4.86111,5,1311.5,970,302.5,970,968.906,18.7734,103.641,105.07,19.9453,19.5938,701.522,51.75,1.368,0.888001,2.056,97.5,1.96079,1.96079,-0.75,1.09375,6.83451,27.75,27.75,26.25
44.469,0,0,0,0,0.959901,0.99997,1.11725,3,1,1,1,0,1,0.991212,0,0,4.63889,4.86111,4.80556,1308.25,970,302.852,970,968.906,18.7969,103.641,105.07,19.2422,19.6406,700.623,51.75,1.352,0.861334,2.04,97.5,1.96079,1.96079,-0.75,1.0625,6.83451,29.25,29.25,27.75
44.503,0,0,0,0,0.959229,0.99997,1.11621,3,1,1,1,0,1,0.991212,0,0,4.66667,4.83334,4.91667,1305,970,304.258,970,968.906,18.8906,103.547,104.953,19.7109,19.6641,700.623,51.75,1.428,0.874668,2.116,97.5,1.96079,1.96079,-0.75,0.921875,6.83451,29.25,29.25,27.75
44.536,0,0,0,0,0.959717,0.99997,1.1131,3,1,1,1,0,1,0.989992,0,0,4.66667,4.86111,4.77778,1304,970,305.664,970,968.906,19.0313,103.664,104.813,19.1719,19.6641,700.623,51.75,1.408,0.925334,2.088,97.5,1.96079,1.96079,-0.75,0.65625,6.83451,28.5,28.5,29.25
44.569,0,0,0,0,0.959412,0.99997,1.11145,3,1,1,1,0,1,0.989992,0,0,4.72223,4.86111,4.75,1306.5,970,305.664,970,968.906,19.0313,103.664,104.813,19.0313,19.7109,700.623,51.75,1.404,0.914668,2.084,97.5,1.96079,1.96079,-0.75,0.515625,6.83451,28.5,28.5,27.75
44.603,0,0,0,0,0.958802,0.99997,1.10928,3,1,1,1,0,1,0.988527,0,0,4.72223,4.83334,4.88889,1306,970,306.523,970,968.906,19.1016,103.313,104.906,19.5938,19.7109,700.623,51.75,1.42,0.925334,2.1,97.5,1.96079,1.96079,-0.75,0.703125,6.83451,28.5,28.5,27
44.636,0,0,0,0,0.959229,0.99997,1.10742,3,1,1,1,0,1,0.988527,0,0,4.72223,4.83334,4.63889,1304,970,306.445,970,968.906,19.1016,103.383,104.836,18.6094,19.7344,700.623,51.75,1.396,0.928001,2.076,97.5,1.96079,1.96079,-0.75,0.875,6.83451,28.5,28.5,26.25
44.669,0,0,0,0,0.957947,0.99997,1.10611,3,1,1,1,0,1,0.988527,0,0,4.72223,4.83334,4.94445,1303,970,307.617,970,968.906,19.1719,103.383,104.836,19.875,19.6641,699.686,51.75,1.428,0.930668,2.108,97.5,1.96079,1.96079,-0.75,1.23438,6.83451,28.5,28.5,26.25
44.703,0,0,0,0,0.958619,0.99997,1.10455,3,1,1,1,0,1,0.988527,0,0,4.72223,4.83334,4.77778,1299.75,970,308.711,970,968.906,19.2656,103.313,104.695,19.2422,19.7109,699.686,52.5,1.412,0.933334,2.092,97.5,1.96079,1.96079,-0.75,1.14063,6.83451,29.25,29.25,28.5
44.736,0,0,0,0,0.95868,0.99997,1.10324,3,1,1,1,0,1,0.988527,0,0,4.72223,4.83334,4.86111,1299,970,309.219,970,968.906,19.2891,103.195,104.625,19.5938,19.7578,699.686,52.5,1.424,0.928001,2.104,97.5,1.96079,1.96079,-0.75,0.65625,6.83451,29.25,29.25,28.5
44.769,0,0,0,0,0.958619,0.99997,1.10141,3,1,1,1,0,1,0.987306,0,0,4.72223,4.83334,4.88889,1299,970,309.766,970,968.906,19.3359,103.195,104.625,19.6875,19.7813,699.686,52.5,1.424,0.920001,2.104,97.5,1.96079,1.96079,-0.75,0.4375,6.83451,29.25,29.25,28.5
44.803,0,0,0,0,0.95868,0.99997,1.10098,3,1,1,1,0,1,0.987306,0,0,4.72223,4.86111,4.80556,1298.25,970,309.805,970,968.906,19.3359,103.125,104.625,19.3828,19.7813,699.686,52.5,1.348,0.928001,2.028,97.5,1.96079,1.96079,-0.75,0.671875,6.83451,29.25,29.25,27.75
44.836,0,0,0,0,0.958253,0.99997,1.10019,3,1,1,1,0,1,0.986085,0,0,4.72223,4.80556,4.69445,1296.5,970,308.75,970,968.906,19.2656,103.125,104.578,18.9609,19.7578,699.686,52.5,1.34,0.874668,2.02,97.5,1.96079,1.96079,-0.75,0.8125,6.83451,29.25,29.25,27.75
44.869,0,0,0,0,0.957703,0.99997,1.09937,3,1,1,1,0,1,0.984865,0,0,4.72223,4.80556,4.72223,1293.75,970,308.477,970,968.906,19.2422,103.125,104.578,19.1016,19.7578,698.768,52.5,1.344,0.872001,2.024,97.5,1.96079,1.96079,-0.75,0.78125,6.83451,29.25,29.25,27.75
44.903,0,0,0,0,0.957154,0.99997,1.09778,3,1,1,1,0,1,0.983644,0,0,4.72223,4.75,4.75,1294.5,970,308.438,970,968.906,19.2422,103.078,104.438,19.2188,19.7344,698.768,52.5,1.352,0.877334,2.032,97.5,1.96079,1.96079,-0.75,1,6.83451,30,30,30.75
44.936,0,0,0,0,0.957032,0.99997,1.09644,3,1,1,1,0,1,0.979982,0,0,4.72223,4.75,4.80556,1293.25,970,308.555,970,968.906,19.2422,102.961,104.438,19.4531,19.7813,698.768,52.5,1.352,0.874668,2.04,97.5,1.96079,1.96079,-0.75,0.90625,6.83451,30,30,30.75
44.969,0,0,0,0,0.957398,0.99997,1.09534,3,1,1,1,0,1,0.977296,0,0,4.66667,4.75,4.69445,1291.75,970,308.164,970,968.906,19.2188,102.961,104.438,19.0078,19.8281,698.768,52.5,1.34,0.869334,2.028,97.5,1.96079,1.96079,-0.75,0.609375,6.83451,29.25,29.25,30
45.003,0,0,0,0,0.957276,0.99997,1.09396,3,1,1,1,0,1,0.976076,0,0,4.66667,4.75,4.80556,1289.25,970,309.023,970,968.906,19.2891,102.961,104.367,19.5234,19.8281,698.768,52.5,1.352,0.877334,2.04,97.5,1.96079,1.96079,-0.75,0.6875,6.83451,29.25,29.25,30
45.036,0,0,0,0,0.957764,0.99997,1.09396,3,1,1,1,0,1,0.976076,0,0,4.72223,4.77778,4.72223,1291,970,308.789,970,968.906,19.2656,102.891,104.32,19.1484,19.8516,698.768,52.5,1.348,0.874668,2.036,97.5,1.96079,1.96079,-0.75,0.796875,6.83451,29.25,29.25,30
45.069,0,0,0,0,0.957276,0.99997,1.09314,3,1,1,1,0,1,0.976076,0,0,4.66667,4.75,4.91667,1290,970,309.492,970,968.906,19.3125,102.891,104.32,19.9453,19.8281,697.85,52.5,1.368,0.869334,2.056,97.5,1.96079,1.96079,-0.75,0.78125,6.83451,29.25,29.25,30
45.103,0,0,0,0,0.957703,0.99997,1.09293,3,1,1,1,0,1,0.976076,0,0,4.72223,4.77778,4.72223,1289.75,970,309.258,970,968.906,19.2891,102.867,104.297,19.1719,19.8516,697.85,52.5,1.412,0.885334,2.1,97.5,1.96079,1.96079,-0.75,1.09375,6.83451,29.25,29.25,30.75
45.136,0,0,0,0,0.957886,0.99997,1.09207,3,1,1,1,0,1,0.977296,0,0,4.72223,4.77778,4.69445,1286.5,970,309.531,970,968.906,19.3125,102.844,104.203,19.1016,19.9922,697.85,52.5,1.396,0.925334,2.076,97.5,1.96079,1.96079,-0.75,0.921875,6.83451,29.25,29.25,27.75
45.169,0,0,0,0,0.957703,0.99997,1.09039,3,1,1,1,0,1,0.977296,0,0,4.72223,4.77778,4.88889,1285.75,970,310.43,970,968.906,19.3828,102.844,104.203,19.8984,20.0156,697.85,52.5,1.424,0.928001,2.104,97.5,1.96079,1.96079,-0.75,0.90625,6.83451,29.25,29.25,27.75
45.203,0,0,0,0,0.957886,0.99997,1.0903,3,1,1,1,0,1,0.979982,0,0,4.72223,4.80556,4.72223,1284.5,970,310.195,970,968.906,19.3594,102.75,104.133,19.2422,20.1094,697.85,52.5,1.404,0.917334,2.084,97.5,1.96079,1.96079,-0.75,0.75,6.83451,29.25,29.25,27.75
45.236,0,0,0,0,0.95691,0.99997,1.08933,3,1,1,1,0,1,0.981203,0,0,4.66667,4.75,4.80556,1281.25,970,310.039,970,968.906,19.3594,102.68,104.039,19.6406,20.0625,697.85,52.5,1.42,0.909334,2.1,97.5,1.96079,1.96079,-0.75,0.546875,6.83451,30,30,30
45.269,0,0,0,0,0.956788,0.99997,1.08884,3,1,1,1,0,1,0.982423,0,0,4.66667,4.75,4.66667,1281,970,309.57,970,968.906,19.3125,102.68,104.039,19.0781,20.1328,696.971,52.5,1.396,0.912001,2.076,97.5,1.96079,1.96079,-0.75,0.78125,6.83451,30,30,30
45.303,0,0,0,0,0.956483,0.99997,1.08829,3,1,1,1,0,1,0.983644,0,0,4.66667,4.75,4.75,1282,970,309.688,970,968.906,19.3359,102.609,103.969,19.4063,20.1328,696.971,52.5,1.408,0.917334,2.088,97.5,1.96079,1.96079,-0.75,0.875,6.83451,30,30,30
45.336,0,0,0,0,0.956605,0.99997,1.08698,3,1,1,1,0,1,0.983644,0,0,4.66667,4.80556,4.75,1281.75,970,310.117,970,968.906,19.3594,102.563,103.992,19.4063,20.2266,696.971,52.5,1.408,0.920001,2.112,97.5,1.96079,1.96079,-0.75,1.09375,6.83451,29.25,29.25,28.5
45.369,0,0,0,0,0.956483,0.99997,1.0867,3,1,1,1,0,1,0.984865,0,0,4.66667,4.75,4.75,1281.5,970,310.156,970,968.906,19.3594,102.563,103.992,19.4063,20.2734,696.971,52.5,1.408,0.917334,2.112,97.5,1.96079,1.96079,-0.75,0.921875,6.83451,29.25,29.25,27.75
45.403,0,0,0,0,0.956544,0.99997,1.08554,3,1,1,1,0,1,0.984865,0,0,4.66667,4.80556,4.75,1279.75,970,310.625,970,968.906,19.4063,102.563,103.922,19.4297,20.3203,696.971,52.5,1.336,0.922668,2.024,97.5,1.96079,1.96079,-0.75,0.609375,6.83451,29.25,29.25,27.75
45.436,0,0,0,0,0.956605,0.99997,1.08554,3,1,1,1,0,1,0.984865,0,0,4.72223,4.75,4.86111,1278.25,970,311.367,970,968.906,19.4531,102.516,103.875,19.8984,20.2969,696.971,52.5,1.356,0.885334,2.044,97.5,1.96079,1.96079,-0.75,0.578125,6.83451,29.25,29.25,27.75
45.469,0,0,0,0,0.957032,0.99997,1.0856,3,1,1,1,0,1,0.984865,0,0,4.66667,4.75,4.72223,1274.5,970,311.133,970,968.906,19.4297,102.516,103.875,19.3828,20.3438,696.053,52.5,1.348,0.877334,2.036,97.5,1.96079,1.96079,-0.75,0.65625,6.83451,30,30,30
45.503,0,0,0,0,0.956849,0.99997,1.08484,3,1,1,1,0,1,0.983644,0,0,4.66667,4.77778,4.75,1274.75,970,310.313,970,968.906,19.3828,102.469,103.734,18.9141,20.3906,696.053,52.5,1.332,0.880001,2.02,97.5,1.96079,1.96079,-0.75,0.796875,6.83451,29.25,29.25,30
45.536,0,0,0,0,0.955811,0.99997,1.08371,3,1,1,1,0,1,0.982423,0,0,4.66667,4.75,4.77778,1273,970,310.938,970,968.906,19.4297,102.352,103.688,19.7578,20.4375,696.053,52.5,1.348,0.874668,2.028,97.5,1.96079,1.96079,-0.75,1.10938,6.83451,29.25,29.25,30
45.569,0,0,0,0,0.955994,0.99997,1.08389,3,1,1,1,0,1,0.982423,0,0,4.66667,4.80556,4.86111,1273.75,970,311.914,970,968.906,19.5,102.352,103.688,20.0625,20.4844,696.053,52.5,1.356,0.885334,2.036,97.5,1.96079,1.96079,-0.75,1.09375,6.83451,29.25,29.25,30
45.603,0,0,0,0,0.956361,0.99997,1.0827,3,1,1,1,0,1,0.979982,0,0,4.66667,4.80556,4.75,1273.75,970,312.031,970,968.906,19.5,102.305,103.711,19.5938,20.4609,696.053,52.5,1.348,0.880001,2.028,97.5,1.96079,1.96079,-0.75,0.8125,6.83451,29.25,29.25,30
45.636,0,0,0,0,0.956177,0.99997,1.08289,3,1,1,1,0,1,0.979982,0,0,4.66667,4.80556,4.86111,1271.5,970,312.852,970,968.906,19.5703,102.328,103.664,20.0625,20.4844,696.053,52.5,1.356,0.880001,2.024,97.5,1.96079,1.96079,-0.75,0.734375,6.83451,29.25,29.25,30.75
45.669,0,0,0,0,0.956544,0.99997,1.08279,3,1,1,1,0,1,0.979982,0,0,4.66667,4.80556,4.75,1270.25,970,312.852,970,968.906,19.5703,102.328,103.664,19.5938,20.6719,695.193,52.5,1.352,0.882668,2.02,97.5,1.96079,1.96079,-0.75,0.375,6.83451,29.25,29.25,28.5
45.703,0,0,0,0,0.956361,0.99997,1.08249,3,1,1,1,0,1,0.979982,0,0,4.72223,4.80556,4.80556,1270,970,313.242,970,968.906,19.5938,102.281,103.57,19.8281,20.7188,695.193,52.5,1.356,0.885334,2.024,97.5,1.96079,1.96079,-0.75,0.71875,6.83451,29.25,29.25,28.5
45.736,0,0,0,0,0.956544,0.99997,1.08164,3,1,1,1,0,1,0.981203,0,0,4.72223,4.80556,4.88889,1266.25,970,314.883,970,968.906,19.7109,102.211,103.43,20.2266,20.8125,695.193,52.5,1.42,0.930668,2.116,97.5,1.96079,1.96079,-0.75,1.0625,6.83451,29.25,29.25,28.5
45.769,0,0,0,0,0.956849,0.99997,1.08112,3,1,1,1,0,1,0.982423,0,0,4.72223,4.80556,4.75,1264.75,970,314.844,970,968.906,19.7109,102.211,103.43,19.6875,20.8594,695.193,52.5,1.412,0.928001,2.108,97.5,1.96079,2.35294,-0.75,1.01563,6.83451,29.25,29.25,27.75
45.803,0,0,0,0,0.956422,0.99997,1.08038,3,1,1,1,0,1,0.983644,0,0,4.72223,4.86111,4.75,1267.25,970,314.414,970,968.906,19.6641,102.07,103.453,19.6172,20.8125,695.193,52.5,1.412,0.925334,2.1,97.5,2.35294,2.35294,-0.75,1,6.83451,30,30,27
45.836,0,0,0,0,0.955567,0.99997,1.08051,3,1,1,1,0,1,0.986085,0,0,4.72223,4.91667,4.86111,1269.25,970,315,970,968.906,19.7109,102.094,103.547,20.0391,20.6719,695.193,52.5,1.416,0.930668,2.104,97.5,2.35294,2.35294,-0.75,0.609375,6.83451,30,30,27.75
45.869,0,0,0,0,0.957886,0.99997,1.07993,3,1,1,1,0,1,0.987306,0,0,4.72223,4.91667,4.80556,1264.5,970,314.883,970,971.523,19.7109,102.094,103.547,19.3125,20.6953,694.295,52.5,1.4,0.933334,2.088,97.5,2.35294,2.35294,-0.75,0.609375,6.83451,30.75,30.75,30
45.903,0,0,0,0,0.954224,0.99997,1.08014,3,1,1,1,0,1,0.988527,0,0,4.72223,4.88889,5.02778,1262.75,970,316.836,970,968.906,19.8516,102.211,103.359,20.9766,20.7891,694.295,52.5,1.436,0.920001,2.124,97.5,2.35294,2.35294,-0.75,0.4375,6.83451,29.25,29.25,29.25
45.936,0,0,0,0,0.954102,0.99997,1.0802,3,1,1,1,0,1,0.992677,0,0,4.72223,4.88889,4.88889,1259.5,970,318.008,970,968.906,19.9219,102.023,103.266,20.5547,20.8828,694.295,52.5,1.432,0.933334,2.112,97.5,2.35294,2.35294,-0.75,0.578125,6.83451,30,30,30
45.969,0,0,0,0,0.954041,0.99997,1.07916,3,1,1,1,0,1,0.992677,0,0,4.77778,4.91667,4.94445,1259.5,970,319.219,970,968.906,20.0156,102.023,103.266,20.7188,20.9531,694.295,52.5,1.44,0.946668,2.12,97.5,2.35294,2.35294,-0.75,0.6875,6.83451,30,30,30
46.003,0,0,0,0,0.956971,0.99997,1.07944,3,1,1,1,0,1,0.994142,0,0,4.77778,4.97223,4.94445,1259.75,970,320.234,970,971.484,20.0859,101.93,103.172,20.6719,20.9531,694.295,52.5,1.376,0.946668,2.056,96.75,2.35294,2.35294,-0.75,0.953125,6.83451,30,30,30
46.036,0,0,0,0,0.954102,0.99997,1.07987,3,1,1,1,0,1,0.994142,0,0,4.77778,4.91667,4.94445,1261,970,321.367,970,968.906,20.1797,101.859,103.195,20.7656,20.9297,694.295,52.5,1.388,0.898668,2.068,96.75,2.35294,2.35294,-0.75,1.09375,6.83451,30.75,30.75,30
46.069,0,0,0,0,0.954285,0.99997,1.0799,3,1,1,1,0,1,0.995607,0,0,4.83334,4.91667,4.91667,1260.5,970,321.953,970,968.906,20.2031,101.859,103.195,20.5781,20.9297,693.416,52.5,1.384,0.906668,2.064,96.75,2.35294,2.35294,-0.75,0.671875,6.83451,30.75,30.75,30
46.103,0,0,0,0,0.954468,0.99997,1.07959,3,1,1,1,0,1,0.994142,0,0,4.83334,4.97223,5.02778,1259.25,970,323.242,970,968.906,20.2969,101.883,103.219,21.0469,20.9531,693.416,52.5,1.4,0.917334,2.08,96.75,2.35294,2.35294,-0.75,0.53125,6.83451,30,30,30
46.136,0,0,0,0,0.954224,0.99997,1.07959,3,1,1,1,0,1,0.994142,0,0,4.83334,4.91667,4.88889,1255.5,970,322.891,970,968.906,20.2734,101.906,103.102,20.4844,21.0469,693.416,52.5,1.392,0.906668,2.072,96.75,2.35294,2.35294,-0.75,0.625,6.83451,30.75,30.75,30
46.169,0,0,0,0,0.956727,0.99997,1.07996,3,1,1,1,0,1,0.994142,0,0,4.77778,4.91667,4.80556,1255,970,322.617,970,971.484,20.25,101.906,103.102,20.1094,21.0703,693.416,52.5,1.384,0.906668,2.064,96.75,2.35294,2.35294,-0.75,0.796875,6.83451,30.75,30.75,29.25
46.203,0,0,0,0,0.953614,0.99997,1.08023,3,1,1,1,0,1,0.994142,0,0,4.77778,4.94445,4.94445,1255.25,970,322.344,970,968.906,20.25,101.813,103.008,20.0859,21.0938,693.416,52.5,1.388,0.909334,2.068,97.5,2.35294,2.35294,-0.75,0.96875,6.83451,30.75,30.75,29.25
46.236,0,0,0,0,0.953065,0.99997,1.08078,3,1,1,1,0,1,0.994142,0,0,4.77778,4.91667,4.75,1253,970,321.172,970,968.906,20.1563,101.719,102.938,19.4063,21.1406,693.416,52.5,1.372,0.909334,2.06,97.5,2.35294,2.35294,-0.75,1.01563,6.83451,30.75,30.75,30
46.269,0,0,0,0,0.954774,0.99997,1.08115,3,1,1,1,0,1,0.994142,0,0,4.77778,4.91667,4.97223,1253.75,970,322.5,970,971.523,20.25,101.719,102.938,21.0234,21.1172,692.537,52.5,1.396,0.914668,2.084,97.5,2.35294,2.35294,-0.75,0.859375,6.83451,30.75,30.75,29.25
46.303,0,0,0,0,0.952149,0.99997,1.08222,3,1,1,1,0,1,0.995607,0,0,4.77778,4.94445,5,1252.25,970,322.852,970,968.906,20.2734,101.648,102.914,21.1875,21.1406,692.537,52.5,1.468,0.901334,2.148,96.75,2.35294,2.35294,-0.75,1,6.83451,30,30,29.25
46.336,0,0,0,0,0.951966,0.99997,1.08154,3,1,1,1,0,1,0.995607,0,0,4.77778,4.91667,4.77778,1250.75,970,322.773,970,968.906,20.2734,101.648,102.867,20.2266,21.4688,692.537,52.5,1.452,0.957335,2.132,96.75,2.35294,2.35294,-0.75,0.625,7.19309,30.75,30.75,29.25
46.369,0,0,0,0,0.951539,0.99997,1.08179,3,1,1,1,0,1,0.997072,0,0,4.77778,4.91667,4.94445,1249.25,970,323.828,970,968.906,20.3438,101.648,102.867,20.8594,21.4922,692.537,52.5,1.464,0.957335,2.144,96.75,2.35294,2.35294,-0.75,0.546875,7.19309,31.5,31.5,29.25
46.403,0,0,0,0,0.954224,0.99997,1.08185,3,1,1,1,0,1,0.998537,0,0,4.77778,4.97223,4.77778,1250.25,970,322.5,970,971.523,20.25,101.602,102.797,19.5,21.5625,692.537,52.5,1.44,0.965335,2.12,97.5,2.35294,2.35294,-0.75,0.78125,7.19309,30.75,30.75,28.5
46.436,0,0,0,0,0.95044,0.99997,1.08313,3,1,1,1,0,1,1.00171,0,0,4.77778,5.02778,4.91667,1249.5,970,323.359,970,968.906,20.3203,101.555,102.82,20.8125,21.9844,692.537,52.5,1.46,0.962668,2.148,97.5,2.35294,2.35294,-0.75,0.921875,7.55321,31.5,31.5,29.25
46.469,0,0,0,0,0.950806,0.99997,1.08258,3,1,1,1,0,1,1.00171,0,0,4.83334,5.08334,4.94445,1247.75,970,326.094,970,968.906,20.5078,101.555,102.82,20.8828,22.0781,691.658,52.5,1.468,0.978668,2.156,97.5,2.35294,2.35294,-0.75,1.01563,7.55321,30,30,29.25
46.503,0,0,0,0,0.950623,0.99997,1.08368,3,1,1,1,0,1,1.00488,0,0,4.83334,5.05556,5.13889,1246.25,970,327.891,970,968.906,20.6484,101.555,102.75,21.6797,22.1953,691.658,52.5,1.492,0.970668,2.18,96.75,2.35294,2.35294,-0.75,0.90625,7.55321,30.75,30.75,28.5
46.536,0,0,0,0,0.950989,0.99997,1.08414,3,1,1,1,0,1,1.00733,0,0,4.88889,5.19445,5.25,1246.75,970,330.938,970,968.906,20.8594,101.508,102.727,22.1016,22.2188,691.658,52.5,1.504,0.984001,2.184,96.75,2.35294,2.35294,-0.75,0.546875,7.55321,30,30,29.25
46.569,0,0,0,0,0.951112,0.99997,1.08377,3,1,1,1,0,1,1.00733,0,0,4.94445,5.19445,5.16667,1245.75,970,332.344,970,968.906,20.9531,101.508,102.727,21.7734,22.2188,691.658,52.5,1.504,0.997335,2.184,96.75,2.35294,2.35294,-0.75,0.59375,7.55321,30,30,29.25
46.603,0,0,0,0,0.951112,0.99997,1.08432,3,1,1,1,0,1,1.00855,0,0,4.94445,5.19445,5.22223,1245.5,970,333.984,970,968.906,21.0703,101.484,102.68,22.0078,22.2656,691.658,52.5,1.448,0.997335,2.128,96.75,2.35294,2.35294,-0.75,0.6875,7.55321,30.75,30.75,28.5
46.636,0,0,0,0,0.951478,0.99997,1.08511,3,1,1,1,0,1,1.00855,0,0,5,5.19445,5.25,1243.5,970,337.07,970,968.906,21.3047,101.438,102.609,22.125,22.875,691.658,52.5,1.472,0.965335,2.152,96.75,2.35294,2.35294,-0.75,0.703125,7.91332,30,30,29.25
46.669,0,0,0,0,0.951844,0.99997,1.08588,3,1,1,1,0,1,1.00855,0,0,5.05556,5.13889,5.30556,1244,970,338.711,970,968.906,21.4219,101.438,102.609,22.3594,22.8984,690.76,52.5,1.48,0.978668,2.16,96.75,2.35294,2.35294,-0.75,0.890625,7.91332,30,30,28.5
46.703,0,0,0,0,0.952759,0.99997,1.08655,3,1,1,1,0,1,1.00855,0,0,5.05556,5.19445,5.22223,1243,970,339.609,970,968.906,21.4688,101.391,102.609,22.0078,22.9219,690.76,52.5,1.48,0.978668,2.16,97.5,2.35294,2.7451,-0.75,1.03125,7.91332,30.75,30.75,28.5
46.736,0,0,0,0,0.953126,0.99997,1.08682,3,1,1,1,0,1,1.00733,0,0,5.11112,5.33334,5.41667,1242,970,342.93,970,968.906,21.7266,101.391,102.586,22.8516,22.9219,690.76,52.5,1.504,0.984001,2.184,97.5,2.7451,2.7451,-0.75,0.828125,7.91332,30.75,30.75,28.5
46.769,0,0,0,0,0.953614,0.99997,1.08768,3,1,1,1,0,1,1.00733,0,0,5.16667,5.33334,5.5,1240.25,970,345.234,970,968.906,21.8906,101.391,102.586,23.2031,23.0156,690.76,52.5,1.516,1.00533,2.196,97.5,2.7451,2.7451,-0.75,0.53125,7.91332,30,30,29.25
46.803,0,0,0,0,0.954285,0.99997,1.08807,3,1,1,1,0,1,1.00611,0,0,5.16667,5.38889,5.44445,1242,970,346.875,970,968.906,22.0078,101.367,102.469,22.9453,22.9922,690.76,52.5,1.516,1.00533,2.196,96.75,2.7451,2.7451,-0.75,0.546875,7.91332,30,30,29.25
46.836,0,0,0,0,0.957032,0.99997,1.08902,3,1,1,1,0,1,1.00611,0,0,5.22223,5.36112,5.41667,1243,970,347.813,970,971.523,22.0547,101.25,102.539,22.2188,22.9453,690.76,52.5,1.512,1.00267,2.192,96.75,2.7451,2.7451,-0.75,0.546875,7.91332,30.75,30.75,27.75
46.869,0,0,0,0,0.954224,0.99997,1.08994,3,1,1,1,0,1,1.00611,0,0,5.22223,5.36112,5.5,1241.5,970,348.867,970,968.906,22.1484,101.25,102.539,22.7344,22.9688,689.861,52.5,1.524,1.01067,2.204,96.75,2.7451,2.7451,-0.75,0.90625,7.91332,30.75,30.75,27.75
46.903,0,0,0,0,0.954346,0.99997,1.09003,3,1,1,1,0,1,1.00611,0,0,5.22223,5.38889,5.47223,1240.25,970,351.133,970,968.906,22.3125,101.344,102.516,23.2734,22.8516,689.861,52.5,1.62,1.01067,2.308,96.75,2.7451,2.7451,-0.75,1,7.91332,30,30,35.25
46.936,0,0,0,0,0.955018,0.99997,1.09049,3,1,1,1,0,1,1.00733,0,0,5.27778,5.33334,5.36112,1241.5,970,351.758,970,968.906,22.3359,101.32,102.516,22.7344,22.875,689.861,52.5,1.6,1.06933,2.288,96.75,2.7451,2.7451,-0.75,0.828125,7.91332,30,30,35.25
46.969,0,0,0,0,0.955506,0.99997,1.09103,3,1,1,1,0,1,1.00855,0,0,5.27778,5.33334,5.47223,1240.75,970,353.086,970,968.906,22.4297,101.32,102.516,23.2031,22.9219,689.861,52.5,1.616,1.08,2.304,96.75,2.7451,2.35294,-0.75,0.921875,7.91332,30.75,30.75,35.25
47.003,0,0,0,0,0.958741,0.99997,1.09097,3,1,1,1,0,1,1.00855,0,0,5.27778,5.36112,5.5,1238.75,970,353.984,970,971.523,22.5,101.32,102.445,22.7344,22.9922,689.861,52.5,1.616,1.07467,2.296,96.75,2.7451,2.35294,-0.75,0.578125,7.91332,28.5,28.5,34.5
47.036,0,0,0,0,0.956361,0.99997,1.09201,3,1,1,1,0,1,1.01001,0,0,5.27778,5.36112,5.5,1238.5,970,354.531,970,968.906,22.5469,101.25,102.422,22.8516,23.1328,689.861,52.5,1.624,1.08,2.304,96.75,2.7451,2.35294,-0.75,0.453125,7.91332,28.5,28.5,27
47.069,0,0,0,0,0.959534,0.99997,1.09268,3,1,1,1,0,1,1.01148,0,0,5.30556,5.36112,5.38889,1238.25,970,355.82,970,971.523,22.6406,101.25,102.422,22.4063,23.1094,688.904,52.5,1.624,1.096,2.304,96.75,2.7451,2.35294,-0.75,0.625,7.91332,29.25,29.25,27
47.103,0,0,0,0,0.959717,0.99997,1.09253,3,1,1,1,0,1,1.01148,0,0,5.30556,5.33334,5.41667,1237,970,355.82,970,971.523,22.6406,101.227,102.398,22.6406,23.1563,688.904,52.5,1.632,1.07733,2.312,96.75,2.7451,2.7451,-0.75,0.75,7.91332,28.5,28.5,27
47.136,0,0,0,0,0.960084,0.99997,1.09204,3,1,1,1,0,1,1.01001,0,0,5.30556,5.36112,5.5,1234.75,970,357.461,970,971.523,22.7578,101.227,102.281,23.6953,23.2734,688.904,52.5,1.656,1.09867,2.336,96.75,2.7451,2.7451,-0.75,1.28125,7.91332,28.5,28.5,27
47.169,0,0,0,0,0.960938,0.99997,1.0921,3,1,1,1,0,1,1.01001,0,0,5.30556,5.36112,5.36112,1234,970,357.461,970,971.523,22.7578,101.227,102.281,22.5469,23.3203,688.904,52.5,1.632,1.09067,2.312,96.75,2.7451,2.7451,-0.75,1.07813,7.91332,28.5,28.5,27.75
47.203,0,0,0,0,0.960877,0.99997,1.09192,3,1,1,1,0,1,1.00855,0,0,5.30556,5.36112,5.47223,1234.25,970,357.891,970,971.523,22.7813,101.109,102.258,23.0391,23.3203,688.904,52.5,1.572,1.08267,2.252,96.75,2.7451,2.7451,-0.75,1.07813,7.91332,29.25,29.25,27
47.236,0,0,0,0,0.959046,0.99997,1.09308,3,1,1,1,0,1,1.00855,0,0,5.30556,5.36112,5.38889,1231.25,970,359.766,970,968.906,22.9219,101.086,102.258,23.4141,23.8359,688.904,52.5,1.588,1.05067,2.268,96.75,2.7451,2.7451,-0.75,0.703125,8.27343,28.5,28.5,27
47.269,0,0,0,0,0.959779,0.99997,1.0925,3,1,1,1,0,1,1.00611,0,0,5.36112,5.36112,5.47223,1230,970,360.938,970,968.906,22.9922,101.086,102.258,23.6719,24.5625,687.967,52.5,1.6,1.06133,2.28,96.75,2.7451,2.7451,-0.75,0.546875,8.63202,28.5,28.5,27
47.303,0,0,0,0,0.960694,0.99997,1.09259,3,1,1,1,0,1,1.00488,0,0,5.36112,5.44445,5.44445,1229.5,970,360.781,970,968.906,22.9922,101.086,102.094,22.8984,24.6094,687.967,52.5,1.58,1.06133,2.26,96.75,2.7451,2.7451,-0.75,0.6875,8.63202,29.25,29.25,27
47.336,0,0,0,0,0.963196,0.99997,1.09253,3,1,1,1,0,1,1.00171,0,0,5.36112,5.61112,5.36112,1232.75,970,360.625,970,971.523,22.9922,100.969,102.141,22.4531,25.6875,687.967,52.5,1.572,1.06133,2.26,96.75,2.7451,2.7451,-0.75,0.671875,9.35224,28.5,28.5,27
47.369,0,0,0,0,0.962098,0.99997,1.09128,3,1,1,1,0,1,0.997072,0,0,5.41667,5.58334,5.66667,1233,970,362.813,970,971.484,23.1328,100.969,102.141,24.3984,27.1172,687.967,52.5,1.616,1.072,2.304,96.75,2.7451,2.7451,-0.75,1.0625,10.0709,28.5,28.5,27
47.403,0,0,0,0,0.960511,0.99997,1.09219,3,1,1,1,0,1,0.998537,0,0,5.41667,5.63889,5.61112,1231,970,363.438,970,968.906,23.1797,101.016,102.211,23.5547,28.7578,687.967,52.5,1.616,1.072,2.304,96.75,3.13726,3.52941,-0.75,1.15625,10.7912,29.25,29.25,27
47.436,0,0,0,0,0.959412,0.99997,1.09253,3,1,1,1,0,1,0.997072,0,0,5.47223,6.44445,6.69445,1230.25,970,375.039,970,968.906,24,101.063,102.164,28.7813,28.7344,687.967,52.5,1.756,1.096,2.436,96.75,3.52941,3.92157,-0.75,0.796875,10.7912,28.5,28.5,27.75
47.469,0,0,0,0,0.962464,0.99997,1.0929,3,1,1,1,0,1,0.997072,0,0,5.69445,6.58334,6.72223,1229.25,970,382.578,970,971.484,24.5391,101.063,102.164,28.8281,28.875,687.01,52.5,1.796,1.18133,2.476,96.75,3.92157,3.92157,-0.75,0.796875,10.7912,28.5,28.5,27
47.503,0,0,0,0,0.960694,0.99997,1.09155,3,1,1,1,0,1,0.997072,0,0,5.86112,6.61112,7.00001,1230.5,970,390.117,970,968.906,25.0781,101.016,102.07,29.3672,28.7813,687.01,52.5,1.932,1.26933,2.612,96.75,3.92157,3.92157,-0.75,0.53125,10.7912,29.25,29.25,26.25
47.536,0,0,0,0,0.962769,0.99997,1.09113,3,1,1,1,0,1,0.997072,0,0,5.97223,6.61112,7.00001,1233,970,404.688,970,968.906,26.1328,100.945,102.141,29.9297,28.7813,687.01,52.5,2.032,1.30133,2.72,96.75,3.92157,3.92157,-0.75,0.515625,10.7912,28.5,28.5,25.5
47.569,0,0,0,0,0.9646,0.99997,1.0914,3,1,1,1,0,1,0.998537,0,0,6.22223,6.61112,6.86112,1234.75,970,409.531,970,968.906,26.4844,100.945,102.141,29.25,29.2031,687.01,52.5,2.036,1.31733,2.724,96.75,3.52941,3.92157,-0.75,0.6875,11.1498,28.5,28.5,25.5
47.603,0,0,0,0,0.965882,0.99997,1.09168,3,1,1,1,0,1,1,0,0,6.27778,6.63889,6.94445,1236,970,414.258,970,968.906,26.8125,101.039,102.281,29.5313,31.0313,687.01,52.5,2.064,1.336,2.752,96.75,3.52941,3.92157,-0.75,0.84375,12.05,28.5,28.5,33
47.636,0,0,0,0,0.969971,0.99997,1.09107,3,1,1,1,0,1,1.00171,0,0,6.33334,6.63889,6.88889,1231.75,970,421.68,970,971.484,27.3516,101.133,102.258,29.3438,32.9297,687.01,52.5,2.096,1.34134,2.784,96.75,3.52941,4.31373,-0.75,0.921875,12.7687,27,27,25.5
47.669,0,0,0,0,0.968568,0.99997,1.0903,3,1,1,1,0,1,1.00171,0,0,6.38889,7.47223,6.86112,1229,970,423.75,970,968.906,27.4922,101.133,102.258,28.6875,34.5469,685.994,52.5,2.08,1.344,2.768,96.75,4.31373,4.70588,-0.75,0.765625,13.489,27,27,25.5
47.703,0,0,0,0,0.966737,0.99997,1.08896,3,1,1,1,0,1,1,0,0,6.55556,7.52778,7.72223,1229.75,970,432.461,970,968.906,28.1016,101.133,102.07,33.0703,36.6797,685.994,52.5,2.224,1.43734,2.912,96.75,4.70588,4.70588,-0.75,0.71875,14.5678,27,27,25.5
47.736,0,0,0,0,0.966675,0.99997,1.0878,3,1,1,1,0,1,0.997072,0,0,6.69445,8.55556,8.61112,1232,970,453.398,970,968.906,29.6016,100.969,102.164,36.7031,39.4453,685.994,52.5,2.396,1.456,3.076,96.75,5.09804,5.09804,-0.75,0.53125,16.0067,27,27,24
47.769,0,0,0,0,0.966981,0.99997,1.08737,3,1,1,1,0,1,0.994142,0,0,7.13889,8.83334,8.94445,1234.75,970,466.563,970,968.906,30.5391,100.969,102.164,38.0391,43.1953,685.994,52.5,2.5,1.61334,3.18,96.75,5.4902,5.88235,-0.75,0.734375,18.1643,27,27,24
47.803,0,0,0,0,0.967103,0.99997,1.08634,3,1,1,1,0,1,0.989992,0,0,7.38889,10.0278,9.77779,1237.25,970,495.313,970,968.906,32.6016,101.039,102.281,41.4141,48.0469,685.994,52.5,2.692,1.72,3.38,96.75,6.27451,6.66667,-0.75,0.65625,21.0422,25.5,25.5,30.75
47.836,0,0,0,0,0.963624,0.99997,1.0856,3,1,1,1,0,1,0.986085,0,0,8.02778,10.6945,10.75,1239.25,970,516.406,970,966.25,34.1016,101.18,102.445,46.1016,54.0469,685.994,52.5,2.988,1.92534,3.676,96.75,7.05883,7.45098,-0.75,0.96875,24.8203,25.5,25.5,30
47.869,0,0,0,0,0.963746,0.99997,1.08435,3,1,1,1,0,1,0.983644,0,0,8.41667,11.4445,11.0556,1243,970,536.68,970,966.25,35.5547,101.18,102.445,47.0859,58.8281,684.979,52.5,3.008,1.936,3.696,96.75,7.45098,8.2353,-0.75,1.0625,28.0567,24.75,24.75,29.25
47.903,0,0,0,0,0.96399,0.99997,1.08368,3,1,1,1,0,1,0.982423,0,0,8.77778,13.1111,12.5833,1246.25,970,584.375,970,966.25,38.9531,101.344,102.633,53.1797,63.5391,684.979,52.5,3.412,2.07734,4.1,96.75,8.2353,9.01961,-0.75,0.671875,31.1146,24,24,29.25
47.936,-1.5,0,-1.5,0,0.960755,0.99997,1.08185,3,1,1,1,0,1,0.984865,0,0,9.75001,13.7778,13.3889,1247.5,1040,612.617,970,963.594,40.9922,101.719,102.75,57.0469,68.6016,684.979,52.5,3.66,2.328,4.348,96.75,9.41177,10.1961,-0.75,0.484375,34.1725,21.75,21.75,29.25
47.969,-1.5,0,-1.5,0,0.957093,0.99997,1.08228,3,1,1,1,0,1,0.988527,0,0,10.2778,15.1667,14.5556,1255,1070,670.156,970,960.977,45.1875,101.719,102.75,61.8516,70.6406,684.979,52.5,4.188,2.48534,4.876,96.75,10.1961,10.5882,-0.75,0.59375,35.7915,19.5,19.5,21
48.003,-1.5,0,-1.5,0,0.955811,0.99997,1.08203,3,1,1,1,0,1,0.991212,0,0,10.75,15.9445,14.8611,1258,1100,697.578,970,960.977,47.1563,101.625,103.008,62.7422,72.9844,684.979,52.5,4.308,2.60534,4.996,96.75,10.9804,11.3726,-0.75,0.484375,37.4105,20.25,20.25,21
48.036,-1.5,0,-1.5,0,0.952882,0.99997,1.08084,3,1,1,1,0,1,0.991212,0,0,11.7778,16.5,15.6111,1263.5,1150,749.375,970,960.977,50.8828,101.883,103.242,65.2031,76.6875,684.979,52.5,4.564,2.76,5.252,96.75,12.1569,12.1569,-0.75,0.765625,40.1083,18,18,18
48.069,-1.5,0,-1.5,0,0.950135,0.99997,1.08127,3,1,1,1,0,1,0.994142,0,0,12.6667,17,16,1265.75,1170,773.906,970,960.977,52.6406,101.883,103.242,66.5859,79.0547,683.885,52.5,4.6,2.888,5.288,96.75,12.9412,12.9412,-0.75,0.921875,41.9058,15.75,15.75,17.25
48.103,-1.5,0,-1.5,0,0.949708,0.99997,1.07941,3,1,1,1,0,1,0.989992,0,0,12.6667,17.1111,16.0833,1262.25,1210,796.367,970,963.555,54.2578,102.094,103.406,67.0313,82.0781,683.885,52.5,4.632,2.888,5.32,96.75,13.7255,14.1177,-0.75,1,43.7048,17.25,17.25,15.75
48.136,-1.5,0,-1.5,0,0.943909,0.99997,1.07965,3,1,1,1,0,1,0.988527,0,0,13.4167,17.9445,16.2778,1270.75,1250,833.164,970,963.594,57.0234,102.492,103.5,66.7969,85.3828,683.885,52.5,4.756,2.992,5.436,96.75,15.2941,15.2941,-0.75,0.703125,46.5827,15,15,15
48.169,-1.5,0,-1.5,0,0.937501,0.99997,1.08011,3,1,1,1,0,1,0.991212,0,0,14.1667,17.3611,16.9167,1277.25,1280,852.07,970,963.594,58.3828,102.492,103.5,69.1406,87.5156,683.885,52.5,4.692,3.024,5.372,96.75,16.8628,16.8628,-0.75,0.34375,48.3817,12.75,12.75,14.25
48.203,-1.5,0,-1.5,0,0.936158,0.99997,1.07755,3,1,1,1,0,1,0.984865,0,0,14.5,16.9722,17.0278,1275,1300,869.805,970,963.594,59.6719,102.352,103.828,69.75,89.8828,683.885,53.25,4.94,3.176,5.62,96.75,17.6471,18.8235,-0.75,0.4375,49.8206,13.5,13.5,14.25
48.236,-1.5,0,-1.5,0,0.936707,0.99997,1.08313,3,1,1,1,0,1,1.00366,0,1.95313,14.8056,16.8056,17.5,1282.5,1330,901.211,970,963.594,61.9219,102.633,103.898,70.7578,92.3203,683.885,53.25,5.108,3.28267,5.788,96.75,20.3922,29.4118,-0.75,0.546875,51.4381,12,12,12
48.269,-1.5,0,-1.5,0,0.943055,0.99997,1.08078,3,1,1,1,0,1,1.00611,0,1.95313,15.4445,15.25,17.8889,1284.5,1340,918.477,970,963.594,63.1641,102.633,103.898,72.9844,93.5156,682.811,53.25,5.34,3.584,6.02,96.75,30.9804,41.5686,-0.75,0.796875,52.5184,9.75,9.75,11.25
48.303,-1.5,0,-1.5,0,0.959107,0.99997,1.08099,3,1,1,1,0,1,1.00733,0,5.85938,15.9722,16.0833,19.1111,1288.25,1360,967.422,970,963.594,66.6797,102.703,104.086,77.7188,95.4141,682.811,53.25,5.3,3.45334,5.988,96.75,43.5294,52.9412,-0.75,1,53.5972,8.25,8.25,10.5
48.336,-1.5,0,-1.5,0,0.981324,0.99997,1.0889,3,1,1,1,0,1,1.03589,0,8.98438,16.6389,16.3889,18.1667,1297.25,1380,976.914,970,966.25,67.3594,103.148,104.555,72.7734,97.125,682.811,53.25,5.36,3.60534,6.048,96.75,57.6471,65.4902,-0.75,0.859375,54.676,9,9,9
48.369,-1.5,0,-1.5,0,0.991517,0.99997,1.08905,3,1,1,1,0,1,1.03784,0,8.98438,16.8333,16.8333,17.8056,1307,1390,986.797,970,968.906,68.25,103.148,104.555,70.3828,97.3594,682.811,53.25,5.408,3.65067,6.096,96.75,65.4902,65.8824,-0.75,0.453125,55.0362,9,9,8.25
48.403,-1.5,0,-1.5,0,1.00024,0.99997,1.095,3,1,1,1,0,1,1.04785,0,10.5469,17,16.9445,17.25,1305,1410,987.148,970,971.484,68.2969,103.313,104.906,68.4844,98.8594,682.811,53.25,5.384,3.64267,6.072,96.75,67.0588,65.8824,-0.75,0.515625,55.7549,7.5,7.5,7.5
48.436,-1.5,0,-1.5,0,1.00452,0.99997,1.10449,3,1,1,1,0,1,1.07105,0,12.8906,17.1111,17.0833,17.9722,1319.25,1420,991.641,970,974.18,68.625,103.617,105.07,69.8906,99.6094,682.811,53.25,5.444,3.65334,6.124,96.75,67.0588,67.0588,-0.75,0.390625,56.4751,7.5,7.5,7.5
48.469,-1.5,0,-1.5,0,1.00995,0.99997,1.10266,3,1,1,1,0,1,1.05005,0,12.8906,17.3056,17.1945,18,1323.5,1420,992.93,970,976.836,68.7188,103.617,105.07,69.4688,99.75,681.639,53.25,5.42,3.65334,6.1,96.75,67.8432,67.0588,-0.75,0.40625,56.8352,9,9,7.5
48.503,-1.5,0,-1.5,0,1.01367,0.99997,1.11017,3,1,1,1,0,1,1.05005,0,14.4531,17.4167,17.8333,18.0833,1329.25,1430,994.766,970,979.453,68.8828,103.805,105.516,69.9141,100.57,681.639,53.25,5.452,3.672,6.132,96.75,67.8432,67.0588,-0.75,0.96875,57.5539,7.5,7.5,7.5
48.536,-1.5,0,-1.5,0,1.01874,0.99997,1.11432,3,1,1,1,0,1,1.04395,0,16.0156,17.5278,17.8611,18.5,1343,1440,999.453,970,984.688,69.2109,104.25,106.242,70.8984,101.297,681.639,53.25,5.504,3.70934,6.184,96.75,67.451,68.6275,-0.75,0.734375,58.2741,7.5,7.5,8.25
48.569,-1.5,0,-1.5,0,1.02252,0.99997,1.11368,3,1,1,1,0,1,1.02319,0,16.0156,17.75,18.0556,18.75,1346.5,1450,1002.58,970,987.383,69.4922,104.25,106.242,70.6406,101.953,681.639,53.25,5.496,3.70134,6.176,96.75,69.4118,68.6275,-0.75,0.4375,58.9928,7.5,7.5,8.25
48.603,-1.5,0,-1.5,0,1.02008,0.99997,1.11664,3,1,1,1,0,1,1.0166,0,18.3594,17.8056,18,18.3333,1345.25,1470,1003.75,970,984.727,69.5859,104.859,106.359,70.2422,103.688,681.639,53.25,5.496,3.70667,6.176,96.75,69.0196,68.6275,-0.75,0.390625,59.713,9,9,8.25
48.636,-1.5,0,-1.5,0,1.02918,0.99997,1.11292,3,1,1,1,0,1,0.998537,0,21.0938,17.9167,18.1667,19.0833,1346.75,1490,1009.77,970,992.656,70.0313,104.93,106.359,71.8828,104.93,681.639,53.25,5.508,3.71467,6.188,96.75,69.0196,69.8039,-0.75,0.3125,61.1504,8.25,8.25,12
48.669,-1.5,0,-1.5,0,1.03357,0.99997,1.11221,3,1,1,1,0,1,0.991212,0,21.0938,18.0556,18.1945,18.9167,1353.25,1490,1011.91,970,995.273,70.1719,104.93,106.359,71.4141,104.93,680.897,53.25,5.52,3.72267,6.2,96.75,70.5883,69.8039,-0.75,0.5,61.8707,6.75,6.75,9
48.703,-1.5,0,-1.5,0,1.03766,0.99997,1.11426,3,1,1,1,0,1,1.00366,0,23.4375,18.2778,18.25,18.9722,1364.5,1490,1012.93,970,997.969,70.2656,104.906,106.617,70.8281,104.906,680.897,53.25,5.524,3.72534,6.204,96.75,70.1961,69.8039,-0.75,0.53125,62.2308,6,6,6
48.736,-1.5,0,-1.5,0,1.04248,0.99997,1.10623,3,1,1,1,0,1,0.989992,0,25,18.3889,19,19.1389,1373.75,1490,1016.48,970,1000.55,70.5234,105.188,107.367,71.3438,105.188,680.897,53.25,5.524,3.728,6.204,96.75,70.1961,71.3726,-0.75,0.71875,62.5894,6.75,6.75,6.75
48.769,-1.5,0,-1.5,0,1.04401,0.99997,1.107,3,1,1,1,0,1,0.995607,0,25,18.5,19.0833,19.6945,1382.5,1490,1021.88,970,1003.24,70.9453,105.188,107.367,72.6094,105.188,680.897,53.25,5.544,3.728,6.224,96.75,71.7647,71.3726,-0.75,0.6875,62.5894,6.75,6.75,6.75
48.803,-1.5,0,-1.5,0,1.0495,0.99997,1.10367,3,1,1,1,0,1,0.994142,0,25.7813,18.6945,19.1389,19.75,1384,1500,1024.38,970,1008.52,71.1563,105.844,107.672,72.5625,105.844,680.897,53.25,5.56,3.73867,6.24,96.75,70.9804,71.3726,-0.75,0.3125,63.3096,7.5,7.5,8.25
48.836,-1.5,0,-1.5,0,1.05219,0.99997,1.10074,3,1,1,1,0,1,0.983644,0,28.125,18.8611,19.25,19.9445,1396.25,1500,1027.03,970,1011.17,71.3672,106.102,108,72.4688,106.102,680.897,53.25,5.532,3.73334,6.212,96.75,71.7647,72.9412,-0.75,0.171875,64.2083,7.5,7.5,8.25
48.869,-1.5,0,-0.75,0,1.05487,0.99997,1.10419,3,1,1,1,0,1,0.998537,0,28.125,19.1389,19.2778,20.1389,1404.5,1500,1029.96,970,1013.75,71.5781,106.102,108,73.2656,106.102,680.213,53.25,5.564,3.752,6.244,96.75,73.3334,72.9412,-0.75,0.25,64.9286,9,9,8.25
48.903,-1.5,0,-0.75,0,1.06049,0.99997,1.09982,3,1,1,1,0,1,0.991212,0,30.4688,19.25,20.0833,20.8333,1407,1510,1035.08,970,1019.1,71.9766,106.406,108.68,74.8125,106.406,680.213,53.25,5.58,3.75467,6.26,96.75,72.9412,72.9412,0,0.359375,65.6473,9,9,8.25
48.936,-1.5,0,-0.75,0,1.06195,0.99997,1.09988,3,1,1,1,0,1,0.989992,0,31.25,19.4445,20.1111,20.5278,1413.25,1510,1040.9,970,1021.72,72.4219,106.992,108.773,73.8516,106.992,680.213,53.25,5.604,3.77334,6.284,96.75,72.9412,74.5098,0,0.515625,66.3675,9,9,8.25
48.969,-1.5,0,-0.75,0,1.06665,0.99997,1.10013,3,1,1,1,0,1,0.994142,0,31.25,19.7222,20.2222,20.75,1425.75,1510,1042.27,970,1026.99,72.5391,106.992,108.773,73.3125,106.992,680.213,53.25,5.648,3.81334,6.328,96.75,74.5098,74.5098,0,0.390625,66.7261,7.5,7.5,8.25
49.003,-1.5,0,-0.75,0,1.06848,0.99997,1.09711,3,1,1,0.979494,0,1,0.984865,0,33.5938,19.7778,20.2222,20.8333,1425,1510,1045.04,970,1029.61,72.7734,107.063,109.266,74.3203,107.063,680.213,53.25,5.648,3.816,6.328,96.75,74.1177,74.5098,0,0.171875,67.4463,9,9,8.25
49.036,-1.5,0,-0.75,0,1.07361,0.99997,1.09927,3,1,1,0.970949,0,0.979494,0.991212,0,35.9375,19.9722,20.3056,21.3056,1433,1520,1050.27,970,1034.88,73.1484,107.484,109.523,75.4688,107.484,680.213,53.25,5.72,3.86134,6.4,96.75,74.5098,75.6863,0,0.078125,68.5251,8.25,8.25,7.5
49.069,-1.5,0,-0.75,0,1.0802,0.99997,1.09607,3,1,1,0.970949,0,0.979494,0.982423,0,35.9375,20.0833,20.5,21.1389,1443.25,1520,1052.27,970,1040.23,73.3359,107.484,109.523,73.6172,107.484,679.471,53.25,5.684,3.85867,6.364,96.75,76.4706,75.6863,0,0.265625,69.6039,9,9,7.5
49.103,-1.5,0,-0.75,0,1.08228,0.99997,1.09644,3,1,1,0.964357,0,0.979494,0.983644,0,40.625,20.1389,21.1389,21.2222,1449.75,1520,1053.75,970,1042.81,73.4531,107.719,109.898,74.2969,107.719,679.471,53.25,5.696,3.84267,6.376,96.75,75.6863,75.6863,0,0.40625,71.403,8.25,8.25,7.5
49.136,-1.5,0,-0.75,0,1.08624,0.99997,1.09375,3,1,1,0.959718,0,0.964357,0.984865,0,43.75,20.4722,21.2222,21.5556,1462.25,1520,1060.12,970,1048.09,73.9453,108,110.602,74.7422,108,679.471,53.25,5.852,3.93334,6.54,96.75,76.0785,77.6471,0,0.53125,72.1232,6.75,6.75,7.5
49.169,-1.5,0,-0.75,0,1.08777,0.99997,1.09723,3,1,1,0.959718,0,0.964357,0.979982,0,43.75,20.6667,21.3334,21.9167,1468.75,1520,1065.39,970,1050.78,74.3438,108,110.602,75.6328,108,679.471,53.25,5.88,3.96,6.568,96.75,78.0392,77.6471,0,0.28125,72.8419,7.5,7.5,7.5
49.203,-1.5,0,-0.75,0,1.09277,0.99997,1.09692,3,1,1,0.956056,0,0.964357,0.986085,0,45.7031,20.7778,21.3056,22.1667,1472.25,1530,1069.41,970,1056.02,74.6719,108.68,110.836,76.9219,108.68,679.471,53.25,5.912,3.98134,6.6,96.75,77.6471,77.6471,0,0.0625,73.202,9,9,7.5
49.236,-1.5,0,-0.75,0,1.10101,0.99997,1.09381,3,1,1,0.953371,0,0.956056,0.976076,0,46.4844,21.1111,21.5278,22.6389,1474.25,1530,1078.83,970,1061.33,75.375,108.82,111.117,77.7188,108.82,679.471,53.25,6.024,4.06401,6.704,96.75,77.6471,79.2157,0,0,73.202,9,9,12
49.269,-1.5,0,-0.75,0,1.10547,0.99997,1.10016,3,1,1,0.953371,0,0.956056,0.974855,0,46.4844,21.3611,21.6945,22.8611,1492.75,1530,1085,970,1063.98,75.8438,108.82,111.117,77.5547,108.82,678.826,53.25,6.072,4.08801,6.752,96.75,79.6079,79.2157,0,0.046875,73.5621,6.75,6.75,6.75
49.303,-1.5,0,-0.75,0,1.11267,0.99997,1.09894,3,1,1,0.951417,0,0.956056,0.977296,0,48.0469,21.5834,22.3889,22.5556,1496.5,1540,1086.68,970,1069.22,76.0078,109.078,111.703,76.9219,109.078,678.826,53.25,6.096,4.11201,6.776,96.75,79.2157,79.2157,0,0.40625,73.9207,8.25,8.25,8.25
49.336,-1.5,0,-0.75,0,1.11646,0.99997,1.09891,3,1,1,0.949953,0,0.951417,0.971193,0,48.8281,21.8611,22.5556,23.0278,1506,1540,1091.29,970,1074.53,76.3828,109.57,112.125,77.3438,109.57,678.826,53.25,6.14,4.15467,6.82,96.75,79.6079,80.7843,0,0.5,74.6409,8.25,8.25,9
49.369,-1.5,0,0,0,1.12109,0.99997,1.10422,3,1,1,0.949953,0,0.951417,0.977296,0,48.8281,22,22.7222,23.2778,1518.75,1540,1095.59,970,1079.84,76.7109,109.57,112.125,76.9688,109.57,678.826,53.25,6.184,4.18134,6.864,96.75,81.9608,80.7843,0,0.25,74.6409,6,6,6
49.403,-1.5,0,0,0,1.12775,0.99997,1.10281,3,1,1,0.948732,0,0.951417,0.971193,0,50,22.2222,22.7778,23.5556,1521,1550,1098.48,970,1085.08,76.9688,109.945,112.875,78.5625,109.945,678.826,53.25,6.204,4.18934,6.884,96,81.1765,80.7843,0,-0.21875,74.6409,8.25,8.25,7.5
49.436,-1.5,0,0,0,1.13379,0.99997,1.10645,3,1,1,0.947755,0,0.948732,0.973634,0,50,22.5556,23.5556,24.1945,1534.75,1550,1105.66,970,1090.35,77.5313,110.625,113.508,80.1328,110.625,678.826,53.25,6.3,4.23467,6.98,96,81.1765,82.7451,0,-0.078125,75.001,9,9,8.25
49.469,-1.5,0,0,0,1.13269,0.99997,1.10788,3,1,1,0.947755,0,0.948732,0.971193,0,50,22.8056,23.6945,24.25,1537.25,1550,1111.13,970,1090.39,77.9531,110.625,113.508,80.2734,110.625,678.162,53.25,6.356,4.28801,7.036,96,83.1373,82.7451,0,0.34375,75.001,9.75,9.75,8.25
49.503,-1.5,0,0,0,1.13953,0.99997,1.10904,3,1,1,0.947267,0,0.948732,0.968507,0,51.5625,22.8056,23.7222,24.4445,1541.25,1560,1115.27,970,1098.32,78.2813,111.117,113.742,80.625,111.117,678.162,53.25,6.384,4.30667,7.064,96.75,83.1373,82.7451,0,0.453125,75.001,9,9,9
49.536,-1.5,0,0,0,1.14642,0.99997,1.11133,3,1,1,0.946779,0,0.947267,0.971193,0,51.5625,23.1945,23.8889,24.5278,1549.5,1560,1123.36,970,1103.63,78.8906,111.328,114.328,79.9453,111.328,678.162,53.25,6.468,4.38134,7.148,96.75,83.1373,84.3138,0,0.328125,75.001,6.75,6.75,8.25
49.569,-1.5,0,0,0,1.14502,0.99997,1.11221,3,1,1,0.946779,0,0.947267,0.964845,0,51.5625,23.6111,23.9722,24.5556,1566.25,1560,1125.23,970,1103.63,79.1016,111.328,114.328,79.8984,111.328,678.162,53.25,6.488,4.39467,7.168,96.75,85.0981,84.3138,0,-0.140625,75.001,8.25,8.25,7.5
49.603,-1.5,0,0,0,1.15509,0.99997,1.11395,3,1,1,0.946291,0,0.947267,0.964845,0,51.5625,23.7778,24.0556,24.9167,1572.5,1570,1126.72,970,1114.18,79.2422,111.844,115.125,80.0625,111.844,678.162,53.25,6.496,4.40001,7.176,96.75,84.3138,84.3138,0,-0.03125,75.001,9,9,7.5
49.636,-1.5,0,0,0,1.15405,0.99997,1.11368,3,1,1,0.946046,0,0.946291,0.954835,0,51.5625,23.8889,24.8889,24.9167,1576.5,1580,1131.05,970,1116.84,79.4531,112.242,115.523,79.9922,112.242,678.162,53.25,6.5,4.41867,7.18,96.75,84.3138,86.6667,0,0,75.001,9,9,8.25
49.669,-1.5,0,0,0,1.15656,0.99997,1.11612,3,1,1,0.946046,0,0.946291,0.959962,0,51.5625,24.0278,25,25.4167,1584.25,1570,1132.93,970,1122.11,79.5938,112.242,115.523,80.6719,112.242,677.791,53.25,6.52,4.41601,7.2,96.75,86.6667,86.6667,0,0.390625,75.001,9,9,8.25
49.703,-1.5,0,0,0,1.16016,0.99997,1.11356,3,1,1,0.946046,0,0.946291,0.951173,0,51.5625,24.25,25.0556,25.5,1598.25,1580,1137.46,970,1127.38,79.9688,112.828,115.992,80.3906,112.828,677.791,53.25,6.544,4.44001,7.224,96,87.0589,86.6667,0,0.546875,75.001,8.25,8.25,8.25
49.736,-1.5,0,0,0,1.16412,0.99997,1.11524,3,1,1,0.945802,0,0.946046,0.953615,0,51.5625,24.5834,25.8611,26.3611,1609.75,1590,1144.41,970,1132.66,80.6016,113.32,117.023,82.6875,113.32,677.791,53.25,6.616,4.44801,7.296,96,87.0589,88.2353,0,0.21875,75.001,9,9,8.25
49.769,-1.5,0,0,0,1.16852,0.99997,1.1138,3,1,1,0.945802,0,0.946046,0.951173,0,51.5625,24.8889,25.9445,26.0556,1617.5,1590,1145.59,970,1137.93,80.6953,113.32,117.023,81.375,113.32,677.791,53.25,6.636,4.49334,7.316,96,89.0196,88.2353,0,0.015625,75.001,6.75,6.75,7.5
49.803,-1.5,0,0,0,1.17004,0.99997,1.11365,3,1,1,0.945558,0,0.946046,0.948488,0,51.5625,24.7778,26,26.6945,1617.5,1600,1151.37,970,1143.2,81.1875,114.164,117.258,83.5781,114.164,677.791,53.25,6.668,4.49067,7.348,96,88.2353,88.2353,0,-0.03125,75.001,9,9,7.5
49.836,-1.5,0,0,0,1.1767,0.99997,1.1167,3,1,1,0.945558,0,0.945558,0.962404,0,51.5625,25.1111,26.1389,26.2222,1631.75,1600,1153.55,970,1151.13,81.375,114.82,118.266,80.8359,114.82,677.791,53.25,6.688,4.53601,7.368,96,89.0196,89.804,0,0.296875,75.001,7.5,7.5,8.25
49.869,-1.5,0,0,0,1.17371,0.99997,1.11627,3,1,1,0.945558,0,0.945558,0.959962,0,51.5625,25.6945,26.1389,26.8889,1641.5,1600,1158.28,970,1151.17,82.1484,114.82,118.266,83.3203,114.82,677.4,53.25,6.764,4.58134,7.444,96,90.5883,89.804,0,0.21875,75.001,8.25,8.25,8.25
49.903,-1.5,0,0,0,1.17889,0.99997,1.11798,3,1,1,0.945558,0,0.945558,0.961183,0,51.5625,25.9167,27,27.5278,1649.75,1600,1164.49,970,1156.45,82.7344,115.266,118.734,84.8672,115.266,677.4,53.25,6.824,4.60267,7.504,96,89.804,89.804,0,0.1875,75.001,6,6,7.5
49.936,-1.5,0,0,0,1.18219,0.99997,1.1178,3,1,1,0.945558,0,0.945558,0.949953,0,51.5625,26,27.0834,27.5834,1650.75,1600,1168.4,970,1161.72,83.1094,115.57,119.039,85.1016,115.57,677.4,53.25,6.868,4.62401,7.548,96,89.804,91.7647,0,-0.1875,75.001,7.5,7.5,6.75
49.969,-1.5,0,0,0,1.18805,0.99997,1.12039,3,1,1,0.945558,0,0.945558,0.954835,0,51.5625,26.3889,27.1945,27.8889,1660.25,1600,1171.25,970,1169.65,83.3438,115.57,119.039,84.9375,115.57,677.4,53.25,6.896,4.67201,7.576,96,92.1569,91.7647,0,-0.1875,75.001,7.5,7.5,6.75
50.003,-1.5,0,0,0,1.19421,0.99997,1.11957,3,1,1,0.945314,0,0.945558,0.951173,0,51.5625,26.5556,27.3056,28.0556,1675,1600,1174.34,970,1177.54,83.8125,116.016,120.117,84.8203,116.016,677.4,53.25,6.932,4.66934,7.612,96.75,92.1569,91.7647,0,-0.0625,75.001,8.25,8.25,6.75
50.036,-1.5,0,0,0,1.198,0.99997,1.12018,3,1,1,0.945314,0,0.945314,0.949953,0,51.5625,26.9167,27.4445,27.9167,1681,1610,1174.38,970,1182.81,83.8359,116.813,120.609,83.7188,116.813,677.4,53.25,6.908,4.68001,7.596,96.75,92.5491,94.1177,0,0.359375,75.001,6.75,6.75,6.75
50.069,-1.5,0,0,0,1.2016,0.99997,1.11786,3,1,1,0.945314,0,0.945314,0.942384,0,51.5625,27.25,28.3334,28.5834,1689.25,1610,1181.6,970,1188.16,84.5156,116.813,120.609,85.6406,116.813,677.381,53.25,6.984,4.73067,7.672,96.75,94.1177,94.1177,0,0.203125,75.001,7.5,7.5,8.25
50.103,-1.5,0,0,0,1.20099,0.99997,1.11746,3,1,1,0.945314,0,0.945314,0.938722,0,51.5625,27.3889,28.3889,29.0278,1703.25,1610,1184.84,970,1190.78,84.8672,117.117,121.008,86.4609,117.117,677.381,53.25,6.996,4.72534,7.676,96,94.1177,94.1177,0,-0.125,75.001,6,6,6
50.136,-1.5,0,0,0,1.20593,0.99997,1.11566,3,1,1,0.945314,0,0.945314,0.936525,0,51.5625,27.6667,28.4722,28.8611,1711,1620,1185.78,970,1198.71,85.1484,117.586,121.922,85.6172,117.586,677.381,53.25,7.012,4.73067,7.692,96,94.5098,96.0785,0,-0.0625,75.001,7.5,7.5,7.5
50.169,-1.5,0,0,0,1.20734,0.99997,1.11554,3,1,1,0.945314,0,0.945314,0.938722,0,51.5625,27.9722,28.5834,29.3334,1720.75,1620,1190.82,970,1201.37,85.5469,117.586,121.922,86.5547,117.586,677.381,53.25,7.032,4.75467,7.712,96,96.8628,96.0785,0,0.0625,75.001,8.25,8.25,7.5
50.203,-1.5,0,0,0,1.21515,0.99997,1.11435,3,1,1,0.945314,0,0.945314,0.941164,0,51.5625,28.1945,29.5556,29.25,1729,1620,1189.53,970,1209.3,85.5938,118.266,122.508,88.4063,118.266,677.381,53.25,7.06,4.75467,7.74,96,96.4706,96.0785,0,0.34375,75.001,6.75,6.75,7.5
50.236,-1.5,0,0,0,1.21735,0.99997,1.11191,3,1,1,0.945314,0,0.945314,0.934328,0,51.5625,28.4722,29.6111,30.1667,1742.75,1630,1197.93,970,1214.57,86.4141,118.781,123.258,87.7969,118.781,677.381,53.25,7.084,4.77601,7.764,96,96.4706,98.0392,0,0.171875,75.001,7.5,7.5,7.5
50.269,-1.5,0,0,0,1.22052,0.99997,1.11136,3,1,1,0.945314,0,0.945314,0.934328,0,51.5625,28.6389,29.7222,29.8056,1745.75,1620,1197.54,970,1219.84,86.4141,118.781,123.258,86.7891,118.781,677.322,53.25,7.056,4.79734,7.736,96,98.4314,98.0392,0,0,75.001,6.75,6.75,7.5
50.303,-1.5,0,0,0,1.22449,0.99997,1.10989,3,1,1,0.945314,0,0.945314,0.93091,0,51.5625,28.7778,29.7222,29.8611,1747.5,1630,1198.24,970,1227.77,86.5781,119.297,123.703,86.8828,119.297,677.322,53.25,7.084,4.77867,7.764,96,97.6471,98.0392,0,-0.046875,75.001,7.5,7.5,6.75
50.336,-1.5,0,0,0,1.22791,0.99997,1.10843,3,1,1,0.945314,0,0.945314,0.933107,0,51.5625,29.3056,30.6945,31.5,1780,1630,1207.77,970,1233.05,87.5859,119.813,124.875,89.5781,119.813,677.322,53.25,7.172,4.82134,7.86,96,97.6471,99.2157,0,0.25,75.001,3.75,3.75,3.75
50.369,-1.5,0,0,0,1.23236,0.99997,1.10669,3,1,1,0.945314,0,0.945314,0.929933,0,51.5625,29.75,30.7778,30.9167,1778.5,1630,1208.48,970,1238.28,87.6563,119.813,124.875,88.0547,119.813,677.322,53.25,7.16,4.85067,7.848,96,100,99.2157,0,0.40625,75.001,6.75,6.75,6.75
50.403,-1.5,0,0,0,1.23554,0.99997,1.10581,3,1,1,0.945314,0,0.945314,0.93213,0,51.5625,29.8611,30.8889,30.9445,1782,1640,1210.98,970,1243.59,88.0078,120.703,125.648,88.0781,120.703,677.322,53.25,7.176,4.85334,7.864,96,99.6079,99.2157,0,0.125,75.7197,6,6,9
50.436,-1.5,0,0,0,1.24024,0.99997,1.10358,3,1,1,0.945314,0,0.945314,0.928712,0,56.6406,30.1111,31.0556,31.6945,1794,1640,1217.85,970,1251.52,88.6172,121.172,125.813,89.2266,121.172,677.322,53.25,7.24,4.88801,7.928,96,99.2157,100,0,-0.21875,76.7985,7.5,7.5,7.5
50.469,-1.5,0,0,0,1.24658,0.99997,1.10114,3,1,1,0.945314,0,0.945314,0.926515,0,56.6406,30.5556,31.0278,31.8334,1803.25,1640,1219.8,970,1259.41,88.7813,121.172,125.813,89.8828,121.172,677.459,53.25,7.236,4.90134,7.924,96,100,100,0,-0.046875,77.5188,5.25,5.25,5.25
50.503,-1.5,0,0,0,1.24817,0.99997,1.09891,3,1,1,0.945314,0,0.945314,0.922121,0,61.3281,30.5556,31.9722,31.9445,1815.25,1640,1223.01,970,1262.07,89.2266,121.43,126.656,89.8828,121.43,677.459,53.25,7.256,4.90134,7.944,96,100,100,0,0.1875,77.8774,5.25,5.25,5.25
50.536,-1.5,0,0,0,1.25018,0.99997,1.09683,3,1,1,0.945314,0,0.945314,0.924318,0,63.2813,31.3056,32.1389,33.0834,1835.25,1650,1230.74,970,1267.38,90.1641,122.297,128.25,91.7344,122.297,677.459,53.25,7.328,4.92801,8.008,96,100,100,0,0.53125,77.8774,5.25,5.25,5.25
50.569,-1.5,0,0,0,1.25415,0.99997,1.09433,3,1,1,0.945314,0,0.945314,0.921144,0,63.2813,31.6667,32.25,33.6389,1840.25,1650,1237.42,970,1272.7,90.7266,122.297,128.25,93.0703,122.297,677.459,53.25,7.38,4.96801,8.06,96,100,100,0,0.109375,78.2375,6,6,6
50.603,-1.5,0,0,0,1.26325,0.99997,1.09296,3,1,1,0.945314,0,0.945314,0.924318,0,64.8438,31.8334,32.4445,33.4167,1846.75,1660,1237.7,970,1280.59,90.8672,123.398,128.766,90.9141,123.398,677.459,53.25,7.372,5.00001,8.052,96,100,100,0,0.015625,78.2375,4.5,4.5,4.5
50.636,-1.5,0,0,0,1.26666,0.99997,1.08933,3,1,1,0.941408,0,0.945314,0.918703,0,64.8438,32.25,33.3334,34.6945,1851.75,1660,1250.23,970,1285.9,91.9922,123.773,129.258,95.1563,123.773,677.459,53.25,7.456,5.01867,8.144,96,100,100,0,0.03125,78.2375,7.5,7.5,7.5
50.669,-1.5,0,0,0,1.27338,0.99997,1.0864,3,1,1,0.941408,0,0.945314,0.916505,0,64.8438,32.6667,33.5,34.2222,1868.75,1660,1251.52,970,1293.83,92.1328,123.773,129.258,92.625,123.773,677.635,53.25,7.44,5.05601,8.128,96,100,100,0,0.390625,78.5976,5.25,5.25,5.25
50.703,-1.5,0,0,0,1.27649,0.99997,1.08469,3,1,1,0.938478,0,0.945314,0.916505,0,66.4063,33.0556,33.5834,34.9723,1882,1660,1256.8,970,1299.1,92.7656,124.289,130.313,94.4531,124.289,677.635,53.25,7.488,5.06667,8.176,96,100,100,0,0.53125,78.9577,6.75,6.75,6.75
50.736,-1.5,0,0,0,1.2843,0.99997,1.08084,3,1,1,0.936281,0,0.938478,0.916505,0,67.9688,33.4167,34.6389,35.5556,1888.5,1670,1262.19,970,1307.03,93.3984,125.156,131.273,95.25,125.156,677.635,53.25,7.576,5.11467,8.264,96,100,100,0,-0.3125,78.9577,6.75,6.75,6.75
50.769,-1.5,0,0,0,1.28607,0.99997,1.07871,3,1,1,0.936281,0,0.938478,0.916505,0,67.9688,34.0556,34.6667,36.1389,1897.75,1670,1270.82,970,1309.65,94.1016,125.156,131.273,97.1484,125.156,677.635,53.25,7.628,5.17334,8.316,96,99.6079,100,0,-0.140625,79.3163,6,6,6
50.803,-1.5,0,0,0,1.29736,0.99997,1.07694,3,1,1,0.934572,0,0.938478,0.921144,0,69.9219,34.3334,34.9723,36.3056,1903.75,1680,1276.91,970,1320.23,94.7344,125.836,131.859,96.2109,125.836,677.635,53.25,7.676,5.21067,8.364,96,100,100,0,0.203125,79.3163,6.75,6.75,5.25
50.836,-1.5,0,0,0,1.30798,0.99997,1.07596,3,1,1,0.929445,0,0.934572,0.922121,0,69.9219,34.6111,35.1111,36.2778,1915.5,1680,1280.74,970,1330.74,95.0625,126.352,132.82,95.9531,126.352,677.635,53.25,7.704,5.22934,8.392,96,100,100,0,0.546875,79.6764,6,6,4.5
50.869,-1.5,0,0,0,1.31067,0.99997,1.07303,3,1,1,0.929445,0,0.934572,0.921144,0,69.9219,35.0278,35.25,35.9723,1927.25,1680,1281.64,970,1333.4,95.3672,126.352,132.82,94.9219,126.352,678.006,53.25,7.712,5.22934,8.4,96,100,100,0,0.234375,79.6764,6.75,6.75,5.25
50.903,-1.5,0,0,0,1.31769,0.99997,1.07221,3,1,1,0.925539,0,0.934572,0.923341,0,69.9219,35.3056,36.1667,37.5556,1940.75,1690,1291.29,970,1338.67,96.3516,127.148,133.852,99.2109,127.148,678.006,53.25,7.824,5.24801,8.512,96,99.6079,100,0,0.109375,80.0365,6.75,6.75,5.25
50.936,-1.5,0,0,0,1.33045,0.99997,1.07086,3,1,1,0.920656,0,0.925539,0.921144,0,69.9219,36.0834,36.6945,37.5,1955.25,1690,1297.85,970,1349.3,97.1016,127.992,134.766,96.6094,127.992,678.006,53.25,7.932,5.38134,8.62,96,100,100,0,0.015625,80.0365,7.5,7.5,6
50.969,-1.5,0,0,0,1.33386,0.99997,1.07059,3,1,1,0.920656,0,0.925539,0.925539,0,69.9219,36.6389,36.7778,38.3889,1964,1690,1306.37,970,1351.91,97.7813,127.992,134.766,99.4922,127.992,678.006,53.25,7.996,5.42667,8.684,96,100,100,0,0.4375,80.0365,5.25,5.25,6
51.003,-1.5,0,0,0,1.34583,0.99997,1.06946,3,1,1,0.917238,0,0.925539,0.924318,0,69.9219,36.8889,37.9723,38.3056,1973,1700,1309.3,970,1362.5,98.1797,128.648,135.492,97.9922,128.648,678.006,53.25,8.02,5.46667,8.708,96,100,100,0,0.109375,80.0365,6,6,6
51.036,-1.5,0,0,0,1.35095,0.99997,1.06921,3,1,1,0.910402,0,0.917238,0.926515,0,69.9219,37.1111,38.1111,39.2778,1988.25,1700,1314.02,970,1370.43,98.8359,129.305,136.641,100.383,129.305,678.006,53.25,8.148,5.48801,8.836,96,100,100,0,0.203125,80.0365,6.75,6.75,5.25
51.069,-1.5,0,0,0,1.35498,0.99997,1.06925,3,1,1,0.910402,0,0.917238,0.924318,0,69.9219,37.6389,38.2223,40,2001,1700,1319.96,970,1375.66,99.3281,129.305,136.641,101.672,129.305,678.162,53.25,8.192,5.53334,8.88,96,99.6079,100,0,0.125,80.0365,6.75,6.75,5.25
51.103,-1.5,0,0,0,1.36676,0.99997,1.0694,3,1,1,0.905519,0,0.917238,0.927736,0,70.3125,38.1111,39.4445,40.5278,2005.25,1710,1325.2,970,1386.21,99.9375,130.172,137.602,101.93,130.172,678.162,53.25,8.28,5.58134,8.96,96,100,100,0,0.296875,80.3966,6.75,6.75,6
51.136,-1.5,0,0,0,1.3794,0.99997,1.06946,3,1,1,0.899904,0,0.905519,0.924318,0,70.3125,38.5556,39.4723,41.3611,2014,1710,1337.27,970,1399.49,101.133,130.992,138.305,104.625,130.992,678.162,53.25,8.524,5.72267,9.204,96,100,100,0,0.3125,80.3966,6.75,6.75,5.25
51.169,-1.5,0,0,0,1.38294,0.99997,1.06995,3,1,1,0.899904,0,0.905519,0.922121,0,70.3125,39.3334,39.75,41.6945,2031.5,1710,1342.73,970,1402.07,101.578,130.992,138.305,104.484,130.992,678.162,53.25,8.56,5.81067,9.24,96,100,100,0,-0.203125,80.0365,6.75,6.75,5.25
51.203,-1.5,0,0,0,1.39056,0.99997,1.0701,3,1,1,0.895509,0,0.905519,0.919923,0,69.9219,39.6667,40,42.2778,2047.25,1720,1350.63,970,1407.38,102.164,131.18,139.969,104.883,131.18,678.162,53.25,8.604,5.83201,9.284,96,100,100,0,0.03125,79.6764,7.5,7.5,6
51.236,-1.5,0,0,0,1.39972,0.99997,1.06989,3,1,1,0.888429,0,0.895509,0.913331,0,69.9219,40.1945,41.1389,42.75,2053.75,1740,1359.84,970,1415.31,102.914,132.633,140.672,105.633,132.633,678.162,53.25,8.752,5.92267,9.44,96,100,100,0,0.171875,79.6764,6,6,6
51.269,-1.5,0,0,0,1.4079,0.99997,1.0712,3,1,1,0.888429,0,0.895509,0.913331,0,69.9219,40.6667,41.3611,42.8334,2058.25,1730,1368.09,970,1423.24,103.594,132.633,140.672,105.281,132.633,678.201,53.25,8.848,6.01601,9.536,96,100,100,0,0.4375,79.3163,4.5,4.5,8.25
51.303,-1.5,0,0,0,1.41657,0.99997,1.07022,3,1,1,0.883302,0,0.895509,0.905519,0,67.9688,40.7778,41.6111,43.2778,2061.5,1740,1377.11,970,1431.17,104.32,133.242,140.883,106.102,133.242,678.201,53.25,8.912,6.04801,9.6,96,100,100,0,0.0625,78.0574,6,6,8.25
51.336,-1.5,0,0,0,1.42932,0.99997,1.07083,3,1,1,0.879152,0,0.883302,0.902345,0,56.6406,41.75,42.8334,43.5,2089.75,1740,1386.45,970,1441.76,105.023,133.313,142.242,105.141,133.313,678.201,53.25,9.084,6.20534,9.772,96,99.2157,100,0,0,75.8998,3.75,3.75,3.75
51.369,-1.5,0,0,0,1.4303,0.99997,1.07105,3,1,1,0.879152,0,0.883302,0.895509,0,56.6406,42.1667,42.8611,44.3056,2097.25,1740,1391.25,970,1444.38,105.445,133.313,142.242,108.141,133.313,678.201,53.25,9.124,6.20267,9.812,96,100,100,0,0.203125,75.1796,5.25,5.25,5.25
51.403,-1.5,0,0,0,1.44525,0.99997,1.07047,3,1,1,0.876222,0,0.883302,0.890138,0,50,42.2778,43.25,44.25,2106,1760,1392.42,970,1460.23,105.539,134.555,143.133,105.844,134.555,678.201,53.25,9.12,6.20801,9.808,96,100,100,0,0.09375,74.4609,6.75,6.75,6.75
51.436,-1.5,0,0,0,1.45044,0.99997,1.07169,3,1,1,0.870119,0,0.876222,0.884523,0,48.0469,42.8611,43.4723,44.9723,2118.75,1770,1404.38,970,1465.51,106.477,135.328,144.094,107.672,135.328,678.201,53.25,9.32,6.31467,10.016,96,100,100,0,0.03125,74.1008,5.25,5.25,7.5
51.469,-1.5,0,0,0,1.45599,0.99997,1.06906,3,1,1,0.870119,0,0.876222,0.878175,0,48.0469,43.3334,43.6389,45.4167,2125.5,1770,1408.91,970,1470.78,106.875,135.328,144.094,109.055,135.328,678.416,53.25,9.332,6.33867,10.028,96,100,100,0,-0.046875,74.1008,6.75,6.75,6
51.503,-1.5,0,0,0,1.47015,0.99997,1.06918,3,1,1,0.86548,0,0.876222,0.880128,0,48.0469,43.6111,43.9445,45.4445,2137,1780,1413.24,970,1484.02,107.203,136.219,145.172,107.531,136.219,678.416,53.25,9.36,6.36534,10.056,96,100,100,0,0.03125,74.1008,6.75,6.75,6
51.536,-1.5,0,0,0,1.47192,0.99997,1.06949,3,1,1,0.859865,0,0.86548,0.877199,0,48.0469,43.9445,45.8334,46.8056,2149.75,1790,1419.65,970,1489.3,107.719,137.156,145.969,110.859,137.156,678.416,53.25,9.508,6.42401,10.204,96,100,100,0,0.453125,74.1008,7.5,7.5,6.75
51.569,-1.5,0,0,0,1.47846,0.99997,1.06686,3,1,1,0.859865,0,0.86548,0.867189,0,48.0469,44.3056,46,46,2157,1790,1419.61,970,1499.84,107.742,137.156,145.969,108.281,137.156,678.416,53.25,9.488,6.44267,10.184,96,100,100,0,-0.0625,74.1008,7.5,7.5,6.75
51.603,-1.5,0,0,0,1.48016,0.99997,1.06693,3,1,1,0.855958,0,0.86548,0.861574,0,48.0469,44.5834,45.0834,47.1667,2169.25,1800,1428.87,970,1505.12,108.469,137.93,146.813,111.398,137.93,678.416,53.25,9.584,6.46134,10.28,96,100,100,0,0.015625,74.1008,8.25,8.25,6.75
51.636,-1.5,0,0,0,1.48547,0.99997,1.06671,3,1,1,0.848878,0,0.855958,0.86255,0,48.0469,45.2778,46.7778,46.8889,2182.5,1810,1432.97,970,1510.43,108.797,138.68,147.867,109.031,138.68,678.416,53.25,9.72,6.59467,10.4,96,100,100,0,0.234375,74.1008,8.25,8.25,7.5
51.669,-1.5,0,0,0,1.49115,0.99997,1.06485,3,1,1,0.848878,0,0.855958,0.86255,0,48.0469,45.8056,46.4167,47.8056,2196.75,1810,1443.48,970,1518.36,109.664,138.68,147.867,111.188,138.68,679.041,53.25,9.812,6.62934,10.492,96,100,100,0,0.40625,74.1008,8.25,8.25,7.5
51.703,-1.5,0,0,0,1.50214,0.99997,1.06329,3,1,1,0.843751,0,0.855958,0.854249,0,48.0469,46.0556,47.1945,48.3056,2208.25,1820,1445.78,970,1528.87,109.852,139.664,148.828,110.648,139.664,679.041,53.25,9.796,6.63734,10.484,96,100,100,0,0.171875,74.1008,8.25,8.25,7.5
51.736,-1.5,0,0,0,1.50848,0.99997,1.06162,3,1,1,0.837892,0,0.843751,0.843995,0,48.0469,46.6389,47.8611,48.5278,2216.25,1830,1454.65,970,1534.14,110.555,140.578,149.742,111.469,140.578,679.041,53.25,9.992,6.77334,10.68,96,100,100,0,-0.328125,74.1008,8.25,8.25,7.5
51.769,-1.5,0,0,0,1.51221,0.99997,1.06088,3,1,1,0.837892,0,0.843751,0.844972,0,48.0469,46.8611,47.9723,47.8889,2227.75,1830,1454.77,970,1539.49,110.602,140.578,149.742,109.453,140.578,679.041,53.25,9.956,6.74934,10.644,96,100,100,0,0.0625,74.1008,6.75,6.75,7.5
51.803,-1.5,0,0,0,1.50946,0.99997,1.05847,3,1,1,0.833497,0,0.843751,0.842286,0,48.0469,47.0278,48.4723,48.6111,2236.25,1840,1456.56,970,1542.11,110.742,141.469,150.609,111.82,141.469,679.041,53.25,9.948,6.73868,10.636,95.25,100,100,0,0.28125,74.1008,7.5,7.5,7.5
51.836,-1.5,0,0,0,1.52417,0.99997,1.05859,3,1,1,0.830324,0,0.833497,0.839601,0,48.0469,47.6667,50.1945,49.8889,2250.5,1850,1463.67,970,1557.97,111.281,142.266,151.688,112.078,142.266,679.041,53.25,10.128,6.86934,10.816,95.25,100,100,0,-0.328125,74.1008,8.25,8.25,6.75
51.869,-1.5,0,0,0,1.51959,0.99997,1.05597,3,1,1,0.830324,0,0.833497,0.836671,0,48.0469,48.3056,49.0556,50.9445,2256.75,1850,1474.26,970,1557.93,112.148,142.266,151.688,116.367,142.266,679.354,53.25,10.248,6.94668,10.936,95.25,100,100,0,0.078125,74.1008,8.25,8.25,6.75
51.903,-1.5,0,0,0,1.5238,0.99997,1.05576,3,1,1,0.827638,0,0.833497,0.836671,0,48.0469,48.6389,49.25,50.4445,2270.75,1870,1482.3,970,1560.59,112.758,143.32,152.695,114.563,143.32,679.354,53.25,10.312,6.97068,11,95.25,100,100,0,-0.0625,74.1008,9,9,7.5
51.936,-1.5,0,0,0,1.5307,0.99997,1.05612,3,1,1,0.825929,0,0.827638,0.833986,0,48.0469,49.0556,49.4723,51.3334,2287.25,1880,1483.71,970,1568.55,112.852,144.305,153.938,115.641,144.305,679.354,53.25,10.36,6.99201,11.048,95.25,100,100,0,0.25,74.1008,9,9,8.25
51.969,-1.5,0,0,0,1.53314,0.99997,1.05469,3,1,1,0.825929,0,0.827638,0.830324,0,48.0469,49.5834,50.4723,51,2294.25,1880,1488.28,970,1571.17,113.25,144.305,153.938,114.984,144.305,679.354,53.25,10.388,7.04001,11.076,95.25,100,100,0,-0.078125,74.1008,9,9,8.25
52.003,-1.5,0,0,0,1.54279,0.99997,1.05359,3,1,1,0.824464,0,0.827638,0.822999,0,48.0469,49.6945,50.7223,51.1667,2299.75,1890,1490.31,970,1581.76,113.391,145.5,154.547,114,145.5,679.354,53.25,10.416,7.05868,11.104,96,100,100,0,-0.296875,74.1008,9.75,9.75,8.25
52.036,-1.5,0,0,0,1.54822,0.99997,1.05368,3,1,1,0.823488,0,0.824464,0.819337,0,48.0469,50.1112,50.8334,51.4445,2315.25,1900,1495.04,970,1589.69,113.742,146.133,155.578,114.844,146.133,679.354,53.25,10.476,7.09068,11.172,96,100,100,0,0.421875,74.1008,8.25,8.25,9
52.069,-1.5,0,0,0,1.54993,0.99997,1.05191,3,1,1,0.823488,0,0.824464,0.816408,0,48.0469,50.5,51,52.6112,2325,1900,1500.31,970,1592.27,114.188,146.133,155.578,116.578,146.133,679.627,53.25,10.508,7.08801,11.204,96,100,100,0,0.21875,74.1008,9,9,9.75
52.103,-1.5,0,0,0,1.55939,0.99997,1.05057,3,1,1,0.822755,0,0.824464,0.816408,0,48.0469,50.75,52.7778,52.0556,2337.5,1910,1498.98,970,1602.89,114.07,147.141,156.398,113.203,147.141,679.627,53.25,10.452,7.10934,11.148,95.25,100,100,0,-0.140625,74.1008,10.5,10.5,8.25
52.136,-1.5,0,0,0,1.55695,0.99997,1.04926,3,1,1,0.822023,0,0.822755,0.819337,0,48.0469,51.25,52.0556,51.8612,2353.75,1930,1500.16,970,1605.47,114.117,147.914,158.016,114.352,147.914,679.627,53.25,10.46,7.09601,11.148,95.25,100,100,0,0.015625,74.1008,9,9,9.75
52.169,-1.5,0,0,0,1.56018,0.99997,1.04834,3,1,1,0.822023,0,0.822755,0.819337,0,48.0469,51.3889,52.8056,53.0278,2362,1920,1502.54,970,1610.78,114.352,147.914,158.016,115.313,147.914,679.627,53.25,10.476,7.08534,11.164,95.25,100,100,0,0.328125,74.1008,10.5,10.5,9.75
52.203,-1.5,0,0,0,1.56049,0.99997,1.04721,3,1,1,0.821534,0,0.821534,0.813722,0,48.0469,51.7778,53.3056,53.4723,2368.5,1940,1509.77,970,1613.4,114.914,149.508,158.625,116.156,149.508,679.627,53.25,10.576,7.14134,11.264,95.25,100,100,0,-0.21875,74.1008,9.75,9.75,12.75
52.236,-1.5,0,0,0,1.56104,0.99997,1.04669,3,1,1,0.82129,0,0.821534,0.812745,0,48.8281,52.0834,53.3334,53.2778,2374.5,1950,1511.72,970,1616.09,115.078,150.164,159.352,115.594,150.164,679.627,53.25,10.58,7.17068,11.268,95.25,100,100,0,0.125,74.4609,9,9,11.25
52.269,-1.5,0,0,0,1.56091,0.99997,1.04483,3,1,1,0.82129,0,0.821534,0.809083,0,48.8281,52.4167,53.3334,53.3056,2386,1950,1513.09,970,1618.67,115.195,150.164,159.352,115.781,150.164,680.252,53.25,10.572,7.16268,11.26,95.25,100,100,0,0.171875,74.821,9.75,9.75,10.5
52.303,-1.5,0,0,0,1.56653,0.99997,1.04312,3,1,1,0.821046,0,0.821046,0.811036,0,50,52.8334,53.5,54.25,2400.75,1960,1516.48,970,1626.6,115.453,150.867,160.383,115.945,150.867,680.252,53.25,10.576,7.16268,11.264,95.25,100,100,0,0.21875,75.1796,10.5,10.5,11.25
52.336,-1.5,0,0,0,1.55969,0.99997,1.04294,3,1,1,0.820802,0,0.821046,0.82007,0,53.125,53.1667,54.3612,53.8056,2410.75,1980,1518.4,970,1621.37,115.594,151.898,161.742,116.859,151.898,680.252,53.25,10.592,7.16534,11.28,95.25,100,100,0,-0.03125,75.8998,9.75,9.75,10.5
52.369,-1.5,0,0,0,1.56513,0.99997,1.0419,3,1,1,0.820802,0,0.821046,0.822023,0,53.125,53.2778,54.5556,55.0278,2423.25,1970,1519.84,970,1629.3,115.734,151.898,161.742,117.867,151.898,680.252,53.25,10.576,7.16001,11.264,95.25,100,100,0,-0.15625,76.6185,11.25,11.25,12
52.403,-1.5,0,0,0,1.56934,0.99997,1.0423,3,1,1,0.820802,0,0.820802,0.823732,0,58.2031,53.8612,54.6945,55.3334,2437,1990,1523.44,970,1637.23,116.039,153.234,162.305,116.531,153.234,680.252,53.25,10.644,7.20534,11.34,95.25,100,100,0,0.265625,77.3387,11.25,11.25,10.5
52.436,-1.5,0,0,0,1.5672,0.99997,1.0415,3,1,1,0.820558,0,0.820802,0.815675,0,59.7656,54,55.7778,55.4445,2444.75,2000,1524.53,970,1637.23,116.109,153.844,163.453,117.586,153.844,680.252,53.25,10.636,7.19468,11.332,95.25,100,100,0,0.078125,77.3387,9,9,10.5
52.469,-1.5,0,0,0,1.57001,0.99997,1.04208,3,1,1,0.820558,0,0.820802,0.815675,0,59.7656,54.5,55.8612,57.6945,2453.75,2000,1538.52,970,1642.5,117.234,153.844,163.453,121.547,153.844,680.818,53.25,10.812,7.26134,11.508,95.25,100,100,0,-0.1875,77.3387,10.5,10.5,11.25
52.503,-1.5,0,0,0,1.58045,0.99997,1.04102,3,1,1,0.820558,0,0.820558,0.813722,0,59.7656,55.3889,56.25,58.3334,2466,2010,1552.85,970,1653.05,118.359,154.992,164.156,121.5,154.992,680.818,53.25,10.968,7.43201,11.656,95.25,100,100,0,0.09375,77.3387,10.5,10.5,10.5
52.536,-1.5,0,0,0,1.59332,0.99997,1.0405,3,1,1,0.820558,0,0.820558,0.817384,0,59.7656,56.1389,56.4723,58.1389,2474,2020,1562.46,970,1663.63,119.086,155.695,165.281,120.352,155.695,680.818,53.25,11.08,7.48534,11.768,95.25,100,100,0,0.296875,77.3387,10.5,10.5,11.25
52.569,-1.5,0,0,0,1.59961,0.99997,1.03952,3,1,1,0.820558,0,0.820558,0.817384,0,59.7656,56.5834,56.9167,60.8889,2486.5,2020,1575.98,970,1668.91,120.164,155.695,165.281,125.531,155.695,680.818,53.25,11.184,7.49868,11.872,95.25,100,100,0,-0.21875,77.3387,11.25,11.25,11.25
52.603,-1.5,0,0,0,1.6214,0.99997,1.03891,3,1,1,0.820558,0,0.820558,0.815675,0,59.7656,57.1667,58.6667,59.5,2494,2040,1578.71,970,1690.04,120.328,156.82,166.125,120.82,156.82,680.818,53.25,11.184,7.56268,11.872,95.25,100,100,0,-0.140625,77.3387,11.25,11.25,11.25
52.636,-1.5,0,0,0,1.62036,0.99997,1.03803,3,1,1,0.820314,0,0.820558,0.813722,0,59.7656,57.6389,58.8612,61.9167,2509.25,2050,1593.83,970,1692.7,121.477,157.688,167.414,126.305,157.688,680.818,53.25,11.332,7.60001,12.02,95.25,100,100,0,0.421875,77.3387,10.5,10.5,10.5
52.669,-1.5,0,0,0,1.63153,0.99997,1.03745,3,1,1,0.820314,0,0.820558,0.813722,0,59.7656,58.6112,59.1667,61.5834,2516.25,2050,1601.91,970,1703.24,122.109,157.688,167.414,125.016,157.688,681.658,53.25,11.396,7.71468,12.084,95.25,100,100,0,0.015625,77.3387,10.5,10.5,10.5
52.703,-1.5,0,0,0,1.64435,0.99997,1.03696,3,1,1,0.820314,0,0.820314,0.817384,0,59.7656,59.3334,60.9445,63.6112,2533.5,2070,1623.09,970,1713.83,123.68,158.977,168.023,128.32,158.977,681.658,53.25,11.636,7.79468,12.324,95.25,100,100,0,-0.171875,77.3387,12,12,10.5
52.736,-1.5,0,0,0,1.66956,0.99997,1.03565,3,1,1,0.820314,0,0.820314,0.812745,0,59.7656,59.9723,61.8612,63.5001,2539.25,2080,1623.63,970,1740.23,124.148,160.336,169.008,123.445,160.336,681.658,53.25,11.652,7.86401,12.34,95.25,100,100,0,0.296875,77.3387,11.25,11.25,11.25
52.769,-1.5,0,0,0,1.66943,0.99997,1.03519,3,1,1,0.820314,0,0.820314,0.813722,0,59.7656,61,61.8612,63.4167,2558,2080,1637.42,970,1742.85,125.156,160.336,169.008,125.367,160.336,681.658,53.25,11.776,7.97601,12.464,95.25,100,100,0,0.265625,77.3387,9,9,10.5
52.803,-1.5,0,0,0,1.68176,0.99997,1.03369,3,1,1,0.820314,0,0.820314,0.811769,0,59.7656,61.8612,63.3056,66.0556,2572,2090,1646.8,970,1756.09,125.977,160.969,169.945,130.406,160.969,681.658,53.25,11.844,8.01601,12.54,95.25,100,100,0,-0.25,77.3387,11.25,11.25,9.75
52.836,-1.5,0,0,0,1.68549,0.99997,1.03229,3,1,1,0.820314,0,0.820314,0.809083,0,59.7656,62,63.4445,66.0278,2577.75,2100,1660.86,970,1761.37,127.148,161.883,170.789,131.438,161.883,681.658,53.25,12,8.02134,12.696,95.25,100,100,0,-0.265625,77.3387,10.5,10.5,10.5
52.869,-1.5,0,0,0,1.70386,0.99997,1.03079,3,1,1,0.820314,0,0.820314,0.808107,0,59.7656,63.0834,64.2501,65.3056,2590.5,2100,1668.16,970,1777.23,127.617,161.883,170.789,125.602,161.883,682.498,53.25,12.02,8.13601,12.716,95.25,100,100,0,0.40625,77.3387,9,9,10.5
52.903,-1.5,0,0,0,1.70545,0.99997,1.02908,3,1,1,0.820314,0,0.820314,0.81006,0,59.7656,64.0834,64.1667,66.2501,2609.5,2110,1685.66,970,1782.46,129.023,162.82,171.844,130.477,162.82,682.498,53.25,12.192,8.25334,12.888,96,100,100,0,0,77.3387,8.25,8.25,9.75
52.936,-1.5,0,0,0,1.72302,0.99997,1.02792,3,1,1,0.820314,0,0.820314,0.81006,0,59.7656,64.3612,65.8889,67.2778,2611.25,2120,1690.16,970,1798.36,129.422,163.781,172.523,129.539,163.781,682.498,53.25,12.244,8.25868,12.94,96,100,100,0,-0.140625,77.3387,9.75,9.75,9
52.969,-1.5,0,0,0,1.72553,0.99997,1.02631,3,1,1,0.820314,0,0.820314,0.81006,0,59.7656,65.3056,65.8889,68.8889,2617.25,2120,1709.3,970,1800.98,130.758,163.781,172.523,135.234,163.781,682.498,53.25,12.384,8.38134,13.08,96,99.6079,100,0,0.296875,77.3387,10.5,10.5,11.25
53.003,-1.5,0,0,0,1.73877,0.99997,1.02454,3,1,1,0.820314,0,0.820314,0.808107,0,59.7656,66.0556,66.4167,68.2223,2641.5,2130,1721.02,970,1811.56,131.625,164.461,173.391,133.711,164.461,682.498,53.25,12.44,8.41068,13.136,95.25,100,100,0,-0.015625,77.3387,9.75,9.75,9.75
53.036,-1.5,0,0,0,1.74567,0.99997,1.02496,3,1,1,0.820314,0,0.820314,0.814699,0,59.7656,66.5001,67.7223,69.0834,2653,2140,1725.2,970,1819.49,132.188,165.703,174.656,134.531,165.703,682.498,53.25,12.544,8.39468,13.24,95.25,100,100,0,0.171875,77.3387,7.5,7.5,7.5
53.069,-1.5,0,0,0,1.75867,0.99997,1.02405,3,1,1,0.820314,0,0.820314,0.817384,0,59.7656,67.2501,68.2223,69.4445,2657.5,2150,1733.2,970,1832.7,132.727,165.703,174.656,133.336,165.703,683.787,53.25,12.564,8.50401,13.26,95.25,100,100,0,0.109375,77.3387,10.5,10.5,10.5
53.103,-1.5,0,0,0,1.76807,0.99997,1.02304,3,1,1,0.820314,0,0.820314,0.816408,0,59.7656,67.8889,68.5834,70.5834,2668,2160,1747.34,970,1840.63,133.852,166.641,175.125,134.836,166.641,683.787,53.25,12.712,8.59201,13.424,95.25,100,100,0,0.078125,77.3387,9,9,10.5
53.136,-1.5,0,0,0,1.77673,0.99997,1.02313,3,1,1,0.820314,0,0.820314,0.817384,0,59.7656,68.7223,68.9167,71.0556,2683.5,2160,1754.73,970,1848.52,134.602,167.414,176.344,134.789,167.414,683.787,53.25,12.796,8.62134,13.508,95.25,100,100,0,-0.0625,77.3387,8.25,8.25,9
53.169,-1.5,0,0,0,1.7804,0.99997,1.02298,3,1,1,0.820314,0,0.820314,0.815675,0,59.7656,69.5834,70.0556,71.5556,2698.25,2170,1768.4,970,1848.55,135.633,167.414,176.344,136.57,167.414,683.787,53.25,12.876,8.69334,13.588,95.25,100,100,0,0.140625,77.3387,10.5,10.5,9
53.203,-1.5,0,0,0,1.78247,0.99997,1.02271,3,1,1,0.820314,0,0.820314,0.814699,0,59.7656,70.2778,70.1667,72.6945,2705.25,2180,1776.21,970,1848.55,136.406,168.539,177.234,140.859,168.539,683.787,53.25,12.916,8.73868,13.604,95.25,100,100,0,0,77.3387,9.75,9.75,9.75
53.236,-1.5,0,0,0,1.79437,0.99997,1.02173,3,1,1,0.820314,0,0.820314,0.815675,0,59.7656,70.7501,70.6112,73.3334,2714,2190,1786.95,970,1856.48,137.367,169.43,177.984,141.211,169.43,683.787,53.25,13,8.73601,13.688,95.25,100,100,0,-0.1875,77.3387,9.75,9.75,9
53.269,-1.5,0,0,0,1.81824,0.99997,1.02109,3,1,1,0.820314,0,0.820314,0.817384,0,59.7656,71.8334,71.5834,73.5834,2728.25,2190,1794.1,970,1880.2,137.906,169.43,177.984,136.711,169.43,685.33,53.25,13.072,8.83201,13.76,95.25,100,100,0,0.21875,77.3387,8.25,8.25,9
53.303,-1.5,0,0,0,1.8197,0.99997,1.02133,3,1,1,0.820314,0,0.820314,0.822999,0,59.7656,73.0001,72.6389,75.3612,2749.25,2200,1814.1,970,1877.58,139.617,170.25,178.805,141.188,170.25,685.33,53.25,13.24,8.93068,13.928,95.25,100,100,0,0.265625,77.3387,7.5,7.5,9
53.336,-1.5,0,0,0,1.82752,0.99997,1.02219,3,1,1,0.820314,0,0.820314,0.825685,0,59.7656,73.3612,72.9445,73.8612,2751.75,2200,1815.7,970,1880.23,139.969,171.188,179.836,138.445,171.188,685.33,53.25,13.292,8.96801,13.98,95.25,100,100,0,-0.09375,77.3387,9.75,9.75,8.25
53.369,-1.5,0,0,0,1.84192,0.99997,1.02289,3,1,1,0.820314,0,0.820314,0.825685,0,59.7656,73.8612,73.5278,75.3056,2757.25,2200,1820.2,970,1890.82,140.297,171.188,179.836,139.617,171.188,685.33,53.25,13.332,9.01868,14.02,95.25,100,100,0,0.171875,77.3387,9,9,9
53.403,-1.5,0,0,0,1.84223,0.99997,1.02402,3,1,1,0.820314,0,0.820314,0.826661,0,59.7656,74.6112,74.6389,74.5556,2774.75,2210,1826.84,970,1888.16,140.906,172.078,180.586,139.664,172.078,685.33,53.25,13.396,9.06934,14.084,95.25,100,100,0,0.171875,77.3387,9.75,9.75,9
53.436,-1.5,0,0,0,1.84625,0.99997,1.02588,3,1,1,0.820314,0,0.820314,0.830324,0,59.7656,74.5001,74.8056,76.2223,2792.25,2220,1824.57,970,1896.09,141.023,173.18,181.641,142.406,173.18,685.33,53.25,13.436,9.02134,14.124,95.25,100,100,0,-0.046875,77.3387,7.5,7.5,7.5
53.469,-1.5,0,0,0,1.85004,0.99997,1.02817,3,1,1,0.820314,0,0.820314,0.837648,0,59.7656,75.6112,74.9723,77.0278,2796,2220,1833.16,970,1896.09,141.703,173.18,181.641,143.25,173.18,687.4,53.25,13.488,9.12268,14.176,95.25,100,100,0,-0.140625,77.3387,9,9,9
53.503,-1.5,0,0,0,1.86066,0.99997,1.03107,3,1,1,0.820314,0,0.820314,0.844972,0,59.7656,76.2501,76.4445,78.389,2807,2230,1847.11,970,1901.37,142.992,174.094,182.555,145.43,174.094,687.4,53.25,13.68,9.25334,14.392,95.25,100,100,0,0.296875,77.3387,9,9,9.75
53.536,-1.5,0,0,0,1.86511,0.99997,1.03442,3,1,1,0.820314,0,0.820314,0.846925,0,59.7656,77.1667,76.639,79.1945,2814.25,2240,1860.35,970,1901.37,144.258,175.125,183.539,147.938,175.125,687.4,53.25,13.9,9.34401,14.612,95.25,100,100,0,-0.078125,77.3387,9,9,9.75
53.569,-1.5,0,0,0,1.86524,0.99997,1.03848,3,1,1,0.820314,0,0.820314,0.847658,0,59.7656,77.9723,76.639,79.8334,2833.75,2240,1869.02,970,1901.37,144.938,175.125,183.539,148.828,175.125,687.4,53.25,14.012,9.43468,14.724,95.25,100,100,0,0.03125,77.3387,7.5,7.5,7.5
53.603,-1.5,0,0,0,1.87006,0.99997,1.04312,3,1,1,0.820314,0,0.820314,0.850587,0,59.7656,78.5001,76.7778,80.5834,2843.75,2250,1877.3,970,1901.37,145.758,176.039,184.289,149.859,176.039,687.4,53.25,14.144,9.48268,14.84,95.25,99.6079,100,0,0.28125,77.3387,9,9,7.5
53.636,-1.5,0,0,0,1.89118,0.99997,1.04709,3,1,1,0.820314,0,0.820314,0.846925,0,59.7656,79.3056,78.7501,81.389,2847,2260,1883.87,970,1914.57,146.414,176.836,184.922,148.453,176.836,687.4,53.25,14.264,9.61068,14.96,95.25,100,100,0,-0.15625,77.3387,9,9,8.25
53.669,-1.5,0,0,0,1.89624,0.99997,1.04971,3,1,1,0.820314,0,0.820314,0.842286,0,59.7656,80.1945,78.9723,81.0834,2859,2260,1891.52,970,1914.57,147,176.836,184.922,148.453,176.836,690.135,53.25,14.4,9.74668,15.096,95.25,100,100,0,-0.25,77.3387,9,9,8.25
53.703,-1.5,0,0,0,1.90161,0.99997,1.05222,3,1,1,0.820314,0,0.820314,0.835695,0,59.7656,80.889,79.1945,82.0834,2876,2270,1897.85,970,1917.23,147.727,177.633,185.93,149.836,177.633,690.135,53.25,14.496,9.81335,15.192,95.25,100,100,0,0.03125,77.3387,9,9,8.25
53.736,-1.5,0,0,0,1.91437,0.99997,1.05325,3,1,1,0.820314,0,0.820314,0.82837,0,59.7656,81.2778,80.8612,82.5278,2888,2280,1902.54,970,1925.16,148.336,178.688,186.984,149.016,178.688,690.135,53.25,14.56,9.82135,15.256,95.25,100,100,0,-0.203125,77.3387,7.5,7.5,8.25
53.769,-1.5,0,0,0,1.9234,0.99997,1.05365,3,1,1,0.820314,0,0.820314,0.821046,0,59.7656,81.9167,81.2501,82.9167,2892.75,2280,1903.24,970,1930.43,148.383,178.688,186.984,148.641,178.688,690.135,53.25,14.6,9.87735,15.296,95.25,100,100,0,-0.125,77.3387,9,9,8.25
53.803,-1.5,0,0,0,1.91736,0.99997,1.05225,3,1,1,0.820314,0,0.820314,0.817384,0,59.7656,82.2778,81.0001,83.3612,2909,2290,1907.77,970,1922.5,148.828,179.602,187.359,151.219,179.602,690.135,53.25,14.628,9.88268,15.316,95.25,100,100,0,0.234375,77.3387,9,9,8.25
53.836,-1.5,0,0,0,1.92798,0.99997,1.05057,3,1,1,0.820314,0,0.820314,0.813722,0,59.7656,82.5001,81.4167,84.0001,2914.25,2290,1912.03,970,1930.43,149.367,180.188,188.203,150.234,180.188,690.135,53.25,14.652,9.87735,15.34,95.25,100,100,0,-0.515625,77.3387,9,9,8.25
53.869,-1.5,0,0,0,1.9419,0.99997,1.04907,3,1,1,0.820314,0,0.820314,0.811769,0,59.7656,83.5001,82.0278,82.889,2927.5,2290,1913.55,970,1938.32,149.391,180.188,188.203,148.922,180.188,693.416,53.25,14.664,9.91201,15.352,95.25,100,100,0,-0.03125,77.3387,9,9,8.25
53.903,-1.5,0,0,0,1.94006,0.99997,1.04633,3,1,1,0.820314,0,0.820314,0.806398,0,59.7656,84.1945,83.1112,85.0834,2944,2300,1915.08,970,1933.09,149.836,181.172,189.211,150.563,181.172,693.416,53.25,14.672,9.93601,15.368,95.25,100,100,0,-0.046875,77.3387,7.5,7.5,7.5
53.936,-1.5,0,0,0,1.93347,0.99997,1.04544,3,1,1,0.820314,0,0.820314,0.811036,0,59.7656,84.1945,82.7501,84.889,2947.75,2310,1917.54,970,1925.16,150.258,182.203,190.242,152.906,182.203,693.416,53.25,14.66,9.90668,15.356,95.25,100,100,0,-0.328125,77.3387,9,9,8.25
53.969,-1.5,0,0,0,1.95416,0.99997,1.04413,3,1,1,0.820314,0,0.820314,0.813722,0,59.7656,84.9445,83.639,85.6112,2956.5,2310,1920.86,970,1938.36,150.516,182.203,190.242,150.398,182.203,693.416,53.25,14.688,9.94668,15.384,95.25,100,100,0,-0.046875,77.3387,9,9,8.25
54.003,-1.5,0,0,0,1.95526,0.99997,1.04248,3,1,1,0.820314,0,0.820314,0.814699,0,59.7656,85.7501,84.8056,86.8612,2976.75,2320,1923.83,970,1935.7,150.938,183.234,191.039,153.328,183.234,693.416,53.25,14.708,9.96001,15.404,95.25,100,100,0,0.015625,77.3387,9,9,8.25
54.036,-1.5,0,0,0,1.96082,0.99997,1.04123,3,1,1,0.820314,0,0.820314,0.811036,0,59.7656,86.0556,85.0556,87.0834,2980,2330,1931.37,970,1938.32,151.711,184.031,191.789,152.719,184.031,693.416,53.25,14.796,9.98401,15.492,95.25,100,100,0,-0.34375,77.3387,8.25,8.25,8.25
54.069,-1.5,0,0,0,1.98651,0.99997,1.04129,3,1,1,0.820314,0,0.820314,0.813722,0,59.7656,86.1667,86.139,86.7223,2980.25,2330,1929.1,970,1959.49,151.5,184.031,191.789,148.383,184.031,696.893,53.25,14.792,10.008,15.488,95.25,100,100,0,0.03125,77.3387,6.75,6.75,9.75
54.103,-1.5,0,0,0,1.96564,0.99997,1.03943,3,1,1,0.820314,0,0.820314,0.811036,0,59.7656,87.3056,85.2501,88.0278,3001.75,2330,1938.24,970,1938.36,152.344,184.711,192.234,155.32,184.711,696.893,53.25,14.844,10.0507,15.532,95.25,100,100,0,-0.03125,77.3387,6.75,6.75,6.75
54.136,-1.5,0,0,0,1.98102,0.99997,1.03873,3,1,1,0.820314,0,0.820314,0.812745,0,59.7656,87.3056,87.0834,87.8612,3013.75,2330,1935.35,970,1948.95,152.25,185.016,192.984,152.086,185.016,696.893,53.25,14.824,10.0267,15.512,95.25,100,100,0,-0.375,77.3387,6.75,6.75,6.75
54.169,-1.5,0,0,0,1.98609,0.99997,1.0372,3,1,1,0.820314,0,0.820314,0.811769,0,59.7656,87.6667,87.3056,88.7223,3020,2330,1933.36,970,1954.22,152.086,185.016,192.984,153.07,185.016,696.893,53.25,14.784,10.0107,15.472,95.25,100,100,0,0.1875,77.3387,7.5,7.5,7.5
54.203,-1.5,0,0,0,1.97669,0.99997,1.03534,3,1,1,0.820314,0,0.820314,0.811036,0,59.7656,88.7223,86.9167,89.2501,3034.25,2330,1948.16,970,1941.05,153.211,184.898,193.102,156.492,184.898,696.893,53.25,14.912,10.088,15.6,95.25,100,100,0,0,77.3387,7.5,7.5,7.5
54.236,-1.5,0,0,0,1.99378,0.99997,1.03436,3,1,1,0.820314,0,0.820314,0.814699,0,59.7656,88.9445,87.639,88.2778,3040.25,2320,1946.52,970,1954.22,153.047,183.867,193.195,151.055,183.867,696.893,53.25,14.904,10.096,15.592,95.25,100,100,0,-0.171875,77.3387,9,9,7.5
54.269,-1.5,0,0,0,1.99042,0.99997,1.03455,3,1,1,0.820314,0,0.820314,0.817384,0,59.7656,88.889,88.639,87.5834,3049.25,2320,1942.7,970,1948.95,152.742,183.867,193.195,151.195,183.867,700.623,53.25,14.848,10.0427,15.536,95.25,100,100,0,0.28125,77.3387,7.5,7.5,7.5
54.303,-1.5,0,0,0,1.98969,0.99997,1.03229,3,1,1,0.820314,0,0.820314,0.81006,0,59.7656,89.2778,88.5556,89.7501,3062.25,2320,1942.81,970,1948.95,152.719,183.844,193.266,152.273,183.844,700.623,53.25,14.812,10.0373,15.508,95.25,99.6079,100,0,-0.15625,77.3387,6.75,6.75,8.25
54.336,-1.5,0,0,0,1.99042,0.99997,1.03189,3,1,1,0.820314,0,0.820314,0.809083,0,59.7656,89.3056,88.5834,89.7501,3073.25,2320,1947.62,970,1948.95,153.047,183.82,193.383,152.203,183.82,700.623,53.25,14.832,10.0133,15.528,95.25,99.6079,100,0,-0.296875,77.3387,7.5,7.5,7.5
54.369,-1.5,0,0,0,1.98548,0.99997,1.03107,3,1,1,0.820314,0,0.820314,0.811036,0,59.7656,89.4723,88.3612,90.9723,3079.75,2320,1946.91,970,1941.05,153,183.82,193.383,156.539,183.82,700.623,53.25,14.812,10,15.508,95.25,99.6079,100,0,0.28125,77.3387,9,9,8.25
54.403,-1.5,0,0,0,1.99671,0.99997,1.02728,3,1,1,0.820314,0,0.820314,0.804445,0,59.7656,90.2223,90.1945,90.0556,3097.5,2320,1944.34,970,1946.29,152.766,183.773,193.477,152.555,183.773,700.623,53.25,14.74,9.98668,15.428,95.25,100,100,0,-0.5,77.3387,9,9,8.25
54.436,-1.5,0,0,0,1.9848,0.99997,1.02454,3,1,1,0.820314,0,0.820314,0.804445,0,59.7656,90.2779,89.6667,90.7779,3105.75,2320,1943.13,970,1935.74,152.648,183.75,193.617,156.023,183.75,700.623,53.25,14.688,9.95468,15.376,95.25,100,100,0,-0.171875,77.3387,9,9,8.25
54.469,-1.5,0,0,0,1.99658,0.99997,1.02304,3,1,1,0.820314,0,0.820314,0.806398,0,59.7656,90.3334,90.1945,91.5001,3115.5,2320,1940.86,970,1946.29,152.461,183.75,193.617,154.195,183.75,704.764,53.25,14.624,9.90401,15.312,95.25,100,100,0,0.171875,77.3387,7.5,7.5,7.5
54.503,-1.5,0,0,0,1.99005,0.99997,1.02029,3,1,1,0.820314,0,0.820314,0.808107,0,59.7656,91.0279,89.889,89.4167,3121.5,2320,1945.23,970,1938.36,152.789,183.703,193.664,152.086,183.703,704.764,53.25,14.648,9.91468,15.352,95.25,100,100,0,-0.546875,77.3387,8.25,8.25,8.25
54.536,-1.5,0,0,0,1.99634,0.99997,1.01883,3,1,1,0.820314,0,0.820314,0.809083,0,59.7656,91.2501,91.5834,90.7779,3133,2320,1943.48,970,1943.63,152.625,183.68,193.805,152.297,183.68,704.764,53.25,14.616,9.90401,15.32,95.25,100,100,0,-0.03125,77.3387,7.5,7.5,7.5
54.569,-1.5,0,0,0,1.98493,0.99997,1.01883,3,1,1,0.820314,0,0.820314,0.814699,0,59.7656,91.7779,91.0556,91.2223,3145.75,2320,1946.02,970,1933.13,152.836,183.68,193.805,155.18,183.68,704.764,53.25,14.632,9.90135,15.336,95.25,100,100,0,-0.203125,77.3387,6.75,6.75,6.75
54.603,-1.5,0,0,0,1.98139,0.99997,1.01752,3,1,1,0.820314,0,0.820314,0.815675,0,59.7656,91.6667,90.889,91.889,3153,2320,1944.14,970,1933.09,152.672,183.656,193.875,154.992,183.656,704.764,53.25,14.604,9.86401,15.3,95.25,100,100,0,-0.3125,77.3387,7.5,7.5,8.25
54.636,-1.5,0,0,0,1.99561,0.99997,1.01727,3,1,1,0.820314,0,0.820314,0.815675,0,59.7656,91.7779,92.889,91.5279,3168.5,2320,1936.02,970,1946.25,151.969,183.586,194.016,150.609,183.586,704.764,53.25,14.516,9.82935,15.212,95.25,100,100,0,-0.03125,77.3387,9,9,8.25
54.669,-1.5,0,0,0,1.98621,0.99997,1.01633,3,1,1,0.820314,0,0.820314,0.816408,0,59.7656,92.1945,92.4723,92.7223,3176.5,2320,1940.08,970,1938.36,152.32,183.586,194.016,153.75,183.586,708.455,53.25,14.536,9.81335,15.232,95.25,100,100,0,-0.34375,77.3387,9,9,8.25
54.703,-1.5,0,0,0,1.98633,0.99997,1.01547,3,1,1,0.820314,0,0.820314,0.813722,0,59.7656,92.8334,92.4445,93.0556,3185.25,2320,1944.96,970,1938.36,152.695,183.563,194.18,153.75,183.563,708.455,53.25,14.584,9.85868,15.272,95.25,100,100,0,-0.25,77.3387,9,9,8.25
54.736,-1.5,0,0,0,1.98163,0.99997,1.01459,3,1,1,0.820314,0,0.820314,0.813722,0,59.7656,92.7223,92.2501,91.7779,3192,2320,1941.91,970,1933.09,152.438,183.492,194.203,152.508,183.492,708.455,53.25,14.544,9.83735,15.232,95.25,100,100,0,-0.328125,77.3387,9,9,8.25
54.769,-1.5,0,0,0,1.99371,0.99997,1.01413,3,1,1,0.820314,0,0.820314,0.816408,0,59.7656,93.1112,92.8056,92.6945,3202,2320,1937.42,970,1946.25,152.086,183.492,194.203,150.047,183.492,708.455,53.25,14.516,9.82668,15.204,95.25,100,100,0,-0.28125,77.3387,9,9,8.25
54.803,-1.5,0,0,0,1.99133,0.99997,1.01257,3,1,1,0.820314,0,0.820314,0.814699,0,59.7656,93.4723,94.0834,93.1945,3210.75,2320,1939.92,970,1943.59,152.273,183.516,194.297,150.68,183.516,708.455,53.25,14.512,9.80801,15.208,94.5,100,100,0,-0.203125,77.3387,9,9,8.25
54.836,-0.75,0,0,0,1.98621,0.99997,1.01264,3,1,1,0.820314,0,0.820314,0.817384,0,59.7656,93.4167,93.8334,93.3612,3228.5,2320,1939.14,970,1940.98,152.156,183.469,194.438,150.539,183.469,708.455,53.25,14.508,9.82135,15.204,94.5,100,100,0,-0.53125,77.3387,8.25,8.25,8.25
54.869,-0.75,0,0,0,1.96948,0.99997,1.01257,3,1,1,0.820314,0,0.820314,0.819337,0,59.7656,94.0556,93.0556,94.0279,3238.25,2320,1939.06,970,1925.2,152.18,183.469,194.438,155.414,183.469,712.498,53.25,14.484,9.78401,15.18,94.5,100,100,0,-0.46875,77.3387,9,9,8.25
54.903,-0.75,0,0,0,1.97913,0.99997,1.01163,3,1,1,0.820314,0,0.820314,0.818361,0,59.7656,94.3334,93.5001,94.139,3240.25,2320,1937.38,970,1935.7,152.016,183.398,194.555,152.602,183.398,712.498,53.25,14.46,9.76801,15.156,95.25,100,100,0,0.015625,77.3387,8.25,8.25,10.5
54.936,-0.75,0,0,0,1.98175,0.99997,1.01267,3,1,1,0.820314,0,0.820314,0.82007,0,59.7656,94.0556,95.0001,95.6112,3245.5,2320,1939.02,970,1938.36,152.156,183.352,194.578,154.102,183.352,712.498,53.25,14.496,9.74935,15.192,95.25,100,100,0,-0.390625,77.3387,9,9,9.75
54.969,-0.75,0,0,0,1.97418,0.99997,1.01297,3,1,1,0.820314,0,0.820314,0.823732,0,59.7656,94.9167,94.639,95.5279,3257.5,2320,1945.16,970,1930.47,152.672,183.352,194.578,155.344,183.352,712.498,53.25,14.564,9.84001,15.26,95.25,100,100,0,-0.40625,77.3387,9,9,9
55.003,-0.75,0,0,0,1.98963,0.99997,1.01325,3,1,1,0.820314,0,0.820314,0.821046,0,59.7656,94.9723,95.389,94.3056,3275,2320,1935.04,970,1946.25,151.805,183.352,194.766,148.688,183.352,712.498,54,14.488,9.81068,15.184,95.25,100,100,0,-0.203125,77.3387,8.25,8.25,8.25
55.036,-0.75,0,0,0,1.97156,0.99997,1.01431,3,1,1,0.820314,0,0.820314,0.822023,0,59.7656,95.0279,94.5279,94.8056,3285.5,2320,1937.38,970,1930.43,151.992,183.305,194.813,152.977,183.305,712.498,54,14.492,9.78935,15.188,95.25,100,100,0,-0.671875,77.3387,8.25,8.25,8.25
55.069,-0.75,0,0,0,1.9773,0.99997,1.01318,3,1,1,0.820314,0,0.820314,0.817384,0,59.7656,95.2501,96.1112,93.7779,3293.75,2320,1929.57,970,1935.7,151.359,183.305,194.813,149.391,183.305,716.404,54,14.424,9.73601,15.12,95.25,100,100,0,-0.53125,77.3387,8.25,8.25,8.25
55.103,-0.75,0,0,0,1.97089,0.99997,1.01315,3,1,1,0.820314,0,0.820314,0.816408,0,59.7656,95.2501,95.7779,94.5279,3303.5,2320,1925.82,970,1933.09,151.055,183.281,194.906,150.047,183.281,716.404,54,14.36,9.72268,15.056,95.25,100,100,0,-0.546875,77.3387,10.5,10.5,9
55.136,-0.75,0,0,0,1.97266,0.99997,1.0126,3,1,1,0.820314,0,0.820314,0.819337,0,59.7656,95.3334,95.8612,95.9445,3321,2320,1924.18,970,1938.32,150.867,183.234,195.07,150.609,183.234,716.404,54,14.364,9.66135,15.06,95.25,100,100,0,-0.546875,77.3387,8.25,8.25,8.25
55.169,-0.75,0,0,0,1.9737,0.99997,1.01303,3,1,1,0.820314,0,0.820314,0.822023,0,59.7656,95.5556,97.3056,96.2501,3316,2320,1923.71,970,1938.32,150.844,183.234,195.07,151.406,183.234,716.404,54,14.38,9.68535,15.076,95.25,100,100,0,-0.171875,77.3387,9.75,9.75,12
55.203,-0.75,0,0,0,1.9646,0.99997,1.01187,3,1,1,0.820314,0,0.820314,0.817384,0,59.7656,96.139,95.5001,95.9445,3337,2320,1926.64,970,1935.7,151.102,183.188,195.094,150.539,183.188,716.404,54,14.408,9.70401,15.096,95.25,100,100,0,-0.671875,77.3387,9,9,9
55.236,-0.75,0,0,0,1.97199,0.99997,1.01346,3,1,1,0.820314,0,0.820314,0.819337,0,59.7656,96.0834,97.2223,97.0001,3350,2300,1920.08,970,1943.63,150.539,181.992,195.234,150.469,181.992,716.404,54,14.348,9.68801,15.036,95.25,100,100,0,-0.140625,77.3387,9,9,9
55.269,-0.75,0,0,0,1.95813,0.99997,1.01389,3,1,1,0.820314,0,0.820314,0.823732,0,59.7656,96.2501,96.5556,95.7501,3354,2300,1917.62,970,1933.13,150.352,181.992,195.234,151.219,181.992,720.486,54,14.344,9.65868,15.032,95.25,100,100,0,-0.25,77.3387,9.75,9.75,9.75
55.303,-0.75,0,0,0,1.95954,0.99997,1.01276,3,1,1,0.820314,0,0.820314,0.819337,0,59.7656,96.4167,96.639,96.5279,3371.75,2300,1913.91,970,1938.32,150.023,181.922,195.375,150.188,181.922,720.486,54,14.316,9.62401,15.004,94.5,100,100,0,-0.46875,77.3387,9.75,9.75,9.75
55.336,-0.75,0,0,0,1.95569,0.99997,1.01367,3,1,1,0.820314,0,0.820314,0.822999,0,59.7656,96.6667,97.7779,96.4445,3378.25,2300,1913.87,970,1935.7,149.977,181.875,195.492,150.328,181.875,720.486,54,14.328,9.62401,15.016,94.5,100,100,0,-0.4375,77.3387,10.5,10.5,9.75
55.369,-0.75,0,0,0,1.95569,0.99997,1.01321,3,1,1,0.820314,0,0.820314,0.822023,0,59.7656,96.9445,97.7779,98.3612,3381.25,2300,1921.09,970,1938.32,150.586,181.875,195.492,152.227,181.875,720.486,54,14.372,9.64801,15.06,94.5,100,100,0,-0.375,77.3387,10.5,10.5,9.75
55.403,-0.75,0,0,0,1.94367,0.99997,1.01453,3,1,1,0.820314,0,0.820314,0.823732,0,59.7656,97.4167,97.1945,97.1945,3395.5,2300,1923.83,970,1925.2,150.82,181.828,195.516,153.164,181.828,720.486,54,14.404,9.66935,15.092,95.25,100,100,0,-0.734375,77.3387,10.5,10.5,9.75
55.436,-0.75,0,0,0,1.94989,0.99997,1.01608,3,1,1,0.820314,0,0.820314,0.82837,0,59.7656,97.4723,98.8056,96.5834,3408.5,2300,1914.65,970,1933.13,150.023,181.828,195.656,149.578,181.828,720.486,54,14.36,9.66668,15.048,95.25,100,100,0,-0.15625,77.3387,10.5,10.5,9.75
55.469,-0.75,0,0,0,1.94104,0.99997,1.0174,3,1,1,0.820314,0,0.820314,0.827638,0,59.7656,97.4167,98.3334,97.6667,3416.25,2300,1913.67,970,1927.85,149.953,181.828,195.656,152.203,181.828,724.49,54,14.356,9.64001,15.044,95.25,100,100,0,-0.625,77.3387,10.5,10.5,9.75
55.503,0,0,0,0,1.94953,0.99997,1.01785,3,1,1,0.820314,0,0.820314,0.821046,0,59.7656,98.2779,98.7779,99.0279,3427.25,2300,1917.27,970,1938.32,150.258,181.781,195.75,150.773,181.781,724.49,54,14.412,9.69335,15.124,95.25,100,100,0,-0.421875,77.3387,10.5,10.5,9.75
55.536,0,0,0,0,1.94367,0.99997,1.01822,3,1,1,0.820314,0,0.820314,0.82007,0,59.7656,98.5556,98.5001,99.4167,3439,2300,1920.12,970,1933.09,150.469,181.734,195.867,152.508,181.734,724.49,54,14.428,9.70135,15.14,95.25,100,100,0,-0.375,77.3387,10.5,10.5,10.5
55.569,0,0,0,0,1.95197,0.99997,1.01856,3,1,1,0.820314,0,0.820314,0.822999,0,59.7656,99.0279,98.9167,98.5279,3445.5,2300,1920.98,970,1940.98,150.539,181.734,195.867,148.477,181.734,724.49,54,14.432,9.71735,15.144,95.25,100,100,0,-0.5625,77.3387,10.5,10.5,10.5
55.603,0,0,0,0,1.95184,0.99997,1.01679,3,1,1,0.820314,0,0.820314,0.815675,0,59.7656,99.2501,100.306,99.6112,3457.25,2300,1917.5,970,1943.63,150.258,181.688,195.961,149.484,181.688,724.49,54,14.396,9.69335,15.092,95.25,100,100,0,-0.171875,77.3387,10.5,10.5,10.5
55.636,0,0,0,0,1.94544,0.99997,1.01718,3,1,1,0.820314,0,0.820314,0.815675,0,59.7656,99.5001,99.9723,98.7223,3466,2300,1916.8,970,1938.32,150.164,181.664,196.102,148.711,181.664,724.49,54,14.392,9.70135,15.088,95.25,100,100,0,-0.765625,77.3387,10.5,10.5,10.5
55.669,0,0,0,0,1.94251,0.99997,1.01645,3,1,1,0.820314,0,0.820314,0.815675,0,59.7656,99.5556,99.8056,99.5001,3475,2300,1916.45,970,1935.7,150.141,181.664,196.102,150.375,181.664,728.377,54,14.392,9.66401,15.088,95.25,100,100,0,-0.296875,77.3387,10.5,10.5,10.5
55.703,0,0,0,0,1.94006,0.99997,1.0156,3,1,1,0.820314,0,0.820314,0.82007,0,59.7656,99.9723,99.6667,100.472,3488.75,2300,1917.46,970,1935.7,150.234,181.641,196.148,151.266,181.641,728.377,54,14.392,9.66935,15.088,95.25,100,100,0,-0.296875,77.3387,10.5,10.5,10.5
55.736,0,0,0,0,1.94995,0.99997,1.01618,3,1,1,0.820314,0,0.820314,0.821046,0,59.7656,100.139,101.528,101.583,3498.75,2300,1918.48,970,1946.25,150.281,181.617,196.266,150.141,181.617,728.377,54,14.408,9.66668,15.104,95.25,100,100,0,-0.234375,77.3387,10.5,10.5,10.5
55.769,0,0,0,0,1.9433,0.99997,1.01767,3,1,1,0.820314,0,0.820314,0.823732,0,59.7656,100.722,101.195,101.083,3510,2300,1920.59,970,1940.98,150.469,181.617,196.266,150.656,181.617,728.377,54,14.44,9.69868,15.136,95.25,100,100,0,-0.515625,77.3387,10.5,10.5,10.5
55.803,0,0,0,0,1.94238,0.99997,1.01837,3,1,1,0.820314,0,0.820314,0.823732,0,59.7656,101.222,101.139,102.278,3520.5,2300,1922.85,970,1941.02,150.633,181.57,196.359,152.273,181.57,728.377,54,14.46,9.72268,15.156,95.25,100,100,0,-0.484375,76.9786,10.5,10.5,10.5
55.836,0,0,0,0,1.94177,0.99997,1.01941,3,1,1,0.820314,0,0.820314,0.824708,0,59.7656,101.222,101.139,101.278,3526,2300,1923.13,970,1941.02,150.703,181.594,196.43,151.008,181.594,728.377,54,14.484,9.70668,15.18,95.25,100,100,0,-0.015625,76.9786,11.25,11.25,11.25
55.869,0,0,0,0,1.94202,0.99997,1.02118,3,1,1,0.820314,0,0.820314,0.826661,0,59.7656,101.361,102.5,100.806,3534.25,2300,1917.07,970,1941.02,150.234,181.594,196.43,150.328,181.594,732.459,54,14.456,9.72535,15.152,95.25,100,100,0,-0.671875,76.9786,11.25,11.25,11.25
55.903,0,0,0,0,1.94672,0.99997,1.02051,3,1,1,0.820314,0,0.820314,0.82007,0,59.7656,101.278,102.75,101.722,3551,2300,1904.1,970,1954.18,149.297,181.664,196.5,148.336,181.664,732.459,54,14.364,9.64801,15.068,95.25,100,100,0,-0.171875,76.9786,11.25,11.25,11.25
55.936,0,0,0,0,1.93176,0.99997,1.02194,3,1,1,0.820314,0,0.820314,0.825685,0,59.7656,101.417,101.972,100.806,3559.5,2290,1906.64,970,1941.05,149.672,181.781,196.57,149.648,181.781,732.459,54,14.412,9.65335,15.116,95.25,100,100,0,-0.421875,76.9786,11.25,11.25,11.25
55.969,0,0,0,0,1.93201,0.99997,1.02173,3,1,1,0.820314,0,0.820314,0.822999,0,59.7656,101.639,101.972,102.111,3566.75,2290,1903.36,970,1943.63,149.414,181.781,196.57,150.586,181.781,732.459,54,14.372,9.65335,15.076,95.25,100,100,0,-0.515625,76.9786,11.25,11.25,11.25
56.003,0,0,0,0,1.93549,0.99997,1.02051,3,1,1,0.820314,0,0.820314,0.817384,0,59.7656,102.167,103.306,101.417,3580.75,2290,1899.88,970,1951.52,149.297,181.898,196.641,147.188,181.898,732.459,54,14.352,9.65868,15.048,95.25,100,100,0,-0.171875,76.9786,11.25,11.25,11.25
56.036,0,0,0,0,1.92822,0.99997,1.02179,3,1,1,0.820314,0,0.820314,0.822999,0,59.7656,102.167,102.917,102.583,3582.5,2290,1901.8,970,1946.29,149.508,181.969,196.688,150.352,181.969,732.459,54,14.388,9.64268,15.084,95.25,100,100,0,-0.5,76.9786,11.25,11.25,11.25
56.069,0,0,0,0,1.92835,0.99997,1.02197,3,1,1,0.820314,0,0.820314,0.824708,0,59.7656,102.611,102.945,102.722,3594.75,2290,1902.03,970,1948.91,149.531,181.969,196.688,149.648,181.969,736.072,54,14.404,9.65068,15.1,95.25,100,100,0,-0.5,76.9786,11.25,11.25,11.25
56.103,0,0,0,0,1.92816,0.99997,1.02359,3,1,1,0.820314,0,0.820314,0.82837,0,59.7656,102.861,104.056,103.056,3613,2290,1899.53,970,1948.95,149.461,182.32,196.758,149.344,182.32,736.072,54,14.404,9.68001,15.1,95.25,100,100,0,-0.1875,76.9786,10.5,10.5,10.5
56.136,0,0,0,0,1.9267,0.99997,1.02738,3,1,1,0.820314,0,0.820314,0.833009,0,59.7656,102.917,103.945,104.083,3612.5,2290,1897.89,970,1951.56,149.461,182.344,196.828,150.68,182.344,736.072,54,14.412,9.68268,15.108,95.25,100,100,0,-0.59375,76.9786,11.25,11.25,10.5
56.169,0,0,0,0,1.92706,0.99997,1.02908,3,1,1,0.820314,0,0.820314,0.829347,0,59.7656,103.556,103.972,104.278,3628.75,2290,1899.92,970,1954.18,149.625,182.344,196.828,149.906,182.344,736.072,54,14.496,9.70135,15.192,95.25,100,100,0,-0.59375,76.9786,11.25,11.25,10.5
56.203,0,0,0,0,1.92475,0.99997,1.02976,3,1,1,0.820314,0,0.820314,0.823732,0,59.7656,103.667,103.889,102.722,3641,2290,1892.19,970,1954.22,149.18,182.648,196.922,148.242,182.648,736.072,54,14.428,9.70135,15.116,95.25,100,100,0,-0.625,76.9786,10.5,10.5,10.5
56.236,0,0,0,0,1.93207,0.99997,1.02954,3,1,1,0.820314,0,0.820314,0.823732,0,59.7656,103.667,104.278,105.333,3645,2290,1894.88,970,1962.15,149.414,182.531,196.922,150.398,182.531,736.072,54,14.444,9.70401,15.132,95.25,100,100,0,-0.3125,76.9786,11.25,11.25,11.25
56.269,0,0,0,0,1.92944,0.99997,1.0303,3,1,1,0.820314,0,0.820314,0.823732,0,59.7656,104.528,105.306,104.778,3656.75,2290,1898.52,970,1959.49,149.695,182.531,196.922,150.258,182.531,739.861,54,14.484,9.73335,15.172,95.25,100,100,0,-0.703125,76.9786,10.5,10.5,10.5
56.303,0,0,0,0,1.92578,0.99997,1.0304,3,1,1,0.820314,0,0.820314,0.822999,0,59.7656,104.667,105.083,104.5,3672.75,2300,1894.14,970,1959.49,149.531,183.047,197.016,149.672,183.047,739.861,54,14.464,9.72535,15.152,95.25,99.6079,100,0,-0.140625,76.9786,9.75,9.75,9.75
56.336,0,0,0,0,1.927,0.99997,1.03113,3,1,1,0.820314,0,0.820314,0.825685,0,59.7656,105.111,105.195,104.778,3681.25,2290,1895.23,970,1962.15,149.766,183.023,197.109,149.391,183.023,739.861,54,14.5,9.72535,15.188,95.25,100,100,0,-0.734375,76.9786,10.5,10.5,10.5
56.369,0,0,0,0,1.92951,0.99997,1.0322,3,1,1,0.820314,0,0.820314,0.825685,0,59.7656,105.111,106.5,105,3678.5,2290,1894.45,970,1964.77,149.695,183.023,197.109,148.828,183.023,739.861,54,14.492,9.74135,15.18,95.25,100,100,0,-0.640625,76.9786,11.25,11.25,12
56.403,0,0,0,0,1.92047,0.99997,1.03467,3,1,1,0.820314,0,0.820314,0.829347,0,59.7656,105.806,105.972,104.889,3704,2290,1893.91,970,1959.49,149.648,183.023,197.109,149.766,183.023,739.861,54,14.524,9.77068,15.22,95.25,100,100,0,-0.515625,76.9786,9,9,9
56.436,0,0,0,0,1.92395,0.99997,1.03641,3,1,1,0.820314,0,0.820314,0.830324,0,59.7656,105.917,106.195,105.528,3708.5,2300,1893.28,970,1964.73,149.789,183.586,197.227,148.734,183.586,739.861,54,14.56,9.76268,15.256,95.25,100,100,0,-0.703125,76.9786,10.5,10.5,10.5
56.469,0,0,0,0,1.92005,0.99997,1.03699,3,1,1,0.820314,0,0.820314,0.825685,0,59.7656,106.111,105.945,105.445,3721.5,2300,1889.61,970,1962.15,149.484,183.586,197.227,148.781,183.586,743.689,54,14.528,9.78935,15.224,95.25,100,100,0,0.078125,76.9786,9.75,9.75,9.75
56.503,0,0,0,0,1.90692,0.99997,1.03912,3,0.978273,1,0.820314,0,0.820314,0.827638,0,59.7656,106.389,105.195,106.472,3726,2290,1894.88,970,1948.98,150.023,183.398,197.273,153.422,183.398,743.689,54.75,14.6,9.81335,15.304,94.5,99.6079,100,0,-0.71875,76.9786,11.25,11.25,12
56.536,0,0,0,0,1.91834,0.99997,1.04013,3,0.978273,1,0.820314,0,0.820314,0.827638,0,59.7656,106.556,106.972,107.083,3738.75,2290,1891.99,970,1959.49,149.906,183.68,197.344,150.609,183.68,743.689,54.75,14.604,9.81335,15.308,94.5,100,100,0,-0.578125,76.9786,11.25,11.25,11.25
56.569,0,0,0,0,1.91754,0.99997,1.0408,3,0.978273,1,0.820314,0,0.820314,0.823732,0,59.7656,107.139,106.917,106.278,3748.5,2290,1889.61,970,1959.45,149.695,183.68,197.344,148.594,183.68,743.689,54.75,14.584,9.83201,15.288,94.5,100,100,0,-0.453125,76.9786,11.25,11.25,11.25
56.603,0,0,0,0,1.9148,0.99997,1.03973,3,0.973146,1,0.820314,0,0.820314,0.818361,0,59.7656,107.445,106.75,107.195,3761.25,2300,1888.48,970,1956.84,149.695,183.844,197.391,150.141,183.844,743.689,54.75,14.572,9.82135,15.268,95.25,99.6079,100,0,-0.546875,76.9786,12,12,11.25
56.636,0,0,0,0,1.91168,0.99997,1.03842,3,0.973146,1,0.820314,0,0.820314,0.817384,0,59.7656,107.556,107.75,107.333,3766.75,2300,1886.99,970,1954.22,149.719,184.055,197.484,150.258,184.055,743.689,54.75,14.568,9.81335,15.264,95.25,99.6079,100,0,-0.125,76.9786,12,12,11.25
56.669,0,0,0,0,1.9079,0.99997,1.03638,3,0.973146,1,0.820314,0,0.820314,0.813722,0,59.7656,107.778,107.583,107.083,3780,2300,1883.63,970,1951.56,149.438,184.055,197.484,149.625,184.055,747.869,54.75,14.488,9.78935,15.184,95.25,100,100,0,-0.453125,76.9786,12,12,12
56.703,0,0,0,0,1.8996,0.99997,1.03598,3,0.966798,1,0.820314,0,0.820314,0.815675,0,59.7656,108.083,107.111,106.361,3796.5,2300,1881.13,970,1943.67,149.32,184.125,197.555,149.016,184.125,747.869,54.75,14.484,9.75468,15.188,94.5,100,100,0,-0.171875,76.9786,12,12,12
56.736,0,0,0,0,1.90448,0.99997,1.03473,3,0.966798,1,0.820314,0,0.820314,0.814699,0,59.7656,107.889,107.417,107.889,3803,2300,1873.67,970,1948.91,148.852,184.406,197.602,148.852,184.406,747.869,54.75,14.44,9.70668,15.144,94.5,100,100,0,-0.78125,76.9786,12,12,12
56.769,0,0,0,0,1.8996,0.99997,1.03311,3,0.966798,1,0.820314,0,0.820314,0.81006,0,59.7656,107.833,108.25,106.861,3808,2300,1869.77,970,1943.63,148.523,184.406,197.602,148.078,184.406,747.869,54.75,14.368,9.67468,15.072,94.5,100,100,0,-0.515625,76.9786,12,12,12
56.803,0,0,0,0,1.89093,0.99997,1.03064,3,0.961671,1,0.820314,0,0.820314,0.809083,0,59.7656,108.195,107.778,107.306,3819.5,2300,1867.97,970,1938.4,148.43,184.43,197.648,148.992,184.43,747.869,54.75,14.352,9.60801,15.048,94.5,100,100,0,-0.140625,76.9786,12,12,12
56.836,0,0,0,0,1.88806,0.99997,1.02731,3,0.961671,1,0.820314,0,0.820314,0.809083,0,59.7656,108.361,107.611,106.611,3831.75,2300,1865.86,970,1935.7,148.383,184.758,197.719,147.352,184.758,747.869,54.75,14.316,9.57601,15.012,94.5,100,100,0,-0.296875,76.9786,12,12,12
56.869,0,0,0,0,1.88391,0.99997,1.02509,3,0.961671,1,0.820314,0,0.820314,0.808107,0,59.7656,108.722,107.361,107.333,3841.5,2300,1864.34,970,1930.47,148.242,184.758,197.719,148.828,184.758,751.912,54.75,14.264,9.55201,14.96,94.5,100,100,0,0.265625,76.9786,12,12,12
56.903,0,0,0,0,1.87854,0.99997,1.02435,3,0.955568,1,0.820314,0,0.820314,0.814699,0,59.7656,108.722,108.195,107.5,3852,2300,1858.79,970,1927.85,147.914,184.852,197.789,149.25,184.852,751.912,54.75,14.228,9.50401,14.924,94.5,100,100,0,-0.4375,76.9786,12,12,12
56.936,0,0,0,0,1.88074,0.99997,1.02396,3,0.955568,1,0.820314,0,0.820314,0.816408,0,59.7656,108.667,108.306,108.833,3855,2300,1856.6,970,1930.43,147.797,184.922,197.859,149.086,184.922,751.912,54.75,14.22,9.50401,14.916,94.5,100,100,0,-0.5,76.9786,12.75,12.75,12
56.969,0,0,0,0,1.88855,0.99997,1.02347,3,0.955568,1,0.820314,0,0.820314,0.814699,0,59.7656,109.056,108.75,108.25,3865.25,2300,1853.48,970,1938.32,147.539,184.922,197.859,145.5,184.922,751.912,54.75,14.192,9.48535,14.888,94.5,100,100,0,-0.453125,76.9786,12.75,12.75,12
57.003,0,0,0,0,1.88599,0.99997,1.02182,3,0.950685,1,0.820314,0,0.820314,0.811769,0,59.7656,109.75,108.611,110.139,3882.25,2300,1858.44,970,1935.66,148.078,185.227,197.906,148.313,185.227,751.912,54.75,14.244,9.51468,14.956,94.5,100,100,0,-0.421875,76.9786,12.75,12.75,12.75
57.036,0,0,0,0,1.88727,0.99997,1.02252,3,0.950685,1,0.820314,0,0.820314,0.818361,0,59.7656,109.806,109.889,109.056,3890,2300,1853.83,970,1935.7,147.82,185.32,198,147.234,185.32,751.912,54.75,14.2,9.49601,14.912,94.5,99.6079,100,0,-0.671875,76.9786,12.75,12.75,12.75
57.069,0,0,0,0,1.88306,0.99997,1.02274,3,0.950685,1,0.820314,0,0.820314,0.822023,0,59.7656,109.861,109.667,109.945,3895.5,2300,1855.35,970,1933.09,147.938,185.32,198,148.758,185.32,755.369,54.75,14.224,9.48535,14.936,94.5,100,100,0,-0.28125,76.9786,12.75,12.75,12.75
57.103,0,0,0,0,1.8888,0.99997,1.02274,3,0.944093,1,0.820314,0,0.820314,0.819337,0,59.7656,110.556,110,110.972,3910.75,2300,1856.02,970,1938.36,148.078,185.461,198.047,148.289,185.461,755.369,54.75,14.26,9.52268,14.964,94.5,100,100,0,-0.78125,76.9786,12.75,12.75,12.75
57.136,0,0,0,0,1.88434,0.99997,1.02408,3,0.944093,1,0.820314,0,0.820314,0.819337,0,59.7656,110.222,109.75,110.75,3919.5,2300,1852.85,970,1935.7,147.938,185.672,198.141,148.641,185.672,755.369,54.75,14.244,9.46668,14.948,94.5,100,100,0,-0.4375,76.9786,12.75,12.75,12.75
57.169,0,0,0,0,1.89398,0.99997,1.02396,3,0.944093,1,0.820314,0,0.820314,0.819337,0,59.7656,110.639,110.278,110.417,3926.5,2300,1846.68,970,1943.63,147.398,185.672,198.141,146.484,185.672,755.369,54.75,14.196,9.48001,14.9,94.5,100,100,0,-0.28125,76.9786,12.75,12.75,12.75
57.203,0,0,0,0,1.88233,0.99997,1.02326,3,0.938722,1,0.820314,0,0.820314,0.816408,0,59.7656,111.389,110.722,111.472,3937,2300,1854.88,970,1933.13,148.219,185.836,198.188,149.719,185.836,755.369,54.75,14.26,9.51468,14.964,94.5,99.6079,100,0,-0.265625,76.9786,12.75,12.75,12.75
57.236,0,0,0,0,1.88226,0.99997,1.02094,3,0.938722,1,0.820314,0,0.820314,0.812745,0,59.7656,111.333,110.75,110.639,3946.25,2300,1853.28,970,1933.09,148.148,185.906,198.211,147.68,185.906,755.369,54.75,14.212,9.49868,14.916,94.5,100,100,0,-0.203125,76.9786,12.75,12.75,12.75
57.269,0,0,0,0,1.883,0.99997,1.02045,3,0.938722,1,0.820314,0,0.820314,0.815675,0,59.7656,111.722,110.806,110.639,3961.75,2300,1848.24,970,1933.13,147.703,185.906,198.211,147.305,185.906,759.08,54.75,14.172,9.45601,14.876,94.5,100,100,0,-0.8125,76.9786,12.75,12.75,12.75
57.303,0,0,0,0,1.89057,0.99997,1.02225,3,0.932619,1,0.820314,0,0.820314,0.824708,0,59.7656,111.889,112.417,111.611,3974,2300,1843.95,970,1940.98,147.492,186.234,198.305,146.414,186.234,759.08,54.75,14.188,9.46401,14.892,94.5,100,100,0,-0.515625,76.9786,12.75,12.75,12.75
57.336,0,0,0,0,1.88489,0.99997,1.02478,3,0.932619,1,0.820314,0,0.820314,0.826661,0,59.7656,112.417,112.083,112.556,3978.25,2300,1849.84,970,1935.66,148.125,186.281,198.375,148.336,186.281,759.08,54.75,14.272,9.50135,14.976,94.5,100,100,0,-0.21875,76.9786,12.75,12.75,12.75
57.369,0,0,0,0,1.8869,0.99997,1.02591,3,0.932619,1,0.820314,0,0.820314,0.823732,0,59.7656,112.528,112.195,112.195,3990.25,2300,1846.8,970,1935.66,147.844,186.281,198.375,147.258,186.281,759.08,54.75,14.248,9.52268,14.952,94.5,100,100,0,-0.03125,76.9786,12.75,12.75,12.75
57.403,0,0,0,0,1.88605,0.99997,1.02481,3,0.927736,1,0.820314,0,0.820314,0.817384,0,59.7656,113.111,112.139,113.167,4003,2300,1847.93,970,1935.7,148.055,186.445,198.445,148.336,186.445,759.08,54.75,14.256,9.51468,14.968,94.5,100,100,0,-0.640625,76.9786,13.5,13.5,12.75
57.436,0,0,0,0,1.8916,0.99997,1.02371,3,0.927736,1,0.820314,0,0.820314,0.818361,0,59.7656,112.945,113.722,113.417,4008,2300,1844.3,970,1941.02,147.891,186.703,198.492,148.102,186.703,759.08,54.75,14.208,9.48801,14.92,94.5,100,100,0,-0.21875,76.9786,13.5,13.5,12.75
57.469,0,0,0,0,1.88855,0.99997,1.02347,3,0.927736,1,0.820314,0,0.820314,0.82007,0,59.7656,113.361,113.5,113.528,4018,2300,1844.65,970,1938.36,147.914,186.703,198.492,148.992,186.703,762.732,54.75,14.204,9.49068,14.916,94.5,99.6079,100,0,-0.734375,76.9786,13.5,13.5,13.5
57.503,0,0,0,0,1.88367,0.99997,1.02496,3,0.921876,1,0.820314,0,0.820314,0.822999,0,59.7656,113.861,113.195,113.667,4027.75,2300,1848.13,970,1933.09,148.43,186.938,198.516,149.227,186.938,762.732,54.75,14.284,9.54135,14.98,94.5,100,100,0,-0.15625,76.9786,13.5,13.5,13.5
57.536,0,0,0,0,1.88489,0.99997,1.02536,3,0.921876,1,0.820314,0,0.820314,0.818361,0,59.7656,113.75,113.306,113.778,4039.75,2280,1839.49,970,1935.7,147.914,185.906,198.539,149.508,185.906,762.732,54.75,14.224,9.50668,14.92,94.5,100,100,0,-0.328125,76.9786,13.5,13.5,12.75
57.569,0,0,0,0,1.88397,0.99997,1.02414,3,0.921876,1,0.820314,0,0.820314,0.814699,0,59.7656,114.389,113.25,113.528,4055.5,2280,1837.54,970,1935.7,147.727,185.906,198.539,147.328,185.906,762.732,54.75,14.192,9.46935,14.888,94.5,100,100,0,-0.359375,76.9786,13.5,13.5,13.5
57.603,0,0,0,0,1.87879,0.99997,1.02347,3,0.915773,1,0.820314,0,0.820314,0.817384,0,59.7656,114.167,113.972,113.806,4065,2280,1830.7,970,1930.47,147.539,186.445,198.563,149.32,186.445,762.732,55.5,14.144,9.44001,14.832,94.5,100,100,0,-0.78125,76.9786,13.5,13.5,13.5
57.636,0,0,0,0,1.88086,0.99997,1.02359,3,0.915773,1,0.820314,0,0.820314,0.82007,0,59.7656,114.639,114.167,115.25,4070,2280,1837.54,970,1933.09,148.383,186.586,198.586,149.414,186.586,762.732,55.5,14.264,9.43201,14.952,94.5,100,100,0,0.1875,76.9786,13.5,13.5,13.5
57.669,0,0,0,0,1.88806,0.99997,1.02417,3,0.915773,1,0.820314,0,0.820314,0.821046,0,59.7656,115.972,114.583,115.111,4078.75,2280,1841.84,970,1938.32,148.711,186.586,198.586,145.711,186.586,766.346,55.5,14.284,9.55735,14.972,94.5,100,100,0,-0.3125,76.9786,12.75,12.75,13.5
57.703,0,0,0,0,1.88062,0.99997,1.02448,3,0.909181,1,0.820314,0,0.820314,0.82007,0,59.7656,116.028,114.139,115.5,4085.5,2290,1841.05,970,1927.85,148.805,186.961,198.609,148.828,186.961,766.346,55.5,14.264,9.53868,14.96,95.25,100,100,0,-0.140625,76.9786,12.75,12.75,12.75
57.736,0,0,0,0,1.87933,0.99997,1.02429,3,0.909181,1,0.820314,0,0.820314,0.817384,0,59.7656,115.778,115.195,115.5,4100,2290,1834.34,970,1927.81,148.594,187.617,198.656,148.594,187.617,766.346,55.5,14.24,9.49868,14.936,95.25,100,100,0,-0.28125,76.9786,13.5,13.5,12.75
57.769,0,0,0,0,1.88831,0.99997,1.02329,3,0.909181,1,0.820314,0,0.820314,0.813722,0,59.7656,115.889,115.695,116.5,4112.25,2290,1825.51,970,1935.66,147.82,187.617,198.656,147.797,187.617,766.346,55.5,14.136,9.46135,14.832,95.25,99.6079,100,0,-0.28125,76.9786,13.5,13.5,12.75
57.803,0,0,0,0,1.88324,0.99997,1.02121,3,0.90381,1,0.820314,0,0.820314,0.813722,0,59.7656,116.417,115.389,116,4115.75,2290,1827.11,970,1930.47,148.148,187.664,198.68,148.875,187.664,766.346,55.5,14.152,9.43735,14.848,94.5,99.6079,100,0,-0.0625,76.9786,13.5,13.5,13.5
57.836,0,0,0,0,1.88703,0.99997,1.0221,3,0.90381,1,0.820314,0,0.820314,0.821046,0,59.7656,115.945,116.722,116.333,4127.5,2290,1822.34,970,1935.66,147.82,187.992,198.68,148.031,187.992,766.346,55.5,14.132,9.40001,14.828,94.5,100,100,0,0.046875,76.9786,13.5,13.5,13.5
57.869,0,0,0,0,1.87348,0.99997,1.02316,3,0.90381,1,0.820314,0,0.820314,0.823732,0,59.7656,117.278,115.861,115.778,4139,2290,1830.08,970,1919.88,148.453,187.992,198.68,149.578,187.992,769.842,55.5,14.196,9.48001,14.892,94.5,99.6079,100,0,-0.328125,76.9786,12.75,12.75,12.75
57.903,0,0,0,0,1.8858,0.99997,1.02438,3,0.897951,1,0.820314,0,0.820314,0.821046,0,59.7656,117.278,116.667,117.056,4147.5,2290,1822.07,970,1930.47,148.172,188.742,198.727,148.805,188.742,769.842,55.5,14.16,9.49601,14.872,94.5,100,100,0,-0.3125,76.9786,12.75,12.75,12.75
57.936,0,0,0,0,1.89276,0.99997,1.02545,3,0.897951,1,0.820314,0,0.820314,0.819337,0,59.7656,117.583,117.083,118.917,4156.75,2290,1827.19,970,1938.32,148.711,188.461,198.727,148.477,188.461,769.842,55.5,14.24,9.47468,14.952,94.5,100,100,0,-0.203125,76.9786,12.75,12.75,12.75
57.969,0,0,0,0,1.88172,0.99997,1.02548,3,0.897951,1,0.820314,0,0.820314,0.822023,0,59.7656,118.167,116.417,117.472,4164.25,2290,1828.83,970,1925.2,148.805,188.461,198.727,150.07,188.461,769.842,55.5,14.22,9.51201,14.932,94.5,100,100,0,-0.328125,76.9786,12.75,12.75,12.75
58.003,0,0,0,0,1.8775,0.99997,1.02582,3,0.893312,1,0.820314,0,0.820314,0.821046,0,59.7656,118.5,117.25,118.472,4181,2290,1824.41,970,1922.5,148.805,189.445,198.773,151.102,189.445,769.842,55.5,14.232,9.49068,14.928,95.25,100,100,0,0.328125,76.9786,12,12,12
58.036,0,0,0,0,1.88104,0.99997,1.02618,3,0.893312,1,0.820314,0,0.820314,0.821046,0,59.7656,119.139,117.472,119.222,4188,2290,1831.09,970,1925.16,149.602,189.375,198.797,150.047,189.375,769.842,55.5,14.296,9.54135,14.992,95.25,100,100,0,-0.4375,76.9786,12.75,12.75,12.75
58.069,0,0,0,0,1.88812,0.99997,1.02448,3,0.893312,1,0.820314,0,0.820314,0.815675,0,59.7656,118.75,119.056,119.195,4196.75,2290,1817.54,970,1930.47,148.383,189.375,198.797,149.695,189.375,773.338,55.5,14.144,9.47201,14.84,95.25,100,100,0,-0.359375,76.9786,13.5,13.5,12.75
58.103,0,0,0,0,1.89655,0.99997,1.02466,3,0.888185,1,0.820314,0,0.820314,0.818361,0,59.7656,119.445,125.222,119.861,4208.75,2290,1815.16,970,1940.98,148.406,189.914,198.82,147.68,189.914,773.338,55.5,14.136,9.49068,14.84,94.5,99.6079,100,0,-0.1875,76.9786,12.75,12.75,12.75
58.136,0,0,0,0,1.88373,0.99997,1.02261,3,0.888185,1,0.820314,0,0.820314,0.818361,0,59.7656,119.25,118.833,120.361,4215.25,2290,1818.05,970,1933.13,148.852,190.195,198.844,151.008,190.195,773.338,55.5,14.168,9.42935,14.872,94.5,100,100,0,0.390625,76.9786,13.5,13.5,12.75
58.169,0,0,0,0,1.88416,0.99997,1.02286,3,0.888185,1,0.820314,0,0.820314,0.819337,0,59.7656,120.833,118.889,120.5,4224.75,2290,1828.09,970,1933.09,149.695,190.195,198.844,149.18,190.195,773.338,55.5,14.24,9.55735,14.944,94.5,100,100,0,-0.390625,76.9786,12.75,12.75,12.75
58.203,0,0,0,0,1.89392,0.99997,1.02399,3,0.884035,1,0.820314,0,0.820314,0.821046,0,59.7656,121.361,119.472,121.528,4238.25,2290,1823.16,970,1940.98,149.555,190.688,198.867,147.703,190.688,773.338,55.5,14.24,9.57068,14.944,94.5,100,100,0,0.09375,76.9786,12.75,12.75,12.75
58.236,0,0,0,0,1.88892,0.99997,1.02301,3,0.884035,1,0.820314,0,0.820314,0.814699,0,59.7656,120.833,122.583,119.472,4246.75,2290,1813.01,970,1933.09,148.852,190.828,198.891,147.375,190.828,773.338,55.5,14.164,9.51468,14.868,94.5,100,100,0,-0.3125,76.9786,12.75,12.75,12.75
58.269,0,0,0,0,1.88226,0.99997,1.021,3,0.884035,1,0.820314,0,0.820314,0.811769,0,59.7656,120.945,119.833,120.222,4257,2290,1810.55,970,1930.43,148.617,190.828,198.891,147.984,190.828,776.892,55.5,14.092,9.44268,14.796,94.5,100,100,0,-0.234375,76.9786,12.75,12.75,12.75
58.303,0,0,0,0,1.8656,0.99997,1.02036,3,0.880617,1,0.820314,0,0.820314,0.819337,0,59.7656,121.528,118.778,122.222,4272.75,2300,1815.27,970,1922.5,149.367,191.531,198.938,151.711,191.531,776.892,55.5,14.156,9.47468,14.852,94.5,100,100,0,-0.125,76.9786,12.75,12.75,12.75
58.336,0,0,0,0,1.87293,0.99997,1.01914,3,0.880617,1,0.820314,0,0.820314,0.815675,0,59.7656,121.695,119.25,122.028,4277,2290,1812.62,970,1925.16,149.273,191.531,198.961,150.445,191.531,776.892,55.5,14.132,9.46401,14.828,94.5,100,100,0,0.09375,76.9786,12,12,12.75
58.369,0,0,0,0,1.88587,0.99997,1.02179,3,0.880617,1,0.820314,0,0.820314,0.821046,0,59.7656,121.417,126.806,121.667,4291,2300,1802.7,970,1935.7,148.383,191.531,198.961,147.914,191.531,776.892,55.5,14.052,9.44001,14.748,94.5,100,100,0,-0.578125,76.9786,12,12,12
58.403,0,0,0,0,1.88153,0.99997,1.0228,3,0.877931,1,0.820314,0,0.820314,0.822999,0,59.7656,122.75,120.917,122.083,4296,2300,1807.5,970,1940.98,149.039,192.164,198.961,146.086,192.164,776.892,56.25,14.124,9.46401,14.828,94.5,100,100,0,-0.359375,76.9786,12.75,12.75,12.75
58.436,0,0,0,0,1.87708,0.99997,1.02496,3,0.877931,1,0.820314,0,0.820314,0.824708,0,59.7656,121.972,120.639,122.833,4311.5,2300,1806.09,970,1935.66,148.852,192.023,199.008,148.688,192.023,776.892,56.25,14.124,9.46135,14.828,94.5,100,100,0,-0.40625,76.9786,12.75,12.75,12.75
58.469,0,0,0,0,1.87378,0.99997,1.02771,3,0.877931,1,0.820314,0,0.820314,0.829347,0,59.7656,122.445,120.445,123.111,4319,2300,1810.39,970,1927.85,149.18,192.023,199.008,151.219,192.023,780.193,56.25,14.216,9.50668,14.92,94.5,100,100,0,-0.046875,76.9786,12,12,12
58.503,0,0,0,0,1.87598,0.99997,1.02814,3,0.875734,1,0.820314,0,0.820314,0.823732,0,59.7656,123.139,120.583,123.556,4335.25,2300,1809.06,970,1930.43,149.156,192.586,199.008,150.141,192.586,780.193,56.25,14.212,9.50935,14.908,94.5,100,100,0,-0.359375,76.9786,11.25,11.25,11.25
58.536,0,0,0,0,1.87128,0.99997,1.0289,3,0.875734,1,0.820314,0,0.820314,0.822999,0,59.7656,123.833,121.333,122.833,4343.25,2300,1814.92,970,1922.5,150.047,192.914,199.055,149.836,192.914,780.193,56.25,14.288,9.57068,14.984,94.5,100,100,0,0.03125,76.9786,12,12,12
58.569,0,0,0,0,1.8653,0.99997,1.02927,3,0.875734,1,0.820314,0,0.820314,0.822023,0,59.7656,124.028,120.917,122.695,4349.5,2300,1807.85,970,1914.61,149.391,192.914,199.055,151.922,192.914,780.193,56.25,14.228,9.56535,14.924,94.5,100,100,0,-0.546875,76.9786,12,12,12
58.603,0,0,0,0,1.87268,0.99997,1.02915,3,0.874025,1,0.820314,0,0.820314,0.82007,0,59.7656,124.361,121.389,124.167,4360.25,2300,1809.84,970,1922.5,149.672,192.75,199.055,149.859,192.75,780.193,56.25,14.252,9.58135,14.964,94.5,100,100,0,-0.21875,76.9786,12.75,12.75,12.75
58.636,0,0,0,0,1.8924,0.99997,1.02982,3,0.874025,1,0.820314,0,0.820314,0.819337,0,59.7656,124.639,137.361,124.167,4370.5,2300,1795.27,970,1938.36,148.688,193.523,199.102,146.648,193.523,780.193,56.25,14.168,9.56001,14.88,94.5,100,100,0,-0.234375,76.9786,12.75,12.75,12.75
58.669,0,0,0,0,1.85748,0.99997,1.02878,3,0.874025,1,0.820314,0,0.820314,0.819337,0,59.7656,124.25,121.639,124.306,4380,2300,1798.63,970,1917.27,148.945,193.523,199.102,151.641,193.523,783.611,56.25,14.156,9.48268,14.868,94.5,100,100,0,0,76.9786,13.5,13.5,12.75
58.703,0,0,0,0,1.85938,0.99997,1.03015,3,0.871095,1,0.820314,0,0.820314,0.824708,0,59.7656,125,121.778,124.445,4387.75,2300,1798.67,970,1919.88,149.297,193.852,199.125,150.211,193.852,783.611,56.25,14.2,9.53868,14.896,94.5,100,100,0,-0.515625,76.9786,12.75,12.75,12.75
58.736,0,0,0,0,1.87848,0.99997,1.03064,3,0.871095,1,0.820314,0,0.820314,0.821046,0,59.7656,124.583,135.278,125.222,4392.25,2290,1786.41,970,1935.7,148.266,192.492,199.148,148.008,192.492,783.611,56.25,14.084,9.50135,14.78,94.5,100,100,0,-0.5625,76.9786,13.5,13.5,12.75
58.769,0,0,0,0,1.86005,0.99997,1.03049,3,0.871095,1,0.820314,0,0.820314,0.816408,0,59.7656,124.667,124.111,124.306,4405.75,2290,1787.85,970,1925.16,148.359,192.492,199.148,148.547,192.492,783.611,56.25,14.084,9.46668,14.78,94.5,100,100,0,0.0625,76.9786,13.5,13.5,12.75
58.803,0,0,0,0,1.84491,0.99997,1.02942,3,0.868898,1,0.820314,0,0.820314,0.816408,0,59.7656,125.528,121.889,127,4419.5,2290,1790.55,970,1914.61,148.781,193.266,199.172,154.336,193.266,783.611,56.25,14.144,9.48268,14.864,94.5,100,100,0,-0.3125,76.9786,13.5,13.5,12.75
58.836,0,0,0,0,1.84802,0.99997,1.02835,3,0.868898,1,0.820314,0,0.820314,0.818361,0,59.7656,125.917,122.056,123.556,4431.25,2290,1789.65,970,1917.27,149.086,193.594,199.195,148.148,193.594,783.611,56.25,14.148,9.49601,14.868,94.5,99.6079,100,0,-0.40625,76.9786,12.75,12.75,12.75
58.869,0,0,0,0,1.86139,0.99997,1.02918,3,0.868898,1,0.820314,0,0.820314,0.818361,0,59.7656,126.056,125.306,125.5,4437,2290,1785.66,970,1927.77,148.688,193.594,199.195,147.047,193.594,786.912,56.25,14.092,9.47735,14.812,94.5,99.6079,100,0,-0.09375,76.9786,12.75,12.75,12.75
58.903,0,0,0,0,1.84674,0.99997,1.03134,3,0.865236,1,0.820314,0,0.820314,0.825685,0,59.7656,126.389,123.056,125.639,4452.25,2290,1787.27,970,1917.23,148.922,193.547,199.219,149.227,193.547,786.912,56.25,14.136,9.50935,14.832,94.5,99.6079,100,0,-0.234375,76.9786,12.75,12.75,12.75
58.936,0,0,0,0,1.86456,0.99997,1.03461,3,0.865236,1,0.820314,0,0.820314,0.827638,0,59.7656,126.806,133.417,126.25,4455.5,2290,1777.07,970,1930.39,148.289,194.297,199.242,146.859,194.297,786.912,56.25,14.112,9.52535,14.808,94.5,99.6079,100,0,-0.234375,76.9786,12.75,12.75,12.75
58.969,0,0,0,0,1.86591,0.99997,1.03671,3,0.865236,1,0.820314,0,0.820314,0.825685,0,59.7656,126.445,135.75,126.556,4466.75,2300,1773.63,970,1938.36,147.938,194.297,199.242,146.18,194.297,786.912,56.25,14.084,9.48268,14.78,94.5,100,100,0,-0.484375,76.9786,13.5,13.5,12.75
59.003,0,0,0,0,1.84815,0.99997,1.03851,3,0.86255,1,0.820314,0,0.820314,0.825685,0,59.7656,127.833,123.167,128.083,4477.5,2290,1786.37,970,1927.77,149.391,194.602,199.289,148.992,194.602,786.912,56.25,14.244,9.60268,14.94,94.5,100,100,0,-0.578125,76.9786,12.75,12.75,12.75
59.036,0,0,0,0,1.84912,0.99997,1.03879,3,0.86255,1,0.820314,0,0.820314,0.822023,0,59.7656,127.778,124.306,126.556,4486.75,2290,1784.96,970,1922.5,149.461,194.789,199.313,148.195,194.789,786.912,56.25,14.252,9.59201,14.948,94.5,100,100,0,-0.09375,76.9786,12.75,12.75,12.75
59.069,0,0,0,0,1.85162,0.99997,1.03815,3,0.86255,1,0.820314,0,0.820314,0.819337,0,59.7656,127.833,125.722,127.028,4497.75,2290,1780.51,970,1919.88,149.016,194.789,199.313,148.266,194.789,789.9,56.25,14.208,9.57868,14.904,94.5,100,100,0,-0.53125,76.9786,12.75,12.75,12.75
59.103,0,0,0,0,1.84973,0.99997,1.03772,3,0.860353,1,0.820314,0,0.820314,0.822999,0,59.7656,127.445,131.333,128.722,4515.25,2300,1773.75,970,1922.5,148.5,195.141,199.313,151.172,195.141,789.9,57,14.136,9.50401,14.84,94.5,100,100,0,-0.125,76.9786,13.5,13.5,12.75
59.136,0,0,0,0,1.8512,0.99997,1.0401,3,0.860353,1,0.820314,0,0.820314,0.826661,0,59.7656,128.139,128.028,128.861,4518.75,2300,1775.98,970,1930.43,149.039,195.773,199.336,148.898,195.773,789.9,57,14.212,9.53068,14.916,94.5,100,100,0,-0.25,76.9786,12.75,12.75,12.75
59.169,0,0,0,0,1.85089,0.99997,1.04147,3,0.860353,1,0.820314,0,0.820314,0.824708,0,59.7656,128.667,129.167,129.028,4524.75,2300,1775.23,970,1925.16,148.922,195.773,199.336,149.25,195.773,789.9,57,14.2,9.58668,14.904,94.5,100,100,0,-0.078125,76.9786,13.5,13.5,12
59.203,0,0,0,0,1.83887,0.99997,1.04645,3,0.858644,1,0.820314,0,0.820314,0.833986,0,59.7656,128.472,127.195,127.222,4532.25,2300,1768.09,970,1917.23,148.5,195.82,199.336,149.25,195.82,789.9,57,14.228,9.58135,14.932,94.5,100,100,0,-0.609375,76.9786,14.25,14.25,13.5
59.236,0,0,0,0,1.84308,0.99997,1.04858,3,0.858644,1,0.820314,0,0.820314,0.833009,0,59.7656,128.722,127.5,128.722,4555,2300,1768.91,970,1922.46,148.828,196.336,199.359,148.078,196.336,789.9,57,14.284,9.61868,14.988,94.5,100,100,0,-0.078125,76.9786,13.5,13.5,13.5
59.269,0,0,0,0,1.83704,0.99997,1.05197,3,0.858644,1,0.820314,0,0.820314,0.830324,0,59.7656,129.222,125.917,128.861,4561.25,2300,1768.36,970,1914.61,148.734,196.336,199.359,149.883,196.336,792.947,57,14.316,9.66135,15.02,94.5,100,100,0,-0.046875,76.9786,13.5,13.5,13.5
59.303,0,0,0,0,1.83368,0.99997,1.05386,3,0.855714,1,0.820314,0,0.820314,0.827638,0,59.7656,129.695,125.5,129.167,4569.5,2300,1766.13,970,1914.57,148.688,196.547,199.359,149.109,196.547,792.947,57,14.296,9.65335,14.992,94.5,99.6079,100,0,-0.203125,76.9786,13.5,13.5,13.5
59.336,0,0,0,0,1.8313,0.99997,1.05362,3,0.855714,1,0.820314,0,0.820314,0.822023,0,59.7656,129.583,125.389,130.556,4577.25,2300,1768.16,970,1906.68,149.086,197.063,199.383,151.922,197.063,792.947,57,14.348,9.65068,15.044,94.5,100,100,0,-0.40625,76.9786,14.25,14.25,13.5
59.369,0,0,0,0,1.81983,0.99997,1.05255,3,0.855714,1,0.820314,0,0.820314,0.819337,0,59.7656,130.5,124.583,130.417,4591.25,2300,1775.12,970,1890.82,149.672,197.063,199.383,153.164,197.063,792.947,57,14.392,9.69068,15.088,94.5,100,100,0,0.125,76.9786,14.25,14.25,13.5
59.403,0,0,0,0,1.83386,0.99997,1.0517,3,0.853273,1,0.820314,0,0.820314,0.819337,0,59.7656,130.111,131.445,130.472,4601,2300,1758.59,970,1909.34,148.5,197.391,199.383,149.977,197.391,792.947,57,14.248,9.60001,14.944,94.5,100,100,0,0.0625,76.9786,13.5,13.5,12.75
59.436,0,0,0,0,1.83038,0.99997,1.05106,3,0.853273,1,0.820314,0,0.820314,0.819337,0,59.7656,130.5,128.778,129.806,4608.25,2300,1759.49,970,1909.34,148.781,197.648,199.406,149.484,197.648,792.947,57,14.256,9.61068,14.952,94.5,100,100,0,-0.25,76.9786,13.5,13.5,13.5
59.469,0,0,0,0,1.83563,0.99997,1.05176,3,0.853273,1,0.820314,0,0.820314,0.82007,0,59.7656,131.445,127.945,130.667,4608.25,2300,1763.63,970,1914.57,149.133,197.648,199.406,148.266,197.648,795.662,57,14.324,9.66401,15.02,94.5,100,100,0,-0.0625,76.9786,13.5,13.5,12.75
59.503,0,0,0,0,1.84339,0.99997,1.05283,3,0.85132,1,0.820314,0,0.820314,0.822999,0,59.7656,131.5,137.75,131.972,4626,2300,1759.14,970,1914.57,148.828,197.93,199.406,148.922,197.93,795.662,57,14.28,9.66668,14.976,94.5,100,100,0,-0.15625,76.9786,12,12,12
59.536,0,0,0,0,1.83014,0.99997,1.05554,3,0.85132,1,0.820314,0,0.820314,0.826661,0,59.7656,130.5,133.445,131.945,4641,2310,1752.27,970,1914.57,148.57,198.633,199.43,149.672,198.633,795.662,57,14.26,9.57868,14.956,94.5,100,100,0,0.234375,76.9786,12,12,12
59.569,0,0,0,0,1.84351,0.99997,1.05472,3,0.85132,1,0.820314,0,0.820314,0.82007,0,59.7656,131.972,140.083,131.222,4649.5,2310,1749.45,970,1927.77,148.266,198.633,199.43,144.398,198.633,795.662,57,14.244,9.63201,14.94,94.5,100,100,0,-0.484375,76.9786,13.5,13.5,13.5
59.603,0,0,0,0,1.81104,0.99997,1.05566,3,0.849855,1,0.820314,0,0.820314,0.819337,0,59.7656,133.167,126.083,131.5,4653.25,2300,1767.66,970,1893.44,149.977,198.469,199.43,151.336,198.469,795.662,57,14.44,9.73068,15.144,94.5,100,100,0,-0.5625,76.9786,13.5,13.5,15
59.636,0,0,0,0,1.81757,0.99997,1.05698,3,0.849855,1,0.820314,0,0.820314,0.825685,0,59.7656,132.889,126.556,133.25,4665.5,2300,1766.33,970,1896.09,150.07,198.844,199.43,151.945,198.844,795.662,57,14.432,9.73068,15.136,94.5,100,100,0,-0.140625,76.9786,13.5,13.5,13.5
59.669,0,0,0,0,1.84442,0.99997,1.0589,3,0.849855,1,0.820314,0,0.820314,0.8313,0,59.7656,132.417,146.611,132.861,4683,2310,1740.86,970,1930.39,147.75,198.844,199.43,144.609,198.844,798.279,57,14.216,9.65068,14.92,94.5,100,100,0,0.328125,76.9786,14.25,14.25,13.5
59.703,0,0,0,0,1.81799,0.99997,1.05914,3,0.847169,1,0.820314,0,0.820314,0.818361,0,59.7656,132.722,131.389,132.306,4690.25,2300,1746.09,970,1906.72,148.547,199.031,199.453,149.578,199.031,798.279,57.75,14.284,9.66935,14.98,94.5,100,100,0,-0.46875,76.9786,13.5,13.5,13.5
59.736,0,0,0,0,1.81757,0.99997,1.06079,3,0.847169,1,0.820314,0,0.820314,0.824708,0,59.7656,133.222,127.75,133.445,4687.5,2290,1752.42,970,1906.72,149.93,199.102,199.453,150.633,199.102,798.279,57.75,14.436,9.68268,15.132,94.5,100,100,0,0.015625,76.9786,14.25,14.25,12.75
59.769,0,0,0,0,1.81555,0.99997,1.06067,3,0.847169,1,0.820314,0,0.820314,0.824708,0,59.7656,134.333,127.556,134,4705,2290,1752.15,970,1904.02,149.883,199.102,199.453,150.727,199.102,798.279,57.75,14.456,9.77601,15.152,94.5,99.6079,100,0,-0.171875,76.9786,13.5,13.5,13.5
59.803,0,0,0,0,1.80902,0.99997,1.06192,3,0.844728,1,0.820314,0,0.820314,0.822999,0,59.7656,133.583,131.945,133.583,4721.25,2290,1739.45,970,1901.41,148.969,198.867,199.477,151.805,198.867,798.279,57.75,14.36,9.68268,15.056,94.5,100,100,0,0.015625,76.9786,12,12,12
59.836,0,0,0,0,1.81073,0.99997,1.065,3,0.844728,1,0.820314,0,0.820314,0.830324,0,59.7656,133.945,127.278,133.583,4723.5,2280,1743.16,970,1911.91,149.531,198.891,199.477,147.82,198.891,798.279,57.75,14.448,9.69868,15.144,94.5,100,100,0,-0.25,76.9786,13.5,13.5,17.25
59.869,0,0,0,0,1.81409,0.99997,1.06665,3,0.844728,1,0.820314,0,0.820314,0.830324,0,59.7656,134.695,135.695,134.75,4736.25,2280,1736.91,970,1909.3,148.922,198.891,199.477,149.32,198.891,800.799,57.75,14.412,9.73601,15.108,94.5,100,100,0,-0.546875,76.9786,11.25,11.25,11.25
59.903,0,0,0,0,1.81586,0.99997,1.06918,3,0.843019,1,0.820314,0,0.820314,0.825685,0,59.7656,135.139,135.833,133.25,4749.75,2280,1733.91,970,1909.3,148.992,199.031,199.5,147.305,199.031,800.799,57.75,14.448,9.80001,15.152,94.5,100,100,0,-0.203125,76.9786,13.5,13.5,13.5
59.936,0,0,0,0,1.82153,0.99997,1.06961,3,0.843019,1,0.820314,0,0.820314,0.822999,0,59.7656,135.611,137.445,134.945,4759.5,2270,1733.87,970,1917.19,149.133,198.773,199.5,145.477,198.773,800.799,57.75,14.464,9.81868,15.168,94.5,100,100,0,-0.078125,76.9786,13.5,13.5,13.5
59.969,0,0,0,0,1.80396,0.99997,1.06815,3,0.843019,1,0.820314,0,0.820314,0.815675,0,59.7656,135.25,133.75,135.306,4767.75,2270,1729.26,970,1904.02,148.688,198.773,199.5,149.859,198.773,800.799,57.75,14.364,9.72268,15.068,94.5,100,100,0,0.203125,76.9786,14.25,14.25,12.75
60.003,0,0,0,0,1.77484,0.99997,1.06561,3,0.841554,1,0.820314,0,0.820314,0.812745,0,59.7656,136.889,126.639,134.861,4780.75,2270,1747.19,970,1874.96,150.586,198.938,199.523,153.422,198.938,800.799,57.75,14.54,9.80001,15.236,94.5,100,100,0,-0.40625,76.9786,13.5,13.5,12.75
60.036,0,0,0,0,1.79736,0.99997,1.06439,3,0.841554,1,0.820314,0,0.820314,0.814699,0,59.7656,135.889,131.945,135.139,4785.25,2270,1729.49,970,1888.2,149.086,198.727,199.523,151.195,198.727,800.799,57.75,14.344,9.73601,15.04,94.5,100,100,0,0.078125,76.9786,14.25,14.25,16.5
60.069,0,0,0,0,1.8064,0.99997,1.06372,3,0.841554,1,0.820314,0,0.820314,0.817384,0,59.7656,136.195,137.306,136.445,4791.5,2270,1726.8,970,1896.09,148.781,198.727,199.523,149.133,198.727,803.201,57.75,14.308,9.71468,15.004,94.5,100,100,0,0.03125,76.9786,12,12,12
60.103,0,0,0,0,1.81244,0.99997,1.06403,3,0.840577,1,0.820314,0,0.820314,0.819337,0,59.7656,136.139,144.445,136.445,4804.5,2270,1720.7,970,1906.68,148.453,198.867,199.523,146.25,198.867,803.201,57.75,14.248,9.67468,14.944,94.5,100,100,0,0.203125,76.9786,14.25,14.25,14.25
60.136,0,0,0,0,1.81336,0.99997,1.06516,3,0.840577,1,0.820314,0,0.820314,0.818361,0,59.7656,136.417,145.583,137.139,4821.5,2260,1717.42,970,1914.53,148.453,198.984,199.547,146.039,198.984,803.201,57.75,14.292,9.67201,14.988,94.5,100,100,0,0.15625,76.9786,12.75,12.75,12.75
60.169,0,0,0,0,1.78504,0.99997,1.06467,3,0.840577,1,0.820314,0,0.820314,0.818361,0,59.7656,137.222,128.306,135.889,4819.25,2270,1723.79,970,1893.44,148.992,198.984,199.547,148.945,198.984,803.201,57.75,14.336,9.69335,15.032,94.5,99.6079,100,0,-0.53125,76.9786,13.5,13.5,12.75
60.203,0,0,0,0,1.78339,0.99997,1.06476,3,0.839601,1,0.820314,0,0.820314,0.82007,0,59.7656,136.945,128.222,135.889,4837,2260,1720.78,970,1882.93,148.805,198.703,199.547,150.516,198.703,803.201,57.75,14.288,9.69068,14.992,94.5,100,100,0,0.09375,76.9786,14.25,14.25,12.75
60.236,0,0,0,0,1.79907,0.99997,1.0647,3,0.839601,1,0.820314,0,0.820314,0.821046,0,59.7656,136.889,143.333,133.833,4847.25,2260,1704.96,970,1896.09,147.609,198.938,199.57,144.563,198.938,803.201,57.75,14.176,9.64801,14.88,94.5,99.6079,100,0,-0.0625,76.9786,14.25,14.25,14.25
60.269,0,0,0,0,1.78034,0.99997,1.06497,3,0.839601,1,0.820314,0,0.820314,0.817384,0,59.7656,135.667,144,137,4852.75,2260,1698.98,970,1890.86,147.023,198.938,199.57,151.102,198.938,805.525,57.75,14.072,9.50668,14.776,94.5,99.6079,100,0,0.203125,76.9786,14.25,14.25,14.25
60.303,0,0,0,0,1.76526,0.99997,1.06409,3,0.837404,1,0.820314,0,0.820314,0.814699,0,59.7656,138.056,127.945,137.611,4866,2260,1720.43,970,1880.27,149.18,198.867,199.57,151.688,198.867,805.525,58.5,14.308,9.67468,15.012,94.5,100,100,0,-0.3125,76.9786,13.5,13.5,12.75
60.336,0,0,0,0,1.79974,0.99997,1.06375,3,0.837404,1,0.820314,0,0.820314,0.816408,0,59.7656,139.028,144.583,137.778,4871.5,2250,1705.31,970,1906.64,147.984,198.891,199.594,144.82,198.891,805.525,58.5,14.22,9.72535,14.924,94.5,100,100,0,0.1875,76.9786,13.5,13.5,12.75
60.369,0,0,0,0,1.77509,0.99997,1.06299,3,0.837404,1,0.820314,0,0.820314,0.816408,0,59.7656,138.167,128.667,137.778,4882,2250,1709.06,970,1882.89,148.289,198.891,199.594,149.063,198.891,805.525,58.5,14.208,9.63201,14.912,94.5,100,100,0,0.234375,76.9786,13.5,13.5,12.75
60.403,0,0,0,0,1.79346,0.99997,1.06329,3,0.835451,1,0.820314,0,0.820314,0.819337,0,59.7656,138.611,142.778,138.611,4898.75,2250,1704.73,970,1893.44,148.148,198.961,199.594,146.883,198.961,805.525,58.5,14.18,9.64801,14.876,94.5,100,100,0,0.203125,76.9786,13.5,13.5,12.75
60.436,0,0,0,0,1.77234,0.99997,1.06467,3,0.835451,1,0.820314,0,0.820314,0.822023,0,59.7656,138.556,129.556,137.583,4905,2250,1706.95,970,1874.96,148.523,198.797,199.617,149.438,198.797,805.525,58.5,14.204,9.62135,14.9,94.5,100,100,0,0.078125,76.9786,14.25,14.25,12.75
60.469,0,0,0,0,1.79108,0.99997,1.06491,3,0.835451,1,0.820314,0,0.820314,0.82007,0,59.7656,138.445,146.972,137.778,4915.5,2250,1695.78,970,1885.55,147.445,198.797,199.617,146.156,198.797,807.556,58.5,14.104,9.61068,14.8,94.5,100,100,0,-0.21875,76.9786,14.25,14.25,14.25
60.503,0,0,0,0,1.7699,0.99997,1.06571,3,0.833986,1,0.820314,0,0.820314,0.82007,0,59.7656,138.111,138.722,138.917,4930,2250,1694.8,970,1877.62,147.539,198.844,199.617,151.031,198.844,807.556,58.5,14.12,9.58668,14.824,94.5,100,100,0,0.578125,76.9786,14.25,14.25,14.25
60.536,0,0,0,0,1.76483,0.99997,1.06528,3,0.833986,1,0.820314,0,0.820314,0.822999,0,59.7656,138.75,129.945,137.583,4935,2240,1697.27,970,1880.23,147.68,198.492,199.617,147.75,198.492,807.556,58.5,14.116,9.57335,14.82,94.5,100,100,0,0.265625,76.9786,13.5,13.5,14.25
60.569,0,0,0,0,1.78101,0.99997,1.06647,3,0.833986,1,0.820314,0,0.820314,0.821046,0,59.7656,138.639,146.111,139.695,4944.75,2240,1691.52,970,1890.82,147.117,198.492,199.617,147.961,198.492,807.556,58.5,14.072,9.54668,14.776,94.5,100,100,0,0.234375,76.9786,13.5,13.5,12.75
60.603,0,0,0,0,1.75903,0.99997,1.06696,3,0.832765,1,0.820314,0,0.820314,0.822023,0,59.7656,139.611,128.278,139.889,4951.25,2240,1700.43,970,1877.62,148.102,198.797,199.641,150.68,198.797,807.556,58.5,14.18,9.60535,14.884,94.5,100,100,0,-0.1875,76.9786,13.5,13.5,12.75
60.636,0,0,0,0,1.76874,0.99997,1.06717,3,0.832765,1,0.820314,0,0.820314,0.822023,0,59.7656,140.139,130.222,139.111,4962.75,2240,1700.04,970,1877.62,148.289,198.891,199.641,148.102,198.891,807.556,58.5,14.204,9.63735,14.908,94.5,100,100,0,0,76.9786,13.5,13.5,12.75
60.669,0,0,0,0,1.7796,0.99997,1.06863,3,0.832765,1,0.820314,0,0.820314,0.822999,0,59.7656,140.583,141.5,139.889,4971,2240,1697.58,970,1880.23,148.031,198.891,199.641,147.703,198.891,809.51,58.5,14.188,9.64001,14.892,94.5,100,100,0,0.375,76.9786,13.5,13.5,12.75
60.703,0,0,0,0,1.78089,0.99997,1.0687,3,0.831788,1,0.820314,0,0.820314,0.822023,0,59.7656,140.417,148.222,140.25,4987.5,2240,1686.64,970,1890.82,147.258,198.938,199.664,146.297,198.938,809.51,58.5,14.108,9.59201,14.812,94.5,100,100,0,0.03125,76.9786,13.5,13.5,12.75
60.736,0,0,0,0,1.76868,0.99997,1.069,3,0.831788,1,0.820314,0,0.820314,0.821046,0,59.7656,139.278,147.195,141.417,4995.75,2240,1680.66,970,1888.2,146.953,198.891,199.664,149.484,198.891,809.51,58.5,14.036,9.49335,14.74,94.5,100,100,0,0.34375,76.9786,14.25,14.25,12.75
60.769,0,0,0,0,1.74329,0.99997,1.0694,3,0.831788,1,0.820314,0,0.820314,0.821046,0,59.7656,141.278,128.028,141.611,5001.5,2240,1700.39,970,1867.03,148.734,198.891,199.664,153.188,198.891,809.51,58.5,14.228,9.67468,14.932,94.5,100,100,0,0.296875,76.9786,15,15,12.75
60.803,0,0,0,0,1.76727,0.99997,1.06836,3,0.831056,1,0.820314,0,0.820314,0.815675,0,59.7656,141.361,139.306,140.083,5016.5,2230,1689.84,970,1874.96,147.797,198.656,199.688,148.219,198.656,809.51,59.25,14.148,9.61601,14.852,94.5,100,100,0,0.171875,76.9786,14.25,14.25,13.5
60.836,0,0,0,0,1.75922,0.99997,1.06769,3,0.831056,1,0.820314,0,0.820314,0.815675,0,59.7656,141.806,131.5,141.056,5020.75,2230,1696.29,970,1864.41,148.359,198.586,199.664,150.234,198.586,809.51,59.25,14.2,9.64001,14.904,94.5,100,100,0,0.3125,76.9786,14.25,14.25,13.5
60.869,0,0,0,0,1.7713,0.99997,1.06714,3,0.831056,1,0.820314,0,0.820314,0.818361,0,59.7656,142.556,136.083,142.083,5031.75,2230,1698.24,970,1867.03,148.5,198.586,199.664,148.594,198.586,811.58,59.25,14.212,9.65868,14.916,94.5,100,100,0,0.4375,76.9786,14.25,14.25,13.5
60.903,0,0,0,0,1.78491,0.99997,1.06952,3,0.830568,1,0.820314,0,0.820314,0.82837,0,59.7656,142.056,150.833,141.417,5038.5,2230,1686.64,970,1877.62,147.375,198.539,199.641,146.086,198.539,811.58,59.25,14.12,9.61601,14.832,94.5,100,100,0,0.859375,76.9786,14.25,14.25,13.5
60.936,0,0,0,0,1.77814,0.99997,1.07141,3,0.830568,1,0.820314,0,0.820314,0.82837,0,59.7656,141.639,152.25,143.139,5054.75,2230,1683.16,970,1880.23,147.047,198.539,199.594,148.008,198.539,811.58,59.25,14.08,9.59201,14.792,94.5,100,100,0,0.09375,76.9786,14.25,14.25,13.5
60.969,0,0,0,0,1.76196,0.99997,1.07349,3,0.830568,1,0.820314,0,0.820314,0.822999,0,59.7656,142.5,137.417,142.222,5065,2230,1688.52,970,1867.03,147.492,198.539,199.594,148.477,198.539,811.58,59.25,14.148,9.63468,14.86,94.5,100,100,0,0.640625,76.9786,14.25,14.25,13.5
61.003,0,0,0,0,1.76703,0.99997,1.07337,3,0.828615,1,0.820314,0,0.820314,0.819337,0,59.7656,142.639,141.361,143,5077,2230,1689.88,970,1867.07,147.586,198.492,199.57,149.086,198.492,811.58,59.25,14.156,9.64001,14.852,94.5,100,100,0,0.484375,76.9786,14.25,14.25,13.5
61.036,0,0,0,0,1.76312,0.99997,1.07153,3,0.828615,1,0.820314,0,0.820314,0.814699,0,59.7656,143.278,133.861,143.583,5083,2230,1696.29,970,1864.41,148.125,198.422,199.547,149.32,198.422,811.58,59.25,14.22,9.63201,14.916,94.5,100,100,0,0.53125,76.9786,14.25,14.25,13.5
61.069,0,0,0,0,1.76923,0.99997,1.07108,3,0.828615,1,0.820314,0,0.820314,0.818361,0,59.7656,144.028,136.417,144.167,5095,2230,1699.92,970,1864.41,148.406,198.422,199.547,149.367,198.422,813.552,59.25,14.24,9.67735,14.936,94.5,100,100,0,1.04688,76.9786,14.25,14.25,13.5
61.103,0,0,0,0,1.77295,0.99997,1.06885,3,0.826906,1,0.820314,0,0.820314,0.813722,0,59.7656,143.333,146.167,143.583,5101,2230,1688.36,970,1877.62,147.305,198.445,199.523,148.266,198.445,813.552,59.25,14.052,9.56268,14.756,94.5,100,100,0,0.109375,76.9786,14.25,14.25,13.5
61.136,0,0,0,0,1.74976,0.99997,1.07022,3,0.826906,1,0.820314,0,0.820314,0.82007,0,59.7656,143.611,131.195,144.167,5113.25,2240,1702.93,970,1856.48,148.641,198.469,199.477,151.688,198.469,813.552,59.25,14.24,9.58668,14.944,94.5,100,100,0,0.609375,76.9786,14.25,14.25,13.5
61.169,0,0,0,0,1.75086,0.99997,1.07001,3,0.826906,1,0.820314,0,0.820314,0.819337,0,59.7656,144.611,131.278,143.778,5116.75,2240,1702.62,970,1853.87,148.57,198.469,199.477,151.5,198.469,813.552,59.25,14.24,9.64801,14.944,94.5,100,100,0,0.546875,76.9786,14.25,14.25,13.5
61.203,0,0,0,0,1.76795,0.99997,1.07153,3,0.825441,1,0.820314,0,0.820314,0.823732,0,59.7656,144.528,140.861,144.583,5135,2240,1693.83,970,1869.69,147.703,198.352,199.453,148.594,198.352,813.552,59.25,14.168,9.61335,14.872,94.5,100,100,0,0.390625,76.9786,14.25,14.25,13.5
61.236,0,0,0,0,1.76184,0.99997,1.07361,3,0.825441,1,0.820314,0,0.820314,0.824708,0,59.7656,143.972,136.722,145.361,5140.5,2240,1696.17,970,1867.07,147.539,197.906,199.43,150.75,197.906,813.552,59.25,14.136,9.58401,14.84,94.5,100,100,0,0.84375,76.9786,14.25,14.25,13.5
61.269,0,0,0,0,1.76898,0.99997,1.0751,3,0.825441,1,0.820314,0,0.820314,0.824708,0,59.7656,145.639,133.445,144.389,5154.5,2240,1701.25,970,1869.69,147.984,197.906,199.43,146.977,197.906,815.271,59.25,14.26,9.70135,14.964,94.5,100,100,0,0.3125,76.9786,14.25,14.25,13.5
61.303,0,0,0,0,1.78589,0.99997,1.07565,3,0.824464,1,0.820314,0,0.820314,0.82007,0,59.7656,146.167,144.667,145.5,5164.25,2240,1702.66,970,1869.65,148.055,198.352,199.406,146.648,198.352,815.271,59.25,14.304,9.73601,15,94.5,100,100,0,1.04688,76.9786,14.25,14.25,13.5
61.336,0,0,0,0,1.78424,0.99997,1.07581,3,0.824464,1,0.820314,0,0.820314,0.82007,0,59.7656,145.167,151.278,144.583,5175.75,2240,1693.91,970,1867.03,147.211,198.375,199.359,146.625,198.375,815.271,59.25,14.18,9.66935,14.876,94.5,100,100,0,0.390625,76.9786,14.25,14.25,13.5
61.369,0,0,0,0,1.77875,0.99997,1.07477,3,0.824464,1,0.820314,0,0.820314,0.816408,0,59.7656,146,145,146.167,5178.5,2240,1699.34,970,1864.38,147.656,198.375,199.359,147.914,198.375,815.271,59.25,14.208,9.66401,14.904,94.5,100,100,0,0.234375,76.9786,14.25,14.25,13.5
61.403,0,0,0,0,1.78058,0.99997,1.07343,3,0.823732,1,0.820314,0,0.820314,0.815675,0,59.7656,145.861,148.695,144.167,5193.75,2240,1693.24,970,1861.76,147.023,198.281,199.336,145.898,198.281,815.271,60,14.12,9.64268,14.816,94.5,100,100,0,0.578125,76.9786,14.25,14.25,13.5
61.436,0,0,0,0,1.78272,0.99997,1.07443,3,0.823732,1,0.820314,0,0.820314,0.818361,0,59.7656,145.945,148.778,146,5200,2240,1695.39,970,1864.38,147.211,198.305,199.313,146.648,198.305,815.271,60,14.156,9.63468,14.852,94.5,99.6079,100,0,0.953125,76.9786,14.25,14.25,13.5
61.469,0,0,0,0,1.77344,0.99997,1.07404,3,0.823732,1,0.820314,0,0.820314,0.819337,0,59.7656,145.917,147.889,146.361,5209,2240,1693.01,970,1859.1,146.93,198.305,199.313,148.57,198.305,816.892,60,14.104,9.59468,14.8,94.5,99.6079,100,0,0.71875,76.9786,14.25,14.25,13.5
61.503,0,0,0,0,1.77026,0.99997,1.07611,3,0.822999,1,0.820314,0,0.820314,0.826661,0,59.7656,146.917,139.167,143.972,5225.5,2240,1693.67,970,1861.76,146.953,198.352,199.266,144.094,198.352,816.892,60,14.148,9.66401,14.86,94.5,100,100,0,0.96875,76.9786,14.25,14.25,13.5
61.536,0,0,0,0,1.76349,0.99997,1.07877,3,0.822999,1,0.820314,0,0.820314,0.829347,0,59.7656,146.167,134.75,147.195,5228.25,2240,1703.05,970,1851.17,147.773,198.234,199.242,149.883,198.234,816.892,60,14.252,9.60001,14.964,94.5,99.6079,100,0,0.5625,76.9786,14.25,14.25,13.5
61.569,0,0,0,0,1.80188,0.99997,1.07874,3,0.822999,1,0.820314,0,0.820314,0.821046,0,59.7656,146.917,163.722,146.556,5242,2240,1688.05,970,1880.2,146.344,198.234,199.242,142.289,198.234,816.892,60,14.132,9.68801,14.844,94.5,100,100,0,0.78125,76.9786,14.25,14.25,13.5
61.603,0,0,0,0,1.76233,0.99997,1.07965,3,0.822511,1,0.820314,0,0.820314,0.82007,0,59.7656,147.945,135.528,146.945,5250.25,2250,1703.63,970,1851.17,147.727,198.281,199.219,149.484,198.281,816.892,60,14.276,9.69335,14.988,94.5,100,100,0,0.96875,76.9786,14.25,14.25,13.5
61.636,0,0,0,0,1.76447,0.99997,1.07849,3,0.822511,1,0.820314,0,0.820314,0.819337,0,59.7656,147.778,135.695,146.583,5263,2250,1702.34,970,1845.9,147.586,198.305,199.195,149.227,198.305,816.892,60,14.24,9.68001,14.952,94.5,100,100,0,0.921875,76.9786,14.25,14.25,13.5
61.669,0,0,0,0,1.79132,0.99997,1.07868,3,0.822511,1,0.820314,0,0.820314,0.821046,0,59.7656,147.25,160.528,147,5270.5,2250,1689.14,970,1864.41,146.32,198.305,199.195,145.383,198.305,818.494,60,14.112,9.64535,14.824,94.5,100,100,0,0.828125,76.9786,14.25,14.25,13.5
61.703,0,0,0,0,1.76709,0.99997,1.07892,3,0.822023,1,0.820314,0,0.820314,0.82007,0,59.7656,148.306,138.5,147.195,5278.75,2250,1697.27,970,1853.83,147.023,198.305,199.172,146.836,198.305,818.494,60,14.188,9.66135,14.884,94.5,100,100,0,0.703125,76.9786,14.25,14.25,13.5
61.736,0,0,0,0,1.78259,0.99997,1.0795,3,0.822023,1,0.820314,0,0.820314,0.819337,0,59.7656,148.25,150.528,148.139,5293.75,2250,1695.23,970,1861.76,146.813,198.305,199.125,145.523,198.305,818.494,60,14.176,9.66668,14.872,94.5,100,100,0,0.671875,76.9786,14.25,14.25,13.5
61.769,0,0,0,0,1.7746,0.99997,1.08014,3,0.822023,1,0.820314,0,0.820314,0.821046,0,59.7656,148.195,149.806,147.195,5300.25,2250,1690.39,970,1859.1,146.32,198.305,199.125,145.828,198.305,818.494,60,14.124,9.62935,14.82,94.5,99.6079,100,0,0.390625,76.9786,14.25,14.25,13.5
61.803,0,0,0,0,1.77167,0.99997,1.08118,3,0.821779,1,0.820314,0,0.820314,0.823732,0,59.7656,149.222,140.945,148.389,5316.25,2250,1699.73,970,1848.55,147.117,198.305,199.102,147.023,198.305,818.494,60,14.224,9.68268,14.928,94.5,99.6079,100,0,0.8125,76.9786,14.25,14.25,13.5
61.836,0,0,0,0,1.77716,0.99997,1.08194,3,0.821779,1,0.820314,0,0.820314,0.822023,0,59.7656,148.472,150.945,149.222,5325.75,2230,1695.08,970,1851.17,146.648,196.781,199.078,147.938,196.781,818.494,60,14.176,9.62935,14.88,94.5,99.6079,100,0,1.57813,76.9786,14.25,14.25,14.25
61.869,0,0,0,0,1.76776,0.99997,1.08228,3,0.821779,1,0.820314,0,0.820314,0.82007,0,59.7656,149,144.083,148.195,5323.75,2230,1695.55,970,1845.94,146.625,196.781,199.078,148.008,196.781,820.193,60,14.184,9.65601,14.888,94.5,100,100,0,0.546875,76.9786,14.25,14.25,14.25
61.903,0,0,0,0,1.76978,0.99997,1.08057,3,0.82129,1,0.820314,0,0.820314,0.812745,0,59.7656,149.583,141.722,149.195,5339.75,2230,1699.34,970,1843.28,146.953,196.828,199.055,147.328,196.828,820.193,61.5,14.196,9.66935,14.916,94.5,100,100,0,1.1875,76.9786,14.25,14.25,15.75
61.936,0,0,0,0,1.77222,0.99997,1.08002,3,0.82129,1,0.820314,0,0.820314,0.816408,0,59.7656,148.528,155.222,149.806,5345.5,2220,1689.73,970,1840.66,146.016,195.469,199.031,150.984,195.469,820.193,61.5,14.048,9.58668,14.768,94.5,100,100,0,1.21875,76.9786,13.5,13.5,13.5
61.969,0,0,0,0,1.76764,0.99997,1.07944,3,0.82129,1,0.820314,0,0.820314,0.817384,0,59.7656,150.111,140.222,150.639,5358,2220,1701.09,970,1843.28,147.023,195.469,199.031,148.711,195.469,820.193,61.5,14.184,9.64535,14.904,94.5,99.6079,100,0,1.14063,76.9786,14.25,14.25,15.75
62.003,0,0,0,0,1.77698,0.99997,1.08188,3,0.82129,1,0.820314,0,0.820314,0.824708,0,59.7656,150.5,146.972,148.611,5369.5,2220,1698.71,970,1843.28,146.766,195.539,198.984,145.852,195.539,820.193,61.5,14.192,9.67201,14.888,94.5,99.6079,100,0,1.04688,76.9786,11.25,11.25,11.25
62.036,0,0,0,0,1.80255,0.99997,1.08322,3,0.82129,1,0.820314,0,0.820314,0.824708,0,59.7656,150.222,169,150.639,5377.25,2220,1687.58,970,1869.69,145.383,195.023,198.961,142.617,195.023,820.193,61.5,14.068,9.64535,14.764,94.5,99.6079,100,0,0.71875,76.9786,15,15,15.75
62.069,0,0,0,0,1.76715,0.99997,1.08456,3,0.82129,1,0.820314,0,0.820314,0.822999,0,59.7656,150.861,139.833,152.083,5393.5,2220,1703.36,970,1845.9,146.789,195.023,198.961,148.617,195.023,821.619,61.5,14.224,9.65335,14.92,94.5,100,100,0,1.20313,76.9786,15,15,15.75
62.103,0,0,0,0,1.78443,0.99997,1.08484,3,0.821046,1,0.820314,0,0.820314,0.821046,0,59.7656,151.778,146.445,150.083,5407.25,2230,1704.69,970,1848.52,146.859,195.609,198.914,144.938,195.609,821.619,61.5,14.28,9.72268,14.984,94.5,100,100,0,1.54688,76.9786,15,15,15.75
62.136,0,0,0,0,1.79602,0.99997,1.08426,3,0.821046,1,0.820314,0,0.820314,0.816408,0,59.7656,151.5,162.778,150.611,5403.25,2210,1695.66,970,1853.83,145.992,193.688,198.914,144.398,193.688,821.619,61.5,14.148,9.69068,14.852,94.5,100,100,0,0.8125,76.9786,15,15,15.75
62.169,0,0,0,0,1.76526,0.99997,1.08414,3,0.821046,1,0.820314,0,0.820314,0.819337,0,59.7656,150.695,143.167,150.833,5411.25,2210,1699.73,970,1835.39,146.32,193.688,198.914,149.344,193.688,821.619,61.5,14.16,9.62401,14.864,94.5,100,100,0,1.35938,76.9786,15,15,23.25
62.203,0,0,0,0,1.77161,0.99997,1.08328,3,0.820802,1,0.820314,0,0.820314,0.819337,0,59.7656,151.556,143.695,151.25,5428.75,2210,1702.23,970,1837.97,146.484,193.734,198.867,147.094,193.734,821.619,61.5,14.176,9.66135,14.872,94.5,100,100,0,1.45313,76.9786,15,15,15.75
62.236,0,0,0,0,1.77673,0.99997,1.08383,3,0.820802,1,0.820314,0,0.820314,0.817384,0,59.7656,150.972,152.889,150,5433.75,2200,1693.13,970,1840.63,145.641,192.398,198.844,145.711,192.398,821.619,61.5,14.084,9.60535,14.78,94.5,100,100,0,0.859375,76.9786,13.5,13.5,13.5
62.269,0,0,0,0,1.77771,0.99997,1.0831,3,0.820802,1,0.820314,0,0.820314,0.816408,0,59.7656,151.445,152.917,152.333,5445.5,2200,1696.17,970,1840.66,145.875,192.398,198.844,147.492,192.398,823.22,61.5,14.092,9.60001,14.788,94.5,100,100,0,1.32813,76.9786,15,15,15.75
62.303,0,0,0,0,1.78406,0.99997,1.08106,3,0.820802,1,0.820314,0,0.820314,0.812745,0,59.7656,152.028,155.611,151.445,5460.5,2200,1695.43,970,1843.28,145.758,192.375,198.82,144.633,192.375,823.22,61.5,14.06,9.62135,14.756,94.5,100,100,0,0.71875,76.9786,13.5,13.5,13.5
62.336,0,0,0,0,1.77222,0.99997,1.08102,3,0.820802,1,0.820314,0,0.820314,0.814699,0,59.7656,152.306,144.583,151.833,5468.25,2200,1702.62,970,1830.04,146.391,192.375,198.797,147.305,192.375,823.22,61.5,14.124,9.62668,14.82,94.5,100,100,0,1.15625,76.9786,15,15,15.75
62.369,0,0,0,0,1.77521,0.99997,1.08038,3,0.820802,1,0.820314,0,0.820314,0.816408,0,59.7656,152.722,147.361,152.083,5476.25,2200,1701.17,970,1830.04,146.203,192.375,198.797,146.813,192.375,823.22,61.5,14.096,9.60801,14.792,94.5,99.6079,100,0,1.10938,76.9786,15,15,15.75
62.403,0,0,0,0,1.78711,0.99997,1.0806,3,0.820558,1,0.820314,0,0.820314,0.82007,0,59.7656,153.167,154.667,152.833,5488.25,2180,1698.87,970,1837.97,145.922,191.086,198.75,143.789,191.086,823.22,61.5,14.064,9.60001,14.76,94.5,100,100,0,1.07813,76.9786,15,15,15.75
62.436,0,0,0,0,1.79407,0.99997,1.08102,3,0.820558,1,0.820314,0,0.820314,0.819337,0,59.7656,152.611,169.083,152.833,5496.5,2180,1688.95,970,1843.28,144.984,191.016,198.727,144.844,191.016,823.22,61.5,13.968,9.57601,14.664,94.5,100,100,0,0.640625,76.9786,15,15,15.75
62.469,0,0,0,0,1.77026,0.99997,1.08136,3,0.820558,1,0.820314,0,0.820314,0.819337,0,59.7656,152.722,150.417,152.472,5504.5,2190,1693.55,970,1835.35,145.359,191.016,198.727,145.828,191.016,824.744,61.5,14.008,9.56801,14.704,94.5,100,100,0,1.29688,76.9786,15,15,13.5
62.503,0,0,0,0,1.7677,0.99997,1.08139,3,0.820558,1,0.820314,0,0.820314,0.819337,0,59.7656,152.611,151.445,151.445,5518.75,2190,1687.3,970,1832.7,144.727,191.156,198.563,144.891,191.156,824.744,62.25,13.904,9.52801,14.608,94.5,100,100,0,0.328125,76.9786,15,15,16.5
62.536,0,0,0,0,1.7627,0.99997,1.08084,3,0.820558,1,0.820314,0,0.820314,0.816408,0,59.7656,153.278,141.583,152.333,5529.75,2170,1697.54,970,1824.77,145.617,189.656,198.281,145.898,189.656,824.744,62.25,14.012,9.54935,14.716,94.5,100,100,0,0.796875,76.9786,15,15,13.5
62.569,0,0,0,0,1.78345,0.99997,1.08145,3,0.820558,1,0.820314,0,0.820314,0.822999,0,59.7656,153.056,162.222,152.306,5538,2170,1687.7,970,1837.97,144.68,189.656,198.281,143.273,189.656,824.744,62.25,13.928,9.53868,14.632,94.5,99.6079,100,0,0.65625,76.9786,15,15,15.75
62.603,0,0,0,0,1.77069,0.99997,1.08151,3,0.820558,1,0.820314,0,0.820314,0.818361,0,59.7656,153.472,151.417,153.083,5541,2170,1692.62,970,1827.42,145.055,189.68,198.164,145.102,189.68,824.744,62.25,13.964,9.54935,14.684,95.25,100,100,0,0.21875,76.9786,15,15,13.5
62.636,0,0,0,0,1.77399,0.99997,1.08124,3,0.820558,1,0.820314,0,0.820314,0.816408,0,59.7656,152.889,159.111,152.083,5552.25,2170,1684.3,970,1832.7,143.93,189.305,197.93,144.047,189.305,824.744,62.25,13.808,9.50135,14.528,95.25,100,100,0,0.78125,76.9786,15,15,14.25
62.669,0,0,0,0,1.76007,0.99997,1.07956,3,0.820558,1,0.820314,0,0.820314,0.813722,0,59.7656,153.945,141.361,154.083,5563.75,2180,1699.57,970,1819.49,145.289,189.305,197.93,146.906,189.305,826.189,62.25,13.968,9.53868,14.688,95.25,100,100,0,0.828125,76.9786,15,15,14.25
62.703,0,0,0,0,1.77948,0.99997,1.07929,3,0.818849,1,0.820314,0,0.818849,0.818361,0,59.7656,154,156.833,153.528,5574,2180,1695.08,970,1824.8,144.82,189.727,197.789,144.797,189.727,826.189,62.25,13.944,9.53601,14.648,94.5,100,100,0,1.03125,76.9786,14.25,14.25,14.25
62.736,0,0,0,0,1.77796,0.99997,1.08051,3,0.818849,1,0.820314,0,0.818849,0.822023,0,59.7656,153.695,157.917,154.972,5579.25,2180,1693.59,970,1830,144.656,189.281,197.531,145.008,189.281,826.189,62.25,13.932,9.50135,14.636,94.5,100,100,0,0.84375,76.9786,14.25,14.25,14.25
62.769,0,0,0,0,1.77826,0.99997,1.07996,3,0.818849,1,0.820314,0,0.818849,0.82007,0,59.7656,153.945,160.445,154.806,5590.75,2180,1689.26,970,1830,144.234,189.281,197.531,144.539,189.281,826.189,62.25,13.884,9.49601,14.588,94.5,100,100,0,0.1875,76.9786,14.25,14.25,14.25
62.803,0,0,0,0,1.76172,0.99997,1.0813,3,0.817628,1,0.820314,0,0.817628,0.817384,0,59.7656,154.445,144.972,153.333,5606.25,2160,1691.13,970,1822.15,144.398,187.852,197.203,143.789,187.852,826.189,62.25,13.952,9.50135,14.664,95.25,99.6079,100,0,0.75,76.9786,14.25,14.25,14.25
62.836,0,0,0,0,1.77612,0.99997,1.08075,3,0.817628,1,0.820314,0,0.817628,0.816408,0,59.7656,153.528,163.5,153.333,5617.75,2150,1681.13,970,1835.35,143.461,186.445,197.063,142.313,186.445,826.189,62.25,13.816,9.48001,14.528,95.25,99.6079,100,0,0.78125,76.9786,15,15,14.25
62.869,0,0,0,0,1.76526,0.99997,1.08188,3,0.817628,1,0.820314,0,0.817628,0.821046,0,59.7656,155.028,150.139,155.195,5625.25,2150,1691.09,970,1827.42,144.352,186.445,197.063,144.211,186.445,827.595,62.25,13.948,9.51735,14.66,95.25,99.6079,100,0,0.796875,76.9786,15,15,14.25
62.903,0,0,0,0,1.78089,0.99997,1.08209,3,0.816652,1,0.820314,0,0.816652,0.815675,0,59.7656,154.695,165.195,154.806,5627.25,2150,1684.49,970,1835.31,143.742,186.445,196.852,142.641,186.445,827.595,62.25,13.876,9.50135,14.58,95.25,100,100,0,0.921875,76.9786,14.25,14.25,14.25
62.936,0,0,0,0,1.7702,0.99997,1.08151,3,0.816652,1,0.820314,0,0.816652,0.814699,0,59.7656,155.333,154.445,155.056,5636.75,2130,1690.66,970,1824.77,144.281,185.016,196.57,144.352,185.016,827.595,62.25,13.96,9.52001,14.664,95.25,100,100,0,0.953125,76.9786,14.25,14.25,14.25
62.969,0,0,0,0,1.77307,0.99997,1.08066,3,0.816652,1,0.820314,0,0.816652,0.814699,0,59.7656,155.278,157.167,155.333,5649.5,2130,1690.7,970,1822.19,144.281,185.016,196.57,145.102,185.016,827.595,62.25,13.96,9.53068,14.664,95.25,100,100,0,0.984375,76.9786,14.25,14.25,14.25
63.003,0,0,0,0,1.78247,0.99997,1.07987,3,0.815919,1,0.820314,0,0.815919,0.811769,0,59.7656,155.333,167.445,155.333,5662.5,2130,1684.73,970,1827.42,143.719,185.016,196.453,143.133,185.016,827.595,63,13.868,9.50668,14.572,94.5,100,100,0,0.484375,76.9786,14.25,14.25,14.25
63.036,-1.5,0,0,0,1.77844,0.99997,1.07868,3,0.815919,1,0.820314,0,0.815919,0.811769,0,59.7656,155.556,164.75,156.833,5663.5,2130,1683.98,970,1835.31,143.648,185.016,196.195,142.477,185.016,827.595,63,13.84,9.48001,14.544,94.5,100,100,0,1.25,76.9786,14.25,14.25,14.25
63.069,-1.5,0,0,0,1.76154,0.99997,1.07703,3,0.815919,1,0.820314,0,0.815919,0.808107,0,59.7656,156.25,148.111,156.028,5668.75,2130,1693.32,970,1816.84,144.492,185.016,196.195,145.734,185.016,828.963,63,13.936,9.48535,14.64,94.5,100,100,0,0.953125,76.9786,12.75,12.75,24
63.103,-1.5,0,0,0,1.77008,0.99997,1.07593,3,0.815187,1,0.820314,0,0.815187,0.811036,0,59.7656,156.667,155.333,157.861,5686,2120,1692.81,970,1822.15,144.445,183.586,195.984,145.781,183.586,828.963,63,13.936,9.48268,14.648,94.5,100,100,0,1.07813,76.9786,12.75,12.75,14.25
63.136,-1.5,0,0,0,1.7569,0.99997,1.07593,3,0.815187,1,0.820314,0,0.815187,0.811769,0,59.7656,156.139,149.972,156.611,5694.75,2120,1690.23,970,1814.22,144.211,183.586,195.703,146.836,183.586,828.963,63,13.872,9.45601,14.584,94.5,100,100,0,0.953125,76.9786,14.25,14.25,14.25
63.169,-1.5,0,0,0,1.76129,0.99997,1.07672,3,0.815187,1,0.820314,0,0.815187,0.816408,0,59.7656,156.417,151.639,157.083,5702.25,2120,1689.57,970,1816.84,144.141,183.586,195.703,145.898,183.586,828.963,63,13.884,9.48801,14.596,94.5,100,100,0,0.765625,76.9786,14.25,14.25,12.75
63.203,-1.5,0,0,0,1.77997,0.99997,1.07739,3,0.814699,1,0.820314,0,0.814699,0.814699,0,59.7656,156.945,164.667,158.361,5711,2120,1687.89,970,1824.77,143.977,183.586,195.656,143.25,183.586,828.963,63,13.92,9.51468,14.64,95.25,100,100,0,0.96875,76.9786,12.75,12.75,12.75
63.236,-1.5,0,0,0,1.78845,0.99997,1.07742,3,0.814699,1,0.820314,0,0.814699,0.811036,0,59.7656,156.667,177.139,156.472,5718.5,2120,1678.09,970,1832.7,142.758,183.188,195.188,141.07,183.188,828.963,63,13.744,9.48535,14.464,95.25,100,100,0,1.14063,76.9786,13.5,13.5,12.75
63.269,-1.5,0,0,0,1.75073,0.99997,1.07629,3,0.814699,1,0.820314,0,0.814699,0.808107,0,59.7656,157.528,143.945,156.833,5738.25,2120,1691.25,970,1814.22,143.977,183.188,195.188,145.359,183.188,830.213,63,13.904,9.46401,14.624,95.25,100,100,0,0.671875,76.9786,15,15,14.25
63.303,-1.5,0,0,0,1.76318,0.99997,1.07456,3,0.81421,1,0.820314,0,0.81421,0.809083,0,59.7656,157.639,153.945,157.861,5747,2120,1691.48,970,1811.6,143.977,183.586,194.156,146.297,183.586,830.213,63,13.86,9.46135,14.572,94.5,99.6079,100,0,0.953125,76.9786,15,15,12.75
63.336,-1.5,0,0,0,1.78388,0.99997,1.0723,3,0.81421,1,0.820314,0,0.81421,0.806398,0,59.7656,158.056,174.195,157.861,5750.25,2100,1677.46,970,1830,143.719,183.07,193.992,142.148,183.07,830.213,63,13.84,9.45868,14.552,94.5,99.6079,100,0,0.953125,76.9786,13.5,13.5,12.75
63.369,-1.5,0,0,0,1.77344,0.99997,1.07135,3,0.81421,1,0.820314,0,0.81421,0.803712,0,59.7656,158.333,165.056,155.333,5759.25,2100,1673.67,970,1827.42,143.367,183.07,193.992,139.055,183.07,830.213,63,13.764,9.39735,14.476,94.5,100,100,0,0.84375,76.9786,15,15,12.75
63.403,-1.5,0,0,0,1.73932,0.99997,1.06787,3,0.813722,1,0.820314,0,0.813722,0.804445,0,59.7656,157.222,150.167,154.583,5772.5,2070,1669.77,970,1806.29,142.992,180.328,193.828,143.719,180.328,830.213,63.75,13.636,9.31468,14.34,94.5,100,100,0,0.859375,76.9786,15.75,15.75,14.25
63.436,-1.5,0,0,0,1.758,0.99997,1.06821,3,0.813722,1,0.820314,0,0.813722,0.811769,0,59.7656,158.445,159.611,157.75,5784.75,2080,1670.04,970,1822.15,143.016,181.617,193.266,140.813,181.617,830.213,63.75,13.684,9.37601,14.388,94.5,100,100,0,1.32813,76.9786,15,15,14.25
63.469,-1.5,0,0,0,1.74329,0.99997,1.06931,3,0.813722,1,0.820314,0,0.813722,0.816408,0,59.7656,158.639,145,158.111,5797,2090,1678.59,970,1803.63,143.813,181.617,193.266,144.117,181.617,831.463,63.75,13.78,9.38935,14.484,94.5,100,100,0,0.828125,76.9786,15,15,12.75
63.503,-1.5,0,0,0,1.73444,0.99997,1.07178,3,0.813478,1,0.820314,0,0.813478,0.815675,0,59.7656,157.917,148.417,157.333,5801.5,2080,1671.95,970,1795.7,143.203,181.617,192.609,147.211,181.617,831.463,63.75,13.712,9.32534,14.416,94.5,100,100,0,0.96875,76.9786,14.25,14.25,14.25
63.536,-1.5,0,0,0,1.75141,0.99997,1.07138,3,0.813478,1,0.820314,0,0.813478,0.808107,0,59.7656,158.222,162.417,157.306,5810.5,2070,1662.77,970,1814.22,142.359,180.188,192.094,141.586,180.188,831.463,63.75,13.64,9.33068,14.344,94.5,100,100,0,1.5,76.9786,15.75,15.75,14.25
63.569,-1.5,0,0,0,1.75946,0.99997,1.07111,3,0.813478,1,0.820314,0,0.813478,0.812745,0,59.7656,157,177.25,158.611,5818.25,2070,1651.88,970,1827.42,141.352,180.188,192.094,141.797,180.188,831.463,63.75,13.492,9.24534,14.196,94.5,100,100,0,0.671875,76.9786,14.25,14.25,14.25
63.603,-1.5,0,0,0,1.75488,0.99997,1.07016,3,0.811769,1,0.820314,0,0.811769,0.811036,0,59.7656,158.389,166.389,157.583,5825,2070,1657.62,970,1827.38,141.891,180.188,191.625,138.961,180.188,831.463,63.75,13.608,9.32801,14.304,95.25,100,100,0,0.890625,76.9786,13.5,13.5,14.25
63.636,-1.5,0,0,0,1.7312,0.99997,1.07098,3,0.811769,1,0.820314,0,0.811769,0.813722,0,59.7656,158,148.889,158.111,5836.5,2050,1665.7,970,1803.63,142.641,178.758,191.227,144.352,178.758,831.463,63.75,13.652,9.29068,14.348,95.25,99.6079,100,0,1.3125,76.9786,15.75,15.75,14.25
63.669,-1.5,0,0,0,1.74799,0.99997,1.06989,3,0.811769,1,0.820314,0,0.811769,0.811036,0,59.7656,158,166.833,158.361,5850,2050,1654.18,970,1819.49,141.586,178.758,191.227,141.305,178.758,832.693,63.75,13.572,9.27468,14.268,95.25,99.6079,100,0,1.17188,76.9786,15.75,15.75,14.25
63.703,-1.5,0,0,0,1.74371,0.99997,1.07126,3,0.810304,1,0.820314,0,0.810304,0.811769,0,59.7656,158.806,161.306,157.75,5862.75,2050,1655.7,970,1819.49,141.703,178.758,190.664,139.805,178.758,832.693,63.75,13.636,9.31734,14.348,95.25,99.2157,100,0,0.84375,76.9786,15.75,15.75,15
63.736,-1.5,0,0,0,1.72254,0.99997,1.07385,3,0.810304,1,0.820314,0,0.810304,0.818361,0,59.7656,159.556,145.028,158.361,5871.75,2050,1671.76,970,1795.7,142.875,178.359,190.055,143.484,178.359,832.693,63.75,13.792,9.36535,14.504,95.25,100,100,0,1.20313,76.9786,15.75,15.75,15
63.769,-1.5,0,0,0,1.74805,0.99997,1.07199,3,0.810304,1,0.820314,0,0.810304,0.808107,0,59.7656,158.389,167.972,158.861,5876.5,2050,1653.01,970,1814.22,141.164,178.359,190.055,140.156,178.359,832.693,63.75,13.56,9.29068,14.272,95.25,100,100,0,1.10938,76.9786,16.5,16.5,15
63.803,-1.5,0,0,0,1.75092,0.99997,1.07202,3,0.809327,1,0.820314,0,0.809327,0.803712,0,59.7656,159.667,164.611,158.778,5889.25,2060,1657.3,970,1811.52,141.563,178.758,189.984,138.633,178.758,832.693,63.75,13.664,9.35468,14.368,95.25,100,100,0,0.96875,76.9786,16.5,16.5,14.25
63.836,-1.5,0,0,0,1.75403,0.99997,1.07071,3,0.809327,1,0.820314,0,0.809327,0.807374,0,59.7656,158.861,174.222,156.833,5898.5,2050,1646.45,970,1814.22,140.555,178.359,189.492,137.227,178.359,832.693,63.75,13.512,9.29868,14.216,95.25,100,100,0,0.90625,76.9786,16.5,16.5,14.25
63.869,-1.5,0,0,0,1.72327,0.99997,1.06827,3,0.809327,1,0.820314,0,0.809327,0.799073,0,59.7656,158.445,152.722,157.861,5904.25,2050,1652.85,970,1798.36,141.141,178.359,189.492,142.055,178.359,833.416,63.75,13.528,9.20534,14.232,95.25,100,100,0,1.01563,76.9786,15.75,15.75,14.25
63.903,-1.5,0,0,0,1.72833,0.99997,1.06842,3,0.808351,1,0.820314,0,0.808351,0.808107,0,59.7656,159.389,153.195,160.667,5911.25,2050,1655.47,970,1798.36,141.398,178.359,189.07,140.695,178.359,833.416,64.5,13.568,9.26668,14.272,95.25,100,100,0,0.9375,76.9786,15.75,15.75,15
63.936,-1.5,0,0,0,1.72363,0.99997,1.06799,3,0.808351,1,0.820314,0,0.808351,0.806398,0,59.7656,158.972,159.195,159.639,5923,2040,1649.14,970,1793.09,140.813,176.93,188.484,144.281,176.93,833.416,64.5,13.504,9.19468,14.208,95.25,100,100,0,0.5625,76.9786,14.25,14.25,12.75
63.969,-1.5,0,0,0,1.70746,0.99997,1.06915,3,0.808351,1,0.820314,0,0.808351,0.809083,0,59.7656,160.889,145.333,158.111,5934.5,2040,1664.65,970,1774.57,142.242,176.93,188.484,143.625,176.93,833.416,64.5,13.708,9.31201,14.412,95.25,100,100,0,1,76.9786,15.75,15.75,14.25
64.003,-1.5,0,0,0,1.72644,0.99997,1.06955,3,0.807618,1,0.820314,0,0.807618,0.806398,0,59.7656,158.75,165.361,159.139,5946.25,2040,1640.78,970,1793.09,140.063,176.93,187.805,141.539,176.93,833.416,64.5,13.444,9.16534,14.148,95.25,100,100,0,0.96875,76.9786,15.75,15.75,15
64.036,-1.5,0,0,0,1.72333,0.99997,1.06894,3,0.807618,1,0.820314,0,0.807618,0.805421,0,59.7656,159.028,163.778,158.861,5951,2040,1639.14,970,1798.4,139.898,176.93,187.406,140.906,176.93,833.416,64.5,13.416,9.16534,14.12,95.25,100,100,0,0.921875,76.9786,14.25,14.25,12.75
64.069,-1.5,0,0,0,1.72376,0.99997,1.0687,3,0.807618,1,0.820314,0,0.807618,0.803712,0,59.7656,159.195,162.639,159.389,5958.25,2040,1638.4,970,1806.29,139.828,176.93,187.406,139.922,176.93,834.138,64.5,13.404,9.14134,14.108,95.25,100,100,0,1.20313,76.9786,15.75,15.75,14.25
64.103,-1.5,0,0,0,1.71137,0.99997,1.06751,3,0.80713,1,0.820314,0,0.80713,0.804445,0,59.7656,159.611,152.445,158.111,5970,2020,1640.59,970,1798.4,140.039,175.5,186.961,140.602,175.5,834.138,64.5,13.432,9.15201,14.136,95.25,99.6079,100,0,1.125,76.9786,15.75,15.75,14.25
64.136,-1.5,0,0,0,1.71137,0.99997,1.06909,3,0.80713,1,0.820314,0,0.80713,0.809083,0,59.7656,158.389,158.611,158.611,5979.5,2020,1634.34,970,1803.67,139.477,175.5,186.563,140.438,175.5,834.138,64.5,13.356,9.07734,14.06,95.25,100,100,0,0.84375,76.9786,14.25,14.25,14.25
64.169,-1.5,0,0,0,1.70404,0.99997,1.07004,3,0.80713,1,0.820314,0,0.80713,0.811036,0,59.7656,160.833,145.833,160.917,5989,2020,1648.52,970,1793.09,140.789,175.5,186.563,141.984,175.5,834.138,64.5,13.572,9.21068,14.276,95.25,100,100,0,1.1875,76.9786,15.75,15.75,14.25
64.203,-1.5,0,0,0,1.72321,0.99997,1.07144,3,0.806642,1,0.820314,0,0.806642,0.808107,0,59.7656,160.417,163.472,160.667,6004.75,2020,1639.73,970,1795.7,139.969,175.5,185.695,140.508,175.5,834.138,64.5,13.5,9.20268,14.204,95.25,100,100,0,1.21875,76.9786,16.5,16.5,15
64.236,-1.5,0,0,0,1.71887,0.99997,1.07126,3,0.806642,1,0.820314,0,0.806642,0.803712,0,59.7656,160.472,161.528,160.417,6015.5,1990,1639.06,970,1795.7,139.594,172.266,185.273,140.063,172.266,834.138,64.5,13.464,9.17601,14.168,95.25,100,100,0,0.9375,76.9786,15,15,15
64.269,-1.5,0,0,0,1.72424,0.99997,1.07031,3,0.806642,1,0.820314,0,0.806642,0.803712,0,59.7656,160.083,167.056,161.195,6019.25,1990,1636.25,970,1803.59,139.336,172.266,185.273,139.828,172.266,834.822,64.5,13.416,9.14134,14.12,95.25,100,100,0,1.01563,76.9786,16.5,16.5,15
64.303,-1.5,0,0,0,1.71546,0.99997,1.06809,3,0.806154,1,0.820314,0,0.806154,0.799073,0,59.7656,160.833,156.028,160.945,6022.75,2000,1641.88,970,1798.36,139.852,172.641,184.945,140.18,172.641,834.822,64.5,13.452,9.16801,14.156,95.25,100,100,0,1.21875,76.9786,16.5,16.5,15.75
64.336,-1.5,0,0,0,1.71997,0.99997,1.06619,3,0.806154,1,0.820314,0,0.806154,0.794435,0,59.7656,161,159,159.889,6031.25,1980,1642.58,970,1795.74,139.922,170.813,184.852,139.898,170.813,834.822,64.5,13.444,9.15734,14.148,95.25,100,100,0,1.15625,76.9786,15,15,13.5
64.369,-1.5,0,0,0,1.73316,0.99997,1.06436,3,0.806154,1,0.820314,0,0.806154,0.797609,0,59.7656,161,172.75,160.667,6044.5,1980,1634.73,970,1803.59,139.195,170.813,184.852,137.508,170.813,834.822,64.5,13.344,9.11201,14.048,95.25,100,100,0,1,76.9786,16.5,16.5,15
64.403,-1.5,0,0,0,1.71356,0.99997,1.06476,3,0.805909,1,0.820314,0,0.805909,0.808107,0,59.7656,162.445,147.583,161.472,6054.25,1980,1648.79,970,1779.88,140.484,170.813,183.891,140.344,170.813,834.822,66,13.52,9.17868,14.224,95.25,100,100,0,0.84375,76.9786,16.5,16.5,18
64.436,-1.5,0,0,0,1.71967,0.99997,1.06607,3,0.805909,1,0.820314,0,0.805909,0.805421,0,59.7656,162.389,159.028,162.472,6065.5,1980,1644.57,970,1774.57,140.086,170.813,183.492,141.75,170.813,834.822,66,13.488,9.17868,14.192,95.25,100,100,0,1.51563,76.9786,11.25,11.25,11.25
64.469,-1.5,0,0,0,1.72937,0.99997,1.06686,3,0.805909,1,0.820314,0,0.805909,0.804445,0,59.7656,162.167,166.333,160.417,6069,1980,1638.75,970,1782.5,139.547,170.813,183.492,137.789,170.813,835.681,66,13.4,9.15734,14.104,95.25,100,100,0,0.703125,76.9786,15,15,15
64.503,-1.5,0,0,0,1.73596,0.99997,1.06436,3,0.805665,1,0.820314,0,0.805665,0.795167,0,59.7656,160.361,183.361,161.722,6086.25,1980,1621.05,970,1803.59,137.93,170.813,183.141,136.805,170.813,835.681,66,13.204,9.02668,13.908,95.25,100,100,0,1.17188,76.9786,13.5,13.5,13.5
64.536,-1.5,0,0,-1.5,1.71192,0.99997,1.06177,3,0.805665,1,0.820314,0,0.805665,0.795167,0,59.7656,160.306,167.028,162.75,6098.75,1980,1628.48,970,1793.13,138.609,170.813,182.859,141.516,170.813,835.681,66,13.232,8.97868,13.936,95.25,100,100,0,1.3125,76.9786,14.25,14.25,14.25
64.569,-1.5,0,0,-1.5,1.70386,0.99997,1.06116,3,0.805665,1,0.820314,0,0.805665,0.803712,0,59.7656,162.222,150.889,161.695,6106,1980,1635.86,970,1793.09,139.289,170.813,182.859,139.289,170.813,835.681,66,13.332,9.07468,14.036,95.25,100,100,-0.75,0.71875,76.9786,13.5,13.5,13.5
64.603,-1.5,0,0,-1.5,1.72308,0.99997,1.06357,3,0.805421,1,0.820314,0,0.805421,0.811036,0,59.7656,161.222,174.083,161.972,6121,1980,1624.1,970,1803.63,138.211,170.813,182.273,138.586,170.813,835.681,66,13.224,9.02401,13.92,95.25,100,100,-0.75,0.765625,76.9786,15,15,15
64.636,-1.5,0,0,-1.5,1.6969,0.99997,1.06625,3,0.805421,1,0.820314,0,0.805421,0.809083,0,59.7656,162.333,146.167,161.972,6133.5,1980,1639.65,970,1785.16,139.641,170.813,181.945,140.93,170.813,835.681,66,13.436,9.06134,14.132,95.25,100,100,-0.75,1.04688,76.9786,16.5,16.5,15
64.669,-1.5,0,0,-1.5,1.72156,0.99997,1.06677,3,0.805421,1,0.820314,0,0.805421,0.806398,0,59.7656,162.611,168,162.472,6142.5,1980,1627.15,970,1806.25,138.492,170.813,181.945,136.289,170.813,836.697,66,13.332,9.09334,14.028,95.25,100,100,-0.75,1.01563,76.9786,15,15,15
64.703,-1.5,0,0,-1.5,1.7179,0.99997,1.06482,3,0.805177,1,0.820314,0,0.805177,0.798341,0,59.7656,161.861,169.806,160.667,6143.75,1980,1622.19,970,1795.7,138.047,170.813,181.688,137.367,170.813,836.697,66,13.244,9.04268,13.956,95.25,100,100,-0.75,0.671875,76.9786,15,15,15.75
64.736,-2.25,0,0,-1.5,1.70715,0.99997,1.06302,3,0.805177,1,0.820314,0,0.805177,0.797609,0,59.7656,162.445,159.028,161.722,6148.75,1960,1627.07,970,1790.43,138.188,169.008,181.43,138.938,169.008,836.697,66,13.228,9.01068,13.94,95.25,100,100,-0.75,1.01563,76.9786,16.5,16.5,25.5
64.769,-2.25,0,0,-1.5,1.7337,0.99997,1.06012,3,0.805177,1,0.820314,0,0.805177,0.793702,0,59.7656,161.278,184.778,161.722,6155,1960,1610.74,970,1819.45,136.711,169.008,181.43,133.945,169.008,836.697,66,13.044,8.91468,13.756,95.25,100,100,-0.75,0.859375,76.9786,14.25,14.25,25.5
64.803,-2.25,0,0,-1.5,1.70197,0.99997,1.05951,3,0.805177,1,0.820314,0,0.805177,0.804445,0,59.7656,162.389,158.528,161.722,6171.5,1960,1622.03,970,1795.7,137.742,169.383,181.242,137.578,169.383,836.697,66.75,13.152,8.94668,13.856,95.25,100,100,-0.75,0.859375,76.9786,14.25,14.25,15.75
64.836,-2.25,0,0,-1.5,1.68732,0.99997,1.06055,3,0.805177,1,0.820314,0,0.805177,0.804445,0,59.7656,162.333,144.028,162.222,6176.5,1960,1632.7,970,1779.88,138.727,169.008,180.961,140.367,169.008,836.697,66.75,13.252,8.93868,13.956,95.25,100,100,-0.75,0.65625,76.9786,14.25,14.25,14.25
64.869,-2.25,0,0,-1.5,1.73071,0.99997,1.06262,3,0.805177,1,0.820314,0,0.805177,0.807374,0,59.7656,161.945,183.389,163.528,6183,1960,1611.25,970,1811.52,136.781,169.008,180.961,134.602,169.008,837.517,66.75,13.096,8.95201,13.8,95.25,100,100,-0.75,1.03125,76.9786,14.25,14.25,15.75
64.903,-2.25,0,0,-1.5,1.68659,0.99997,1.06424,3,0.805177,1,0.820314,0,0.805177,0.808107,0,59.7656,163.028,143.972,163.278,6202,1960,1633.13,970,1777.23,138.82,169.008,180.703,141.281,169.008,837.517,66.75,13.312,9.02668,14.016,95.25,99.6079,100,-0.75,1.14063,76.9786,14.25,14.25,14.25
64.936,-2.25,0,0,-1.5,1.69995,0.99997,1.06394,3,0.805177,1,0.820314,0,0.805177,0.803712,0,59.7656,163.667,150.583,164.333,6207.25,1960,1633.05,970,1782.5,138.82,169.008,180.656,140.367,169.008,837.517,66.75,13.316,9.02134,14.02,95.25,100,100,-0.75,0.546875,76.9786,15,15,15
64.969,-2.25,0,0,-1.5,1.71765,0.99997,1.06516,3,0.805177,1,0.820314,0,0.805177,0.808107,0,59.7656,162.972,172.083,161.972,6217.5,1960,1617.3,970,1787.77,137.391,169.008,180.656,136.852,169.008,837.517,66.75,13.196,8.99468,13.9,95.25,100,100,-0.75,0.796875,76.9786,16.5,16.5,15.75
65.003,-2.25,0,0,-1.5,1.71094,0.99997,1.06418,3,0.804933,1,0.820314,0,0.804933,0.800782,0,59.7656,163.139,169.139,162.556,6233,1960,1614.61,970,1793.09,137.133,169.008,180.328,136.125,169.008,837.517,66.75,13.156,8.94668,13.852,95.25,100,100,-0.75,1.32813,76.9786,16.5,16.5,14.25
65.036,-2.25,0,0,-1.5,1.68817,0.99997,1.06137,3,0.804933,1,0.820314,0,0.804933,0.794435,0,59.7656,161.917,153.528,162.472,6239.5,1940,1618.32,970,1779.88,137.484,167.578,179.906,139.922,167.578,837.517,66.75,13.124,8.90134,13.82,95.25,100,100,-0.75,0.71875,76.9786,15.75,15.75,14.25
65.069,-2.25,0,0,-1.5,1.7096,0.99997,1.05936,3,0.804933,1,0.820314,0,0.804933,0.797609,0,59.7656,162.861,174.667,161.583,6247.25,1940,1604.26,970,1798.36,136.195,167.578,179.906,134.742,167.578,838.24,66.75,12.988,8.86134,13.684,95.25,100,100,-0.75,0.375,76.9786,17.25,17.25,14.25
65.103,-2.25,0,0,-1.5,1.6872,0.99997,1.05997,3,0.804933,1,0.820314,0,0.804933,0.805421,0,59.7656,163.667,154.695,162.75,6261.5,1940,1613.05,970,1782.5,136.992,167.578,179.648,138.328,167.578,838.24,66.75,13.072,8.86934,13.784,95.25,100,100,-0.75,1.01563,76.9786,17.25,17.25,15.75
65.136,-2.25,0,0,-1.5,1.6908,0.99997,1.05975,3,0.804933,1,0.820314,0,0.804933,0.804445,0,59.7656,163.5,158.778,163,6265.5,1940,1609.77,970,1785.16,136.406,167.227,179.484,136.383,167.227,838.24,66.75,13.012,8.84801,13.724,95.25,100,100,-0.75,1.04688,76.9786,15,15,15.75
65.169,-2.25,0,0,-1.5,1.7005,0.99997,1.06094,3,0.804933,1,0.820314,0,0.804933,0.802736,0,59.7656,163.028,170.333,161.472,6277.25,1940,1600.04,970,1790.39,135.516,167.227,179.484,134.086,167.227,838.24,66.75,12.936,8.80801,13.648,95.25,100,100,-0.75,0.515625,76.9786,15.75,15.75,15.75
65.203,-2.25,0,0,-1.5,1.68683,0.99997,1.06049,3,0.804933,1,0.820314,0,0.804933,0.802736,0,59.7656,164.528,148.167,161.195,6286.5,1930,1613.28,970,1774.57,136.734,166.148,179.367,133.992,166.148,838.24,66.75,13.092,8.89601,13.804,95.25,100,100,-0.75,1.17188,76.9786,15,15,15.75
65.236,-2.25,0,0,-1.5,1.70197,0.99997,1.05924,3,0.804933,1,0.820314,0,0.804933,0.800782,0,59.7656,161.861,179.25,162.472,6295.75,1930,1593.36,970,1779.92,134.93,165.797,179.016,136.594,165.797,838.24,66.75,12.836,8.77068,13.548,95.25,100,100,-0.75,1.39063,76.9786,17.25,17.25,14.25
65.269,-2.25,0,0,-1.5,1.67731,0.99997,1.05933,3,0.804933,1,0.820314,0,0.804933,0.800782,0,59.7656,161.75,159.945,162.75,6303.75,1930,1595.94,970,1779.88,135.188,165.797,179.016,136.969,165.797,838.787,66.75,12.876,8.70401,13.588,95.25,100,100,-0.75,1.07813,76.9786,15,15,15.75
65.303,-2.25,0,0,-1.5,1.69098,0.99997,1.05994,3,0.804933,1,0.820314,0,0.804933,0.808107,0,59.7656,162.861,170.556,163.278,6317,1930,1592.38,970,1787.73,134.883,165.797,178.688,134.602,165.797,838.787,67.5,12.848,8.74668,13.56,95.25,100,100,-0.75,1.0625,76.9786,15,15,15.75
65.336,-2.25,0,0,-1.5,1.67969,0.99997,1.06119,3,0.804933,1,0.820314,0,0.804933,0.808107,0,59.7656,163.139,160.111,163.528,6329,1930,1598.36,970,1777.27,135.422,165.797,178.477,136.875,165.797,838.787,67.5,12.928,8.73334,13.64,95.25,100,100,-0.75,1.26563,76.9786,17.25,17.25,15.75
65.369,-2.25,0,0,-1.5,1.67133,0.99997,1.06146,3,0.804933,1,0.820314,0,0.804933,0.805421,0,59.7656,163.139,154.5,162.472,6333,1930,1600.35,970,1764.06,135.633,165.797,178.477,138.75,165.797,838.787,67.5,12.948,8.77334,13.66,95.25,100,100,-0.75,0.90625,76.9786,17.25,17.25,15.75
65.403,-2.25,0,0,-1.5,1.68713,0.99997,1.0636,3,0.808595,1,0.820314,0,0.808595,0.808107,0,59.7656,162.917,170.167,163.195,6353,1930,1593.24,970,1771.99,135,165.797,178.383,137.227,165.797,838.787,67.5,12.848,8.71201,13.56,95.25,100,100,-0.75,0.90625,76.9786,13.5,13.5,13.5
65.436,-2.25,0,0,-1.5,1.69037,0.99997,1.06415,3,0.808595,1,0.820314,0,0.808595,0.804445,0,59.7656,164.195,165.833,164.333,6351.75,1910,1598.09,970,1782.5,135.445,164.367,177.961,134.789,164.367,838.787,67.5,12.932,8.75734,13.644,95.25,99.6079,100,-0.75,0.40625,76.9786,15.75,15.75,25.5
65.469,-2.25,0,0,-1.5,1.70099,0.99997,1.06519,3,0.808595,1,0.820314,0,0.808595,0.806398,0,59.7656,164.028,177,164.333,6362.5,1910,1590.43,970,1790.43,134.742,164.367,177.961,133.734,164.367,839.275,67.5,12.844,8.74934,13.556,95.25,100,100,-0.75,0.984375,76.9786,15.75,15.75,15.75
65.503,-2.25,0,0,-1.5,1.69147,0.99997,1.06464,3,0.807863,1,0.820314,0,0.807863,0.81006,0,59.7656,164.472,169.389,165.639,6373.25,1910,1594.61,970,1790.43,135.117,164.367,177.727,135.492,164.367,839.275,67.5,12.896,8.74668,13.608,95.25,100,100,-0.75,1.25,76.9786,17.25,17.25,15.75
65.536,-2.25,0,0,-1.5,1.68524,0.99997,1.06531,3,0.807863,1,0.820314,0,0.807863,0.805421,0,59.7656,165.361,161.889,165.528,6388.25,1910,1599.53,970,1782.5,135.258,164.016,177.563,135.914,164.016,839.275,67.5,12.944,8.77868,13.656,95.25,100,100,-0.75,1.125,76.9786,14.25,14.25,14.25
65.569,-2.25,0,0,-1.5,1.68097,0.99997,1.06528,3,0.807863,1,0.820314,0,0.807863,0.807374,0,59.7656,165.528,154.139,165.389,6391,1910,1606.95,970,1771.95,135.938,164.016,177.563,136.781,164.016,839.275,67.5,13.008,8.81334,13.72,95.25,100,100,-0.75,0.75,76.9786,15.75,15.75,15.75
65.603,-2.25,0,0,-1.5,1.72095,0.99997,1.06458,3,0.80713,1,0.820314,0,0.80713,0.808107,0,59.7656,165.167,193.528,165.528,6395,1900,1580.78,970,1806.29,133.57,162.938,177.422,130.266,162.938,839.275,67.5,12.748,8.69601,13.444,95.25,100,100,-0.75,0.671875,76.9786,15,15,25.5
65.636,-2.25,0,0,-1.5,1.69293,0.99997,1.0683,3,0.80713,1,0.820314,0,0.80713,0.812745,0,59.7656,164.528,170.695,165.389,6410.25,1890,1591.88,970,1795.66,134.555,162.586,177.047,133.078,162.586,839.275,67.5,12.912,8.72268,13.608,95.25,100,100,-0.75,1.07813,76.9786,17.25,17.25,18
65.669,-2.25,0,0,-1.5,1.66602,0.99997,1.06558,3,0.80713,1,0.820314,0,0.80713,0.804445,0,59.7656,165.056,151.445,163.806,6414.25,1890,1598.01,970,1769.34,135.117,162.586,177.047,137.859,162.586,839.978,67.5,12.932,8.73068,13.628,95.25,99.6079,100,-0.75,0.734375,76.9786,14.25,14.25,14.25
65.703,-2.25,0,0,-1.5,1.68823,0.99997,1.06546,3,0.806642,1,0.820314,0,0.806642,0.802736,0,59.7656,165.861,164.472,164.833,6437.75,1890,1596.29,970,1779.88,134.977,162.586,176.836,133.734,162.586,839.978,68.25,12.924,8.78934,13.628,95.25,99.6079,100,-0.75,0.53125,76.9786,17.25,17.25,15.75
65.736,-2.25,0,0,-1.5,1.71759,0.99997,1.0643,3,0.806642,1,0.820314,0,0.806642,0.803712,0,59.7656,165.417,189.222,165.195,6447.25,1890,1579.45,970,1808.91,133.43,162.586,176.367,127.641,162.586,839.978,68.25,12.728,8.73068,13.432,95.25,100,100,-0.75,0.890625,76.9786,15.75,15.75,15.75
65.769,-2.25,0,0,-1.5,1.64972,0.99997,1.06305,3,0.806642,1,0.820314,0,0.806642,0.80005,0,59.7656,166.639,140.889,166.528,6453,1890,1606.48,970,1756.09,135.891,162.586,176.367,140.344,162.586,839.978,68.25,12.996,8.73068,13.7,95.25,100,100,-0.75,1.15625,76.9786,17.25,17.25,15.75
65.803,-2.25,0,0,-1.5,1.69507,0.99997,1.06284,3,0.806398,1,0.820314,0,0.806398,0.804445,0,59.7656,165.056,183.667,163.528,6462.5,1890,1575.94,970,1790.43,133.125,162.586,176.109,131.625,162.586,839.978,68.25,12.624,8.59734,13.328,95.25,100,100,-0.75,0.65625,76.9786,17.25,17.25,15.75
65.836,-2.25,0,0,-1.5,1.65735,0.99997,1.06104,3,0.806398,1,0.820314,0,0.806398,0.799073,0,59.7656,162.861,156.806,164.833,6476.5,1890,1583.59,970,1766.68,133.828,162.586,176.016,137.719,162.586,839.978,68.25,12.684,8.48001,13.388,95.25,100,100,-0.75,0.671875,76.9786,17.25,17.25,15.75
65.869,-2.25,0,0,-1.5,1.66461,0.99997,1.06091,3,0.806398,1,0.820314,0,0.806398,0.800782,0,59.7656,164.611,162.25,166.5,6480.75,1890,1581.52,970,1777.23,133.688,162.586,176.016,136.406,162.586,840.427,68.25,12.716,8.58134,13.42,95.25,100,100,-0.75,1.03125,76.9786,15.75,15.75,15.75
65.903,-2.25,0,0,-1.5,1.66181,0.99997,1.06378,3,0.805909,1,0.820314,0,0.805909,0.816408,0,59.7656,166.333,151.111,163.861,6482.25,1890,1587.03,970,1769.3,134.203,162.586,175.711,133.688,162.586,840.427,68.25,12.864,8.70134,13.56,95.25,100,100,-0.75,0.875,76.9786,15,15,25.5
65.936,-2.25,0,0,-1.5,1.65979,0.99997,1.06799,3,0.805909,1,0.820314,0,0.805909,0.815675,0,59.7656,165.056,155.806,164.833,6501.75,1880,1583.87,970,1761.41,133.922,161.156,175.594,135.75,161.156,840.427,68.25,12.852,8.64268,13.548,95.25,100,100,-0.75,0.796875,76.9786,14.25,14.25,14.25
65.969,-2.25,0,0,-1.5,1.67572,0.99997,1.06937,3,0.805909,1,0.820314,0,0.805909,0.808107,0,59.7656,164.083,176.472,166.972,6506,1880,1570.51,970,1774.57,132.703,161.156,175.594,134.719,161.156,840.427,68.25,12.676,8.58401,13.372,95.25,100,100,-0.75,0.625,76.9786,17.25,17.25,18
66.003,-2.25,0,0,-1.5,1.65906,0.99997,1.06928,3,0.805665,1,0.820314,0,0.805665,0.807374,0,59.7656,165.528,159.361,166.195,6516,1880,1576.21,970,1774.57,133.219,161.156,175.406,134.578,161.156,840.427,68.25,12.796,8.63201,13.5,95.25,100,100,-0.75,0.109375,76.9786,17.25,17.25,25.5
66.036,-2.25,0,0,-1.5,1.64075,0.99997,1.0697,3,0.805665,1,0.820314,0,0.805665,0.808107,0,59.7656,165.361,140.083,164.056,6525.75,1880,1587.03,970,1756.13,133.922,160.805,175.031,136.641,160.805,840.427,68.25,12.884,8.61334,13.588,95.25,100,100,-0.75,0.9375,76.9786,13.5,13.5,13.5
66.069,-2.25,0,0,-1.5,1.65772,0.99997,1.0676,3,0.805665,1,0.820314,0,0.805665,0.80005,0,59.7656,166.167,153.222,165.639,6528.75,1880,1583.67,970,1764.06,133.617,160.805,175.031,134.742,160.805,841.072,68.25,12.828,8.66668,13.532,95.25,100,100,-0.75,0.484375,76.9786,15,15,15
66.103,-2.25,0,0,-1.5,1.66052,0.99997,1.0672,3,0.805421,1,0.820314,0,0.805421,0.802736,0,59.7656,165.945,154.695,165.139,6540,1870,1584.65,970,1753.44,133.711,161.156,174.984,134.742,159.703,841.072,68.25,12.844,8.67734,13.54,95.25,100,100,-0.75,0.421875,76.9786,15,15,17.25
66.136,-2.25,0,0,-1.5,1.69019,0.99997,1.06647,3,0.805421,1,0.820314,0,0.805421,0.800782,0,59.7656,165.75,189.083,163.861,6551.5,1880,1558.01,970,1779.88,131.297,160.805,174.609,129.727,160.805,841.072,68.25,12.512,8.56534,13.208,95.25,100,100,-0.75,0.375,76.9786,15.75,15.75,15.75
66.169,-2.25,0,0,-1.5,1.6568,0.99997,1.06537,3,0.805421,1,0.820314,0,0.805421,0.801759,0,59.7656,167.25,150.667,165.889,6574.5,1880,1583.28,970,1761.37,133.594,160.805,174.609,133.313,160.805,841.072,68.25,12.812,8.66134,13.508,95.25,100,100,-0.75,1.01563,76.9786,12,12,12
66.203,-2.25,0,0,-1.5,1.6673,0.99997,1.06497,3,0.805421,1,0.820314,0,0.805421,0.802736,0,59.7656,165.306,171.361,166.833,6568.75,1860,1567.19,970,1777.23,132.141,159.398,174.258,133.078,159.328,841.072,68.25,12.576,8.51734,13.272,95.25,99.6079,100,-0.75,0.734375,76.9786,15.75,15.75,15.75
66.236,-2.25,0,0,-1.5,1.67963,0.99997,1.06259,3,0.805421,1,0.820314,0,0.805421,0.796876,0,59.7656,166.917,178.917,165.389,6578.75,1800,1560.04,970,1790.43,131.508,159.398,174,128.391,153.75,841.072,68.25,12.5,8.59201,13.196,95.25,99.2157,100,-0.75,0.1875,76.9786,15,15,15.75
66.269,-2.25,0,0,-1.5,1.70239,0.99997,1.06458,3,0.805421,1,0.820314,0,0.805421,0.806398,0,59.7656,165.417,203.278,166.195,6594.75,1800,1539.92,970,1816.84,129.68,159.398,174,125.789,153.75,841.463,68.25,12.228,8.38934,12.924,95.25,99.6079,100,-0.75,0.6875,76.9786,12,12,12
66.303,-2.25,0,0,-1.5,1.65955,0.99997,1.06488,3,0.803712,1,0.820314,0,0.803712,0.808107,0,59.7656,166.556,164.056,166.833,6607.75,1800,1567.5,970,1782.5,132.188,159.398,173.859,132.305,153.516,841.463,69,12.644,8.55468,13.348,95.25,100,100,-0.75,0.71875,76.9786,12.75,12.75,12.75
66.336,-2.25,0,0,-1.5,1.64569,0.99997,1.06805,3,0.803712,1,0.820314,0,0.803712,0.812745,0,59.7656,167.445,147.139,164.861,6612.25,1820,1572.34,970,1769.3,133.594,159.117,173.484,131.625,156.516,841.463,69,12.888,8.63201,13.592,95.25,100,100,-0.75,0.796875,76.9786,15.75,15.75,15.75
66.369,-2.25,0,0,-1.5,1.64838,0.99997,1.07111,3,0.803712,1,0.820314,0,0.803712,0.817384,0,59.7656,168.945,152.306,166.833,6629.75,1820,1571.25,970,1764.02,133.477,159.117,173.484,132.656,156.516,841.463,69,12.904,8.74134,13.608,95.25,100,100,-0.75,0.546875,76.9786,13.5,13.5,13.5
66.403,-2.25,0,0,-1.5,1.6388,0.99997,1.07279,3,0.802247,1,0.820314,0,0.802247,0.805421,0,59.7656,167.195,155.028,166.195,6632.75,1800,1562.66,970,1758.79,132.703,157.969,173.367,135.047,155.109,841.463,69,12.82,8.60534,13.524,95.25,100,100,-0.75,0.71875,76.9786,18,18,18
66.436,-2.25,0,0,-1.5,1.66748,0.99997,1.07181,3,0.802247,1,0.820314,0,0.802247,0.799073,0,59.7656,167.445,181.583,166.445,6640,1770,1543.52,970,1787.73,130.641,158.766,172.898,128.484,151.734,841.463,69,12.544,8.60534,13.248,95.25,99.2157,100,-0.75,0.625,76.9786,15.75,15.75,15.75
66.469,-2.25,0,0,-1.5,1.63123,0.99997,1.07022,3,0.802247,1,0.820314,0,0.802247,0.801759,0,59.7656,167.778,147.083,168.306,6653.25,1770,1565.7,970,1761.37,132.68,158.766,172.898,135.117,151.523,842.068,69,12.816,8.63468,13.52,95.25,100,100,-0.75,0.875,76.6185,12.75,12.75,12.75
66.503,-2.25,0,0,-1.5,1.69562,0.99997,1.07071,3,0.801271,1,0.820314,0,0.801271,0.805421,0,56.6406,166.278,207.611,166.972,6653.25,1760,1523.67,970,1808.87,128.836,159.117,172.922,124.734,151.078,842.068,69,12.248,8.41868,12.944,95.25,100,100,-0.75,0.265625,74.2808,16.5,16.5,26.25
66.536,-2.25,0,0,-1.5,1.65527,0.99997,1.07285,3,0.801271,1,0.820314,0,0.801271,0.808107,0,44.9219,166.445,179.333,166.445,6671,1740,1539.84,970,1779.92,130.313,158.742,172.57,131.086,148.922,842.068,69,12.508,8.48268,13.204,95.25,99.6079,100,-0.75,0.375,71.0429,16.5,16.5,16.5
66.569,-2.25,0,0,-1.5,1.62933,0.99997,1.07382,3,0.801271,1,0.820314,0,0.801271,0.804445,0,44.9219,165.472,163.167,166.833,6684.25,1670,1545.9,970,1756.13,130.898,158.742,172.57,136.453,142.313,842.068,69,12.556,8.46934,13.252,95.25,100,100,-0.75,0.375,66.0074,15,15,15
66.603,-2.25,0,0,-1.5,1.64063,0.99997,1.07468,3,0.800294,1,0.820314,0,0.800294,0.804445,0,26.5625,166.695,167.528,165.195,6684.25,1330,1543.13,970,1779.88,130.641,157.336,172.406,131.531,112.008,842.068,69,12.636,8.52801,13.332,95.25,99.6079,100,-0.75,0.65625,53.0571,18.75,18.75,26.25
66.636,-2.25,0,0,-1.5,1.61871,0.99997,1.07764,3,0.800294,1,0.820314,0,0.800294,0.806398,0,0,164.611,163,164.083,6669.5,970,1522.73,970,1756.09,128.789,157.336,172.359,128.273,64.8281,842.068,69,12.388,8.41068,13.084,95.25,99.2157,45.8824,-0.75,0.34375,37.7691,3.75,3.75,-12.75
66.669,-2.25,0,0,-1.5,1.63574,0.99997,1.07907,3,0.800294,1,0.820314,0,0.800294,0.811036,0,0,164.778,165.111,163.861,6677,970,1530.86,970,1774.57,129.563,157.336,172.359,129.609,20.3438,842.263,69,11.26,7.72001,11.956,95.25,64.7059,29.4118,-0.75,-0.015625,18.5244,3.75,3.75,-26.25
66.703,-2.25,0,0,-1.5,1.79163,0.99997,1.08322,3,0.802491,1,0.820314,0,0.802491,0.811036,0,0,132.833,76.2778,153.806,6749,970,1170.04,970,1943.63,96.6094,157.336,172.078,59.2266,15.75,842.263,69.75,6.604,5.45867,7.3,95.25,23.5294,11.3726,-0.75,0.28125,0,4.5,4.5,-30
66.736,-2.25,0,0,-1.5,2.07166,0.99997,1,3,0.802491,1,0.820314,0,1.04688,0.784181,0,0,93.5834,42.3056,117.472,6720.25,970,752.461,970,2247.42,58.5,157.336,171.984,32.9531,15.75,842.263,69.75,1.488,1.95467,2.184,95.25,12.549,8.62745,-0.75,0.765625,0,28.5,28.5,38.25
66.769,0,0,0,0,2.1203,0.99997,1,3,0.802491,1,0.820314,0,1.04688,0.93091,0,0,51.8889,31.1945,79.0001,6662,970,508.164,970,2300.27,36.2813,157.336,171.984,24.5156,15.75,842.263,69.75,0.5,0.144,1.196,95.25,9.41177,8.62745,-0.75,1.10938,0,38.25,38.25,42.75
66.803,0,0,0,0,1.99127,0.99997,1,3,0.893556,1,0.820314,0,0.820314,1.35767,0,0,32.1945,22.2222,63.1112,6618,970,376.641,970,2160.27,24.3281,157.336,172.664,17.5781,15.75,842.263,69.75,1.032,0.717334,1.728,95.25,7.05883,5.88235,-0.75,0.828125,0,15,15,-18
66.836,0,0,0,0,1.91339,0.99997,1,3,0.893556,1,0.820314,0,0.820314,1.50635,0,0,25.5834,18.3056,54.0834,6612.25,970,308.672,970,2036.09,18.0938,154.148,173.531,14.4844,15.75,842.263,69.75,0.94,0.658667,1.636,95.25,5.88235,5.88235,-0.75,0.40625,0,17.25,17.25,-15.75
66.869,0,0,0,0,1.78424,0.99997,1,3,0.893556,1,0.820314,0,0.820314,1.15088,0,0,19.8333,17.3889,48,6563,970,277.578,970,1935.7,15.2813,154.148,173.531,13.8516,15.75,838.709,69.75,0.88,0.589334,1.576,95.25,5.88235,5.88235,-0.75,0.6875,0,18,18,-13.5
66.903,0,0,0,0,1.67474,0.99997,1,3,0.950685,1,0.820314,0,0.820314,0.971193,0,0,17.5833,16.6945,46,6514.5,970,263.32,970,1816.84,14.0156,155.906,174.234,13.4063,15.75,838.709,69,0.868,0.581334,1.564,95.25,6.27451,6.66667,-0.75,0.3125,0,18,18,-12.75
66.936,0,0,0,0,1.59924,0.99997,1,3,0.950685,1,0.820314,0,0.820314,0.868898,0,0,17.2222,17.1945,42.8889,6537.25,970,260.43,970,1735,13.7813,156.984,174.539,13.7578,15.75,838.709,69,0.9,0.594667,1.596,95.25,6.66667,7.05883,-0.75,0.484375,0,18,18,-12
66.969,0,0,0,0,1.53833,0.99997,1,3,0.950685,1,0.820314,0,0.820314,0.827638,0,0,17.2222,17.6111,39.9167,6494.75,970,261.992,970,1668.91,13.9688,156.984,174.539,14.1797,15.75,838.709,69,0.944,0.626667,1.64,95.25,7.05883,7.45098,-0.75,0.46875,0,18,18,-12
67.003,0,0,0,0,1.47022,0.99997,1,3,0.983156,1,0.820314,0,0.820314,0.843263,0,0,17.4167,17.4167,36.8889,6423.75,970,264.297,970,1594.96,14.2031,156.984,175.734,14.1797,15.75,838.709,69,0.992,0.661334,1.688,95.25,7.45098,7.84314,-0.75,0.484375,0,18,18,-12.75
67.036,0,0,0,0,1.42633,0.99997,1,3,0.983156,1,0.820314,0,0.820314,0.878175,0,0,17.3056,17.8056,33.8611,6422.5,970,264.57,970,1547.42,14.2734,158.391,176.742,14.5078,15.75,838.709,69,1.016,0.666667,1.712,95.25,7.84314,8.2353,-0.75,0.359375,0,17.25,17.25,-13.5
67.069,0,0,0,0,1.40198,0.99997,1,3,0.983156,1,0.820314,0,0.820314,0.938722,0,0,17.4722,17.7778,33.5834,6384.25,970,265.859,970,1520.98,14.3906,158.391,176.742,14.5781,15.75,838.123,69,1.048,0.698668,1.744,95.25,7.84314,8.2353,-0.75,0.46875,0,17.25,17.25,-13.5
67.103,0,0,0,0,1.34601,0.99997,1.00644,3,1,1,0.820314,0,0.820314,0.977296,0,0,17.5833,17.9445,28.9722,6333,970,268.047,970,1460.23,14.625,158.391,177.633,14.8359,15.75,838.123,68.25,1.084,0.714668,1.78,95.25,8.2353,8.62745,-0.75,0.71875,0,17.25,17.25,-12.75
67.136,0,0,0,0,1.32898,0.99997,1.0177,3,1,1,0.820314,0,0.820314,0.983644,0,0,17.75,18.1945,25.75,6309,970,270.313,970,1441.76,14.8125,159.469,178.242,15.0938,15.75,838.123,68.25,1.128,0.736001,1.824,95.25,8.62745,8.62745,-0.75,0.453125,0,17.25,17.25,-12.75
67.169,0,0,0,0,1.30701,0.99997,1.03354,3,1,1,0.820314,0,0.820314,0.997072,0,0,18.1667,18.5556,24.3056,6270.75,970,274.258,970,1417.97,15.2109,159.469,178.242,15.4922,15.75,838.123,68.25,1.192,0.784001,1.888,95.25,9.01961,9.01961,-0.75,0.734375,0,15.75,15.75,-12.75
67.203,0,0,0,0,1.28272,0.99997,1.06406,3,1,1,0.820314,0,0.820314,1.00488,0,0,18.3333,18.4722,20.25,6243.25,970,276.094,970,1391.56,15.375,159.82,179.344,15.4922,15.75,838.123,67.5,1.248,0.810668,1.952,95.25,9.01961,9.01961,-0.75,0.859375,0,15.75,15.75,-12.75
67.236,0,0,0,0,1.26074,0.99997,1.08923,3,1,1,0.820314,0,0.820314,0.997072,0,0,18.3333,18.1389,18.75,6225.25,970,275.977,970,1367.77,15.3984,160.875,180.047,15.2578,15.75,838.123,67.5,1.272,0.832001,1.976,95.25,9.01961,9.01961,-0.75,0.578125,0,15.75,15.75,-12.75
67.269,0,0,0,0,1.25348,0.99997,1.11331,3,1,1,0.820314,0,0.820314,0.983644,0,0,18.0556,18.25,20.6667,6202,970,275.313,970,1359.84,15.3281,160.875,180.047,15.3984,15.75,837.986,67.5,1.304,0.861334,2.008,95.25,9.01961,9.01961,-0.75,0.140625,0,15.75,15.75,-12
67.303,0,0,0,0,1.23883,0.99997,1.14005,3,1.02222,1,0.820314,0,0.820314,0.964845,0,0,18.1667,18.4167,20.1389,6172.75,970,276.797,970,1343.98,15.4922,162.281,180.609,15.6094,15.75,837.986,66.75,1.356,0.890668,2.052,96,9.41177,9.41177,-0.75,1.07813,0,15.75,15.75,-12
67.336,0,0,0,0,1.22913,0.99997,1.15567,3,1.02222,1,0.820314,0,0.820314,0.949953,0,0,18.1111,18.1945,20.9722,6150,970,276.406,970,1333.44,15.4453,162.281,181.289,15.4688,15.75,837.986,66.75,1.364,0.893334,2.06,96,9.41177,9.41177,-0.75,0.625,0,15.75,15.75,-12.75
67.369,0,0,0,0,1.2218,0.99997,1.16858,3,1.02222,1,0.820314,0,0.820314,0.936525,0,0,18.0556,18.1111,21.6111,6129.75,970,276.445,970,1325.51,15.4688,162.281,181.289,15.4688,15.75,837.986,66.75,1.384,0.906668,2.08,96,9.41177,9.41177,-0.75,0.265625,0,15,15,-12
67.403,0,0,0,0,1.20966,0.99997,1.17947,3,1.02686,1,0.820314,0,0.820314,0.912111,0,0,18.0556,18.1667,21.0278,6098.75,970,277.305,970,1312.3,15.5391,162.281,181.969,15.5859,15.75,837.986,66.75,1.404,0.920001,2.1,95.25,9.41177,9.41177,-0.75,0.46875,0,15,15,-12
67.436,0,0,0,0,1.20233,0.99997,1.18689,3,1.02686,1,0.820314,0,0.820314,0.902345,0,0,18,18.1667,21.4445,6076.5,970,277.773,970,1304.38,15.6094,163.711,182.766,15.6328,15.75,837.986,66.75,1.424,0.925334,2.12,95.25,9.41177,9.41177,-0.75,0.796875,0,15,15,-11.25
67.469,0,0,0,0,1.19745,0.99997,1.19129,3,1.02686,1,0.820314,0,0.820314,0.890138,0,0,18.0556,18.0833,20.8333,6059.25,970,277.969,970,1299.1,15.6328,163.711,182.766,15.6328,15.75,837.81,66.75,1.428,0.930668,2.124,95.25,9.41177,9.41177,-0.75,0.625,0,15,15,-11.25
67.503,0,0,0,0,1.19013,0.99997,1.19626,3,1.02905,1,0.820314,0,0.820314,0.873536,0,0,17.9167,17.9722,20.4445,6021.5,970,277.266,970,1291.17,15.5625,163.711,183.891,15.6094,15.75,837.81,66.75,1.432,0.933334,2.12,96,9.41177,9.41177,-0.75,0.40625,0,15,15,-11.25
67.536,0,0,0,0,1.1853,0.99997,1.19891,3,1.02905,1,0.820314,0,0.820314,0.865236,0,0,17.9167,17.8056,19.8056,6004.75,970,277.305,970,1285.9,15.5625,165.117,184.969,15.5156,15.75,837.81,66.75,1.428,0.936001,2.116,96,9.41177,9.41177,-0.75,0.828125,0,15,15,-10.5
67.569,0,0,0,0,1.17798,0.99997,1.20166,3,1.02905,1,0.820314,0,0.820314,0.861574,0,0,17.75,17.8611,20.5556,5985.5,970,277.188,970,1277.97,15.5625,165.117,184.969,15.6094,15.75,837.81,66.75,1.44,0.938668,2.128,96,9.41177,9.41177,-0.75,0.765625,0,14.25,14.25,-11.25
67.603,0,0,0,0,1.17066,0.99997,1.20471,3,1.03394,1,0.820314,0,0.820314,0.855958,0,0,17.6945,17.75,20.0278,5967.75,970,277.07,970,1270.04,15.5625,165.117,186.117,15.5859,15,837.81,66,1.44,0.938668,2.128,95.25,9.41177,9.41177,-0.75,0.625,0,14.25,14.25,-11.25
67.636,0,0,0,0,1.16821,0.99997,1.20703,3,1.03394,1,0.820314,0,0.820314,0.85132,0,0,17.6389,17.6667,20.2778,5947.5,970,276.992,970,1267.38,15.5156,164.766,187.219,15.5391,15,837.81,66,1.44,0.938668,2.128,95.25,9.41177,9.41177,-0.75,1.15625,0,14.25,14.25,3.75
67.669,0,0,0,0,1.16333,0.99997,1.20996,3,1.03394,1,0.820314,0,0.820314,0.849611,0,0,17.5278,17.1945,19.6111,5930,970,276.445,970,1262.11,15.4688,164.766,187.219,15.1641,15,837.693,66,1.424,0.933334,2.112,95.25,9.41177,9.01961,-0.75,0.984375,0,14.25,14.25,3
67.703,0,0,0,0,1.15851,0.99997,1.21417,3,1.04053,1,0.820314,0,0.820314,0.849611,0,0,16.9445,16.6667,19,5906.5,970,271.836,970,1256.84,15.0469,166.523,188.32,14.7656,15,837.693,66,1.404,0.912001,2.092,95.25,9.01961,9.01961,-0.75,0.640625,0,14.25,14.25,1.5
67.736,0,0,0,0,1.15527,0.99997,1.21689,3,1.04053,1,0.820314,0,0.820314,0.847658,0,0,16.7778,16.8056,19.0833,5884.5,970,270.898,970,1251.56,14.9531,167.578,189.352,14.9531,15,837.693,66,1.404,0.909334,2.092,95.25,9.01961,9.01961,-0.75,1.10938,0,15,15,3
67.769,0,0,0,0,1.15875,0.99997,1.21893,3,1.04053,1,0.820314,0,0.820314,0.843263,0,0,16.7222,16.6111,18.9722,5865,970,270.977,970,1248.91,14.9531,167.578,189.352,14.8125,15,837.693,66,1.408,0.909334,2.096,95.25,9.01961,9.01961,-0.75,1.375,0,14.25,14.25,1.5
67.803,0,0,0,0,1.16046,0.99997,1.22116,3,1.0437,1,0.820314,0,0.820314,0.836671,0,0,16.6389,16.8889,19.0833,5838.75,970,271.484,970,1243.63,15,167.578,190.547,15.1406,15,837.693,66,1.424,0.917334,2.112,96,9.01961,9.01961,-0.75,0.703125,0,14.25,14.25,0.75
67.836,0,0,0,0,1.16058,0.99997,1.22208,3,1.0437,1,0.820314,0,0.820314,0.833009,0,0,16.9445,16.5556,17.4167,5818.25,970,279.57,970,1238.32,15.7734,168.984,191.625,16.4531,15,837.693,66,1.516,0.986668,2.204,96,9.01961,9.01961,-0.75,0.96875,0,13.5,13.5,9
67.869,0,0,0,0,1.15918,0.99997,1.22202,3,1.0437,1,0.820314,0,0.820314,0.82837,0,0,18.1111,16.6667,18.1667,5797,970,288.008,970,1233.05,16.5469,168.984,191.625,17.5781,15,837.693,66,1.596,1.04533,2.284,96,9.01961,9.01961,-0.75,1.03125,0,13.5,13.5,13.5
67.903,0,0,0,0,1.16004,0.99997,1.2204,3,1.04907,1,0.820314,0,0.820314,0.821046,0,0,18.75,16.6389,18.1667,5765.75,970,293.789,970,1227.77,17.0859,168.984,192.75,17.3203,15,837.693,66,1.596,1.064,2.3,96,9.01961,9.01961,-0.75,0.96875,0,18,18,18
67.936,0,0,0,0,1.16193,0.99997,1.21649,3,1.04907,1,0.820314,0,0.820314,0.809083,0,0,18.8056,16.5556,17.6111,5747,970,292.813,970,1225.12,16.9922,170.414,193.828,16.5,15,837.693,66,1.552,1.072,2.256,96,9.01961,9.01961,-0.75,0.9375,0,15,15,15
67.969,0,0,0,0,1.16315,0.99997,1.20972,3,1.04907,1,0.820314,0,0.820314,0.791261,0,0,18.3889,16.5,18.0833,5727.25,970,291.172,970,1222.5,16.8516,170.414,193.828,16.8984,15,837.693,66,1.564,1.016,2.268,96,9.01961,9.01961,-0.75,0.640625,0,22.5,22.5,22.5
68.003,0,0,0,0,1.16071,0.99997,1.19824,3,1.052,1,0.820314,0,0.820314,0.770753,0,0,18.2222,16.3889,17.5,5708.75,970,291.328,970,1214.57,16.8516,171.82,194.695,17.4375,15,837.693,66,1.584,1,2.272,96,9.01961,9.01961,-0.75,0.890625,0,18.75,18.75,18.75
68.036,0,0,0,0,1.16449,0.99997,1.18597,3,1.052,1,0.820314,0,0.820314,0.758302,0,0,18.3333,16.3333,17.6945,5686,970,291.328,970,1214.57,16.8516,171.82,195.68,16.6406,15,837.693,66,1.528,1.01867,2.216,96,8.62745,8.62745,-0.75,0.921875,0,12,12,10.5
68.069,0,0,0,0,1.16528,0.99997,1.17288,3,1.052,1,0.820314,0,0.820314,0.747071,0,0,17.9722,16.25,16.9167,5660.25,970,288.125,970,1211.91,16.5703,171.82,195.68,15.9844,15,837.595,66,1.48,0.970668,2.168,96,8.62745,8.62745,-0.75,0.796875,0,15.75,15.75,15.75
68.103,0,0,0,0,1.16376,0.99997,1.15582,3,1.05713,1,0.820314,0,0.820314,0.7417,0,0,17.9722,16.1667,17.5,5629.5,970,289.961,970,1206.64,16.7344,171.82,196.313,16.8281,15,837.595,64.5,1.504,0.981335,2.192,96,8.62745,8.62745,-0.75,0.984375,0,18.75,18.75,18.75
68.136,0,0,0,0,1.1648,0.99997,1.14304,3,1.05713,1,0.820314,0,0.820314,0.739259,0,0,17.6389,16.0278,16.8056,5612.5,970,286.602,970,1203.98,16.4297,173.227,196.758,16.2422,15,837.595,64.5,1.452,0.928001,2.14,96,8.62745,8.62745,-0.75,1.59375,0,19.5,19.5,19.5
68.169,0,0,0,0,1.16504,0.99997,1.13059,3,1.05713,1,0.820314,0,0.820314,0.736085,0,0,17.4722,16.0278,16.7222,5597,970,285.859,970,1201.37,16.3594,173.227,196.758,16.1484,15,837.595,64.5,1.44,0.922668,2.128,96,8.62745,8.62745,-0.75,1.48438,0,18.75,18.75,18.75
68.203,0,0,0,0,1.16303,0.99997,1.1152,3,1.05982,1,0.820314,0,0.820314,0.736085,0,0,17.1111,15.8611,16.1111,5567.75,970,282.773,970,1196.05,16.0547,174.633,197.273,15.6563,15,837.595,64.5,1.388,0.898668,2.076,95.25,8.62745,8.62745,-0.75,1.14063,0,12,12,11.25
68.236,0,0,0,0,1.16461,0.99997,1.10526,3,1.05982,1,0.820314,0,0.820314,0.739259,0,0,16.7778,15.9445,16.1111,5544.25,970,279.18,970,1196.05,15.7266,174.633,197.93,15.3516,15,837.595,64.5,1.348,0.877334,2.036,95.25,8.62745,8.62745,-0.75,1.48438,0,12,12,-6.75
68.269,0,0,0,0,1.16071,0.99997,1.09549,4,1.05982,1,0.820314,0,0.820314,0.7417,0,0,16.4167,15.8056,16.4445,5522.75,970,278.789,970,1190.78,15.7031,174.633,197.93,16.3125,15,836.931,64.5,1.384,0.861334,2.072,95.25,8.62745,8.62745,-0.75,1.28125,0,12,12,-6.75
68.303,0,0,0,0,1.16046,0.99997,1.08536,4,1.06519,1,0.820314,0,0.820314,0.750245,0,0,16.3056,15.9722,15.25,5501.5,970,277.109,970,1188.16,15.5391,176.063,198.328,15.2344,15,836.931,64.5,1.316,0.840001,2.012,96,8.62745,8.62745,-0.75,0.578125,0,12,12,-6.75
68.336,0,0,0,0,1.16181,0.99997,1.07999,4,1.06519,1,0.820314,0,0.820314,0.760499,0,0,16.4722,15.7222,15.8611,5479.25,970,277.695,970,1188.16,15.6797,175.922,198.75,15.1172,14.25,836.931,64.5,1.316,0.880001,2.012,96,8.62745,8.62745,-0.75,1.26563,0,12,12,-6.75
68.369,0,0,0,0,1.15741,0.99997,1.07617,4,1.06519,1,0.820314,0,0.820314,0.771486,0,0,16.0278,15.5833,15.3889,5456.5,970,275.234,970,1182.85,15.4453,175.922,198.75,15.5859,14.25,836.931,64.5,1.336,0.810668,2.032,96,8.62745,8.62745,-0.75,0.796875,0,11.25,11.25,-6.75
68.403,0,0,0,0,1.15582,0.99997,1.07349,4,1.06763,1,0.820314,0,0.820314,0.783448,0,0,16.1389,15.4167,15.6667,5439.5,970,276.211,970,1180.23,15.5859,177.445,198.797,15.5625,14.25,836.931,64.5,1.324,0.829334,2.02,96,8.2353,7.84314,-0.75,0.609375,0,21,21,21
68.436,0,0,0,0,1.15704,0.99997,1.07205,4,1.06763,1,0.820314,0,0.820314,0.789796,0,0,15.7778,14.5833,14.0833,5422,970,267.266,970,1180.23,14.7891,176.93,198.844,13.7109,14.25,836.931,64.5,1.236,0.800001,1.932,96,7.84314,7.84314,-0.75,1.07813,0,21.75,21.75,21.75
68.469,0,0,0,0,1.15125,0.99997,1.07269,4,1.06763,1,0.820314,0,0.820314,0.797609,0,0,14.9167,14.6667,14.25,5402.25,970,263.906,970,1174.92,14.4844,176.93,198.844,14.4141,14.25,836.306,64.5,1.244,0.770668,1.94,96,7.84314,7.84314,-0.75,0.734375,0,27,27,27
68.503,0,0,0,0,1.15173,0.99997,1.07251,4,1.06909,1,0.820314,0,0.820314,0.802736,0,0,14.5556,14.4167,13.4167,5388.75,970,258.477,970,1174.92,14.0156,178.758,198.891,13.125,14.25,836.306,64.5,1.184,0.733334,1.888,96,7.84314,7.84314,-0.75,1.01563,0,28.5,28.5,28.5
68.536,0,0,0,0,1.14386,0.99997,1.07465,4,1.06909,1,0.820314,0,0.820314,0.811769,0,0,13.9722,14.4445,13.7778,5372.25,970,254.57,970,1169.65,13.7344,179.625,198.961,13.9453,14.25,836.306,64.5,1.196,0.728001,1.9,96,7.84314,7.84314,-0.75,1.04688,0,32.25,32.25,34.5
68.569,0,0,0,0,1.14093,0.99997,1.07666,4,1.06909,1,0.820314,0,0.820314,0.821046,0,0,14.0556,14.2778,13.0833,5353.25,970,254.453,970,1167.03,13.7109,179.625,198.961,13.4063,14.25,836.306,64.5,1.184,0.722668,1.888,96,7.84314,7.84314,-0.75,0.453125,0,30.75,30.75,30.75
68.603,0,0,0,0,1.13654,0.99997,1.08334,4,1.06958,1,0.820314,0,0.820314,0.836671,0,0,13.8611,14.2222,13.0556,5338,970,252.305,970,1164.38,13.5703,179.648,199.008,13.3594,14.25,836.306,64.5,1.184,0.730668,1.872,96,7.84314,7.84314,-0.75,1.04688,0,32.25,32.25,32.25
68.636,0,0,0,0,1.13208,0.99997,1.0889,4,1.06958,1,0.820314,0,0.820314,0.844972,0,0,13.6945,14.3056,13.1389,5323.75,970,251.875,970,1161.72,13.5938,179.531,199.055,13.3125,14.25,836.306,64.5,1.188,0.733334,1.876,96,7.84314,7.84314,-0.75,0.890625,0,32.25,32.25,32.25
68.669,0,0,0,0,1.13074,0.99997,1.09692,4,1.06958,1,0.820314,0,0.820314,0.854249,0,0,13.6945,14.2778,13.3611,5305,970,250.625,970,1161.72,13.4766,179.531,199.055,13.2891,14.25,835.779,64.5,1.192,0.730668,1.88,96,7.84314,7.84314,-0.75,1.15625,0,32.25,32.25,32.25
68.703,0,0,0,0,1.12653,0.99997,1.10907,4,1.07007,1,0.820314,0,0.820314,0.867921,0,0,13.9167,14.2222,13.5556,5282.5,970,253.203,970,1159.1,13.7578,180.961,199.102,13.5703,14.25,835.779,64.5,1.228,0.770668,1.924,96,7.84314,7.84314,-0.75,1.14063,0,11.25,11.25,-7.5
68.736,0,0,0,0,1.12518,0.99997,1.1192,4,1.07007,1,0.820314,0,0.820314,0.877199,0,0,13.8056,14.1945,13.2222,5259.25,970,251.719,970,1159.1,13.7109,180.773,199.172,12.9609,14.25,835.779,64.5,1.224,0.784001,1.92,96,7.84314,7.84314,-0.75,0.984375,0,11.25,11.25,-8.25
68.769,0,0,0,0,1.12213,0.99997,1.12885,4,1.07007,1,0.820314,0,0.820314,0.880128,0,0,14,14.2222,13.6111,5232.75,970,254.297,970,1156.41,13.9453,180.773,199.172,13.5469,14.25,835.779,64.5,1.268,0.784001,1.964,96,7.84314,7.84314,-0.75,1.17188,0,11.25,11.25,-8.25
68.803,0,0,0,0,1.11939,0.99997,1.14331,4,1.07398,1,0.820314,0,0.820314,0.884523,0,0,14.2222,14.1389,13.7778,5212.75,970,256.211,970,1153.79,14.2031,182.227,199.242,13.3359,14.25,835.779,64.5,1.284,0.797334,1.98,96,7.84314,7.84314,-0.75,1.09375,0,10.5,10.5,-8.25
68.836,0,0,0,0,1.11658,0.99997,1.15302,4,1.07398,1,0.820314,0,0.820314,0.88672,0,0,14,14.1389,14,5192,970,256.758,970,1151.17,14.3203,183.539,199.313,14.2969,14.25,835.779,64.5,1.352,0.821334,2.048,96,7.84314,7.84314,-0.75,0.90625,0,27,27,27
68.869,0,0,0,0,1.11401,0.99997,1.16052,4,1.07398,1,0.820314,0,0.820314,0.881349,0,0,13.8611,14.0556,12.3056,5183,970,251.563,970,1148.52,13.8281,183.539,199.313,12.8438,14.25,834.724,64.5,1.276,0.789334,1.972,96,7.84314,7.84314,-0.75,1.03125,0,29.25,29.25,29.25
68.903,0,0,0,0,1.11108,0.99997,1.16846,4,1.08008,1,0.820314,0,0.820314,0.867921,0,0,14.1111,14,13.5556,5160.75,970,255.586,970,1145.9,14.2734,184.875,199.359,13.7813,14.25,834.724,63.75,1.34,0.829334,2.036,96,7.84314,7.84314,-0.75,0.984375,0,27,27,27
68.936,0,0,0,0,1.11041,0.99997,1.17062,4,1.08008,1,0.820314,0,0.820314,0.852296,0,0,13.8056,13.9167,12.8611,5150,970,248.672,970,1145.9,13.6641,184.828,199.383,13.0781,14.25,834.724,63.75,1.288,0.805334,1.984,96,7.84314,7.84314,-0.75,1.01563,0,29.25,29.25,29.25
68.969,0,0,0,0,1.10297,0.99997,1.17172,4,1.08008,1,0.820314,0,0.820314,0.843263,0,0,13.3611,13.8889,13.3056,5135,970,249.57,970,1140.59,13.7578,184.828,199.383,14.3906,14.25,834.724,63.75,1.352,0.794668,2.048,96,7.84314,7.84314,-0.75,0.671875,0,30.75,30.75,41.25
69.003,0,0,0,0,1.10291,0.99997,1.16824,4,1.08301,1,0.820314,0,0.820314,0.827638,0,0,13.6389,13.8889,13.5,5122.75,970,251.484,970,1140.59,13.9688,186.141,199.43,13.9219,14.25,834.724,63.75,1.34,0.816001,2.028,96,7.84314,7.84314,-0.75,0.734375,0,27,27,27
69.036,0,0,0,0,1.09918,0.99997,1.1662,4,1.08301,1,0.820314,0,0.820314,0.822023,0,0,13.4722,13.7222,13.3611,5103.75,970,250.352,970,1137.97,13.9219,186.07,199.477,14.0859,14.25,834.724,63.75,1.352,0.805334,2.04,96,7.84314,7.84314,-0.75,1,0,24,24,24
69.069,0,0,0,0,1.099,0.99997,1.16345,4,1.08301,1,0.820314,0,0.820314,0.818361,0,0,13.5833,13.75,13.1667,5091.5,970,250.352,970,1137.97,13.9219,186.07,199.477,13.6406,14.25,834.041,63.75,1.324,0.810668,2.012,96,7.84314,7.84314,-0.75,0.671875,0,30,30,31.5
69.103,0,0,0,0,1.09515,0.99997,1.16007,4,1.08838,1,0.820314,0,0.820314,0.814699,0,0,13.5833,13.7222,13.8889,5068.25,970,252.266,970,1135.31,14.1563,186.094,199.523,14.5781,14.25,834.041,63.75,1.38,0.826668,2.068,96,7.84314,7.84314,-0.75,1.01563,0,30,30,30.75
69.136,0,0,0,0,1.09296,0.99997,1.15741,4,1.08838,1,0.820314,0,0.820314,0.811769,0,0,13.6389,13.6945,13.1111,5059.75,970,252.07,970,1132.66,14.1797,187.43,199.57,14.0859,14.25,834.041,63.75,1.352,0.818668,2.04,96,7.84314,7.84314,-0.75,1.35938,0,9.75,9.75,-8.25
69.169,0,0,0,0,1.09247,0.99997,1.15643,4,1.08838,1,0.820314,0,0.820314,0.812745,0,0,13.4722,13.6945,12.9722,5034.25,970,250,970,1132.66,13.9922,187.43,199.57,13.6172,14.25,834.041,63.75,1.324,0.805334,2.012,96,7.84314,7.84314,-0.75,0.875,0,9.75,9.75,-8.25
69.203,0,0,0,0,1.08875,0.99997,1.15558,4,1.09497,1,0.820314,0,0.820314,0.815675,0,0,13.6945,13.5833,14.1389,5014,970,254.375,970,1130.04,14.4609,187.313,199.641,15.1641,14.25,834.041,63.75,1.412,0.861334,2.1,96,7.84314,7.84314,-0.75,0.8125,0,9.75,9.75,-9
69.236,0,0,0,0,1.09241,0.99997,1.15497,4,1.09497,1,0.820314,0,0.820314,0.816408,0,0,13.8056,13.6111,13.75,4990,970,253.164,970,1132.66,14.4141,188.719,199.664,14.3203,14.25,834.041,63.75,1.372,0.832001,2.06,96,7.84314,7.84314,-0.75,0.4375,0,9,9,-9
69.269,0,0,0,0,1.08783,0.99997,1.15509,4,1.09497,1,0.820314,0,0.820314,0.817384,0,0,13.8611,13.5278,13.3889,4972.5,970,255.625,970,1127.38,14.6484,188.719,199.664,14.7422,14.25,832.927,63.75,1.4,0.853334,2.088,96,7.84314,7.84314,-0.75,1.04688,0,9,9,-9
69.303,0,0,0,0,1.08881,0.99997,1.15564,4,1.09815,1,0.820314,0,0.820314,0.818361,0,0,13.6389,13.5556,12.8611,4950.25,970,253.008,970,1127.38,14.3672,188.133,199.641,13.7344,14.25,832.927,63.75,1.344,0.834668,2.04,96.75,7.84314,7.84314,-0.75,0.84375,0,27,27,27
69.336,0,0,0,0,1.08563,0.99997,1.15439,4,1.09815,1,0.820314,0,0.820314,0.813722,0,0,13.4722,13.4445,13.1945,4938.25,970,252.656,970,1124.77,14.2969,187.898,199.641,14.3672,14.25,832.927,63.75,1.368,0.840001,2.064,96.75,7.84314,7.84314,-0.75,0.578125,0,25.5,25.5,25.5
69.369,0,0,0,0,1.08588,0.99997,1.1518,4,1.09815,1,0.820314,0,0.820314,0.805421,0,0,13.2222,13.4167,12.5,4927.5,970,249.18,970,1124.77,13.9922,187.898,199.641,13.3828,14.25,832.927,63.75,1.312,0.792001,2.008,96.75,7.84314,7.45098,-0.75,0.265625,0,29.25,29.25,33
69.403,0,0,0,0,1.08136,0.99997,1.1471,4,1.10376,1,0.820314,0,0.820314,0.797609,0,0,13,13.3611,13.25,4901,970,249.57,970,1122.11,14.0156,187.688,199.617,14.4609,14.25,832.927,63.75,1.344,0.786668,2.04,96,7.84314,7.45098,-0.75,0.296875,0,29.25,29.25,40.5
69.436,0,0,0,0,1.08075,0.99997,1.14227,4,1.10376,1,0.820314,0,0.820314,0.793702,0,0,12.9445,13.3333,12.2222,4893,970,246.445,970,1122.11,13.6875,186.75,199.594,13.3594,14.25,832.927,63.75,1.28,0.781334,1.976,96,7.84314,7.45098,-0.75,0.71875,0,29.25,29.25,40.5
69.469,0,0,0,0,1.07605,0.99997,1.13751,4,1.10376,1,0.820314,0,0.820314,0.790529,0,0,13.1111,13.2222,13.25,4883.5,970,250.977,970,1119.45,14.1094,186.75,199.594,14.6719,14.25,832.146,63.75,1.356,0.816001,2.052,96,7.84314,7.45098,-0.75,0.46875,0,29.25,29.25,40.5
69.503,0,0,0,0,1.07459,0.99997,1.1311,4,1.10669,1,0.820314,0,0.820314,0.791993,0,0,12.8333,13.1389,12.9722,4861.25,970,248.867,970,1119.45,13.875,186.492,199.594,14.2031,14.25,832.146,63.75,1.312,0.792001,1.992,96,7.45098,7.45098,-0.75,0.3125,0,29.25,29.25,30.75
69.536,0,0,0,0,1.07184,0.99997,1.12677,4,1.10669,1,0.820314,0,0.820314,0.793702,0,0,12.8333,13.1945,12.6389,4856.5,970,250.43,970,1116.84,14.0156,186.023,199.57,14.0391,14.25,832.146,63.75,1.304,0.800001,1.984,96,7.45098,7.45098,-0.75,0.296875,0,9,9,-9
69.569,0,0,0,0,1.07117,0.99997,1.12369,4,1.10669,1,0.820314,0,0.820314,0.795167,0,0,12.6667,13.0556,12.5833,4835.5,970,247.93,970,1116.84,13.7813,186.023,199.57,13.8516,14.25,832.146,63.75,1.28,0.773334,1.96,96,7.45098,7.45098,-0.75,0.609375,0,28.5,28.5,40.5
69.603,0,0,0,0,1.06775,0.99997,1.12244,4,1.10791,1,0.820314,0,0.820314,0.802736,0,0,12.7222,13.0833,12.6111,4804.5,970,249.766,970,1114.18,13.9219,185.508,199.57,14.2031,14.25,832.146,63.75,1.3,0.762668,1.996,96,7.45098,7.45098,-0.75,0.59375,0,8.25,8.25,-4.5
69.636,0,0,0,0,1.06982,0.99997,1,4,1.10791,1,0.820314,0,1.04688,0.809083,0,0,12.7778,13.1111,13.0833,4786,970,251.172,970,1116.84,13.9922,184.758,199.523,14.0859,14.25,832.146,63.75,0.908,0.712001,1.604,96,7.45098,7.45098,-0.75,0.03125,0,8.25,8.25,48
69.669,0,0,0,0,1.06647,0.99997,1,4,1.10791,1,0.820314,0,1.04688,0.816408,0,0,12.6389,13.0556,12.1389,4737,970,250.273,970,1114.18,13.9219,184.758,199.523,13.7109,14.25,827.439,63.75,0.9,0.538667,1.596,96,7.45098,7.45098,-0.75,0.015625,0,8.25,8.25,48
69.703,0,0,0,0,1.06207,0.99997,1,4,1.11255,1,0.820314,0,1.04688,0.834962,0,0,13.0556,12.9167,12.7222,4687.5,970,258.867,970,1108.91,14.6016,183.75,199.5,14.8359,14.25,827.439,63.75,0.944,0.573334,1.632,96.75,7.45098,7.45098,-0.75,0.09375,0,8.25,8.25,48
69.736,0,0,0,0,1.06305,0.99997,1,4,1.11255,1,0.820314,0,1.04688,0.923341,0,0,13.1111,12.9445,13.0278,4643.75,970,261.523,970,1108.91,14.6719,183.281,199.43,14.8359,14.25,827.439,63.75,0.94,0.581334,1.628,96.75,7.45098,7.45098,-0.75,0.25,0,7.5,7.5,48
69.769,0,0,0,0,1.0661,0.99997,1,4,1.11255,1,0.820314,0,1.04688,1.01001,0,0,12.9445,12.8889,13.1667,4605.25,970,261.602,970,1111.48,14.6953,183.281,199.43,14.4375,14.25,827.439,63.75,0.932,0.576001,1.62,96.75,7.45098,7.45098,-0.75,-0.28125,0,7.5,7.5,48
69.803,0,0,0,0,1.06421,0.99997,1,4,1.1189,1,0.820314,0,1.04688,1.47974,0,0,12.8889,12.8611,13.1111,4551.5,970,265.117,970,1108.91,14.8828,182.766,199.383,15.1172,14.25,827.439,63.75,0.948,0.586667,1.636,96.75,7.45098,7.45098,-0.75,-0.078125,0,7.5,7.5,48
69.836,0,0,0,0,1.06494,0.99997,1,4,1.1189,1,0.820314,0,1.04688,1.75196,0,0,12.9445,12.8611,13.1389,4502.25,970,267.07,970,1108.91,14.9531,180.352,199.336,15.3047,14.25,827.439,63.75,0.964,0.578667,1.652,96.75,7.45098,7.05883,-0.75,-0.015625,0,7.5,7.5,48
69.869,0,0,0,0,1.06598,0.99997,1,4,1.1189,1,0.820314,0,1.04688,1.8169,0,0,12.6667,12.5,12.5556,4464.75,970,265.742,970,1108.91,14.8359,180.352,199.336,14.7188,14.25,822.693,63.75,0.94,0.570667,1.628,96.75,7.05883,7.05883,-0.75,0.28125,0,6.75,6.75,47.25
69.903,0,0,0,0,1.06372,0.99997,1,4,1.11695,1,0.820314,0,1.04688,2.20533,0,0,12.3611,12.2222,12,4408.5,970,265.352,970,1106.25,14.7188,179.016,199.242,14.7656,14.25,822.693,63.75,0.932,0.568001,1.62,96.75,7.05883,7.05883,-0.75,0.171875,0,6.75,6.75,47.25
69.936,0,0,0,0,1.06366,0.99997,1,4,1.11695,1,0.820314,0,1.04688,2.44629,0,0,12.25,12.0556,12.1389,4363.5,970,266.133,970,1106.25,14.6953,177.375,199.125,14.8359,14.25,822.693,63.75,0.94,0.570667,1.628,96.75,7.05883,7.05883,-0.75,-0.375,0,6.75,6.75,47.25
69.969,0,0,0,0,1.06476,0.99997,1,4,1.11695,1,0.820314,0,1.04688,2.8733,0,0,12.0833,12.0278,11.8056,4330.25,970,265.508,970,1106.25,14.6484,177.375,199.125,14.3906,14.25,822.693,63.75,0.928,0.570667,1.616,96.75,7.05883,7.05883,-0.75,-0.015625,0,6.75,6.75,47.25
70.003,0,0,0,0,1.06177,0.99997,1,4,1.11695,1,0.820314,0,1.04688,3.55127,0,0,11.9445,11.6945,12.5833,4269.75,970,269.023,970,1103.63,14.8594,176.133,199.008,15.9141,14.25,822.693,63.75,0.976,0.597334,1.656,96.75,7.05883,6.66667,-0.75,0.1875,0,6.75,6.75,47.25
70.036,0,0,0,0,1.06598,0.99997,1,4,1.11695,1,0.820314,0,1.04688,4.03321,0,0,11.9445,11.7222,10.6667,4229.5,970,263.281,970,1106.25,14.25,174.188,198.891,13.1016,14.25,822.693,63.75,0.9,0.568001,1.58,96.75,6.66667,6.66667,-0.75,-0.140625,0,6,6,47.25
70.069,0,0,0,0,1.06171,0.99997,1,4,1.11695,1,0.820314,0,1.04688,4.39991,0,0,11.5556,11.5556,11.9445,4192.25,970,266.523,970,1103.63,14.5313,174.188,198.891,15.1406,14.25,818.416,63.75,0.94,0.576001,1.62,96.75,6.66667,6.66667,-0.75,0.3125,0,6,6,47.25
70.103,0,0,0,0,1.06336,0.99997,1,4,1.10816,1,0.820314,0,1.04688,5.00001,0,0,11.5,11.3889,11.8333,4134.5,970,269.141,970,1103.63,14.6484,173.32,198.797,15.0234,14.25,818.416,63.75,0.94,0.576001,1.628,96.75,6.66667,6.66667,-0.75,-0.1875,0,6,6,47.25
70.136,0,0,0,0,1.06134,0.99997,1,4,1.10816,1,0.820314,0,1.04688,5.00001,0,0,11.3889,11.3056,11.1667,4096.5,970,268.594,970,1100.98,14.5078,171.539,198.68,14.7656,14.25,818.416,63.75,0.928,0.562667,1.616,96.75,6.66667,6.66667,-0.75,0.046875,0,6,6,47.25
70.169,0,0,0,0,1.06421,0.99997,1,4,1.10816,1,0.820314,0,1.04688,5.00001,0,0,11.25,11.1945,10.8056,4054.5,970,267.93,970,1103.63,14.4609,171.539,198.68,13.7813,14.25,818.416,63.75,0.9,0.562667,1.588,96.75,6.27451,6.66667,-0.75,-0.203125,0,6,6,47.25
70.203,0,0,0,0,1.05719,0.99997,1,4,1.10254,1,0.820314,0,1.04688,5.00001,0,0,10.8056,10.9722,11.4445,4005.75,970,267.969,970,1098.32,14.3672,170.203,198.563,15.7969,14.25,818.416,63.75,0.948,0.554667,1.628,96.75,6.27451,6.27451,-0.75,0.109375,0,6,6,47.25
70.236,0,0,0,0,1.06134,0.99997,1,5,1.10254,1,0.820314,0,1.04688,5.00001,0,0,11.1389,10.8611,10.5,3965.5,970,270.195,970,1100.98,14.4844,168.75,198.422,13.6875,14.25,818.416,63.75,0.9,0.589334,1.58,96.75,6.27451,6.27451,-0.75,-0.25,0,5.25,5.25,47.25
70.269,0,0,0,0,1.06,0.99997,1,5,1.10254,1,0.820314,0,1.04688,5.00001,0,0,10.6111,10.75,10.1945,3928,970,264.492,970,1100.98,14.0156,168.75,198.422,13.5234,14.25,814.353,63.75,0.9,0.544001,1.58,96.75,6.27451,6.27451,-0.75,-0.015625,0,5.25,5.25,47.25
70.303,0,0,0,0,1.05646,0.99997,1,5,1.08643,1,0.820314,0,1.04688,5.00001,0,0,10.6945,10.5833,11,3881.25,970,269.414,970,1098.32,14.5078,168.07,198.141,14.9063,14.25,814.353,63.75,0.932,0.576001,1.62,96.75,6.27451,6.27451,-0.75,-0.546875,0,5.25,5.25,47.25
70.336,0,0,0,0,1.05505,0.99997,1,5,1.08643,1,0.820314,0,1.04688,5.00001,0,0,10.6111,10.5278,9.97223,3840.5,970,267.578,970,1095.7,14.4375,168.141,197.883,14.2266,14.25,814.353,63.75,0.916,0.562667,1.604,96.75,6.27451,6.27451,-0.75,-0.09375,0,5.25,5.25,47.25
70.369,0,0,0,0,1.05463,0.99997,1,5,1.08643,1,0.820314,0,1.04688,5.00001,0,0,10.5,10.4167,10.3611,3800.75,970,268.047,970,1095.7,14.4844,168.141,197.883,14.5078,14.25,814.353,63.75,0.924,0.578667,1.612,96.75,5.88235,6.27451,-0.75,0.03125,0,5.25,5.25,47.25
70.403,0,0,0,0,1.05237,0.99997,1,5,1.07398,1,0.820314,0,1.04688,5.00001,0,0,10.3333,10.3056,10.5,3750.25,970,267.695,970,1093.05,14.5313,167.508,197.578,15,14.25,814.353,63.75,0.94,0.576001,1.628,96.75,5.88235,5.88235,-0.75,-0.265625,0,5.25,5.25,48
70.436,0,0,0,0,1.05383,0.99997,1,5,1.07398,1,0.820314,0,1.04688,5.00001,0,0,10.3889,10.2222,9.47223,3710.5,970,265.938,970,1093.05,14.4844,166.758,197.32,13.4766,14.25,814.353,63.75,0.904,0.576001,1.592,96.75,5.88235,5.88235,-0.75,0.203125,0,5.25,5.25,48
70.469,0,0,0,0,1.04681,0.99997,1,5,1.07398,1,0.820314,0,1.04688,5.00001,0,0,10.1667,10.1111,10.2222,3680.75,970,266.484,970,1087.77,14.5313,166.758,197.32,15.4219,14.25,810.486,63.75,0.952,0.584001,1.64,96.75,5.88235,5.88235,-0.75,-0.375,0,5.25,5.25,48
70.503,0,0,0,0,1.05084,0.99997,1,5,1.05908,1,0.820314,0,1.04688,5.00001,0,0,10.0556,9.8889,8.22223,3629.75,970,261.406,970,1090.39,14.2031,166.406,197.063,11.8828,14.25,810.486,63,0.9,0.525334,1.588,96.75,5.88235,5.88235,-0.75,-0.265625,0,5.25,5.25,48
70.536,0,0,0,0,1.04004,0.99997,1,5,1.05908,1,0.820314,0,1.04688,5.00001,0,0,9.58334,9.77779,11.0833,3588.5,970,266.484,970,1082.5,14.6719,165.586,196.805,17.4141,14.25,810.486,63,1.008,0.546667,1.696,96.75,5.88235,5.88235,-0.75,-0.265625,0,5.25,5.25,48
70.569,0,0,0,0,1.04962,0.99997,1,5,1.05908,1,0.820314,0,1.04688,5.00001,0,0,9.97223,9.86112,9.00001,3560.25,970,267.109,970,1087.73,14.7422,165.586,196.805,12.8438,14.25,810.486,63,0.9,0.549334,1.588,96.75,5.88235,5.4902,-0.75,-0.109375,0,5.25,5.25,48
70.603,0,0,0,0,1.03388,0.99997,1,5,1.04736,1,0.820314,0,1.04688,5.00001,0,0,9.52779,9.69445,11.0278,3505,970,266.016,970,1077.19,14.7188,165.07,196.523,18.0469,14.25,810.486,63,1.028,0.586667,1.716,96.75,5.88235,5.4902,-0.75,0.03125,0,4.5,4.5,48.75
70.636,0,0,0,0,1.04578,0.99997,1,5,1.04736,1,0.820314,0,1.04688,5.00001,0,0,9.80556,9.72223,8.50001,3475.25,970,263.125,970,1085.12,14.625,164.859,196.242,11.3906,14.25,810.486,63,0.9,0.568001,1.588,96.75,5.4902,5.4902,-0.75,-0.34375,0,4.5,4.5,48.75
70.669,0,0,0,0,1.03351,0.99997,1,5,1.04736,1,0.820314,0,1.04688,5.00001,0,0,9.27779,9.41667,9.8889,3433.25,970,259.688,970,1077.19,14.3672,164.859,196.242,16.1016,14.25,806.834,63,0.964,0.560001,1.652,96.75,5.4902,5.4902,-0.75,0.03125,0,4.5,4.5,48.75
70.703,0,0,0,0,1.03888,0.99997,1,5,1.03784,1,0.820314,0,1.04688,5.00001,0,0,9.47223,9.30556,9.16667,3392.75,970,261.953,970,1079.84,14.6953,164.578,195.797,14.1328,14.25,806.834,63,0.936,0.573334,1.624,96.75,5.4902,5.4902,-0.75,-0.375,0,4.5,4.5,48.75
70.736,0,0,0,0,1.03143,0.99997,1,5,1.03784,1,0.820314,0,1.04688,5.00001,0,0,9.11112,9.22223,8.83334,3350,970,254.922,970,1074.57,14.2969,164.414,195.469,14.7656,14.25,806.834,63,0.932,0.533334,1.62,96.75,5.4902,5.4902,-0.75,0.0625,0,4.5,4.5,48.75
70.769,0,0,0,0,1.03406,0.99997,1,5,1.03784,1,0.820314,0,1.04688,5.00001,0,0,9.30556,9.25001,9.22223,3316.5,970,259.609,970,1077.15,14.6719,164.414,195.469,14.4141,14.25,806.834,63,0.932,0.570667,1.62,96.75,5.4902,5.09804,-0.75,-0.015625,0,4.5,4.5,48.75
70.803,0,0,0,0,1.02673,0.99997,1,5,1.03028,1,0.820314,0,1.04688,5.00001,0,0,8.8889,8.94445,9.8889,3264.25,970,255.352,970,1071.91,14.5313,164.531,195,16.4531,14.25,806.834,63,0.988,0.570667,1.684,96.75,5.09804,5.09804,-0.75,-0.25,0,4.5,4.5,48.75
70.836,0,0,0,0,1.02985,0.99997,1,5,1.03028,1,0.820314,0,1.04688,5.00001,0,0,9.16667,8.97223,8.33334,3231,970,257.813,970,1071.91,14.8828,165.867,194.648,13.7813,14.25,806.834,63,0.928,0.616001,1.624,96.75,5.09804,5.09804,-0.75,0.03125,0,3.75,3.75,48.75
70.869,0,0,0,0,1.02594,0.99997,1,5,1.03028,1,0.820314,0,1.04688,5.00001,0,0,8.94445,8.80556,8.77778,3197.75,970,255.117,970,1069.26,14.6719,165.867,194.648,14.9766,14.25,803.279,63,0.952,0.573334,1.648,96.75,5.09804,5.09804,-0.75,-0.484375,0,4.5,4.5,49.5
70.903,0,0,0,0,1.02747,0.99997,1,5,1.02417,1,0.820314,0,1.04688,5.00001,0,0,8.77778,8.75001,7.91667,3155.75,970,252.5,970,1069.26,14.625,166.008,194.203,13.3359,14.25,803.279,63,0.908,0.554667,1.588,96.75,5.09804,5.09804,-0.75,0.359375,0,4.5,4.5,49.5
70.936,0,0,0,0,1.02374,0.99997,1,5,1.02417,1,0.820314,0,1.04688,5.00001,0,0,8.72223,8.58334,8.66667,3119.25,970,253.32,970,1066.64,14.8594,166.125,193.828,15,14.25,803.279,63,0.968,0.576001,1.648,96.75,5.09804,5.09804,-0.75,-0.28125,0,4.5,4.5,49.5
70.969,0,0,0,0,1.02417,0.99997,1,5,1.02417,1,0.820314,0,1.04688,5.00001,0,0,8.6389,8.50001,8.61112,3087.25,970,251.758,970,1066.64,14.7422,166.125,193.828,14.8125,14.25,803.279,63,0.952,0.581334,1.632,96.75,5.09804,5.09804,-0.75,-0.28125,0,4.5,4.5,49.5
71.003,0,0,0,0,1.01599,0.99997,1,5,1.01929,1,0.820314,0,1.04688,5.00001,0,0,8.30556,8.44445,8.05556,3041,970,244.492,970,1061.37,14.3438,166.289,193.453,14.5547,14.25,803.279,63,0.932,0.568001,1.62,96.75,5.09804,4.70588,-0.75,0.21875,0,4.5,4.5,49.5
71.036,0,0,0,0,1.02319,0.99997,1,5,1.01929,1,0.820314,0,1.04688,5.00001,0,0,8.47223,8.25001,8.8889,3007,970,251.445,970,1066.6,15.0469,166.406,193.055,15.6797,14.25,803.279,63,1,0.600001,1.688,96.75,4.70588,4.70588,-0.75,-0.203125,0,4.5,4.5,49.5
71.069,0,0,0,0,1.01605,0.99997,1,5,1.01929,1,0.820314,0,1.04688,5.00001,0,0,8.02778,8.19445,7.30556,2974.5,970,241.758,970,1061.37,14.2734,166.406,193.055,13.0547,14.25,799.939,63,0.9,0.541334,1.588,96.75,4.70588,4.70588,-0.75,-0.09375,0,3.75,3.75,49.5
71.103,0,0,0,0,1.02039,0.99997,1,5,1.01563,1,0.820314,0,1.04688,5.00001,0,0,8.25001,7.8889,8.19445,2927,970,248.164,970,1063.98,14.8359,165.961,190.875,14.4141,14.25,799.939,63,0.944,0.576001,1.624,96.75,4.70588,4.70588,-0.75,0.0625,0,3.75,3.75,49.5
71.136,0,0,0,0,1.01801,0.99997,1,5,1.01563,1,0.820314,0,1.04688,5.00001,0,0,7.97223,7.8889,7.13889,2891.5,970,242.344,970,1061.37,14.3672,165.797,187.922,13.4063,14.25,799.939,63,0.9,0.549334,1.58,96.75,4.70588,4.70588,-0.75,-0.21875,0,3.75,3.75,49.5
71.169,0,0,0,0,1.01337,0.99997,1,5,1.01563,1,0.820314,0,1.04688,5.00001,0,0,8.08334,7.83334,8.97223,2856,970,249.57,970,1058.71,14.9297,165.797,187.922,17.1328,14.25,799.939,63,1.012,0.621334,1.692,96.75,4.70588,4.70588,-0.75,-0.1875,0,3.75,3.75,49.5
71.203,0,0,0,0,1.01398,0.99997,1,5,1,1,0.820314,0,1.04688,5.00001,0,0,7.61112,7.83334,7.30556,2807.5,970,240.469,970,1058.71,14.2031,166.359,184.805,14.2969,14.25,799.939,63,0.904,0.528001,1.584,96.75,4.70588,4.31373,-0.75,0.328125,0,3.75,3.75,49.5
71.236,0,0,0,0,1.01593,0.99997,1,5,1,1,0.820314,0,1.04688,5.00001,0,0,7.72223,7.75001,7.61112,2772,970,248.359,970,1061.33,14.7891,165.75,182.367,14.0859,14.25,799.939,63,0.924,0.610667,1.604,96.75,4.70588,4.31373,-0.75,-0.453125,0,3.75,3.75,49.5
71.269,0,0,0,0,1.00916,0.99997,1,5,1,1,0.820314,0,1.04688,5.00001,0,0,7.33334,7.47223,5.91667,2747.25,970,238.516,970,1056.09,14.0391,165.75,182.367,11.7188,14.25,796.795,63,0.9,0.522667,1.58,96.75,4.31373,4.31373,-0.75,-0.328125,0,3.75,3.75,49.5
71.303,0,0,0,0,1.01325,0.99997,1,5,1,1,0.820314,0,1.04688,5.00001,0,0,7.66667,7.44445,6.94445,2697.75,970,247.813,970,1058.71,14.7422,164.695,179.227,13.4531,14.25,796.795,62.25,0.912,0.562667,1.6,96.75,4.31373,4.31373,-0.75,0.15625,0,3.75,3.75,49.5
71.336,0,0,0,0,1.00281,0.99997,1,5,1,1,0.820314,0,1.04688,5.00001,0,0,7.30556,7.38889,8.3889,2661.75,970,244.648,970,1050.78,14.4844,164.203,176.672,18.1641,14.25,796.795,62.25,1.008,0.512001,1.696,96.75,4.31373,4.31373,-0.75,-0.234375,0,3.75,3.75,49.5
71.369,0,0,0,0,1.013,0.99997,1,5,1,1,0.820314,0,1.04688,5.00001,0,0,7.72223,7.13889,8.66667,2637,970,256.406,970,1058.71,15.375,164.203,176.672,17.1328,14.25,796.795,62.25,1.028,0.637334,1.716,96.75,3.92157,3.92157,-0.75,-0.3125,0,3,3,49.5
71.403,0,0,0,0,0.995301,0.99997,1,5,1,1,0.820314,0,1.04688,5.00001,0,0,6.69445,7.05556,8.00001,2586.75,970,241.016,970,1048.13,14.1797,163.125,173.508,18.0469,14.25,796.795,62.25,0.992,0.493334,1.672,96.75,3.92157,3.92157,-0.75,0.109375,0,3.75,3.75,49.5
71.436,0,0,0,0,1.00806,0.99997,1,5,1,1,0.820314,0,1.04688,5.00001,0,0,7.44445,6.94445,9.00001,2562.5,970,259.766,970,1058.71,15.5859,162.609,170.859,18.2813,14.25,796.795,62.25,1.06,0.712001,1.74,96.75,3.92157,3.92157,-0.75,-0.203125,0,3,3,49.5
71.469,0,0,0,0,1.00366,0.99997,1,5,1,1,0.820314,0,1.04688,5.00001,0,0,6.69445,7.00001,4.08334,2523.75,970,228.867,970,1053.44,13.2656,162.609,170.859,8.90625,14.25,793.806,62.25,0.9,0.434667,1.58,96.75,3.92157,3.92157,-0.75,-0.484375,0,3.75,3.75,49.5
71.503,0,0,0,0,0.994508,0.99997,1,5,1,1,0.820314,0,1.04688,5.00001,0,0,7.44445,6.66667,9.02778,2486.25,970,263.281,970,1053.44,15.8203,161.695,168.164,18.2344,14.25,793.806,62.25,1.04,0.648001,1.72,96.75,3.92157,3.92157,-0.75,0.140625,0,2.25,2.25,48.75
71.536,0,0,0,0,0.992493,0.99997,1,5,1,1,0.820314,0,1.04688,5.00001,0,0,7.08334,6.55556,2.94445,2446.25,970,227.227,970,1048.13,13.1953,159.773,164.625,7.5,14.25,793.806,62.25,0.9,0.528001,1.58,96.75,3.92157,3.92157,-0.75,0.234375,0,3,3,48.75
71.569,0,0,0,0,0.964112,0.99997,1,5,1,1,0.820314,0,1.04688,5.00001,0,0,7.30556,6.38889,12.0556,2419.75,970,262.734,970,1034.92,15.8438,159.773,164.625,29.2734,14.25,793.806,62.25,1.332,0.829334,2.012,96.75,3.92157,3.52941,-0.75,-0.15625,0,3,3,48.75
71.603,-0.75,0,0,0,0.988221,0.99997,1,5,1,1,0.820314,0,1.04688,5.00001,0,0,6.55556,6.58334,2.36111,2381.5,970,243.477,970,1050.78,14.4609,156.141,162.094,3.44531,14.25,793.806,62.25,0.9,0.413334,1.58,96.75,3.52941,3.52941,0,-0.03125,0,2.25,2.25,48
71.636,-0.75,0,0,0,0.938172,0.99997,1,5,1,1,0.820314,0,1.04688,5.00001,0,0,5.97223,6.16667,13.2222,2343.75,970,268.789,970,1029.65,16.4063,153.445,158.133,33.4453,14.25,793.806,62.25,1.472,0.397334,2.152,96.75,3.52941,3.52941,0,0.3125,0,3,3,48
71.669,-0.75,0,0,0,0.974854,0.99997,1,5,1,1,0.820314,0,1.04688,5.00001,0,0,7.66667,6.44445,5.47223,2316.25,970,269.375,970,1053.4,16.4531,153.445,158.133,9.96094,14.25,790.857,62.25,0.9,0.554667,1.58,96.75,3.52941,3.52941,0,0.109375,0,1.5,1.5,46.5
71.703,-0.75,0,0,0,0.936646,0.99997,1,5,1,1,0.820314,0,1.04688,5.00001,0,0,6.61112,6.19445,9.19445,2275.75,970,252.656,970,1032.3,15.2813,149.414,155.883,24.3047,14.25,790.857,62.25,1.18,0.733334,1.868,96.75,3.52941,3.52941,0,-0.171875,0,3,3,47.25
71.736,-0.75,0,0,0,0.957642,0.99997,1,5,1,1,0.820314,0,1.04688,5.00001,0,0,7.38889,5.94445,8.8889,2249.5,970,283.203,970,1053.44,17.625,147.023,152.461,19.5469,14.25,790.857,62.25,1.14,0.880001,1.828,96.75,3.52941,3.52941,0,0,0,0.75,0.75,45
71.769,-0.75,0,0,0,0.934144,0.99997,1,0,1,1,0.820314,0,1.04688,5.00001,0,0,6,6.02778,0.805556,2220.75,970,238.242,970,1032.3,14.2734,147.023,152.461,1.05469,14.25,790.857,62.25,0.6,0.373334,1.288,96.75,3.52941,3.52941,0,0.171875,0,1.5,1.5,45.75
71.803,-0.75,0,0,0,0.946168,0.99997,1,0,1,1,0.820314,0,1.04688,5.00001,0,0,7.61112,5.88889,11.6667,2176.75,970,292.344,970,1048.13,18.3984,143.531,149.273,28.6641,14.25,790.857,62.25,1.368,0.874668,2.048,96.75,3.52941,3.52941,0,-0.296875,0,0.75,0.75,44.25
71.836,-0.75,0,0,0,0.945801,0.99997,1,0,1,1,0.82422,0,1.04688,5.00001,0,0,7.19445,6.11112,1.58333,2149.75,970,253.945,970,1040.27,15.6094,140.813,146.133,1.28906,14.25,790.857,62.25,0.9,0.589334,1.58,96.75,3.52941,3.52941,0,0.015625,0,0.75,0.75,44.25
71.869,-0.75,0,0,0,0.904175,0.99997,1,0,1,1,0.82422,0,1.04688,5.00001,0,0,6.63889,5.72223,12.7222,2103.75,970,295.313,970,1024.38,18.7031,140.813,146.133,34.7109,14.25,788.221,62.25,1.532,0.869334,2.212,96.75,3.52941,3.13726,0,-0.0625,0,1.5,1.5,44.25
71.903,-0.75,0,0,0,0.935609,0.99997,1,0,1,1,0.82715,0,1.04688,5.00001,0,0,6.44445,5.88889,1.83333,2076,970,262.109,970,1040.23,16.2891,137.484,143.508,1.52344,14.25,788.221,62.25,0.9,0.429334,1.588,96.75,3.13726,3.13726,0,0.390625,0,0.75,0.75,42.75
71.936,-0.75,0,0,0,0.893677,0.99997,1,0,1,1,0.837159,0,1.04688,5.00001,0,0,5.97223,5.61112,9.52779,2045.75,970,268.086,970,1026.99,16.8047,134.953,141.094,28.0078,14.25,788.221,62.25,1.36,0.482667,2.048,96.75,3.13726,3.13726,0,-0.09375,0,1.5,1.5,44.25
71.969,-0.75,0,0,0,0.926453,0.99997,1,0,1,1,0.837159,0,1.04688,5.00001,0,0,7.02778,5.61112,6.77778,2016.75,970,289.297,970,1045.51,18.3984,134.953,141.094,15.6563,14.25,788.221,62.25,1.08,0.690668,1.768,96.75,3.13726,3.13726,0,-0.125,0,0,0,41.25
72.003,-0.75,0,0,0,0.876221,0.99997,1,0,1,1,0.844484,0,1.04688,5.00001,0,0,6.38889,5.30556,9.83334,1969.25,970,271.719,970,1021.72,17.1563,132.586,137.555,29.9297,14.25,788.221,62.25,1.432,0.890668,2.12,96.75,3.13726,3.13726,0,0.03125,0,0.75,0.75,44.25
72.036,-0.75,0,0,0,0.895447,0.99997,1,0,1,1,0.864015,0,1.04688,5.00001,0,0,7.08334,5.38889,5.58334,1938,970,286.992,970,1042.85,18.2109,128.438,135.094,12.6328,13.5,788.221,62.25,1.012,0.957335,1.7,96.75,3.13726,2.7451,0,0.34375,0,-0.75,-0.75,40.5
72.069,-0.75,0,0,0,0.880555,0.99997,1,0,1,1,0.864015,0,1.04688,5.00001,0,0,5.75,5.30556,4.61111,1906.5,970,256.758,970,1032.3,15.9375,128.438,135.094,13.7578,13.5,785.447,62.25,0.956,0.594667,1.644,96.75,3.13726,2.7451,0,0.1875,0,0.75,0.75,43.5
72.103,-0.75,0,0,0,0.891236,0.99997,1,0,1,1,0.878419,0,1.04688,5.00001,0,0,6.86112,5.08334,9.19445,1875.75,970,302.266,970,1042.81,19.2188,125.93,132.328,26.2266,13.5,785.447,62.25,1.32,0.853334,2,96.75,2.7451,2.7451,0,-0.140625,0,0,0,41.25
72.136,-0.75,0,0,0,0.874695,0.99997,1,0,1,1,0.898927,0,1.04688,5.00001,0,0,6.16667,5.02778,1.86111,1845,970,257.734,970,1024.41,15.8438,123.375,129.797,3.89063,13.5,785.447,62.25,0.72,0.512001,1.4,96.75,2.7451,2.7451,0,0.234375,0,0,0,42
72.169,-0.75,0,0,0,0.869324,0.99997,1,0,1,1,0.898927,0,1.04688,5.00001,0,0,6.44445,4.77778,11.3889,1813,970,297.969,970,1037.54,18.7969,123.375,129.797,35.4609,13.5,785.447,62.25,1.64,1.02133,2.32,96.75,2.7451,2.35294,0,0.234375,0,0,0,42.75
72.203,-0.75,0,0,0,0.875489,0.99997,1,0,1,1,0.914552,0,1.04688,5.00001,0,0,5.36112,4.75,0.861112,1779,970,261.406,970,1029.65,16.0078,121.102,127.289,0.0703125,13.5,785.447,61.5,0.9,0.4,1.588,96.75,2.35294,2.35294,0,0.625,0,-0.75,-0.75,41.25
72.236,-0.75,0,0,0,0.858033,0.99997,1,0,1,1,0.935792,0,1.04688,5.00001,0,0,5.27778,4.38889,11.4445,1743.75,970,294.688,970,1032.27,18.3281,118.805,124.453,38.25,13.5,785.447,61.5,1.692,0.597334,2.38,96.75,2.35294,2.35294,0,0.09375,0,0,0,43.5
72.269,-0.75,0,0,0,0.88379,0.99997,1,0,1,1,0.935792,0,1.04688,5.00001,0,0,5.27778,4.41667,0,1709.25,970,267.383,970,1042.85,16.3359,118.805,124.453,0,13.5,782.83,61.5,0.9,0.405334,1.588,96.75,1.96079,2.35294,0,0.171875,0,-1.5,-1.5,41.25
72.303,-0.75,0,0,0,0.849549,0.99997,1,0,1,1,0.951906,0,1.04688,5.00001,0,0,5.69445,4.22223,10.7222,1672.75,970,291.484,970,1026.99,18,116.32,121.969,37.3359,13.5,782.83,61.5,1.664,1.02933,2.352,96.75,1.96079,2.35294,0,0.1875,0,-0.75,-0.75,44.25
72.336,-0.75,0,0,0,0.877991,0.99997,1,0,1,1,0.963869,0,1.04688,5.00001,0,0,5.86112,4.36111,0.361111,1637.75,970,270.547,970,1040.23,16.3594,114.188,119.531,0,13.5,782.83,61.5,0.9,0.792001,1.588,96.75,1.96079,1.96079,0,0.265625,0,-1.5,-1.5,41.25
72.369,-0.75,0,0,0,0.840027,0.99997,1,0,1,1,0.963869,0,1.04688,5.00001,0,0,4.88889,4.27778,3.41667,1621,970,263.516,970,1013.79,15.8672,114.188,119.531,12.0234,13.5,782.83,61.5,0.912,0.562667,1.6,96.75,1.96079,1.96079,0,0.625,0,-1.5,-1.5,43.5
72.403,-0.75,0,0,0,0.869691,0.99997,1,0,1,1,0.972902,0,1.04688,5.00001,0,0,5.52778,4.16667,5.86112,1585,970,300.391,970,1037.58,18.3984,112.055,116.859,19.2656,13.5,782.83,61.5,1.124,0.728001,1.812,96.75,1.96079,1.96079,0,0.328125,0,-2.25,-2.25,41.25
72.436,-0.75,0,0,0,0.832886,0.99997,1,0,1,1,0.979738,0,1.04688,5.00001,0,0,4.83334,4.02778,5.22223,1545.5,970,274.688,970,1013.79,16.5703,110.438,115.102,18.7734,13.5,782.83,61.5,1.108,0.405334,1.796,96.75,1.96079,1.96079,0,0.484375,0,-2.25,-2.25,43.5
72.469,-0.75,0,0,0,0.859986,0.99997,1,0,1,1,0.979738,0,1.04688,5.00001,0,0,5.47223,3.97223,9.97223,1525.5,970,308.438,970,1032.3,18.9609,110.438,115.102,37.4766,13.5,780.623,61.5,0.9,1.05867,1.588,96.75,1.96079,1.56863,0,0.140625,0,-2.25,-2.25,42.75
72.503,-0.75,0,0,0,0.822571,0.99997,1,0,1,1,1,0,1.04688,5.00001,0,0,4.52778,3.88889,1.25,1489,970,265.977,970,1013.79,15,,,,,,,,,,,,,,,,,,
