TimeStamp, dwkrz_0   , dwkrz_1   , dwkrz_2   , dwkrz_3   , fpvdk_w   , fra_w     , frm_w     , gangi     , lambts_w  , lamelsh_w , lamfa_w   , lamlash_w , lamsbg_w  , lamsoni_w , ldrlms_w  , ldtvm     , ml_w      , msdk_w    , mshfm_w   , nmot_w    , plsol     , ps_w      , pu        , pvdks_w   , rl_w      , rlmax_w   , rlmx_w    , rlroh_w   , rlsol_w   , tabgm_w   , tanslin   , te_w      , tevfakge_w, ti_b1     , tmotlin   , wdkba     , wdks      , wkrm      , wnwi_w    , wped_w    , zwist     , zwout     , zwsol     
  sec.ms , °KW       , °KW       , °KW       , °KW       , -         , -         , -         , gear      , -         , -         , -         , -         , -         , -         , , , g/s       , g/s       , g/s       , rpm       , mbar      , mbar      , mbar      , mbar      , , , , , , °C        , °C        , ms        , ms        , ms        , °C        , DK      , DK      , °KW       , °KW       , PED     , °KW       , °KW       , °KW       
TIME,IgnitionRetardCyl1,IgnitionRetardCyl4,IgnitionRetardCyl2,IgnitionRetardCyl3,,AdaptationPartial,LambdaControlAvg,SelectedGear,LambdaPartProtection,,TargetAFRDriverRequest,,AirFuelRatioDesired,AirFuelRatioCurrent,ChargeLimitEngineProtection,WastegateDutyCycle,,MassAirFlowAtThrottlePlate,MassAirFlow,EngineSpeed,BoostPressureDesired,,BaroPressure,BoostPressureActual,EngineLoad,EngineLoadCorrected,EngineLoadSpecified,,EngineLoadRequested,EGTModelBeforeCat,IntakeAirTemperature,EffInjectionTime,,FuelInjectorOnTime,CoolantTemperature,ThrottlePlateAngle,ThrottlePlateAngleRequested,AvgIgnitionRetardKnockControl,CamshaftAngle,AccelPedalPosition,IgnitionTimingAngle,IgnitionTimingAngleOverall,
0,0,0,0,0,0.993287,0.99997,0.944947,4,1,1,1,0,1,0.988527,0,0,7.13889,6.88889,6.66667,1064.75,970,528.555,970,990.039,35.2969,95.9766,96.0234,33.4453,35.1094,619.061,41.25,2.332,1.496,3.028,92.25,3.52941,3.52941,0,1.42188,10.7912,22.5,22.5,27.75
0.033,0,0,0,0,0.992371,0.99997,0.945405,4,1,1,1,0,1,0.987306,0,0,7.13889,6.88889,6.80556,1065.25,970,526.797,970,990.039,35.1563,95.9766,96.0703,34.1484,35.0625,619.061,41.25,2.332,1.496,3.028,92.25,3.52941,3.52941,0,1.23438,10.7912,23.25,23.25,28.5
0.067,0,0,0,0,0.992188,0.99997,0.945161,4,1,1,1,0,1,0.986085,0,0,7.13889,6.88889,6.91667,1066.25,970,526.016,970,990.039,35.1094,95.9766,96.0703,34.6406,34.9922,619.061,41.25,2.34,1.50134,3.036,92.25,3.52941,3.52941,0,1.17188,10.7912,23.25,23.25,27.75
0.1,0,0,0,0,0.992432,0.99997,0.944764,4,1,1,1,0,1,0.984865,0,0,7.08334,6.83334,6.75001,1062.5,970,523.633,970,990.039,34.9219,96.0234,96.1172,33.9609,35.2031,619.061,41.25,2.32,1.504,3,92.25,3.52941,3.52941,0,0.984375,10.7912,23.25,23.25,27.75
0.133,0,0,0,0,0.992249,0.99997,0.944672,4,1,1,1,0,1,0.984865,0,0,7.02778,6.83334,6.91667,1065.25,970,523.242,970,990.039,34.8984,96.0938,95.9766,34.6875,35.2031,619.061,41.25,2.332,1.488,3.012,92.25,3.52941,3.52941,0,1.15625,10.7912,23.25,23.25,27.75
0.167,0,0,0,0,0.992432,0.99997,0.942963,4,1,1,1,0,1,0.984865,0,0,7.02778,6.83334,6.75001,1066.25,970,521.602,970,990.039,34.7813,96.0938,95.9766,33.8203,35.0859,618.338,41.25,2.308,1.48,2.988,92.25,3.52941,3.52941,0,1.32813,10.7912,23.25,23.25,27.75
0.2,0,0,0,0,0.992188,0.99997,0.943116,4,1,1,1,0,1,0.986085,0,0,7.02778,6.83334,6.77778,1067,970,520.313,970,990.039,34.6875,95.9063,96.1172,33.9375,34.9922,618.338,41.25,2.412,1.54667,3.092,92.25,3.52941,3.52941,0,1.40625,10.7912,23.25,23.25,27.75
0.233,0,0,0,0,0.991761,0.99997,0.942597,4,1,1,1,0,1,0.987306,0,0,6.97223,6.88889,6.72223,1065,970,518.828,970,990.039,34.5703,96.0938,96.0703,33.7266,35.0391,618.338,41.25,2.4,1.53867,3.08,92.25,3.52941,3.52941,0,1.5625,10.7912,23.25,23.25,27.75
0.267,0,0,0,0,0.991273,0.99997,0.942048,4,1,1,1,0,1,0.988527,0,0,6.97223,6.80556,6.80556,1063.75,970,518.242,970,990.039,34.5234,96.0938,96.0703,34.1953,35.1094,618.338,41.25,2.408,1.544,3.088,92.25,3.52941,3.52941,0,1.42188,10.7912,24,24,27.75
0.3,0,0,0,0,0.991334,0.99997,0.940858,4,1,1,1,0,1,0.989992,0,0,6.97223,6.83334,6.69445,1068,970,516.328,970,990.039,34.3828,96.0469,96.0234,33.4922,35.1797,618.338,41.25,2.388,1.53067,3.076,92.25,3.52941,3.52941,0,1.23438,10.7912,24,24,27.75
0.333,0,0,0,0,0.990968,0.99997,0.940278,4,1,1,1,0,1,0.991212,0,0,6.97223,6.83334,6.86112,1066.5,970,516.289,970,990.039,34.4063,95.9531,96.1875,34.3594,34.9688,618.338,41.25,2.408,1.53067,3.096,92.25,3.52941,3.52941,0,0.890625,10.7912,23.25,23.25,27.75
0.367,0,0,0,0,0.990845,0.99997,0.938752,4,1,1,1,0,1,0.991212,0,0,6.97223,6.80556,6.75001,1067.25,970,515.352,970,990.039,34.3359,95.9531,96.1875,33.7969,34.9688,617.576,41.25,2.392,1.53334,3.08,92.25,3.52941,3.52941,0,0.890625,10.7912,23.25,23.25,27.75
0.4,0,0,0,0,0.990601,0.99997,0.937562,4,1,1,1,0,1,0.992677,0,0,6.91667,6.83334,6.80556,1065.5,970,515,970,990.039,34.3125,96.1641,96.1406,34.125,35.0156,617.576,41.25,2.392,1.53334,3.08,92.25,3.52941,3.52941,0,1.28125,10.7912,23.25,23.25,27.75
0.433,0,0,0,0,0.990479,0.99997,0.936921,4,1,1,1,0,1,0.991212,0,0,6.91667,6.83334,6.83334,1065.25,970,514.922,970,990.039,34.2891,96.0938,96.0703,34.2656,35.1328,617.576,41.25,2.388,1.53067,3.056,92.25,3.52941,3.52941,0,1.35938,10.7912,23.25,23.25,27.75
0.467,0,0,0,0,0.99054,0.99997,0.93628,4,1,1,1,0,1,0.989992,0,0,6.91667,6.80556,6.83334,1062.75,970,514.961,970,990.039,34.2891,96.0938,96.0703,34.3359,35.25,617.576,41.25,2.388,1.53067,3.056,92.25,3.52941,3.52941,0,1.35938,10.7912,23.25,23.25,27.75
0.5,0,0,0,0,0.990662,0.99997,0.936921,4,1,1,1,0,1,0.989992,0,0,6.91667,6.80556,6.77778,1067.25,970,514.531,970,990.039,34.2656,96.0234,96.0703,33.9375,35.1328,617.576,41.25,2.272,1.456,2.94,92.25,3.52941,3.52941,0,1.67188,10.7912,23.25,23.25,27.75
0.533,0,0,0,0,0.990662,0.99997,0.935639,4,1,1,1,0,1,0.988527,0,0,6.91667,6.83334,6.75001,1068,970,513.75,970,990.039,34.2188,96.0234,96.1406,33.7734,34.9453,617.576,41.25,2.264,1.456,2.932,92.25,3.52941,3.52941,0,1.3125,10.7912,23.25,23.25,27.75
0.567,0,0,0,0,0.990418,0.99997,0.935151,4,1,1,1,0,1,0.987306,0,0,6.91667,6.86112,6.80556,1067,970,513.516,970,990.039,34.1953,96.0234,96.1406,34.0781,34.9922,616.834,41.25,2.268,1.456,2.936,92.25,3.52941,3.52941,0,1.29688,10.7912,23.25,23.25,27.75
0.6,0,0,0,0,0.990235,0.99997,0.933808,4,1,1,1,0,1,0.984865,0,0,6.91667,6.86112,6.91667,1063,970,514.336,970,990.039,34.2422,96.1172,96.1406,34.7578,35.2031,616.834,41.25,2.284,1.46667,2.952,92.25,3.52941,3.52941,0,1.14063,10.7912,23.25,23.25,28.5
0.633,0,0,0,0,0.99054,0.99997,0.93393,4,1,1,1,0,1,0.984865,0,0,6.97223,6.86112,7.02778,1066,970,515.781,970,990.039,34.3594,96.0938,96.0938,35.2031,35.0859,616.834,41.25,2.296,1.47467,2.976,92.25,3.52941,3.52941,0,0.953125,10.7912,23.25,23.25,28.5
0.667,0,0,0,0,0.990968,0.99997,0.934052,4,1,1,1,0,1,0.983644,0,0,6.91667,6.86112,6.83334,1066,970,515.586,970,990.039,34.3359,96.0938,96.0938,34.2422,35.0625,616.834,41.25,2.288,1.46934,2.968,92.25,3.52941,3.52941,0,1.04688,10.7912,23.25,23.25,27.75
0.7,0,0,0,0,0.988526,0.99997,0.934449,4,1,1,1,0,1,0.984865,0,0,6.91667,6.88889,6.80556,1066,970,515.547,970,987.383,34.3359,96.0469,96.1875,34.125,35.0859,616.834,41.25,2.284,1.46667,2.952,92.25,3.52941,3.52941,0,1.21875,10.7912,23.25,23.25,28.5
0.733,0,0,0,0,0.98816,0.99997,0.934388,4,1,1,1,0,1,0.986085,0,0,6.91667,6.88889,6.77778,1066.25,970,515.898,970,987.383,34.3594,96.1641,96.1172,34.5703,35.0625,616.834,41.25,2.292,1.46667,2.96,92.25,3.52941,3.52941,0,1.42188,10.7912,23.25,23.25,28.5
0.767,0,0,0,0,0.988221,0.99997,0.933045,4,1,1,1,0,1,0.984865,0,0,6.97223,6.88889,6.83334,1065,970,516.445,970,987.383,34.4063,96.1641,96.1172,34.7344,35.1094,616.112,41.25,2.296,1.47467,2.964,92.25,3.52941,3.52941,0,1.65625,10.7912,24,24,28.5
0.8,0,0,0,0,0.988526,0.99997,0.932984,4,1,1,1,0,1,0.988527,0,0,6.97223,6.88889,6.88889,1065.25,970,517.188,970,987.383,34.4531,96.0938,96.0703,34.9219,35.1563,616.112,41.25,2.412,1.54667,3.08,92.25,3.52941,3.52941,0,1.45313,10.7912,24,24,28.5
0.833,0,0,0,0,0.98877,0.99997,0.932923,4,1,1,1,0,1,0.989992,0,0,7.02778,6.88889,6.91667,1067.25,970,518.203,970,987.383,34.5469,96,96.2344,34.8281,34.9453,616.112,41.25,2.416,1.54667,3.096,92.25,3.52941,3.52941,0,1.20313,10.7912,24,24,27.75
0.867,0,0,0,0,0.989014,0.99997,0.932435,4,1,1,1,0,1,0.991212,0,0,6.97223,6.88889,7.00001,1067.5,970,519.141,970,987.383,34.6172,96,96.2344,35.1797,35.0156,616.112,41.25,2.424,1.54934,3.104,92.25,3.52941,3.52941,0,1.14063,10.7912,24,24,27.75
0.9,0,0,0,0,0.989686,0.99997,0.932221,4,1,1,1,0,1,0.994142,0,0,7.02778,6.88889,6.91667,1065.75,970,519.414,970,987.383,34.6172,96.2109,96.1641,34.8047,35.0391,616.112,41.25,2.42,1.552,3.1,92.25,3.52941,3.52941,0,1.03125,10.7912,23.25,23.25,27.75
0.933,0,0,0,0,0.98993,0.99997,0.931672,4,1,1,1,0,1,0.995607,0,0,7.02778,6.88889,6.97223,1068.25,970,519.922,970,987.383,34.6641,96.1172,96.1875,34.9688,35.0156,616.112,41.25,2.424,1.55467,3.104,92.25,3.52941,3.52941,0,1.03125,10.7912,23.25,23.25,27.75
0.967,0,0,0,0,0.993104,0.99997,0.931824,4,1,1,1,0,1,0.998537,0,0,7.02778,6.91667,7.05556,1068.25,970,521.133,970,990,34.7578,96.1172,96.1875,35.4844,34.9922,615.369,41.25,2.432,1.56,3.112,92.25,3.52941,3.52941,0,1.17188,10.7912,23.25,23.25,28.5
1,0,0,0,0,0.990357,0.99997,0.930299,4,1,1,1,0,1,0.998537,0,0,7.02778,6.91667,6.91667,1065,970,520.352,970,987.383,34.6875,96.1406,96.1875,34.875,35.0391,615.369,41.25,2.416,1.54134,3.096,92.25,3.52941,3.52941,0,1.48438,10.7912,23.25,23.25,27.75
1.033,0,0,0,0,0.990235,0.99997,0.931,4,1,1,1,0,1,0.998537,0,0,7.02778,6.91667,6.80556,1066,970,519.688,970,987.383,34.6406,96.1641,96.0703,34.2656,35.1328,615.369,41.25,2.404,1.54934,3.084,92.25,3.52941,3.52941,0,1.35938,10.7912,23.25,23.25,27.75
1.067,0,0,0,0,0.990052,0.99997,0.930848,4,1,1,1,0,1,0.997072,0,0,7.08334,6.88889,7.19445,1068,970,522.031,970,987.383,34.8047,96.1641,96.0703,36.2109,35.0859,615.369,41.25,2.44,1.56534,3.12,92.25,3.52941,3.52941,0,1.67188,10.7912,23.25,23.25,27.75
1.1,0,0,0,0,0.991212,0.99997,0.930604,4,1,1,1,0,1,0.997072,0,0,7.02778,6.88889,6.69445,1068.5,970,520.352,970,987.383,34.6875,96,96.1875,33.7031,34.9688,615.369,41.25,2.3,1.47467,2.98,92.25,3.52941,3.52941,0,1.1875,10.7912,23.25,23.25,28.5
1.133,0,0,0,0,0.990968,0.99997,0.929871,4,1,1,1,0,1,0.995607,0,0,7.08334,6.88889,7.02778,1069.5,970,521.25,970,987.383,34.7578,96.1641,96.2344,35.2969,34.875,615.369,41.25,2.324,1.49067,3.004,92.25,3.52941,3.52941,0,0.96875,10.7912,23.25,23.25,28.5
1.167,0,0,0,0,0.991334,0.99997,0.931031,4,1,1,1,0,1,0.995607,0,0,7.02778,6.88889,6.86112,1065.5,970,520.742,970,987.383,34.7344,96.1641,96.2344,34.4297,35.0391,614.647,41.25,2.312,1.48267,2.992,92.25,3.52941,3.52941,0,1.0625,10.7912,23.25,23.25,27.75
1.2,0,0,0,0,0.991517,0.99997,0.930512,4,1,1,1,0,1,0.994142,0,0,7.02778,6.91667,6.88889,1065.75,970,521.172,970,987.383,34.7578,96.2109,96.0938,34.7109,35.0625,614.647,41.25,2.316,1.48534,2.996,92.25,3.52941,3.52941,0,1.15625,10.7912,23.25,23.25,28.5
1.233,0,0,0,0,0.991578,0.99997,0.93039,4,1,1,1,0,1,0.992677,0,0,7.02778,6.88889,7.00001,1069,970,521.719,970,987.383,34.7813,96.0469,96.0938,35.1328,35.1094,614.647,41.25,2.32,1.48534,3,92.25,3.52941,3.52941,0,1.23438,10.7912,23.25,23.25,27.75
1.267,0,0,0,0,0.991883,0.99997,0.930482,4,1,1,1,0,1,0.989992,0,0,7.02778,6.88889,6.88889,1068.75,970,521.406,970,987.383,34.7578,96.0469,96.2109,34.5938,34.9688,614.647,41.25,2.316,1.48534,2.996,92.25,3.52941,3.52941,0,1.5625,10.7912,23.25,23.25,27.75
1.3,0,0,0,0,0.992066,0.99997,0.93097,4,1,1,1,0,1,0.989992,0,0,7.02778,6.83334,6.94445,1068.25,970,521.602,970,987.383,34.7813,96.0469,96.2109,34.8984,34.9688,614.647,41.25,2.32,1.488,3,92.25,3.52941,3.52941,0,1.53125,10.7912,23.25,23.25,27.75
1.333,0,0,0,0,0.992493,0.99997,0.931245,4,1,1,1,0,1,0.991212,0,0,7.02778,6.83334,6.91667,1067.25,970,521.602,970,987.383,34.7813,96.1875,96.1406,34.7813,35.0156,614.647,41.25,2.32,1.488,3,92.25,3.52941,3.52941,0,1.42188,10.7912,23.25,23.25,27.75
1.367,0,0,0,0,0.992982,0.99997,0.929719,4,1,1,1,0,1,0.991212,0,0,7.02778,6.80556,6.91667,1068.25,970,521.523,970,987.383,34.7813,96.0938,96.1875,34.7344,35.0156,613.905,41.25,2.32,1.48534,3,92.25,3.52941,3.52941,0,1.34375,10.7912,23.25,23.25,28.5
1.4,0,0,0,0,0.993409,0.99997,0.929658,4,1,1,1,0,1,0.991212,0,0,7.02778,6.83334,6.77778,1066,970,520.508,970,987.383,34.7109,96.0938,96.1875,34.125,35.0156,613.905,41.25,2.408,1.544,3.076,92.25,3.52941,3.52941,0,1.20313,10.7912,23.25,23.25,27.75
1.433,0,0,0,0,0.993226,0.99997,0.929841,4,1,1,1,0,1,0.992677,0,0,7.02778,6.80556,7.05556,1069.25,970,521.484,970,987.383,34.7813,96.1641,96.0938,35.3672,34.9453,613.905,41.25,2.432,1.544,3.1,92.25,3.52941,3.52941,0,1.15625,10.7912,23.25,23.25,27.75
1.467,0,0,0,0,0.994202,0.99997,0.929444,4,1,1,1,0,1,0.992677,0,0,7.02778,6.83334,6.69445,1067.5,970,519.766,970,987.383,34.6406,96.1641,96.0938,33.6563,34.9922,613.905,41.25,2.4,1.53867,3.068,92.25,3.52941,3.52941,0,1.04688,10.7912,23.25,23.25,27.75
1.5,0,0,0,0,0.993531,0.99997,0.928406,4,1,1,1,0,1,0.994142,0,0,7.02778,6.83334,6.75001,1069.5,960,518.594,965,987.383,34.5703,96.0469,96.1641,33.8672,34.9219,613.905,41.25,2.4,1.53867,3.068,92.25,3.52941,3.52941,0,1.26563,10.7912,23.25,23.25,27.75
1.533,0,0,0,0,0.993226,0.99997,0.928254,4,1,1,1,0,1,0.995607,0,0,6.97223,6.83334,6.77778,1068.75,960,517.773,965,987.383,34.5,96.1172,96.2109,34.0313,34.9219,613.905,41.25,2.396,1.536,3.064,92.25,3.52941,3.52941,0,1.60938,10.7912,23.25,23.25,27.75
1.567,0,0,0,0,0.992982,0.99997,0.927796,4,1,1,1,0,1,0.997072,0,0,6.97223,6.80556,6.88889,1068,960,517.031,965,987.383,34.4531,96.1172,96.2109,34.5938,34.9219,613.182,41.25,2.412,1.53334,3.08,92.25,3.52941,3.52941,0,1.46875,10.7912,23.25,23.25,27.75
1.6,0,0,0,0,0.993287,0.99997,0.926118,4,1,1,1,0,1,0.995607,0,0,6.97223,6.80556,6.75001,1066.5,960,516.25,965,987.383,34.4063,96.1875,96.1875,33.9609,35.0391,613.182,41.25,2.392,1.53334,3.06,92.25,3.52941,3.52941,0,1.39063,10.7912,23.25,23.25,28.5
1.633,0,0,0,0,0.993043,0.99997,0.92627,4,1,1,1,0,1,0.995607,0,0,6.97223,6.80556,6.77778,1067.75,960,515.703,965,987.383,34.3594,96.1406,96.1641,34.0547,35.0156,613.182,41.25,2.384,1.53334,3.052,92.25,3.52941,3.52941,0,1.21875,10.7912,23.25,23.25,28.5
1.667,0,0,0,0,0.992982,0.99997,0.925721,4,1,1,1,0,1,0.995607,0,0,6.97223,6.83334,6.83334,1067.75,960,515.625,965,987.383,34.3594,96.1172,96.1641,34.3125,35.0156,613.182,41.25,2.388,1.53067,3.056,92.25,3.52941,3.52941,0,1.07813,10.7912,23.25,23.25,27.75
1.7,0,0,0,0,0.992921,0.99997,0.92508,4,1,1,1,0,1,0.994142,0,0,6.97223,6.80556,6.69445,1067,960,514.063,965,987.383,34.2422,96.1172,96.1641,33.6563,34.8984,613.182,41.25,2.256,1.528,2.936,92.25,3.52941,3.52941,0,1.03125,10.7912,23.25,23.25,28.5
1.733,0,0,0,0,0.992554,0.99997,0.92447,4,1,1,1,0,1,0.992677,0,0,6.91667,6.83334,6.86112,1070,960,514.258,965,987.383,34.2422,96.1172,96.1406,34.3828,35.0391,613.182,41.25,2.268,1.448,2.948,92.25,3.52941,3.52941,0,1.3125,10.7912,23.25,23.25,28.5
1.767,0,0,0,0,0.992493,0.99997,0.924378,4,1,1,1,0,1,0.991212,0,0,6.97223,6.83334,6.77778,1069.5,960,513.867,965,987.383,34.2188,96.0938,96.2344,34.0078,34.875,612.479,41.25,2.26,1.456,2.94,92.25,3.52941,3.52941,0,1.15625,10.7912,23.25,23.25,28.5
1.8,0,0,0,0,0.99231,0.99997,0.923768,4,1,1,1,0,1,0.989992,0,0,6.91667,6.83334,6.83334,1068.75,960,513.945,965,987.383,34.2188,96.0938,96.2344,34.2891,34.9453,612.479,41.25,2.268,1.456,2.948,92.25,3.52941,3.52941,0,1.4375,10.7912,23.25,23.25,27.75
1.833,0,0,0,0,0.99231,0.99997,0.924164,4,1,1,1,0,1,0.989992,0,0,6.91667,6.83334,6.91667,1067,960,514.727,965,987.383,34.2891,96.2109,96.1406,34.7578,35.0391,612.479,41.25,2.268,1.456,2.964,92.25,3.52941,3.52941,0,1.57813,10.7912,23.25,23.25,27.75
1.867,0,0,0,0,0.992371,0.99997,0.924134,4,1,1,1,0,1,0.988527,0,0,6.91667,6.83334,6.80556,1070.5,960,514.141,965,987.383,34.2422,96.0938,96.1875,34.125,35.0156,612.479,41.25,2.264,1.45067,2.96,92.25,3.52941,3.52941,0,1.32813,10.7912,23.25,23.25,27.75
1.9,0,0,0,0,0.992249,0.99997,0.924531,4,1,1,1,0,1,0.988527,0,0,6.97223,6.80556,6.80556,1068.75,970,513.984,970,987.383,34.2188,96.0938,96.1875,34.1484,34.875,612.479,41.25,2.264,1.45334,2.944,91.5,3.52941,3.52941,0,1.21875,10.7912,23.25,23.25,27.75
1.933,0,0,0,0,0.992188,0.99997,0.924287,4,1,1,1,0,1,0.989992,0,0,6.91667,6.83334,6.86112,1069.5,970,514.258,970,987.383,34.2422,96.1406,96.2109,34.4063,34.9453,612.479,41.25,2.268,1.45334,2.948,91.5,3.52941,3.52941,0,0.96875,10.7912,23.25,23.25,28.5
1.967,0,0,0,0,0.99231,0.99997,0.924805,4,1,1,1,0,1,0.992677,0,0,6.91667,6.83334,6.83334,1067.25,970,514.375,970,987.383,34.2656,96.1875,96.1406,34.3359,35.0391,611.776,41.25,2.268,1.456,2.948,91.5,3.52941,3.52941,0,1.125,10.7912,23.25,23.25,28.5
2,0,0,0,0,0.99231,0.99997,0.923554,4,1,1,1,0,1,0.992677,0,0,6.91667,6.80556,6.77778,1069,970,513.984,970,987.383,34.2188,96.1875,96.1406,34.0313,34.9688,611.776,41.25,2.368,1.52,3.048,91.5,3.52941,3.52941,0,1.125,10.7912,23.25,23.25,27.75
2.033,0,0,0,0,0.992188,0.99997,0.923493,4,1,1,1,0,1,0.994142,0,0,6.91667,6.83334,6.80556,1067.5,970,513.945,970,987.383,34.2188,96.0938,96.1641,34.1953,35.0156,611.776,41.25,2.372,1.52267,3.052,91.5,3.52941,3.52941,0,1.42188,10.7912,23.25,23.25,27.75
2.067,0,0,0,0,0.988892,0.99997,0.923707,4,1,1,1,0,1,0.995607,0,0,6.91667,6.80556,6.91667,1068.75,970,514.219,970,984.727,34.2422,96.1172,96.2109,35.3203,34.9922,611.776,41.25,2.396,1.504,3.076,91.5,3.52941,3.52941,0,1.46875,10.7912,23.25,23.25,27.75
2.1,0,0,0,0,0.991822,0.99997,0.92392,4,1,1,1,0,1,0.997072,0,0,6.97223,6.80556,6.80556,1071.75,970,513.789,970,987.383,34.2188,96.1172,96.2109,33.9609,34.9453,611.776,41.25,2.372,1.52,3.052,91.5,3.52941,3.52941,0,1.64063,10.7912,23.25,23.25,28.5
2.133,0,0,0,0,0.992127,0.99997,0.922974,4,1,1,1,0,1,0.998537,0,0,6.97223,6.77778,6.77778,1070.5,970,514.18,970,987.344,34.2656,96.1641,96.3047,34.5,34.8047,611.776,41.25,2.376,1.52,3.056,91.5,3.52941,3.52941,0,1.40625,10.7912,23.25,23.25,28.5
2.167,0,0,0,0,0.992249,0.99997,0.922242,4,1,1,1,0,1,0.998537,0,0,6.91667,6.83334,6.72223,1068.25,970,513.086,970,987.383,34.1719,96.3047,96.1875,33.5625,34.9922,611.073,41.25,2.364,1.51734,3.044,91.5,3.52941,3.52941,0,1.20313,10.7912,24,24,28.5
2.2,0,0,0,0,0.989075,0.99997,0.922028,4,1,1,1,0,1,1,0,0,6.91667,6.83334,6.80556,1068,970,512.813,970,984.727,34.1484,96.3047,96.1875,34.0078,35.0156,611.073,41.25,2.36,1.51467,3.04,92.25,3.52941,3.52941,0,1.0625,10.7912,23.25,23.25,27.75
2.233,0,0,0,0,0.991761,0.99997,0.921601,4,1,1,1,0,1,1,0,0,6.91667,6.86112,6.86112,1066.75,970,514.063,970,987.383,34.2422,96.1406,96.1406,34.9922,35.1094,611.073,41.25,2.376,1.52534,3.056,92.25,3.52941,3.52941,0,0.984375,10.7912,23.25,23.25,27.75
2.267,0,0,0,0,0.991639,0.99997,0.922455,4,1,1,1,0,1,1,0,0,6.91667,6.88889,6.69445,1068.5,970,511.953,970,987.383,34.0781,96.0938,96.1875,33.4453,34.9688,611.073,41.25,2.344,1.512,3.024,92.25,3.52941,3.52941,0,0.890625,10.7912,23.25,23.25,28.5
2.3,0,0,0,0,0.990723,0.99997,0.922364,4,1,1,1,0,1,1,0,0,6.91667,6.83334,6.72223,1070.25,970,511.172,970,987.383,34.0313,96.0938,96.1875,33.5859,34.8984,611.073,41.25,2.244,1.44,2.912,91.5,3.52941,3.52941,0,1.23438,10.7912,23.25,23.25,27.75
2.333,0,0,0,0,0.990113,0.99997,0.921662,4,1,1,1,0,1,0.998537,0,0,6.91667,6.80556,6.77778,1068.25,970,511.055,970,987.383,34.0313,96.1406,96.2578,33.9609,34.9922,611.073,41.25,2.252,1.44,2.92,91.5,3.52941,3.52941,0,1.26563,10.7912,23.25,23.25,27.75
2.367,0,0,0,0,0.987183,0.99997,0.921937,4,1,1,1,0,1,0.997072,0,0,6.91667,6.80556,6.77778,1069.25,970,510.898,970,984.727,34.0078,96.2344,96.2344,33.9375,34.9688,610.369,41.25,2.252,1.44534,2.92,91.5,3.52941,3.52941,0,1.3125,10.7912,23.25,23.25,27.75
2.4,0,0,0,0,0.987366,0.99997,0.922333,4,1,1,1,0,1,0.997072,0,0,6.91667,6.80556,6.91667,1069.5,970,512.773,970,984.727,34.1484,96.2344,96.2344,35.25,34.8984,610.369,41.25,2.276,1.46134,2.944,91.5,3.52941,3.52941,0,1.46875,10.7912,23.25,23.25,27.75
2.433,0,0,0,0,0.990723,0.99997,0.923066,4,1,1,1,0,1,0.997072,0,0,6.91667,6.83334,6.83334,1071,970,512.969,970,987.383,34.1484,96.1875,96.2344,33.9375,34.9453,610.369,41.25,2.26,1.456,2.94,91.5,3.52941,3.52941,0,1.1875,10.7912,23.25,23.25,28.5
2.467,0,0,0,0,0.987916,0.99997,0.922791,4,1,1,1,0,1,0.995607,0,0,6.91667,6.77778,6.75001,1067.5,970,513.242,970,984.727,34.1719,96.2109,96.1641,34.3359,35.0391,610.369,41.25,2.264,1.45067,2.944,91.5,3.52941,3.52941,0,1.04688,10.7912,23.25,23.25,28.5
2.5,0,0,0,0,0.98816,0.99997,0.923859,4,1,1,1,0,1,0.995607,0,0,6.91667,6.77778,6.86112,1067.75,970,514.102,970,984.727,34.2422,96.2109,96.1641,34.7578,35.0156,610.369,41.25,2.272,1.45867,2.94,91.5,3.52941,3.52941,0,0.90625,10.7912,23.25,23.25,28.5
2.533,0,0,0,0,0.991395,0.99997,0.923829,4,1,1,1,0,1,0.997072,0,0,6.91667,6.80556,6.80556,1067.5,970,514.375,970,987.344,34.2656,96.1172,96.1641,34.4297,35.0391,610.369,41.25,2.272,1.45867,2.94,91.5,3.52941,3.52941,0,1.07813,10.7912,23.25,23.25,28.5
2.567,0,0,0,0,0.988953,0.99997,0.923432,4,1,1,1,0,1,0.997072,0,0,6.97223,6.80556,6.83334,1070,970,514.688,970,984.727,34.2891,96.0938,96.2813,34.5234,34.875,609.666,41.25,2.276,1.456,2.944,91.5,3.52941,3.52941,0,1.17188,10.7912,23.25,23.25,28.5
2.6,0,0,0,0,0.989136,0.99997,0.923951,4,1,1,1,0,1,0.998537,0,0,6.97223,6.80556,6.88889,1070.5,970,515.352,970,984.727,34.3359,96.0938,96.2813,34.7344,34.8984,609.666,41.25,2.388,1.46134,3.068,91.5,3.52941,3.52941,0,1.34375,10.7912,23.25,23.25,27.75
2.633,0,0,0,0,0.989564,0.99997,0.924409,4,1,1,1,0,1,1,0,0,6.97223,6.80556,6.77778,1067.75,970,515.156,970,984.727,34.3125,96.2578,96.2578,34.2188,34.875,609.666,41.25,2.392,1.53334,3.072,91.5,3.52941,3.52941,0,1.53125,10.7912,23.25,23.25,28.5
2.667,0,0,0,0,0.989747,0.99997,0.924042,4,1,1,1,0,1,1.00171,0,0,6.91667,6.83334,6.63889,1069.5,970,512.93,970,984.727,34.1719,96.2109,96.2344,32.8594,34.9219,609.666,41.25,2.352,1.50934,3.032,91.5,3.52941,3.52941,0,1.51563,10.7912,23.25,23.25,28.5
2.7,0,0,0,0,0.988587,0.99997,0.924653,4,1,1,1,0,1,1.00366,0,0,6.97223,6.86112,6.91667,1070,970,514.023,970,984.727,34.2422,96.2109,96.2344,34.8984,34.9453,609.666,41.25,2.392,1.53334,3.072,91.5,3.52941,3.52941,0,1.21875,10.7912,23.25,23.25,28.5
2.733,0,0,0,0,0.989075,0.99997,0.924439,4,1,1,1,0,1,1.00488,0,0,6.97223,6.80556,6.88889,1070.5,970,514.727,970,984.727,34.2891,96.1875,96.2578,34.7109,34.875,609.666,41.25,2.396,1.536,3.076,91.5,3.52941,3.52941,0,1.125,10.7912,23.25,23.25,28.5
2.767,0,0,0,0,0.98932,0.99997,0.923981,4,1,1,1,0,1,1.00611,0,0,6.97223,6.80556,6.94445,1068,970,515.859,970,984.727,34.3828,96.2344,96.2813,34.9922,34.875,608.963,41.25,2.404,1.53334,3.084,91.5,3.52941,3.52941,0,1.09375,10.7912,23.25,23.25,27.75
2.8,0,0,0,0,0.989747,0.99997,0.923676,4,1,1,1,0,1,1.00611,0,0,6.97223,6.80556,6.69445,1068.25,970,514.844,970,984.727,34.2891,96.2344,96.2813,33.7266,35.0156,608.963,41.25,2.388,1.53067,3.068,91.5,3.52941,3.52941,0,1.04688,10.7912,23.25,23.25,28.5
2.833,0,0,0,0,0.989686,0.99997,0.924378,4,1,1,1,0,1,1.00733,0,0,6.97223,6.80556,6.94445,1068.75,970,515.781,970,984.727,34.3594,96.2578,96.1875,34.9219,35.0625,608.963,41.25,2.396,1.53067,3.076,91.5,3.52941,3.52941,0,1.07813,10.7912,23.25,23.25,28.5
2.867,0,0,0,0,0.989991,0.99997,0.925812,4,1,1,1,0,1,1.00733,0,0,6.97223,6.86112,6.83334,1072,970,515.547,970,984.727,34.3359,96.1172,96.3281,34.2188,34.8516,608.963,41.25,2.392,1.53334,3.072,91.5,3.52941,3.52941,0,1.53125,10.7912,23.25,23.25,28.5
2.9,0,0,0,0,0.990052,0.99997,0.925294,4,1,1,1,0,1,1.00611,0,0,6.97223,6.86112,6.91667,1070.25,970,516.094,970,984.727,34.3828,96.1172,96.3281,34.7109,34.9453,608.963,41.25,2.296,1.472,2.976,91.5,3.52941,3.52941,0,1.35938,10.7912,23.25,23.25,27.75
2.933,0,0,0,0,0.990235,0.99997,0.925843,4,1,1,1,0,1,1.00611,0,0,6.97223,6.80556,6.83334,1070,970,515.938,970,984.727,34.3828,96.3047,96.2578,34.2891,34.8984,608.963,41.25,2.28,1.464,2.96,91.5,3.52941,3.52941,0,1.23438,10.7912,23.25,23.25,27.75
2.967,0,0,0,0,0.990662,0.99997,0.92566,4,1,1,1,0,1,1.00488,0,0,6.97223,6.86112,6.94445,1069.25,970,517.422,970,984.727,34.5,96.2344,96.2344,34.8516,34.9688,608.28,41.25,2.292,1.472,2.972,91.5,3.52941,3.52941,0,1.32813,10.7912,23.25,23.25,27.75
3,0,0,0,0,0.99109,0.99997,0.925141,4,1,1,1,0,1,1.00171,0,0,7.02778,6.86112,6.97223,1069.75,970,518.125,970,984.727,34.5469,96.2344,96.2344,34.9688,35.0156,608.28,41.25,2.308,1.48,2.976,91.5,3.52941,3.52941,0,1.20313,10.7912,23.25,23.25,27.75
3.033,0,0,0,0,0.991517,0.99997,0.925935,4,1,1,1,0,1,1,0,0,7.02778,6.88889,6.80556,1069,970,517.539,970,984.727,34.5,96.1875,96.2344,34.1719,35.0156,608.28,41.25,2.292,1.48,2.96,91.5,3.52941,3.52941,0,1.15625,10.7912,23.25,23.25,27.75
3.067,0,0,0,0,0.991212,0.99997,0.927125,4,1,1,1,0,1,1,0,0,7.02778,6.88889,6.91667,1070.5,970,517.813,970,984.727,34.5234,96.2109,96.2578,34.6875,34.9219,608.28,41.25,2.296,1.47467,2.964,91.5,3.52941,3.52941,0,1.29688,10.7912,23.25,23.25,27.75
3.1,0,0,0,0,0.991456,0.99997,0.92743,4,1,1,1,0,1,0.998537,0,0,7.02778,6.83334,6.94445,1070,970,518.203,970,984.727,34.5469,96.2109,96.2578,34.8047,34.9453,608.28,41.25,2.308,1.48,2.976,91.5,3.52941,3.52941,0,1.14063,10.7912,23.25,23.25,27.75
3.133,0,0,0,0,0.992066,0.99997,0.927979,4,1,1,1,0,1,0.998537,0,0,7.02778,6.88889,7.08334,1071.25,970,519.531,970,984.727,34.6406,96.2344,96.3047,35.4375,34.875,608.28,41.25,2.32,1.488,3,91.5,3.52941,3.52941,0,1.4375,10.7912,23.25,23.25,27.75
3.167,0,0,0,0,0.992432,0.99997,0.927582,4,1,1,1,0,1,1,0,0,7.02778,6.91667,6.94445,1069,970,519.18,970,984.727,34.6172,96.2578,96.2109,34.3594,35.0156,607.596,41.25,2.308,1.48,2.988,91.5,3.52941,3.52941,0,1.46875,10.7912,23.25,23.25,27.75
3.2,0,0,0,0,0.992005,0.99997,0.927613,4,1,1,1,0,1,1,0,0,7.02778,6.88889,6.91667,1069.25,970,519.688,970,984.727,34.6406,96.2578,96.2109,34.9688,35.0156,607.596,41.25,2.428,1.55734,3.096,91.5,3.52941,3.52941,0,1.5625,10.7912,23.25,23.25,28.5
3.233,0,0,0,0,0.992249,0.99997,0.92804,4,1,1,1,0,1,1.00171,0,0,7.02778,6.88889,6.77778,1069.75,970,519.063,970,984.727,34.5938,96.1641,96.2344,34.2422,34.9688,607.596,41.25,2.408,1.544,3.076,91.5,3.52941,3.52941,0,1.28125,10.7912,23.25,23.25,28.5
3.267,0,0,0,0,0.992005,0.99997,0.927399,4,1,1,1,0,1,1.00171,0,0,7.02778,6.88889,7.00001,1071,970,520.078,970,984.727,34.6875,96.2109,96.2813,35.2734,34.8984,607.596,41.25,2.436,1.56267,3.104,91.5,3.52941,3.52941,0,1.03125,10.7912,23.25,23.25,27.75
3.3,0,0,0,0,0.99231,0.99997,0.927735,4,1,1,1,0,1,1.00366,0,0,7.08334,6.83334,6.80556,1072.25,970,519.102,970,984.727,34.6172,96.2109,96.2813,34.2188,34.8281,607.596,41.25,2.42,1.552,3.1,91.5,3.52941,3.52941,0,1.04688,10.7912,23.25,23.25,28.5
3.333,0,0,0,0,0.99231,0.99997,0.928284,4,1,1,1,0,1,1.00611,0,0,7.02778,6.83334,6.80556,1068.25,970,518.711,970,984.727,34.5938,96.2344,96.3281,34.3594,34.8281,607.596,41.25,2.416,1.552,3.096,91.5,3.52941,3.52941,0,1.28125,10.7912,23.25,23.25,27.75
3.367,0,0,0,0,0.992249,0.99997,0.926881,4,1,1,1,0,1,1.00611,0,0,7.02778,6.83334,6.63889,1068.25,970,517.07,970,984.727,34.4766,96.3047,96.1875,33.5156,35.0625,606.893,41.25,2.4,1.54934,3.08,91.5,3.52941,3.52941,0,1.09375,10.7912,23.25,23.25,27.75
3.4,0,0,0,0,0.991395,0.99997,0.926575,4,1,1,1,0,1,1.00611,0,0,7.02778,6.80556,6.97223,1069,970,518.047,970,984.727,34.5234,96.3047,96.1875,35.1328,35.0156,606.893,41.25,2.428,1.55734,3.108,91.5,3.52941,3.52941,0,1.5625,10.7912,23.25,23.25,28.5
3.433,0,0,0,0,0.991578,0.99997,0.926545,4,1,1,1,0,1,1.00488,0,0,7.02778,6.83334,6.63889,1072.75,970,516.289,970,984.727,34.4063,96.1172,96.3516,33.375,34.8516,606.893,41.25,2.392,1.53334,3.08,91.5,3.52941,3.52941,0,1.60938,10.7912,23.25,23.25,28.5
3.467,0,0,0,0,0.99109,0.99997,0.927033,4,1,1,1,0,1,1.00488,0,0,6.97223,6.83334,6.77778,1070.25,970,515.82,970,984.727,34.3828,96.3281,96.3047,34.1484,34.875,606.893,41.25,2.408,1.54667,3.096,91.5,3.52941,3.52941,0,1.45313,10.7912,23.25,23.25,28.5
3.5,0,0,0,0,0.990968,0.99997,0.926789,4,1,1,1,0,1,1.00171,0,0,6.97223,6.83334,6.80556,1068.5,970,515.703,970,984.727,34.3594,96.3281,96.3047,34.3125,34.9219,606.893,41.25,2.304,1.544,2.972,91.5,3.52941,3.52941,0,1.15625,10.7912,24,24,28.5
3.533,0,0,0,0,0.990845,0.99997,0.927094,4,1,1,1,0,1,1.00171,0,0,6.97223,6.83334,6.77778,1070.5,970,515.313,970,984.727,34.3359,96.2813,96.1875,34.125,35.0391,606.893,41.25,2.296,1.47734,2.964,91.5,3.52941,3.52941,0,1.20313,10.7912,23.25,23.25,27.75
3.567,0,0,0,0,0.990601,0.99997,0.92685,4,1,1,1,0,1,1,0,0,6.97223,6.83334,6.80556,1072.75,970,515,970,984.727,34.3125,96.1406,96.3516,34.1484,34.8281,606.229,41.25,2.288,1.46934,2.956,91.5,3.52941,3.52941,0,1.07813,10.7912,23.25,23.25,27.75
3.6,0,0,0,0,0.990418,0.99997,0.926209,4,1,1,1,0,1,0.997072,0,0,6.97223,6.80556,6.72223,1070.25,970,514.258,970,984.727,34.2656,96.1406,96.3516,33.8438,34.9453,606.229,41.25,2.28,1.464,2.948,91.5,3.52941,3.52941,0,1.01563,10.7912,23.25,23.25,28.5
3.633,0,0,0,0,0.990235,0.99997,0.926118,4,1,1,1,0,1,0.995607,0,0,6.97223,6.80556,6.83334,1070.75,970,514.375,970,984.727,34.2656,96.3281,96.2813,34.3594,34.875,606.229,41.25,2.292,1.472,2.972,91.5,3.52941,3.52941,0,1.45313,10.7912,23.25,23.25,28.5
3.667,0,0,0,0,0.99054,0.99997,0.926301,4,1,1,1,0,1,0.992677,0,0,6.97223,6.80556,7.00001,1071.5,970,516.289,970,984.727,34.4063,96.2344,96.3047,35.1563,34.9688,606.229,41.25,2.316,1.47467,2.996,91.5,3.52941,3.52941,0,1.375,10.7912,23.25,23.25,28.5
3.7,0,0,0,0,0.991212,0.99997,0.927003,4,1,1,1,0,1,0.992677,0,0,6.97223,6.80556,6.91667,1069,970,516.953,970,984.727,34.4531,96.2344,96.3047,34.8516,34.8984,606.229,41.25,2.316,1.48534,2.984,91.5,3.52941,3.52941,0,1.57813,10.7912,24,24,28.5
3.733,0,0,0,0,0.991639,0.99997,0.927033,4,1,1,1,0,1,0.992677,0,0,6.97223,6.80556,6.88889,1071.5,970,517.188,970,984.727,34.4766,96.2813,96.2109,34.6172,34.875,606.229,41.25,2.316,1.48534,2.984,91.5,3.52941,3.52941,0,1.39063,10.7912,24,24,27.75
3.767,0,0,0,0,0.992005,0.99997,0.925538,4,1,1,1,0,1,0.992677,0,0,7.02778,6.80556,6.80556,1071.5,970,516.758,970,984.727,34.4297,96.1641,96.3047,34.1953,34.8516,605.545,41.25,2.308,1.48,2.976,91.5,3.52941,3.52941,0,1.1875,10.7912,24,24,27.75
3.8,0,0,0,0,0.991944,0.99997,0.925721,4,1,1,1,0,1,0.994142,0,0,6.97223,6.80556,6.77778,1071.25,970,516.25,970,984.727,34.4063,96.1641,96.3047,34.1016,34.8984,605.545,41.25,2.408,1.544,3.076,91.5,3.52941,3.52941,0,1.03125,10.7912,23.25,23.25,27.75
3.833,0,0,0,0,0.991944,0.99997,0.926148,4,1,1,1,0,1,0.995607,0,0,6.97223,6.80556,6.83334,1070,970,516.211,970,984.727,34.4063,96.2813,96.2578,34.3828,34.9453,605.545,41.25,2.408,1.544,3.088,91.5,3.52941,3.52941,0,1.0625,10.7912,23.25,23.25,27.75
3.867,0,0,0,0,0.992371,0.99997,0.925233,4,1,1,1,0,1,0.997072,0,0,6.97223,6.80556,6.77778,1072.75,970,516.016,970,984.727,34.3828,96.2109,96.3516,34.0313,34.8047,605.545,41.25,2.404,1.54934,3.084,91.5,3.52941,3.52941,0,1.04688,10.7912,23.25,23.25,28.5
3.9,0,0,0,0,0.992249,0.99997,0.924744,4,1,1,1,0,1,0.997072,0,0,7.02778,6.80556,6.91667,1073,970,516.445,970,984.727,34.4297,96.2109,96.3516,34.6875,34.8281,605.545,41.25,2.416,1.54934,3.096,91.5,3.52941,3.52941,0,1.07813,10.7912,23.25,23.25,28.5
3.933,0,0,0,0,0.992676,0.99997,0.924012,4,1,1,1,0,1,0.997072,0,0,7.02778,6.80556,6.66667,1072.75,970,514.961,970,984.727,34.3125,96.3047,96.3516,33.4688,34.7813,605.545,41.25,2.388,1.53067,3.068,91.5,3.52941,3.52941,0,1.20313,10.7912,23.25,23.25,28.5
3.967,0,0,0,0,0.992005,0.99997,0.923188,4,1,1,1,0,1,0.997072,0,0,6.97223,6.83334,6.75001,1069.5,970,514.492,970,984.727,34.2891,96.3281,96.2344,34.0078,34.9453,604.862,41.25,2.388,1.53067,3.068,91.5,3.52941,3.52941,0,1.65625,10.7912,23.25,23.25,27.75
4,0,0,0,0,0.991517,0.99997,0.921662,4,1,1,1,0,1,0.997072,0,0,6.91667,6.80556,7.02778,1069.5,970,515.352,970,984.727,34.3359,96.3281,96.2344,35.3672,34.9922,604.862,41.25,2.408,1.528,3.076,91.5,3.52941,3.52941,0,1.48438,10.7912,23.25,23.25,28.5
4.033,0,0,0,0,0.992005,0.99997,0.92215,4,1,1,1,0,1,0.997072,0,0,6.97223,6.80556,6.83334,1070.75,970,515.352,970,984.727,34.3359,96.1875,96.2344,34.3594,34.9922,604.862,41.25,2.396,1.544,3.064,91.5,3.52941,3.52941,0,1.21875,10.7912,23.25,23.25,27.75
4.067,0,0,0,0,0.992432,0.99997,0.921357,4,1,1,1,0,1,0.995607,0,0,6.97223,6.80556,6.63889,1073,970,513.828,970,984.727,34.2188,96.1875,96.3516,33.3516,34.8516,604.862,41.25,2.372,1.536,3.04,91.5,3.52941,3.52941,0,1.14063,10.7912,23.25,23.25,27.75
4.1,0,0,0,0,0.9917,0.99997,0.921143,4,1,1,1,0,1,0.995607,0,0,6.97223,6.77778,6.94445,1071.75,970,514.805,970,984.727,34.3125,96.1875,96.3516,34.875,34.8516,604.862,41.25,2.296,1.472,2.964,91.5,3.52941,3.52941,0,1.04688,10.7912,23.25,23.25,27.75
4.133,0,0,0,0,0.992005,0.99997,0.919739,4,1,1,1,0,1,0.992677,0,0,6.97223,6.80556,6.69445,1072.25,970,513.75,970,984.727,34.2188,96.3281,96.3281,33.6328,34.8516,604.862,41.25,2.264,1.45334,2.944,91.5,3.52941,3.52941,0,1.04688,10.7912,23.25,23.25,27.75
4.167,0,0,0,0,0.991883,0.99997,0.919709,4,1,1,1,0,1,0.991212,0,0,6.97223,6.80556,6.86112,1070.5,970,514.57,970,984.727,34.2891,96.3047,96.2344,34.5234,34.9453,604.198,41.25,2.28,1.464,2.96,91.5,3.52941,3.52941,0,1.04688,10.7912,23.25,23.25,28.5
4.2,0,0,0,0,0.992127,0.99997,0.919556,4,1,1,1,0,1,0.989992,0,0,6.97223,6.80556,6.75001,1069,970,514.18,970,984.727,34.2422,96.3047,96.2344,34.0313,34.9453,604.198,41.25,2.268,1.464,2.936,91.5,3.52941,3.52941,0,1.26563,10.7912,23.25,23.25,28.5
4.233,0,0,0,0,0.992005,0.99997,0.918854,4,1,1,1,0,1,0.987306,0,0,6.91667,6.80556,6.80556,1072.75,970,514.023,970,984.727,34.2422,96.1875,96.2109,34.1484,35.0391,604.198,41.25,2.268,1.456,2.936,91.5,3.52941,3.52941,0,1.39063,10.7912,24,24,28.5
4.267,0,0,0,0,0.991944,0.99997,0.919038,4,1,1,1,0,1,0.986085,0,0,6.97223,6.80556,6.72223,1071,970,513.359,970,984.727,34.1953,96.1641,96.2813,33.8203,34.9219,604.198,41.25,2.26,1.45067,2.928,91.5,3.52941,3.52941,0,1.23438,10.7912,24,24,28.5
4.3,0,0,0,0,0.991822,0.99997,0.918793,4,1,1,1,0,1,0.984865,0,0,6.97223,6.80556,6.88889,1071.5,970,513.984,970,984.727,34.2422,96.1641,96.2813,34.6172,34.8516,604.198,41.25,2.272,1.45867,2.94,90.75,3.52941,3.52941,0,1.29688,10.7912,24,24,28.5
4.333,0,0,0,0,0.992249,0.99997,0.918763,4,1,1,1,0,1,0.986085,0,0,6.97223,6.80556,6.91667,1070.75,970,514.766,970,984.727,34.2891,96.2578,96.2813,34.7813,34.8984,604.198,41.25,2.28,1.464,2.96,90.75,3.52941,3.52941,0,0.984375,10.7912,24,24,28.5
4.367,0,0,0,0,0.992554,0.99997,0.917237,4,1,1,1,0,1,0.987306,0,0,6.97223,6.80556,6.91667,1071.25,970,515.313,970,984.727,34.3359,96.2344,96.3047,34.7813,34.8516,603.533,41.25,2.28,1.456,2.96,90.75,3.52941,3.52941,0,1.125,10.7912,23.25,23.25,27.75
4.4,0,0,0,0,0.99286,0.99997,0.917298,4,1,1,1,0,1,0.988527,0,0,6.97223,6.80556,6.94445,1070.25,970,516.172,970,984.727,34.4063,96.2344,96.3047,34.9219,34.8984,603.533,41.25,2.392,1.536,3.06,91.5,3.52941,3.52941,0,0.859375,10.7912,23.25,23.25,27.75
4.433,0,0,0,0,0.993348,0.99997,0.916932,4,1,1,1,0,1,0.989992,0,0,6.97223,6.77778,6.80556,1072,970,515.781,970,984.727,34.3594,96.2813,96.2578,34.1719,34.875,603.533,41.25,2.388,1.536,3.056,91.5,3.52941,3.52941,0,1.17188,10.7912,23.25,23.25,27.75
4.467,0,0,0,0,0.993531,0.99997,0.917268,4,1,1,1,0,1,0.992677,0,0,6.97223,6.80556,6.83334,1071.5,970,515.742,970,984.727,34.3594,96.2109,96.3047,34.3359,34.8516,603.533,41.25,2.388,1.53067,3.056,91.5,3.52941,3.52941,0,1.46875,10.7912,23.25,23.25,27.75
4.5,0,0,0,0,0.993714,0.99997,0.915589,4,1,1,1,0,1,0.992677,0,0,7.02778,6.80556,6.88889,1072.75,970,516.055,970,984.727,34.3828,96.2109,96.3047,34.5703,34.8281,603.533,41.25,2.388,1.53067,3.056,91.5,3.52941,3.52941,0,1.42188,10.7912,23.25,23.25,28.5
4.533,0,0,0,0,0.993958,0.99997,0.916108,4,1,1,1,0,1,0.995607,0,0,6.97223,6.80556,6.86112,1070.75,970,516.211,970,984.727,34.4063,96.2813,96.2813,34.5,34.8984,603.533,41.25,2.388,1.53067,3.068,91.5,3.52941,3.52941,0,1.29688,10.7912,23.25,23.25,28.5
4.567,0,0,0,0,0.994202,0.99997,0.915314,4,1,1,1,0,1,0.997072,0,0,7.02778,6.80556,6.83334,1071.75,970,515.938,970,984.727,34.3828,96.2344,96.3047,34.3359,34.8281,602.869,41.25,2.388,1.528,3.068,91.5,3.52941,3.52941,0,1.3125,10.7912,24,24,28.5
4.6,0,0,0,0,0.994324,0.99997,0.914399,4,1,1,1,0,1,0.997072,0,0,6.97223,6.83334,6.63889,1069.25,970,514.492,970,984.727,34.2891,96.2344,96.3047,33.4453,35.0156,602.869,41.25,2.364,1.51734,3.032,90.75,3.52941,3.52941,0,1.01563,10.7912,23.25,23.25,27.75
4.633,0,0,0,0,0.993531,0.99997,0.913666,4,1,1,1,0,1,0.997072,0,0,6.97223,6.80556,6.83334,1070.25,970,514.609,970,984.727,34.2891,96.2813,96.2578,34.3828,34.9688,602.869,41.25,2.368,1.51734,3.036,90.75,3.52941,3.52941,0,1.29688,10.7912,23.25,23.25,27.75
4.667,0,0,0,0,0.993531,0.99997,0.914521,4,1,1,1,0,1,0.997072,0,0,6.97223,6.80556,6.72223,1072.75,970,513.789,970,984.727,34.2188,96.2109,96.3516,33.75,34.8281,602.869,41.25,2.356,1.512,3.024,90.75,3.52941,3.52941,0,1.28125,10.7912,23.25,23.25,27.75
4.7,0,0,0,0,0.993348,0.99997,0.913636,4,1,1,1,0,1,0.995607,0,0,6.97223,6.83334,6.77778,1069.5,970,513.438,970,984.727,34.1953,96.2109,96.3516,34.125,34.7344,602.869,41.25,2.256,1.51734,2.936,91.5,3.52941,3.52941,0,1.1875,10.7912,23.25,23.25,27.75
4.733,0,0,0,0,0.993165,0.99997,0.91385,4,1,1,1,0,1,0.995607,0,0,6.91667,6.83334,6.83334,1070.5,970,513.711,970,984.727,34.2188,96.3281,96.2344,34.3828,34.9219,602.869,41.25,2.26,1.448,2.94,91.5,3.52941,3.52941,0,1.3125,10.7912,23.25,23.25,27.75
4.767,0,0,0,0,0.993104,0.99997,0.91449,4,1,1,1,0,1,0.995607,0,0,6.97223,6.83334,6.83334,1070.5,970,513.945,970,984.727,34.2422,96.1875,96.2578,34.3828,34.8984,602.205,41.25,2.26,1.45067,2.94,91.5,3.52941,3.52941,0,1.5625,10.7912,23.25,23.25,27.75
4.8,0,0,0,0,0.993104,0.99997,0.914735,4,1,1,1,0,1,0.995607,0,0,6.97223,6.80556,6.91667,1074,970,514.57,970,984.727,34.2891,96.1875,96.2578,34.6641,34.8047,602.205,41.25,2.268,1.456,2.948,91.5,3.52941,3.52941,0,1.32813,10.7912,23.25,23.25,28.5
4.833,0,0,0,0,0.993287,0.99997,0.914307,4,1,1,1,0,1,0.994142,0,0,6.97223,6.80556,6.75001,1071.5,970,514.023,970,984.727,34.2422,96.2109,96.3047,33.9375,34.8516,602.205,41.25,2.256,1.448,2.96,91.5,3.52941,3.52941,0,0.921875,10.7912,23.25,23.25,28.5
4.867,0,0,0,0,0.99347,0.99997,0.916016,4,1,1,1,0,1,0.995607,0,0,6.97223,6.80556,6.94445,1071.5,970,515.82,970,984.727,34.3828,96.2813,96.3047,34.875,34.8984,602.205,41.25,2.28,1.45867,2.984,91.5,3.52941,3.52941,0,1.10938,10.7912,23.25,23.25,27.75
4.9,0,0,0,0,0.994019,0.99997,0.915803,4,1,1,1,0,1,0.994142,0,0,6.97223,6.80556,6.88889,1071.5,970,516.172,970,984.727,34.4063,96.2813,96.3047,34.6172,34.8516,602.205,41.25,2.28,1.464,2.96,91.5,3.52941,3.52941,0,0.984375,10.7912,23.25,23.25,28.5
4.933,0,0,0,0,0.994447,0.99997,0.914735,4,1,1,1,0,1,0.992677,0,0,6.97223,6.83334,6.77778,1071.25,970,515.703,970,984.727,34.3594,96.2578,96.3047,34.1016,34.875,602.205,41.25,2.268,1.464,2.948,91.5,3.52941,3.52941,0,1.17188,10.7912,23.25,23.25,27.75
4.967,0,0,0,0,0.994385,0.99997,0.916077,4,1,1,1,0,1,0.995607,0,0,6.97223,6.83334,6.83334,1071,970,515.703,970,984.727,34.3594,96.2813,96.2813,34.3594,34.9219,601.541,41.25,2.272,1.45867,2.952,91.5,3.52941,3.52941,0,1.34375,10.7912,23.25,23.25,27.75
5,0,0,0,0,0.994508,0.99997,0.914887,4,1,1,1,0,1,0.995607,0,0,7.02778,6.83334,6.91667,1073.25,970,516.172,970,984.727,34.4063,96.2813,96.2813,34.6875,34.7813,601.541,41.25,2.388,1.53334,3.068,90.75,3.52941,3.52941,0,1.46875,10.7912,23.25,23.25,28.5
5.033,0,0,0,0,0.994752,0.99997,0.916077,4,1,1,1,0,1,0.998537,0,0,6.97223,6.83334,6.83334,1071.5,970,516.055,970,984.727,34.3828,96.2344,96.3047,34.3359,34.8516,601.541,41.25,2.384,1.528,3.064,90.75,3.52941,3.52941,0,1.42188,10.7912,23.25,23.25,28.5
5.067,0,0,0,0,0.994874,0.99997,0.916321,4,1,1,1,0,1,1,0,0,7.02778,6.83334,6.91667,1070.25,970,517.305,970,984.727,34.4766,96.2813,96.2578,34.9219,34.875,601.541,41.25,2.404,1.536,3.084,90.75,3.52941,3.52941,0,1.3125,10.7912,23.25,23.25,28.5
5.1,0,0,0,0,0.995179,0.99997,0.915772,4,1,1,1,0,1,1,0,0,7.02778,6.83334,6.80556,1073.5,970,516.953,970,984.727,34.4531,96.2813,96.2578,34.2656,34.9688,601.541,41.25,2.388,1.53067,3.056,90.75,3.52941,3.52941,0,1.26563,10.7912,23.25,23.25,27.75
5.133,0,0,0,0,0.995057,0.99997,0.915375,4,1,1,1,0,1,1,0,0,7.02778,6.80556,6.66667,1073,970,515.664,970,984.727,34.3594,96.2109,96.375,33.6094,34.875,601.541,41.25,2.376,1.53067,3.044,90.75,3.52941,3.52941,0,1.20313,10.7912,23.25,23.25,27.75
5.167,0,0,0,0,0.994385,0.99997,0.915497,4,1,1,1,0,1,1.00366,0,0,6.97223,6.83334,6.77778,1072.25,970,515.352,970,984.727,34.3359,96.3516,96.3281,34.1719,34.9688,600.897,41.25,2.38,1.52534,3.048,90.75,3.52941,3.52941,0,0.90625,10.7912,23.25,23.25,27.75
5.2,0,0,0,0,0.994263,0.99997,0.914216,4,1,1,1,0,1,1.00171,0,0,6.97223,6.83334,6.86112,1070.75,970,515.781,970,984.727,34.3828,96.3516,96.3281,34.6406,35.0391,600.897,41.25,2.38,1.52534,3.048,90.75,3.52941,3.52941,0,1.07813,10.7912,23.25,23.25,27.75
5.233,0,0,0,0,0.994202,0.99997,0.914063,4,1,1,1,0,1,1.00171,0,0,6.97223,6.83334,6.75001,1070,970,515.391,970,984.727,34.3359,96.3047,96.2578,34.125,35.1797,600.897,41.25,2.38,1.52534,3.06,90.75,3.52941,3.52941,0,1.25,10.7912,23.25,23.25,27.75
5.267,0,0,0,0,0.993714,0.99997,0.914368,4,1,1,1,0,1,1,0,0,6.97223,6.77778,6.86112,1070.75,970,515.078,970,984.727,34.3125,96.2109,96.2813,34.6406,35.1797,600.897,41.25,2.376,1.51734,3.056,90.75,3.52941,3.52941,0,1.4375,10.7912,23.25,23.25,28.5
5.3,0,0,0,0,0.994019,0.99997,0.913941,4,1,1,1,0,1,0.998537,0,0,6.97223,6.77778,6.80556,1074.25,970,514.961,970,984.727,34.3125,96.2109,96.2813,34.2422,35.0156,600.897,41.25,2.268,1.456,2.948,90.75,3.52941,3.52941,0,1.5,10.7912,24,24,28.5
5.333,0,0,0,0,0.994141,0.99997,0.913941,4,1,1,1,0,1,0.998537,0,0,6.97223,6.80556,6.77778,1073,970,514.688,970,984.727,34.2891,96.2344,96.3516,34.1484,35.1094,600.897,41.25,2.264,1.45334,2.944,90.75,3.52941,3.52941,0,1.5625,10.7912,24,24,28.5
5.367,0,0,0,0,0.994019,0.99997,0.914246,4,1,1,1,0,1,0.997072,0,0,6.97223,6.80556,6.83334,1073.25,970,514.883,970,984.727,34.3125,96.3281,96.375,34.4297,35.1094,600.233,41.25,2.268,1.456,2.948,90.75,3.52941,3.52941,0,1.125,10.7912,23.25,23.25,28.5
5.4,0,0,0,0,0.993714,0.99997,0.914429,4,1,1,1,0,1,0.997072,0,0,6.97223,6.77778,6.72223,1071,970,513.555,970,984.727,34.2188,96.3281,96.375,33.9609,35.3203,600.233,41.25,2.26,1.448,2.948,90.75,3.52941,3.52941,0,0.9375,10.7912,23.25,23.25,27.75
5.433,0,0,0,0,0.993348,0.99997,0.914338,4,1,1,1,0,1,0.995607,0,0,6.97223,6.77778,6.75001,1073.25,970,513.242,970,984.727,34.1953,96.3516,96.2813,34.0313,35.3203,600.233,41.25,2.26,1.45067,2.948,90.75,3.52941,3.52941,0,1.0625,10.7912,23.25,23.25,28.5
5.467,0,0,0,0,0.993287,0.99997,0.914094,4,1,1,1,0,1,0.994142,0,0,6.97223,6.80556,6.83334,1072.75,970,513.594,970,984.727,34.2188,96.2344,96.3516,34.4297,35.2031,600.233,41.25,2.268,1.456,2.956,90.75,3.52941,3.52941,0,1.09375,10.7912,23.25,23.25,28.5
5.5,0,0,0,0,0.993348,0.99997,0.915162,4,1,1,1,0,1,0.994142,0,0,6.97223,6.80556,6.91667,1071.75,970,514.57,970,984.727,34.2891,96.2344,96.3516,34.875,35.25,600.233,41.25,2.28,1.464,2.968,90.75,3.52941,3.52941,0,1.07813,10.7912,23.25,23.25,28.5
5.533,0,0,0,0,0.99347,0.99997,0.91449,4,1,1,1,0,1,0.994142,0,0,6.97223,6.83334,6.72223,1069.75,970,514.141,970,984.727,34.2656,96.3281,96.2344,34.0078,35.3203,600.233,41.25,2.26,1.45067,2.94,90.75,3.52941,3.52941,0,1.5625,10.7912,23.25,23.25,28.5
5.567,0,0,0,0,0.992982,0.99997,0.914826,4,1,1,1,0,1,0.995607,0,0,6.97223,6.94445,7.02778,1073,970,515.313,970,984.727,34.3359,96.1641,96.3516,35.3672,36.1172,599.608,41.25,2.28,1.45067,2.96,90.75,3.52941,3.52941,0,1.54688,11.1498,23.25,23.25,28.5
5.6,0,0,0,0,0.993104,0.99997,0.914429,4,1,1,1,0,1,0.995607,0,0,6.97223,6.91667,7.02778,1073.5,970,516.836,970,984.727,34.4531,96.1641,96.3516,35.3438,38.8594,599.608,41.25,2.396,1.53867,3.076,90.75,3.52941,3.52941,0,1.54688,12.2301,23.25,23.25,28.5
5.633,0,0,0,0,0.993409,0.99997,0.914887,4,1,1,1,0,1,0.997072,0,0,7.02778,7.00001,7.08334,1071.75,970,518.711,970,984.727,34.5938,96.3281,96.375,35.6953,42.5391,599.608,41.25,2.44,1.53867,3.12,90.75,3.52941,4.31373,0,1.15625,13.8491,23.25,23.25,27.75
5.667,0,0,0,0,0.990723,0.99997,0.914216,4,1,1,1,0,1,0.998537,0,0,7.08334,7.72223,7.33334,1072.5,970,522.148,970,982.109,34.8516,96.3516,96.3516,36.8906,45.4453,599.608,41.25,2.468,1.58134,3.148,90.75,4.70588,4.70588,0,1.01563,15.1079,23.25,23.25,27.75
5.7,0,0,0,0,0.989564,0.99997,0.91449,4,1,1,1,0,1,1,0,0,7.25001,8.52778,8.30556,1072.5,970,533.32,970,982.109,35.6719,96.3516,96.3516,42.2578,50.7188,599.608,41.25,2.632,1.688,3.312,90.75,5.09804,5.4902,0,1,17.4456,23.25,23.25,27.75
5.733,0,0,0,0,0.989136,0.99997,0.91449,4,1,1,1,0,1,1.00171,0,0,7.44445,9.16667,8.83334,1072,970,546.953,970,982.109,36.6563,96.3047,96.3281,44.6953,54.7734,599.608,41.25,2.776,1.776,3.456,90.75,5.4902,5.88235,0,1.10938,19.2447,22.5,22.5,27
5.767,0,0,0,0,0.987427,0.99997,0.914277,4,1,1,1,0,1,1.00488,0,0,7.72223,10.75,10.2778,1077,970,583.477,970,982.109,39.3281,96.2578,96.5156,51.3516,61.7109,598.963,41.25,3.144,1.86934,3.824,90.75,6.27451,7.05883,0,1.3125,22.8412,21,21,27
5.8,0,0,0,0,0.98346,0.99997,0.913972,4,1,1,1,0,1,1.00611,0,0,8.41667,11.4722,11.1111,1080.25,990,607.148,970,979.453,41.0625,96.2578,96.5156,55.0078,65.5547,598.963,41.25,3.312,2.112,3.992,90.75,7.05883,7.45098,0,1.32813,25.1789,20.25,20.25,18.75
5.833,0,0,0,0,0.982606,0.99997,0.913697,4,1,1,1,0,1,1.00611,0,0,8.41667,11.8611,11.6667,1077.75,1030,633.555,970,979.453,43.0078,96.4922,96.6328,58.5469,68.7656,598.963,41.25,3.568,2.112,4.248,90.75,7.84314,8.2353,0,1.39063,27.338,19.5,19.5,18.75
5.867,0,0,0,0,0.979249,0.99997,1.00266,4,1,1,1,0,1,1.00855,0,0,9.22223,12.9167,12.1945,1080.5,1090,660.039,970,976.836,44.9531,96.6094,96.6328,60.5391,73.5938,598.963,41.25,3.916,2.48267,4.596,90.75,8.2353,9.01961,0,1.26563,31.4747,18.75,18.75,18
5.9,0,0,0,0,0.980164,0.99997,1.00247,4,1,1,1,0,1,1.01001,0,0,9.6389,13.4722,12.7778,1080.5,1130,688.516,970,979.453,47.0391,96.6094,96.6328,63.7969,76.7813,598.963,41.25,4.132,2.6,4.812,90.75,9.01961,9.80392,0,1.375,34.3526,18,18,18
5.933,0,0,0,0,0.975281,0.99997,1.00348,4,1,1,1,0,1,1.01319,0,0,10.1111,14.4167,13.8056,1084.5,1130,744.688,970,976.836,51.2813,96.7969,96.8438,68.2266,78.4922,598.963,41.25,4.484,2.68534,5.164,90.75,9.80392,10.1961,0,0.96875,36.6903,17.25,17.25,17.25
5.967,0,0,0,0,0.972779,0.99997,1.00552,4,1,1,1,0,1,1.01831,0,0,10.6111,14.6945,13.7222,1087.25,1160,769.648,970,976.836,53.1094,96.7969,96.8906,67.8047,81.4922,598.416,41.25,4.512,2.808,5.192,90.75,10.5882,10.9804,0,1.03125,40.2868,15.75,15.75,16.5
6,0,0,0,0,0.969422,0.99997,1.0065,4,1,1,1,0,1,1.02002,0,0,11.3889,15.4167,14.2222,1089,1190,794.844,970,976.836,54.9609,96.7969,96.8906,69.7969,83.4375,598.416,42,4.636,2.96,5.316,90.75,11.3726,11.7647,0,0.984375,41.9058,15,15,16.5
6.033,0,0,0,0,0.964967,0.99997,1.00675,4,1,1,1,0,1,1.01831,0,0,11.7778,15.3611,14.5278,1090,1200,819.219,970,976.836,56.7422,96.8203,96.9844,71.1094,84.3281,598.416,42,4.684,3.02134,5.352,90.75,12.1569,12.549,0,1.25,42.9861,14.25,14.25,14.25
6.067,0,0,0,0,0.964234,0.99997,1.00714,4,1,1,1,0,1,1.01148,0,0,12.0833,14.8333,14.5,1084.25,1220,859.375,970,979.453,59.6953,96.9609,96.8906,70.6172,85.875,598.416,42,4.748,3.08534,5.416,90.75,12.9412,12.9412,0,1.25,44.6036,12.75,12.75,13.5
6.1,0,0,0,0,0.962403,0.99997,1.01025,4,1,1,1,0,1,1.01489,0,0,12.3056,14.3056,14.4722,1090.75,1240,875.586,970,979.453,60.8672,96.9609,96.8906,70.4297,87.5625,598.416,42,4.836,3.168,5.516,90.75,13.3333,13.7255,0,1.48438,46.2226,11.25,11.25,12.75
6.133,0,0,0,0,0.962159,0.99997,1.01254,4,1,1,1,0,1,1.02149,0,0,12.6389,15.0278,14.2222,1092,1260,887.969,970,979.453,61.7813,96.7969,97.0078,69.0703,89.1797,598.416,42,4.82,3.168,5.5,90.75,14.5098,15.6863,0,1.25,48.2017,10.5,10.5,11.25
6.167,0,0,0,0,0.956971,0.99997,1.01315,4,1,1,1,0,1,1.02149,0,0.390625,13.1111,16.1389,14.9445,1093.25,1280,903.203,970,979.453,62.9063,96.9375,97.1016,71.8594,90.75,597.889,42,4.824,3.184,5.504,90.75,16.0784,15.6863,0,0.71875,50.0007,10.5,10.5,11.25
6.2,0,0,0,0,0.957032,0.99997,1.01608,4,1,1,1,0,1,1.02832,0,0.390625,13.2778,13.7778,15.0556,1090,1300,918.867,970,982.109,64.0547,96.9375,97.1016,73.2891,92.2969,597.889,42,5.228,3.45334,5.908,90.75,17.6471,29.4118,0,1.03125,51.6181,9,9,9.75
6.233,0,0,0,0,0.961976,0.99997,1.01932,4,1,1,1,0,1,1.03784,0,5.85938,13.5278,14.5556,14.6945,1097.5,1310,928.281,970,982.109,64.7344,97.2422,97.2656,70.2891,93.3516,597.889,42,5.048,3.39734,5.716,90.75,30.5882,43.5294,0,0.890625,53.2371,8.25,8.25,9
6.267,0,0,0,0,0.979676,0.99997,1.02112,4,1,1,1,0,1,1.03784,0,9.76563,14.0556,14.25,17.3889,1093,1340,984.961,970,979.414,69.0703,97.2422,97.1016,84.2109,95.0625,597.889,42,5.284,3.83734,5.952,90.75,47.8432,51.3726,0,1.09375,55.0362,8.25,8.25,8.25
6.3,0,0,0,0,1.00037,0.99997,1.02554,4,1,1,1,0,1,1.04395,0,9.76563,14.5556,14.6111,15.4445,1098.25,1350,991.875,970,982.07,69.5625,97.2422,97.1016,73.6641,96.5625,597.889,42,5.316,3.584,6.004,90.75,51.7647,51.3726,0,0.96875,56.6551,6,6,7.5
6.333,0,0,0,0,1.00824,0.99997,1.03262,4,1,1,1,0,1,1.06177,0,16.7969,14.8056,14.8056,15.4722,1111.75,1360,996.055,970,984.688,69.8906,96.8906,97.7813,72.3281,96.8906,597.889,42,5.332,3.59467,6.02,90.75,52.549,52.1569,0,1.45313,58.6327,2.25,2.25,2.25
6.367,0,0,0,0,1.01215,0.99997,1.03839,4,1,1,1,0,1,1.07593,0,21.875,14.8056,14.9167,15.2222,1100.75,1360,1001.37,970,984.727,70.2891,97.8281,97.6875,71.625,96.8906,597.537,42,5.28,3.56267,5.968,90.75,52.549,52.1569,0,1.35938,61.1504,6.75,6.75,10.5
6.4,0,0,0,0,1.01624,0.99997,1.04184,4,1,1,1,0,1,1.07349,0,21.875,14.6945,14.9722,15.5278,1103.25,1370,1004.77,970,987.383,70.5234,97.8281,97.6875,72.5391,97.8281,597.537,42,5.264,3.54667,5.952,90.75,52.549,52.1569,0,1.28125,63.1295,6.75,6.75,9
6.433,0,0,0,0,1.02057,0.99997,1.05042,4,1,1,1,0,1,1.08521,0,28.9063,14.8056,15.0278,15.4167,1119.75,1370,1004.84,970,990.039,70.5469,97.6406,97.4766,70.5938,97.6406,597.537,42,5.264,3.54667,5.952,90.75,52.1569,52.1569,0,1.01563,65.6473,1.5,1.5,1.5
6.467,0,0,0,0,1.0246,0.99997,1.05566,4,1,1,1,0,1,1.08301,0,33.5938,15.0278,15.0556,15.5,1118.25,1370,1006.13,970,992.656,70.6406,97.2891,98.0156,71.4141,97.6406,597.537,42,5.28,3.55734,5.968,90.75,52.1569,52.1569,0,0.890625,66.9061,3.75,3.75,3.75
6.5,0,0,0,0,1.02515,0.99997,1.05798,4,1,1,1,0,1,1.06641,0,33.5938,14.8611,15.1111,15.3056,1105,1360,1006.72,970,992.656,70.6875,97.2891,98.0156,71.0391,97.2891,597.537,41.25,5.26,3.544,5.948,90.75,52.1569,52.1569,0,0.9375,67.9865,6.75,6.75,12.75
6.533,0,0,0,0,1.02753,0.99997,1.06867,4,1,1,1,0,1,1.07813,0,36.7188,14.9722,15.1389,15.8333,1123.5,1370,1010.51,970,995.313,70.9688,98.0625,97.7109,72.3281,98.0625,597.537,41.25,5.34,3.54934,6.02,90.75,52.549,52.549,0,1.17188,69.0653,3,3,3
6.567,0,0,0,0,1.0329,0.99997,1.07495,4,1,1,1,0,1,1.08301,0,39.8438,15.1945,15.6667,15.6667,1128,1370,1010.47,970,997.969,70.9688,97.5,98.3672,70.9453,98.0625,597.264,41.25,5.352,3.59734,6.032,90.75,52.549,52.549,0,1.26563,70.1441,3.75,3.75,3.75
6.6,0,0,0,0,1.03308,0.99997,1.07611,4,1,1,1,0,1,1.07105,0,39.8438,15.1945,15.6389,15.6111,1121.75,1370,1011.29,970,1000.55,71.0156,97.5,98.3672,71.5313,97.5,597.264,41.25,5.344,3.60267,6.024,90.75,52.549,52.549,0,1.39063,70.1441,6,6,7.5
6.633,0,0,0,0,1.03455,0.99997,1.08048,4,1,1,1,0,1,1.06641,0,40.625,15.1945,15.6667,15.9722,1120.25,1380,1014.34,970,1003.24,71.25,98.4375,98.0859,73.0313,98.4375,597.264,41.25,5.376,3.624,6.056,90.75,52.9412,53.7255,0,1.25,70.8628,6,6,8.25
6.667,0,0,0,0,1.03656,0.99997,1.0867,4,1,1,0.976076,0,1,1.06885,0,42.9688,15.4445,15.7222,15.8889,1129,1380,1017.97,970,1003.24,71.5313,97.9219,98.4141,72.2578,98.4375,597.264,41.25,5.424,3.648,6.104,90.75,53.7255,53.7255,0,1.1875,71.583,6,6,7.5
6.7,0,0,0,0,1.03888,0.99997,1.08615,4,1,1,0.976076,0,0.976076,1.05225,0,42.9688,15.3889,15.7778,15.5833,1130.75,1370,1016.41,970,1005.86,71.4141,97.9219,98.4141,70.5,97.9219,597.264,41.25,5.396,3.64,6.076,90.75,54.1177,53.7255,0,0.953125,71.583,6,6,6.75
6.733,0,0,0,0,1.03796,0.99997,1.08926,4,1,1,0.968263,0,0.976076,1.0459,0,42.9688,15.3889,15.7222,16.1389,1129.75,1380,1019.57,970,1008.48,71.6484,98.3906,98.4375,73.5234,98.3906,597.264,41.25,5.548,3.64,6.228,90.75,53.7255,54.1177,0,0.859375,71.583,4.5,4.5,6.75
6.767,0,0,0,0,1.04138,0.99997,1.09494,4,1,1,0.962648,0,0.976076,1.05469,0,44.9219,15.6111,15.8056,16.25,1139.5,1380,1021.56,970,1011.17,71.7891,98.2969,98.9297,72.8438,98.3906,596.951,41.25,5.572,3.74667,6.252,90.75,54.5098,54.1177,0,0.921875,72.3017,5.25,5.25,5.25
6.8,0,0,0,0,1.04407,0.99997,1.0921,4,1,1,0.962648,0,0.962648,1.04004,0,44.9219,15.5556,15.8611,16.0833,1133.5,1380,1022.34,970,1013.79,71.8359,98.2969,98.9297,72.3281,98.2969,596.951,41.25,5.628,3.8,6.316,90.75,54.5098,54.1177,0,1,72.3017,6,6,9.75
6.833,0,0,0,0,1.04596,0.99997,1.09464,4,1,1,0.958253,0,0.962648,1.03784,0,44.9219,15.5,15.8333,15.8889,1139,1390,1021.8,970,1016.41,71.8125,99,98.5781,71.4844,99,596.951,41.25,5.624,3.8,6.312,90.75,54.5098,54.902,0,1,72.3017,6,6,6.75
6.867,0,0,0,0,1.047,0.99997,1.10678,4,1,1,0.95508,0,0.962648,1.04395,0,45.7031,15.7778,15.8889,16.3056,1153,1390,1022.46,970,1019.1,71.8594,98.3438,99.2813,72.2578,99,596.951,41.25,5.636,3.808,6.324,90.75,55.2941,54.902,0,1.3125,73.0219,2.25,2.25,2.25
6.9,0,0,0,0,1.04736,0.99997,1.09988,4,1,1,0.95508,0,0.95508,1.02832,0,45.7031,15.8333,15.9167,16.6945,1150.25,1380,1027.62,970,1019.1,72.2344,98.3438,99.2813,74.4844,98.3438,596.951,41.25,5.728,3.848,6.408,90.75,54.902,54.902,0,1.25,73.3821,6.75,6.75,9
6.933,0,0,0,0,1.04944,0.99997,1.09973,4,1,1,0.952638,0,0.95508,1.0166,0,46.4844,15.8333,15.9445,16.5,1149.25,1390,1030.27,970,1019.1,72.4219,99.3281,99.1875,73.9922,99.3281,596.951,41.25,5.752,3.872,6.432,90.75,55.2941,56.0785,0,0.90625,73.3821,7.5,7.5,9.75
6.967,0,0,0,0,1.0575,0.99997,1.10645,4,1,1,0.950685,0,0.95508,1.02319,0,47.2656,15.9722,16.0278,16.5833,1155.75,1390,1032.07,970,1024.38,72.5625,99.0703,99.375,73.6172,99.3281,596.561,41.25,5.776,3.90667,6.456,90.75,56.4706,56.0785,0,0.8125,73.7406,6,6,6
7,0,0,0,0,1.06061,0.99997,1.10819,4,1,1,0.950685,0,0.950685,1.01001,0,47.2656,15.9722,16.0833,16.25,1160.5,1390,1030.55,970,1026.99,72.4453,99.0703,99.375,71.5781,99.0703,596.561,41.25,5.784,3.91467,6.464,90.75,56.4706,56.0785,0,0.84375,74.1008,6,6,6
7.033,0,0,0,0,1.06177,0.99997,1.10913,4,1,1,0.949464,0,0.950685,1.00171,0,48.0469,15.9722,16.1389,16.6389,1164.25,1390,1032.81,970,1029.65,72.7969,99.5625,99.3984,72.7734,99.5625,596.561,41.25,5.828,3.93334,6.508,90.75,56.4706,56.4706,0,0.859375,74.1008,6.75,6.75,6.75
7.067,0,0,0,0,1.06397,0.99997,1.11621,4,1,1,0.948244,0,0.950685,1.01148,0,47.2656,16.25,16.6111,16.8056,1171.25,1390,1033.91,970,1032.27,72.8672,99.2344,99.9609,73.5234,99.5625,596.561,41.25,5.856,3.96267,6.536,90.75,56.4706,56.4706,0,1.26563,73.7406,6.75,6.75,6.75
7.1,0,0,0,0,1.06256,0.99997,1.11783,4,1,1,0.948244,0,0.948244,1.00366,0,47.2656,16.3056,16.6667,16.6945,1174.5,1390,1033.52,970,1032.3,72.8203,99.2344,99.9609,72.6094,99.2344,596.561,40.5,5.844,3.95734,6.524,90.75,56.4706,56.4706,0,1.1875,73.3821,6,6,6
7.133,0,0,0,0,1.0639,0.99997,1.11832,4,1,1,0.947511,0,0.948244,0.995607,0,46.4844,16.25,16.6111,17.1111,1167.5,1400,1037.3,970,1034.92,73.1016,99.9844,99.8203,75.3281,99.9844,596.561,40.5,5.892,3.98934,6.572,90.75,56.4706,57.6471,0,1.5,73.3821,6,6,6
7.167,0,0,0,0,1.0694,0.99997,1.12686,4,1,1,0.947023,0,0.948244,1.00488,0,45.7031,16.1945,16.7222,17.3333,1169.5,1400,1043.67,970,1040.2,73.5703,99.7266,99.8906,75.7031,99.9844,596.229,40.5,5.96,4.00534,6.64,90.75,58.0392,57.6471,0,0.984375,73.0219,6,6,6.75
7.2,0,0,0,0,1.0705,0.99997,1.1239,4,1,1,0.947023,0,0.947023,0.991212,0,45.7031,16.5278,16.7778,16.8889,1178.5,1400,1042.77,970,1040.23,73.5,99.7266,99.8906,72.9844,99.7266,596.229,40.5,5.956,4.03467,6.636,90.75,57.6471,57.6471,0,0.765625,72.6618,3,3,3
7.233,0,0,0,0,1.06903,0.99997,1.1272,4,1,1,0.946535,0,0.947023,0.989992,0,42.1875,16.5833,16.75,17.0556,1184,1400,1043.24,970,1040.23,73.5469,99.75,100.43,73.8281,99.75,596.229,40.5,5.96,4.03734,6.64,90.75,57.6471,58.0392,0,0.703125,71.0429,3,3,3
7.267,0,0,0,0,1.07794,0.99997,1.13321,4,1,1,0.946291,0,0.947023,0.995607,0,39.0625,16.5833,16.8056,17.1945,1191.25,1400,1046.6,970,1048.13,73.8047,100.383,100.688,74.0625,99.75,596.229,40.5,6.028,4.05601,6.708,90.75,58.0392,58.0392,0,0.84375,69.784,3,3,3
7.3,0,0,0,0,1.07819,0.99997,1.13095,4,1,1,0.946291,0,0.946291,0.983644,0,39.0625,16.7222,16.8889,17.4722,1188,1400,1047.81,970,1048.13,73.875,100.383,100.688,74.625,100.383,596.229,40.5,6.032,4.08534,6.712,90.75,58.0392,58.0392,0,1.0625,69.0653,6,6,6
7.333,0,0,0,0,1.08222,0.99997,1.13379,4,1,1,0.946046,0,0.946291,0.979982,0,35.9375,16.8333,16.8889,17.8889,1191.5,1410,1052.19,970,1050.78,74.2031,100.664,100.688,76.7813,100.664,596.229,40.5,6.064,4.10667,6.732,90.75,58.0392,58.4314,0,1.03125,68.3451,6,6,6
7.367,0,0,0,0,1.0874,0.99997,1.13757,4,1,1,0.945802,0,0.946291,0.981203,0,35.9375,16.8333,17,17.6667,1198,1410,1055.2,970,1053.4,74.4141,100.57,100.922,75.6797,100.664,595.643,40.5,6.096,4.11201,6.764,90.75,59.2157,58.4314,0,1.07813,67.9865,6,6,6
7.4,0,0,0,0,1.0893,0.99997,1.13577,4,1,1,0.945802,0,0.945802,0.971193,0,35.9375,17.0556,17.0556,17.7778,1199.75,1410,1057.27,970,1053.44,74.5781,100.57,100.922,75.7969,100.57,595.643,40.5,6.112,4.14134,6.78,90.75,59.2157,58.4314,0,0.90625,67.0862,6.75,6.75,6
7.433,0,0,0,0,1.0965,0.99997,1.13562,4,1,1,0.945802,0,0.945802,0.962404,0,33.5938,17.0556,17.0833,17.6667,1197.5,1410,1059.22,970,1058.71,74.7188,100.898,100.922,75.8906,100.898,595.643,40.5,6.12,4.14667,6.808,90.75,58.8235,59.2157,0,0.703125,67.0862,6.75,6.75,6
7.467,0,0,0,0,1.10199,0.99997,1.14063,4,1,1,0.945558,0,0.945802,0.972414,0,32.0313,17.1667,17.2222,18.1111,1203,1410,1065.66,970,1061.33,75.1875,100.852,101.109,77.0859,100.898,595.643,40.5,6.176,4.16001,6.864,90.75,59.6079,59.2157,0,0.640625,66.3675,6,6,6
7.5,0,0,0,0,1.10767,0.99997,1.13879,4,1,1,0.945558,0,0.945558,0.968507,0,32.0313,17.3611,17.8056,18.1667,1210.75,1410,1067.89,970,1063.95,75.3516,100.852,101.109,76.6641,100.852,595.643,40.5,6.204,4.20267,6.892,90.75,59.2157,59.2157,0,0.71875,66.0074,6,6,6
7.533,0,0,0,0,1.10693,0.99997,1.13934,4,1,1,0.945558,0,0.945558,0.967287,0,31.25,17.4167,17.8611,18.1389,1211.25,1410,1069.38,970,1063.98,75.4688,101.086,101.414,76.3359,101.086,595.643,40.5,6.224,4.21601,6.904,90.75,59.6079,60,0,0.796875,65.6473,6,6,6
7.567,0,0,0,0,1.10761,0.99997,1.14349,4,1,1,0.945558,0,0.945558,0.977296,0,31.25,17.4167,17.8889,18.5278,1215.75,1410,1073.71,970,1066.64,75.7969,101.367,101.578,77.9766,101.086,595.487,40.5,6.272,4.21867,6.952,90.75,60.7843,60,0,0.84375,65.6473,6,6,6
7.6,0,0,0,0,1.11151,0.99997,1.14191,4,1,1,0.945558,0,0.945558,0.971193,0,31.25,17.6945,17.8889,18.6945,1221,1420,1078.2,970,1069.22,76.125,101.367,101.578,78.7969,101.367,595.487,40.5,6.312,4.27467,6.992,90.75,60.3922,60,0,1,65.2872,6,6,6
7.633,0,0,0,0,1.11609,0.99997,1.14261,4,1,1,0.945558,0,0.945558,0.964845,0,29.6875,17.75,17.9722,18.3056,1223.75,1420,1078.98,970,1071.91,76.1953,101.531,101.883,76.6641,101.531,595.487,40.5,6.3,4.26667,6.98,90.75,60.3922,60.7843,0,0.84375,64.9286,6,6,6
7.667,0,0,0,0,1.12268,0.99997,1.14615,4,1,1,0.945314,0,0.945558,0.966066,0,29.6875,17.6945,18.0278,18.4167,1224.75,1420,1081.29,970,1077.15,76.3828,101.813,101.906,77.2734,101.531,595.487,40.5,6.316,4.26667,6.996,90.75,61.1765,60.7843,0,0.640625,64.9286,6,6,6
7.7,0,0,0,0,1.1228,0.99997,1.14224,4,1,1,0.945314,0,0.945314,0.949953,0,29.6875,17.9722,18.1389,18.5833,1233.5,1420,1081.52,970,1077.19,76.4063,101.813,101.906,76.5469,101.555,595.487,40.5,6.316,4.27734,6.996,90.75,60.7843,60.7843,0,0.65625,64.9286,6,6,6
7.733,0,0,0,0,1.12531,0.99997,1.14322,4,1,1,0.945314,0,0.945314,0.944826,0,29.6875,18,18.3333,18.9445,1234.5,1420,1085.43,970,1079.84,76.7109,101.883,102.375,78.3984,101.789,595.487,40.5,6.324,4.26667,6.992,90.75,61.1765,61.9608,0,0.625,64.9286,6,6,6
7.767,0,0,0,0,1.12897,0.99997,1.14661,4,1,1,0.945314,0,0.945314,0.956056,0,29.6875,18.0556,18.1945,18.5556,1236,1420,1085.98,970,1082.46,76.7578,102.328,102.328,77.0859,101.883,595.311,40.5,6.356,4.30667,7.024,90.75,61.9608,61.9608,0,0.859375,64.9286,5.25,5.25,6
7.8,0,0,0,0,1.13165,0.99997,1.14258,4,1,1,0.945314,0,0.945314,0.948488,0,29.6875,18.0556,18.4167,18.8056,1235.5,1430,1087.73,970,1085.12,76.875,102.328,102.328,77.9531,102.328,595.311,39.75,6.36,4.30934,7.028,90.75,62.353,61.9608,0,0.90625,64.9286,5.25,5.25,5.25
7.833,0,0,0,0,1.13226,0.99997,1.14258,4,1,1,0.945314,0,0.945314,0.948488,0,29.6875,18.2222,18.8611,19.0833,1244.75,1430,1093.91,970,1085.12,77.3438,102.305,102.516,78.7969,102.305,595.311,39.75,6.392,4.32001,7.072,90.75,61.9608,61.9608,0,0.890625,64.9286,6,6,6
7.867,0,0,0,0,1.13525,0.99997,1.14533,4,1,1,0.945314,0,0.945314,0.959962,0,29.6875,18.4445,18.9167,19.5278,1248,1430,1098.13,970,1087.77,77.6484,102.492,102.75,80.1563,102.305,595.311,39.75,6.424,4.35201,7.104,90.75,61.9608,61.9608,0,0.671875,64.9286,6,6,6
7.9,0,0,0,0,1.13879,0.99997,1.1427,4,1,1,0.945314,0,0.945314,0.953615,0,29.6875,18.5556,18.9722,19.1667,1249.5,1430,1101.84,970,1090.39,77.9531,102.492,102.75,78.6797,102.492,595.311,39.75,6.444,4.37067,7.132,90.75,61.9608,61.9608,0,0.390625,64.9286,6,6,5.25
7.933,0,0,0,0,1.14087,0.99997,1.14203,4,1,1,0.945314,0,0.945314,0.946046,0,29.6875,18.5556,19,19.0556,1254.25,1430,1101.45,970,1093.05,78.1172,102.961,102.82,77.6953,102.914,595.311,39.75,6.448,4.36534,7.136,90.75,61.9608,63.1373,0,0.28125,64.9286,6,6,6
7.967,0,0,0,0,1.14154,0.99997,1.14459,4,1,1,0.945314,0,0.945314,0.951173,0,29.6875,18.75,19.0278,19.5278,1267.25,1430,1103.13,970,1095.7,78.2578,102.82,103.219,78.9844,102.844,595.272,39.75,6.464,4.37067,7.152,90.75,63.5294,63.1373,0,0.5625,64.9286,6,6,6
8,0,0,0,0,1.14441,0.99997,1.14188,4,1,1,0.945314,0,0.945314,0.941164,0,29.6875,18.9167,19.0833,19.4167,1267.5,1430,1103.2,970,1098.32,78.2578,102.82,103.219,78.3281,102.82,595.272,39.75,6.436,4.36001,7.116,90.75,63.1373,63.1373,0,0.671875,64.9286,6,6,6
8.033,0,0,0,0,1.14679,0.99997,1.14237,4,1,1,0.945314,0,0.945314,0.939943,0,29.6875,18.9167,19.3056,19.7222,1268,1440,1104.88,970,1100.98,78.3984,103.195,103.5,79.3828,103.172,595.272,39.75,6.452,4.36001,7.132,90.75,63.5294,64.3137,0,0.703125,64.9286,6,6,6
8.067,0,0,0,0,1.14917,0.99997,1.14194,4,1,1,0.945314,0,0.945314,0.942384,0,29.6875,18.9167,19.3611,19.8889,1269,1440,1108.44,970,1103.63,78.6563,103.453,103.523,80.2734,103.195,595.272,39.75,6.492,4.38401,7.172,90.75,64.7059,64.3137,0,0.734375,64.9286,5.25,5.25,6
8.1,0,0,0,0,1.1521,0.99997,1.13904,4,1,1,0.945314,0,0.945314,0.934328,0,29.6875,19.0833,19.4167,19.75,1272.25,1440,1109.38,970,1106.25,78.75,103.453,103.523,79.2891,103.453,595.272,39.75,6.484,4.39201,7.164,90.75,64.3137,64.3137,0,0.703125,65.2872,5.25,5.25,5.25
8.133,0,0,0,0,1.15186,0.99997,1.13956,4,1,1,0.945314,0,0.945314,0.936525,0,30.4688,19.1389,19.2222,19.75,1273.25,1440,1110.78,970,1106.25,78.8438,103.5,103.688,79.6875,103.5,595.272,39.75,6.488,4.39467,7.168,90.75,64.3137,64.7059,0,0.375,65.2872,5.25,5.25,5.25
8.167,0,0,0,0,1.15857,0.99997,1.13809,4,1,1,0.945314,0,0.945314,0.938722,0,30.4688,19.25,19.4722,19.9167,1286,1440,1112.7,970,1111.52,79.0078,103.688,104.156,79.5938,103.5,595.252,39.75,6.496,4.40001,7.176,90.75,64.7059,64.7059,0,0.25,65.2872,5.25,5.25,5.25
8.2,0,0,0,0,1.16058,0.99997,1.13614,4,1,1,0.945314,0,0.945314,0.934328,0,30.4688,19.3889,19.8889,19.7778,1290.75,1440,1111.91,970,1114.18,78.9844,103.688,104.156,78.4922,103.688,595.252,39.75,6.476,4.38667,7.156,90.75,64.7059,64.7059,0,0.53125,65.2872,5.25,5.25,5.25
8.233,0,0,0,0,1.15918,0.99997,1.13641,4,1,1,0.945314,0,0.945314,0.936525,0,30.4688,19.3889,20.4445,19.75,1292.75,1450,1111.68,970,1116.84,78.9609,104.109,104.227,77.9063,104.109,595.252,39.75,6.456,4.38401,7.136,90.75,64.7059,65.8824,0,0.484375,65.2872,6,6,5.25
8.267,0,0,0,0,1.15216,0.99997,1.13516,4,1,1,0.945314,0,0.945314,0.939943,0,30.4688,19.4445,20,20.25,1288.5,1450,1114.26,970,1116.84,79.1719,104.18,104.25,80.6953,104.109,595.252,39.75,6.496,4.40001,7.176,90.75,66.2745,65.8824,0,0.640625,65.2872,6,6,5.25
8.3,0,0,0,0,1.15698,0.99997,1.13333,4,1,1,0.945314,0,0.945314,0.934328,0,30.4688,19.5556,20.0556,20.6667,1297.5,1450,1118.95,970,1122.11,79.5234,104.18,104.25,81.2344,104.18,595.252,39.75,6.504,4.39201,7.184,90.75,65.8824,65.8824,0,0.78125,65.2872,6,6,5.25
8.333,0,0,0,0,1.15711,0.99997,1.13529,4,1,1,0.945314,0,0.945314,0.939943,0,30.4688,19.6667,20.0556,20.1111,1297.25,1450,1118.95,970,1122.11,79.5234,104.227,104.578,79.5234,104.227,595.252,39.75,6.504,4.40534,7.184,90.75,65.8824,66.2745,0,0.546875,65.2872,6,6,5.25
8.367,0,0,0,0,1.1604,0.99997,1.13306,4,1,1,0.945314,0,0.945314,0.937501,0,30.4688,19.8333,20.1111,20.75,1310.25,1450,1121.64,970,1127.38,79.7578,104.555,104.906,80.7656,104.227,595.057,39.75,6.516,4.41067,7.196,90.75,66.2745,66.2745,0,0.3125,65.2872,6,6,6
8.4,0,0,0,0,1.16333,0.99997,1.13239,4,1,1,0.945314,0,0.945314,0.934328,0,30.4688,19.9445,20.1111,20.8056,1309.25,1450,1124.26,970,1130,79.9453,104.555,104.906,81.5156,104.461,595.057,39.75,6.528,4.42134,7.208,90.75,66.2745,66.2745,0,0.28125,65.2872,6,6,6
8.433,0,0,0,0,1.16486,0.99997,1.13361,4,1,1,0.947267,0,0.945314,0.939943,0,30.4688,20.0278,20.1945,20.9722,1311.5,1460,1127.07,970,1130.04,80.1797,104.883,105.07,81.8438,104.789,595.057,39.75,6.568,4.44801,7.248,90.75,66.2745,67.451,0,0.328125,65.2872,6,6,6
8.467,0,0,0,0,1.16974,0.99997,1.13077,4,1,1,0.948732,0,0.945314,0.934328,0,30.4688,20.1389,20.3056,20.8056,1320.25,1450,1129.88,970,1132.66,80.3906,105.047,105.398,80.8125,104.719,595.057,39.75,6.572,4.46134,7.252,90.75,67.451,67.451,0,0.65625,65.2872,5.25,5.25,5.25
8.5,0,0,0,0,1.17645,0.99997,1.13233,4,1,1,0.948732,0,0.948732,0.941164,0,30.4688,20.1945,20.2778,21.1389,1313,1460,1133.75,970,1137.97,80.6953,105.047,105.398,82.9922,105.047,595.057,39.75,6.6,4.47201,7.28,90.75,67.8432,67.451,0,0.65625,65.2872,5.25,5.25,9
8.533,0,0,0,0,1.17609,0.99997,1.13092,4,1,1,0.949708,0,0.948732,0.942384,0,30.4688,20.3056,20.3889,21.3611,1321.25,1460,1140.31,970,1135.31,81.1875,105.352,105.328,83.5781,105.258,595.057,39.75,6.628,4.47467,7.308,90.75,67.8432,67.451,0,0.484375,65.2872,5.25,5.25,6
8.567,0,0,0,0,1.18329,0.99997,1.13007,4,1,1,0.950685,0,0.948732,0.939943,0,30.4688,20.5278,21.25,21.0278,1326,1460,1140,970,1140.59,81.1875,105.328,105.609,81,105.188,595.291,39.75,6.612,4.48001,7.292,90.75,67.8432,67.451,0,0.34375,65.2872,4.5,4.5,4.5
8.6,0,0,0,0,1.18298,0.99997,1.13117,4,1,1,0.950685,0,0.950685,0.944826,0,30.4688,20.7778,21.25,21.6389,1341.5,1460,1142.77,970,1143.24,81.3984,105.328,105.609,82.6406,105.328,595.291,39.75,6.628,4.49067,7.296,90.75,67.8432,67.451,0,0.1875,65.2872,2.25,2.25,2.25
8.633,0,0,0,0,1.18732,0.99997,1.13107,4,1,1,0.951173,0,0.950685,0.947267,0,30.4688,20.7778,21.2778,21.5278,1341.25,1460,1143.75,970,1148.52,81.4922,105.609,106.172,82.0547,105.398,595.291,39.75,6.648,4.50401,7.316,90.75,67.451,69.0196,0,0.328125,65.2872,4.5,4.5,4.5
8.667,0,0,0,0,1.1911,0.99997,1.12875,4,1,1,0.951662,0,0.950685,0.939943,0,30.4688,20.8889,21.3334,21.4167,1332.5,1460,1147.11,970,1151.13,81.7734,106.078,105.844,82.5234,105.492,595.291,39.75,6.648,4.51201,7.316,90.75,69.0196,69.0196,0,0.65625,65.2872,6,6,12
8.7,0,0,0,0,1.19202,0.99997,1.13107,4,1,1,0.951662,0,0.951662,0.946046,0,30.4688,20.8889,21.3889,21.5,1340.5,1470,1147.58,970,1153.75,81.7969,106.078,105.844,82.1016,105.727,595.291,39.75,6.652,4.50667,7.32,90.75,69.0196,69.0196,0,0.484375,65.2872,5.25,5.25,6.75
8.733,0,0,0,0,1.19019,0.99997,1.13013,4,1,1,0.95215,0,0.951662,0.946046,0,30.4688,21,21.3889,21.8889,1355.25,1470,1149.69,970,1153.79,81.9844,105.867,106.43,83.0156,105.867,595.291,39.75,6.66,4.50134,7.34,90.75,69.0196,69.4118,0,0.484375,65.2872,3.75,3.75,3.75
8.767,0,0,0,0,1.19598,0.99997,1.12888,4,1,1,0.952394,0,0.951662,0.943605,0,30.4688,21.1667,21.4445,22.25,1350,1470,1153.44,970,1159.1,82.2656,106.383,106.5,84.4922,105.867,595.487,39.75,6.688,4.53067,7.368,90.75,69.8039,69.4118,0,0.390625,65.2872,6,6,7.5
8.8,0,0,0,0,1.19965,0.99997,1.12802,4,1,1,0.952394,0,0.952394,0.942384,0,30.4688,21.3611,21.5834,21.8889,1359.5,1470,1155.43,970,1161.72,82.4297,106.383,106.5,82.1719,105.961,595.487,39.75,6.68,4.52534,7.348,90.75,69.8039,69.4118,0,0.0625,65.2872,4.5,4.5,4.5
8.833,0,0,0,0,1.20166,0.99997,1.12656,4,1,1,0.952394,0,0.952394,0.937501,0,30.4688,21.3611,22.0556,22.5,1359,1480,1158.52,970,1164.38,82.6641,106.5,106.828,84.4922,106.5,595.487,39.75,6.696,4.52534,7.364,90.75,69.8039,70.1961,0,0.34375,65.2872,5.25,5.25,5.25
8.867,0,0,0,0,1.20441,0.99997,1.12747,4,1,1,0.952638,0,0.952394,0.946046,0,30.4688,21.5278,21.6389,22.6389,1367,1480,1163.59,970,1166.99,83.0625,106.805,107.109,85.4297,106.5,595.487,39.75,6.744,4.54401,7.412,90.75,70.5883,70.1961,0,0.328125,65.2872,5.25,5.25,5.25
8.9,0,0,0,0,1.20856,0.99997,1.12546,4,1,1,0.952638,0,0.952638,0.946046,0,30.4688,21.75,22.4722,22.3889,1370.25,1480,1164.88,970,1169.65,83.1797,106.805,107.109,83.9297,106.805,595.487,39.75,6.764,4.58134,7.432,90.75,70.5883,70.1961,0,0.5625,65.2872,5.25,5.25,5.25
8.933,0,0,0,0,1.20923,0.99997,1.12415,4,1,1,0.952882,0,0.952638,0.943605,0,30.4688,21.8056,22.5278,22.5556,1376.75,1480,1168.63,970,1172.3,83.4609,107.063,107.25,83.7656,107.063,595.487,39.75,6.768,4.59201,7.448,90.75,70.1961,71.7647,0,0.625,65.2872,5.25,5.25,4.5
8.967,0,0,0,0,1.20984,0.99997,1.12381,4,1,1,0.952882,0,0.952638,0.944826,0,30.4688,21.9722,22.5834,22.6111,1379.75,1480,1172.07,970,1174.92,83.7422,107.227,107.508,84.0234,107.063,595.799,39.75,6.788,4.60267,7.468,90.75,71.7647,71.7647,0,0.140625,65.2872,5.25,5.25,4.5
9,0,0,0,0,1.21106,0.99997,1.12247,4,1,1,0.952882,0,0.952882,0.939943,0,30.4688,22,22.5834,22.8611,1377.75,1480,1173.83,970,1177.58,83.8828,107.227,107.508,84.9141,107.227,595.799,39.75,6.792,4.60001,7.46,90.75,71.3726,71.7647,0,0.09375,65.2872,5.25,5.25,5.25
9.033,0,0,0,0,1.20978,0.99997,1.12247,4,1,1,0.952882,0,0.952882,0.939943,0,30.4688,22.1111,22.5556,22.8056,1380.25,1490,1175.51,970,1177.58,84.0234,107.508,107.602,85.0078,107.508,595.799,39.75,6.792,4.60001,7.46,90.75,71.7647,72.549,0,0.296875,65.2872,5.25,5.25,5.25
9.067,0,0,0,0,1.21545,0.99997,1.12097,4,1,1,0.952882,0,0.952882,0.942384,0,30.4688,22.2778,22.6667,23.0278,1395.25,1490,1178.63,970,1182.85,84.2578,107.625,108.141,84.3516,107.508,595.799,39.75,6.812,4.61334,7.48,90.75,72.549,72.549,0,0.421875,65.2872,5.25,5.25,5.25
9.1,0,0,0,0,1.21747,0.99997,1.11878,4,1,1,0.952882,0,0.952882,0.936525,0,30.4688,22.5556,22.6945,23.5278,1391.25,1490,1182.73,970,1185.51,84.6094,107.625,108.141,86.7422,107.625,595.799,39.75,6.828,4.60534,7.496,90.75,72.549,72.549,0,0.578125,65.2872,5.25,5.25,8.25
9.133,0,0,0,0,1.224,0.99997,1.1189,4,1,1,0.95508,0,0.952882,0.938722,0,30.4688,22.4445,23.5,23.5834,1393.75,1490,1186.6,970,1190.74,85.0781,108.352,108,87.1875,108,595.799,39.75,6.892,4.62401,7.56,90.75,72.549,74.1177,0,0.65625,65.2872,5.25,5.25,6.75
9.167,0,0,0,0,1.22339,0.99997,1.1156,4,1,1,0.956544,0,0.952882,0.93213,0,30.4688,22.6389,22.8334,23.4722,1408.25,1490,1183.44,970,1193.44,84.8672,108.047,108.609,84.9141,107.953,595.994,39.75,6.828,4.64001,7.496,90.75,74.5098,74.1177,0,0.234375,65.2872,2.25,2.25,2.25
9.2,0,0,0,0,1.22223,0.99997,1.11514,4,1,1,0.956544,0,0.956544,0.934328,0,30.4688,22.75,23.5556,23.4167,1405.5,1490,1185.2,970,1193.4,85.0313,108.047,108.609,86.0391,108.047,595.994,39.75,6.84,4.63467,7.508,90.75,74.902,74.1177,0,-0.0625,65.2872,5.25,5.25,5.25
9.233,0,0,0,0,1.22394,0.99997,1.11331,4,1,1,0.957521,0,0.956544,0.935304,0,30.4688,22.9722,23.6389,23.6111,1416.75,1490,1191.21,970,1196.05,85.5,108.586,108.656,85.4766,108.375,595.994,39.75,6.844,4.65334,7.512,90.75,73.7255,74.5098,0,0,65.2872,4.5,4.5,4.5
9.267,0,0,0,0,1.22455,0.99997,1.11105,4,1,1,0.958498,0,0.956544,0.934328,0,30.4688,23.0278,23.6667,23.8056,1422.25,1490,1192.54,970,1198.71,85.6172,108.656,108.75,86.1328,108.328,595.994,39.75,6.828,4.62667,7.496,90.75,74.5098,74.5098,0,0.375,65.2872,7.5,7.5,6.75
9.3,0,0,0,0,1.23077,0.99997,1.11139,4,1,1,0.958498,0,0.958498,0.942384,0,30.4688,23.25,23.6389,24.5556,1418.75,1500,1198.36,970,1206.6,86.0391,108.656,108.75,89.5078,108.656,595.994,39.75,6.884,4.66401,7.552,90.75,74.5098,74.5098,0,0.359375,65.2872,6.75,6.75,6.75
9.333,0,0,0,0,1.22931,0.99997,1.10935,4,1,1,0.958986,0,0.958498,0.942384,0,30.4688,23.3889,23.8056,24.1389,1428,1500,1198.01,970,1203.98,86.0156,108.797,109.336,85.8281,108.797,595.994,39.75,6.876,4.65867,7.544,90.75,74.5098,75.6863,0,0.453125,65.2872,6.75,6.75,6.75
9.367,0,0,0,0,1.23389,0.99997,1.10816,4,1,1,0.959474,0,0.958498,0.944826,0,30.4688,23.5556,23.8056,23.9722,1434.5,1500,1198.87,970,1209.26,86.1328,109.336,109.57,85.7813,108.773,596.639,39.75,6.864,4.65067,7.532,90.75,75.6863,75.6863,0,0.234375,65.2872,6.75,6.75,6
9.4,0,0,0,0,1.23322,0.99997,1.10816,4,1,1,0.959474,0,0.959474,0.947267,0,30.4688,23.5,23.8334,24.6111,1431.75,1500,1204.88,970,1209.3,86.6016,109.336,109.57,88.5234,109.031,596.639,39.75,6.9,4.67467,7.58,90.75,75.6863,75.6863,0,-0.046875,65.2872,6.75,6.75,6.75
9.433,0,0,0,0,1.23724,0.99997,1.10724,4,1,1,0.959962,0,0.959474,0.944826,0,30.4688,23.6111,23.9722,24.6111,1437,1510,1205.98,970,1211.91,86.6953,109.547,109.664,87.3516,109.523,596.639,39.75,6.9,4.67467,7.58,90.75,75.6863,76.0785,0,-0.1875,65.2872,6.75,6.75,6.75
9.467,0,0,0,0,1.24072,0.99997,1.107,4,1,1,0.960207,0,0.959474,0.948488,0,30.4688,23.8889,23.9722,24.8889,1444.5,1510,1210.23,970,1214.57,87.0234,109.664,109.945,88.6875,109.453,596.639,39.75,6.924,4.67734,7.604,90.75,75.6863,76.0785,0,0,65.2872,7.5,7.5,6.75
9.5,0,0,0,0,1.24695,0.99997,1.10492,4,1,1,0.960207,0,0.960207,0.943605,0,30.4688,24.0834,24.8889,25.1389,1452.5,1510,1213.48,970,1219.84,87.2813,109.664,109.945,88.5234,109.57,596.639,39.75,6.928,4.69067,7.608,90.75,76.0785,76.0785,0,0.4375,65.2872,6.75,6.75,6.75
9.533,0,0,0,0,1.24518,0.99997,1.10446,4,1,1,0.960207,0,0.960207,0.943605,0,30.4688,24.1389,24.9167,25.1111,1455.25,1510,1214.77,970,1219.84,87.3984,109.969,110.227,88.1484,109.711,596.639,39.75,6.928,4.69334,7.608,90.75,76.0785,77.6471,0,0.46875,65.2872,6.75,6.75,6.75
9.567,0,0,0,0,1.2475,0.99997,1.10236,4,1,1,0.960451,0,0.960207,0.942384,0,30.4688,24.3611,24.9722,25.25,1458.75,1510,1220.47,970,1222.5,87.8438,110.227,110.461,88.6172,109.664,597.44,39.75,6.98,4.73067,7.66,90.75,78.0392,77.6471,0,0.25,65.2872,6.75,6.75,6.75
9.6,0,0,0,0,1.25488,0.99997,1.10092,4,1,1,0.960451,0,0.960451,0.941164,0,30.4688,24.5278,24.9167,25.2778,1461.75,1510,1223.13,970,1230.43,88.0547,110.227,110.461,89.625,110.016,597.44,39.75,6.988,4.73334,7.668,90.75,77.6471,77.6471,0,-0.078125,65.2872,6.75,6.75,6.75
9.633,0,0,0,0,1.25177,0.99997,1.10019,4,1,1,0.960695,0,0.960451,0.943605,0,30.4688,24.5834,25,25.4167,1467.25,1520,1226.6,970,1227.77,88.3359,110.461,110.555,89.3438,110.297,597.44,39.75,6.992,4.73334,7.66,90.75,78.0392,78.4314,0,-0.21875,65.2872,6.75,6.75,6.75
9.667,0,0,0,0,1.25903,0.99997,1.0976,4,1,1,0.960695,0,0.960451,0.943605,0,30.4688,24.7222,25.1667,25.8056,1467.5,1520,1230.7,970,1233.05,88.6641,110.555,110.789,90.1172,110.25,597.44,39.75,7.004,4.73867,7.672,90.75,78.4314,78.4314,0,0.03125,65.2872,6.75,6.75,6.75
9.7,0,0,0,0,1.26202,0.99997,1.09799,4,1,1,0.960695,0,0.960695,0.951173,0,30.4688,24.9445,25.2222,25.9167,1474.25,1520,1232.54,970,1235.7,88.8047,110.555,110.789,89.9063,110.438,597.44,39.75,7.012,4.74934,7.68,90.75,78.4314,78.4314,0,0.234375,65.2872,6.75,6.75,6.75
9.733,0,0,0,0,1.263,0.99997,1.09757,4,1,1,0.960695,0,0.960695,0.958498,0,30.4688,25.1111,25.25,26.2222,1493.5,1520,1238.01,970,1235.7,89.25,110.813,111.188,90.6797,110.578,597.44,39.75,7.072,4.76534,7.74,90.75,78.8236,79.2157,0,0.3125,65.2872,2.25,2.25,2.25
9.767,0,0,0,0,1.26691,0.99997,1.09534,4,1,1,0.960695,0,0.960695,0.951173,0,30.4688,25.2778,26.1389,26.6389,1487.5,1520,1243.67,970,1238.32,89.6719,111.188,111.516,92.7188,110.508,597.967,39.75,7.092,4.77867,7.76,90.75,79.6079,79.2157,0,0.0625,65.2872,6,6,6
9.8,0,0,0,0,1.27448,0.99997,1.09631,4,1,1,0.960695,0,0.960695,0.953615,0,30.4688,25.3056,26.25,26.4167,1476.5,1520,1246.64,970,1246.25,89.9297,111.188,111.516,91.6641,110.859,597.967,39.75,7.12,4.82401,7.788,90.75,79.2157,79.2157,0,-0.1875,65.2872,7.5,7.5,11.25
9.833,0,0,0,0,1.27026,0.99997,1.09509,4,1,1,0.962892,0,0.960695,0.949953,0,30.4688,25.5278,26.1945,26.7778,1495.5,1530,1249.49,970,1243.63,90.1641,111.492,111.633,92.6953,111.117,597.967,39.75,7.128,4.80534,7.796,90.75,79.6079,79.2157,0,-0.03125,65.2872,5.25,5.25,5.25
9.867,0,0,0,0,1.27796,0.99997,1.09604,4,1,1,0.964357,0,0.960695,0.956056,0,30.4688,25.75,26.3611,27.0556,1504,1520,1251.37,970,1251.56,90.3047,111.633,112.172,92.0156,111.023,597.967,39.75,7.132,4.81334,7.8,90.75,79.2157,79.6079,0,0.078125,65.2872,5.25,5.25,5.25
9.9,0,0,0,0,1.28247,0.99997,1.09604,4,1,1,0.964357,0,0.964357,0.963625,0,30.4688,25.8611,26.3889,26.6945,1500.75,1530,1252.23,970,1256.84,90.3984,111.633,112.172,90.8906,111.305,597.967,39.75,7.156,4.84801,7.824,90,79.2157,79.6079,0,0.328125,65.2872,6.75,6.75,6.75
9.933,0,0,0,0,1.28455,0.99997,1.0947,4,1,1,0.965334,0,0.964357,0.959962,0,30.4688,26.0556,26.5,27.3611,1504,1530,1259.22,970,1259.45,90.9375,112.125,112.313,92.8594,111.516,597.967,39.75,7.18,4.84534,7.86,90,79.6079,81.1765,0,0.21875,65.2872,5.25,5.25,7.5
9.967,0,0,0,0,1.28833,0.99997,1.09555,4,1,1,0.96631,0,0.964357,0.962404,0,30.4688,26.1667,26.6111,27.5278,1517.75,1530,1264.06,970,1262.11,91.3125,112.289,112.828,92.9766,111.516,598.924,39.75,7.22,4.86934,7.9,90,81.9608,81.1765,0,-0.125,65.2872,5.25,5.25,6
10,0,0,0,0,1.29468,0.99997,1.09454,4,1,1,0.96631,0,0.96631,0.957277,0,30.4688,26.5556,26.6667,27.4445,1524,1540,1265.31,970,1267.34,91.4063,112.289,112.828,92.1563,112.289,598.924,39.75,7.216,4.88801,7.896,90.75,81.5687,81.1765,0,-0.203125,65.2872,6,6,5.25
10.033,0,0,0,0,1.2923,0.99997,1.095,4,1,1,0.966798,0,0.96631,0.956056,0,30.4688,26.75,27.5,28.0278,1530.5,1540,1273.63,970,1264.77,92.0625,112.805,113.414,94.7813,112.594,598.924,39.75,7.284,4.89334,7.964,90.75,81.9608,83.1373,0,-0.109375,65.2872,6.75,6.75,6
10.067,0,0,0,0,1.29816,0.99997,1.09406,4,1,1,0.967287,0,0.96631,0.956056,0,30.4688,26.9167,27.6667,28.1111,1527.5,1540,1281.29,970,1270.04,92.6484,113.32,113.273,94.7813,112.031,598.924,39.75,7.332,4.94934,8.012,90.75,83.5294,83.1373,0,0.09375,65.2872,6.75,6.75,6.75
10.1,0,0,0,0,1.30194,0.99997,1.09348,4,1,1,0.967287,0,0.967287,0.956056,0,30.4688,26.9722,27.7778,27.4722,1529.75,1550,1279.73,970,1275.31,92.5313,113.32,113.273,91.6172,113.086,598.924,39.75,7.3,4.94401,7.98,90,83.1373,83.1373,0,0.140625,65.2872,6,6,6.75
10.133,0,0,0,0,1.30341,0.99997,1.09296,4,1,1,0.967775,0,0.967287,0.958498,0,30.4688,27.0834,27.7222,28.3611,1535.5,1550,1287.3,970,1277.93,93.0938,113.18,113.461,95.2969,113.18,598.924,39.75,7.352,4.96267,8.02,90,83.1373,83.5294,0,0.203125,65.2872,6,6,6
10.167,0,0,0,0,1.30597,0.99997,1.09137,4,1,1,0.968019,0,0.967287,0.957277,0,30.4688,27.3056,27.7778,28.7778,1543,1550,1293.28,970,1280.55,93.5391,113.367,114.023,96.3516,113.18,599.979,39.75,7.392,4.98401,8.06,90,83.5294,83.5294,0,-0.234375,65.2872,6,6,6
10.2,0,0,0,0,1.31073,0.99997,1.09049,4,1,1,0.968019,0,0.968019,0.957277,0,30.4688,27.7222,27.9167,28.3056,1555.25,1550,1294.65,970,1283.24,93.6563,113.367,114.023,93.4453,113.273,599.979,39,7.376,5.01067,8.056,90.75,83.5294,83.5294,0,-0.0625,65.2872,6,6,6
10.233,0,0,0,0,1.31317,0.99997,1.08914,4,1,1,0.969972,0,0.968019,0.953615,0,30.4688,27.7778,27.9445,28.2778,1556.5,1550,1294.73,970,1285.86,93.6797,113.906,114.609,93.7266,113.508,599.979,39,7.36,4.99734,8.04,90.75,83.9216,85.0981,0,0.046875,65.2872,6,6,6
10.267,0,0,0,0,1.31818,0.99997,1.08887,4,1,1,0.971681,0,0.968019,0.957277,0,30.4688,27.7778,28,29.0278,1556,1560,1299.41,970,1291.13,94.0313,114.422,114.656,96.3984,113.906,599.979,39,7.392,4.98134,8.072,90.75,85.0981,85.0981,0,0.15625,65.2872,5.25,5.25,5.25
10.3,0,0,0,0,1.32044,0.99997,1.08664,4,1,1,0.971681,0,0.971681,0.953615,0,30.4688,28.1389,28.1667,29.1945,1563,1570,1304.57,970,1291.17,94.4063,114.422,114.656,96.1172,114.422,599.979,39,7.38,5.00001,8.048,90.75,85.0981,85.0981,0,0.234375,65.2872,5.25,5.25,5.25
10.333,0,0,0,0,1.32501,0.99997,1.08612,4,1,1,0.972902,0,0.971681,0.954835,0,30.4688,28.25,28.25,29.0278,1568,1570,1305.47,970,1293.83,94.4766,114.492,115.219,95.0156,114.492,599.979,39,7.392,5.00801,8.06,90.75,85.0981,85.0981,0,-0.15625,65.2872,5.25,5.25,5.25
10.367,0,0,0,0,1.3291,0.99997,1.08399,4,1,1,0.973878,0,0.971681,0.953615,0,30.4688,28.4167,29.1945,29.0556,1576.5,1570,1306.17,970,1299.1,94.5469,114.984,115.617,94.8047,114.492,600.897,39,7.38,5.00001,8.048,90.75,85.0981,85.0981,0,-0.21875,65.2872,6,6,5.25
10.4,0,0,0,0,1.32672,0.99997,1.08283,4,1,1,0.973878,0,0.973878,0.952394,0,30.4688,28.3056,29.2222,29.1667,1566.75,1570,1308.79,970,1299.1,94.7578,114.984,115.617,95.4141,114.563,600.897,39,7.384,5.00267,8.064,90.75,85.0981,85.0981,0,-0.25,65.2872,6,6,9.75
10.433,0,0,0,0,1.33325,0.99997,1.08319,4,1,1,0.974611,0,0.973878,0.961183,0,30.4688,28.4722,29.3056,29.6667,1579,1570,1314.18,970,1307.03,95.1328,115.313,115.406,95.7891,114.961,600.897,39,7.404,5.01867,8.084,90.75,85.0981,86.6667,0,0.125,65.2872,6,6,6
10.467,0,0,0,0,1.33496,0.99997,1.08017,4,1,1,0.975099,0,0.973878,0.957277,0,30.4688,28.8889,29.3611,29.9167,1594,1570,1317.15,970,1309.65,95.3906,115.195,116.367,96.0469,114.75,600.897,39,7.404,5.01334,8.084,90.75,87.0589,86.6667,0,0.3125,65.2872,3.75,3.75,3.75
10.5,0,0,0,0,1.33728,0.99997,1.07974,4,1,1,0.975099,0,0.975099,0.957277,0,30.4688,29.1111,29.3056,30.3056,1594.25,1580,1321.68,970,1312.27,95.7188,115.195,116.367,98.4141,115.172,600.897,39,7.44,5.04001,8.12,90,86.6667,86.6667,0,-0.09375,65.2872,4.5,4.5,4.5
10.533,0,0,0,0,1.33978,0.99997,1.07883,4,1,1,0.975343,0,0.975099,0.957277,0,30.4688,29.2778,30.3334,29.6667,1597.75,1570,1324.3,970,1312.3,95.9297,116.039,116.789,95.6484,115.031,600.897,39,7.448,5.06134,8.116,90,87.0589,88.2353,0,-0.25,65.2872,6.75,6.75,6.75
10.567,0,0,0,0,1.34363,0.99997,1.07752,4,1,1,0.975587,0,0.975099,0.961183,0,30.4688,29.2778,29.5,30.5,1598.5,1570,1328.13,970,1320.2,96.2109,116.391,116.672,98.5313,115.055,602.108,39,7.468,5.03467,8.136,90,88.2353,88.2353,0,-0.296875,65.2872,6.75,6.75,8.25
10.6,0,0,0,0,1.3443,0.99997,1.07529,4,1,1,0.975587,0,0.975587,0.954835,0,30.4688,29.3056,29.5834,30.3334,1602.5,1580,1331.72,970,1320.23,96.4453,116.391,116.672,97.3594,115.266,602.108,39,7.456,5.05601,8.124,90,88.2353,88.2353,0,-0.171875,65.2872,6,6,7.5
10.633,0,0,0,0,1.3465,0.99997,1.07477,4,1,1,0.975832,0,0.975587,0.957277,0,30.4688,29.4722,29.6389,30.3056,1615.5,1580,1331.45,970,1322.85,96.3984,116.484,117.492,96.2813,115.43,602.108,39,7.436,5.03734,8.104,90,88.2353,88.2353,0,0.140625,65.2872,5.25,5.25,5.25
10.667,0,0,0,0,1.35211,0.99997,1.07251,4,1,1,0.976076,0,0.975587,0.958498,0,30.4688,29.9722,30.5556,30.6945,1626.5,1580,1331.84,970,1328.16,96.6328,117.211,118.008,97.0547,115.313,602.108,39,7.448,5.04534,8.116,90,88.2353,88.2353,0,0.125,65.2872,4.5,4.5,4.5
10.7,0,0,0,0,1.34961,0.99997,1.07153,4,1,1,0.976076,0,0.976076,0.958498,0,30.4688,29.8611,30.6667,31.0278,1615.75,1590,1334.8,970,1328.16,96.9609,117.211,118.008,98.4844,116.297,602.108,39,7.464,5.05601,8.132,90.75,88.2353,88.2353,0,-0.234375,65.2872,6,6,9.75
10.733,0,0,0,0,1.35706,0.99997,1.07092,4,1,1,0.978273,0,0.976076,0.963625,0,30.4688,30.0556,30.75,31.0278,1626.5,1600,1338.28,970,1336.09,97.1719,117.469,117.82,97.3125,116.906,602.108,39,7.468,5.06934,8.136,90.75,88.6275,89.804,0,-0.359375,65.2872,6,6,6
10.767,0,0,0,0,1.35754,0.99997,1.06842,4,1,1,0.979738,0,0.976076,0.959962,0,30.4688,30.3334,30.8056,31.3611,1634,1590,1339.18,970,1338.71,97.2188,117.469,118.359,98.4141,116.742,603.182,39,7.448,5.03734,8.116,90.75,89.804,89.804,0,-0.140625,65.2872,6,6,6
10.8,0,0,0,0,1.35632,0.99997,1.06836,4,1,1,0.979738,0,0.979738,0.964845,0,30.4688,30.4445,30.7778,30.8889,1638.5,1600,1340.51,970,1338.71,97.4531,117.469,118.359,97.5,117.047,603.182,39,7.456,5.07201,8.136,90,89.804,89.804,0,-0.03125,65.2872,6,6,6.75
10.833,0,0,0,0,1.35803,0.99997,1.06644,4,1,1,0.980959,0,0.979738,0.959962,0,30.4688,30.4445,30.8056,31.0278,1637.5,1600,1340.82,970,1341.37,97.5234,117.867,118.57,97.6641,117.656,603.182,39,7.448,5.05067,8.128,90,90.1961,91.3726,0,-0.109375,65.2872,6.75,6.75,8.25
10.867,0,0,0,0,1.36316,0.99997,1.06577,4,1,1,0.981691,0,0.979738,0.961183,0,30.4688,30.8056,30.8889,31.7222,1651,1610,1344.49,970,1346.64,97.8047,118.148,119.18,99.0703,117.867,603.182,39,7.468,5.05867,8.148,90,91.7647,91.3726,0,-0.3125,65.2872,5.25,5.25,6
10.9,0,0,0,0,1.36487,0.99997,1.06424,4,1,1,0.981691,0,0.981691,0.961183,0,30.4688,30.8611,31.8611,31.5834,1654.75,1610,1343.52,970,1349.26,97.875,118.148,119.18,98.5781,118.148,603.182,39,7.464,5.05601,8.144,90,91.3726,91.3726,0,-0.265625,65.2872,6,6,6
10.933,0,0,0,0,1.36176,0.99997,1.06226,4,1,1,0.982423,0,0.981691,0.959962,0,30.4688,30.9167,31.8056,31.9445,1659.25,1610,1346.95,970,1349.3,98.1797,118.594,119.344,99.5625,118.594,603.182,39,7.456,5.04267,8.136,90,91.3726,92.9412,0,-0.25,65.2872,6,6,5.25
10.967,0,0,0,0,1.35889,0.99997,1.06107,4,1,1,0.982912,0,0.981691,0.961183,0,30.4688,31.1389,31.7778,31.7222,1665.25,1610,1347.89,970,1349.3,98.25,118.828,119.859,99.1641,118.594,604.334,39,7.452,5.04001,8.132,90,92.9412,92.9412,0,0.078125,65.2872,6,6,6
11,0,0,0,0,1.36456,0.99997,1.05994,4,1,1,0.982912,0,0.982912,0.963625,0,30.4688,31.3056,31.9167,32.3056,1675.5,1610,1348.79,970,1357.23,98.4609,118.828,119.859,99.0938,118.828,604.334,39,7.452,5.05334,8.14,90.75,92.9412,92.9412,0,-0.046875,65.2872,6,6,6
11.033,0,0,0,0,1.36841,0.99997,1.05826,4,1,1,0.9834,0,0.982912,0.963625,0,30.4688,31.4445,31.8889,31.9445,1672.5,1620,1348.95,970,1362.46,98.4609,119.25,120.211,98.5781,119.25,604.334,39,7.436,5.04801,8.124,90.75,92.9412,93.3334,0,-0.375,65.2872,6,6,6
11.067,0,0,0,0,1.36719,0.99997,1.0567,4,1,1,0.983644,0,0.982912,0.963625,0,30.4688,31.5,31.9722,32.1945,1676.75,1620,1349.57,970,1365.08,98.6484,119.484,120.352,98.6016,119.25,604.334,39,7.432,5.03201,8.12,90.75,93.3334,93.3334,0,-0.0625,65.2872,6,6,6
11.1,0,0,0,0,1.36627,0.99997,1.05542,4,1,1,0.983644,0,0.983644,0.966066,0,30.4688,31.6667,31.9722,31.9445,1684.75,1620,1348.24,970,1365.12,98.5547,119.484,120.352,97.7813,119.484,604.334,39,7.404,5.01601,8.072,90.75,93.7255,93.3334,0,-0.03125,65.2872,6,6,6
11.133,0,0,0,0,1.36585,0.99997,1.0542,4,1,1,0.983888,0,0.983644,0.967287,0,30.4688,31.7778,33.1667,33.0556,1700,1620,1351.6,970,1367.77,98.4844,119.203,121.078,100.336,119.203,604.334,39,7.38,5.01601,8.048,90.75,93.7255,94.5098,0,-0.265625,65.2872,3.75,3.75,3.75
11.167,0,0,0,0,1.36884,0.99997,1.0528,4,1,1,0.984132,0,0.983644,0.969972,0,30.4688,31.9722,33.2222,32.8611,1694.5,1620,1354.69,970,1375.66,98.7422,120.305,121.266,99.6328,119.203,605.916,39,7.408,5.01067,8.076,90.75,94.5098,94.5098,0,0.171875,65.2872,6.75,6.75,7.5
11.2,0,0,0,0,1.36206,0.99997,1.05148,4,1,1,0.984132,0,0.984132,0.968507,0,30.4688,31.9445,33.0834,32.4167,1692,1630,1356.21,970,1373.05,98.9063,120.305,121.266,99.3281,120.211,605.916,39,7.404,5.01601,8.072,90,94.902,94.5098,0,-0.3125,65.2872,6.75,6.75,9
11.233,0,0,0,0,1.36292,0.99997,1.05185,4,1,1,0.984377,0,0.984132,0.974855,0,30.4688,32.1389,33.1111,33.3611,1710.25,1640,1359.41,970,1378.36,99.2813,120.539,121.688,100.5,120.539,605.916,39,7.468,5.02934,8.136,90,94.902,95.2942,0,-0.46875,65.2872,5.25,5.25,5.25
11.267,0,0,0,0,1.36243,0.99997,1.04993,4,1,1,0.984377,0,0.984132,0.972414,0,30.4688,32.4722,33.0834,33.3334,1715.75,1640,1358.79,970,1380.98,99.4219,120.984,122.273,100.148,120.539,605.916,39,7.464,5.02934,8.132,90,94.902,95.2942,0,-0.109375,65.2872,5.25,5.25,5.25
11.3,0,0,0,0,1.36524,0.99997,1.04965,4,1,1,0.984377,0,0.984377,0.974855,0,30.4688,32.6667,33.1667,33.3611,1722.5,1640,1362.3,970,1386.21,99.7031,120.984,122.273,99.3984,120.984,605.916,39,7.468,5.06934,8.148,90,94.902,95.2942,0,0.15625,65.2872,5.25,5.25,5.25
11.333,0,0,0,0,1.36456,0.99997,1.04862,4,1,1,0.984377,0,0.984377,0.972414,0,30.4688,32.7222,33.1667,33.7778,1718.25,1640,1364.69,970,1386.25,99.9375,121.383,122.391,101.297,121.383,605.916,39,7.488,5.05867,8.168,90,95.6863,97.2549,0,0,65.2872,6.75,6.75,7.5
11.367,0,0,0,0,1.36603,0.99997,1.04816,4,1,1,0.984377,0,0.984377,0.974855,0,30.4688,32.9445,34.1389,33.4445,1730,1640,1366.41,970,1388.91,100.148,121.453,122.789,99.9844,121.383,607.264,39,7.488,5.07734,8.168,90,97.6471,97.2549,0,-0.171875,65.2872,5.25,5.25,5.25
11.4,0,0,0,0,1.36572,0.99997,1.04743,4,1,1,0.984377,0,0.984377,0.974855,0,30.4688,33.1667,34.2222,33.8056,1736,1640,1365.9,970,1391.56,100.102,121.453,122.789,99.8203,121.453,607.264,39,7.476,5.06401,8.164,90,97.2549,97.2549,0,-0.359375,65.2872,4.5,4.5,4.5
11.433,0,0,0,0,1.36389,0.99997,1.04697,4,1,1,1,0,0.984377,0.976076,0,30.4688,33.1667,34.1111,33.5278,1736.75,1650,1365.43,970,1394.18,100.195,121.898,123.234,99.7031,121.898,607.264,39,7.48,5.06134,8.168,90,97.2549,98.4314,0,-0.453125,65.2872,6.75,6.75,6
11.467,0,0,0,0,1.36212,0.99997,1.04627,4,1,1,1,0,0.984377,0.978517,0,30.4688,33.3611,34.0834,33.7778,1746.5,1640,1365.47,970,1396.84,100.219,122.32,123.727,99.8906,121.336,607.264,39,7.464,5.05601,8.152,90,98.8236,98.4314,0,0.15625,65.2872,6.75,6.75,6
11.5,0,0,0,0,1.35993,0.99997,1.04605,4,1,1,1,0,1,0.982423,0,30.4688,33.5834,34.0834,34.25,1752.25,1630,1366.99,970,1396.84,100.477,122.32,123.727,100.969,121.031,607.264,39,7.492,5.07467,8.172,90,98.8236,98.4314,0,-0.046875,65.2872,6.75,6.75,6
11.533,0,0,0,0,1.36108,0.99997,1.04532,4,1,1,1,0,1,0.981203,0,30.4688,33.5834,34.0278,33.8611,1757.25,1650,1365.9,970,1399.49,100.5,122.719,124.102,99.9609,122.133,607.264,39,7.372,4.99467,8.052,90,98.8236,99.6079,0,0.015625,65.2872,6.75,6.75,7.5
11.567,0,0,0,0,1.36188,0.99997,1.04495,4,1,1,1,0,1,0.979982,0,30.4688,33.6389,34.0556,34.4722,1760,1650,1365.04,970,1404.73,100.453,123.023,124.453,101.719,122.719,608.924,39,7.348,4.97601,8.028,90,99.6079,99.6079,0,-0.359375,65.2872,7.5,7.5,7.5
11.6,0,0,0,0,1.36108,0.99997,1.04437,4,1,1,1,0,1,0.977296,0,30.4688,33.9167,35.0278,34.5834,1765.5,1660,1368.09,970,1404.77,100.781,123.023,124.453,101.672,123.023,608.924,39,7.412,5.02134,8.092,90,100,99.6079,0,-0.1875,65.2872,6.75,6.75,7.5
11.633,0,0,0,0,1.36279,0.99997,1.04425,4,1,1,1,0,1,0.978517,0,30.4688,33.9722,35.0556,35.0278,1765.5,1660,1370.59,970,1410.04,101.063,123.352,124.781,102.188,123.352,608.924,39,7.444,5.01867,8.124,90,100,100,0,0.046875,65.2872,6.75,6.75,6.75
11.667,0,0,0,0,1.35877,0.99997,1.04269,4,1,1,1,0,1,0.986085,0,30.4688,34.2778,34.9723,35.1111,1783,1660,1374.14,970,1410.04,101.367,123.773,125.672,102.023,123.352,608.924,39,7.456,5.04267,8.136,90,100,100,0,-0.09375,65.2872,6.75,6.75,6.75
11.7,0,0,0,0,1.36066,0.99997,1.04123,4,1,1,1,0,1,0.988527,0,30.4688,34.75,35,35.3056,1790,1660,1376.17,970,1412.7,101.766,123.773,125.672,102.047,123.773,608.924,39,7.5,5.08001,8.188,90.75,100,100,0,-0.3125,65.2872,4.5,4.5,4.5
11.733,0,0,0,0,1.36548,0.99997,1.03964,4,1,1,0.982668,0,1,0.988527,0,30.4688,34.6945,35.1111,35.4445,1790.25,1670,1376.8,970,1417.97,101.859,124.406,125.836,101.648,124.406,608.924,39,7.492,5.08001,8.18,90.75,100,100,0,-0.40625,65.2872,6,6,6
11.767,0,0,0,0,1.36463,0.99997,1.03824,4,1,1,0.981203,0,1,0.988527,0,30.4688,34.75,34.9445,35.5556,1794.25,1670,1380.82,970,1417.93,102.188,124.617,126.281,103.5,124.406,610.467,39,7.516,5.08001,8.204,90.75,100,100,0,0,65.2872,6,6,6
11.8,0,0,0,0,1.36591,0.99997,1.03735,4,1,1,0.981203,0,0.981203,0.988527,0,30.4688,35.1389,35.1389,35.6667,1799.75,1670,1381.56,970,1417.97,102.375,124.617,126.281,102.773,124.617,610.467,39,7.652,5.18401,8.332,90,100,100,0,0.046875,65.2872,6.75,6.75,6.75
11.833,0,0,0,0,1.36572,0.99997,1.03623,4,1,1,0.979982,0,0.981203,0.986085,0,30.4688,35.1389,36.0278,36,1804,1670,1383.09,970,1417.97,102.609,124.992,126.656,104.063,124.992,610.467,39,7.66,5.17067,8.34,90,99.6079,100,0,-0.21875,65.2872,6,6,6
11.867,0,0,0,0,1.36786,0.99997,1.03482,4,1,1,0.97925,0,0.981203,0.983644,0,30.4688,35.3889,36.1667,35.9723,1818.75,1670,1379.49,970,1423.24,102.352,125.484,127.617,102.445,124.992,610.467,39,7.608,5.16001,8.288,90,100,100,0,-0.53125,65.2872,6,6,6
11.9,0,0,0,0,1.36597,0.99997,1.03336,4,1,1,0.97925,0,0.97925,0.979982,0,30.4688,35.7778,36.0556,36.5834,1821.5,1670,1383.59,970,1423.24,102.938,125.484,127.617,104.531,125.484,610.467,39,7.656,5.18934,8.336,90,100,100,0,-0.21875,65.2872,6.75,6.75,6
11.933,0,0,0,0,1.37091,0.99997,1.03461,4,1,1,0.978517,0,0.97925,0.976076,0,30.4688,35.8334,36.1667,36.1667,1822.25,1680,1382.89,970,1428.52,102.984,126.211,127.922,102.516,126.094,610.467,39,7.668,5.18934,8.348,90,100,100,0,0.015625,65.2872,6.75,6.75,6
11.967,0,0,0,0,1.3692,0.99997,1.03128,4,1,1,0.978273,0,0.97925,0.973634,0,30.4688,35.8889,36.1945,36.75,1828.75,1670,1385.31,970,1428.52,103.195,126.422,128.156,103.828,125.391,612.03,39,7.656,5.19467,8.336,90,100,100,0,0.03125,65.2872,6.75,6.75,6.75
12,0,0,0,0,1.37457,0.99997,1.03058,4,1,1,0.978273,0,0.978273,0.972414,0,30.4688,36.1945,36.1389,36.0556,1838,1680,1384.84,970,1433.79,103.242,126.422,128.156,102.398,126.422,612.03,39,7.652,5.18667,8.348,90,100,100,0,0,65.2872,6,6,6.75
12.033,0,0,0,0,1.3736,0.99997,1.03,4,1,1,0.977785,0,0.978273,0.971193,0,30.4688,36.1945,37.1111,37.0834,1838.25,1680,1385.47,970,1433.83,103.477,126.727,128.766,104.555,126.727,612.03,39,7.676,5.17601,8.372,90,100,100,0,-0.40625,65.2872,6.75,6.75,6
12.067,0,0,0,0,1.36902,0.99997,1.0293,4,1,1,0.977541,0,0.978273,0.967287,0,30.4688,36.3056,36.1667,37.1945,1844.25,1670,1385.47,970,1433.83,103.5,127.172,128.977,105.023,126.211,612.03,39,7.664,5.18134,8.36,90,100,100,0,-0.203125,65.2872,7.5,7.5,6
12.1,0,0,0,0,1.37586,0.99997,1.02826,4,1,1,0.977541,0,0.977541,0.966066,0,30.4688,36.7778,37.1389,37.2223,1858.25,1670,1387.5,970,1439.1,103.734,127.172,128.977,103.969,125.672,612.03,39,7.688,5.21067,8.376,90,100,100,0,0.296875,65.2872,7.5,7.5,6.75
12.133,0,0,0,0,1.37482,0.99997,1.0268,4,1,1,0.977296,0,0.977541,0.962404,0,30.4688,36.7778,37.1111,37.25,1860.75,1660,1388.87,970,1439.1,104.297,127.805,129.797,104.461,125.508,612.03,39,7.748,5.20801,8.436,90,100,100,0,-0.140625,65.2872,7.5,7.5,6.75
12.167,0,0,0,0,1.37518,0.99997,1.02521,4,1,1,0.977296,0,0.977541,0.963625,0,30.4688,37.1667,37.1945,37.2223,1867,1660,1389.02,970,1439.1,104.461,128.156,130.219,103.898,125.438,613.963,39,7.752,5.24801,8.44,90,100,100,0,-0.234375,65.2872,7.5,7.5,7.5
12.2,0,0,0,0,1.37964,0.99997,1.02368,4,1,1,0.977296,0,0.977296,0.962404,0,30.4688,37.2223,37.1667,37,1869.75,1660,1387.23,970,1444.34,104.344,128.156,130.219,103.289,126,613.963,39,7.7,5.22134,8.38,90,100,100,0,-0.515625,65.2872,7.5,7.5,7.5
12.233,0,0,0,0,1.37781,0.99997,1.02194,4,1,1,0.977052,0,0.977296,0.961183,0,30.4688,37.2223,37.1389,37.6667,1872.5,1660,1387.15,970,1444.34,104.414,128.461,130.5,105.516,126.352,613.963,39,7.696,5.20534,8.376,90,100,100,0,0.03125,65.2872,7.5,7.5,7.5
12.267,0,0,0,0,1.38153,0.99997,1.02045,4,1,1,0.977052,0,0.977296,0.963625,0,30.4688,37.4167,38.25,38.25,1886.75,1660,1386.09,970,1447.03,104.508,128.766,131.273,105.023,126.258,613.963,39,7.68,5.19201,8.36,90,100,100,0,0.015625,65.2872,7.5,7.5,8.25
12.3,0,0,0,0,1.38037,0.99997,1.01914,4,1,1,0.977052,0,0.977052,0.966066,0,30.4688,37.6389,38.1945,37.9167,1889.75,1670,1386.8,970,1447.03,104.602,128.766,131.273,104.297,127.242,613.963,39,7.676,5.21601,8.356,90,100,100,0,-0.1875,65.2872,7.5,7.5,7.5
12.333,0,0,0,0,1.38098,0.99997,1.01889,4,1,1,0.973146,0,0.977052,0.972414,0,30.4688,37.6945,38.2223,38,1894.75,1680,1384.02,970,1449.65,104.531,129.492,131.578,104.18,128.156,613.963,39,7.66,5.19201,8.34,90,100,100,0,-0.625,65.2872,7.5,7.5,7.5
12.367,0,0,0,0,1.38117,0.99997,1.01852,4,1,1,0.969972,0,0.977052,0.976076,0,30.4688,37.8611,38.1945,38.3611,1901,1680,1386.68,970,1452.3,104.789,129.727,132.047,104.531,128.063,615.682,39,7.688,5.21601,8.368,90,100,100,0,-0.234375,65.2872,7.5,7.5,7.5
12.4,0,0,0,0,1.37793,0.99997,1.01904,4,1,1,0.969972,0,0.969972,0.981203,0,30.4688,38.2223,38.1945,38.5,1908.5,1690,1387.93,970,1449.65,105.023,129.727,132.047,105,128.742,615.682,39,7.712,5.22934,8.4,90,100,100,0,-0.40625,65.2872,7.5,7.5,7.5
12.433,0,0,0,0,1.38117,0.99997,1.01953,4,1,1,0.967775,0,0.969972,0.984865,0,30.4688,38.2778,38.2223,38.1111,1912.75,1680,1387.7,970,1452.3,105.141,130.102,132.469,103.852,128.344,615.682,39,7.796,5.28001,8.484,90,100,100,0,0.390625,65.2872,6.75,6.75,6.75
12.467,0,0,0,0,1.3797,0.99997,1.02051,4,1,1,0.966066,0,0.969972,0.986085,0,30.4688,38.5556,38.1945,39.5,1916.25,1680,1392.38,970,1449.65,105.68,130.547,133.102,108.422,128.227,615.682,39,7.84,5.27201,8.528,90,100,100,0,-0.296875,65.2872,7.5,7.5,6.75
12.5,0,0,0,0,1.38825,0.99997,1.02188,4,1,1,0.966066,0,0.966066,0.988527,0,30.4688,38.75,38.3056,39.1667,1920.25,1670,1393.71,970,1454.96,105.82,130.547,133.102,106.57,127.922,615.682,39,7.876,5.34134,8.572,90,100,100,0,-0.328125,65.2872,7.5,7.5,6.75
12.533,0,0,0,0,1.39319,0.99997,1.02185,4,1,1,0.964845,0,0.966066,0.981203,0,30.4688,38.8611,39.3334,39.25,1936,1660,1394.1,970,1457.54,105.938,131.016,133.922,105.609,127.594,615.682,39,7.912,5.37067,8.608,90,100,100,0,-0.296875,65.2872,8.25,8.25,6.75
12.567,0,0,0,0,1.39227,0.99997,1.02292,4,1,1,0.963869,0,0.966066,0.974855,0,30.4688,39.3056,39.3889,39.5278,1942.5,1660,1393.67,970,1457.58,105.961,131.93,134.273,106.078,127.5,617.401,39,7.908,5.36801,8.604,90,100,100,0,0.140625,65.2872,8.25,8.25,7.5
12.6,0,0,0,0,1.38825,0.99997,1.02319,4,1,1,0.963869,0,0.963869,0.972414,0,30.4688,39.3334,39.3056,40.0834,1938,1670,1395.94,970,1454.96,106.383,131.93,134.273,108.68,128.063,617.401,39,7.976,5.41334,8.656,90,100,100,0,0.15625,65.2872,7.5,7.5,10.5
12.633,0,0,0,0,1.39301,0.99997,1.02329,4,1,1,0.95923,0,0.963869,0.968507,0,30.4688,39.3056,39.4167,39.3056,1932.75,1680,1392.85,970,1460.23,106.148,131.93,134.133,105.703,129.047,617.401,39,7.932,5.39201,8.612,90,100,100,0,-0.109375,65.2872,8.25,8.25,12.75
12.667,0,0,0,0,1.39166,0.99997,1.02506,4,1,1,0.955568,0,0.963869,0.984865,0,30.4688,39.25,39.3056,40.1667,1950.75,1680,1394.34,970,1462.85,106.289,131.953,134.719,108,128.953,617.401,39,7.956,5.40001,8.636,90,100,100,0,-0.28125,65.2872,8.25,8.25,7.5
12.7,0,0,0,0,1.38702,0.99997,1.02753,4,1,1,0.955568,0,0.955568,1,0,30.4688,39.8334,39.4167,39.2778,1969.75,1660,1387.66,970,1457.58,105.938,131.953,134.719,103.641,128.133,617.401,39,7.932,5.38134,8.612,90,100,100,0,0.09375,65.2872,5.25,5.25,5.25
12.733,0,0,0,0,1.39185,0.99997,1.02805,4,1,1,0.947267,0,0.955568,0.998537,0,30.4688,39.8889,40.2778,40.25,1960.75,1660,1392.5,970,1460.23,106.57,132.586,135.305,107.438,128.273,617.401,39,8.072,5.44001,8.752,90,100,100,0,-0.015625,65.2872,8.25,8.25,9.75
12.767,0,0,0,0,1.3905,0.99997,1.03333,4,1,1,0.940919,0,0.955568,1,0,30.4688,39.9723,40.2778,40.9167,1974.25,1660,1396.02,970,1460.23,106.898,132.914,136.078,108.867,128.227,619.412,39,8.14,5.48801,8.82,90,100,100,0,-0.265625,65.2872,7.5,7.5,7.5
12.8,0,0,0,0,1.39362,0.99997,1.03641,4,1,1,0.940919,0,0.940919,1,0,30.4688,40.5834,40.3611,40.3056,1988,1670,1395.43,970,1462.89,106.969,132.914,136.078,105.961,128.813,619.412,39,8.164,5.54134,8.844,90,100,100,0,-0.078125,65.2872,6,6,6
12.833,0,0,0,0,1.39606,0.99997,1.03934,4,1,1,0.936037,0,0.940919,0.998537,0,30.4688,40.4167,40.4445,41.0278,1987,1660,1395.39,970,1465.51,107.109,133.664,136.57,107.461,128.531,619.412,39,8.332,5.62934,9.012,90,100,100,0,-0.125,65.2872,7.5,7.5,7.5
12.867,0,0,0,0,1.39667,0.99997,1.04422,4,1,1,0.932619,0,0.940919,0.998537,0,30.4688,40.4723,40.4445,40.2223,1992.75,1650,1387.97,970,1465.51,106.617,134.016,136.805,105.492,127.852,619.412,39,8.308,5.64534,8.988,90,100,100,0,0.1875,65.2872,8.25,8.25,8.25
12.9,0,0,0,0,1.39172,0.99997,1.04675,4,1,1,0.932619,0,0.932619,0.991212,0,30.4688,40.6667,40.3056,40.8889,1999,1670,1390.98,970,1462.89,106.875,134.016,136.805,107.555,129.211,619.412,39,8.432,5.64801,9.1,90,100,100,0,-0.25,65.2872,7.5,7.5,8.25
12.933,0,0,0,0,1.39911,0.99997,1.05008,4,1,1,0.929933,0,0.932619,0.989992,0,30.4688,40.7778,40.5278,41.5834,1996,1670,1393.01,970,1468.16,107.227,134.344,137.578,108.328,129.586,619.412,39,8.492,5.73334,9.16,90,100,100,0,-0.125,65.2872,9,9,10.5
12.967,0,0,0,0,1.40143,0.99997,1.05508,4,1,1,0.92798,0,0.932619,0.984865,0,30.4688,40.9445,40.5834,41.3056,2006.75,1660,1392.54,970,1468.16,107.227,134.836,137.93,107.391,128.883,620.897,39,8.516,5.77867,9.184,90,100,100,0,-0.015625,65.2872,7.5,7.5,7.5
13,0,0,0,0,1.40198,0.99997,1.05783,4,1,1,0.92798,0,0.92798,0.981203,0,30.4688,41.2778,41.5556,40.9445,2022.5,1650,1389.88,970,1468.16,107.039,134.836,137.93,105.867,128.414,620.897,39,8.52,5.78401,9.2,90,100,100,0,-0.078125,65.2872,6,6,6
13.033,0,0,0,0,1.39966,0.99997,1.06094,4,1,1,0.922365,0,0.92798,0.976076,0,30.4688,41.2223,41.3334,41.5,2027,1660,1391.13,970,1468.16,107.391,135.422,138.633,108.375,128.93,620.897,39,8.6,5.81867,9.28,90,99.6079,100,0,-0.078125,65.2872,6.75,6.75,6.75
13.067,0,0,0,0,1.39972,0.99997,1.06409,4,1,1,0.918458,0,0.92798,0.959962,0,30.4688,41.4167,41.4445,41.3334,2028.25,1660,1386.91,970,1468.16,107.109,135.75,139.172,106.898,128.93,620.897,39,8.596,5.85334,9.276,90,100,100,0,-0.65625,65.2872,9,9,9
13.1,0,0,0,0,1.40082,0.99997,1.06619,4,1,1,0.918458,0,0.918458,0.953615,0,30.4688,41.4723,41.4723,41,2034.25,1660,1383.4,970,1470.78,106.828,135.75,139.172,104.977,129.563,620.897,39,8.592,5.83201,9.272,90,100,100,0,-0.078125,65.2872,8.25,8.25,8.25
13.133,0,0,0,0,1.39618,0.99997,1.06888,4,1,1,0.915285,0,0.918458,0.949953,0,30.4688,41.3611,41.2778,41.5278,2038,1670,1383.4,970,1468.16,106.828,136.266,139.406,107.625,129.867,620.897,39,8.688,5.88801,9.368,90,100,100,0,0.1875,65.2872,8.25,8.25,8.25
13.167,0,0,0,0,1.401,0.99997,1.06995,4,1,1,0.913087,0,0.918458,0.951173,0,30.4688,41.75,42.2778,41.9167,2048.75,1670,1384.26,970,1470.78,106.898,136.453,140.344,106.664,129.75,622.459,39,8.7,5.92001,9.38,90,100,100,0,-0.015625,65.2872,9,9,8.25
13.2,0,0,0,0,1.39374,0.99997,1.07071,4,1,1,0.913087,0,0.913087,0.948488,0,30.4688,42,42.0556,42.6667,2057.25,1660,1385.74,970,1465.51,107.063,136.453,140.344,109.617,129.609,622.459,39,8.772,5.96267,9.452,90,99.6079,100,0,-0.53125,65.2872,9,9,9
13.233,0,0,0,0,1.3985,0.99997,1.07346,4,1,1,0.907472,0,0.913087,0.943605,0,30.4688,42.1111,42.1945,41.3334,2064.75,1660,1382.3,970,1470.78,106.781,137.344,141,104.391,129.727,622.459,39,8.756,5.97334,9.436,90,100,100,0,-0.34375,65.2872,9,9,9
13.267,0,0,0,0,1.39172,0.99997,1.07388,4,1,1,0.903322,0,0.913087,0.934328,0,30.4688,42.1667,42,42.3889,2065.5,1660,1386.64,970,1465.51,107.156,138.023,141.258,108.258,129.656,622.459,39,8.808,5.97867,9.488,90,100,100,0,0.140625,65.2872,9,9,9
13.3,0,0,0,0,1.3949,0.99997,1.07459,4,1,1,0.903322,0,0.903322,0.924318,0,30.4688,42.1667,42.0834,42.25,2067.25,1680,1383.13,970,1468.16,106.898,138.023,141.258,107.227,130.641,622.459,39,8.876,5.96001,9.556,90,100,100,0,-0.125,65.2872,9,9,9
13.333,0,0,0,0,1.39392,0.99997,1.07578,4,1,1,0.900148,0,0.903322,0.914308,0,30.4688,42.2223,42.0556,42.4723,2075.75,1680,1382.54,970,1468.16,106.852,138.258,141.773,107.32,131.297,622.459,39,8.876,6.02134,9.556,90,100,100,0,-0.359375,65.2872,10.5,10.5,9
13.367,0,0,0,0,1.39508,0.99997,1.0755,4,1,1,0.897706,0,0.903322,0.914308,0,30.4688,42.4445,42.9445,42.7223,2088.75,1670,1382.03,970,1468.16,106.828,138.773,142.336,107.391,130.523,623.475,39,8.856,6.02401,9.536,90,100,100,0,-0.171875,65.2872,10.5,10.5,9.75
13.4,0,0,0,0,1.39472,0.99997,1.07437,4,1,1,0.897706,0,0.897706,0.911134,0,30.4688,42.6389,42.9445,42.8889,2093.5,1670,1382.15,970,1468.16,106.875,138.773,142.336,107.508,130.008,623.475,39,8.908,6.02134,9.576,90,100,100,0,0.03125,65.2872,10.5,10.5,10.5
13.433,0,0,0,0,1.38794,0.99997,1.07446,4,1,1,0.890138,0,0.897706,0.908937,0,30.4688,42.6389,42.7223,42.75,2095.5,1680,1381.72,970,1462.89,106.828,139.336,143.18,108.375,131.227,623.475,39,8.9,6.04001,9.568,90,100,100,0,0.0625,65.2872,9.75,9.75,9.75
13.467,0,0,0,0,1.39087,0.99997,1.07352,4,1,1,0.884279,0,0.897706,0.908937,0,30.4688,42.6389,42.8056,42.75,2103.5,1680,1376.17,970,1468.16,106.406,140.18,143.438,106.523,131.203,623.475,39,8.844,6.01867,9.512,90,100,100,0,-0.421875,65.2872,9.75,9.75,9.75
13.5,0,0,0,0,1.38721,0.99997,1.0744,4,1,1,0.884279,0,0.884279,0.908937,0,30.4688,42.8611,42.6945,42.9167,2110.25,1690,1378.59,970,1465.51,106.641,140.18,143.438,107.227,131.742,623.475,39,9.024,6.03467,9.704,90,100,100,0,-0.21875,65.2872,9.75,9.75,10.5
13.533,0,0,0,0,1.38812,0.99997,1.07446,4,1,1,0.880128,0,0.884279,0.902345,0,30.4688,42.9167,42.7223,42.9445,2105.75,1710,1379.06,970,1465.51,106.688,140.484,143.883,107.414,133.359,623.475,39,9.032,6.13601,9.712,90,100,100,0,-0.171875,65.2872,9.75,9.75,15
13.567,0,0,0,0,1.38599,0.99997,1.07495,4,1,1,0.876954,0,0.884279,0.901124,0,30.4688,43.0834,42.6389,43.2778,2130,1710,1378.32,970,1462.93,106.641,140.953,144.422,107.508,133.266,624.53,39,9.028,6.13067,9.708,90,100,100,0,0.046875,65.2872,6.75,6.75,6.75
13.6,0,0,0,0,1.39032,0.99997,1.0741,4,1,1,0.876954,0,0.876954,0.891115,0,30.4688,43.3334,43.6111,43.8611,2129.5,1710,1380.74,970,1465.51,106.852,140.953,144.422,108.094,133.477,624.53,39,9.112,6.14134,9.792,90,100,100,0,-0.109375,65.2872,10.5,10.5,9.75
13.633,0,0,0,0,1.3924,0.99997,1.07221,4,1,1,0.870607,0,0.876954,0.876222,0,30.4688,43.3334,43.6945,42.6389,2130.5,1720,1373.83,970,1468.16,106.289,141.492,145.125,104.531,134.016,624.53,39,9.032,6.17601,9.712,90,100,100,0,-0.171875,65.2872,10.5,10.5,10.5
13.667,0,0,0,0,1.38745,0.99997,1.07196,4,1,1,0.865724,0,0.876954,0.874513,0,30.4688,43.3334,43.5278,43.6667,2145,1710,1373.75,970,1468.13,106.313,142.219,145.477,106.43,133.969,624.53,39,9.012,6.14401,9.692,90,100,100,0,-0.21875,65.2872,8.25,8.25,8.25
13.7,0,0,0,0,1.39026,0.99997,1.0701,4,1,1,0.865724,0,0.865724,0.874513,0,30.4688,43.5556,43.6111,44.1389,2144.75,1710,1375.47,970,1470.78,106.477,142.219,145.477,107.109,133.852,624.53,39,9.132,6.21867,9.812,90,100,100,0,-0.109375,65.2872,10.5,10.5,10.5
13.733,0,0,0,0,1.39179,0.99997,1.06982,4,1,1,0.862306,0,0.865724,0.873536,0,30.4688,43.8334,43.6111,43.9445,2157.25,1730,1377.85,970,1470.78,106.664,142.594,146.32,106.078,135.117,624.53,39,9.176,6.25601,9.856,90,100,100,0,-0.34375,65.2872,10.5,10.5,9.75
13.767,0,0,0,0,1.38867,0.99997,1.06818,4,1,1,0.85962,0,0.865724,0.873536,0,30.4688,43.8334,44.3889,44.3889,2161.5,1730,1376.09,970,1468.16,106.57,143.461,146.813,107.906,135.023,625.584,39,9.12,6.21334,9.8,90,100,100,0,-0.3125,65.2872,10.5,10.5,9.75
13.8,0,0,0,0,1.39252,0.99997,1.06735,4,1,1,0.85962,0,0.85962,0.869874,0,30.4688,43.9723,44.4723,44.2223,2166.75,1720,1374.22,970,1473.44,106.406,143.461,146.813,106.57,134.766,625.584,39,9.12,6.21334,9.808,90,100,100,0,-0.03125,65.2872,10.5,10.5,10.5
13.833,0,0,0,0,1.38812,0.99997,1.06885,4,1,1,0.853517,0,0.85962,0.865236,0,30.4688,43.8889,44.3334,44.4723,2168.5,1730,1375.31,970,1470.78,106.523,144.023,146.93,108.023,135.586,625.584,39,9.176,6.24534,9.864,90,100,100,0,0.046875,65.2872,10.5,10.5,10.5
13.867,0,0,0,0,1.38513,0.99997,1.0668,4,1,1,0.849122,0,0.85962,0.860597,0,30.4688,44.0834,44.3889,44.1667,2177.25,1740,1372.23,970,1468.16,106.313,144.164,147.727,106.102,136.148,625.584,39,9.152,6.24801,9.84,90,100,100,0,-0.40625,65.2872,9.75,9.75,9.75
13.9,0,0,0,0,1.38696,0.99997,1.0665,4,1,1,0.849122,0,0.849122,0.85962,0,30.4688,44.3611,44.3334,44.3334,2188.5,1750,1371.64,970,1470.78,106.266,144.164,147.727,105.914,136.617,625.584,39,9.144,6.22667,9.832,90,100,100,0,-0.3125,65.2872,10.5,10.5,9.75
13.933,0,0,0,0,1.38355,0.99997,1.06677,4,1,1,0.845949,0,0.849122,0.856935,0,30.4688,44.3611,44.1945,44.2778,2190.25,1750,1370.59,970,1468.16,106.172,144.984,148.523,106.313,137.367,625.584,39,9.256,6.29867,9.944,90,100,100,0,0.15625,65.2872,10.5,10.5,9
13.967,0,0,0,0,1.38678,0.99997,1.06503,4,1,1,0.843507,0,0.849122,0.85132,0,30.4688,44.3611,44.3056,44.6945,2196.5,1750,1368.4,970,1470.74,106.031,145.852,148.641,106.242,137.344,626.619,39,9.224,6.28801,9.912,90,100,100,0,-0.25,65.2872,10.5,10.5,9.75
14,0,0,0,0,1.38928,0.99997,1.06436,4,1,1,0.843507,0,0.843507,0.848634,0,30.4688,44.5278,44.3889,44.8056,2206.75,1760,1366.02,970,1473.4,105.867,145.852,148.641,105.586,138.117,626.619,39,9.252,6.26401,9.94,90,100,100,0,-0.46875,65.2872,11.25,11.25,9.75
14.033,0,0,0,0,1.38641,0.99997,1.06503,4,1,1,0.841554,0,0.843507,0.847658,0,30.4688,44.7223,45.1667,44.8334,2210.75,1780,1367.34,970,1470.78,105.961,145.969,149.719,106.172,139.477,626.619,39,9.272,6.30934,9.96,90,100,100,0,-0.625,65.2872,11.25,11.25,10.5
14.067,0,0,0,0,1.38538,0.99997,1.06314,4,1,1,0.840089,0,0.843507,0.852296,0,30.4688,44.7778,45.1111,45.2223,2215.5,1780,1369.57,970,1470.78,106.172,147.094,149.906,106.945,139.453,626.619,39,9.284,6.31467,9.972,90,99.6079,100,0,0.0625,65.2872,11.25,11.25,10.5
14.1,0,0,0,0,1.38562,0.99997,1.06339,4,1,1,0.840089,0,0.840089,0.855958,0,30.4688,45.1111,45.1111,45.6667,2220,1780,1374.06,970,1470.78,106.547,147.094,149.906,107.836,139.57,626.619,39,9.324,6.34934,10.004,90,100,100,0,0.015625,65.2872,11.25,11.25,10.5
14.133,0,0,0,0,1.38928,0.99997,1.06519,4,1,1,0.835206,0,0.840089,0.855958,0,30.4688,45.2778,45.3889,44.9723,2228.5,1790,1370.55,970,1473.44,106.266,147.328,150.469,104.039,140.461,626.619,39,9.364,6.39734,10.044,90,100,100,0,-0.4375,65.2872,11.25,11.25,10.5
14.167,0,0,0,0,1.39111,0.99997,1.06577,4,1,1,0.831544,0,0.840089,0.852296,0,30.4688,45.3611,45.1111,45.5278,2238,1790,1372.77,970,1476.05,106.477,147.938,151.195,107.063,140.367,627.596,39,9.388,6.38134,10.068,90,100,100,0,-0.1875,65.2872,11.25,11.25,10.5
14.2,0,0,0,0,1.38611,0.99997,1.06766,4,1,1,0.831544,0,0.831544,0.853273,0,30.4688,45.5278,45.1389,45.4445,2242.75,1790,1374.14,970,1470.78,106.594,147.938,151.195,106.688,140.672,627.596,39,9.536,6.40267,10.224,90,100,100,0,0.03125,65.2872,11.25,11.25,10.5
14.233,0,0,0,0,1.39295,0.99997,1.06842,4,1,1,0.828615,0,0.831544,0.844972,0,30.4688,45.6389,46.25,45.8889,2249,1810,1371.37,970,1476.09,106.383,148.711,151.711,106.195,141.727,627.596,39,9.488,6.46667,10.176,90,100,100,0,0.015625,65.2872,11.25,11.25,10.5
14.267,0,0,0,0,1.38574,0.99997,1.06839,4,1,1,0.826661,0,0.831544,0.839601,0,30.4688,45.8611,46,45.7223,2255.75,1810,1374.22,970,1470.78,106.617,149.297,152.086,106.781,141.68,627.596,39,9.544,6.47734,10.232,90,100,100,0,-0.375,65.2872,11.25,11.25,10.5
14.3,0,0,0,0,1.38812,0.99997,1.06793,4,1,1,0.826661,0,0.826661,0.834962,0,30.4688,45.9723,46.0556,46.1667,2259.75,1810,1374.06,970,1473.44,106.641,149.297,152.086,107.109,142.406,627.596,39,9.548,6.49067,10.216,90,100,100,0,-0.171875,65.2872,11.25,11.25,10.5
14.333,0,0,0,0,1.38562,0.99997,1.06891,4,1,1,0.824952,0,0.826661,0.836671,0,30.4688,46.1667,46.0556,45.6667,2265.25,1830,1373.83,970,1470.78,106.617,149.719,152.859,105.75,143.742,627.596,39,9.604,6.53867,10.272,90,100,100,0,0.203125,65.2872,12,12,10.5
14.367,0,0,0,0,1.38715,0.99997,1.06796,4,1,1,0.823732,0,0.826661,0.840333,0,30.4688,46.2223,46.2778,46.5834,2274.5,1820,1374.69,970,1470.82,106.711,150.539,153.352,106.125,142.875,628.455,39,9.616,6.53867,10.284,90,100,100,0,-0.3125,65.2872,12.75,12.75,10.5
14.4,0,0,0,0,1.39288,0.99997,1.06799,4,1,1,0.823732,0,0.823732,0.837648,0,30.4688,46.3334,46.2223,45.9167,2278,1820,1370.39,970,1476.05,106.383,150.539,153.352,105.141,143.273,628.455,39,9.584,6.51467,10.264,90,100,100,0,-0.375,65.2872,12.75,12.75,12
14.433,0,0,0,0,1.39002,0.99997,1.06961,4,1,1,0.822999,0,0.823732,0.833986,0,30.4688,46.4445,46.1389,46.0278,2284,1830,1371.13,970,1473.44,106.453,151.078,153.891,105.703,144.07,628.455,39,9.604,6.52534,10.284,90,100,100,0,-0.109375,65.2872,12.75,12.75,12
14.467,0,0,0,0,1.38886,0.99997,1.06934,4,1,1,0.822267,0,0.823732,0.826661,0,30.4688,46.3889,46.9445,47.1389,2296,1830,1369.61,970,1473.44,106.359,151.688,154.664,108.164,143.977,628.455,39,9.584,6.49867,10.264,90,100,100,0,-0.046875,65.2872,12.75,12.75,12
14.5,0,0,0,0,1.39197,0.99997,1.06934,4,1,1,0.822267,0,0.822267,0.822999,0,30.4688,46.5556,46.8889,46.0278,2300.75,1840,1366.29,970,1478.67,106.078,151.688,154.664,105.234,144.469,628.455,39,9.564,6.50134,10.244,90,100,100,0,-0.578125,65.2872,12.75,12.75,12
14.533,0,0,0,0,1.38989,0.99997,1.06925,4,1,1,0.821779,0,0.822267,0.821046,0,30.4688,46.5,46.9723,47.0278,2303.5,1850,1366.76,970,1478.71,106.148,152.508,154.992,106.242,145.219,628.455,39,9.584,6.52001,10.264,90,100,100,0,-0.34375,65.2872,12.75,12.75,12
14.567,0,0,0,0,1.38312,0.99997,1.06818,4,1,1,0.821534,0,0.822267,0.82007,0,30.4688,46.6389,46.75,47.9167,2312.25,1850,1370.66,970,1470.82,106.477,152.93,155.32,109.805,145.148,629.451,39,9.616,6.50134,10.296,90,100,100,0,0.1875,65.2872,12.75,12.75,12
14.6,0,0,0,0,1.38495,0.99997,1.06641,4,1,1,0.821534,0,0.821534,0.812745,0,30.4688,47.0278,46.8056,47.1945,2319.25,1860,1368.24,970,1473.44,106.313,152.93,155.32,107.086,145.898,629.451,39,9.584,6.51467,10.288,90,100,100,0,0.140625,65.2872,12,12,12.75
14.633,0,0,0,0,1.38727,0.99997,1.06595,4,1,1,0.821046,0,0.821534,0.814699,0,30.4688,47.0834,46.6945,47.3889,2327,1870,1369.92,970,1476.05,106.43,153.281,156.141,107.648,147.023,629.451,39,9.592,6.51467,10.296,90,100,100,0,-0.40625,65.2872,12,12,11.25
14.667,0,0,0,0,1.38226,0.99997,1.06525,4,1,1,0.821046,0,0.821534,0.823732,0,30.4688,47.3056,47.75,47.0834,2327.75,1870,1368.16,970,1473.44,106.336,154.148,156.563,105.609,147.023,629.451,39,9.576,6.52534,10.296,90,100,100,0,-0.34375,65.2872,13.5,13.5,11.25
14.7,0,0,0,0,1.38416,0.99997,1.06473,4,1,1,0.821046,0,0.821046,0.824708,0,30.4688,47.25,47.6389,46.8056,2334,1860,1363.44,970,1476.09,105.961,154.148,156.563,104.859,146.461,629.451,39,9.528,6.49067,10.208,90,100,100,0,0.125,65.2872,13.5,13.5,12.75
14.733,0,0,0,0,1.38043,0.99997,1.06433,4,1,1,0.820802,0,0.821046,0.818361,0,30.4688,47.1389,47.5278,47.7778,2345,1870,1361.05,970,1476.09,105.773,154.641,157.219,106.828,147.305,629.451,39,9.492,6.45601,10.172,90,100,100,0,-0.046875,65.2872,13.5,13.5,12.75
14.767,0,0,0,0,1.37604,0.99997,1.06427,4,1,1,0.820558,0,0.821046,0.815675,0,30.4688,47.3889,47.5556,47.8334,2350.75,1870,1360.08,970,1473.48,105.727,155.344,157.945,106.266,147.141,630.428,39,9.496,6.46134,10.176,90,100,100,0,-0.453125,65.2872,13.5,13.5,12.75
14.8,0,0,0,0,1.37946,0.99997,1.06427,4,1,1,0.820558,0,0.820558,0.817384,0,30.4688,47.4445,47.4723,47.8889,2353.25,1880,1361.6,970,1476.09,105.867,155.344,157.945,107.063,147.703,630.428,39,9.516,6.46401,10.196,90,100,100,0,-0.109375,65.2872,13.5,13.5,12.75
14.833,0,0,0,0,1.37598,0.99997,1.06403,4,1,1,0.820558,0,0.820558,0.819337,0,30.4688,47.5,47.3611,48.6111,2362.75,1880,1364.65,970,1473.44,106.125,156.141,158.227,108.867,148.383,630.428,39,9.556,6.47467,10.236,90,100,100,0,0.03125,65.2872,13.5,13.5,12.75
14.867,0,0,0,0,1.38129,0.99997,1.06323,4,1,1,0.820558,0,0.820558,0.819337,0,30.4688,47.8889,48.4167,47.6111,2362.25,1880,1362.11,970,1478.71,105.961,156.492,158.648,105.445,148.266,630.428,39,9.52,6.48801,10.2,90,100,100,0,-0.390625,65.2872,13.5,13.5,12.75
14.9,0,0,0,0,1.37732,0.99997,1.06253,4,1,1,0.820558,0,0.820558,0.819337,0,30.4688,48.0278,48.3056,48.2223,2372.75,1890,1366.64,970,1476.09,106.336,156.492,158.648,107.109,149.086,630.428,39,9.564,6.50934,10.244,90,100,100,0,-0.40625,65.2872,13.5,13.5,12.75
14.933,0,0,0,0,1.37506,0.99997,1.06271,4,1,1,0.820558,0,0.820558,0.818361,0,30.4688,47.9723,48.2223,49.1667,2383,1900,1364.49,970,1473.48,106.148,156.961,159.609,109.406,149.438,630.428,39,9.536,6.45867,10.216,90,100,100,0,-0.203125,65.2872,13.5,13.5,12.75
14.967,0,0,0,0,1.37738,0.99997,1.06226,4,1,1,0.820314,0,0.820558,0.816408,0,30.4688,48.1945,48.3056,49.5278,2387.25,1890,1365.04,970,1478.71,106.219,157.992,160.148,109.195,149.32,631.522,39,9.536,6.46134,10.216,90,100,100,0,-0.359375,65.2872,13.5,13.5,12.75
15,0,0,0,0,1.3783,0.99997,1.06113,4,1,1,0.820314,0,0.820314,0.812745,0,30.4688,48.7223,48.3334,49.3889,2394,1900,1373.2,970,1478.71,106.898,157.992,160.148,108.375,149.719,631.522,39,9.628,6.53334,10.308,90,100,100,0,-0.421875,65.2872,14.25,14.25,12.75
15.033,0,0,0,0,1.38318,0.99997,1.06067,4,1,1,0.820314,0,0.820314,0.811769,0,30.4688,48.8334,48.5,49.1667,2399.5,1910,1373.2,970,1481.33,106.898,158.602,160.594,106.992,150.844,631.522,39,9.624,6.54667,10.304,90,100,100,0,-0.328125,65.2872,14.25,14.25,12.75
15.067,0,0,0,0,1.3869,0.99997,1.05875,4,1,1,0.820314,0,0.820314,0.807374,0,30.4688,49.0556,49.6112,49.7778,2405.5,1900,1373.16,970,1484.02,106.922,159.141,161.25,107.578,149.93,631.522,39,9.608,6.53867,10.288,90,100,100,0,-0.046875,65.2872,14.25,14.25,15
15.1,0,0,0,0,1.38727,0.99997,1.05722,4,1,1,0.820314,0,0.820314,0.807374,0,30.4688,49.1112,49.6389,49.1389,2415.75,1910,1370.94,970,1484.02,106.758,159.141,161.25,106.219,150.445,631.522,39,9.56,6.51734,10.248,90,100,100,0,-0.3125,65.2872,14.25,14.25,15
15.133,0,0,0,0,1.38013,0.99997,1.05612,4,1,1,0.820314,0,0.820314,0.809083,0,30.4688,49.1112,49.3889,50.6112,2421.5,1910,1375.27,970,1478.75,107.086,159.82,161.766,110.672,151.008,631.522,39,9.592,6.49067,10.28,90,100,100,0,-0.4375,65.2872,14.25,14.25,15
15.167,0,0,0,0,1.39063,0.99997,1.05484,4,1,1,0.820314,0,0.820314,0.816408,0,30.4688,49.5278,49.75,50,2425.25,1930,1373.79,970,1489.3,107.016,160.406,162.445,106.406,152.625,632.42,39,9.608,6.54134,10.296,90,100,100,0,0.046875,65.2872,14.25,14.25,13.5
15.2,0,0,0,0,1.38513,0.99997,1.05432,4,1,1,0.820314,0,0.820314,0.821046,0,30.4688,49.6945,49.5556,50.5,2432.25,1960,1377.54,970,1484.02,107.297,160.406,162.445,108.68,154.828,632.42,39,9.628,6.53867,10.324,90,100,100,0,0.03125,65.2872,14.25,14.25,13.5
15.233,0,0,0,0,1.38513,0.99997,1.05429,4,1,1,0.820314,0,0.820314,0.822023,0,30.4688,49.6945,49.5556,50.7223,2434.25,1990,1378.01,970,1484.02,107.344,161.156,162.891,109.547,156.82,632.42,39,9.624,6.52534,10.32,90,100,100,0,-0.453125,65.2872,14.25,14.25,13.5
15.267,0,0,0,0,1.38886,0.99997,1.05457,4,1,1,0.820314,0,0.820314,0.818361,0,30.4688,50.0556,49.6389,50.1389,2441,1980,1379.41,970,1486.64,107.484,161.672,163.383,107.086,156.563,632.42,39,9.652,6.56534,10.348,90,100,100,0,-0.21875,65.2872,14.25,14.25,13.5
15.3,0,0,0,0,1.38977,0.99997,1.05524,4,1,1,0.820314,0,0.820314,0.82007,0,30.4688,50.1112,50.7778,50.4445,2452.75,2020,1377.58,970,1486.64,107.344,161.672,163.383,107.719,159.234,632.42,39,9.628,6.54934,10.316,90,100,100,0,0.078125,65.2872,14.25,14.25,13.5
15.333,0,0,0,0,1.39014,0.99997,1.05463,4,1,1,0.820314,0,0.820314,0.816408,0,30.4688,50.2223,50.7778,51.5,2459,2040,1379.77,970,1489.3,107.531,162.211,164.109,108.984,161.133,632.42,39,9.648,6.55201,10.336,90,100,100,0,-0.21875,65.2872,14.25,14.25,13.5
15.367,0,0,0,0,1.39075,0.99997,1.05417,4,1,1,0.820314,0,0.820314,0.813722,0,30.4688,50.3889,50.8334,50.5278,2460.75,2040,1374.84,970,1491.91,107.156,163.008,164.578,112.734,160.922,633.26,39,9.604,6.52801,10.292,90,100,100,0,-0.453125,65.2872,15,15,13.5
15.4,0,0,0,0,1.38312,0.99997,1.05252,4,1,1,0.820314,0,0.820314,0.806398,0,30.4688,50.6389,50.5278,51.2223,2470.25,2020,1382.03,970,1484.02,107.766,163.008,164.578,109.828,159.375,633.26,39,9.656,6.57334,10.336,90,100,100,0,-0.09375,65.2872,15,15,15.75
15.433,0,0,0,0,1.39227,0.99997,1.05145,4,1,1,0.820314,0,0.820314,0.807374,0,30.4688,50.8612,50.75,50.9167,2474,2050,1381.88,970,1491.91,107.719,163.57,165.328,107.414,162.164,633.26,39,9.652,6.57067,10.332,90,100,100,0,-0.1875,65.2872,15,15,15.75
15.467,0,0,0,0,1.38947,0.99997,1.0495,4,1,1,0.820314,0,0.820314,0.81006,0,30.4688,50.9723,51.8056,51.9167,2482.75,2070,1384.34,970,1489.3,107.953,164.391,165.656,109.734,163.57,633.26,39,9.64,6.55201,10.32,90,100,100,0,-0.578125,65.2872,14.25,14.25,13.5
15.5,0,0,0,0,1.39038,0.99997,1.04779,4,1,1,0.820314,0,0.820314,0.809083,0,30.4688,51.3334,51.8334,52.4723,2490.25,2080,1385.39,970,1491.91,108.07,164.391,165.656,110.367,164.391,633.26,39,9.628,6.55467,10.308,90,100,100,0,-0.296875,65.2872,15,15,13.5
15.533,0,0,0,0,1.38788,0.99997,1.04636,4,1,1,0.820314,0,0.820314,0.811769,0,30.4688,51.5556,51.75,51.3612,2498.25,2080,1392.5,970,1489.3,108.609,164.766,166.711,107.719,164.766,633.26,39,9.684,6.58134,10.364,90,100,100,0,0.09375,65.2872,15,15,13.5
15.567,0,0,0,0,1.38574,0.99997,1.04575,4,1,1,0.820314,0,0.820314,0.813722,0,30.4688,51.7223,51.6667,52.4723,2500,2080,1394.84,970,1486.68,108.844,165.914,166.945,111.094,164.766,634.276,39,9.728,6.58934,10.408,90,100,100,0,-0.234375,65.2872,15,15,15.75
15.6,0,0,0,0,1.3974,0.99997,1.04492,4,1,1,0.820314,0,0.820314,0.813722,0,30.4688,51.9445,52.1112,52.1112,2507.5,2100,1389.53,970,1499.84,108.422,165.914,166.945,107.086,165.914,634.276,39,9.672,6.59201,10.352,90,100,100,0,-0.40625,65.2872,15,15,15.75
15.633,0,0,0,0,1.39453,0.99997,1.04501,4,1,1,0.820314,0,0.820314,0.819337,0,30.4688,52.0278,52,52.2778,2516,2100,1390.35,970,1497.23,108.469,166.219,167.625,108.164,166.219,634.276,39,9.672,6.58934,10.352,90,100,100,0,-0.140625,65.2872,15,15,15.75
15.667,0,0,0,0,1.39343,0.99997,1.04486,4,1,1,0.820314,0,0.820314,0.822999,0,30.4688,52.25,52.0556,52.2223,2522.75,2100,1390.7,970,1497.23,108.539,166.992,168.117,108.281,166.219,634.276,39,9.668,6.58401,10.348,90,100,100,0,-0.296875,65.2872,15.75,15.75,16.5
15.7,0,0,0,0,1.3974,0.99997,1.04572,4,1,1,0.820314,0,0.820314,0.826661,0,30.4688,52.4723,53.1389,52.4445,2529.5,2110,1391.6,970,1502.46,108.633,166.992,168.117,107.18,166.992,634.276,39,9.692,6.59467,10.396,90,100,100,0,-0.390625,65.2872,15.75,15.75,16.5
15.733,0,0,0,0,1.39386,0.99997,1.04642,4,1,1,0.820314,0,0.820314,0.829347,0,30.4688,52.5278,53.0278,53,2536,2110,1392.46,970,1499.8,108.797,167.672,168.539,109.031,167.672,634.276,39,9.728,6.60267,10.432,90,100,100,0,-0.0625,65.2872,15.75,15.75,16.5
15.767,0,0,0,0,1.38507,0.99997,1.04764,4,1,1,0.820314,0,0.820314,0.825685,0,30.4688,52.7223,52.6945,52.8612,2540.5,2110,1396.68,970,1491.91,109.219,168.07,168.773,110.461,167.672,635.467,39,9.792,6.63467,10.496,90,100,100,0,0,65.2872,15.75,15.75,16.5
15.8,0,0,0,0,1.38599,0.99997,1.04895,4,1,1,0.820314,0,0.820314,0.824708,0,30.4688,53.1112,52.9167,53.7223,2546.75,2120,1397.15,970,1491.91,109.266,168.07,168.773,110.391,168.07,635.467,39,9.804,6.65867,10.484,90,100,100,0,-0.609375,65.2872,15.75,15.75,16.5
15.833,0,0,0,0,1.3905,0.99997,1.04831,4,1,1,0.820314,0,0.820314,0.816408,0,30.4688,53.2778,52.8889,53.4723,2559.5,2120,1397.42,970,1494.57,109.5,168.633,169.852,109.734,168.633,635.467,39,9.824,6.65601,10.504,90,100,100,0,-0.34375,65.2872,15.75,15.75,16.5
15.867,0,0,0,0,1.39758,0.99997,1.04807,4,1,1,0.820314,0,0.820314,0.814699,0,30.4688,53.3612,53.25,53.0834,2559.5,2120,1391.25,970,1502.5,109.031,169.453,170.016,107.273,168.633,635.467,39,9.76,6.65867,10.44,90,100,100,0,0.046875,65.2872,15.75,15.75,16.5
15.9,0,0,0,0,1.39343,0.99997,1.04804,4,1,1,0.820314,0,0.820314,0.82007,0,30.4688,53.3056,53,53.7778,2566.25,2130,1392.34,970,1499.84,109.148,169.453,170.016,110.508,169.453,635.467,39,9.772,6.64001,10.468,90,100,100,0,-0.25,65.2872,15,15,16.5
15.933,0,0,0,0,1.39136,0.99997,1.04736,4,1,1,0.820314,0,0.820314,0.821046,0,30.4688,53.5834,53.75,53.25,2577.75,2130,1392.34,970,1497.23,109.289,169.828,170.695,108.891,169.828,635.467,39,9.78,6.63734,10.476,90,100,100,0,-0.671875,65.2872,15.75,15.75,14.25
15.967,0,0,0,0,1.39777,0.99997,1.04828,4,1,1,0.820314,0,0.820314,0.830324,0,30.4688,53.9167,53.9723,54.1667,2583,2130,1392.46,970,1502.5,109.43,170.508,171.258,109.383,169.828,636.639,39,9.812,6.65067,10.508,90,100,100,0,0.1875,65.2872,15.75,15.75,14.25
16,0,0,0,0,1.38904,0.99997,1.0492,4,1,1,0.820314,0,0.820314,0.834962,0,30.4688,54.0556,53.6389,54.0834,2586.75,2140,1396.91,970,1494.61,109.805,170.508,171.258,111.422,170.508,636.639,39,9.864,6.68001,10.56,90,100,100,0,-0.109375,65.2872,15,15,14.25
16.033,0,0,0,0,1.401,0.99997,1.05042,4,1,1,0.820314,0,0.820314,0.8313,0,30.4688,54.2778,54.1112,54.0834,2592,2140,1395.04,970,1505.16,109.734,171.023,171.633,108.234,171.023,636.639,39,9.856,6.70134,10.552,90,100,100,0,-0.578125,65.2872,15.75,15.75,14.25
16.067,0,0,0,0,1.39472,0.99997,1.05261,4,1,1,0.820314,0,0.820314,0.829347,0,30.4688,54.5,53.8612,54.0834,2603.75,2140,1397.15,970,1497.23,110.039,171.539,172.313,109.781,171.023,636.639,39,9.916,6.71734,10.612,90,100,100,0,-0.265625,65.2872,15.75,15.75,14.25
16.1,0,0,0,0,1.40662,0.99997,1.05335,4,1,1,0.820314,0,0.820314,0.825685,0,30.4688,54.6389,55.1389,54.6389,2609.25,2140,1394.26,970,1507.77,109.805,171.539,172.313,107.813,171.539,636.639,39,9.888,6.71468,10.584,90,100,100,0,0.171875,65.2872,15.75,15.75,16.5
16.133,0,0,0,0,1.39478,0.99997,1.05399,4,1,1,0.820314,0,0.820314,0.823732,0,30.4688,54.8056,54.6667,55.8056,2613.75,2150,1401.6,970,1494.61,110.484,172.148,172.711,113.531,172.148,636.639,39,9.972,6.73601,10.668,90,99.6079,100,0,-0.34375,65.2872,15.75,15.75,16.5
16.167,0,0,0,0,1.39014,0.99997,1.05347,4,1,1,0.820314,0,0.820314,0.816408,0,30.4688,55.0834,55.0834,55.5278,2619.25,2150,1397.85,970,1489.34,110.203,172.57,173.133,110.039,172.148,637.752,39,9.936,6.74668,10.632,90,100,100,0,-0.265625,65.2872,15.75,15.75,14.25
16.2,0,0,0,0,1.40656,0.99997,1.05328,4,1,1,0.820314,0,0.820314,0.819337,0,30.4688,55.6112,55.1389,55.9723,2628,2150,1405.51,970,1502.46,110.906,172.57,173.133,110.766,172.57,637.752,39,10.016,6.80001,10.696,90,100,100,0,0.015625,65.2872,15,15,14.25
16.233,0,0,0,0,1.40515,0.99997,1.05228,4,1,1,0.820314,0,0.820314,0.819337,0,30.4688,55.6112,55.0834,55.9167,2638.75,2160,1407.34,970,1499.8,111.164,173.086,173.977,110.648,173.086,637.752,39,10.032,6.78668,10.712,90,100,100,0,-0.046875,65.2872,15,15,14.25
16.267,0,0,0,0,1.39783,0.99997,1.05121,4,1,1,0.820314,0,0.820314,0.814699,0,30.4688,55.8334,54.8056,56.5278,2641.25,2160,1410.27,970,1489.3,111.398,173.93,174.281,114.961,173.086,637.752,39,10.044,6.80268,10.724,90,100,100,0,-0.265625,65.2872,15,15,14.25
16.3,0,0,0,0,1.4148,0.99997,1.05032,4,1,1,0.820314,0,0.820314,0.808107,0,30.4688,56.0278,56.3056,56.1389,2649.25,2170,1402.89,970,1505.16,110.883,173.93,174.281,110.156,173.93,637.752,39,9.972,6.80268,10.66,90,100,100,0,-0.09375,65.2872,15.75,15.75,14.25
16.333,0,0,0,0,1.41461,0.99997,1.04849,4,1,1,0.820314,0,0.820314,0.802736,0,30.4688,56.3612,56.2778,56.1945,2657.5,2170,1404.96,970,1505.16,111.188,174.328,175.008,109.781,174.328,637.752,39,10.016,6.79468,10.704,90,100,100,0,-0.09375,65.2872,15.75,15.75,14.25
16.367,0,0,0,0,1.42249,0.99997,1.04642,4,1,1,0.820314,0,0.820314,0.805421,0,30.4688,56.8334,56.6389,56.6389,2663,2170,1407.97,970,1513.01,111.516,174.914,175.406,108.656,174.328,639.041,39,10.028,6.82401,10.716,90,100,100,0,-0.09375,65.2872,15,15,14.25
16.4,0,0,0,0,1.40961,0.99997,1.04431,4,1,1,0.820314,0,0.820314,0.809083,0,30.4688,56.7778,56.1112,57.5,2669.25,2170,1413.48,970,1497.23,111.961,174.914,175.406,114.258,174.914,639.041,39,10.048,6.80268,10.736,90,100,100,0,-0.1875,65.2872,15.75,15.75,14.25
16.433,0,0,0,0,1.42108,0.99997,1.0419,4,1,1,0.820314,0,0.820314,0.805421,0,30.4688,57,56.2778,56.7223,2672.75,2180,1411.48,970,1507.77,111.867,175.406,175.828,111.492,175.406,639.041,39,10.016,6.81334,10.704,90,100,100,0,-0.265625,65.2872,15.75,15.75,14.25
16.467,0,0,0,0,1.42334,0.99997,1.04047,4,1,1,0.820314,0,0.820314,0.807374,0,30.4688,57.3612,57.5,57.6667,2684.25,2180,1412.73,970,1507.77,112.078,175.852,176.438,111.422,175.406,639.041,39,10.016,6.80534,10.704,90,100,100,0,-0.265625,65.2872,15.75,15.75,16.5
16.5,0,0,0,0,1.41168,0.99997,1.03983,4,1,1,0.820314,0,0.820314,0.812745,0,30.4688,57.6945,57,58.2223,2689.75,2180,1421.64,970,1494.57,112.805,175.852,176.438,115.195,175.852,639.041,39,10.092,6.83734,10.788,90,100,100,0,-0.203125,65.2872,15.75,15.75,16.5
16.533,0,0,0,0,1.4115,0.99997,1.04016,4,1,1,0.820314,0,0.820314,0.82007,0,30.4688,57.8612,57.6389,58.3334,2697,2190,1417.46,970,1491.91,112.57,176.484,177.023,111.867,176.484,639.041,39,10.06,6.83201,10.756,90,100,100,0,-0.046875,65.2872,15.75,15.75,16.5
16.567,0,0,0,0,1.41779,0.99997,1.04053,4,1,1,0.820314,0,0.820314,0.829347,0,30.4688,58.0556,57.25,58.1667,2705,2190,1418.98,970,1497.23,112.781,177.023,177.539,113.953,176.484,640.389,39,10.096,6.85068,10.792,90,100,100,0,-0.5,65.2872,15.75,15.75,16.5
16.6,0,0,0,0,1.42474,0.99997,1.04126,4,1,1,0.820314,0,0.820314,0.829347,0,30.4688,58.4445,57.5278,58.4167,2708.5,2190,1422.11,970,1502.5,113.016,177.023,177.539,112.57,177.023,640.389,39,10.152,6.87734,10.856,90,100,100,0,-0.234375,65.2872,15.75,15.75,16.5
16.633,0,0,0,0,1.43274,0.99997,1.04343,4,1,1,0.820314,0,0.820314,0.830324,0,30.4688,58.4445,57.5278,57.9723,2715.75,2200,1420,970,1507.77,112.922,177.539,177.914,111.867,177.539,640.389,39,10.128,6.88801,10.832,90,100,100,0,0.328125,65.2872,15.75,15.75,16.5
16.667,0,0,0,0,1.41773,0.99997,1.04532,4,1,1,0.820314,0,0.820314,0.827638,0,30.4688,58.6112,58.0834,59.8056,2726.75,2200,1425.23,970,1491.91,113.461,178.008,178.523,117.047,177.539,640.389,39,10.208,6.87734,10.912,90,99.6079,100,0,-0.34375,65.2872,15,15,14.25
16.7,0,0,0,0,1.43274,0.99997,1.04623,4,1,1,0.820314,0,0.820314,0.826661,0,30.4688,59.1389,58.6945,59.6667,2731.25,2200,1425.63,970,1505.16,113.484,178.008,178.523,113.203,178.008,640.389,39,10.248,6.95201,10.944,90,100,100,0,-0.4375,65.2872,15.75,15.75,14.25
16.733,0,0,0,0,1.42627,0.99997,1.04654,4,1,1,0.820314,0,0.820314,0.824708,0,30.4688,59.3889,58.5556,58.8889,2737.75,2210,1427.58,970,1494.57,113.742,178.594,179.109,112.43,178.594,640.389,39,10.272,6.97868,10.968,90,100,100,0,0.03125,65.2872,15.75,15.75,14.25
16.767,0,0,0,0,1.42822,0.99997,1.04828,4,1,1,0.820314,0,0.820314,0.833009,0,30.4688,59.3889,58.5,59.6945,2745,2210,1427.38,970,1494.57,113.695,179.18,179.672,115.383,178.594,641.717,39,10.28,6.96268,10.976,90,100,100,0,-0.3125,65.2872,15,15,14.25
16.8,0,0,0,0,1.43823,0.99997,1.04953,4,1,1,0.820314,0,0.820314,0.836671,0,30.4688,59.8334,58.9167,61.1945,2752.5,2210,1432.62,970,1502.5,114.234,179.18,179.672,115.664,179.18,641.717,39,10.356,7.00534,11.06,90,100,100,0,-0.3125,65.2872,15.75,15.75,14.25
16.833,0,0,0,0,1.43494,0.99997,1.05072,4,1,1,0.820314,0,0.820314,0.8313,0,30.4688,60.1389,58.7778,60.9167,2759.5,2220,1434.53,970,1494.57,114.492,179.789,180.305,117.117,179.789,641.717,39,10.388,7.03201,11.092,90,100,100,0,-0.140625,65.2872,15.75,15.75,16.5
16.867,0,0,0,0,1.44232,0.99997,1.05331,4,1,1,0.820314,0,0.820314,0.832033,0,30.4688,60.4723,59.9723,61.0556,2765.25,2220,1438.75,970,1497.23,114.82,180.352,180.727,116.203,179.789,641.717,39,10.444,7.06934,11.148,90,100,100,0,-0.3125,65.2872,15.75,15.75,15
16.9,0,0,0,0,1.45282,0.99997,1.05414,4,1,1,0.820314,0,0.820314,0.829347,0,30.4688,60.7778,60.3889,61.0556,2771.25,2220,1439.3,970,1507.73,114.938,180.352,180.727,113.531,180.352,641.717,39,10.472,7.10401,11.16,90,100,100,0,-0.09375,65.2872,15.75,15.75,15
16.933,0,0,0,0,1.44299,0.99997,1.05579,4,1,1,0.820314,0,0.820314,0.829347,0,30.4688,60.9445,60,61.3612,2779,2230,1441.37,970,1494.61,115.195,180.797,181.266,117.68,180.797,641.717,39,10.552,7.13334,11.24,90,100,100,0,0.078125,65.2872,15.75,15.75,15
16.967,0,0,0,0,1.45392,0.99997,1.05628,4,1,1,0.820314,0,0.820314,0.826661,0,30.4688,61.1112,60.4445,62.3056,2790.25,2230,1441.17,970,1505.16,115.266,181.383,181.898,116.555,180.797,643.279,39,10.528,7.12801,11.216,90,100,100,0,-0.234375,65.2872,15.75,15.75,15
17,0,0,0,0,1.45526,0.99997,1.05597,4,1,1,0.820314,0,0.820314,0.822999,0,30.4688,61.5278,60.5278,61.5278,2792.5,2230,1443.98,970,1502.5,115.5,181.383,181.898,114.727,181.383,643.279,39,10.576,7.17068,11.256,90,100,100,0,-0.734375,65.2872,15.75,15.75,15
17.033,0,0,0,0,1.45709,0.99997,1.05658,4,1,1,0.820314,0,0.820314,0.824708,0,30.4688,61.5834,60.5834,61.6112,2804.25,2240,1442.77,970,1502.5,115.477,182.016,182.461,115.57,182.016,643.279,39,10.576,7.15734,11.256,90,100,100,0,-0.015625,65.2872,15.75,15.75,15
17.067,0,0,0,0,1.4765,0.99997,1.0564,4,1,1,0.820314,0,0.820314,0.823732,0,30.4688,61.75,62.25,62.25,2807.75,2240,1442.85,970,1520.94,115.523,182.484,182.742,112.336,182.016,643.279,39,10.576,7.20268,11.256,90,100,100,0,-0.109375,65.2872,15.75,15.75,14.25
17.1,0,0,0,0,1.46472,0.99997,1.05713,4,1,1,0.820314,0,0.820314,0.822023,0,30.4688,61.9723,61.75,61.8056,2815.5,2240,1442.77,970,1507.73,115.477,182.484,182.742,114.586,182.484,643.279,39,10.568,7.17868,11.256,90,100,100,0,-0.46875,65.2872,15.75,15.75,15
17.133,0,0,0,0,1.47333,0.99997,1.05704,4,1,1,0.820314,0,0.820314,0.818361,0,30.4688,62.2223,62.1112,62.1667,2825,2250,1439.53,970,1515.66,115.359,182.953,183.609,112.828,182.953,643.279,39,10.544,7.18401,11.232,90,100,100,0,-0.234375,65.2872,15.75,15.75,14.25
17.167,0,0,0,0,1.46546,0.99997,1.05649,4,1,1,0.820314,0,0.820314,0.818361,0,30.4688,62.6112,61.7778,62.5556,2830.5,2250,1446.6,970,1505.16,115.922,183.68,184.125,115.922,182.953,644.94,39,10.624,7.20001,11.312,90,100,100,0,-0.625,65.2872,15.75,15.75,14.25
17.2,0,0,0,0,1.47467,0.99997,1.05686,4,1,1,0.820314,0,0.820314,0.822999,0,30.4688,62.5556,62.1667,61.75,2836,2250,1441.09,970,1513.01,115.547,183.68,184.125,111.961,183.68,644.94,39,10.54,7.14401,11.228,90,100,100,0,-0.703125,65.2872,15.75,15.75,14.25
17.233,0,0,0,0,1.46613,0.99997,1.05689,4,1,1,0.820314,0,0.820314,0.823732,0,30.4688,62.6389,61.8056,62.8334,2839.25,2260,1443.79,970,1502.54,115.852,184.219,184.547,116.602,184.219,644.94,39,10.596,7.16001,11.284,90,100,100,0,-0.15625,65.2872,15.75,15.75,14.25
17.267,0,0,0,0,1.4635,0.99997,1.05634,4,1,1,0.820314,0,0.820314,0.814699,0,30.4688,62.9723,62.5278,63.3889,2849.5,2260,1445.86,970,1497.27,116.109,184.641,184.969,118.828,184.219,644.94,39,10.64,7.18134,11.328,90,100,100,0,-0.078125,65.2872,16.5,16.5,17.25
17.3,0,0,0,0,1.46777,0.99997,1.05566,4,1,1,0.820314,0,0.820314,0.811036,0,30.4688,63.3334,62.7223,63.8612,2857.25,2260,1451.52,970,1499.88,116.578,184.641,184.969,118.219,184.641,644.94,39,10.672,7.22134,11.36,90,100,100,0,-0.671875,65.2872,16.5,16.5,17.25
17.333,0,0,0,0,1.46808,0.99997,1.05341,4,1,1,0.820314,0,0.820314,0.802736,0,30.4688,63.7223,62.7223,63.2223,2868,2270,1448.91,970,1497.27,116.484,185.18,185.813,117.164,185.18,644.94,39,10.648,7.23734,11.336,90,100,100,0,-0.25,65.2872,16.5,16.5,17.25
17.367,0,0,0,0,1.47363,0.99997,1.05066,4,1,1,0.820314,0,0.820314,0.80005,0,30.4688,63.6667,62.9723,63.5001,2872.25,2270,1445.35,970,1502.5,116.156,185.93,186.281,115.594,185.18,646.444,39,10.572,7.17868,11.26,90,100,100,0,-0.625,65.2872,16.5,16.5,17.25
17.4,0,0,0,0,1.47028,0.99997,1.04907,4,1,1,0.820314,0,0.820314,0.803712,0,30.4688,64.0834,62.8334,64.7223,2878.25,2270,1450.66,970,1497.23,116.695,185.93,186.281,118.43,185.93,646.444,39,10.612,7.19468,11.3,90,100,100,0,-0.3125,65.2872,16.5,16.5,17.25
17.433,0,0,0,0,1.4751,0.99997,1.0463,4,1,1,0.820314,0,0.820314,0.805421,0,30.4688,63.8889,63.0278,63.6667,2884.25,2280,1443.71,970,1499.88,116.203,186.398,186.82,116.297,186.398,646.444,39,10.504,7.10668,11.192,90,100,100,0,-0.59375,65.2872,16.5,16.5,17.25
17.467,0,0,0,0,1.47693,0.99997,1.04398,4,1,1,0.820314,0,0.820314,0.808107,0,30.4688,64.1945,64.0278,65.3889,2889.75,2280,1450.7,970,1499.84,116.859,186.891,187.125,118.898,186.398,646.444,39,10.572,7.13068,11.26,90,100,100,0,-0.625,65.2872,16.5,16.5,17.25
17.5,0,0,0,0,1.47852,0.99997,1.04199,4,1,1,0.820314,0,0.820314,0.804445,0,30.4688,64.4723,64.0834,63.4723,2900,2280,1445.27,970,1499.88,116.391,186.891,187.125,115.125,186.891,646.444,39,10.468,7.12801,11.148,90,100,100,0,-0.4375,65.2872,16.5,16.5,17.25
17.533,0,0,0,0,1.4751,0.99997,1.0412,4,1,1,0.820314,0,0.820314,0.804445,0,30.4688,64.4723,63.9445,64.5834,2907.5,2290,1447.11,970,1497.23,116.648,187.313,187.805,117.188,187.313,646.444,39,10.504,7.10401,11.184,90,100,100,0,-0.03125,65.2872,16.5,16.5,17.25
17.567,0,0,0,0,1.47546,0.99997,1.03967,4,1,1,0.820314,0,0.820314,0.808107,0,30.4688,64.5278,63.9445,65.1112,2914.5,2290,1447.5,970,1497.23,116.766,187.922,188.344,117.609,187.313,648.182,39,10.508,7.07468,11.188,90,100,100,0,-0.359375,65.2872,16.5,16.5,17.25
17.6,0,0,0,0,1.47559,0.99997,1.03803,4,1,1,0.820314,0,0.820314,0.809083,0,30.4688,64.8889,63.9723,64.4445,2922.75,2290,1444.41,970,1494.61,116.508,187.922,188.344,117.07,187.922,648.182,39,10.448,7.07734,11.136,90,100,100,0,-0.5,65.2872,16.5,16.5,17.25
17.633,0,0,0,0,1.48163,0.99997,1.03674,4,1,1,0.820314,0,0.820314,0.811769,0,30.4688,65.1667,64.8334,64.9723,2927.75,2300,1447.07,970,1499.8,116.883,188.555,189.117,117.445,188.555,648.182,39,10.492,7.09334,11.18,90,100,100,0,-0.34375,65.2872,16.5,16.5,17.25
17.667,0,0,0,0,1.4798,0.99997,1.03644,4,1,1,0.820314,0,0.820314,0.818361,0,30.4688,65.2778,65.0001,64.8889,2930.75,2300,1445,970,1497.23,116.695,189.141,189.328,116.695,188.555,648.182,39,10.452,7.09068,11.14,90,100,100,0,-0.796875,65.2872,16.5,16.5,15
17.7,0,0,0,0,1.48096,0.99997,1.0365,4,1,1,0.820314,0,0.820314,0.82007,0,30.4688,65.4167,65.0556,65.6667,2941,2300,1443.71,970,1497.23,116.625,189.141,189.328,117.586,189.141,648.182,39,10.444,7.08268,11.124,90,100,100,0,-0.515625,65.2872,16.5,16.5,17.25
17.733,0,0,0,0,1.48041,0.99997,1.03812,4,1,1,0.820314,0,0.820314,0.826661,0,30.4688,65.2778,65.0278,64.7778,2949.75,2300,1437.3,970,1497.23,116.227,189.563,190.125,115.875,189.563,648.182,39,10.372,7.03734,11.052,90,100,100,0,-0.046875,65.2872,16.5,16.5,17.25
17.767,0,0,0,0,1.48023,0.99997,1.0387,4,1,1,0.820314,0,0.820314,0.825685,0,30.4688,65.4723,65.0278,65.6112,2953.75,2300,1439.02,970,1497.23,116.391,190.195,190.523,116.625,189.563,649.901,39,10.404,7.05334,11.084,90,100,100,0,-0.515625,65.2872,16.5,16.5,17.25
17.8,0,0,0,0,1.48169,0.99997,1.04007,4,1,1,0.820314,0,0.820314,0.827638,0,30.4688,65.8612,65.0834,66.4167,2960.5,2310,1440.35,970,1497.23,116.578,190.195,190.523,117.773,190.195,649.901,39,10.48,7.10934,11.16,90,100,100,0,-0.484375,65.2872,16.5,16.5,17.25
17.833,0,0,0,0,1.48541,0.99997,1.04135,4,1,1,0.820314,0,0.820314,0.833009,0,30.4688,65.9723,66.1112,66.1667,2966,2310,1440.23,970,1499.84,116.695,190.734,191.273,117.047,190.734,649.901,39,10.508,7.10134,11.188,90,100,100,0,0.046875,65.2872,16.5,16.5,17.25
17.867,0,0,0,0,1.48688,0.99997,1.04221,4,1,1,0.820314,0,0.820314,0.826661,0,30.4688,66.1667,66.1945,66.4445,2979,2310,1438.75,970,1502.46,116.648,191.344,191.836,116.156,190.734,649.901,39,10.5,7.12001,11.18,90,100,100,0,-0.5625,65.2872,16.5,16.5,17.25
17.9,0,0,0,0,1.47949,0.99997,1.04373,4,1,1,0.820314,0,0.820314,0.824708,0,30.4688,66.4445,65.8612,66.8334,2984.75,2320,1443.16,970,1494.57,117,191.344,191.836,118.453,191.344,649.901,39,10.572,7.16801,11.252,90,100,100,0,-0.328125,65.2872,16.5,16.5,17.25
17.933,0,0,0,0,1.48071,0.99997,1.04489,4,1,1,0.820314,0,0.820314,0.825685,0,30.4688,66.5001,65.8889,67.5001,2989.5,2330,1444.61,970,1494.61,117.234,192,192.188,119.977,192,649.901,39,10.608,7.13868,11.288,90,100,100,0,0.03125,65.2872,16.5,16.5,17.25
17.967,0,0,0,0,1.48627,0.99997,1.04422,4,1,1,0.820314,0,0.820314,0.818361,0,30.4688,67.2501,66.1667,67.1945,3000,2330,1450.55,970,1497.23,117.797,192.281,192.938,118.172,192,651.619,39,10.668,7.21868,11.348,90,100,100,0,-0.359375,65.2872,16.5,16.5,17.25
18,0,0,0,0,1.49091,0.99997,1.04419,4,1,1,0.820314,0,0.820314,0.816408,0,30.4688,67.1945,67.2501,66.7223,3007,2330,1441.88,970,1499.84,117.047,192.281,192.938,116.461,192.281,651.619,39,10.564,7.15734,11.252,90,100,100,0,-0.671875,65.2872,17.25,17.25,18
18.033,0,0,0,0,1.49432,0.99997,1.04395,4,1,1,0.820314,0,0.820314,0.823732,0,30.4688,67.1389,67.4167,66.4723,3010,2340,1437.19,970,1505.12,116.672,193.008,192.984,114.773,193.008,651.619,39,10.512,7.15201,11.2,90,100,100,0,-0.21875,65.2872,17.25,17.25,18
18.067,0,0,0,0,1.48938,0.99997,1.04352,4,1,1,0.820314,0,0.820314,0.822023,0,30.4688,67.1945,67.1945,66.6667,3019.25,2340,1435.86,970,1502.46,116.555,192.914,193.055,115.453,193.008,651.619,39,10.464,7.11468,11.152,90,100,100,0,-0.484375,65.2872,17.25,17.25,18
18.1,0,0,0,0,1.48602,0.99997,1.04498,4,1,1,0.820314,0,0.820314,0.825685,0,30.4688,67.2501,67.0556,67.5556,3023.25,2330,1435.78,970,1499.84,116.555,192.914,193.055,117.633,192.914,651.619,39,10.484,7.11201,11.164,90,100,100,0,-0.1875,65.2872,17.25,17.25,18
18.133,0,0,0,0,1.48798,0.99997,1.0455,4,1,1,0.820314,0,0.820314,0.823732,0,30.4688,67.3056,67.1389,67.5556,3029.75,2340,1435.51,970,1502.5,116.508,193.008,193.102,116.719,193.008,651.619,39,10.484,7.11201,11.164,90,100,100,0,-0.265625,65.2872,17.25,17.25,18
18.167,0,0,0,0,1.48901,0.99997,1.04614,4,1,1,0.820314,0,0.820314,0.822023,0,30.4688,67.5001,67.1945,67.8612,3042.75,2340,1435.74,970,1502.5,116.531,193.031,193.219,116.906,193.008,653.494,39,10.5,7.11468,11.18,90,100,100,0,-0.546875,65.2872,17.25,17.25,18
18.2,0,0,0,0,1.4798,0.99997,1.0462,4,1,1,0.820314,0,0.820314,0.821046,0,30.4688,67.6112,67.6112,68.4167,3042.75,2340,1435.2,970,1494.61,116.438,193.031,193.219,120.422,193.031,653.494,39,10.492,7.11201,11.172,90,100,100,0,0.09375,65.2872,17.25,17.25,18
18.233,0,0,0,0,1.48688,0.99997,1.04526,4,1,1,0.820314,0,0.820314,0.816408,0,30.4688,67.7223,67.9445,67.6667,3052.5,2340,1433.71,970,1505.16,116.297,193.148,193.266,115.922,193.148,653.494,39,10.476,7.10668,11.156,90,100,100,0,-0.421875,65.2872,17.25,17.25,18
18.267,0,0,0,0,1.4837,0.99997,1.04511,4,1,1,0.820314,0,0.820314,0.816408,0,30.4688,68.0278,67.7778,67.8889,3061.75,2340,1436.6,970,1502.5,116.555,193.242,193.336,116.484,193.148,653.494,39,10.512,7.12268,11.192,90,100,100,0,-0.609375,65.2872,17.25,17.25,18
18.3,0,0,0,0,1.49042,0.99997,1.04453,4,1,1,0.820314,0,0.820314,0.816408,0,30.4688,68.1945,67.7778,67.8056,3064.5,2340,1437.7,970,1507.73,116.625,193.242,193.336,115.664,193.242,653.494,39,10.512,7.12534,11.2,90,100,100,0,-0.25,65.2872,17.25,17.25,18
18.333,0,0,0,0,1.47809,0.99997,1.04477,4,1,1,0.820314,0,0.820314,0.818361,0,30.4688,67.9445,67.5278,68.1945,3074.5,2340,1433.75,970,1497.23,116.273,193.242,193.383,117,193.242,653.494,39,10.464,7.07201,11.152,90,99.6079,100,0,-0.40625,65.2872,17.25,17.25,18
18.367,0,0,0,0,1.47913,0.99997,1.0441,4,1,1,0.820314,0,0.820314,0.818361,0,30.4688,68.1389,67.5834,68.9167,3084,2340,1433.91,970,1497.23,116.273,193.242,193.477,118.102,193.242,655.369,39,10.464,7.06934,11.152,90,100,100,0,-0.640625,65.2872,17.25,17.25,18
18.4,0,0,0,0,1.4715,0.99997,1.04404,4,1,1,0.820314,0,0.820314,0.82007,0,30.4688,68.4167,68.1945,69.0278,3086.25,2340,1438.28,970,1489.3,116.648,193.242,193.477,120.023,193.242,655.369,39,10.52,7.08268,11.208,90,100,100,0,0.28125,65.2872,17.25,17.25,18
18.433,0,0,0,0,1.48395,0.99997,1.04392,4,1,1,0.820314,0,0.820314,0.82007,0,30.4688,68.7778,68.7778,68.8334,3090.75,2340,1436.48,970,1499.84,116.484,193.219,193.547,116.672,193.219,655.369,39,10.508,7.12534,11.196,90,100,100,0,-0.53125,65.2872,17.25,17.25,18
18.467,0,0,0,0,1.4834,0.99997,1.04474,4,1,1,0.820314,0,0.820314,0.823732,0,30.4688,68.8889,68.7778,69.3056,3104.25,2340,1433.75,970,1499.84,116.203,193.195,193.641,117.188,193.219,655.369,39,10.472,7.11201,11.16,90,100,100,0,-0.390625,65.2872,17.25,17.25,18
18.5,0,0,0,0,1.48505,0.99997,1.0459,4,1,1,0.820314,0,0.820314,0.829347,0,30.4688,69.1112,68.8334,68.6389,3108.25,2340,1435.16,970,1502.46,116.344,193.195,193.641,114.844,193.195,655.369,39,10.5,7.10934,11.188,90,100,100,0,-0.140625,65.2872,17.25,17.25,18
18.533,0,0,0,0,1.47553,0.99997,1.04697,4,1,1,0.820314,0,0.820314,0.829347,0,30.4688,69.0556,68.3889,69.6112,3113.25,2340,1437.11,970,1491.91,116.484,193.148,193.688,118.828,193.148,655.369,39,10.536,7.09868,11.224,90,100,100,0,-0.5625,65.2872,17.25,17.25,18
18.567,0,0,0,0,1.48712,0.99997,1.04855,4,1,1,0.820314,0,0.820314,0.826661,0,30.4688,69.3612,68.9445,69.1667,3121.5,2340,1433.91,970,1502.46,116.227,193.125,193.758,114.656,193.148,657.205,39,10.516,7.13868,11.204,90,100,100,0,0,65.2872,17.25,17.25,18
18.6,0,0,0,0,1.47931,0.99997,1.04898,4,1,1,0.820314,0,0.820314,0.82007,0,30.4688,69.2223,69.7778,69.3056,3129.75,2340,1430.16,970,1494.57,115.875,193.125,193.758,116.414,193.125,657.205,39,10.484,7.09334,11.18,90,100,100,0,-0.484375,65.2872,17.25,17.25,18
18.633,0,0,0,0,1.48114,0.99997,1.04846,4,1,1,0.820314,0,0.820314,0.813722,0,30.4688,69.3612,69.7223,69.0278,3138.5,2340,1430.66,970,1497.23,115.898,193.125,193.852,115.359,193.125,657.205,39,10.492,7.09601,11.188,90,100,100,0,-0.25,65.2872,17.25,17.25,18
18.667,0,0,0,0,1.47009,0.99997,1.04883,4,1,1,0.820314,0,0.820314,0.823732,0,30.4688,69.4723,69.2223,69.5001,3146.75,2340,1435.12,970,1486.68,116.273,193.078,193.875,118.219,193.125,657.205,39,10.544,7.09868,11.24,90,100,100,0,0.078125,65.2872,17.25,17.25,18
18.7,0,0,0,0,1.48102,0.99997,1.04816,4,1,1,0.820314,0,0.820314,0.824708,0,30.4688,69.6389,69.7223,70.0278,3144.75,2340,1432.07,970,1497.23,116.016,193.078,193.875,116.766,193.078,657.205,39,10.504,7.09334,11.2,90,100,100,0,-0.40625,65.2872,17.25,17.25,18
18.733,0,0,0,0,1.48279,0.99997,1.04779,4,1,1,0.820314,0,0.820314,0.82007,0,30.4688,69.6945,69.8056,69.1112,3153.5,2340,1429.69,970,1499.8,115.781,193.078,193.969,114.023,193.078,657.205,39,10.476,7.11201,11.172,90,100,100,0,-0.578125,65.2872,17.25,17.25,18
18.767,0,0,0,0,1.47424,0.99997,1.04858,4,1,1,0.820314,0,0.820314,0.816408,0,30.4688,69.9167,70.4167,70.0001,3168,2340,1431.02,970,1491.91,115.898,193.055,194.063,117,193.078,659.158,39,10.504,7.09068,11.2,90,100,100,0,0,65.2872,17.25,17.25,18
18.8,0,0,0,0,1.47412,0.99997,1.0488,4,1,1,0.820314,0,0.820314,0.818361,0,30.4688,70.1112,70.6667,70.6389,3169,2340,1431.29,970,1491.95,115.898,193.055,194.063,116.883,193.055,659.158,39,10.516,7.10668,11.212,90,100,100,0,-0.328125,65.2872,17.25,17.25,18
18.833,0,0,0,0,1.47473,0.99997,1.04895,4,1,1,0.820314,0,0.820314,0.822023,0,30.4688,69.9167,70.4445,70.2223,3176.5,2340,1430.2,970,1494.57,115.805,192.984,194.086,116.344,192.984,659.158,39,10.5,7.07734,11.196,90,100,100,0,-0.59375,65.2872,17.25,17.25,18
18.867,0,0,0,0,1.47424,0.99997,1.04892,4,1,1,0.820314,0,0.820314,0.822999,0,30.4688,70.2778,70.4167,70.6945,3187,2340,1431.88,970,1494.57,115.898,193.008,194.18,116.648,192.984,659.158,39,10.52,7.09601,11.216,90,100,100,0,-0.34375,65.2872,17.25,17.25,18
18.9,0,0,0,0,1.47455,0.99997,1.04916,4,1,1,0.820314,0,0.820314,0.822023,0,30.4688,70.6112,70.4445,71.0001,3194.5,2340,1434.41,970,1494.57,116.133,193.008,194.18,116.836,193.008,659.158,39,10.544,7.12534,11.224,90,100,100,0,-0.53125,65.2872,17.25,17.25,18
18.933,0,0,0,0,1.47797,0.99997,1.05097,4,1,1,0.820314,0,0.820314,0.830324,0,30.4688,70.7501,70.5834,71.4445,3198.5,2340,1433.59,970,1497.19,116.016,192.984,194.273,116.672,192.984,659.158,39,10.556,7.11734,11.236,90,100,100,0,-0.140625,65.2872,17.25,17.25,18
18.967,0,0,0,0,1.47809,0.99997,1.05222,4,1,1,0.820314,0,0.820314,0.833986,0,30.4688,70.7501,71.6389,70.3334,3206,2340,1429.61,970,1497.23,115.688,192.938,194.297,114.609,192.984,660.955,39,10.536,7.11468,11.216,90,100,100,0,-0.25,65.2872,17.25,17.25,18
19,0,0,0,0,1.47699,0.99997,1.05356,4,1,1,0.820314,0,0.820314,0.830324,0,30.4688,70.9723,71.5834,69.4167,3211.25,2340,1426.72,970,1497.23,115.453,192.938,194.297,113.109,192.938,660.955,39,10.524,7.12534,11.212,90,100,100,0,-0.59375,65.2872,17.25,17.25,18
19.033,0,0,0,0,1.47846,0.99997,1.0556,4,1,1,0.820314,0,0.820314,0.829347,0,30.4688,70.7501,71.6667,70.3056,3219.5,2340,1423.2,970,1502.46,115.102,192.914,194.414,112.898,192.914,660.955,39,10.504,7.09601,11.192,90,100,100,0,-0.125,65.2872,17.25,17.25,18
19.067,0,0,0,0,1.47174,0.99997,1.05603,4,1,1,0.820314,0,0.820314,0.821046,0,30.4688,71.0278,71.3612,71.3612,3226,2340,1427.34,970,1497.23,115.477,192.867,194.461,115.758,192.914,660.955,39,10.556,7.12268,11.244,90,100,100,0,-0.53125,65.2872,17.25,17.25,18
19.1,0,0,0,0,1.46723,0.99997,1.05615,4,1,1,0.820314,0,0.820314,0.815675,0,30.4688,71.3334,71.1112,71.9445,3235.5,2340,1433.87,970,1491.91,115.992,192.867,194.461,117.375,192.867,660.955,39,10.62,7.15734,11.308,90,100,100,0,-0.3125,65.2872,17.25,17.25,18
19.133,0,0,0,0,1.47113,0.99997,1.05658,4,1,1,0.820314,0,0.820314,0.82007,0,30.4688,71.6667,71.3056,70.7223,3239.25,2340,1430.39,970,1494.53,115.688,192.867,194.531,114.375,192.867,660.955,39,10.592,7.17601,11.28,90,100,100,0,-0.21875,65.2872,17.25,17.25,18
19.167,0,0,0,0,1.47058,0.99997,1.0557,4,1,1,0.820314,0,0.820314,0.821046,0,30.4688,71.6112,72.3334,71.8056,3245.25,2340,1428.55,970,1494.57,115.5,192.82,194.602,116.227,192.867,662.733,39,10.568,7.13601,11.256,90,100,100,0,-0.40625,65.2872,17.25,17.25,18
19.2,0,0,0,0,1.46039,0.99997,1.05573,4,1,1,0.820314,0,0.820314,0.823732,0,30.4688,71.7778,71.8334,71.5001,3256.75,2340,1428.4,970,1486.64,115.5,192.82,194.602,117.375,192.82,662.733,39,10.564,7.12534,11.252,90,100,100,0,-0.125,65.2872,17.25,17.25,18
19.233,0,0,0,0,1.46082,0.99997,1.0557,4,1,1,0.820314,0,0.820314,0.823732,0,30.4688,71.7778,71.8612,71.8334,3258,2340,1431.02,970,1489.3,115.688,192.82,194.695,117.258,192.82,662.733,39,10.596,7.12001,11.284,90,100,100,0,-0.28125,65.2872,17.25,17.25,18
19.267,0,0,0,0,1.46295,0.99997,1.05603,4,1,1,0.820314,0,0.820314,0.818361,0,30.4688,71.9445,71.9723,71.8889,3268.5,2340,1430.74,970,1491.95,115.664,192.773,194.695,116.766,192.82,662.733,39,10.592,7.13601,11.28,90,100,100,0,-0.375,65.2872,18,18,18.75
19.3,0,0,0,0,1.46192,0.99997,1.05631,4,1,1,0.820314,0,0.820314,0.818361,0,30.4688,72.3612,71.9167,73.0278,3272.5,2340,1432.77,970,1491.91,115.828,192.773,194.695,118.172,192.773,662.733,39,10.62,7.16001,11.3,90,100,100,0,-0.078125,65.2872,18,18,18.75
19.333,0,0,0,0,1.47077,0.99997,1.05536,4,1,1,0.820314,0,0.820314,0.814699,0,30.4688,72.3612,72.3612,71.9723,3281,2340,1430.55,970,1499.8,115.594,192.797,194.813,115.102,192.797,662.733,39,10.568,7.14134,11.248,90,100,100,0,-0.5625,65.2872,18,18,18.75
19.367,0,0,0,0,1.46777,0.99997,1.05557,4,1,1,0.820314,0,0.820314,0.817384,0,30.4688,72.4167,73.2223,72.7501,3285,2340,1428.79,970,1497.23,115.43,192.727,194.859,115.594,192.797,664.588,39,10.572,7.13334,11.252,90,100,100,0,-0.28125,65.2872,18,18,18.75
19.4,0,0,0,0,1.46527,0.99997,1.05527,4,1,1,0.820314,0,0.820314,0.818361,0,30.4688,72.4167,73.0834,71.6112,3294.75,2340,1425.98,970,1497.23,115.195,192.727,194.859,113.555,192.727,664.588,39,10.544,7.10401,11.232,90,100,100,0,-0.46875,65.2872,18,18,18.75
19.433,0,0,0,0,1.46356,0.99997,1.0549,4,1,1,0.820314,0,0.820314,0.819337,0,30.4688,72.5278,73.0001,73.0278,3299,2340,1426.56,970,1497.23,115.195,192.727,194.977,115.758,192.727,664.588,39,10.548,7.10668,11.236,90,100,100,0,-0.59375,65.2872,18,18,18.75
19.467,0,0,0,0,1.45642,0.99997,1.05466,4,1,1,0.820314,0,0.820314,0.815675,0,30.4688,72.5834,72.6389,73.5001,3308.5,2340,1430.66,970,1491.91,115.547,192.68,195,117.422,192.727,664.588,39,10.58,7.09334,11.268,90,100,100,0,-0.125,65.2872,18,18,18.75
19.5,0,0,0,0,1.45996,0.99997,1.05432,4,1,1,0.820314,0,0.820314,0.814699,0,30.4688,73.0556,72.8056,73.2501,3313.75,2340,1430.43,970,1494.57,115.523,192.68,195,116.32,192.68,664.588,39,10.576,7.12534,11.256,90,100,100,0,-0.53125,65.2872,18,18,18.75
19.533,0,0,0,0,1.45715,0.99997,1.05396,4,1,1,0.820314,0,0.820314,0.814699,0,30.4688,73.1112,72.6667,73.4167,3320.75,2340,1432.03,970,1491.91,115.641,192.656,195.07,116.531,192.656,664.588,39,10.592,7.12001,11.272,90,100,100,0,-0.4375,65.2872,18,18,18.75
19.567,0,0,0,0,1.46723,0.99997,1.05319,4,1,1,0.820314,0,0.820314,0.817384,0,30.4688,73.2778,74.2223,73.5556,3328.5,2340,1430.43,970,1502.46,115.477,192.633,195.164,114.164,192.656,666.404,39,10.556,7.10134,11.236,90,100,100,0,-0.0625,65.2872,18,18,18.75
19.6,0,0,0,0,1.45575,0.99997,1.052,4,1,1,0.820314,0,0.820314,0.816408,0,30.4688,73.6945,73.6667,74.1945,3334.25,2340,1434.38,970,1491.91,115.805,192.633,195.164,117.938,192.633,666.404,39,10.6,7.13601,11.288,90,100,100,0,-0.328125,65.2872,18,18,18.75
19.633,0,0,0,0,1.45813,0.99997,1.05197,4,1,1,0.820314,0,0.820314,0.818361,0,30.4688,73.7501,73.7778,74.1112,3342.75,2340,1435.94,970,1494.57,115.898,192.633,195.234,116.555,192.633,666.404,39,10.608,7.12268,11.296,90,100,100,0,-0.1875,65.2872,18,18,18.75
19.667,0,0,0,0,1.45569,0.99997,1.05203,4,1,1,0.820314,0,0.820314,0.82007,0,30.4688,73.9167,73.6389,73.5556,3347.25,2340,1433.59,970,1491.95,115.688,192.563,195.281,115.969,192.633,666.404,39,10.58,7.12268,11.268,90,100,100,0,-0.375,65.2872,18,18,18.75
19.7,0,0,0,0,1.45874,0.99997,1.05216,4,1,1,0.820314,0,0.820314,0.82007,0,30.4688,73.6945,73.8056,74.1112,3354.5,2340,1427.34,970,1497.19,115.148,192.563,195.281,115.313,192.563,666.404,39,10.504,7.07468,11.192,90,100,100,0,-0.234375,65.2872,18,18,18.75
19.733,0,0,0,0,1.45734,0.99997,1.05264,4,1,1,0.820314,0,0.820314,0.822023,0,30.4688,73.6389,73.7223,74.0556,3362,2340,1424.69,970,1497.19,114.891,192.586,195.375,115.172,192.586,666.404,39,10.492,7.06401,11.18,90,100,100,0,0.03125,65.2872,18,18,18.75
19.767,0,0,0,0,1.45435,0.99997,1.05289,4,1,1,0.820314,0,0.820314,0.821046,0,30.4688,73.9723,74.6112,75.1945,3368.5,2340,1430.04,970,1494.57,115.359,192.539,195.422,117.234,192.586,668.182,39,10.568,7.08801,11.256,90,100,100,0,-0.421875,65.2872,18,18,18.75
19.8,0,0,0,0,1.45703,0.99997,1.05301,4,1,1,0.820314,0,0.820314,0.815675,0,30.4688,74.0556,74.7501,74.5001,3373,2340,1427.62,970,1497.23,115.125,192.539,195.422,115.5,192.539,668.182,39,10.532,7.08534,11.22,90,100,100,0,-0.4375,65.2872,18,18,18.75
19.833,0,0,0,0,1.44989,0.99997,1.05399,4,1,1,0.820314,0,0.820314,0.82007,0,30.4688,74.2778,74.3889,74.5001,3382.75,2340,1430.35,970,1491.91,115.336,192.539,195.492,116.297,192.539,668.182,39,10.572,7.09601,11.26,90,100,100,0,-0.28125,65.2872,18,18,18.75
19.867,0,0,0,0,1.45551,0.99997,1.05264,4,1,1,0.820314,0,0.820314,0.817384,0,30.4688,74.6945,74.6667,74.6667,3392,2340,1430.12,970,1497.23,115.313,192.492,195.563,115.172,192.539,668.182,39,10.556,7.11734,11.244,90,100,100,0,-0.5625,65.2872,18,18,18.75
19.9,0,0,0,0,1.45416,0.99997,1.05216,4,1,1,0.820314,0,0.820314,0.813722,0,30.4688,74.6945,74.6112,75.4445,3396.25,2340,1431.64,970,1497.19,115.43,192.492,195.563,116.25,192.492,668.182,39,10.564,7.10134,11.252,90,100,100,0,-0.046875,65.2872,18,18,18.75
19.933,0,0,0,0,1.45264,0.99997,1.05234,4,1,1,0.820314,0,0.820314,0.813722,0,30.4688,74.8612,74.5278,74.9723,3400.75,2340,1431.72,970,1494.57,115.383,192.469,195.656,115.805,192.469,668.182,39,10.564,7.10134,11.252,90,100,100,0,-0.609375,65.2872,18,18,18.75
19.967,0,0,0,0,1.46552,0.99997,1.05097,4,1,1,0.820314,0,0.820314,0.814699,0,30.4688,75.0278,76.1945,75.5001,3410.25,2340,1431.29,970,1507.73,115.336,192.445,195.703,113.063,192.469,670.076,39,10.544,7.09868,11.232,90,100,100,0,-0.5,65.2872,18,18,18.75
20,0,0,0,0,1.4516,0.99997,1.05057,4,1,1,0.820314,0,0.820314,0.819337,0,30.4688,75.3889,75.4723,75.2778,3414.75,2340,1435.27,970,1494.57,115.664,192.445,195.703,116.086,192.445,670.076,39,10.592,7.11734,11.28,90,100,100,0,-0.453125,65.2872,18,18,18.75
20.033,0,0,0,0,1.46167,0.99997,1.05011,4,1,1,0.820314,0,0.820314,0.818361,0,30.4688,75.3334,75.9723,76.0001,3425,2340,1433.48,970,1505.16,115.5,192.445,195.773,114.609,192.445,670.076,39,10.556,7.08534,11.244,90,100,100,0,-0.453125,65.2872,18,18,18.75
20.067,0,0,0,0,1.45435,0.99997,1.05093,4,1,1,0.820314,0,0.820314,0.822023,0,30.4688,75.7223,75.6112,76.0834,3430,2340,1438.13,970,1497.23,115.875,192.398,195.844,116.742,192.445,670.076,39,10.624,7.12001,11.312,90,100,100,0,-0.34375,65.2872,18,18,18.75
20.1,0,0,0,0,1.45679,0.99997,1.05139,4,1,1,0.820314,0,0.820314,0.823732,0,30.4688,75.8334,75.7501,75.5834,3438.75,2340,1435.04,970,1499.84,115.594,192.398,195.844,115.313,192.398,670.076,39,10.584,7.10934,11.272,90,100,100,0,-0.34375,65.2872,18,18,18.75
20.133,0,0,0,0,1.45422,0.99997,1.05258,4,1,1,0.820314,0,0.820314,0.82837,0,30.4688,75.8889,75.6112,76.0001,3442.25,2340,1436.84,970,1497.23,115.711,192.375,195.914,116.391,192.375,670.076,39,10.612,7.11468,11.3,90,100,100,0,-0.484375,65.2872,18,18,18.75
20.167,0,0,0,0,1.45667,0.99997,1.05386,4,1,1,0.820314,0,0.820314,0.827638,0,30.4688,75.9445,76.8056,76.0834,3449.75,2340,1435.86,970,1499.84,115.594,192.375,195.984,115.922,192.375,672.01,39,10.616,7.12534,11.304,90,100,100,0,-0.25,65.2872,18,18,18.75
20.2,0,0,0,0,1.45514,0.99997,1.05579,4,1,1,0.820314,0,0.820314,0.82837,0,30.4688,76.1945,76.6945,75.2778,3458.5,2340,1433.71,970,1499.84,115.406,192.375,195.984,114.352,192.375,672.01,39,10.616,7.12534,11.304,90,100,100,0,-0.859375,65.2872,18,18,18.75
20.233,0,0,0,0,1.45007,0.99997,1.05512,4,1,1,0.820314,0,0.820314,0.821046,0,30.4688,75.8889,76.4167,76.3056,3465,2340,1432.23,970,1497.27,115.266,192.305,196.055,116.438,192.305,672.01,39,10.592,7.09068,11.28,90,99.6079,100,0,-0.21875,65.2872,18,18,18.75
20.267,0,0,0,0,1.44977,0.99997,1.05661,4,1,1,0.820314,0,0.820314,0.821046,0,30.4688,76.1945,76.4167,77.1667,3470.5,2340,1435.35,970,1497.27,115.523,192.305,196.125,117.398,192.305,672.01,39,10.648,7.11734,11.336,90,99.6079,100,0,-0.578125,65.2872,18,18,18.75
20.3,0,0,0,0,1.45191,0.99997,1.05542,4,1,1,0.820314,0,0.820314,0.817384,0,30.4688,76.5834,76.5278,76.1667,3480.25,2340,1434.06,970,1499.8,115.383,192.305,196.125,114.609,192.305,672.01,39,10.62,7.13601,11.316,90,99.6079,100,0,-0.875,65.2872,18,18,18.75
20.333,0,0,0,0,1.44855,0.99997,1.05502,4,1,1,0.820314,0,0.820314,0.816408,0,30.4688,76.5278,76.3612,76.2501,3479,2340,1432.07,970,1497.23,115.195,192.258,196.195,115.336,192.258,672.01,39,10.592,7.11201,11.288,90,100,100,0,-0.046875,65.2872,18,18,18.75
20.367,0,0,0,0,1.44739,0.99997,1.05322,4,1,1,0.820314,0,0.820314,0.809083,0,30.4688,76.5834,77.3056,75.5001,3490.75,2340,1430.31,970,1497.23,115.031,192.234,196.242,113.719,192.258,673.963,39,10.56,7.08534,11.256,90,100,100,0,-0.6875,65.2872,18,18,18.75
20.4,0,0,0,0,1.44391,0.99997,1.05252,4,1,1,0.820314,0,0.820314,0.811036,0,30.4688,76.7223,77.139,76.3889,3494.75,2340,1430,970,1494.57,115.008,192.234,196.242,115.477,192.234,673.963,39.75,10.56,7.08534,11.24,90,100,100,0,-0.40625,65.2872,18,18,18.75
20.433,0,0,0,0,1.43738,0.99997,1.05066,4,1,1,0.820314,0,0.820314,0.808107,0,30.4688,76.7778,76.7778,76.1667,3500.75,2340,1430.55,970,1489.3,115.008,192.234,196.336,115.992,192.234,673.963,39.75,10.54,7.07468,11.22,90,100,100,0,-0.421875,65.2872,18,18,18.75
20.467,0,0,0,0,1.44629,0.99997,1.04913,4,1,1,0.820314,0,0.820314,0.811036,0,30.4688,76.7778,77.2778,76.0834,3514,2340,1426.02,970,1499.8,114.633,192.188,196.359,112.969,192.234,673.963,39.75,10.476,7.05868,11.156,90,100,100,0,-0.40625,65.2872,18,18,18.75
20.5,0,0,0,0,1.44031,0.99997,1.04849,4,1,1,0.820314,0,0.820314,0.813722,0,30.4688,77.0001,76.9723,77.5834,3514.75,2340,1430.16,970,1494.61,114.984,192.188,196.359,116.602,192.188,673.963,39.75,10.512,7.05868,11.2,90,100,100,0,-0.328125,65.2872,18,18,18.75
20.533,0,0,0,0,1.44147,0.99997,1.0477,4,1,1,0.820314,0,0.820314,0.814699,0,30.4688,77.2778,78.0556,76.0834,3522.75,2340,1428.09,970,1494.61,114.773,192.188,196.406,114.352,192.188,673.963,39.75,10.492,7.05868,11.18,90,100,100,0,-0.40625,65.2872,18,18,18.75
20.567,0,0,0,0,1.43817,0.99997,1.04785,4,1,1,0.820314,0,0.820314,0.815675,0,30.4688,77.2223,77.889,77.7501,3529.25,2340,1428.83,970,1494.57,114.844,192.281,196.453,116.297,192.188,675.858,39.75,10.496,7.02668,11.184,90,100,100,0,-0.09375,65.2872,18.75,18.75,18.75
20.6,0,0,0,0,1.43433,0.99997,1.04807,4,1,1,0.820314,0,0.820314,0.817384,0,30.4688,77.4723,77.6667,77.7778,3534.75,2340,1430.35,970,1491.95,115.008,192.281,196.453,116.508,192.281,675.858,39.75,10.524,7.04268,11.22,90,100,100,0,-0.609375,65.2872,18.75,18.75,18.75
20.633,0,0,0,0,1.43897,0.99997,1.04819,4,1,1,0.820314,0,0.820314,0.82007,0,30.4688,77.7501,77.9167,78.389,3544.25,2320,1432.54,970,1497.23,115.547,191.531,196.5,116.039,191.531,675.858,39.75,10.592,7.06934,11.288,90,100,100,0,-0.3125,65.2872,18.75,18.75,18.75
20.667,0,0,0,0,1.43952,0.99997,1.04831,4,1,1,0.820314,0,0.820314,0.819337,0,30.4688,78.0001,77.9723,77.7778,3549.25,2320,1428.44,970,1499.84,115.242,191.156,196.547,114.586,191.531,675.858,39.75,10.556,7.08801,11.252,90,100,100,0,-0.515625,65.2872,18.75,18.75,18.75
20.7,0,0,0,0,1.43897,0.99997,1.04868,4,1,1,0.820314,0,0.820314,0.818361,0,30.4688,78.1112,77.9445,79.8056,3554.75,2320,1430.31,970,1499.84,115.383,191.156,196.547,117.773,191.156,675.858,39.75,10.584,7.06401,11.272,90,100,100,0,-0.75,65.2872,18.75,18.75,18.75
20.733,0,0,0,0,1.44049,0.99997,1.05005,4,1,1,0.820314,0,0.820314,0.822999,0,30.4688,78.4445,78.0001,77.4167,3562.75,2320,1428.01,970,1499.84,115.219,191.719,196.57,114,191.719,675.858,39.75,10.576,7.10668,11.264,90,100,100,0,-0.421875,65.2872,18.75,18.75,18.75
20.767,0,0,0,0,1.43976,0.99997,1.0502,4,1,1,0.820314,0,0.820314,0.822023,0,30.4688,78.389,78.8612,79.139,3567.5,2320,1429.53,970,1499.84,115.383,191.859,196.617,116.344,191.719,677.869,39.75,10.6,7.08268,11.288,90,100,100,0,-0.78125,65.2872,18.75,18.75,18.75
20.8,0,0,0,0,1.43726,0.99997,1.0506,4,1,1,0.820314,0,0.820314,0.82007,0,30.4688,78.639,78.7223,78.3334,3575.25,2320,1428.71,970,1497.23,115.313,191.859,196.617,115.57,191.859,677.869,39.75,10.596,7.09334,11.284,90,100,100,0,-0.078125,65.2872,18.75,18.75,18.75
20.833,0,0,0,0,1.43799,0.99997,1.05093,4,1,1,0.820314,0,0.820314,0.819337,0,30.4688,78.6112,78.7501,78.5001,3582.75,2320,1427.15,970,1499.84,115.219,191.977,196.664,115.172,191.977,677.869,39.75,10.576,7.06934,11.264,90,100,100,0,-0.671875,65.2872,18.75,18.75,18.75
20.867,0,0,0,0,1.43512,0.99997,1.04913,4,1,1,0.820314,0,0.820314,0.811036,0,30.4688,78.8056,78.5834,77.9167,3591,2320,1423.98,970,1497.23,114.984,192.07,196.711,114.328,191.977,677.869,39.75,10.536,7.07734,11.224,90,100,100,0,-0.609375,65.2872,18.75,18.75,18.75
20.9,0,0,0,0,1.43396,0.99997,1.0484,4,1,1,0.820314,0,0.820314,0.811769,0,30.4688,78.6945,78.5278,79.6112,3594.5,2320,1423.48,970,1497.23,114.914,192.07,196.711,116.367,192.07,677.869,39.75,10.492,7.03468,11.18,90,100,100,0,-0.4375,65.2872,18.75,18.75,18.75
20.933,0,0,0,0,1.43952,0.99997,1.04678,4,1,1,0.820314,0,0.820314,0.807374,0,30.4688,78.9723,79.6945,78.5001,3604.75,2320,1423.32,970,1502.46,114.938,192.188,196.758,112.945,192.188,677.869,39.75,10.508,7.03201,11.196,90,100,100,0,-1,65.2872,18.75,18.75,18.75
20.967,0,0,0,0,1.43598,0.99997,1.04581,4,1,1,0.820314,0,0.820314,0.814699,0,30.4688,79.0278,79.5001,78.3056,3605.25,2320,1420.31,970,1499.8,114.703,192.328,196.805,113.602,192.188,679.842,39.75,10.472,7.02401,11.16,90,100,100,0,-0.40625,65.2872,18.75,18.75,18.75
21,0,0,0,0,1.43396,0.99997,1.04508,4,1,1,0.820314,0,0.820314,0.817384,0,30.4688,79.139,79.4167,79.5278,3616.5,2330,1420.66,970,1499.84,114.727,192.328,196.805,115.336,192.328,679.842,39.75,10.436,7.00268,11.124,90,100,100,0,-0.703125,65.2872,18.75,18.75,18.75
21.033,0,0,0,0,1.43079,0.99997,1.04523,4,1,1,0.820314,0,0.820314,0.816408,0,30.4688,79.2501,79.2223,79.0556,3624.5,2330,1420.23,970,1497.23,114.727,192.469,196.852,114.961,192.469,679.842,39.75,10.444,6.99468,11.132,90,100,100,0,-0.40625,65.2872,18.75,18.75,18.75
21.067,0,0,0,0,1.43219,0.99997,1.04446,4,1,1,0.820314,0,0.820314,0.813722,0,30.4688,79.3334,79.3056,79.1945,3627,2330,1416.99,970,1499.84,114.469,192.492,196.875,114.328,192.469,679.842,39.75,10.412,7.01868,11.1,90,100,100,0,-0.953125,65.2872,18.75,18.75,18.75
21.1,0,0,0,0,1.42401,0.99997,1.04477,4,1,1,0.820314,0,0.820314,0.815675,0,30.4688,79.5001,78.8612,79.139,3635,2330,1419.92,970,1491.91,114.703,192.492,196.875,115.641,192.492,679.842,39.75,10.436,6.99468,11.124,90,100,100,0,-0.828125,65.2872,18.75,18.75,18.75
21.133,0,0,0,0,1.43005,0.99997,1.0444,4,1,1,0.820314,0,0.820314,0.815675,0,30.4688,79.7778,80.1112,79.5278,3643.25,2330,1421.72,970,1497.23,114.891,192.703,196.922,114.539,192.703,679.842,39.75,10.468,7.02134,11.156,90,100,100,0,-0.59375,65.2872,18.75,18.75,18.75
21.167,0,0,0,0,1.42969,0.99997,1.04389,4,1,1,0.820314,0,0.820314,0.816408,0,30.4688,79.889,80.0834,79.389,3649,2330,1419.73,970,1497.23,114.75,192.75,196.969,114.141,192.703,681.854,39.75,10.44,7.00801,11.128,90,100,100,0,-0.84375,65.2872,18.75,18.75,18.75
21.2,0,0,0,0,1.42597,0.99997,1.04376,4,1,1,0.820314,0,0.820314,0.817384,0,30.4688,79.9723,79.8612,79.139,3657.5,2330,1416.91,970,1494.57,114.492,192.75,196.969,113.93,192.75,681.854,39.75,10.408,6.99201,11.096,90,100,100,0,-0.203125,65.2872,18.75,18.75,18.75
21.233,0,0,0,0,1.43121,0.99997,1.04492,4,1,1,0.820314,0,0.820314,0.822999,0,30.4688,80.139,80.139,79.6112,3662,2330,1417.97,970,1499.8,114.609,192.914,197.016,114.188,192.727,681.854,39.75,10.436,7.01601,11.124,90,100,100,0,-0.734375,65.2872,18.75,18.75,18.75
21.267,0,0,0,0,1.4267,0.99997,1.04669,4,1,1,0.820314,0,0.820314,0.8313,0,30.4688,80.139,79.889,80.889,3666,2330,1422.11,970,1494.57,114.938,192.961,197.039,116.484,192.703,681.854,39.75,10.5,7.01601,11.188,90,100,100,0,-0.65625,65.2872,18.75,18.75,18.75
21.3,0,0,0,0,1.43591,0.99997,1.04828,4,1,1,0.820314,0,0.820314,0.8313,0,30.4688,80.7778,80.4445,82.3056,3674,2330,1425.63,970,1502.5,115.266,192.961,197.039,116.367,192.68,681.854,39.75,10.584,7.06934,11.272,90,100,100,0,-0.765625,65.2872,18.75,18.75,18.75
21.333,0,0,0,0,1.42969,0.99997,1.05011,4,1,1,0.820314,0,0.820314,0.830324,0,30.4688,80.9445,80.9445,81.4723,3681.25,2320,1429.53,970,1494.57,115.641,193.195,197.109,117.211,192.609,681.854,39.75,10.652,7.09868,11.34,90,100,100,0,-0.71875,65.2872,18.75,18.75,18.75
21.367,0,0,0,0,1.43555,0.99997,1.05112,4,1,1,0.820314,0,0.820314,0.821046,0,30.4688,81.2223,81.2778,81.389,3691.25,2320,1427.66,970,1499.84,115.477,193.125,197.109,115.523,192.609,683.768,39.75,10.648,7.12534,11.336,90,100,100,0,-0.296875,65.2872,18.75,18.75,18.75
21.4,0,0,0,0,1.43762,0.99997,1.05179,4,1,1,0.820314,0,0.820314,0.816408,0,30.4688,81.1667,81.389,80.4445,3695,2320,1422.97,970,1502.46,115.055,193.125,197.109,113.625,192.586,683.768,39.75,10.592,7.08534,11.272,90,100,100,0,-0.703125,65.2872,18.75,18.75,18.75
21.433,0,0,0,0,1.43451,0.99997,1.05093,4,1,1,0.820314,0,0.820314,0.813722,0,30.4688,81.2223,81.2223,82.1112,3699.5,2320,1427.34,970,1499.84,115.453,193.406,197.18,116.672,192.539,683.768,39.75,10.636,7.09334,11.316,90,100,100,0,-0.296875,65.2872,18.75,18.75,18.75
21.467,0,0,0,0,1.43787,0.99997,1.04916,4,1,1,0.820314,0,0.820314,0.813722,0,30.4688,81.5834,81.389,81.0834,3711,2320,1422.7,970,1502.5,115.078,193.406,197.227,114.164,192.539,683.768,39.75,10.564,7.09868,11.244,90,100,100,0,-0.84375,65.2872,18.75,18.75,18.75
21.5,0,0,0,0,1.43396,0.99997,1.04852,4,1,1,0.820314,0,0.820314,0.815675,0,30.4688,81.5834,81.1667,81.4723,3717,2320,1423.63,970,1499.84,115.125,193.406,197.227,115.359,192.492,683.768,39.75,10.56,7.05868,11.264,90,100,100,0,-0.59375,65.2872,18.75,18.75,18.75
21.533,0,0,0,0,1.43195,0.99997,1.04855,4,1,1,0.820314,0,0.820314,0.818361,0,30.4688,81.639,81.0556,82.7778,3720,2320,1427.85,970,1497.23,115.547,193.641,197.273,117.398,192.398,683.768,39.75,10.62,7.08001,11.324,90,100,100,0,-0.359375,65.2872,18.75,18.75,18.75
21.567,0,0,0,0,1.43768,0.99997,1.04776,4,1,1,0.820314,0,0.820314,0.815675,0,30.4688,81.9167,82.2501,81.5556,3730.25,2320,1424.69,970,1502.46,115.242,193.664,197.32,113.977,192.398,685.643,39.75,10.568,7.09334,11.272,90,100,100,0,-0.515625,65.2872,18.75,18.75,18.75
21.6,0,0,0,0,1.43121,0.99997,1.04761,4,1,1,0.820314,0,0.820314,0.815675,0,30.4688,81.639,81.889,81.389,3736.25,2320,1419.02,970,1497.27,114.773,193.664,197.32,115.195,192.398,685.643,39.75,10.492,7.03734,11.18,90,100,100,0,-0.140625,65.2872,18.75,18.75,18.75
21.633,0,0,0,0,1.42474,0.99997,1.04639,4,1,1,0.820314,0,0.820314,0.812745,0,30.4688,81.8056,81.5278,82.5001,3742,2320,1422.97,970,1491.95,115.125,193.805,197.344,118.125,192.328,685.643,39.75,10.52,7.01601,11.208,90,100,100,0,-0.78125,65.2872,18.75,18.75,18.75
21.667,0,0,0,0,1.43555,0.99997,1.04648,4,1,1,0.820314,0,0.820314,0.814699,0,30.4688,82.389,82.139,82.4723,3749.5,2320,1422.46,970,1502.46,115.125,193.969,197.391,114.609,192.328,685.643,39.75,10.552,7.06668,11.24,90,100,100,0,-0.296875,65.2872,18.75,18.75,18.75
21.7,0,0,0,0,1.42737,0.99997,1.04657,4,1,1,0.820314,0,0.820314,0.819337,0,30.4688,82.639,81.6667,82.5834,3756.5,2320,1426.13,970,1494.57,115.406,193.969,197.391,116.297,192.258,685.643,39.75,10.584,7.06401,11.28,90,100,100,0,-0.8125,65.2872,18.75,18.75,18.75
21.733,0,0,0,0,1.43085,0.99997,1.0466,4,1,1,0.820314,0,0.820314,0.822023,0,30.4688,82.5556,81.8612,81.2778,3762.5,2320,1421.09,970,1497.23,114.984,193.992,197.438,113.719,192.234,685.643,39.75,10.528,7.05868,11.224,90,100,100,0,-0.515625,65.2872,18.75,18.75,18.75
21.767,0,0,0,0,1.4306,0.99997,1.04654,4,1,1,0.820314,0,0.820314,0.818361,0,30.4688,82.4445,82.7778,82.6667,3764,2320,1419.96,970,1497.23,114.844,194.156,197.461,115.641,192.211,687.615,39.75,10.488,7.01601,11.184,90,100,100,0,-0.828125,65.2872,18.75,18.75,18.75
21.8,0,0,0,0,1.435,0.99997,1.0459,4,1,1,0.820314,0,0.820314,0.814699,0,30.4688,82.8612,83.0278,82.8612,3774,2320,1420.39,970,1502.46,114.914,194.156,197.461,114.07,192.164,687.615,39.75,10.492,7.02668,11.18,90,100,100,0,-0.546875,65.2872,18.75,18.75,18.75
21.833,0,0,0,0,1.43219,0.99997,1.04614,4,1,1,0.820314,0,0.820314,0.815675,0,30.4688,82.8056,82.8612,83.4445,3780,2310,1422.5,970,1499.8,115.148,194.297,197.531,115.477,192.117,687.615,39.75,10.528,7.02934,11.216,90,100,100,0,-0.546875,65.2872,18.75,18.75,18.75
21.867,0,0,0,0,1.4339,0.99997,1.04501,4,1,1,0.820314,0,0.820314,0.816408,0,30.4688,83.3334,82.9723,83.2501,3788.25,2310,1425.9,970,1499.84,115.453,194.32,197.555,115.055,192.117,687.615,39.75,10.588,7.08534,11.276,90,100,100,0,-0.65625,65.2872,18.75,18.75,18.75
21.9,0,0,0,0,1.43463,0.99997,1.04462,4,1,1,0.820314,0,0.820314,0.816408,0,30.4688,83.7778,83.0278,83.3612,3797.25,2310,1428.44,970,1499.8,115.641,194.32,197.555,114.656,192.07,687.615,39.75,10.608,7.10668,11.304,90,100,100,0,-0.53125,65.2872,18.75,18.75,18.75
21.933,0,0,0,0,1.43616,0.99997,1.04538,4,1,1,0.820314,0,0.820314,0.821046,0,30.4688,83.9445,83.0834,83.8056,3803.5,2310,1429.77,970,1499.8,115.805,194.578,197.625,115.336,192.023,687.615,39.75,10.628,7.09868,11.324,90,100,100,0,-0.703125,65.2872,18.75,18.75,18.75
21.967,0,0,0,0,1.43945,0.99997,1.04514,4,1,1,0.820314,0,0.820314,0.822023,0,30.4688,84.139,84.1667,83.7223,3809.5,2310,1428.71,970,1502.5,115.711,194.578,197.648,114.727,192.023,689.529,39.75,10.62,7.11734,11.316,90,100,100,0,-0.21875,65.2872,18.75,18.75,18.75
22,0,0,0,0,1.43805,0.99997,1.04575,4,1,1,0.820314,0,0.820314,0.821046,0,30.4688,84.139,84.0834,84.6667,3815.25,2310,1427.11,970,1502.5,115.547,194.578,197.648,116.156,192,689.529,39.75,10.596,7.08534,11.284,90,100,100,0,-0.984375,65.2872,18.75,18.75,18.75
22.033,0,0,0,0,1.44074,0.99997,1.04544,4,1,1,0.820314,0,0.820314,0.817384,0,30.4688,84.3056,84.2501,84.3334,3820,2310,1427.58,970,1505.16,115.594,194.766,197.695,115.383,191.93,689.529,39.75,10.604,7.09868,11.292,90,100,100,0,-0.46875,65.2872,18.75,18.75,18.75
22.067,0,0,0,0,1.43988,0.99997,1.0448,4,1,1,0.820314,0,0.820314,0.814699,0,30.4688,84.3056,84.1945,85.1945,3824,2310,1431.21,970,1505.16,115.875,194.836,197.719,116.977,191.93,689.529,39.75,10.632,7.10134,11.32,90,100,100,0,-0.65625,65.2872,18.75,18.75,18.75
22.1,0,0,0,0,1.43451,0.99997,1.04489,4,1,1,0.820314,0,0.820314,0.818361,0,30.4688,84.5278,83.889,85.0001,3833.75,2310,1429.88,970,1499.88,115.758,194.836,197.719,117.75,191.883,689.529,39.75,10.616,7.09868,11.32,90,100,100,0,-0.40625,65.2872,18.75,18.75,18.75
22.133,0,0,0,0,1.43573,0.99997,1.0444,4,1,1,0.820314,0,0.820314,0.821046,0,30.4688,84.6667,83.9723,84.7778,3838.25,2310,1429.53,970,1499.84,115.781,194.977,197.766,116.977,191.836,689.529,39.75,10.624,7.09334,11.328,90,100,100,0,-0.296875,65.2872,18.75,18.75,18.75
22.167,0,0,0,0,1.43738,0.99997,1.04382,4,1,1,0.820314,0,0.820314,0.814699,0,30.4688,84.9445,84.9167,84.0001,3847.5,2310,1429.65,970,1499.88,115.805,195.07,197.813,115.477,191.836,691.541,39.75,10.616,7.10668,11.32,90,100,100,0,-0.75,65.2872,18.75,18.75,18.75
22.2,0,0,0,0,1.43646,0.99997,1.04437,4,1,1,0.820314,0,0.820314,0.815675,0,30.4688,84.6667,84.889,84.5001,3854,2310,1425.16,970,1499.88,115.383,195.07,197.813,116.297,191.766,691.541,39.75,10.564,7.05868,11.26,90,100,100,0,-0.375,65.2872,18.75,18.75,18.75
22.233,0,0,0,0,1.43561,0.99997,1.04413,4,1,1,0.820314,0,0.820314,0.815675,0,30.4688,85.0001,84.8334,84.6667,3861,2310,1429.14,970,1499.88,115.781,195.211,197.883,116.086,191.742,691.541,39.75,10.616,7.06934,11.312,90,100,100,0,-0.703125,65.2872,18.75,18.75,18.75
22.267,0,0,0,0,1.44525,0.99997,1.04419,4,1,1,0.820314,0,0.820314,0.819337,0,30.4688,85.5834,85.389,84.7501,3866.25,2310,1429.22,970,1507.73,115.781,195.281,197.906,113.672,191.719,691.541,39.75,10.62,7.12534,11.316,90,100,100,0,-0.4375,65.2872,18.75,18.75,18.75
22.3,0,0,0,0,1.44452,0.99997,1.04437,4,1,1,0.820314,0,0.820314,0.82007,0,30.4688,85.3056,85.3612,86.1112,3870.75,2310,1426.37,970,1507.77,115.523,195.281,197.906,115.922,191.672,691.541,39.75,10.572,7.06401,11.26,90,100,100,0,-0.4375,65.2872,18.75,18.75,18.75
22.333,0,0,0,0,1.44043,0.99997,1.04367,4,1,1,0.820314,0,0.820314,0.817384,0,30.4688,85.7501,85.0834,86.3056,3878.75,2300,1433.09,970,1502.46,116.109,195.422,197.93,116.391,191.625,691.541,39.75,10.656,7.11201,11.344,90,100,100,0,-0.546875,65.2872,18.75,18.75,18.75
22.367,0,0,0,0,1.44122,0.99997,1.04343,4,1,1,0.820314,0,0.820314,0.815675,0,30.4688,85.639,86.1112,84.7778,3888,2310,1423.55,970,1502.5,115.289,195.516,197.977,114.609,191.648,693.572,39.75,10.544,7.07201,11.232,90,100,100,0,-0.703125,65.2872,18.75,18.75,18.75
22.4,0,0,0,0,1.43475,0.99997,1.04389,4,1,1,0.820314,0,0.820314,0.817384,0,30.4688,85.9723,85.7223,86.139,3894.5,2300,1431.6,970,1497.23,115.945,195.516,197.977,117.047,191.578,693.572,39.75,10.64,7.10134,11.328,90,100,100,0,-0.34375,65.2872,18.75,18.75,18.75
22.433,0,0,0,0,1.44043,0.99997,1.04367,4,1,1,0.820314,0,0.820314,0.819337,0,30.4688,86.0001,86.0556,87.0278,3898.5,2300,1431.84,970,1502.5,116.039,195.727,198.047,117,191.531,693.572,39.75,10.644,7.07734,11.332,90,100,100,0,-0.65625,65.2872,18.75,18.75,18.75
22.467,0,0,0,0,1.44049,0.99997,1.04227,4,1,1,0.820314,0,0.820314,0.814699,0,30.4688,86.639,86.0556,86.9445,3903.5,2300,1437.11,970,1499.84,116.508,195.633,198.07,116.977,191.555,693.572,39.75,10.696,7.13868,11.384,90,100,100,0,-0.078125,65.2872,18.75,18.75,18.75
22.5,0,0,0,0,1.44904,0.99997,1.04263,4,1,1,0.820314,0,0.820314,0.816408,0,30.4688,86.639,86.5834,86.5001,3911.75,2300,1430.04,970,1507.77,115.852,195.633,198.07,115.078,191.508,693.572,39.75,10.6,7.09601,11.288,90,100,100,0,-0.46875,65.2872,18.75,18.75,18.75
22.533,0,0,0,0,1.44129,0.99997,1.04196,4,1,1,0.820314,0,0.820314,0.816408,0,30.4688,86.639,86.1112,87.5278,3915.25,2300,1435.23,970,1499.84,116.32,195.914,198.117,117.797,191.438,693.572,39.75,10.66,7.09868,11.348,90,100,100,0,-0.875,65.2872,18.75,18.75,18.75
22.567,0,0,0,0,1.44293,0.99997,1.04025,4,1,1,0.820314,0,0.820314,0.811769,0,30.4688,86.7501,86.1945,85.9445,3926,2300,1433.24,970,1499.84,116.156,195.938,198.141,115.383,191.438,695.721,39.75,10.604,7.07468,11.292,90,100,100,0,-0.296875,65.2872,18.75,18.75,18.75
22.6,0,0,0,0,1.44483,0.99997,1.04041,4,1,1,0.820314,0,0.820314,0.814699,0,30.4688,87.0834,87.1945,86.4167,3932.25,2300,1432.97,970,1499.84,116.109,195.938,198.141,116.203,191.391,695.721,39.75,10.616,7.09868,11.304,90,100,100,0,-0.609375,65.2872,18.75,18.75,18.75
22.633,0,0,0,0,1.45081,0.99997,1.04013,4,1,1,0.820314,0,0.820314,0.817384,0,30.4688,87.2501,87.5834,87.2223,3939,2300,1429.06,970,1507.73,115.805,196.125,198.211,114.422,191.344,695.721,39.75,10.572,7.06668,11.26,90,100,100,0,-0.453125,65.2872,18.75,18.75,18.75
22.667,0,0,0,0,1.44067,0.99997,1.04022,4,1,1,0.820314,0,0.820314,0.819337,0,30.4688,86.8612,86.9723,86.8334,3944.75,2300,1429.53,970,1499.84,115.875,196.219,198.258,115.922,191.367,695.721,39.75,10.584,7.04534,11.272,90,100,100,0,-0.40625,65.2872,18.75,18.75,18.75
22.7,0,0,0,0,1.44928,0.99997,1.04068,4,1,1,0.820314,0,0.820314,0.82007,0,30.4688,87.389,87.5001,88.1945,3948.75,2300,1429.49,970,1507.73,115.852,196.219,198.258,115.547,191.297,695.721,39.75,10.596,7.07734,11.284,90,100,100,0,-0.40625,65.2872,18.75,18.75,18.75
22.733,0,0,0,0,1.44885,0.99997,1.04224,4,1,1,0.820314,0,0.820314,0.826661,0,30.4688,87.6667,87.4723,87.4167,3959.75,2300,1431.48,970,1505.16,116.016,196.289,198.281,114.82,191.273,695.721,39.75,10.632,7.10134,11.32,90,100,100,0,-0.59375,65.2872,18.75,18.75,18.75
22.767,0,0,0,0,1.44385,0.99997,1.04318,4,1,1,0.820314,0,0.820314,0.825685,0,30.4688,87.8334,88.1112,87.4723,3964.5,2300,1433.32,970,1499.84,116.156,196.5,198.328,116.016,191.273,697.752,39.75,10.664,7.10401,11.352,90,100,100,0,0.03125,65.2872,18.75,18.75,18.75
22.8,0,0,0,0,1.44257,0.99997,1.0434,4,1,1,0.820314,0,0.820314,0.821046,0,30.4688,87.9445,88.0278,86.9445,3971.75,2300,1431.05,970,1499.84,115.992,196.5,198.328,115.102,191.227,697.752,40.5,10.636,7.09868,11.316,90,100,100,0,-0.4375,65.2872,18.75,18.75,18.75
22.833,0,0,0,0,1.4422,0.99997,1.04511,4,1,1,0.820314,0,0.820314,0.823732,0,30.4688,88.3612,88.0001,87.6667,3979.75,2300,1435.51,970,1499.84,116.391,196.523,198.352,115.781,191.156,697.752,40.5,10.724,7.16268,11.404,90,100,100,0,-0.125,65.2872,18.75,18.75,18.75
22.867,0,0,0,0,1.44006,0.99997,1.04486,4,1,1,0.820314,0,0.820314,0.821046,0,30.4688,88.3056,87.889,88.4167,3987,2300,1436.68,970,1497.27,116.508,196.617,198.398,117.375,191.156,697.752,40.5,10.72,7.12268,11.4,90,100,100,0,-0.40625,65.2872,18.75,18.75,18.75
22.9,0,0,0,0,1.44757,0.99997,1.04562,4,1,1,0.820314,0,0.820314,0.822023,0,30.4688,88.5278,88.3334,87.7778,3992,2300,1431.68,970,1505.12,116.039,196.617,198.398,114.539,191.109,697.752,40.5,10.664,7.13601,11.344,90,100,100,0,-0.578125,65.2872,18.75,18.75,18.75
22.933,0,0,0,0,1.44507,0.99997,1.04556,4,1,1,0.820314,0,0.820314,0.822023,0,30.4688,88.5834,88.1667,89.1667,3999.25,2290,1435.12,970,1502.5,116.391,196.898,198.469,117.094,191.063,697.752,40.5,10.716,7.12534,11.396,90,100,100,0,-0.125,65.2872,18.75,18.75,18.75
22.967,0,0,0,0,1.44861,0.99997,1.0463,4,1,1,0.820314,0,0.820314,0.822999,0,30.4688,88.4167,89.3334,88.2223,4001.5,2290,1428.09,970,1505.16,115.828,196.875,198.492,116.109,191.063,699.803,40.5,10.652,7.11201,11.332,90,100,100,0,-0.390625,65.2872,19.5,19.5,18
23,0,0,0,0,1.44507,0.99997,1.04651,4,1,1,0.820314,0,0.820314,0.821046,0,30.4688,88.889,89.1112,88.1112,4008,2290,1430.63,970,1502.5,116.016,196.875,198.492,115.641,191.063,699.803,40.5,10.684,7.13068,11.388,90,100,100,0,-0.015625,65.2872,19.5,19.5,18
23.033,0,0,0,0,1.43475,0.99997,1.04575,4,1,1,0.820314,0,0.820314,0.816408,0,30.4688,89.1112,88.4723,88.9445,4016,2290,1431.91,970,1491.95,116.203,197.086,198.492,118.477,191.039,699.803,40.5,10.7,7.13868,11.404,90,100,100,0,-0.484375,65.2872,19.5,19.5,18
23.067,0,0,0,0,1.44037,0.99997,1.04611,4,1,1,0.820314,0,0.820314,0.817384,0,30.4688,89.2778,88.8334,89.5001,4024,2290,1434.26,970,1497.23,116.461,195.961,198.516,117.328,191.039,699.803,40.5,10.74,7.15201,11.444,90,100,100,0,-0.34375,65.2872,19.5,19.5,18
23.1,0,0,0,0,1.44794,0.99997,1.04498,4,1,1,0.820314,0,0.820314,0.815675,0,30.4688,89.2778,89.3056,89.7223,4031.5,2290,1429.02,970,1505.16,115.992,195.961,198.516,115.617,191.039,699.803,40.5,10.664,7.11201,11.36,90,100,100,0,-0.703125,65.2872,19.5,19.5,18
23.133,0,0,0,0,1.43854,0.99997,1.04456,4,1,1,0.820314,0,0.820314,0.817384,0,30.4688,89.4723,88.6945,89.5001,4041.25,2290,1431.95,970,1497.27,116.414,196.266,198.539,117.703,191.016,699.803,40.5,10.716,7.13601,11.412,90,100,100,0,0.125,65.2872,19.5,19.5,18
23.167,0,0,0,0,1.44013,0.99997,1.04456,4,1,1,0.820314,0,0.820314,0.819337,0,30.4688,89.7501,88.8056,89.2778,4043.5,2290,1431.68,970,1497.27,116.484,196.359,198.539,117.469,191.016,701.951,40.5,10.724,7.13601,11.42,90,99.6079,100,0,-0.265625,65.2872,19.5,19.5,18
23.2,0,0,0,0,1.43805,0.99997,1.04425,4,1,1,0.820314,0,0.820314,0.819337,0,30.4688,90.1112,89.5278,89.1667,4049.5,2290,1435.04,970,1494.57,116.766,196.359,198.539,116.813,190.992,701.951,40.5,10.756,7.17868,11.444,90,100,100,0,-0.484375,65.2872,19.5,19.5,18
23.233,0,0,0,0,1.44556,0.99997,1.04331,4,1,1,0.820314,0,0.820314,0.812745,0,30.4688,90.3334,90.0001,90.0556,4055,2280,1430.31,970,1502.5,116.531,196.781,198.563,115.852,190.992,701.951,40.5,10.704,7.14668,11.392,90,100,100,0,-0.296875,65.2872,19.5,19.5,18
23.267,0,0,0,0,1.44812,0.99997,1.04276,4,1,1,0.820314,0,0.820314,0.812745,0,30.4688,90.2779,90.139,90.5556,4058.75,2280,1429.77,970,1505.12,116.602,196.945,198.586,115.594,191.016,701.951,40.5,10.708,7.15201,11.396,90,100,100,0,-0.328125,65.2872,19.5,19.5,18
23.3,0,0,0,0,1.43787,0.99997,1.04141,4,1,1,0.820314,0,0.820314,0.812745,0,30.4688,90.7501,89.5278,90.5556,4066.5,2280,1433.44,970,1494.57,116.906,196.945,198.586,117.492,190.992,701.951,40.5,10.736,7.16534,11.424,90,100,100,0,-0.578125,65.2872,19.5,19.5,18
23.333,0,0,0,0,1.44525,0.99997,1.03934,4,1,1,0.820314,0,0.820314,0.81006,0,30.4688,90.6112,89.9723,89.389,4074.25,2280,1423.59,970,1502.5,116.109,197.133,198.609,113.578,190.969,701.951,40.5,10.6,7.11201,11.288,90,100,100,0,-0.109375,65.2872,19.5,19.5,18
23.367,0,0,0,0,1.44537,0.99997,1.03891,4,1,1,0.820314,0,0.820314,0.812745,0,30.4688,90.389,89.9723,89.0556,4081,2280,1419.02,970,1502.5,115.875,197.602,198.609,113.18,190.992,703.924,40.5,10.568,7.08268,11.256,90,100,100,0,-0.671875,65.2872,19.5,19.5,18
23.4,0,0,0,0,1.43567,0.99997,1.03769,4,1,1,0.820314,0,0.820314,0.814699,0,30.4688,90.6112,89.5278,91.0556,4084.75,2280,1425.04,970,1491.91,116.367,197.602,198.609,118.055,190.945,703.924,40.5,10.584,7.06134,11.272,90,100,100,0,-0.6875,65.2872,19.5,19.5,18
23.433,0,0,0,0,1.44611,0.99997,1.038,4,1,1,0.820314,0,0.820314,0.819337,0,30.4688,91.2501,90.1667,91.139,4096.5,2260,1418.32,970,1502.5,116.719,199.055,198.633,115.711,190.922,703.924,40.5,10.632,7.11468,11.32,90,100,100,0,-0.5,65.2872,19.5,19.5,18
23.467,0,0,0,0,1.44226,0.99997,1.03912,4,1,1,0.820314,0,0.820314,0.823732,0,30.4688,91.1945,89.9445,90.889,4103.25,2260,1417.03,970,1497.23,116.578,198.117,198.656,116.953,190.945,703.924,40.5,10.656,7.09334,11.344,90,100,100,0,-0.53125,65.2872,19.5,19.5,18
23.5,0,0,0,0,1.43109,0.99997,1.04016,4,1,1,0.820314,0,0.820314,0.824708,0,30.4688,91.7223,89.2223,90.7779,4105,2250,1422.97,970,1484.06,117.305,198.117,198.656,118.875,190.945,703.924,40.5,10.736,7.14934,11.424,90,100,100,0,-0.0625,65.2872,19.5,19.5,18
23.533,0,0,0,0,1.44183,0.99997,1.04154,4,1,1,0.820314,0,0.820314,0.821046,0,30.4688,91.3334,89.889,91.9445,4116.75,2250,1413.87,970,1494.61,116.555,198.75,198.656,117.914,190.898,703.924,40.5,10.632,7.09334,11.32,90,100,100,0,-0.265625,65.2872,19.5,19.5,18
23.567,0,0,0,0,1.44879,0.99997,1.04282,4,1,1,0.820314,0,0.820314,0.823732,0,30.4688,91.5556,90.3334,90.7779,4122,2250,1412.15,970,1499.8,116.508,198.844,198.68,114.797,190.922,705.857,40.5,10.644,7.09868,11.332,90,100,100,0,-0.75,65.2872,19.5,19.5,18
23.6,0,0,0,0,1.45209,0.99997,1.04312,4,1,1,0.820314,0,0.820314,0.824708,0,30.4688,91.5001,91.3612,91.7501,4125.75,2250,1408.91,970,1502.5,116.203,198.844,198.68,115.828,190.922,705.857,40.5,10.616,7.10134,11.32,90,99.6079,100,0,-0.421875,65.2872,19.5,19.5,18
23.633,0,0,0,0,1.45221,0.99997,1.04324,4,1,1,0.820314,0,0.820314,0.821046,0,30.4688,91.9445,91.4167,91.9445,4135.5,2250,1409.96,970,1502.46,116.414,198.938,198.703,115.828,190.898,705.857,40.5,10.644,7.12001,11.348,90,100,100,0,-0.15625,65.2872,19.5,19.5,18
23.667,0,0,0,0,1.44367,0.99997,1.04361,4,1,1,0.820314,0,0.820314,0.819337,0,30.4688,92.2501,90.889,91.8612,4143,2250,1415.16,970,1491.91,117.023,198.938,198.703,117.656,190.898,705.857,40.5,10.728,7.15201,11.432,90,100,100,0,-0.640625,65.2872,19.5,19.5,18
23.7,0,0,0,0,1.44684,0.99997,1.04477,4,1,1,0.820314,0,0.820314,0.822999,0,30.4688,91.6667,91.0834,91.4723,4147.5,2250,1405.08,970,1494.61,116.109,198.938,198.703,117.094,190.875,705.857,40.5,10.588,7.09068,11.276,90,100,100,0,-0.25,65.2872,19.5,19.5,18
23.733,0,0,0,0,1.44165,0.99997,1.04514,4,1,1,0.820314,0,0.820314,0.822999,0,30.4688,92.4167,90.7501,91.6667,4154.5,2240,1411.45,970,1489.34,116.836,199.008,198.727,118.078,190.875,705.857,40.5,10.724,7.13334,11.412,90,100,100,0,-0.53125,65.2872,19.5,19.5,18
23.767,0,0,0,0,1.44647,0.99997,1.04544,4,1,1,0.820314,0,0.820314,0.821046,0,30.4688,92.7779,91.0556,93.0001,4161.25,2240,1416.33,970,1491.91,117.352,198.867,198.75,118.43,190.875,707.771,40.5,10.792,7.17601,11.48,90,100,100,0,-0.5,65.2872,19.5,19.5,18
23.8,0,0,0,0,1.45087,0.99997,1.04691,4,1,1,0.820314,0,0.820314,0.824708,0,30.4688,92.8334,92.1945,92.3334,4165.5,2240,1411.29,970,1494.57,116.883,198.867,198.75,116.883,190.852,707.771,40.5,10.736,7.17334,11.424,90,100,100,0,-0.5,65.2872,19.5,19.5,18
23.833,0,0,0,0,1.45349,0.99997,1.04599,4,1,1,0.820314,0,0.820314,0.82007,0,30.4688,92.9445,92.3612,91.8334,4177.5,2240,1407.34,970,1497.23,116.672,199.055,198.773,115.617,190.828,707.771,40.5,10.7,7.17334,11.388,90,100,100,0,0.03125,65.2872,19.5,19.5,18
23.867,0,0,0,0,1.46063,0.99997,1.04703,4,1,1,0.820314,0,0.820314,0.82007,0,30.4688,93.3056,92.8056,91.9445,4182.25,2240,1404.34,970,1502.46,116.484,198.914,198.773,114.492,190.875,707.771,40.5,10.684,7.18934,11.372,90,100,100,0,-0.765625,65.2872,19.5,19.5,18
23.9,0,0,0,0,1.45325,0.99997,1.04743,4,1,1,0.820314,0,0.820314,0.822023,0,30.4688,93.4167,92.3334,93.389,4185.75,2240,1409.18,970,1497.23,116.906,198.914,198.773,116.109,190.781,707.771,41.25,10.744,7.17868,11.432,90,100,100,0,-0.453125,65.2872,19.5,19.5,18
23.933,0,0,0,0,1.46045,0.99997,1.04825,4,1,1,0.820314,0,0.820314,0.823732,0,30.4688,93.0001,95.4445,92.9167,4191,2230,1399.88,970,1502.46,116.227,199.078,198.797,114.891,190.805,707.771,41.25,10.636,7.11468,11.324,90,100,100,0,-0.375,65.2872,19.5,19.5,18
23.967,0,0,0,0,1.4436,0.99997,1.04923,4,1,1,0.820314,0,0.820314,0.825685,0,30.4688,92.7779,91.6945,91.8334,4199.25,2240,1402.11,970,1489.3,116.461,198.867,198.797,116.438,190.828,709.764,41.25,10.676,7.11468,11.364,90,100,100,0,-0.421875,65.2872,19.5,19.5,18
24,0,0,0,0,1.44818,0.99997,1.04956,4,1,1,0.820314,0,0.820314,0.822999,0,30.4688,93.3612,91.9723,91.4723,4206.25,2230,1400.86,970,1491.91,116.344,198.867,198.797,115.195,190.781,709.764,41.25,10.656,7.14934,11.344,90,99.6079,100,0,-0.46875,65.2872,19.5,19.5,18
24.033,0,0,0,0,1.4635,0.99997,1.05127,4,1,1,0.820314,0,0.820314,0.825685,0,30.4688,93.2223,99.1945,93.139,4209.25,2230,1394.38,970,1507.77,116.016,199.242,198.844,112.852,190.781,709.764,41.25,10.64,7.12534,11.328,90,100,100,0,-0.25,65.2872,19.5,19.5,18
24.067,0,0,0,0,1.44379,0.99997,1.052,4,1,1,0.820314,0,0.820314,0.827638,0,30.4688,93.4723,92.6945,93.0279,4219.25,2230,1402.15,970,1491.91,116.742,198.938,198.844,116.813,190.805,709.764,41.25,10.752,7.16268,11.44,90,100,100,0,-0.84375,65.2872,19.5,19.5,18
24.1,0,0,0,0,1.44196,0.99997,1.05359,4,1,1,0.820314,0,0.820314,0.827638,0,30.4688,93.9723,92.5834,93.7223,4225.75,2230,1403.75,970,1489.3,116.883,198.938,198.844,118.102,190.758,709.764,41.25,10.792,7.20268,11.472,90,100,100,0,-0.234375,65.2872,19.5,19.5,18
24.133,0,0,0,0,1.4411,0.99997,1.05512,4,1,1,0.820314,0,0.820314,0.825685,0,30.4688,94.4445,92.5001,93.2223,4231.75,2230,1403.95,970,1489.3,117.047,199.125,198.867,117.422,190.758,709.764,41.25,10.828,7.23468,11.508,90,100,100,0,-0.484375,65.2872,19.5,19.5,18
24.167,0,0,0,0,1.44586,0.99997,1.05594,4,1,1,0.820314,0,0.820314,0.822023,0,30.4688,94.6945,92.8334,93.7223,4236.5,2230,1403.67,970,1491.91,117.117,199.031,198.867,117.305,190.781,711.893,41.25,10.844,7.24534,11.524,90,100,100,0,-0.296875,65.2872,19.5,19.5,18
24.2,0,0,0,0,1.44885,0.99997,1.05591,4,1,1,0.820314,0,0.820314,0.821046,0,30.4688,94.3334,93.0279,94.4723,4241.25,2220,1400.04,970,1494.57,116.766,199.031,198.867,117.82,190.711,711.893,41.25,10.78,7.20268,11.476,90,100,100,0,-0.65625,65.2872,19.5,19.5,18
24.233,0,0,0,0,1.45392,0.99997,1.05533,4,1,1,0.820314,0,0.820314,0.817384,0,30.4688,94.5556,96.0001,94.8334,4252.75,2220,1398.4,970,1497.27,116.766,199.172,198.891,117.188,190.734,711.893,41.25,10.772,7.20534,11.468,90,100,100,0,-0.25,65.2872,19.5,19.5,18
24.267,0,0,0,0,1.45337,0.99997,1.05319,4,1,1,0.820314,0,0.820314,0.811036,0,30.4688,95.139,94.1667,94.9445,4256.5,2220,1402.5,970,1497.23,117.211,199.008,198.914,117.469,190.734,711.893,41.25,10.816,7.24268,11.512,90,100,100,0,-0.421875,65.2872,19.5,19.5,18
24.3,0,0,0,0,1.43939,0.99997,1.05151,4,1,1,0.820314,0,0.820314,0.808107,0,30.4688,95.0279,93.2501,94.3612,4263.75,2220,1403.75,970,1484.02,117.281,199.008,198.914,119.789,190.711,711.893,41.25,10.804,7.20001,11.492,90,100,100,0,-0.28125,65.2872,19.5,19.5,18
24.333,0,0,0,0,1.44855,0.99997,1.04923,4,1,1,0.820314,0,0.820314,0.81006,0,30.4688,95.7779,93.8056,94.7223,4269.75,2220,1403.36,970,1491.91,117.445,199.289,198.914,116.719,190.688,711.893,41.25,10.796,7.23734,11.484,90,99.6079,100,0,-0.546875,65.2872,19.5,19.5,18
24.367,0,0,0,0,1.46088,0.99997,1.04749,4,1,1,0.820314,0,0.820314,0.81006,0,30.4688,95.4445,101.611,95.6945,4274.5,2220,1394.38,970,1502.5,116.719,199.055,198.938,116.086,190.711,713.963,41.25,10.672,7.16534,11.36,90,100,100,0,-0.28125,65.2872,19.5,19.5,18
24.4,0,0,0,0,1.45197,0.99997,1.04681,4,1,1,0.820314,0,0.820314,0.814699,0,30.4688,95.8334,94.0556,95.9167,4281.25,2220,1400.74,970,1497.23,117.281,199.055,198.938,116.719,190.664,713.963,41.25,10.736,7.18934,11.424,90,100,100,0,-0.65625,65.2872,19.5,19.5,18
24.433,0,0,0,0,1.45496,0.99997,1.04739,4,1,1,0.820314,0,0.820314,0.82007,0,30.4688,94.8612,102.111,94.5834,4289.25,2220,1388.75,970,1499.84,116.016,198.633,198.961,115.547,190.641,713.963,41.25,10.58,7.09601,11.268,90,99.6079,100,0,0.015625,65.2872,19.5,19.5,18
24.467,0,0,0,0,1.43768,0.99997,1.04788,4,1,1,0.820314,0,0.820314,0.822023,0,30.4688,95.3056,94.0001,95.3056,4294.75,2220,1396.33,970,1489.3,116.672,199.313,198.984,118.406,190.664,713.963,41.25,10.676,7.12534,11.364,90,100,100,0,-0.359375,65.2872,19.5,19.5,18
24.5,0,0,0,0,1.43256,0.99997,1.04865,4,1,1,0.820314,0,0.820314,0.82007,0,30.4688,96.139,93.6667,95.5556,4297.25,2220,1402.97,970,1481.41,117.469,199.313,198.984,119.578,190.641,713.963,41.25,10.788,7.20268,11.476,90,100,100,0,-0.421875,65.2872,19.5,19.5,18
24.533,0,0,0,0,1.44592,0.99997,1.04977,4,1,1,0.820314,0,0.820314,0.819337,0,30.4688,96.2501,94.5556,96.639,4307.75,2210,1397.81,970,1494.57,117.047,199.078,198.984,117.375,190.617,713.963,41.25,10.732,7.18934,11.42,90,100,100,0,-0.71875,65.2872,19.5,19.5,18
24.567,0,0,0,0,1.45081,0.99997,1.04996,4,1,1,0.820314,0,0.820314,0.819337,0,30.4688,96.139,95.7501,95.4167,4307.25,2210,1393.28,970,1497.19,116.813,199.289,199.008,115.383,190.641,716.17,41.25,10.7,7.17601,11.388,90,99.6079,100,0,0.125,65.2872,19.5,19.5,18
24.6,0,0,0,0,1.44794,0.99997,1.05005,4,1,1,0.820314,0,0.820314,0.821046,0,30.4688,96.139,96.4445,96.4167,4315.75,2210,1392.15,970,1497.23,116.695,199.289,199.008,116.859,190.641,716.17,41.25,10.688,7.14668,11.392,90,100,100,0,-0.6875,65.2872,18.75,18.75,18
24.633,0,0,0,0,1.44409,0.99997,1.05048,4,1,1,0.820314,0,0.820314,0.821046,0,30.4688,96.3056,95.2501,95.9445,4324,2210,1390.35,970,1494.57,116.625,199.195,199.031,116.906,190.617,716.17,41.25,10.68,7.15468,11.384,90,100,100,0,-0.328125,65.2872,19.5,19.5,18
24.667,0,0,0,0,1.4411,0.99997,1.04999,4,1,1,0.820314,0,0.820314,0.818361,0,30.4688,95.9445,96.8612,95.8056,4328.25,2210,1386.72,970,1494.57,116.438,199.289,199.031,117.117,190.617,716.17,41.25,10.632,7.13334,11.336,90,100,100,0,-0.6875,65.2872,19.5,19.5,18
24.7,0,0,0,0,1.4339,0.99997,1.05005,4,1,1,0.820314,0,0.820314,0.817384,0,30.4688,96.5279,94.6112,95.6945,4339.5,2210,1389.61,970,1494.57,116.695,199.289,199.031,116.531,190.594,716.17,42,10.7,7.15734,11.388,90,100,100,0,-0.421875,65.2872,19.5,19.5,18
24.733,0,0,0,0,1.44702,0.99997,1.05026,4,1,1,0.820314,0,0.820314,0.82007,0,30.4688,97.5279,95.4445,95.6945,4342.75,2200,1391.25,970,1502.46,116.977,199.289,199.055,112.945,190.57,716.17,42,10.724,7.18934,11.412,90,100,100,0,-0.640625,65.2872,19.5,19.5,18
24.767,0,0,0,0,1.44312,0.99997,1.04996,4,1,1,0.820314,0,0.820314,0.821046,0,30.4688,96.7779,96.1112,94.8334,4353.5,2200,1384.61,970,1497.23,116.438,199.148,199.078,114.164,190.594,718.162,42,10.632,7.17334,11.32,90,100,100,0,-0.140625,65.2872,19.5,19.5,18
24.8,0,0,0,0,1.44043,0.99997,1.05066,4,1,1,0.820314,0,0.820314,0.821046,0,30.4688,96.889,95.0001,97.139,4359,2200,1387.03,970,1497.19,116.625,199.148,199.078,116.602,190.547,718.162,42,10.66,7.14668,11.356,90,100,100,0,-0.71875,65.2872,19.5,19.5,18
24.833,0,0,0,0,1.44995,0.99997,1.05301,4,1,1,0.820314,0,0.820314,0.824708,0,30.4688,97.2223,101,97.5279,4365.5,2200,1384.88,970,1502.5,116.602,199.383,199.078,115.477,190.547,718.162,42,10.672,7.17068,11.368,90,100,100,0,-0.6875,65.2872,19.5,19.5,18
24.867,0,0,0,0,1.44183,0.99997,1.05231,4,1,1,0.820314,0,0.820314,0.821046,0,30.4688,97.5279,96.0556,97.0279,4368.5,2200,1389.22,970,1494.57,117.023,199.148,199.102,115.992,190.57,718.162,42,10.756,7.19734,11.452,90,100,100,0,-0.6875,65.2872,19.5,19.5,18
24.9,0,0,0,0,1.44116,0.99997,1.05209,4,1,1,0.820314,0,0.820314,0.817384,0,30.4688,97.6945,96.0001,96.8612,4374.25,2200,1387.23,970,1491.88,116.813,199.148,199.102,115.898,190.523,718.162,42,10.692,7.20268,11.38,90,100,100,0,-0.046875,65.2872,19.5,19.5,18
24.933,0,0,0,0,1.4328,0.99997,1.05222,4,1,1,0.820314,0,0.820314,0.82007,0,30.4688,98.0556,95.4445,97.389,4385.25,2200,1389.3,970,1481.41,117.164,199.406,199.125,119.391,190.5,718.162,42,10.744,7.20801,11.432,90,100,100,0,-0.5625,65.2872,19.5,19.5,18
24.967,0,0,0,0,1.44006,0.99997,1.05298,4,1,1,0.820314,0,0.820314,0.822999,0,30.4688,97.5834,96.889,97.2779,4387,2200,1385.47,970,1489.3,117,199.43,199.148,117.164,190.523,720.271,42,10.716,7.15468,11.404,90,100,100,0,-0.484375,65.2872,18.75,18.75,18
25,0,0,0,0,1.43164,0.99997,1.05341,4,1,1,0.820314,0,0.820314,0.822999,0,30.4688,98.3334,95.389,98.5001,4391.5,2190,1390.31,970,1486.64,117.398,199.43,199.148,118.547,190.523,720.271,42,10.788,7.21868,11.476,90,100,100,0,-0.46875,65.2872,18.75,18.75,18
25.033,0,0,0,0,1.43646,0.99997,1.05539,4,1,1,0.820314,0,0.820314,0.824708,0,30.4688,98.1667,95.6945,97.5279,4398.75,2190,1382.77,970,1491.91,116.836,199.359,199.148,116.508,190.5,720.271,42,10.716,7.19201,11.404,90,99.6079,100,0,-0.3125,65.2872,18.75,18.75,18
25.067,0,0,0,0,1.44739,0.99997,1.05508,4,1,1,0.820314,0,0.820314,0.821046,0,30.4688,98.389,100.056,99.889,4402.5,2190,1387.66,970,1499.8,117.258,199.219,199.148,116.648,190.5,720.271,42,10.78,7.22934,11.468,90,99.6079,100,0,-0.5,65.2872,18.75,18.75,18
25.1,0,0,0,0,1.4436,0.99997,1.05457,4,1,1,0.820314,0,0.820314,0.815675,0,30.4688,97.9723,105.028,97.889,4416.25,2190,1377.15,970,1497.23,116.344,199.219,199.148,116.133,190.453,720.271,42,10.656,7.16268,11.344,90,100,100,0,-0.125,65.2872,18.75,18.75,18
25.133,0,0,0,0,1.43671,0.99997,1.05408,4,1,1,0.820314,0,0.820314,0.814699,0,30.4688,98.9723,96.5279,97.889,4421.5,2190,1384.1,970,1494.53,117.141,199.477,199.172,115.734,190.453,720.271,42,10.756,7.24001,11.444,90,99.6079,100,0,-0.5,65.2872,18.75,18.75,18
25.167,0,0,0,0,1.43622,0.99997,1.05368,4,1,1,0.820314,0,0.820314,0.819337,0,30.4688,98.9167,96.5279,98.3056,4426,2190,1385,970,1491.88,117.281,199.313,199.195,116.063,190.477,722.342,42,10.76,7.20801,11.448,90,99.6079,100,0,-0.46875,65.2872,18.75,18.75,18
25.2,0,0,0,0,1.44721,0.99997,1.05307,4,0.983156,1,0.820314,0,0.820314,0.819337,0,30.4688,98.6945,106.139,98.5001,4430,2190,1375.74,970,1499.8,116.414,199.313,199.195,114.891,190.43,722.342,42,10.636,7.16534,11.332,90,99.6079,100,0,-0.265625,65.2872,18.75,18.75,18
25.233,0,0,0,0,1.42316,0.99997,1.05325,4,0.983156,1,0.820314,0,0.820314,0.816408,0,30.4688,99.389,95.6667,98.4445,4437.75,2180,1385.59,970,1481.37,117.422,199.383,199.219,118.313,190.383,722.342,42,10.776,7.22401,11.472,90,100,100,0,0.09375,65.2872,18,18,18
25.267,0,0,0,0,1.43115,0.99997,1.05411,4,0.983156,1,0.820314,0,0.820314,0.822023,0,30.4688,99.0279,98.0001,100,4441.75,2180,1381.99,970,1486.68,117.328,199.594,199.242,120,190.406,722.342,42,10.764,7.18668,11.46,90,100,100,0,-0.71875,65.2872,18,18,18
25.3,0,0,0,0,1.43768,0.99997,1.05411,4,0.981691,1,0.820314,0,0.820314,0.822023,0,30.4688,99.139,101.195,98.3612,4447,2180,1376.72,970,1494.57,116.813,199.594,199.242,115.547,190.43,722.342,42,10.692,7.18401,11.38,90,100,100,0,-0.5625,65.2872,18.75,18.75,18
25.333,0,0,0,0,1.42304,0.99997,1.05566,4,0.981691,1,0.820314,0,0.820314,0.823732,0,30.4688,99.4445,96.5279,99.639,4453.5,2180,1377.89,970,1484.06,117.023,199.43,199.242,120.305,190.406,722.342,42,10.712,7.20001,11.4,90,100,100,0,-0.375,65.2872,18.75,18.75,18
25.367,0,0,0,0,1.42548,0.99997,1.05576,4,0.981691,1,0.820314,0,0.820314,0.822023,0,30.4688,99.8334,96.6945,99.7501,4466.25,2180,1382.03,970,1489.3,117.445,199.313,199.266,117.891,190.406,724.49,42,10.8,7.23468,11.488,90,100,100,0,0.015625,65.2872,18.75,18.75,18
25.4,0,0,0,0,1.43659,0.99997,1.05646,4,0.979738,1,0.820314,0,0.820314,0.82007,0,30.4688,99.5556,102.889,99.389,4472.25,2180,1374.18,970,1497.23,116.695,199.313,199.266,116.344,190.359,724.49,42,10.704,7.18934,11.392,90,100,100,0,-0.4375,65.2872,18.75,18.75,18
25.433,0,0,0,0,1.43451,0.99997,1.05667,4,0.979738,1,0.820314,0,0.820314,0.822023,0,30.4688,100.639,97.2779,99.7501,4478.25,2180,1381.09,970,1497.19,117.492,199.57,199.266,115.102,190.359,724.49,42,10.808,7.26134,11.496,90,100,100,0,-0.65625,65.2872,18.75,18.75,18
25.467,0,0,0,0,1.43042,0.99997,1.05835,4,0.979738,1,0.820314,0,0.820314,0.824708,0,30.4688,100.722,97.8612,100.361,4478.25,2180,1383.83,970,1486.64,117.844,199.453,199.289,117.82,190.359,724.49,42,10.86,7.29601,11.548,90,100,100,0,-0.34375,65.2872,18.75,18.75,18
25.5,0,0,0,0,1.42761,0.99997,1.05789,4,0.978273,1,0.820314,0,0.820314,0.819337,0,30.4688,100.945,96.8334,99.7501,4485.5,2170,1384.45,970,1478.75,117.867,199.453,199.289,118.547,190.359,724.49,42.75,10.852,7.29068,11.54,90,100,100,0,-0.5625,65.2872,18.75,18.75,18
25.533,0,0,0,0,1.43665,0.99997,1.05695,4,0.978273,1,0.820314,0,0.820314,0.813722,0,30.4688,100.472,103.778,100.028,4493.5,2170,1373.16,970,1491.91,116.977,199.547,199.313,116.367,190.336,724.49,42.75,10.732,7.20801,11.42,90,100,100,0,-0.296875,65.2872,18.75,18.75,18
25.567,0,0,0,0,1.42249,0.99997,1.05606,4,0.978273,1,0.820314,0,0.820314,0.814699,0,30.4688,100.25,97.3056,100.611,4501.75,2170,1376.91,970,1484.06,117.398,199.453,199.313,119.109,190.336,726.482,42.75,10.76,7.19734,11.448,90,100,100,0,-0.9375,65.2872,18.75,18.75,18
25.6,0,0,0,0,1.43628,0.99997,1.05515,4,0.976564,1,0.820314,0,0.820314,0.815675,0,30.4688,101.056,101.056,100.611,4508.5,2170,1374.69,970,1497.19,117.188,199.453,199.313,114.68,190.313,726.482,42.75,10.74,7.25868,11.436,90,100,100,0,-0.3125,65.2872,18.75,18.75,18
25.633,0,0,0,0,1.43591,0.99997,1.05487,4,0.976564,1,0.820314,0,0.820314,0.819337,0,30.4688,101.278,101.056,100,4517.25,2170,1372.81,970,1494.53,117.117,199.523,199.336,113.789,190.266,726.482,42.75,10.724,7.25868,11.42,90,100,100,0,-0.53125,65.2872,18.75,18.75,18
25.667,0,0,0,0,1.4256,0.99997,1.05423,4,0.976564,1,0.820314,0,0.820314,0.815675,0,30.4688,100.945,98.4445,101.361,4518,2170,1374.18,970,1484.06,117.398,199.641,199.336,118.523,190.289,726.482,42.75,10.728,7.18934,11.424,90,100,100,0,-0.484375,65.2872,18.75,18.75,18
25.7,0,0,0,0,1.42706,0.99997,1.05447,4,0.975343,1,0.820314,0,0.820314,0.815675,0,30.4688,102.222,97.639,101.25,4524,2160,1380.59,970,1484.02,117.984,199.641,199.336,116.133,190.289,726.482,42.75,10.832,7.28268,11.52,90,100,100,0,-0.578125,65.2872,19.5,19.5,18
25.733,0,0,0,0,1.42664,0.99997,1.0542,4,0.975343,1,0.820314,0,0.820314,0.819337,0,30.4688,101.167,102.25,100.75,4528.25,2160,1369.49,970,1478.71,117.07,199.523,199.336,118.008,190.266,726.482,42.75,10.696,7.19468,11.384,90,100,100,0,-0.390625,65.2872,19.5,19.5,18
25.767,0,0,0,0,1.44379,0.99997,1.05447,4,0.975343,1,0.820314,0,0.820314,0.819337,0,30.4688,101.111,113.833,100.611,4542.5,2160,1360.59,970,1502.5,116.297,199.453,199.359,112.383,190.266,728.533,42.75,10.596,7.16001,11.284,90,100,100,0,-0.734375,65.2872,19.5,19.5,18
25.8,0,0,0,0,1.41242,0.99997,1.0549,4,0.973634,1,0.820314,0,0.820314,0.819337,0,30.4688,101.75,97.5279,101.528,4548,2160,1370.35,970,1478.75,117.188,199.453,199.359,119.133,190.266,728.533,42.75,10.712,7.20801,11.4,90,99.6079,100,0,-0.296875,65.2872,19.5,19.5,18
25.833,0,0,0,0,1.42536,0.99997,1.05713,4,0.973634,1,0.820314,0,0.820314,0.826661,0,30.4688,101.75,101.25,102.25,4550.75,2160,1368.28,970,1489.3,117.141,199.617,199.359,116.953,190.266,728.533,42.75,10.716,7.21068,11.404,90,100,100,0,-0.265625,65.2872,19.5,19.5,18
25.867,0,0,0,0,1.41943,0.99997,1.05832,4,0.973634,1,0.820314,0,0.820314,0.826661,0,30.4688,101.695,98.0279,102.389,4553.5,2160,1371.72,970,1486.64,117.586,199.617,199.359,118.078,190.266,728.533,42.75,10.8,7.20801,11.488,90,99.6079,100,0,-0.53125,65.2872,19.5,19.5,18
25.9,0,0,0,0,1.42499,0.99997,1.06046,4,0.972169,1,0.820314,0,0.820314,0.826661,0,30.4688,102.167,99.3612,100.75,4566,2160,1367.38,970,1486.6,117.164,199.617,199.359,115.711,190.266,728.533,42.75,10.748,7.25334,11.428,90,100,100,0,-0.78125,65.2872,19.5,19.5,18
25.933,0,0,0,0,1.42645,0.99997,1.06238,4,0.972169,1,0.820314,0,0.820314,0.826661,0,30.4688,102.056,103.111,101.945,4572.25,2160,1368.01,970,1489.3,117.07,199.102,199.383,116.977,190.289,728.533,42.75,10.76,7.24001,11.44,90,100,100,0,-0.78125,65.2872,19.5,19.5,18
25.967,0,0,0,0,1.41889,0.99997,1.06339,4,0.972169,1,0.820314,0,0.820314,0.824708,0,30.4688,102.167,98.8056,103.056,4576.5,2160,1372.85,970,1481.41,117.563,199.477,199.383,120,190.266,730.564,42.75,10.844,7.23468,11.524,90,100,100,0,-0.125,65.2872,19.5,19.5,18
26,0,0,0,0,1.41712,0.99997,1.06363,4,0.969728,1,0.820314,0,0.820314,0.822023,0,30.4688,102.611,98.7223,102.389,4579.25,2160,1371.72,970,1484.02,117.445,199.477,199.383,118.313,190.289,730.564,42.75,10.824,7.26934,11.504,90,100,100,0,-0.53125,65.2872,19.5,19.5,18
26.033,0,0,0,0,1.42249,0.99997,1.06332,4,0.969728,1,0.820314,0,0.820314,0.82007,0,30.4688,103.083,99.0834,102.083,4585.75,2160,1371.33,970,1486.6,117.492,199.57,199.383,116.461,190.289,730.564,42.75,10.816,7.30401,11.496,90,100,100,0,-0.703125,65.2872,19.5,19.5,18
26.067,0,0,0,0,1.427,0.99997,1.06143,4,0.969728,1,0.820314,0,0.820314,0.814699,0,30.4688,102.639,104.056,103.139,4596.75,2160,1367.66,970,1489.3,117.328,199.664,199.383,117.727,190.266,730.564,42.75,10.788,7.24801,11.468,90,100,100,0,-0.765625,65.2872,19.5,19.5,18
26.1,0,0,0,0,1.41266,0.99997,1.0622,4,0.967775,1,0.820314,0,0.820314,0.817384,0,30.4688,103.389,98.389,103.167,4601.75,2160,1377.58,970,1473.44,118.219,199.664,199.383,120.563,190.266,730.564,42.75,10.9,7.30934,11.596,90,100,100,0,-0.203125,65.2872,19.5,19.5,18
26.133,0,0,0,0,1.4195,0.99997,1.06094,4,0.967775,1,0.820314,0,0.820314,0.817384,0,30.4688,103.722,99.7223,102.528,4608.25,2150,1376.6,970,1473.44,118.219,199.547,199.406,119.414,190.289,730.564,42.75,10.876,7.32534,11.572,90,100,100,0,-0.453125,65.2872,19.5,19.5,18
26.167,0,0,0,0,1.4325,0.99997,1.06064,4,0.967775,1,0.820314,0,0.820314,0.819337,0,30.4688,103.667,108.056,103.556,4610.25,2150,1368.44,970,1484.02,117.609,199.688,199.406,117.563,190.289,732.557,42.75,10.784,7.28001,11.48,90,100,100,0,-0.46875,65.2872,19.5,19.5,18
26.2,0,0,0,0,1.42059,0.99997,1.06152,4,0.965334,1,0.820314,0,0.820314,0.821046,0,30.4688,103.195,102.639,102.917,4615.25,2150,1363.79,970,1484.02,117.164,199.688,199.406,118.453,190.289,732.557,43.5,10.768,7.23734,11.456,90,100,100,0,-0.546875,65.2872,19.5,19.5,18
26.233,0,0,0,0,1.41705,0.99997,1.06046,4,0.965334,1,0.820314,0,0.820314,0.812745,0,30.4688,104.028,99.5556,102.028,4629.5,2150,1369.61,970,1476.13,117.82,199.617,199.406,117.164,190.313,732.557,43.5,10.828,7.30134,11.516,90,100,100,0,-0.109375,65.2872,19.5,19.5,18
26.267,0,0,0,0,1.42627,0.99997,1.05832,4,0.965334,1,0.820314,0,0.820314,0.807374,0,30.4688,103.889,105.806,102.917,4635.25,2150,1363.55,970,1484.02,117.305,199.523,199.406,116.367,190.289,732.557,43.5,10.728,7.24801,11.416,90,100,100,0,-0.75,65.2872,19.5,19.5,18
26.3,0,0,0,0,1.42432,0.99997,1.05661,4,0.963625,1,0.820314,0,0.820314,0.811036,0,30.4688,104.667,100.083,104.195,4637.5,2150,1369.41,970,1486.6,117.844,199.523,199.406,115.523,190.289,732.557,43.5,10.78,7.29868,11.468,90,100,100,0,-0.15625,65.2872,19.5,19.5,18
26.333,0,0,0,0,1.41022,0.99997,1.05551,4,0.963625,1,0.820314,0,0.820314,0.817384,0,30.4688,103.833,99.0834,104.333,4642.5,2150,1365.9,970,1473.48,117.68,199.711,199.43,120.75,190.313,732.557,43.5,10.748,7.19468,11.436,90,100,100,0,-0.734375,65.2872,19.5,19.5,18
26.367,0,0,0,0,1.41077,0.99997,1.05463,4,0.963625,1,0.820314,0,0.820314,0.814699,0,30.4688,103.667,99.9445,103.889,4650.25,2150,1368.13,970,1476.09,117.938,199.523,199.43,118.898,190.313,734.646,43.5,10.784,7.17068,11.472,90,100,100,0,-0.34375,65.2872,19.5,19.5,18
26.4,0,0,0,0,1.41705,0.99997,1.05508,4,0.961427,1,0.820314,0,0.820314,0.815675,0,30.4688,104.778,100.389,103.167,4659.75,2150,1367.07,970,1478.71,117.82,199.523,199.43,116.18,190.313,734.646,43.5,10.756,7.24801,11.46,90,100,100,0,-0.625,65.2872,19.5,19.5,18
26.433,0,0,0,0,1.42328,0.99997,1.05533,4,0.961427,1,0.820314,0,0.820314,0.819337,0,30.4688,104.583,106.472,103.167,4663.25,2140,1360.63,970,1478.71,117.328,199.641,199.43,116.461,190.313,734.646,43.5,10.7,7.21868,11.404,90,100,100,0,-0.546875,65.2872,19.5,19.5,18
26.467,0,0,0,0,1.40985,0.99997,1.05612,4,0.961427,1,0.820314,0,0.820314,0.822999,0,30.4688,103.945,100.861,104.639,4665.5,2140,1360.51,970,1473.48,117.469,199.711,199.43,119.953,190.313,734.646,43.5,10.708,7.17068,11.412,90,100,100,0,-0.640625,65.2872,19.5,19.5,18
26.5,0,0,0,0,1.41712,0.99997,1.05667,4,0.959474,1,0.820314,0,0.820314,0.821046,0,30.4688,105.222,100.361,105.25,4677.75,2140,1364.49,970,1481.33,117.82,199.711,199.43,117.141,190.336,734.646,43.5,10.78,7.28001,11.46,90,99.6079,100,0,-0.75,65.2872,19.5,19.5,18
26.533,0,0,0,0,1.42767,0.99997,1.05798,4,0.959474,1,0.820314,0,0.820314,0.821046,0,30.4688,104.833,110.389,104.445,4684.5,2140,1357.07,970,1486.64,117.188,199.547,199.453,115.805,190.336,734.646,43.5,10.708,7.22668,11.388,90,100,100,0,-0.140625,65.2872,19.5,19.5,18
26.567,0,0,0,0,1.41327,0.99997,1.0575,4,0.959474,1,0.820314,0,0.820314,0.818361,0,30.4688,105.278,101.056,104.445,4683,2140,1366.17,970,1473.44,118.195,199.734,199.453,117.516,190.336,736.697,43.5,10.82,7.28001,11.5,90,100,100,0,-0.609375,65.2872,19.5,19.5,18
26.6,0,0,0,0,1.422,0.99997,1.05762,4,0.956544,1,0.820314,0,0.820314,0.819337,0,30.4688,105.222,108.278,103.75,4695.5,2140,1356.48,970,1476.13,117.258,199.734,199.453,115.875,190.336,736.697,43.5,10.7,7.23201,11.396,90,100,100,0,-0.140625,65.2872,19.5,19.5,18
26.633,0,0,0,0,1.40949,0.99997,1.05731,4,0.956544,1,0.820314,0,0.820314,0.818361,0,30.4688,105.111,101.778,104.195,4703.5,2140,1354.53,970,1476.09,117.188,199.664,199.453,116.695,190.336,736.697,43.5,10.676,7.20001,11.372,90,100,100,0,-0.234375,65.2872,19.5,19.5,18
26.667,0,0,0,0,1.41327,0.99997,1.05701,4,0.956544,1,0.820314,0,0.820314,0.818361,0,30.4688,105.417,103.945,105.139,4703.5,2140,1355.98,970,1478.71,117.445,199.664,199.477,117.258,190.336,736.697,43.5,10.732,7.21601,11.428,90,100,100,0,-0.4375,65.2872,19.5,19.5,18
26.7,0,0,0,0,1.41675,0.99997,1.05637,4,0.954347,1,0.820314,0,0.820314,0.815675,0,30.4688,105.972,104.195,104.195,4708,2130,1355,970,1481.33,117.352,199.664,199.477,114.68,190.336,736.697,43.5,10.7,7.25068,11.388,90,100,100,0,-0.640625,65.2872,19.5,19.5,18
26.733,0,0,0,0,1.41296,0.99997,1.0553,4,0.954347,1,0.820314,0,0.820314,0.813722,0,30.4688,105.417,106.695,105.417,4721.25,2130,1351.68,970,1478.71,117.117,199.641,199.477,117.398,190.336,736.697,43.5,10.652,7.17868,11.34,90,100,100,0,-0.84375,65.2872,19.5,19.5,18
26.767,0,0,0,0,1.41797,0.99997,1.05597,4,0.954347,1,0.820314,0,0.820314,0.821046,0,30.4688,106,107.083,107.111,4725.75,2130,1356.68,970,1483.98,117.68,199.617,199.477,117.633,190.336,738.689,43.5,10.752,7.22668,11.44,90,100,100,0,-0.59375,65.2872,19.5,19.5,18
26.8,0,0,0,0,1.41657,0.99997,1.05609,4,0.951662,1,0.820314,0,0.820314,0.822999,0,30.4688,106.5,105.028,106.333,4725.75,2130,1360.31,970,1478.71,117.984,199.617,199.477,118.195,190.359,738.689,43.5,10.776,7.27201,11.464,90,100,100,0,-0.609375,65.2872,19.5,19.5,18
26.833,0,0,0,0,1.42072,0.99997,1.05896,4,0.951662,1,0.820314,0,0.820314,0.825685,0,30.4688,106.75,108.139,106.806,4734,2130,1359.38,970,1484.02,118.031,199.734,199.477,117.961,190.336,738.689,43.5,10.816,7.29868,11.504,90,100,100,0,-0.171875,65.2872,19.5,19.5,18
26.867,0,0,0,0,1.42023,0.99997,1.06073,4,0.951662,1,0.820314,0,0.820314,0.825685,0,30.4688,106.861,108.083,107.278,4743.75,2130,1360.82,970,1481.37,118.219,199.594,199.5,118.992,190.336,738.689,43.5,10.844,7.29334,11.532,90,100,100,0,-0.625,65.2872,19.5,19.5,18
26.9,0,0,0,0,1.42474,0.99997,1.06162,4,0.948488,1,0.820314,0,0.820314,0.824708,0,30.4688,107.195,109.361,106.806,4746,2130,1359.53,970,1483.98,118.102,199.594,199.5,117.188,190.336,738.689,44.25,10.808,7.31734,11.512,90,100,100,0,-0.203125,65.2872,19.5,19.5,18
26.933,0,0,0,0,1.42456,0.99997,1.06125,4,0.948488,1,0.820314,0,0.820314,0.818361,0,30.4688,106.806,112.889,106.167,4754.25,2130,1354.06,970,1484.02,117.469,199.336,199.5,116.414,190.359,738.689,44.25,10.72,7.26401,11.424,90,100,100,0,-0.421875,65.2872,19.5,19.5,18
26.967,0,0,0,0,1.41773,0.99997,1.06067,4,0.948488,1,0.820314,0,0.820314,0.818361,0,30.4688,107.028,107.917,106.667,4761.75,2130,1356.17,970,1481.37,117.727,199.617,199.5,117.422,190.359,740.662,44.25,10.776,7.25068,11.48,90,100,100,0,-0.390625,65.2872,19.5,19.5,18
27,0,0,0,0,1.42145,0.99997,1.05911,4,0.945314,1,0.820314,0,0.820314,0.814699,0,30.4688,107.333,109.917,106.278,4762.5,2130,1356.45,970,1483.98,117.727,199.617,199.5,116.227,190.359,740.662,44.25,10.744,7.28534,11.44,90,100,100,0,-0.34375,65.2872,19.5,19.5,18
27.033,0,0,0,0,1.40784,0.99997,1.05789,4,0.945314,1,0.820314,0,0.820314,0.814699,0,30.4688,107.389,102.222,106.667,4771.75,2130,1357.27,970,1473.44,117.867,199.641,199.5,118.57,190.383,740.662,44.25,10.764,7.24801,11.46,90,100,100,0,0.046875,65.2872,19.5,19.5,18
27.067,0,0,0,0,1.41376,0.99997,1.05719,4,0.945314,1,0.820314,0,0.820314,0.813722,0,30.4688,106.806,107.472,107.222,4780.75,2130,1354.84,970,1478.71,117.797,199.734,199.523,117.938,190.359,740.662,44.25,10.732,7.22401,11.428,90,100,100,0,-0.3125,65.2872,19.5,19.5,18
27.1,0,0,0,0,1.4151,0.99997,1.05573,4,0.942873,1,0.820314,0,0.820314,0.813722,0,30.4688,107.611,107.556,108.195,4783,2130,1356.41,970,1478.71,117.914,199.734,199.523,118.594,190.383,740.662,44.25,10.716,7.24801,11.396,90,100,100,0,-0.28125,65.2872,19.5,19.5,18
27.133,0,0,0,0,1.41876,0.99997,1.05451,4,0.942873,1,0.820314,0,0.820314,0.813722,0,30.4688,108.083,108.778,106.667,4790,2130,1352.85,970,1483.98,117.68,199.688,199.523,115.008,190.406,740.662,44.25,10.692,7.25868,11.372,90,100,100,0,-0.03125,65.2872,19.5,19.5,18
27.167,0,0,0,0,1.40454,0.99997,1.05496,4,0.942873,1,0.820314,0,0.820314,0.818361,0,30.4688,107.083,101.945,107.611,4799,2130,1355.39,970,1473.48,118.031,199.758,199.523,119.25,190.383,742.732,44.25,10.74,7.18668,11.42,90,100,100,0,-0.625,65.2872,19.5,19.5,18
27.2,0,0,0,0,1.4176,0.99997,1.05475,4,0.940187,1,0.820314,0,0.820314,0.818361,0,30.4688,107.945,110.528,106.806,4800,2120,1349.26,970,1483.98,117.445,199.758,199.523,115.453,190.383,742.732,44.25,10.652,7.23468,11.34,90,100,100,0,-0.28125,65.2872,19.5,19.5,18
27.233,0,0,0,0,1.40955,0.99997,1.05615,4,0.940187,1,0.820314,0,0.820314,0.822023,0,30.4688,108.083,107.917,107.889,4805.25,2120,1351.76,970,1473.44,117.797,199.758,199.547,118.547,190.383,742.732,44.25,10.708,7.22401,11.396,90,100,100,0,-0.484375,65.2872,19.5,19.5,18
27.267,0,0,0,0,1.3971,0.99997,1.0585,4,0.940187,1,0.820314,0,0.820314,0.824708,0,30.4688,107.833,102.139,107.278,4819.25,2120,1357.03,970,1462.89,118.383,199.711,199.547,119.438,190.406,742.732,44.25,10.812,7.21334,11.5,90,99.6079,100,0,-0.34375,65.2872,19.5,19.5,18
27.3,0,0,0,0,1.4093,0.99997,1.05924,4,0.93799,1,0.820314,0,0.820314,0.822999,0,30.4688,107.5,113.306,107.361,4820,2120,1341.72,970,1476.13,116.93,199.711,199.547,117.328,190.406,742.732,44.25,10.652,7.18668,11.34,90,99.2157,100,0,-0.015625,65.2872,19.5,19.5,18
27.333,0,0,0,0,1.40509,0.99997,1.05985,4,0.93799,1,0.820314,0,0.820314,0.819337,0,30.4688,108.417,105.639,108.028,4824.5,2120,1348.32,970,1473.44,117.68,199.805,199.547,117.773,190.406,742.732,44.25,10.736,7.25601,11.424,90,99.6079,100,0,-0.234375,65.2872,19.5,19.5,18
27.367,0,0,0,0,1.41205,0.99997,1.05948,4,0.93799,1,0.820314,0,0.820314,0.818361,0,30.4688,108.139,112.722,108.445,4837,2120,1344.92,970,1478.71,117.445,199.734,199.547,117.047,190.406,744.744,44.25,10.708,7.21868,11.396,90,100,100,0,-0.171875,65.2872,19.5,19.5,18
27.4,0,0,0,0,1.4054,0.99997,1.05881,4,0.935304,1,0.820314,0,0.820314,0.819337,0,30.4688,108.833,105.722,109,4837,2120,1350.2,970,1473.44,117.938,199.734,199.547,118.383,190.406,744.744,44.25,10.76,7.26668,11.448,90,100,100,0,-0.375,65.2872,19.5,19.5,18
27.433,0,0,0,0,1.40021,0.99997,1.05801,4,0.935304,1,0.820314,0,0.820314,0.815675,0,30.4688,109.417,103.278,107.722,4842.5,2120,1352.66,970,1468.16,118.242,199.711,199.57,117.797,190.406,744.744,44.25,10.764,7.29868,11.452,90,100,100,0,-0.3125,65.2872,19.5,19.5,18
27.467,0,0,0,0,1.41467,0.99997,1.05902,4,0.935304,1,0.820314,0,0.820314,0.818361,0,30.4688,109.222,114.695,107.889,4852.75,2120,1343.83,970,1476.05,117.563,199.828,199.57,115.641,190.406,744.744,44.25,10.692,7.25334,11.38,90,99.6079,100,0,-0.625,65.2872,19.5,19.5,18
27.5,0,0,0,0,1.40698,0.99997,1.05737,4,0.933351,1,0.820314,0,0.820314,0.815675,0,30.4688,108.889,112.25,108,4855.75,2110,1340.7,970,1473.44,117.258,199.828,199.57,116.438,190.406,744.744,44.25,10.656,7.21068,11.336,90,99.6079,100,0,-0.203125,65.2872,19.5,19.5,18
27.533,0,0,0,0,1.40881,0.99997,1.05667,4,0.933351,1,0.820314,0,0.820314,0.815675,0,30.4688,108.528,116.806,109.306,4860.5,2110,1335.7,970,1478.71,116.906,199.805,199.57,116.836,190.43,744.744,44.25,10.62,7.17601,11.3,90,99.6079,100,0,0.09375,65.2872,19.5,19.5,18
27.567,0,0,0,0,1.39874,0.99997,1.05805,4,0.933351,1,0.820314,0,0.820314,0.822999,0,30.4688,109.056,106.083,108.833,4870.75,2110,1341.99,970,1473.44,117.563,199.688,199.594,117.07,190.406,746.521,44.25,10.716,7.19468,11.396,90,100,100,0,-0.3125,65.2872,19.5,19.5,18
27.6,0,0,0,0,1.40509,0.99997,1.06012,4,0.931154,1,0.820314,0,0.820314,0.82837,0,30.4688,109.167,113.056,109.778,4874,2110,1339.14,970,1478.71,117.281,199.688,199.594,117.234,190.43,746.521,45,10.696,7.21868,11.376,90,100,100,0,-0.234375,65.2872,19.5,19.5,18
27.633,0,0,0,0,1.4007,0.99997,1.0614,4,0.931154,1,0.820314,0,0.820314,0.822023,0,30.4688,109.361,109.056,109.306,4885.75,2110,1339.8,970,1473.44,117.469,199.852,199.594,117.609,190.453,746.521,45,10.716,7.24534,11.396,90,100,100,0,-0.5625,65.2872,19.5,19.5,18
27.667,0,0,0,0,1.41419,0.99997,1.06168,4,0.931154,1,0.820314,0,0.820314,0.816408,0,30.4688,109.528,123.25,109.778,4888.25,2110,1333.52,970,1489.3,116.93,199.711,199.594,114.281,190.43,746.521,45,10.584,7.24001,11.264,90,100,100,0,0.25,65.2872,19.5,19.5,18
27.7,0,0,0,0,1.39118,0.99997,1.06082,4,0.929201,1,0.820314,0,0.820314,0.816408,0,30.4688,109.861,103.361,109.306,4890.75,2110,1341.09,970,1473.44,117.633,199.711,199.594,117.891,190.43,746.521,45,10.724,7.24268,11.42,90,100,100,0,-0.109375,65.2872,18.75,18.75,18
27.733,0,0,0,0,1.39179,0.99997,1.05936,4,0.929201,1,0.820314,0,0.820314,0.817384,0,30.4688,110.222,103.389,109.472,4901.75,2110,1346.72,970,1465.55,118.031,199.383,199.594,119.039,190.43,746.521,45,10.76,7.27201,11.456,90,99.6079,100,0,-0.21875,65.2872,19.5,19.5,18
27.767,0,0,0,0,1.4021,0.99997,1.05978,4,0.929201,1,0.820314,0,0.820314,0.821046,0,30.4688,110.695,107.139,109.611,4902.75,2110,1344.84,970,1470.74,117.961,199.805,199.617,117.07,190.43,748.631,45,10.732,7.29601,11.428,90,100,100,0,-0.375,65.2872,19.5,19.5,18
27.8,0,0,0,0,1.41144,0.99997,1.0603,4,0.927003,1,0.820314,0,0.820314,0.822023,0,30.4688,109.306,123.028,109.306,4912.25,2110,1329.41,970,1481.37,116.508,199.805,199.617,115.523,190.43,748.631,45,10.588,7.17334,11.276,90,100,100,0,0.140625,65.2872,19.5,19.5,18
27.833,0,0,0,0,1.39008,0.99997,1.06024,4,0.927003,1,0.820314,0,0.820314,0.814699,0,30.4688,110.167,103.25,109.445,4920.25,2110,1340.47,970,1462.93,117.609,199.734,199.617,118.477,190.453,748.631,45,10.736,7.22134,11.424,90,100,100,0,0.28125,65.2872,19.5,19.5,18
27.867,0,0,0,0,1.40393,0.99997,1.06097,4,0.927003,1,0.820314,0,0.820314,0.819337,0,30.4688,110.556,109.917,109.917,4921.25,2110,1341.37,970,1473.44,117.82,199.875,199.617,115.992,190.43,748.631,45,10.736,7.26934,11.424,90,99.6079,100,0,0.21875,65.2872,19.5,19.5,18
27.9,0,0,0,0,1.3927,0.99997,1.06021,4,0.92383,1,0.820314,0,0.820314,0.82007,0,30.4688,110.333,107.139,110.278,4930,2100,1340.31,970,1462.93,117.703,199.875,199.617,119.789,190.477,748.631,45,10.712,7.20801,11.392,90,99.6079,100,0,-0.078125,65.2872,18.75,18.75,18
27.933,0,0,0,0,1.40247,0.99997,1.05978,4,0.92383,1,0.820314,0,0.820314,0.815675,0,30.4688,111.333,108.861,110.278,4935.75,2100,1343.24,970,1468.16,118.031,199.758,199.617,117.211,190.453,748.631,45,10.732,7.29334,11.412,90,99.6079,100,0,0.03125,65.2872,19.5,19.5,18
27.967,0,0,0,0,1.40961,0.99997,1.05905,4,0.92383,1,0.820314,0,0.820314,0.818361,0,30.4688,110.917,120.361,110.889,4943.75,2100,1334.14,970,1476.09,117.258,199.758,199.641,116.859,190.453,750.486,45,10.644,7.25068,11.324,90,100,100,0,0.4375,65.2872,19.5,19.5,18
28,0,0,0,0,1.39282,0.99997,1.05811,4,0.920656,1,0.820314,0,0.820314,0.815675,0,30.4688,111.25,105.222,112.361,4943,2100,1344.18,970,1462.89,118.195,199.758,199.641,120.773,190.453,750.486,45,10.768,7.22934,11.472,90,100,100,0,-0.265625,65.2872,18.75,18.75,17.25
28.033,0,0,0,0,1.40662,0.99997,1.05957,4,0.920656,1,0.820314,0,0.820314,0.821046,0,30.4688,111.778,112.972,111.695,4952.75,2100,1340.66,970,1473.44,118.008,199.875,199.641,117.094,190.453,750.486,45,10.724,7.28801,11.428,90,99.6079,100,0,-0.125,65.2872,18.75,18.75,18
28.067,0,0,0,0,1.39862,0.99997,1.06082,4,0.920656,1,0.820314,0,0.820314,0.823732,0,30.4688,111.445,110.528,110.75,4959.25,2100,1338.4,970,1468.16,117.867,199.805,199.641,118.125,190.453,750.486,45,10.708,7.25068,11.412,90,100,100,0,-0.078125,65.2872,18.75,18.75,18
28.1,0,0,0,0,1.38666,0.99997,1.0604,4,0.91797,1,0.820314,0,0.820314,0.819337,0,30.4688,111.389,103.75,110.278,4961,2100,1338.01,970,1460.27,117.82,199.805,199.641,119.438,190.477,750.486,45,10.712,7.22134,11.4,90,100,100,0,0,65.2872,19.5,19.5,18
28.133,0,0,0,0,1.3963,0.99997,1.0604,4,0.91797,1,0.820314,0,0.820314,0.816408,0,30.4688,111.972,109.195,112.667,4974.25,2100,1342.23,970,1462.89,118.406,200.016,199.664,120.375,190.477,750.486,45,10.756,7.28534,11.444,90,100,100,0,0.359375,65.2872,19.5,19.5,18
28.167,0,0,0,0,1.40247,0.99997,1.05881,4,0.91797,1,0.820314,0,0.820314,0.815675,0,30.4688,112.472,112.556,112.667,4975.75,2100,1341.17,970,1468.16,118.383,199.781,199.664,119.016,190.477,752.322,45,10.756,7.29334,11.444,90,100,100,0,-0.109375,65.2872,19.5,19.5,18
28.2,0,0,0,0,1.40186,0.99997,1.05869,4,0.91382,1,0.820314,0,0.820314,0.818361,0,30.4688,111.833,116.195,111.389,4984,2100,1333.09,970,1470.78,117.586,199.781,199.664,117.258,190.5,752.322,45,10.656,7.21601,11.352,90.75,100,100,0,0.125,65.2872,19.5,19.5,18
28.233,-1.5,0,0,0,1.38934,0.99997,1.05878,4,0.91382,1,0.820314,0,0.820314,0.819337,0,30.4688,111.667,109.639,110.75,4989,2090,1331.48,970,1465.55,117.539,199.852,199.664,118.055,190.5,752.322,45,10.664,7.21601,11.36,90.75,100,100,0,0.390625,65.2872,18.75,18.75,18
28.267,-1.5,0,0,0,1.39063,0.99997,1.0592,4,0.91382,1,0.820314,0,0.820314,0.818361,0,30.4688,112.139,107.778,111.528,4991.5,2090,1332.89,970,1468.16,117.75,199.805,199.664,116.883,190.477,752.322,45,10.692,7.22934,11.388,90.75,100,100,0,0.1875,65.2872,17.25,17.25,18
28.3,-1.5,0,0,0,1.39795,0.99997,1.05945,4,0.910646,1,0.820314,0,0.820314,0.818361,0,30.4688,112.472,113.139,113,5001.5,2090,1334.57,970,1470.78,117.891,199.805,199.664,117.844,190.5,752.322,45,10.712,7.25334,11.4,90.75,100,100,0,0.625,65.2872,18.75,18.75,18
28.333,-1.5,0,0,0,1.3913,0.99997,1.05942,4,0.910646,1,0.820314,0,0.820314,0.821046,0,30.4688,113,107.695,111.528,5006.5,2090,1336.29,970,1462.89,118.102,199.781,199.688,117.703,190.5,752.322,45,10.7,7.27201,11.388,90.75,100,100,0,0.140625,65.2872,17.25,17.25,18
28.367,-1.5,0,0,0,1.39465,0.99997,1.06055,4,0.910646,1,0.820314,0,0.820314,0.822999,0,30.4688,113.278,109.917,112.833,5013.25,2090,1339.18,970,1460.27,118.383,199.711,199.688,119.414,190.5,754.236,45,10.764,7.28801,11.452,90.75,100,100,0,0.625,65.2872,18.75,18.75,18
28.4,-1.5,0,0,0,1.40198,0.99997,1.06192,4,0.906984,1,0.820314,0,0.820314,0.823732,0,30.4688,113.111,116.195,113.306,5015.75,2090,1335.39,970,1470.78,118.008,199.711,199.688,117.773,190.5,754.236,45,10.704,7.26401,11.392,90.75,100,100,0,0.21875,65.2872,18.75,18.75,18
28.433,-1.5,0,0,0,1.39978,0.99997,1.06345,4,0.906984,1,0.820314,0,0.820314,0.822999,0,30.4688,112.889,116.028,113,5026.75,2090,1332.5,970,1473.4,117.703,199.711,199.664,117.469,190.5,754.236,45,10.696,7.25868,11.384,90.75,100,100,0,-0.203125,65.2872,18.75,18.75,18
28.467,-1.5,0,0,0,1.39398,0.99997,1.06436,4,0.906984,1,0.820314,0,0.820314,0.822999,0,30.4688,113.278,112.75,111.695,5030,2090,1331.21,970,1468.2,117.586,199.664,199.641,117.281,190.5,754.236,45,10.68,7.28534,11.368,90.75,100,100,0,0.234375,65.2872,18.75,18.75,18
28.5,-1.5,0,0,0,1.39722,0.99997,1.06525,4,0.904054,1,0.820314,0,0.820314,0.822999,0,30.4688,113.056,114.861,112.5,5035,2090,1330.98,970,1473.4,117.539,199.664,199.641,116.578,190.5,754.236,45,10.692,7.26934,11.388,90.75,100,100,0,0.609375,65.2872,18.75,18.75,18
28.533,-1.5,0,0,0,1.38928,0.99997,1.06574,4,0.904054,1,0.820314,0,0.820314,0.821046,0,30.4688,113.528,106.556,113.639,5040.25,2090,1337.58,970,1465.51,118.172,199.617,199.617,119.273,190.477,754.236,45,10.764,7.29601,11.46,90.75,100,100,0,0.515625,65.2872,18.75,18.75,18
28.567,-1.5,0,0,0,1.39612,0.99997,1.0661,4,0.904054,1,0.820314,0,0.820314,0.822023,0,30.4688,113.861,108.778,113.472,5050.5,2090,1341.45,970,1468.16,118.523,199.617,199.617,118.148,190.477,756.111,45,10.772,7.32001,11.468,90.75,100,100,0,0.09375,65.2872,18.75,18.75,18
28.6,-1.5,0,0,0,1.39588,0.99997,1.06552,4,0.899415,1,0.820314,0,0.820314,0.817384,0,30.4688,114.389,107.722,113.472,5051.25,2090,1342.62,970,1465.55,118.594,199.617,199.617,118.758,190.453,756.111,45,10.796,7.33601,11.476,90.75,100,100,0,0.1875,65.2872,17.25,17.25,18
28.633,-1.5,0,0,0,1.40442,0.99997,1.06406,4,0.899415,1,0.820314,0,0.820314,0.813722,0,30.4688,113.639,119,113,5057.25,2100,1335.23,970,1470.78,117.586,199.172,199.594,117.352,190.453,756.111,45,10.652,7.26668,11.332,90.75,100,100,0,0.375,65.2872,19.5,19.5,18
28.667,-1.5,0,0,0,1.40167,0.99997,1.06253,4,0.899415,1,0.820314,0,0.820314,0.815675,0,30.4688,114.445,110.222,113,5068.25,2100,1341.88,970,1470.74,118.195,199.57,199.57,116.625,190.477,756.111,45,10.72,7.31201,11.4,90.75,100,100,0,0.34375,65.2872,19.5,19.5,18
28.7,-1.5,0,0,0,1.39563,0.99997,1.06296,4,0.895753,1,0.820314,0,0.820314,0.819337,0,30.4688,114.611,109.722,114.945,5068.25,2100,1344.84,970,1460.27,118.453,199.57,199.57,121.523,190.477,756.111,45,10.788,7.32534,11.476,90,100,100,0,0.609375,65.2872,17.25,17.25,18
28.733,-1.5,0,0,0,1.39722,0.99997,1.06293,4,0.895753,1,0.820314,0,0.820314,0.817384,0,30.4688,115.139,106.806,115.611,5078.5,2100,1350.39,970,1462.89,118.945,199.617,199.547,119.602,190.43,756.111,45,10.796,7.35734,11.484,90,100,100,0,-0.03125,65.2872,18.75,18.75,18
28.767,-1.5,0,0,0,1.41181,0.99997,1.06274,4,0.895753,1,0.820314,0,0.820314,0.817384,0,30.4688,115.195,115.861,113.306,5079.5,2100,1344.02,970,1468.16,118.336,199.5,199.547,115.969,190.453,758.006,45,10.704,7.35734,11.392,90,100,100,0,0.390625,65.2872,17.25,17.25,18
28.8,-1.5,0,0,0,1.4079,0.99997,1.06229,4,0.891847,1,0.820314,0,0.820314,0.816408,0,30.4688,115.083,113.639,115.25,5088,2100,1346.45,970,1465.51,118.547,199.5,199.547,118.43,190.43,758.006,45,10.768,7.32534,11.456,90,99.6079,100,0,0.421875,65.2872,18.75,18.75,18
28.833,-1.5,0,0,0,1.40729,0.99997,1.06143,4,0.891847,1,0.820314,0,0.820314,0.814699,0,30.4688,115.139,115.278,114.472,5094,2100,1342.15,970,1468.13,118.125,199.547,199.523,116.836,190.406,758.006,45,10.684,7.30401,11.372,90,100,100,0,0.21875,65.2872,17.25,17.25,18
28.867,-1.5,0,0,0,1.40106,0.99997,1.06149,4,0.891847,1,0.820314,0,0.820314,0.816408,0,30.4688,114.5,116.667,115.611,5102,2100,1340.08,970,1462.93,117.914,199.547,199.5,120.211,190.43,758.006,45,10.664,7.23734,11.352,90,100,100,0,0.734375,65.2872,18.75,18.75,18
28.9,-1.5,0,0,0,1.40363,0.99997,1.06149,4,0.888673,1,0.820314,0,0.820314,0.821046,0,30.4688,114.639,117.833,115.611,5103.75,2100,1339.34,970,1468.16,117.82,199.547,199.5,118.992,190.43,758.006,45,10.676,7.26401,11.364,90.75,100,100,0,0.234375,65.2872,18.75,18.75,18
28.933,-1.5,0,0,0,1.41406,0.99997,1.06397,4,0.888673,1,0.820314,0,0.820314,0.825685,0,30.4688,115.722,117.722,117.75,5114,2100,1347.54,970,1476.05,118.594,199.5,199.5,118.125,190.406,758.006,45,10.752,7.35201,11.44,90.75,100,100,0,0.453125,65.2872,18.75,18.75,18
28.967,-1.5,0,0,0,1.40216,0.99997,1.06558,4,0.888673,1,0.820314,0,0.820314,0.822999,0,30.4688,115.722,109.945,116.083,5115,2100,1349.92,970,1460.23,118.805,199.523,199.477,120.398,190.406,759.783,45,10.792,7.34134,11.48,90.75,100,100,0,0.1875,65.2872,18.75,18.75,18
29,-1.5,0,0,0,1.41516,0.99997,1.06555,4,0.885988,1,0.820314,0,0.820314,0.818361,0,30.4688,115.889,118.806,115.611,5122.75,2100,1347.03,970,1468.16,118.523,199.523,199.477,118.195,190.383,759.783,45.75,10.736,7.34134,11.424,90.75,100,100,0,0.453125,65.2872,18.75,18.75,18
29.033,-1.5,0,0,0,1.4115,0.99997,1.06491,4,0.885988,1,0.820314,0,0.820314,0.817384,0,30.4688,115.667,121.111,115.778,5129,2100,1343.67,970,1468.16,118.172,199.477,199.453,118.805,190.406,759.783,45.75,10.704,7.30134,11.392,90.75,100,100,0,1.03125,65.2872,19.5,19.5,18
29.067,-1.5,0,0,0,1.39826,0.99997,1.06198,4,0.885988,1,0.820314,0,0.820314,0.812745,0,30.4688,115.833,112.333,115.417,5138.5,2100,1345.04,970,1457.62,118.266,199.453,199.43,120.773,190.406,759.783,45.75,10.688,7.29068,11.376,90.75,100,100,0,0.25,65.2872,19.5,19.5,18
29.1,-1.5,0,0,0,1.40326,0.99997,1.06076,4,0.88379,1,0.820314,0,0.820314,0.811036,0,30.4688,115.972,112.695,115.389,5140.5,2100,1344.65,970,1462.89,118.219,199.453,199.43,117.75,190.383,759.783,45.75,10.672,7.28534,11.36,90.75,100,100,0,0.515625,65.2872,18.75,18.75,18
29.133,-1.5,0,0,0,1.40277,0.99997,1.05963,4,0.88379,1,0.820314,0,0.820314,0.817384,0,30.4688,116.417,109.639,115.778,5148.25,2100,1348.91,970,1460.23,118.594,199.453,199.406,118.547,190.359,759.783,45.75,10.716,7.31201,11.404,90.75,100,100,0,0.109375,65.2872,18.75,18.75,18
29.167,-1.5,0,0,0,1.41889,0.99997,1.05933,4,0.88379,1,0.820314,0,0.820314,0.816408,0,30.4688,116.833,122.611,117.056,5153.75,2100,1347.23,970,1468.13,118.406,199.383,199.406,118.313,190.383,761.502,45.75,10.656,7.32534,11.344,90.75,99.6079,100,0,0.328125,65.2872,18.75,18.75,18
29.2,-1.5,0,0,0,1.41834,0.99997,1.06046,4,0.881837,1,0.820314,0,0.820314,0.82007,0,30.4688,116.361,124.417,116.25,5159,2100,1343.05,970,1468.13,118.008,199.383,199.406,117.281,190.359,761.502,45.75,10.648,7.27201,11.336,90.75,99.6079,100,0,0.484375,65.2872,19.5,19.5,18
29.233,-1.5,0,0,0,1.39917,0.99997,1.06125,4,0.881837,1,0.820314,0,0.820314,0.821046,0,30.4688,116.583,110.028,115.917,5166,2100,1348.24,970,1452.3,118.477,199.43,199.383,119.672,190.336,761.502,45.75,10.696,7.29334,11.384,90.75,100,100,0,0.140625,65.2872,19.5,19.5,18
29.267,-1.5,0,0,0,1.40155,0.99997,1.06198,4,0.881837,1,0.820314,0,0.820314,0.82007,0,30.4688,116.195,114.306,116.583,5166,2100,1346.09,970,1455,118.266,199.359,199.359,120,190.359,761.502,45.75,10.692,7.25334,11.38,90.75,100,100,0,0.109375,65.2872,19.5,19.5,18
29.3,-1.5,0,0,0,1.40277,0.99997,1.06323,4,0.878908,1,0.820314,0,0.820314,0.822999,0,30.4688,116.639,113.417,117.056,5176.75,2100,1345.94,970,1457.58,118.219,199.359,199.359,118.922,190.383,761.502,45.75,10.68,7.28801,11.36,90.75,100,100,0,-0.015625,65.2872,18.75,18.75,18
29.333,-1.5,0,0,0,1.40479,0.99997,1.06418,4,0.878908,1,0.820314,0,0.820314,0.822999,0,30.4688,116.583,116.528,115.25,5178.5,2100,1341.95,970,1457.58,117.82,199.359,199.359,117.75,190.336,761.502,45.75,10.656,7.27201,11.336,90.75,100,100,0,0.171875,65.2872,19.5,19.5,18
29.367,-1.5,0,0,0,1.39862,0.99997,1.06531,4,0.878908,1,0.820314,0,0.820314,0.822023,0,30.4688,115.972,114.083,116.111,5189.25,2100,1341.48,970,1457.58,117.75,199.383,199.336,118.523,190.336,763.162,45.75,10.644,7.25868,11.324,90.75,100,100,0,0.296875,65.2872,19.5,19.5,18
29.4,-1.5,0,0,0,1.40637,0.99997,1.06506,4,0.87671,1,0.820314,0,0.820314,0.819337,0,30.4688,117.361,113.695,117.222,5190.25,2100,1347.19,970,1462.85,118.289,199.383,199.336,117.75,190.336,763.162,45.75,10.696,7.33334,11.384,90.75,100,100,0,0.578125,65.2872,17.25,17.25,18
29.433,-1.5,0,0,0,1.40259,0.99997,1.06592,4,0.87671,1,0.820314,0,0.820314,0.823732,0,30.4688,117.695,109.222,117.056,5200,2100,1352.23,970,1454.96,118.758,199.383,199.313,119.484,190.313,763.162,45.75,10.736,7.36268,11.424,90.75,100,100,0,0.828125,65.2872,18.75,18.75,18
29.467,-1.5,0,0,0,1.42212,0.99997,1.06683,4,0.87671,1,0.820314,0,0.820314,0.823732,0,30.4688,117.222,130,116.417,5202,2100,1339.49,970,1468.16,117.516,199.289,199.289,116.555,190.336,763.162,45.75,10.616,7.30401,11.304,90.75,100,100,0,0.5625,65.2872,17.25,17.25,18
29.5,-1.5,0,0,0,1.39771,0.99997,1.06796,4,0.874757,1,0.820314,0,0.820314,0.822999,0,30.4688,117.917,109.639,116.25,5206.5,2100,1351.17,970,1455,118.617,199.289,199.289,119.133,190.289,763.162,46.5,10.732,7.36268,11.428,90.75,100,100,0,-0.03125,65.2872,18.75,18.75,18
29.533,-1.5,0,0,0,1.40167,0.99997,1.06992,4,0.874757,1,0.820314,0,0.820314,0.824708,0,30.4688,117.972,109.917,117.222,5218.25,2100,1350.74,970,1457.58,118.547,199.289,199.289,118.617,190.289,763.162,46.5,10.728,7.37601,11.424,90.75,100,100,0,0.28125,65.2872,18.75,18.75,18
29.567,-1.5,0,0,0,1.40241,0.99997,1.07114,4,0.874757,1,0.820314,0,0.820314,0.823732,0,30.4688,117.972,109.945,117.222,5220,2100,1351.05,970,1454.96,118.57,199.289,199.266,119.086,190.313,764.861,46.5,10.748,7.36268,11.444,90.75,100,100,0,0.25,65.2872,18.75,18.75,18
29.6,-1.5,0,0,0,1.41162,0.99997,1.07074,4,0.873292,1,0.820314,0,0.820314,0.817384,0,30.4688,117.972,118.861,116.889,5229,2100,1346.64,970,1460.23,118.125,199.289,199.266,117.164,190.313,764.861,46.5,10.692,7.35468,11.388,90.75,100,100,0,0.84375,65.2872,18.75,18.75,18
29.633,-1.5,0,0,0,1.40442,0.99997,1.06863,4,0.873292,1,0.820314,0,0.820314,0.813722,0,30.4688,117.806,115.278,118.222,5231,2100,1347.42,970,1460.23,118.172,199.266,199.266,119.297,190.289,764.861,46.5,10.7,7.32801,11.396,90.75,100,100,0,0.546875,65.2872,19.5,19.5,18
29.667,-1.5,0,0,0,1.39929,0.99997,1.06644,4,0.873292,1,0.820314,0,0.820314,0.81006,0,30.4688,118.222,109.722,117.583,5241,2100,1350.63,970,1452.3,118.477,199.289,199.242,119.859,190.313,764.861,46.5,10.704,7.34401,11.4,90.75,100,100,0,0.078125,65.2872,19.5,19.5,18
29.7,-1.5,0,0,0,1.41516,0.99997,1.06372,4,0.872072,1,0.820314,0,0.820314,0.81006,0,30.4688,118.445,120.861,117.417,5242,2100,1346.95,970,1460.23,118.102,199.289,199.242,116.906,190.289,764.861,46.5,10.584,7.28801,11.264,90.75,100,100,0,0.828125,65.2872,18.75,18.75,18
29.733,-1.5,0,0,0,1.40491,0.99997,1.06217,4,0.872072,1,0.820314,0,0.820314,0.814699,0,30.4688,118.695,111.945,117.056,5255.75,2100,1348.95,970,1454.96,118.242,199.242,199.219,117.164,190.289,764.861,46.5,10.652,7.29334,11.332,90.75,100,100,0,0.375,65.2872,19.5,19.5,18
29.767,-1.5,0,0,0,1.40772,0.99997,1.06308,4,0.872072,1,0.820314,0,0.820314,0.82007,0,30.4688,117.639,123.083,116.722,5258.5,2100,1339.38,970,1455,117.328,199.195,199.195,117.891,190.289,766.424,46.5,10.58,7.22934,11.26,90.75,99.6079,100,0,0.3125,65.2872,19.5,19.5,18
29.8,-1.5,0,0,0,1.40363,0.99997,1.06537,4,0.873536,1,0.820314,0,0.820314,0.824708,0,30.4688,117.528,120.833,117.75,5257.5,2100,1337.54,970,1462.89,117.141,199.195,199.195,117.563,190.266,766.424,46.5,10.58,7.21868,11.276,90.75,100,100,0,0.625,65.2872,19.5,19.5,18
29.833,-1.5,0,0,0,1.40564,0.99997,1.06674,4,0.873536,1,0.820314,0,0.820314,0.82007,0,30.4688,118.917,114.056,118.083,5270.5,2100,1347.46,970,1462.89,118.078,199.219,199.172,116.766,190.266,766.424,46.5,10.656,7.33868,11.352,90.75,99.6079,100,0,0.59375,65.2872,19.5,19.5,18
29.867,-1.5,0,0,0,1.40784,0.99997,1.06805,4,0.873536,1,0.820314,0,0.820314,0.822999,0,30.4688,118.5,117.278,119.056,5270.5,2100,1346.25,970,1462.89,117.961,199.148,199.172,117.891,190.266,766.424,46.5,10.664,7.30668,11.36,90.75,99.6079,100,0,0.5625,65.2872,19.5,19.5,18
29.9,-1.5,0,0,0,1.39942,0.99997,1.06867,4,0.872316,1,0.820314,0,0.820314,0.822023,0,30.4688,118.861,110.417,118.417,5278.75,2100,1351.37,970,1452.3,118.43,199.148,199.172,119.063,190.242,766.424,46.5,10.704,7.35468,11.392,90.75,100,100,0,-0.078125,65.2872,18,18,18
29.933,-1.5,0,0,0,1.40942,0.99997,1.06888,4,0.872316,1,0.820314,0,0.820314,0.82007,0,30.4688,118.972,118.417,118.556,5287.25,2100,1347.07,970,1454.96,117.984,199.172,199.148,118.055,190.242,766.424,46.5,10.648,7.32534,11.336,90.75,100,100,0,0.5625,65.2872,19.5,19.5,17.25
29.967,-1.5,0,0,0,1.41193,0.99997,1.06915,4,0.872316,1,0.820314,0,0.820314,0.818361,0,30.4688,119.195,120.361,118.722,5288,2100,1347.11,970,1457.54,117.984,199.172,199.125,117.609,190.242,768.123,46.5,10.648,7.33334,11.336,90.75,100,100,0,0.78125,65.2872,18,18,17.25
30,-1.5,0,0,0,1.40827,0.99997,1.06793,4,0.86963,1,0.820314,0,0.820314,0.817384,0,30.4688,119.445,117.056,119.195,5297.5,2100,1349.92,970,1452.3,118.242,199.172,199.125,118.664,190.242,768.123,46.5,10.66,7.34134,11.348,90.75,100,100,0,0.359375,65.2872,19.5,19.5,18
30.033,-1.5,0,0,0,1.41754,0.99997,1.06604,4,0.86963,1,0.820314,0,0.820314,0.811036,0,30.4688,119.083,127.556,120.167,5301.25,2100,1344.34,970,1465.51,117.68,199.125,199.125,118.266,190.219,768.123,46.5,10.608,7.27468,11.296,90.75,100,100,0,0.28125,65.2872,18,18,18
30.067,-1.5,0,0,0,1.40186,0.99997,1.06519,4,0.86963,1,0.820314,0,0.820314,0.815675,0,30.4688,120.472,111.306,118.889,5305.75,2100,1355.08,970,1449.65,118.688,199.125,199.102,118.641,190.219,768.123,46.5,10.692,7.37601,11.38,90.75,100,100,0,0.859375,65.2872,19.5,19.5,18
30.1,-1.5,0,0,0,1.42114,0.99997,1.06607,4,0.867677,1,0.820314,0,0.820314,0.822999,0,30.4688,119.667,126.917,119.056,5314.25,2100,1346.33,970,1462.85,117.844,199.125,199.102,116.414,190.219,768.123,46.5,10.604,7.30668,11.3,90.75,100,100,0,0.796875,65.2872,19.5,19.5,18
30.133,-1.5,0,0,0,1.40851,0.99997,1.06824,4,0.867677,1,0.820314,0,0.820314,0.824708,0,30.4688,119.833,117.056,119.056,5316.25,2100,1349.18,970,1455,118.102,199.125,199.078,118.336,190.172,768.123,46.5,10.656,7.31468,11.352,90.75,100,100,0,0.75,65.2872,19.5,19.5,18
30.167,-1.5,0,0,0,1.40662,0.99997,1.06863,4,0.867677,1,0.820314,0,0.820314,0.817384,0,30.4688,119.972,117.639,120.361,5327.5,2100,1349.88,970,1452.3,118.148,199.078,199.055,119.766,190.219,769.764,46.5,10.652,7.31468,11.348,90.75,100,100,0,0.546875,65.2872,19.5,19.5,18
30.2,-1.5,0,0,0,1.42114,0.99997,1.06995,4,0.865968,1,0.820314,0,0.820314,0.823732,0,30.4688,120.028,127.695,121.195,5331.25,2100,1348.63,970,1462.85,118.008,199.078,199.055,118.148,190.195,769.764,47.25,10.628,7.32534,11.316,90.75,100,100,0,0.625,65.2872,19.5,19.5,18
30.233,-1.5,0,0,0,1.39856,0.99997,1.06906,4,0.865968,1,0.820314,0,0.820314,0.818361,0,30.4688,121,111.722,121.111,5336,2100,1358.32,970,1449.65,118.922,199.055,199.055,119.672,190.195,769.764,47.25,10.728,7.38934,11.416,90.75,100,100,0,1.17188,65.2872,18,18,18
30.267,-1.5,0,0,0,1.41748,0.99997,1.0701,4,0.865968,1,0.820314,0,0.820314,0.818361,0,30.4688,121,122.556,120.167,5342.75,2100,1350.27,970,1457.58,118.148,199.055,199.031,116.883,190.195,769.764,47.25,10.62,7.41068,11.308,90.75,99.6079,100,0,0.5625,65.2872,19.5,19.5,18
30.3,-1.5,0,0,0,1.42206,0.99997,1.06989,4,0.866456,1,0.820314,0,0.820314,0.821046,0,30.4688,119.611,132.167,120.417,5343.75,2100,1340.78,970,1462.89,117.211,199.055,199.031,117.469,190.172,769.764,47.25,10.528,7.26401,11.216,90.75,100,100,0,1.10938,65.2872,19.5,19.5,18
30.333,-1.5,0,0,0,1.40021,0.99997,1.07068,4,0.866456,1,0.820314,0,0.820314,0.822023,0,30.4688,120.639,115.111,118.75,5354.25,2090,1342.5,970,1452.3,118.219,200.508,199.008,118.57,190.172,769.764,47.25,10.656,7.35201,11.344,90.75,100,100,0,0.953125,65.2872,20.25,20.25,18
30.367,-1.5,0,0,0,1.40454,0.99997,1.07172,4,0.866456,1,0.820314,0,0.820314,0.822023,0,30.4688,121.222,114.445,119.917,5360,2090,1346.21,970,1452.3,118.57,199.008,199.008,117.75,190.195,771.365,47.25,10.684,7.39201,11.372,90.75,100,100,0,0.921875,65.2872,20.25,20.25,18
30.4,-1.5,0,0,0,1.414,0.99997,1.07285,4,0.864992,1,0.820314,0,0.820314,0.82007,0,30.4688,120.833,127.806,119.778,5360.75,2090,1338.32,970,1457.58,117.773,199.008,199.008,116.648,190.195,771.365,47.25,10.62,7.33868,11.324,90.75,100,100,0,0.71875,65.2872,18,18,18
30.433,-1.5,0,0,0,1.39911,0.99997,1.07135,4,0.864992,1,0.820314,0,0.820314,0.815675,0,30.4688,120.417,116.806,119.056,5369.5,2100,1338.36,970,1452.3,117.469,198.563,198.984,116.766,190.172,771.365,47.25,10.56,7.27734,11.264,90.75,100,100,0,0.515625,65.2872,19.5,19.5,18
30.467,-1.5,0,0,0,1.39703,0.99997,1.07193,4,0.864992,1,0.820314,0,0.820314,0.818361,0,30.4688,120.083,115.611,119.417,5373.25,2100,1339.88,970,1449.69,117.609,198.961,198.961,117.914,190.172,771.365,47.25,10.608,7.26401,11.312,90.75,100,100,0,0.5625,65.2872,19.5,19.5,18
30.5,-1.5,0,0,0,1.40753,0.99997,1.07071,4,0.866212,1,0.820314,0,0.820314,0.817384,0,30.4688,120.528,124.417,119.056,5376.25,2100,1334.49,970,1460.23,117.07,198.961,198.961,115.289,190.148,771.365,47.25,10.516,7.29334,11.204,90.75,100,100,0,0.453125,65.2872,19.5,19.5,18
30.533,-1.5,0,0,0,1.39111,0.99997,1.07187,4,0.866212,1,0.820314,0,0.820314,0.821046,0,30.4688,121.222,110.917,119.25,5387.75,2100,1344.38,970,1441.8,118.008,198.984,198.938,118.734,190.125,771.365,47.25,10.648,7.34401,11.336,90.75,100,100,0,0.40625,65.2872,19.5,19.5,18
30.567,-1.5,0,0,0,1.41071,0.99997,1.07242,4,0.866212,1,0.820314,0,0.820314,0.822023,0,30.4688,121.695,121.778,120.583,5394.5,2100,1343.13,970,1452.3,117.867,198.914,198.938,116.789,190.125,772.908,47.25,10.596,7.36534,11.284,90.75,100,100,0,0.75,65.2872,19.5,19.5,18
30.6,-1.5,0,0,0,1.41919,0.99997,1.07233,4,0.866701,1,0.820314,0,0.820314,0.818361,0,30.4688,120.583,134.556,120.25,5393.5,2100,1331.91,970,1460.23,116.789,198.914,198.938,115.406,190.125,772.908,47.25,10.508,7.26401,11.196,90.75,100,100,0,0.140625,65.2872,18,18,18
30.633,-1.5,0,0,0,1.40204,0.99997,1.07153,4,0.866701,1,0.820314,0,0.820314,0.814699,0,30.4688,121.222,119.056,121.278,5405.25,2100,1340.74,970,1452.3,117.609,198.961,198.914,117.773,190.125,772.908,47.25,10.6,7.29334,11.288,90.75,100,100,0,0.28125,65.2872,19.5,19.5,18
30.667,-1.5,0,0,0,1.39435,0.99997,1.07001,4,0.866701,1,0.820314,0,0.820314,0.817384,0,30.4688,120.722,115.056,120.167,5409.25,2100,1339.88,970,1444.41,117.516,198.891,198.891,118.523,190.125,772.908,47.25,10.556,7.26934,11.244,90.75,100,100,0,0.375,65.2872,19.5,19.5,18
30.7,-1.5,0,0,0,1.40045,0.99997,1.07025,4,0.865236,1,0.820314,0,0.820314,0.818361,0,30.4688,120.833,122.611,121.389,5410.25,2100,1336.76,970,1449.69,117.188,198.891,198.891,118.664,190.102,772.908,47.25,10.544,7.22934,11.232,90.75,100,100,0,0.28125,65.2872,19.5,19.5,18
30.733,-1.5,0,0,0,1.3949,0.99997,1.07098,4,0.865236,1,0.820314,0,0.820314,0.821046,0,30.4688,122.111,111.917,122,5418,2100,1346.95,970,1449.65,118.148,198.914,198.867,118.453,190.078,772.908,47.25,10.66,7.33601,11.348,90.75,100,100,0,0.296875,65.2872,19.5,19.5,18
30.767,-1.5,0,0,0,1.40888,0.99997,1.0723,4,0.865236,1,0.820314,0,0.820314,0.822999,0,30.4688,121.861,124.333,121.778,5426.75,2100,1340.16,970,1454.96,117.492,198.844,198.867,117.469,190.102,774.49,47.25,10.556,7.32534,11.244,90.75,100,100,0,0.34375,65.2872,19.5,19.5,18
30.8,-1.5,0,0,0,1.39411,0.99997,1.07306,4,0.864015,1,0.820314,0,0.820314,0.821046,0,30.4688,121.861,112.945,122.611,5427.75,2100,1347.97,970,1441.8,118.219,198.844,198.867,122.063,190.078,774.49,48,10.668,7.31468,11.356,90.75,100,100,0,0.421875,65.2872,18,18,18
30.833,-1.5,0,0,0,1.41083,0.99997,1.07471,4,0.864015,1,0.820314,0,0.820314,0.822999,0,30.4688,122.556,120.528,121.278,5439.5,2100,1345.47,970,1452.3,117.961,198.914,198.844,116.672,190.078,774.49,48,10.62,7.35734,11.308,90.75,100,100,0,0.625,65.2872,19.5,19.5,18
30.867,-1.5,0,0,0,1.40534,0.99997,1.07456,4,0.864015,1,0.820314,0,0.820314,0.822023,0,30.4688,122.056,119.75,121.806,5442.5,2100,1345,970,1447.03,117.891,198.797,198.844,118.43,190.078,774.49,48,10.608,7.32534,11.296,90.75,100,100,0,0.625,65.2872,19.5,19.5,18
30.9,-1.5,0,0,0,1.41321,0.99997,1.07568,4,0.863038,1,0.820314,0,0.820314,0.822023,0,30.4688,121.695,131.083,122.111,5442.5,2100,1335.94,970,1457.58,117,198.797,198.844,116.859,190.078,774.49,48,10.524,7.28268,11.22,90.75,100,100,0,0.0625,65.2872,19.5,19.5,18
30.933,-1.5,0,0,0,1.40039,0.99997,1.07633,4,0.863038,1,0.820314,0,0.820314,0.821046,0,30.4688,122.222,118.333,122.195,5446.5,2100,1342.34,970,1452.3,117.586,198.891,198.82,118.359,190.055,774.49,48,10.604,7.31734,11.3,90.75,100,100,0,0.53125,65.2872,19.5,19.5,18
30.967,-1.5,0,0,0,1.409,0.99997,1.07694,4,0.863038,1,0.820314,0,0.820314,0.821046,0,30.4688,122.445,126.028,120.083,5461.25,2100,1336.29,970,1457.58,117,198.82,198.797,114.82,190.078,775.916,48,10.52,7.34401,11.216,90.75,100,100,0,0.375,65.2872,18.75,18.75,18
31,-1.5,0,0,0,1.38953,0.99997,1.07675,4,0.862306,1,0.820314,0,0.820314,0.822023,0,30.4688,122.056,113.222,120.917,5461.25,2100,1341.09,970,1439.14,117.422,198.82,198.797,119.648,190.055,775.916,48,10.564,7.30934,11.252,90.75,100,100,0,0,65.2872,17.25,17.25,18
31.033,-1.5,0,0,0,1.41144,0.99997,1.07639,4,0.862306,1,0.820314,0,0.820314,0.816408,0,30.4688,123.389,121.278,122.111,5465.25,2100,1346.76,970,1449.61,117.938,198.797,198.797,116.484,190.031,775.916,48,10.592,7.38668,11.28,90.75,100,100,0,0.71875,65.2872,18,18,18
31.067,-1.5,0,0,0,1.4187,0.99997,1.07694,4,0.862306,1,0.820314,0,0.820314,0.822023,0,30.4688,123.389,131.583,122.972,5475.25,2100,1341.64,970,1452.3,117.422,198.82,198.773,117.82,190.031,775.916,48,10.56,7.33868,11.248,90.75,100,100,0,0.453125,65.2872,19.5,19.5,18
31.1,-1.5,0,0,0,1.40418,0.99997,1.0777,4,0.861818,1,0.820314,0,0.820314,0.823732,0,30.4688,122.972,119.639,122.278,5480.25,2100,1343.16,970,1452.3,117.539,198.82,198.773,117.281,190.031,775.916,48,10.572,7.33868,11.276,90.75,100,100,0,0.625,65.2872,18.75,18.75,17.25
31.133,-1.5,0,0,0,1.40558,0.99997,1.08096,4,0.861818,1,0.820314,0,0.820314,0.82837,0,30.4688,122.917,119.695,122.833,5480.25,2100,1344.69,970,1452.3,117.398,198.305,198.75,117.422,190.008,775.916,48,10.604,7.34134,11.308,90.75,99.2157,100,0,0.90625,65.2872,18.75,18.75,18
31.167,-1.5,0,0,0,1.41882,0.99997,1.08237,4,0.861818,1,0.820314,0,0.820314,0.825685,0,30.4688,122.806,131.472,123.222,5489.25,2100,1341.21,970,1465.51,117.047,198.773,198.727,116.109,190.031,777.322,48,10.556,7.34934,11.26,90.75,100,100,0,0.25,65.2872,18,18,18
31.2,-1.5,0,0,0,1.40149,0.99997,1.08301,4,0.861329,1,0.820314,0,0.820314,0.82007,0,30.4688,123.195,115.945,122.445,5496.5,2100,1347.42,970,1449.69,117.633,198.773,198.727,118.219,190.031,777.322,48,10.616,7.38134,11.312,90.75,100,100,0,0.765625,65.2872,19.5,19.5,18
31.233,-1.5,0,0,0,1.40607,0.99997,1.08322,4,0.861329,1,0.820314,0,0.820314,0.822023,0,30.4688,123.722,117.417,122.389,5499.5,2100,1350.08,970,1447.07,117.844,198.75,198.727,118.219,189.984,777.322,48,10.616,7.40001,11.312,90.75,100,100,0,0.65625,65.2872,18,18,18
31.267,-1.5,0,0,0,1.41077,0.99997,1.08295,4,0.861329,1,0.820314,0,0.820314,0.82007,0,30.4688,123.195,125.972,123.028,5503.5,2100,1344.88,970,1449.69,117.352,198.727,198.609,118.313,190.008,777.322,48,10.596,7.33868,11.292,90.75,100,100,0,0.171875,65.2872,19.5,19.5,18
31.3,-1.5,0,0,0,1.41266,0.99997,1.08328,4,0.860841,1,0.820314,0,0.820314,0.821046,0,30.4688,123.306,126.111,123.306,5511.5,2100,1341.99,970,1460.2,117.047,198.727,198.609,115.945,190.008,777.322,48,10.58,7.33868,11.268,90.75,100,100,0,0.671875,65.2872,19.5,19.5,18
31.333,-1.5,0,0,0,1.40283,0.99997,1.08276,4,0.860841,1,0.820314,0,0.820314,0.817384,0,30.4688,123.778,116.056,122.611,5520.75,2100,1346.33,970,1452.3,117.445,198.609,198.492,116.555,189.984,777.322,48,10.584,7.38401,11.272,90.75,100,100,0,0.65625,65.2872,19.5,19.5,18
31.367,-1.5,0,0,0,1.40497,0.99997,1.08289,4,0.860841,1,0.820314,0,0.820314,0.818361,0,30.4688,124.361,114.806,123.222,5520.75,2100,1353.2,970,1444.38,118.078,198.492,198.352,118.477,190.008,778.846,48,10.624,7.41601,11.312,90.75,100,100,0,0.4375,65.2872,18,18,18
31.4,-1.5,0,0,0,1.41718,0.99997,1.08313,4,0.859132,1,0.820314,0,0.820314,0.82007,0,30.4688,124.139,127.389,124.778,5524.75,2100,1351.64,970,1449.69,117.914,198.492,198.352,119.461,189.984,778.846,48.75,10.616,7.37868,11.312,90.75,100,100,0,0.578125,65.2872,19.5,19.5,17.25
31.433,-1.5,0,0,0,1.40192,0.99997,1.08188,4,0.859132,1,0.820314,0,0.820314,0.815675,0,30.4688,125.278,114.583,123.972,5533,2100,1361.33,970,1441.8,118.828,198.328,198.234,119.695,189.961,778.846,48.75,10.696,7.45334,11.392,90.75,100,100,0,0.671875,65.2872,20.25,20.25,18
31.467,-1.5,0,0,0,1.41657,0.99997,1.08151,4,0.859132,1,0.820314,0,0.820314,0.818361,0,30.4688,125.306,119.083,125.833,5543,2100,1360.59,970,1447.03,118.734,198.211,198.164,119.438,189.984,778.846,48.75,10.66,7.47734,11.356,90.75,100,100,0,0.546875,65.2872,20.25,20.25,18
31.5,-1.5,0,0,0,1.42108,0.99997,1.08173,4,0.857667,1,0.820314,0,0.820314,0.818361,0,30.4688,125.056,125.695,123.333,5539,2110,1354.49,970,1444.41,118.125,198.211,198.164,117.961,189.984,778.846,48.75,10.584,7.42134,11.264,90.75,100,100,0,0.59375,65.2872,18,18,18
31.533,-1.5,0,0,0,1.42401,0.99997,1.08008,4,0.857667,1,0.820314,0,0.820314,0.811769,0,30.4688,124.639,131.861,125.028,5547.25,2110,1349.88,970,1454.96,117.656,198.141,197.977,117.703,189.961,778.846,48.75,10.564,7.34934,11.244,90.75,100,100,0,0.15625,65.2872,18,18,18
31.567,-1.5,0,0,0,1.41284,0.99997,1.08011,4,0.857667,1,0.820314,0,0.820314,0.815675,0,30.4688,124.722,120.861,125.417,5555.5,2110,1355.12,970,1449.65,118.148,197.953,197.93,119.367,189.961,780.349,48.75,10.628,7.36268,11.308,90.75,100,100,0,0.5,65.2872,19.5,19.5,18
31.6,-1.5,0,0,0,1.4212,0.99997,1.07861,4,0.856447,1,0.820314,0,0.820314,0.816408,0,30.4688,125.806,122.611,125.806,5564.75,2110,1357.66,970,1454.92,118.406,197.953,197.93,117.422,189.961,780.349,48.75,10.604,7.42134,11.284,90.75,100,100,0,0.578125,65.2872,19.5,19.5,17.25
31.633,-1.5,0,0,0,1.42224,0.99997,1.08093,4,0.856447,1,0.820314,0,0.820314,0.824708,0,30.4688,125.945,124.472,124.75,5563.75,2110,1358.55,970,1447.03,118.453,197.906,197.789,117.891,189.914,780.349,48.75,10.608,7.44268,11.288,90.75,100,100,0,0.46875,65.2872,18.75,18.75,18
31.667,-1.5,0,0,0,1.41846,0.99997,1.082,4,0.856447,1,0.820314,0,0.820314,0.823732,0,30.4688,125.278,125.167,125.028,5566.75,2110,1355.16,970,1447.03,118.125,197.766,197.625,118.266,189.938,780.349,48.75,10.576,7.39734,11.256,90.75,100,100,0,0.65625,65.2872,17.25,17.25,18
31.7,-1.5,0,0,0,1.42383,0.99997,1.08478,4,0.853761,1,0.820314,0,0.820314,0.825685,0,30.4688,125.639,128.75,125.972,5576,2110,1353.01,970,1457.54,117.914,197.766,197.625,116.391,189.914,780.349,48.75,10.564,7.41868,11.268,90.75,100,100,0,1.07813,65.2872,18.75,18.75,18
31.733,-1.5,0,0,0,1.41181,0.99997,1.08594,4,0.853761,1,0.820314,0,0.820314,0.822999,0,30.4688,125.528,121.445,126.028,5583.25,2110,1353.44,970,1452.3,117.961,197.602,197.461,118.5,189.914,780.349,48.75,10.6,7.41068,11.304,90.75,99.6079,100,0,0.453125,65.2872,18.75,18.75,18
31.767,-1.5,0,0,0,1.41296,0.99997,1.08603,4,0.853761,1,0.820314,0,0.820314,0.823732,0,30.4688,125.639,118.306,125.028,5582.25,2110,1355.51,970,1449.65,118.172,197.438,197.367,117.234,189.914,781.853,48.75,10.616,7.42934,11.32,90.75,99.2157,100,0,0.703125,65.2872,18.75,18.75,18
31.8,-1.5,0,0,0,1.42316,0.99997,1.08557,4,0.851808,1,0.820314,0,0.820314,0.819337,0,30.4688,126.278,127.611,125.445,5590.75,2110,1354.49,970,1452.27,118.078,197.438,197.367,117.047,189.914,781.853,48.75,10.608,7.43734,11.304,90.75,99.6079,100,0,0.484375,65.2872,18,18,18
31.833,-1.5,0,0,0,1.41577,0.99997,1.08536,4,0.851808,1,0.820314,0,0.820314,0.816408,0,30.4688,125.806,124.917,125.417,5600,2110,1352.73,970,1447.03,117.891,197.344,197.25,118.43,189.914,781.853,48.75,10.576,7.39734,11.272,90.75,99.6079,100,0,0.421875,65.2872,18.75,18.75,18
31.867,-1.5,0,0,0,1.4148,0.99997,1.08475,4,0.851808,1,0.820314,0,0.820314,0.818361,0,30.4688,126.111,121.722,125.278,5603.25,2110,1354.69,970,1444.38,118.078,197.227,197.18,117.539,189.914,781.853,48.75,10.588,7.41868,11.284,90.75,100,100,0,0.75,65.2872,18.75,18.75,18
31.9,-1.5,0,0,0,1.43494,0.99997,1.08405,4,0.851808,1,0.820314,0,0.820314,0.818361,0,30.4688,125.945,144.556,125.417,5609.5,2110,1339.77,970,1462.85,116.672,197.227,197.18,114.422,189.891,781.853,48.75,10.448,7.32534,11.136,90.75,100,100,0,0.5625,65.2872,19.5,19.5,18
31.933,-1.5,0,0,0,1.4165,0.99997,1.08301,4,0.851808,1,0.820314,0,0.820314,0.812745,0,30.4688,125.861,127.75,125.833,5610.5,2110,1348.48,970,1454.92,117.234,196.688,197.063,116.273,189.891,781.853,48.75,10.488,7.35201,11.176,90.75,99.6079,100,0,0.609375,65.2872,18.75,18.75,18
31.967,-1.5,0,0,0,1.4082,0.99997,1.08246,4,0.851808,1,0.820314,0,0.820314,0.816408,0,30.4688,126.167,116.445,125.222,5614.75,2110,1355.9,970,1444.41,117.938,197.039,196.898,117.867,189.867,783.24,48.75,10.564,7.37334,11.252,90.75,100,100,0,1,65.2872,17.25,17.25,18
32,-1.5,0,0,0,1.41364,0.99997,1.08203,4,0.851808,1,0.820314,0,0.820314,0.817384,0,30.4688,125.861,125.528,127.778,5623,2110,1355.23,970,1441.8,117.891,197.039,196.898,120.867,189.867,783.24,49.5,10.564,7.33868,11.26,90.75,100,100,0,0.515625,65.2872,18.75,18.75,18
32.033,-1.5,0,0,0,1.4292,0.99997,1.08383,4,0.851808,1,0.820314,0,0.820314,0.823732,0,30.4688,126.333,135.861,126.028,5630.5,2110,1350.66,970,1452.3,117.445,196.875,196.758,116.602,189.867,783.24,49.5,10.488,7.38668,11.184,90.75,100,100,0,0.515625,65.2872,18.75,18.75,18
32.067,-1.5,0,0,0,1.42188,0.99997,1.0867,4,0.851808,1,0.820314,0,0.820314,0.824708,0,30.4688,126.917,126.167,125.639,5631.5,2110,1354.65,970,1449.61,117.82,196.734,196.688,115.805,189.867,783.24,49.5,10.56,7.42934,11.256,90.75,99.6079,100,0,1.15625,65.2872,18.75,18.75,18
32.1,-1.5,0,0,0,1.42529,0.99997,1.08551,4,0.850099,1,0.820314,0,0.820314,0.816408,0,30.4688,126.917,130.611,126.056,5634.75,2110,1352.97,970,1447.03,117.68,196.734,196.688,116.32,189.844,783.24,49.5,10.516,7.41601,11.212,90.75,100,100,0,0.40625,65.2872,17.25,17.25,18
32.133,-0.75,0,0,0,1.42896,0.99997,1.08472,4,0.850099,1,0.820314,0,0.820314,0.815675,0,30.4688,126.695,136.722,126.278,5640,2110,1347.07,970,1457.54,117.117,196.664,196.523,115.57,189.844,783.24,49.5,10.484,7.35734,11.18,90.75,99.6079,100,0,0.5625,65.2872,18,18,18
32.167,-0.75,0,0,0,1.42236,0.99997,1.08374,4,0.850099,1,0.820314,0,0.820314,0.816408,0,30.4688,126.222,137.75,126.695,5650.75,2110,1342.89,970,1457.58,116.719,196.5,196.477,116.766,189.867,784.588,49.5,10.432,7.31734,11.128,90.75,99.6079,100,0,0.8125,65.2872,18.75,18.75,18
32.2,-0.75,0,0,0,1.38861,0.99997,1.0846,4,0.850831,1,0.820314,0,0.820314,0.822023,0,30.4688,127.25,115.5,126.056,5655,2110,1359.34,970,1433.83,118.289,196.5,196.477,119.953,189.82,784.588,49.5,10.6,7.41601,11.288,90.75,100,100,0,0.703125,65.2872,18.75,18.75,18
32.233,-0.75,0,0,0,1.41333,0.99997,1.08603,4,0.850831,1,0.820314,0,0.820314,0.823732,0,30.4688,128.361,117.556,126.278,5656,2110,1359.8,970,1444.38,118.336,196.453,196.359,115.734,189.82,784.588,49.5,10.58,7.45068,11.268,90.75,100,100,0,0.328125,65.2872,18.75,18.75,18
32.267,-0.75,0,0,0,1.42389,0.99997,1.08795,4,0.850831,1,0.820314,0,0.820314,0.822023,0,30.4688,126.972,136.139,126.278,5660.25,2110,1345.82,970,1447.03,117.023,196.336,196.172,116.813,189.82,784.588,49.5,10.464,7.38134,11.152,90.75,100,100,0,0.671875,65.2872,18,18,18
32.3,-0.75,0,0,0,1.40912,0.99997,1.08875,4,0.851076,1,0.820314,0,0.820314,0.823732,0,30.4688,127.139,121.611,126.889,5666.75,2110,1351.25,970,1441.76,117.539,196.336,196.172,117.961,189.82,784.588,49.5,10.536,7.40001,11.232,90.75,100,100,0,0.78125,65.2872,18.75,18.75,18
32.333,-0.75,0,0,0,1.41211,0.99997,1.0893,4,0.851076,1,0.820314,0,0.820314,0.823732,0,30.4688,126.75,128.167,127.417,5677.5,2110,1347.11,970,1447.03,117.164,196.148,196.008,117.867,189.797,784.588,49.5,10.504,7.37068,11.2,90.75,100,100,0,0.5625,65.2872,18.75,18.75,18
32.367,-0.75,0,0,0,1.41205,0.99997,1.08899,4,0.851076,1,0.820314,0,0.820314,0.819337,0,30.4688,127.139,126.083,126.861,5682.75,2110,1347.07,970,1449.61,117.164,195.984,195.984,116.32,189.82,785.838,49.5,10.488,7.40001,11.184,90.75,100,100,0,1.25,65.2872,18.75,18.75,18
32.4,-0.75,0,0,0,1.4209,0.99997,1.08917,4,0.85132,1,0.820314,0,0.820314,0.816408,0,30.4688,127.445,131.778,127.222,5686,2110,1348.59,970,1452.27,117.305,195.984,195.984,116.039,189.797,785.838,49.5,10.468,7.40534,11.172,90.75,100,100,0,0.609375,65.2872,18.75,18.75,18
32.433,-0.75,0,0,0,1.41669,0.99997,1.08939,4,0.85132,1,0.820314,0,0.820314,0.822023,0,30.4688,127.722,129.389,127.306,5689.25,2110,1349.96,970,1444.41,117.445,195.961,195.844,117.258,189.773,785.838,49.5,10.488,7.39201,11.192,90.75,100,100,0,0.5625,65.2872,18,18,18
32.467,-0.75,0,0,0,1.41608,0.99997,1.0896,4,0.85132,1,0.820314,0,0.820314,0.822999,0,30.4688,127.25,134.278,126.528,5692.5,2110,1343.63,970,1441.8,116.836,195.82,195.703,117.539,189.773,785.838,49.5,10.448,7.35201,11.152,90.75,100,100,0,1.10938,65.2872,18.75,18.75,18
32.5,-0.75,0,0,0,1.40149,0.99997,1.09045,4,0.851564,1,0.820314,0,0.820314,0.822023,0,30.4688,127.278,121.722,127.417,5696.75,2110,1347.3,970,1439.14,117.211,195.82,195.703,118.875,189.773,785.838,49.5,10.508,7.36801,11.204,90.75,100,100,0,0.265625,65.2872,18,18,18
32.533,-0.75,0,0,0,1.4115,0.99997,1.09122,4,0.851564,1,0.820314,0,0.820314,0.819337,0,30.4688,127.611,126.806,127.028,5706.5,2110,1344.84,970,1449.61,116.977,195.68,195.469,115.523,189.773,785.838,49.5,10.464,7.40001,11.16,90.75,100,100,0,0.6875,65.2872,18.75,18.75,18
32.567,-0.75,0,0,0,1.40924,0.99997,1.0918,4,0.851564,1,0.820314,0,0.820314,0.822999,0,30.4688,127.722,125.583,127.556,5714.25,2110,1346.64,970,1444.38,117.164,195.445,195.398,116.766,189.773,786.873,49.5,10.488,7.40534,11.184,90.75,100,100,0,0.71875,65.2872,18.75,18.75,18
32.6,-0.75,0,0,0,1.41278,0.99997,1.09253,4,0.851564,1,0.820314,0,0.820314,0.822023,0,30.4688,127.945,126.945,127.556,5720.75,2110,1346.41,970,1447.03,117.141,195.445,195.398,116.156,189.75,786.873,50.25,10.484,7.41068,11.188,90.75,100,100,0,0.515625,65.2872,18.75,18.75,18
32.633,-0.75,0,0,0,1.41132,0.99997,1.09406,4,0.851564,1,0.820314,0,0.820314,0.823732,0,30.4688,128.611,121.028,127.778,5717.5,2110,1353.36,970,1444.38,117.516,194.906,195.164,116.344,189.75,786.873,50.25,10.536,7.46134,11.24,90.75,100,100,0,0.609375,65.2872,18.75,18.75,18
32.667,-0.75,0,0,0,1.41968,0.99997,1.09421,4,0.851564,1,0.820314,0,0.820314,0.819337,0,30.4688,127.945,133.611,127.556,5720.75,2110,1346.84,970,1447.03,116.906,195.141,194.766,116.695,189.703,786.873,50.25,10.484,7.39468,11.188,90.75,99.6079,100,0,0.6875,65.2872,18,18,25.5
32.7,-0.75,0,0,0,1.4162,0.99997,1.09421,4,0.851564,1,0.820314,0,0.820314,0.818361,0,30.4688,127.333,135.083,125.639,5728.25,2110,1339.02,970,1449.65,116.156,195.141,194.766,114.703,189.656,786.873,50.25,10.392,7.35201,11.088,90.75,100,100,0,0.78125,65.2872,18.75,18.75,18.75
32.733,-0.75,0,0,0,1.40759,0.99997,1.09354,4,0.851564,1,0.820314,0,0.820314,0.818361,0,30.4688,127.333,129.278,127.417,5738.25,2110,1341.02,970,1447.03,116.344,194.742,194.438,116.438,189.375,786.873,50.25,10.408,7.34134,11.104,90.75,100,100,0,0.515625,65.2872,18.75,18.75,18.75
32.767,-0.75,0,0,0,1.40601,0.99997,1.09253,4,0.851564,1,0.820314,0,0.820314,0.816408,0,30.4688,127.972,123.889,127.111,5740.5,2110,1345.63,970,1444.38,116.789,194.414,194.438,115.992,189.281,787.869,50.25,10.436,7.38934,11.132,90.75,100,100,0,1.15625,65.2872,15,15,15
32.8,-0.75,0,0,0,1.41821,0.99997,1.09335,4,0.851564,1,0.820314,0,0.820314,0.821046,0,30.4688,127.945,135.306,128.639,5746,2100,1344.26,970,1447.03,116.672,194.414,194.438,116.555,188.977,787.869,50.25,10.432,7.36534,11.128,90.75,100,100,0,0.78125,65.2872,18.75,18.75,18.75
32.833,-0.75,0,0,0,1.41034,0.99997,1.09525,4,0.851564,1,0.820314,0,0.820314,0.824708,0,30.4688,127.667,130.528,128.639,5755.75,2100,1344.61,970,1441.76,116.695,194.414,194.156,117.797,188.813,787.869,50.25,10.46,7.36534,11.156,90.75,100,100,0,0.5,65.2872,19.5,19.5,18.75
32.867,-0.75,0,0,0,1.40869,0.99997,1.0968,4,0.851564,1,0.820314,0,0.820314,0.824708,0,30.4688,128.611,124.139,128.389,5754.75,2100,1349.18,970,1441.76,117.141,194.133,193.688,117.117,188.813,787.869,50.25,10.504,7.43468,11.2,90.75,100,100,0,1.14063,65.2872,19.5,19.5,18.75
32.9,-0.75,0,0,0,1.42011,0.99997,1.09686,4,0.851564,1,0.820314,0,0.820314,0.821046,0,30.4688,128.195,137.361,129.028,5759.25,2100,1342.77,970,1449.65,116.531,194.133,193.688,116.602,188.625,787.869,50.25,10.452,7.38134,11.148,90.75,100,100,0,0.59375,65.2872,18.75,18.75,18.75
32.933,-0.75,0,0,0,1.41943,0.99997,1.0975,4,0.851564,1,0.820314,0,0.820314,0.819337,0,30.4688,128.667,135.167,128.111,5762.5,2100,1342.85,970,1452.27,116.531,193.664,193.477,114.75,188.414,787.869,50.25,10.416,7.40268,11.112,90.75,100,100,0,0.796875,65.2872,18.75,18.75,18.75
32.967,-0.75,0,0,0,1.40784,0.99997,1.09589,4,0.851564,1,0.820314,0,0.820314,0.815675,0,30.4688,128.611,129.028,126.5,5773.5,2100,1343.4,970,1444.34,116.602,193.453,193.219,114.328,188.391,789.197,50.25,10.372,7.38934,11.068,90.75,100,100,0,0.953125,65.2872,19.5,19.5,18.75
33,-0.75,0,0,0,1.39801,0.99997,1.0954,4,0.851564,1,0.820314,0,0.820314,0.816408,0,30.4688,127.889,124.972,126.889,5777,2100,1339.65,970,1436.48,116.25,193.453,193.219,117.492,188.25,789.197,50.25,10.38,7.31468,11.068,90.75,100,100,0,0.734375,65.2872,19.5,19.5,18.75
33.033,-0.75,0,0,0,1.41052,0.99997,1.09555,4,0.851564,1,0.820314,0,0.820314,0.822023,0,30.4688,128.945,128.222,127.306,5784.75,2090,1341.84,970,1446.99,116.438,193.195,193.078,113.648,187.828,789.197,50.25,10.388,7.40268,11.076,90.75,100,100,0,0.65625,65.2872,19.5,19.5,18.75
33.067,-0.75,0,0,0,1.39404,0.99997,1.09659,4,0.851564,1,0.820314,0,0.820314,0.823732,0,30.4688,128.028,118,128.111,5788,2090,1345.94,970,1428.55,116.836,193.055,192.867,119.016,187.734,789.197,50.25,10.452,7.33868,11.14,90.75,100,100,0,0.765625,65.2872,19.5,19.5,18.75
33.1,-0.75,0,0,0,1.41321,0.99997,1.09973,4,0.851564,1,0.820314,0,0.820314,0.827638,0,30.4688,128.583,136.528,128.389,5794.75,2090,1336.72,970,1449.65,115.969,193.055,192.867,115.031,187.5,789.197,50.25,10.372,7.36801,11.06,90.75,99.6079,100,0,0.734375,65.2872,20.25,20.25,18.75
33.133,-0.75,0,0,0,1.41535,0.99997,1.10138,4,0.851564,1,0.820314,0,0.820314,0.823732,0,30.4688,129.167,133.778,128.639,5793.5,2090,1339.92,970,1449.61,116.273,192.844,192.609,114.023,187.5,789.197,50.25,10.416,7.42668,11.104,90.75,100,100,0,0.53125,65.2872,19.5,19.5,18.75
33.167,-0.75,0,0,0,1.41455,0.99997,1.10303,4,0.851564,1,0.820314,0,0.820314,0.822999,0,30.4688,128.889,136.583,128.667,5795.75,2090,1337.89,970,1447.03,116.086,192.586,192.234,115.758,187.477,790.486,50.25,10.424,7.39734,11.112,90.75,99.6079,100,0,1.14063,65.2872,18.75,18.75,18.75
33.2,-0.75,0,0,0,1.40601,0.99997,1.10184,4,0.851564,1,0.820314,0,0.820314,0.819337,0,30.4688,128.945,128.806,129.056,5803.75,2080,1339.92,970,1441.76,116.297,192.586,192.234,115.898,187.289,790.486,50.25,10.436,7.39734,11.132,90.75,99.6079,100,0,0.53125,65.2872,19.5,19.5,18.75
33.233,-0.75,0,0,0,1.39319,0.99997,1.1012,4,0.851564,1,0.820314,0,0.820314,0.816408,0,30.4688,128.945,118.611,127.417,5810.5,2080,1342.42,970,1433.83,116.531,192.211,192.023,116.438,187.055,790.486,50.25,10.44,7.40268,11.136,90.75,100,100,0,0.90625,65.2872,19.5,19.5,18.75
33.267,-0.75,0,0,0,1.41052,0.99997,1.10123,4,0.851564,1,0.820314,0,0.820314,0.819337,0,30.4688,128.778,137.972,127.778,5820.5,2080,1332.11,970,1447.03,115.57,192,191.695,114.234,187.055,790.486,50.25,10.316,7.36268,11.012,90.75,100,100,0,1.45313,65.2872,19.5,19.5,18.75
33.3,-0.75,0,0,0,1.39899,0.99997,1.10123,4,0.849855,1,0.820314,0,0.820314,0.822999,0,30.4688,128.472,129.917,129.278,5821.75,2080,1334.38,970,1444.38,115.805,192,191.695,116.672,186.656,790.486,50.25,10.36,7.32801,11.056,90.75,99.6079,100,0,0.859375,65.2872,20.25,20.25,20.25
33.333,-0.75,0,0,0,1.39691,0.99997,1.10468,4,0.849855,1,0.820314,0,0.820314,0.82837,0,30.4688,129.111,122.306,127.972,5827.5,2080,1340.47,970,1436.48,116.109,191.25,191.508,115.617,186.469,790.486,50.25,10.42,7.40268,11.116,90.75,100,100,0,0.859375,65.2872,19.5,19.5,18.75
33.367,-0.75,0,0,0,1.39526,0.99997,1.10516,4,0.849855,1,0.820314,0,0.820314,0.82007,0,30.4688,128.833,118.75,128.861,5833,2080,1344.38,970,1433.83,116.484,191.484,191.555,116.766,186.398,791.541,50.25,10.464,7.38134,11.16,90.75,100,100,0,1.125,65.2872,19.5,19.5,18.75
33.4,-0.75,0,0,0,1.41052,0.99997,1.10706,4,0.848634,1,0.820314,0,0.820314,0.822999,0,30.4688,129.278,134.111,127.417,5839.75,2080,1336.45,970,1441.76,115.711,191.484,191.555,113.789,186.164,791.541,50.25,10.388,7.41334,11.076,91.5,100,100,0,1.20313,65.2872,19.5,19.5,18.75
33.433,-0.75,0,0,0,1.39624,0.99997,1.10675,4,0.848634,1,0.820314,0,0.820314,0.822023,0,30.4688,129.056,125.5,127.556,5839.75,2070,1336.52,970,1431.17,115.734,191.531,191.18,116.297,185.977,791.541,50.25,10.4,7.36801,11.088,91.5,100,100,0,0.984375,65.2872,18.75,18.75,18
33.467,-0.75,0,0,0,1.39899,0.99997,1.10608,4,0.848634,1,0.820314,0,0.820314,0.816408,0,30.4688,129.167,123.583,130.806,5842.25,2080,1342.97,970,1433.83,116.344,191.156,190.852,117.422,186.023,791.541,50.25,10.456,7.38134,11.144,91.5,100,100,0,1.20313,65.2872,19.5,19.5,18
33.5,-0.75,0,0,0,1.4245,0.99997,1.10602,4,0.847658,1,0.820314,0,0.820314,0.816408,0,30.4688,128.195,153.167,128.861,5846.75,2070,1323.87,970,1452.3,114.539,191.156,190.852,112.945,185.953,791.541,50.25,10.228,7.29868,10.932,91.5,100,100,0,1.3125,65.2872,18.75,18.75,19.5
33.533,-0.75,0,0,0,1.401,0.99997,1.10346,4,0.847658,1,0.820314,0,0.820314,0.813722,0,30.4688,129.056,131.972,129.278,5853.5,2070,1332.38,970,1441.76,115.336,190.828,190.734,115.125,185.719,791.541,50.25,10.3,7.32534,11.004,91.5,100,100,0,0.453125,65.2872,18.75,18.75,19.5
33.567,-0.75,0,0,0,1.38995,0.99997,1.10355,4,0.847658,1,0.820314,0,0.820314,0.814699,0,30.4688,129.306,120.222,127.972,5858,2070,1338.01,970,1431.17,115.875,190.711,190.313,116.227,185.719,792.537,50.25,10.36,7.33601,11.064,91.5,100,100,0,0.84375,65.2872,19.5,19.5,19.5
33.6,-0.75,0,0,0,1.39807,0.99997,1.10205,4,0.846925,1,0.820314,0,0.820314,0.813722,0,30.4688,129.528,128.528,127.972,5862.75,2070,1332.81,970,1436.45,115.406,190.711,190.313,113.977,185.438,792.537,50.25,10.292,7.32801,10.98,91.5,99.6079,100,0,1.0625,65.2872,19.5,19.5,18.75
33.633,-0.75,0,0,0,1.38458,0.99997,1.10196,4,0.846925,1,0.820314,0,0.820314,0.819337,0,30.4688,128.833,120.833,126.917,5867.25,2070,1331.13,970,1425.9,115.266,190.289,190.125,115.336,185.32,792.537,50.25,10.288,7.30134,10.976,91.5,100,100,0,0.828125,65.2872,19.5,19.5,19.5
33.667,-0.75,0,0,0,1.40149,0.99997,1.10443,4,0.846925,1,0.820314,0,0.820314,0.825685,0,30.4688,128.945,135.056,128.861,5877.5,2070,1327.62,970,1441.76,114.938,190.102,189.984,113.742,185.18,792.537,50.25,10.28,7.29601,10.968,91.5,100,100,0,0.46875,65.2872,20.25,20.25,19.5
33.7,-0.75,0,0,0,1.38135,0.99997,1.10678,4,0.849122,1,0.820314,0,0.820314,0.829347,0,30.4688,128.945,120.583,129.278,5883.5,2060,1331.88,970,1428.52,115.336,190.102,189.984,117.563,184.828,792.537,50.25,10.316,7.31201,11.012,91.5,100,100,0,0.984375,65.2872,20.25,20.25,18.75
33.733,-0.75,0,0,0,1.38019,0.99997,1.10822,4,0.849122,1,0.820314,0,0.820314,0.822023,0,30.4688,129.945,118.889,129.5,5888,2060,1337.85,970,1420.63,115.898,189.961,189.609,117.117,184.641,792.537,50.25,10.376,7.38934,11.072,91.5,100,100,0,0.859375,65.2872,20.25,20.25,19.5
33.767,-0.75,0,0,0,1.39734,0.99997,1.10883,4,0.849122,1,0.820314,0,0.820314,0.819337,0,30.4688,129.528,133.417,130.139,5891.5,2060,1330.43,970,1425.9,115.195,189.586,189.68,116.625,184.641,793.494,50.25,10.292,7.33868,10.988,91.5,100,100,0,0.609375,65.2872,20.25,20.25,19.5
33.8,-0.75,0,0,0,1.39844,0.99997,1.10706,4,0.850343,1,0.820314,0,0.820314,0.815675,0,30.4688,129.167,135.5,128.639,5896,2060,1324.57,970,1436.45,114.656,189.586,189.68,113.391,184.477,793.494,50.25,10.232,7.30934,10.92,91.5,100,100,0,1.21875,65.2872,20.25,20.25,19.5
33.833,-0.75,0,0,0,1.40271,0.99997,1.10758,4,0.850343,1,0.820314,0,0.820314,0.822999,0,30.4688,129.75,135.917,127.556,5902,2050,1323.75,970,1439.1,114.586,189.656,189.258,110.953,184.195,793.494,50.25,10.216,7.33868,10.904,91.5,100,100,0,1.07813,65.2872,20.25,20.25,18.75
33.867,-0.75,0,0,0,1.38519,0.99997,1.10846,4,0.850343,1,0.820314,0,0.820314,0.825685,0,30.4688,129.056,122.722,129.695,5905.5,2050,1332.62,970,1423.24,115.43,189.234,189.07,116.836,184.148,793.494,50.25,10.348,7.29334,11.036,91.5,100,100,0,0.6875,65.2872,20.25,20.25,19.5
33.9,-0.75,0,0,0,1.38165,0.99997,1.11163,4,0.851076,1,0.820314,0,0.820314,0.82837,0,30.4688,130.056,118.972,129.056,5911.25,2050,1334.69,970,1420.63,115.617,189.234,189.07,115.992,183.938,793.494,51,10.376,7.40001,11.08,91.5,99.6079,100,0,1.10938,65.2872,20.25,20.25,19.5
33.933,-0.75,0,0,0,1.39856,0.99997,1.11133,4,0.851076,1,0.820314,0,0.820314,0.817384,0,30.4688,129.75,135.5,130.583,5912.25,2050,1326.84,970,1433.83,114.891,189.047,188.789,114.844,183.797,793.494,51,10.292,7.33868,10.996,91.5,100,100,0,1.07813,65.2872,20.25,20.25,19.5
33.967,-0.75,0,0,0,1.38452,0.99997,1.11206,4,0.851076,1,0.820314,0,0.820314,0.819337,0,30.4688,129.306,128.028,128.639,5914.75,2050,1323.98,970,1425.9,114.633,188.766,188.461,115.688,183.797,794.412,51,10.276,7.31468,10.98,91.5,100,100,0,1,65.2872,19.5,19.5,19.5
34,-0.75,0,0,0,1.39203,0.99997,1.11264,4,0.849611,1,0.820314,0,0.820314,0.824708,0,30.4688,131.028,122.167,129.278,5918.25,2050,1332.15,970,1431.13,115.406,188.766,188.461,112.734,183.727,794.412,51,10.364,7.42401,11.052,91.5,100,100,0,0.921875,65.2872,20.25,20.25,18.75
34.033,-0.75,0,0,0,1.38788,0.99997,1.1145,4,0.849611,1,0.820314,0,0.820314,0.827638,0,30.4688,129.806,127.278,128.389,5925.25,2050,1326.48,970,1425.9,114.609,187.992,188.367,114.305,183.586,794.412,51,10.264,7.33601,10.952,91.5,99.6079,100,0,1.17188,65.2872,20.25,20.25,27
34.067,-0.75,0,0,0,1.39404,0.99997,1.11624,4,0.849611,1,0.820314,0,0.820314,0.824708,0,30.4688,129.417,135.778,129.945,5930,2050,1322.93,970,1433.83,114.258,188.344,187.922,114.188,183.586,794.412,51,10.248,7.30934,10.936,91.5,99.6079,100,0,0.8125,65.2872,19.5,19.5,19.5
34.1,-0.75,0,0,0,1.39008,0.99997,1.1174,4,0.84839,1,0.820314,0,0.820314,0.822023,0,30.4688,130.111,128.167,130.139,5934.5,2050,1328.2,970,1431.17,114.773,188.344,187.922,114.539,183.328,794.412,51,10.312,7.36534,11,91.5,99.6079,100,0,1.10938,65.2872,20.25,20.25,27
34.133,-0.75,0,0,0,1.38159,0.99997,1.11874,4,0.84839,1,0.820314,0,0.820314,0.829347,0,30.4688,130.861,119.695,129.5,5940.5,2050,1333.44,970,1425.9,115.266,187.898,187.781,115.172,183.047,794.412,51,10.372,7.42668,11.06,91.5,100,100,0,1.03125,65.2872,17.25,17.25,17.25
34.167,-0.75,0,0,0,1.3952,0.99997,1.12137,4,0.84839,1,0.820314,0,0.820314,0.827638,0,30.4688,130.333,132.917,129.75,5942.75,2050,1326.99,970,1431.17,114.656,187.758,187.5,114.07,183.047,795.291,51,10.32,7.39201,11.008,91.5,100,100,0,0.765625,65.2872,19.5,19.5,19.5
34.2,-0.75,0,0,0,1.39435,0.99997,1.12204,4,0.847413,1,0.820314,0,0.820314,0.822999,0,30.4688,130.167,133.806,130.139,5950,2050,1324.96,970,1433.83,114.469,187.758,187.5,114.258,182.977,795.291,51,10.312,7.38134,11,91.5,100,100,0,0.765625,65.2872,21,21,19.5
34.233,-0.75,0,0,0,1.38373,0.99997,1.12235,4,0.847413,1,0.820314,0,0.820314,0.821046,0,30.4688,130.111,126.528,129.695,5954.5,2040,1325.27,970,1428.55,114.492,187.477,187.336,115.313,182.625,795.291,51,10.324,7.36801,11.012,91.5,100,100,0,1.0625,65.2872,21,21,19.5
34.267,-0.75,0,0,0,1.38599,0.99997,1.12103,4,0.847413,1,0.820314,0,0.820314,0.815675,0,30.4688,130.75,124.528,129.472,5957,2040,1327.7,970,1428.52,114.727,187.313,186.961,114.047,182.625,795.291,51,10.332,7.40534,11.02,91.5,99.6079,100,0,0.734375,65.2872,20.25,20.25,19.5
34.3,-0.75,0,0,0,1.38794,0.99997,1.12055,4,0.846681,1,0.820314,0,0.820314,0.818361,0,30.4688,130.611,126.945,129.5,5961.75,2040,1327.11,970,1425.9,114.656,187.313,186.961,114.516,182.578,795.291,51,10.296,7.38934,11,91.5,100,100,0,0.84375,65.2872,21,21,19.5
34.333,-0.75,0,0,0,1.3902,0.99997,1.1189,4,0.846681,1,0.820314,0,0.820314,0.813722,0,30.4688,130,135.195,129.5,5967.75,2040,1320.43,970,1428.52,114.047,186.938,186.797,113.883,182.273,795.291,51,10.192,7.32534,10.896,91.5,100,100,0,0.828125,65.2872,20.25,20.25,19.5
34.367,-0.75,0,0,0,1.38971,0.99997,1.11728,4,0.846681,1,0.820314,0,0.820314,0.811769,0,30.4688,129.695,136.167,129.556,5971.25,2040,1317.5,970,1436.41,113.766,186.773,186.469,112.945,182.25,796.345,51,10.156,7.26934,10.86,91.5,100,100,0,0.859375,65.2872,19.5,19.5,19.5
34.4,-0.75,0,0,0,1.37726,0.99997,1.11874,4,0.846193,1,0.820314,0,0.820314,0.822999,0,30.4688,131.083,119.945,131.25,5978.25,2040,1328.98,970,1428.52,114.867,186.773,186.469,115.313,182.039,796.345,51,10.304,7.36268,11,91.5,100,100,0,0.859375,65.2872,20.25,20.25,19.5
34.433,-0.75,0,0,0,1.38788,0.99997,1.12009,4,0.846193,1,0.820314,0,0.820314,0.825685,0,30.4688,131.028,128.75,129.278,5980.75,2030,1323.79,970,1428.52,114.375,186.445,186.281,112.828,181.852,796.345,51,10.256,7.37601,10.952,91.5,100,100,0,0.9375,65.2872,20.25,20.25,19.5
34.467,-0.75,0,0,0,1.38709,0.99997,1.12283,4,0.846193,1,0.820314,0,0.820314,0.823732,0,30.4688,130.333,131.806,129.056,5985.5,2030,1320.35,970,1425.9,114.047,186.258,186.047,113.438,181.852,796.345,51,10.22,7.34134,10.916,91.5,99.6079,100,0,0.6875,65.2872,19.5,19.5,19.5
34.5,-0.75,0,0,0,1.38666,0.99997,1.12363,4,0.845704,1,0.820314,0,0.820314,0.821046,0,30.4688,130.167,134.778,131.25,5989,2030,1317.58,970,1431.13,113.813,186.258,186.047,114.141,181.664,796.345,51.75,10.208,7.31201,10.904,91.5,99.6079,100,0,1.01563,65.2872,21,21,19.5
34.533,-0.75,0,0,0,1.38318,0.99997,1.1236,4,0.845704,1,0.820314,0,0.820314,0.82007,0,30.4688,130.333,131.417,130.806,5998.75,2030,1318.36,970,1431.17,113.883,186.023,185.836,114.492,181.453,796.345,51.75,10.224,7.31734,10.92,91.5,99.6079,100,0,0.578125,65.2872,20.25,20.25,19.5
34.567,-0.75,0,0,0,1.36939,0.99997,1.12277,4,0.845704,1,0.820314,0,0.820314,0.818361,0,30.4688,130.5,119.25,130.111,6001,2030,1324.41,970,1420.63,114.469,185.813,185.508,115.828,181.383,797.361,51.75,10.28,7.32268,10.976,91.5,100,100,0,1.03125,65.2872,21,21,19.5
34.6,-0.75,0,0,0,1.38324,0.99997,1.12396,4,0.845216,1,0.820314,0,0.820314,0.822999,0,30.4688,130.917,130.111,131.667,6004.75,2030,1322.89,970,1428.55,114.328,185.813,185.508,115.641,181.125,797.361,51.75,10.248,7.36268,10.936,91.5,99.6079,100,0,0.734375,65.2872,21,21,19.5
34.633,-0.75,0,0,0,1.38519,0.99997,1.12436,4,0.845216,1,0.820314,0,0.820314,0.822023,0,30.4688,130.861,132.445,130.583,6008.25,2020,1319.61,970,1428.52,114.023,185.484,185.297,114.094,181.078,797.361,51.75,10.204,7.35201,10.892,91.5,100,100,0,0.96875,65.2872,21,21,19.5
34.667,-0.75,0,0,0,1.37854,0.99997,1.12659,4,0.845216,1,0.820314,0,0.820314,0.824708,0,30.4688,131.195,126.445,131.667,6013,2020,1323.36,970,1420.63,114.375,185.273,185.063,116.016,181.031,797.361,51.75,10.292,7.36268,10.98,91.5,100,100,0,1.20313,65.2872,20.25,20.25,19.5
34.7,-0.75,0,0,0,1.3877,0.99997,1.1261,4,0.844972,1,0.820314,0,0.820314,0.819337,0,30.4688,131.028,134.778,130.778,6019.25,2020,1317.89,970,1428.48,113.859,185.273,185.063,113.414,180.938,797.361,51.75,10.204,7.36001,10.892,91.5,100,100,0,0.828125,65.2872,21,21,19.5
34.733,-0.75,0,0,0,1.38269,0.99997,1.12766,4,0.844972,1,0.820314,0,0.820314,0.822023,0,30.4688,130.861,131.139,129.945,6024,2030,1318.32,970,1425.9,113.648,184.617,184.805,113.156,180.938,797.361,51.75,10.192,7.33868,10.88,91.5,100,100,0,1.10938,65.2872,21,21,19.5
34.767,-0.75,0,0,0,1.38159,0.99997,1.12653,4,0.844972,1,0.820314,0,0.820314,0.819337,0,30.4688,130.333,133.111,129.695,6026.5,2030,1314.96,970,1425.9,113.344,184.781,184.594,113.438,180.938,798.103,51.75,10.16,7.29334,10.848,91.5,100,100,0,1.29688,65.2872,20.25,20.25,19.5
34.8,-0.75,0,0,0,1.38385,0.99997,1.12793,4,0.844728,1,0.820314,0,0.820314,0.821046,0,30.4688,130.611,135.389,131.472,6031.25,2030,1314.96,970,1433.83,113.344,184.781,184.594,113.461,180.938,798.103,51.75,10.176,7.31468,10.864,91.5,100,100,0,1.17188,65.2872,21.75,21.75,19.5
34.833,-0.75,0,0,0,1.383,0.99997,1.12845,4,0.844728,1,0.820314,0,0.820314,0.822999,0,30.4688,130.75,134.333,131.25,6037.25,2030,1314.02,970,1436.45,113.273,184.57,184.406,112.758,180.938,798.103,51.75,10.172,7.31734,10.86,91.5,100,100,0,0.953125,65.2872,21,21,19.5
34.867,-0.75,0,0,0,1.37323,0.99997,1.1297,4,0.844728,1,0.820314,0,0.820314,0.823732,0,30.4688,130.861,124.889,130.139,6043.5,2030,1317.62,970,1425.9,113.625,184.383,184.102,114,180.938,798.103,51.75,10.224,7.32801,10.912,91.5,100,100,0,1.32813,65.2872,20.25,20.25,19.5
34.9,-0.75,0,0,0,1.37848,0.99997,1.13095,4,0.843019,1,0.820314,0,0.820314,0.824708,0,30.4688,131.667,125.306,130.583,6047,2030,1320.47,970,1425.9,113.883,184.383,184.102,113.555,180.961,798.103,51.75,10.316,7.38401,11.012,91.5,99.6079,100,0,1.375,65.2872,21.75,21.75,19.5
34.933,-0.75,0,0,0,1.38519,0.99997,1.13263,4,0.843019,1,0.820314,0,0.820314,0.825685,0,30.4688,130.861,137.556,129.695,6050.75,2030,1311.17,970,1431.17,113.016,184.078,183.938,112.008,180.938,798.103,51.75,10.212,7.33334,10.908,91.5,100,100,0,0.890625,65.2872,21,21,19.5
34.967,-0.75,0,0,0,1.37714,0.99997,1.13153,4,0.843019,1,0.820314,0,0.820314,0.813722,0,30.4688,131.028,126.333,130.361,6053.25,2030,1318.05,970,1425.9,113.672,183.914,183.727,113.438,180.961,799.06,51.75,10.276,7.33068,10.972,91.5,100,100,0,1.29688,65.2872,20.25,20.25,19.5
35,-0.75,0,0,0,1.3833,0.99997,1.1297,4,0.841554,1,0.820314,0,0.820314,0.81006,0,30.4688,131.139,135.333,130.583,6059.25,2030,1312.3,970,1433.83,113.133,183.914,183.727,112.172,180.961,799.06,51.75,10.196,7.32001,10.892,91.5,100,100,0,1.01563,65.2872,21.75,21.75,19.5
35.033,-0.75,0,0,0,1.38068,0.99997,1.12637,4,0.841554,1,0.820314,0,0.820314,0.814699,0,30.4688,131.445,132,129.945,6066.5,2030,1313.05,970,1433.83,113.18,183.703,183.563,111.703,180.938,799.06,51.75,10.172,7.31468,10.868,91.5,100,100,0,1.03125,65.2872,21,21,19.5
35.067,-0.75,0,0,0,1.37506,0.99997,1.12701,4,0.841554,1,0.820314,0,0.820314,0.821046,0,30.4688,131.083,127.222,130.806,6067.75,2030,1316.84,970,1428.52,113.555,183.539,183.234,114.117,180.938,799.06,51.75,10.228,7.27734,10.924,91.5,100,100,0,0.953125,65.2872,20.25,20.25,19.5
35.1,-0.75,0,0,0,1.36859,0.99997,1.12775,4,0.840577,1,0.820314,0,0.820314,0.822023,0,30.4688,131.972,119.945,131.889,6071.5,2030,1321.56,970,1423.28,114,183.539,183.234,115.055,180.938,799.06,52.5,10.28,7.35468,10.968,91.5,100,100,0,0.953125,65.2872,21,21,19.5
35.133,-0.75,0,0,0,1.38245,0.99997,1.12946,4,0.840577,1,0.820314,0,0.820314,0.819337,0,30.4688,132.083,131.111,131.056,6076.5,2030,1316.17,970,1428.48,113.484,183.211,183.141,111.891,180.961,799.06,52.5,10.228,7.36801,10.916,91.5,100,100,0,0.875,65.2872,21,21,19.5
35.167,-0.75,0,0,0,1.37897,0.99997,1.12933,4,0.840577,1,0.820314,0,0.820314,0.818361,0,30.4688,132.195,132.861,132.111,6082.5,2030,1312.38,970,1420.66,113.109,183.117,182.742,113.484,180.961,799.939,52.5,10.192,7.30401,10.88,91.5,100,100,0,0.984375,65.2872,20.25,20.25,19.5
35.2,-0.75,0,0,0,1.37451,0.99997,1.12863,4,0.839601,1,0.820314,0,0.820314,0.816408,0,30.4688,131.611,128.222,130.583,6091.25,2030,1313.2,970,1420.63,113.203,183.117,182.742,113.156,180.961,799.939,52.5,10.236,7.30934,10.924,92.25,99.6079,100,0,0.8125,65.2872,21,21,19.5
35.233,-0.75,0,0,0,1.37207,0.99997,1.12738,4,0.839601,1,0.820314,0,0.820314,0.816408,0,30.4688,131.833,124.75,130.583,6096.25,2030,1315.35,970,1420.63,113.391,182.719,182.648,113.039,180.961,799.939,52.5,10.252,7.32801,10.94,92.25,99.6079,100,0,0.609375,65.2872,21,21,19.5
35.267,-0.75,0,0,0,1.36994,0.99997,1.12689,4,0.839601,1,0.820314,0,0.820314,0.816408,0,30.4688,131.667,121.167,132.111,6101.25,2030,1320.2,970,1412.73,113.836,182.625,182.484,115.523,180.961,799.939,52.5,10.296,7.29334,10.984,92.25,100,100,0,0.984375,65.2872,21,21,19.5
35.3,-0.75,0,0,0,1.39539,0.99997,1.12662,4,0.838868,1,0.820314,0,0.820314,0.816408,0,30.4688,131.25,146.861,131.889,6106,2030,1304.57,970,1439.06,112.359,182.625,182.484,110.438,181.008,799.939,52.5,10.124,7.25334,10.82,92.25,100,100,0,0.578125,65.2872,21,21,19.5
35.333,-0.75,0,0,0,1.38458,0.99997,1.12622,4,0.838868,1,0.820314,0,0.820314,0.818361,0,30.4688,131.945,141.056,130.167,6112.25,2010,1299.3,970,1436.41,112.688,183.797,182.18,109.852,180.961,799.939,52.5,10.16,7.29068,10.856,92.25,99.6079,100,0,0.71875,65.2872,21,21,19.5
35.367,-0.75,0,0,0,1.37555,0.99997,1.12869,4,0.838868,1,0.820314,0,0.820314,0.822999,0,30.4688,131.667,137.389,132.111,6114.75,2010,1301.95,970,1428.52,112.922,182.156,182.18,113.438,181.008,800.818,52.5,10.188,7.27468,10.884,92.25,100,100,0,0.75,65.2872,21,21,19.5
35.4,-0.75,0,0,0,1.37463,0.99997,1.12821,4,0.838136,1,0.820314,0,0.820314,0.819337,0,30.4688,132.083,134.333,131.889,6116,2010,1301.13,970,1436.41,112.852,182.156,182.18,111.164,180.961,800.818,52.5,10.2,7.28801,10.896,92.25,99.6079,100,0,0.5625,65.2872,21,21,19.5
35.433,-0.75,0,0,0,1.37555,0.99997,1.12717,4,0.838136,1,0.820314,0,0.820314,0.814699,0,30.4688,132.139,135.445,132.583,6122.25,2010,1302.58,970,1431.17,113.016,182.156,181.969,112.242,180.961,800.818,52.5,10.24,7.28534,10.936,92.25,100,100,0,0.609375,65.2872,21,21,19.5
35.467,-0.75,0,0,0,1.37879,0.99997,1.12662,4,0.838136,1,0.820314,0,0.820314,0.816408,0,30.4688,131.556,144.222,131.25,6123.5,2010,1293.59,970,1436.45,112.148,181.945,181.828,111.938,181.008,800.818,52.5,10.12,7.25068,10.816,92.25,100,100,0,0.890625,65.2872,21,21,19.5
35.5,-0.75,0,0,0,1.36188,0.99997,1.125,4,0.837892,1,0.820314,0,0.820314,0.814699,0,30.4688,131.5,130.139,132.361,6128.5,2010,1298.09,970,1431.17,112.594,181.945,181.828,114.047,181.008,800.818,52.5,10.172,7.22134,10.86,92.25,100,100,0,0.640625,65.2872,20.25,20.25,19.5
35.533,-0.75,0,0,0,1.3736,0.99997,1.12537,4,0.837892,1,0.820314,0,0.820314,0.817384,0,30.4688,132.139,135.25,132.806,6131,2020,1302.62,970,1433.83,112.781,181.383,181.734,112.992,181.008,800.818,52.5,10.188,7.26401,10.876,92.25,100,100,0,0.53125,65.2872,20.25,20.25,19.5
35.567,-0.75,0,0,0,1.36817,0.99997,1.12784,4,0.837892,1,0.820314,0,0.820314,0.825685,0,30.4688,132.945,124.445,132.111,6136,2020,1308.71,970,1428.48,113.367,181.711,181.594,112.5,181.008,801.619,52.5,10.308,7.32268,10.996,92.25,100,100,0,0.5625,65.2872,21,21,19.5
35.6,-0.75,0,0,0,1.38159,0.99997,1.12921,4,0.837404,1,0.820314,0,0.820314,0.826661,0,30.4688,132.25,140.861,131.889,6138.5,2020,1300.27,970,1436.45,112.57,181.711,181.594,111.328,181.008,801.619,52.5,10.192,7.29068,10.88,92.25,100,100,0,0.859375,65.2872,20.25,20.25,19.5
35.633,-0.75,0,0,0,1.35297,0.99997,1.12998,4,0.837404,1,0.820314,0,0.820314,0.816408,0,30.4688,132.361,118.667,131.472,6146.25,2020,1306.64,970,1418.01,113.18,181.57,181.57,115.711,181.008,801.619,52.5,10.288,7.28801,10.976,92.25,100,100,0,1.3125,65.2872,20.25,20.25,19.5
35.667,-0.75,0,0,0,1.36469,0.99997,1.12961,4,0.837404,1,0.820314,0,0.820314,0.816408,0,30.4688,132.306,119.695,131.667,6148.75,2020,1307.97,970,1431.13,113.297,181.547,181.477,110.883,181.031,801.619,52.5,10.26,7.33068,10.948,92.25,100,100,0,0.359375,65.2872,21,21,19.5
35.7,-0.75,0,0,0,1.37036,0.99997,1.12854,4,0.837159,1,0.820314,0,0.820314,0.818361,0,30.4688,132.583,130.945,131.861,6157.5,2020,1303.09,970,1425.9,112.828,181.547,181.477,112.477,181.008,801.619,53.25,10.24,7.29334,10.928,92.25,100,100,0,0.859375,65.2872,21,21,19.5
35.733,-0.75,0,0,0,1.36737,0.99997,1.12811,4,0.837159,1,0.820314,0,0.820314,0.817384,0,30.4688,132.528,129.667,133.222,6163.75,2020,1305.04,970,1417.97,113.016,181.453,181.383,114.422,181.031,801.619,53.25,10.28,7.26668,10.968,92.25,100,100,0,0.96875,65.2872,21,21,19.5
35.767,-0.75,0,0,0,1.39221,0.99997,1.12778,4,0.837159,1,0.820314,0,0.820314,0.817384,0,30.4688,132.417,154.389,132.111,6165,2020,1288.36,970,1444.34,111.422,181.359,181.219,108.938,181.031,802.439,53.25,10.092,7.25068,10.78,92.25,100,100,0,0.71875,65.2872,21,21,19.5
35.8,-0.75,0,0,0,1.36725,0.99997,1.12723,4,0.836915,1,0.820314,0,0.820314,0.814699,0,30.4688,132.417,131.639,130.806,6174,2020,1297.77,970,1425.9,112.313,181.359,181.219,111.188,181.031,802.439,53.25,10.188,7.24534,10.868,92.25,100,100,0,0.359375,65.2872,21,21,19.5
35.833,-0.75,0,0,0,1.38239,0.99997,1.12564,4,0.836915,1,0.820314,0,0.820314,0.814699,0,30.4688,131.611,148.195,133.028,6177.75,2020,1291.25,970,1436.45,111.703,181.195,181.008,111.656,181.008,802.439,53.25,10.1,7.19468,10.78,92.25,100,100,0,1,65.2872,21,21,19.5
35.867,-0.75,0,0,0,1.36255,0.99997,1.12448,4,0.836915,1,0.820314,0,0.820314,0.812745,0,30.4688,132.833,125,133.695,6175.25,2020,1304.88,970,1423.24,112.992,180.984,180.867,114.047,181.031,802.439,53.25,10.256,7.26934,10.936,92.25,100,100,0,0.84375,65.2872,20.25,20.25,19.5
35.9,-0.75,0,0,0,1.36817,0.99997,1.12454,4,0.836671,1,0.820314,0,0.820314,0.816408,0,30.4688,133.278,129.722,133.528,6180.25,2020,1303.55,970,1425.9,112.875,180.984,180.867,112.711,180.984,802.439,53.25,10.26,7.26668,10.956,92.25,100,100,0,0.625,65.2872,21,21,19.5
35.933,-0.75,0,0,0,1.38037,0.99997,1.12338,4,0.836671,1,0.820314,0,0.820314,0.815675,0,30.4688,131.389,150.5,132.583,6185.5,2020,1285.66,970,1439.1,111.188,180.844,180.82,111.094,180.844,802.439,53.25,10.04,7.13068,10.736,92.25,100,100,0,0.90625,65.2872,21,21,19.5
35.967,-0.75,0,0,0,1.35828,0.99997,1.12393,4,0.836671,1,0.820314,0,0.820314,0.817384,0,30.4688,132.195,128.75,133,6189.25,2020,1294.96,970,1428.48,112.055,180.797,180.68,112.734,180.844,803.181,53.25,10.152,7.18401,10.848,92.25,100,100,0,1.32813,65.2872,19.5,19.5,19.5
36,-0.75,0,0,0,1.35217,0.99997,1.12488,4,0.836427,1,0.820314,0,0.820314,0.823732,0,30.4688,132.528,124.028,130.806,6190.5,2020,1296.05,970,1418.01,112.195,180.797,180.68,113.227,180.797,803.181,53.25,10.184,7.21068,10.872,92.25,100,100,0,0.796875,65.2872,20.25,20.25,19.5
36.033,-0.75,0,0,0,1.38226,0.99997,1.12631,4,0.836427,1,0.820314,0,0.820314,0.821046,0,30.4688,131.945,149.889,131.028,6203.25,2010,1282.7,970,1447.03,110.93,180.656,180.68,107.391,180.656,803.181,53.25,10.044,7.18401,10.732,92.25,100,100,0,0.609375,65.2872,20.25,20.25,19.5
36.067,-0.75,0,0,0,1.35712,0.99997,1.12863,4,0.836427,1,0.820314,0,0.820314,0.82837,0,30.4688,132.889,125.556,132.778,6204.75,2010,1297.66,970,1423.28,112.359,180.656,180.633,112.969,180.656,803.181,53.25,10.272,7.26668,10.96,92.25,100,100,0,1.21875,65.2872,20.25,20.25,19.5
36.1,-0.75,0,0,0,1.37323,0.99997,1.12738,4,0.836427,1,0.820314,0,0.820314,0.816408,0,30.4688,133.222,137.167,132.583,6211,2010,1294.45,970,1431.13,112.055,180.656,180.633,109.875,180.656,803.181,53.25,10.208,7.25334,10.896,92.25,100,100,0,1.14063,65.2872,20.25,20.25,19.5
36.133,-0.75,0,0,0,1.37006,0.99997,1.12564,4,0.836427,1,0.820314,0,0.820314,0.811769,0,30.4688,132.361,140.611,132.111,6213.75,2010,1287.19,970,1436.41,111.398,180.609,180.328,109.711,180.609,803.181,53.25,10.12,7.18134,10.808,92.25,100,100,0,0.640625,65.2872,20.25,20.25,19.5
36.167,-0.75,0,0,0,1.36066,0.99997,1.1247,4,0.836427,1,0.820314,0,0.820314,0.814699,0,30.4688,132.083,135.889,133.222,6215,2010,1289.3,970,1433.83,111.609,180.305,180.258,112.734,180.609,803.943,53.25,10.12,7.15468,10.808,92.25,100,100,0,1.03125,65.2872,20.25,20.25,19.5
36.2,-0.75,0,0,0,1.34473,0.99997,1.12155,4,0.836427,1,0.820314,0,0.820314,0.811769,0,30.4688,133.861,116.861,133.028,6216.25,2010,1302.46,970,1420.63,112.875,180.305,180.258,113.93,180.305,803.943,53.25,10.28,7.25868,10.976,92.25,100,100,0,0.953125,65.2872,19.5,19.5,19.5
36.233,-0.75,0,0,0,1.36084,0.99997,1.12067,4,0.836427,1,0.820314,0,0.820314,0.812745,0,30.4688,133.583,126.945,133.472,6222.75,2010,1300.23,970,1423.24,112.406,179.836,180.141,112.758,179.836,803.943,53.25,10.216,7.22401,10.912,92.25,99.6079,100,0,0.90625,65.2872,19.5,19.5,20.25
36.267,-0.75,0,0,0,1.36481,0.99997,1.11881,4,0.836427,1,0.820314,0,0.820314,0.81006,0,30.4688,132.722,132.389,133,6226.5,2010,1296.88,970,1425.9,112.078,180.117,180.047,112.641,179.836,803.943,53.25,10.148,7.15201,10.844,92.25,100,100,0,0.40625,65.2872,20.25,20.25,20.25
36.3,-0.75,0,0,0,1.36774,0.99997,1.11624,4,0.836183,1,0.820314,0,0.820314,0.808107,0,30.4688,134.111,132.722,132.361,6237,2010,1295.82,970,1425.9,112.008,180.117,180.047,110.461,180.047,803.943,53.25,10.112,7.18401,10.808,92.25,100,100,0,0.90625,65.2872,20.25,20.25,19.5
36.333,-0.75,0,0,0,1.36536,0.99997,1.11408,4,0.836183,1,0.820314,0,0.820314,0.81006,0,30.4688,132.611,137.333,134.139,6242,2010,1295.35,970,1420.66,111.938,180.023,180.047,114.938,180.023,803.943,53.25,10.076,7.10668,10.772,92.25,100,100,0,0.703125,65.2872,20.25,20.25,19.5
36.367,-0.75,0,0,0,1.37189,0.99997,1.11273,4,0.836183,1,0.820314,0,0.820314,0.812745,0,30.4688,133.167,141.695,132.806,6243.25,2010,1289.88,970,1433.83,111.422,180.023,179.953,110.859,180.023,804.627,53.25,10.04,7.12801,10.736,92.25,100,100,0,0.578125,65.2872,20.25,20.25,19.5
36.4,0,0,0,0,1.35272,0.99997,1.11392,4,0.834718,1,0.820314,0,0.820314,0.821046,0,30.4688,133.056,125.195,133.222,6250,2010,1298.16,970,1415.35,112.195,180.023,179.953,115.453,180.023,804.627,54,10.148,7.12801,10.836,92.25,100,100,0,0.578125,65.2872,20.25,20.25,19.5
36.433,0,0,0,0,1.37463,0.99997,1.11575,4,0.834718,1,0.820314,0,0.820314,0.821046,0,30.4688,133.167,142.861,132.361,6248.5,2010,1289.06,970,1436.41,111.328,179.93,179.695,110.039,179.93,804.627,54,10.068,7.13334,10.756,92.25,99.6079,100,0,0.78125,65.2872,20.25,20.25,19.5
36.467,0,0,0,0,1.35315,0.99997,1.11597,4,0.834718,1,0.820314,0,0.820314,0.816408,0,30.4688,133.278,123.056,133.222,6251.25,2010,1298.52,970,1420.63,112.219,179.672,179.555,113.672,179.93,804.627,54,10.196,7.14134,10.884,92.25,99.6079,100,0,0.375,65.2872,20.25,20.25,19.5
36.5,0,0,0,0,1.37323,0.99997,1.11594,4,0.833253,1,0.820314,0,0.820314,0.818361,0,30.4688,133,143.639,133.695,6255,2010,1288.13,970,1439.1,111.234,179.672,179.555,111.07,179.672,804.627,54,10.072,7.12268,10.768,92.25,100,100,0,0.25,65.2872,20.25,20.25,19.5
36.533,0,0,0,0,1.36224,0.99997,1.1142,4,0.833253,1,0.820314,0,0.820314,0.814699,0,30.4688,134.75,127.028,133.472,6266.75,2010,1299.45,970,1428.52,112.313,179.531,179.602,111.352,179.531,804.627,54,10.204,7.21334,10.9,92.25,99.2157,100,0,0.640625,65.2872,20.25,20.25,19.5
36.567,0,0,0,0,1.35901,0.99997,1.11478,4,0.833253,1,0.820314,0,0.820314,0.82007,0,30.4688,134.222,123.639,133.917,6273.5,2010,1303.75,970,1415.31,112.711,179.578,179.484,114.164,179.531,805.33,54,10.24,7.18934,10.936,92.25,100,100,0,0.59375,65.2872,20.25,20.25,19.5
36.6,0,0,0,0,1.36682,0.99997,1.11179,4,0.832277,1,0.820314,0,0.820314,0.811036,0,30.4688,134.389,131.639,133.472,6276,2000,1298.52,970,1420.63,112.195,179.578,179.484,111.633,179.063,805.33,54,10.144,7.17601,10.84,92.25,100,100,0,0.65625,65.2872,20.25,20.25,19.5
36.633,0,0,0,0,1.37134,0.99997,1.10916,4,0.832277,1,0.820314,0,0.820314,0.805421,0,30.4688,133.278,142.556,133.695,6278.75,2000,1290.23,970,1428.52,111.422,179.461,179.344,112.148,179.063,805.33,54,10.028,7.07734,10.724,92.25,100,100,0,0.546875,65.2872,20.25,20.25,19.5
36.667,0,0,0,0,1.36981,0.99997,1.10712,4,0.832277,1,0.820314,0,0.820314,0.811036,0,30.4688,134.333,138.722,133.028,6278.75,2000,1290.59,970,1431.17,111.445,179.32,179.156,110.414,179.063,805.33,54,10.044,7.14668,10.74,92.25,100,100,0,0.921875,65.2872,20.25,20.25,19.5
36.7,0,0,0,0,1.38171,0.99997,1.10684,4,0.831544,1,0.820314,0,0.820314,0.819337,0,30.4688,133.75,149,134.583,6281.25,2000,1287.62,970,1439.06,111.188,179.32,179.156,109.688,179.063,805.33,54,9.992,7.07468,10.696,92.25,100,100,0,0.703125,65.2872,20.25,20.25,19.5
36.733,0,0,0,0,1.35309,0.99997,1.10739,4,0.831544,1,0.820314,0,0.820314,0.817384,0,30.4688,134.611,122.028,133.472,6285.25,2000,1298.67,970,1417.97,112.242,179.133,179.18,113.086,178.594,805.33,54,10.156,7.14668,10.86,92.25,100,100,0,1.45313,65.2872,21,21,19.5
36.767,0,0,0,0,1.36871,0.99997,1.1084,4,0.831544,1,0.820314,0,0.820314,0.815675,0,30.4688,134,137.667,132.806,6294.5,2000,1289.8,970,1431.17,111.398,179.156,179.086,109.711,178.594,806.15,54,10.036,7.10134,10.74,92.25,100,100,0,0.96875,65.2872,21,21,19.5
36.8,0,0,0,0,1.36688,0.99997,1.10629,4,0.830812,1,0.820314,0,0.820314,0.811769,0,30.4688,133.528,140.278,133.472,6299.75,1980,1286.99,970,1428.52,111.141,179.156,179.086,110.977,177.586,806.15,54,9.992,7.05601,10.696,92.25,100,100,0,0.71875,65.2872,20.25,20.25,19.5
36.833,0,0,0,0,1.36353,0.99997,1.10458,4,0.830812,1,0.820314,0,0.820314,0.813722,0,30.4688,133,141.722,132.361,6303.75,1980,1282.54,970,1428.52,110.742,179.063,178.852,111.164,177.563,806.15,54,9.904,7.01601,10.608,92.25,100,100,0,1.04688,65.2872,20.25,20.25,20.25
36.867,0,0,0,0,1.35651,0.99997,1.1044,4,0.830812,1,0.820314,0,0.820314,0.818361,0,30.4688,132.722,138.306,131.889,6302.5,1980,1278.91,970,1433.83,110.391,178.828,178.758,110.484,177.563,806.15,54,9.864,6.96534,10.568,92.25,100,100,0,0.703125,65.2872,21,21,20.25
36.9,0,0,0,0,1.33588,0.99997,1.1059,4,0.830324,1,0.820314,0,0.820314,0.822999,0,30.4688,134.917,116.056,133.528,6305,1980,1297.81,970,1415.31,112.195,178.828,178.758,113.32,177.586,806.15,54,10.144,7.12534,10.832,92.25,100,100,0,0.46875,65.2872,20.25,20.25,19.5
36.933,0,0,0,0,1.34509,0.99997,1.10843,4,0.830324,1,0.820314,0,0.820314,0.825685,0,30.4688,135.25,116.889,133.695,6311.75,1980,1300.63,970,1412.7,112.195,178.336,178.711,112.711,176.578,806.15,54,10.172,7.16001,10.86,92.25,100,100,0,0.84375,65.2872,20.25,20.25,19.5
36.967,0,0,0,0,1.36578,0.99997,1.10803,4,0.830324,1,0.820314,0,0.820314,0.816408,0,30.4688,133.306,142,133.222,6321,1980,1284.34,970,1425.9,110.672,178.688,178.641,111.117,176.578,806.97,54,9.94,7.02668,10.628,92.25,100,100,0,0.90625,65.2872,20.25,20.25,20.25
37,0,0,0,0,1.35846,0.99997,1.10742,4,0.829835,1,0.820314,0,0.820314,0.815675,0,30.4688,133.945,132.722,132.778,6325,1960,1287.11,970,1425.9,110.93,178.688,178.641,110.18,174.586,806.97,54.75,10.024,7.06134,10.72,92.25,99.6079,100,0,0.296875,65.2872,21,21,19.5
37.033,0,0,0,0,1.36322,0.99997,1.1055,4,0.829835,1,0.820314,0,0.820314,0.816408,0,30.4688,134.972,131.25,135.5,6329,1970,1294.57,970,1425.9,111.633,178.617,178.406,110.484,176.086,806.97,54.75,10.1,7.13601,10.76,92.25,100,100,0,0.875,65.2872,20.25,20.25,18.75
37.067,0,0,0,0,1.37421,0.99997,1.10568,4,0.829835,1,0.820314,0,0.820314,0.82007,0,30.4688,134.861,142.861,135.972,6327.75,1970,1288.71,970,1436.41,111.094,178.383,178.289,109.992,176.109,806.97,54.75,10.032,7.10934,10.728,92.25,100,100,0,0.875,65.2872,20.25,20.25,18.75
37.1,0,0,0,0,1.35419,0.99997,1.1062,4,0.832765,1,0.820314,0,0.820314,0.819337,0,30.4688,133.639,133.306,133.222,6329,1970,1287.03,970,1420.66,110.93,178.383,178.289,113.133,175.57,806.97,54.75,9.98,7.00801,10.676,92.25,100,100,0,0.5625,65.2872,21,21,20.25
37.133,0,0,0,0,1.33978,0.99997,1.10593,4,0.832765,1,0.820314,0,0.820314,0.815675,0,30.4688,134.5,116.389,132.972,6342.25,1960,1295.7,970,1412.7,111.727,178.266,178.313,113.016,175.078,806.97,54.75,10.12,7.09601,10.816,92.25,100,100,0,0.53125,65.2872,20.25,20.25,19.5
37.167,0,0,0,0,1.37024,0.99997,1.10642,4,0.832765,1,0.820314,0,0.820314,0.823732,0,30.4688,135.556,139.667,133.917,6341,1960,1287.77,970,1431.13,111,178.289,178.266,109.008,175.078,807.752,54.75,10.036,7.15734,10.732,92.25,100,100,0,0.875,65.2872,20.25,20.25,19.5
37.2,0,0,0,0,1.35114,0.99997,1.10623,4,0.831788,1,0.820314,0,0.820314,0.819337,0,30.4688,135.889,117.389,135.5,6349,1960,1304.61,970,1407.38,112.594,178.289,178.266,114.563,174.586,807.752,54.75,10.236,7.16534,10.94,92.25,100,100,0,0.984375,65.2872,20.25,20.25,19.5
37.233,0,0,0,0,1.37238,0.99997,1.10568,4,0.831788,1,0.820314,0,0.820314,0.812745,0,29.6875,134.5,144.472,132.695,6346.5,1940,1283.2,970,1425.9,110.555,178.242,177.961,108.75,172.688,807.752,54.75,9.948,7.04001,10.652,92.25,100,100,0,0.671875,64.9286,20.25,20.25,19.5
37.267,0,0,0,0,1.35449,0.99997,1.10358,4,0.831788,1,0.820314,0,0.820314,0.811036,0,29.6875,134,131.445,133.028,6347.75,1940,1288.28,970,1415.35,111.047,177.938,177.914,111.797,172.688,807.752,54.75,9.968,7.00268,10.672,92.25,100,100,0,0.78125,64.9286,20.25,20.25,19.5
37.3,0,0,0,0,1.3902,0.99997,1.10208,4,0.831056,1,0.820314,0,0.820314,0.815675,0,29.6875,134.611,156.639,134.361,6354.5,1920,1276.68,970,1449.61,109.945,177.938,177.914,104.695,170.789,807.752,54.75,9.848,7.02668,10.536,92.25,100,100,0,0.75,64.5685,20.25,20.25,19.5
37.333,0,0,0,0,1.38281,0.99997,1.10129,4,0.831056,1,0.820314,0,0.820314,0.814699,0,28.125,133.472,157.417,134.667,6365.25,1860,1271.8,970,1452.3,109.477,177.891,177.867,106.711,165.492,807.752,54.75,9.768,6.93068,10.456,92.25,100,100,0,0.828125,63.8498,21,21,18.75
37.367,0,0,0,0,1.34998,0.99997,1.10175,4,0.831056,1,0.820314,0,0.820314,0.822023,0,25,132.611,133.889,134.139,6372,1800,1278.79,970,1425.9,110.133,177.844,177.75,110.367,159.609,808.513,54.75,9.84,6.87734,10.528,92.25,100,100,0,0.703125,62.7694,21,21,19.5
37.4,0,0,0,0,1.35498,0.99997,1.10428,4,0.829103,1,0.820314,0,0.820314,0.826661,0,25,134.445,134.361,134.361,6365.25,1710,1282.89,970,1431.17,110.531,177.844,177.75,110.859,151.758,808.513,54.75,9.944,7.00001,10.64,92.25,100,100,0,0.90625,61.8707,21,21,19.5
37.433,0,0,0,0,1.35999,0.99997,1.10941,4,0.829103,1,0.820314,0,0.820314,0.833009,0,21.875,135.195,134.833,133.695,6368,1680,1288.05,970,1436.45,111.047,177.727,177.703,111.188,148.57,808.513,54.75,10.1,7.05334,10.796,92.25,99.6079,100,0,0.25,60.7919,21.75,21.75,19.5
37.467,0,0,0,0,1.34247,0.99997,1.11258,4,0.829103,1,0.820314,0,0.820314,0.830324,0,18.3594,134.639,133.111,133.695,6377.5,1620,1271.13,970,1417.97,109.477,177.68,177.445,109.5,143.039,808.513,54.75,9.916,7.06401,10.612,92.25,100,100,0,0.9375,59.1729,15.75,15.75,15.75
37.5,0,0,0,0,1.34754,0.99997,1.11456,4,0.82715,1,0.820314,0,0.820314,0.82837,0,18.3594,133.861,133.639,133.222,6385.5,1560,1276.17,970,1423.28,109.969,177.68,177.445,109.922,137.531,808.513,54.75,9.944,7.00801,10.632,92.25,100,100,0,0.546875,57.0137,17.25,17.25,17.25
37.533,0,0,0,0,1.34747,0.99997,1.11676,4,0.82715,1,0.820314,0,0.820314,0.82837,0,11.3281,133.306,137.389,135.5,6388.25,1500,1276.09,970,1423.24,109.969,177.422,177.422,112.922,131.836,808.513,54.75,10.008,6.99468,10.696,92.25,100,100,0,0.390625,55.0362,21,21,27.75
37.567,0,0,0,0,1.33753,0.99997,1.11548,4,0.82715,1,0.820314,0,0.820314,0.816408,0,5.07813,134.5,133.556,134.139,6389.75,1430,1265.9,970,1412.7,109.031,177.398,177.234,109.758,124.57,809.217,54.75,9.896,7.06934,10.584,92.25,100,100,0,0.890625,52.6985,21,21,20.25
37.6,0,0,0,0,1.34747,0.99997,1.11679,4,0.827638,1,0.820314,0,0.820314,0.823732,0,5.07813,134.167,134.583,134.139,6391,1350,1275.74,970,1423.24,109.969,177.398,177.234,110.578,117.516,809.217,54.75,10.028,7.05334,10.716,92.25,100,100,0,0.6875,50.7194,21,21,27.75
37.633,0,0,0,0,1.33753,0.99997,1.11697,4,0.827638,1,0.820314,0,0.820314,0.822023,0,0,132.889,132.611,133.472,6402,1220,1266.21,970,1412.7,108.82,176.813,177.281,108.773,105.141,809.217,54.75,9.84,6.94401,10.528,92.25,100,100,0,0.421875,47.1228,21,21,20.25
37.667,0,0,0,0,1.34253,0.99997,1.11667,4,0.827638,1,0.820314,0,0.820314,0.818361,0,0,134.278,133.083,133.695,6408.75,1170,1270.35,970,1418.01,109.195,177.258,177.211,109.031,97.8281,809.217,54.75,9.94,7.04001,10.628,92.25,100,100,0,0.53125,44.9637,21,21,20.25
37.7,0,0,0,0,1.33246,0.99997,1.1163,4,0.827882,1,0.820314,0,0.820314,0.817384,0,0,133.222,132.695,133.472,6407.5,1080,1261.29,970,1407.38,108.352,177.258,177.211,108.82,86.9766,809.217,55.5,9.784,6.90934,10.488,92.25,97.6471,90.9804,0,1.07813,42.0858,21,21,20.25
37.733,0,0,0,0,1.33502,0.99997,1.11426,4,0.827882,1,0.820314,0,0.820314,0.814699,0,0,132.306,133.306,133.695,6406,970,1260.59,970,1410.08,108.281,177.188,177,109.195,71.25,809.217,55.5,9.42,7.30401,10.124,92.25,80.3922,41.5686,0,0.578125,37.589,21.75,21.75,20.25
37.767,0,0,0,0,1.38751,0.99997,1.11508,4,0.827882,1,0.820314,0,0.820314,0.819337,0,0,133.583,134.056,131.695,6400.5,970,1270.55,970,1465.51,109.219,176.977,177.141,109.828,66.4453,810.115,55.5,9.172,6.67468,9.876,92.25,47.0588,38.0392,0,0.546875,33.9925,12.75,12.75,12.75
37.8,0,0,0,0,1.41498,0.99997,1.11163,4,0.828126,1,0.820314,0,0.820314,0.808107,0,0,126.972,119.5,129.639,6381.5,970,1207.97,970,1494.57,103.336,176.977,177.141,98.25,44.9063,810.115,55.5,8.436,6.06667,9.116,92.25,38.4314,34.902,0,0.125,28.957,3,3,-15
37.833,0,0,0,0,1.52509,0.99997,1.10764,4,0.828126,1,0.820314,0,0.820314,0.802736,0,0,107.333,83.4167,117.583,6366.5,970,1018.4,970,1610.82,85.5469,177.117,177.727,68.7188,24.0938,810.115,55.5,6.428,4.63201,7.108,92.25,26.6667,19.6078,0,0.390625,19.7833,3.75,3.75,-20.25
37.867,0,0,0,0,1.72016,0.99997,1.10233,4,0.828126,1,0.820314,0,0.820314,0.798341,0,0,88.4723,46.4167,95.4723,6350.5,970,756.914,970,1816.84,60.9609,177.703,177.797,38.3438,15.75,810.115,55.5,3.856,3.50934,4.536,92.25,15.6863,9.41177,0,0.015625,10.7912,6,6,-22.5
37.9,0,0,0,0,1.87775,0.99997,1.09378,4,0.890626,1,0.820314,0,0.820314,0.763673,0,0,48.7223,23.2222,62.6389,6290.5,970,506.289,970,1983.28,37.3359,177.703,177.797,19.3828,15.75,810.115,55.5,1.98,1.40267,2.684,92.25,7.45098,6.27451,0,0.5625,1.25887,8.25,8.25,-20.25
37.933,0,0,0,0,1.90271,0.99997,1.08572,4,0.890626,1,0.820314,0,0.820314,0.73462,0,0,25.8056,16.6667,16,6191.75,970,329.258,970,2009.69,20.6484,177.773,179.883,14.1328,15.75,810.115,55.5,1.248,0.858668,1.952,92.25,5.09804,6.27451,0,0.34375,0,12.75,12.75,-17.25
37.967,0,0,0,0,1.63013,0.99997,1.09576,4,0.890626,1,0.820314,0,0.820314,0.869874,0,0,21.2222,14.2778,0,6220,970,273.555,970,1721.76,15.3984,178.43,179.906,12.0469,15.75,806.697,55.5,1.216,0.728001,1.92,92.25,5.09804,5.88235,0,0.578125,0,15,15,-15
38,0,0,0,0,1.56824,0.99997,1.11511,4,0.960939,1,0.820314,0,0.820314,0.953615,0,0,15.5,13.3333,62.4167,6211,970,245.977,970,1637.23,12.7969,178.43,179.906,11.2734,15.75,806.697,55.5,1.06,0.701334,1.748,92.25,5.09804,5.88235,0,0.28125,0,16.5,16.5,-12.75
38.033,0,0,0,0,1.58759,0.99997,1.15457,4,0.960939,1,0.820314,0,0.820314,0.997072,0,0,15.25,16.0278,41.25,6163.75,970,249.023,970,1676.84,13.1016,178.43,181.242,13.6406,15.75,806.697,55.5,1.228,0.792001,1.916,92.25,5.88235,7.05883,0,0.390625,0,16.5,16.5,-12.75
38.067,0,0,0,0,1.54254,0.99997,1.19385,4,0.960939,1,0.820314,0,0.820314,1.00171,0,0,15.5556,15.6389,37.3334,6146.25,970,250.898,970,1629.3,13.2891,179.859,181.523,13.3594,15.75,806.697,55.5,1.272,0.821334,1.96,92.25,5.88235,7.05883,0,0.359375,0,16.5,16.5,-12.75
38.1,0,0,0,0,1.49756,0.99997,1.18555,4,1,1,0.820314,0,0.820314,0.843995,0,0,15.5556,15.5556,33.5,6112.25,970,251.289,970,1581.76,13.3359,179.859,181.523,13.3359,15.75,806.697,55.5,1.228,0.810668,1.924,92.25,6.27451,7.05883,0,0.265625,0,15.75,15.75,-13.5
38.133,0,0,0,0,1.435,0.99997,1.17908,4,1,1,0.820314,0,0.820314,0.761232,0,0,15.5,15.9167,30.5834,6060.5,970,252.891,970,1515.7,13.4766,179.438,182.602,13.7578,15.75,806.697,55.5,1.224,0.789334,1.92,92.25,6.66667,7.45098,0,0.546875,0,15.75,15.75,-12.75
38.167,0,0,0,0,1.41004,0.99997,1.16547,4,1,1,0.820314,0,0.820314,0.754152,0,0,15.7222,16.5278,30.1667,6032.5,970,257.031,970,1489.3,13.875,179.859,184.734,14.3672,15.75,806.033,55.5,1.264,0.802668,1.96,92.25,7.05883,7.45098,0,0.453125,0,15.75,15.75,-12.75
38.2,0,0,0,0,1.36749,0.99997,1.13516,4,1.01758,1,0.820314,0,0.820314,0.744874,0,0,16.1945,16.5833,26.6667,5997.5,970,260.742,970,1444.38,14.2266,179.859,184.734,14.4844,15.75,806.033,54.75,1.244,0.810668,1.924,92.25,7.45098,7.84314,0,0.640625,0,15.75,15.75,-12
38.233,0,0,0,0,1.34497,0.99997,1.11041,4,1.01758,1,0.820314,0,0.820314,0.753419,0,0,16.3611,16.3611,24.7778,5960.5,970,262.305,970,1420.63,14.3906,180.891,186.398,14.3906,15,806.033,54.75,1.244,0.797334,1.924,92.25,7.45098,7.84314,0,0.65625,0,15,15,-12.75
38.267,0,0,0,0,1.32752,0.99997,1.09375,4,1.01758,1,0.820314,0,0.820314,0.746339,0,0,16.4167,16.75,23.3056,5938,970,264.531,970,1402.11,14.6016,180.891,187.922,14.7891,15,806.033,54.75,1.252,0.805334,1.932,92.25,7.84314,7.84314,0,0.78125,0,15,15,-12
38.3,0,0,0,0,1.31244,0.99997,1.08594,4,1.02832,1,0.820314,0,0.820314,0.748048,0,0,16.5278,16.5556,21.1667,5911.25,970,265.234,970,1386.25,14.6719,180.891,187.922,14.6719,15,806.033,54,1.232,0.792001,1.912,93,7.84314,7.84314,0,1.39063,0,15,15,-12
38.333,0,0,0,0,1.28998,0.99997,1.07666,4,1.02832,1,0.820314,0,0.820314,0.755861,0,0,16.3056,16.3333,19.3889,5882.25,970,263.945,970,1362.5,14.5547,182.32,189.234,14.5547,15,806.033,54,1.228,0.781334,1.908,93,7.84314,7.84314,0,0.8125,0,15,15,-12
38.367,0,0,0,0,1.27747,0.99997,1.0705,4,1.02832,1,0.820314,0,0.820314,0.760499,0,0,16.1945,16.1111,18.6945,5853.5,970,263.125,970,1349.3,14.4844,183.75,190.617,14.4375,15,806.131,54,1.216,0.773334,1.896,93,7.84314,7.84314,0,0.96875,0,15,15,-11.25
38.4,0,0,0,0,1.26245,0.99997,1.06696,4,1.0376,1,0.820314,0,0.820314,0.770021,0,0,16.0278,16.1945,20.3611,5830.75,970,262.93,970,1333.44,14.4609,183.75,190.617,14.5547,15,806.131,53.25,1.216,0.773334,1.904,93,7.84314,7.84314,0,1.20313,0,14.25,14.25,-12
38.433,0,0,0,0,1.25244,0.99997,1.06317,5,1.0376,1,0.820314,0,0.820314,0.782716,0,0,16.1945,16.3889,19.6389,5794.75,970,264.922,970,1322.85,14.6719,185.203,191.953,14.8125,15,806.131,53.25,1.236,0.784001,1.924,93,7.84314,7.84314,0,0.921875,0,14.25,14.25,-12.75
38.467,0,0,0,0,1.23993,0.99997,1.0639,5,1.0376,1,0.820314,0,0.820314,0.797609,0,0,16.25,16.1945,19.9445,5768,970,265.391,970,1309.65,14.7188,186.633,193.102,14.7188,15,806.131,53.25,1.236,0.784001,1.924,93,7.84314,7.84314,0,0.96875,0,14.25,14.25,-12.75
38.5,0,0,0,0,1.23749,0.99997,1.06348,5,1.04614,1,0.820314,0,0.820314,0.803712,0,0,16.1389,16.1945,19.8333,5747,970,265.508,970,1307.03,14.7188,186.633,193.102,14.7656,15,806.131,53.25,1.236,0.784001,1.924,93,7.84314,8.2353,0,1.25,0,14.25,14.25,-11.25
38.533,0,0,0,0,1.22241,0.99997,1.06787,5,1.04614,1,0.820314,0,0.820314,0.815675,0,0,16.0833,16.1667,19.8333,5714.25,970,266.133,970,1291.17,14.7422,187.664,194.344,14.8359,15,806.131,53.25,1.252,0.784001,1.94,93,8.2353,8.2353,0,1.01563,0,14.25,14.25,-11.25
38.567,0,0,0,0,1.21491,0.99997,1.07132,5,1.04614,1,0.820314,0,0.820314,0.825685,0,0,16.0278,16.0833,20.0556,5702.25,970,266.328,970,1283.24,14.7656,189.516,195.539,14.7891,15,806.267,53.25,1.256,0.792001,1.944,93,8.2353,8.2353,0,0.6875,0,13.5,13.5,-12
38.6,0,0,0,0,1.20996,0.99997,1.07373,5,1.05029,1,0.820314,0,0.820314,0.826661,0,0,15.9722,16,19.4445,5677.5,970,266.25,970,1277.97,14.7656,189.516,195.539,14.7656,15,806.267,53.25,1.26,0.794668,1.948,93,8.2353,8.2353,0,1.20313,0,13.5,13.5,-12
38.633,0,0,0,0,1.19745,0.99997,1.0798,5,1.05029,1,0.820314,0,0.820314,0.833009,0,0,15.8889,15.8611,18.8056,5655,970,265.938,970,1264.77,14.7422,189.094,196.219,14.6953,15,806.267,53.25,1.26,0.797334,1.948,93,8.2353,8.2353,0,1.28125,0,13.5,13.5,-11.25
38.667,0,0,0,0,1.19238,0.99997,1.08328,5,1.05029,1,0.820314,0,0.820314,0.836671,0,0,15.8333,15.8056,19.5,5632.5,970,265.82,970,1259.45,14.7188,190.523,196.5,14.7188,15,806.267,53.25,1.268,0.800001,1.956,93,8.2353,8.2353,0,0.765625,0,13.5,13.5,-11.25
38.7,0,0,0,0,1.18494,0.99997,1.08624,5,1.0564,1,0.820314,0,0.820314,0.837648,0,0,15.7778,15.8056,19.1389,5610.5,970,266.055,970,1251.56,14.7422,190.523,196.5,14.7656,15,806.267,52.5,1.28,0.802668,1.968,93,8.2353,8.2353,0,1.32813,0,13.5,13.5,-11.25
38.733,0,0,0,0,1.17743,0.99997,1.0921,5,1.0564,1,0.820314,0,0.820314,0.842286,0,0,15.7222,15.7778,18.6667,5585.5,970,266.133,970,1243.63,14.7656,191.953,197.156,14.8125,15,806.267,52.5,1.284,0.810668,1.972,93,8.2353,8.2353,0,1.3125,0,12.75,12.75,-11.25
38.767,0,0,0,0,1.17236,0.99997,1.09604,5,1.0564,1,0.820314,0,0.820314,0.844972,0,0,15.7222,15.8056,18.3889,5562.75,970,266.758,970,1238.32,14.8125,191.953,197.719,14.8594,15,806.287,52.5,1.292,0.813334,1.98,93,8.2353,8.2353,0,1.03125,0,12.75,12.75,-11.25
38.8,0,0,0,0,1.16742,0.99997,1.10016,5,1.06348,1,0.820314,0,0.820314,0.845949,0,0,15.6667,15.4445,18.6389,5539,970,266.211,970,1233.05,14.7656,191.953,197.719,14.5781,15,806.287,52.5,1.284,0.810668,1.972,93,8.2353,8.2353,0,1.3125,0,12.75,12.75,-11.25
38.833,0,0,0,0,1.16242,0.99997,1.10629,5,1.06348,1,0.820314,0,0.820314,0.848634,0,0,15.5,15.7222,17.9722,5503.5,970,267.07,970,1227.77,14.8125,192.938,198.352,14.9531,15,806.287,52.5,1.316,0.821334,2.004,93,8.2353,8.2353,0,1.32813,0,12.75,12.75,-12
38.867,0,0,0,0,1.15741,0.99997,1.11087,5,1.06348,1,0.820314,0,0.820314,0.849611,0,0,15.5556,15.6111,17.9167,5492.25,970,267.461,970,1222.5,14.9297,194.695,198.727,14.8828,15,806.287,52.5,1.32,0.826668,2.008,93,8.2353,8.2353,0,0.828125,0,12.75,12.75,-12
38.9,0,0,0,0,1.15241,0.99997,1.11612,5,1.0669,1,0.820314,0,0.820314,0.852296,0,0,15.5,15.6111,17.1667,5470.25,970,267.305,970,1217.19,14.9063,194.695,198.727,14.9297,14.25,806.287,52.5,1.328,0.832001,2.016,93,8.2353,8.2353,0,0.890625,0,12,12,-11.25
38.933,0,0,0,0,1.15436,0.99997,1.12247,5,1.0669,1,0.820314,0,0.820314,0.854249,0,0,15.5,15.4722,17.1945,5439.5,970,266.875,970,1214.57,14.9531,195.75,198.797,14.8828,14.25,806.287,52.5,1.328,0.832001,2.016,93,8.2353,7.84314,0,0.5625,0,12,12,-11.25
38.967,0,0,0,0,1.15424,0.99997,1.12717,5,1.0669,1,0.820314,0,0.820314,0.853273,0,0,15.3056,14.9167,16.0278,5421,970,264.297,970,1209.3,14.7656,195.656,198.867,14.3906,14.25,806.287,52.5,1.324,0.824001,2.012,93,7.84314,7.84314,0,0.53125,0,12,12,-11.25
39,0,0,0,0,1.15289,0.99997,1.1311,5,1.06861,1,0.820314,0,0.820314,0.850587,0,0,14.8611,14.6945,15.75,5402.25,970,260.898,970,1203.98,14.4609,195.656,198.867,14.2266,14.25,806.287,51.75,1.304,0.813334,2,93,7.84314,7.84314,0,0.671875,0,12,12,-11.25
39.033,0,0,0,0,1.15503,0.99997,1.13379,5,1.06861,1,0.820314,0,0.820314,0.84131,0,0,15.6667,14.5833,15.6111,5366.5,970,269.727,970,1201.37,15.375,196.992,198.938,15.8203,14.25,806.287,51.75,1.412,0.888001,2.108,93,7.84314,7.84314,0,0.390625,0,11.25,11.25,-12
39.067,0,0,0,0,1.15515,0.99997,1.13516,5,1.06861,1,0.820314,0,0.820314,0.835695,0,0,15.6111,14.5833,15.5556,5346.5,970,269.57,970,1198.71,15.4453,198.375,199.008,15.7734,14.25,806.287,51.75,1.424,0.874668,2.12,93,7.84314,7.84314,0,0.75,0,10.5,10.5,2.25
39.1,0,0,0,0,1.15076,0.99997,1.13513,5,1.06934,1,0.820314,0,0.820314,0.830324,0,0,15.8333,14.5278,15.3056,5323.75,970,272.383,970,1190.78,15.7031,198.375,199.008,16.2891,14.25,806.287,51.75,1.444,0.904001,2.124,93.75,7.84314,7.45098,0,1.1875,0,10.5,10.5,1.5
39.133,0,0,0,0,1.15448,0.99997,1.13101,5,1.06934,1,0.820314,0,0.820314,0.814699,0,0,15.6667,14.5556,14.2778,5288,970,268.242,970,1190.78,15.3984,198.82,199.102,14.6953,14.25,806.287,51.75,1.372,0.869334,2.052,93.75,7.84314,7.45098,0,0.609375,0,10.5,10.5,0
39.167,0,0,0,0,1.15039,0.99997,1.125,5,1.06934,1,0.820314,0,0.820314,0.796876,0,0,15.3333,14.4722,14.3611,5274.25,970,265.156,970,1185.51,15.1875,198.984,199.148,15.0938,14.25,806.248,51.75,1.384,0.829334,2.064,93.75,7.84314,7.45098,0,0.859375,0,31.5,31.5,40.5
39.2,0,0,0,0,1.14893,0.99997,1.11676,5,1.07373,1,0.820314,0,0.820314,0.781739,0,0,15.1389,14.3611,14.25,5255.75,970,264.219,970,1182.85,15.0938,198.984,199.148,15.0234,14.25,806.248,51.75,1.36,0.840001,2.048,93,7.45098,7.45098,0,0.5625,0,31.5,31.5,40.5
39.233,0,0,0,0,1.1438,0.99997,1.10489,5,1.07373,1,0.820314,0,0.820314,0.770753,0,0,14.6945,14.25,13.9445,5242,970,260.195,970,1177.58,14.7656,199.031,199.195,14.8828,14.25,806.248,51.75,1.332,0.818668,2.02,93,7.45098,7.45098,0,0.703125,0,31.5,31.5,41.25
39.267,0,0,0,0,1.14441,0.99997,1.09445,5,1.07373,1,0.820314,0,0.820314,0.766114,0,0,14.6111,14.3056,13.5833,5228.25,970,256.445,970,1177.58,14.4609,199.031,199.266,13.8047,14.25,806.248,51.75,1.272,0.794668,1.96,93,7.45098,7.45098,0,1,0,31.5,31.5,41.25
39.3,0,0,0,0,1.13825,0.99997,1.08582,5,1.07593,1,0.820314,0,0.820314,0.766114,0,0,14.2222,14.1667,13.2222,5209,970,254.375,970,1172.3,14.2734,199.031,199.266,14.0859,14.25,806.248,51.75,1.264,0.770668,1.96,93,7.45098,7.45098,0,0.625,0,31.5,31.5,42
39.333,0,0,0,0,1.13599,0.99997,1.07602,5,1.07593,1,0.820314,0,0.820314,0.770021,0,0,14.1111,14.0278,14.0833,5194.75,970,254.375,970,1169.65,14.3203,199.078,199.289,14.7188,14.25,806.248,51.75,1.272,0.776001,1.968,93,7.45098,7.45098,0,1,0,30.75,30.75,41.25
39.367,0,0,0,0,1.13599,0.99997,1.07132,5,1.07593,1,0.820314,0,0.820314,0.777101,0,0,14.1667,14.1111,13.1667,5180.25,970,251.367,970,1169.65,14.0859,199.102,199.336,13.4297,14.25,806.189,51.75,1.22,0.768001,1.916,93,7.45098,7.45098,0,0.84375,0,30.75,30.75,41.25
39.4,0,0,0,0,1.12952,0.99997,1.06839,5,1.08106,1,0.820314,0,0.820314,0.786622,0,0,13.8056,14.0556,12.5556,5171.5,970,249.18,970,1164.38,13.875,199.102,199.336,13.3125,14.25,806.189,51.75,1.196,0.738668,1.876,93,7.45098,7.45098,0,0.421875,0,30.75,30.75,41.25
39.433,0,0,0,0,1.12872,0.99997,1.06772,5,1.08106,1,0.820314,0,0.820314,0.80005,0,0,13.8056,14.0556,12.7222,5148.25,970,248.32,970,1164.38,13.875,199.125,199.383,12.8203,14.25,806.189,51.75,1.18,0.736001,1.86,93,7.45098,7.45098,0,0.828125,0,10.5,10.5,-3
39.467,0,0,0,0,1.12085,0.99997,1.07037,5,1.08106,1,0.820314,0,0.820314,0.812745,0,0,13.2778,13.8611,13.2222,5127.25,970,247.5,970,1159.1,13.8516,199.125,199.453,14.1797,14.25,806.189,51.75,1.236,0.741334,1.916,93,7.45098,7.45098,0,0.546875,0,10.5,10.5,-3.75
39.5,0,0,0,0,1.1214,0.99997,1.0737,5,1.0835,1,0.820314,0,0.820314,0.822999,0,0,13.75,13.8056,13.8889,5109.75,970,250.977,970,1159.1,14.1797,199.125,199.453,14.6484,14.25,806.189,51.75,1.276,0.749334,1.964,93,7.45098,7.45098,0,1.3125,0,9.75,9.75,-4.5
39.533,0,0,0,0,1.11865,0.99997,1.08084,5,1.0835,1,0.820314,0,0.820314,0.834962,0,0,13.8056,13.8333,13.1667,5087.25,970,250.977,970,1156.45,14.2031,198.727,199.5,13.875,14.25,806.189,51.75,1.256,0.768001,1.944,93,7.45098,7.45098,0,0.890625,0,9.75,9.75,-5.25
39.567,0,0,0,0,1.11713,0.99997,1.08914,5,1.0835,1,0.820314,0,0.820314,0.850587,0,0,13.9167,13.8056,13.2222,5068.25,970,253.672,970,1153.79,14.5313,199.219,199.547,13.9453,14.25,805.31,51.75,1.292,0.797334,1.98,93,7.45098,7.45098,0,0.5625,0,30,30,40.5
39.6,0,0,0,0,1.11414,0.99997,1.09793,5,1.08862,1,0.820314,0,0.820314,0.864259,0,0,13.6945,13.7778,13.2778,5058,970,250.313,970,1151.17,14.2031,199.219,199.547,14.1797,14.25,805.31,51.75,1.292,0.781334,1.98,93.75,7.45098,7.45098,0,0.5,0,30,30,40.5
39.633,0,0,0,0,1.11194,0.99997,1.11032,5,1.08862,1,0.820314,0,0.820314,0.870851,0,0,13.6389,13.6945,12.5556,5036.75,970,248.398,970,1148.52,14.0859,199.242,199.617,13.4297,14.25,805.31,51.75,1.268,0.770668,1.956,93.75,7.45098,7.45098,0,0.625,0,30,30,41.25
39.667,0,0,0,0,1.10462,0.99997,1.11838,5,1.08862,1,0.820314,0,0.820314,0.867189,0,0,13.1667,13.5833,12.9167,5031,970,246.797,970,1143.24,13.9922,199.336,199.641,14.3672,14.25,805.31,51.75,1.316,0.741334,2.004,93.75,7.45098,7.45098,0,0.71875,0,30,30,41.25
39.7,0,0,0,0,1.10681,0.99997,1.12436,5,1.09497,1,0.820314,0,0.820314,0.858888,0,0,13.3056,13.5833,13.3889,5015,970,246.172,970,1145.9,13.9219,199.336,199.641,14.0156,14.25,805.31,51,1.308,0.781334,1.996,93.75,7.45098,7.45098,0,0.203125,0,30,30,40.5
39.733,0,0,0,0,1.1015,0.99997,1.12894,5,1.09497,1,0.820314,0,0.820314,0.847658,0,0,12.7778,13.4445,11.9167,5002.5,970,239.609,970,1143.24,13.3594,199.336,199.688,12.75,14.25,805.31,51,1.228,0.749334,1.916,93.75,7.45098,7.45098,0,0.609375,0,30,30,40.5
39.767,0,0,0,0,1.09723,0.99997,1.1311,5,1.09497,1,0.820314,0,0.820314,0.843995,0,0,12.8889,13.3889,12.5833,4985,970,241.797,970,1140.59,13.5703,199.172,199.664,13.5,14.25,804.724,51,1.272,0.770668,1.96,93.75,7.45098,7.45098,0,0.4375,0,29.25,29.25,40.5
39.8,0,0,0,0,1.09406,0.99997,1.13236,5,1.09839,1,0.820314,0,0.820314,0.84131,0,0,13,13.3611,13,4980,970,244.297,970,1137.97,13.8047,199.172,199.664,14.2266,14.25,804.724,51,1.316,0.786668,2.004,93.75,7.45098,7.45098,0,0.234375,0,29.25,29.25,40.5
39.833,0,0,0,0,1.09363,0.99997,1.1351,5,1.09839,1,0.820314,0,0.820314,0.842286,0,0,12.8889,13.3056,12.5833,4961.75,970,242.461,970,1137.97,13.6172,198.984,199.664,13.3828,14.25,804.724,51,1.272,0.762668,1.96,93.75,7.45098,7.45098,0,0.53125,0,9,9,-6
39.867,0,0,0,0,1.08936,0.99997,1.13724,5,1.09839,1,0.820314,0,0.820314,0.842286,0,0,12.7778,13.3056,12.8333,4937.25,970,243.281,970,1135.31,13.6641,198.656,199.641,13.8516,14.25,804.724,51,1.292,0.765334,1.98,93.75,7.45098,7.45098,0,0.21875,0,9,9,-6.75
39.9,0,0,0,0,1.08899,0.99997,1.13968,5,1.09986,1,0.820314,0,0.820314,0.84131,0,0,13,13.25,13.0556,4918.75,970,246.016,970,1135.31,13.8984,198.656,199.641,13.9688,14.25,804.724,51,1.316,0.792001,2.004,93.75,7.45098,7.45098,0,0.515625,0,9,9,-6.75
39.933,0,0,0,0,1.086,0.99997,1.1438,5,1.09986,1,0.820314,0,0.820314,0.839601,0,0,13,13.25,12.3333,4889,970,246.602,970,1132.66,13.9219,198.422,199.617,13.6875,14.25,804.724,51,1.3,0.810668,1.988,93.75,7.45098,7.45098,0,0.03125,0,9,9,-6.75
39.967,0,0,0,0,1.08246,0.99997,1.14764,5,1.09986,1,0.820314,0,0.820314,0.842286,0,0,13,13.1945,13.1389,4878,970,248.867,970,1130.04,14.0859,198.797,199.594,14.625,14.25,803.787,51,1.36,0.808001,2.048,93.75,7.45098,7.45098,0,-0.015625,0,9,9,-7.5
40,0,0,0,0,1.08325,0.99997,1.15009,5,1.10474,1,0.820314,0,0.820314,0.84131,0,0,13.0556,13.2222,12.9167,4868.5,970,248.438,970,1130.04,14.0625,198.797,199.594,14.0156,14.25,803.787,51,1.332,0.797334,2.012,93.75,7.45098,7.45098,0,0.28125,0,29.25,29.25,40.5
40.033,0,0,0,0,1.07947,0.99997,1.15335,5,1.10474,1,0.820314,0,0.820314,0.837648,0,0,12.7222,13.1389,12.9445,4848.75,970,246.797,970,1127.38,13.875,198.586,199.57,14.3203,14.25,803.787,51,1.336,0.789334,2.016,93.75,7.45098,7.45098,0,0.125,0,29.25,29.25,40.5
40.067,0,0,0,0,1.07629,0.99997,1.15479,5,1.10474,1,0.820314,0,0.820314,0.833986,0,0,12.8889,13.1111,12.5,4839.25,970,247.266,970,1124.77,13.8984,198.82,199.57,13.8281,14.25,803.787,51,1.316,0.797334,1.996,93.75,7.45098,7.45098,0,0.234375,0,29.25,29.25,40.5
40.1,0,0,0,0,1.07587,0.99997,1.15494,5,1.10694,1,0.820314,0,0.820314,0.82837,0,0,12.8333,12.9722,12.75,4833.25,970,248.008,970,1124.77,13.9688,198.82,199.57,13.9219,14.25,803.787,51,1.332,0.805334,2.012,93.75,7.45098,7.45098,0,-0.078125,0,28.5,28.5,40.5
40.133,0,0,0,0,1.07098,0.99997,1.15454,5,1.10694,1,0.820314,0,0.820314,0.822999,0,0,12.6389,12.9722,13.1111,4816,970,247.109,970,1122.11,13.8516,198.773,199.547,14.5781,14.25,803.787,51,1.348,0.805334,2.028,93.75,7.45098,7.45098,0,0.3125,0,28.5,28.5,40.5
40.167,0,0,0,0,1.07086,0.99997,1.15213,5,1.10694,1,0.820314,0,0.820314,0.817384,0,0,12.6667,12.9722,12.6389,4802.25,970,246.016,970,1122.11,13.7344,198.797,199.547,13.8516,14.25,803.045,51,1.312,0.794668,1.992,93.75,7.45098,7.45098,0,0.203125,0,28.5,28.5,40.5
40.2,0,0,0,0,1.06744,0.99997,1.15085,5,1.10816,1,0.820314,0,0.820314,0.815675,0,0,12.6667,12.9722,12.5833,4797.5,970,247.695,970,1119.45,13.8984,198.797,199.547,14.0625,14.25,803.045,51,1.324,0.800001,2.004,93.75,7.45098,7.45098,0,0.453125,0,29.25,29.25,40.5
40.233,0,0,0,0,1.06677,0.99997,1.14899,5,1.10816,1,0.820314,0,0.820314,0.816408,0,0,12.6389,12.9722,12.3611,4781.5,970,246.367,970,1119.45,13.7813,199.195,199.523,13.4766,14.25,803.045,51,1.284,0.784001,1.964,93.75,7.45098,7.45098,0,-0.15625,0,29.25,29.25,40.5
40.267,0,0,0,0,1.06342,0.99997,1.1478,5,1.10816,1,0.820314,0,0.820314,0.816408,0,0,12.5833,12.9167,12.4445,4773.25,970,246.328,970,1116.84,13.7578,198.797,199.523,13.8516,14.25,803.045,51,1.3,0.786668,1.98,93.75,7.45098,7.45098,0,-0.171875,0,8.25,8.25,-7.5
40.3,0,0,0,0,1.06268,0.99997,1.14725,5,1.11279,1,0.820314,0,0.820314,0.815675,0,0,12.5833,12.9167,12.2778,4755.75,970,247.266,970,1116.84,13.8516,198.797,199.523,13.5703,14.25,803.045,51,1.292,0.781334,1.98,93.75,7.45098,7.45098,0,0.328125,0,8.25,8.25,-7.5
40.333,0,0,0,0,1.05896,0.99997,1.14722,5,1.11279,1,0.820314,0,0.820314,0.816408,0,0,12.6667,12.7778,12.3889,4724.25,970,250.547,970,1114.18,14.1094,198.469,199.5,14.2031,14.25,803.045,51,1.332,0.829334,2.02,93.75,7.45098,7.45098,0,-0.0625,0,8.25,8.25,-7.5
40.367,0,0,0,0,1.05969,0.99997,1.14822,5,1.11279,1,0.820314,0,0.820314,0.819337,0,0,12.6667,12.8056,12.75,4707.25,970,250.938,970,1114.18,14.1328,198.375,199.477,14.6016,14.25,801.951,51,1.348,0.802668,2.036,93.75,7.45098,7.45098,0,0,0,8.25,8.25,-3.75
40.4,0,0,0,0,1.0592,0.99997,1.14865,5,1.11499,1,0.820314,0,0.820314,0.821046,0,0,12.8889,12.8611,12.5278,4688.75,970,253.945,970,1114.18,14.3672,198.375,199.477,13.8516,14.25,801.951,51,1.32,0.840001,2.008,93.75,7.45098,7.45098,0,-0.40625,0,29.25,29.25,40.5
40.433,0,0,0,0,1.05743,0.99997,1.1503,5,1.11499,1,0.820314,0,0.820314,0.822999,0,0,12.9445,12.7222,12.8333,4677.25,970,255.859,970,1111.52,14.5078,198.539,199.453,14.2734,14.25,801.951,51,1.356,0.826668,2.044,93.75,7.45098,7.05883,0,0.15625,0,28.5,28.5,40.5
40.467,0,0,0,0,1.05542,0.99997,1.15064,5,1.11499,1,0.820314,0,0.820314,0.821046,0,0,12.7222,12.6667,12.3056,4664,970,252.734,970,1108.91,14.2266,198.844,199.453,14.3906,14.25,801.951,51,1.344,0.805334,2.032,93.75,7.05883,7.05883,0,-0.234375,0,28.5,28.5,40.5
40.5,0,0,0,0,1.05499,0.99997,1.15061,5,1.11987,1,0.820314,0,0.820314,0.818361,0,0,12.5278,12.6667,12.5,4657.5,970,251.953,970,1108.91,14.1563,198.844,199.453,14.2031,14.25,801.951,51,1.336,0.808001,2.032,93.75,7.05883,7.05883,0,-0.046875,0,28.5,28.5,40.5
40.533,0,0,0,0,1.05493,0.99997,1.14737,5,1.11987,1,0.820314,0,0.820314,0.81006,0,0,12.4167,12.5833,12.4445,4644.5,970,250.508,970,1108.87,13.9922,198.727,199.43,13.8281,14.25,801.951,51,1.308,0.776001,2.004,93.75,7.05883,7.05883,0,-0.375,0,28.5,28.5,40.5
40.567,0,0,0,0,1.05133,0.99997,1.14462,5,1.11987,1,0.820314,0,0.820314,0.806398,0,0,12.4167,12.4445,12.25,4635.25,970,250.156,970,1106.25,13.9453,198.727,199.43,13.9922,14.25,801.033,51,1.308,0.805334,2.004,93.75,7.05883,7.05883,0,0.03125,0,7.5,7.5,-3.75
40.6,0,0,0,0,1.05072,0.99997,1.14011,5,1.12183,1,0.820314,0,0.820314,0.801759,0,0,12.4167,12.4722,12.3611,4623.75,970,251.406,970,1106.25,14.0625,198.727,199.43,13.8281,14.25,801.033,51,1.296,0.813334,1.976,93.75,7.05883,7.05883,0,0.203125,0,28.5,28.5,40.5
40.633,0,0,0,0,1.04816,0.99997,1.13385,5,1.12183,1,0.820314,0,0.820314,0.797609,0,0,12.1389,12.5,11.6111,4604,970,249.219,970,1103.63,13.8516,198.68,199.406,13.7578,14.25,801.033,51,1.272,0.776001,1.952,93.75,7.05883,7.05883,0,-0.046875,0,27.75,27.75,40.5
40.667,0,0,0,0,1.04743,0.99997,1.1308,5,1.12183,1,0.820314,0,0.820314,0.799073,0,0,12.25,12.4167,12.0833,4604,970,250.43,970,1103.63,13.9219,198.633,199.406,13.8984,14.25,801.033,51,1.284,0.792001,1.964,93.75,7.05883,7.05883,0,-0.1875,0,7.5,7.5,-4.5
40.7,0,0,0,0,1.04688,0.99997,1.12875,5,1.1228,1,0.820314,0,0.820314,0.802736,0,0,12.0833,12.3056,12.25,4588.5,970,249.766,970,1103.63,13.8516,198.633,199.406,14.0156,14.25,801.033,51,1.296,0.784001,1.976,93.75,7.05883,7.05883,0,-0.078125,0,28.5,28.5,40.5
40.733,0,0,0,0,1.04443,0.99997,1,5,1.1228,1,0.820314,0,1.04688,0.807374,0,0,12.25,12.3889,12.0278,4553,970,252.5,970,1100.98,14.0859,198.656,199.383,14.0156,14.25,801.033,51,0.9,0.546667,1.58,93.75,7.05883,7.05883,0,0.0625,0,7.5,7.5,48
40.767,0,0,0,0,1.04169,0.99997,1,5,1.1228,1,0.820314,0,1.04688,0.813722,0,0,12.1945,12.3333,12.0278,4518,970,253.398,970,1098.32,14.1094,197.859,199.359,14.6016,14.25,796.619,51,0.908,0.552001,1.588,93.75,7.05883,7.05883,0,-0.328125,0,7.5,7.5,48
40.8,0,0,0,0,1.04205,0.99997,1,5,1.11524,1,0.820314,0,1.04688,0.833009,0,0,12.3056,12.3333,12.7222,4478.25,970,258.203,970,1098.32,14.5313,197.859,199.359,15.0469,14.25,796.619,51,0.94,0.576001,1.62,93.75,7.05883,7.05883,0,0.1875,0,6.75,6.75,47.25
40.833,0,0,0,0,1.04315,0.99997,1,5,1.11524,1,0.820314,0,1.04688,0.941164,0,0,12.3611,12.2778,12.2778,4420,970,260.117,970,1098.32,14.6016,197.273,199.266,14.4844,14.25,796.619,51,0.924,0.568001,1.604,93.75,7.05883,7.05883,0,-0.421875,0,6.75,6.75,47.25
40.867,0,0,0,0,1.04187,0.99997,1,5,1.11524,1,0.820314,0,1.04688,1.07813,0,0,12.3056,12.25,12.3333,4381.25,970,261.836,970,1095.7,14.6484,197.344,199.148,15.2109,14.25,796.619,51,0.94,0.570667,1.62,93.75,7.05883,7.05883,0,0.03125,0,6.75,6.75,47.25
40.9,0,0,0,0,1.04236,0.99997,1,5,1.11011,1,0.820314,0,1.04688,1.27027,0,0,12.1945,12.0556,12.3333,4346.5,970,263.438,970,1095.7,14.7891,197.344,199.148,15.0234,14.25,796.619,51,0.948,0.581334,1.628,93.75,7.05883,7.05883,0,-0.28125,0,6.75,6.75,47.25
40.933,0,0,0,0,1.04352,0.99997,1,5,1.11011,1,0.820314,0,1.04688,1.65161,0,0,11.8889,11.8611,11.9445,4287.5,970,262.773,970,1095.7,14.625,196.688,199.008,14.9531,14.25,796.619,51,0.936,0.565334,1.616,93.75,7.05883,6.66667,0,0.125,0,6.75,6.75,47.25
40.967,0,0,0,0,1.04663,0.99997,1,5,1.11011,1,0.820314,0,1.04688,2,0,0,11.9445,11.8056,12.0556,4251,970,263.828,970,1098.28,14.625,195.609,198.914,14.3906,14.25,792.381,51,0.912,0.581334,1.592,93.75,6.66667,6.66667,0,-0.3125,0,6,6,47.25
41,0,0,0,0,1.04486,0.99997,1,5,1.09717,1,0.820314,0,1.04688,2.375,0,0,11.7222,11.5,11.1667,4198.5,970,262.734,970,1095.7,14.5313,195.609,198.914,14.0156,14.25,792.381,51,0.908,0.568001,1.596,93.75,6.66667,6.66667,0,-0.15625,0,6,6,47.25
41.033,0,0,0,0,1.04462,0.99997,1,5,1.09717,1,0.820314,0,1.04688,2.59327,0,0,11.3889,11.4167,11.5,4153.75,970,262.852,970,1095.7,14.4375,193.242,198.773,14.5078,14.25,792.381,51,0.912,0.570667,1.6,93.75,6.66667,6.66667,0,-0.171875,0,6,6,47.25
41.067,0,0,0,0,1.04511,0.99997,1,5,1.09717,1,0.820314,0,1.04688,3.08667,0,0,11.3889,11.4167,11.3333,4114.5,970,264.102,970,1095.7,14.4609,192.352,198.68,14.4375,14.25,792.381,51,0.912,0.568001,1.6,93.75,6.66667,6.66667,0,0.125,0,6,6,47.25
41.1,0,0,0,0,1.04273,0.99997,1,5,1.08789,1,0.820314,0,1.04688,3.48975,0,0,11.1389,11.0833,10.75,4074.25,970,262.5,970,1093.05,14.3203,192.352,198.68,14.4141,14.25,792.381,51,0.908,0.560001,1.596,93.75,6.27451,6.27451,0,-0.234375,0,6,6,47.25
41.133,0,0,0,0,1.04566,0.99997,1,5,1.08789,1,0.820314,0,1.04688,4.43311,0,0,11.0278,11.1111,10.9167,4016.5,970,263.984,970,1095.66,14.3438,190.242,198.563,13.8984,14.25,792.381,51,0.9,0.554667,1.588,93.75,6.27451,6.27451,0,0.15625,0,6,6,47.25
41.167,0,0,0,0,1.04016,0.99997,1,5,1.08789,1,0.820314,0,1.04688,4.69996,0,0,10.8056,10.9722,11.0556,3978.25,970,265.234,970,1090.39,14.3906,188.977,198.422,15.1641,14.25,788.377,51,0.932,0.546667,1.62,93.75,6.27451,6.27451,0,-0.46875,0,5.25,5.25,47.25
41.2,0,0,0,0,1.0434,0.99997,1,5,1.07031,1,0.820314,0,1.04688,5.00001,0,0,10.75,10.9445,10.6945,3937.5,970,264.453,970,1093.05,14.3203,188.977,198.422,14.0859,14.25,788.377,51,0.9,0.552001,1.58,93.75,6.27451,6.27451,0,-0.3125,0,5.25,5.25,47.25
41.233,0,0,0,0,1.04126,0.99997,1,5,1.07031,1,0.820314,0,1.04688,5.00001,0,0,10.9167,10.6945,10.5,3885.5,970,267.734,970,1090.39,14.6953,188.039,198.117,14.3203,14.25,788.377,51,0.92,0.581334,1.6,93.75,6.27451,6.27451,0,-0.03125,0,5.25,5.25,47.25
41.267,0,0,0,0,1.04077,0.99997,1,5,1.07031,1,0.820314,0,1.04688,5.00001,0,0,10.6945,10.6389,10.7778,3846,970,266.836,970,1090.39,14.6953,188.016,197.859,14.8125,14.25,788.377,51,0.936,0.573334,1.616,93.75,6.27451,5.88235,0,-0.359375,0,5.25,5.25,47.25
41.3,0,0,0,0,1.04157,0.99997,1,5,1.05615,1,0.820314,0,1.04688,5.00001,0,0,10.6111,10.5,10.3056,3817.75,970,265.586,970,1090.39,14.6016,188.016,197.859,14.2031,14.25,788.377,51,0.912,0.562667,1.592,93.75,5.88235,5.88235,0,0.265625,0,5.25,5.25,47.25
41.333,0,0,0,0,1.03967,0.99997,1,5,1.05615,1,0.820314,0,1.04688,5.00001,0,0,10.4445,10.3611,10,3765,970,264.141,970,1087.77,14.5547,187.219,197.555,14.3438,14.25,788.377,51,0.924,0.568001,1.604,93.75,5.88235,5.88235,0,-0.21875,0,5.25,5.25,47.25
41.367,0,0,0,0,1.03998,0.99997,1,5,1.05615,1,0.820314,0,1.04688,5.00001,0,0,10.4445,10.2778,10.6389,3724.75,970,266.406,970,1087.77,14.8359,186.586,197.297,15.1406,14.25,784.588,51,0.956,0.578667,1.636,93.75,5.88235,5.88235,0,-0.296875,0,5.25,5.25,48
41.4,0,0,0,0,1.03833,0.99997,1,5,1.04492,1,0.820314,0,1.04688,5.00001,0,0,10.2778,10.1945,9.66667,3685.75,970,263.516,970,1085.12,14.6016,186.586,197.297,14.4141,14.25,784.588,50.25,0.92,0.557334,1.6,93.75,5.88235,5.88235,0,-0.296875,0,5.25,5.25,48
41.433,0,0,0,0,1.03497,0.99997,1,5,1.04492,1,0.820314,0,1.04688,5.00001,0,0,9.97223,9.94445,9.1389,3635.25,970,258.828,970,1082.5,14.3203,185.742,197.039,13.9453,14.25,784.588,50.25,0.9,0.541334,1.58,93.75,5.88235,5.88235,0,-0.0625,0,5.25,5.25,48
41.467,0,0,0,0,1.03357,0.99997,1,5,1.04492,1,0.820314,0,1.04688,5.00001,0,0,10,9.97223,10.9445,3600.5,970,264.375,970,1082.5,14.7656,185.227,196.758,16.1484,14.25,784.588,50.25,0.976,0.597334,1.656,93.75,5.88235,5.4902,0,-0.234375,0,5.25,5.25,48
41.5,0,0,0,0,1.03241,0.99997,1,5,1.03613,1,0.820314,0,1.04688,5.00001,0,0,9.97223,9.77779,8.91667,3559.5,970,260.352,970,1079.88,14.5313,185.227,196.758,13.8984,14.25,784.588,50.25,0.908,0.549334,1.596,93.75,5.4902,5.4902,0,-0.234375,0,5.25,5.25,48
41.533,0,0,0,0,1.03394,0.99997,1,5,1.03613,1,0.820314,0,1.04688,5.00001,0,0,9.86112,9.69445,9.97223,3510,970,261.914,970,1082.46,14.7188,185.648,196.5,14.4844,14.25,784.588,50.25,0.936,0.584001,1.624,93.75,5.4902,5.4902,0,-0.59375,0,4.5,4.5,48.75
41.567,0,0,0,0,1.03204,0.99997,1,5,1.03613,1,0.820314,0,1.04688,5.00001,0,0,9.80556,9.69445,9.00001,3477,970,259.531,970,1079.84,14.6484,185.461,196.172,13.7344,14.25,780.994,50.25,0.912,0.573334,1.6,93.75,5.4902,5.4902,0,-0.28125,0,4.5,4.5,48.75
41.6,0,0,0,0,1.02863,0.99997,1,5,1.02881,1,0.820314,0,1.04688,5.00001,0,0,9.6389,9.61112,9.30556,3434.25,970,259.688,970,1077.19,14.6719,185.461,196.172,14.5313,14.25,780.994,50.25,0.928,0.578667,1.608,93.75,5.4902,5.4902,0,-0.28125,0,4.5,4.5,48.75
41.633,0,0,0,0,1.02655,0.99997,1,5,1.02881,1,0.820314,0,1.04688,5.00001,0,0,9.41667,9.33334,8.91667,3392.5,970,256.328,970,1074.57,14.5781,185.039,195.82,14.4844,14.25,780.994,50.25,0.928,0.568001,1.608,93.75,5.4902,5.4902,0,-0.359375,0,4.5,4.5,48.75
41.667,0,0,0,0,1.02564,0.99997,1,5,1.02881,1,0.820314,0,1.04688,5.00001,0,0,9.30556,9.25001,9.52779,3350,970,257.461,970,1074.57,14.8594,184.922,195.375,15.1406,14.25,780.994,50.25,0.964,0.570667,1.644,93.75,5.4902,5.09804,0,-0.359375,0,4.5,4.5,48.75
41.7,0,0,0,0,1.02423,0.99997,1,5,1.02295,1,0.820314,0,1.04688,5.00001,0,0,9.36112,9.16667,8.41667,3318.75,970,255.313,970,1071.91,14.6953,184.922,195.375,13.9922,14.25,780.994,50.25,0.92,0.576001,1.6,93.75,5.09804,5.09804,0,0.109375,0,4.5,4.5,48.75
41.733,0,0,0,0,1.0199,0.99997,1,0,1.02295,1,0.820314,0,1.04688,5.00001,0,0,9.22223,8.94445,9.08334,3275.75,970,254.336,970,1069.26,14.7891,185.086,194.953,15.2344,14.25,780.994,50.25,0.956,0.584001,1.636,93.75,5.09804,5.09804,0,-0.53125,0,4.5,4.5,48.75
41.767,0,0,0,0,1.02179,0.99997,1,0,1.02295,1,0.820314,0,1.04688,5.00001,0,0,9.22223,8.91667,8.97223,3241.25,970,255,970,1069.26,14.8594,185.227,194.555,14.8125,14.25,777.596,50.25,0.952,0.581334,1.632,93.75,5.09804,5.09804,0,-0.109375,0,4.5,4.5,49.5
41.8,0,0,0,0,1.01837,0.99997,1,0,1.01856,1,0.820314,0,1.04688,5.00001,0,0,8.8889,8.83334,8.75001,3197.75,970,250.078,970,1066.64,14.625,185.227,194.555,15.0469,14.25,777.596,50.25,0.948,0.552001,1.628,93.75,5.09804,5.09804,0,-0.359375,0,4.5,4.5,49.5
41.833,0,0,0,0,1.02014,0.99997,1,0,1.01856,1,0.820314,0,1.04688,5.00001,0,0,9.11112,8.69445,8.47223,3153.5,970,253.125,970,1066.64,15.0234,185.367,194.203,14.2266,14.25,777.596,50.25,0.944,0.589334,1.624,93.75,5.09804,5.09804,0,-0.234375,0,3.75,3.75,48.75
41.867,0,0,0,0,1.01434,0.99997,1,0,1.01856,1,0.820314,0,1.04688,5.00001,0,0,8.83334,8.55556,8.44445,3121,970,250.078,970,1061.37,14.9297,185.484,193.805,15.3047,14.25,777.596,50.25,0.976,0.554667,1.656,93.75,5.09804,5.09804,0,0.015625,0,4.5,4.5,49.5
41.9,0,0,0,0,1.01795,0.99997,1,0,1,1,0.820314,0,1.04688,5.00001,0,0,8.83334,8.58334,8.44445,3085.75,970,249.648,970,1063.98,14.9063,185.484,193.805,14.3906,14.25,777.596,50.25,0.936,0.570667,1.604,93.75,5.09804,4.70588,0,-0.34375,0,4.5,4.5,49.5
41.933,0,0,0,0,1.01495,0.99997,1,0,1,1,0.820314,0,1.04688,5.00001,0,0,8.52778,8.44445,7.83334,3039.75,970,245.234,970,1061.37,14.7422,185.602,193.359,14.1094,14.25,777.596,50.25,0.928,0.565334,1.596,93.75,4.70588,4.70588,0,-0.09375,0,4.5,4.5,49.5
41.967,0,0,0,0,1.01129,0.99997,1,0,1,1,0.820314,0,1.04688,5.00001,0,0,8.36112,8.3889,8.27778,3005.5,970,244.688,970,1058.71,14.6953,185.766,192.961,15.3281,14.25,774.373,50.25,0.952,0.570667,1.62,93.75,4.70588,4.70588,0,-0.3125,0,4.5,4.5,49.5
42,0,0,0,0,1.01502,0.99997,1,0,1,1,0.820314,0,1.04688,5.00001,0,0,8.36112,8.05556,8.19445,2969.5,970,243.672,970,1061.37,14.7891,185.766,192.961,14.3906,14.25,774.373,50.25,0.936,0.570667,1.616,93.75,4.70588,4.70588,0,-0.09375,0,3.75,3.75,49.5
42.033,0,0,0,0,1.00989,0.99997,1,0,1,1,0.820314,0,1.04688,5.00001,0,0,8.08334,8.02778,7.94445,2922.5,970,241.055,970,1056.05,14.5781,185.039,190.172,15.0938,14.25,774.373,50.25,0.94,0.576001,1.62,93.75,4.70588,4.70588,0,-0.09375,0,3.75,3.75,49.5
42.067,0,0,0,0,1.01306,0.99997,1,0,1,1,0.820314,0,1.04688,5.00001,0,0,8.08334,8.02778,8.00001,2888.5,970,244.648,970,1058.71,14.8594,185.18,187.711,14.3906,14.25,774.373,50.25,0.932,0.610667,1.612,93.75,4.70588,4.31373,0,-0.25,0,3.75,3.75,49.5
42.1,0,0,0,0,1.01086,0.99997,1,0,1,1,0.820314,0,1.04688,5.00001,0,0,7.94445,7.94445,8.16667,2851.75,970,242.578,970,1056.05,14.6953,185.18,187.711,15.3984,14.25,774.373,50.25,0.948,0.557334,1.628,93.75,4.31373,4.31373,0,-0.46875,0,3.75,3.75,49.5
42.133,0,0,0,0,1.01605,0.99997,1,0,1,1,0.820314,0,1.04688,5.00001,0,0,8.02778,7.75001,7.19445,2804,970,243.984,970,1058.71,14.7891,185.32,184.594,13.125,14.25,774.373,50.25,0.9,0.576001,1.58,93.75,4.31373,4.31373,0,0.109375,0,3,3,49.5
42.167,0,0,0,0,1.00842,0.99997,1,0,1,1,0.820314,0,1.04688,5.00001,0,0,7.66667,7.63889,7.27778,2779,970,239.766,970,1053.44,14.4609,182.859,181.43,14.1328,14.25,771.306,50.25,0.904,0.538667,1.584,93.75,4.31373,4.31373,0,-0.34375,0,3.75,3.75,49.5
42.2,0,0,0,0,1.01306,0.99997,1,0,1,1,0.820314,0,1.04688,5.00001,0,0,7.83334,7.38889,8.00001,2742.5,970,247.031,970,1056.02,15,182.859,181.43,15.2344,14.25,771.306,50.25,0.956,0.589334,1.636,93.75,4.31373,4.31373,0,-0.59375,0,3.75,3.75,49.5
42.233,0,0,0,0,1.0094,0.99997,1,0,1,1,0.820314,0,1.04688,5.00001,0,0,7.30556,7.36112,7.33334,2693,970,237.383,970,1053.44,14.25,179.531,178.289,14.7891,14.25,771.306,50.25,0.908,0.536001,1.588,93.75,3.92157,4.31373,0,-0.046875,0,3.75,3.75,49.5
42.267,0,0,0,0,1.01025,0.99997,1,0,1,1,0.820314,0,1.04688,5.00001,0,0,7.38889,7.33334,8.16667,2667.75,970,243.867,970,1053.44,14.7422,176.344,175.664,16.3359,14.25,771.306,50.25,0.964,0.600001,1.644,93.75,3.92157,3.92157,0,-0.265625,0,3.75,3.75,49.5
42.3,0,0,0,0,1.01129,0.99997,1,0,1,1,0.820314,0,1.04688,5.00001,0,0,7.25001,7.22223,7.08334,2630.25,970,239.57,970,1053.44,14.3906,176.344,175.664,14.3672,14.25,771.306,50.25,0.904,0.560001,1.572,93.75,3.92157,3.92157,0,-0.71875,0,3.75,3.75,49.5
42.333,0,0,0,0,1.01117,0.99997,1,0,1,1,0.820314,0,1.04688,5.00001,0,0,7.25001,7.22223,7.44445,2591.75,970,243.789,970,1053.44,14.6953,173.461,172.992,15.1641,14.25,771.306,50.25,0.932,0.578667,1.6,93.75,3.92157,3.92157,0,-0.328125,0,3.75,3.75,49.5
42.367,0,0,0,0,1.01105,0.99997,1,0,1,1,0.820314,0,1.04688,5.00001,0,0,7.13889,7.11112,6.58334,2553.25,970,241.055,970,1053.44,14.4844,170.555,169.711,13.5703,14.25,768.455,50.25,0.9,0.568001,1.568,93.75,3.92157,3.92157,0,-0.078125,0,3.75,3.75,49.5
42.4,0,0,0,0,1.00739,0.99997,1,0,1,1,0.820314,0,1.04688,5.00001,0,0,7.02778,6.88889,7.83334,2514.5,970,246.016,970,1050.78,14.8594,170.555,169.711,16.7109,14.25,768.455,50.25,0.976,0.589334,1.656,94.5,3.52941,3.92157,0,-0.234375,0,3.75,3.75,49.5
42.433,0,0,0,0,1.01148,0.99997,1,0,1,1,0.820314,0,1.04688,5.00001,0,0,6.86112,6.86112,5.77778,2474,970,239.023,970,1050.78,14.3438,167.086,166.992,12.5391,14.25,768.455,50.25,0.9,0.536001,1.58,94.5,3.52941,3.52941,0,-0.265625,0,3,3,48.75
42.467,0,0,0,0,1.00647,0.99997,1,0,1,1,0.820314,0,1.04688,5.00001,0,0,6.80556,6.77778,7.91667,2447.75,970,246.367,970,1048.13,14.9063,164.883,163.781,17.6016,14.25,768.455,50.25,0.992,0.586667,1.672,94.5,3.52941,3.52941,0,-0.125,0,3,3,48.75
42.5,0,0,0,0,1.01373,0.99997,1,0,1,1,0.820314,0,1.04688,5.00001,0,0,6.75001,6.61112,5.19445,2409.25,970,237.578,970,1050.78,14.2969,164.883,163.781,11.1094,14.25,768.455,50.25,0.9,0.538667,1.588,93.75,3.52941,3.52941,0,-0.09375,0,3,3,48
42.533,0,0,0,0,1.00513,0.99997,1,0,1,1,0.820314,0,1.04688,5.00001,0,0,6.61112,6.52778,7.52778,2369,970,243.555,970,1048.13,14.8125,161.367,160.594,16.7813,14.25,768.455,50.25,0.976,0.597334,1.664,93.75,3.52941,3.52941,0,-0.46875,0,3,3,48
42.567,0,0,0,0,1.00787,0.99997,1,0,1,1,0.820314,0,1.04688,5.00001,0,0,6.61112,6.52778,5.05556,2342.25,970,236.602,970,1048.13,14.2969,157.898,157.43,10.8047,14.25,765.779,50.25,0.9,0.568001,1.588,93.75,3.13726,3.13726,0,0,0,3,3,48
42.6,0,0,0,0,0.993104,0.99997,1,0,1,1,0.820314,0,1.04688,5.00001,0,0,6.27778,6.33334,8.16667,2300.5,970,244.18,970,1042.85,14.9297,157.898,157.43,19.6406,14.25,765.779,50.25,1.04,0.584001,1.72,94.5,3.13726,3.13726,0,0.359375,0,3,3,47.25
42.633,0,0,0,0,1.00647,0.99997,1,0,1,1,0.820314,0,1.04688,5.00001,0,0,6.38889,6.30556,3.75,2258,970,231.914,970,1048.13,14.0859,154.5,154.078,8.50781,14.25,765.779,50.25,0.9,0.528001,1.58,94.5,3.13726,3.13726,0,-0.546875,0,3,3,47.25
42.667,0,0,0,0,0.97638,0.99997,1,0,1,1,0.820314,0,1.04688,5.00001,0,0,5.86112,6.08334,7.77778,2229.75,970,238.008,970,1034.92,14.5781,150.867,151.711,20.8828,14.25,765.779,50.25,1.06,0.490667,1.74,94.5,3.13726,3.13726,0,-0.171875,0,2.25,2.25,47.25
42.7,0,0,0,0,0.990479,0.99997,1,0,1,1,0.820314,0,1.04688,5.00001,0,0,6.61112,6.13889,7.22223,2202,970,254.375,970,1045.51,15.8438,150.867,151.711,16.4297,14.25,765.779,50.25,1,0.621334,1.668,94.5,3.13726,3.13726,0,-0.03125,0,1.5,1.5,45.75
42.733,0,0,0,0,0.964051,0.99997,1,0,1,1,0.820314,0,1.04688,5.00001,0,0,5.80556,5.88889,6.55556,2159.75,970,236.875,970,1032.3,14.5781,148.289,148.406,18.5625,14.25,765.779,50.25,0.992,0.618667,1.66,94.5,3.13726,3.13726,0,-0.109375,0,2.25,2.25,45.75
42.767,0,0,0,0,0.971863,0.99997,1,0,1,1,0.820314,0,1.04688,5.00001,0,0,6.61112,5.94445,7.94445,2130.5,970,262.109,970,1042.85,16.5,144.797,145.031,18.5625,14.25,763.318,50.25,1.064,0.813334,1.732,94.5,3.13726,2.7451,0,-0.109375,0,1.5,1.5,45
42.8,0,0,0,0,0.959229,0.99997,1,0,1,1,0.820314,0,1.04688,5.00001,0,0,5.58334,5.97223,2.05556,2100.75,970,228.828,970,1032.34,14.0391,144.797,145.031,4.82813,14.25,763.318,50.25,0.9,0.416001,1.58,94.5,3.13726,2.7451,0,-0.140625,0,1.5,1.5,45
42.833,0,0,0,0,0.944703,0.99997,1,0,1,1,0.832033,0,1.04688,5.00001,0,0,6.33334,5.66667,9.61112,2056.75,970,270.234,970,1032.3,17.2734,141.234,142.5,25.3359,14.25,763.318,50.25,1.252,0.778668,1.932,94.5,2.7451,2.7451,0,0.171875,0,1.5,1.5,44.25
42.867,0,0,0,0,0.954041,0.99997,1,0,1,1,0.840822,0,1.04688,5.00001,0,0,6.16667,5.58334,1.58333,2026,970,233.32,970,1042.85,14.4375,138.516,139.031,2.88281,14.25,763.318,50.25,0.9,0.488001,1.58,94.5,2.7451,2.7451,0,0.140625,0,1.5,1.5,43.5
42.9,0,0,0,0,0.915589,0.99997,1,0,1,1,0.840822,0,1.04688,5.00001,0,0,6.33334,5.27778,11.3611,1994.75,970,263.242,970,1021.72,16.8047,138.516,139.031,33.2344,14.25,763.318,50.25,1.456,0.906668,2.136,94.5,2.7451,2.7451,0,-0.265625,0,2.25,2.25,45
42.933,0,0,0,0,0.946778,0.99997,1,0,1,1,0.857179,0,1.04688,5.00001,0,0,6,5.47223,1.83333,1948.25,970,236.016,970,1040.23,14.7188,134.531,136.383,3.82031,13.5,763.318,50.25,0.9,0.477334,1.58,94.5,2.7451,2.7451,0,-0.078125,0,0.75,0.75,43.5
42.967,0,0,0,0,0.900208,0.99997,1,0,1,1,0.869386,0,1.04688,5.00001,0,0,5.41667,5.27778,6.83334,1931.25,970,245.234,970,1021.72,15.4219,131.25,133.664,20.6719,13.5,760.818,50.25,1.072,0.416001,1.752,94.5,2.7451,2.7451,0,-0.046875,0,1.5,1.5,45
43,0,0,0,0,0.933839,0.99997,1,0,1,1,0.869386,0,1.04688,5.00001,0,0,6.38889,5.19445,7.33334,1898.25,970,276.289,970,1042.85,17.6953,131.25,133.664,18.8203,13.5,760.818,50.25,1.092,0.696001,1.772,94.5,2.35294,2.35294,0,0.640625,0,0,0,42
43.033,0,0,0,0,0.899781,0.99997,1,0,1,1,0.892335,0,1.04688,5.00001,0,0,5.22223,4.77778,8.30556,1850,970,256.875,970,1021.72,16.125,128.461,131.086,26.5547,13.5,760.818,50.25,1.256,0.453334,1.936,94.5,2.35294,1.96079,0,-0.03125,0,0.75,0.75,45
43.067,0,0,0,0,0.914429,0.99997,1,0,1,1,0.909425,0,1.04688,5.00001,0,0,6.22223,4.63889,4.11111,1815.75,970,268.398,970,1037.58,16.8984,125.859,128.414,10.0313,13.5,760.818,50.25,0.912,0.880001,1.592,94.5,1.96079,1.96079,0,-0.078125,0,-0.75,-0.75,42
43.1,0,0,0,0,0.904236,0.99997,1,0,1,1,0.909425,0,1.04688,5.00001,0,0,5.11112,4.66667,0.666667,1800.75,970,242.148,970,1026.99,14.9297,125.859,128.414,0,13.5,760.818,50.25,0.9,0.373334,1.58,93.75,1.96079,1.96079,0,-0.140625,0,0,0,42.75
43.133,0,0,0,0,0.906251,0.99997,1,0,1,1,0.93213,0,1.04688,5.00001,0,0,5.63889,4.55556,6.36112,1747.75,970,271.875,970,1032.3,17.0391,123.234,125.625,18.3047,13.5,760.818,50.25,1.06,0.909334,1.74,93.75,1.96079,1.96079,0,0.296875,0,0,0,42.75
43.167,0,0,0,0,0.914979,0.99997,1,0,1,1,0.948976,0,1.04688,5.00001,0,0,5,4.63889,1.36111,1731,970,248.086,970,1029.65,15.2813,120.609,123,11.7891,13.5,758.435,50.25,0.848,0.4,1.528,93.75,1.96079,1.96079,0,0.421875,0,-0.75,-0.75,44.25
43.2,0,0,0,0,0.89856,0.99997,1,0,1,1,0.948976,0,1.04688,5.00001,0,0,5.41667,4.47223,9.77779,1695.25,970,271.992,970,1026.95,16.9453,120.609,123,33.6797,13.5,758.435,50.25,1.472,0.914668,2.14,94.5,1.96079,1.96079,0,0.359375,0,0,0,45
43.233,0,0,0,0,0.920411,0.99997,1,0,1,1,0.961671,0,1.04688,5.00001,0,0,4.88889,4.44445,1.02778,1659.25,970,254.805,970,1029.65,15.5859,118.078,120.492,1.03125,13.5,758.435,50.25,0.9,0.397334,1.568,94.5,1.96079,1.96079,0,0.203125,0,-1.5,-1.5,42
43.267,0,0,0,0,0.893433,0.99997,1,0,1,1,0.971437,0,1.04688,5.00001,0,0,4.63889,4.27778,9.41667,1623,970,274.141,970,1026.99,16.9922,115.758,117.844,33.4688,13.5,758.435,50.25,1.476,0.498667,2.144,94.5,1.96079,1.56863,0,-0.109375,0,-0.75,-0.75,45
43.3,0,0,0,0,0.917908,0.99997,1,0,1,1,0.971437,0,1.04688,5.00001,0,0,5.27778,4.11111,0.388889,1586,970,253.047,970,1037.58,15.3281,115.758,117.844,0,13.5,758.435,50.25,0.9,0.706668,1.58,94.5,1.56863,1.56863,0,0.046875,0,-1.5,-1.5,42
43.333,0,0,0,0,0.880738,0.99997,1,0,1,1,0.978517,0,1.04688,5.00001,0,0,4.47223,3.91667,9.58334,1548.75,970,282.266,970,1013.79,17.4375,113.766,116.086,35.6953,13.5,758.435,50.25,1.56,0.562667,2.24,94.5,1.56863,1.56863,0,0.3125,0,-2.25,-2.25,44.25
43.367,0,0,0,0,0.911744,0.99997,1,0,1,1,0.983888,0,1.04688,5.00001,0,0,5.11112,3.83334,4.02778,1529.25,970,275.859,970,1034.92,16.9688,112.453,113.367,13.3125,13.5,756.482,50.25,0.972,0.957335,1.652,94.5,1.17647,1.56863,0,0.203125,0,-2.25,-2.25,42
43.4,0,0,0,0,0.888184,0.99997,1,0,1,1,0.983888,0,1.04688,5.00001,0,0,4.30556,3.77778,5.22223,1489.75,970,257.773,970,1019.1,15.6563,112.453,113.367,20.2969,13.5,756.482,50.25,1.088,0.381334,1.756,93.75,1.17647,1.56863,0,-0.015625,0,-3,-3,44.25
43.433,0,0,0,0,0.900086,0.99997,1,0,1,1,1,0,1.04688,5.00001,0,0,4.83334,3.83334,0.861112,1449,970,256.836,970,1029.65,15.6094,110.156,111.609,1.57031,13.5,756.482,50.25,0.9,0.890668,1.568,93.75,1.17647,1.17647,0,0.1875,0,-3,-3,41.25
43.467,0,0,0,0,0.869752,0.99997,1,0,1,1,1,0,1.04688,5.00001,0,0,4.25,3.83334,2.44445,1429,970,245.625,970,1011.17,14.8125,108.68,109.383,8.39063,13.5,756.482,50.25,0.9,0.440001,1.568,93.75,1.17647,1.17647,0,0.28125,0,-3,-3,43.5
43.5,0,0,0,0,0.871644,0.99997,1,0,1,1,1,0,1.04688,5.00001,0,0,4.58334,3.69445,8.75001,1407.75,970,278.086,970,1021.72,17.1797,108.68,109.383,35.7188,13.5,756.482,50.25,1.504,0.944001,2.172,94.5,1.17647,1.17647,0,0.53125,0,-3,-3,45
43.533,0,0,0,0,0.872864,0.99997,1,0,1,1,1,0,1.04688,5.00001,0,0,3.94445,3.66667,0.88889,1364.75,970,250.742,970,1013.79,15.2109,106.852,107.813,1.61719,13.5,756.482,50.25,0.9,0.4,1.568,94.5,1.17647,1.17647,0,0.6875,0,-3.75,-3.75,42
43.567,0,0,0,0,0.858338,0.99997,1,0,1,1,1,0,1.04688,5.00001,0,0,4.25,3.44445,5.80556,1321.25,970,284.805,970,1013.79,17.6953,105.516,106.219,24.75,13.5,754.705,50.25,1.22,0.840001,1.888,94.5,1.17647,1.17647,0,0.546875,0,-3.75,-3.75,42
43.6,0,0,0,0,0.878968,0.99997,1,0,1,1,1,0,1.04688,5.00001,0,0,3.83334,3.5,0,1298.25,970,257.305,970,1016.45,15.7031,105.516,106.219,0,13.5,754.705,50.25,0.9,0.389334,1.58,94.5,1.17647,0.784314,0,0.34375,0,-4.5,-4.5,41.25
43.633,0,0,0,0,0.858826,0.99997,1,0,1,1,1,0,1.04688,5.00001,0,0,3.94445,2.91667,5.83334,1252.25,970,282.305,970,1011.17,17.5313,104.109,103.781,26.4609,13.5,754.705,50.25,1.512,0.712001,2.192,94.5,0.784314,0.392157,0,0.40625,0,-4.5,-4.5,42.75
43.667,0,0,0,0,0.887086,0.99997,1,0,1,1,1,0,1,5.00001,0,0,4.13889,2.69445,0.166667,1228.25,970,255.078,970,1026.99,15.5625,101.977,102.047,0,16.8047,754.705,50.25,0.9,0.978668,1.58,94.5,0.392157,1.17647,0,0.390625,0,4.5,4.5,4.5
43.7,0,0,0,0,0.86023,0.99997,1,0,1,1,1,0,0.953126,5.00001,0,0,3.72223,3.33334,4.75,1203.75,970,265.195,970,1008.52,16.3125,101.977,102.047,22.1016,18.9609,754.705,50.25,1.396,0.904001,2.064,94.5,1.17647,2.35294,0,0.765625,0,14.25,14.25,14.25
43.733,0,0,0,0,0.882874,0.99997,1,0,1,1,1,0,0.953126,5.00001,0,0,3.97223,4.5,1.58333,1170.25,970,267.695,970,1021.72,16.4297,100.617,100.289,5.85938,18.3516,754.705,50.25,0.98,1.17867,1.648,94.5,1.96079,1.96079,0,0.921875,0,5.25,5.25,5.25
43.767,0,0,0,0,0.858521,0.99997,1,0,1,1,1,0,0.953126,5.00001,0,0,3.61111,4.13889,7.91667,1164.25,970,299.727,970,1011.17,18.7031,98.9531,99.9141,37.0781,18.7734,753.963,50.25,1.936,0.642667,2.604,94.5,1.96079,1.96079,0,0.84375,0,8.25,8.25,8.25
43.8,0,0,0,0,0.866578,0.99997,1,0,1,1,1,0,0.953126,5.00001,0,0,4.13889,4.27778,4.72223,1146,970,305.938,970,1019.06,19.1719,98.9531,99.9141,22.7109,17.5547,753.963,49.5,1.544,1.00533,2.212,94.5,2.35294,1.17647,0,0.859375,0,3.75,3.75,3.75
43.833,0,0,0,0,0.85492,0.99997,1,0,1,1,1,0,0.953126,5.00001,0,0,4.02778,4.08334,3.30556,1161.75,970,297.813,970,1005.86,18.4922,98.8125,99.6094,13.9453,18.0938,753.963,49.5,1.284,0.842668,1.952,94.5,1.56863,1.17647,0,0.484375,0,-5.25,-5.25,-6.75
43.866,0,0,0,0,0.863221,0.99997,1,0,1,1,1,0,0.953126,5.00001,0,0,4.52778,3.69445,2.08333,1142.25,970,308.984,970,1016.45,19.3594,98.3203,99.6563,8.90625,13.5,753.963,49.5,1.136,1.24,1.804,94.5,1.17647,0.784314,0,0.4375,0,-6,-6,-9
43.9,0,0,0,0,0.833314,0.99997,1,0,1,1,1,0,0.953126,5.00001,0,0,4.19445,2.44445,4.94445,1152.5,970,313.945,970,1005.86,19.7109,98.3203,99.6563,22.5703,14.7188,753.963,49.5,1.46,0.738668,2.128,94.5,0,0,0,0.234375,0,-5.25,-5.25,-10.5
43.933,0,0,0,0,0.859009,0.99997,1,0,1,1,1,0,0.953126,5.00001,0,0,4.25,2.22222,3.80556,1151.25,970,313.164,970,1019.1,19.6172,98.8125,99.2578,19.2188,14.8359,753.963,49.5,1.396,0.912001,2.064,94.5,0,0.392157,0,0.671875,0,-5.25,-5.25,-10.5
43.966,0,0,0,0,0.845215,0.99997,1,0,1,1,1,0,0.953126,4.93311,0,0,3.83334,2.38889,0.750001,1152.5,970,285.547,970,1003.24,17.625,98.3203,99.2578,1.85156,15.0703,753.201,49.5,0.932,0.608001,1.6,94.5,0,0.392157,0,0.984375,0,-5.25,-5.25,-10.5
44,0,0,0,0,0.833802,0.99997,1,0,1,1,1,0,0.953126,3.6128,0,0,4.08334,2.97222,3.02778,1142,970,295.352,970,1005.86,18.3281,98.3203,99.2578,15.1406,15.0469,753.201,49.5,1.192,0.952001,1.888,94.5,0.784314,0.784314,0,0.953125,0,-5.25,-5.25,-7.5
44.033,0,0,0,0,0.838196,0.99997,1,0,1,1,1,0,0.953126,2.55323,0,0,3.83334,3.16667,3.30556,1134.25,970,288.359,970,1000.59,17.8125,98.5313,98.8828,13.8281,14.8828,753.201,49.5,1.156,0.746668,1.852,94.5,0.784314,0.784314,0,1.17188,0,-5.25,-5.25,-5.25
44.066,0,0,0,0,0.84546,0.99997,1,0,1,1,1,0,0.953126,2.08911,0,0,4.13889,3.22222,6.69445,1124,970,313.008,970,1011.13,19.5938,98.25,98.2266,33.7031,15.0234,753.201,49.5,1.64,1.05867,2.336,94.5,0.784314,0.784314,0,0.625,0,-3.75,-3.75,-3.75
44.1,0,0,-1.5,0,0.834473,0.99997,1,0,1,1,1,0,0.953126,1.7107,0,0,3.83334,3.19445,4.77778,1108.5,970,301.563,970,1008.52,18.7031,98.25,98.2266,22.8047,15.0938,753.201,49.5,1.34,0.653334,2.008,94.5,0.784314,0.784314,0,0.625,0,-5.25,-5.25,-6
44.133,0,0,-1.5,0,0.824769,0.99997,1,0,1,1,1,0,0.953126,1.50635,0,0,3.97223,3.16667,4.77778,1099,970,310.938,970,1000.59,19.3125,97.5938,97.6641,24.75,15.1875,753.201,49.5,1.42,0.920001,2.088,94.5,0.784314,0.784314,0,0.59375,0,-5.25,-5.25,-6.75
44.166,0,0,-1.5,0,0.844544,0.99997,1,0,1,1,1,0,0.953126,1.33667,0,0,3.97223,3.25,2,1084.5,970,294.57,970,1011.17,18.1406,97.1719,96.7734,8.78906,15.3281,752.459,49.5,1.052,0.920001,1.72,94.5,0.784314,0.784314,0,0.75,0,-5.25,-5.25,-7.5
44.2,0,0,-1.5,0,0.833924,0.99997,1,0,1,1,1,0,0.953126,1.18653,0,0,4.02778,3.16667,6.55556,1072.25,970,318.828,970,1005.86,19.8281,97.1719,96.7734,33.7734,15.3047,752.459,49.5,1.588,1.02667,2.256,94.5,0.784314,0.784314,0,0.734375,0,-4.5,-4.5,-4.5
44.233,0,0,-1.5,0,0.844117,0.99997,1,0,1,1,1,0,0.953126,1.13257,0,0,3.83334,3.19445,2.5,1064,970,307.305,970,1008.52,18.9375,96.2344,96.0234,12.4219,15.4219,752.459,49.5,1.116,0.728001,1.784,94.5,0.784314,0.392157,0,1.0625,0,-5.25,-5.25,-9
44.266,0,0,-1.5,0,0.833619,0.99997,1,0,1,1,1,0,0.953126,1.06641,0,0,3.83334,2.77778,4.36111,1051.75,970,310.82,970,997.969,19.1953,95.6484,95.5781,21.2109,15.4922,752.459,49.5,1.324,0.856001,1.992,94.5,0.392157,0.784314,0,1.14063,0,-5.25,-5.25,-5.25
44.3,0,0,-1.5,0,0.858765,0.99997,1,0,1,1,1,0,0.953126,1.02002,0,0,3.83334,2.91667,2.11111,1032.25,970,299.727,970,1011.17,18.3281,95.6484,95.5781,9.25781,15.3984,752.459,49.5,1.08,0.890668,1.76,94.5,0.392157,0.784314,0,1.09375,0,-5.25,-5.25,-6
44.333,0,0,-1.5,0,0.839539,0.99997,1,0,1,1,1,0,0.953126,1.00171,0,0,3.83334,2.83334,5.77778,1023.5,970,320.078,970,997.969,19.7344,95.2031,94.875,31.4531,15.5156,752.459,49.5,1.54,0.994668,2.22,94.5,0.392157,0.392157,0,0.734375,0,-3.75,-3.75,-3.75
44.366,0,0,-1.5,0,0.848694,0.99997,1,0,1,1,1,0,0.953126,0.984865,0,0,3.83334,2.80556,1.58333,1015.75,970,302.5,970,1003.24,18.4688,94.5234,94.2656,8.41406,15.6797,751.697,49.5,1.052,0.994668,1.732,94.5,0.392157,0.392157,0,0.84375,0,-5.25,-5.25,-6.75
44.4,0,0,-1.5,0,0.828553,0.99997,1,0,1,1,1,0,0.953126,0.974855,0,0,3.66667,2.77778,4.69445,1006.25,970,313.008,970,997.969,19.1719,94.5234,94.2656,25.2422,15.75,751.697,49.5,1.4,0.904001,2.068,94.5,0.392157,0.392157,0,0.46875,0,-3,-3,-3
44.433,0,0,-1.5,0,0.847657,0.99997,1,0,1,1,1,0,0.953126,0.969972,0,0,3.55556,2.75,2.97222,996.75,970,309.336,970,1005.82,18.8203,93.6797,93.9141,16.8281,15.8672,751.697,49.5,1.22,0.789334,1.888,94.5,0.392157,0.392157,0,0.5625,0,-5.25,-5.25,-6
44.466,0,0,-1.5,0,0.842896,0.99997,1,0,1,1,1,0,0.953126,0.966066,0,0,3.38889,2.69445,2.91667,987.5,970,302.773,970,995.313,18.3516,93.6797,93.7031,14.6016,15.7266,751.697,49.5,1.168,0.752001,1.836,94.5,0.392157,0.392157,0,0.515625,0,-5.25,-5.25,-5.25
44.5,0,0,0,0,0.85492,0.99997,1,0,1,1,1,0,0.953126,0.964845,0,0,3.5,2.66667,4.72223,969,970,316.602,970,1003.24,19.2891,93.6797,93.7031,27.2813,15.8438,751.697,49.5,1.456,0.936001,2.124,95.25,0.392157,0.392157,0,0.671875,0,-3,-3,-3
44.533,0,0,0,0,0.85254,0.99997,1,0,1,1,1,0,0.953126,0.963625,0,0,3.30556,2.72222,1.91667,956.5,970,302.188,970,995.313,18.2578,93.5391,93.7031,10.0078,16.0781,751.697,49.5,1.084,0.701334,1.752,95.25,0.392157,0.392157,0,0.875,0,-5.25,-5.25,-5.25
44.566,0,0,0,0,0.852234,0.99997,1,0,1,1,1,0,0.953126,0.963625,0,0,3.44445,2.69445,4.88889,943.25,970,318.203,970,1000.59,19.3125,93.375,93.7031,28.5938,16.2422,750.975,49.5,1.48,0.949335,2.148,95.25,0.392157,0,0,0.875,0,-2.25,-2.25,-2.25
44.6,0,0,0,0,0.84015,0.99997,1,0,1,1,1,0,0.953126,0.966066,0,0,3.19445,2.52778,1.36111,938.75,970,299.883,970,995.313,17.9297,93.375,93.7031,7.52344,16.4063,750.975,49.5,1.02,0.661334,1.688,94.5,0,0.392157,0,0.96875,0,-5.25,-5.25,-6
44.633,0,0,0,0,0.840455,0.99997,1,0,1,1,1,0,0.953126,0.966066,0,0,3.30556,2.47222,4.30556,929.75,970,311.445,970,995.313,18.7734,93.4922,93.7031,25.3828,16.4766,750.975,49.5,1.4,0.898668,2.08,94.5,0,0.392157,0,0.84375,0,-1.5,-1.5,-1.5
44.666,0,0,0,0,0.848939,0.99997,1,0,1,1,1,0,0.953126,0.963625,0,0,3.08334,2.52778,1.86111,909.25,970,300.273,970,997.969,17.9063,93.5625,93.7031,11.6016,16.6172,750.975,49.5,1.104,0.712001,1.784,94.5,0.392157,0.392157,0,0.484375,0,-3,-3,-3
44.7,0,0,0,0,0.84668,0.99997,1,0,1,1,1,0,0.952882,0.962404,0,0,3.13889,2.63889,4.19445,896,970,310.586,970,992.656,18.5859,93.5625,93.7031,24.5625,16.8281,750.975,49.5,1.38,0.882668,2.06,94.5,0.392157,0.392157,0,0.546875,0,0,0,0
44.733,0,0,0,0,0.855897,0.99997,1,0,1,1,1,0,0.952882,0.963625,0,0,2.97222,2.69445,1.91667,878.25,970,301.406,970,997.969,17.9297,93.5859,93.7031,12.6797,17.2031,750.975,49.5,1.112,0.717334,1.78,94.5,0.392157,0.392157,0,0.625,0,-0.75,-0.75,-0.75
44.766,0,0,0,0,0.849061,0.99997,1,0,1,1,1,0,0.952882,0.967287,0,0,3.02778,2.72222,3.91667,871.5,970,309.727,970,992.656,18.4219,93.4219,93.7031,23.2969,17.1797,750.193,49.5,1.344,0.858668,2.012,94.5,0.392157,0.392157,0,0.65625,0,-0.75,-0.75,-0.75
44.8,0,0,0,0,0.859559,0.99997,1,0,1,1,1,0,0.952882,0.972414,0,0,2.97222,2.72222,2.44445,865.5,970,305.664,970,995.313,18.1172,93.4219,93.7031,15.8203,17.2969,750.193,49.5,1.18,0.757334,1.848,94.5,0.392157,0.392157,0,0.6875,0,-3,-3,-3
44.833,0,0,0,0,0.859498,0.99997,1,0,1,1,1,0,0.952882,0.973634,0,0,3.08334,2.80556,4.02778,861,970,315.82,970,992.656,18.8438,92.9063,93.7031,24.6797,17.3906,750.193,49.5,1.396,0.890668,2.076,94.5,0.392157,0.392157,0,1.0625,0,-3,-3,-3
44.866,0,0,0,0,0.866517,0.99997,1,0,1,1,1,0,0.952882,0.974855,0,0,2.97222,2.77778,2.33334,857.25,970,309.883,970,995.313,18.2578,93.5156,93.7031,15.0234,17.4375,750.193,49.5,1.168,0.752001,1.848,94.5,0.392157,0.392157,0,1.0625,0,0.75,0.75,0.75
44.9,0,0,0,0,0.859864,0.99997,1,0,1,1,1,0,0.952882,0.973634,0,0,2.97222,2.77778,3.38889,851.5,970,313.828,970,990.039,18.5156,93.5156,93.7031,20.8125,17.4375,750.193,49.5,1.308,0.834668,1.988,94.5,0.392157,0.392157,0,1,0,2.25,2.25,2.25
44.933,0,0,0,0,0.86963,0.99997,1,0,1,1,1,0,0.952882,0.974855,0,0,2.91667,2.77778,2.55556,850,970,311.367,970,995.273,18.3281,93.5859,93.7031,16.9453,17.5078,750.193,49.5,1.212,0.776001,1.892,94.5,0.392157,0.392157,0,1,0,-0.75,-0.75,-0.75
44.966,0,0,0,0,0.864747,0.99997,1,0,1,1,1,0,0.952882,0.974855,0,0,2.91667,2.77778,3.63889,847.25,970,317.383,970,990.039,18.75,93.5859,93.7031,22.2188,17.4609,749.432,49.5,1.344,0.776001,2.024,94.5,0.392157,0.392157,0,0.703125,0,-0.75,-0.75,-0.75
45,0,0,0,0,0.875672,0.99997,1,0,1,1,1,0,0.952882,0.974855,0,0,2.91667,2.80556,2.5,844.25,970,313.867,970,992.617,18.4922,93.5859,93.7031,16.5,17.4141,749.432,49.5,1.212,0.778668,1.892,95.25,0.392157,0.392157,0,0.765625,0,-1.5,-1.5,-1.5
45.033,0,0,0,0,0.869568,0.99997,1,0,1,1,1,0,0.952882,0.973634,0,0,3.02778,2.77778,3.63889,838.75,970,320.664,970,987.383,19.0313,93.7969,93.7031,22.875,17.4141,749.432,49.5,1.376,0.877334,2.056,95.25,0.392157,0.392157,0,0.890625,0,-1.5,-1.5,-1.5
45.066,0,0,0,0,0.876527,0.99997,1,0,1,1,1,0,0.952882,0.971193,0,0,3.02778,2.77778,2.30556,828.75,970,315.781,970,987.383,18.6563,93.6094,93.7031,15.8906,17.2969,749.432,49.5,1.208,0.877334,1.888,95.25,0.392157,0.392157,0,0.8125,0,-2.25,-2.25,-2.25
45.1,0,0,0,0,0.875794,0.99997,1,0,1,1,1,0,0.952882,0.969972,0,0,2.91667,2.77778,3.61111,820.5,960,322.305,965,987.383,19.125,93.6094,93.7031,22.875,17.4375,749.432,49.5,1.372,0.776001,2.052,95.25,0.392157,0,0,0.796875,0,-1.5,-1.5,-1.5
45.133,0,0,0,0,0.882325,0.99997,1,0,1,1,1,0,0.952882,0.969972,0,0,2.97222,2.75,2.22222,814.25,960,316.445,965,987.383,18.5859,93.4688,93.7031,15.375,17.3906,749.432,49.5,1.192,0.872001,1.872,95.25,0.392157,0,0,0.953125,0,-3,-3,-3
45.166,0,0,0,0,0.884034,0.99997,1,0,1,1,1,0,0.952882,0.971193,0,0,2.86111,2.75,2.22222,814.25,960,316.445,965,990.039,18.5859,93.5859,93.7031,15.375,17.4375,748.533,49.5,1.192,0.765334,1.872,95.25,0.392157,0,0,1.23438,0,-3,-3,-3
45.2,0,0,0,0,0.886597,0.99997,1,0,1,1,1,0,0.952882,0.973634,0,0,2.91667,2.72222,3.77778,804.75,960,326.055,965,990.039,19.2656,93.5859,93.7031,24.7969,17.4609,748.533,49.5,1.412,0.898668,2.092,95.25,0,0,0,1.17188,0,-1.5,-1.5,-1.5
45.233,0,0,0,0,0.890443,0.99997,1,0,1,1,1,0,0.952882,0.973634,0,0,2.80556,2.52778,2.13889,797.25,960,318.164,965,990.039,18.7031,93.8906,93.7031,14.2031,17.6016,748.533,49.5,1.188,0.765334,1.884,95.25,0,0,0,1.25,0,-2.25,-2.25,-2.25
45.266,0,0,0,0,0.889161,0.99997,1,0,1,1,1,0,0.952882,0.977296,0,0,2.80556,2.55556,3.19445,790.75,960,322.148,965,990.039,18.9844,93.5625,93.7031,21.2813,17.6719,748.533,49.5,1.336,0.856001,2.032,95.25,0,0,0,1.25,0,-0.75,-0.75,-0.75
45.3,0,0,0,0,0.889588,0.99997,1,0,1,1,1,0,0.952882,0.979982,0,0,2.69445,2.55556,1.91667,783.75,970,312.656,970,987.383,18.2813,93.5625,93.7031,12.8906,17.7188,748.533,48.75,1.132,0.730668,1.812,95.25,0,0,0,1.07813,0,-0.75,-0.75,-0.75
45.333,0,0,0,0,0.880311,0.99997,1,0,1,1,1,0,0.952882,0.982423,0,0,2.69445,2.5,2.80556,780.5,970,314.57,970,987.383,18.4219,93.6328,93.7031,19.5234,17.8359,748.533,48.75,1.272,0.816001,1.952,95.25,0,0,0,1.20313,0,1.5,1.5,1.5
45.366,0,0,0,0,0.8844,0.99997,1,0,1,1,1,0,0.952882,0.984865,0,0,2.69445,2.52778,1.97222,775.75,970,307.461,970,987.383,17.9063,93.6328,93.7031,13.8516,17.8359,747.615,48.75,1.136,0.816001,1.816,95.25,0,0,0,0.65625,0,0.75,0.75,0.75
45.4,0,0,0,0,0.879029,0.99997,1,0,1,1,1,0,0.952882,0.987306,0,0,2.61111,2.5,2.69445,774,970,308.555,970,987.383,17.9766,93.6328,93.7031,18.6328,17.9063,747.615,48.75,1.232,0.728001,1.912,95.25,0,0,0,0.921875,0,1.5,1.5,1.5
45.433,0,0,0,0,0.878541,0.99997,1,0,1,1,1,0,0.952882,0.988527,0,0,2.61111,2.5,2.69445,774,970,308.555,970,987.383,17.9766,93.6328,93.7031,18.6328,17.8594,747.615,48.75,1.232,0.789334,1.912,95.25,0,0,0,0.875,0,1.5,1.5,1.5
45.466,0,0,0,0,0.878113,0.99997,1,0,1,1,1,0,0.952882,0.988527,0,0,2.61111,2.5,2.47222,772,970,307.148,970,984.727,17.8828,93.6328,93.7031,17.0859,17.8359,747.615,48.75,1.204,0.770668,1.884,95.25,0,0,0,1.375,0,1.5,1.5,1.5
45.5,0,0,0,0,0.880738,0.99997,1,0,1,1,1,0,0.952882,0.991212,0,0,2.55556,2.52778,2.41667,763,970,306.445,970,987.383,17.8359,93.6328,93.7031,17.4375,17.8594,747.615,48.75,1.204,0.770668,1.884,95.25,0,0,0,1.01563,0,3,3,3
45.533,0,0,0,0,0.878541,0.99997,1,0,1,1,1,0,0.952882,0.992677,0,0,2.5,2.5,2.63889,742.75,970,307.656,970,984.727,17.9297,93.6328,93.7031,18.6328,18.0469,747.615,48.75,1.232,0.789334,1.92,95.25,0,0,0,1.01563,0,6,6,6
45.566,0,0,0,0,0.880067,0.99997,1,0,1,1,1,0,0.952882,0.995607,0,0,2.5,2.52778,2.22222,742.5,970,305.156,970,984.727,17.7422,93.6328,93.7031,16.3359,18.5625,746.6,48.75,1.172,0.789334,1.86,95.25,0,0,0,1.23438,0,6.75,6.75,6.75
45.6,0,0,0,0,0.880372,0.99997,1,0,1,1,1,0,0.952882,0.998537,0,0,2.5,2.5,2.61111,743,970,306.016,970,987.383,17.7891,93.6328,93.7031,18.3047,18.5859,746.6,48.75,1.208,0.757334,1.896,95.25,0,0,0,1.35938,0,7.5,7.5,7.5
45.633,0,0,0,0,0.877808,0.99997,1,0,1,1,1,0,0.952882,1.00366,0,0,2.5,2.5,2.61111,743,970,306.016,970,984.727,17.7891,93.6328,93.7031,18.3047,18.5391,746.6,48.75,1.208,0.778668,1.896,95.25,0,0,0,1.32813,0,7.5,7.5,7.5
45.666,0,0,0,0,0.876527,0.99997,1,0,1,1,1,0,0.952882,1.00733,0,0,2.44445,2.5,2,744.5,970,301.055,970,984.727,17.4375,93.6563,93.7031,14.6016,18.3281,746.6,48.75,1.128,0.728001,1.816,95.25,0,0,0,1.15625,0,6.75,6.75,6.75
45.7,0,0,0,0,0.869202,0.99997,1,0,1,1,1,0,0.952882,1.01148,0,0,2.38889,2.47222,2.08333,744,970,297.305,970,984.727,17.1563,93.6563,93.7031,15.0469,18.5391,746.6,48.75,1.12,0.722668,1.816,95.25,0,0,0,0.796875,0,9,9,9
45.733,0,0,0,0,0.862549,0.99997,1,0,1,1,1,0,0.952882,1.01489,0,0,2.38889,2.47222,2.36111,745,970,296.875,970,982.109,17.1328,93.6563,93.7031,16.8984,18.3516,746.6,48.75,1.148,0.741334,1.844,95.25,0,0,0,0.796875,0,9,9,9
45.766,0,0,0,0,0.861695,0.99997,1,0,1,1,1,0,0.952882,1.01831,0,0,2.38889,2.44445,2.27778,744.75,970,296.406,970,982.109,17.0859,93.6563,93.7031,16.8516,18.3281,745.584,48.75,1.148,0.741334,1.844,95.25,0,0,0,1.04688,0,9,9,9
45.8,0,0,0,0,0.86316,0.99997,1.00852,0,1,1,1,0,0.952882,1.02002,0,0,2.38889,2.47222,2.63889,733,970,299.219,970,984.727,17.2969,93.6563,93.7031,18.9141,18.3516,745.584,48.75,1.204,0.741334,1.892,95.25,0,0,0,0.890625,0,14.25,14.25,14.25
45.833,0,0,0,0,0.861939,0.99997,1.01291,0,1,1,1,0,0.952882,1.02661,0,0,2.38889,2.47222,2.63889,733,970,299.219,970,982.109,17.2969,93.6563,93.7031,18.9141,18.5391,745.584,48.75,1.204,0.776001,1.892,95.25,0,0,0,0.921875,0,14.25,14.25,14.25
45.866,0,0,0,0,0.863709,0.99997,1.01538,0,1,1,1,0,0.952882,1.03003,0,0,2.38889,2.47222,2.52778,725.75,970,301.68,970,982.109,17.4844,93.6563,93.7031,18.8906,19.1016,745.584,48.75,1.22,0.786668,1.908,95.25,0,0,0,0.921875,0,21,21,21.75
45.9,0,0,0,0,0.865906,0.99997,1.01813,0,1,1,1,0,0.952882,1.03589,0,0,2.44445,2.5,2.58334,732,970,303.945,970,982.109,17.6484,93.6563,93.7031,18.9609,19.1016,745.584,48.75,1.232,0.794668,1.928,95.25,0,0.392157,0,0.84375,0,15.75,15.75,15.75
45.933,0,0,0,0,0.867493,0.99997,1.0199,0,1,1,1,0,0.952882,1.04004,0,0,2.44445,2.66667,2.38889,736.75,970,303.438,970,982.109,17.6016,93.6563,93.7031,17.3438,19.0078,745.584,48.75,1.204,0.776001,1.9,95.25,0.392157,0.392157,0,1.17188,0,10.5,10.5,10.5
45.966,0,0,0,0,0.864808,0.99997,1.02078,0,1,1,1,0,0.952882,1.04199,0,0,2.44445,2.66667,2.75,738.75,970,306.836,970,982.109,17.8594,93.6563,93.7031,19.8047,18.8438,744.51,48.75,1.26,0.776001,1.956,95.25,0.392157,0.392157,0,1.65625,0,10.5,10.5,10.5
46,0,0,0,0,0.865235,0.99997,1.02432,0,1,1,1,0,0.952882,1.05005,0,0,2.5,2.66667,2.75,738.75,970,306.836,970,982.109,17.8594,93.6563,93.7031,19.8047,18.7734,744.51,48.75,1.26,0.813334,1.956,95.25,0.392157,0,0,1.29688,0,10.5,10.5,10.5
46.033,0,0,0,0,0.86554,0.99997,1.02762,0,1,1,1,0,0.952882,1.05689,0,0,2.5,2.66667,2.61111,743.75,970,307.969,970,982.109,17.9531,93.6563,93.7031,18.6094,18.75,744.51,48.75,1.244,0.802668,1.924,95.25,0.392157,0,0,1.35938,0,7.5,7.5,7.5
46.066,0,0,0,0,0.865967,0.99997,1.03326,0,1,1,1,0,0.952882,1.06885,0,0,2.55556,2.69445,2.83334,749.25,970,311.133,970,982.109,18.1641,93.6563,93.7031,19.9922,18.6563,744.51,48.75,1.28,0.826668,1.96,95.25,0.392157,0,0,1.35938,0,6,6,6
46.1,0,0,0,0,0.868226,0.99997,1.03583,0,1,1,1,0,0.952882,1.07105,0,0,2.61111,2.69445,2.86111,751,970,314.102,970,982.109,18.3984,93.6563,93.7031,20.0859,18.5156,744.51,48.75,1.296,0.837334,1.992,95.25,0.392157,0,0,0.953125,0,4.5,4.5,4.5
46.133,0,0,0,0,0.869996,0.99997,1.03958,0,1,1,1,0,0.952882,1.07593,0,0,2.61111,2.66667,2.75,745,970,315.664,970,982.109,18.5156,93.6563,93.7031,19.4297,18.4688,744.51,48.75,1.296,0.840001,1.992,95.25,0.392157,0,0,1.1875,0,4.5,4.5,4.5
46.166,0,0,0,0,0.871033,0.99997,1.04233,0,1,1,1,0,0.952882,1.07813,0,0,2.61111,2.66667,2.75,745,970,315.664,970,982.109,18.5156,93.6563,93.7031,19.4297,18.6094,743.455,48.75,1.296,0.840001,1.992,95.25,0.392157,0,0,0.71875,0,4.5,4.5,4.5
46.2,0,0,0,0,0.872315,0.99997,1.04642,0,1,1,1,0,0.952882,1.08057,0,0,2.61111,2.66667,3,740,970,320,970,979.453,18.8203,93.6563,93.7031,21.3281,18.7266,743.455,48.75,1.356,0.877334,2.052,95.25,0.392157,0,0,0.9375,0,5.25,5.25,5.25
46.233,0,0,0,0,0.874879,0.99997,1.05231,0,1,1,1,0,0.952882,1.08765,0,0,2.63889,2.61111,2.72222,748.75,970,321.367,970,979.453,18.9375,93.6563,93.7031,19.7109,18.7266,743.455,48.75,1.332,0.866668,2.02,95.25,0,0,0,0.875,0,3,3,3
46.266,0,0,0,0,0.87732,0.99997,1.05774,0,1,1,1,0,0.952882,1.09253,0,0,2.69445,2.61111,2.86111,755.25,970,323.516,970,979.453,19.0781,93.6563,93.7031,20.3438,18.5156,743.455,48.75,1.364,0.885334,2.052,95.25,0,0,0,0.875,0,1.5,1.5,1.5
46.3,0,0,0,0,0.88086,0.99997,1.06461,0,1,1,1,0,0.952882,1.09741,0,0,2.69445,2.61111,2.66667,756.25,970,323.164,970,979.453,19.0547,93.6563,93.7031,18.8672,18.3516,743.455,48.75,1.348,0.877334,2.028,95.25,0,0,0,1.25,0,0.75,0.75,0.75
46.333,0,0,0,0,0.882081,0.99997,1.06717,0,1,1,1,0,0.952882,1.09497,0,0,2.75,2.61111,2.86111,760.5,970,324.648,970,979.453,19.1719,93.6563,93.7031,20.0156,18.2813,743.455,48.75,1.384,0.898668,2.064,95.25,0,0,0,1.20313,0,0,0,0
46.366,0,0,0,0,0.884949,0.99997,1.07095,0,1,1,1,0,0.952882,1.09497,0,0,2.75,2.63889,2.61111,767.5,970,322.891,970,979.453,19.0313,93.6563,93.7031,18.0469,18.375,742.459,48.75,1.348,0.898668,2.028,95.25,0,0,0,1.29688,0,-1.5,-1.5,-1.5
46.4,0,0,0,0,0.885987,0.99997,1.07523,0,1,1,1,0,0.952882,1.09253,0,0,2.75,2.55556,2.88889,767.75,970,324.219,970,979.453,19.125,93.6563,93.7031,19.8984,18.1406,742.459,48.75,1.404,0.872001,2.092,95.25,0,0,0,1.5625,0,-1.5,-1.5,-1.5
46.433,0,0,0,0,0.888367,0.99997,1.08148,0,1,1,1,0,0.952882,1.09741,0,0,2.75,2.55556,2.88889,767.75,970,324.219,970,979.453,19.125,93.6563,93.7031,19.8984,18.1172,742.459,48.75,1.404,0.906668,2.092,95.25,0,0,0,1.28125,0,-1.5,-1.5,-1.5
46.466,0,0,0,0,0.890565,0.99997,1.08698,0,1,1,1,0,0.952882,1.1001,0,0,2.69445,2.55556,2.5,767.5,970,321.172,970,979.453,18.9141,93.6563,93.7031,17.1797,18.0234,742.459,48.75,1.344,0.872001,2.032,95.25,0,0,0,1.17188,0,-2.25,-2.25,-2.25
46.5,0,0,0,0,0.890687,0.99997,1.09158,0,1,1,1,0,0.952882,1.09741,0,0,2.69445,2.55556,2.69445,768.25,970,320.469,970,979.453,18.8672,93.6563,93.7031,18.4688,17.9766,742.459,48.75,1.372,0.885334,2.052,95.25,0,0,0,0.921875,0,-0.75,-0.75,-0.75
46.533,0,0,0,0,0.892335,0.99997,1.09494,0,1,1,1,0,0.952882,1.09497,0,0,2.69445,2.55556,2.58334,772.25,970,318.516,970,979.453,18.7266,93.6563,93.7031,17.6016,17.9063,742.459,48.75,1.352,0.874668,2.032,95.25,0,0,0,0.921875,0,-1.5,-1.5,-1.5
46.566,0,0,0,0,0.892823,0.99997,1.09616,0,1,1,1,0,0.952882,1.08765,0,0,2.69445,2.55556,2.58334,779.25,970,316.484,970,979.453,18.5625,93.6563,93.7031,17.4141,17.7422,741.463,48.75,1.344,0.874668,2.024,95.25,0,0,0,0.890625,0,-3,-3,-3
46.6,0,0,0,0,0.893372,0.99997,1.10202,0,1,1,1,0,0.952882,1.08765,0,0,2.69445,2.55556,2.72222,777.25,970,316.172,970,979.453,18.5391,93.6563,93.7031,18.375,17.3906,741.463,48.75,1.364,0.869334,2.044,95.25,0,0,0,1.125,0,-3,-3,-3
46.633,0,0,0,0,0.894654,0.99997,1.10443,0,1,1,1,0,0.952882,1.08301,0,0,2.69445,2.55556,2.72222,777.25,970,316.172,970,979.453,18.5391,93.6563,93.7031,18.375,17.3203,741.463,48.75,1.364,0.880001,2.044,95.25,0,0,0,1.125,0,-3,-3,-3
46.666,0,0,0,0,0.895508,0.99997,1.10886,0,1,1,1,0,0.952882,1.08301,0,0,2.63889,2.55556,2.58334,772,970,314.648,970,979.453,18.4219,93.6563,93.7031,17.5547,17.3672,741.463,48.75,1.348,0.872001,2.028,95.25,0,0,0,1.17188,0,-2.25,-2.25,-2.25
46.7,0,0,0,0,0.896668,0.99997,1.11157,0,1,1,1,0,0.952882,1.07593,0,0,2.63889,2.58334,2.69445,772.75,970,314.453,970,979.453,18.4219,93.6563,93.7031,18.3047,17.3906,741.463,48.75,1.36,0.877334,2.04,95.25,0,0,0,1.42188,0,-2.25,-2.25,-2.25
46.733,0,0,0,0,0.895325,0.99997,1.11383,0,1,1,1,0,0.952882,1.07105,0,0,2.69445,2.58334,2.66667,776.5,970,313.789,970,976.836,18.375,93.6563,93.7031,18,17.3203,741.463,48.75,1.356,0.877334,2.06,95.25,0,0,0,1.42188,0,-3,-3,-3
46.766,0,0,0,0,0.896302,0.99997,1.11496,0,1,1,1,0,0.952882,1.06397,0,0,2.69445,2.38889,2.63889,773.5,970,313.945,970,976.836,18.375,93.6563,93.7031,18.4922,17.0391,740.506,48.75,1.38,0.877334,2.084,95.25,0,0,0,1.51563,0,-2.25,-2.25,-2.25
46.8,0,0,0,0,0.901063,0.99997,1.1171,0,1,1,1,0,0.952882,1.05689,0,0,2.63889,2.38889,2.38889,770,970,311.406,970,976.836,18.1875,93.6563,93.7031,16.7344,17.0859,740.506,48,1.336,0.890668,2.004,95.25,0,0,0,1.35938,0,-3,-3,-3
46.833,0,0,0,0,0.901856,0.99997,1.11881,0,1,1,1,0,0.952882,1.05225,0,0,2.63889,2.41667,2.66667,771.75,970,311.836,970,976.836,18.2344,93.6563,93.7031,18.4688,17.0391,740.506,48,1.372,0.885334,2.04,95.25,0,0,0,1.0625,0,-2.25,-2.25,-2.25
46.866,0,0,0,0,0.904359,0.99997,1.12039,0,1,1,1,0,0.952882,1.04785,0,0,2.63889,2.41667,2.66667,771.75,970,311.836,970,976.836,18.2344,93.6797,93.7031,18.4688,17.0391,740.506,48,1.372,0.885334,2.04,95.25,0,0,0,1.01563,0,-2.25,-2.25,-2.25
46.9,0,0,0,0,0.906739,0.99997,1.12213,0,1,1,1,0,0.952882,1.04199,0,0,2.61111,2.41667,2.41667,773,970,309.375,970,976.836,18.0469,93.6797,93.7031,16.6641,16.875,740.506,48,1.324,0.856001,1.992,95.25,0,0,0,1.10938,0,-3,-3,-3
46.933,0,0,0,0,0.907532,0.99997,1.12415,0,1,1,1,0,0.952882,1.04004,0,0,2.61111,2.41667,2.5,767,970,308.203,970,976.836,17.9531,93.6797,93.7031,17.2969,16.8516,740.506,48,1.336,0.861334,2.016,95.25,0,0,0,0.90625,0,-2.25,-2.25,-2.25
46.966,0,0,0,0,0.908875,0.99997,1.12497,0,1,1,1,0,0.952882,1.03589,0,0,2.55556,2.38889,2.58334,760.75,970,308.164,970,976.836,17.9531,93.6797,93.7031,17.9297,16.9219,739.607,48,1.348,0.869334,2.028,95.25,0,0,0,0.90625,0,-0.75,-0.75,-0.75
47,0,0,0,0,0.911988,0.99997,1.1264,0,1,1,1,0,0.952882,1.03198,0,0,2.55556,2.41667,2.36111,760.25,970,305.742,970,976.836,17.7891,93.6797,93.7031,16.4063,16.9922,739.607,48,1.312,0.848001,1.98,95.25,0,0,0,0.921875,0,0,0,0
47.033,0,0,0,0,0.911561,0.99997,1.12616,0,1,1,1,0,0.952882,1.02661,0,0,2.55556,2.41667,2.63889,760.25,970,306.484,970,976.836,17.8359,93.6797,93.7031,18.2813,16.9922,739.607,48,1.348,0.869334,2.016,95.25,0,0,0,0.875,0,0,0,0
47.066,0,0,0,0,0.913148,0.99997,1.12732,0,1,1,1,0,0.952882,1.0249,0,0,2.55556,2.41667,2.63889,760.25,970,306.484,970,976.836,17.8359,93.6797,93.7031,18.2813,16.9453,739.607,48,1.348,0.869334,2.016,95.25,0,0,0,1.46875,0,0,0,0
47.1,0,0,0,0,0.913819,0.99997,1.12674,0,1,1,1,0,0.952882,1.01831,0,0,2.55556,2.41667,2.38889,759.25,970,304.531,970,976.836,17.6953,93.6797,93.7031,16.5703,16.9219,739.607,48,1.312,0.848001,1.98,95.25,0,0,0,1.26563,0,0,0,0
47.133,0,0,0,0,0.915284,0.99997,1.12686,0,1,1,1,0,0.952882,1.01489,0,0,2.55556,2.41667,2.61111,757.75,970,305.156,970,976.836,17.7422,93.6797,93.7031,18.1172,16.8984,739.607,48,1.336,0.866668,2.024,95.25,0,0,0,1.35938,0,0,0,0
47.166,0,0,0,0,0.917054,0.99997,1.12692,0,1,1,1,0,0.952882,1.01148,0,0,2.55556,2.41667,2.5,759.75,970,304.414,970,976.836,17.6719,93.6797,93.7031,17.2734,16.8984,738.709,48,1.316,0.856001,2.004,95.25,0,0,0,1.35938,0,0,0,0
47.2,0,0,0,0,0.915772,0.99997,1.12558,0,1,1,1,0,0.952882,1.00366,0,0,2.55556,2.44445,2.5,762,970,303.711,970,974.18,17.625,93.6797,93.7031,17.2266,16.8047,738.709,48,1.312,0.850668,1.98,95.25,0,0,0,0.890625,0,-0.75,-0.75,-0.75
47.233,0,0,0,0,0.918946,0.99997,1.12689,0,1,1,1,0,0.952882,1.00366,0,0,2.5,2.41667,2.52778,758.75,970,304.375,970,976.797,17.6719,93.6797,93.7031,18.0703,16.7344,738.709,48,1.34,0.864001,2.008,95.25,0,0,0,1.25,0,0.75,0.75,0.75
47.266,0,0,0,0,0.921265,0.99997,1.12784,0,1,1,1,0,0.952882,1.00366,0,0,2.5,2.44445,2.52778,756.5,970,303.906,970,976.836,17.6484,93.6797,93.7031,17.3906,16.7578,738.709,48,1.32,0.864001,1.988,95.25,0,0,0,0.9375,0,0,0,0
47.3,0,0,0,0,0.920228,0.99997,1.1286,0,1,1,1,0,0.952882,1.00366,0,0,2.5,2.44445,2.52778,757,970,304.414,970,974.18,17.6719,93.6797,93.7031,18,16.7813,738.709,48,1.332,0.856001,2.02,95.25,0,0,0,1.03125,0,0,0,0
47.333,0,0,0,0,0.924134,0.99997,1.12894,0,1,1,1,0,0.952882,1.00366,0,0,2.5,2.44445,2.52778,757,970,304.414,970,976.836,17.6719,93.6797,93.7031,18,16.7578,738.709,48,1.332,0.864001,2.02,95.25,0,0,0,0.953125,0,0,0,0
47.366,0,0,0,0,0.922608,0.99997,1.12915,0,1,1,1,0,0.952882,1.00366,0,0,2.5,2.47222,2.47222,757.5,970,303.203,970,974.18,17.6016,93.6797,93.7031,16.8984,16.7344,737.713,48,1.304,0.848001,1.992,95.25,0,0,0,0.953125,0,0,0,0
47.4,0,0,0,0,0.925355,0.99997,1.1239,0,1,1,1,0,0.952882,0.989992,0,0,2.5,2.44445,2.52778,754.5,970,303.75,970,976.836,17.625,93.6797,93.7031,17.9766,16.6875,737.713,48,1.332,0.864001,2.012,95.25,0,0,0,1.23438,0,-0.75,-0.75,-0.75
47.433,0,0,0,0,0.9245,0.99997,1.12357,0,1,1,1,0,0.952882,0.986085,0,0,2.5,2.44445,2.44445,753.25,970,302.344,970,974.18,17.5313,93.6797,93.7031,16.7344,16.7344,737.713,48,1.292,0.840001,1.972,95.25,0,0,0,1.34375,0,0.75,0.75,0.75
47.466,0,0,0,0,0.924012,0.99997,1.12372,0,1,1,1,0,0.952882,0.983644,0,0,2.5,2.44445,2.44445,753.75,970,302.109,970,974.18,17.5078,93.6797,93.7031,17.3906,16.7344,737.713,48,1.308,0.840001,1.988,95.25,0,0,0,1.25,0,0.75,0.75,0.75
47.5,0,0,0,0,0.924561,0.99997,1.12451,0,1,1,1,0,0.952882,0.982423,0,0,2.5,2.44445,2.44445,755.5,970,301.719,970,974.18,17.4844,93.6797,93.7031,17.2734,16.7344,737.713,48,1.308,0.848001,1.988,95.25,0,0,0,1.4375,0,0.75,0.75,0.75
47.533,0,0,0,0,0.925111,0.99997,1.12473,0,1,1,1,0,0.952882,0.981203,0,0,2.5,2.44445,2.44445,755.5,970,301.719,970,974.18,17.4844,93.6797,93.7031,17.2734,16.7109,737.713,48,1.308,0.848001,1.988,95.25,0,0,0,1.34375,0,0.75,0.75,0.75
47.566,0,0,0,0,0.925599,0.99997,1.12412,0,1,1,1,0,0.952882,0.978517,0,0,2.44445,2.44445,2.44445,751.5,970,301.367,970,974.18,17.4609,93.6797,93.7031,17.2734,16.6406,736.756,48,1.304,0.845334,1.984,95.25,0,0,0,1.14063,0,1.5,1.5,1.5
47.6,0,0,0,0,0.926514,0.99997,1.12357,0,1,1,1,0,0.952882,0.976076,0,0,2.5,2.44445,2.55556,749.5,970,302.266,970,974.18,17.5313,93.6797,93.7031,18.0469,16.7344,736.756,48,1.32,0.856001,2,95.25,0,0,0,1.14063,0,1.5,1.5,1.5
47.633,0,0,0,0,0.92804,0.99997,1.12293,0,1,1,1,0,0.952882,0.973634,0,0,2.5,2.47222,2.55556,751.5,970,302.852,970,974.18,17.5781,93.6797,93.7031,17.9297,16.7578,736.756,48,1.32,0.856001,2,95.25,0,0,0,0.71875,0,1.5,1.5,1.5
47.666,0,0,0,0,0.9292,0.99997,1.12329,0,1,1,1,0,0.952882,0.973634,0,0,2.5,2.44445,2.55556,753.5,970,303.281,970,974.18,17.6016,93.6797,93.7031,17.8594,16.7109,736.756,48,1.32,0.856001,2,95.25,0,0,0,0.859375,0,0.75,0.75,0.75
47.7,0,0,0,0,0.931031,0.99997,1.12262,0,1,1,1,0,0.952882,0.971193,0,0,2.5,2.47222,2.55556,752,970,303.711,970,974.18,17.625,93.6797,93.7031,17.8828,16.6641,736.756,48,1.32,0.856001,2,95.25,0,0,0,1.0625,0,0.75,0.75,0.75
47.733,0,0,0,0,0.93213,0.99997,1.12235,0,1,1,1,0,0.952882,0.969972,0,0,2.5,2.47222,2.55556,752,970,303.711,970,974.18,17.625,93.6797,93.7031,17.8828,16.6406,736.756,48,1.32,0.856001,2,95.25,0,0,0,1.09375,0,0.75,0.75,0.75
47.766,0,0,0,0,0.933228,0.99997,1.12082,0,1,1,1,0,0.952882,0.966066,0,0,2.5,2.47222,2.55556,752.25,970,304.063,970,974.18,17.6484,93.6797,93.7031,17.8594,16.6641,735.76,48,1.32,0.856001,2,95.25,0,0,0,1.20313,0,0.75,0.75,0.75
47.8,0,0,0,0,0.934388,0.99997,1.12045,0,1,1,1,0,0.952882,0.964845,0,0,2.5,2.47222,2.5,755.25,970,303.594,970,974.18,17.625,93.6797,93.7031,17.3672,16.6406,735.76,48,1.308,0.848001,1.988,95.25,0,0,0,1.20313,0,-0.75,-0.75,-0.75
47.833,0,0,0,0,0.934754,0.99997,1.12045,0,1,1,1,0,0.952882,0.964845,0,0,2.5,2.5,2.61111,755.25,970,304.375,970,974.18,17.6719,93.6797,93.7031,18.1406,16.5703,735.76,48,1.328,0.861334,2.008,95.25,0,0,0,1.20313,0,0,0,0
47.866,0,0,0,0,0.936036,0.99997,1.12042,0,1,1,1,0,0.952882,0.964845,0,0,2.5,2.47222,2.5,751.75,970,304.023,970,974.18,17.6484,93.6797,93.7031,17.4609,16.5234,735.76,48,1.312,0.861334,1.992,95.25,0,0,0,1.6875,0,0,0,0
47.9,0,0,0,0,0.93689,0.99997,1.11987,0,1,1,1,0,0.952882,0.963625,0,0,2.5,2.47222,2.58334,748.75,970,304.688,970,974.18,17.6953,93.6797,93.7031,18.0938,16.5938,735.76,48,1.324,0.850668,2.004,95.25,0,0,0,1.20313,0,0,0,0
47.933,0,0,0,0,0.937806,0.99997,1.11929,0,1,1,1,0,0.952882,0.962404,0,0,2.5,2.47222,2.58334,748.75,970,304.688,970,974.18,17.6953,93.6797,93.7031,18.0938,16.5938,735.76,48,1.324,0.858668,2.004,95.25,0,0,0,1.14063,0,0,0,0
47.966,0,0,0,0,0.938782,0.99997,1.11868,0,1,1,1,0,0.952882,0.961183,0,0,2.5,2.47222,2.5,748,970,304.414,970,974.18,17.6719,93.6797,93.7031,17.5313,16.6406,734.783,48,1.312,0.850668,1.992,95.25,0,0,0,0.890625,0,0,0,0
48,0,0,0,0,0.939576,0.99997,1.1182,0,1,1,1,0,0.952882,0.959962,0,0,2.5,2.47222,2.58334,745.5,970,305.156,970,974.18,17.7422,93.6797,93.7031,18.1641,16.6641,734.783,48,1.328,0.861334,2.016,95.25,0,0,0,1.1875,0,0.75,0.75,0.75
48.033,0,0,0,0,0.940858,0.99997,1.11746,0,1,1,1,0,0.952882,0.958498,0,0,2.5,2.47222,2.52778,741,970,305.352,970,974.18,17.7422,93.6797,93.7031,17.8828,16.7578,734.783,48,1.32,0.856001,2.008,95.25,0,0,0,1.1875,0,1.5,1.5,1.5
48.066,0,0,0,0,0.941529,0.99997,1.11801,0,1,1,1,0,0.952882,0.959962,0,0,2.5,2.5,2.58334,738.75,970,306.25,970,974.18,17.8125,93.6797,93.7031,18.3281,16.8516,734.783,48,1.332,0.856001,2.02,95.25,0,0,0,0.78125,0,2.25,2.25,2.25
48.1,0,0,0,0,0.942689,0.99997,1.11731,0,1,1,1,0,0.952882,0.958498,0,0,2.5,2.52778,2.47222,739.75,970,305.742,970,974.18,17.7891,93.6797,93.7031,17.5078,16.9453,734.783,48,1.316,0.864001,1.996,95.25,0,0,0,0.796875,0,1.5,1.5,1.5
48.133,0,0,0,0,0.942567,0.99997,1.11682,0,1,1,1,0,0.952882,0.957277,0,0,2.5,2.52778,2.47222,739.75,970,305.742,970,974.18,17.7891,93.9141,93.7031,17.5078,16.9453,734.783,48,1.316,0.853334,1.996,95.25,0,0,0,0.859375,0,1.5,1.5,1.5
48.166,0,0,0,0,0.940003,0.99997,1.11624,0,1,1,1,0,0.952882,0.956056,0,0,2.5,2.5,2.61111,742.5,970,306.68,970,971.523,17.8828,93.6797,93.7031,18.4219,16.9219,733.807,48,1.336,0.866668,2.016,95.25,0,0,0,0.859375,0,1.5,1.5,1.5
48.2,0,0,0,0,0.941651,0.99997,1.11505,0,1,1,1,0,0.952882,0.953615,0,0,2.5,2.47222,2.5,741.5,970,307.266,970,971.523,17.9297,93.6797,93.7031,18.2813,16.8984,733.807,48,1.336,0.866668,2.016,95.25,0,0,0,1.32813,0,1.5,1.5,1.5
48.233,0,0,0,0,0.942933,0.99997,1.11548,0,1,1,1,0,0.952882,0.954835,0,0,2.5,2.5,2.55556,741.25,970,308.164,970,971.523,18,93.6797,93.7031,18.5156,16.9453,733.807,48,1.348,0.874668,2.028,95.25,0,0,0,1.46875,0,1.5,1.5,1.5
48.266,0,0,0,0,0.944215,0.99997,1.11597,0,1,1,1,0,0.952882,0.956056,0,0,2.5,2.5,2.61111,745.25,970,309.258,970,971.523,18.0703,93.6797,93.7031,18.7266,16.9688,733.807,48,1.352,0.874668,2.032,95.25,0,0,0,1.29688,0,0.75,0.75,0.75
48.3,0,0,0,0,0.946412,0.99997,1.11539,0,1,1,1,0,0.952882,0.954835,0,0,2.55556,2.5,2.52778,745.25,970,309.219,970,971.523,18.0703,93.6797,93.7031,18.0469,16.875,733.807,48,1.336,0.880001,2.016,95.25,0,0,0,1.40625,0,0.75,0.75,0.75
48.333,0,0,0,0,0.94751,0.99997,1.11481,0,1,1,1,0,0.952882,0.953615,0,0,2.55556,2.5,2.52778,745.25,970,309.219,970,971.523,18.0703,93.6797,93.7031,18.0469,16.875,733.807,48,1.336,0.869334,2.016,95.25,0,0,0,1.29688,0,0.75,0.75,0.75
48.366,0,0,0,0,0.948243,0.99997,1.11423,0,1,1,1,0,0.952882,0.952394,0,0,2.5,2.5,2.52778,739.25,970,309.297,970,971.523,18.0938,93.6797,93.7031,18.1406,16.9219,732.83,48,1.344,0.872001,2.024,95.25,0,0,0,1.29688,0,2.25,2.25,2.25
48.4,0,0,0,0,0.949342,0.99997,1.11408,0,1,1,1,0,0.952882,0.952394,0,0,2.5,2.5,2.58334,740.25,970,309.805,970,971.523,18.1172,93.6797,93.7031,18.4453,17.0625,732.83,48,1.348,0.877334,2.028,95.25,0,0,0,0.984375,0,1.5,1.5,1.5
48.433,0,0,0,0,0.950501,0.99997,1.11395,0,1,1,1,0,0.952882,0.952394,0,0,2.55556,2.5,2.5,744,970,309.18,970,971.523,18.0703,93.6797,93.7031,17.7188,17.0391,732.83,48,1.332,0.866668,2.012,95.25,0,0,0,0.734375,0,0.75,0.75,0.75
48.466,0,0,0,0,0.950745,0.99997,1.11493,0,1,1,1,0,0.952882,0.954835,0,0,2.55556,2.5,2.5,744,970,309.18,970,971.523,18.0703,93.6797,93.7031,17.7188,16.9688,732.83,48,1.332,0.866668,2.012,95.25,0,0,0,0.90625,0,0.75,0.75,0.75
48.5,0,0,0,0,0.951905,0.99997,1.11481,0,1,1,1,0,0.952882,0.954835,0,0,2.55556,2.5,2.58334,745,970,309.414,970,971.523,18.0938,93.6797,93.7031,18.2344,16.9688,732.83,48,1.344,0.872001,2.024,95.25,0,0,0,1.23438,0,0.75,0.75,0.75
48.533,0,0,0,0,0.952515,0.99997,1.11417,0,1,1,1,0,0.952882,0.953615,0,0,2.55556,2.52778,2.55556,742.5,970,309.414,970,971.523,18.0938,93.6797,93.7031,18.1172,16.9688,732.83,48,1.34,0.872001,2.008,95.25,0,0,0,1.03125,0,0.75,0.75,0.75
48.566,0,0,0,0,0.952943,0.99997,1.11301,0,1,1,1,0,0.952882,0.951173,0,0,2.55556,2.52778,2.55556,741.25,970,309.414,970,971.523,18.0938,93.6797,93.7031,18.1172,17.0625,731.893,48,1.34,0.872001,2.008,95.25,0,0,0,1.03125,0,1.5,1.5,1.5
48.6,0,0,0,0,0.953492,0.99997,1.11289,0,1,1,1,0,0.952882,0.951173,0,0,2.55556,2.52778,2.52778,743.25,970,309.023,970,971.523,18.0703,93.6797,93.7031,17.8594,17.0859,731.893,47.25,1.336,0.869334,2.016,96,0,0,0,1.15625,0,1.5,1.5,1.5
48.633,0,0,0,0,0.953553,0.99997,1.11279,0,1,1,1,0,0.952882,0.951173,0,0,2.55556,2.52778,2.58334,744.75,970,309.18,970,971.523,18.0703,93.6797,93.7031,18.1875,17.0391,731.893,47.25,1.344,0.872001,2.024,96,0,0,0,1.29688,0,0.75,0.75,0.75
48.666,0,0,0,0,0.954041,0.99997,1.1134,0,1,1,1,0,0.952882,0.952394,0,0,2.55556,2.52778,2.58334,744.75,970,309.18,970,971.523,18.0703,93.6797,93.7031,18.1875,17.0391,731.893,47.25,1.344,0.872001,2.024,96,0,0,0,1.5625,0,0.75,0.75,0.75
48.7,0,0,0,0,0.954713,0.99997,1.11334,0,1,1,1,0,0.952882,0.952394,0,0,2.5,2.52778,2.55556,741,970,309.18,970,971.523,18.0703,93.6797,93.7031,18.0938,17.1563,731.893,47.25,1.336,0.869334,2.016,95.25,0,0,0,1.32813,0,1.5,1.5,1.5
48.733,0,0,0,0,0.954896,0.99997,1.11227,0,1,1,1,0,0.952882,0.949953,0,0,2.5,2.52778,2.52778,737.75,970,308.984,970,971.523,18.0703,93.6797,93.7031,17.9531,17.1797,731.893,47.25,1.332,0.866668,2.012,95.25,0,0,0,1.03125,0,2.25,2.25,2.25
48.766,0,0,0,0,0.954957,0.99997,1.11166,0,1,1,1,0,0.952882,0.948488,0,0,2.5,2.52778,2.58334,741.25,970,309.258,970,971.523,18.0703,93.6797,93.7031,18.2578,17.2734,730.936,47.25,1.344,0.872001,2.024,95.25,0,0,0,1.03125,0,2.25,2.25,2.25
48.8,0,0,0,0,0.955811,0.99997,1.11163,0,1,1,1,0,0.952882,0.948488,0,0,2.55556,2.52778,2.55556,744,970,309.141,970,971.523,18.0703,93.6797,93.7031,18,17.2031,730.936,47.25,1.336,0.869334,2.016,96,0,0,0,0.90625,0,1.5,1.5,1.5
48.833,0,0,0,0,0.956177,0.99997,1.11163,0,1,1,1,0,0.952882,0.948488,0,0,2.55556,2.52778,2.52778,742.5,970,308.789,970,971.523,18.0469,93.6797,93.7031,17.8594,17.2031,730.936,47.25,1.332,0.866668,2.012,96,0,0,0,1.10938,0,1.5,1.5,1.5
48.866,0,0,0,0,0.956238,0.99997,1.11234,0,1,1,1,0,0.952882,0.949953,0,0,2.5,2.52778,2.52778,742.5,970,308.789,970,971.523,18.0469,93.6797,93.7031,17.8594,17.1797,730.936,47.25,1.332,0.866668,2.012,96,0,0,0,0.765625,0,1.5,1.5,1.5
48.9,0,0,0,0,0.95691,0.99997,1.11218,0,1,1,1,0,0.952882,0.949953,0,0,2.55556,2.52778,2.61111,743,970,309.336,970,971.523,18.0938,93.6797,93.7031,18.4219,17.2031,730.936,47.25,1.348,0.874668,2.028,96,0,0,0,1.01563,0,1.5,1.5,1.5
48.933,0,0,0,0,0.957642,0.99997,1.11044,0,1,1,1,0,0.952882,0.946046,0,0,2.55556,2.52778,2.55556,747,970,309.023,970,971.523,18.0703,93.6797,93.7031,17.9063,17.2031,730.936,47.25,1.332,0.866668,2.012,96,0,0,0,1.0625,0,0.75,0.75,0.75
48.966,0,0,0,0,0.957947,0.99997,1.11041,0,1,1,1,0,0.952882,0.946046,0,0,2.55556,2.52778,2.58334,749.5,970,308.984,970,971.523,18.0703,93.6797,93.7031,18.0469,17.1094,729.959,47.25,1.336,0.866668,2.016,96,0,0,0,1.0625,0,0,0,0
49,0,0,0,0,0.958802,0.99997,1.11023,0,1,1,1,0,0.952882,0.946046,0,0,2.55556,2.52778,2.58334,744.25,970,309.102,970,971.523,18.0703,93.6797,93.7031,18.1641,17.0625,729.959,47.25,1.34,0.866668,2.008,95.25,0,0,0,1.67188,0,1.5,1.5,1.5
49.033,0,0,0,0,0.959351,0.99997,1.11115,0,1,1,1,0,0.952882,0.948488,0,0,2.55556,2.52778,2.55556,742.75,970,308.984,970,971.523,18.0703,93.6797,93.7031,18,17.0859,729.959,47.25,1.34,0.869334,2.008,95.25,0,0,0,1.25,0,1.5,1.5,1.5
49.066,0,0,0,0,0.959717,0.99997,1.11157,0,1,1,1,0,0.952882,0.949953,0,0,2.55556,2.52778,2.55556,742.75,970,308.984,970,971.523,18.0703,93.6797,93.7031,18,17.2031,729.959,47.25,1.34,0.869334,2.008,95.25,0,0,0,1.25,0,1.5,1.5,1.5
49.1,0,0,0,0,0.960206,0.99997,1.11066,0,1,1,1,0,0.952882,0.948488,0,0,2.55556,2.52778,2.55556,746.25,970,308.75,970,971.523,18.0469,93.6797,93.7031,17.9297,17.25,729.959,47.25,1.328,0.864001,1.996,96,0,0,0,1.0625,0,1.5,1.5,1.5
49.133,0,0,0,0,0.96045,0.99997,1.10989,0,1,1,1,0,0.952882,0.947267,0,0,2.55556,2.52778,2.52778,749.75,970,308.125,970,971.523,18,93.6797,93.7031,17.6484,17.1563,729.959,47.25,1.324,0.858668,2.004,96,0,0,0,1.32813,0,0.75,0.75,0.75
49.166,0,0,0,0,0.960389,0.99997,1.10968,0,1,1,1,0,0.952882,0.947267,0,0,2.55556,2.52778,2.52778,745.5,970,307.695,970,971.523,17.9531,93.6797,93.7031,17.7422,17.0859,729.021,47.25,1.324,0.858668,2.004,96,0,0,0,1.32813,0,1.5,1.5,1.5
49.2,0,0,0,0,0.960389,0.99997,1.10941,0,1,1,1,0,0.952882,0.947267,0,0,2.5,2.52778,2.61111,745,970,308.281,970,971.523,18,93.6797,93.7031,18.3516,17.1797,729.021,47.25,1.34,0.858668,2.02,95.25,0,0,0,0.984375,0,1.5,1.5,1.5
49.233,0,0,0,0,0.961304,0.99997,1.11041,0,1,1,1,0,0.952882,0.949953,0,0,2.55556,2.52778,2.52778,749.5,970,307.734,970,971.523,17.9766,93.6797,93.7031,17.6484,17.1797,729.021,47.25,1.316,0.869334,1.996,95.25,0,0,0,0.78125,0,0,0,0
49.266,0,0,0,0,0.96161,0.99997,1.10919,0,1,1,1,0,0.952882,0.947267,0,0,2.55556,2.52778,2.52778,749.5,970,307.734,970,971.523,17.9766,93.6797,93.7031,17.6484,17.2031,729.021,47.25,1.316,0.856001,1.996,95.25,0,0,0,1.14063,0,0,0,0
49.3,0,0,0,0,0.961854,0.99997,1.10907,0,1,1,1,0,0.952882,0.947267,0,0,2.55556,2.52778,2.55556,752,970,307.422,970,971.523,17.9531,93.6797,93.7031,17.7891,17.1094,729.021,47.25,1.32,0.856001,2,96,0,0,0,1.1875,0,0.75,0.75,0.75
49.333,0,0,0,0,0.962098,0.99997,1.10846,0,1,1,1,0,0.952882,0.946046,0,0,2.55556,2.55556,2.58334,750,970,307.5,970,971.523,17.9531,93.6797,93.7031,18.0234,17.0391,729.021,47.25,1.328,0.861334,2.008,96,0,0,0,1.4375,0,0.75,0.75,0.75
49.366,0,0,0,0,0.962403,0.99997,1.10834,0,1,1,1,0,0.952882,0.946046,0,0,2.55556,2.55556,2.5,747.25,970,306.797,970,971.523,17.9063,93.6797,93.7031,17.5078,17.0859,728.045,47.25,1.32,0.861334,2,96,0,0,0,1.4375,0,0.75,0.75,0.75
49.4,0,0,0,0,0.96161,0.99997,1.10773,0,1,1,1,0,0.952882,0.944826,0,0,2.5,2.52778,2.55556,749.5,970,306.719,970,971.523,17.8828,93.6797,93.7031,17.8594,17.1563,728.045,47.25,1.32,0.856001,2,95.25,0,0,0,1.26563,0,1.5,1.5,1.5
49.433,0,0,0,0,0.961915,0.99997,1.10873,0,1,1,1,0,0.952882,0.947267,0,0,2.5,2.55556,2.58334,751.75,970,306.875,970,971.523,17.9063,93.6797,93.7031,18,17.1563,728.045,47.25,1.324,0.856001,2.004,95.25,0,0,0,1.45313,0,0.75,0.75,0.75
49.466,0,0,0,0,0.962159,0.99997,1.10816,0,1,1,1,0,0.952882,0.946046,0,0,2.55556,2.55556,2.58334,751.75,970,306.875,970,971.523,17.9063,93.6797,93.7031,18,17.0859,728.045,47.25,1.324,0.858668,2.004,95.25,0,0,0,1.29688,0,0.75,0.75,0.75
49.5,0,0,0,0,0.95984,0.99997,1.10809,0,1,1,1,0,0.952882,0.946046,0,0,2.5,2.55556,2.55556,748.25,970,306.836,970,968.906,17.9063,93.6797,93.7031,17.8828,17.0391,728.045,47.25,1.32,0.856001,2,96,0,0,0,0.984375,0,0.75,0.75,0.75
49.533,0,0,0,0,0.96283,0.99997,1.10742,0,1,1,1,0,0.952882,0.944826,0,0,2.55556,2.52778,2.55556,748.25,970,307.734,970,971.523,17.9766,93.6797,93.7031,18.4922,17.1094,728.045,47.25,1.34,0.869334,2.028,96,0,0,0,0.984375,0,0.75,0.75,0.75
49.566,0,0,0,0,0.961488,0.99997,1.10724,0,1,1,1,0,0.952882,0.944826,0,0,2.55556,2.55556,2.5,752,970,306.641,970,968.906,17.8828,93.6797,93.7031,17.2734,17.1094,727.107,47.25,1.304,0.869334,1.992,96,0,0,0,0.84375,0,0,0,0
49.6,0,0,0,0,0.960389,0.99997,1.1066,0,1,1,1,0,0.952882,0.943605,0,0,2.55556,2.52778,2.55556,750,970,307.305,970,968.906,17.9297,93.6797,93.7031,18.3281,17.0156,727.107,47.25,1.332,0.848001,2,96,0,0,0,0.875,0,0.75,0.75,0.75
49.633,0,0,0,0,0.961426,0.99997,1.10748,0,1,1,1,0,0.952882,0.946046,0,0,2.55556,2.52778,2.58334,744.75,970,308.203,970,968.906,18,93.6797,93.7031,18.5156,17.0156,727.107,47.25,1.34,0.864001,2.008,96,0,0,0,1.35938,0,0.75,0.75,0.75
49.666,0,0,0,0,0.962525,0.99997,1.10733,0,1,1,1,0,0.952882,0.946046,0,0,2.55556,2.52778,2.58334,744.75,970,308.203,970,968.906,18,93.6797,93.7031,18.5156,17.0859,727.107,47.25,1.34,0.869334,2.008,96,0,0,0,0.921875,0,0.75,0.75,0.75
49.7,0,0,0,0,0.966004,0.99997,1.10703,0,1,1,1,0,0.952882,0.946046,0,0,2.5,2.55556,2.52778,741.5,970,308.438,970,971.523,18.0234,93.6797,93.7031,18.1641,17.2266,727.107,47.25,1.332,0.866668,2,96,0,0,0,1.23438,0,1.5,1.5,1.5
49.733,0,0,0,0,0.963441,0.99997,1.10581,0,1,1,1,0,0.952882,0.943605,0,0,2.5,2.55556,2.58334,742.25,970,308.203,970,968.906,18,93.6797,93.7031,17.8828,17.2734,727.107,47.25,1.332,0.864001,2.02,96,0,0,0,1.23438,0,1.5,1.5,1.5
49.766,0,0,0,0,0.963258,0.99997,1.10556,0,1,1,1,0,0.952882,0.943605,0,0,2.5,2.55556,2.55556,745.75,970,308.594,970,968.906,18.0234,93.6797,93.7031,18.2578,17.2969,726.15,47.25,1.336,0.864001,2.024,96,0,0,0,1.21875,0,1.5,1.5,1.5
49.8,0,0,0,0,0.963868,0.99997,1.10584,0,1,1,1,0,0.952882,0.944826,0,0,2.55556,2.55556,2.55556,744,970,308.867,970,968.906,18.0469,93.6797,93.7031,18.2109,17.2266,726.15,47.25,1.34,0.866668,2.004,96,0,0,0,1.64063,0,1.5,1.5,1.5
49.833,0,0,0,0,0.964295,0.99997,1.10611,0,1,1,1,0,0.952882,0.946046,0,0,2.55556,2.55556,2.52778,744.5,970,308.75,970,968.906,18.0938,93.9141,93.7031,17.9766,17.2266,726.15,47.25,1.332,0.869334,1.996,96,0,0,0,1.10938,0,1.5,1.5,1.5
49.866,0,0,0,0,0.964417,0.99997,1.10541,0,1,1,1,0,0.952882,0.944826,0,0,2.55556,2.55556,2.52778,744.5,970,308.75,970,968.906,18.0938,93.6797,93.7031,17.9766,17.2734,726.15,47.25,1.332,0.866668,1.996,96,0,0,0,1.09375,0,1.5,1.5,1.5
49.9,0,0,0,0,0.964905,0.99997,1.1051,0,1,1,1,0,0.952882,0.944826,0,0,2.55556,2.55556,2.61111,746.75,970,309.258,970,968.906,18.1172,93.6797,93.7031,18.4453,17.2734,726.15,47.25,1.348,0.874668,2.012,95.25,0,0,0,0.875,0,1.5,1.5,1.5
49.933,0,0,0,0,0.965394,0.99997,1.1044,0,1,1,1,0,0.952882,0.943605,0,0,2.55556,2.55556,2.52778,749.75,970,308.711,970,968.906,18.0703,93.6797,93.7031,17.7656,17.2266,726.15,47.25,1.328,0.864001,2.016,95.25,0,0,0,0.875,0,0.75,0.75,0.75
49.966,0,0,0,0,0.965272,0.99997,1.10416,0,1,1,1,0,0.952882,0.943605,0,0,2.55556,2.55556,2.55556,745,970,308.672,970,968.906,18.0703,93.6797,93.7031,18.0469,17.1563,725.213,47.25,1.332,0.864001,2.02,95.25,0,0,0,1.07813,0,1.5,1.5,1.5
50,0,0,0,0,0.965455,0.99997,1.10382,0,1,1,1,0,0.952882,0.943605,0,0,2.55556,2.55556,2.55556,743.5,970,308.672,970,968.906,18.0703,93.6797,93.7031,18.0703,17.2734,725.213,47.25,1.332,0.864001,2,96,0,0,0,0.765625,0,1.5,1.5,1.5
50.033,0,0,0,0,0.965577,0.99997,1.10465,0,1,1,1,0,0.952882,0.946046,0,0,2.55556,2.55556,2.52778,745.75,970,308.203,970,968.906,18.0469,93.6797,93.7031,17.7891,17.2734,725.213,47.25,1.328,0.864001,1.996,96,0,0,0,0.90625,0,1.5,1.5,1.5
50.066,0,0,0,0,0.965455,0.99997,1.104,0,1,1,1,0,0.952882,0.944826,0,0,2.55556,2.55556,2.52778,745.75,970,308.203,970,968.906,18.0469,93.6797,93.7031,17.7891,17.3203,725.213,47.25,1.328,0.861334,1.996,96,0,0,0,1.20313,0,1.5,1.5,1.5
50.1,0,0,0,0,0.96576,0.99997,1.10425,0,1,1,1,0,0.952882,0.946046,0,0,2.55556,2.55556,2.61111,747.75,970,308.633,970,968.906,18.0703,93.6797,93.7031,18.3281,17.2734,725.213,47.25,1.336,0.866668,2.004,96,0,0,0,1.54688,0,1.5,1.5,1.5
50.133,0,0,0,0,0.966248,0.99997,1.10349,0,1,1,1,0,0.952882,0.944826,0,0,2.55556,2.55556,2.55556,748,970,308.398,970,968.906,18.0469,93.6797,93.7031,17.9297,17.2266,725.213,47.25,1.332,0.864001,2.012,96,0,0,0,1.54688,0,0.75,0.75,0.75
50.166,0,0,0,0,0.966309,0.99997,1.10318,0,1,1,1,0,0.952882,0.944826,0,0,2.55556,2.55556,2.52778,746,970,307.93,970,968.906,18.0234,93.6797,93.7031,17.7656,17.2266,724.256,47.25,1.332,0.864001,2.012,96,0,0,0,1.54688,0,1.5,1.5,1.5
50.2,0,0,0,0,0.965943,0.99997,1.10297,0,1,1,1,0,0.952882,0.944826,0,0,2.55556,2.55556,2.61111,748.5,970,308.32,970,968.906,18.0469,93.6797,93.7031,18.2813,17.2734,724.256,47.25,1.34,0.864001,2.02,96,0,0,0,1.23438,0,0.75,0.75,0.75
50.233,0,0,0,0,0.966553,0.99997,1.10336,0,1,1,1,0,0.952882,0.946046,0,0,2.55556,2.55556,2.61111,748.5,970,308.32,970,968.906,18.0469,93.6797,93.7031,17.6484,17.2734,724.256,47.25,1.32,0.869334,2,96,0,0,0,1.23438,0,0.75,0.75,0.75
50.266,0,0,0,0,0.966614,0.99997,1.10272,0,1,1,1,0,0.952882,0.944826,0,0,2.55556,2.55556,2.52778,751,970,307.695,970,968.906,18,93.6797,93.7031,17.6484,17.2266,724.256,47.25,1.32,0.858668,2,96,0,0,0,1.17188,0,0.75,0.75,0.75
50.3,0,0,0,0,0.966492,0.99997,1.10254,0,1,1,1,0,0.952882,0.944826,0,0,2.55556,2.55556,2.55556,748.75,970,307.5,970,968.906,18,93.6797,93.7031,17.8828,17.1563,724.256,47.25,1.328,0.861334,2.008,96,0,0,0,0.96875,0,0.75,0.75,0.75
50.333,0,0,0,0,0.966492,0.99997,1.10132,0,1,1,1,0,0.952882,0.942384,0,0,2.55556,2.55556,2.55556,748,970,307.344,970,968.906,17.9766,93.6797,93.7031,17.9063,17.2031,724.256,47.25,1.328,0.861334,2.016,96,0,0,0,0.96875,0,0.75,0.75,0.75
50.366,0,0,0,0,0.966553,0.99997,1.10175,0,1,1,1,0,0.952882,0.943605,0,0,2.55556,2.55556,2.52778,749.75,970,306.836,970,968.906,17.9531,93.6797,93.7031,17.6484,17.2266,723.299,47.25,1.32,0.861334,2.008,96,0,0,0,0.8125,0,0,0,0
50.4,0,0,0,0,0.966126,0.99997,1.10111,0,1,1,1,0,0.952882,0.942384,0,0,2.55556,2.55556,2.58334,750.25,970,306.914,970,968.906,17.9531,93.6797,93.7031,18.0234,17.1797,723.299,47.25,1.328,0.856001,2.008,96,0,0,0,0.875,0,0.75,0.75,0.75
50.433,0,0,0,0,0.966431,0.99997,1.10211,0,1,1,1,0,0.952882,0.944826,0,0,2.55556,2.55556,2.58334,750.25,970,306.914,970,968.906,17.9531,93.6797,93.7031,18.0234,17.1797,723.299,47.25,1.328,0.861334,2.008,96,0,0,0,1.125,0,0.75,0.75,0.75
50.466,0,0,0,0,0.966309,0.99997,1.10144,0,1,1,1,0,0.952882,0.943605,0,0,2.5,2.55556,2.52778,746.75,970,306.523,970,968.906,17.9297,93.6797,93.7031,17.7188,17.1563,723.299,47.25,1.32,0.856001,2,96,0,0,0,1.15625,0,1.5,1.5,1.5
50.5,0,0,0,0,0.966248,0.99997,1.10126,0,1,1,1,0,0.952882,0.943605,0,0,2.5,2.55556,2.58334,746,970,306.836,970,968.906,17.9531,93.6797,93.7031,18.1406,17.2266,723.299,47.25,1.328,0.861334,2.008,96,0,0,0,1.35938,0,1.5,1.5,1.5
50.533,0,0,0,0,0.966431,0.99997,1.10004,0,1,1,1,0,0.952882,0.941164,0,0,2.5,2.55556,2.52778,748.75,970,306.367,970,968.906,17.9063,93.6797,93.7031,17.6719,17.25,723.299,47.25,1.312,0.850668,1.992,96,0,0,0,1.35938,0,0.75,0.75,0.75
50.566,0,0,0,0,0.966065,0.99997,1.10043,0,1,1,1,0,0.952882,0.942384,0,0,2.5,2.55556,2.55556,750.5,970,306.25,970,968.906,17.9063,93.6797,93.7031,17.8359,17.2031,722.361,47.25,1.316,0.850668,1.996,96,0,0,0,1.5,0,0.75,0.75,0.75
50.6,0,0,0,0,0.966065,0.99997,1.10025,0,1,1,1,0,0.952882,0.942384,0,0,2.55556,2.55556,2.55556,747,970,306.25,970,968.906,17.9063,93.6797,93.7031,17.9063,17.1563,722.361,47.25,1.32,0.853334,1.988,96,0,0,0,1.57813,0,1.5,1.5,1.5
50.633,0,0,0,0,0.966065,0.99997,1.10059,0,1,1,1,0,0.952882,0.943605,0,0,2.5,2.55556,2.55556,747,970,306.25,970,968.906,17.9063,93.6797,93.7031,17.9063,17.1563,722.361,47.25,1.32,0.856001,1.988,96,0,0,0,1.125,0,1.5,1.5,1.5
50.666,0,0,0,0,0.966065,0.99997,1.09992,0,1,1,1,0,0.952882,0.942384,0,0,2.5,2.55556,2.55556,745,970,306.289,970,968.906,17.9063,93.6797,93.7031,17.9531,17.2266,722.361,47.25,1.32,0.856001,1.988,96,0,0,0,0.9375,0,1.5,1.5,1.5
50.7,0,0,0,0,0.966492,0.99997,1.09964,0,1,1,1,0,0.952882,0.942384,0,0,2.5,2.55556,2.61111,744.75,970,306.953,970,968.906,17.9531,93.6797,93.7031,18.3516,17.2969,722.361,47.25,1.332,0.864001,2,96,0,0,0,0.734375,0,2.25,2.25,2.25
50.733,0,0,0,0,0.967103,0.99997,1.09888,0,1,1,1,0,0.952882,0.941164,0,0,2.5,2.55556,2.52778,744.25,970,306.68,970,968.906,17.9297,93.6797,93.7031,17.7891,17.2969,722.361,47.25,1.316,0.853334,2.004,96,0,0,0,0.734375,0,1.5,1.5,1.5
50.766,0,0,0,0,0.966798,0.99997,1.09863,0,1,1,1,0,0.952882,0.941164,0,0,2.5,2.55556,2.5,741.25,970,306.211,970,968.906,17.9063,93.6797,93.7031,17.6484,17.3203,721.424,47.25,1.308,0.853334,1.996,96,0,0,0,1.03125,0,2.25,2.25,2.25
50.8,0,0,0,0,0.966065,0.99997,1.09879,0,1,1,1,0,0.952882,0.942384,0,0,2.5,2.55556,2.52778,740.5,970,306.133,970,968.906,17.8828,93.6797,93.7031,17.8594,17.4141,721.424,47.25,1.312,0.848001,1.992,96,0,0,0,0.875,0,3,3,3
50.833,0,0,0,0,0.965638,0.99997,1.09909,0,1,1,1,0,0.952882,0.943605,0,0,2.5,2.55556,2.52778,740.5,970,306.133,970,968.906,17.8828,93.6797,93.7031,17.8594,17.4375,721.424,47.25,1.312,0.850668,1.992,96,0,0,0,1.09375,0,3,3,3
50.866,0,0,0,0,0.965333,0.99997,1.09778,0,1,1,1,0,0.952882,0.941164,0,0,2.5,2.55556,2.52778,745.5,970,305.898,970,968.906,17.8828,93.6797,93.7031,17.7422,17.4609,721.424,47.25,1.308,0.848001,1.988,96,0,0,0,1.09375,0,2.25,2.25,2.25
50.9,0,0,0,0,0.965028,0.99997,1.09744,0,1,1,1,0,0.952882,0.941164,0,0,2.5,2.55556,2.55556,749.25,970,305.859,970,968.906,17.8594,93.6797,93.7031,17.8594,17.3672,721.424,47.25,1.312,0.850668,1.992,96,0,0,0,1.60938,0,1.5,1.5,1.5
50.933,0,0,0,0,0.964967,0.99997,1.09711,0,1,1,1,0,0.952882,0.941164,0,0,2.5,2.55556,2.61111,745.5,970,306.563,970,968.906,17.9297,93.6797,93.7031,18.3281,17.2734,721.424,47.25,1.324,0.858668,1.992,96,0,0,0,1.60938,0,1.5,1.5,1.5
50.966,0,0,0,0,0.965638,0.99997,1.09778,0,1,1,1,0,0.952882,0.943605,0,0,2.5,2.55556,2.55556,741.75,970,306.719,970,968.906,17.9297,93.6797,93.7031,18.0469,17.3672,720.467,47.25,1.324,0.858668,1.992,96,0,0,0,1.35938,0,2.25,2.25,2.25
51,0,0,0,0,0.965882,0.99997,1.09732,0,1,1,1,0,0.952882,0.943605,0,0,2.5,2.55556,2.5,743.75,970,306.211,970,968.906,17.9063,93.6797,93.7031,17.6016,17.4844,720.467,47.25,1.312,0.858668,1.992,96,0,0,0,1.23438,0,2.25,2.25,2.25
51.033,0,0,0,0,0.965394,0.99997,1.09796,0,1,1,1,0,0.952882,0.946046,0,0,2.5,2.55556,2.5,743.75,970,306.211,970,968.906,17.9063,93.6797,93.7031,17.6016,17.4844,720.467,47.25,1.312,0.850668,1.992,96,0,0,0,1.21875,0,2.25,2.25,2.25
51.066,0,0,0,0,0.96515,0.99997,1.09711,0,1,1,1,0,0.952882,0.944826,0,0,2.5,2.55556,2.61111,745.25,970,306.875,970,968.906,17.9531,93.6797,93.7031,18.3516,17.4375,720.467,47.25,1.328,0.861334,2.008,96,0,0,0,1.1875,0,2.25,2.25,2.25
51.1,0,0,0,0,0.965821,0.99997,1.09708,0,1,1,1,0,0.952882,0.946046,0,0,2.5,2.55556,2.55556,745.5,970,306.836,970,968.906,17.9531,93.6797,93.7031,17.9297,17.4141,720.467,47.25,1.32,0.856001,2.008,96,0,0,0,1,0,2.25,2.25,2.25
51.133,0,0,0,0,0.965821,0.99997,1.09662,0,1,1,1,0,0.952882,0.946046,0,0,2.5,2.55556,2.55556,745.75,970,306.797,970,968.906,17.9297,93.6797,93.7031,17.9297,17.4141,720.467,47.25,1.32,0.856001,2.008,96,0,0,0,1,0,1.5,1.5,1.5
51.166,0,0,0,0,0.965821,0.99997,1.09732,0,1,1,1,0,0.952882,0.948488,0,0,2.5,2.55556,2.55556,747.75,970,306.719,970,968.906,17.9297,93.6797,93.7031,17.8828,17.4375,719.529,47.25,1.32,0.856001,2.008,96,0,0,0,0.734375,0,0.75,0.75,0.75
51.2,0,0,0,0,0.965821,0.99997,1.09747,0,1,1,1,0,0.952882,0.949953,0,0,2.5,2.55556,2.55556,747.75,970,306.641,970,968.906,17.9297,93.6797,93.7031,17.8828,17.3906,719.529,47.25,1.32,0.856001,2.008,96,0,0,0,1.04688,0,1.5,1.5,1.5
51.233,0,0,0,0,0.965821,0.99997,1.09775,0,1,1,1,0,0.952882,0.951173,0,0,2.5,2.55556,2.55556,747.75,970,306.641,970,968.906,17.9297,93.6797,93.7031,17.8828,17.3906,719.529,47.25,1.32,0.856001,2.008,96,0,0,0,1.23438,0,1.5,1.5,1.5
51.266,0,0,0,0,0.965821,0.99997,1.09692,0,1,1,1,0,0.952882,0.949953,0,0,2.5,2.55556,2.55556,743.25,970,306.719,970,968.906,17.9297,93.6797,93.7031,18,17.4141,719.529,47.25,1.32,0.856001,2.008,96,0,0,0,1.40625,0,2.25,2.25,2.25
51.3,0,0,0,0,0.965821,0.99997,1.09665,0,1,1,1,0,0.952882,0.949953,0,0,2.5,2.55556,2.55556,743.5,970,306.797,970,968.906,17.9297,93.6797,93.7031,18,17.5078,719.529,47.25,1.324,0.858668,2.028,96,0,0,0,1.21875,0,3,3,3
51.333,0,0,0,0,0.965821,0.99997,1.09653,0,1,1,1,0,0.952882,0.949953,0,0,2.5,2.55556,2.58334,746.5,970,307.07,970,968.906,17.9531,93.6797,93.7031,18.1172,17.5078,719.529,47.25,1.328,0.861334,2.032,96,0,0,0,1.21875,0,2.25,2.25,2.25
51.366,0,0,0,0,0.966065,0.99997,1.0975,0,1,1,1,0,0.952882,0.952394,0,0,2.5,2.55556,2.58334,750.5,970,307.148,970,968.906,17.9766,93.6797,93.7031,18.0234,17.4375,718.592,47.25,1.324,0.861334,2.028,96,0,0,0,1.26563,0,1.5,1.5,1.5
51.4,0,0,0,0,0.966492,0.99997,1.0975,0,1,1,1,0,0.952882,0.952394,0,0,2.55556,2.55556,2.55556,749,970,306.953,970,968.906,17.9531,93.6797,93.7031,17.8594,17.3672,718.592,47.25,1.32,0.858668,1.988,96,0,0,0,1.29688,0,1.5,1.5,1.5
51.433,0,0,0,0,0.966492,0.99997,1.0976,0,1,1,1,0,0.952882,0.952394,0,0,2.55556,2.55556,2.55556,749,970,306.953,970,968.906,17.9531,93.6797,93.7031,17.8594,17.3438,718.592,47.25,1.32,0.856001,1.988,96,0,0,0,0.90625,0,1.5,1.5,1.5
51.466,0,0,0,0,0.966492,0.99997,1.09705,0,1,1,1,0,0.952882,0.951173,0,0,2.5,2.55556,2.52778,747.5,970,306.563,970,968.906,17.9297,93.6797,93.7031,17.7188,17.3672,718.592,47.25,1.32,0.856001,1.988,96,0,0,0,1.07813,0,1.5,1.5,1.5
51.5,0,0,0,0,0.966248,0.99997,1.09714,0,1,1,1,0,0.952882,0.951173,0,0,2.55556,2.55556,2.58334,751.5,970,306.641,970,968.906,17.9297,93.6797,93.7031,18,17.4141,718.592,47.25,1.32,0.856001,2.008,96,0,0,0,0.796875,0,1.5,1.5,1.5
51.533,0,0,0,0,0.966553,0.99997,1.09668,0,1,1,1,0,0.952882,0.949953,0,0,2.55556,2.55556,2.52778,754.75,970,306.016,970,968.906,17.8828,93.6797,93.7031,17.5313,17.3203,718.592,47.25,1.308,0.848001,1.996,96,0,0,0,0.796875,0,0.75,0.75,0.75
51.566,0,0,0,0,0.966248,0.99997,1.0979,0,1,1,1,0,0.952882,0.952394,0,0,2.55556,2.55556,2.61111,753.75,970,306.406,970,968.906,17.9063,93.6797,93.7031,18.1406,17.2266,717.635,47.25,1.324,0.848001,2.012,96,0,0,0,1.39063,0,0.75,0.75,0.75
51.6,0,0,0,0,0.966737,0.99997,1.09799,0,1,1,1,0,0.952882,0.952394,0,0,2.55556,2.55556,2.52778,753.5,970,305.859,970,968.906,17.8594,93.6797,93.7031,17.5547,17.2266,717.635,47.25,1.308,0.858668,1.988,96,0,0,0,1.01563,0,1.5,1.5,1.5
51.633,0,0,0,0,0.966737,0.99997,1.0976,0,1,1,1,0,0.952882,0.951173,0,0,2.55556,2.55556,2.52778,753.5,970,305.859,970,968.906,17.8594,93.6797,93.7031,17.5547,17.2266,717.635,47.25,1.308,0.848001,1.988,96,0,0,0,1.32813,0,1.5,1.5,1.5
51.666,0,0,0,0,0.96637,0.99997,1.09723,0,1,1,1,0,0.952882,0.949953,0,0,2.55556,2.55556,2.5,755.25,970,305,970,968.906,17.8125,93.6797,93.7031,17.3203,17.2031,717.635,47.25,1.3,0.842668,1.98,96,0,0,0,1.26563,0,0,0,0
51.7,0,0,0,0,0.965943,0.99997,1.09744,0,1,1,1,0,0.952882,0.949953,0,0,2.55556,2.55556,2.61111,755.5,970,305.43,970,968.906,17.8359,93.6797,93.7031,18.0938,17.1563,717.635,47.25,1.32,0.856001,2.016,96.75,0,0,0,1.65625,0,0.75,0.75,0.75
51.733,0,0,0,0,0.966492,0.99997,1.09683,0,1,1,1,0,0.952882,0.948488,0,0,2.5,2.55556,2.5,752.75,970,304.727,970,968.906,17.7891,93.6797,93.7031,17.3906,17.1328,717.635,47.25,1.304,0.845334,2,96.75,0,0,0,1.65625,0,1.5,1.5,1.5
51.766,0,0,0,0,0.965882,0.99997,1.09763,0,1,1,1,0,0.952882,0.949953,0,0,2.5,2.55556,2.61111,751,970,305.352,970,968.906,17.8359,93.6797,93.7031,18.2109,17.1563,716.717,47.25,1.324,0.845334,2.02,96.75,0,0,0,1.15625,0,0.75,0.75,0.75
51.8,0,0,0,0,0.966248,0.99997,1.09772,0,1,1,1,0,0.952882,0.949953,0,0,2.5,2.55556,2.58334,754.75,970,305.469,970,968.906,17.8359,93.6797,93.7031,17.9297,17.1797,716.717,47.25,1.32,0.858668,2,96.75,0,0,0,0.9375,0,0.75,0.75,0.75
51.833,0,0,0,0,0.966614,0.99997,1.09726,0,1,1,1,0,0.952882,0.948488,0,0,2.55556,2.55556,2.58334,754.75,970,305.469,970,968.906,17.8359,93.6797,93.7031,17.9297,17.1797,716.717,47.25,1.32,0.856001,2,96.75,0,0,0,0.875,0,0.75,0.75,0.75
51.866,0,0,0,0,0.966981,0.99997,1.0968,0,1,1,1,0,0.952882,0.947267,0,0,2.55556,2.55556,2.58334,757,970,305.508,970,968.906,17.8359,93.6797,93.7031,17.8828,17.0859,716.717,47.25,1.32,0.856001,2,96.75,0,0,0,1.0625,0,0,0,0
51.9,0,0,0,0,0.967286,0.99997,1.09628,0,1,1,1,0,0.952882,0.946046,0,0,2.55556,2.55556,2.55556,753.5,970,305.352,970,968.906,17.8359,93.6797,93.7031,17.7422,17.0156,716.717,47.25,1.32,0.856001,2,96,0,0,0,1.09375,0,0.75,0.75,0.75
51.933,0,0,0,0,0.967286,0.99997,1.09628,0,1,1,1,0,0.952882,0.946046,0,0,2.5,2.55556,2.61111,749.5,970,305.938,970,968.906,17.8828,93.6797,93.7031,18.2344,17.0859,716.717,47.25,1.328,0.861334,2.032,96,0,0,0,1.09375,0,0.75,0.75,0.75
51.966,0,0,0,0,0.967896,0.99997,1.09671,0,1,1,1,0,0.952882,0.947267,0,0,2.5,2.55556,2.5,749.75,970,305.273,970,968.906,17.8359,93.6797,93.7031,17.4609,17.1563,715.76,47.25,1.308,0.861334,2.012,96,0,0,0,0.984375,0,0.75,0.75,0.75
52,0,0,0,0,0.967408,0.99997,1.09665,0,1,1,1,0,0.952882,0.947267,0,0,2.5,2.55556,2.55556,749.5,970,305.273,970,968.906,17.8359,93.6797,93.7031,17.8594,17.1563,715.76,47.25,1.32,0.848001,1.988,96,0,0,0,1.21875,0,0,0,0
52.033,0,0,0,0,0.967225,0.99997,1.09711,0,1,1,1,0,0.952882,0.948488,0,0,2.5,2.55556,2.55556,749.5,970,305.273,970,968.906,17.8359,93.6797,93.7031,17.8594,17.1563,715.76,47.25,1.32,0.856001,1.988,96,0,0,0,1.5,0,0,0,0
52.066,0,0,0,0,0.967225,0.99997,1.09595,0,1,1,1,0,0.952882,0.946046,0,0,2.5,2.55556,2.55556,745.5,970,305.391,970,968.906,17.8359,93.6797,93.7031,17.9297,17.1563,715.76,47.25,1.32,0.856001,1.988,96,0,0,0,1.4375,0,1.5,1.5,1.5
52.1,0,0,0,0,0.964661,0.99997,1.09567,0,1,1,1,0,0.952882,0.946046,0,0,2.5,2.55556,2.58334,744.5,970,305.859,970,966.25,17.8594,93.6797,93.7031,18.1641,17.25,715.76,47.25,1.324,0.858668,1.992,96,0,0,0,1.1875,0,2.25,2.25,2.25
52.133,0,0,0,0,0.96753,0.99997,1.095,0,1,1,1,0,0.952882,0.944826,0,0,2.5,2.55556,2.5,746,970,306.328,970,968.867,17.9063,93.6797,93.7031,18.1641,17.2734,715.76,47.25,1.328,0.861334,2.024,96,0,0,0,1.1875,0,1.5,1.5,1.5
52.166,0,0,0,0,0.967957,0.99997,1.09589,0,1,1,1,0,0.952882,0.947267,0,0,2.5,2.55556,2.58334,747.5,970,306.406,970,968.906,17.9063,93.6797,93.7031,17.9766,17.2734,714.861,47.25,1.32,0.861334,2.016,96,0,0,0,1.10938,0,1.5,1.5,1.5
52.2,0,0,0,0,0.965516,0.99997,1.09564,0,1,1,1,0,0.952882,0.947267,0,0,2.5,2.55556,2.58334,745.25,970,307.539,970,966.25,18,93.6797,93.7031,18.6563,17.2266,714.861,47.25,1.34,0.856001,2.02,96.75,0,0,0,1.1875,0,1.5,1.5,1.5
52.233,0,0,0,0,0.968934,0.99997,1.09546,0,1,1,1,0,0.952882,0.947267,0,0,2.55556,2.55556,2.58334,745.25,970,307.539,970,968.906,18,93.6797,93.7031,18.6563,17.2266,714.861,47.25,1.34,0.869334,2.02,96.75,0,0,0,0.90625,0,1.5,1.5,1.5
52.266,0,0,0,0,0.967103,0.99997,1.09424,0,1,1,1,0,0.952882,0.944826,0,0,2.55556,2.55556,2.61111,744.5,970,307.773,970,966.25,18.0234,93.6797,93.7031,18.1641,17.2969,714.861,47.25,1.328,0.864001,2.008,96.75,0,0,0,0.765625,0,1.5,1.5,1.5
52.3,0,0,0,0,0.970216,0.99997,1.09403,0,1,1,1,0,0.952882,0.944826,0,0,2.55556,2.55556,2.55556,747.25,970,308.242,970,968.906,18.0469,93.6797,93.7031,18.3516,17.3203,714.861,47.25,1.336,0.866668,2.04,96.75,0,0,0,1,0,1.5,1.5,1.5
52.333,0,0,0,0,0.970948,0.99997,1.09384,0,1,1,1,0,0.952882,0.944826,0,0,2.55556,2.55556,2.52778,749.75,970,307.227,970,968.906,17.9766,93.6797,93.7031,17.3906,17.2734,714.861,47.25,1.312,0.853334,2.016,96.75,0,0,0,1,0,0,0,0
52.366,0,0,0,0,0.970155,0.99997,1.09421,0,1,1,1,0,0.952882,0.946046,0,0,2.55556,2.55556,2.55556,747,970,306.797,970,968.906,17.9297,93.6797,93.7031,17.7188,17.2031,713.943,47.25,1.32,0.853334,2.024,96.75,0,0,0,1.35938,0,0.75,0.75,0.75
52.4,0,0,0,0,0.966981,0.99997,1.09454,0,1,1,1,0,0.952882,0.947267,0,0,2.5,2.55556,2.58334,745.5,970,307.773,970,966.25,18.0234,93.6797,93.7031,18.5859,17.2734,713.943,47.25,1.336,0.856001,2.016,96,0,0,0,1.375,0,1.5,1.5,1.5
52.433,0,0,0,0,0.96753,0.99997,1.09384,0,1,1,1,0,0.952882,0.946046,0,0,2.55556,2.55556,2.58334,745.5,970,307.773,970,966.25,18.0234,93.6797,93.7031,18.5859,17.2734,713.943,47.25,1.336,0.866668,2.016,96,0,0,0,1.40625,0,1.5,1.5,1.5
52.466,0,0,0,0,0.97107,0.99997,1.09314,0,1,1,1,0,0.952882,0.944826,0,0,2.55556,2.55556,2.55556,748,970,308.086,970,968.906,18.0234,93.6797,93.7031,18.2344,17.3203,713.943,47.25,1.332,0.864001,2.012,96,0,0,0,1.32813,0,2.25,2.25,2.25
52.5,0,0,0,0,0.971925,0.99997,1.09296,0,1,1,1,0,0.952882,0.944826,0,0,2.55556,2.55556,2.69445,749.75,970,308.789,970,968.906,18.0938,93.6797,93.7031,18.4922,17.25,713.943,47.25,1.34,0.869334,2.028,96,0,0,0,1.46875,0,1.5,1.5,1.5
52.533,0,0,0,0,0.970216,0.99997,1.09222,0,1,1,1,0,0.952882,0.943605,0,0,2.55556,2.58334,2.55556,746.25,970,308.125,970,966.25,18.0469,93.6797,93.7031,17.6719,17.2266,713.943,47.25,1.316,0.856001,2.004,96,0,0,0,1.46875,0,1.5,1.5,1.5
52.566,0,0,0,0,0.969483,0.99997,1.09311,0,1,1,1,0,0.952882,0.946046,0,0,2.55556,2.55556,2.55556,745,970,308.594,970,966.25,18.0703,93.6797,93.7031,18.375,17.2969,713.025,47.25,1.336,0.856001,2.024,96,0,0,0,0.90625,0,1.5,1.5,1.5
52.6,0,0,0,0,0.96991,0.99997,1.0929,0,1,1,1,0,0.952882,0.946046,0,0,2.55556,2.55556,2.61111,748.75,970,309.375,970,966.25,18.1406,93.6797,93.7031,18.5859,17.3203,713.025,46.5,1.344,0.866668,2.012,96.75,0,0,0,0.90625,0,0.75,0.75,0.75
52.633,0,0,0,0,0.970887,0.99997,1.09226,0,1,1,1,0,0.952882,0.944826,0,0,2.55556,2.55556,2.61111,748.75,970,309.375,970,966.25,18.1406,93.6797,93.7031,18.5859,17.3203,713.025,46.5,1.344,0.872001,2.012,96.75,0,0,0,0.8125,0,0.75,0.75,0.75
52.666,0,0,0,0,0.974488,0.99997,1.09161,0,1,1,1,0,0.952882,0.943605,0,0,2.55556,2.55556,2.58334,750.5,970,309.57,970,968.906,18.1406,93.6797,93.7031,18.2813,17.25,713.025,46.5,1.328,0.864001,1.996,96.75,0,0,0,1.1875,0,0.75,0.75,0.75
52.7,0,0,0,0,0.974732,0.99997,1.09091,0,1,1,1,0,0.952882,0.942384,0,0,2.55556,2.58334,2.52778,744.75,970,308.359,970,968.906,18.0469,93.6797,93.7031,17.3672,17.2031,713.025,46.5,1.316,0.853334,2.012,96.75,0,0,0,1.1875,0,1.5,1.5,1.5
52.733,0,0,0,0,0.973511,0.99997,1.0907,0,1,1,1,0,0.952882,0.942384,0,0,2.5,2.58334,2.61111,743,970,308.398,970,968.906,18.0469,93.6797,93.7031,18.0938,17.3203,713.025,46.5,1.328,0.861334,2.024,96.75,0,0,0,0.8125,0,2.25,2.25,2.25
52.766,0,0,0,0,0.973328,0.99997,1.09116,0,1,1,1,0,0.952882,0.943605,0,0,2.5,2.58334,2.55556,746,970,307.852,970,968.906,18.0234,93.6797,93.7031,17.6953,17.3906,712.127,46.5,1.324,0.861334,2.02,96.75,0,0,0,1.01563,0,1.5,1.5,1.5
52.8,0,0,0,0,0.96991,0.99997,1.09055,0,1,1,1,0,1,0.942384,0,0,2.55556,2.55556,2.58334,749.75,970,308.516,970,966.25,18.0703,93.6797,93.7031,18.4688,17.5781,712.127,46.5,1.272,0.858668,1.952,96,0,0,0,1.28125,0,3,3,3
52.833,0,0,0,0,0.970277,0.99997,1.09,0,1,1,1,0,1,0.941164,0,0,2.55556,2.55556,2.58334,749.75,970,308.516,970,966.25,18.0703,93.6797,93.7031,18.4688,17.5781,712.127,46.5,1.272,0.826668,1.952,96,0,0,0,1.5625,0,3,3,3
52.866,0,0,0,0,0.970948,0.99997,1.08878,0,1,1,1,0,1,0.938722,0,0,2.55556,2.55556,2.52778,748.25,970,308.438,970,966.25,18.0703,93.6797,93.7031,18.0234,17.5078,712.127,46.5,1.268,0.821334,1.948,96,0,0,0,1.5625,0,3.75,3.75,3.75
52.9,0,0,0,0,0.971314,0.99997,1.08853,0,1,1,1,0,1,0.938722,0,0,2.55556,2.55556,2.55556,747,970,308.555,970,966.25,18.0703,93.6797,93.7031,18.1641,17.5547,712.127,46.5,1.272,0.821334,1.952,96.75,0,0,0,1.48438,0,3.75,3.75,3.75
52.933,0,0,0,0,0.97168,0.99997,1.08835,0,1,1,1,0,1,0.938722,0,0,2.55556,2.55556,2.55556,749.75,970,308.516,970,966.25,18.0703,93.6797,93.7031,18.0469,17.5781,712.127,46.5,1.272,0.821334,1.952,96.75,0,0,0,0.984375,0,3,3,3
52.966,0,0,0,0,0.971986,0.99997,1.08923,0,1,1,1,0,1,0.941164,0,0,2.55556,2.55556,2.55556,754,970,308.242,970,966.25,18.0469,93.6797,93.7031,17.9063,17.5078,711.229,46.5,1.268,0.821334,1.948,96.75,0,0,0,1.14063,0,2.25,2.25,2.25
53,0,0,0,0,0.975037,0.99997,1.08841,0,1,1,1,0,1,0.939943,0,0,2.55556,2.58334,2.58334,753,970,307.305,970,968.906,17.9766,93.6797,93.7031,17.4609,17.3906,711.229,46.5,1.256,0.818668,1.924,96.75,0,0,0,1.0625,0,3,3,3
53.033,0,0,0,0,0.971863,0.99997,1.0882,0,1,1,1,0,1,0.939943,0,0,2.55556,2.58334,2.58334,753,970,307.305,970,966.25,17.9766,93.6797,93.7031,17.4609,17.3906,711.229,46.5,1.256,0.810668,1.924,96.75,0,0,0,0.890625,0,3,3,3
53.066,0,0,0,0,0.971497,0.99997,1.08734,0,1,1,1,0,1,0.938722,0,0,2.55556,2.55556,2.55556,752.25,970,307.344,970,966.25,17.9766,93.6797,93.7031,18.0234,17.3906,711.229,46.5,1.264,0.816001,1.932,96.75,0,0,0,0.875,0,3,3,3
53.1,0,0,0,0,0.971925,0.99997,1.08682,0,1,1,1,0,1,0.938722,0,0,2.55556,2.55556,2.55556,754.5,970,307.266,970,966.25,17.9766,93.6797,93.7031,17.9297,17.3906,711.229,46.5,1.264,0.816001,1.944,96.75,0,0,0,1.21875,0,3,3,3
53.133,0,0,0,0,0.974854,0.99997,1.08634,0,1,1,1,0,1,0.938722,0,0,2.55556,2.55556,2.58334,753.75,970,307.383,970,968.867,17.9766,93.6797,93.7031,18.0703,17.3438,711.229,46.5,1.268,0.818668,1.948,96.75,0,0,0,1.21875,0,3,3,3
53.166,0,0,0,0,0.975404,0.99997,1.08756,0,1,1,1,0,1,0.942384,0,0,2.55556,2.58334,2.58334,745.75,970,306.875,970,968.906,17.9531,93.6797,93.7031,17.6484,17.3438,710.33,46.5,1.256,0.818668,1.936,96.75,0,0,0,1.40625,0,3.75,3.75,3.75
53.2,0,0,0,0,0.974793,0.99997,1.08685,0,1,1,1,0,1,0.942384,0,0,2.5,2.58334,2.58334,743,970,306.68,970,968.906,17.9297,93.6797,93.7031,17.8359,17.5313,710.33,46.5,1.26,0.810668,1.94,96.75,0,0,0,1.3125,0,5.25,5.25,5.25
53.233,0,0,0,0,0.971497,0.99997,1.08698,0,1,1,1,0,1,0.943605,0,0,2.5,2.58334,2.58334,743,970,306.68,970,966.25,17.9297,93.6797,93.7031,17.8359,17.5313,710.33,46.5,1.26,0.813334,1.94,96.75,0,0,0,1.25,0,5.25,5.25,5.25
53.266,0,0,0,0,0.971253,0.99997,1.08594,0,1,1,1,0,1,0.942384,0,0,2.5,2.55556,2.55556,746.5,970,307.109,970,966.25,17.9531,93.6797,93.7031,18.2344,17.6016,710.33,46.5,1.264,0.816001,1.944,96.75,0,0,0,1.25,0,4.5,4.5,4.5
53.3,0,0,0,0,0.97461,0.99997,1.0672,0,1,1,1,0,1,0.943605,0,0,2.55556,2.55556,2.58334,745,970,307.734,970,968.906,18,93.6797,93.7031,18.375,17.5313,710.33,46.5,1.272,0.821334,1.96,96.75,0,0,0,1.17188,0,4.5,4.5,4.5
53.333,0,0,0,0,0.975281,0.99997,1.07126,0,1,1,1,0,1,0.946046,0,0,2.5,2.58334,2.52778,738,970,306.992,970,968.906,17.9531,93.6797,93.7031,17.5313,17.5781,710.33,46.5,1.236,0.800001,1.924,96.75,0,0,0,1.46875,0,6,6,6
53.366,0,0,0,0,0.974,0.99997,1.07416,0,1,1,1,0,1,0.948488,0,0,2.5,2.58334,2.52778,737.5,970,306.484,970,968.906,17.9063,93.6797,93.7031,17.625,17.7656,709.412,46.5,1.24,0.800001,1.928,96.75,0,0,0,0.765625,0,6,6,6
53.4,0,0,0,0,0.969788,0.99997,1.07492,0,1,1,1,0,1,0.951173,0,0,2.5,2.55556,2.52778,744.75,970,306.836,970,966.25,17.9531,93.6797,93.7031,18.1406,17.8125,709.412,46.5,1.228,0.800001,1.908,96,0,0,0,0.96875,0,5.25,5.25,5.25
53.433,0,0,0,0,0.969544,0.99997,1.07556,0,1,1,1,0,1,0.952394,0,0,2.5,2.55556,2.52778,744.75,970,306.836,970,966.25,17.9531,93.6797,93.7031,18.1406,17.7891,709.412,46.5,1.228,0.792001,1.908,96,0,0,0,0.78125,0,5.25,5.25,5.25
53.466,0,0,0,0,0.970155,0.99997,1.07456,0,1,1,1,0,1,0.952394,0,0,2.55556,2.55556,2.61111,749.75,970,307.695,970,966.25,18,93.6797,93.7031,18.5156,17.6484,709.412,46.5,1.236,0.797334,1.916,96,0,0,0,0.78125,0,3.75,3.75,3.75
53.5,0,0,0,0,0.971314,0.99997,1.07526,0,1,1,1,0,1,0.956056,0,0,2.55556,2.55556,2.58334,746.25,970,308.164,970,966.25,18.0469,93.6797,93.7031,18.3281,17.5313,709.412,46.5,1.236,0.797334,1.924,96.75,0,0,0,1.25,0,4.5,4.5,4.5
53.533,0,0,0,0,0.974488,0.99997,1.07456,0,1,1,1,0,1,0.958498,0,0,2.55556,2.55556,2.61111,745.5,970,308.828,970,968.867,18.0938,93.6797,93.7031,18.4922,17.625,709.412,46.5,1.24,0.800001,1.928,96.75,0,0,0,0.96875,0,3.75,3.75,3.75
53.566,0,0,0,0,0.975404,0.99997,1.07492,0,1,1,1,0,1,0.962404,0,0,2.55556,2.58334,2.61111,747.75,970,308.359,970,968.906,18.0469,93.6797,93.7031,17.8125,17.6484,708.514,46.5,1.228,0.800001,1.916,96.75,0,0,0,1.29688,0,3.75,3.75,3.75
53.6,0,0,0,0,0.972657,0.99997,1.07333,0,1,1,1,0,1,0.963625,0,0,2.55556,2.58334,2.55556,751.25,970,308.359,970,966.25,18.0469,93.6797,93.7031,18.0469,17.6016,708.514,46.5,1.276,0.792001,1.956,96.75,0,0,0,1.29688,0,3.75,3.75,3.75
53.633,0,0,0,0,0.972535,0.99997,1.07175,0,1,1,1,0,1,0.964845,0,0,2.55556,2.58334,2.55556,751.25,970,308.359,970,966.25,18.0469,93.6797,93.7031,18.0469,17.5781,708.514,46.5,1.276,0.824001,1.956,96.75,0,0,0,1.45313,0,3.75,3.75,3.75
53.666,0,0,0,0,0.972413,0.99997,1.07089,0,1,1,1,0,1,0.966066,0,0,2.5,2.58334,2.5,743.75,970,307.93,970,966.25,18.0234,93.6797,93.7031,17.7891,17.5078,708.514,46.5,1.264,0.818668,1.944,96.75,0,0,0,1.45313,0,4.5,4.5,4.5
53.7,0,0,0,0,0.971986,0.99997,1.06976,0,1,1,1,0,1,0.969972,0,0,2.5,2.55556,2.61111,736.5,970,308.945,970,966.25,18.0938,93.6797,93.7031,18.7031,17.7188,708.514,46.5,1.292,0.834668,1.972,96.75,0,0,0,0.984375,0,6.75,6.75,6.75
53.733,0,0,0,0,0.97284,0.99997,1.06894,0,1,1,1,0,1,0.971193,0,0,2.55556,2.58334,2.61111,741.5,970,309.648,970,966.25,18.1406,93.6797,93.7031,18.5625,17.8828,708.514,46.5,1.284,0.832001,1.964,96.75,0,0,0,0.84375,0,6,6,6
53.766,0,0,0,0,0.973328,0.99997,1.0683,0,1,1,1,0,1,0.973634,0,0,2.55556,2.58334,2.61111,741.5,970,309.648,970,966.25,18.1406,93.6797,93.7031,18.5625,17.7891,707.615,46.5,1.284,0.832001,1.964,96.75,0,0,0,1.03125,0,6,6,6
53.8,0,0,0,0,0.973695,0.99997,1.06748,0,1,1,1,0,1,0.976076,0,0,2.55556,2.58334,2.58334,745,970,309.766,970,966.25,18.1641,93.6797,93.7031,18.2344,17.7188,707.615,46.5,1.276,0.826668,1.956,96.75,0,0,0,1.17188,0,4.5,4.5,4.5
53.833,0,0,0,0,0.976502,0.99997,1.06607,0,1,1,1,0,1,0.977296,0,0,2.55556,2.58334,2.58334,743.5,970,309.883,970,968.906,18.1641,93.6797,93.7031,18.2578,17.7188,707.615,46.5,1.276,0.826668,1.956,96.75,0,0,0,1.10938,0,4.5,4.5,4.5
53.866,0,0,0,0,0.973939,0.99997,1.06564,0,1,1,1,0,1,0.978517,0,0,2.55556,2.58334,2.55556,745,970,308.711,970,966.25,18.0703,93.6797,93.7031,17.4141,17.7656,707.615,46.5,1.256,0.813334,1.936,96.75,0,0,0,1.10938,0,4.5,4.5,4.5
53.9,0,0,0,0,0.972291,0.99997,1.06461,0,1,1,1,0,1,0.979982,0,0,2.55556,2.58334,2.58334,748,970,308.984,970,966.25,18.0938,93.6797,93.7031,18.2578,17.7422,707.615,46.5,1.224,0.792001,1.904,96.75,0,0,0,0.9375,0,4.5,4.5,4.5
53.933,0,0,0,0,0.972596,0.99997,1.06394,0,1,1,1,0,1,0.981203,0,0,2.55556,2.58334,2.58334,749.5,970,309.102,970,966.25,18.1172,93.6797,93.7031,18.1875,17.6719,707.615,46.5,1.228,0.792001,1.908,96.75,0,0,0,1.26563,0,3.75,3.75,3.75
53.966,0,0,0,0,0.97284,0.99997,1.06509,0,1,1,1,0,1,0.984865,0,0,2.55556,2.58334,2.58334,749.5,970,309.102,970,966.25,18.1172,93.6797,93.7031,18.1875,17.6484,706.717,46.5,1.228,0.792001,1.908,96.75,0,0,0,1.45313,0,3.75,3.75,3.75
54,0,0,0,0,0.973267,0.99997,1.06448,0,1,1,1,0,1,0.986085,0,0,2.55556,2.58334,2.61111,746.75,970,309.531,970,966.25,18.1406,93.6797,93.7031,18.4219,17.6953,706.717,46.5,1.232,0.794668,1.912,96.75,0,0,0,1.29688,0,5.25,5.25,5.25
54.033,0,0,0,0,0.973572,0.99997,1.06433,0,1,1,1,0,1,0.986085,0,0,2.55556,2.58334,2.55556,746.75,970,309.336,970,966.25,18.1172,93.6797,93.7031,18.0234,17.6953,706.717,46.5,1.228,0.792001,1.908,96.75,0,0,0,1.17188,0,5.25,5.25,5.25
54.066,0,0,0,0,0.973389,0.99997,1.06372,0,1,1,1,0,1,0.986085,0,0,2.55556,2.58334,2.52778,748.75,970,308.75,970,966.25,18.0938,93.6797,93.7031,17.7422,17.6953,706.717,46.5,1.22,0.786668,1.9,96.75,0,0,0,1.17188,0,3.75,3.75,3.75
54.1,0,0,0,0,0.975281,0.99997,1.06503,0,1,1,1,0,1,0.988527,0,0,2.55556,2.58334,2.66667,750.75,970,309.57,970,968.867,18.1406,93.6797,93.7031,18.6328,17.6484,706.717,46.5,1.24,0.800001,1.928,96.75,0,0,0,1.125,0,3.75,3.75,3.75
54.133,0,0,0,0,0.97638,0.99997,1.06479,0,1,1,1,0,1,0.988527,0,0,2.55556,2.58334,2.58334,746.25,970,308.672,970,968.906,18.0703,93.6797,93.7031,17.5547,17.6016,706.717,46.5,1.216,0.784001,1.904,96.75,0,0,0,1.15625,0,4.5,4.5,4.5
54.166,0,0,0,0,0.973389,0.99997,1.06601,0,1,1,1,0,1,0.989992,0,0,2.55556,2.58334,2.58334,746.25,970,308.672,970,966.25,18.0703,93.6797,93.7031,17.5547,17.6953,705.838,46.5,1.216,0.784001,1.904,96.75,0,0,0,0.859375,0,4.5,4.5,4.5
54.2,0,0,0,0,0.972291,0.99997,1.0668,0,1,1,1,0,1,0.991212,0,0,2.5,2.58334,2.5,742.5,970,308.203,970,966.25,18.0469,93.6797,93.7031,17.7891,17.7891,705.838,46.5,1.264,0.816001,1.952,96.75,0,0,0,0.875,0,5.25,5.25,5.25
54.233,0,0,0,0,0.971986,0.99997,1.06644,0,1,1,1,0,1,0.991212,0,0,2.55556,2.55556,2.58334,744,970,308.594,970,966.25,18.0703,93.6797,93.7031,18.3047,17.7891,705.838,46.5,1.276,0.824001,1.964,96.75,0,0,0,1.0625,0,5.25,5.25,5.25
54.266,0,0,0,0,0.972535,0.99997,1.0668,0,1,1,1,0,1,0.991212,0,0,2.55556,2.58334,2.61111,743,970,309.258,970,966.25,18.1172,93.6797,93.7031,18.5156,17.7656,705.838,46.5,1.284,0.829334,1.972,96.75,0,0,0,1.0625,0,5.25,5.25,5.25
54.3,0,0,0,0,0.973084,0.99997,1.06702,0,1,1,1,0,1,0.992677,0,0,2.5,2.58334,2.52778,739.5,970,309.063,970,966.25,18.1172,93.6797,93.7031,18,17.8359,705.838,46.5,1.268,0.821334,1.948,96.75,0,0,0,1.40625,0,6,6,6
54.333,0,0,0,0,0.972657,0.99997,1.06729,0,1,1,1,0,1,0.992677,0,0,2.5,2.58334,2.58334,742.25,970,309.336,970,966.25,18.1172,93.6797,93.7031,18.3047,17.9297,705.838,46.5,1.28,0.826668,1.96,96.75,0,0,0,1.20313,0,6.75,6.75,6.75
54.366,0,0,0,0,0.972596,0.99997,1.06827,0,1,1,1,0,1,0.995607,0,0,2.55556,2.58334,2.58334,742.25,970,309.336,970,966.25,18.1172,93.6797,93.7031,18.3047,17.9297,704.939,46.5,1.28,0.826668,1.96,96.75,0,0,0,1.375,0,6.75,6.75,6.75
54.4,0,0,0,0,0.97284,0.99997,1.06809,0,1,1,1,0,1,0.995607,0,0,2.55556,2.58334,2.61111,748.5,970,309.609,970,966.25,18.1406,93.6797,93.7031,18.3047,17.7422,704.939,46.5,1.284,0.829334,1.964,96.75,0,0,0,1.26563,0,5.25,5.25,5.25
54.433,0,0,0,0,0.973145,0.99997,1.0679,0,1,1,1,0,1,0.997072,0,0,2.55556,2.58334,2.58334,755.25,970,309.297,970,966.25,18.1172,93.6797,93.7031,17.9531,17.7188,704.939,46.5,1.268,0.821334,1.948,96.75,0,0,0,1.375,0,3.75,3.75,3.75
54.466,0,0,0,0,0.973206,0.99997,1.06799,0,1,1,1,0,1,0.997072,0,0,2.55556,2.58334,2.61111,755,970,309.297,970,966.25,18.1172,93.6797,93.7031,18.1172,17.5547,704.939,46.5,1.276,0.824001,1.956,96.75,0,0,0,1.375,0,3,3,3
54.5,0,0,0,0,0.973634,0.99997,1.06805,0,1,1,1,0,1,0.998537,0,0,2.55556,2.58334,2.58334,753.75,970,309.023,970,966.25,18.0938,93.6797,93.7031,17.9531,17.5313,704.939,46.5,1.224,0.792001,1.892,96.75,0,0,0,0.96875,0,3.75,3.75,3.75
54.533,0,0,0,0,0.973695,0.99997,1.06824,0,1,1,1,0,1,1,0,0,2.55556,2.58334,2.52778,754.5,970,308.164,970,966.25,18.0469,93.6797,93.7031,17.5547,17.5547,704.939,46.5,1.216,0.784001,1.884,96.75,0,0,0,1,0,2.25,2.25,2.25
54.566,0,0,0,0,0.973267,0.99997,1.06854,0,1,1,1,0,1,1,0,0,2.55556,2.58334,2.52778,754.5,970,308.164,970,966.25,18.0469,93.6797,93.7031,17.5547,17.5078,704.041,46.5,1.216,0.784001,1.884,96.75,0,0,0,0.796875,0,2.25,2.25,2.25
54.6,0,0,0,0,0.972901,0.99997,1.06839,0,1,1,1,0,1,1,0,0,2.55556,2.58334,2.58334,757.25,960,307.891,965,966.25,18.0234,93.6797,93.7031,17.8828,17.4375,704.041,46.5,1.22,0.786668,1.888,96.75,0,0,0,1.15625,0,3,3,3
54.633,0,0,0,0,0.972779,0.99997,1.0694,0,1,1,1,0,1,1.00171,0,0,2.55556,2.58334,2.52778,753.25,960,307.227,965,966.25,17.9766,93.6797,93.7031,17.6016,17.4375,704.041,46.5,1.216,0.784001,1.904,96.75,0,0,0,1.03125,0,3,3,3
54.666,0,0,0,0,0.972169,0.99997,1.06912,0,1,1,1,0,1,1.00171,0,0,2.55556,2.58334,2.55556,748.5,960,307.07,965,966.25,17.9531,93.6797,93.7031,17.8828,17.5078,704.041,46.5,1.216,0.784001,1.904,96.75,0,0,0,1.03125,0,3.75,3.75,3.75
54.7,0,0,0,0,0.971741,0.99997,1.06986,0,1,1,1,0,1,1.00171,0,0,2.55556,2.58334,2.63889,748.75,960,307.813,965,966.25,18.0234,93.6797,93.7031,18.4453,17.6016,704.041,46.5,1.232,0.794668,1.912,96.75,0,0,0,1.20313,0,4.5,4.5,4.5
54.733,0,0,0,0,0.972352,0.99997,1.06931,0,1,1,1,0,1,1,0,0,2.55556,2.58334,2.55556,746,960,307.656,965,966.25,18,93.6797,93.7031,17.9297,17.5781,704.041,46.5,1.224,0.789334,1.904,96.75,0,0,0,1.625,0,4.5,4.5,4.5
54.766,0,0,0,0,0.972352,0.99997,1.07092,0,1,1,1,0,1,1.00171,0,0,2.55556,2.58334,2.55556,746,960,307.656,965,966.25,18,93.6797,93.7031,17.9297,17.6484,703.182,46.5,1.224,0.789334,1.904,96.75,0,0,0,1.54688,0,4.5,4.5,4.5
54.8,0,0,0,0,0.971863,0.99997,1.07077,0,1,1,1,0,1,1,0,0,2.5,2.58334,2.55556,741,960,307.734,965,966.25,18,93.6797,93.7031,18.0703,17.7891,703.182,46.5,1.272,0.821334,1.952,96.75,0,0,0,1.46875,0,5.25,5.25,5.25
54.833,0,0,0,0,0.97168,0.99997,1.07129,0,1,1,1,0,1,1.00171,0,0,2.5,2.58334,2.58334,738.25,960,308.164,965,966.25,18.0469,93.6797,93.7031,18.3047,17.8125,703.182,46.5,1.28,0.826668,1.968,96.75,0,0,0,0.84375,0,6,6,6
54.866,0,0,0,0,0.97168,0.99997,1.07184,0,1,1,1,0,1,1.00171,0,0,2.5,2.58334,2.61111,738.75,960,308.867,965,966.25,18.0938,93.6797,93.7031,18.5156,17.9063,703.182,46.5,1.292,0.834668,1.98,96.75,0,0,0,0.84375,0,6,6,6
54.9,0,0,0,0,0.972108,0.99997,1.07233,0,1,1,1,0,1,1.00366,0,0,2.5,2.58334,2.52778,741.75,960,308.477,965,966.25,18.0703,93.6797,93.7031,17.8594,17.9063,703.182,46.5,1.268,0.834668,1.956,96.75,0,0,0,0.953125,0,6,6,6
54.933,0,0,0,0,0.971558,0.99997,1.07263,0,1,1,1,0,1,1.00366,0,0,2.5,2.58334,2.52778,739.75,960,308.164,965,966.25,18.0469,93.6797,93.7031,17.8828,17.9297,703.182,46.5,1.276,0.821334,1.964,96.75,0,0,0,0.96875,0,5.25,5.25,5.25
54.966,0,0,0,0,0.970948,0.99997,1.07288,0,1,1,1,0,1,1.00488,0,0,2.5,2.58334,2.52778,739.75,960,308.164,965,966.25,18.0469,93.6797,93.7031,17.8828,17.9063,702.303,46.5,1.276,0.824001,1.964,96.75,0,0,0,0.953125,0,5.25,5.25,5.25
55,0,0,0,0,0.970948,0.99997,1.07318,0,1,1,1,0,1,1.00611,0,0,2.55556,2.58334,2.63889,740.5,960,309.063,965,966.25,18.1172,93.6797,93.7031,18.6563,17.9531,702.303,46.5,1.292,0.834668,1.98,96.75,0,0,0,0.953125,0,5.25,5.25,5.25
55.033,0,0,0,0,0.971192,0.99997,1.07291,0,1,1,1,0,1,1.00733,0,0,2.55556,2.58334,2.55556,746.5,960,308.75,965,966.25,18.0938,93.6797,93.7031,17.9297,17.9531,702.303,46.5,1.276,0.826668,1.956,96.75,0,0,0,0.953125,0,4.5,4.5,4.5
55.066,0,0,0,0,0.970948,0.99997,1.07306,0,1,1,1,0,1,1.00733,0,0,2.55556,2.58334,2.61111,751.25,960,308.906,965,966.25,18.0938,93.6797,93.7031,18.2109,17.8125,702.303,46.5,1.284,0.826668,1.964,96.75,0,0,0,1.09375,0,3.75,3.75,3.75
55.1,0,0,0,0,0.971314,0.99997,1.07315,0,1,1,1,0,1,1.00855,0,0,2.55556,2.58334,2.61111,750.75,960,309.063,965,966.25,18.1172,93.6797,93.7031,18.2109,17.7188,702.303,46.5,1.236,0.829334,1.9,96.75,0,0,0,1.59375,0,4.5,4.5,4.5
55.133,0,0,0,0,0.971619,0.99997,1.07266,0,1,1,1,0,1,1.00855,0,0,2.55556,2.58334,2.52778,748.75,960,308.359,965,966.25,18.0469,93.6797,93.7031,17.6719,17.6953,702.303,46.5,1.228,0.800001,1.892,96.75,0,0,0,1.32813,0,3.75,3.75,3.75
55.166,0,0,0,0,0.971375,0.99997,1.07303,0,1,1,1,0,1,1.00855,0,0,2.55556,2.58334,2.52778,748.75,960,308.359,965,966.25,18.0469,93.6797,93.7031,17.6719,17.6953,701.424,46.5,1.228,0.792001,1.892,96.75,0,0,0,1.45313,0,3.75,3.75,3.75
55.2,0,0,0,0,0.970948,0.99997,1.07358,0,1,1,1,0,1,1.01001,0,0,2.55556,2.58334,2.58334,752.5,970,308.242,970,966.25,18.0469,93.6797,93.7031,17.9766,17.7422,701.424,46.5,1.232,0.794668,1.896,96.75,0,0,0,1.01563,0,4.5,4.5,4.5
55.233,0,0,0,0,0.971192,0.99997,1.07401,0,1,1,1,0,1,1.01001,0,0,2.55556,2.58334,2.66667,755,970,308.906,970,966.25,18.0938,93.6797,93.7031,18.4922,17.6484,701.424,46.5,1.248,0.805334,1.928,96.75,0,0,0,1.375,0,4.5,4.5,4.5
55.266,0,0,0,0,0.972108,0.99997,1.07394,0,1,1,1,0,1,1.01001,0,0,2.55556,2.58334,2.52778,748.25,970,308.281,970,966.25,18.0469,93.6797,93.7031,17.6953,17.5781,701.424,46.5,1.228,0.805334,1.908,96.75,0,0,0,1.375,0,3,3,3
55.3,0,0,0,0,0.971314,0.99997,1.07495,0,1,1,1,0,1,1.01001,0,0,2.55556,2.58334,2.61111,738.5,970,308.984,970,966.25,18.0938,93.6797,93.7031,18.5156,17.7422,701.424,46.5,1.248,0.792001,1.936,96.75,0,0,0,0.75,0,6,6,6
55.333,0,0,0,0,0.971619,0.99997,1.07465,0,1,1,1,0,1,1.00855,0,0,2.5,2.58334,2.58334,739.5,970,309.297,970,966.25,18.1172,93.6797,93.7031,18.3047,17.7656,701.424,46.5,1.244,0.805334,1.932,96.75,0,0,0,0.875,0,6,6,6
55.366,0,0,0,0,0.97168,0.99997,1.07626,0,1,1,1,0,1,1.01001,0,0,2.5,2.58334,2.58334,739.5,970,309.297,970,966.25,18.1172,93.6797,93.7031,18.3047,18,700.525,46.5,1.244,0.802668,1.932,96.75,0,0,0,0.828125,0,6,6,6
55.4,0,0,0,0,0.97168,0.99997,1.07645,0,1,1,1,0,1,1.00855,0,0,2.55556,2.58334,2.58334,743.5,970,309.375,970,966.25,18.1406,93.6797,93.7031,18.1875,17.9766,700.525,46.5,1.292,0.834668,1.98,96.75,0,0,0,1.23438,0,6,6,6
55.433,0,0,0,0,0.971558,0.99997,1.07648,0,1,1,1,0,1,1.00855,0,0,2.5,2.58334,2.52778,739.75,970,308.945,970,966.25,18.0938,93.6797,93.7031,17.8828,17.9063,700.525,46.5,1.284,0.832001,1.964,96.75,0,0,0,1.23438,0,6,6,6
55.466,0,0,0,0,0.970948,0.99997,1.07718,0,1,1,1,0,1,1.00855,0,0,2.5,2.58334,2.66667,738.75,970,310.195,970,966.25,18.1875,93.6797,93.7031,18.9141,18.0234,700.525,46.5,1.308,0.832001,1.988,96.75,0,0,0,1.09375,0,6,6,6
55.5,0,0,0,0,0.972108,0.99997,1.07675,0,1,1,1,0,1,1.00733,0,0,2.55556,2.58334,2.58334,744.5,970,310.156,970,966.25,18.1875,93.6797,93.7031,18.1641,18.0469,700.525,46.5,1.292,0.845334,1.972,96.75,0,0,0,1.1875,0,5.25,5.25,5.25
55.533,0,0,0,0,0.972108,0.99997,1.07739,0,1,1,1,0,1,1.00733,0,0,2.55556,2.58334,2.58334,749.5,970,309.922,970,966.25,18.1641,93.6797,93.7031,18.0469,18.0469,700.525,46.5,1.288,0.837334,1.968,96.75,0,0,0,1.23438,0,4.5,4.5,4.5
55.566,0,0,0,0,0.972108,0.99997,1.0777,0,1,1,1,0,1,1.00733,0,0,2.55556,2.58334,2.58334,749.5,970,309.922,970,966.25,18.1641,93.6797,93.7031,18.0469,17.9297,699.686,46.5,1.288,0.834668,1.968,96.75,0,0,0,1.3125,0,4.5,4.5,4.5
55.6,0,0,0,0,0.971619,0.99997,1.07779,0,1,1,1,0,1,1.00733,0,0,2.55556,2.58334,2.52778,745.5,970,309.258,970,966.25,18.1172,93.6797,93.7031,17.7422,17.8359,699.686,46.5,1.28,0.829334,1.96,96.75,0,0,0,1.125,0,5.25,5.25,5.25
55.633,0,0,0,0,0.971375,0.99997,1.07764,0,1,1,1,0,1,1.00855,0,0,2.55556,2.58334,2.61111,742.25,970,309.688,970,966.25,18.1641,93.6797,93.7031,18.4219,17.9297,699.686,46.5,1.296,0.837334,1.984,96.75,0,0,0,1.125,0,5.25,5.25,5.25
55.666,0,0,0,0,0.971619,0.99997,1.07852,0,1,1,1,0,1,1.01001,0,0,2.55556,2.58334,2.55556,744,970,309.375,970,966.25,18.1406,93.6797,93.7031,17.9766,18.0234,699.686,46.5,1.288,0.837334,1.976,96.75,0,0,0,1,0,5.25,5.25,5.25
55.7,0,0,0,0,0.971253,0.99997,1.07825,0,1,1,1,0,1,1.01001,0,0,2.55556,2.58334,2.58334,743.75,970,309.414,970,966.25,18.1406,93.6797,93.7031,18.1875,18,699.686,46.5,1.244,0.834668,1.932,96.75,0,0,0,1.03125,0,5.25,5.25,5.25
55.733,0,0,0,0,0.971253,0.99997,1.0773,0,1,1,1,0,1,1.00855,0,0,2.55556,2.58334,2.58334,743.75,970,309.414,970,966.25,18.1406,93.6797,93.7031,18.1875,18,699.686,46.5,1.244,0.805334,1.932,96.75,0,0,0,1.0625,0,5.25,5.25,5.25
55.766,0,0,0,0,0.971009,0.99997,1.07837,0,1,1,1,0,1,1.01001,0,0,2.55556,2.58334,2.55556,741.25,970,309.258,970,966.25,18.1172,93.6797,93.7031,18.0469,18.0234,698.807,46.5,1.244,0.802668,1.932,96.75,0,0,0,1.1875,0,6,6,6
55.8,0,0,0,0,0.970887,0.99997,1.07785,0,1,1,1,0,1,1.00855,0,0,2.55556,2.58334,2.58334,742.75,970,309.375,970,966.25,18.1406,93.6797,93.7031,18.2109,18.0938,698.807,46.5,1.248,0.805334,1.936,96.75,0,0,0,0.9375,0,6,6,6
55.833,0,0,0,0,0.970887,0.99997,1.07825,0,1,1,1,0,1,1.00855,0,0,2.55556,2.58334,2.52778,746.25,970,308.711,970,966.25,18.0703,93.6797,93.7031,17.7188,18.0703,698.807,46.5,1.236,0.797334,1.916,96.75,0,0,0,0.9375,0,5.25,5.25,5.25
55.866,0,0,0,0,0.970277,0.99997,1.07806,0,1,1,1,0,1,1.00855,0,0,2.55556,2.58334,2.66667,746.75,970,309.648,970,966.25,18.1406,93.6797,93.7031,18.7031,18,698.807,46.5,1.26,0.797334,1.94,96.75,0,0,0,1.26563,0,5.25,5.25,5.25
55.9,0,0,0,0,0.970948,0.99997,1.07895,0,1,1,1,0,1,1.00855,0,0,2.55556,2.58334,2.58334,742.25,970,309.766,970,966.25,18.1641,93.6797,93.7031,18.2344,18,698.807,46.5,1.248,0.813334,1.928,96.75,0,0,0,1.59375,0,6,6,6
55.933,0,0,0,0,0.971192,0.99997,1.0791,0,1,1,1,0,1,1.00855,0,0,2.55556,2.58334,2.58334,742.25,970,309.766,970,966.25,18.1641,93.6797,93.7031,18.2344,18,698.807,46.5,1.248,0.805334,1.928,96.75,0,0,0,1.28125,0,6,6,6
55.966,0,0,0,0,0.97107,0.99997,1.07987,0,1,1,1,0,1,1.00855,0,0,2.55556,2.58334,2.55556,741,970,309.609,970,966.25,18.1406,93.6797,93.7031,18.0703,18.1172,697.947,46.5,1.248,0.805334,1.928,96.75,0,0,0,1.03125,0,6,6,6
56,0,0,0,0,0.970826,0.99997,1.08063,0,1,1,1,0,1,1.00855,0,0,2.55556,2.58334,2.58334,743.25,960,309.688,965,966.25,18.1641,93.6797,93.7031,18.2109,18.1641,697.947,46.5,1.296,0.837334,1.976,96.75,0,0,0,0.90625,0,6,6,6
56.033,0,0,0,0,0.970826,0.99997,1.08002,0,1,1,1,0,1,1.00733,0,0,2.55556,2.58334,2.55556,745.75,960,309.297,965,966.25,18.1172,93.6797,93.7031,17.9297,18.1172,697.947,46.5,1.288,0.834668,1.968,96.75,0,0,0,0.90625,0,6,6,6
56.066,0,0,0,0,0.97046,0.99997,1.08051,0,1,1,1,0,1,1.00733,0,0,2.55556,2.58334,2.52778,742.25,960,308.828,965,966.25,18.0938,93.6797,93.7031,17.8359,18.0938,697.947,46.5,1.284,0.834668,1.964,96.75,0,0,0,1.15625,0,6,6,6
56.1,0,0,0,0,0.969727,0.99997,1.08041,0,1,1,1,0,1,1.00733,0,0,2.55556,2.58334,2.61111,744,960,309.258,965,966.25,18.1172,93.6797,93.7031,18.375,18.1875,697.947,46.5,1.296,0.832001,1.964,96.75,0,0,0,0.859375,0,6,6,6
56.133,0,0,0,0,0.969727,0.99997,1.08102,0,1,1,1,0,1,1.00733,0,0,2.55556,2.58334,2.61111,744,960,309.258,965,966.25,18.1172,93.6797,93.7031,18.375,18.1875,697.947,46.5,1.296,0.840001,1.964,96.75,0,0,0,1.0625,0,6,6,6
56.166,0,0,0,0,0.969971,0.99997,1.08115,0,1,1,1,0,1,1.00733,0,0,2.55556,2.58334,2.58334,748.75,960,309.18,965,966.25,18.1172,93.6797,93.7031,18.0703,18.1641,697.068,46.5,1.288,0.834668,1.956,96.75,0,0,0,0.9375,0,5.25,5.25,5.25
56.2,0,0,0,0,0.970093,0.99997,1.08115,0,1,1,1,0,1,1.00733,0,0,2.55556,2.58334,2.61111,752,960,309.219,965,966.25,18.1172,93.6797,93.7031,18.1641,18.0469,697.068,46.5,1.296,0.840001,1.964,96.75,0,0,0,1.40625,0,4.5,4.5,4.5
56.233,0,0,0,0,0.970338,0.99997,1.08041,0,1,1,1,0,1,1.00733,0,0,2.55556,2.58334,2.55556,748.25,960,308.828,965,966.25,18.0938,93.6797,93.7031,17.8828,17.9766,697.068,46.5,1.288,0.834668,1.968,96.75,0,0,0,1.40625,0,6,6,6
56.266,0,0,0,0,0.970032,0.99997,1.08118,0,1,1,1,0,1,1.00855,0,0,2.55556,2.58334,2.61111,749.5,960,309.023,965,966.25,18.0938,93.6797,93.7031,18.2344,18.0703,697.068,46.5,1.296,0.834668,1.976,96.75,0,0,0,1.23438,0,6,6,6
56.3,0,0,0,0,0.970277,0.99997,1.08048,0,1,1,1,0,1,1.00733,0,0,2.55556,2.58334,2.61111,754,960,309.063,965,966.25,18.1172,93.6797,93.7031,18.1406,18.0469,697.068,46.5,1.244,0.840001,1.924,96.75,0,0,0,1.28125,0,4.5,4.5,4.5
56.333,0,0,0,0,0.970521,0.99997,1.08008,0,1,1,1,0,1,1.00733,0,0,2.55556,2.58334,2.61111,754,960,309.063,965,966.25,18.1172,93.6797,93.7031,18.1406,18.0234,697.068,46.5,1.244,0.805334,1.924,96.75,0,0,0,1.21875,0,4.5,4.5,4.5
56.366,0,0,0,0,0.970643,0.99997,1.08106,0,1,1,1,0,1,1.00855,0,0,2.55556,2.58334,2.55556,757,960,308.359,965,966.25,18.0469,93.6797,93.7031,17.6719,17.9063,696.209,46.5,1.24,0.800001,1.92,96.75,0,0,0,1.35938,0,3.75,3.75,3.75
56.4,0,0,0,0,0.970032,0.99997,1.08099,0,1,1,1,0,1,1.00855,0,0,2.55556,2.58334,2.5,754.25,960,307.266,965,966.25,17.9766,93.6797,93.7031,17.3438,17.8125,696.209,46.5,1.232,0.794668,1.912,96.75,0,0,0,0.96875,0,3.75,3.75,3.75
56.433,0,0,0,0,0.969056,0.99997,1.08035,0,1,1,1,0,1,1.00733,0,0,2.55556,2.58334,2.61111,753.25,960,307.5,965,966.25,18,93.6797,93.7031,18.1406,17.8594,696.209,46.5,1.244,0.802668,1.94,96.75,0,0,0,0.96875,0,3,3,3
56.466,0,0,0,0,0.9693,0.99997,1.08081,0,1,1,1,0,1,1.00733,0,0,2.55556,2.58334,2.52778,754.5,960,306.758,965,966.25,17.9297,93.6797,93.7031,17.5313,17.8828,696.209,46.5,1.232,0.802668,1.928,96.75,0,0,0,0.78125,0,3,3,3
56.5,0,0,0,0,0.968812,0.99997,1.08151,0,1,1,1,0,1,1.00733,0,0,2.55556,2.58334,2.58334,753.5,960,306.758,965,966.25,17.9297,93.6797,93.7031,17.9297,17.8125,696.209,46.5,1.24,0.794668,1.92,96.75,0,0,0,0.84375,0,3.75,3.75,3.75
56.533,0,0,0,0,0.968568,0.99997,1.0816,0,1,1,1,0,1,1.00733,0,0,2.55556,2.58334,2.58334,753.5,960,306.758,965,966.25,17.9297,93.6797,93.7031,17.9297,17.8125,696.209,46.5,1.24,0.800001,1.92,96.75,0,0,0,1.21875,0,3.75,3.75,3.75
56.566,0,0,0,0,0.968568,0.99997,1.0824,0,1,1,1,0,1,1.00733,0,0,2.55556,2.58334,2.58334,748.25,960,306.953,965,966.25,17.9531,93.6797,93.7031,18.0703,17.8359,695.311,46.5,1.24,0.800001,1.92,96.75,0,0,0,1.15625,0,5.25,5.25,5.25
56.6,0,0,0,0,0.968568,0.99997,1.0831,0,1,1,1,0,1,1.00733,0,0,2.55556,2.58334,2.58334,746.25,960,307.188,965,966.25,17.9766,93.6797,93.7031,18.1172,17.9297,695.311,46.5,1.292,0.834668,1.972,96.75,0,0,0,1.17188,0,5.25,5.25,5.25
56.633,0,0,0,0,0.968568,0.99997,1.08246,0,1,1,1,0,1,1.00611,0,0,2.55556,2.58334,2.61111,751.25,960,307.539,965,966.25,18,93.6797,93.7031,18.2109,17.9766,695.311,46.5,1.292,0.837334,1.972,96.75,0,0,0,1.17188,0,4.5,4.5,4.5
56.666,0,0,0,0,0.968873,0.99997,1.08292,0,1,1,1,0,1,1.00611,0,0,2.55556,2.58334,2.58334,753.75,960,307.422,965,966.25,17.9766,93.6797,93.7031,17.9297,17.8594,695.311,46.5,1.288,0.837334,1.968,96.75,0,0,0,1.51563,0,3.75,3.75,3.75
56.7,0,0,0,0,0.968995,0.99997,1.08231,0,1,1,1,0,1,1.00488,0,0,2.55556,2.58334,2.55556,750.25,960,307.188,965,966.25,17.9766,93.6797,93.7031,17.8359,17.7891,695.311,46.5,1.284,0.834668,1.952,96.75,0,0,0,1.54688,0,4.5,4.5,4.5
56.733,0,0,0,0,0.968812,0.99997,1.08347,0,1,1,1,0,1,1.00611,0,0,2.55556,2.58334,2.55556,750.25,960,307.188,965,966.25,17.9766,93.6797,93.7031,17.8359,17.7891,695.311,46.5,1.284,0.832001,1.952,96.75,0,0,0,1.23438,0,4.5,4.5,4.5
56.766,0,0,0,0,0.968568,0.99997,1.08307,0,1,1,1,0,1,1.00488,0,0,2.55556,2.58334,2.58334,749.25,960,307.266,965,966.25,17.9766,93.6797,93.7031,18.0469,17.8594,694.451,46.5,1.288,0.834668,1.956,96.75,0,0,0,0.875,0,4.5,4.5,4.5
56.8,0,0,0,0,0.96869,0.99997,1.08304,0,1,1,1,0,1,1.00488,0,0,2.55556,2.58334,2.61111,751.75,960,307.578,965,966.25,18,93.6797,93.7031,18.1875,17.8594,694.451,46.5,1.292,0.837334,1.96,96.75,0,0,0,0.96875,0,4.5,4.5,4.5
56.833,0,0,0,0,0.968995,0.99997,1.08228,0,1,1,1,0,1,1.00488,0,0,2.55556,2.58334,2.61111,755,960,307.695,965,966.25,18,93.6797,93.7031,18.0938,17.8125,694.451,46.5,1.288,0.834668,1.976,96.75,0,0,0,0.96875,0,3,3,3
56.866,0,0,0,0,0.969239,0.99997,1.08301,0,1,1,1,0,1,1.00611,0,0,2.55556,2.58334,2.52778,749,960,307.188,965,966.25,17.9766,93.6797,93.7031,17.6719,17.7188,694.451,46.5,1.284,0.834668,1.972,96.75,0,0,0,1.09375,0,3.75,3.75,3.75
56.9,0,0,0,0,0.968751,0.99997,1.08322,0,1,1,1,0,1,1.00733,0,0,2.55556,2.58334,2.61111,747.5,960,307.656,965,966.25,18,93.6797,93.7031,18.3047,17.8359,694.451,46.5,1.244,0.832001,1.932,96.75,0,0,0,0.796875,0,5.25,5.25,5.25
56.933,0,0,0,0,0.968751,0.99997,1.0824,0,1,1,1,0,1,1.00611,0,0,2.55556,2.58334,2.61111,747.5,960,307.656,965,966.25,18,93.6797,93.7031,18.3047,17.8359,694.451,46.5,1.244,0.805334,1.932,96.75,0,0,0,0.90625,0,5.25,5.25,5.25
56.966,0,0,0,0,0.968873,0.99997,1.08313,0,1,1,1,0,1,1.00733,0,0,2.55556,2.58334,2.55556,753,960,307.266,965,966.25,17.9766,93.6797,93.7031,17.7656,17.8594,693.592,46.5,1.24,0.800001,1.928,96.75,0,0,0,1.14063,0,4.5,4.5,4.5
57,0,0,0,0,0.968629,0.99997,1.08279,0,1,1,1,0,1,1.00733,0,0,2.55556,2.58334,2.61111,757.25,960,307.344,965,966.25,17.9766,93.6797,93.7031,18.0469,17.7188,693.592,46.5,1.244,0.802668,1.932,96.75,0,0,0,1.78125,0,3,3,3
57.033,0,0,0,0,0.968934,0.99997,1.08261,0,1,1,1,0,1,1.00733,0,0,2.55556,2.58334,2.61111,753.5,960,307.578,965,966.25,18,93.6797,93.7031,18.1406,17.625,693.592,46.5,1.248,0.805334,1.928,96.75,0,0,0,1.78125,0,4.5,4.5,4.5
57.066,0,0,0,0,0.969239,0.99997,1.08298,0,1,1,1,0,1,1.00733,0,0,2.55556,2.58334,2.55556,750,960,307.305,965,966.25,17.9766,93.6797,93.7031,17.8359,17.6953,693.592,46.5,1.24,0.805334,1.92,96.75,0,0,0,1.42188,0,4.5,4.5,4.5
57.1,0,0,0,0,0.969056,0.99997,1.08365,0,1,1,1,0,1,1.00733,0,0,2.55556,2.58334,2.61111,752.5,970,307.578,970,966.25,18,93.6797,93.7031,18.1641,17.7656,693.592,46.5,1.248,0.800001,1.916,96.75,0,0,0,1.42188,0,4.5,4.5,4.5
57.133,0,0,0,0,0.969117,0.99997,1.08328,0,1,1,1,0,1,1.00611,0,0,2.55556,2.58334,2.61111,752.5,970,307.578,970,966.25,18,93.6797,93.7031,18.1641,17.7656,693.592,46.5,1.248,0.805334,1.916,96.75,0,0,0,1,0,4.5,4.5,4.5
57.166,0,0,0,0,0.969056,0.99997,1.08405,0,1,1,1,0,1,1.00611,0,0,2.55556,2.58334,2.55556,755,970,307.109,970,966.25,17.9531,93.6797,93.7031,17.7188,17.6719,692.732,46.5,1.24,0.800001,1.908,96.75,0,0,0,1.29688,0,4.5,4.5,4.5
57.2,0,0,0,0,0.968446,0.99997,1.08472,0,1,1,1,0,1,1.00611,0,0,2.55556,2.58334,2.52778,750.75,970,306.602,970,966.25,17.9297,93.6797,93.7031,17.625,17.6016,692.732,46.5,1.292,0.834668,1.96,96.75,0,0,0,0.71875,0,3,3,3
57.233,0,0,0,0,0.968018,0.99997,1.08456,0,1,1,1,0,1,1.00611,0,0,2.5,2.58334,2.58334,745.25,970,306.914,970,966.25,17.9531,93.6797,93.7031,18.1406,17.6953,692.732,46.5,1.292,0.837334,1.972,96.75,0,0,0,0.71875,0,5.25,5.25,5.25
57.266,0,0,0,0,0.968018,0.99997,1.08453,0,1,1,1,0,1,1.00488,0,0,2.5,2.58334,2.55556,745.5,970,306.875,970,966.25,17.9531,93.6797,93.7031,17.9297,17.8125,692.732,46.5,1.288,0.837334,1.968,96.75,0,0,0,0.828125,0,5.25,5.25,5.25
57.3,0,0,0,0,0.967713,0.99997,1.08441,0,1,1,1,0,1,1.00488,0,0,2.5,2.58334,2.61111,746.75,970,307.383,970,966.25,17.9766,93.6797,93.7031,18.3047,17.8359,692.732,46.5,1.3,0.834668,1.98,96.75,0,0,0,1.03125,0,5.25,5.25,5.25
57.333,0,0,0,0,0.967774,0.99997,1.08496,0,1,1,1,0,1,1.00488,0,0,2.55556,2.58334,2.61111,746.75,970,307.383,970,966.25,17.9766,93.6797,93.7031,18.3047,17.8359,692.732,46.5,1.3,0.842668,1.98,96.75,0,0,0,1.17188,0,5.25,5.25,5.25
57.366,0,0,0,0,0.967774,0.99997,1.08508,0,1,1,1,0,1,1.00488,0,0,2.5,2.58334,2.52778,744.25,970,307.07,970,966.25,17.9531,93.6797,93.7031,17.7891,17.8125,691.854,46.5,1.288,0.834668,1.968,96.75,0,0,0,1.29688,0,5.25,5.25,5.25
57.4,0,0,0,0,0.967225,0.99997,1.08508,0,1,1,1,0,1,1.00488,0,0,2.5,2.58334,2.58334,743,970,307.461,970,966.25,18,93.6797,93.7031,18.2109,17.8828,691.854,46.5,1.3,0.842668,1.98,96.75,0,0,0,1.25,0,6,6,6
57.433,0,0,0,0,0.967225,0.99997,1.08463,0,1,1,1,0,1,1.00488,0,0,2.55556,2.58334,2.63889,747.75,970,308.164,970,966.25,18.0469,93.6797,93.7031,18.4688,17.9063,691.854,46.5,1.304,0.845334,1.992,96.75,0,0,0,1.25,0,5.25,5.25,5.25
57.466,0,0,0,0,0.967774,0.99997,1.08487,0,1,1,1,0,1,1.00488,0,0,2.55556,2.58334,2.58334,752.5,970,308.047,970,966.25,18.0234,93.6797,93.7031,17.9766,17.8125,691.854,46.5,1.296,0.845334,1.984,96.75,0,0,0,1.40625,0,3.75,3.75,3.75
57.5,0,0,0,0,0.967957,0.99997,1.0845,0,1,1,1,0,1,1.00488,0,0,2.55556,2.58334,2.55556,748,970,307.813,970,966.25,18.0234,93.6797,93.7031,17.8828,17.6953,691.854,46.5,1.244,0.840001,1.912,96.75,0,0,0,1.45313,0,5.25,5.25,5.25
57.533,0,0,0,0,0.967774,0.99997,1.08432,0,1,1,1,0,1,1.00488,0,0,2.55556,2.58334,2.55556,748,970,307.813,970,966.25,18.0234,93.6797,93.7031,17.8828,17.6953,691.854,46.5,1.244,0.805334,1.912,96.75,0,0,0,1.09375,0,5.25,5.25,5.25
57.566,0,0,0,0,0.967591,0.99997,1.08469,0,1,1,1,0,1,1.00488,0,0,2.55556,2.58334,2.58334,745.75,970,307.969,970,966.25,18.0234,93.6797,93.7031,18.1406,17.7891,691.014,46.5,1.256,0.810668,1.924,96.75,0,0,0,0.859375,0,6,6,6
57.6,0,0,0,0,0.967591,0.99997,1.08389,0,1,1,1,0,1,1.00366,0,0,2.55556,2.58334,2.58334,752.5,970,307.891,970,966.25,18.0234,93.6797,93.7031,17.9766,17.8359,691.014,46.5,1.252,0.808001,1.92,96.75,0,0,0,1.03125,0,4.5,4.5,4.5
57.633,0,0,0,0,0.967591,0.99997,1.08383,0,1,1,1,0,1,1.00366,0,0,2.55556,2.58334,2.58334,756.25,970,307.656,970,966.25,18,93.6797,93.7031,17.8828,17.6953,691.014,46.5,1.248,0.805334,1.928,96.75,0,0,0,1.03125,0,3,3,3
57.666,0,0,0,0,0.967591,0.99997,1.08417,0,1,1,1,0,1,1.00366,0,0,2.55556,2.58334,2.55556,752,970,307.305,970,966.25,17.9766,93.6797,93.7031,17.7891,17.5781,691.014,46.5,1.244,0.805334,1.924,96.75,0,0,0,1.14063,0,3.75,3.75,3.75
57.7,0,0,0,0,0.967347,0.99997,1.08478,0,1,1,1,0,1,1.00366,0,0,2.55556,2.58334,2.58334,751.5,970,307.305,970,966.25,17.9766,93.6797,93.7031,18,17.6484,691.014,46.5,1.248,0.802668,1.928,96.75,0,0,0,1.07813,0,3.75,3.75,3.75
57.733,0,0,0,0,0.967225,0.99997,1.08487,0,1,1,1,0,1,1.00366,0,0,2.55556,2.58334,2.58334,751.5,970,307.305,970,966.25,17.9766,93.6797,93.7031,18,17.6484,691.014,46.5,1.248,0.805334,1.928,96.75,0,0,0,1.17188,0,3.75,3.75,3.75
57.766,0,0,0,0,0.967225,0.99997,1.08478,0,1,1,1,0,1,1.00171,0,0,2.55556,2.58334,2.58334,751,970,307.305,970,966.25,17.9766,93.6797,93.7031,18,17.6484,690.135,46.5,1.248,0.805334,1.928,96.75,0,0,0,1.35938,0,3.75,3.75,3.75
57.8,0,0,0,0,0.967347,0.99997,1.08499,0,1,1,1,0,1,1,0,0,2.55556,2.58334,2.61111,750.75,970,307.656,970,966.25,18,93.6797,93.7031,18.2109,17.6484,690.135,46.5,1.304,0.842668,1.984,96.75,0,0,0,1.59375,0,3.75,3.75,3.75
57.833,0,0,0,0,0.967652,0.99997,1.0849,0,1,1,1,0,1,1,0,0,2.55556,2.58334,2.55556,746.5,970,307.539,970,966.25,18,93.6797,93.7031,17.9297,17.6484,690.135,46.5,1.292,0.837334,1.988,96.75,0,0,0,1.59375,0,4.5,4.5,4.5
57.866,0,0,0,0,0.967408,0.99997,1.08475,0,1,1,1,0,1,0.998537,0,0,2.55556,2.58334,2.58334,745.25,970,307.734,970,966.25,18,93.6797,93.7031,18.1406,17.7188,690.135,46.5,1.296,0.837334,1.992,96.75,0,0,0,1.07813,0,5.25,5.25,5.25
57.9,0,0,0,0,0.967286,0.99997,1.0856,0,1,1,1,0,1,1,0,0,2.55556,2.58334,2.61111,748,970,308.164,970,966.25,18.0469,93.6797,93.7031,18.2813,17.7422,690.135,46.5,1.304,0.840001,1.992,96.75,0,0,0,1.04688,0,4.5,4.5,4.5
57.933,0,0,0,0,0.967469,0.99997,1.08481,0,1,1,1,0,1,0.998537,0,0,2.55556,2.58334,2.61111,748,970,308.164,970,966.25,18.0469,93.6797,93.7031,18.2813,17.7422,690.135,46.5,1.304,0.845334,1.992,96.75,0,0,0,0.953125,0,4.5,4.5,4.5
57.966,0,0,0,0,0.967774,0.99997,1.08493,0,1,1,1,0,1,0.998537,0,0,2.55556,2.58334,2.61111,751,970,308.398,970,966.25,18.0469,93.6797,93.7031,18.2109,17.6719,689.295,46.5,1.3,0.842668,1.988,96.75,0,0,0,1.3125,0,3.75,3.75,3.75
58,0,0,0,0,0.967957,0.99997,1.08475,0,1,1,1,0,1,0.998537,0,0,2.55556,2.58334,2.55556,751,970,308.008,970,966.25,18.0234,93.6797,93.7031,17.8125,17.6016,689.295,46.5,1.292,0.837334,1.98,96.75,0,0,0,0.796875,0,3,3,3
58.033,0,0,0,0,0.967713,0.99997,1.08408,0,1,1,1,0,1,0.998537,0,0,2.55556,2.58334,2.58334,749.25,970,308.008,970,966.25,18.0234,93.6797,93.7031,18.0469,17.6016,689.295,46.5,1.296,0.840001,1.976,96.75,0,0,0,0.796875,0,3.75,3.75,3.75
58.066,0,0,0,0,0.967713,0.99997,1.08469,0,1,1,1,0,1,1,0,0,2.55556,2.58334,2.52778,751.25,970,307.383,970,966.25,17.9766,93.6797,93.7031,17.625,17.6484,689.295,46.5,1.288,0.840001,1.968,96.75,0,0,0,1,0,3.75,3.75,3.75
58.1,0,0,0,0,0.967164,0.99997,1.08337,0,1,1,1,0,1,0.998537,0,0,2.55556,2.58334,2.61111,754,970,307.617,970,966.25,18,93.6797,93.7031,18.1406,17.5781,689.295,46.5,1.244,0.834668,1.932,96.75,0,0,0,0.96875,0,2.25,2.25,2.25
58.133,0,0,0,0,0.967164,0.99997,1.08359,0,1,1,1,0,1,1,0,0,2.55556,2.58334,2.61111,754,970,307.617,970,966.25,18,93.6797,93.7031,18.1406,17.5781,689.295,46.5,1.244,0.805334,1.932,96.75,0,0,0,1.46875,0,2.25,2.25,2.25
58.166,0,0,0,0,0.967286,0.99997,1.08365,0,1,1,1,0,1,1,0,0,2.55556,2.58334,2.55556,750.75,970,307.305,970,966.25,17.9766,93.6797,93.7031,17.8125,17.4844,688.455,46.5,1.244,0.802668,1.932,96.75,0,0,0,1.32813,0,3,3,3
58.2,0,0,0,0,0.967103,0.99997,1.08307,0,1,1,1,0,1,1,0,0,2.55556,2.58334,2.61111,747,970,307.773,970,966.25,18.0234,93.6797,93.7031,18.3047,17.5547,688.455,46.5,1.26,0.813334,1.948,96.75,0,0,0,1.29688,0,4.5,4.5,4.5
58.233,0,0,0,0,0.967408,0.99997,1.08218,0,1,1,1,0,1,0.998537,0,0,2.55556,2.58334,2.55556,747,970,307.578,970,966.25,18,93.6797,93.7031,17.9063,17.625,688.455,46.5,1.248,0.805334,1.936,96.75,0,0,0,1.29688,0,4.5,4.5,4.5
58.266,0,0,0,0,0.967103,0.99997,1.08185,0,1,1,1,0,1,0.997072,0,0,2.55556,2.58334,2.61111,747.75,970,308.008,970,966.25,18.0234,93.6797,93.7031,18.2813,17.625,688.455,46.5,1.26,0.805334,1.948,96.75,0,0,0,1.125,0,4.5,4.5,4.5
58.3,0,0,0,0,0.967347,0.99997,1.08249,0,1,1,1,0,1,0.997072,0,0,2.55556,2.58334,2.55556,743.25,970,307.969,970,966.25,18.0234,93.6797,93.7031,18,17.625,688.455,46.5,1.252,0.813334,1.916,96.75,0,0,0,1.125,0,5.25,5.25,5.25
58.333,0,0,0,0,0.967225,0.99997,1.08255,0,1,1,1,0,1,0.997072,0,0,2.5,2.58334,2.55556,743.25,970,307.969,970,966.25,18.0234,93.6797,93.7031,18,17.625,688.455,46.5,1.252,0.808001,1.916,96.75,0,0,0,0.921875,0,5.25,5.25,5.25
58.366,0,0,0,0,0.967103,0.99997,1.082,0,1,1,1,0,1,0.994142,0,0,2.5,2.58334,2.61111,739.25,970,308.672,970,966.25,18.0703,93.6797,93.7031,18.4922,17.7422,687.615,46.5,1.26,0.813334,1.924,96.75,0,0,0,0.796875,0,6,6,6
58.4,0,0,0,0,0.967286,0.99997,1.0824,0,1,1,1,0,1,0.994142,0,0,2.5,2.58334,2.55556,741.25,970,308.633,970,966.25,18.0703,93.6797,93.7031,18.0469,17.8359,687.615,46.5,1.304,0.842668,1.968,96.75,0,0,0,1.09375,0,6,6,6
58.433,0,0,0,0,0.966981,0.99997,1.08215,0,1,1,1,0,1,0.994142,0,0,2.55556,2.58334,2.63889,739.75,970,309.531,970,966.25,18.1406,93.6797,93.7031,18.6797,17.8359,687.615,46.5,1.316,0.853334,1.996,96.75,0,0,0,1.09375,0,6,6,6
58.466,0,0,0,0,0.967591,0.99997,1.08264,0,1,1,1,0,1,0.994142,0,0,2.55556,2.58334,2.58334,731,970,310.039,970,966.25,18.1875,93.6797,93.7031,18.4922,17.8828,687.615,46.5,1.316,0.853334,1.996,96.75,0,0,0,1.0625,0,8.25,8.25,8.25
58.5,0,0,0,0,0.967774,0.99997,1.08215,0,1,1,1,0,1,0.992677,0,0,2.5,2.58334,2.58334,731.5,970,310.469,970,966.25,18.2109,93.6797,93.7031,18.4922,18.2813,687.615,46.5,1.316,0.853334,1.984,96.75,0,0,0,1.20313,0,9,9,9
58.533,0,0,0,0,0.967774,0.99997,1.08237,0,1,1,1,0,1,0.994142,0,0,2.5,2.58334,2.58334,731.5,970,310.469,970,966.25,18.2109,93.6797,93.7031,18.4922,18.3047,687.615,46.5,1.316,0.853334,1.984,96.75,0,0,0,1.21875,0,9,9,9
58.566,0,0,0,0,0.967896,0.99997,1.08231,0,1,1,1,0,1,0.994142,0,0,2.55556,2.58334,2.63889,739,970,311.172,970,966.25,18.2578,93.6797,93.7031,18.6797,28.7578,686.775,46.5,1.32,0.856001,1.988,96.75,0,0,0,1.21875,1.25887,6.75,6.75,6.75
58.6,0,0,0,0,0.968384,0.99997,1.08179,0,1,1,1,0,1,0.994142,0,0,2.55556,2.58334,2.55556,740.25,1000,310.859,970,966.25,18.2344,93.6797,93.7031,18.0703,65.9766,686.775,46.5,1.452,0.941335,2.148,96.75,3.52941,4.70588,0,1.40625,16.7254,21,21,33
58.633,0,0,0,0,0.962708,0.99997,1.08093,0,1,1,1,0,1,0.994142,0,0,2.91667,8.58334,5.75,747.5,1220,344.609,970,960.977,20.7188,93.6797,93.7031,40.2891,83.2266,686.775,46.5,1.972,1.29067,2.668,96.75,6.27451,7.84314,0,1.42188,27.5181,21,21,21.75
58.666,0,0,0,0,0.948914,0.99997,1.08045,0,1,1,1,0,1,0.995607,0,0,2.91667,13.4445,11.7222,756.5,1220,438.984,970,960.977,27.6797,93.6797,93.7031,82.3359,85.8047,686.775,46.5,3.38,1.29067,4.076,96.75,8.2353,18.8235,0,1.23438,30.3959,16.5,16.5,16.5
58.7,0,0,-1.5,0,0.93805,0.99997,1.08081,0,1,1,1,0,1,0.997072,0,0,3.94445,21.0278,21.6111,772,1160,623.555,970,958.32,41.2734,93.6797,93.7031,148.172,81.0234,686.775,46.5,4.68,2.19734,5.36,96.75,23.9216,27.451,0,0.921875,26.0792,8.25,8.25,8.25
58.733,0,0,-1.5,0,0.911988,0.99997,1.08063,0,1,1,1,0,1,0.997072,0,0,6.05556,21.0278,21.6111,772,970,623.555,970,931.914,41.2734,93.9141,93.7031,148.172,54.9844,686.775,46.5,4.68,3.03734,5.36,96.75,27.8431,28.6275,0,0.8125,12.9488,8.25,8.25,8.25
58.766,0,0,0,0,0.923768,0.99997,1.08038,0,1,1,1,0,1,0.997072,0,0,9.05556,20.5278,29.1945,809,970,860.898,970,934.57,58.8984,93.6328,93.7031,196.219,13.5,686.033,46.5,6.356,4.20267,7.036,96.75,29.8039,28.6275,0,0.9375,0,7.5,7.5,7.5
58.8,0,0,0,0,0.964356,0.99997,1.08286,5,1,1,1,0,1,1.00488,0,0,10.5556,13.5,15.8056,871.25,960,923.867,965,958.32,63.5625,93.6328,93.7031,100.008,14.2031,686.033,46.5,5.74,3.888,6.42,96.75,11.7647,0,0,0.984375,0,-22.5,-22.5,-33
58.833,0,0,0,0,0.967042,0.99997,1.08658,5,1,1,1,0,1,1.02149,0,0,10.6111,8.02778,12.4722,902.25,960,897.852,965,960.977,61.6406,93.1641,93.7031,46.5938,13.5,686.033,46.5,4.416,2.98934,5.136,96.75,0.784314,0,0,1.29688,0,-24,-24,-34.5
58.866,0,0,0,0,0.975098,0.99997,1.0878,5,1,1,1,0,1,1.03198,0,0,9.41667,2,3.05556,885.25,960,821.484,965,968.906,56.1094,94.2188,93.7031,11.8125,14.9531,686.033,46.5,3.34,2.18934,4.06,96.75,0.784314,0.392157,0,1.375,0,-23.25,-23.25,-34.5
58.9,0,0,0,0,0.972413,0.99997,1.1163,5,1,1,1,0,1,1.14014,0,0,8.83334,2.94445,2.44445,951.25,960,704.844,965,966.25,47.5078,94.2188,93.7031,16.2188,14.9063,686.033,47.25,3.012,2.01867,3.692,96.75,0.784314,0.392157,0,1.79688,0,-19.5,-19.5,-30
58.933,0,0,0,0,0.975098,0.99997,1.11646,5,1,1,1,0,1,1.14551,0,0,8.58334,3.19445,2.44445,951.25,960,658.086,965,968.906,44.2031,93.2109,93.7031,16.9922,14.6016,686.033,47.25,2.836,1.928,3.516,96.75,0.784314,0.392157,0,1.48438,0,-18,-18,-28.5
58.966,0,0,0,0,0.975098,0.99997,1.09638,5,1,1,1,0,1,1.07349,0,0,8.25001,3.30556,2.94445,1017.5,960,616.367,965,968.906,41.2031,93.7969,93.7031,16.9922,13.5,684.9,47.25,2.536,1.81334,3.216,96.75,0.784314,0.392157,0,1.5,0,-16.5,-16.5,-33
59,0,0,0,0,0.977601,0.99997,1.08768,5,1,1,1,0,1,0.983644,0,0,7.97223,3.11111,3.13889,1039.5,960,577.227,965,971.484,38.3438,93.7969,93.7031,15.6563,13.5,684.9,47.25,2.22,1.62134,2.9,96.75,0,0,0,1.0625,0,-15.75,-15.75,-31.5
59.033,0,0,0,0,0.977662,0.99997,1.09924,5,1,1,1,0,1,0.967287,0,0,7.13889,2.91667,2.63889,1052.25,960,540.703,965,971.523,35.8125,93.5156,95.1328,14.5078,13.5,684.9,47.25,2.072,1.328,2.752,96.75,0,0,0,1.25,0,-14.25,-14.25,-32.25
59.066,0,0,0,0,0.977662,0.99997,1.10114,5,1,1,1,0,1,0.949953,0,0,7.13889,2.86111,2.66667,1060.5,960,507.422,965,971.523,33.375,95.2266,95.9063,14.1094,13.5,684.9,47.25,1.944,1.25067,2.624,96.75,0,0,0,1.1875,0,-13.5,-13.5,-30.75
59.1,0,0,0,0,0.977662,0.99997,1.09757,5,1,1,1,0,1,0.93091,0,0,6.33334,2.80556,2.58334,1068,960,477.344,965,971.523,31.2422,95.2266,95.9063,13.7578,13.5,684.9,47.25,1.82,1.176,2.5,96.75,0,0,0,1.14063,0,-12,-12,-27.75
59.133,0,0,0,0,0.977662,0.99997,1.08896,5,1,1,1,0,1,0.913331,0,0,5.97223,2.72222,2.47222,1079.5,960,425.352,965,971.523,27.5156,95.8828,96.4453,13.1953,13.5,684.9,47.25,1.604,1.10667,2.272,96.75,0,0,0,1.32813,0,-9.75,-9.75,-26.25
59.166,0,0,0,0,0.977662,0.99997,1.08228,5,1,1,1,0,1,0.904542,0,0,5.63889,2.66667,2.66667,1084.25,960,402.891,965,971.523,25.8984,96.4219,96.6094,12.8672,13.5,684.295,47.25,1.508,1.04267,2.176,96.75,0,0,0,1.67188,0,-9,-9,-26.25
59.2,0,0,0,0,0.977662,0.99997,1.0697,5,1,1,1,0,1,0.892335,0,0,5.05556,2.66667,2.5,1094.75,970,382.734,970,971.523,24.4219,96.4219,96.6094,12.75,13.5,684.295,46.5,1.416,0.922668,2.096,96.75,0,0,0,1.57813,0,-8.25,-8.25,-24
59.233,0,0,0,0,0.977662,0.99997,1.06055,5,1,1,1,0,1,0.887941,0,0,4.83334,2.66667,2.55556,1107,970,364.609,970,971.523,23.1563,96.4453,97.1484,12.6094,13.5,684.295,46.5,1.348,0.877334,2.028,96.75,0,0,0,1.42188,0,-7.5,-7.5,-23.25
59.266,0,0,0,0,0.980347,0.99997,1.05145,5,1,1,1,0,1,0.883546,0,0,4.63889,2.66667,2.61111,1112.25,970,348.32,970,974.18,21.9844,97.0078,97.8047,12.5391,13.5,684.295,46.5,1.284,0.832001,1.964,96.75,0,0,0,1.17188,0,-6.75,-6.75,-22.5
59.3,0,0,0,0,0.980347,0.99997,1.0408,5,1,1,1,0,1,0.877199,0,0,4.47223,2.66667,2.52778,1131.75,970,320.273,970,974.18,19.9922,97.0078,97.8047,12.3281,13.5,684.295,46.5,1.172,0.794668,1.86,96.75,0,0,0,0.96875,0,-6,-6,-21
59.333,0,0,0,0,0.980347,0.99997,1.03406,5,1,1,1,0,1,0.874513,0,0,4.13889,2.63889,2.55556,1143.25,970,308.125,970,974.18,19.1953,97.6406,98.5078,12.0703,13.5,684.295,46.5,1.124,0.728001,1.812,96.75,0,0,0,0.890625,0,-5.25,-5.25,-21
59.366,0,0,0,0,0.980347,0.99997,1.02756,5,1,1,1,0,1,0.87256,0,0,4.02778,2.66667,2.63889,1155.25,970,297.188,970,974.18,18.3984,98.2969,99.375,12.0703,13.5,683.826,46.5,1.084,0.701334,1.772,96.75,0,0,0,1.07813,0,-5.25,-5.25,-20.25
59.4,0,0,0,0,0.980347,0.99997,1.01816,5,1,1,1,0,1,0.867921,0,0,3.94445,2.63889,2.52778,1180.5,970,277.813,970,974.18,17.0859,98.2969,99.375,11.6953,13.5,683.826,46.5,1.004,0.680001,1.692,96.75,0,0,0,1.14063,0,-5.25,-5.25,-19.5
59.433,0,0,0,0,0.980347,0.99997,1.01138,5,1,1,1,0,1,0.864259,0,0,3.72223,2.63889,2.72222,1193,970,269.336,970,974.18,16.5469,99.1406,100.289,11.5781,13.5,683.826,46.5,0.976,0.632001,1.664,96.75,0,0,0,1.21875,0,-5.25,-5.25,-18
59.466,0,0,0,0,0.980347,0.99997,1.00513,5,1,1,1,0,1,0.861574,0,0,3.72223,2.61111,2.58334,1201.25,970,261.367,970,974.18,15.9844,100.055,101.039,11.3672,13.5,683.826,46.5,0.94,0.608001,1.628,96.75,0,0,0,1.1875,0,-5.25,-5.25,-18
59.5,0,0,0,0,0.980347,0.99997,0.99643,5,1,1,1,0,1,0.856935,0,0,3.5,2.61111,2.55556,1216,970,247.852,970,974.18,15.0703,100.055,101.039,11.2266,13.5,683.826,45.75,0.9,0.594667,1.58,96.75,0,0,0,1.04688,0,-5.25,-5.25,-16.5
59.533,0,0,0,0,0.980347,0.99997,1,5,1,1,1,0,1,0.853273,0,0,3.38889,2.61111,2.58334,1232,970,241.719,970,974.18,14.625,100.945,101.578,11.0859,13.5,683.826,45.75,0.9,0.562667,1.58,96.75,0,0,0,0.875,0,-5.25,-5.25,-15.75
59.566,0,0,0,0,0.980347,0.99997,1,5,1,1,1,0,1,0.855958,0,0,3.33334,2.75,2.58334,1238,970,237.109,970,974.18,14.2969,101.367,102.398,11.625,13.5,683.397,45.75,0.9,0.557334,1.58,96.75,0,0,0,0.859375,0,-5.25,-5.25,-15
59.6,0,0,0,0,0.980347,0.99997,1,5,1,1,1,0,1,0.864259,0,0,3.30556,2.86111,2.77778,1251.25,970,229.766,970,974.18,13.7578,101.367,102.398,11.9531,13.5,683.397,45.75,0.9,0.552001,1.588,96.75,0,0.392157,0,0.859375,0,-4.5,-4.5,-14.25
59.633,0,0,0,0,0.977662,0.99997,1,5,1,1,1,0,1,0.871583,0,0,3.25,2.94445,2.88889,1262.5,970,227.383,970,971.523,13.5703,102.117,102.867,12.2109,13.5,683.397,45.75,0.9,0.541334,1.588,96.75,0,0.392157,0,1.375,0,-4.5,-4.5,-13.5
59.666,0,0,0,0,0.980347,0.99997,1,5,1,1,1,0,1,0.883546,0,0,3.25,2.97222,3.05556,1272.5,970,225.313,970,974.18,13.4297,102.586,103.664,12.2344,13.5,683.397,45.75,0.9,0.536001,1.588,96.75,0.392157,0.392157,0,1.23438,0,-4.5,-4.5,-13.5
59.7,0,0,0,0,0.977662,0.99997,1,5,1,1,1,0,1,0.905519,0,0,3.25,3.22222,3.19445,1296.75,970,224.258,970,971.523,13.3359,102.586,103.664,13.0078,13.5,683.397,45.75,0.9,0.541334,1.58,96.75,0.392157,0.392157,0,0.953125,0,-4.5,-4.5,-14.25
59.733,0,0,0,0,0.980347,0.99997,1,5,1,1,1,0,1,0.919923,0,0,3.30556,3.22222,3.30556,1308,970,223.555,970,974.18,13.2891,103.336,104.531,12.8906,13.5,683.397,45.75,0.9,0.538667,1.58,96.75,0.392157,0.392157,0,1.0625,0,-4.5,-4.5,-14.25
59.766,0,0,0,0,0.980347,0.99997,1,5,1,1,1,0,1,0.937501,0,0,3.30556,3.22222,3.16667,1332.5,970,221.563,970,974.18,13.1484,104.203,105.844,12.6563,13.5,682.986,45.75,0.9,0.536001,1.58,96.75,0.392157,0.392157,0,0.90625,0,-3.75,-3.75,-13.5
59.8,0,0,0,0,0.980347,0.99997,1,5,1,1,1,0,1,0.964845,0,0,3.30556,3.16667,3.27778,1361.25,970,219.219,970,974.18,12.9609,104.203,105.844,12.1641,13.5,682.986,45.75,0.9,0.528001,1.588,96.75,0.392157,0.392157,0,0.9375,0,-3.75,-3.75,-14.25
59.833,0,0,0,0,0.98053,0.99997,1,5,1,1,1,0,1,0.989992,0,0,3.33334,3.22222,3.30556,1376,970,218.125,970,974.18,12.8672,105.422,106.898,12.2578,13.5,682.986,45.75,0.9,0.520001,1.588,96.75,0.392157,0.392157,0,0.96875,0,-3.75,-3.75,-13.5
59.866,0,0,0,0,0.980103,0.99997,1,4,1,1,1,0,1,1.03198,0,0,3.33334,3.22222,3.05556,1392.25,970,216.953,970,974.18,12.7734,106.453,108.023,12.1172,13.5,682.986,45.75,0.9,0.517334,1.588,96.75,0.392157,0.392157,0,0.859375,0,-3.75,-3.75,-13.5
59.9,0,0,0,0,0.978944,0.99997,1,4,1,1,1,0,1,1.08765,0,0,3.38889,3.33334,3.58334,1424.5,970,215.273,970,974.18,12.6328,106.453,108.023,12.2344,13.5,682.986,45.75,0.9,0.517334,1.58,96.75,0.392157,0.784314,0,0.90625,0,-3,-3,-13.5
59.933,0,0,0,0,0.979798,0.99997,1,4,1,1,1,0,1,1.11255,0,0,3.38889,3.55556,3.36111,1457.5,970,213.711,970,974.18,12.4922,107.602,109.852,12.0469,13.5,682.986,45.75,0.9,0.501334,1.58,96.75,0.784314,0.784314,0,0.484375,0,-3,-3,-13.5
59.966,0,0,0,0,0.978333,0.99997,1,4,1,1,1,0,1,1.1482,0,0,3.44445,3.55556,3.75,1474,970,214.922,970,974.18,12.5859,109.266,111.023,13.2891,13.5,682.576,45.75,0.9,0.522667,1.58,96.75,0.784314,0.784314,0,0.15625,0,-2.25,-2.25,-13.5
60,0,0,0,0,0.979005,0.99997,1,4,1,1,1,0,1,1.16187,0,0,3.5,3.58334,3.41667,1506,970,213.555,970,974.18,12.4688,109.266,111.023,11.8828,13.5,682.576,45.75,0.9,0.504001,1.596,96.75,0.784314,0.784314,0,0.484375,0,-2.25,-2.25,-13.5
60.033,0,0,0,0,0.978455,0.99997,1,4,1,1,1,0,1,1.16724,0,0,3.61111,3.58334,3.58334,1541,970,213.359,970,974.18,12.4453,110.461,113.109,12.1641,13.5,682.576,45.75,0.9,0.509334,1.596,96.75,0.784314,0.784314,0,0.546875,0,-1.5,-1.5,-12.75
60.066,0,0,0,0,0.978699,0.99997,1,4,1,1,1,0,1,1.20703,0,0,3.66667,3.88889,3.69445,1559,970,213.281,970,974.18,12.4219,112.43,114.797,12.3984,13.5,682.576,45.75,0.9,0.506667,1.596,96.75,1.17647,0.784314,0,0.859375,0,-1.5,-1.5,-12.75
60.1,0,0,0,0,0.977174,0.99997,1,4,1,1,1,0,1,1.23853,0,0,3.72223,3.88889,3.72223,1617.5,970,212.93,970,974.18,12.3984,112.43,114.797,12.1875,13.5,682.576,45.75,0.9,0.496001,1.58,96.75,1.17647,1.17647,0,0.40625,0,-1.5,-1.5,-12
60.133,0,0,0,0,0.975709,0.99997,1,4,1,1,1,0,1,1.22461,0,0,3.83334,3.86111,3.94445,1637.5,970,213.398,970,974.18,12.4219,114.281,117.586,12.7266,13.5,682.576,45.75,0.9,0.514667,1.58,96.75,1.17647,1.17647,0,0.21875,0,-0.75,-0.75,-12.75
60.166,0,0,0,0,0.97638,0.99997,1,4,1,1,1,0,1,1.22803,0,0,3.88889,3.88889,3.80556,1678.25,970,212.266,970,974.18,12.3984,117.117,120.469,11.9297,13.5,682.147,45.75,0.9,0.509334,1.58,96.75,1.17647,1.17647,0,0.234375,0,-0.75,-0.75,-12
60.2,0,0,0,0,0.975342,0.99997,1,3,1,1,1,0,1,1.25952,0,0,3.97223,4.22223,4.16667,1713,970,212.461,970,974.18,12.4219,117.117,120.469,12.9141,13.5,682.147,45.75,0.9,0.498667,1.596,96.75,1.56863,1.17647,0,0.5625,0,0,0,-12
60.233,0,0,0,0,0.975587,0.99997,1,3,1,1,1,0,1,1.28076,0,0,4.19445,4.27778,4.36111,1747,970,214.688,970,974.18,12.7031,120.328,123,13.1719,13.5,682.147,45.75,0.9,0.528001,1.596,96.75,1.56863,1.17647,0,0.6875,0,0,0,-9.75
60.266,0,0,0,0,0.978028,0.99997,1,3,1,1,1,0,1,1.29468,0,0,4.19445,4.27778,4.33334,1782,970,212.539,970,976.836,12.5859,122.086,124.758,12.3281,13.5,682.147,45.75,0.9,0.498667,1.596,96.75,1.56863,1.56863,0,0.453125,0,0.75,0.75,-9
60.3,0,0,0,0,0.976807,0.99997,1,3,1,1,1,0,1,1.31226,0,0,4.30556,4.30556,4.19445,1816.75,970,211.289,970,976.836,12.4922,122.086,124.758,11.8359,13.5,682.147,45.75,0.9,0.517334,1.58,96,1.56863,1.56863,0,0,0,0.75,0.75,-9
60.333,0,0,0,0,0.975648,0.99997,1,3,1,1,1,0,1,1.36475,0,0,4.41667,4.38889,4.61111,1844.5,970,211.094,970,976.836,12.5859,124.172,128.344,12.9609,13.5,682.147,45.75,0.9,0.525334,1.58,96,1.56863,1.56863,0,-0.015625,0,0.75,0.75,-9
60.366,0,0,0,0,0.975892,0.99997,1,3,1,1,1,0,1,1.34033,0,0,4.41667,4.52778,4.33334,1844.25,970,210.703,970,976.836,12.6094,126.891,129.211,12.2344,13.5,681.658,45.75,0.9,0.522667,1.58,96,1.56863,1.56863,0,0.046875,0,0.75,0.75,-7.5
60.4,0,0,0,0,0.978028,0.99997,1,3,1,1,1,0,1,1.30176,0,0,4.41667,4.52778,4.72223,1820.25,970,213.125,970,979.414,12.7969,126.891,129.211,13.5469,13.5,681.658,45.75,0.9,0.530667,1.58,96.75,1.56863,1.56863,0,0.640625,0,0.75,0.75,-7.5
60.433,0,0,0,0,0.975281,0.99997,1,3,1,1,1,0,1,1.25269,0,0,4.30556,4.66667,4.69445,1792.75,970,213.75,970,976.836,12.7734,126.328,126.797,13.8281,13.5,681.658,45.75,0.9,0.538667,1.58,96.75,1.96079,1.56863,0,0.203125,0,0.75,0.75,-7.5
60.466,0,0,0,0,0.974793,0.99997,1,3,1,1,1,0,1,1.24561,0,0,4.36111,4.66667,4.97223,1784,970,218.828,970,976.836,13.125,124.172,125.813,14.6484,13.5,681.658,45.75,0.9,0.552001,1.58,96.75,1.96079,1.56863,0,-0.078125,0,0.75,0.75,-9
60.5,0,0,0,0,0.976624,0.99997,1,3,1,1,1,0,1,1.25269,0,0,4.47223,4.72223,4.83334,1793.25,970,221.602,970,976.836,13.3359,124.172,125.813,14.1563,13.5,681.658,45.75,0.9,0.552001,1.58,96,1.96079,1.56863,0,0.125,0,0.75,0.75,-9.75
60.533,0,0,0,0,0.980164,0.99997,1.02741,3,1,1,1,0,1,1.29126,0,0,4.58334,4.69445,4.72223,1804,970,222.5,970,979.453,13.4297,123.563,126.609,13.125,13.5,681.658,45.75,0.904,0.562667,1.584,96,1.96079,1.56863,0,0.171875,0,0.75,0.75,-9.75
60.566,0,0,0,0,0.98053,0.99997,1.05341,3,1,1,1,0,1,1.32276,0,0,4.63889,4.69445,4.86111,1801.25,970,224.023,970,979.453,13.5469,124.078,126.938,13.8047,13.5,681.19,45.75,0.948,0.584001,1.628,96,1.96079,1.56863,0,0.453125,0,0.75,0.75,-9.75
60.6,0,0,0,0,0.980164,0.99997,1.06183,3,1,1,1,0,1,1.29468,0,0,4.58334,4.69445,4.83334,1788.25,970,223.438,970,979.453,13.5,124.078,126.938,13.9688,13.5,681.19,45.75,0.96,0.576001,1.64,96.75,1.96079,1.56863,0,0.265625,0,0.75,0.75,-9.75
60.633,0,0,0,0,0.980775,0.99997,1.07962,3,1,1,1,0,1,1.30176,0,0,4.52778,4.69445,4.52778,1776.5,970,223.984,970,979.453,13.5,123.844,125.742,13.2422,13.5,681.19,45.75,0.952,0.592001,1.632,96.75,1.96079,1.56863,0,0.078125,0,0.75,0.75,-9.75
60.666,0,0,0,0,0.980592,0.99997,1.12085,3,1,1,1,0,1,1.35083,0,0,4.52778,4.69445,4.94445,1771,970,225.859,970,979.453,13.6172,122.742,125.133,14.5547,13.5,681.19,45.75,1.028,0.605334,1.708,96.75,1.96079,1.56863,0,0.1875,0,0.75,0.75,-9.75
60.7,0,0,0,0,0.981568,0.99997,1.15558,3,1,1,1,0,1,1.36133,0,0,4.58334,4.58334,4.38889,1775.75,970,225.234,970,979.453,13.5703,122.742,125.133,12.9141,13.5,681.19,45.75,1.004,0.632001,1.684,96.75,1.56863,1.56863,0,0.421875,0,0.75,0.75,-9.75
60.733,0,0,0,0,0.980836,0.99997,1.16644,3,1,1,1,0,1,1.33667,0,0,4.58334,4.44445,4.5,1777.25,970,224.531,970,979.453,13.5234,122.273,125.297,13.2422,13.5,681.19,45.75,1.04,0.648001,1.72,96.75,1.56863,1.56863,0,0.3125,0,0.75,0.75,-9.75
60.766,0,0,0,0,0.980469,0.99997,1.20026,3,1,1,1,0,1,1.36133,0,0,4.52778,4.41667,4.47223,1767.75,970,222.695,970,979.453,13.3828,122.297,125.18,13.3828,13.5,680.74,45.75,1.072,0.645334,1.752,96.75,1.56863,1.56863,0,-0.03125,0,0.75,0.75,-9.75
60.8,0,0,0,0,0.97992,0.99997,1.24201,3,1,1,1,0,1,1.37866,0,0,4.41667,4.44445,4.36111,1760,970,221.406,970,979.453,13.2891,122.297,125.18,13.1719,13.5,680.74,45.75,1.092,0.661334,1.772,96.75,1.56863,1.56863,0,0.0625,0.358586,1.5,1.5,1.5
60.833,0,0,0,0,0.982667,0.99997,1.25,3,1,1,1,0,1,1.38233,0,0,4.47223,4.41667,4.44445,1759.5,970,221.289,970,982.109,13.2656,121.945,124.453,12.75,13.5,680.74,45.75,1.088,0.693334,1.768,96.75,1.56863,1.56863,0,0.140625,1.61745,9.75,9.75,9.75
60.866,0,0,0,0,0.982606,0.99997,1.25,3,1,1,1,0,1,1.35425,0,0,4.41667,4.41667,4.44445,1764.25,970,220.625,970,982.109,13.2188,121.453,124.664,12.8438,13.5,680.74,45.75,1.088,0.674668,1.768,96.75,1.56863,1.56863,0,0.390625,3.23643,17.25,17.25,17.25
60.9,0,0,0,0,0.981873,0.99997,1.25,3,1,1,1,0,1,1.33667,0,0,4.41667,4.41667,4.36111,1771.25,970,218.789,970,982.109,13.0781,121.453,124.664,12.75,13.5,680.74,46.5,1.076,0.664001,1.756,96,1.56863,1.56863,0,0.328125,5.75417,20.25,20.25,20.25
60.933,0,0,0,0,0.978883,0.99997,1.25,3,1,1,1,0,1,1.31909,0,0,4.41667,4.44445,4.52778,1764.5,970,220.469,970,979.453,13.2188,121.664,125.039,13.8047,14.0156,680.74,46.5,1.108,0.682668,1.788,96,1.56863,1.56863,0,0,7.55321,24.75,24.75,24.75
60.966,0,0,0,0,0.982789,0.99997,1.25,3,1,1,1,0,1,1.2876,0,0,4.41667,4.41667,4.36111,1759,970,219.609,970,982.109,13.1484,121.688,124.383,12.6797,15.6328,680.272,46.5,1.076,0.690668,1.756,96,1.56863,1.56863,0,0.09375,8.63202,24.75,24.75,24.75
61,0,0,0,0,0.979371,0.99997,1.25,3,1,1,1,0,1,1.22461,0,0,4.36111,4.80556,4.58334,1753.25,970,221.289,970,979.453,13.2656,121.688,124.383,14.0156,18.4453,680.272,46.5,1.148,0.698668,1.836,96.75,1.96079,2.7451,0,0.359375,10.251,24.75,24.75,24.75
61.033,0,0,0,0,0.979249,0.99997,1.25,3,1,1,1,0,1,1.17822,0,0,4.47223,5.5,5,1749.25,970,224.258,970,979.453,13.4766,121.078,124.078,15.2109,20.0625,680.272,46.5,1.18,0.733334,1.868,96.75,2.7451,3.13726,0,0.53125,10.9712,24,24,24
61.066,0,0,0,0,0.97931,0.99997,1.25,3,1,1,1,0,1,1.1482,0,0,4.63889,5.83334,5.97223,1743.5,970,237.07,970,979.453,14.4375,120.727,123.586,18.0938,21.4453,680.272,46.5,1.32,0.792001,2.008,96.75,2.7451,3.52941,0,0.125,11.6899,24,24,23.25
61.1,0,0,0,0,0.976258,0.99997,1.25,3,1,1,1,0,1,1.11255,0,0,5.05556,6.72223,7.13889,1743.25,970,260.508,970,976.836,16.1484,120.727,123.586,22.125,21.2109,680.272,46.5,1.508,0.877334,2.188,96.75,3.52941,3.92157,0,-0.109375,11.6899,24,24,22.5
61.133,0,0,0,0,0.980469,0.99997,1.25,3,1,1,1,0,1,1.09253,0,0,5.52778,6.75001,7.27778,1746,970,269.063,970,979.453,16.7813,120.352,123.586,21.75,20.7891,680.272,46.5,1.516,0.965335,2.196,96.75,3.92157,3.92157,0,-0.140625,11.6899,26.25,26.25,21.75
61.166,0,0,0,0,0.982178,0.99997,1.25,3,1,1,1,0,1,1.07593,0,0,5.75,6.86112,7.41667,1754.25,970,283.438,970,979.453,17.8594,120.516,124.125,22.1016,21.1172,679.764,46.5,1.576,0.976001,2.256,96.75,3.92157,3.92157,0,0.265625,12.05,27.75,27.75,23.25
61.2,0,0,0,0,0.982667,0.99997,1.25,3,1,1,1,0,1,1.04785,0,0,6.16667,6.94445,7.50001,1766.75,970,296.328,970,976.836,18.8438,120.516,124.125,22.1953,20.0859,679.764,46.5,1.628,1.048,2.324,96,3.92157,3.92157,0,0.40625,12.05,12,12,12
61.233,0,0,0,0,0.987611,0.99997,1.25,3,1,1,1,0,1,1.03589,0,0,6.61112,6.97223,7.50001,1775.75,970,306.25,970,979.453,19.6641,121.359,124.945,21.9609,19.7813,679.764,46.5,1.648,1.07467,2.344,96,3.92157,3.52941,0,0.1875,12.05,11.25,11.25,11.25
61.266,0,0,0,0,0.989381,0.99997,1.25,3,1,1,1,0,1,1.02319,0,0,6.63889,6.80556,7.11112,1755.75,970,311.328,970,979.453,20.0391,121.43,124.219,21.1172,20.3906,679.764,46.5,1.644,1.08,2.34,96,3.52941,3.52941,0,0.046875,12.4101,32.25,32.25,27.75
61.3,0,0,0,0,0.991151,0.99997,1.25,3,1,1,1,0,1,1,0,0,6.63889,6.63889,6.86112,1726.75,970,313.984,970,979.453,20.2031,121.43,124.219,20.7422,21.5859,679.764,46.5,1.612,1.07467,2.28,96,3.52941,3.52941,0,0.078125,12.7687,32.25,32.25,38.25
61.333,0,0,0,0,0.9917,0.99997,1.25,3,1,1,1,0,1,0.978517,0,0,6.55556,6.72223,6.77778,1716,970,314.844,970,979.453,20.1797,120.352,122.414,20.6484,23.5547,679.764,46.5,1.616,1.048,2.284,96,3.52941,3.52941,0,0.125,13.8491,32.25,32.25,38.25
61.366,0,0,0,0,0.991944,0.99997,1.25,3,1,1,1,0,1,0.963625,0,0,6.61112,7.22223,6.66667,1722.75,970,315.938,970,979.453,20.25,119.133,122.367,20.25,25.7109,678.865,46.5,1.624,1.064,2.292,96,3.92157,4.31373,0,0.46875,15.1079,33,33,38.25
61.4,0,0,0,0,0.990052,0.99997,1.24341,3,1,1,1,0,1,0.946046,0,0,6.75001,8.50001,8.19445,1736.5,970,326.133,970,979.453,21.0234,119.133,122.367,24.7031,26.5547,678.865,46.5,1.848,1.15467,2.536,96,4.70588,4.70588,0,0.359375,15.8266,17.25,17.25,17.25
61.433,0,0,0,0,0.986939,0.99997,1.23169,3,1,1,1,0,1,0.928712,0,0,7.19445,8.47223,8.77778,1740,970,342.5,970,976.836,22.2891,119.391,123.258,27.0234,26.6719,678.865,46.5,2.008,1.256,2.696,96,4.70588,4.70588,0,0.078125,16.1867,15.75,15.75,15.75
61.466,0,0,0,0,0.988343,0.99997,1.22199,3,1,1,1,0,1,0.914308,0,0,7.50001,8.3889,8.44445,1737.5,970,348.008,970,976.836,22.6875,120,123.305,25.8984,26.7422,678.865,46.5,1.956,1.248,2.644,96,4.70588,5.09804,0,-0.0625,16.1867,19.5,19.5,19.5
61.5,0,0,0,0,0.992127,0.99997,1.21112,3,1,1,1,0,1,0.900148,0,0,7.72223,8.72223,8.97223,1727.5,970,364.609,970,979.453,23.9297,120,123.305,26.8125,26.9766,678.865,46.5,2.032,1.29067,2.712,96,5.09804,5.09804,0,0.3125,16.1867,32.25,32.25,29.25
61.533,0,0,0,0,0.992676,0.99997,1.20429,3,1,1,1,0,1,0.894533,0,0,7.94445,8.94445,9.05556,1725,970,369.609,970,979.453,24.2813,119.883,122.836,27.2109,27.0234,678.865,46.5,2.044,1.29867,2.724,96,5.09804,5.09804,0,0.453125,16.1867,31.5,31.5,36.75
61.566,0,0,0,0,0.993287,0.99997,1.1944,3,1,1,1,0,1,0.888917,0,0,8.08334,8.8889,9.3889,1725.25,970,380.469,970,979.453,25.0781,119.555,122.719,28.3125,27.0234,678.006,46.5,2.128,1.328,2.808,96,5.09804,5.09804,0,0.359375,16.1867,30.75,30.75,36
61.6,0,0,0,0,0.994263,0.99997,1.18366,3,1,1,1,0,1,0.883546,0,0,8.36112,8.8889,9.16667,1731.75,970,389.375,970,979.453,25.7344,119.555,122.719,27.6328,27.4922,678.006,46.5,2.108,1.32267,2.788,96,5.09804,5.09804,0,0.078125,16.5469,30.75,30.75,36
61.633,0,0,0,0,0.994996,0.99997,1.17404,3,1,1,1,0,1,0.878175,0,0,8.52778,8.8889,9.05556,1731,970,391.797,970,979.453,25.9453,119.578,123.023,27.3281,27.4219,678.006,46.5,2.096,1.328,2.776,96,5.09804,5.09804,0,0.296875,16.5469,31.5,31.5,36
61.666,0,0,0,0,0.995728,0.99997,1.16449,3,1,1,1,0,1,0.87256,0,0,8.58334,8.91667,9.25001,1728.5,970,397.188,970,979.453,26.3438,119.719,122.883,27.9844,28.0547,678.006,46.5,2.128,1.33333,2.808,96,5.09804,5.09804,0,0.078125,16.9054,31.5,31.5,35.25
61.7,0,0,0,0,0.996949,0.99997,1.15207,3,1,1,1,0,1,0.865236,0,0,8.66667,8.91667,8.69445,1725.75,970,399.453,970,979.453,26.5078,119.719,122.883,26.3672,28.125,678.006,47.25,2.064,1.34667,2.752,96,5.09804,5.09804,0,0.421875,16.9054,31.5,31.5,35.25
61.733,0,0,0,0,0.996339,0.99997,1.14334,3,1,1,1,0,1,0.860597,0,0,8.72223,8.91667,8.97223,1723,970,400.977,970,979.453,26.6016,119.578,122.648,27.2578,28.2188,678.006,47.25,2.076,1.31733,2.764,96,5.09804,5.09804,0,0.296875,16.9054,30.75,30.75,35.25
61.766,0,0,0,0,0.996155,0.99997,1.13483,3,1,1,1,0,1,0.856935,0,0,8.72223,9.27779,9.27779,1726,970,403.594,970,979.453,26.7891,119.414,122.648,28.1484,28.2188,677.01,47.25,2.068,1.30133,2.756,96,5.09804,5.09804,0,-0.03125,16.9054,30.75,30.75,35.25
61.8,0,0,0,0,0.996217,0.99997,1.12436,3,1,1,1,0,1,0.855226,0,0,8.8889,9.00001,9.27779,1728.75,970,408.398,970,979.453,27.1406,119.414,122.648,27.9609,29.3672,677.01,47.25,2.088,1.33867,2.768,96,5.09804,5.09804,0,0.125,17.6257,31.5,31.5,35.25
61.833,0,0,0,0,0.996888,0.99997,1.11575,3,1,1,1,0,1,0.853273,0,0,8.94445,9.19445,9.1389,1728.75,970,410.195,970,979.453,27.3047,119.484,122.883,27.6094,31.1953,677.01,47.25,2.056,1.31733,2.736,96,5.09804,5.09804,0,0.171875,18.7045,30.75,30.75,35.25
61.866,0,0,0,0,0.996827,0.99997,1.10788,3,1,1,1,0,1,0.853273,0,0,9.00001,9.16667,9.27779,1729,970,411.289,970,979.453,27.375,119.672,122.906,28.0313,33.1406,677.01,47.25,2.096,1.33067,2.776,96,5.09804,5.88235,0,0.296875,19.7833,30.75,30.75,35.25
61.9,0,0,0,0,0.996888,0.99997,1.09757,3,1,1,1,0,1,0.854249,0,0,9.11112,10.5833,10.6389,1725,970,423.828,970,979.453,28.3125,119.672,122.906,32.2734,35.0859,677.01,47.25,2.24,1.35467,2.928,96,6.27451,6.27451,0,0.0625,20.8621,30.75,30.75,35.25
61.933,0,0,0,0,0.996522,0.99997,1.09027,3,1,1,1,0,1,0.855958,0,0,9.41667,11.1111,10.6389,1725.25,970,429.883,970,979.453,28.7578,119.602,122.719,32.2031,35.8594,677.01,47.25,2.252,1.42134,2.94,96,6.66667,6.27451,0,-0.265625,21.2222,30,30,34.5
61.966,0,0,0,0,0.99286,0.99997,1.08334,3,1,1,1,0,1,0.858888,0,0,9.52779,11.3333,11.4445,1729.5,970,443.594,970,976.836,29.7656,119.578,122.93,34.6406,35.7656,676.033,47.25,2.368,1.42934,3.056,96,7.05883,7.05883,0,-0.03125,21.2222,30,30,34.5
62,0,0,0,0,0.99286,0.99997,1.07529,3,1,1,1,0,1,0.866212,0,0,10.2222,11.8889,11.6667,1734,970,467.266,970,976.836,31.5469,119.578,122.93,35.5781,36.4453,676.033,47.25,2.444,1.552,3.124,96,7.05883,7.05883,0,0.21875,21.5823,30.75,30.75,33.75
62.033,0,0,0,0,0.995301,0.99997,1.06949,3,1,1,1,0,1,0.871583,0,0,10.6111,11.8889,11.8333,1734,970,474.063,970,979.414,32.0625,119.766,123.141,36,36.3516,676.033,47.25,2.484,1.58134,3.164,96,7.05883,7.05883,0,0.34375,21.5823,30,30,33.75
62.066,0,0,0,0,0.995179,0.99997,1.06427,3,1,1,1,0,1,0.878175,0,0,10.6945,11.9167,11.75,1734.75,970,482.695,970,979.453,32.7188,119.906,123.164,35.1797,36.3281,676.033,47.25,2.48,1.568,3.16,96,7.05883,7.05883,0,0.21875,21.5823,29.25,29.25,33
62.1,0,0,0,0,0.994385,0.99997,1.05917,3,1,1,1,0,1,0.891115,0,0,10.9167,11.9167,11.6389,1750.25,970,488.711,970,979.453,33.1641,119.906,123.164,34.6641,36.0234,676.033,47.25,2.452,1.576,3.132,96,7.05883,7.05883,0,-0.09375,21.5823,29.25,29.25,33
62.133,0,0,0,0,0.993714,0.99997,1.05521,3,1,1,1,0,1,0.897706,0,0,11.25,11.8889,11.8056,1758,970,494.219,970,979.453,33.6797,120.328,124.477,35.0625,35.9063,676.033,47.25,2.492,1.58667,3.172,96,7.05883,7.05883,0,0.03125,21.5823,30.75,30.75,33
62.166,0,0,0,0,0.993348,0.99997,1.052,3,1,1,1,0,1,0.904542,0,0,11.3056,11.8889,11.5278,1754,970,496.641,970,979.453,33.8672,121.172,124.125,34.3594,35.8125,675.037,47.25,2.444,1.576,3.124,96,7.05883,7.05883,0,0.15625,21.5823,30.75,30.75,33
62.2,0,0,0,0,0.992188,0.99997,1.04819,3,1,1,1,0,1,0.913331,0,0,11.25,11.8889,11.75,1733.75,970,499.844,970,979.453,34.1016,121.172,124.125,35.4609,36.5391,675.037,47.25,2.496,1.56534,3.176,96,7.05883,7.05883,0,0.328125,21.5823,29.25,29.25,32.25
62.233,0,0,0,0,0.991944,0.99997,1.04675,3,1,1,1,0,1,0.921144,0,0,11.25,11.8611,11.5278,1723.25,970,503.906,970,979.453,34.3359,120.586,122.719,35.0156,36.9375,675.037,47.25,2.468,1.57334,3.148,96,7.05883,7.05883,0,0.203125,21.5823,29.25,29.25,32.25
62.266,0,0,0,0,0.993958,0.99997,1.04471,3,1,1,1,0,1,0.926515,0,0,11.25,11.9167,11.75,1729.25,970,505.273,970,982.109,34.4297,119.414,122.625,35.1094,36.2109,675.037,47.25,2.476,1.56534,3.156,96,7.05883,7.05883,0,-0.125,21.2222,29.25,29.25,32.25
62.3,0,0,0,0,0.992799,0.99997,1.04392,3,1,1,1,0,1,0.936525,0,0,11.3889,11.8889,11.5556,1741.25,970,506.563,970,982.109,34.5234,119.414,122.625,34.4531,35.1094,675.037,47.25,2.448,1.58667,3.116,96,7.05883,7.05883,0,0.0625,20.8621,18,18,18
62.333,0,0,0,0,0.992066,0.99997,1.04327,3,1,1,1,0,1,0.942384,0,0,11.5,11.8611,11.8056,1747.25,970,508.281,970,982.109,34.6406,119.297,123.492,35.2266,34.5938,675.037,47.25,2.468,1.56534,3.136,96,7.05883,6.66667,0,0.359375,20.8621,15,15,15
62.366,0,0,0,0,0.9917,0.99997,1.0434,3,1,1,1,0,1,0.949953,0,0,11.5,11.8333,11.8333,1747.5,970,508.398,970,982.109,34.6641,120.258,123.773,34.7344,34.5234,674.022,47.25,2.448,1.56,3.116,96,7.05883,6.66667,0,0.5,20.8621,18,18,18
62.4,0,0,0,0,0.993287,0.99997,1.04559,3,1,1,1,0,1,0.957277,0,0,11.5,11.75,11.9167,1743.5,970,508.516,970,984.727,34.6875,120.258,123.773,35.3672,34.6641,674.022,47.25,2.416,1.512,3.096,96,7.05883,6.66667,0,0.234375,20.8621,29.25,29.25,32.25
62.433,0,0,0,0,0.992921,0.99997,1.04715,3,1,1,1,0,1,0.966066,0,0,11.4445,11.5833,11.4445,1742.25,970,507.539,970,984.727,34.5938,120.352,123.586,34.4297,34.9453,674.022,47.25,2.392,1.51467,3.072,96,7.05883,6.66667,0,0.140625,20.8621,30,30,32.25
62.466,0,0,0,0,0.995057,0.99997,1.04746,3,1,1,1,0,1,0.971193,0,0,11.4445,11.3611,11.8056,1741.75,970,508.32,970,987.344,34.6641,120.164,123.516,35.2969,35.0156,674.022,47.25,2.424,1.52,3.104,96,6.66667,6.66667,0,-0.015625,20.8621,30,30,32.25
62.5,0,0,0,0,0.994691,0.99997,1.04862,3,1,1,1,0,1,0.977296,0,0,11.3889,11.3333,11.2778,1746,970,502.539,970,987.383,34.2188,120.164,123.516,33.375,35.0625,674.022,47.25,2.352,1.49867,3.032,96,6.66667,6.66667,0,0.375,20.8621,30,30,32.25
62.533,0,0,0,0,0.994141,0.99997,1.04923,3,1,1,1,0,1,0.981203,0,0,11.3333,11.4722,11.4167,1746.25,970,502.031,970,987.383,34.1953,120.164,123.703,33.8906,35.6484,674.022,47.25,2.364,1.504,3.044,96,6.66667,6.66667,0,0.140625,21.2222,29.25,29.25,32.25
62.566,0,0,0,0,0.993836,0.99997,1.05045,3,1,1,1,0,1,0.983644,0,0,11.3889,11.3889,11.3333,1750.25,970,501.016,970,987.383,34.125,120.328,123.914,33.7031,35.5781,673.025,47.25,2.36,1.512,3.04,96,6.66667,7.05883,0,0.203125,21.2222,29.25,29.25,32.25
62.6,0,0,0,0,0.995911,0.99997,1.05078,3,1,1,1,0,1,0.986085,0,0,11.3333,11.4722,11.3333,1751,970,499.648,970,990,34.0313,120.328,123.914,33.7969,35.6016,673.025,47.25,2.48,1.576,3.16,96,6.66667,7.05883,0,-0.03125,21.2222,29.25,29.25,32.25
62.633,0,0,0,0,0.995362,0.99997,1.051,3,1,1,1,0,1,0.988527,0,0,11.3056,11.5278,11.4445,1749.25,970,498.398,970,990.039,33.9609,120.469,123.961,33.7266,35.6719,673.025,47.25,2.468,1.57067,3.148,96,6.66667,7.05883,0,0.234375,21.2222,30,30,32.25
62.666,0,0,0,0,0.994874,0.99997,1.05057,3,1,1,1,0,1,0.989992,0,0,11.3056,11.75,11.6667,1750.25,970,499.727,970,990.039,34.0547,120.469,123.914,34.5938,36.4688,673.025,47.25,2.484,1.57867,3.164,96,7.05883,7.05883,0,0.0625,21.5823,30,30,32.25
62.7,0,0,0,0,0.994385,0.99997,1.04923,3,1,1,1,0,1,0.992677,0,0,11.3889,11.75,11.5278,1755,970,500.938,970,990.039,34.1484,120.469,123.914,34.2188,39.5156,673.025,47.25,2.484,1.58667,3.164,96,7.05883,7.05883,0,0.3125,23.0213,30,30,32.25
62.733,0,0,0,0,0.993775,0.99997,1.04645,3,1,1,1,0,1,0.988527,0,0,11.4445,12.0278,11.8889,1756.25,970,503.242,970,990.039,34.3125,120.469,124.102,35.3438,41.1328,673.025,47.25,2.54,1.61867,3.22,96,7.05883,8.2353,0,-0.21875,23.74,29.25,29.25,32.25
62.766,0,0,0,0,0.993409,0.99997,1.04584,3,1,1,1,0,1,0.984865,0,0,11.5,13.1667,12.2778,1759,970,508.125,970,990.039,34.7109,120.656,124.313,36.4922,44.5547,672.029,47.25,2.576,1.63467,3.256,96,7.84314,8.2353,0,-0.15625,25.3589,29.25,29.25,32.25
62.8,0,0,0,0,0.989259,0.99997,1.04404,3,1,1,1,0,1,0.979982,0,0,11.8333,13.6389,13.4722,1759.25,970,522.93,970,987.383,35.8125,120.656,124.313,39.9375,46.0547,672.029,47.25,2.796,1.76534,3.476,96,8.62745,9.01961,0,0.140625,26.0792,30,30,32.25
62.833,0,0,0,0,0.988587,0.99997,1.04132,3,1,1,1,0,1,0.974855,0,0,12.5278,14.9722,14.5556,1761.5,970,542.305,970,987.383,37.2656,120.773,124.453,43.6406,47.9297,672.029,47.25,2.964,1.89867,3.644,96,9.01961,9.41177,0,0.375,26.9779,28.5,28.5,32.25
62.866,0,0,0,0,0.987977,0.99997,1.03964,3,1,1,1,0,1,0.971193,0,0,12.8333,15.3889,15.3889,1765.25,970,566.367,970,987.383,39.0703,120.961,124.641,45.8672,48.6328,672.029,47.25,3.148,1.98134,3.828,96,9.41177,9.80392,0,0.265625,27.338,27.75,27.75,32.25
62.9,0,0,0,0,0.987794,0.99997,1.03894,3,1,1,1,0,1,0.973634,0,0,13.4167,16.3056,15.8889,1771.75,970,587.813,970,987.383,40.6875,120.961,124.641,47.0859,49.9688,672.029,47.25,3.116,1.95467,3.796,95.25,10.1961,10.1961,0,-0.109375,28.0567,27,27,31.5
62.933,0,0,0,0,0.987427,0.99997,1.03806,3,1,1,1,0,1,0.974855,0,0,14.0556,16.2222,16.0833,1775.25,970,608.672,970,987.383,42.2813,121.172,125.086,47.5313,50.7188,672.029,47.25,3.216,2.07734,3.896,95.25,10.1961,10.1961,0,-0.171875,28.4168,27.75,27.75,31.5
62.966,0,0,0,0,0.987366,0.99997,1.03879,3,1,1,1,0,1,0.979982,0,0,14.5556,16.6945,16.2222,1776,970,624.727,970,987.383,43.5234,121.57,125.508,47.8594,50.6016,671.092,47.25,3.264,2.09867,3.944,95.25,10.1961,10.1961,0,0.125,28.4168,27,27,30.75
63,0,0,0,0,0.986451,0.99997,1.03803,3,1,1,1,0,1,0.982423,0,0,14.9167,16.8611,16.9445,1774.75,970,641.016,970,987.383,44.7422,121.57,125.508,50.1563,52.1719,671.092,47.25,3.424,2.12534,4.104,95.25,10.5882,10.5882,0,0.34375,29.1371,25.5,25.5,30.75
63.033,0,0,0,0,0.988709,0.99997,1.04004,3,1,1,1,0,1,0.989992,0,0,15.3056,17.1945,17.1111,1777.25,970,655.078,970,990.039,45.7734,121.758,125.227,50.0625,53.1094,671.092,47.25,3.452,2.18667,4.132,95.25,10.9804,10.5882,0,0.171875,29.4956,25.5,25.5,30.75
63.066,0,0,0,0,0.990906,0.99997,1.04099,3,1,1,1,0,1,0.997072,0,0,15.6667,17.0833,17.0278,1778.25,970,661.289,970,992.617,46.2422,121.594,125.414,49.8516,53.7656,671.092,47.25,3.48,2.23467,4.16,95.25,10.9804,10.9804,0,3.32813,29.8558,25.5,25.5,30.75
63.1,0,0,0,0,0.990235,0.99997,1.0452,3,1,1,1,0,1,1.00855,0,0,15.9445,17.4167,17.1667,1788.25,970,674.766,970,992.656,47.2734,121.594,125.414,49.8047,54.6563,671.092,47.25,3.532,2.24267,4.2,95.25,10.9804,11.3726,0,7.53125,30.2159,25.5,25.5,22.5
63.133,0,0,0,0,0.991822,0.99997,1.04657,3,1,1,1,0,1,1.01319,0,0,16.1389,17.8889,17.7222,1796.25,970,683.945,970,995.313,47.7656,121.922,125.953,50.7656,54.4688,671.092,47.25,3.588,2.26134,4.256,95.25,11.3726,11.3726,0,11.5625,30.2159,27,27,24
63.166,0,0,0,0,0.990723,0.99997,1.04678,3,1,1,1,0,1,1.01148,0,0,16.4722,17.9445,17.5833,1798.25,970,688.164,970,995.313,48.0938,122.461,126.492,50.5313,54.2813,670.272,47.25,3.592,2.304,4.26,95.25,11.7647,11.7647,0,15.0469,30.2159,27,27,24
63.2,0,0,0,0,0.98932,0.99997,1.04608,3,1,1,1,0,1,1.00611,0,0,16.4167,18.1667,18.4167,1794.25,970,709.531,970,995.313,48.6094,122.461,126.492,53.4375,54.2344,670.272,47.25,3.868,2.40267,4.536,95.25,11.7647,11.7647,0,16.6719,30.2159,28.5,28.5,32.25
63.233,0,0,0,0,0.992066,0.99997,1.04642,3,1,1,1,0,1,1.00366,0,0,16.4722,18.0833,18.1389,1796.75,970,722.891,970,997.969,48.6328,121.617,126.281,52.0781,54.4219,670.272,47.25,3.776,2.39734,4.444,95.25,11.7647,11.7647,0,18.5156,30.2159,28.5,28.5,33
63.266,0,0,0,0,0.994447,0.99997,1.04422,3,1,1,1,0,1,0.998537,0,0,16.7778,17.8333,17.9722,1799.25,970,727.578,970,1000.55,48.9844,121.688,126.563,51.7031,55.1016,670.272,47.25,3.8,2.42667,4.468,95.25,11.7647,12.1569,0,19.0625,30.5745,28.5,28.5,33
63.3,0,0,0,0,0.996522,0.99997,1.0426,3,1,1,1,0,1,0.998537,0,0,16.9445,17.9167,18,1809,970,738.359,970,1003.24,49.3594,121.688,126.563,50.8828,54.5859,670.272,47.25,3.784,2.42934,4.464,95.25,12.1569,12.1569,0,20.6719,30.5745,27.75,27.75,33
63.333,0,0,0,0,0.998658,0.99997,1.03668,3,1,1,1,0,1,0.983644,0,0,17.0556,18.4722,18.4445,1809.75,970,745.547,970,1005.86,49.7813,122.414,127.078,52.0547,54.8438,670.272,47.25,3.812,2.42667,4.492,95.25,12.549,12.1569,0,21.2656,30.5745,27.75,27.75,33.75
63.366,0,0,0,0,0.99762,0.99997,1.03561,3,1,1,1,0,1,0.979982,0,0,17.3056,18.4445,18.4722,1813.75,970,749.453,970,1005.86,50.0625,123.117,127.336,52.3359,54.7734,669.354,47.25,3.836,2.45334,4.516,95.25,12.549,12.1569,0,21.3438,30.5745,27.75,27.75,26.25
63.4,0,0,0,0,0.999451,0.99997,1.03107,3,1,1,1,0,1,0.974855,0,0,17.4722,18.2778,18.5,1820.75,970,758.672,970,1008.52,50.6484,123.117,127.336,52.2656,55.7109,669.354,47.25,3.856,2.46134,4.536,95.25,12.549,12.549,0,21.0313,30.9346,27.75,27.75,25.5
63.433,0,0,0,0,1.00177,0.99997,1.02985,3,1,1,1,0,1,0.976076,0,0,17.6945,18.3611,18.7222,1825,970,763.398,970,1011.17,51.0938,123.352,127.711,52.5703,56.5781,669.354,47.25,3.916,2.48,4.596,95.25,12.549,12.9412,0,21.2188,31.2947,27.75,27.75,25.5
63.466,0,0,0,0,1.00427,0.99997,1.02838,3,1,1,1,0,1,0.977296,0,0,17.8611,19.0278,19.1111,1828.25,970,769.57,970,1013.75,51.6094,123.82,127.969,53.4844,57,669.354,47.25,3.96,2.504,4.64,95.25,12.9412,12.9412,0,21.4063,31.6548,27,27,33
63.5,0,0,0,0,1.00299,0.99997,1.02777,3,1,1,1,0,1,0.979982,0,0,18.0556,19.7778,19.3611,1834.25,970,776.797,970,1013.79,52.1719,123.82,127.969,54.5156,58.0313,669.354,47.25,3.796,2.42134,4.484,95.25,13.3333,13.3333,0,21.2813,32.0134,26.25,26.25,24.75
63.533,0,0,0,0,1.00446,0.99997,1.02506,3,1,1,1,0,1,0.973634,0,0,18.4445,19.5833,19.7778,1837,970,786.211,970,1016.45,52.9688,124.125,128.438,55.3594,58.125,669.354,47.25,3.872,2.47467,4.56,95.25,13.3333,13.3333,0,21.0313,32.0134,26.25,26.25,25.5
63.566,0,0,0,0,1.00665,0.99997,1.026,3,1,1,1,0,1,0.974855,0,0,18.6389,19.4445,19.5556,1843.75,970,791.133,970,1019.1,53.4375,124.523,128.836,54.3047,58.7109,668.709,47.25,3.904,2.488,4.592,95.25,13.3333,13.7255,0,21.0781,32.3735,26.25,26.25,25.5
63.6,0,0,0,0,1.00824,0.99997,1.02625,3,1,1,1,0,1,0.977296,0,0,18.8056,19.6667,19.7778,1850.75,970,793.633,970,1021.72,53.625,124.523,128.836,54.6563,58.6641,668.709,47.25,3.9,2.48,4.58,95.25,13.7255,13.7255,0,21.4688,32.3735,26.25,26.25,25.5
63.633,0,0,0,0,1.00702,0.99997,1.02594,3,1,1,1,0,1,0.983644,0,0,19.1945,19.9167,20.2778,1853.75,970,799.883,970,1021.72,54.375,125.297,129.539,56.5078,59.4844,668.709,47.25,4.008,2.56267,4.688,95.25,13.7255,14.1177,0,21.375,32.7336,24.75,24.75,24.75
63.666,0,0,0,0,1.00946,0.99997,1.02475,3,1,1,1,0,1,0.984865,0,0,19.3056,20.2222,20.1667,1853.75,970,804.648,970,1024.38,54.75,125.367,129.492,56.0391,59.4844,668.709,47.25,3.988,2.552,4.668,95.25,14.1177,14.1177,0,21.3906,32.7336,24.75,24.75,24.75
63.7,0,0,0,0,1.01178,0.99997,1.02551,3,1,1,1,0,1,0.992677,0,0,19.4445,20.9167,20.9167,1855.75,970,813.242,970,1026.99,55.4063,125.367,129.492,58.0078,60.5625,668.709,47.25,4.064,2.59734,4.744,95.25,14.902,14.5098,0,20.9375,33.0937,24.75,24.75,25.5
63.733,0,0,0,0,1.01367,0.99997,1.02344,3,1,1,1,0,1,0.992677,0,0,19.9445,20.8611,21.4167,1861.25,970,823.633,970,1029.65,56.2266,125.273,129.656,59.0625,60.7734,668.709,47.25,4.136,2.63467,4.816,95.25,14.5098,14.5098,0,21.5156,33.0937,24.75,24.75,24.75
63.766,0,0,0,0,1.01727,0.99997,1.0264,3,1,1,1,0,1,1.00366,0,0,20.1389,20.5,21.3056,1873.25,970,831.094,970,1032.3,56.7891,125.719,130.547,58.2656,61.4297,668.026,47.25,4.188,2.66934,4.868,95.25,14.5098,14.902,0,21.3594,33.4523,24.75,24.75,22.5
63.8,0,0,0,0,1.02057,0.99997,1.0235,3,1,1,1,0,1,1.00366,0,0,20.5278,21.0834,21.0834,1881.75,970,834.688,970,1034.92,57.2578,125.719,130.547,57.6094,62.6016,668.026,47.25,4.312,2.78667,4.98,95.25,14.902,14.902,0,21.625,34.1725,24.75,24.75,25.5
63.833,0,0,0,0,1.02264,0.99997,1.02588,3,1,1,1,0,1,1.01148,0,0,20.6389,20.9445,21.6111,1883,970,836.875,970,1037.58,57.5391,126.375,131.016,58.6875,62.8125,668.026,47.25,4.42,2.81334,5.088,95.25,14.902,15.2941,0,21.1094,34.1725,24,24,23.25
63.866,0,0,0,0,1.02539,0.99997,1.02371,3,1,1,1,0,1,1.00733,0,0,20.6667,21.9167,21.8889,1886.5,970,841.055,970,1040.23,57.8672,126.68,131.25,59.3438,62.7422,668.026,47.25,4.392,2.80267,5.06,95.25,15.6863,15.6863,0,21.125,34.1725,24,24,23.25
63.9,0,0,0,0,1.02759,0.99997,1.02329,3,1,1,1,0,1,1.00366,0,0,21.1111,21.75,22.5834,1894.25,970,853.906,970,1042.85,58.9219,126.68,131.25,61.1953,63.7031,668.026,47.25,4.548,2.87734,5.228,95.25,15.6863,15.6863,0,21.2344,34.5326,23.25,23.25,22.5
63.933,0,0,0,0,1.03369,0.99997,1.02451,3,1,1,0.982423,0,1,1,0,0,21.3611,22.0278,22.4722,1901.5,980,858.164,970,1048.13,59.3203,126.914,131.672,60.0703,65.2266,668.026,47.25,4.528,2.89867,5.208,95.25,15.6863,16.0784,0,21.8281,35.2513,22.5,22.5,23.25
63.966,0,0,0,0,1.03607,0.99997,1.02374,3,1,1,0.977052,0,1,0.998537,0,0,21.5834,22,22.6389,1907.25,980,861.406,970,1050.74,59.6953,127.313,132.188,60.5625,65.3438,667.733,47.25,4.572,2.89067,5.252,95.25,15.6863,16.0784,0,21.3438,35.2513,22.5,22.5,23.25
64,0,0,0,0,1.04163,0.99997,1.02316,3,1,1,0.977052,0,0.977052,0.994142,0,0,21.8056,22.2222,23.0556,1910.75,980,866.328,970,1056.05,60.0938,127.313,132.188,61.6875,65.7188,667.733,47.25,4.744,2.93867,5.424,95.25,16.4706,16.4706,0,21.0781,35.6115,21.75,21.75,21.75
64.033,0,0,0,0,1.04034,0.99997,1.02066,3,1,1,0.973146,0,0.977052,0.986085,0,0,22.2222,23.9722,24.2778,1913.25,980,875.352,970,1056.05,60.8906,127.758,132.656,65.1094,65.8125,667.733,47.25,4.78,3.03734,5.46,95.25,16.8628,16.8628,0,21.2344,35.6115,22.5,22.5,21
64.066,0,0,0,0,1.04309,0.99997,1.02124,3,1,1,0.969972,0,0.977052,0.983644,0,0,22.4445,22.9167,23.9722,1919,980,886.211,970,1058.71,61.7344,128.086,133.008,64.0547,65.7891,667.733,47.25,4.852,3.072,5.532,95.25,16.8628,16.8628,0,21.4531,35.6115,22.5,22.5,20.25
64.1,0,0,0,0,1.05066,0.99997,1.01608,3,1,1,0.969972,0,0.969972,0.982423,0,0,22.75,23.2778,24.0278,1931.25,980,891.406,970,1063.98,62.2266,128.086,133.008,63.5156,65.8594,667.733,47.25,4.816,2.95467,5.496,95.25,16.8628,16.8628,0,21.7188,35.9716,21,21,21
64.133,0,0,0,0,1.05603,0.99997,1.0253,3,1,1,0.963869,0,0.969972,0.987306,0,0,23.0278,23.5834,24.0556,1936.75,980,894.297,970,1069.22,62.6016,128.484,133.664,63.0469,65.8594,667.733,47.25,4.88,3.11734,5.56,95.25,16.8628,17.2549,0,21.1719,35.9716,21.75,21.75,21
64.166,0,0,0,0,1.05853,0.99997,1.01984,3,1,1,0.95923,0,0.969972,0.979982,0,0,23.1389,24.0278,24.3334,1936.25,980,896.875,970,1071.88,62.7891,128.906,133.945,64.875,65.7891,667.264,47.25,4.908,3.10134,5.588,95.25,17.2549,17.2549,0,20.9688,35.9716,21.75,21.75,21
64.2,0,0,0,0,1.06128,0.99997,1.02335,3,1,1,0.95923,0,0.95923,0.982423,0,0,23.4445,24.1111,25.1389,1945.5,990,908.828,970,1074.53,63.7969,128.906,133.945,66.6563,66.5859,667.264,47.25,5.036,3.11734,5.724,95.25,17.2549,17.2549,0,21.25,36.3302,21.75,21.75,20.25
64.233,0,0,0,0,1.06549,0.99997,1.02335,3,1,1,0.955812,0,0.95923,0.973634,0,0,23.9445,23.8611,24.8056,1953.5,990,913.555,970,1077.19,64.3125,129.281,134.648,64.9219,66.6094,667.264,47.25,5.088,3.21334,5.776,95.25,17.2549,17.2549,0,21.6406,36.3302,21,21,21
64.266,0,0,0,0,1.07208,0.99997,1.02591,3,1,1,0.953126,0,0.95923,0.976076,0,0,24.0834,24.1945,25.1389,1961.25,980,916.289,970,1082.5,64.5469,129.891,135.328,65.2031,66.4219,667.264,47.25,5.12,3.23467,5.808,95.25,17.2549,17.6471,0,21.1875,36.3302,21,21,21
64.3,0,0,0,0,1.0788,0.99997,1.02533,3,1,1,0.953126,0,0.953126,0.973634,0,0,24.3611,24.4445,25.3889,1970.75,980,919.453,970,1087.77,64.9453,129.891,135.328,65.625,66.3984,667.264,47.25,5.224,3.25867,5.904,95.25,17.2549,17.6471,0,21.1875,36.3302,21.75,21.75,21
64.333,0,0,0,0,1.08197,0.99997,1.02728,3,1,1,0.945314,0,0.953126,0.968507,0,0,24.4722,24.7778,25.0834,1971.75,980,919.883,970,1090.39,65.1094,130.43,135.867,65.1094,66.6328,667.264,47.25,5.212,3.27467,5.892,95.25,17.6471,17.6471,0,21.0781,36.3302,21.75,21.75,21
64.366,0,0,0,0,1.08637,0.99997,1.02664,3,1,1,0.939455,0,0.953126,0.961183,0,0,24.5278,25.0834,25.5834,1974,980,921.914,970,1095.7,65.2969,130.711,136.008,65.9531,66.5859,667.068,47.25,5.228,3.26934,5.908,95.25,17.6471,17.6471,0,21.4844,36.3302,21.75,21.75,21
64.4,0,0,0,0,1.091,0.99997,1.02445,3,1,1,0.939455,0,0.939455,0.951173,0,0,24.6667,25,25.9167,1981,980,926.523,970,1100.94,65.6484,130.711,136.008,66.9844,66.3984,667.068,47.25,5.352,3.288,6.048,95.25,17.6471,17.6471,0,21.3438,36.3302,21,21,19.5
64.433,0,0,0,0,1.09375,0.99997,1.02387,3,1,1,0.93506,0,0.939455,0.943605,0,0,25,25.1389,25.9722,1990.5,980,928.008,970,1103.59,65.9531,131.016,136.805,67.1016,66.3047,667.068,47.25,5.36,3.352,6.056,95.25,17.6471,17.2549,0,21,36.3302,20.25,20.25,19.5
64.466,0,0,0,0,1.0993,0.99997,1.01993,3,1,1,0.931642,0,0.939455,0.938722,0,0,25.0556,25.2222,25.7778,2001.5,970,927.188,970,1108.91,65.9063,131.719,137.648,65.7188,66.0703,667.068,47.25,5.312,3.33067,6.008,95.25,17.6471,17.2549,0,21.0469,36.3302,20.25,20.25,19.5
64.5,0,0,0,0,1.10162,0.99997,1.01566,3,1,1,0.931642,0,0.931642,0.93213,0,0,25.3056,25.4445,26.1389,2007.75,970,929.57,970,1111.52,66.2578,131.719,137.648,66.5625,66.2109,667.068,47.25,5.416,3.34667,6.096,95.25,17.2549,17.2549,0,21.25,36.3302,19.5,19.5,19.5
64.533,0,0,0,0,1.10681,0.99997,1.01386,3,1,1,0.925294,0,0.931642,0.924318,0,0,25.4167,25.5834,26.1945,2009.5,980,929.219,970,1116.84,66.375,132.445,138,66.3281,66.5625,667.068,47.25,5.412,3.36534,6.092,95.25,17.2549,17.2549,0,21.5156,36.3302,20.25,20.25,19.5
64.566,0,0,0,0,1.10889,0.99997,1.01279,3,1,1,0.920656,0,0.931642,0.925539,0,0,25.4722,25.6945,26.2778,2015,970,930.078,970,1119.45,66.4219,132.352,138.422,66.6328,66.5156,666.561,47.25,5.4,3.36534,6.08,95.25,17.2549,17.2549,0,21.1563,36.3302,20.25,20.25,19.5
64.6,0,0,0,0,1.11664,0.99997,1.00848,3,1,1,0.920656,0,0.920656,0.918703,0,0,25.5834,25.9445,26.2778,2026.75,980,928.32,970,1127.34,66.3047,132.352,138.422,65.8594,66.7969,666.561,47.25,5.424,3.352,6.104,95.25,17.2549,17.2549,0,21.1875,36.3302,19.5,19.5,18.75
64.633,0,0,0,0,1.11743,0.99997,1.00781,3,1,1,0.916994,0,0.920656,0.914308,0,0,25.6945,25.75,26.6945,2035.5,980,930.586,970,1130,66.4219,132.703,139.078,67.0313,66.6797,666.561,47.25,5.436,3.38134,6.116,95.25,17.2549,17.2549,0,21.25,36.3302,20.25,20.25,18
64.666,0,0,0,0,1.12323,0.99997,1.00324,3,1,1,0.914308,0,0.920656,0.90674,0,0,25.75,26.1111,26.2778,2038,980,929.023,970,1135.31,66.2578,133.242,139.688,65.6016,66.4922,666.561,47.25,5.384,3.352,6.064,95.25,16.8628,17.2549,0,21.5156,36.3302,20.25,20.25,18
64.7,0,0,0,0,1.12427,0.99997,1.0004,3,1,1,0.914308,0,0.914308,0.904542,0,0,25.75,26.0278,26.1667,2039,980,927.969,970,1137.97,66.1875,133.242,139.688,65.5781,66.4688,666.561,47.25,5.424,3.35467,6.104,95.25,16.8628,17.2549,0,21.1563,36.3302,20.25,20.25,21
64.733,0,0,0,0,1.12811,0.99997,1.00082,3,1,1,0.912355,0,0.914308,0.903322,0,0,25.8611,26.3611,26.5834,2048.25,980,928.828,970,1143.2,66.2344,133.852,140.086,66.5156,66.6563,666.561,47.25,5.408,3.36267,6.088,95.25,16.8628,16.8628,0,21.0469,36.3302,20.25,20.25,21
64.766,0,0,0,0,1.12848,0.99997,0.996278,3,1,1,0.91089,0,0.914308,0.901124,0,0,25.8611,25.5556,26.5834,2063.25,980,927.539,970,1145.86,66.0703,134.18,140.953,66.0234,66.5625,666.326,47.25,5.36,3.31734,6.04,95.25,16.4706,16.8628,0,21.3438,36.3302,20.25,20.25,21
64.8,0,0,0,0,1.13422,0.99997,0.993104,3,1,1,0.91089,0,0.91089,0.897706,0,0,26,26,26.2222,2068.25,980,924.141,970,1151.17,65.8125,134.18,140.953,64.6641,66.7969,666.326,47.25,5.292,3.288,5.972,95.25,16.4706,16.8628,0,21.5,36.3302,21,21,21
64.833,0,0,0,0,1.13544,0.99997,0.992036,3,1,1,0.905763,0,0.91089,0.895509,0,0,25.9167,26.1667,26.4167,2068,980,922.813,970,1153.79,65.6719,134.977,141.539,65.4141,66.9609,666.326,47.25,5.308,3.304,5.988,95.25,16.4706,16.8628,0,21.4688,36.3302,21,21,20.25
64.866,0,0,0,0,1.13873,0.99997,0.989564,3,1,1,0.901857,0,0.91089,0.894533,0,0,25.9722,26.3334,26.3334,2074.75,990,922.07,970,1159.1,65.6016,135.539,141.516,64.8984,67.3594,666.326,47.25,5.268,3.28,5.948,95.25,16.4706,16.4706,0,21.0781,36.3302,21,21,20.25
64.9,0,0,0,0,1.13959,0.99997,0.98758,3,1,1,0.901857,0,0.901857,0.893312,0,0,26,26.4167,26.4722,2084.25,990,922.148,970,1161.72,65.625,135.539,141.516,65.1563,67.1719,666.326,47.25,5.316,3.29334,5.996,95.25,16.4706,16.4706,0,20.9063,36.3302,21,21,20.25
64.933,0,0,0,0,1.14087,0.99997,0.987458,3,1,1,0.899171,0,0.901857,0.895509,0,0,26.2222,26.7778,26.5556,2096.25,980,922.266,970,1164.38,65.5547,135.516,142.664,65.0625,66.6328,666.326,47.25,5.264,3.28267,5.944,95.25,16.4706,16.4706,0,21.375,35.9716,21.75,21.75,20.25
64.966,0,0,0,0,1.14429,0.99997,0.98465,3,1,1,0.896974,0,0.901857,0.893312,0,0,26.2778,26.6389,26.6945,2103.5,980,922.891,970,1169.65,65.5313,136.57,143.508,64.9922,66.5625,666.033,47.25,5.264,3.28534,5.944,95.25,16.4706,16.4706,0,21.0781,35.9716,21.75,21.75,20.25
65,0,0,0,0,1.14569,0.99997,0.983033,3,1,1,0.896974,0,0.896974,0.892335,0,0,26.2778,26.6389,26.6667,2104,980,923.008,970,1172.27,65.5547,136.57,143.508,65.7188,66.8672,666.033,47.25,5.304,3.29334,5.984,95.25,16.4706,16.4706,0,21.0156,35.9716,21.75,21.75,20.25
65.033,0,0,0,0,1.1471,0.99997,0.984956,3,1,1,0.88965,0,0.896974,0.893312,0,0,26.3334,26.5,26.8056,2107.5,990,923.477,970,1174.88,65.5781,137.414,143.555,65.9531,67.3828,666.033,47.25,5.348,3.33867,6.028,95.25,16.4706,16.4706,0,21.0781,35.9716,21,21,19.5
65.066,0,0,0,0,1.14905,0.99997,0.983033,3,1,1,0.884035,0,0.896974,0.895509,0,0,26.5,26.6945,26.9722,2120.25,1000,923.906,970,1177.58,65.5781,137.508,144.141,65.6953,67.7344,666.033,47.25,5.324,3.32267,6.004,95.25,16.4706,16.4706,0,21.4375,35.9716,21.75,21.75,19.5
65.1,0,0,0,0,1.15125,0.99997,0.98288,3,1,1,0.884035,0,0.884035,0.894533,0,0,26.6111,26.75,26.8056,2128.5,990,924.297,970,1180.23,65.625,137.508,144.141,64.9922,67.2656,666.033,47.25,5.364,3.34667,6.044,94.5,16.4706,16.4706,0,21.3281,35.9716,21.75,21.75,19.5
65.133,0,0,0,0,1.15277,0.99997,0.983552,3,1,1,0.875734,0,0.884035,0.890138,0,0,26.6389,26.8889,26.8889,2133.5,1000,923.516,970,1182.85,65.4844,138.047,144.914,65.0625,67.6172,666.033,47.25,5.344,3.352,6.024,94.5,16.4706,16.4706,0,20.9844,35.9716,21,21,27.75
65.166,0,0,0,0,1.15466,0.99997,0.983247,3,1,1,0.869874,0,0.884035,0.888917,0,0,26.6389,26.9445,26.9167,2136.5,990,924.023,970,1185.51,65.5078,138.82,145.336,65.3438,67.5703,665.721,47.25,5.352,3.384,6.032,94.5,16.4706,16.4706,0,21.125,35.9716,21,21,20.25
65.2,0,0,0,0,1.1557,0.99997,0.981019,3,1,1,0.869874,0,0.869874,0.883546,0,0,26.75,27.0834,26.7778,2144,1000,922.695,970,1188.16,65.4141,138.82,145.336,64.7578,68.0859,665.721,47.25,5.416,3.36,6.096,95.25,16.4706,16.4706,0,21.3594,35.9716,21.75,21.75,20.25
65.233,0,0,0,0,1.15662,0.99997,0.981232,3,1,1,0.865236,0,0.869874,0.878175,0,0,26.75,27.1945,27.2778,2157.25,1010,922.109,970,1190.78,65.2969,139.266,146.109,65.7188,68.3906,665.721,47.25,5.436,3.39734,6.116,95.25,16.4706,16.4706,0,21.4688,35.9716,21.75,21.75,20.25
65.266,0,0,0,0,1.15802,0.99997,0.980042,3,1,1,0.861818,0,0.869874,0.877199,0,0,26.8611,27.2222,26.9722,2160.75,1010,921.875,970,1193.44,65.25,139.992,146.602,64.6641,68.5781,665.721,47.25,5.38,3.38667,6.06,95.25,16.4706,16.4706,0,20.9531,35.9716,21,21,19.5
65.3,0,0,0,0,1.15918,0.99997,0.979493,3,1,1,0.861818,0,0.861818,0.876222,0,0,26.9167,27.3056,27.7222,2162.75,1000,924.492,970,1196.05,65.4609,139.992,146.602,66.6094,67.7578,665.721,47.25,5.5,3.424,6.18,95.25,16.4706,16.8628,0,21.1406,35.6115,22.5,22.5,19.5
65.333,0,0,0,0,1.16101,0.99997,0.982758,3,1,1,0.855226,0,0.861818,0.874513,0,0,27.0834,27.8334,27.6111,2170.5,1000,927.031,970,1198.67,65.6484,140.531,146.883,65.9766,67.7578,665.721,47.25,5.46,3.496,6.14,95.25,16.4706,16.8628,0,21.5313,35.6115,21.75,21.75,19.5
65.366,0,0,0,0,1.16278,0.99997,0.981446,3,1,1,0.850587,0,0.861818,0.87256,0,0,27.3334,27.4722,27.2778,2184.25,990,927.773,970,1201.33,65.6484,140.836,147.867,64.7344,67.125,665.369,47.25,5.436,3.472,6.116,95.25,16.4706,16.4706,0,21.0938,35.2513,21.75,21.75,26.25
65.4,0,0,0,0,1.16144,0.99997,0.981507,3,1,1,0.850587,0,0.850587,0.868898,0,0,27.4445,27.7222,27.9445,2192.25,990,930.938,970,1201.37,65.9063,140.836,147.867,66.5156,66.9141,665.369,47.25,5.56,3.496,6.248,95.25,16.4706,16.4706,0,20.9844,34.8912,21,21,25.5
65.433,0,0,0,0,1.16351,0.99997,0.984009,3,1,1,0.846925,0,0.850587,0.867189,0,0,27.5,27.8056,27.5834,2193.25,990,930.352,970,1203.98,65.8125,141.75,148.57,65.4609,67.0547,665.369,47.25,5.504,3.50667,6.192,95.25,16.4706,16.4706,0,21.375,34.8912,21.75,21.75,26.25
65.466,0,0,0,0,1.16492,0.99997,0.984315,3,1,1,0.843995,0,0.850587,0.865236,0,0,27.6667,27.8611,27.9167,2198.75,1000,932.031,970,1206.64,65.9297,142.5,148.828,66.0703,67.4063,665.369,47.25,5.536,3.528,6.224,95.25,16.4706,16.4706,0,21.5625,34.8912,21.75,21.75,26.25
65.5,0,0,0,0,1.16718,0.99997,0.984193,3,1,1,0.843995,0,0.843995,0.86255,0,0,27.6667,27.9445,28.1945,2206.5,990,932.969,970,1209.3,66,142.5,148.828,66.2813,67.3359,665.369,47.25,5.576,3.544,6.264,95.25,16.4706,16.4706,0,21.4844,34.8912,21.75,21.75,26.25
65.533,0,0,0,0,1.16931,0.99997,0.988343,3,1,1,0.842042,0,0.843995,0.864259,0,0,27.8334,27.6945,28.0556,2212.5,1000,933.008,970,1211.91,65.9531,142.805,149.555,65.6016,67.6172,665.369,47.25,5.572,3.57067,6.26,95.25,16.4706,16.4706,0,21.0781,34.8912,21.75,21.75,25.5
65.566,0,0,0,0,1.17267,0.99997,0.989106,3,1,1,0.840577,0,0.843995,0.86255,0,0,27.9722,27.75,28.3334,2220,1000,936.016,970,1214.57,66.1641,143.531,150.094,66.1406,67.7109,664.803,47.25,5.592,3.58934,6.28,95.25,16.4706,16.4706,0,21.2031,34.8912,21.75,21.75,25.5
65.6,0,0,0,0,1.17267,0.99997,0.990418,3,1,1,0.840577,0,0.840577,0.858888,0,0,27.9722,27.8889,28.1667,2225,1000,935,970,1214.57,66.0938,143.531,150.094,66.2109,67.9922,664.803,47.25,5.636,3.576,6.316,95.25,16.4706,16.8628,0,21.7813,34.8912,21,21,26.25
65.633,0,0,0,0,1.17505,0.99997,0.994202,3,1,1,0.835451,0,0.840577,0.857911,0,0,28.0278,28.0556,28.3889,2232.25,1010,934.375,970,1217.19,66.0234,144.117,150.445,66.2813,68.2734,664.803,47.25,5.648,3.58934,6.328,95.25,16.4706,16.8628,0,21.5,34.8912,21.75,21.75,25.5
65.666,0,0,0,0,1.17639,0.99997,0.994599,3,1,1,0.831788,0,0.840577,0.854249,0,0,28.1389,28.4722,28.6389,2245.25,1010,933.945,970,1219.84,65.9297,144.469,151.359,66.5391,68.4844,664.803,47.25,5.628,3.58667,6.308,95.25,16.4706,16.8628,0,21.0781,34.8912,22.5,22.5,26.25
65.7,0,0,0,0,1.1781,0.99997,0.996033,3,1,1,0.831788,0,0.831788,0.850587,0,0,28.1945,28.25,29,2248.5,1020,935.039,970,1222.5,66.0234,144.469,151.359,67.1016,68.7422,664.803,47.25,5.74,3.584,6.428,95.25,16.4706,16.8628,0,21.375,34.8912,22.5,22.5,26.25
65.733,0,0,0,0,1.18042,0.99997,0.996186,3,1,1,0.828859,0,0.831788,0.849611,0,0,28.3611,28.5834,28.9167,2249,1020,936.992,970,1225.12,66.1641,145.406,151.734,66.6797,68.9063,664.803,47.25,5.696,3.67734,6.384,95.25,16.8628,16.8628,0,21.3906,34.8912,21,21,26.25
65.766,0,0,0,0,1.17969,0.99997,0.997315,3,1,1,0.826661,0,0.831788,0.850587,0,0,28.3611,29.0834,29.3334,2259.25,1020,939.258,970,1225.12,66.3047,145.828,152.203,67.9453,68.8359,664.451,47.25,5.728,3.63734,6.416,95.25,16.8628,16.8628,0,21.3594,34.8912,21,21,26.25
65.8,0,0,0,0,1.18176,0.99997,0.997773,3,1,1,0.826661,0,0.826661,0.847658,0,0,28.6667,29.1111,29.2222,2271.75,1030,940.82,970,1227.77,66.4453,145.828,152.203,67.1484,69.4688,664.451,47.25,5.748,3.67467,6.436,95.25,16.8628,16.8628,0,21.0781,34.8912,21.75,21.75,26.25
65.833,0,0,0,0,1.18347,0.99997,1.00024,3,1,1,0.825197,0,0.826661,0.844972,0,0,28.8334,29.0834,29.2778,2278,1030,942.539,970,1230.39,66.5156,146.297,153.188,66.7266,69.6094,664.451,47.25,5.728,3.728,6.416,95.25,16.8628,16.8628,0,21.3906,34.8912,22.5,22.5,26.25
65.866,0,0,0,0,1.18604,0.99997,1.00076,3,1,1,0.823976,0,0.826661,0.842286,0,0,28.9445,29.5,29.3334,2277.5,1030,943.477,970,1233.01,66.5625,147.305,153.656,66.8203,69.7734,664.451,47.25,5.724,3.712,6.412,95.25,16.8628,17.2549,0,21.3281,34.8912,22.5,22.5,25.5
65.9,0,0,0,0,1.18463,0.99997,1.00244,3,1,1,0.823976,0,0.823976,0.84131,0,0,29,30.2222,29.5278,2282.25,1030,945.078,970,1233.05,66.7031,147.305,153.656,67.5,69.7266,664.451,47.25,5.756,3.704,6.436,94.5,17.6471,17.2549,0,21.0781,34.8912,22.5,22.5,25.5
65.933,0,0,0,0,1.18317,0.99997,1.00418,3,1,1,0.822999,0,0.823976,0.839601,0,0,29.3056,29.9167,29.8889,2291,1030,950.508,970,1233.05,67.1016,147.82,154.125,68.2734,70.0547,664.451,47.25,5.8,3.77067,6.48,94.5,17.2549,17.2549,0,21.2344,34.8912,22.5,22.5,26.25
65.966,0,0,0,0,1.18799,0.99997,1.0061,3,1,1,0.822267,0,0.823976,0.839601,0,0,29.5278,30.0556,29.8889,2308,1040,952.148,970,1238.28,67.1953,148.336,154.969,67.0781,70.1719,664.08,47.25,5.792,3.736,6.472,94.5,17.2549,17.2549,0,21.5156,34.8912,22.5,22.5,26.25
66,0,0,0,0,1.18634,0.99997,1.00803,3,1,1,0.822267,0,0.822267,0.840333,0,0,29.5834,30.1945,29.8056,2308.75,1040,952.539,970,1238.32,67.2422,148.336,154.969,67.2188,70.1484,664.08,47.25,5.784,3.77067,6.48,95.25,17.2549,17.2549,0,21.5156,34.8912,22.5,22.5,26.25
66.033,0,0,0,0,1.18799,0.99997,1.00977,3,1,1,0.821779,0,0.822267,0.839601,0,0,29.75,30,30.5278,2313.25,1040,955.508,970,1240.98,67.4531,149.18,155.414,68.5781,70.3828,664.08,47.25,5.892,3.824,6.588,95.25,17.2549,17.6471,0,21.0625,34.8912,22.5,22.5,26.25
66.066,0,0,0,0,1.19306,0.99997,1.0123,3,1,1,0.821534,0,0.822267,0.840333,0,0,29.9167,30,30.1111,2322,1040,956.602,970,1246.25,67.5,149.695,155.977,67.3125,70.6406,664.08,47.25,5.86,3.82134,6.556,95.25,17.2549,17.6471,0,20.9688,34.8912,22.5,22.5,26.25
66.1,0,0,0,0,1.19238,0.99997,1.01465,3,1,1,0.821534,0,0.821534,0.840333,0,0,29.9722,30.3334,30.9722,2331.5,1040,960.469,970,1246.25,67.8281,149.695,155.977,68.9531,70.5469,664.08,47.25,5.92,3.82134,6.608,94.5,17.6471,17.6471,0,21.2969,34.8912,22.5,22.5,25.5
66.133,0,0,0,0,1.1955,0.99997,1.01645,3,1,1,0.821046,0,0.821534,0.837648,0,0,30.2222,30.3611,30.9722,2335,1050,962.93,970,1248.87,67.9922,150.258,156.797,68.4844,70.7578,664.08,47.25,5.916,3.86134,6.604,94.5,17.6471,17.6471,0,21.2031,34.8912,22.5,22.5,25.5
66.166,0,0,0,0,1.19806,0.99997,1.01874,3,1,1,0.821046,0,0.821534,0.836671,0,0,30.4445,31.3334,31.0556,2345.5,1050,963.828,970,1251.56,68.0391,151.102,157.313,68.4844,70.9453,663.533,47.25,5.9,3.85334,6.588,94.5,17.6471,18.0392,0,21.0938,34.8912,22.5,22.5,26.25
66.2,0,0,0,0,1.1966,0.99997,1.01938,3,1,1,0.821046,0,0.821046,0.833009,0,0,30.5,31.5,31.2222,2352,1050,966.016,970,1251.56,68.2266,151.102,157.313,69,70.8281,663.533,47.25,5.904,3.84267,6.592,94.5,18.0392,18.0392,0,21.5625,34.8912,22.5,22.5,26.25
66.233,0,0,0,0,1.19837,0.99997,1.02072,3,1,1,0.820802,0,0.821046,0.832033,0,0,30.6945,31.4445,31.8611,2361.5,1050,970.234,970,1254.18,68.5078,151.664,158.133,69.9141,71.1094,663.533,47.25,5.948,3.84534,6.636,94.5,18.0392,18.0392,0,21.7031,34.8912,22.5,22.5,26.25
66.266,0,0,0,0,1.20093,0.99997,1.02142,3,1,1,0.820558,0,0.821046,0.8313,0,0,31.0278,31.3611,31.9445,2364.75,1050,975.195,970,1256.8,68.8828,152.508,158.859,69.8203,71.2969,663.533,47.25,5.968,3.89867,6.656,94.5,18.0392,18.0392,0,20.9531,34.8912,22.5,22.5,26.25
66.3,0,0,0,0,1.20624,0.99997,1.02216,3,1,1,0.820558,0,0.820558,0.830324,0,0,31.1389,31.4167,32,2370.75,1050,977.617,970,1262.07,69.0703,152.508,158.859,69.6797,71.2266,663.533,47.25,5.984,3.91467,6.664,94.5,18.0392,18.4314,0,21.0938,34.8912,22.5,22.5,26.25
66.333,0,0,0,0,1.2088,0.99997,1.02249,3,1,1,0.820558,0,0.820558,0.830324,0,0,31.3889,31.8611,32.0834,2380,1060,979.531,970,1264.73,69.2344,153.281,159.352,69.1875,71.5781,663.533,47.25,5.972,3.928,6.652,94.5,18.0392,18.4314,0,21.2969,34.8912,22.5,22.5,26.25
66.366,0,0,0,0,1.21045,0.99997,1.02353,3,1,1,0.820558,0,0.820558,0.82837,0,0,31.5556,31.9445,32.3334,2391.5,1060,980.859,970,1267.34,69.3047,153.82,160.102,69.5625,71.8125,663.123,47.25,5.988,3.92,6.668,94.5,18.0392,18.4314,0,21.4219,34.8912,22.5,22.5,25.5
66.4,0,0,0,0,1.21259,0.99997,1.02551,3,1,1,0.820558,0,0.820558,0.8313,0,0,31.6667,32.1667,31.8611,2393.25,1050,981.25,970,1270,69.3516,153.82,160.102,68.9766,70.6875,663.123,47.25,5.968,3.92267,6.656,94.5,18.0392,18.4314,0,20.8594,34.5326,22.5,22.5,25.5
66.433,0,0,0,0,1.21399,0.99997,1.02564,3,1,1,0.820558,0,0.820558,0.832033,0,0,31.7778,32.2778,32.4722,2401.25,1050,983.867,970,1272.66,69.5391,154.594,160.617,69.5156,70.875,663.123,47.25,6,3.94934,6.688,94.5,18.4314,18.4314,0,21.2188,34.5326,22.5,22.5,26.25
66.466,0,0,0,0,1.21649,0.99997,1.02728,3,1,1,0.820314,0,0.820558,0.830324,0,0,31.9722,32.3611,32.4445,2412.75,1050,984.727,970,1275.31,69.5625,155.156,161.367,69.375,71.1563,663.123,47.25,6.02,3.93867,6.708,94.5,18.0392,18.4314,0,21.4063,34.5326,21.75,21.75,26.25
66.5,0,0,0,0,1.22144,0.99997,1.02853,3,1,1,0.820314,0,0.820314,0.830324,0,0,32.1389,32.4445,33.0556,2416.5,1050,987.813,970,1280.59,69.8203,155.156,161.367,70.4063,71.0391,663.123,47.25,6.056,3.976,6.744,94.5,18.4314,18.4314,0,21.1563,34.5326,21.75,21.75,26.25
66.533,0,0,0,0,1.22131,0.99997,1.02988,3,1,1,0.820314,0,0.820314,0.832033,0,0,32.25,32.25,32.8056,2422.5,1050,989.258,970,1280.59,69.9141,155.953,162.141,70.0078,71.2266,663.123,47.25,6.088,3.97867,6.776,94.5,18.0392,18.4314,0,21.1875,34.5326,22.5,22.5,26.25
66.566,0,0,0,0,1.2273,0.99997,1.03195,3,1,1,0.820314,0,0.820314,0.833986,0,0,32.4167,32.5834,33.25,2431.75,1060,990.508,970,1285.9,70.0078,156.773,162.586,70.3125,71.5078,662.811,47.25,6.104,4.00534,6.792,94.5,18.4314,18.4314,0,21.2969,34.5326,22.5,22.5,26.25
66.6,0,0,0,0,1.22943,0.99997,1.03281,3,1,1,0.820314,0,0.820314,0.833009,0,0,32.5278,32.6945,33.1945,2440,1040,991.016,970,1288.52,70.0547,156.773,162.586,69.8906,70.3594,662.811,47.25,6.108,4.00534,6.796,93.75,18.0392,18.4314,0,21.2656,34.1725,22.5,22.5,26.25
66.633,0,0,0,0,1.232,0.99997,1.03424,3,1,1,0.820314,0,0.820314,0.8313,0,0,32.7222,32.7778,33.5278,2446.5,1050,993.477,970,1291.17,70.2188,157.266,163.453,70.7578,70.6406,662.811,47.25,6.148,4.01601,6.836,93.75,18.4314,18.4314,0,20.9844,34.1725,22.5,22.5,26.25
66.666,0,0,0,0,1.23712,0.99997,1.03586,3,1,1,0.820314,0,0.820314,0.829347,0,0,33,33.2778,34.2778,2452.75,1030,998.164,970,1296.45,70.5703,158.18,163.969,71.6953,69.75,662.811,47.25,6.18,4.05334,6.868,93.75,18.4314,18.4314,0,21.2031,33.8124,22.5,22.5,25.5
66.7,0,0,0,0,1.24017,0.99997,1.03592,3,1,1,0.820314,0,0.820314,0.825685,0,0,33.1111,33.0556,33.8611,2461.25,1030,999.219,970,1299.1,70.6875,158.18,163.969,70.9219,69.6563,662.811,47.25,6.156,4.06134,6.836,94.5,18.0392,18.0392,0,21.4375,33.8124,22.5,22.5,25.5
66.733,0,0,0,0,1.24274,0.99997,1.03659,3,1,1,0.820314,0,0.820314,0.824708,0,0,33.3056,32.3056,34.0556,2469,1040,1000.98,970,1301.68,70.8047,158.742,164.602,71.0156,69.9844,662.811,47.25,6.204,4.07201,6.884,94.5,17.6471,18.0392,0,21.1719,33.8124,22.5,22.5,25.5
66.766,0,0,0,0,1.25183,0.99997,1.03583,3,1,1,0.820314,0,0.820314,0.822999,0,0,33.1667,32.7778,33.6111,2478.5,1030,994.023,970,1309.65,70.1953,159.398,165.539,69.0938,69.0234,662.401,47.25,6.084,3.992,6.764,94.5,17.6471,18.0392,0,21.3906,33.4523,22.5,22.5,25.5
66.8,0,0,0,0,1.25403,0.99997,1.03592,3,1,1,0.820314,0,0.820314,0.822999,0,0,33.1667,33.3056,33.5278,2481.5,1020,991.172,970,1312.27,70.0078,159.398,165.539,69.3047,68.9766,662.401,47.25,6.072,3.99734,6.752,94.5,17.6471,18.0392,0,21.6406,33.4523,22.5,22.5,26.25
66.833,0,0,0,0,1.2536,0.99997,1.03455,3,1,1,0.820314,0,0.820314,0.817384,0,0,33.2778,33.2778,34,2486.25,1030,993.516,970,1312.3,70.1719,160.406,165.82,70.7813,69.2344,662.401,47.25,6.148,4.01067,6.828,94.5,17.6471,17.6471,0,21.4375,33.4523,22.5,22.5,26.25
66.866,0,0,0,0,1.2591,0.99997,1.03302,3,1,1,0.820314,0,0.820314,0.811769,0,0,33.4722,33.5278,33.7778,2500.5,1030,994.297,970,1317.58,70.1953,160.758,166.5,69.5156,69.4453,662.401,47.25,6.052,4.01867,6.732,94.5,17.6471,17.6471,0,20.9688,33.4523,22.5,22.5,25.5
66.9,0,0,0,0,1.26233,0.99997,1.03244,3,1,1,0.820314,0,0.820314,0.812745,0,0,33.6389,33.3611,33.9167,2507.75,1030,994.961,970,1320.23,70.2656,160.758,166.5,69.5156,69.375,662.401,47.25,6.068,4.00267,6.748,94.5,17.6471,17.6471,0,21.4063,33.4523,22.5,22.5,25.5
66.933,0,0,0,0,1.26508,0.99997,1.03064,3,1,1,0.820314,0,0.820314,0.812745,0,0,33.5834,33.6111,33.8611,2512.75,1030,993.906,970,1322.85,70.125,161.438,167.438,69.6563,69.5625,662.401,47.25,6.052,3.992,6.732,94.5,17.6471,17.6471,0,21.9063,33.4523,22.5,22.5,26.25
66.966,0,0,0,0,1.26782,0.99997,1.02945,3,1,1,0.820314,0,0.820314,0.815675,0,0,33.6389,33.3056,34.4167,2521,1040,992.383,970,1325.51,69.9844,162.422,167.789,70.7578,69.7969,662.166,47.25,6.108,3.98134,6.788,94.5,17.2549,17.6471,0,21.1406,33.4523,22.5,22.5,26.25
67,0,0,0,0,1.27124,0.99997,1.02704,3,1,1,0.820314,0,0.820314,0.811769,0,0,33.75,33.1111,34.1389,2527.5,1040,993.242,970,1328.16,70.0547,162.422,167.789,70.2188,69.7031,662.166,47.25,6.088,4.01867,6.776,93.75,17.2549,17.6471,0,21.1094,33.4523,23.25,23.25,26.25
67.033,0,0,0,0,1.27484,0.99997,1.02734,3,1,1,0.820314,0,0.820314,0.812745,0,0,33.8611,33.2778,34.1667,2533,1040,993.125,970,1330.78,70.0781,162.984,168.352,69.8906,70.0781,662.166,47.25,6.096,3.968,6.784,93.75,17.2549,17.6471,0,21.5313,33.4523,23.25,23.25,26.25
67.066,0,0,0,0,1.2807,0.99997,1.02509,3,1,1,0.820314,0,0.820314,0.809083,0,0,33.9722,33.8611,34.7222,2538.75,1040,992.461,970,1336.05,70.1016,163.641,168.82,70.9453,70.2656,662.166,47.25,6.124,3.984,6.812,93.75,17.2549,17.6471,0,21.3281,33.4523,23.25,23.25,26.25
67.1,0,0,0,0,1.28143,0.99997,1.02393,3,1,1,0.820314,0,0.820314,0.809083,0,0,34,33.7222,34.3056,2551,1040,991.602,970,1336.09,70.0313,163.641,168.82,69.7969,70.2188,662.166,47.25,6.076,3.936,6.764,93.75,17.2549,17.6471,0,21.0469,33.4523,23.25,23.25,25.5
67.133,0,0,0,0,1.28363,0.99997,1.02326,3,1,1,0.820314,0,0.820314,0.811769,0,0,34.1667,33.8889,35,2558,1040,992.383,970,1338.71,70.2188,164.297,169.641,71.0391,70.4063,662.166,47.25,6.132,3.96267,6.82,93.75,17.2549,17.2549,0,21.3906,33.4523,23.25,23.25,25.5
67.166,0,0,0,0,1.2865,0.99997,1.02139,3,1,1,0.820314,0,0.820314,0.811769,0,0,34.2222,34.3889,34.2222,2561.75,1040,989.297,970,1341.37,70.0547,165.047,170.109,69.3516,70.6641,661.795,47.25,6.016,3.912,6.704,93.75,17.2549,17.2549,0,21.5,33.4523,23.25,23.25,26.25
67.2,0,0,0,0,1.28876,0.99997,1.0202,3,1,1,0.820314,0,0.820314,0.811036,0,0,34.3334,34.5,35.3334,2570.75,1040,992.773,970,1343.95,70.3359,165.047,170.109,71.1328,70.6172,661.795,47.25,6.108,3.96267,6.788,94.5,17.2549,17.2549,0,20.8125,33.4523,23.25,23.25,26.25
67.233,0,0,0,0,1.28967,0.99997,1.01923,3,1,1,0.820314,0,0.820314,0.811036,0,0,34.75,34.4167,35.4167,2579.5,1050,996.055,970,1343.98,70.6641,165.539,170.602,71.4375,70.875,661.795,47.25,6.132,3.992,6.812,94.5,17.2549,17.2549,0,21.2188,33.4523,23.25,23.25,26.25
67.266,0,0,0,0,1.29566,0.99997,1.01822,3,1,1,0.820314,0,0.820314,0.811769,0,0,34.75,34.5834,34.8889,2589.25,970,990.313,970,1349.26,70.3359,166.125,171.305,69.5391,65.4375,661.795,47.25,6.032,3.928,6.712,94.5,17.2549,17.2549,0,21.5625,31.6548,23.25,23.25,27
67.3,0,0,0,0,1.29804,0.99997,1.01648,3,1,1,0.820314,0,0.820314,0.81006,0,0,34.75,34.7222,35.3889,2590,970,991.211,970,1351.91,70.4063,166.125,171.305,70.3828,65.4141,661.795,47.25,5.972,3.92267,6.652,93.75,17.2549,16.4706,0,21.0469,31.6548,23.25,23.25,27
67.333,0,0,0,0,1.30115,0.99997,1.01508,3,1,1,0.820314,0,0.820314,0.808107,0,0,34.75,31.5834,34.6945,2598.25,970,985.82,970,1354.57,70.0547,166.828,171.797,68.9766,64.4063,661.795,47.25,6.016,3.896,6.696,93.75,16.0784,16.4706,0,21.0313,31.2947,23.25,23.25,26.25
67.366,0,0,0,0,1.30969,0.99997,1.01376,3,1,1,0.820314,0,0.820314,0.809083,0,0,34.1667,32.6945,33.3611,2604,970,969.102,970,1359.84,68.7656,167.297,172.148,65.9531,64.6172,661.639,47.25,5.788,3.75734,6.468,93.75,16.0784,16.0784,0,21.3594,31.2947,24,24,27
67.4,0,0,0,0,1.31494,0.99997,1.01123,3,1,1,0.820314,0,0.820314,0.806398,0,0,34,32.9722,32.8611,2609.25,970,954.141,970,1365.12,67.5703,167.297,172.148,64.7109,64.5703,661.639,47.25,5.66,3.68,6.34,93.75,16.0784,16.0784,0,21.5469,31.2947,24,24,27
67.433,0,0,0,0,1.31586,0.99997,1.00812,3,1,1,0.820314,0,0.820314,0.80005,0,0,33.4722,33.1111,33.3334,2612.5,970,948.477,970,1367.73,67.1719,167.719,172.617,66.8438,64.7578,661.639,47.25,5.68,3.68,6.36,93.75,16.0784,15.6863,0,20.9375,31.2947,24.75,24.75,27
67.466,0,0,0,0,1.31128,0.99997,1.00443,3,1,1,0.820314,0,0.820314,0.794435,0,0,33.1111,32.8056,32.4167,2628.25,970,932.734,970,1365.12,65.9766,168.352,173.484,64.5234,64.8516,661.639,47.25,5.544,3.568,6.224,93.75,15.6863,15.6863,0,21.3906,31.2947,24.75,24.75,27.75
67.5,0,0,0,0,1.30982,0.99997,1.00107,3,1,1,0.820314,0,0.820314,0.793702,0,0,32.9445,32.8889,33.1111,2633,970,929.023,970,1365.12,65.6484,168.352,173.484,65.9063,63.6094,661.639,47.25,5.536,3.54667,6.224,93.75,15.6863,15.6863,0,21.4844,30.9346,25.5,25.5,27.75
67.533,0,0,0,0,1.30982,0.99997,0.996857,3,1,1,0.820314,0,0.820314,0.791261,0,0,32.8334,32.6111,31.9167,2634.5,970,925.078,970,1365.12,65.3438,169.078,173.836,63.4688,63.7969,661.639,47.25,5.432,3.51467,6.12,93.75,15.6863,15.6863,0,21.1875,30.9346,26.25,26.25,27.75
67.566,0,0,0,0,1.30817,0.99997,0.99173,3,1,1,0.820314,0,0.820314,0.791261,0,0,32.5834,31.8611,32.0834,2641.25,970,915.43,970,1365.12,64.5469,169.383,174.023,63.8906,64.0313,661.6,47.25,5.368,3.464,6.056,93.75,15.2941,15.2941,0,21.3125,30.9346,27,27,27.75
67.6,0,0,0,0,1.31061,0.99997,0.988435,3,1,1,0.820314,0,0.820314,0.792726,0,0,32.4167,31.7778,31.3611,2649.75,960,907.969,965,1367.77,63.9375,169.383,174.023,61.7344,64.0078,661.6,47.25,5.26,3.44,5.94,93.75,14.902,15.2941,0,21.2656,30.9346,27,27,27.75
67.633,0,0,0,0,1.30963,0.99997,0.986146,3,1,1,0.820314,0,0.820314,0.796876,0,0,31.9722,31.9167,31,2655.25,960,898.125,965,1367.77,63.2109,169.852,174.891,61.1016,61.6406,661.6,47.25,5.176,3.34934,5.856,93.75,14.902,15.2941,0,21.1563,30.2159,27,27,28.5
67.666,0,0,0,0,1.30499,0.99997,0.982453,3,1,1,0.820314,0,0.820314,0.798341,0,0,31.8334,31.2778,31.0278,2660,960,890.508,965,1365.12,62.5781,170.531,175.078,61.5,59.4844,661.6,47.25,5.128,3.33067,5.808,93.75,14.902,14.902,0,21.5,29.4956,27.75,27.75,28.5
67.7,0,0,0,0,1.30475,0.99997,0.980195,3,1,1,0.820314,0,0.820314,0.797609,0,0,31.7222,31.0556,30.8889,2665.25,970,886.094,970,1365.12,62.2031,170.531,175.078,60.9844,59.4609,661.6,47.25,5.068,3.29067,5.756,94.5,14.5098,14.5098,0,21.5,29.4956,27.75,27.75,28.5
67.733,0,0,0,0,1.30988,0.99997,0.980134,3,1,1,0.820314,0,0.820314,0.804445,0,0,31.3334,30.1389,28.9722,2673.75,970,868.828,970,1370.43,60.8672,170.859,175.641,55.8516,58.4297,661.6,47.25,4.84,3.24267,5.528,94.5,14.1177,14.5098,0,21.4531,29.1371,27.75,27.75,28.5
67.766,0,0,0,0,1.30652,0.99997,0.977936,3,1,1,0.820314,0,0.820314,0.808107,0,0,30.75,30.2778,29.7778,2678.75,970,859.688,970,1367.77,60.1641,171.375,176.063,56.9297,57.3516,661.483,47.25,4.8,3.14667,5.488,94.5,14.1177,14.5098,0,21.3594,28.7769,28.5,28.5,28.5
67.8,0,0,0,0,1.30237,0.99997,0.976228,3,1,1,0.820314,0,0.820314,0.806398,0,0,30.3889,29.9445,29.4722,2678.75,970,849.844,970,1365.12,59.3203,171.375,176.063,58.2656,57.3516,661.483,47.25,4.82,3.10134,5.5,93.75,14.1177,14.1177,0,21.7031,28.7769,28.5,28.5,30
67.833,0,0,0,0,1.29907,0.99997,0.974946,3,1,1,0.820314,0,0.820314,0.803712,0,0,30.1667,29.9445,29.3056,2686.75,970,843.359,970,1362.5,58.8516,171.844,176.508,58.1016,57.4453,661.483,47.25,4.752,3.064,5.432,93.75,14.1177,13.7255,0,21.2188,28.7769,28.5,28.5,30
67.866,0,0,0,0,1.30145,0.99997,0.973328,3,1,1,0.820314,0,0.820314,0.803712,0,0,29.8056,29.1389,28.3611,2694.5,970,832.383,970,1365.12,57.9844,172.313,176.953,55.2188,56.3672,661.483,47.25,4.636,2.98934,5.316,93.75,13.3333,13.7255,0,21.0938,28.4168,29.25,29.25,30
67.9,0,0,0,0,1.29804,0.99997,0.972138,3,1,1,0.820314,0,0.820314,0.805421,0,0,29.5278,29.1667,28.1945,2695.25,970,822.773,970,1362.5,57.1875,172.313,176.953,55.3594,56.3672,661.483,47.25,4.6,2.98667,5.28,93.75,13.7255,13.7255,0,21.6406,28.4168,30,30,30.75
67.933,0,0,0,0,1.2923,0.99997,0.969208,3,1,1,0.820314,0,0.820314,0.802736,0,0,29.3056,29.0834,28.4722,2702,970,818.594,970,1357.23,56.8828,172.734,177.258,56.6016,56.4609,661.483,47.25,4.6,2.944,5.28,93.75,13.7255,13.7255,0,21.3906,28.4168,30,30,30.75
67.966,0,0,0,0,1.28967,0.99997,0.966431,3,1,1,0.820314,0,0.820314,0.800782,0,0,29.2222,29.0834,27.9445,2711,970,814.219,970,1354.57,56.5547,173.086,177.68,54.5859,55.3594,661.385,47.25,4.508,2.89867,5.188,93.75,13.7255,13.7255,0,21.25,28.0567,30,30,30.75
68,0,0,0,0,1.28912,0.99997,0.964875,3,1,1,0.820314,0,0.820314,0.801759,0,0,29.1667,29.0556,28.1667,2713,970,809.57,970,1354.57,56.1797,173.086,177.68,55.0781,55.3359,661.385,47.25,4.504,2.90134,5.192,93.75,13.7255,13.7255,0,21.6563,28.0567,30.75,30.75,30.75
68.033,0,0,0,0,1.28339,0.99997,0.962952,3,1,1,0.820314,0,0.820314,0.803712,0,0,29,28.6389,28.8889,2718,970,808.906,970,1349.3,56.1563,173.555,178.125,57.0234,55.4766,661.385,47.25,4.572,2.896,5.26,93.75,13.7255,13.3333,0,21.625,28.0567,30.75,30.75,30.75
68.066,0,0,0,0,1.28339,0.99997,0.961213,3,1,1,0.820314,0,0.820314,0.808107,0,0,28.9445,28.3334,27.8611,2725,970,801.133,970,1349.3,55.5703,173.977,178.43,54,55.5938,661.385,47.25,4.42,2.896,5.108,93.75,13.3333,13.3333,0,21.1406,28.0567,30,30,30.75
68.1,0,0,0,0,1.28095,0.99997,0.960084,3,1,1,0.820314,0,0.820314,0.811036,0,0,28.8334,28.3056,27.3056,2728,970,796.172,970,1346.64,55.1484,173.977,178.43,53.2266,54.3984,661.385,47.25,4.376,2.85334,5.064,93.75,13.3333,13.3333,0,21.7031,27.6981,30,30,30.75
68.133,0,0,0,0,1.27777,0.99997,0.960267,3,1,1,0.820314,0,0.820314,0.814699,0,0,28.5834,28.6389,27.8611,2730.75,970,791.797,970,1343.98,54.8438,174.328,178.805,54.3516,54.4922,661.385,47.25,4.396,2.82134,5.084,93.75,13.3333,13.3333,0,21.3125,27.6981,31.5,31.5,31.5
68.166,0,0,0,0,1.27527,0.99997,0.960084,3,1,1,0.820314,0,0.820314,0.815675,0,0,28.6667,28.2222,28.25,2737.75,970,792.578,970,1341.37,54.9141,174.656,179.039,54.8672,54.5859,660.955,47.25,4.428,2.84534,5.116,93.75,13.3333,13.3333,0,21.25,27.6981,31.5,31.5,31.5
68.2,0,0,0,0,1.27326,0.99997,0.960053,3,1,1,0.820314,0,0.820314,0.817384,0,0,28.6667,28.25,27.5556,2742,970,789.297,970,1338.71,54.6563,174.656,179.039,53.0625,54.5391,660.955,46.5,4.352,2.84,5.04,93.75,13.3333,13.3333,0,21.5625,27.6981,31.5,31.5,31.5
68.233,0,0,0,0,1.27039,0.99997,0.959687,3,1,1,0.820314,0,0.820314,0.815675,0,0,28.5278,28.1389,27.7222,2747.25,970,785.313,970,1336.09,54.4219,175.102,179.742,54.1172,54.6328,660.955,46.5,4.388,2.816,5.076,93.75,13.3333,13.3333,0,21.4844,27.6981,31.5,31.5,31.5
68.266,0,0,0,0,1.26807,0.99997,0.960114,3,1,1,0.820314,0,0.820314,0.817384,0,0,28.4722,28.0834,27.4167,2750.25,970,782.109,970,1333.44,54.1641,175.617,179.836,53.1563,55.9219,660.955,46.5,4.344,2.816,5.032,93.75,13.3333,13.3333,0,21.1406,28.0567,31.5,31.5,31.5
68.3,0,0,0,0,1.26563,0.99997,0.961274,3,1,1,0.820314,0,0.820314,0.822999,0,0,28.4167,28.0556,28.4445,2757.25,970,782.344,970,1330.78,54.1641,175.617,179.836,55.0313,57.0938,660.955,46.5,4.416,2.80267,5.104,93.75,13.3333,13.3333,0,21.5625,28.4168,31.5,31.5,32.25
68.333,0,0,0,0,1.26636,0.99997,0.961549,3,1,1,0.820314,0,0.820314,0.826661,0,0,28.5278,28.0556,27.9445,2760,970,782.031,970,1330.78,54.2109,175.875,180.305,53.6953,57.1875,660.955,46.5,4.404,2.82667,5.092,93.75,13.3333,14.1177,0,21.5781,28.4168,31.5,31.5,31.5
68.366,0,0,0,0,1.25794,0.99997,0.962708,3,1,1,0.820314,0,0.820314,0.827638,0,0,28.6389,29.3889,29.25,2762.5,970,787.773,970,1322.85,54.6797,176.25,180.563,57.0234,57.2813,660.565,46.5,4.52,2.848,5.208,93.75,14.1177,14.1177,0,21.2813,28.4168,32.25,32.25,32.25
68.4,0,0,0,0,1.25568,0.99997,0.964387,3,1,1,0.820314,0,0.820314,0.830324,0,0,29,29.5,29.2778,2772.5,970,796.055,970,1320.23,55.3594,176.25,180.563,56.4844,57.2578,660.565,46.5,4.54,2.91734,5.236,93.75,14.1177,14.1177,0,21.2656,28.4168,31.5,31.5,32.25
68.433,0,0,0,0,1.25366,0.99997,0.966126,3,1,1,0.820314,0,0.820314,0.8313,0,0,29.5834,29.3611,29.0556,2779,970,800.977,970,1317.58,55.8047,176.648,181.102,55.8281,57.3047,660.565,46.5,4.556,2.95734,5.252,93.75,14.1177,14.1177,0,21.75,28.4168,31.5,31.5,31.5
68.466,0,0,0,0,1.25128,0.99997,0.9693,3,1,1,0.820314,0,0.820314,0.836671,0,0,29.6389,29.6389,29.1945,2780.75,970,801.367,970,1314.96,55.875,177.141,181.453,56.2266,57.4219,660.565,46.5,4.592,2.95734,5.288,93.75,14.1177,14.5098,0,21.25,28.4168,31.5,31.5,31.5
68.5,0,0,0,0,1.25171,0.99997,0.971009,3,1,1,0.820314,0,0.820314,0.837648,0,0,29.75,29.6389,29.3056,2782,970,803.75,970,1314.96,56.0625,177.141,181.453,55.8516,57.3984,660.565,46.5,4.58,2.99734,5.26,93.75,14.1177,14.5098,0,21.6406,28.4168,31.5,31.5,31.5
68.533,0,0,0,0,1.25177,0.99997,0.97403,3,1,1,0.820314,0,0.820314,0.84131,0,0,29.75,29.6667,29.5556,2787.75,970,802.422,970,1314.96,55.9922,177.445,181.664,56.0625,57.5859,660.565,46.5,4.616,2.96534,5.296,93.75,14.1177,14.5098,0,21.5156,28.4168,31.5,31.5,31.5
68.566,0,0,0,0,1.25195,0.99997,0.977509,3,1,1,0.820314,0,0.820314,0.843263,0,0,29.8611,30.2222,29.7222,2796.5,970,801.719,970,1314.96,55.9922,177.773,182.156,56.0156,57.5859,660.096,46.5,4.624,2.96534,5.304,93.75,14.5098,14.5098,0,21.0469,28.4168,31.5,31.5,32.25
68.6,0,0,0,0,1.24927,0.99997,0.980622,3,1,1,0.820314,0,0.820314,0.843263,0,0,29.9722,30.4445,30.6111,2799.5,970,807.578,970,1312.3,56.4609,177.773,182.156,58.0547,57.5859,660.096,46.5,4.736,3.04267,5.424,93.75,14.5098,14.5098,0,21.6719,28.4168,31.5,31.5,32.25
68.633,0,0,0,0,1.24982,0.99997,0.98285,3,1,1,0.820314,0,0.820314,0.84131,0,0,30.2778,30.0556,30.1111,2802.75,970,809.609,970,1312.3,56.6719,178.242,182.508,56.7656,57.6563,660.096,46.5,4.736,3.064,5.424,93.75,14.5098,14.5098,0,21.8438,28.4168,31.5,31.5,32.25
68.666,0,0,0,0,1.25012,0.99997,0.98639,3,1,1,0.820314,0,0.820314,0.84131,0,0,30.5556,30.3889,30.9722,2809.75,970,814.375,970,1312.3,57.0938,178.617,182.883,58.0313,57.7734,660.096,46.5,4.804,3.08534,5.492,93.75,14.5098,14.5098,0,21.375,28.4168,30.75,30.75,31.5
68.7,0,0,0,0,1.25324,0.99997,0.988465,3,1,1,0.820314,0,0.820314,0.84131,0,0,30.6945,30.4445,31.4167,2814.5,970,816.953,970,1314.92,57.3047,178.617,182.883,58.0547,57.75,660.096,46.5,4.828,3.13334,5.508,93.75,14.5098,14.902,0,21.2031,28.4168,30.75,30.75,31.5
68.733,0,0,0,0,1.25391,0.99997,0.99051,3,1,1,0.820314,0,0.820314,0.840333,0,0,30.8611,30.4167,30.6667,2818.75,970,818.125,970,1314.92,57.4453,179.016,183.281,56.6953,57.8203,660.096,46.5,4.78,3.13334,5.46,93.75,14.5098,14.902,0,21.6875,28.4168,31.5,31.5,32.25
68.766,0,0,0,0,1.25464,0.99997,0.9935,3,1,1,0.820314,0,0.820314,0.84131,0,0,30.9722,30.7222,30.8056,2824.75,970,817.969,970,1314.92,57.4922,179.508,183.797,56.9063,57.8906,659.822,46.5,4.8,3.12,5.48,93.75,14.902,14.902,0,21.2656,28.4168,31.5,31.5,31.5
68.8,0,0,0,0,1.25488,0.99997,0.994965,3,1,1,0.820314,0,0.820314,0.839601,0,0,31.0278,30.75,31.1389,2827.5,970,819.297,970,1314.96,57.6094,179.508,183.797,57.6797,57.8906,659.822,46.5,4.856,3.184,5.536,93.75,14.902,14.902,0,21.4688,28.4168,31.5,31.5,32.25
68.833,0,0,0,0,1.25531,0.99997,0.996064,3,1,1,0.820314,0,0.820314,0.834962,0,0,31.1389,30.7222,31.6389,2832.75,970,821.836,970,1314.96,57.8438,179.906,184.055,58.6641,58.0313,659.822,46.5,4.924,3.18667,5.604,93.75,14.902,14.902,0,21.4844,28.4168,31.5,31.5,33
68.866,0,0,0,0,1.25848,0.99997,0.997773,3,1,1,0.820314,0,0.820314,0.830324,0,0,31.3334,30.8334,31.6945,2843.5,970,822.266,970,1317.54,57.9141,180.234,184.43,58.0781,58.1484,659.822,46.5,4.912,3.18934,5.592,93.75,14.902,14.902,0,21.3281,28.4168,30.75,30.75,32.25
68.9,0,0,0,0,1.25635,0.99997,0.99878,3,1,1,0.820314,0,0.820314,0.82837,0,0,31.3334,30.7778,31.3334,2847.75,970,821.758,970,1314.96,57.8672,180.234,184.43,58.3125,58.0547,659.822,46.5,4.936,3.168,5.616,93.75,14.902,14.902,0,21.2656,28.4168,31.5,31.5,33
68.933,0,0,0,0,1.25934,0.99997,0.998505,3,1,1,0.820314,0,0.820314,0.825685,0,0,31.5,31.1667,31.9722,2847.5,970,822.969,970,1317.58,58.0547,180.68,185.016,58.9453,58.1016,659.822,46.5,4.944,3.22934,5.624,93.75,14.902,14.902,0,21.9531,28.4168,30,30,31.5
68.966,0,0,0,0,1.26221,0.99997,0.998322,3,1,1,0.820314,0,0.820314,0.822999,0,0,31.5,31.25,31.25,2852.75,970,821.563,970,1320.2,57.9375,181.125,185.109,57.0938,58.125,659.451,46.5,4.844,3.16,5.524,93.75,14.902,14.902,0,21.6719,28.4168,30.75,30.75,32.25
69,0,0,0,0,1.26251,0.99997,0.998322,3,1,1,0.820314,0,0.820314,0.822023,0,0,31.6111,30.9722,32.5,2859.75,970,824.688,970,1320.23,58.1953,181.125,185.109,59.6016,58.0313,659.451,46.5,5.008,3.19734,5.696,93.75,14.902,14.902,0,21.4531,28.4168,30.75,30.75,33
69.033,0,0,0,0,1.26563,0.99997,0.998597,3,1,1,0.820314,0,0.820314,0.822999,0,0,31.7778,31.3334,31.9445,2863.75,970,823.672,970,1322.85,58.1953,181.406,185.695,58.3828,58.0078,659.451,46.5,4.932,3.208,5.62,93.75,14.902,14.902,0,21.75,28.4168,30.75,30.75,33
69.066,0,0,0,0,1.26587,0.99997,0.9982,3,1,1,0.820314,0,0.820314,0.821046,0,0,31.8334,31.3611,31.8611,2869.25,970,823.203,970,1322.85,58.1719,181.922,185.977,58.4297,57.9844,659.451,46.5,4.944,3.22134,5.632,93.75,14.902,14.902,0,21.5313,28.4168,30.75,30.75,33
69.1,0,0,0,0,1.26642,0.99997,0.997834,3,1,1,0.820314,0,0.820314,0.818361,0,0,31.8889,31.3889,32.1667,2876.25,970,823.477,970,1322.85,58.1953,181.922,185.977,59.0859,57.9609,659.451,46.5,4.96,3.232,5.648,93.75,14.902,14.902,0,21.5,28.4168,30.75,30.75,33
69.133,0,0,0,0,1.26935,0.99997,0.997468,3,1,1,0.820314,0,0.820314,0.817384,0,0,32.0278,31.8056,32.0278,2879.5,970,825.195,970,1325.51,58.4063,182.273,186.492,58.4063,57.9609,659.451,46.5,4.94,3.264,5.628,93.75,14.902,14.902,0,21.7188,28.4168,30.75,30.75,32.25
69.166,0,0,0,0,1.27246,0.99997,0.996613,3,1,1,0.820314,0,0.820314,0.816408,0,0,32.0834,31.5556,32.1111,2883,970,824.57,970,1328.16,58.3828,182.742,186.75,58.3125,57.8906,659.276,46.5,4.952,3.23467,5.64,93.75,14.902,14.902,0,21.3125,28.4168,31.5,31.5,33
69.2,0,0,0,0,1.27277,0.99997,0.996644,3,1,1,0.820314,0,0.820314,0.818361,0,0,32.1389,31.5834,32.0278,2890.5,970,823.945,970,1328.16,58.3359,182.742,186.75,58.3125,57.8672,659.276,46.5,4.936,3.22667,5.624,93.75,14.902,14.902,0,21.5156,28.4168,31.5,31.5,33
69.233,0,0,0,0,1.27295,0.99997,0.99524,3,1,1,0.820314,0,0.820314,0.814699,0,0,32.1945,31.6111,31.8334,2896.75,970,822.578,970,1328.16,58.3125,183.141,187.383,58.0781,57.8438,659.276,46.5,4.924,3.21867,5.612,93.75,14.902,14.902,0,21.8125,28.4168,30.75,30.75,32.25
69.266,0,0,0,0,1.27576,0.99997,0.99463,3,1,1,0.820314,0,0.820314,0.813722,0,0,32.1389,31.4445,31.6667,2899.25,970,819.766,970,1330.78,58.1016,183.633,187.547,57.4688,57.8438,659.276,46.5,4.892,3.20267,5.58,93.75,14.902,14.902,0,21.375,28.4168,31.5,31.5,32.25
69.3,0,0,0,0,1.27551,0.99997,0.993378,3,1,1,0.820314,0,0.820314,0.811036,0,0,32.0278,31.5,31.75,2901.5,970,816.875,970,1330.78,57.8672,183.633,187.547,57.8438,57.8203,659.276,46.5,4.896,3.17334,5.584,93.75,14.902,14.902,0,21.3125,28.4168,31.5,31.5,32.25
69.333,0,0,0,0,1.27832,0.99997,0.992707,3,1,1,0.820314,0,0.820314,0.811036,0,0,32.0834,31.5834,31.6389,2910,970,815.117,970,1333.44,57.7734,183.891,188.016,57.1641,57.7734,659.276,46.5,4.872,3.20267,5.56,93.75,14.902,14.902,0,21.7813,28.4168,31.5,31.5,33
69.366,0,0,0,0,1.28095,0.99997,0.990876,3,1,1,0.820314,0,0.820314,0.81006,0,0,32.0834,31.7222,32.1111,2915,970,814.141,970,1336.09,57.75,184.359,188.367,57.7734,57.75,659.119,46.5,4.892,3.184,5.58,93.75,14.902,14.902,0,21.375,28.4168,32.25,32.25,34.5
69.4,0,0,0,0,1.28082,0.99997,0.989808,3,1,1,0.820314,0,0.820314,0.81006,0,0,32.0834,31.7222,32.0834,2921,970,813.047,970,1336.09,57.6563,184.359,188.367,57.8672,57.7031,659.119,46.5,4.892,3.17867,5.572,93.75,14.902,14.902,0,21.4844,28.4168,32.25,32.25,34.5
69.433,0,0,0,0,1.28076,0.99997,0.988435,3,1,1,0.820314,0,0.820314,0.81006,0,0,32.1389,31.4167,32.3611,2927,970,813.906,970,1336.09,57.7734,184.758,188.813,58.5703,57.6797,659.119,46.5,4.928,3.19467,5.608,93.75,14.902,14.902,0,22.0313,28.4168,32.25,32.25,33.75
69.466,0,0,0,0,1.28381,0.99997,0.986848,3,1,1,0.820314,0,0.820314,0.81006,0,0,32.1389,31.8056,31.4167,2926.75,970,811.328,970,1338.71,57.6094,185.156,189.117,56.5078,56.4609,659.119,46.5,4.816,3.15467,5.496,93.75,14.902,14.902,0,21.5,28.0567,32.25,32.25,33.75
69.5,0,0,0,0,1.28351,0.99997,0.986024,3,1,1,0.820314,0,0.820314,0.811036,0,0,32.1389,31.8334,31.8889,2933.25,970,810.273,970,1338.71,57.5156,185.156,189.117,57.4688,56.4141,659.119,46.5,4.844,3.17867,5.524,93.75,14.902,14.902,0,21.5781,28.0567,31.5,31.5,33.75
69.533,0,0,0,0,1.28351,0.99997,0.985078,3,1,1,0.820314,0,0.820314,0.811036,0,0,32.3611,31.5,32.1667,2938.75,970,811.953,970,1338.71,57.7031,185.531,189.539,57.9609,56.3672,659.119,46.5,4.888,3.20267,5.568,93.75,14.5098,14.5098,0,21.7188,28.0567,32.25,32.25,34.5
69.566,0,0,0,0,1.28998,0.99997,0.984559,3,1,1,0.820314,0,0.820314,0.814699,0,0,32.0834,30.7778,31.1389,2943.75,970,805.273,970,1343.98,57.2109,185.977,190.008,55.125,56.3438,659.022,46.5,4.768,3.128,5.448,93.75,14.1177,14.5098,0,21.2656,28.0567,32.25,32.25,34.5
69.6,0,0,0,0,1.29254,0.99997,0.983521,3,1,1,0.820314,0,0.820314,0.814699,0,0,31.8889,31.2222,30.5834,2945.5,970,795.313,970,1346.6,56.4141,185.977,190.008,54.0703,56.3438,659.022,46.5,4.68,3.10667,5.368,93.75,14.5098,14.5098,0,21.5938,28.0567,32.25,32.25,34.5
69.633,0,0,0,0,1.28912,0.99997,0.982331,3,1,1,0.820314,0,0.820314,0.811036,0,0,31.6111,31.2222,31.3334,2950.5,970,792.578,970,1343.98,56.2031,186.352,190.148,56.3438,56.3203,659.022,46.5,4.76,3.10134,5.448,93.75,14.5098,14.5098,0,22.0313,28.0567,32.25,32.25,33.75
69.666,0,0,0,0,1.28851,0.99997,0.98108,3,1,1,0.820314,0,0.820314,0.808107,0,0,31.5,31.25,31.0278,2957.5,970,788.281,970,1343.98,55.9219,186.727,190.828,55.8516,56.25,659.022,46.5,4.736,3.08534,5.424,93.75,14.5098,14.5098,0,21.5625,28.0567,32.25,32.25,35.25
69.7,0,0,0,0,1.28803,0.99997,0.979859,3,1,1,0.820314,0,0.820314,0.807374,0,0,31.5556,31.2222,31.2778,2962,970,787.891,970,1343.98,55.8984,186.727,190.828,56.1563,56.25,659.022,46.5,4.732,3.08,5.42,93.75,14.5098,14.5098,0,21.6719,28.0567,32.25,32.25,35.25
69.733,0,0,0,0,1.28803,0.99997,0.978211,3,1,1,0.820314,0,0.820314,0.806398,0,0,31.6111,31.2222,30.5556,2967.5,970,785.547,970,1343.98,55.7344,187.219,190.992,54.7734,56.2266,659.022,46.5,4.672,3.05334,5.36,93.75,14.5098,14.5098,0,21.7031,28.0567,32.25,32.25,35.25
69.766,0,0,0,0,1.28772,0.99997,0.976075,3,1,1,0.820314,0,0.820314,0.807374,0,0,31.6667,31.2222,31.1945,2972.5,970,786.406,970,1343.98,55.8281,187.453,191.344,55.8047,55.0078,659.002,46.5,4.72,3.08,5.408,93.75,14.5098,14.5098,0,21.2031,27.6981,32.25,32.25,35.25
69.8,0,0,0,0,1.2879,0.99997,0.974305,3,1,1,0.820314,0,0.820314,0.805421,0,0,31.7222,31.2222,31.25,2975.25,970,788.711,970,1343.98,56.0156,187.453,191.344,55.8281,55.0078,659.002,46.5,4.712,3.11467,5.392,93.75,14.5098,14.5098,0,21.8281,27.6981,32.25,32.25,35.25
69.833,0,0,0,0,1.28796,0.99997,0.973572,3,1,1,0.820314,0,0.820314,0.809083,0,0,31.7778,31.2222,31.1945,2979,970,787.109,970,1343.98,55.9453,187.875,191.719,55.6875,54.9844,659.002,46.5,4.7,3.09067,5.38,93.75,14.5098,14.1177,0,21.8906,27.6981,32.25,32.25,35.25
69.866,0,0,0,0,1.28845,0.99997,0.971528,3,1,1,0.820314,0,0.820314,0.809083,0,0,31.8334,30.9722,31.1389,2986.25,970,784.844,970,1343.98,55.8047,188.227,192.117,55.4766,54.9375,659.002,46.5,4.7,3.04,5.38,93.75,14.1177,14.1177,0,21.3594,27.6981,31.5,31.5,34.5
69.9,0,0,0,0,1.28827,0.99997,0.97104,3,1,1,0.820314,0,0.820314,0.811036,0,0,31.7778,30.5834,30.2778,2988.25,970,780.781,970,1343.98,55.4766,188.227,192.117,53.9766,54.9375,659.002,46.5,4.628,3.04267,5.308,93.75,14.1177,14.1177,0,21.6563,27.6981,31.5,31.5,34.5
69.933,0,0,0,0,1.28864,0.99997,0.970307,3,1,1,0.820314,0,0.820314,0.811769,0,0,31.6667,30.6111,30.8056,2992.75,970,779.336,970,1343.98,55.3828,188.602,192.352,54.7031,54.9375,659.002,46.5,4.656,3.05867,5.336,93.75,14.1177,14.1177,0,21.75,27.6981,32.25,32.25,35.25
69.966,0,0,0,0,1.28888,0.99997,0.969208,3,1,1,0.820314,0,0.820314,0.811769,0,0,31.5,30.6667,31.0278,2998.75,970,775.664,970,1343.98,55.125,188.906,192.727,55.2188,54.9141,658.963,46.5,4.668,3.03467,5.348,93.75,14.1177,14.1177,0,21.5,27.6981,33,33,35.25
70,0,0,0,0,1.28937,0.99997,0.968079,3,1,1,0.820314,0,0.820314,0.809083,0,0,31.5,30.4167,29.9167,3002.5,970,771.836,970,1343.98,54.7969,188.906,192.727,53.1563,54.8672,658.963,46.5,4.576,3.03734,5.256,93.75,14.1177,14.1177,0,21.8438,27.6981,33.75,33.75,36
70.033,0,0,0,0,1.28937,0.99997,0.967286,3,1,1,0.820314,0,0.820314,0.809083,0,0,31.3334,30.4445,30.7222,3004.75,970,769.961,970,1343.98,54.6797,189.258,192.938,54.5156,54.8203,658.963,46.5,4.632,3,5.312,93.75,14.1177,14.1177,0,21.9063,27.6981,34.5,34.5,35.25
70.066,0,0,0,0,1.28925,0.99997,0.965241,3,1,1,0.820314,0,0.820314,0.807374,0,0,31.25,30.7778,30.9722,3013.25,970,767.461,970,1343.98,54.4453,189.422,192.984,54.8203,54.7969,658.963,46.5,4.612,3.00534,5.292,93.75,14.1177,14.1177,0,21.3906,27.6981,33.75,33.75,35.25
70.1,0,0,0,0,1.28949,0.99997,0.964082,3,1,1,0.820314,0,0.820314,0.807374,0,0,31.3056,30.4722,30.4167,3017,970,764.922,970,1343.98,54.2344,189.422,192.984,53.7891,54.75,658.963,46.5,4.58,2.99467,5.268,93.75,14.1177,14.1177,0,21.8594,27.6981,33.75,33.75,35.25
70.133,0,0,0,0,1.28992,0.99997,0.962983,3,1,1,0.820314,0,0.820314,0.809083,0,0,31.5,30.4445,30.9167,3019,970,770.82,970,1343.95,54.7031,189.422,193.031,54.4219,53.5313,658.963,46.5,4.612,3.05334,5.3,93.75,14.1177,14.1177,0,21.5625,27.338,33.75,33.75,35.25
70.166,0,0,0,0,1.29077,0.99997,0.961488,3,1,1,0.820314,0,0.820314,0.811769,0,0,31.5,30.4722,30.5,3026.25,970,768.047,970,1343.98,54.4688,189.445,193.078,53.5078,53.5078,658.963,46.5,4.568,3.00534,5.256,93.75,14.1177,14.1177,0,21.5938,27.338,33.75,33.75,35.25
70.2,0,0,0,0,1.28839,0.99997,0.960114,3,1,1,0.820314,0,0.820314,0.81006,0,0,31.3889,30.4167,30.4722,3027.75,970,767.188,970,1341.37,54.3984,189.445,193.078,53.9766,53.5078,658.963,46.5,4.572,2.99467,5.268,93.75,14.1177,13.7255,0,21.8438,27.338,33.75,33.75,35.25
70.233,0,0,0,0,1.29163,0.99997,0.958863,3,1,1,0.820314,0,0.820314,0.806398,0,0,31.4445,30.1945,30.4167,3029.25,970,765.938,970,1343.95,54.2578,189.422,193.125,53.2031,53.4609,658.963,46.5,4.544,2.96,5.24,93.75,13.7255,13.7255,0,21.375,27.338,33.75,33.75,35.25
70.266,0,0,0,0,1.29022,0.99997,0.957154,3,1,1,0.820314,0,0.820314,0.805421,0,0,31.3056,29.8611,30.3056,3037.25,970,762.539,970,1341.37,53.9766,189.469,193.172,53.4375,53.4375,658.963,46.5,4.552,2.96,5.248,93.75,13.7255,13.7255,0,21.8438,27.338,33.75,33.75,35.25
70.3,0,0,0,0,1.29089,0.99997,0.955292,3,1,1,0.820314,0,0.820314,0.804445,0,0,31.1945,29.8889,29.8889,3041.75,970,758.633,970,1341.37,53.6484,189.469,193.172,52.6406,53.3906,658.963,46.5,4.508,2.94667,5.196,93.75,13.7255,13.7255,0,21.6719,27.338,33.75,33.75,35.25
70.333,0,0,0,0,1.29138,0.99997,0.953339,3,1,1,0.820314,0,0.820314,0.803712,0,0,30.9167,30.2778,30.0556,3040.25,970,755.234,970,1341.37,53.3672,189.492,193.195,52.9219,53.3906,658.963,46.5,4.484,2.90934,5.172,93.75,13.7255,13.7255,0,21.375,27.338,33.75,33.75,36
70.366,0,0,0,0,1.29096,0.99997,0.950165,3,1,1,0.820314,0,0.820314,0.80005,0,0,31.0278,29.9167,30.4722,3049,970,754.961,970,1341.37,53.3203,189.492,193.242,53.4844,53.3438,658.963,46.5,4.52,2.92267,5.208,93.75,13.7255,13.7255,0,21.9063,27.338,33.75,33.75,36
70.4,0,0,0,0,1.29163,0.99997,0.947968,3,1,1,0.820314,0,0.820314,0.80005,0,0,31.0278,30.3056,30.7222,3052.75,970,755.391,970,1341.33,53.3438,189.492,193.242,53.6719,53.3203,658.963,46.5,4.512,2.90934,5.2,93.75,13.7255,13.7255,0,21.7344,27.338,33.75,33.75,36
70.433,0,0,0,0,1.28931,0.99997,0.945313,3,1,1,0.820314,0,0.820314,0.799073,0,0,31.1389,30.2222,30.8611,3054,970,757.031,970,1338.71,53.4609,189.516,193.289,54.4453,53.3203,658.963,46.5,4.552,2.944,5.24,93.75,13.7255,13.7255,0,21.4063,27.338,33.75,33.75,36
70.466,0,0,0,0,1.29035,0.99997,0.942353,3,1,1,0.820314,0,0.820314,0.799073,0,0,31.1389,29.8611,30.2222,3059,970,756.25,970,1338.71,53.3906,189.516,193.336,53.0625,53.2969,658.963,46.5,4.492,2.90934,5.18,93.75,13.7255,13.7255,0,21.875,27.338,33.75,33.75,36
70.5,0,0,0,0,1.28827,0.99997,0.939912,3,1,1,0.820314,0,0.820314,0.799073,0,0,31.1389,30.25,29.5556,3066,970,752.891,970,1336.09,53.1094,189.516,193.336,51.5859,53.25,658.963,46.5,4.46,2.91467,5.14,93.75,13.7255,13.7255,0,21.7031,27.338,33.75,33.75,36
70.533,0,0,0,0,1.28833,0.99997,0.937775,3,1,1,0.820314,0,0.820314,0.80005,0,0,31.1389,30.2222,29.9445,3067,970,752.969,970,1336.09,53.1094,189.539,193.359,52.5469,45.2578,658.963,46.5,4.404,2.89334,5.084,93.75,13.7255,13.7255,0,21.2656,24.8203,33.75,33.75,36
70.566,0,0,0,0,1.29114,0.99997,0.93454,3,1,1,0.820314,0,0.820314,0.799073,0,0,30.6945,26.2778,30.0278,3074.25,970,734.492,970,1338.67,51.5625,189.539,193.406,45.6563,31.1719,658.983,46.5,3.988,2.68534,4.668,93.75,12.1569,9.41177,0,21.6719,16.9054,23.25,23.25,23.25
70.6,0,0,0,0,1.30646,0.99997,1,3,1,1,0.820314,0,0.820314,0.799073,0,0,29.5278,19.8611,24.7222,3069,970,680.703,970,1354.57,47.1328,189.539,193.406,34.6875,28.8281,658.983,46.5,3.628,2.44,4.316,93.75,9.01961,7.84314,0,21.7188,8.45196,17.25,17.25,17.25
70.633,0,0,0,0,1.32428,0.99997,1,3,1,1,0.820314,0,0.820314,0.797609,0,0,25.2778,16.9167,18.1667,3052.5,970,614.688,970,1373.05,41.6953,189.516,193.359,29.7188,25.5938,658.983,46.5,3.104,2.10134,3.792,93.75,7.84314,7.05883,0,21.6094,0,37.5,37.5,37.5
70.666,0,0,0,0,1.30133,0.99997,1,3,1,1,0.820314,0,0.820314,0.775636,0,0,21.75,13.9445,6.33334,3048,970,542.188,970,1349.3,35.7891,189.445,193.266,24.5625,26.0625,658.983,46.5,2.632,1.80534,3.32,93.75,6.27451,6.27451,0,21.9844,0,24,24,24
70.7,0,0,0,0,1.28607,0.99997,1,3,1,1,0.820314,0,0.820314,0.744142,0,0,19.9445,13.6389,24.0278,3037.75,970,495,970,1333.44,31.9219,189.445,193.266,24.1172,23.7422,658.983,46.5,2.428,1.648,3.116,93.75,6.27451,6.66667,0,21.5781,0,26.25,26.25,26.25
70.733,0,0,0,0,1.31152,0.99997,1,3,1,1,0.820314,0,0.820314,0.729982,0,0,17.4167,13.6389,15.0556,3037.75,970,462.461,970,1359.84,29.25,189.609,193.219,23.6953,21.6328,658.983,46.5,2.224,1.49867,2.912,93.75,6.27451,5.88235,0,21.3906,0,19.5,19.5,19.5
70.766,0,0,0,0,1.27844,0.99997,1,3,1,1,0.820314,0,0.820314,0.729982,0,0,15.5556,11.6667,16.8889,3022.75,970,423.75,970,1325.51,26.0859,189.539,193.172,20.3438,19.5,659.315,46.5,1.912,1.30133,2.6,93.75,5.4902,5.09804,0,21.9063,0,20.25,20.25,20.25
70.8,0,0,0,0,1.28607,0.99997,1,3,1,1,0.820314,0,0.820314,0.729982,0,0,14.5,11.2222,13.8056,3017.75,970,397.852,970,1333.44,23.9531,189.539,193.172,19.6172,18.3984,659.315,46.5,1.756,1.20533,2.444,93.75,5.09804,4.70588,0,21.2656,0,18.75,18.75,18.75
70.833,0,0,0,0,1.26569,0.99997,1,3,1,1,0.820314,0,0.820314,0.729982,0,0,13,9.91667,7.91667,2995,970,373.281,970,1312.3,22.0078,189.398,193.078,17.4141,17.625,659.315,46.5,1.588,1.06667,2.276,93.75,4.31373,4.70588,0,22,0,41.25,41.25,42
70.866,0,0,0,0,1.2453,0.99997,1,3,1,1,0.820314,0,0.820314,0.729982,0,0,11.7778,9.8889,20.0556,3009.75,970,349.297,970,1291.17,20.1094,189.398,192.938,17.2969,16.7344,659.315,46.5,1.508,0.976001,2.196,93.75,4.70588,4.70588,0,21.8906,0,10.5,10.5,10.5
70.9,0,0,0,0,1.25806,0.99997,1,3,1,1,0.820314,0,0.820314,0.729982,0,0,11.3056,9.80556,0.88889,3016.5,970,338.203,970,1304.38,19.1953,189.398,192.938,17.1094,16.3359,659.315,46.5,1.468,0.946668,2.156,93.75,4.31373,4.31373,0,20.0156,0,5.25,5.25,5.25
70.933,0,0,0,0,1.17908,0.99997,1,3,1,1,0.820314,0,0.820314,0.729982,0,0,10.6389,9.02778,13.1111,3032,970,325.703,970,1222.5,18.1172,189.609,193.008,15.6797,15.7969,659.315,46.5,1.372,0.882668,2.06,93.75,4.31373,4.31373,0,15.8438,0,2.25,2.25,-2.25
70.966,0,0,0,0,1.22492,0.99997,1,3,1,1,0.820314,0,0.820314,0.729982,0,0,10,9.05556,15.8333,3050.5,970,311.25,970,1270.04,17.1094,189.164,193.242,15.6328,15.1406,658.865,46.5,1.36,0.834668,2.048,93.75,4.31373,4.31373,0,10.0781,0,3,3,-7.5
71,0,0,0,0,1.21729,0.99997,1,3,1,1,0.820314,0,0.820314,0.729982,0,0,9.75001,8.94445,0,3041,970,305.352,970,1262.11,16.6406,189.164,193.242,15.4922,14.7188,658.865,45.75,1.336,0.829334,2.024,93.75,4.31373,4.31373,0,7.17188,0,3,3,1.5
71.033,0,0,0,0,1.14337,0.99997,1,3,1,1,0.820314,0,0.820314,0.73462,0,0,9.86112,8.19445,22.6667,3040,970,295.703,970,1185.51,17.0156,188.109,193.172,14.2031,14.3203,658.865,45.75,1.316,0.802668,2.004,93.75,4.31373,3.92157,0,5.15625,0,7.5,7.5,7.5
71.066,0,0,0,0,1.21222,0.99997,1,3,1,1,0.820314,0,0.820314,0.737062,0,0,9.6389,8.16667,2.36111,3012,970,280.469,970,1256.84,16.875,189.258,193.008,14.2734,14.25,658.865,45.75,1.356,0.826668,2.044,93.75,3.52941,3.92157,0,2.42188,0,21,21,21
71.1,0,0,0,0,1.151,0.99997,1,3,1,1,0.820314,0,0.820314,0.740968,0,0,9.30556,7.75001,0,3011.5,970,268.086,970,1193.44,15.8672,189.258,193.008,13.5234,14.25,658.865,45.75,1.248,0.781334,1.936,93.75,3.92157,3.92157,0,1.20313,0,6.75,6.75,6.75
71.133,0,0,0,0,1.14594,0.99997,0.961457,3,1,1,0.820314,0,0.820314,0.729982,0,0,8.8889,7.63889,23.1389,3010,970,256.68,970,1188.16,15.5625,189.633,193.031,13.3359,14.25,658.865,45.75,1.172,0.714668,1.86,93.75,3.52941,3.52941,0,0.515625,0,5.25,5.25,5.25
71.166,0,0,0,0,1.17395,0.99997,0.955079,3,1,1,0.820314,0,0.820314,0.729982,0,0,8.72223,8.00001,0,3011,970,248.086,970,1217.19,15.2813,189.141,192.961,13.9453,14.25,658.611,45.75,1.188,0.725334,1.876,93.75,3.92157,3.92157,0,0.09375,0,6,6,6
71.2,0,0,0,0,1.11279,0.99997,0.948731,3,1,1,0.820314,0,0.820314,0.729982,0,0,8.52778,7.75001,19.0833,3006.5,970,241.172,970,1153.79,14.7188,189.141,192.961,13.5469,14.25,658.611,45.75,1.124,0.693334,1.804,93.75,3.92157,3.92157,0,-0.21875,0,5.25,5.25,5.25
71.233,0,0,0,0,1.16376,0.99997,0.942078,3,1,1,0.820314,0,0.820314,0.730714,0,0,8.25001,8.05556,12.3333,3007.5,970,237.695,970,1206.64,14.4375,189.281,192.984,14.0625,14.25,658.611,45.75,1.12,0.682668,1.8,93.75,3.92157,3.92157,0,0.09375,0,5.25,5.25,5.25
71.266,0,0,0,0,1.11792,0.99997,0.933045,3,1,1,0.820314,0,0.820314,0.731446,0,0,8.1389,7.80556,2.55556,3000.75,970,235.156,970,1159.1,14.25,188.742,192.773,13.6641,14.25,658.611,45.75,1.088,0.664001,1.768,93.75,3.92157,3.92157,0,-0.359375,0,4.5,4.5,4.5
71.3,0,0,0,0,1.12042,0.99997,0.929749,3,1,1,0.820314,0,0.820314,0.739991,0,0,7.97223,7.77778,20.0556,2996.5,970,232.109,970,1161.72,14.0156,188.742,192.773,13.6172,14.25,658.611,45.75,1.068,0.650667,1.756,93.75,3.92157,3.92157,0,-0.015625,0,3.75,3.75,3.75
71.333,0,0,0,0,1.15357,0.99997,0.920838,3,1,1,0.820314,0,0.820314,0.738527,0,0,7.94445,8.05556,0,2991.25,970,232.188,970,1196.05,13.9922,188.297,192.539,14.1328,14.25,658.611,45.75,1.068,0.653334,1.756,93.75,3.92157,3.92157,0,0.15625,0,3.75,3.75,3
71.366,0,0,0,0,1.08484,0.99997,0.914155,3,1,1,0.820314,0,0.820314,0.745607,0,0,7.83334,7.58334,21.8611,2976.25,970,230,970,1124.77,13.8047,188.531,191.813,13.3828,14.25,658.67,45.75,1.036,0.632001,1.724,93.75,3.92157,3.92157,0,-0.421875,0,3.75,3.75,2.25
71.4,0,0,0,0,1.13831,0.99997,0.910309,3,1,1,0.820314,0,0.820314,0.751954,0,0,7.77778,7.94445,7.44445,2975,970,229.922,970,1180.23,13.8047,188.531,191.813,14.0156,14.25,658.67,45.75,1.048,0.637334,1.736,93,3.92157,3.92157,0,-0.015625,0,3.75,3.75,2.25
71.433,0,0,0,0,1.10004,0.99997,0.909699,3,1,1,0.820314,0,0.820314,0.763673,0,0,7.8889,8.16667,0.0833334,2981,970,231.484,970,1140.59,13.9219,188.648,191.93,14.3906,14.25,658.67,45.75,1.056,0.645334,1.744,93,4.31373,3.92157,0,0.1875,0,3.75,3.75,1.5
71.466,0,0,0,0,1.11029,0.99997,0.913178,3,1,1,0.820314,0,0.820314,0.792726,0,0,7.8889,8.08334,14.4722,2977.25,970,231.641,970,1151.17,13.9453,188.672,191.789,14.25,14.25,658.67,45.75,1.06,0.648001,1.748,93,3.92157,3.92157,0,-0.28125,0,3.75,3.75,0.75
71.5,0,0,0,0,1.11792,0.99997,0.916413,3,1,1,0.820314,0,0.820314,0.813722,0,0,7.94445,8.22223,0,2969.5,970,233.828,970,1159.1,14.1094,188.672,191.789,14.5313,14.25,658.67,45.75,1.08,0.656001,1.76,93.75,3.92157,3.92157,0,-0.28125,0,3.75,3.75,0
71.533,0,0,0,0,1.06696,0.99997,0.917237,3,1,1,0.820314,0,0.820314,0.822999,0,0,7.8889,7.66667,21.8334,2959,970,232.422,970,1106.25,13.9922,188.391,191.133,13.6172,14.25,658.67,45.75,1.056,0.645334,1.736,93.75,3.92157,3.92157,0,0.21875,0,3.75,3.75,0
71.566,0,0,0,0,1.11279,0.99997,0.926911,3,1,1,0.820314,0,0.820314,0.842286,0,0,7.8889,8.02778,1.25,2950.5,970,233.008,970,1153.79,14.0391,187.875,190.664,14.2969,14.25,658.807,45.75,1.088,0.658667,1.768,93.75,3.92157,3.92157,0,-0.4375,0,3.75,3.75,0
71.6,0,0,0,0,1.06445,0.99997,0.937104,3,1,1,0.820314,0,0.820314,0.86255,0,0,7.8889,7.66667,5.02778,2949.75,970,232.5,970,1103.63,14.0156,187.875,190.664,13.6406,14.25,658.807,45.75,1.08,0.666667,1.76,93.75,3.92157,3.92157,0,-0.046875,0,3.75,3.75,-0.75
71.633,0,0,0,0,1.09656,0.99997,0.945435,3,1,1,0.820314,0,0.820314,0.875245,0,0,7.83334,7.91667,14.5833,2954.75,970,231.68,970,1130.04,13.9453,187.477,190.453,14.0625,14.25,658.807,45.75,1.1,0.664001,1.78,93.75,3.92157,3.92157,0,0.28125,0,3.75,3.75,-0.75
71.666,0,0,0,0,1.07507,0.99997,0.959595,3,1,1,0.820314,0,0.820314,0.892335,0,0,7.8889,7.75001,0,2950.25,970,232.891,970,1111.52,14.0391,187.406,190.57,13.8047,14.25,658.807,45.75,1.112,0.685334,1.792,93.75,3.92157,3.92157,0,-0.015625,0,3.75,3.75,-1.5
71.7,0,0,0,0,1.05084,0.99997,0.971345,3,1,1,0.820314,0,0.820314,0.904542,0,0,7.83334,7.58334,18.4445,2945,970,230.508,970,1103.63,13.8516,187.406,190.57,13.5234,14.25,658.807,45.75,1.104,0.672001,1.8,93,3.92157,3.92157,0,-0.171875,0,3.75,3.75,-1.5
71.733,0,0,0,0,1.09839,0.99997,0.984315,3,1,1,0.820314,0,0.820314,0.917726,0,0,7.33334,7.80556,0,2935.75,970,201.758,970,1135.31,11.5547,187.289,190.078,0,14.25,658.807,45.75,0.9,0.573334,1.596,93,3.92157,4.31373,0,0.109375,0,3.75,3.75,-0.75
71.766,0,0,0,0,1.01288,0.99997,1.00449,3,1,1,0.820314,0,0.820314,0.917726,0,0,6.86112,7.58334,18.1945,2924.5,970,251.875,970,1082.5,15.5391,186.773,189.328,38.8828,14.25,658.885,45.75,1.88,0.912001,2.576,93,4.31373,4.31373,0,-0.328125,0,3.75,3.75,0.75
71.8,0,0,0,0,1.07153,0.99997,1.01111,3,1,1,0.820314,0,0.820314,0.913331,0,0,9.75001,8.00001,5.52778,2919.5,970,258.438,970,1124.77,16.0547,186.773,189.328,5.71875,14.25,658.885,45.75,0.98,1.13067,1.668,93,4.31373,4.31373,0,0.125,0,2.25,2.25,-5.25
71.833,0,0,0,0,1.01947,0.99997,1.00418,3,1,1,0.820314,0,0.820314,0.911134,0,0,6.86112,7.86112,0,2922.5,970,212.813,970,1090.39,12.4219,186.07,188.742,0.398438,14.25,658.885,45.75,0.668,0.410667,1.356,93,4.31373,4.31373,0,0.109375,0,3,3,-2.25
71.866,0,0,0,0,1.02759,0.99997,1,3,1,1,0.820314,0,0.820314,0.923341,0,0,10.3889,7.66667,15.1667,2927.5,970,291.094,970,1098.32,18.6563,185.836,189.164,26.4141,14.25,658.885,45.75,1.648,1.07467,2.336,93,4.31373,4.31373,0,0.046875,0,2.25,2.25,-17.25
71.9,0,0,0,0,1.05127,0.99997,1,3,1,1,0.820314,0,1.04688,0.916505,0,0,9.05556,7.86112,0,2921,970,236.445,970,1114.18,14.2969,185.836,189.164,0,14.25,658.885,45.75,0.588,0.445334,1.268,93.75,4.31373,4.31373,0,0.0625,0,3,3,49.5
71.933,0,0,0,0,0.977784,0.99997,1,3,1,1,0.820314,0,1.04688,0.915529,0,0,8.47223,7.52778,13.8611,2903.5,970,249.375,970,1069.3,15.3281,185.883,188.602,31.875,14.25,658.885,45.75,1.396,0.853334,2.076,93.75,4.31373,4.31373,0,-0.109375,0,3.75,3.75,49.5
71.966,0,0,0,0,1.0318,0.99997,1,3,1,1,0.820314,0,1.04688,0.915529,0,0,9.69445,7.80556,3.36111,2892.75,970,255.078,970,1108.91,15.7734,185.18,187.359,2.78906,14.25,656.404,45.75,0.9,0.440001,1.58,93.75,4.31373,4.31373,0,-0.421875,0,2.25,2.25,48.75
72,0,0,0,0,0.975342,0.99997,1,3,1,1,0.820314,0,1.04688,0.928712,0,0,7.61112,7.52778,6.50001,2894,970,224.727,970,1071.95,13.3828,185.18,187.359,17.3672,14.25,656.404,45.75,0.94,0.352,1.62,93,4.31373,4.31373,0,0.375,0,3.75,3.75,49.5
72.033,0,0,0,0,0.994874,0.99997,1,3,1,1,0.820314,0,1.04688,0.992677,0,0,9.69445,7.50001,11.4167,2897.5,970,278.047,970,1095.7,17.6016,184.336,187.523,17.9766,14.25,656.404,45.75,1.128,0.866668,1.808,93,4.31373,4.31373,0,-0.046875,0,2.25,2.25,48.75
72.066,0,0,0,0,0.973634,0.99997,1,3,1,1,0.820314,0,1.04688,1.18091,0,0,7.13889,7.61112,2.41667,2892.5,970,210.82,970,1079.84,12.2813,184.477,187.547,7.28906,14.25,656.404,45.75,0.9,0.328,1.58,93,4.31373,4.70588,0,-0.34375,0,3.75,3.75,49.5
72.1,0,0,0,0,0.957642,0.99997,1,3,1,1,0.820314,0,1.04688,1.45313,0,0,7.33334,7.55556,14.6389,2880.25,970,272.5,970,1079.8,17.1563,184.477,187.547,26.4844,14.25,656.404,45.75,1.316,0.642667,1.996,93,4.70588,4.70588,0,-0.03125,0,3,3,49.5
72.133,0,0,0,0,0.985169,0.99997,1,3,1,1,0.820314,0,1.04688,1.76367,0,0,8.8889,7.83334,7.25001,2873.75,970,261.797,970,1095.7,16.3125,184.195,186.703,10.0547,14.25,656.404,45.75,0.908,0.557334,1.588,93,4.70588,4.70588,0,-0.046875,0,2.25,2.25,48.75
72.166,0,0,0,0,0.928223,0.99997,1,3,1,1,0.820314,0,1.04688,2.30347,0,0,8.19445,7.38889,11.5278,2868.75,970,245.352,970,1071.91,15,183.563,186.422,24.0469,14.25,653.826,45.75,1.196,0.733334,1.876,93,4.70588,4.70588,0,-0.296875,0,3.75,3.75,49.5
72.2,0,0,0,0,0.953736,0.99997,1,3,1,1,0.820314,0,1.04688,2.8733,0,0,9.00001,7.58334,8.00001,2873.75,970,258.711,970,1090.39,16.0547,183.563,186.422,12.6328,14.25,653.826,45.75,0.956,0.690668,1.644,93,4.70588,4.70588,0,0.265625,0,2.25,2.25,48.75
72.233,0,0,0,0,0.934571,0.99997,1,3,1,1,0.820314,0,1.04688,3.48975,0,0,7.61112,7.55556,5.22223,2863,970,228.633,970,1077.19,13.6875,183.234,186.047,11.4141,14.25,653.826,45.75,0.9,0.448001,1.588,93,4.70588,4.70588,0,-0.140625,0,3.75,3.75,48.75
72.266,0,0,0,0,0.937623,0.99997,1,3,1,1,0.820314,0,1.04688,4.03321,0,0,9.11112,7.66667,9.1389,2853.25,970,264.805,970,1085.12,16.5469,182.813,185.578,15.1875,14.25,653.826,45.75,1.028,0.728001,1.716,93,4.70588,4.70588,0,-0.546875,0,2.25,2.25,48.75
72.3,0,0,0,0,0.932008,0.99997,1,3,1,1,0.820314,0,1.04688,4.66651,0,0,8.6389,7.61112,6.80556,2853.75,970,244.805,970,1077.19,14.9531,182.813,185.578,13.5234,14.25,653.826,45.75,0.924,0.552001,1.604,93,4.70588,4.70588,0,0.078125,0,3,3,49.5
72.333,0,0,0,0,0.93274,0.99997,1,3,1,1,0.820314,0,1.04688,5.00001,0,0,8.72223,7.69445,10.1945,2845.75,970,262.93,970,1079.8,16.3828,182.438,185.32,18.3984,14.25,653.826,45.75,1.12,0.725334,1.8,93,4.70588,4.70588,0,-0.078125,0,3,3,49.5
72.366,0,0,0,0,0.933716,0.99997,1,3,1,1,0.820314,0,1.04688,5.00001,0,0,8.19445,7.63889,6.86112,2847.75,970,247.93,970,1077.19,15.1875,182.039,184.758,13.1719,14.25,651.365,45.75,0.928,0.570667,1.608,93,4.70588,4.70588,0,-0.046875,0,3,3,49.5
72.4,0,0,0,0,0.930237,0.99997,1,3,1,1,0.820314,0,1.04688,5.00001,0,0,8.66667,7.58334,9.80556,2836.75,970,262.148,970,1074.53,16.3125,182.039,184.758,18.4688,14.25,651.365,45.75,1.128,0.704001,1.808,93,4.70588,4.70588,0,-0.109375,0,3,3,49.5
72.433,0,0,0,0,0.939332,0.99997,1,3,1,1,0.820314,0,1.04688,5.00001,0,0,8.52778,7.75001,6.80556,2836.5,970,251.094,970,1077.19,15.4453,181.641,184.711,12.5156,14.25,651.365,45.75,0.924,0.584001,1.604,93,4.70588,4.70588,0,-0.078125,0,3,3,49.5
72.466,0,0,0,0,0.937379,0.99997,1,3,1,1,0.820314,0,1.04688,5.00001,0,0,8.6389,7.66667,9.52779,2826.25,970,261.68,970,1074.53,16.2891,181.406,184.078,17.6016,14.25,651.365,45.75,1.1,0.693334,1.78,93,4.70588,4.70588,0,-0.375,0,3,3,49.5
72.5,0,0,0,0,0.94043,0.99997,1,3,1,1,0.820314,0,1.04688,5.00001,0,0,8.66667,7.69445,7.30556,2820.75,970,253.281,970,1071.91,15.6094,181.406,184.078,14.25,14.25,651.365,45.75,0.98,0.629334,1.66,93,4.70588,4.70588,0,0.21875,0,3,3,49.5
72.533,0,0,0,0,0.941834,0.99997,1,3,1,1,0.820314,0,1.04688,5.00001,0,0,8.72223,7.66667,9.86112,2818.25,970,261.602,970,1071.91,16.2656,180.82,183.609,19.1953,14.25,651.365,45.75,1.136,0.698668,1.816,93,4.70588,4.70588,0,-0.234375,0,3,3,49.5
72.566,0,0,0,0,0.947877,0.99997,1,3,1,1,0.820314,0,1.04688,5.00001,0,0,8.41667,7.75001,7.00001,2810.25,970,255.352,970,1069.3,15.7734,180.445,183.469,13.8047,14.25,648.865,45.75,0.972,0.597334,1.652,93,4.70588,4.70588,0,-0.34375,0,3,3,49.5
72.6,0,0,0,0,0.944276,0.99997,1,3,1,1,0.820314,0,1.04688,5.00001,0,0,8.36112,7.66667,9.41667,2810,970,260.43,970,1066.64,16.1719,180.445,183.469,18.3516,14.25,648.865,45.75,1.104,0.658667,1.792,93,4.70588,4.70588,0,0.078125,0,3,3,49.5
72.633,0,0,0,0,0.952821,0.99997,1,3,1,1,0.820314,0,1.04688,5.00001,0,0,8.6389,7.66667,7.58334,2801,970,256.875,970,1069.26,15.8906,180.07,182.672,14.0859,14.25,648.865,45.75,0.98,0.618667,1.668,93,4.70588,4.70588,0,0.171875,0,3,3,49.5
72.666,0,0,0,0,0.952454,0.99997,1,3,1,1,0.820314,0,1.04688,5.00001,0,0,8.52778,7.66667,8.30556,2795.5,970,257.695,970,1066.64,15.9609,179.484,182.461,15.7969,14.25,648.865,45.75,1.028,0.642667,1.716,93,4.70588,4.70588,0,-0.21875,0,3,3,49.5
72.7,0,0,0,0,0.955628,0.99997,1,3,1,1,0.820314,0,1.04688,5.00001,0,0,8.47223,7.69445,7.97223,2790.75,970,256.016,970,1066.64,15.8203,179.484,182.461,15.0938,14.25,648.865,45.75,1.008,0.632001,1.688,93,4.70588,4.70588,0,-0.15625,0,3,3,49.5
72.733,0,0,0,0,0.957947,0.99997,1,3,1,1,0.820314,0,1.04688,5.00001,0,0,8.30556,7.63889,7.8889,2792.75,970,254.258,970,1066.64,15.6797,179.25,182.273,14.8594,14.25,648.865,45.75,0.996,0.613334,1.676,93,4.70588,4.70588,0,0.21875,0,3,3,49.5
72.766,0,0,0,0,0.959717,0.99997,1,3,1,1,0.820314,0,1.04688,5.00001,0,0,8.47223,7.55556,8.52778,2787.5,970,258.672,970,1063.98,16.0313,179.039,182.063,16.2188,14.25,646.463,45.75,1.048,0.650667,1.728,93,4.31373,4.31373,0,-0.359375,0,3,3,49.5
72.8,0,0,0,0,0.96045,0.99997,1,3,1,1,0.820314,0,1.04688,5.00001,0,0,8.36112,7.58334,7.91667,2776,970,253.75,970,1061.37,15.6328,179.039,182.063,15.6328,14.25,646.463,45.75,1.008,0.608001,1.688,93,4.31373,4.31373,0,-0.09375,0,3,3,49.5
72.833,0,0,0,0,0.962647,0.99997,1,3,1,1,0.820314,0,1.04688,5.00001,0,0,8.36112,7.58334,8.72223,2772,970,256.875,970,1061.37,15.8906,178.641,181.289,16.8984,14.25,646.463,45.75,1.052,0.648001,1.732,93,4.31373,4.31373,0,-0.234375,0,3,3,49.5
72.866,0,0,0,0,0.967347,0.99997,1,3,1,1,0.820314,0,1.04688,5.00001,0,0,8.25001,7.58334,7.52778,2766.75,970,252.734,970,1061.37,15.5625,178.078,181.148,14.625,14.25,646.463,45.75,0.98,0.602667,1.66,93,4.31373,4.31373,0,-0.40625,0,3,3,49.5
72.9,0,0,0,0,0.966004,0.99997,1,3,1,1,0.820314,0,1.04688,5.00001,0,0,8.1389,7.55556,8.72223,2767.25,970,256.68,970,1058.71,15.8672,178.078,181.148,17.1563,14.25,646.463,45.75,1.056,0.616001,1.736,93,4.31373,4.31373,0,-0.3125,0,3,3,49.5
72.933,0,0,0,0,0.969849,0.99997,1,3,1,1,0.820314,0,1.04688,5.00001,0,0,8.19445,7.44445,7.55556,2755.75,970,252.07,970,1058.71,15.4922,177.844,180.82,14.9063,14.25,646.463,45.75,0.984,0.597334,1.664,93,4.31373,4.31373,0,0.046875,0,3,3,49.5
72.966,0,0,0,0,0.972657,0.99997,1,3,1,1,0.820314,0,1.04688,5.00001,0,0,8.25001,7.55556,8.75001,2758,970,255.313,970,1058.71,15.75,177.375,180.117,16.8516,14.25,644.119,45.75,1.04,0.642667,1.72,93,4.31373,4.31373,0,-0.15625,0,3,3,49.5
73,0,0,0,0,0.97699,0.99997,1,3,1,1,0.820314,0,1.04688,5.00001,0,0,8.25001,7.41667,7.36112,2745.75,970,253.047,970,1058.71,15.5625,177.375,180.117,14.1563,14.25,644.119,45.75,0.968,0.618667,1.648,93,4.31373,4.31373,0,-0.296875,0,3,3,49.5
73.033,0,0,0,0,0.975709,0.99997,1,3,1,1,0.820314,0,1.04688,5.00001,0,0,8.02778,7.41667,7.66667,2746.25,970,250.898,970,1056.05,15.3984,176.859,179.977,15.2813,14.25,644.119,45.75,0.988,0.608001,1.668,93,4.31373,4.31373,0,0.046875,0,3,3,49.5
73.066,0,0,0,0,0.979798,0.99997,1,3,1,1,0.820314,0,1.04688,5.00001,0,0,8.02778,7.44445,7.75001,2736.25,970,251.484,970,1056.05,15.4453,176.602,179.531,14.5313,14.25,644.119,45.75,0.964,0.594667,1.644,93,4.31373,4.31373,0,-0.46875,0,3,3,49.5
73.1,0,0,0,0,0.98053,0.99997,1,3,1,1,0.820314,0,1.04688,5.00001,0,0,7.8889,7.41667,7.77778,2737.5,970,247.93,970,1056.05,15.1641,176.602,179.531,15.2344,14.25,644.119,45.75,0.976,0.578667,1.656,93,4.31373,4.31373,0,-0.03125,0,3,3,49.5
73.133,0,0,0,0,0.982056,0.99997,1,3,1,1,0.820314,0,1.04688,5.00001,0,0,7.97223,7.44445,8.08334,2727.25,970,250.664,970,1056.05,15.375,176.133,178.992,15.6797,14.25,644.119,45.75,0.988,0.621334,1.668,93,4.31373,4.31373,0,0.078125,0,3,3,49.5
73.166,0,0,0,0,0.982728,0.99997,1,3,1,1,0.820314,0,1.04688,5.00001,0,0,7.8889,7.30556,7.77778,2720.75,970,249.141,970,1053.44,15.2578,175.617,178.57,15.6328,14.25,641.815,45.75,0.988,0.600001,1.668,93,4.31373,4.31373,0,-0.421875,0,3,3,49.5
73.2,0,0,0,0,0.986085,0.99997,1,3,1,1,0.820314,0,1.04688,5.00001,0,0,7.97223,7.30556,7.8889,2717.75,970,251.25,970,1053.44,15.4219,175.617,178.57,15.5859,14.25,641.815,45.75,0.996,0.626667,1.676,93,4.31373,4.31373,0,-0.328125,0,3,3,49.5
73.233,0,0,0,0,0.988648,0.99997,1,3,1,1,0.820314,0,1.04688,5.00001,0,0,7.77778,7.33334,7.41667,2718.75,970,246.602,970,1053.44,15.0469,175.289,178.5,14.6953,14.25,641.815,45.75,0.956,0.576001,1.636,93,3.92157,4.31373,0,0.109375,0,3,3,49.5
73.266,0,0,0,0,0.990113,0.99997,1,3,1,1,0.820314,0,1.04688,5.00001,0,0,7.72223,7.33334,7.83334,2711.5,970,246.484,970,1053.44,15.0469,175.102,178.078,15.2813,14.25,641.815,45.75,0.972,0.589334,1.652,93,4.31373,4.31373,0,-0.453125,0,3,3,49.5
73.3,0,0,0,0,0.992066,0.99997,1,3,1,1,0.820314,0,1.04688,5.00001,0,0,7.77778,7.33334,7.80556,2709.5,970,247.227,970,1053.44,15.0938,175.102,178.078,15.1641,14.25,641.815,45.75,0.972,0.602667,1.652,93,4.31373,3.92157,0,-0.515625,0,3,3,49.5
73.333,0,0,0,0,0.991334,0.99997,1,3,1,1,0.820314,0,1.04688,5.00001,0,0,7.72223,7.33334,7.55556,2699.5,970,246.133,970,1050.78,15.0234,174.609,177.445,15.3047,14.25,641.815,45.75,0.964,0.584001,1.644,93,4.31373,3.92157,0,0,0,3.75,3.75,49.5
73.366,0,0,0,0,0.994385,0.99997,1,3,1,1,0.820314,0,1.04688,5.00001,0,0,7.77778,7.27778,7.33334,2690.25,970,247.5,970,1050.78,15.1172,174.023,177.047,14.5078,14.25,639.608,45.75,0.952,0.602667,1.632,93,3.92157,3.92157,0,-0.109375,0,3,3,49.5
73.4,0,0,0,0,0.995667,0.99997,1,3,1,1,0.820314,0,1.04688,5.00001,0,0,7.72223,7.25001,7.86112,2686.25,970,247.188,970,1050.78,15.0938,174.023,177.047,15.4453,14.25,639.608,46.5,0.976,0.586667,1.656,93,3.92157,3.92157,0,-0.546875,0,3,3,49.5
73.433,0,0,0,0,0.997864,0.99997,1,3,1,1,0.820314,0,1.04688,5.00001,0,0,7.72223,7.27778,7.38889,2690.5,970,246.523,970,1050.78,15.0469,173.672,176.883,14.3438,14.25,639.608,46.5,0.94,0.594667,1.62,93,3.92157,3.92157,0,-0.203125,0,3,3,49.5
73.466,0,0,0,0,0.995484,0.99997,1,3,1,1,0.820314,0,1.04688,5.00001,0,0,7.55556,7.25001,8.00001,2682.5,970,245.742,970,1048.13,14.9766,173.508,176.672,16.0781,14.25,639.608,46.5,0.98,0.589334,1.66,93,3.92157,3.92157,0,-0.359375,0,3.75,3.75,49.5
73.5,0,0,0,0,1.00098,0.99997,1,3,1,1,0.820314,0,1.04688,5.00001,0,0,7.66667,7.30556,7.38889,2678.25,970,245.391,970,1050.78,14.9531,173.508,176.672,14.1094,14.25,639.608,46.5,0.932,0.605334,1.612,93,3.92157,3.92157,0,-0.3125,0,3,3,49.5
73.533,0,0,0,0,0.998902,0.99997,1,3,1,1,0.820314,0,1.04688,5.00001,0,0,7.44445,7.27778,7.80556,2667,970,243.398,970,1048.13,14.7891,173.039,175.758,15.5156,14.25,639.608,46.5,0.956,0.565334,1.636,93,3.92157,3.92157,0,-0.46875,0,3.75,3.75,49.5
73.566,0,0,0,0,1.00189,0.99997,1,3,1,1,0.820314,0,1.04688,5.00001,0,0,7.61112,7.19445,7.47223,2670,970,246.25,970,1048.13,15,172.359,175.523,14.7422,14.25,637.44,46.5,0.948,0.586667,1.628,93,3.92157,3.92157,0,-0.453125,0,3,3,49.5
73.6,0,0,0,0,1.00043,0.99997,1,3,1,1,0.820314,0,1.04688,5.00001,0,0,7.55556,7.16667,7.55556,2658.75,970,245.82,970,1045.51,14.9766,172.359,175.523,15.5391,14.25,637.44,46.5,0.964,0.581334,1.632,93,3.92157,3.92157,0,-0.359375,0,3.75,3.75,49.5
73.633,0,0,0,0,1.00537,0.99997,1,3,1,1,0.820314,0,1.04688,5.00001,0,0,7.55556,7.22223,7.36112,2659.75,970,245.508,970,1048.13,14.9531,172.102,175.383,14.3203,14.25,637.44,46.5,0.94,0.589334,1.608,93,3.92157,3.92157,0,-0.421875,0,3,3,49.5
73.666,0,0,0,0,1.00403,0.99997,1,3,1,1,0.820314,0,1.04688,5.00001,0,0,7.55556,7.13889,7.63889,2648.75,970,245.859,970,1045.51,14.9766,171.938,175.102,15.4922,14.25,637.44,46.5,0.964,0.597334,1.632,93,3.92157,3.92157,0,-0.40625,0,3.75,3.75,49.5
73.7,0,0,0,0,1.00617,0.99997,1,3,1,1,0.820314,0,1.04688,5.00001,0,0,7.44445,7.19445,7.47223,2650,970,244.844,970,1045.51,14.9063,171.938,175.102,15.0938,14.25,637.44,46.5,0.952,0.576001,1.632,93,3.92157,3.92157,0,-0.5625,0,3.75,3.75,49.5
73.733,0,0,0,0,1.00708,0.99997,1,3,1,1,0.820314,0,1.04688,5.00001,0,0,7.50001,7.22223,7.66667,2637.25,970,245.547,970,1045.51,14.9531,171.609,174.375,15.3516,14.25,637.44,46.5,0.96,0.592001,1.64,93,3.92157,3.92157,0,-0.21875,0,3.75,3.75,49.5
73.766,0,0,0,0,1.013,0.99997,1,3,1,1,0.820314,0,1.04688,5.00001,0,0,7.50001,7.19445,7.02778,2639,970,245.469,970,1048.09,14.9297,170.742,173.906,13.4297,14.25,635.252,46.5,0.916,0.568001,1.596,93,3.92157,3.92157,0,0.046875,0,3,3,49.5
73.8,0,0,0,0,1.01013,0.99997,1,3,1,1,0.820314,0,1.04688,5.00001,0,0,7.38889,7.08334,7.72223,2628.75,970,243.672,970,1045.51,14.8125,170.742,173.906,15.4922,14.25,635.252,46.5,0.96,0.562667,1.64,93,3.92157,3.92157,0,-0.546875,0,3.75,3.75,49.5
73.833,0,0,0,0,1.01221,0.99997,1,3,1,1,0.820314,0,1.04688,5.00001,0,0,7.38889,7.13889,7.11112,2625.75,970,244.102,970,1045.51,14.8359,170.414,173.625,14.25,14.25,635.252,46.5,0.92,0.570667,1.6,93,3.92157,3.92157,0,-0.40625,0,3.75,3.75,49.5
73.866,0,0,0,0,1.00928,0.99997,1,3,1,1,0.820314,0,1.04688,5.00001,0,0,7.30556,7.05556,7.94445,2618.25,970,244.492,970,1042.85,14.8594,170.109,173.297,16.2656,14.25,635.252,46.5,0.976,0.584001,1.656,93,3.92157,3.92157,0,0.28125,0,3.75,3.75,49.5
73.9,0,0,0,0,1.01508,0.99997,1,3,1,1,0.820314,0,1.04688,5.00001,0,0,7.44445,7.08334,6.86112,2613.75,970,243.281,970,1045.51,14.7656,170.109,173.297,13.3828,14.25,635.252,46.5,0.908,0.600001,1.588,93,3.92157,3.92157,0,-0.40625,0,3.75,3.75,49.5
73.933,0,0,0,0,1.01056,0.99997,1,3,1,1,0.820314,0,1.04688,5.00001,0,0,7.33334,7.05556,7.83334,2617,970,243.867,970,1042.85,14.8125,169.828,173.156,15.9609,14.25,635.252,46.5,0.968,0.600001,1.648,93,3.92157,3.92157,0,-0.578125,0,3.75,3.75,49.5
73.966,0,0,0,0,1.013,0.99997,1,3,1,1,0.820314,0,1.04688,5.00001,0,0,7.30556,7.08334,7.00001,2608.5,970,241.523,970,1042.85,14.625,169.617,172.875,14.1563,14.25,633.143,46.5,0.916,0.570667,1.596,93,3.92157,3.92157,0,-0.125,0,3.75,3.75,49.5
74,0,0,0,0,1.013,0.99997,1,3,1,1,0.820314,0,1.04688,5.00001,0,0,7.19445,7.02778,7.33334,2605,970,241.25,970,1042.85,14.6016,169.617,172.875,14.8125,14.25,633.143,46.5,0.932,0.568001,1.612,93,3.92157,3.92157,0,0.234375,0,3.75,3.75,49.5
74.033,0,0,0,0,1.01398,0.99997,1,3,1,1,0.820314,0,1.04688,5.00001,0,0,7.25001,7.08334,7.55556,2594.5,970,243.477,970,1042.85,14.7656,169.172,172.078,15.2578,14.25,633.143,46.5,0.948,0.586667,1.628,93,3.92157,3.92157,0,-0.453125,0,3.75,3.75,49.5
74.066,0,0,0,0,1.01526,0.99997,1,3,1,1,0.820314,0,1.04688,5.00001,0,0,7.19445,7.00001,7.11112,2595.75,970,241.094,970,1042.85,14.5781,168.516,171.656,14.3672,14.25,633.143,46.5,0.92,0.570667,1.6,93,3.92157,3.52941,0,-0.359375,0,3.75,3.75,49.5
74.1,0,0,0,0,1.01331,0.99997,1,3,1,1,0.820314,0,1.04688,5.00001,0,0,7.19445,6.97223,6.94445,2584.75,970,242.148,970,1040.23,14.6719,168.516,171.656,14.4375,14.25,633.143,46.5,0.92,0.584001,1.6,93,3.92157,3.52941,0,0.09375,0,3.75,3.75,49.5
74.133,0,0,0,0,1.01416,0.99997,1,3,1,1,0.820314,0,1.04688,5.00001,0,0,7.13889,6.97223,7.02778,2582.5,970,241.016,970,1040.23,14.5547,167.695,171.328,14.4609,14.25,633.143,46.5,0.92,0.570667,1.6,93,3.92157,3.52941,0,-0.453125,0,3.75,3.75,49.5
74.166,0,0,0,0,1.01477,0.99997,1,3,1,1,0.820314,0,1.04688,5.00001,0,0,7.08334,6.97223,6.83334,2576.5,970,238.906,970,1040.23,14.3906,167.766,171.305,14.0625,14.25,631.072,46.5,0.904,0.562667,1.584,93,3.52941,3.52941,0,-0.328125,0,3.75,3.75,49.5
74.2,0,0,0,0,1.01489,0.99997,1,3,1,1,0.820314,0,1.04688,5.00001,0,0,7.02778,6.97223,7.00001,2571,970,238.633,970,1040.23,14.3672,167.766,171.305,14.3672,14.25,631.072,46.5,0.904,0.562667,1.584,92.25,3.92157,3.52941,0,-0.078125,0,3.75,3.75,49.5
74.233,0,0,0,0,1.01618,0.99997,1,3,1,1,0.820314,0,1.04688,5.00001,0,0,7.02778,6.91667,7.02778,2570.5,970,239.57,970,1040.23,14.4375,167.742,170.883,14.3438,14.25,631.072,46.5,0.912,0.568001,1.592,92.25,3.52941,3.52941,0,-0.34375,0,3.75,3.75,49.5
74.266,0,0,0,0,1.0141,0.99997,1,3,1,1,0.820314,0,1.04688,5.00001,0,0,6.97223,6.88889,7.08334,2561.25,970,238.477,970,1037.58,14.3438,167.273,170.508,14.4844,14.25,631.072,46.5,0.912,0.568001,1.592,92.25,3.52941,3.52941,0,-0.25,0,3.75,3.75,49.5
74.3,0,0,0,0,1.01831,0.99997,1,3,1,1,0.820314,0,1.04688,5.00001,0,0,7.02778,6.88889,7.00001,2564.75,970,238.945,970,1040.23,14.3906,167.273,170.508,14.2031,14.25,631.072,46.5,0.904,0.565334,1.572,92.25,3.52941,3.52941,0,0.03125,0,3.75,3.75,49.5
74.333,0,0,0,0,1.01599,0.99997,1,3,1,1,0.820314,0,1.04688,5.00001,0,0,6.97223,6.88889,7.50001,2550.25,970,241.133,970,1037.58,14.5547,166.922,169.758,15.7266,14.25,631.072,46.5,0.948,0.570667,1.616,92.25,3.52941,3.52941,0,0.046875,0,3.75,3.75,49.5
74.366,0,0,0,0,1.02191,0.99997,1,3,1,1,0.820314,0,1.04688,5.00001,0,0,6.97223,6.86112,5.52778,2552,970,234.883,970,1040.23,14.0625,165.938,169.406,11.1094,14.25,629.041,46.5,0.9,0.549334,1.568,92.25,3.52941,3.52941,0,-0.546875,0,3.75,3.75,49.5
74.4,0,0,0,0,1.01502,0.99997,1,3,1,1,0.820314,0,1.04688,5.00001,0,0,6.69445,6.80556,7.58334,2549,970,236.992,970,1037.58,14.2266,165.938,169.406,16.5234,14.25,629.041,46.5,0.952,0.530667,1.62,92.25,3.52941,3.52941,0,-0.171875,0,3.75,3.75,49.5
74.433,0,0,0,0,1.02283,0.99997,1,3,1,1,0.820314,0,1.04688,5.00001,0,0,7.02778,6.86112,5.86112,2538.75,970,236.641,970,1040.23,14.2031,165.797,169.125,11.6953,14.25,629.041,46.5,0.9,0.522667,1.568,92.25,3.52941,3.52941,0,0.34375,0,3.75,3.75,49.5
74.466,0,0,0,0,1.01367,0.99997,1,3,1,1,0.820314,0,1.04688,5.00001,0,0,6.86112,6.77778,7.77778,2538.5,970,237.695,970,1034.92,14.2734,165.469,168.68,16.9453,14.25,629.041,46.5,0.964,0.600001,1.632,92.25,3.52941,3.52941,0,-0.265625,0,3.75,3.75,49.5
74.5,0,0,0,0,1.02368,0.99997,1,3,1,1,0.820314,0,1.04688,5.00001,0,0,6.97223,6.83334,5.91667,2526,970,236.055,970,1040.23,14.1563,165.469,168.68,11.6016,14.25,629.041,46.5,0.9,0.565334,1.58,92.25,3.52941,3.52941,0,-0.53125,0,3.75,3.75,49.5
74.533,0,0,0,0,1.01178,0.99997,1,3,1,1,0.820314,0,1.04688,5.00001,0,0,6.63889,6.72223,6.41667,2524.75,970,232.266,970,1032.34,13.8516,165,168.281,13.9922,14.25,629.041,46.5,0.9,0.544001,1.58,92.25,3.52941,3.52941,0,0.078125,0,3.75,3.75,49.5
74.566,0,0,0,0,1.02551,0.99997,1,3,1,1,0.820314,0,1.04688,5.00001,0,0,6.91667,6.77778,5.52778,2515.75,970,234.023,970,1040.23,13.9922,164.648,168.305,10.5703,14.25,627.069,46.5,0.9,0.554667,1.58,92.25,3.52941,3.52941,0,0.015625,0,3.75,3.75,49.5
74.6,0,0,0,0,1.01221,0.99997,1,3,1,1,0.820314,0,1.04688,5.00001,0,0,6.61112,6.69445,7.05556,2512,970,232.969,970,1032.34,13.9219,164.648,168.305,15.2344,14.25,627.069,46.5,0.904,0.514667,1.584,93,3.52941,3.52941,0,-0.46875,0,3.75,3.75,49.5
74.633,0,0,0,0,1.02118,0.99997,1,3,1,1,0.820314,0,1.04688,5.00001,0,0,6.91667,6.75001,6.63889,2515.25,970,239.414,970,1037.54,14.4141,164.695,167.859,13.3594,14.25,627.069,46.5,0.9,0.592001,1.58,93,3.52941,3.52941,0,-0.046875,0,3,3,48.75
74.666,0,0,0,0,1.01361,0.99997,1,3,1,1,0.820314,0,1.04688,5.00001,0,0,6.69445,6.72223,6.88889,2505.5,970,235.156,970,1032.3,14.0859,164.273,167.602,15.2578,14.25,627.069,46.5,0.916,0.570667,1.596,93,3.52941,3.52941,0,0.03125,0,3,3,48.75
74.7,0,0,0,0,1.01978,0.99997,1,3,1,1,0.820314,0,1.04688,5.00001,0,0,6.80556,6.75001,6.61112,2504.5,970,238.125,970,1037.54,14.3203,164.273,167.602,13.2422,14.25,627.069,46.5,0.9,0.584001,1.58,93,3.52941,3.52941,0,-0.578125,0,3,3,48.75
74.733,0,0,0,0,1.01581,0.99997,1,3,1,1,0.820314,0,1.04688,5.00001,0,0,6.61112,6.69445,6.11112,2501.25,970,233.047,970,1034.92,13.9453,164.039,167.156,13.0547,14.25,627.069,46.5,0.9,0.536001,1.58,93,3.52941,3.52941,0,-0.21875,0,3,3,48.75
74.766,0,0,0,0,1.01886,0.99997,1,3,1,1,0.820314,0,1.04688,5.00001,0,0,6.86112,6.72223,6.33334,2494.25,970,238.32,970,1037.58,14.3438,163.57,166.734,12.5859,14.25,625.135,46.5,0.9,0.581334,1.58,93,3.52941,3.52941,0,0.09375,0,3,3,48.75
74.8,0,0,0,0,1.01465,0.99997,1,3,1,1,0.820314,0,1.04688,5.00001,0,0,6.63889,6.66667,6.63889,2492,970,234.805,970,1034.92,14.0859,163.57,166.734,14.1563,14.25,625.135,46.5,0.9,0.525334,1.58,93,3.52941,3.52941,0,-0.171875,0,3,3,48.75
74.833,0,0,0,0,1.01453,0.99997,1,3,1,1,0.820314,0,1.04688,5.00001,0,0,6.86112,6.66667,7.25001,2489.5,970,240.938,970,1034.88,14.5547,163.125,166.008,15.8203,14.25,625.135,46.5,0.952,0.592001,1.632,93,3.52941,3.52941,0,-0.484375,0,3,3,48.75
74.866,0,0,0,0,1.01025,0.99997,1,3,1,1,0.820314,0,1.04688,5.00001,0,0,6.69445,6.58334,7.30556,2480.75,970,238.789,970,1032.3,14.3906,162.375,165.516,15.7969,14.25,625.135,46.5,0.944,0.562667,1.624,93,3.52941,3.52941,0,0.0625,0,3,3,48.75
74.9,0,0,0,0,1.0155,0.99997,1,3,1,1,0.820314,0,1.04688,5.00001,0,0,6.80556,6.58334,6.38889,2478,970,239.18,970,1034.88,14.4375,162.375,165.516,13.7344,14.25,625.135,46.5,0.9,0.586667,1.568,92.25,3.52941,3.52941,0,0.140625,0,3,3,48.75
74.933,0,0,0,0,1.01184,0.99997,1,3,1,1,0.820314,0,1.04688,5.00001,0,0,6.69445,6.58334,6.97223,2466,970,237.539,970,1032.3,14.3203,161.906,165.094,15,14.25,625.135,46.5,0.916,0.557334,1.584,92.25,3.52941,3.52941,0,-0.453125,0,3,3,48.75
74.966,0,0,0,0,1.0141,0.99997,1,3,1,1,0.820314,0,1.04688,5.00001,0,0,6.75001,6.61112,6.58334,2466.5,970,238.125,970,1032.3,14.3906,161.461,164.672,14.0625,14.25,623.201,46.5,0.904,0.562667,1.572,92.25,3.52941,3.52941,0,-0.125,0,3,3,48.75
75,0,0,0,0,1.01404,0.99997,1,3,1,1,0.820314,0,1.04688,5.00001,0,0,6.63889,6.58334,6.91667,2464.25,970,237.617,970,1032.3,14.3438,161.461,164.672,14.7656,14.25,623.201,46.5,0.92,0.554667,1.6,92.25,3.52941,3.52941,0,0.359375,0,3,3,48.75
75.033,0,0,0,0,1.01599,0.99997,1,3,1,1,0.820314,0,1.04688,5.00001,0,0,6.69445,6.58334,6.25,2451.75,970,236.914,970,1032.3,14.2969,160.992,164.203,13.3594,14.25,623.201,46.5,0.9,0.565334,1.58,92.25,3.52941,3.13726,0,-0.203125,0,3,3,48.75
75.066,0,0,0,0,1.01654,0.99997,1,3,1,1,0.820314,0,1.04688,5.00001,0,0,6.75001,6.58334,7.02778,2454,970,238.906,970,1032.3,14.4609,160.5,163.852,15,14.25,623.201,46.5,0.924,0.576001,1.604,92.25,3.52941,3.13726,0,-0.421875,0,3,3,48.75
75.1,0,0,0,0,1.01776,0.99997,1,3,1,1,0.820314,0,1.04688,5.00001,0,0,6.69445,6.58334,6.55556,2440.25,970,236.602,970,1032.3,14.2734,160.5,163.852,14.0625,14.25,623.201,46.5,0.9,0.562667,1.58,92.25,3.52941,3.13726,0,0.234375,0,3,3,48.75
75.133,0,0,0,0,1.01825,0.99997,1,3,1,1,0.820314,0,1.04688,5.00001,0,0,6.63889,6.61112,6.80556,2437.5,970,238.398,970,1032.3,14.4375,160.125,163.336,14.4844,14.25,623.201,46.5,0.912,0.568001,1.592,92.25,3.13726,3.13726,0,0.0625,0,3,3,48.75
75.166,0,0,0,0,1.01593,0.99997,1,3,1,1,0.820314,0,1.04688,5.00001,0,0,6.63889,6.55556,6.80556,2441.5,970,237.148,970,1029.65,14.3438,159.586,162.984,15.1406,14.25,621.268,46.5,0.924,0.576001,1.604,92.25,3.13726,3.13726,0,-0.484375,0,3,3,48
75.2,0,0,0,0,1.02045,0.99997,1,3,1,1,0.820314,0,1.04688,5.00001,0,0,6.63889,6.50001,6.69445,2428.25,970,237.422,970,1032.27,14.3672,159.586,162.984,14.1094,14.25,621.268,46.5,0.904,0.570667,1.584,92.25,3.13726,3.13726,0,-0.109375,0,3,3,48.75
75.233,0,0,0,0,1.01825,0.99997,1,3,1,1,0.820314,0,1.04688,5.00001,0,0,6.55556,6.47223,6.16667,2423.25,970,235.859,970,1029.65,14.25,159.211,162.609,13.7109,14.25,621.268,46.5,0.9,0.552001,1.58,92.25,3.13726,3.13726,0,0.078125,0,3,3,48
75.266,0,0,0,0,1.01868,0.99997,1,3,1,1,0.820314,0,1.04688,5.00001,0,0,6.63889,6.50001,6.77778,2424.25,970,237.813,970,1029.65,14.4141,158.836,162.094,14.8125,14.25,621.268,46.5,0.916,0.570667,1.596,92.25,3.13726,3.13726,0,-0.234375,0,3,3,48
75.3,0,0,0,0,1.01923,0.99997,1,3,1,1,0.820314,0,1.04688,5.00001,0,0,6.55556,6.50001,5.83334,2413.25,970,232.852,970,1029.65,14.0391,158.836,162.094,12.75,14.25,621.268,46.5,0.9,0.541334,1.58,92.25,3.13726,3.13726,0,-0.09375,0,3,3,48
75.333,0,0,0,0,1.01807,0.99997,1,3,1,1,0.820314,0,1.04688,5.00001,0,0,6.50001,6.50001,6.86112,2410,970,235.352,970,1029.65,14.2266,158.273,161.719,14.8359,14.25,621.268,46.5,0.916,0.570667,1.596,92.25,3.13726,3.13726,0,-0.1875,0,3,3,48
75.366,0,0,0,0,1.01526,0.99997,1,3,1,1,0.820314,0,1.04688,5.00001,0,0,6.44445,6.50001,6.47223,2409.25,970,232.695,970,1026.99,14.0391,157.852,161.344,14.0391,14.25,619.373,46.5,0.9,0.549334,1.58,92.25,3.13726,3.13726,0,-0.109375,0,3,3,48
75.4,0,0,0,0,1.01953,0.99997,1,3,1,1,0.820314,0,1.04688,5.00001,0,0,6.55556,6.52778,6.66667,2399,970,236.563,970,1029.65,14.3438,157.852,161.344,14.4141,14.25,619.373,46.5,0.908,0.573334,1.588,92.25,3.13726,3.13726,0,-0.125,0,3,3,48
75.433,0,0,0,0,1.0174,0.99997,1,3,1,1,0.820314,0,1.04688,5.00001,0,0,6.50001,6.47223,6.19445,2395.75,970,235.313,970,1026.99,14.25,157.453,160.852,14.0625,14.25,619.373,46.5,0.9,0.557334,1.58,92.25,3.13726,3.13726,0,-0.21875,0,3,3,48
75.466,0,0,0,0,1.02057,0.99997,1,3,1,1,0.820314,0,1.04688,5.00001,0,0,6.61112,6.44445,7.11112,2398,970,238.477,970,1029.61,14.5078,156.938,160.453,15.7734,14.25,619.373,46.5,0.944,0.586667,1.624,92.25,3.13726,3.13726,0,0.0625,0,3,3,48
75.5,0,0,0,0,1.02191,0.99997,1,3,1,1,0.820314,0,1.04688,5.00001,0,0,6.50001,6.47223,6.02778,2384.25,970,233.867,970,1029.65,14.1563,156.938,160.453,12.9844,14.25,619.373,46.5,0.9,0.541334,1.58,92.25,3.13726,3.13726,0,0.0625,0,3,3,48
75.533,0,0,0,0,1.0177,0.99997,1,3,1,1,0.820314,0,1.04688,5.00001,0,0,6.44445,6.44445,6.50001,2381.5,970,234.922,970,1026.99,14.2266,156.539,159.961,14.6016,14.25,619.373,46.5,0.904,0.562667,1.584,92.25,3.13726,3.13726,0,-0.296875,0,3,3,48
75.566,0,0,0,0,1.01874,0.99997,1,3,1,1,0.820314,0,1.04688,5.00001,0,0,6.44445,6.41667,6.05556,2384.25,970,233.945,970,1026.99,14.1797,155.977,159.586,13.4531,14.25,617.459,46.5,0.9,0.546667,1.58,92.25,3.13726,3.13726,0,-0.125,0,3,3,48
75.6,0,0,0,0,1.01776,0.99997,1,3,1,1,0.820314,0,1.04688,5.00001,0,0,6.44445,6.41667,7.00001,2371.5,970,236.719,970,1026.99,14.3906,155.977,159.586,15.5156,14.25,617.459,46.5,0.932,0.570667,1.6,92.25,3.13726,3.13726,0,0.28125,0,3,3,48
75.633,0,0,0,0,1.01984,0.99997,1,3,1,1,0.820314,0,1.04688,5.00001,0,0,6.50001,6.41667,6.33334,2366.25,970,236.953,970,1026.99,14.4141,155.578,159.211,14.0625,14.25,617.459,46.5,0.904,0.562667,1.572,92.25,3.13726,3.13726,0,-0.421875,0,3,3,48
75.666,0,0,0,0,1.01923,0.99997,1,3,1,1,0.820314,0,1.04688,5.00001,0,0,6.38889,6.44445,6.44445,2367,970,235.156,970,1026.99,14.2734,155.156,158.625,14.8828,14.25,617.459,46.5,0.916,0.570667,1.584,92.25,3.13726,3.13726,0,-0.234375,0,3,3,48
75.7,0,0,0,0,1.0202,0.99997,1,3,1,1,0.820314,0,1.04688,5.00001,0,0,6.44445,6.36112,6.47223,2357.75,970,235.781,970,1026.99,14.3203,155.156,158.625,14.3203,14.25,617.459,46.5,0.904,0.565334,1.584,92.25,3.13726,3.13726,0,0.328125,0,3,3,48
75.733,0,0,0,0,1.02039,0.99997,1,3,1,1,0.820314,0,1.04688,5.00001,0,0,6.33334,6.36112,6.22223,2353.5,970,234.141,970,1026.99,14.2031,154.547,158.367,13.8047,14.25,617.459,46.5,0.9,0.549334,1.58,92.25,3.13726,3.13726,0,-0.015625,0,3,3,48
75.766,0,0,0,0,1.0177,0.99997,1,3,1,1,0.820314,0,1.04688,5.00001,0,0,6.44445,6.33334,6.55556,2353.75,970,236.094,970,1024.38,14.3672,154.266,157.852,15.1641,14.25,615.623,46.5,0.92,0.573334,1.6,92.25,3.13726,3.13726,0,-0.46875,0,3,3,48
75.8,0,0,0,0,1.021,0.99997,1,3,1,1,0.820314,0,1.04688,5.00001,0,0,6.38889,6.36112,6.22223,2342,970,232.734,970,1026.99,14.1094,154.266,157.852,13.8281,14.25,615.623,46.5,0.9,0.552001,1.58,92.25,3.13726,3.13726,0,-0.015625,0,3,3,48
75.833,0,0,0,0,1.01721,0.99997,1,3,1,1,0.820314,0,1.04688,5.00001,0,0,6.33334,6.33334,6.41667,2337.5,970,234.805,970,1024.38,14.2734,153.75,157.43,14.7891,14.25,615.623,46.5,0.912,0.570667,1.592,92.25,3.13726,3.13726,0,0.234375,0,3,3,47.25
75.866,0,0,0,0,1.01709,0.99997,1,3,1,1,0.820314,0,1.04688,5.00001,0,0,6.22223,6.27778,6.22223,2340.25,970,232.461,970,1024.38,14.1094,153.258,157.055,14.3672,14.25,615.623,46.5,0.9,0.557334,1.58,92.25,3.13726,3.13726,0,-0.25,0,3,3,47.25
75.9,0,0,0,0,1.01709,0.99997,1,3,1,1,0.820314,0,1.04688,5.00001,0,0,6.27778,6.30556,6.27778,2336.75,970,233.672,970,1024.38,14.2031,153.258,157.055,14.3203,14.25,615.623,46.5,0.9,0.565334,1.568,92.25,3.13726,3.13726,0,-0.09375,0,3,3,47.25
75.933,0,0,0,0,1.01746,0.99997,1,3,1,1,0.820314,0,1.04688,5.00001,0,0,6.27778,6.27778,6.19445,2324.5,970,233.398,970,1024.38,14.2031,152.859,156.516,14.0625,14.25,615.623,46.5,0.9,0.557334,1.568,92.25,3.13726,3.13726,0,-0.265625,0,3,3,47.25
75.966,0,0,0,0,1.0174,0.99997,1,3,1,1,0.820314,0,1.04688,5.00001,0,0,6.22223,6.25,6.05556,2326.25,970,232.109,970,1024.38,14.0859,152.297,156.234,13.6641,14.25,613.768,46.5,0.9,0.552001,1.568,92.25,3.13726,3.13726,0,0.203125,0,3,3,47.25
76,0,0,0,0,1.01685,0.99997,1,3,1,1,0.820314,0,1.04688,5.00001,0,0,6.16667,6.22223,6.41667,2323.25,970,232.305,970,1024.38,14.1094,152.297,156.234,14.5078,14.25,613.768,46.5,0.9,0.549334,1.58,92.25,3.13726,3.13726,0,-0.125,0,3,3,47.25
76.033,0,0,0,0,1.01697,0.99997,1,3,1,1,0.820314,0,1.04688,5.00001,0,0,6.16667,6.22223,5.88889,2316.75,970,231.094,970,1024.38,14.0391,151.969,155.625,13.3125,14.25,613.768,46.5,0.9,0.541334,1.58,92.25,3.13726,3.13726,0,-0.515625,0,3,3,47.25
76.066,0,0,0,0,1.01367,0.99997,1,3,1,1,0.820314,0,1.04688,5.00001,0,0,6.22223,6.19445,6.44445,2305.5,970,232.93,970,1021.72,14.1797,151.336,155.719,14.5078,14.25,613.768,46.5,0.904,0.562667,1.584,92.25,3.13726,3.13726,0,0.03125,0,3,3,47.25
76.1,0,0,0,0,1.0177,0.99997,1,3,1,1,0.820314,0,1.04688,5.00001,0,0,6.27778,6.22223,6.05556,2307.5,970,233.555,970,1024.34,14.2266,151.336,155.719,13.4531,14.25,613.768,46.5,0.9,0.570667,1.568,92.25,3.13726,3.13726,0,-0.15625,0,3,3,47.25
76.133,0,0,0,0,1.01416,0.99997,1,3,1,1,0.820314,0,1.04688,5.00001,0,0,6.16667,6.19445,6.08334,2303.75,970,231.641,970,1021.72,14.0859,151.383,155.344,14.2734,14.25,613.768,46.5,0.9,0.554667,1.568,92.25,3.13726,2.7451,0,-0.171875,0,3,3,47.25
76.166,0,0,0,0,1.01495,0.99997,1,3,1,1,0.820314,0,1.04688,5.00001,0,0,6,6.16667,5.75,2289.75,970,228.164,970,1024.38,13.8281,150.984,154.875,12.8906,14.25,611.971,46.5,0.9,0.528001,1.568,92.25,3.13726,2.7451,0,-0.21875,0,3,3,47.25
76.2,0,0,0,0,1.01044,0.99997,1,3,1,1,0.820314,0,1.04688,5.00001,0,0,6,6.08334,6,2286.5,970,228.359,970,1021.72,13.8516,150.984,154.875,14.0391,14.25,611.971,46.5,0.9,0.541334,1.588,92.25,2.7451,2.7451,0,0.09375,0,3,3,47.25
76.233,0,0,0,0,1.01184,0.99997,1,3,1,1,0.820314,0,1.04688,5.00001,0,0,6.11112,6.13889,6.08334,2289.5,970,231.875,970,1021.72,14.1328,150.492,154.359,14.0391,14.25,611.971,46.5,0.9,0.570667,1.588,92.25,3.13726,2.7451,0,-0.015625,0,3,3,47.25
76.266,0,0,0,0,1.00873,0.99997,1,3,1,1,0.820314,0,1.04688,5.00001,0,0,6,6.08334,6.38889,2278.5,970,231.016,970,1019.1,14.0625,149.953,154.125,15.3516,14.25,611.971,46.5,0.916,0.533334,1.604,92.25,2.7451,2.7451,0,-0.078125,0,3,3,47.25
76.3,0,0,0,0,1.01233,0.99997,1,3,1,1,0.820314,0,1.04688,5.00001,0,0,6.16667,6.11112,6.16667,2272.5,970,232.578,970,1021.72,14.2031,149.953,154.125,14.1563,14.25,611.971,46.5,0.9,0.570667,1.58,92.25,2.7451,2.7451,0,-0.265625,0,3,3,47.25
76.333,0,0,0,0,1.00952,0.99997,1,3,1,1,0.820314,0,1.04688,5.00001,0,0,5.97223,6.08334,5.36112,2269,970,227.695,970,1019.1,13.8281,149.672,153.516,12.3516,14.25,611.971,46.5,0.9,0.522667,1.58,92.25,2.7451,2.7451,0,0.15625,0,3,3,47.25
76.366,0,0,0,0,1.0108,0.99997,1,3,1,1,0.820314,0,1.04688,5.00001,0,0,6.16667,6.05556,6.75001,2271.25,970,234.219,970,1021.68,14.3438,149.016,152.789,15.9141,14.25,610.194,46.5,0.944,0.586667,1.624,92.25,2.7451,2.7451,0,-0.140625,0,3,3,47.25
76.4,0,0,0,0,1.01062,0.99997,1,3,1,1,0.820314,0,1.04688,5.00001,0,0,6.11112,6.08334,5.80556,2259.5,970,231.406,970,1019.1,14.1328,149.016,152.789,13.8516,14.25,610.194,46.5,0.9,0.557334,1.58,92.25,2.7451,2.7451,0,-0.453125,0,3,3,47.25
76.433,0,0,0,0,1.00958,0.99997,1,3,1,1,0.820314,0,1.04688,5.00001,0,0,6.05556,6.08334,6.50001,2254.75,970,233.789,970,1019.1,14.3203,148.289,152.461,15.3281,14.25,610.194,46.5,0.924,0.560001,1.604,92.25,2.7451,2.7451,0,0.28125,0,3,3,47.25
76.466,0,0,0,0,1.01099,0.99997,1,3,1,1,0.820314,0,1.04688,5.00001,0,0,6.05556,6.02778,5.52778,2254.5,970,230.117,970,1019.1,14.0391,147.914,151.898,13.1719,14.25,610.194,46.5,0.9,0.538667,1.58,92.25,2.7451,2.7451,0,0.015625,0,2.25,2.25,46.5
76.5,0,0,0,0,1.0094,0.99997,1,3,1,1,0.820314,0,1.04688,5.00001,0,0,5.97223,6.02778,6.05556,2251.5,970,230.508,970,1019.1,14.0625,147.914,151.898,14.2969,14.25,610.194,46.5,0.9,0.549334,1.58,92.25,2.7451,2.7451,0,-0.296875,0,2.25,2.25,46.5
76.533,0,0,0,0,1.00983,0.99997,1,3,1,1,0.820314,0,1.04688,5.00001,0,0,6.05556,6.02778,6.13889,2251,970,231.758,970,1019.1,14.1797,147.352,151.523,14.4141,14.25,610.194,46.5,0.904,0.562667,1.584,92.25,2.7451,2.7451,0,-0.1875,0,2.25,2.25,46.5
76.566,0,0,0,0,1.00891,0.99997,1,3,1,1,0.820314,0,1.04688,5.00001,0,0,5.91667,6.02778,5.83334,2238.25,970,228.594,970,1019.1,13.9219,146.906,151.711,13.8516,14.25,608.397,46.5,0.9,0.544001,1.58,92.25,2.7451,2.7451,0,0.21875,0,2.25,2.25,47.25
76.6,0,0,0,0,1.00916,0.99997,1,3,1,1,0.820314,0,1.04688,5.00001,0,0,5.97223,5.97223,5.63889,2235.25,970,229.648,970,1019.1,14.0156,146.906,151.711,13.2891,14.25,608.397,46.5,0.9,0.562667,1.58,92.25,2.7451,2.7451,0,0.203125,0,2.25,2.25,46.5
76.633,0,0,0,0,1.00842,0.99997,1,3,1,1,0.820314,0,1.04688,5.00001,0,0,5.86112,5.97223,5.80556,2232,970,227.93,970,1019.1,13.8984,147.047,151.031,13.6641,14.25,608.397,46.5,0.9,0.536001,1.58,92.25,2.7451,2.7451,0,-0.15625,0,2.25,2.25,47.25
76.666,0,0,0,0,1.00934,0.99997,1,3,1,1,0.820314,0,1.04688,5.00001,0,0,5.97223,5.97223,5.44445,2224.75,970,229.141,970,1019.06,13.9922,146.367,150.469,12.5859,14.25,608.397,46.5,0.9,0.570667,1.58,92.25,2.7451,2.7451,0,-0.234375,0,2.25,2.25,46.5
76.7,0,0,0,0,1.00568,0.99997,1,3,1,1,0.820314,0,1.04688,5.00001,0,0,5.86112,5.88889,6.05556,2221.5,970,228.867,970,1016.45,13.9922,146.367,150.469,14.625,14.25,608.397,46.5,0.9,0.536001,1.58,92.25,2.7451,2.7451,0,0.296875,0,2.25,2.25,47.25
76.733,0,0,0,0,1.00897,0.99997,1,3,1,1,0.820314,0,1.04688,5.00001,0,0,5.91667,5.94445,5.83334,2216.75,970,230.508,970,1019.06,14.1094,145.758,150.258,13.9688,14.25,608.397,46.5,0.9,0.552001,1.58,92.25,2.7451,2.7451,0,0,0,2.25,2.25,46.5
76.766,0,0,0,0,1.00513,0.99997,1,3,1,1,0.820314,0,1.04688,5.00001,0,0,5.86112,5.91667,5.80556,2211,970,228.008,970,1016.45,13.9219,145.523,149.789,13.9453,14.25,606.658,46.5,0.9,0.546667,1.58,92.25,2.7451,2.7451,0,-0.359375,0,2.25,2.25,47.25
76.8,0,0,0,0,1.00507,0.99997,1,3,1,1,0.820314,0,1.04688,5.00001,0,0,5.86112,5.91667,6.22223,2208,970,230.508,970,1016.45,14.1094,145.523,149.789,14.8594,14.25,606.658,46.5,0.908,0.562667,1.588,92.25,2.7451,2.7451,0,-0.03125,0,2.25,2.25,46.5
76.833,0,0,0,0,1.00574,0.99997,1,3,1,1,0.820314,0,1.04688,5.00001,0,0,5.80556,5.91667,5.75,2203.5,970,227.578,970,1016.45,13.8984,145.031,149.367,13.7344,14.25,606.658,46.5,0.9,0.533334,1.58,92.25,2.7451,2.7451,0,-0.015625,0,2.25,2.25,46.5
76.866,0,0,0,0,1.00525,0.99997,1,3,1,1,0.820314,0,1.04688,5.00001,0,0,5.91667,5.88889,6.22223,2198.75,970,230.703,970,1016.45,14.1563,144.563,149.086,14.8594,14.25,606.658,46.5,0.912,0.568001,1.592,92.25,2.7451,2.7451,0,-0.0625,0,2.25,2.25,46.5
76.9,0,0,0,0,1.0058,0.99997,1,3,1,1,0.820314,0,1.04688,5.00001,0,0,5.91667,5.86112,5.58334,2192,970,228.516,970,1016.45,13.9922,144.563,149.086,13.3594,14.25,606.658,46.5,0.9,0.544001,1.58,92.25,2.7451,2.7451,0,-0.140625,0,2.25,2.25,46.5
76.933,0,0,0,0,1.00183,0.99997,1,3,1,1,0.82422,0,1.04688,5.00001,0,0,5.86112,5.88889,6.25,2188.75,970,231.211,970,1013.79,14.2031,144.258,148.57,15.5859,14.25,606.658,46.5,0.924,0.554667,1.604,92.25,2.7451,2.7451,0,-0.15625,0,2.25,2.25,46.5
76.966,0,0,0,0,1.00555,0.99997,1,3,1,1,0.82715,0,1.04688,5.00001,0,0,5.86112,5.91667,5.55556,2183.5,970,228.828,970,1016.45,14.0156,143.719,148.242,13.2422,14.25,604.94,46.5,0.9,0.546667,1.58,92.25,2.7451,2.7451,0,0.296875,0,2.25,2.25,46.5
77,0,0,0,0,1.00159,0.99997,1,3,1,1,0.82715,0,1.04688,5.00001,0,0,5.80556,5.83334,6,2179.5,970,230.039,970,1013.79,14.1094,143.719,148.242,14.9766,14.25,604.94,46.5,0.912,0.546667,1.592,92.25,2.7451,2.7451,0,-0.09375,0,2.25,2.25,46.5
77.033,0,0,0,0,1.00397,0.99997,1,3,1,1,0.829347,0,1.04688,5.00001,0,0,5.75,5.80556,5.61112,2175,970,227.461,970,1016.45,13.9219,143.367,147.844,13.3828,14.25,604.94,46.5,0.9,0.538667,1.58,92.25,2.7451,2.7451,0,-0.34375,0,2.25,2.25,46.5
77.066,0,0,0,0,1.00073,0.99997,1,3,1,1,0.830812,0,1.04688,5.00001,0,0,5.80556,5.77778,5.83334,2170,970,229.258,970,1013.79,14.0859,142.922,147.375,14.3672,14.25,604.94,46.5,0.9,0.560001,1.58,92.25,2.7451,2.7451,0,-0.25,0,2.25,2.25,45.75
77.1,0,0,0,0,1.00116,0.99997,1,3,1,1,0.830812,0,1.04688,5.00001,0,0,5.80556,5.83334,5.47223,2167,970,227.813,970,1013.79,13.9688,142.922,147.375,13.4063,14.25,604.94,46.5,0.9,0.546667,1.568,92.25,2.7451,2.7451,0,0.1875,0,2.25,2.25,45.75
77.133,0,0,0,0,1.00043,0.99997,1,3,1,1,0.832277,0,1.04688,5.00001,0,0,5.86112,5.77778,6.27778,2163.5,970,231.523,970,1013.79,14.25,142.43,147.047,15.8906,14.25,604.94,46.5,0.932,0.581334,1.6,92.25,2.7451,2.7451,0,0.203125,0,2.25,2.25,45.75
77.166,0,0,0,0,1.00116,0.99997,1,3,1,1,0.833009,0,1.04688,5.00001,0,0,5.63889,5.77778,5.19445,2155,970,225.859,970,1013.79,13.8281,142.078,146.625,12.7266,14.25,603.221,46.5,0.9,0.528001,1.568,92.25,2.7451,2.7451,0,-0.328125,0,2.25,2.25,46.5
77.2,0,0,0,0,1,0.99997,1,3,1,1,0.833009,0,1.04688,5.00001,0,0,5.75,5.75,6.27778,2152.5,970,230.352,970,1013.79,14.1797,142.078,146.625,15.3281,14.25,603.221,46.5,0.916,0.570667,1.604,92.25,2.7451,2.7451,0,0.03125,0,2.25,2.25,45.75
77.233,0,0,0,0,1.00208,0.99997,1,3,1,1,0.837648,0,1.04688,5.00001,0,0,5.75,5.77778,5.61112,2147.75,970,228.711,970,1013.79,14.0625,141.633,146.109,13.6875,14.25,603.221,46.5,0.9,0.546667,1.588,92.25,2.7451,2.7451,0,0.3125,0,2.25,2.25,45.75
77.266,0,0,0,0,1.00189,0.99997,1,3,1,1,0.84131,0,1.04688,5.00001,0,0,5.80556,5.72223,5.97223,2145,970,230.547,970,1013.79,14.2031,141.094,145.922,14.4844,14.25,603.221,46.5,0.904,0.562667,1.592,92.25,2.7451,2.7451,0,-0.265625,0,2.25,2.25,45.75
77.3,0,0,0,0,1.00293,0.99997,1,3,1,1,0.84131,0,1.04688,5.00001,0,0,5.80556,5.72223,5.33334,2137,970,228.906,970,1013.79,14.0859,141.094,145.922,13.0078,14.25,603.221,46.5,0.9,0.562667,1.588,92.25,2.7451,2.7451,0,-0.015625,0,2.25,2.25,45.75
77.333,0,0,0,0,0.998902,0.99997,1,3,1,1,0.843751,0,1.04688,5.00001,0,0,5.69445,5.72223,5.94445,2132.25,970,230,970,1011.17,14.1797,140.859,145.406,15.1875,14.25,603.221,46.5,0.916,0.546667,1.604,92.25,2.7451,2.7451,0,-0.234375,0,2.25,2.25,45.75
77.366,0,0,0,0,1.00366,0.99997,1,3,1,1,0.845704,0,1.04688,5.00001,0,0,5.80556,5.72223,5.77778,2130,970,231.445,970,1013.79,14.2969,140.344,145.055,13.9688,14.25,601.522,46.5,0.9,0.557334,1.588,92.25,2.7451,2.7451,0,0.1875,0,2.25,2.25,45.75
77.4,0,0,0,0,1.00006,0.99997,1,3,1,1,0.845704,0,1.04688,5.00001,0,0,5.75,5.72223,6.19445,2124,970,232.461,970,1011.17,14.3672,140.344,145.055,15.6094,14.25,601.522,46.5,0.932,0.557334,1.612,92.25,2.7451,2.7451,0,-0.078125,0,2.25,2.25,45.75
77.433,0,0,0,0,1.00476,0.99997,1,3,1,1,0.847169,0,1.04688,5.00001,0,0,5.86112,5.72223,5.5,2121,970,232.109,970,1013.75,14.3672,139.945,144.656,13.1953,14.25,601.522,46.5,0.9,0.584001,1.58,92.25,2.7451,2.7451,0,-0.359375,0,2.25,2.25,45.75
77.466,0,0,0,0,1.00098,0.99997,1,3,1,1,0.84839,0,1.04688,5.00001,0,0,5.69445,5.66667,6.33334,2113,970,233.125,970,1011.17,14.4375,139.523,144.281,15.8672,14.25,601.522,46.5,0.944,0.562667,1.624,92.25,2.7451,2.7451,0,0.078125,0,2.25,2.25,45.75
77.5,0,0,0,0,1.0036,0.99997,1,3,1,1,0.84839,0,1.04688,5.00001,0,0,5.80556,5.69445,5.27778,2109.5,970,232.188,970,1011.17,14.3672,139.523,144.281,13.2188,14.25,601.522,46.5,0.9,0.578667,1.58,92.25,2.7451,2.7451,0,0,0,2.25,2.25,45.75
77.533,0,0,0,0,1.00031,0.99997,1,3,1,1,0.853029,0,1.04688,5.00001,0,0,5.75,5.69445,5.97223,2108,970,233.32,970,1008.52,14.4609,139.125,143.836,15.5156,14.25,601.522,46.5,0.936,0.557334,1.616,92.25,2.7451,2.7451,0,0.25,0,2.25,2.25,45.75
77.566,0,0,0,0,1.00421,0.99997,1,3,1,1,0.856447,0,1.04688,5.00001,0,0,5.75,5.63889,5,2102,970,228.828,970,1011.17,14.1328,138.656,143.625,12.3984,14.25,599.862,46.5,0.9,0.549334,1.58,92.25,2.7451,2.35294,0,-0.28125,0,2.25,2.25,45.75
77.6,0,0,0,0,1.00104,0.99997,1,3,1,1,0.856447,0,1.04688,5.00001,0,0,5.58334,5.61112,5.91667,2095,970,229.063,970,1011.17,14.1563,138.656,143.625,14.7656,14.25,599.862,46.5,0.904,0.544001,1.584,92.25,2.35294,2.35294,0,-0.140625,0,2.25,2.25,45.75
77.633,0,0,0,0,1.00177,0.99997,1,3,1,1,0.859132,0,1.04688,5.00001,0,0,5.63889,5.61112,5.52778,2090.75,970,229.375,970,1011.17,14.1797,138.398,142.992,13.8281,14.25,599.862,46.5,0.9,0.570667,1.58,92.25,2.35294,2.35294,0,0.15625,0,2.25,2.25,45.75
77.666,0,0,0,0,0.997498,0.99997,1,3,1,1,0.861329,0,1.04688,5.00001,0,0,5.52778,5.61112,6.16667,2087.5,970,229.453,970,1008.52,14.2031,137.766,142.617,16.0781,14.25,599.862,46.5,0.936,0.541334,1.616,92.25,2.35294,2.35294,0,-0.140625,0,2.25,2.25,45.75
77.7,0,0,0,0,1.0022,0.99997,1,3,1,1,0.861329,0,1.04688,5.00001,0,0,5.69445,5.63889,5.30556,2084.75,970,229.414,970,1011.13,14.2031,137.766,142.617,13.0781,14.25,599.862,46.5,0.9,0.576001,1.58,92.25,2.35294,2.35294,0,0.09375,0,2.25,2.25,45
77.733,0,0,0,0,0.998841,0.99997,1,3,1,1,0.862794,0,1.04688,5.00001,0,0,5.52778,5.58334,5.61112,2081.25,970,227.578,970,1008.52,14.0625,137.344,142.406,14.5781,14.25,599.862,46.5,0.9,0.528001,1.58,92.25,2.35294,2.35294,0,-0.09375,0,2.25,2.25,45.75
77.766,0,0,0,0,1.00128,0.99997,1,3,1,1,0.863771,0,1.04688,5.00001,0,0,5.58334,5.52778,5.63889,2074.5,970,228.789,970,1011.13,14.1563,137.109,141.984,14.5078,14.25,598.221,46.5,0.904,0.562667,1.584,92.25,2.35294,2.35294,0,0.1875,0,2.25,2.25,45
77.8,0,0,0,0,0.99817,0.99997,1,3,1,1,0.863771,0,1.04688,5.00001,0,0,5.52778,5.52778,5.44445,2067.5,970,228.008,970,1008.52,14.1094,137.109,141.984,14.0156,14.25,598.221,46.5,0.9,0.546667,1.58,92.25,2.35294,2.35294,0,0.140625,0,2.25,2.25,45
77.833,0,0,0,0,0.998475,0.99997,1,3,1,1,0.870607,0,1.04688,5.00001,0,0,5.52778,5.58334,5.58334,2064.75,970,228.32,970,1008.52,14.1328,136.688,141.422,14.2969,14.25,598.221,46.5,0.9,0.557334,1.58,92.25,2.35294,2.35294,0,-0.21875,0,2.25,2.25,45
77.866,0,0,0,0,0.998719,0.99997,1,3,1,1,0.87549,0,1.04688,5.00001,0,0,5.47223,5.52778,5.36112,2061.25,970,227.422,970,1008.52,14.0859,136.078,141.188,13.7109,14.25,598.221,46.5,0.9,0.549334,1.58,92.25,2.35294,2.35294,0,0.203125,0,2.25,2.25,45
77.9,0,0,0,0,0.997742,0.99997,1,3,1,1,0.87549,0,1.04688,5.00001,0,0,5.47223,5.52778,5.63889,2057.5,970,226.953,970,1008.52,14.0391,136.078,141.188,14.3906,14.25,598.221,46.5,0.9,0.541334,1.58,92.25,2.35294,2.35294,0,0.046875,0,2.25,2.25,45.75
77.933,0,0,0,0,0.998048,0.99997,1,3,1,1,0.879396,0,1.04688,5.00001,0,0,5.47223,5.5,5.44445,2052.5,970,226.875,970,1008.52,14.0391,135.82,140.648,13.9219,14.25,598.221,46.5,0.9,0.552001,1.58,92.25,2.35294,2.35294,0,0.359375,0,2.25,2.25,45
77.966,0,0,0,0,0.997498,0.99997,1,3,1,1,0.882081,0,1.04688,5.00001,0,0,5.47223,5.47223,5.69445,2046.75,970,226.836,970,1008.52,14.0625,135.281,140.32,14.5781,14.25,596.6,46.5,0.904,0.562667,1.584,92.25,2.35294,2.35294,0,-0.328125,0,2.25,2.25,45.75
78,0,0,0,0,0.998719,0.99997,1,3,1,1,0.882081,0,1.04688,5.00001,0,0,5.47223,5.47223,5.19445,2044,970,226.563,970,1008.52,14.0391,135.281,140.32,13.3125,14.25,596.6,46.5,0.9,0.565334,1.58,92.25,2.35294,2.35294,0,-0.359375,0,2.25,2.25,45
78.033,0,0,0,0,0.993836,0.99997,1,3,1,1,0.884279,0,1.04688,5.00001,0,0,5.30556,5.47223,4.94445,2039.5,970,222.344,970,1005.86,13.7109,134.906,139.898,12.6797,14.25,596.6,46.5,0.9,0.528001,1.58,92.25,2.35294,2.35294,0,-0.078125,0,2.25,2.25,45.75
78.066,0,0,0,0,0.996217,0.99997,1,3,1,1,0.885744,0,1.04688,5.00001,0,0,5.36112,5.41667,5.30556,2030.5,970,226.094,970,1008.52,14.0156,134.461,139.57,13.5703,14.25,596.6,46.5,0.9,0.546667,1.58,92.25,2.35294,2.35294,0,0.1875,0,2.25,2.25,45
78.1,0,0,0,0,0.995118,0.99997,1,3,1,1,0.885744,0,1.04688,5.00001,0,0,5.30556,5.41667,5.19445,2028.75,970,222.656,970,1008.52,13.7578,134.461,139.57,13.3594,14.25,596.6,46.5,0.9,0.522667,1.58,92.25,2.35294,2.35294,0,-0.140625,0,2.25,2.25,45.75
78.133,0,0,0,0,0.994019,0.99997,1,3,1,1,0.890871,0,1.04688,5.00001,0,0,5.30556,5.38889,5.44445,2024.5,970,224.688,970,1008.52,13.9219,134.109,139.195,13.8984,14.25,596.6,46.5,0.9,0.546667,1.58,92.25,2.35294,2.35294,0,-0.296875,0,2.25,2.25,45.75
78.166,0,0,0,0,0.990357,0.99997,1,3,1,1,0.894777,0,1.04688,5.00001,0,0,5.27778,5.38889,5.5,2021,970,223.555,970,1005.86,13.8281,133.711,138.797,14.7891,14.25,595.057,46.5,0.9,0.530667,1.58,92.25,2.35294,2.35294,0,0.03125,0,2.25,2.25,45.75
78.2,0,0,0,0,0.993531,0.99997,1,3,1,1,0.894777,0,1.04688,5.00001,0,0,5.30556,5.38889,5.02778,2015.75,970,222.461,970,1008.52,13.7578,133.711,138.797,12.9141,14.25,595.057,46.5,0.9,0.549334,1.588,92.25,2.35294,2.35294,0,0.125,0,2.25,2.25,45.75
78.233,0,0,0,0,0.98932,0.99997,1,3,1,1,0.897706,0,1.04688,5.00001,0,0,5.22223,5.36112,5.41667,2009,970,222.539,970,1005.86,13.7578,133.289,138.445,14.625,14.25,595.057,46.5,0.9,0.528001,1.588,92.25,2.35294,2.35294,0,0.1875,0,2.25,2.25,45.75
78.266,0,0,0,0,0.993714,0.99997,1,3,1,1,0.899904,0,1.04688,5.00001,0,0,5.30556,5.36112,5.61112,2006,970,225.859,970,1008.52,14.0391,132.914,137.93,14.3438,14.25,595.057,46.5,0.9,0.557334,1.588,92.25,2.35294,2.35294,0,-0.25,0,2.25,2.25,45.75
78.3,0,0,0,0,0.989686,0.99997,1,3,1,1,0.899904,0,1.04688,5.00001,0,0,5.27778,5.36112,4.97223,2002.25,970,223.359,970,1005.86,13.8281,132.914,137.93,13.4297,14.25,595.057,46.5,0.9,0.533334,1.58,92.25,2.35294,2.35294,0,-0.15625,0,2.25,2.25,45.75
78.333,0,0,0,0,0.993592,0.99997,1,3,1,1,0.901369,0,1.04688,5.00001,0,0,5.36112,5.36112,5.66667,1999,970,227.305,970,1008.48,14.1563,132.375,137.648,15.0938,14.25,595.057,46.5,0.916,0.570667,1.596,92.25,2.35294,2.35294,0,0.140625,0,2.25,2.25,45
78.366,0,0,0,0,0.989564,0.99997,1,3,1,1,0.902589,0,1.04688,5.00001,0,0,5.30556,5.33334,5.72223,1991.5,970,226.602,970,1005.86,14.0859,132,137.367,15.2813,13.5,593.455,46.5,0.916,0.570667,1.596,92.25,2.35294,2.35294,0,-0.078125,0,1.5,1.5,45.75
78.4,0,0,0,0,0.994813,0.99997,1,3,1,1,0.902589,0,1.04688,5.00001,0,0,5.36112,5.38889,5.11112,1987.25,970,226.914,970,1008.52,14.1094,132,137.367,12.9844,13.5,593.455,46.5,0.9,0.584001,1.58,92.25,2.35294,2.35294,0,-0.140625,0,1.5,1.5,45
78.433,0,0,0,0,0.989442,0.99997,1,3,1,1,0.907472,0,1.04688,5.00001,0,0,5.27778,5.33334,5.5,1983.75,970,226.055,970,1005.86,14.0391,131.602,136.734,14.6953,13.5,593.455,46.5,0.9,0.560001,1.58,92.25,2.35294,1.96079,0,-0.28125,0,1.5,1.5,45.75
78.466,0,0,0,0,0.994019,0.99997,1,3,1,1,0.911134,0,1.04688,5.00001,0,0,5.30556,4.91667,4.25,1979,970,223.047,970,1008.48,13.7813,130.992,136.43,10.7344,13.5,593.455,46.5,0.9,0.562667,1.58,92.25,1.96079,1.96079,0,0.3125,0,1.5,1.5,45
78.5,0,0,0,0,0.985718,0.99997,1,3,1,1,0.911134,0,1.04688,5.00001,0,0,5.05556,4.86111,5.22223,1974.75,960,220.938,965,1003.24,13.6172,130.992,136.43,14.6016,13.5,593.455,46.5,0.9,0.506667,1.58,92.25,1.96079,1.96079,0,0.109375,0,1.5,1.5,45.75
78.533,0,0,0,0,0.98932,0.99997,1,3,1,1,0.91382,0,1.04688,5.00001,0,0,5.22223,4.83334,4.88889,1968.25,960,222.852,965,1005.82,13.7578,130.734,136.102,12.8672,13.5,593.455,46.5,0.9,0.578667,1.58,92.25,1.96079,1.96079,0,-0.109375,0,1.5,1.5,45.75
78.566,0,0,0,0,0.985963,0.99997,1,3,1,1,0.915773,0,1.04688,5.00001,0,0,4.88889,4.88889,4.5,1963.5,960,215.352,965,1003.24,13.1719,130.313,135.492,12.0469,13.5,591.951,46.5,0.9,0.504001,1.58,92.25,1.96079,1.96079,0,0.015625,0,1.5,1.5,45.75
78.6,0,0,0,0,0.991151,0.99997,1,3,1,1,0.915773,0,1.04688,5.00001,0,0,5,4.88889,5.58334,1961.75,960,220.898,965,1008.52,13.5938,130.313,135.492,14.7891,13.5,591.951,46.5,0.9,0.560001,1.58,92.25,1.96079,1.96079,0,0.1875,0,1.5,1.5,45.75
78.633,0,0,0,0,0.987305,0.99997,1,3,1,1,0.917238,0,1.04688,5.00001,0,0,4.77778,4.91667,3.77778,1958.75,960,212.422,965,1003.24,12.9141,129.586,135.305,9.5625,13.5,591.951,46.5,0.9,0.461334,1.58,92.25,1.96079,1.96079,0,0.203125,0,1.5,1.5,45.75
78.666,0,0,0,0,0.981995,0.99997,1,3,1,1,0.918458,0,1.04688,5.00001,0,0,4.94445,4.80556,5.61112,1951,960,220.898,965,1003.24,13.5469,129.656,134.977,15.5156,13.5,591.951,46.5,0.908,0.570667,1.588,92.25,1.96079,1.96079,0,-0.09375,0,1.5,1.5,45.75
78.7,0,0,0,0,0.985352,0.99997,1,3,1,1,0.918458,0,1.04688,5.00001,0,0,4.83334,4.86111,4,1944,960,211.836,965,1005.86,12.8672,129.656,134.977,10.7344,13.5,591.951,46.5,0.9,0.474667,1.568,92.25,1.96079,1.96079,0,-0.390625,0,1.5,1.5,45.75
78.733,0,0,0,0,0.975648,0.99997,1,3,1,1,0.92505,0,1.04688,5.00001,0,0,4.83334,4.83334,6.11112,1939.25,960,221.406,965,1003.24,13.5703,129.258,134.367,16.9453,13.5,591.951,46.5,0.932,0.546667,1.6,92.25,1.96079,1.96079,0,-0.15625,0,1.5,1.5,45.75
78.766,0,0,0,0,0.980653,0.99997,1,3,1,1,0.930177,0,1.04688,5.00001,0,0,4.66667,4.88889,3.38889,1938.25,960,211.172,965,1003.24,12.7969,128.789,134.109,8.34375,13.5,590.506,46.5,0.9,0.442667,1.568,92.25,1.96079,1.96079,0,0.359375,0,1.5,1.5,45.75
78.8,0,0,0,0,0.972291,0.99997,1,3,1,1,0.930177,0,1.04688,5.00001,0,0,4.72223,4.77778,6.77778,1936,960,222.305,965,1005.82,13.6406,128.789,134.109,19.3828,13.5,590.506,46.5,0.992,0.517334,1.672,92.25,1.96079,1.96079,0,-0.078125,0,1.5,1.5,46.5
78.833,0,0,0,0,0.979554,0.99997,1,3,1,1,0.934083,0,1.04688,5.00001,0,0,4.77778,4.86111,3.47222,1934.5,960,215.156,965,1005.86,13.0781,128.555,133.852,8.50781,13.5,590.506,46.5,0.9,0.450667,1.58,92.25,1.96079,1.96079,0,-0.203125,0,1.5,1.5,45.75
78.866,0,0,0,0,0.965882,0.99997,1,3,1,1,0.936769,0,1.04688,5.00001,0,0,4.83334,4.72223,6.27778,1921.75,960,223.281,965,1003.2,13.6875,128.273,133.359,17.3672,13.5,590.506,46.5,0.956,0.568001,1.636,92.25,1.96079,1.96079,0,-0.34375,0,1.5,1.5,45.75
78.9,0,0,0,0,0.978394,0.99997,1,3,1,1,0.936769,0,1.04688,5.00001,0,0,4.88889,4.86111,3.33334,1917,960,212.617,965,1008.48,12.8672,128.273,133.359,8.20313,13.5,590.506,46.5,0.9,0.512001,1.58,92.25,1.96079,1.96079,0,0.15625,0,1.5,1.5,45.75
78.933,0,0,0,0,0.957886,0.99997,1,3,1,1,0.938966,0,1.04688,5.00001,0,0,4.66667,4.72223,6.36112,1914.5,960,221.523,965,1000.59,13.5469,127.852,132.914,18.3984,13.5,590.506,46.5,0.972,0.509334,1.652,92.25,1.96079,1.96079,0,0.296875,0,1.5,1.5,46.5
78.966,0,0,0,0,0.970399,0.99997,1,3,1,1,0.940431,0,1.04688,5.00001,0,0,4.83334,4.77778,3.80556,1912.25,960,218.828,965,1005.86,13.3359,127.523,132.703,9.9375,13.5,589.139,46.5,0.9,0.480001,1.58,92.25,1.96079,1.96079,0,0.1875,0,1.5,1.5,45.75
79,0,0,0,0,0.958924,0.99997,1,3,1,1,0.940431,0,1.04688,5.00001,0,0,4.66667,4.75,5.41667,1909,960,217.305,965,1003.24,13.2188,127.523,132.703,15.1875,13.5,589.139,46.5,0.9,0.469334,1.58,92.25,1.96079,1.96079,0,-0.28125,0,1.5,1.5,46.5
79.033,0,0,0,0,0.962281,0.99997,1,3,1,1,0.945558,0,1.04688,5.00001,0,0,4.83334,4.75,4.38889,1901.5,960,220.078,965,1005.86,13.4063,127.313,132.469,11.6719,13.5,589.139,46.5,0.9,0.504001,1.58,92.25,1.96079,1.96079,0,0.09375,0,1.5,1.5,45.75
79.066,0,0,0,0,0.954407,0.99997,1,3,1,1,0.949464,0,1.04688,5.00001,0,0,4.72223,4.72223,5.13889,1897.25,960,216.992,965,1003.24,13.1719,127.055,131.93,14.5547,13.5,589.139,46.5,0.9,0.536001,1.58,92.25,1.96079,1.96079,0,0.1875,0,1.5,1.5,46.5
79.1,0,0,0,0,0.965333,0.99997,1,3,1,1,0.949464,0,1.04688,5.00001,0,0,4.88889,4.77778,5.08334,1895.25,960,223.672,965,1008.52,13.6641,127.055,131.93,13.6641,13.5,589.139,46.5,0.9,0.597334,1.58,92.25,1.96079,1.96079,0,0.203125,0,1.5,1.5,45.75
79.133,0,0,0,0,0.954774,0.99997,1,3,1,1,0.952394,0,1.04688,5.00001,0,0,4.66667,4.75,4.30556,1890,960,216.289,965,1000.59,13.1016,126.633,131.578,12.4453,13.5,589.139,46.5,0.9,0.506667,1.58,92.25,1.96079,1.96079,0,-0.234375,0,1.5,1.5,45.75
79.166,0,0,0,0,0.962525,0.99997,1,3,1,1,0.954591,0,1.04688,5.00001,0,0,4.94445,4.77778,3.97223,1883.5,960,220.469,965,1005.86,13.4063,126.328,131.25,10.5703,13.5,587.772,46.5,0.9,0.568001,1.58,92.25,1.96079,1.96079,0,-0.21875,0,1.5,1.5,45.75
79.2,0,0,0,0,0.956483,0.99997,1,3,1,1,0.954591,0,1.04688,5.00001,0,0,4.63889,4.72223,5.33334,1876.75,960,219.141,965,1003.24,13.3125,126.328,131.25,15.2109,13.5,587.772,46.5,0.9,0.480001,1.568,92.25,1.96079,1.96079,0,0.09375,0,0.75,0.75,45.75
79.233,0,0,0,0,0.958802,0.99997,1,3,1,1,0.956056,0,1.04688,5.00001,0,0,4.88889,4.72223,6.25,1874.5,960,225.859,965,1005.82,13.8047,126,130.734,17.7188,13.5,587.772,46.5,0.964,0.600001,1.632,92.25,1.96079,1.96079,0,0.34375,0,0.75,0.75,45.75
79.266,0,0,0,0,0.954591,0.99997,1,3,1,1,0.957277,0,1.04688,5.00001,0,0,4.72223,4.75,4.83334,1871.75,960,219.258,965,1003.24,13.2891,125.625,130.5,13.875,13.5,587.772,46.5,0.9,0.528001,1.568,92.25,1.96079,1.96079,0,0.1875,0,0.75,0.75,45.75
79.3,0,0,0,0,0.954407,0.99997,1,3,1,1,0.957277,0,1.04688,5.00001,0,0,4.94445,4.72223,5.22223,1867.5,970,228.359,970,1003.24,13.9922,125.625,130.5,14.6953,13.5,587.772,47.25,0.904,0.613334,1.584,92.25,1.96079,1.96079,0,0.015625,0,0.75,0.75,45.75
79.333,0,0,0,0,0.957764,0.99997,1,3,1,1,0.96216,0,1.04688,5.00001,0,0,4.77778,4.72223,4.44445,1863.5,970,220.625,970,1005.86,13.3828,125.438,130.242,12.2109,13.5,587.772,47.25,0.9,0.488001,1.58,92.25,1.96079,1.96079,0,0.078125,0,0.75,0.75,45.75
79.366,0,0,0,0,0.957825,0.99997,1,3,1,1,0.965822,0,1.04688,5.00001,0,0,4.94445,4.69445,5.72223,1855,970,229.961,970,1008.48,14.0859,125.156,129.773,16.4531,13.5,586.385,47.25,0.952,0.592001,1.632,92.25,1.96079,1.96079,0,0.375,0,0.75,0.75,45.75
79.4,0,0,0,0,0.956788,0.99997,1,3,1,1,0.965822,0,1.04688,5.00001,0,0,4.77778,4.72223,4.19445,1850,970,221.836,970,1005.86,13.4766,125.156,129.773,11.7188,13.5,586.385,46.5,0.9,0.498667,1.58,91.5,1.96079,1.96079,0,0.3125,0,0.75,0.75,45.75
79.433,0,0,0,0,0.952515,0.99997,1,3,1,1,0.968507,0,1.04688,5.00001,0,0,4.83334,4.72223,6.05556,1848.25,970,232.383,970,1003.24,14.25,124.734,129.305,17.5313,13.5,586.385,46.5,0.98,0.610667,1.66,91.5,1.96079,1.96079,0,-0.203125,0,0.75,0.75,45.75
79.466,0,0,0,0,0.954713,0.99997,1,3,1,1,0.97046,0,1.04688,5.00001,0,0,4.77778,4.72223,3.91667,1846,970,224.219,970,1003.24,13.6172,124.406,129.164,10.875,13.5,586.385,46.5,0.9,0.498667,1.58,91.5,1.96079,1.96079,0,0.25,0,0.75,0.75,45.75
79.5,0,0,0,0,0.953858,0.99997,1,3,1,1,0.97046,0,1.04688,5.00001,0,0,4.83334,4.69445,6.11112,1842.25,970,232.383,970,1005.82,14.25,124.406,129.164,17.6953,13.5,586.385,47.25,0.984,0.562667,1.664,92.25,1.96079,1.96079,0,0.078125,0,0.75,0.75,45.75
79.533,0,0,0,0,0.958619,0.99997,1,3,1,1,0.971925,0,1.04688,5.00001,0,0,4.77778,4.75,4.02778,1835,970,226.602,970,1005.86,13.8047,124.195,128.742,11.2266,13.5,586.385,47.25,0.9,0.506667,1.58,92.25,1.96079,1.96079,0,0.359375,0,0.75,0.75,45
79.566,0,0,0,0,0.955262,0.99997,1,3,1,1,0.973146,0,1.04688,5.00001,0,0,4.88889,4.72223,5.80556,1830,970,231.992,970,1003.24,14.1797,123.844,128.227,16.8984,13.5,584.979,47.25,0.964,0.600001,1.644,92.25,1.96079,1.96079,0,0.0625,0,0.75,0.75,45.75
79.6,0,0,0,0,0.961732,0.99997,1,3,1,1,0.973146,0,1.04688,5.00001,0,0,4.94445,4.75,4.38889,1825.75,970,230.156,970,1005.86,14.0391,123.844,128.227,12.1875,13.5,584.979,47.25,0.9,0.576001,1.58,92.25,1.96079,1.96079,0,-0.015625,0,0.75,0.75,45
79.633,0,0,0,0,0.955689,0.99997,1,3,1,1,0.979738,0,1.04688,5.00001,0,0,4.83334,4.72223,5.22223,1823,970,229.375,970,1003.24,13.9688,123.375,127.969,15.3516,13.5,584.979,47.25,0.916,0.570667,1.596,92.25,1.96079,1.96079,0,0,0,0.75,0.75,45.75
79.666,0,0,0,0,0.963441,0.99997,1,3,1,1,1,0,1.04688,5.00001,0,0,4.88889,4.69445,4.22223,1815.75,970,227.891,970,1005.86,13.8516,123.164,127.594,11.8828,13.5,584.979,47.25,0.9,0.549334,1.58,92.25,1.96079,1.56863,0,0.53125,0,0.75,0.75,45
79.7,0,0,0,0,0.958253,0.99997,1,3,1,1,1,0,1.04688,5.00001,0,0,4.77778,4.66667,4.52778,1812.75,970,226.367,970,1003.24,13.7344,123.164,127.594,12.8672,13.5,584.979,47.25,0.9,0.517334,1.568,92.25,1.96079,1.56863,0,0.390625,0,0.75,0.75,45.75
79.733,0,0,0,0,0.961488,0.99997,1,3,1,1,1,0,1.04688,5.00001,0,0,4.83334,4.66667,5.25,1806.5,970,231.719,970,1005.86,14.1328,122.789,127.078,14.9531,13.5,584.979,47.25,0.916,0.570667,1.584,92.25,1.96079,1.56863,0,0.234375,0,0.75,0.75,45
79.766,0,0,0,0,0.958375,0.99997,1,3,1,1,1,0,1.04688,5.00001,0,0,4.63889,4.66667,5.30556,1804.25,970,228.008,970,1003.24,13.8516,122.461,126.891,15.8672,13.5,583.592,47.25,0.924,0.504001,1.592,92.25,1.96079,1.56863,0,-0.078125,0,0.75,0.75,45.75
79.8,0,0,0,0,0.961854,0.99997,1,3,1,1,1,0,1.04688,5.00001,0,0,4.72223,4.61111,6.02778,1803.5,970,234.141,970,1005.82,14.2969,122.461,126.891,17.8594,13.5,583.592,47.25,0.992,0.576001,1.672,91.5,1.96079,1.56863,0,0.1875,0,0.75,0.75,45.75
79.833,0,0,0,0,0.963258,0.99997,1,3,1,1,1,0,1.04688,5.00001,0,0,4.63889,4.63889,3.47222,1794.5,970,224.531,970,1003.24,13.5703,122.273,126.609,9.89063,13.5,583.592,47.25,0.9,0.485334,1.58,91.5,1.96079,1.56863,0,0.453125,0,0.75,0.75,45
79.866,0,0,0,0,0.960206,0.99997,1,3,1,1,1,0,1.04688,5.00001,0,0,4.83334,4.58334,4.52778,1782,970,232.227,970,1005.82,14.1328,121.898,125.836,12.8203,13.5,583.592,47.25,0.9,0.632001,1.58,91.5,1.56863,1.56863,0,0.671875,0,0.75,0.75,45
79.9,0,0,0,0,0.959595,0.99997,1,3,1,1,1,0,1.04688,5.00001,0,0,4.77778,4.55556,3.41667,1778.75,970,224.492,970,1003.24,13.5469,121.898,125.836,9.09375,13.5,583.592,47.25,0.9,0.536001,1.58,92.25,1.56863,1.56863,0,0.15625,0,0.75,0.75,45
79.933,0,0,0,0,0.953309,0.99997,1,3,1,1,1,0,1.04688,5.00001,0,0,4.77778,4.5,6.19445,1779.25,970,232.656,970,1005.82,14.1328,121.289,125.414,18.5625,13.5,583.592,47.25,1,0.621334,1.68,92.25,1.56863,1.56863,0,-0.125,0,0.75,0.75,45.75
79.966,0,0,0,0,0.957215,0.99997,1,3,1,1,1,0,1.04688,5.00001,0,0,4.58334,4.47223,3.25,1780.5,970,223.906,970,1003.24,13.5,121.078,125.555,8.69531,13.5,582.225,47.25,0.9,0.466667,1.58,92.25,1.56863,1.56863,0,0.15625,0,0.75,0.75,45
80,0,0,0,0,0.950379,0.99997,1,3,1,1,1,0,1.04688,5.00001,0,0,4.47223,4.41667,5.94445,1779,970,229.492,970,1003.2,13.8984,121.078,125.555,18.5156,13.5,582.225,47.25,0.988,0.506667,1.656,91.5,1.56863,1.56863,0,0.484375,0,0.75,0.75,45.75
80.033,0,0,0,0,0.963013,0.99997,1,3,1,1,1,0,1.04688,5.00001,0,0,4.52778,4.47223,3.41667,1771,970,224.805,970,1008.52,13.5469,121.172,125.25,9.04688,13.5,582.225,47.25,0.9,0.474667,1.568,91.5,1.56863,1.56863,0,0.609375,0,0.75,0.75,45
80.066,0,0,0,0,0.948182,0.99997,1,3,1,1,1,0,1.04688,5.00001,0,0,4.58334,4.38889,5.75,1759.5,970,226.602,970,1003.2,13.6641,120.867,124.758,18.1641,13.5,582.225,47.25,0.972,0.605334,1.64,91.5,1.56863,1.56863,0,0.21875,0,0.75,0.75,45.75
80.1,0,0,0,0,0.961549,0.99997,1,3,1,1,1,0,1.04688,5.00001,0,0,4.72223,4.47223,3.69445,1755.5,970,227.461,970,1008.52,13.7344,120.867,124.758,9.98438,13.5,582.225,47.25,0.9,0.624001,1.58,92.25,1.56863,1.56863,0,0.0625,0,0,0,45
80.133,0,0,0,0,0.942017,0.99997,1,3,1,1,1,0,1.04688,5.00001,0,0,4.52778,4.38889,5.55556,1755.75,970,226.328,970,1000.59,13.6406,120.398,124.172,17.7422,13.5,582.225,47.25,0.96,0.597334,1.64,92.25,1.56863,1.56863,0,0.09375,0,0,0,46.5
80.166,0,0,0,0,0.953248,0.99997,1,3,1,1,1,0,1.04688,5.00001,0,0,4.66667,4.41667,4.16667,1753.75,970,231.992,970,1008.52,14.0625,120,124.125,11.9297,13.5,580.916,47.25,0.9,0.525334,1.58,92.25,1.56863,1.56863,0,0.484375,0,0,0,45
80.2,0,0,0,0,0.940308,0.99997,1,3,1,1,1,0,1.04688,5.00001,0,0,4.41667,4.36111,4.69445,1747.5,970,224.766,970,1003.24,13.5234,120,124.125,14.5078,13.5,580.916,47.25,0.9,0.456001,1.58,91.5,1.56863,1.56863,0,0.203125,0,0,0,45.75
80.233,0,0,0,0,0.941163,0.99997,1,3,1,1,1,0,1.04688,5.00001,0,0,4.66667,4.36111,4.66667,1740.5,970,233.047,970,1005.86,14.1094,119.93,123.773,13.5703,13.5,580.916,47.25,0.9,0.637334,1.58,91.5,1.56863,1.56863,0,-0.03125,0,0,0,45.75
80.266,0,0,0,0,0.940186,0.99997,1,3,1,1,1,0,1.04688,5.00001,0,0,4.36111,4.36111,4.11111,1734.75,970,222.93,970,1005.86,13.3594,119.602,123.305,12.2813,13.5,580.916,47.25,0.9,0.514667,1.58,91.5,1.56863,1.56863,0,-0.125,0,0,0,45.75
80.3,0,0,0,0,0.935181,0.99997,1,3,1,1,1,0,1.04688,5.00001,0,0,4.63889,4.36111,5.22223,1732.25,970,235.352,970,1003.24,14.2734,119.602,123.305,16.0078,13.5,580.916,47.25,0.944,0.634667,1.624,92.25,1.56863,1.56863,0,0.171875,0,0,0,45.75
80.333,0,0,0,0,0.944337,0.99997,1,3,1,1,1,0,1.04688,5.00001,0,0,4.47223,4.38889,3.27778,1731.5,970,227.109,970,1005.86,13.6641,119.25,123.047,8.90625,13.5,580.916,47.25,0.9,0.474667,1.58,92.25,1.56863,1.56863,0,0.4375,0,0,0,45
80.366,0,0,0,0,0.937012,0.99997,1,3,1,1,1,0,1.04688,5.00001,0,0,4.58334,4.36111,5.25,1724.5,970,235.859,970,1003.24,14.2969,119.063,122.789,16.1484,13.5,579.608,47.25,0.948,0.632001,1.628,92.25,1.56863,1.56863,0,0.34375,0,0,0,45.75
80.4,0,0,0,0,0.946107,0.99997,1,3,1,1,1,0,1.04688,5.00001,0,0,4.47223,4.41667,3.13889,1720.75,970,226.953,970,1005.86,13.6406,119.063,122.789,12.1641,13.5,579.608,47.25,0.9,0.466667,1.58,91.5,1.56863,1.56863,0,-0.046875,0,0,0,45
80.433,0,0,0,0,0.938355,0.99997,1,3,1,1,1,0,1.04688,5.00001,0,0,4.63889,4.33334,6.30556,1714,970,235.195,970,1005.82,14.2031,118.523,122.344,20.3203,13.5,579.608,47.25,1.04,0.645334,1.72,91.5,1.56863,1.56863,0,0,0,0,0,45.75
80.466,0,0,0,0,0.947999,0.99997,1,3,1,1,1,0,1.04688,5.00001,0,0,4.47223,4.38889,3.22222,1710.25,970,229.102,970,1005.86,13.7344,118.453,122.016,8.97656,13.5,579.608,47.25,0.9,0.477334,1.58,91.5,1.56863,1.56863,0,0.25,0,0,0,45
80.5,0,0,0,0,0.938355,0.99997,1,3,1,1,1,0,1.04688,5.00001,0,0,4.36111,4.33334,5.77778,1709.25,970,234.531,970,1003.2,14.1328,118.453,122.016,18.8438,13.5,579.608,47.25,1.008,0.512001,1.688,92.25,1.56863,1.56863,0,0.53125,0,0,0,45.75
80.533,0,0,0,0,0.950928,0.99997,1,3,1,1,1,0,1.04688,5.00001,0,0,4.47223,4.38889,3.25,1705.5,970,229.609,970,1008.52,13.7578,118.242,121.875,8.97656,13.5,579.608,47.25,0.9,0.474667,1.58,92.25,1.56863,1.56863,0,0.40625,0,0,0,45
80.566,0,0,0,0,0.940186,0.99997,1,3,1,1,1,0,1.04688,5.00001,0,0,4.58334,4.27778,6.02778,1697.75,970,236.094,970,1003.2,14.2266,118.125,121.594,19.6641,13.5,578.338,47.25,1.028,0.637334,1.708,92.25,1.56863,1.56863,0,-0.09375,0,0,0,45.75
80.6,0,0,0,0,0.953248,0.99997,1,3,1,1,1,0,1.04688,5.00001,0,0,4.63889,4.33334,3.33334,1690,970,230.742,970,1008.52,13.8281,118.125,121.594,9.30469,13.5,578.338,47.25,0.9,0.589334,1.58,91.5,1.56863,1.56863,0,0.015625,0,0,0,45
80.633,0,0,0,0,0.938721,0.99997,1,3,1,1,1,0,1.04688,5.00001,0,0,4.30556,4.25,5.94445,1686.25,970,236.094,970,1000.59,14.2031,117.797,121.031,19.5,13.5,578.338,47.25,1.028,0.504001,1.708,91.5,1.56863,1.56863,0,0.421875,0,0,0,45.75
80.666,0,0,0,0,0.952698,0.99997,1,3,1,1,1,0,1.04688,5.00001,0,0,4.63889,4.27778,3.16667,1685.75,970,230.625,970,1008.52,13.8047,117.398,120.797,8.78906,13.5,578.338,47.25,0.9,0.600001,1.58,91.5,1.56863,1.56863,0,0.5625,0,0,0,45
80.7,0,0,0,0,0.937073,0.99997,1,3,1,1,1,0,1.04688,5.00001,0,0,4.30556,4.19445,3.72223,1683.5,970,226.914,970,1000.59,13.5234,117.398,120.797,11.3906,13.5,578.338,47.25,0.9,0.504001,1.58,91.5,1.56863,1.56863,0,0.609375,0,0,0,45.75
80.733,0,0,0,0,0.949403,0.99997,1,3,1,1,1,0,1.04688,5.00001,0,0,4.58334,4.16667,5.30556,1678.75,970,239.219,970,1008.48,14.4141,117.234,120.609,16.7578,13.5,578.338,47.25,0.976,0.605334,1.656,91.5,1.56863,1.56863,0,-0.078125,0,0,0,45.75
80.766,0,0,0,0,0.937073,0.99997,1,3,1,1,1,0,1.04688,5.00001,0,0,4.25,4.19445,3.47222,1672.5,970,225.977,970,1000.59,13.4297,117.07,120.211,10.6641,13.5,577.01,47.25,0.9,0.493334,1.58,91.5,1.56863,1.56863,0,0.140625,0,-0.75,-0.75,45.75
80.8,0,0,0,0,0.942933,0.99997,1,3,1,1,1,0,1.04688,5.00001,0,0,4.41667,4.11111,5.52778,1665,970,240.547,970,1008.48,14.5078,117.07,120.211,18.1875,13.5,577.01,47.25,1.024,0.626667,1.704,92.25,1.56863,1.56863,0,0.140625,0,-0.75,-0.75,45.75
80.833,0,0,0,0,0.941041,0.99997,1,3,1,1,1,0,1.04688,5.00001,0,0,4.36111,4.13889,3.58334,1661,970,227.148,970,1005.86,13.5,116.672,119.836,10.9922,13.5,577.01,47.25,0.9,0.477334,1.58,92.25,1.56863,1.56863,0,0.5,0,-0.75,-0.75,45.75
80.866,0,0,0,0,0.933289,0.99997,1,3,1,1,1,0,1.04688,5.00001,0,0,4.47223,4.13889,4.52778,1658.5,970,237.617,970,1003.24,14.2734,116.438,119.602,14.4375,13.5,577.01,47.25,0.916,0.565334,1.596,92.25,1.56863,1.56863,0,0.609375,0,-0.75,-0.75,45
80.9,0,0,0,0,0.929871,0.99997,1,3,1,1,1,0,1.04688,5.00001,0,0,4.19445,4.08334,3.88889,1653.5,970,225.586,970,1003.24,13.3828,116.438,119.602,12.6797,13.5,577.01,47.25,0.9,0.450667,1.568,91.5,1.56863,1.56863,0,0.140625,0,-0.75,-0.75,45.75
80.933,0,0,0,0,0.924012,0.99997,1,3,1,1,1,0,1.04688,5.00001,0,0,4.47223,4.05556,6.33334,1651.5,970,238.125,970,1005.82,14.2969,116.227,119.297,21.5859,13.5,577.01,47.25,1.084,0.669334,1.752,91.5,1.56863,1.56863,0,-0.0625,0,-0.75,-0.75,45.75
80.966,0,0,0,0,0.927552,0.99997,1,3,1,1,1,0,1.04688,5.00001,0,0,4.19445,4.13889,2.69445,1645,970,226.406,970,1000.59,13.4297,115.945,118.898,7.47656,13.5,575.741,47.25,0.9,0.453334,1.568,91.5,1.56863,1.56863,0,0.125,0,-0.75,-0.75,45.75
81,0,0,0,0,0.918946,0.99997,1,3,1,1,1,0,1.04688,5.00001,0,0,4.25,4.02778,6.63889,1639.75,970,242.734,970,1005.82,14.625,115.945,118.898,22.5234,13.5,575.741,47.25,1.12,0.560001,1.8,92.25,1.56863,1.56863,0,0.515625,0,-0.75,-0.75,45.75
81.033,0,0,0,0,0.929932,0.99997,1,3,1,1,1,0,1.04688,5.00001,0,0,4.47223,4.11111,2.58334,1638,970,229.219,970,1008.52,13.6172,115.664,118.641,7.05469,13.5,575.741,47.25,0.9,0.557334,1.58,92.25,1.56863,1.56863,0,0.625,0,-0.75,-0.75,45
81.066,0,0,0,0,0.905274,0.99997,1,3,1,1,1,0,1.04688,5.00001,0,0,4.58334,3.97223,6.55556,1633.5,970,244.727,970,997.969,14.7422,115.477,118.453,22.2891,13.5,575.741,47.25,1.124,0.693334,1.804,92.25,1.56863,1.56863,0,0.484375,0,-0.75,-0.75,45.75
81.1,0,0,0,0,0.924744,0.99997,1,3,1,1,1,0,1.04688,5.00001,0,0,4.47223,4.05556,3.94445,1630.25,970,240.273,970,1008.52,14.4141,115.477,118.453,11.8359,13.5,575.741,47.25,0.9,0.536001,1.58,91.5,1.56863,1.56863,0,-0.015625,0,-0.75,-0.75,45
81.133,0,0,0,0,0.90088,0.99997,1,3,1,1,1,0,1.04688,5.00001,0,0,4.30556,4,4.77778,1623.5,970,234.063,970,997.969,13.9453,115.266,118.008,16.2656,13.5,575.741,47.25,0.948,0.584001,1.628,91.5,1.56863,1.56863,0,0.15625,0,-0.75,-0.75,45.75
81.166,0,0,0,0,0.919617,0.99997,1,3,1,1,1,0,1.04688,5.00001,0,0,4.41667,4.05556,3.86111,1617.75,970,240.273,970,1005.86,14.3906,114.938,117.75,11.6719,13.5,574.51,47.25,0.9,0.530667,1.58,91.5,1.56863,1.56863,0,0.265625,0,-0.75,-0.75,45
81.2,0,0,0,0,0.906861,0.99997,1,3,1,1,1,0,1.04688,5.00001,0,0,4.19445,4,5.08334,1613.5,970,236.367,970,1000.59,14.1094,114.938,117.75,17.2266,13.5,574.51,47.25,0.976,0.472001,1.656,91.5,1.56863,1.56863,0,0.546875,0,-0.75,-0.75,45.75
81.233,0,0,0,0,0.910889,0.99997,1,3,1,1,1,0,1.04688,5.00001,0,0,4.52778,3.97223,6.08334,1611.75,970,246.758,970,1005.82,14.8594,114.703,117.398,20.9063,13.5,574.51,47.25,0.9,0.674668,1.58,91.5,1.56863,1.56863,0,0.28125,0,-0.75,-0.75,45.75
81.266,0,0,0,0,0.901368,0.99997,1,3,1,1,1,0,1.04688,5.00001,0,0,4.19445,3.97223,5.05556,1606.5,970,237.461,970,1000.59,14.1797,114.469,117.211,17.1563,13.5,574.51,47.25,0.984,0.482667,1.664,91.5,1.56863,1.56863,0,0.09375,0,-0.75,-0.75,45.75
81.3,0,0,0,0,0.906617,0.99997,1,3,1,1,1,0,1.04688,5.00001,0,0,4.30556,3.97223,5.72223,1604.5,970,245.078,970,1005.82,14.7188,114.469,117.211,19.1719,13.5,574.51,47.25,1.056,0.605334,1.736,91.5,1.56863,1.56863,0,0.09375,0,-0.75,-0.75,45.75
81.333,0,0,0,0,0.909913,0.99997,1,3,1,1,1,0,1.04688,5.00001,0,0,4.13889,4,3.33334,1597.5,970,231.875,970,1005.86,13.7578,114.234,116.789,10.3125,13.5,574.51,47.25,0.9,0.498667,1.58,91.5,1.56863,1.56863,0,0.34375,0,-0.75,-0.75,45
81.366,0,0,0,0,0.900208,0.99997,1,3,1,1,1,0,1.04688,5.00001,0,0,4.52778,3.94445,5.5,1591,970,247.93,970,1000.59,14.9297,113.977,116.484,18.5156,13.5,573.299,47.25,1.048,0.645334,1.728,91.5,1.56863,1.56863,0,0.5625,0,-1.5,-1.5,45
81.4,0,0,0,0,0.906068,0.99997,1,3,1,1,1,0,1.04688,5.00001,0,0,4.30556,4,3.58334,1586.75,970,236.641,970,1003.24,14.0859,113.977,116.484,11.7422,13.5,573.299,47.25,0.9,0.514667,1.58,91.5,1.56863,1.56863,0,0.3125,0,-1.5,-1.5,45
81.433,0,0,0,0,0.898377,0.99997,1,3,1,1,1,0,1.04688,5.00001,0,0,4.47223,3.94445,6.05556,1586,970,247.422,970,1000.55,14.8828,113.766,116.109,21.1406,13.5,573.299,47.25,1.108,0.680001,1.788,91.5,1.56863,1.56863,0,0.09375,0,-1.5,-1.5,45.75
81.466,0,0,0,0,0.911561,0.99997,1,3,1,1,1,0,1.04688,5.00001,0,0,4.25,4.02778,2.94445,1582.5,970,239.375,970,1003.24,14.2969,113.461,115.992,8.76563,13.5,573.299,47.25,0.9,0.490667,1.58,91.5,1.56863,1.56863,0,0.0625,0,-1.5,-1.5,45
81.5,0,0,0,0,0.89618,0.99997,1,3,1,1,1,0,1.04688,5.00001,0,0,4.19445,3.94445,6,1575.5,970,247.227,970,997.969,14.8828,113.461,115.992,21,13.5,573.299,47.25,1.096,0.536001,1.776,91.5,1.56863,1.56863,0,0.203125,0,-1.5,-1.5,45.75
81.533,0,0,0,0,0.910035,0.99997,1,3,1,1,1,0,1.04688,5.00001,0,0,4.41667,3.97223,4.19445,1572.75,970,245.234,970,1005.86,14.7422,113.344,115.57,13.5938,13.5,573.299,47.25,0.924,0.568001,1.604,91.5,1.56863,1.56863,0,0.453125,0,-1.5,-1.5,45
81.566,0,0,0,0,0.901246,0.99997,1,3,1,1,1,0,1.04688,5.00001,0,0,4.25,4,4.77778,1567.75,970,240.742,970,997.969,14.4141,113.016,115.195,16.5,13.5,572.069,47.25,0.972,0.597334,1.652,91.5,1.56863,1.56863,0,0.484375,0,-1.5,-1.5,45.75
81.6,0,0,0,0,0.91504,0.99997,1,3,1,1,1,0,1.04688,5.00001,0,0,4.47223,4.02778,3.44445,1562.25,970,244.727,970,1003.24,14.6953,113.016,115.195,11.1094,13.5,572.069,47.25,0.9,0.685334,1.568,91.5,1.56863,1.17647,0,0.390625,0,-2.25,-2.25,44.25
81.633,0,0,0,0,0.903321,0.99997,1,3,1,1,1,0,1.04688,5.00001,0,0,4.19445,4,5.41667,1559.25,970,245.625,970,997.969,14.7656,112.688,114.938,19.1484,13.5,572.069,47.25,1.048,0.509334,1.716,91.5,1.56863,1.17647,0,-0.125,0,-1.5,-1.5,45
81.666,0,0,0,0,0.915711,0.99997,1,3,1,1,1,0,1.04688,5.00001,0,0,4.47223,4.02778,3.19445,1553.75,970,242.031,970,1005.86,14.5078,112.477,114.633,9.67969,13.5,572.069,47.25,0.9,0.640001,1.568,91.5,1.56863,1.17647,0,0.015625,0,-2.25,-2.25,44.25
81.7,0,0,0,0,0.90326,0.99997,1,3,1,1,1,0,1.04688,5.00001,0,0,4.25,3.97223,3.69445,1550,970,239.453,970,997.969,14.3203,112.477,114.633,12.8438,13.5,572.069,47.25,0.9,0.509334,1.568,91.5,1.17647,1.17647,0,0.203125,0,-1.5,-1.5,45
81.733,0,0,0,0,0.908143,0.99997,1,3,1,1,1,0,1.04688,5.00001,0,0,4.36111,3.88889,4.47223,1544.25,970,248.75,970,1000.59,15,112.195,114.211,15.2344,13.5,572.069,47.25,0.98,0.666667,1.648,91.5,1.17647,1.17647,0,0.75,0,-1.5,-1.5,45
81.766,0,0,0,0,0.910401,0.99997,1,3,1,1,1,0,1.04688,5.00001,0,0,4.19445,3.91667,4.11111,1539.75,970,240.117,970,1000.59,14.3672,111.867,114.023,14.1563,13.5,570.838,47.25,0.916,0.562667,1.584,91.5,1.17647,1.17647,0,0.390625,0,-1.5,-1.5,45
81.8,0,0,0,0,0.910218,0.99997,1,3,1,1,1,0,1.04688,5.00001,0,0,4.36111,3.88889,5.72223,1538,970,249.063,970,1003.2,15.0234,111.867,114.023,20.2266,13.5,570.838,47.25,1.092,0.669334,1.772,91.5,1.17647,1.17647,0,0.015625,0,-1.5,-1.5,45
81.833,0,0,0,0,0.916505,0.99997,1,3,1,1,1,0,1.04688,5.00001,0,0,4.13889,3.88889,3.13889,1534.25,970,238.438,970,1003.24,14.25,111.727,113.695,10.2422,13.5,570.838,47.25,0.9,0.512001,1.58,91.5,1.17647,1.17647,0,0.1875,0,-1.5,-1.5,45
81.866,0,0,0,0,0.90741,0.99997,1,3,1,1,1,0,1.04688,5.00001,0,0,4.36111,3.86111,5.30556,1529,970,248.867,970,997.969,15.0234,111.445,113.555,18.9609,13.5,570.838,47.25,1.064,0.653334,1.744,91.5,1.17647,1.17647,0,0.265625,0,-1.5,-1.5,45
81.9,0,0,0,0,0.914429,0.99997,1,3,1,1,1,0,1.04688,5.00001,0,0,4.19445,3.88889,3.22222,1525.75,970,241.836,970,1003.24,14.5078,111.445,113.555,10.4531,13.5,570.838,47.25,0.9,0.520001,1.58,91.5,1.17647,1.17647,0,0.59375,0,-2.25,-2.25,44.25
81.933,0,0,0,0,0.906068,0.99997,1,3,1,1,1,0,1.04688,5.00001,0,0,4.30556,3.88889,5.66667,1518.5,970,247.656,970,1000.55,14.9297,111.328,113.063,21,13.5,570.838,47.25,1.104,0.677334,1.784,91.5,1.17647,1.17647,0,0.46875,0,-1.5,-1.5,45.75
81.966,0,0,0,0,0.913941,0.99997,1,3,1,1,1,0,1.04688,5.00001,0,0,4.13889,3.88889,2.83334,1514.75,970,240.117,970,997.969,14.3906,110.93,112.734,9.14063,13.5,569.608,47.25,0.9,0.498667,1.58,91.5,1.17647,1.17647,0,0.359375,0,-3,-3,44.25
82,0,0,0,0,0.905884,0.99997,1,3,1,1,1,0,1.04688,5.00001,0,0,4.13889,3.80556,5.69445,1510.25,970,249.922,970,997.969,15.0938,110.93,112.734,20.2734,13.5,569.608,47.25,1.088,0.578667,1.768,91.5,1.17647,1.17647,0,0.265625,0,-2.25,-2.25,45
82.033,0,0,0,0,0.91858,0.99997,1,3,1,1,1,0,1.04688,5.00001,0,0,4.25,3.83334,3.63889,1508.5,970,245.859,970,1003.24,14.8125,110.625,112.453,12.4453,13.5,569.608,47.25,0.9,0.554667,1.58,91.5,1.17647,1.17647,0,-0.0625,0,-3,-3,44.25
82.066,0,0,0,0,0.906922,0.99997,1,3,1,1,1,0,1.04688,5.00001,0,0,4.19445,3.77778,5.13889,1503,970,245.508,970,997.969,14.7891,110.414,112.242,18.5391,13.5,569.608,47.25,1.036,0.640001,1.716,91.5,1.17647,1.17647,0,0.265625,0,-2.25,-2.25,45
82.1,0,0,0,0,0.919923,0.99997,1,3,1,1,1,0,1.04688,5.00001,0,0,4.30556,3.83334,2.63889,1496.75,970,240.234,970,1003.24,14.3906,110.414,112.242,8.39063,13.5,569.608,47.25,0.9,0.645334,1.568,91.5,1.17647,1.17647,0,0.40625,0,-3,-3,44.25
82.133,0,0,0,0,0.903687,0.99997,1,3,1,1,1,0,1.04688,5.00001,0,0,4.02778,3.77778,3.91667,1494.5,970,239.141,970,995.313,14.3203,110.227,111.844,13.6875,13.5,569.608,47.25,0.9,0.557334,1.568,91.5,1.17647,1.17647,0,0.578125,0,-2.25,-2.25,45
82.166,0,0,0,0,0.919434,0.99997,1,3,1,1,1,0,1.04688,5.00001,0,0,4.13889,3.72223,3.41667,1490,970,245.078,970,1003.24,14.7656,109.898,111.703,11.7188,13.5,568.475,47.25,0.9,0.544001,1.568,91.5,1.17647,1.17647,0,0.328125,0,-3,-3,44.25
82.2,0,0,0,0,0.906068,0.99997,1,3,1,1,1,0,1.04688,5.00001,0,0,3.97223,3.75,2.91667,1488,970,236.875,970,995.313,14.1563,109.898,111.703,9.42188,13.5,568.475,47.25,0.9,0.496001,1.58,91.5,1.17647,1.17647,0,0.140625,0,-2.25,-2.25,45
82.233,0,0,0,0,0.916321,0.99997,1,3,1,1,1,0,1.04688,5.00001,0,0,4.19445,3.69445,4.61111,1480.75,970,249.023,970,1003.24,15.0234,109.523,111.398,16.5938,13.5,568.475,47.25,1,0.618667,1.68,91.5,1.17647,1.17647,0,0.3125,0,-2.25,-2.25,45
82.266,0,0,0,0,0.903687,0.99997,1,3,1,1,1,0,1.04688,5.00001,0,0,4.02778,3.66667,4.27778,1473.75,970,240.664,970,997.969,14.4141,109.547,111.188,15.6563,13.5,568.475,47.25,0.952,0.589334,1.632,91.5,1.17647,1.17647,0,0.296875,0,-2.25,-2.25,45
82.3,0,0,0,0,0.903199,0.99997,1,3,1,1,1,0,1.04688,5.00001,0,0,4.25,3.63889,5.86112,1469.75,970,252.031,970,1000.55,15.2344,109.547,111.188,21.8438,13.5,568.475,47.25,1.124,0.698668,1.804,91.5,1.17647,1.17647,0,0.6875,0,-2.25,-2.25,45
82.333,0,0,0,0,0.909424,0.99997,1,3,1,1,1,0,1.04688,5.00001,0,0,3.97223,3.69445,3.25,1462.25,970,240.469,970,1000.59,14.3906,109.383,110.719,11.2734,13.5,568.475,47.25,0.9,0.528001,1.58,91.5,1.17647,1.17647,0,0.4375,0,-2.25,-2.25,45
82.366,0,0,0,0,0.906068,0.99997,1,3,1,1,1,0,1.04688,5.00001,0,0,4.19445,3.66667,4.36111,1457.5,970,253.047,970,997.969,15.3047,108.961,110.484,15.6328,13.5,567.323,47.25,0.984,0.613334,1.664,91.5,1.17647,1.17647,0,0.046875,0,-3,-3,44.25
82.4,0,0,0,0,0.913087,0.99997,1,3,1,1,1,0,1.04688,5.00001,0,0,4.19445,3.72223,2.66667,1457,970,242.383,970,997.969,14.5313,108.961,110.484,8.34375,13.5,567.323,47.25,0.9,0.493334,1.58,91.5,1.17647,1.17647,0,0.109375,0,-3,-3,44.25
82.433,0,0,0,0,0.89856,0.99997,1,3,1,1,1,0,1.04688,5.00001,0,0,4.02778,3.63889,5.61112,1455.5,970,255.898,970,992.656,15.5156,108.797,110.391,21.6094,13.5,567.323,47.25,1.128,0.610667,1.808,91.5,1.17647,1.17647,0,0.203125,0,-2.25,-2.25,45
82.466,0,0,0,0,0.912598,0.99997,1,3,1,1,1,0,1,5.00001,0,0,4.08334,3.69445,3.27778,1451.25,970,242.344,970,1000.59,14.5313,108.727,110.25,11.2734,13.5,567.323,47.25,1.252,0.741334,1.932,91.5,1.17647,1.17647,0,0.484375,1.07881,-2.25,-2.25,-3.75
82.5,0,0,0,0,0.90387,0.99997,1,3,1,1,1,0,0.953126,5.00001,0,0,3.97223,3.66667,5.61112,1449,970,253.242,970,997.93,15.3281,108.727,110.25,21.6563,15.5859,567.323,47.25,1.7,0.778668,2.38,91.5,1.17647,1.17647,0,0.515625,2.15762,-2.25,-2.25,-3
82.533,0,0,0,0,0.914735,0.99997,1,3,1,1,1,0,0.953126,5.00001,0,0,4.19445,3.75,2.52778,1442.5,970,241.992,970,1000.59,14.5078,108.633,110.109,8.46094,16.8281,567.323,47.25,1.112,0.922668,1.792,91.5,1.17647,1.96079,0,0.515625,2.87632,-0.75,-0.75,-0.75
82.566,0,0,0,0,0.898194,0.99997,1,3,1,1,1,0,0.953126,5.00001,0,0,4.02778,4,4.47223,1441.75,970,245.664,970,992.656,14.7891,108.492,109.852,16.9219,17.4844,567.284,47.25,1.392,0.866668,2.072,91.5,1.56863,1.96079,0,0.109375,4.31525,1.5,1.5,1.5
82.6,0,0,0,0,0.913819,0.99997,1,3,1,1,1,0,0.953126,5.00001,0,0,4.30556,4.19445,3.75,1466.25,970,253.359,970,1000.59,15.3516,108.492,109.852,12.4219,17.4844,567.284,47.25,1.24,1.016,1.92,90.75,1.56863,1.96079,0,-0.15625,5.03547,-3,-3,-11.25
82.633,0,0,0,0,0.900696,0.99997,1,3,1,1,1,0,0.953126,5.00001,0,0,4.13889,4.33334,3.55556,1464.25,970,249.102,970,992.656,15.0234,108.398,110.742,12.5859,17.2031,567.284,47.25,1.156,0.720001,1.836,90.75,1.96079,1.96079,0,0.21875,5.39558,-3,-3,-3.75
82.666,0,0,0,0,0.907227,0.99997,1,3,1,1,1,0,0.953126,5.00001,0,0,4.47223,4.44445,5.30556,1446.5,970,267.188,970,997.969,16.3359,109.125,110.016,19.4531,17.8594,567.284,47.25,1.384,0.882668,2.064,90.75,1.96079,1.96079,0,0.46875,6.29434,11.25,11.25,11.25
82.7,0,0,0,0,0.906922,0.99997,1,3,1,1,1,0,0.953371,5.00001,0,0,4.41667,4.55556,5.13889,1444.75,970,268.711,970,995.313,16.4531,109.125,110.016,18.9141,18.2344,567.284,47.25,1.304,0.789334,1.972,91.5,1.96079,1.96079,0,0.65625,7.01304,11.25,11.25,11.25
82.733,0,0,0,0,0.910706,0.99997,1,3,1,1,1,0,0.953371,5.00001,0,0,4.58334,4.58334,5.44445,1442,970,274.102,970,997.93,16.8516,108.516,109.945,19.9922,18.6094,567.284,47.25,1.348,0.840001,2.016,91.5,1.96079,2.35294,0,0.328125,7.37315,14.25,14.25,14.25
82.766,0,0,0,0,0.906861,0.99997,1,3,1,1,1,0,0.953371,4.29981,0,0,4.63889,4.88889,4.97223,1447,970,274.063,970,992.656,16.8281,108.469,109.992,18.2578,18.9375,567.284,47.25,1.292,0.805334,1.96,91.5,2.35294,2.35294,0,0.015625,7.73326,12,12,12
82.8,0,0,0,0,0.911805,0.99997,1,3,1,1,1,0,0.953371,3.30518,0,0,4.77778,4.91667,5.30556,1445.5,970,284.648,970,995.313,17.6016,108.469,109.992,19.2422,18.8906,567.284,47.25,1.3,0.848001,1.98,91.5,2.35294,2.35294,0,0.3125,7.73326,10.5,10.5,10.5
82.833,0,0,0,0,0.915101,0.99997,1,3,1,1,1,0,0.953371,2.57984,0,0,4.83334,5.02778,5.05556,1440.75,970,285.82,970,995.313,17.6953,108.516,109.969,18.375,18.8438,567.284,47.25,1.28,0.800001,1.96,91.5,2.35294,2.35294,0,-0.015625,7.73326,11.25,11.25,11.25
82.866,0,0,0,0,0.916993,0.99997,1,3,1,1,1,0,0.953371,2.09815,0,0,4.88889,5.05556,5.44445,1424.75,970,292.813,970,995.313,18.2109,108.469,109.43,20.0156,20.0859,567.284,47.25,1.328,0.832001,2.008,91.5,2.35294,2.35294,0,0.28125,8.45196,28.5,28.5,38.25
82.9,0,0,0,0,0.919129,0.99997,1,3,1,1,1,0,0.953371,1.8523,0,0,4.94445,5.11112,5.33334,1420.25,970,295.039,970,995.313,18.3516,108.469,109.43,19.6875,20.2969,567.284,47.25,1.316,0.829334,1.996,90.75,2.35294,2.35294,0,0.734375,8.45196,28.5,28.5,37.5
82.933,0,0,0,0,0.920594,0.99997,1,3,1,1,1,0,0.953371,1.66919,0,0,5,5.44445,5.5,1417.75,970,300.938,970,995.313,18.8438,108.211,108.938,20.2969,21.3281,567.284,47.25,1.348,0.853334,2.028,90.75,2.7451,2.7451,0,0.484375,9.17218,15.75,15.75,15.75
82.966,0,0,0,0,0.919923,0.99997,1,3,1,1,1,0,0.953371,1.51978,0,0,5.16667,5.52778,6.11112,1414.75,970,312.305,970,992.656,19.6641,107.578,108.938,23.2266,21.3047,567.303,47.25,1.452,0.896001,2.132,90.75,2.7451,2.7451,0,0.3125,9.17218,15,15,15
83,0,0,0,0,0.925355,0.99997,1,3,1,1,1,0,0.953371,1.42212,0,0,5.27778,5.55556,5.83334,1417,970,315.859,970,995.273,19.9219,107.578,108.938,22.0078,21.1875,567.303,47.25,1.428,0.925334,2.108,91.5,2.7451,3.13726,0,0.21875,9.17218,14.25,14.25,14.25
83.033,0,0,0,0,0.924622,0.99997,1,3,1,1,1,0,0.953371,1.35083,0,0,5.36112,5.58334,5.86112,1419.75,970,318.047,970,992.656,20.0625,107.555,108.938,21.375,21.0938,567.303,47.25,1.428,0.912001,2.108,91.5,3.13726,3.13726,0,0.390625,9.17218,14.25,14.25,14.25
83.066,0,0,0,0,0.927674,0.99997,1,3,1,1,1,0,0.953371,1.2771,0,0,5.58334,5.72223,6.16667,1420.25,970,326.914,970,992.656,20.7188,107.602,109.055,23.0625,20.9297,567.303,47.25,1.488,0.957335,2.168,91.5,3.13726,2.7451,0,0.46875,9.17218,14.25,14.25,14.25
83.1,0,0,0,0,0.929688,0.99997,1,3,1,1,1,0,0.953859,1.24219,0,0,5.58334,5.75,6,1414.75,970,331.445,970,992.656,21.0469,107.602,109.055,22.3828,21.5625,567.303,47.25,1.48,0.946668,2.16,90.75,3.13726,2.7451,0,0.5,9.5323,15,15,15
83.133,0,0,0,0,0.931153,0.99997,1,3,1,1,1,0,0.953859,1.2107,0,0,5.69445,5.69445,6.16667,1413.25,970,334.414,970,992.656,21.2578,107.719,108.867,22.9922,23.0156,567.303,47.25,1.508,0.970668,2.188,90.75,3.13726,2.7451,0,0.78125,10.251,15,15,15
83.166,0,0,0,0,0.933533,0.99997,1,3,1,1,1,0,0.953859,1.16187,0,0,5.75,5.72223,6,1407,970,337.461,970,992.656,21.4922,107.508,108.656,22.4297,23.1797,566.991,47.25,1.504,0.970668,2.184,90.75,3.13726,3.52941,0,0.28125,10.251,17.25,17.25,17.25
83.2,0,0,0,0,0.934876,0.99997,1,3,1,1,1,0,0.953859,1.15088,0,0,5.80556,5.91667,6.02778,1411.5,970,338.867,970,992.656,21.5859,107.508,108.656,22.2656,23.7656,566.991,47.25,1.512,0.976001,2.192,91.5,3.13726,3.52941,0,0.171875,10.6111,18,18,18
83.233,0,0,0,0,0.935425,0.99997,1,3,1,1,1,0,0.953859,1.13501,0,0,5.80556,5.91667,6.02778,1414,970,340.938,970,992.656,21.7266,107.367,108.844,22.3594,23.6484,566.991,47.25,1.516,0.978668,2.196,91.5,3.13726,3.52941,0,0.359375,10.6111,21.75,21.75,21.75
83.266,0,0,0,0,0.933778,0.99997,1,3,1,1,1,0,0.953859,1.12256,0,0,5.91667,6.11112,6.33334,1413,970,346.094,970,990.039,22.1016,107.555,108.844,24.0938,23.625,566.991,47.25,1.576,1.02133,2.256,91.5,3.52941,3.52941,0,0.3125,10.6111,24,24,24
83.3,0,0,0,0,0.935181,0.99997,1,3,1,1,1,0,0.953859,1.10742,0,0,5.91667,6.22223,6.63889,1410.25,970,350.703,970,990.039,22.4297,107.555,108.844,25.125,23.7188,566.991,47.25,1.604,1.04533,2.284,90.75,3.52941,3.52941,0,0.671875,10.6111,22.5,22.5,22.5
83.333,0,0,0,0,0.937623,0.99997,1,3,1,1,1,0,0.953859,1.09253,0,0,6.05556,6.36112,6.72223,1404.25,970,359.531,970,990.039,23.0859,107.555,108.586,25.3359,24.5156,566.991,47.25,1.628,1.06933,2.308,90.75,3.52941,3.52941,0,0.390625,10.9712,21,21,21
83.366,0,0,0,0,0.940308,0.99997,1,3,1,1,1,0,0.953859,1.07593,0,0,6.22223,6.30556,6.63889,1405.5,970,362.383,970,990.039,23.2969,107.32,108.516,24.9609,24.5625,566.698,47.25,1.624,1.06667,2.304,90.75,3.52941,3.52941,0,0.21875,10.9712,20.25,20.25,20.25
83.4,0,0,0,0,0.942261,0.99997,1,3,1,1,1,0,0.953859,1.06397,0,0,6.27778,6.44445,6.72223,1408.5,970,367.969,970,990.039,23.6953,107.32,108.516,25.125,25.1484,566.698,47.25,1.652,1.08533,2.348,90.75,3.52941,3.52941,0,0.390625,11.3298,21.75,21.75,21.75
83.433,0,0,0,0,0.941285,0.99997,1,3,1,1,1,0,0.953859,1.05469,0,0,6.38889,6.50001,6.83334,1409,970,370.703,970,987.383,23.8828,107.273,108.633,25.5,25.1016,566.698,47.25,1.672,1.096,2.368,90.75,3.52941,3.52941,0,0.265625,11.3298,21,21,21
83.466,0,0,0,0,0.944092,0.99997,1,3,1,1,1,0,0.953859,1.04785,0,0,6.55556,6.47223,7.02778,1407.5,970,378.086,970,987.383,24.4219,107.391,108.633,26.6719,25.1484,566.698,47.25,1.752,1.14133,2.448,90.75,3.52941,3.92157,0,0.65625,11.3298,20.25,20.25,20.25
83.5,0,0,0,0,0.946656,0.99997,1,3,1,1,1,0,0.953859,1.0459,0,0,6.61112,6.61112,7.11112,1405,970,384.414,970,987.383,24.8906,107.391,108.633,26.8359,25.1719,566.698,47.25,1.772,1.13867,2.452,90.75,3.92157,3.92157,0,0.671875,11.3298,19.5,19.5,19.5
83.533,0,0,0,0,0.951539,0.99997,1,3,1,1,1,0,0.953859,1.04004,0,0,6.63889,6.61112,7.00001,1404.5,970,386.602,970,990,25.0547,107.391,108.492,26.3438,25.2188,566.698,47.25,1.768,1.14667,2.448,90.75,3.92157,3.92157,0,0.546875,11.3298,18.75,18.75,18.75
83.566,0,0,0,0,0.951234,0.99997,1,3,1,1,1,0,0.953859,1.03589,0,0,6.75001,6.63889,7.16667,1406,970,390.859,970,987.383,25.3594,107.297,108.563,26.9531,25.1719,566.327,47.25,1.792,1.16533,2.472,90.75,3.92157,3.92157,0,0.28125,11.3298,18.75,18.75,18.75
83.6,0,0,0,0,0.953309,0.99997,1,3,1,1,1,0,0.954103,1.03198,0,0,6.80556,6.69445,7.13889,1406,970,392.148,970,987.383,25.4531,107.297,108.563,26.2031,25.1719,566.327,47.25,1.772,1.14933,2.44,90.75,3.92157,3.52941,0,0.046875,11.3298,17.25,17.25,17.25
83.633,0,0,0,0,0.955079,0.99997,1,3,1,1,1,0,0.954103,1.03003,0,0,6.86112,6.66667,7.00001,1408.75,970,395.391,970,987.383,25.6875,107.367,108.633,26.25,25.0781,566.327,47.25,1.788,1.17067,2.456,90.75,3.92157,3.52941,0,0.421875,11.3298,16.5,16.5,16.5
83.666,0,0,0,0,0.957398,0.99997,1,3,1,1,1,0,0.954103,1.0249,0,0,6.86112,6.69445,7.30556,1407.75,970,398.398,970,987.383,25.8984,107.414,108.633,27.3047,25.0547,566.327,47.25,1.82,1.15467,2.488,90.75,3.92157,3.52941,0,0.421875,11.3298,30,30,33
83.7,0,0,0,0,0.959534,0.99997,1,3,1,1,1,0,0.954103,1.02319,0,0,6.91667,6.72223,7.19445,1410.25,970,398.828,970,987.383,25.9219,107.414,108.633,26.2031,25.0313,566.327,47.25,1.8,1.18133,2.48,90.75,3.92157,3.52941,0,0.5625,11.3298,30,30,33
83.733,0,0,0,0,0.961304,0.99997,1.00308,3,1,1,1,0,0.954103,1.02002,0,0,6.97223,6.69445,7.22223,1414.25,970,400.43,970,987.383,26.0391,107.414,108.68,26.9766,24.9375,566.327,47.25,1.824,1.18133,2.504,90.75,3.92157,3.52941,0,0.671875,11.3298,30.75,30.75,33
83.766,0,0,0,0,0.963868,0.99997,1.00952,3,1,1,1,0,0.954103,1.01831,0,0,6.97223,6.72223,6.88889,1412,970,400.234,970,987.383,26.0391,107.484,108.75,25.6875,24.9609,565.955,47.25,1.796,1.16267,2.476,90.75,3.92157,3.52941,0,0.3125,11.3298,30.75,30.75,33
83.8,0,0,0,0,0.964661,0.99997,1.01141,3,1,1,1,0,0.954103,1.0166,0,0,6.97223,6.69445,6.97223,1406.25,970,399.492,970,987.383,25.9688,107.484,108.75,26.0625,25.0078,565.955,47.25,1.804,1.16,2.484,90.75,3.92157,3.52941,0,0,11.3298,30,30,33
83.833,0,0,0,0,0.965699,0.99997,1.01257,3,1,1,1,0,0.954103,1.01319,0,0,6.91667,6.69445,7.00001,1401.5,970,399.844,970,987.383,25.9922,107.555,108.539,26.2031,25.2422,565.955,47.25,1.812,1.17333,2.492,90.75,3.52941,3.52941,0,0.28125,11.3298,30.75,30.75,33
83.866,0,0,0,0,0.967225,0.99997,1.01498,3,1,1,1,0,0.954103,1.01001,0,0,6.91667,6.66667,6.94445,1398.75,970,399.805,970,987.383,25.9922,107.32,108.258,26.0391,25.3594,565.955,47.25,1.808,1.176,2.488,90.75,3.52941,3.52941,0,0.484375,11.3298,30.75,30.75,33
83.9,0,0,0,0,0.968446,0.99997,1.01743,3,1,1,1,0,0.954103,1.00733,0,0,6.86112,6.66667,6.72223,1400.5,970,398.477,970,987.383,25.8984,107.32,108.258,25.1484,25.3125,565.955,47.25,1.788,1.16267,2.476,90.75,3.52941,3.52941,0,0.734375,11.3298,30,30,33
83.933,0,0,0,0,0.968751,0.99997,1.02072,3,1,1,1,0,0.954103,1.00611,0,0,6.86112,6.66667,6.88889,1407.75,970,397.07,970,987.383,25.8047,107.086,108.445,25.6406,25.1953,565.955,47.25,1.8,1.16533,2.488,90.75,3.52941,3.52941,0,0.734375,11.3298,30,30,33
83.966,0,0,0,0,0.969788,0.99997,1.02429,3,1,1,1,0,0.954103,1.00171,0,0,6.86112,6.66667,6.80556,1405.75,970,396.328,970,987.383,25.7578,107.273,108.609,25.3828,24.9844,565.565,47.25,1.804,1.17067,2.492,90.75,3.52941,3.52941,0,0.375,11.3298,30,30,33
84,0,0,0,0,0.970521,0.99997,1.02701,3,1,1,1,0,0.954103,0.998537,0,0,6.86112,6.69445,6.86112,1402.25,970,396.133,970,987.383,25.7344,107.273,108.609,25.6406,25.1484,565.565,47.25,1.804,1.168,2.484,90.75,3.52941,3.52941,0,0.234375,11.3298,30,30,33
84.033,0,0,0,0,0.971558,0.99997,1.02966,3,1,1,1,0,0.954103,0.995607,0,0,6.86112,6.66667,7.02778,1399.5,970,396.992,970,987.383,25.8047,107.391,108.398,26.2969,25.2656,565.565,47.25,1.824,1.18133,2.504,90.75,3.52941,3.52941,0,0.09375,11.3298,30,30,33
84.066,0,0,0,0,0.972779,0.99997,1.0325,3,1,1,1,0,0.954103,0.991212,0,0,6.80556,6.63889,6.72223,1400,970,395.469,970,987.383,25.6875,107.227,108.328,25.125,25.2656,565.565,47.25,1.796,1.168,2.476,90.75,3.52941,3.52941,0,0.40625,11.3298,30,30,33
84.1,0,0,0,0,0.973023,0.99997,1.03537,3,1,1,1,0,0.954103,0.991212,0,0,6.80556,6.63889,6.63889,1403.25,970,392.93,970,987.383,25.5,107.227,108.328,24.7734,25.2422,565.565,47.25,1.788,1.16,2.468,90.75,3.52941,3.52941,0,0.609375,11.3298,30,30,33
84.133,0,0,0,0,0.973084,0.99997,1.03696,3,1,1,1,0,0.954103,0.989992,0,0,6.80556,6.61112,6.77778,1404.5,970,392.539,970,987.383,25.4766,107.18,108.445,25.2656,25.125,565.565,47.25,1.796,1.16533,2.476,90.75,3.52941,3.52941,0,0.5625,11.3298,30,30,33
84.166,0,0,0,0,0.974183,0.99997,1.0387,3,1,1,1,0,0.954103,0.988527,0,0,6.75001,6.61112,6.80556,1404.25,970,392.383,970,987.383,25.4531,107.273,108.445,25.3828,25.1016,565.194,47.25,1.8,1.16533,2.48,90.75,3.52941,3.52941,0,0.59375,11.3298,30,30,33
84.2,0,0,0,0,0.974976,0.99997,1.04004,3,1,1,1,0,0.954103,0.988527,0,0,6.75001,6.63889,6.80556,1402.75,970,392.305,970,987.383,25.4531,107.273,108.445,25.4063,25.1719,565.194,47.25,1.804,1.168,2.484,90.75,3.52941,3.52941,0,0.140625,11.3298,30.75,30.75,33
84.233,0,0,0,0,0.97577,0.99997,1.04071,3,1,1,1,0,0.954103,0.987306,0,0,6.75001,6.63889,6.55556,1399.5,970,390.859,970,987.383,25.3594,107.273,108.328,24.5156,25.2422,565.194,47.25,1.78,1.152,2.46,90.75,3.52941,3.52941,0,0.15625,11.3298,30,30,33
84.266,0,0,0,0,0.975953,0.99997,1.04178,3,1,1,1,0,0.954103,0.986085,0,0,6.69445,6.61112,6.83334,1400.75,970,390.82,970,987.383,25.3359,107.156,108.258,25.5234,25.3125,565.194,47.25,1.8,1.16533,2.48,90.75,3.52941,3.52941,0,0.328125,11.3298,30,30,33
84.3,0,0,0,0,0.976685,0.99997,1.04254,3,1,1,1,0,0.954103,0.984865,0,0,6.75001,6.63889,6.61112,1402.25,970,389.805,970,987.383,25.2656,107.156,108.258,24.6797,25.1953,565.194,46.5,1.78,1.17067,2.46,90.75,3.52941,3.52941,0,0.421875,11.3298,30,30,33
84.333,0,0,0,0,0.974183,0.99997,1.04312,3,1,1,1,0,0.954103,0.983644,0,0,6.75001,6.61112,6.83334,1402.75,970,390.156,970,984.727,25.3125,107.109,108.398,25.5,25.1719,565.194,46.5,1.8,1.168,2.48,90.75,3.52941,3.52941,0,0.6875,11.3298,30,30,33.75
84.366,0,0,0,0,0.976075,0.99997,1.04416,3,1,1,1,0,0.954103,0.982423,0,0,6.75001,6.63889,6.63889,1403.25,970,390.039,970,984.727,25.2891,107.25,108.445,24.6563,25.1016,564.823,46.5,1.784,1.15467,2.464,90.75,3.52941,3.52941,0,0.4375,11.3298,30.75,30.75,33
84.4,0,0,0,0,0.979005,0.99997,1.04474,3,1,1,1,0,0.954103,0.981203,0,0,6.75001,6.63889,6.80556,1401.25,970,390.586,970,987.383,25.3359,107.25,108.445,25.2188,25.1484,564.823,46.5,1.8,1.17333,2.48,90.75,3.52941,3.52941,0,0.234375,11.3298,30,30,33
84.433,0,0,0,0,0.977113,0.99997,1.04593,3,1,1,1,0,0.954103,0.981203,0,0,6.69445,6.63889,6.77778,1401,970,390.313,970,984.727,25.3125,107.273,108.352,25.1719,25.1953,564.823,46.5,1.8,1.16533,2.48,90.75,3.52941,3.52941,0,0.21875,11.3298,30,30,33
84.466,0,0,0,0,0.980958,0.99997,1.04672,3,1,1,1,0,0.954103,0.979982,0,0,6.75001,6.61112,6.77778,1398.75,970,391.953,970,987.344,25.4297,107.203,108.281,25.7344,25.2656,564.823,46.5,1.82,1.18133,2.5,90.75,3.52941,3.52941,0,0.296875,11.3298,30,30,33
84.5,0,0,0,0,0.979188,0.99997,1.04779,3,1,1,1,0,0.954103,0.979982,0,0,6.75001,6.61112,6.80556,1399.25,970,391.523,970,984.727,25.4063,107.203,108.281,25.1719,25.2656,564.823,46.5,1.804,1.17067,2.484,90.75,3.52941,3.52941,0,0.671875,11.3298,30,30,33
84.533,0,0,0,0,0.979798,0.99997,1.04816,3,1,1,1,0,0.954103,0.978517,0,0,6.75001,6.63889,6.69445,1399,970,391.406,970,984.727,25.3828,107.133,108.281,25.3359,25.2422,564.823,46.5,1.804,1.17333,2.484,90.75,3.52941,3.52941,0,0.6875,11.3298,30,30,33
84.566,0,0,0,0,0.980592,0.99997,1.04892,3,1,1,1,0,0.954103,0.977296,0,0,6.75001,6.63889,6.77778,1401.25,970,391.602,970,984.727,25.4063,107.156,108.352,25.5,25.1719,564.412,46.5,1.816,1.17333,2.496,90.75,3.52941,3.52941,0,0.484375,11.3298,30,30,33
84.6,0,0,0,0,0.984009,0.99997,1.04984,3,1,1,1,0,0.954103,0.977296,0,0,6.75001,6.63889,6.94445,1402.75,970,392.578,970,987.344,25.4766,107.156,108.352,26.0625,25.125,564.412,46.5,1.836,1.176,2.516,90.75,3.52941,3.52941,0,0.296875,11.3298,30,30,33
84.633,0,0,0,0,0.984925,0.99997,1.05017,3,1,1,1,0,0.954103,0.976076,0,0,6.75001,6.61112,6.75001,1402.75,970,391.367,970,987.383,25.3828,107.227,108.422,24.7031,25.1484,564.412,46.5,1.804,1.16533,2.484,90.75,3.52941,3.52941,0,0.15625,11.3298,30,30,33
84.666,0,0,0,0,0.981995,0.99997,1.05035,3,1,1,1,0,0.954103,0.973634,0,0,6.69445,6.61112,6.69445,1398.5,970,389.961,970,984.727,25.2891,107.273,108.258,25.3594,25.2656,564.412,46.5,1.808,1.17333,2.488,90.75,3.52941,3.52941,0,0.53125,11.3298,30,30,33
84.7,0,0,0,0,0.982728,0.99997,1.05188,3,1,1,1,0,0.954103,0.974855,0,0,6.69445,6.61112,6.94445,1397,970,391.563,970,984.727,25.4063,107.273,108.258,26.2266,25.3359,564.412,46.5,1.832,1.176,2.512,90.75,3.52941,3.52941,0,0.359375,11.3298,30,30,33
84.733,0,0,0,0,0.984009,0.99997,1.052,3,1,1,1,0,0.954103,0.973634,0,0,6.75001,6.61112,6.80556,1398.75,970,391.875,970,984.727,25.4297,107.109,108.211,25.6172,25.2656,564.412,46.5,1.82,1.18133,2.5,90.75,3.52941,3.52941,0,0.53125,11.3298,30,30,33
84.766,0,0,0,0,0.985474,0.99997,1.05255,3,1,1,1,0,0.954103,0.972414,0,0,6.75001,6.61112,6.80556,1398.75,970,392.578,970,984.727,25.4766,107.063,108.258,25.5703,25.2188,564.022,46.5,1.828,1.18667,2.508,90.75,3.52941,3.52941,0,0.6875,11.3298,30,30,33
84.8,0,0,0,0,0.98639,0.99997,1.05158,3,1,1,1,0,0.954103,0.968507,0,0,6.75001,6.66667,6.83334,1400.25,970,392.773,970,984.727,25.4766,107.063,108.258,25.6172,25.1953,564.022,46.5,1.828,1.18667,2.508,90.75,3.52941,3.52941,0,0.171875,11.3298,30,30,33
84.833,0,0,0,0,0.986939,0.99997,1.05209,3,1,1,1,0,0.954103,0.967287,0,0,6.75001,6.63889,6.83334,1399.25,970,392.383,970,984.727,25.4531,107.109,108.305,25.6172,25.2188,564.022,46.5,1.824,1.18133,2.504,90.75,3.52941,3.52941,0,0.078125,11.3298,30,30,33
84.866,0,0,0,0,0.987794,0.99997,1.05219,3,1,1,1,0,0.954103,0.964845,0,0,6.75001,6.63889,6.66667,1399.25,970,391.094,970,984.727,25.3594,107.18,108.328,24.9609,25.1953,564.022,46.5,1.804,1.17333,2.484,90.75,3.52941,3.52941,0,0.390625,11.3298,30,30,33
84.9,0,0,0,0,0.987977,0.99997,1.05225,3,1,1,1,0,0.954103,0.963625,0,0,6.69445,6.63889,6.58334,1398.75,970,390,970,984.727,25.2891,107.18,108.328,24.6563,25.1953,564.022,46.5,1.788,1.168,2.456,90.75,3.52941,3.52941,0,0.28125,11.3298,30,30,33
84.933,0,0,0,0,0.988099,0.99997,1.05234,3,1,1,1,0,0.954103,0.962404,0,0,6.69445,6.61112,6.80556,1396.5,970,390.352,970,984.727,25.3125,107.18,108.281,25.5234,25.3125,564.022,46.5,1.812,1.17867,2.48,90.75,3.52941,3.52941,0,0.6875,11.3298,30,30,33
84.966,0,0,0,0,0.989381,0.99997,1.05209,3,1,1,1,0,0.954103,0.961183,0,0,6.75001,6.61112,6.88889,1397,970,391.758,970,984.727,25.4063,107.133,108.211,25.8516,25.3125,563.631,46.5,1.832,1.18933,2.5,90.75,3.52941,3.52941,0,0.3125,11.3298,30,30,33
85,0,0,0,0,0.990357,0.99997,1.05173,3,1,1,1,0,0.954103,0.959962,0,0,6.75001,6.61112,6.75001,1397,970,391.367,970,984.727,25.3828,107.133,108.211,25.2891,25.2891,563.631,46.5,1.808,1.17333,2.488,90.75,3.52941,3.52941,0,0.375,11.3298,30,30,33
85.033,0,0,0,0,0.990906,0.99997,1.05191,3,1,1,1,0,0.954103,0.959962,0,0,6.75001,6.63889,6.77778,1399,970,391.328,970,984.727,25.3828,107.063,108.211,25.3594,25.2188,563.631,46.5,1.808,1.176,2.488,90.75,3.52941,3.52941,0,0.09375,11.3298,30,30,33
85.066,0,0,0,0,0.991334,0.99997,1.05121,3,1,1,1,0,0.954103,0.958498,0,0,6.69445,6.63889,6.66667,1399.75,970,390,970,984.727,25.2891,107.086,108.305,24.9375,25.1953,563.631,46.5,1.792,1.16533,2.472,90.75,3.52941,3.52941,0,0.203125,11.3298,30,30,33
85.1,0,0,0,0,0.991456,0.99997,1.0513,3,1,1,1,0,0.954103,0.958498,0,0,6.69445,6.63889,6.63889,1398.5,970,389.336,970,984.727,25.2422,107.086,108.305,24.8672,25.2422,563.631,46.5,1.788,1.16267,2.468,90.75,3.52941,3.52941,0,0.671875,11.3298,30,30,33
85.133,0,0,0,0,0.991517,0.99997,1.05069,3,1,1,1,0,0.954103,0.957277,0,0,6.63889,6.61112,6.72223,1394.75,970,388.828,970,984.727,25.1953,107.156,108.188,25.2422,25.3125,563.631,46.5,1.788,1.16533,2.468,90.75,3.52941,3.52941,0,0.609375,11.3298,30,30,33.75
85.166,0,0,0,0,0.991944,0.99997,1.05081,3,1,1,1,0,0.954103,0.957277,0,0,6.63889,6.55556,6.66667,1394.5,970,388.164,970,984.727,25.1484,107.039,108.094,25.0313,25.3594,563.26,46.5,1.784,1.16,2.464,90.75,3.52941,3.52941,0,0.484375,11.3298,30,30,33.75
85.2,0,0,0,0,0.992249,0.99997,1.04968,3,1,1,1,0,0.953859,0.954835,0,0,6.63889,6.61112,6.50001,1395.5,970,386.992,970,984.727,25.0781,107.039,108.094,24.3984,25.3594,563.26,46.5,1.76,1.16267,2.428,90.75,3.52941,3.52941,0,0.421875,11.3298,30,30,33.75
85.233,0,0,0,0,0.992005,0.99997,1.05035,3,1,1,1,0,0.953859,0.956056,0,0,6.63889,6.63889,6.66667,1397.5,970,386.836,970,984.727,25.0547,106.969,108.141,24.9844,25.2891,563.26,46.5,1.768,1.15467,2.436,90.75,3.52941,3.52941,0,0.15625,11.3298,30,30,33.75
85.266,0,0,0,0,0.992127,0.99997,1.04938,3,1,1,1,0,0.953859,0.953615,0,0,6.63889,6.63889,6.63889,1398,970,386.25,970,984.727,25.0078,107.039,108.234,24.8672,25.2422,563.26,46.5,1.772,1.15467,2.44,90.75,3.52941,3.52941,0,0.296875,11.3298,30,30,33.75
85.3,0,0,0,0,0.989747,0.99997,1.04941,3,1,1,1,0,0.953859,0.953615,0,0,6.63889,6.61112,6.52778,1397,970,386.328,970,982.109,25.0313,107.039,108.234,25.0781,25.2188,563.26,46.5,1.776,1.16,2.456,90.75,3.52941,3.52941,0,0.265625,11.3298,30,30,33.75
85.333,0,0,0,0,0.992799,0.99997,1.04987,3,1,1,1,0,0.953859,0.954835,0,0,6.61112,6.63889,6.58334,1395.75,970,385.586,970,984.727,24.9609,107.109,108.211,24.5625,25.2891,563.26,46.5,1.756,1.144,2.436,90.75,3.52941,3.52941,0,0.53125,11.3298,30,30,33.75
85.366,0,0,0,0,0.992615,0.99997,1.04953,3,1,1,1,0,0.953859,0.954835,0,0,6.61112,6.58334,6.63889,1392.75,970,385.391,970,984.727,24.9609,107.086,108.094,24.8672,25.3594,562.889,46.5,1.768,1.152,2.448,90.75,3.52941,3.52941,0,0.8125,11.3298,30,30,34.5
85.4,0,0,0,0,0.992738,0.99997,1.04984,3,1,1,1,0,0.953859,0.956056,0,0,6.61112,6.58334,6.69445,1392.75,970,385.586,970,984.727,24.9609,107.086,108.094,25.1016,25.4063,562.889,46.5,1.776,1.15733,2.456,90.75,3.52941,3.52941,0,0.3125,11.3298,30,30,34.5
85.433,0,0,0,0,0.993043,0.99997,1.05017,3,1,1,1,0,0.953859,0.957277,0,0,6.61112,6.58334,6.58334,1394,970,385.039,970,984.727,24.9375,106.992,108.117,24.7031,25.3359,562.889,46.5,1.76,1.152,2.44,90.75,3.52941,3.52941,0,0.265625,11.3298,30,30,33.75
85.466,0,0,0,0,0.990174,0.99997,1.05039,3,1,1,1,0,0.953859,0.958498,0,0,6.61112,6.61112,6.66667,1395.25,970,385.43,970,982.109,24.9609,106.992,108.117,25.5938,25.3125,562.889,46.5,1.78,1.14133,2.46,90.75,3.52941,3.52941,0,0.28125,11.3298,30,30,33.75
85.5,0,0,0,0,0.993287,0.99997,1.05084,3,1,1,1,0,0.953859,0.959962,0,0,6.61112,6.58334,6.77778,1396,970,385.859,970,984.727,24.9844,106.992,108.117,25.2656,25.2891,562.889,46.5,1.784,1.16267,2.464,90.75,3.52941,3.52941,0,0.3125,11.3298,30,30,33.75
85.533,0,0,0,0,0.993714,0.99997,1.05127,3,1,1,1,0,0.953859,0.961183,0,0,6.61112,6.58334,6.61112,1397.25,970,385.391,970,984.727,24.9609,106.992,108.164,24.6797,25.2656,562.889,46.5,1.764,1.14933,2.444,90.75,3.52941,3.52941,0,0.546875,11.3298,30.75,30.75,33.75
85.566,0,0,0,0,0.993836,0.99997,1.05243,3,1,1,1,0,0.953859,0.963625,0,0,6.61112,6.50001,6.69445,1393.5,970,385.156,970,984.727,24.9375,107.063,108.07,25.1016,25.3359,562.557,46.5,1.784,1.16267,2.464,90.75,3.52941,3.52941,0,0.421875,11.3298,30.75,30.75,33.75
85.6,0,0,0,0,0.994263,0.99997,1.05267,3,1,1,1,0,0.953859,0.963625,0,0,6.55556,6.52778,6.66667,1390.25,970,384.453,970,984.727,24.8906,107.063,108.07,25.0781,25.4063,562.557,46.5,1.776,1.144,2.456,90.75,3.52941,3.52941,0,0.5,11.3298,30,30,33.75
85.633,0,0,0,0,0.994569,0.99997,1.0531,3,1,1,1,0,0.953859,0.963625,0,0,6.55556,6.52778,6.61112,1391,970,384.414,970,984.727,24.8906,106.945,107.953,24.8672,25.4531,562.557,46.5,1.772,1.15467,2.452,90.75,3.52941,3.52941,0,0.3125,11.3298,30,30,33.75
85.666,0,0,0,0,0.994813,0.99997,1.05377,3,1,1,1,0,0.953859,0.963625,0,0,6.61112,6.58334,6.72223,1394,970,384.727,970,984.727,24.9141,106.852,108.07,25.2422,25.3828,562.557,46.5,1.78,1.16,2.46,90.75,3.52941,3.52941,0,0.203125,11.3298,30,30,33.75
85.7,0,0,0,0,0.992554,0.99997,1.05441,3,1,1,1,0,0.953859,0.963625,0,0,6.61112,6.58334,6.61112,1394.25,970,384.57,970,982.109,24.8906,106.852,108.07,24.8203,25.3359,562.557,46.5,1.768,1.152,2.436,90.75,3.52941,3.52941,0,0.5,11.3298,30,30,33.75
85.733,0,0,0,0,0.995545,0.99997,1.0556,3,1,1,1,0,0.953859,0.964845,0,0,6.61112,6.58334,6.66667,1393.75,970,385.391,970,984.727,24.9609,106.945,108.117,24.8906,25.2891,562.557,46.5,1.784,1.168,2.452,90.75,3.52941,3.52941,0,0.5,11.3298,30,30,33.75
85.766,0,0,0,0,0.993226,0.99997,1.0557,3,1,1,1,0,0.953859,0.963625,0,0,6.61112,6.58334,6.66667,1391.5,970,386.016,970,982.109,25.0078,106.992,108.094,25.5938,25.3359,562.186,46.5,1.796,1.152,2.464,90.75,3.52941,3.52941,0,0.421875,11.3298,30,30,33.75
85.8,0,0,0,0,0.993775,0.99997,1.05689,3,1,1,1,0,0.953859,0.964845,0,0,6.61112,6.58334,6.61112,1390.25,970,386.445,970,982.109,25.0313,106.992,108.094,25.2891,25.3828,562.186,46.5,1.804,1.17067,2.472,90.75,3.52941,3.52941,0,0.546875,11.3298,30,30,33.75
85.833,0,0,0,0,0.994752,0.99997,1.05704,3,1,1,1,0,0.953859,0.963625,0,0,6.61112,6.63889,6.61112,1389.25,970,387.695,970,982.109,25.125,106.969,107.953,25.1484,25.4766,562.186,46.5,1.804,1.18133,2.472,90.75,3.52941,3.52941,0,0.21875,11.3298,30,30,33.75
85.866,0,0,0,0,0.997803,0.99997,1.05823,3,1,1,1,0,0.953859,0.964845,0,0,6.61112,6.58334,6.50001,1389.5,970,386.992,970,984.688,25.0781,106.828,107.93,24.6797,25.4766,562.186,46.5,1.788,1.16267,2.456,90.75,3.52941,3.52941,0,0.359375,11.3298,30,30,33.75
85.9,0,0,0,0,0.99762,0.99997,1.05881,3,1,1,1,0,0.953859,0.964845,0,0,6.61112,6.66667,6.66667,1394.5,970,385.898,970,984.727,24.9844,106.828,107.93,24.7031,25.3828,562.186,46.5,1.776,1.16,2.456,90.75,3.52941,3.52941,0,0.4375,11.3298,30,30,33.75
85.933,0,0,0,0,0.994569,0.99997,1.05893,3,1,1,1,0,0.953859,0.963625,0,0,6.61112,6.63889,6.52778,1393.75,970,385.664,970,982.109,24.9844,106.828,108.117,24.8438,25.3125,561.834,46.5,1.78,1.16,2.46,90.75,3.52941,3.52941,0,0.765625,11.3298,30,30,33.75
85.966,0,0,0,0,0.994691,0.99997,1.05896,3,1,1,1,0,0.953859,0.962404,0,0,6.61112,6.63889,6.55556,1391.75,970,385.859,970,982.109,24.9844,106.992,108.07,24.8438,25.3594,561.834,46.5,1.784,1.16,2.464,90.75,3.52941,3.52941,0,0.6875,11.3298,30,30,33.75
86,0,0,0,0,0.994752,0.99997,1.05963,3,1,1,1,0,0.953859,0.962404,0,0,6.61112,6.66667,6.63889,1391.5,970,385.156,970,982.109,24.9375,106.992,108.07,24.5391,25.3828,561.834,46.5,1.776,1.16,2.456,90.75,3.52941,3.52941,0,0.25,11.3298,30,30,33.75
86.033,0,0,0,0,0.994263,0.99997,1.05982,3,1,1,1,0,0.953859,0.961183,0,0,6.55556,6.63889,6.47223,1387.5,970,383.633,970,982.109,24.8203,106.945,107.953,24.0234,25.5234,561.834,46.5,1.764,1.16,2.444,90.75,3.52941,3.52941,0,0.234375,11.3298,30,30,33.75
86.066,0,0,0,0,0.993348,0.99997,1.05978,3,1,1,1,0,0.953859,0.959962,0,0,6.55556,6.63889,6.52778,1387.25,970,383.789,970,982.109,24.8438,106.828,107.859,24.9375,25.5234,561.834,46.5,1.78,1.16,2.46,90.75,3.52941,3.52941,0,0.21875,11.3298,30,30,33.75
86.1,0,0,0,0,0.992921,0.99997,1.0607,3,1,1,1,0,0.953859,0.961183,0,0,6.55556,6.63889,6.61112,1389.5,970,383.75,970,982.109,24.8438,106.828,107.859,25.1016,25.5234,561.834,46.5,1.788,1.15467,2.476,90.75,3.52941,3.52941,0,0.421875,11.3298,30,30,33.75
86.133,0,0,0,0,0.99286,0.99997,1.06036,3,1,1,1,0,0.953859,0.959962,0,0,6.55556,6.58334,6.75001,1390.25,970,384.844,970,982.109,24.9141,106.758,107.93,25.5703,25.4531,561.834,46.5,1.812,1.17867,2.5,90.75,3.52941,3.52941,0,0.765625,11.3298,30,30,33.75
86.166,0,0,0,0,0.993409,0.99997,1.05994,3,1,1,1,0,0.953859,0.958498,0,0,6.61112,6.63889,6.66667,1391.25,970,385.352,970,982.109,24.9609,106.805,108.023,25.1953,25.3828,561.463,46.5,1.804,1.17333,2.492,90.75,3.52941,3.52941,0,0.625,11.3298,30,30,33.75
86.2,0,0,0,0,0.9964,0.99997,1.05969,3,1,1,1,0,0.953859,0.957277,0,0,6.61112,6.63889,6.77778,1391.25,970,386.25,970,984.727,25.0078,106.805,108.023,25.5703,25.3828,561.463,46.5,1.816,1.18133,2.484,90.75,3.52941,3.52941,0,0.390625,11.3298,30,30,33.75
86.233,0,0,0,0,0.99347,0.99997,1.06012,3,1,1,1,0,0.953859,0.957277,0,0,6.61112,6.63889,6.69445,1388.75,970,386.406,970,982.109,25.0313,106.898,107.953,25.4297,25.4766,561.463,46.5,1.808,1.17867,2.476,90.75,3.52941,3.52941,0,0.203125,11.3298,30,30,33.75
86.266,0,0,0,0,0.993897,0.99997,1.06024,3,1,1,1,0,0.953859,0.957277,0,0,6.61112,6.58334,6.55556,1388,970,386.406,970,982.109,25.0313,106.828,107.906,24.8438,25.4766,561.463,46.5,1.8,1.17867,2.468,90.75,3.52941,3.52941,0,0.109375,11.3298,30,30,33.75
86.3,0,0,0,0,0.994019,0.99997,1.05966,3,1,1,1,0,0.953859,0.956056,0,0,6.61112,6.58334,6.61112,1386.5,970,386.406,970,982.109,25.0313,106.828,107.906,25.0547,25.5469,561.463,46.5,1.804,1.17067,2.472,90.75,3.52941,3.52941,0,0.171875,11.3298,30,30,33.75
86.333,0,0,0,0,0.993653,0.99997,1.06024,3,1,1,1,0,0.953859,0.957277,0,0,6.61112,6.63889,6.66667,1387,970,385.742,970,982.109,24.9844,106.781,107.813,25.1953,25.5234,561.131,46.5,1.804,1.16,2.472,90.75,3.52941,3.52941,0,0.4375,11.3298,30,30,33.75
86.366,0,0,0,0,0.993775,0.99997,1.06021,3,1,1,1,0,0.953859,0.957277,0,0,6.55556,6.63889,6.52778,1387,970,385.273,970,982.109,24.9375,106.734,107.836,24.6797,25.5234,561.131,46.5,1.788,1.16267,2.456,90.75,3.52941,3.52941,0,0.671875,11.3298,30,30,33.75
86.4,0,0,0,0,0.99347,0.99997,1.06027,3,1,1,1,0,0.953859,0.957277,0,0,6.55556,6.63889,6.47223,1387.75,970,384.375,970,982.109,24.8906,106.734,107.836,24.4453,25.5234,561.131,46.5,1.776,1.16533,2.464,90.75,3.52941,3.52941,0,0.703125,11.3298,30,30,33.75
86.433,0,0,0,0,0.993165,0.99997,1.05924,3,1,1,1,0,0.953859,0.954835,0,0,6.55556,6.63889,6.75001,1390.75,970,385.508,970,982.109,24.9609,106.734,107.859,25.4297,25.4297,561.131,46.5,1.808,1.17333,2.496,90.75,3.52941,3.52941,0,0.1875,11.3298,30,30,33.75
86.466,0,0,0,0,0.993653,0.99997,1.05954,3,1,1,1,0,0.953859,0.954835,0,0,6.61112,6.58334,6.72223,1388.75,970,386.094,970,982.109,25.0078,106.781,107.977,25.3594,25.4063,561.131,46.5,1.812,1.17867,2.5,90.75,3.52941,3.52941,0,0.25,11.3298,30,30,33.75
86.5,0,0,0,0,0.994263,0.99997,1.05963,3,1,1,1,0,0.953859,0.954835,0,0,6.61112,6.66667,6.66667,1386.75,970,386.367,970,982.109,25.0313,106.781,107.977,25.1953,25.5234,561.131,46.5,1.804,1.17333,2.484,90.75,3.52941,3.52941,0,0.34375,11.3298,30,30,33.75
86.533,0,0,0,0,0.994691,0.99997,1.05963,3,1,1,1,0,0.953859,0.954835,0,0,6.61112,6.58334,6.72223,1384.25,970,387.734,970,982.109,25.125,106.875,107.813,25.4297,25.5703,560.78,46.5,1.824,1.18133,2.504,90.75,3.52941,3.52941,0,0.609375,11.3298,30,30,33.75
86.566,0,0,0,0,0.995301,0.99997,1.0596,3,1,1,1,0,0.953859,0.954835,0,0,6.61112,6.66667,6.66667,1385.5,970,388.203,970,982.109,25.1484,106.711,107.719,25.1953,25.6172,560.78,46.5,1.816,1.18133,2.496,90.75,3.52941,3.52941,0,0.65625,11.3298,30,30,33.75
86.6,0,0,0,0,0.995484,0.99997,1.05963,3,1,1,1,0,0.953859,0.954835,0,0,6.61112,6.63889,6.66667,1386.5,970,388.203,970,982.109,25.1484,106.711,107.719,25.1719,25.5469,560.78,46.5,1.812,1.17867,2.492,90.75,3.52941,3.52941,0,0.703125,11.3298,30,30,33.75
86.633,0,0,0,0,0.995728,0.99997,1.05899,3,1,1,1,0,0.953859,0.953615,0,0,6.63889,6.58334,6.66667,1388.5,970,388.242,970,982.109,25.1719,106.641,107.813,25.125,25.4766,560.78,46.5,1.82,1.18133,2.5,90.75,3.52941,3.52941,0,0.328125,11.3298,30,30,33.75
86.666,0,0,0,0,0.996033,0.99997,1.05948,3,1,1,1,0,0.953859,0.954835,0,0,6.63889,6.58334,6.72223,1389,970,388.477,970,982.109,25.1719,106.711,107.906,25.3359,25.4297,560.78,46.5,1.824,1.184,2.504,90.75,3.52941,3.52941,0,0.09375,11.3298,30,30,33.75
86.7,0,0,0,0,0.996583,0.99997,1.05942,3,1,1,1,0,0.953859,0.954835,0,0,6.63889,6.61112,6.55556,1384.75,970,388.359,970,982.109,25.1719,106.711,107.906,24.7734,25.4766,560.78,46.5,1.808,1.18933,2.476,90.75,3.52941,3.52941,0,0.265625,11.3298,30,30,33.75
86.733,0,0,0,0,0.996766,0.99997,1.05902,3,1,1,1,0,0.953859,0.953615,0,0,6.61112,6.63889,6.80556,1381.25,970,389.258,970,982.109,25.2422,106.805,107.766,25.7813,25.6641,560.428,46.5,1.828,1.18933,2.496,90.75,3.52941,3.52941,0,0.609375,11.3298,30,30,33.75
86.766,0,0,0,0,0.997254,0.99997,1.05905,3,1,1,1,0,0.953859,0.953615,0,0,6.61112,6.61112,6.66667,1384,970,388.906,970,982.109,25.2188,106.664,107.672,25.2188,25.6641,560.428,46.5,1.82,1.18133,2.488,90.75,3.52941,3.52941,0,0.5,11.3298,30,30,33.75
86.8,0,0,0,0,0.997376,0.99997,1.05866,3,1,1,1,0,0.953859,0.952394,0,0,6.61112,6.66667,6.77778,1384.25,970,389.531,970,982.109,25.2656,106.664,107.672,25.6406,26.3203,560.428,46.5,1.832,1.18133,2.512,90.75,3.52941,3.52941,0,0.5,11.6899,30,30,33.75
86.833,0,0,0,0,0.997559,0.99997,1.05823,3,1,1,1,0,0.953859,0.951173,0,0,6.63889,6.66667,6.72223,1387,970,389.102,970,982.109,25.2188,106.594,107.789,25.3594,26.9063,560.428,46.5,1.82,1.176,2.5,90.75,3.52941,3.52941,0,0.515625,12.05,30,30,33.75
86.866,0,0,0,0,0.997926,0.99997,1.05786,3,1,1,1,0,0.953859,0.949953,0,0,6.63889,6.66667,6.77778,1387.25,970,389.609,970,982.109,25.2656,106.711,107.859,25.5703,27.5625,560.428,46.5,1.832,1.18933,2.512,90.75,3.52941,3.52941,0,0.109375,12.4101,30,30,33.75
86.9,0,0,0,0,0.997926,0.99997,1.05722,3,1,1,1,0,1,0.948488,0,0,6.63889,6.77778,6.80556,1386,970,389.844,970,982.109,25.2891,106.711,107.859,25.7109,29.25,560.428,46.5,1.764,1.17867,2.452,90.75,3.52941,3.92157,0,0.296875,13.1288,31.5,31.5,35.25
86.933,0,0,0,0,0.997437,0.99997,1.05713,3,1,1,1,0,1,0.948488,0,0,6.63889,7.58334,7.08334,1383,970,392.188,970,982.109,25.4531,106.758,107.813,26.8125,33.4219,560.077,46.5,1.8,1.14667,2.488,90.75,4.31373,4.31373,0,0.421875,15.2865,29.25,29.25,35.25
86.966,0,0,0,0,0.993043,0.99997,1.05634,3,1,1,1,0,1,0.947267,0,0,6.80556,8.30556,8.1389,1381.25,970,400.43,970,979.453,26.0391,106.711,107.695,30.8438,37.0078,560.077,46.5,1.92,1.248,2.608,90.75,4.70588,5.09804,0,0.5,17.0855,29.25,29.25,27
87,0,0,0,0,0.995606,0.99997,1.05612,3,1,1,1,0,1,0.947267,0,0,7.08334,8.69445,8.80556,1382.25,970,412.539,970,982.109,26.9297,106.711,107.695,33.9609,39.8906,560.077,46.5,2.088,1.344,2.768,90.75,5.4902,5.88235,0,0.703125,18.7045,29.25,29.25,27
87.033,0,0,0,0,0.987916,0.99997,1.05566,3,1,1,1,0,1,0.947267,0,0,7.55556,10.1111,9.91667,1385.5,970,438.672,970,976.836,28.8047,106.617,107.742,37.9922,44.2969,560.077,46.5,2.368,1.50934,3.048,90.75,6.27451,6.66667,0,0.234375,21.4023,28.5,28.5,26.25
87.066,0,0,0,0,0.990601,0.99997,1.05527,3,1,1,1,0,1,0.947267,0,0,7.94445,11.1667,10.8889,1391.5,970,473.203,970,979.453,31.3125,106.664,107.93,41.1328,47.3203,560.077,46.5,2.616,1.568,3.296,90.75,6.66667,7.05883,0,0.1875,23.2013,27.75,27.75,33
87.1,0,0,0,0,0.987794,0.99997,1.05521,3,1,1,1,0,1,0.948488,0,0,8.25001,11.7222,11.7222,1393.75,970,493.789,970,976.836,32.8125,106.664,107.93,44.7656,49.4063,560.077,46.5,2.74,1.66934,3.42,90.75,7.45098,7.45098,0,0.359375,24.4602,27.75,27.75,32.25
87.133,0,0,-1.5,0,0.98877,0.99997,1.03809,3,1,1,1,0,1,0.954835,0,0,9.11112,12.9167,12.3056,1399.75,970,533.75,970,976.836,35.6953,106.852,108.094,46.4766,56.1094,559.764,46.5,2.92,1.872,3.6,90.75,7.84314,8.62745,0,0.390625,28.4168,27,27,30.75
87.166,0,0,-1.5,0,0.984925,0.99997,1.0452,3,1,1,1,0,1,0.962404,0,0,9.91667,13.5,13,1400.25,970,554.023,970,974.18,37.1719,107.016,108.328,48.9375,61.6875,559.764,46.5,3.184,2.03734,3.864,90.75,8.62745,9.41177,0,0.65625,31.6548,24.75,24.75,30
87.2,0,0,-1.5,0,0.983704,0.99997,1.04831,3,1,1,1,0,1,0.969972,0,0,10.2778,15.5833,14.4722,1401.5,1020,599.844,970,974.18,40.4766,107.016,108.328,54.75,67.8281,559.764,46.5,3.624,2.15734,4.304,90.75,9.80392,10.5882,0,0.515625,35.2513,24.75,24.75,30
87.233,0,0,-1.5,0,0.97876,0.99997,1.04944,3,1,1,1,0,1,0.982423,0,0,11.3889,17.5833,16.3611,1403,1110,658.32,970,971.523,44.8359,107.484,108.375,61.9219,73.9453,559.764,46.5,4.032,2.43467,4.712,90.75,10.9804,11.7647,0,0.3125,39.3881,21.75,21.75,29.25
87.266,0,0,-1.5,0,0.974183,0.99997,1.04962,3,1,1,1,0,1,0.992677,0,0,12.6389,18.25,17.1389,1406,1170,689.336,970,968.906,47.0859,107.273,108.422,65.0859,78.5391,559.764,46.5,4.268,2.67467,4.948,90.75,12.1569,12.549,0,0.125,42.0858,21.75,21.75,21.75
87.3,0,0,-1.5,0,0.972352,0.99997,1.04877,3,1,1,1,0,1,1,0,0,13.2778,19.0278,18.0278,1412,1210,721.133,970,968.906,49.3828,107.273,108.422,67.8516,81.5859,559.764,46.5,4.464,2.78667,5.132,90.75,13.3333,13.7255,0,0.046875,44.245,21,21,21
87.333,0,0,-1.5,0,0.965638,0.99997,1.04813,3,1,1,1,0,1,1.00488,0,0,14.4445,20.4722,18.75,1417.75,1260,777.344,970,968.906,53.4844,107.344,108.867,69.8438,85.5469,559.784,46.5,4.616,2.912,5.284,90.75,14.5098,14.902,0,0.375,47.1228,18,18,18
87.366,0,0,-1.5,0,0.960511,0.99997,1.05051,3,1,1,1,0,1,1.01148,0,0,14.9722,20.2222,18.6111,1428.5,1300,821.953,970,968.906,56.7188,107.766,109.195,68.5547,89.0391,559.784,46.5,4.672,2.93067,5.34,90.75,15.6863,16.0784,0,0.40625,49.8206,17.25,17.25,18
87.4,0,0,-1.5,0,0.955018,0.99997,1.051,3,1,1,1,0,1,1.01148,0,0,15.4445,20.25,19.1389,1425.5,1320,843.164,970,968.906,58.2656,107.766,109.195,70.5703,91.5469,559.784,46.5,4.68,2.99467,5.36,90.75,16.8628,17.6471,0,0.484375,51.4381,16.5,16.5,16.5
87.433,0,0,-1.5,0,0.955384,0.99997,1.05628,3,1,1,1,0,1,1.02002,0,3.51563,16.1945,19.4167,19.5278,1421.25,1350,881.25,970,971.523,61.1719,108.305,109.102,71.5078,95.1797,559.784,46.5,4.9,3.13334,5.58,90.75,18.8235,20,0,0.328125,53.4172,15,15,27
87.466,0,0,-1.5,0,0.955689,0.99997,1.05679,3,1,1,1,0,1,1.02002,0,9.76563,16.9445,19.6389,19.9445,1423.25,1370,899.453,970,971.523,62.5078,107.953,109.172,73.0781,97.0078,559.784,46.5,5.04,3.33334,5.72,90.75,21.1765,26.6667,0,0.015625,54.8561,14.25,14.25,26.25
87.5,0,0,-1.5,0,0.956238,0.99997,1.06079,3,1,1,1,0,1,1.02661,0,9.76563,17.3056,17.9722,20.6945,1427.5,1390,937.383,970,971.523,65.25,107.953,109.172,75.75,98.7188,559.784,46.5,5.556,3.53867,6.244,90.75,29.8039,42.353,0,0.0625,55.9349,12,12,18.75
87.533,0,0,-1.5,0,0.971253,0.99997,1.0676,3,1,1,1,0,1,1.0459,0,12.8906,18.3889,18.3056,22.3334,1446.25,1410,985.586,970,971.523,68.7656,108.047,109.313,80.7656,100.242,559.705,46.5,5.476,3.576,6.164,90.75,47.8432,58.4314,0,0.078125,57.3738,9,9,9
87.566,0,0,-1.5,0,0.994508,0.99997,1.06931,3,1,1,1,0,1,1.0459,0,16.0156,19.1945,19.1945,21.1389,1444.75,1440,997.5,970,976.797,69.6328,108.234,109.945,76.5469,102.047,559.705,46.5,5.532,3.73067,6.22,90.75,59.2157,67.451,0,0.390625,58.4527,12,12,12
87.6,0,0,-1.5,0,1.0014,0.99997,1.07584,3,1,1,1,0,1,1.05689,0,16.0156,19.3333,19.7222,20.7222,1459.25,1460,1007.93,970,976.836,70.4531,108.234,109.945,73.4063,103.664,559.705,46.5,5.58,3.74667,6.26,90.75,69.0196,74.902,0,0.5625,59.533,8.25,8.25,8.25
87.633,0,0,-1.5,0,1.01074,0.99997,1.07758,3,1,1,1,0,1,1.0459,0,19.9219,19.7222,20,21.1111,1459.25,1500,1016.33,970,982.109,71.2734,109.055,110.484,74.1094,107.18,559.705,46.5,5.628,3.79467,6.308,90.75,77.2549,77.6471,0,0.203125,61.5106,10.5,10.5,9.75
87.666,0,0,-1.5,0,1.02087,0.99997,1.0824,3,1,1,1,0,1,1.04199,0,23.4375,19.9445,20.1389,20.9167,1464.5,1520,1018.87,970,987.383,71.4609,109.289,110.484,72.9375,108.328,559.705,46.5,5.628,3.8,6.308,90.75,78.8236,77.6471,0,-0.078125,61.8707,9,9,9.75
87.7,0,0,-1.5,0,1.02496,0.99997,1.08447,3,1,1,1,0,1,1.03394,0,23.4375,20.0833,20.3056,21.1111,1475.25,1530,1023.13,970,990.039,71.7891,109.289,110.484,72.7734,109.289,559.705,46.5,5.628,3.808,6.316,90.75,78.8236,77.6471,0,-0.171875,62.9495,11.25,11.25,9.75
87.733,0,0,-1.5,0,1.0332,0.99997,1.08756,3,1,1,1,0,1,1.02319,0,25.7813,20.3056,20.4722,21.5,1479.25,1530,1030.7,970,995.313,72.3984,109.313,111.07,73.5,109.313,559.823,46.5,5.68,3.81867,6.368,90.75,80.3922,79.2157,0,0.015625,63.6697,9.75,9.75,10.5
87.766,0,0,-1.5,0,1.03833,0.99997,1.08868,3,1,1,1,0,1,1.02319,0,27.3438,20.5833,20.5278,21.8334,1483.75,1530,1034.69,970,997.93,72.7031,109.852,111.211,75.0234,109.688,559.823,46.5,5.708,3.856,6.396,90.75,80,79.2157,0,0.171875,64.0283,11.25,11.25,10.5
87.8,0,0,-1.5,0,1.0426,0.99997,1.08389,3,1,1,1,0,1,1.00366,0,27.3438,20.6667,21.3334,21.8889,1490.25,1540,1038.01,970,1000.59,72.9609,109.852,111.211,74.6484,109.828,559.823,46.5,5.668,3.83734,6.348,90.75,80,79.2157,0,0.390625,64.3884,10.5,10.5,10.5
87.833,0,0,-1.5,0,1.04688,0.99997,1.08618,3,1,1,1,0,1,1.00855,0,28.9063,20.8333,21.4445,22.3889,1499,1540,1043.98,970,1005.86,73.4531,110.016,111.609,75.6797,110.016,559.823,46.5,5.7,3.84267,6.38,90.75,81.5687,80.3922,0,0.015625,65.1086,10.5,10.5,9.75
87.866,0,0,-1.5,0,1.05298,0.99997,1.08188,3,1,1,1,0,1,0.997072,0,30.4688,21.0556,21.4722,21.9167,1501.75,1540,1044.61,970,1011.13,73.5234,110.391,111.938,73.875,110.391,559.823,46.5,5.684,3.84267,6.364,90.75,80.7843,80.3922,0,0.109375,65.4672,10.5,10.5,9.75
87.9,0,0,-1.5,0,1.05481,0.99997,1.08222,3,1,1,1,0,1,0.997072,0,30.4688,21.1667,21.5834,22.7222,1513,1540,1050.31,970,1013.79,73.9688,110.391,111.938,76.0547,110.391,559.823,45.75,5.712,3.83467,6.4,90.75,80.7843,80.3922,0,-0.046875,65.4672,9,9,9.75
87.933,0,0,-1.5,0,1.06268,0.99997,1.08124,3,1,1,1,0,1,1.00171,0,30.4688,21.4167,21.75,22.4445,1518.75,1540,1055.9,970,1019.1,74.4141,110.672,112.594,74.6484,110.672,560.643,45.75,5.724,3.88,6.412,90.75,81.1765,81.5687,0,0.15625,65.4672,10.5,10.5,9.75
87.966,0,0,-1.5,0,1.06903,0.99997,1.07907,3,1,1,1,0,1,0.995607,0,30.4688,21.6389,21.8334,22.8889,1522,1550,1058.4,970,1024.34,74.6016,111.258,112.875,76.0547,111.258,560.643,45.75,5.72,3.86667,6.408,90.75,81.9608,81.5687,0,0.28125,65.4672,10.5,10.5,9.75
88,0,0,-1.5,0,1.07202,0.99997,1.07913,3,1,1,1,0,1,0.998537,0,30.4688,21.8056,22.6111,23.3611,1539.25,1550,1063.67,970,1026.99,75.0234,111.258,112.875,76.8281,111.258,560.643,45.75,5.768,3.87467,6.448,90.75,81.9608,81.5687,0,0.203125,65.4672,7.5,7.5,7.5
88.033,0,0,-1.5,0,1.07983,0.99997,1.07773,3,1,1,1,0,1,0.997072,0,30.4688,22.1111,22.8056,23.3056,1544.25,1550,1068.01,970,1034.92,75.3984,111.563,113.836,75.7969,111.563,560.643,45.75,5.78,3.91467,6.46,90.75,83.1373,83.1373,0,0.078125,65.4672,9,9,9
88.066,0,0,-1.5,0,1.08417,0.99997,1.07886,3,1,1,1,0,1,1.00171,0,30.4688,22.1667,22.8056,23.3889,1540.5,1570,1070.47,970,1040.2,75.5859,112.406,113.906,77.0156,112.406,560.643,45.75,5.792,3.91734,6.472,90.75,83.5294,83.1373,0,-0.125,65.4672,9,9,12.75
88.1,0,0,-1.5,0,1.08405,0.99997,1.07886,3,1,1,1,0,1,1.00488,0,30.4688,22.3889,22.8889,23.5278,1552.75,1570,1076.02,970,1040.23,76.0313,112.406,113.906,76.9453,112.406,560.643,45.75,5.82,3.936,6.5,90.75,83.9216,83.1373,0,-0.125,65.8273,9.75,9.75,9.75
88.133,0,0,-1.5,0,1.09015,0.99997,1.07959,3,1,1,0.981935,0,1,1.00611,0,31.25,22.6945,23.7222,23.8056,1568.25,1570,1080.51,970,1045.51,76.4063,112.477,114.492,77.1328,112.477,561.287,45.75,5.848,3.952,6.528,90.75,84.3138,84.7059,0,0.09375,65.8273,8.25,8.25,8.25
88.166,0,0,-1.5,0,1.09766,0.99997,1.08032,3,1,1,0.978517,0,1,1.00733,0,31.25,22.9722,23.8056,24.3611,1572.5,1570,1084.02,970,1053.44,76.6875,113.016,115.43,78.7266,113.016,561.287,45.75,5.868,3.968,6.548,90.75,84.3138,84.7059,0,0.265625,66.1874,9.75,9.75,9.75
88.2,0,0,-1.5,0,1.10144,0.99997,1.0806,3,1,1,0.978517,0,0.978517,1.00488,0,31.25,23.1389,23.9167,24.8611,1581.75,1570,1089.34,970,1058.67,77.1094,113.016,115.43,79.3828,113.016,561.287,45.75,6.024,3.968,6.704,90.75,85.0981,84.7059,0,0.15625,66.1874,9.75,9.75,9
88.233,0,0,-1.5,0,1.10773,0.99997,1.08252,3,1,1,0.976076,0,0.978517,1.01001,0,32.8125,23.3889,24.0556,24.8889,1584.75,1580,1096.68,970,1063.95,77.6953,113.836,115.875,79.4063,113.836,561.287,45.75,6.068,4.10401,6.748,90.75,85.8824,87.0589,0,-0.171875,67.2662,10.5,10.5,8.25
88.266,0,0,-1.5,0,1.11316,0.99997,1.08139,3,1,1,0.974367,0,0.978517,1.00366,0,35.1563,23.6111,24.2778,24.9167,1593.25,1590,1100.55,970,1069.26,78.0234,114.258,116.18,78.5859,114.258,561.287,45.75,6.072,4.11201,6.752,90.75,87.451,87.0589,0,-0.046875,67.6264,10.5,10.5,9
88.3,0,0,-1.5,0,1.11762,0.99997,1.08279,3,1,1,0.974367,0,0.974367,1.00611,0,35.1563,23.7778,24.3334,25.1667,1595.75,1590,1102.66,970,1074.57,78.2109,114.258,116.18,79.4063,114.258,561.287,45.75,6.12,4.14401,6.8,90.75,87.0589,87.0589,0,0.046875,68.3451,9,9,9
88.333,0,0,-1.5,0,1.12323,0.99997,1.0867,3,1,1,0.967043,0,0.974367,1.00171,0,35.9375,24.1945,25.2222,25.6667,1617.25,1590,1110.12,970,1079.84,79.0547,114.891,116.977,80.25,114.891,562.381,45.75,6.224,4.19467,6.904,90.75,88.6275,87.8432,0,0.296875,68.3451,10.5,10.5,9
88.366,0,0,-1.5,0,1.12787,0.99997,1.0856,3,1,1,0.961671,0,0.974367,0.995607,0,35.9375,24.5278,25.3334,26.25,1618.75,1590,1113.91,970,1085.12,79.4766,115.383,117.563,81.5391,115.383,562.381,45.75,6.256,4.23467,6.936,90.75,87.8432,87.8432,0,0.015625,68.3451,9,9,9
88.4,0,0,-1.5,0,1.13281,0.99997,1.08783,3,1,1,0.961671,0,0.961671,0.995607,0,35.9375,24.6667,25.4445,26.1111,1628.75,1590,1117.97,970,1090.39,79.8047,115.383,117.563,80.7422,115.383,562.381,45.75,6.36,4.24267,7.048,90.75,87.8432,87.8432,0,-0.015625,68.7052,9.75,9.75,9.75
88.433,0,0,-1.5,0,1.13879,0.99997,1.09152,3,1,1,0.957521,0,0.961671,0.995607,0,36.7188,24.7778,25.5834,25.7778,1627,1600,1117.19,970,1098.32,79.8984,115.922,118.125,79.3828,115.922,562.381,45.75,6.352,4.30934,7.04,90.75,89.4118,90.5883,0,-0.1875,69.0653,9,9,9.75
88.466,0,0,-1.5,0,1.14233,0.99997,1.09177,3,1,1,0.954347,0,0.961671,0.992677,0,38.2813,25,25.6945,26.25,1639.75,1600,1121.68,970,1103.63,80.3203,116.344,118.406,80.5078,116.344,562.381,45.75,6.388,4.32534,7.076,90.75,90.9804,90.5883,0,0.046875,69.4254,10.5,10.5,9.75
88.5,0,0,-1.5,0,1.14655,0.99997,1.09213,3,1,1,0.954347,0,0.954347,0.984865,0,38.2813,25.1111,25.75,26.1389,1651.75,1600,1120.74,970,1108.87,80.2734,116.344,118.406,79.7109,116.344,562.381,45.75,6.412,4.32534,7.092,90,90.9804,90.5883,0,0.109375,70.1441,9.75,9.75,9.75
88.533,0,0,-1.5,0,1.15076,0.99997,1.09784,3,1,1,0.95215,0,0.954347,0.988527,0,39.8438,25.6945,26.5556,27,1667,1600,1125.43,970,1114.14,80.8828,116.836,119.508,81.8906,116.836,563.221,45.75,6.536,4.42401,7.216,90,90.9804,91.3726,0,0.03125,70.1441,5.25,5.25,5.25
88.566,0,0,-1.5,0,1.15802,0.99997,1.09674,3,1,1,0.950441,0,0.954347,0.984865,0,39.8438,25.8611,26.75,27.0834,1668.5,1610,1129.92,970,1122.07,81.3047,117.609,119.859,81.5859,117.609,563.221,45.75,6.556,4.43734,7.236,90,91.7647,91.3726,0,-0.375,70.1441,9,9,9
88.6,0,0,-1.5,0,1.15802,0.99997,1.09891,3,1,1,0.950441,0,0.950441,0.984865,0,39.8438,25.9722,26.8056,27.6389,1677.75,1610,1134.26,970,1124.77,81.6563,117.609,119.859,83.2031,117.609,563.221,45,6.612,4.44001,7.292,90.75,91.3726,91.3726,0,-0.171875,70.5042,8.25,8.25,8.25
88.633,0,0,-1.5,0,1.1673,0.99997,1.10165,3,1,1,0.94922,0,0.950441,0.976076,0,41.4063,26.2222,26.9167,27.4722,1686.25,1610,1136.95,970,1135.27,82.0078,117.961,120.445,82.5703,117.961,563.221,45,6.644,4.49601,7.324,90.75,92.5491,93.7255,0,-0.125,71.2229,9,9,9
88.666,0,0,-1.5,0,1.1698,0.99997,1.10336,3,1,1,0.948244,0,0.950441,0.973634,0,42.1875,26.4445,27.9167,27.5,1698.75,1620,1137.46,970,1137.97,82.1953,118.477,121.055,81.6328,118.477,563.221,45,6.656,4.49601,7.336,90.75,94.1177,93.7255,0,0.09375,71.583,7.5,7.5,7.5
88.7,0,0,-1.5,0,1.17243,0.99997,1.10422,3,1,1,0.948244,0,0.948244,0.969972,0,42.1875,26.6945,27.8889,28.3611,1698.75,1620,1140.86,970,1145.9,82.4531,118.477,121.055,84.4219,118.477,563.221,45,6.7,4.53601,7.38,90,93.7255,93.7255,0,0.234375,71.9431,10.5,10.5,9.75
88.733,0,0,-1.5,0,1.17151,0.99997,1.10608,3,1,1,0.947511,0,0.948244,0.966066,0,43.75,27.0834,27.9722,28.6111,1717,1620,1146.72,970,1148.52,83.2969,119.367,121.875,84.7266,119.367,564.432,45,6.8,4.58934,7.48,90,95.2942,95.6863,0,-0.234375,72.3017,9,9,9
88.766,0,0,-1.5,0,1.17548,0.99997,1.10462,3,1,1,0.947023,0,0.948244,0.958498,0,45.7031,27.3889,28.0834,28.6945,1722,1620,1147.93,970,1153.79,83.4141,119.766,122.555,84.0938,119.766,564.432,45,6.796,4.60267,7.476,90,96.0785,95.6863,0,-0.296875,72.6618,9,9,9
88.8,0,0,-1.5,0,1.18274,0.99997,1.10452,3,1,1,0.947023,0,0.947023,0.951173,0,45.7031,27.5556,29,28.8334,1726.5,1620,1150.2,970,1161.72,83.7422,119.766,122.555,83.7891,119.766,564.432,45,6.812,4.61867,7.492,90.75,95.6863,95.6863,0,-0.09375,73.0219,8.25,8.25,8.25
88.833,0,0,-1.5,0,1.18298,0.99997,1.10492,3,1,1,0.946535,0,0.947023,0.951173,0,45.7031,27.9722,29.0556,29,1744.5,1630,1157.3,970,1167.03,84.4453,120.328,123.117,84.3047,120.328,564.432,45,6.864,4.66401,7.544,90.75,96.8628,97.6471,0,0.21875,73.3821,9,9,9
88.866,0,0,-1.5,0,1.18805,0.99997,1.10455,3,1,1,0.946291,0,0.947023,0.949953,0,47.2656,28.1945,29.2222,29.3889,1747.75,1630,1156.84,970,1174.92,84.5391,120.773,123.633,84.1406,120.773,564.432,45,6.86,4.64534,7.54,90.75,98.4314,97.6471,0,0.0625,74.1008,7.5,7.5,9
88.9,0,0,-1.5,0,1.19226,0.99997,1.10455,3,1,1,0.946291,0,0.946291,0.953615,0,47.2656,28.3056,29.1667,30.2222,1760.5,1630,1162.03,970,1182.85,84.9375,120.773,123.633,87,120.773,564.432,45,6.904,4.65334,7.584,90,97.2549,97.6471,0,-0.09375,74.1008,9,9,8.25
88.933,0,0,-1.5,0,1.19623,0.99997,1.10385,3,1,1,0.946046,0,0.946291,0.949953,0,48.0469,28.6389,30.0834,30.1389,1770,1630,1164.61,970,1188.13,85.3359,121.266,124.477,86.5313,121.266,565.467,45,6.94,4.69334,7.62,90,98.8236,99.6079,0,-0.25,74.1008,8.25,8.25,9
88.966,0,0,-1.5,0,1.19824,0.99997,1.10379,3,1,1,0.945802,0,0.946291,0.949953,0,48.8281,29.1667,30.1945,30.5834,1781.75,1640,1169.69,970,1193.4,85.8984,121.969,125.227,87.4219,121.969,565.467,45,6.992,4.73601,7.672,90,100,99.6079,0,-0.09375,74.4609,9.75,9.75,9
89,0,0,-1.5,0,1.19562,0.99997,1.10272,3,1,1,0.945802,0,0.945802,0.943605,0,48.8281,29.1667,30.2222,31.0278,1780.75,1640,1173.75,970,1193.44,86.2266,121.969,125.227,88.8516,121.969,565.467,45,7.024,4.72267,7.712,90,99.6079,99.6079,0,0.078125,74.4609,8.25,8.25,9
89.033,0,0,-1.5,0,1.20734,0.99997,1.10266,3,1,1,0.945558,0,0.945802,0.941164,0,48.8281,29.4722,30.3889,31.2778,1790.25,1640,1181.05,970,1206.6,86.8828,122.531,125.555,88.5469,122.531,565.467,45,7.084,4.78934,7.772,90,100,100,0,-0.15625,74.4609,8.25,8.25,9
89.066,0,0,-1.5,0,1.21149,0.99997,1.10108,3,1,1,0.945558,0,0.945802,0.936525,0,48.8281,30,30.5,31.2778,1804.75,1640,1182.85,970,1211.88,87.2344,122.93,126.563,88.0781,122.93,565.467,45,7.108,4.81601,7.796,90,100,100,0,-0.34375,74.4609,6.75,6.75,8.25
89.1,0,0,-1.5,0,1.2124,0.99997,1.09958,3,1,1,0.945558,0,0.945558,0.934328,0,48.8281,30.2222,31.4445,32.0834,1822.25,1640,1186.21,970,1214.57,87.5156,122.93,126.563,89.1094,122.93,565.467,45,7.124,4.80801,7.812,90,100,100,0,0.03125,74.4609,5.25,5.25,5.25
89.133,0,0,-1.5,0,1.22199,0.99997,1.09775,3,1,1,0.945558,0,0.945558,0.933107,0,48.8281,30.6389,31.6111,32.4167,1825.75,1650,1193.87,970,1225.12,88.4063,123.891,127.805,89.3203,123.891,566.776,45,7.192,4.87467,7.88,90,100,100,0,-0.09375,74.4609,6.75,6.75,7.5
89.166,0,0,-1.5,0,1.22614,0.99997,1.09561,3,1,1,0.945558,0,0.945558,0.929933,0,48.8281,31.1945,31.75,33.5278,1835,1660,1202.19,970,1230.43,89.1563,124.758,128.227,92.4609,124.758,566.776,45,7.252,4.91467,7.94,90,100,100,0,0.234375,74.4609,8.25,8.25,8.25
89.2,0,0,-1.5,0,1.23523,0.99997,1.09427,3,1,1,0.945558,0,0.945558,0.929933,0,48.8281,31.3056,32,33.1111,1844,1660,1204.96,970,1238.32,89.3906,124.758,128.227,90.4688,124.758,566.776,45,7.264,4.91467,7.944,90,100,100,0,0.03125,74.4609,6,6,7.5
89.233,0,0,-1.5,0,1.23743,0.99997,1.09134,3,1,1,0.945314,0,0.945558,0.926515,0,48.8281,31.7778,32.8611,33.3056,1860,1660,1210.78,970,1240.98,90.0703,125.156,129.188,91.3359,125.156,566.776,45,7.276,4.93067,7.956,90,100,100,0,-0.234375,74.1008,6.75,6.75,6.75
89.266,0,0,-1.5,0,1.24341,0.99997,1.08954,3,1,1,0.945314,0,0.945558,0.922121,0,48.0469,32.25,32.9722,34.4722,1864,1670,1216.41,970,1248.91,90.7031,126.047,129.844,93.75,126.047,566.776,45,7.344,4.97867,8.024,90,100,100,0,0.09375,74.1008,6.75,6.75,7.5
89.3,0,0,-1.5,0,1.25409,0.99997,1.08737,3,1,1,0.945314,0,0.945314,0.921144,0,48.0469,32.4167,33.1945,34.5834,1876.25,1670,1222.03,970,1259.41,91.1719,126.047,129.844,93.0469,126.047,566.776,45,7.384,4.99201,8.064,90,100,100,0,0.28125,74.1008,8.25,8.25,7.5
89.333,0,0,-1.5,0,1.25714,0.99997,1.08478,3,1,1,0.941408,0,0.945314,0.923341,0,48.0469,33.1111,34.1945,35.3889,1889.5,1670,1231.8,970,1262.11,92.2266,126.68,130.992,95.2969,126.68,568.182,45,7.456,5.02934,8.136,90,100,100,0,0.09375,74.1008,7.5,7.5,7.5
89.366,0,0,-1.5,0,1.2677,0.99997,1.08148,3,1,1,0.938478,0,0.945314,0.919923,0,48.0469,33.4167,34.5,35.1667,1900,1680,1235.39,970,1272.7,92.7188,127.547,131.813,93.1406,127.547,568.182,45,7.48,5.06134,8.16,90,100,100,0,-0.03125,74.1008,8.25,8.25,6.75
89.4,0,0,-1.5,0,1.26825,0.99997,1.07932,3,1,1,0.938478,0,0.938478,0.917726,0,48.0469,33.8611,34.5,36.3611,1912.5,1680,1244.61,970,1275.31,93.4688,127.547,131.813,96.8672,127.547,568.182,45,7.588,5.08267,8.268,90,100,100,0,-0.328125,74.1008,8.25,8.25,6.75
89.433,0,0,-1.5,0,1.28461,0.99997,1.07651,3,1,1,0.932374,0,0.938478,0.917726,0,48.0469,34.4445,34.7778,36.3056,1922,1680,1252.46,970,1288.52,94.2891,128.25,132.656,95.6719,128.25,568.182,45,7.668,5.18667,8.348,90,100,100,0,0.109375,73.7406,7.5,7.5,7.5
89.466,0,0,-1.5,0,1.28815,0.99997,1.07501,3,1,1,0.927736,0,0.938478,0.922121,0,46.4844,34.9723,35.6945,36.9723,1929.25,1690,1259.84,970,1291.13,95.0391,128.93,133.289,98.1094,128.93,568.182,45,7.716,5.23467,8.396,90,100,100,0,0.546875,73.3821,8.25,8.25,7.5
89.5,0,0,-1.5,0,1.29645,0.99997,1.07269,3,1,1,0.927736,0,0.927736,0.924318,0,46.4844,35.1389,36.0834,37.4167,1939.75,1690,1263.4,970,1299.1,95.3672,128.93,133.289,96.9375,128.93,568.182,45,7.788,5.21867,8.476,90.75,100,100,0,0.078125,72.4818,6.75,6.75,6
89.533,0,0,-1.5,0,1.29968,0.99997,1.0715,3,1,1,0.922365,0,0.927736,0.925539,0,44.9219,35.5556,36.1667,37.4167,1951.5,1690,1272.19,970,1304.34,96.2578,129.469,134.25,97.6875,129.469,569.608,45,7.864,5.32801,8.552,90.75,100,100,0,-0.25,71.7631,6.75,6.75,6.75
89.566,0,0,-1.5,0,1.31152,0.99997,1.06992,3,1,1,0.918214,0,0.927736,0.922121,0,42.1875,35.9445,36.5,37.6667,1968.75,1700,1274.3,970,1314.92,96.6094,130.242,134.859,96.4453,130.242,569.608,45,7.868,5.33334,8.556,90.75,100,100,0,-0.34375,71.403,4.5,4.5,4.5
89.6,0,0,-1.5,0,1.31378,0.99997,1.0694,3,1,1,0.918214,0,0.918214,0.922121,0,42.1875,36.4167,37.4167,38.1667,1979.25,1700,1281.41,970,1317.58,97.1953,130.242,134.859,98.2969,130.242,569.608,45,7.988,5.41867,8.668,90,100,100,0,0.15625,71.403,5.25,5.25,5.25
89.633,0,0,-1.5,0,1.32422,0.99997,1.06903,3,1,1,0.911378,0,0.918214,0.922121,0,42.1875,36.8889,37.8056,39.2223,1987.75,1700,1285.47,970,1328.16,97.8516,130.922,136.359,99.2813,130.922,569.608,45,8.048,5.45867,8.728,90,100,100,0,0.28125,70.6843,5.25,5.25,5.25
89.666,0,0,-1.5,0,1.33429,0.99997,1.06809,3,1,1,0.906251,0,0.918214,0.924318,0,40.625,37.5278,37.9445,39.3334,1994.75,1700,1294.38,970,1336.09,98.7188,132,136.992,99.5391,131.414,569.608,45,8.152,5.53334,8.832,90,100,100,0,0.046875,70.3242,6,6,6
89.7,0,0,-1.5,0,1.34229,0.99997,1.06726,3,1,1,0.906251,0,0.906251,0.919923,0,40.625,37.6945,38.1945,39.6111,2001.75,1690,1297.62,970,1343.98,99,132,136.992,99.6328,130.688,569.608,45,8.244,5.52534,8.912,90.75,100,100,0,-0.265625,70.3242,6,6,6
89.733,0,0,-1.5,0,1.35034,0.99997,1.0679,3,1,1,0.902345,0,0.906251,0.917726,0,40.625,38.2778,39.3334,40.4445,2020,1700,1306.33,970,1351.91,99.8438,132.469,138.07,101.344,131.508,571.307,45,8.332,5.64801,9,90.75,100,100,0,0.0625,69.964,8.25,8.25,7.5
89.766,0,0,-1.5,0,1.35584,0.99997,1.06787,3,1,1,0.899415,0,0.906251,0.916505,0,39.8438,38.9723,39.4723,41.8334,2027.25,1710,1318.67,970,1357.23,100.805,133.195,139.219,104.906,132,571.307,45,8.448,5.73601,9.116,90.75,100,100,0,0.28125,69.964,8.25,8.25,6.75
89.8,0,0,-1.5,0,1.3714,0.99997,1.06815,3,1,1,0.899415,0,0.899415,0.917726,0,39.8438,39.25,39.9167,41.3334,2039.25,1700,1322.38,970,1370.43,101.133,133.195,139.219,101.555,131.602,571.307,45,8.56,5.76267,9.24,90,100,100,0,-0.046875,69.6039,7.5,7.5,6.75
89.833,0,0,-0.75,0,1.38007,0.99997,1.06979,3,1,1,0.897218,0,0.899415,0.919923,0,39.0625,39.7778,41.3334,41.8611,2054.5,1700,1329.1,970,1378.36,101.906,134.508,140.25,103.242,131.977,571.307,45,8.616,5.85867,9.296,90,100,100,0,-0.15625,69.2453,8.25,8.25,6.75
89.866,0,0,-0.75,0,1.3841,0.99997,1.06931,3,1,1,0.895509,0,0.899415,0.911134,0,37.5,40.1945,41.0556,41.8611,2066,1710,1334.88,970,1383.63,102.352,135.117,140.953,102.844,132.352,571.307,45,8.636,5.88267,9.316,90,100,100,0,-0.1875,68.8852,7.5,7.5,7.5
89.9,0,0,-0.75,0,1.39026,0.99997,1.07019,3,1,1,0.895509,0,0.895509,0.907716,0,37.5,40.5834,41.2223,42.4167,2073.25,1700,1342.46,970,1388.91,102.984,135.117,140.953,104.016,131.883,571.307,45,8.764,5.90934,9.452,90,100,100,0,0.3125,68.5251,8.25,8.25,7.5
89.933,0,0,-0.75,0,1.39874,0.99997,1.0708,3,1,1,0.892335,0,0.895509,0.901124,0,36.7188,41,42.25,42.8056,2087,1710,1346.95,970,1396.84,103.359,135.75,141.75,104.719,132.469,572.694,45,8.776,5.95201,9.464,90,100,100,0,-0.015625,68.5251,7.5,7.5,7.5
89.966,0,0,-0.75,0,1.40448,0.99997,1.07095,3,1,1,0.889894,0,0.895509,0.901124,0,36.7188,41.3056,42.5,43.0278,2093.5,1720,1352.97,970,1404.77,103.828,136.523,142.5,104.508,133.219,572.694,45,8.8,6.00001,9.488,90,100,100,0,-0.03125,68.5251,9,9,7.5
90,0,0,-0.75,0,1.40357,0.99997,1.07028,3,1,1,0.889894,0,0.889894,0.89673,0,36.7188,41.5834,42.4723,42.9445,2103.25,1700,1355.04,970,1407.38,104.039,136.523,142.5,104.789,132.094,572.694,45,8.848,5.98667,9.552,90,100,100,0,0.109375,68.165,9,9,8.25
90.033,0,0,-0.75,0,1.41187,0.99997,1.07004,3,1,1,0.884279,0,0.889894,0.894533,0,35.9375,42.0556,43.5,43.9167,2124.25,1710,1358.44,970,1417.97,104.32,137.25,143.461,105.539,132.773,572.694,45,8.88,6.02134,9.584,90,100,100,0,-0.015625,68.165,8.25,8.25,9
90.066,0,0,-0.75,0,1.41119,0.99997,1.06967,3,1,1,0.880128,0,0.889894,0.890138,0,35.9375,42.5,43.5278,43.9445,2133.5,1720,1364.69,970,1420.59,104.789,138.141,144.797,105.656,133.547,572.694,45,8.916,6.07734,9.62,90,100,100,0,-0.125,68.165,8.25,8.25,9
90.1,0,0,-0.75,0,1.41773,0.99997,1.06876,3,1,1,0.880128,0,0.880128,0.88672,0,35.9375,42.75,43.7223,45.1945,2141,1730,1370.98,970,1428.52,105.328,138.141,144.797,107.859,134.133,572.694,45,9.056,6.08267,9.744,90,100,100,0,-0.421875,68.165,8.25,8.25,8.25
90.133,0,0,-0.75,0,1.42578,0.99997,1.06763,3,1,1,0.872804,0,0.880128,0.881349,0,35.9375,43.3889,43.9723,44.6111,2155.25,1730,1377.46,970,1436.41,105.867,139.43,145.945,105.75,134.297,574.393,45,9.116,6.19734,9.804,90,100,100,0,0.046875,68.165,9.75,9.75,8.25
90.166,0,0,-0.75,0,1.43213,0.99997,1.0658,3,1,1,0.867677,0,0.880128,0.877199,0,35.9375,43.7778,44.5834,45.4723,2164,1750,1379.84,970,1444.38,106.055,140.602,146.648,107.086,135.609,574.393,45,9.104,6.19467,9.792,90,100,100,0,0.25,68.165,9,9,9
90.2,0,0,-0.75,0,1.4353,0.99997,1.06409,3,1,1,0.867677,0,0.867677,0.87256,0,35.9375,43.8889,44.1667,45.25,2173.5,1750,1380.74,970,1449.65,106.148,140.602,146.648,106.828,136.125,574.393,45,9.2,6.19201,9.888,90,100,100,0,-0.296875,68.165,9,9,7.5
90.233,0,0,-0.75,0,1.43384,0.99997,1.06247,3,1,1,0.85962,0,0.867677,0.867189,0,35.1563,44.1945,45.0556,45.9167,2180,1760,1390.51,970,1449.65,106.969,141.281,147.539,109.078,136.969,574.393,45,9.308,6.32001,9.996,90,100,100,0,-0.265625,67.8064,9.75,9.75,9.75
90.266,0,0,-0.75,0,1.4436,0.99997,1.06027,3,1,1,0.853761,0,0.867677,0.85962,0,35.1563,44.6667,45.1667,46,2185,1760,1393.71,970,1460.23,107.203,142.195,148.406,108.703,136.992,574.393,45,9.32,6.34134,10.008,90,100,100,0,0.25,67.8064,9,9,14.25
90.3,0,0,0,0,1.44879,0.99997,1.05805,3,1,1,0.853761,0,0.853761,0.852296,0,35.1563,44.7778,45.4445,46.25,2193.75,1760,1395.39,970,1465.51,107.367,142.195,148.406,107.977,136.922,574.393,45,9.452,6.33067,10.132,90,100,100,0,0.40625,67.8064,9.75,9.75,12
90.333,0,0,0,0,1.45764,0.99997,1.05624,3,1,1,0.849367,0,0.853761,0.848634,0,35.1563,45.3056,47.3889,46.5,2219,1770,1393.05,970,1476.09,107.227,143.063,149.109,106.313,137.555,576.483,45,9.392,6.41334,10.072,90,100,100,0,-0.265625,67.8064,8.25,8.25,8.25
90.366,0,0,0,0,1.44733,0.99997,1.05402,3,1,1,0.845949,0,0.853761,0.850587,0,35.1563,45.75,46.3334,46.6389,2232.25,1780,1396.76,970,1476.05,107.508,143.766,150.727,107.227,138.797,576.483,45,9.384,6.39467,10.064,90,100,100,0,-0.4375,68.165,9,9,9
90.4,0,0,0,0,1.44885,0.99997,1.05173,3,1,1,0.845949,0,0.845949,0.849611,0,35.1563,46,46.3889,46.6945,2239.25,1800,1398.91,970,1478.67,107.719,143.766,150.727,107.344,140.016,576.483,45,9.472,6.40001,10.152,90,100,100,0,-0.09375,68.165,9,9,9
90.433,0,0,0,0,1.45508,0.99997,1.05039,3,1,1,0.839601,0,0.845949,0.843995,0,35.9375,46.2778,47.5,46.6945,2242.25,1800,1403.01,970,1483.98,108.07,145.383,151.266,107.18,140.086,576.483,45,9.488,6.47734,10.168,90,100,100,0,0.21875,68.165,10.5,10.5,21.75
90.466,0,0,0,0,1.44946,0.99997,1.04916,3,1,1,0.834718,0,0.845949,0.840333,0,35.9375,46.5,47.3056,46.9445,2253.5,1820,1403.79,970,1481.37,108.141,145.992,151.828,108.75,141.914,576.483,45,9.472,6.44267,10.152,90,100,100,0,-0.46875,68.5251,9.75,9.75,12
90.5,0,0,0,0,1.45966,0.99997,1.04877,3,1,1,0.834718,0,0.834718,0.843263,0,35.9375,46.6389,47.3889,47.9167,2264.25,1840,1407.85,970,1494.57,108.492,145.992,151.828,109.734,143.25,576.483,45,9.64,6.45867,10.336,90,100,100,0,-0.203125,68.5251,9.75,9.75,10.5
90.533,0,0,0,0,1.4599,0.99997,1.04907,3,1,1,0.831056,0,0.834718,0.847658,0,36.7188,47.1389,47.3889,48.1389,2281,1850,1410.31,970,1497.19,108.703,146.578,153.07,109.922,143.836,578.221,45,9.688,6.55201,10.384,90,100,100,0,0.203125,68.5251,9,9,9
90.566,0,0,0,0,1.45947,0.99997,1.04852,3,1,1,0.82837,0,0.834718,0.847658,0,37.5,47.5556,48.4723,47.9723,2295,1850,1411.02,970,1497.19,108.773,147.844,154.219,107.883,144.492,578.221,45,9.668,6.58934,10.364,90,99.6079,100,0,0,69.2453,9.75,9.75,9.75
90.6,0,0,0,0,1.45813,0.99997,1.04871,3,1,1,0.82837,0,0.82837,0.843995,0,37.5,47.6667,48.4445,49.0556,2300.5,1850,1416.05,970,1497.23,109.219,147.844,154.219,110.742,144.469,578.221,44.25,9.808,6.58401,10.488,90,100,100,0,-0.0625,69.2453,10.5,10.5,10.5
90.633,0,0,0,0,1.46759,0.99997,1.05011,3,1,1,0.826417,0,0.82837,0.839601,0,39.0625,48.0278,48.75,48.5834,2312.75,1880,1414.26,970,1507.77,109.078,149.039,155.156,107.414,146.906,578.221,44.25,9.796,6.66934,10.476,90,100,100,0,-0.46875,70.3242,11.25,11.25,10.5
90.666,0,0,0,0,1.46137,0.99997,1.05078,3,1,1,0.824952,0,0.82837,0.842286,0,40.625,48.3056,48.7223,48.9445,2321.25,1900,1414.61,970,1502.5,109.102,150.023,155.906,108.516,148.523,578.221,44.25,9.792,6.64267,10.472,90,100,100,0,0.171875,70.6843,11.25,11.25,11.25
90.7,0,0,0,0,1.46491,0.99997,1.05142,3,1,1,0.824952,0,0.824952,0.84131,0,40.625,48.6389,49.5834,50.0834,2330,1920,1422.5,970,1505.16,109.781,150.023,155.906,112.102,149.648,578.221,44.25,9.932,6.70401,10.612,90,100,100,0,0.015625,71.0429,12,12,11.25
90.733,0,0,0,0,1.47589,0.99997,1.05344,3,1,1,0.823732,0,0.824952,0.838624,0,41.4063,49.1112,49.9445,49.8056,2343.75,1930,1423.16,970,1518.32,109.852,150.844,156.703,108.516,150.844,580.369,44.25,9.952,6.77601,10.632,90,100,100,0,-0.375,71.403,12.75,12.75,11.25
90.766,0,0,0,0,1.47235,0.99997,1.05301,3,1,1,0.822755,0,0.824952,0.82837,0,42.1875,49.3612,49.8056,49.6667,2356.25,1930,1423.79,970,1515.7,109.875,151.688,158.039,108.984,151.008,580.369,44.25,9.956,6.75201,10.636,90,100,100,0,-0.140625,71.403,12.75,12.75,11.25
90.8,0,0,0,0,1.47028,0.99997,1.05444,3,1,1,0.822755,0,0.822755,0.829347,0,42.1875,49.4723,50.6945,50.2223,2371.25,1930,1423.91,970,1515.7,109.945,151.688,158.039,110.766,150.891,580.369,44.25,9.984,6.74934,10.664,90,100,100,0,0.0625,71.403,12.75,12.75,12.75
90.833,0,0,0,0,1.47601,0.99997,1.05362,3,1,1,0.822267,0,0.822755,0.821046,0,42.1875,49.9723,50.8889,50.7778,2370,1960,1431.41,970,1523.63,110.813,153.398,159.188,110.531,153.398,580.369,44.25,10.1,6.85868,10.78,90,100,100,0,-0.4375,71.403,11.25,11.25,22.5
90.866,0,0,0,0,1.48328,0.99997,1.05228,3,1,1,0.821779,0,0.822755,0.814699,0,42.1875,50.3889,51.1389,51.9167,2376.25,1970,1434.53,970,1531.56,111.094,154.289,159.422,111.656,154.289,580.369,44.25,10.124,6.86668,10.804,90,100,100,0,0.046875,71.403,12,12,22.5
90.9,0,0,0,0,1.48047,0.99997,1.05139,3,1,1,0.821779,0,0.821779,0.813722,0,42.1875,50.5556,51.0278,52.5556,2396.25,1970,1439.73,970,1528.91,111.539,154.289,159.422,114.094,154.289,580.369,44.25,10.164,6.87468,10.844,90,100,100,0,0.1875,71.403,10.5,10.5,10.5
90.933,0,0,0,0,1.49439,0.99997,1.04938,3,1,1,0.82129,0,0.821779,0.81006,0,42.1875,51.1389,52.5556,52.3334,2412.75,1970,1440.55,970,1542.11,111.586,154.57,160.688,110.953,154.57,582.147,44.25,10.152,6.90134,10.832,90,100,100,0,0,71.403,9.75,9.75,9.75
90.966,0,0,0,0,1.4906,0.99997,1.0481,3,1,1,0.821046,0,0.821779,0.813722,0,42.1875,51.6112,52.4445,52.6389,2418,1990,1444.41,970,1539.49,111.891,155.906,161.789,112.828,155.906,582.147,44.25,10.18,6.90401,10.86,90,100,100,0,-0.25,71.403,12.75,12.75,11.25
91,0,0,0,0,1.48627,0.99997,1.04724,3,1,1,0.821046,0,0.821046,0.818361,0,42.1875,51.6667,52.2778,53.0834,2430.75,1990,1450.2,970,1536.88,112.383,155.906,161.789,115.148,155.906,582.147,44.25,10.24,6.88268,10.92,90,100,100,0,-0.375,71.7631,12,12,12
91.033,0,0,0,0,1.50592,0.99997,1.0455,3,1,1,0.821046,0,0.821046,0.813722,0,42.9688,52.3056,52.9723,53.25,2440.25,2000,1448.24,970,1557.97,112.219,157.078,162.773,111.047,157.078,582.147,44.25,10.168,6.92001,10.848,90,100,100,0,0.40625,71.7631,12.75,12.75,12
91.066,0,0,0,0,1.50061,0.99997,1.0444,3,1,1,0.820802,0,0.821046,0.806398,0,42.9688,52.8334,53.75,54,2451.75,2020,1456.99,970,1552.66,112.898,158.133,163.734,114.891,158.133,582.147,44.25,10.256,6.95734,10.936,90,100,100,0,-0.171875,71.7631,12.75,12.75,12
91.1,0,0,0,0,1.50537,0.99997,1.04367,3,1,1,0.820802,0,0.820802,0.806398,0,42.9688,53,54.0556,54.6112,2464.5,2020,1460.78,970,1557.97,113.227,158.133,163.734,114.82,158.133,582.147,44.25,10.304,6.97868,10.984,90,100,100,0,-0.390625,71.7631,13.5,13.5,12
91.133,0,0,0,0,1.50494,0.99997,1.04138,3,1,1,0.820558,0,0.820802,0.802736,0,42.9688,53.4167,54.0556,54.1112,2469.25,2030,1465.16,970,1560.63,113.578,159.164,164.789,113.93,159.164,584.393,44.25,10.32,7.00001,11,90,100,100,0,-0.125,71.7631,13.5,13.5,12
91.166,0,0,0,0,1.51141,0.99997,1.03842,3,1,1,0.820558,0,0.820802,0.800782,0,42.9688,53.9167,54.2778,54.9167,2482.75,2040,1471.25,970,1565.9,114.07,160.313,165.234,114.469,160.313,584.393,44.25,10.336,7.02934,11.016,90,100,100,0,0.171875,71.7631,13.5,13.5,13.5
91.2,0,0,0,0,1.51325,0.99997,1.03665,3,1,1,0.820558,0,0.820558,0.804445,0,42.9688,54.0556,55.4723,55.7223,2495.5,2040,1473.13,970,1568.55,114.234,160.313,165.234,116.016,160.313,584.393,44.25,10.336,6.98934,11.032,90,100,100,0,-0.265625,71.7631,13.5,13.5,13.5
91.233,0,0,0,0,1.51318,0.99997,1.03394,3,1,1,0.820558,0,0.820558,0.805421,0,42.9688,54.5556,55.5834,55.3056,2503.75,2050,1475.16,970,1571.17,114.352,160.828,166.992,114.539,160.828,584.393,44.25,10.34,7.01601,11.036,90,100,100,0,-0.15625,71.7631,13.5,13.5,13.5
91.266,0,0,0,0,1.5188,0.99997,1.03214,3,1,1,0.820558,0,0.820558,0.805421,0,42.9688,54.9167,55.6667,55.2778,2516.5,2070,1476.02,970,1579.1,114.445,162.656,167.484,113.461,162.656,584.393,44.25,10.312,7.02134,11.008,90,100,100,0,0.234375,71.7631,12.75,12.75,13.5
91.3,0,0,0,0,1.52442,0.99997,1.03101,3,1,1,0.820558,0,0.820558,0.808107,0,42.9688,55.0278,55.7223,57,2525.75,2070,1480.31,970,1586.99,114.797,162.656,167.484,116.883,162.656,584.393,44.25,10.364,6.99734,11.044,90,100,100,0,-0.15625,71.7631,12.75,12.75,12
91.333,0,0,0,0,1.51746,0.99997,1.03101,3,1,1,0.820314,0,0.820558,0.818361,0,42.9688,55.5556,56.75,56.8334,2541.5,2080,1485.63,970,1581.76,115.313,163.383,168.422,116.977,163.383,586.639,44.25,10.412,7.04268,11.092,90,100,100,0,-0.296875,71.7631,14.25,14.25,12.75
91.366,0,0,0,0,1.51325,0.99997,1.02976,3,1,1,0.820314,0,0.820558,0.815675,0,42.9688,56.0834,56.7223,56.3889,2544.5,2090,1485.94,970,1579.14,115.5,164.508,169.219,116.203,164.508,586.639,44.25,10.412,7.06134,11.092,90,100,100,0,0.015625,71.7631,14.25,14.25,12.75
91.4,0,0,0,0,1.51795,0.99997,1.02997,3,1,1,0.820314,0,0.820314,0.818361,0,42.9688,56.5278,56.75,56.1389,2558.5,2090,1489.45,970,1584.34,115.805,164.508,169.219,114.422,164.508,586.639,44.25,10.46,7.11468,11.164,90,100,100,0,-0.046875,71.7631,14.25,14.25,13.5
91.433,0,0,0,0,1.513,0.99997,1.03012,3,1,1,0.820314,0,0.820314,0.817384,0,42.1875,56.8334,56.5278,56.8056,2572,2100,1491.33,970,1579.1,116.133,165.398,169.969,116.344,165.398,586.639,44.25,10.504,7.12001,11.208,90,100,100,0,-0.375,71.403,14.25,14.25,13.5
91.466,0,0,0,0,1.53162,0.99997,1.03018,3,1,1,0.820314,0,0.820314,0.816408,0,42.1875,57.2223,58.1667,56.7778,2579.75,2110,1486.29,970,1597.58,115.922,166.289,170.953,111.586,166.289,586.639,44.25,10.456,7.12801,11.16,90,100,100,0,-0.203125,71.403,13.5,13.5,13.5
91.5,0,0,0,0,1.51856,0.99997,1.02869,3,1,1,0.820314,0,0.820314,0.809083,0,42.1875,57.2223,57.8612,57.5556,2584,2110,1487.15,970,1587.03,115.992,166.289,170.953,115.055,166.289,586.639,44.25,10.444,7.10401,11.14,90,100,100,0,0.015625,71.403,13.5,13.5,13.5
91.533,0,0,0,0,1.51746,0.99997,1.02811,3,1,1,0.820314,0,0.820314,0.811036,0,42.1875,58.0556,57.6112,57.6667,2608.25,2110,1493.79,970,1586.99,116.672,167.203,171.609,115.547,167.203,589.139,44.25,10.504,7.13334,11.2,90,99.6079,100,0,-0.203125,71.403,14.25,14.25,13.5
91.566,0,0,0,0,1.51416,0.99997,1.02768,3,1,1,0.820314,0,0.820314,0.815675,0,42.1875,58.3889,58.3334,59.7223,2616.5,2120,1500.78,970,1581.8,117.492,168.141,172.898,121.359,168.141,589.139,44.25,10.62,7.14134,11.316,90,100,100,0,-0.09375,71.403,14.25,14.25,13.5
91.6,0,0,0,0,1.52814,0.99997,1.02667,3,1,1,0.820314,0,0.820314,0.819337,0,42.1875,58.6945,58.8889,58.9167,2620.5,2120,1498.55,970,1594.96,117.305,168.141,172.898,116.391,168.141,589.139,44.25,10.56,7.18401,11.264,90,100,100,0,0.0625,71.403,14.25,14.25,13.5
91.633,0,0,0,0,1.5271,0.99997,1.02521,3,1,1,0.820314,0,0.820314,0.812745,0,42.1875,58.8056,58.8334,60.1667,2633,2130,1504.96,970,1594.96,117.867,169.148,173.133,119.32,169.148,589.139,44.25,10.612,7.16534,11.316,90,100,100,0,-0.1875,71.403,14.25,14.25,15.75
91.666,0,0,0,0,1.52698,0.99997,1.02542,3,1,1,0.820314,0,0.820314,0.81006,0,42.1875,59.7778,58.5,60.3056,2646.75,2140,1508.2,970,1594.96,118.313,169.734,174.164,122.039,169.734,589.139,44.25,10.704,7.25601,11.408,90,99.6079,100,0,-0.0625,71.403,12,12,12
91.7,0,0,0,0,1.5398,0.99997,1.02551,3,1,1,0.820314,0,0.820314,0.814699,0,42.1875,59.9445,60.7778,60.5,2658.25,2140,1506.25,970,1602.89,118.148,169.734,174.164,117.609,169.734,589.139,44.25,10.644,7.22934,11.34,90,100,100,0,0.015625,71.403,12,12,12
91.733,0,0,0,0,1.53235,0.99997,1.02518,3,1,1,0.820314,0,0.820314,0.822023,0,42.1875,60.0834,60.4723,61.4445,2665.75,2150,1519.38,970,1594.96,118.828,170.063,175.313,121.734,170.063,591.541,44.25,10.724,7.22668,11.42,90,100,100,0,-0.359375,71.403,13.5,13.5,23.25
91.766,0,0,0,0,1.53912,0.99997,1.0246,3,1,1,0.820314,0,0.820314,0.821046,0,42.1875,60.9445,60.7778,61.4445,2677.75,2170,1524.34,970,1600.23,119.32,171.938,175.922,120.117,171.938,591.541,44.25,10.788,7.30934,11.484,90,100,100,0,-0.109375,71.403,14.25,14.25,13.5
91.8,0,0,0,0,1.54108,0.99997,1.02557,3,1,1,0.820314,0,0.820314,0.824708,0,42.1875,61.0556,60.8334,61.75,2690.25,2170,1526.45,970,1600.23,119.484,171.938,175.922,120.375,171.938,591.541,43.5,10.824,7.32268,11.504,90,100,100,0,0,71.403,15,15,14.25
91.833,0,0,0,0,1.54346,0.99997,1.02652,3,1,1,0.820314,0,0.820314,0.822023,0,42.1875,61.5278,61.8056,61.8889,2701.75,2180,1529.02,970,1602.85,119.836,172.734,177.047,119.766,172.734,591.541,43.5,10.86,7.31734,11.54,90,100,100,0,-0.09375,71.403,14.25,14.25,14.25
91.866,0,0,0,0,1.53851,0.99997,1.02658,3,1,1,0.820314,0,0.820314,0.82007,0,42.1875,62.0556,61.6112,62.5,2707,2190,1531.37,970,1597.58,120.141,173.906,177.563,122.508,173.906,591.541,43.5,10.9,7.38134,11.58,90,100,100,0,-0.359375,71.403,15,15,14.25
91.9,0,0,0,0,1.54822,0.99997,1.02686,3,1,1,0.820314,0,0.820314,0.822999,0,42.1875,62.3889,62,63.0834,2719.75,2190,1535.78,970,1608.13,120.492,173.906,177.563,120.258,173.906,591.541,43.5,10.936,7.42134,11.624,90,100,100,0,0.015625,71.403,14.25,14.25,14.25
91.933,0,0,0,0,1.54541,0.99997,1.02789,3,1,1,0.820314,0,0.820314,0.825685,0,42.1875,62.8612,62.7223,63.0001,2738.75,2190,1540.35,970,1600.23,120.961,174.539,178.594,121.617,174.539,594.276,43.5,11.016,7.44268,11.704,90,99.6079,100,0,0,71.403,14.25,14.25,13.5
91.966,0,0,0,0,1.55414,0.99997,1.02921,3,1,1,0.820314,0,0.820314,0.82837,0,42.1875,63.5556,62.5278,63.2223,2742.5,2210,1543.71,970,1608.13,121.43,175.664,179.414,123.914,175.664,594.276,43.5,11.092,7.50668,11.78,90,100,100,0,-0.0625,71.403,14.25,14.25,13.5
92,0,0,0,0,1.56238,0.99997,1.03009,3,1,1,0.820314,0,0.820314,0.829347,0,42.1875,63.7778,63.4723,64.1667,2752.75,2210,1543.05,970,1613.44,121.313,175.664,179.414,119.93,175.664,594.276,43.5,11.06,7.51201,11.748,90,100,100,0,-0.125,71.403,14.25,14.25,13.5
92.033,0,0,0,0,1.56464,0.99997,1.03174,3,1,1,0.820314,0,0.820314,0.830324,0,42.1875,64.0278,64.5001,64.4445,2770,2210,1543.83,970,1613.44,121.477,176.508,180.258,120.539,176.508,594.276,43.5,11.096,7.51201,11.784,90,100,100,0,-0.109375,71.403,14.25,14.25,14.25
92.066,0,0,0,0,1.5661,0.99997,1.03342,3,1,1,0.820314,0,0.820314,0.82837,0,42.1875,64.9445,64.5834,64.3889,2775.75,2220,1552.93,970,1613.4,122.297,177.352,180.984,119.906,177.352,594.276,43.5,11.236,7.63468,11.924,90,100,100,0,-0.1875,71.403,14.25,14.25,14.25
92.1,0,0,0,0,1.57691,0.99997,1.03549,3,1,1,0.820314,0,0.820314,0.829347,0,42.1875,64.8334,65.0278,66.5556,2777.5,2220,1556.8,970,1621.37,122.555,177.352,180.984,122.438,177.352,594.276,43.5,11.28,7.63201,11.968,90,100,100,0,-0.078125,71.403,14.25,14.25,24
92.133,0,0,0,0,1.57306,0.99997,1.0372,3,1,1,0.820314,0,0.820314,0.833986,0,42.1875,65.8612,64.8612,64.9723,2800.25,2230,1563.63,970,1613.44,123.117,178.125,181.57,120.633,178.125,597.186,43.5,11.348,7.72268,12.036,90,100,100,0,-0.1875,71.403,12,12,12
92.166,0,0,0,0,1.5788,0.99997,1.03806,3,1,1,0.820314,0,0.820314,0.833009,0,42.1875,66.2223,66.0001,66.0278,2808.25,2240,1562.73,970,1616.09,123.188,178.945,182.766,121.688,178.945,597.186,43.5,11.368,7.69868,12.056,90,100,100,0,-0.265625,71.403,14.25,14.25,14.25
92.2,0,0,0,0,1.57874,0.99997,1.03952,3,1,1,0.820314,0,0.820314,0.830324,0,42.1875,66.1112,65.9723,65.7501,2815.5,2240,1563.01,970,1616.05,123.117,178.945,182.766,121.148,178.945,597.186,43.5,11.36,7.68534,12.04,90,100,100,0,-0.046875,71.403,14.25,14.25,16.5
92.233,0,0,0,0,1.56873,0.99997,1.04294,3,1,1,0.820314,0,0.820314,0.834962,0,42.1875,66.2223,65.6112,66.9445,2824.25,2250,1565.47,970,1605.51,123.375,179.977,183.328,125.883,179.977,597.186,43.5,11.42,7.68268,12.1,90,100,100,0,0,71.403,14.25,14.25,16.5
92.266,0,0,0,0,1.57398,0.99997,1.04355,3,1,1,0.820314,0,0.820314,0.8313,0,42.1875,66.9167,65.7778,66.7778,2837.5,2260,1566.25,970,1608.16,123.539,180.703,184.266,124.055,180.703,597.186,43.5,11.444,7.72801,12.124,90,100,100,0,-0.375,71.403,14.25,14.25,14.25
92.3,0,0,0,0,1.57202,0.99997,1.04498,3,1,1,0.820314,0,0.820314,0.8313,0,42.1875,67.1389,66.6112,67.5834,2846,2260,1572.46,970,1602.93,123.984,180.703,184.266,126.305,180.703,597.186,43.5,11.516,7.74668,12.212,90,100,100,0,-0.328125,71.403,15,15,14.25
92.333,0,0,0,0,1.57666,0.99997,1.04633,3,1,1,0.820314,0,0.820314,0.825685,0,42.1875,67.5556,66.7778,67.7501,2860,2270,1575.27,970,1605.55,124.242,181.617,184.875,125.367,181.617,600.174,43.5,11.576,7.80001,12.272,90,99.6079,100,0,-0.109375,71.403,14.25,14.25,14.25
92.366,0,0,0,0,1.58502,0.99997,1.04807,3,1,1,0.820314,0,0.820314,0.82837,0,42.1875,68.0834,67.1389,67.5556,2873.5,2280,1573.52,970,1610.82,124.219,182.391,185.906,123.07,182.391,600.174,43.5,11.588,7.84268,12.284,90,99.6079,100,0,-0.1875,71.403,14.25,14.25,14.25
92.4,0,0,0,0,1.57874,0.99997,1.04843,3,1,1,0.820314,0,0.820314,0.826661,0,42.1875,68.2501,66.8889,67.6945,2879.75,2280,1574.3,970,1602.93,124.219,182.391,185.906,124.992,182.391,600.174,43.5,11.588,7.82934,12.268,90,100,100,0,-0.21875,71.403,14.25,14.25,14.25
92.433,0,0,0,0,1.58508,0.99997,1.04837,3,1,1,0.820314,0,0.820314,0.82007,0,42.1875,68.5278,68.1112,68.1667,2888.75,2290,1575,970,1605.55,124.336,183.352,186.68,124.898,183.352,600.174,43.5,11.604,7.84801,12.284,90,100,100,0,-0.015625,71.403,15,15,14.25
92.466,0,0,0,0,1.58606,0.99997,1.04736,3,1,1,0.820314,0,0.820314,0.811036,0,42.1875,68.8889,68.1389,68.5278,2897.75,2300,1576.88,970,1605.51,124.617,184.195,187.477,124.781,184.195,600.174,43.5,11.62,7.84268,12.3,90,100,100,0,-0.734375,71.403,15,15,14.25
92.5,0,0,0,0,1.58753,0.99997,1.04712,3,1,1,0.820314,0,0.820314,0.811036,0,42.1875,69.1667,68.2223,68.9445,2912.5,2300,1578.4,970,1605.51,124.664,184.195,187.477,124.875,184.195,600.174,43.5,11.612,7.84001,12.316,90,100,100,0,-0.328125,71.403,14.25,14.25,14.25
92.533,0,0,0,0,1.59705,0.99997,1.04529,3,1,1,0.820314,0,0.820314,0.812745,0,42.1875,69.7501,68.6389,68.6389,2916,2310,1580.94,970,1610.78,124.969,185.063,188.367,121.758,185.063,603.514,43.5,11.648,7.89601,12.352,90,100,100,0,-0.203125,71.403,14.25,14.25,14.25
92.566,0,0,0,0,1.58923,0.99997,1.04404,3,1,1,0.820314,0,0.820314,0.815675,0,42.1875,69.8612,68.2778,69.3889,2925.75,2320,1582.15,970,1600.27,125.086,185.836,188.883,125.953,185.836,603.514,43.5,11.616,7.84001,12.32,90,100,100,0,-0.1875,71.403,14.25,14.25,14.25
92.6,0,0,0,0,1.60413,0.99997,1.04285,3,1,1,0.820314,0,0.820314,0.813722,0,42.1875,70.0001,69.8612,69.8612,2942.25,2320,1576.76,970,1613.4,124.594,185.836,188.883,122.484,185.836,603.514,43.5,11.556,7.81601,12.244,90,100,100,0,-0.359375,71.403,14.25,14.25,14.25
92.633,0,0,0,0,1.59113,0.99997,1.04178,3,1,1,0.820314,0,0.820314,0.81006,0,42.1875,70.3334,69.3056,69.9167,2953,2330,1576.45,970,1600.23,124.805,186.703,190.242,125.25,186.703,603.514,43.5,11.556,7.79201,12.244,90,100,100,0,-0.359375,71.403,14.25,14.25,14.25
92.666,0,0,0,0,1.59589,0.99997,1.04007,3,1,1,0.820314,0,0.820314,0.806398,0,42.1875,70.3889,69.5001,69.6112,2958.5,2340,1573.24,970,1602.89,124.57,187.734,190.523,123.492,187.734,603.514,43.5,11.5,7.78934,12.188,90,100,100,0,-0.640625,71.403,14.25,14.25,14.25
92.7,0,0,0,0,1.5965,0.99997,1.0397,3,1,1,0.820314,0,0.820314,0.809083,0,42.1875,70.2778,69.5278,70.0556,2967.75,2340,1573.24,970,1602.89,124.523,187.734,190.523,124.359,187.734,603.514,43.5,11.488,7.74401,12.176,90,100,100,0,-0.203125,71.403,14.25,14.25,14.25
92.733,0,0,0,0,1.58875,0.99997,1.03873,3,1,1,0.820314,0,0.820314,0.815675,0,42.1875,70.8056,70.1112,71.3612,2980.5,2340,1582.34,970,1592.3,125.391,188.227,191.297,128.18,188.227,606.815,43.5,11.592,7.77868,12.28,90,100,100,0,-0.296875,71.403,14.25,14.25,14.25
92.766,0,0,0,0,1.59644,0.99997,1.03864,3,1,1,0.820314,0,0.820314,0.819337,0,42.1875,71.6112,70.4723,71.0556,2994.75,2350,1582.23,970,1597.62,125.555,189.07,192.281,125.719,189.07,606.815,43.5,11.604,7.82134,12.292,90,100,100,0,-0.296875,71.403,14.25,14.25,14.25
92.8,0,0,0,0,1.60352,0.99997,1.0376,3,1,1,0.820314,0,0.820314,0.815675,0,42.1875,71.7223,70.7778,72.0556,2999.5,2350,1582.73,970,1602.89,125.555,189.07,192.281,126.211,189.07,606.815,43.5,11.588,7.80268,12.276,90,100,100,0,-0.25,71.403,15,15,15
92.833,0,0,0,0,1.60901,0.99997,1.03854,3,1,1,0.820314,0,0.820314,0.82007,0,42.1875,71.7223,71.9723,72.3056,3006,2360,1573.36,970,1608.16,124.852,189.984,192.984,125.859,189.984,606.815,43.5,11.5,7.75468,12.188,90,100,100,0,-0.171875,71.403,14.25,14.25,13.5
92.866,0,0,0,0,1.6153,0.99997,1.03839,3,1,1,0.820314,0,0.820314,0.818361,0,42.1875,72.0278,72.2501,71.0001,3016.25,2370,1573.4,970,1613.4,124.805,190.477,193.008,121.875,190.477,606.815,43.5,11.48,7.79468,12.168,90,100,100,0,-0.375,71.403,15,15,13.5
92.9,0,0,0,0,1.6051,0.99997,1.03894,3,1,1,0.820314,0,0.820314,0.821046,0,42.1875,71.8889,71.8056,73.0278,3035,2370,1575.82,970,1605.51,124.992,190.477,193.008,126.75,190.477,606.815,43.5,11.528,7.72801,12.232,90,100,100,0,-0.390625,71.403,15,15,13.5
92.933,0,0,0,0,1.60376,0.99997,1.03937,3,1,1,0.820314,0,0.820314,0.822023,0,42.1875,72.2501,71.7501,71.7778,3041,2370,1575.16,970,1602.93,124.828,190.57,193.219,125.109,190.57,610.037,43.5,11.504,7.75468,12.208,90,100,100,0,-0.515625,71.403,14.25,14.25,15
92.966,0,0,0,0,1.60486,0.99997,1.04034,3,1,1,0.820314,0,0.820314,0.825685,0,42.1875,72.6667,72.6945,73.4723,3046.75,2370,1582.54,970,1602.93,125.438,190.313,193.219,127.664,190.313,610.037,43.5,11.62,7.82134,12.324,90,100,100,0,-0.328125,71.403,15,15,15
93,0,0,0,0,1.61499,0.99997,1.04007,3,1,1,0.820314,0,0.820314,0.821046,0,42.1875,73.1667,73.1667,74.3889,3054.75,2370,1586.25,970,1610.82,125.742,190.313,193.219,127.688,190.313,610.037,43.5,11.652,7.82134,12.34,90,100,100,0,0.0625,71.403,15,15,15
93.033,0,0,0,0,1.61578,0.99997,1.04031,3,1,1,0.820314,0,0.820314,0.813722,0,42.1875,73.9723,73.1945,74.1389,3071.5,2370,1590.23,970,1610.82,126.305,190.758,193.359,126.539,190.758,610.037,43.5,11.736,7.89868,12.424,90,100,100,0,-0.21875,71.403,13.5,13.5,13.5
93.066,0,0,0,0,1.62024,0.99997,1.03842,3,1,1,0.820314,0,0.820314,0.805421,0,42.1875,74.1667,73.3889,73.8334,3079.25,2360,1589.65,970,1613.44,126.211,190.266,193.43,125.648,190.266,610.037,43.5,11.708,7.88001,12.396,90,100,100,0,-0.25,71.403,15,15,15
93.1,0,0,0,0,1.61865,0.99997,1.03668,3,1,1,0.820314,0,0.820314,0.804445,0,42.1875,74.2778,73.3334,74.3889,3086.5,2360,1591.09,970,1610.82,126.305,190.266,193.43,126.563,190.266,610.037,43.5,11.72,7.88534,12.408,90,100,100,0,0.015625,71.403,15,15,15
93.133,0,0,0,0,1.62415,0.99997,1.03391,3,1,1,0.820314,0,0.820314,0.806398,0,42.1875,74.8056,74.6389,73.5556,3102.25,2370,1590.66,970,1613.4,126.211,190.711,193.57,124.992,190.711,613.651,43.5,11.644,7.87201,12.332,90,100,100,0,-0.390625,71.403,15,15,15
93.166,0,0,0,0,1.61841,0.99997,1.03214,3,1,1,0.820314,0,0.820314,0.808107,0,42.1875,74.9167,74.3889,74.2501,3111.5,2370,1590.31,970,1608.2,126.141,190.641,193.641,126.07,190.641,613.651,43.5,11.636,7.82934,12.324,90,100,100,0,-0.3125,71.403,15,15,15
93.2,0,0,0,0,1.61969,0.99997,1.03085,3,1,1,0.820314,0,0.820314,0.808107,0,42.1875,75.0834,74.4445,75.1389,3121.25,2370,1592.3,970,1608.16,126.305,190.641,193.641,126.844,190.641,613.651,43.5,11.64,7.82668,12.328,90,100,100,0,0.109375,71.403,15,15,15
93.233,0,0,0,0,1.61578,0.99997,1.02841,3,1,1,0.820314,0,0.820314,0.806398,0,42.1875,75.5001,75.4167,75.0556,3136.75,2370,1596.37,970,1602.89,126.586,190.617,193.758,127.125,190.617,613.651,43.5,11.652,7.81868,12.34,90,100,100,0,-0.515625,71.403,15,15,15
93.266,0,0,0,0,1.62116,0.99997,1.02646,3,1,1,0.820314,0,0.820314,0.802736,0,42.1875,75.5556,75.6667,75.0556,3139.25,2370,1590.35,970,1608.2,126.047,190.594,193.852,125.672,190.594,613.651,43.5,11.548,7.75201,12.236,90,100,100,0,0,71.403,15,15,15
93.3,0,0,0,0,1.61365,0.99997,1.02435,3,1,1,0.820314,0,0.820314,0.801759,0,42.1875,75.7223,75.3334,75.3889,3151.25,2370,1592.38,970,1602.89,126.234,190.594,193.852,126.633,190.594,613.651,43.5,11.56,7.76001,12.248,90,100,100,0,-0.390625,71.403,15,15,15
93.333,0,0,0,0,1.62763,0.99997,1.02118,3,1,1,0.820314,0,0.820314,0.800782,0,42.1875,76.1389,75.9723,75.0556,3166.5,2370,1585.94,970,1616.05,125.648,190.547,193.969,122.063,190.547,617.069,43.5,11.444,7.74401,12.132,90,100,100,0,-0.6875,71.403,15,15,15
93.366,0,0,0,0,1.62012,0.99997,1.01883,3,1,1,0.820314,0,0.820314,0.800782,0,42.1875,75.7778,76.7501,74.3889,3173.75,2370,1578.79,970,1608.13,125.016,190.523,194.086,122.859,190.523,617.069,43.5,11.332,7.62934,12.02,90,100,100,0,0.078125,71.403,15,15,15
93.4,0,0,0,0,1.6109,0.99997,1.01737,3,1,1,0.820314,0,0.820314,0.806398,0,42.1875,76.0278,76.2778,76.1667,3180.25,2370,1587.07,970,1600.23,125.719,190.523,194.086,126.773,190.523,617.069,43.5,11.428,7.64534,12.116,90,100,100,0,-0.546875,71.403,15,15,15.75
93.433,0,0,0,0,1.61127,0.99997,1.01633,3,1,1,0.820314,0,0.820314,0.813722,0,42.1875,76.4723,76.3056,76.0278,3191.25,2370,1586.52,970,1600.23,125.672,190.453,194.156,125.578,190.453,617.069,43.5,11.412,7.67468,12.1,90,100,100,0,-0.390625,71.403,15,15,14.25
93.466,0,0,0,0,1.61078,0.99997,1.01651,3,1,1,0.820314,0,0.820314,0.821046,0,42.1875,76.889,76.2501,76.7501,3198.75,2370,1589.92,970,1600.23,125.93,190.43,194.25,126.023,190.43,617.069,43.5,11.452,7.68001,12.14,90,99.6079,100,0,-0.1875,71.403,15,15,14.25
93.5,0,0,0,0,1.60724,0.99997,1.01669,3,1,1,0.820314,0,0.820314,0.821046,0,42.1875,77.0556,76.0834,76.8612,3206.75,2370,1591.33,970,1594.96,126.07,190.43,194.25,127.383,190.43,617.069,43.5,11.468,7.67734,12.156,90,99.6079,100,0,-0.515625,71.403,15,15,14.25
93.533,0,0,0,0,1.61609,0.99997,1.01901,3,1,1,0.820314,0,0.820314,0.822999,0,42.1875,77.4167,77.6945,77.2778,3227,2370,1589.45,970,1602.89,125.883,190.43,194.367,125.391,190.43,620.623,43.5,11.48,7.69068,12.168,90,100,100,0,-0.046875,71.403,15,15,14.25
93.566,0,0,0,0,1.6156,0.99997,1.02039,3,1,1,0.820314,0,0.820314,0.826661,0,42.1875,77.7501,77.6667,76.5834,3233.25,2370,1588.52,970,1602.89,125.766,190.336,194.484,124.008,190.336,620.623,43.5,11.48,7.71201,12.168,90,100,100,0,-0.453125,71.403,15,15,14.25
93.6,0,0,0,0,1.61713,0.99997,1.02173,3,1,1,0.820314,0,0.820314,0.829347,0,42.1875,77.7501,77.7501,77.8056,3243,2370,1590.43,970,1605.47,125.953,190.336,194.484,125.227,190.336,620.623,43.5,11.528,7.72801,12.224,90,100,100,0,-0.390625,71.403,15,15,14.25
93.633,0,0,0,0,1.61041,0.99997,1.02271,3,1,1,0.820314,0,0.820314,0.822023,0,42.1875,78.2778,78.5556,79.0001,3248.5,2370,1596.84,970,1597.58,126.445,190.336,194.602,128.414,190.336,620.623,43.5,11.616,7.75201,12.312,90,100,100,0,-0.125,71.403,15,15,14.25
93.666,0,0,0,0,1.62006,0.99997,1.02341,3,1,1,0.820314,0,0.820314,0.818361,0,42.1875,78.5001,79.0278,76.7223,3258.5,2360,1589.88,970,1605.47,125.883,190.289,194.648,122.156,190.289,620.623,43.5,11.54,7.76801,12.236,90,100,100,0,-0.625,71.403,15,15,14.25
93.7,0,0,0,0,1.61444,0.99997,1.02506,3,1,1,0.820314,0,0.820314,0.825685,0,42.1875,78.389,78.7778,78.0834,3272.75,2360,1588.83,970,1602.89,125.789,190.289,194.648,124.805,190.289,620.623,43.5,11.548,7.72534,12.252,90,100,100,0,-0.25,71.403,15.75,15.75,14.25
93.733,0,0,0,0,1.60736,0.99997,1.02448,3,1,1,0.820314,0,0.820314,0.822023,0,42.1875,78.639,79.4723,78.1667,3286.75,2360,1584.57,970,1597.58,125.391,190.266,194.813,125.578,190.266,624.412,43.5,11.516,7.68801,12.22,90,100,100,0,-0.359375,71.403,15.75,15.75,15.75
93.766,0,0,0,0,1.60608,0.99997,1.0246,3,1,1,0.820314,0,0.820314,0.818361,0,42.1875,78.8612,79.4167,77.3612,3288,2360,1583.91,970,1597.58,125.344,190.219,194.883,123.891,190.219,624.412,43.5,11.516,7.70668,12.22,90,100,100,0,-0.765625,71.403,15.75,15.75,15.75
93.8,0,0,0,0,1.60693,0.99997,1.02466,3,1,1,0.820314,0,0.820314,0.818361,0,42.1875,78.8612,79.4445,78.8056,3297,2360,1586.84,970,1600.23,125.625,190.219,194.883,125.227,190.219,624.412,43.5,11.552,7.69868,12.248,90,100,100,0,-0.078125,71.403,15.75,15.75,15.75
93.833,0,0,0,0,1.60303,0.99997,1.02399,3,1,1,0.820314,0,0.820314,0.817384,0,42.1875,79.0834,79.2778,77.4445,3313.75,2360,1579.8,970,1597.58,125.016,190.195,195,123.117,190.195,624.412,43.5,11.444,7.67734,12.14,90,100,100,0,-0.390625,71.403,15.75,15.75,15.75
93.866,0,0,0,0,1.59656,0.99997,1.02319,3,1,1,0.820314,0,0.820314,0.815675,0,42.1875,79.3334,78.9445,79.389,3321.75,2360,1586.91,970,1592.34,125.602,190.125,195.047,127.359,190.125,624.412,43.5,11.508,7.66668,12.204,90,100,100,0,-0.578125,71.403,15.75,15.75,15.75
93.9,0,0,0,0,1.60272,0.99997,1.02316,3,1,1,0.820314,0,0.820314,0.817384,0,42.1875,79.5556,80.389,78.9167,3330.5,2360,1584.41,970,1597.58,125.414,190.125,195.047,124.945,190.125,624.412,43.5,11.524,7.68001,12.212,90,100,100,0,-0.09375,71.403,15.75,15.75,15.75
93.933,0,0,0,0,1.60248,0.99997,1.02194,3,1,1,0.820314,0,0.820314,0.814699,0,42.1875,79.7778,80.389,79.889,3345,2360,1581.76,970,1600.27,125.156,190.125,195.211,126,190.125,627.947,43.5,11.46,7.64534,12.148,90,100,100,0,-0.5,71.403,15.75,15.75,15.75
93.966,0,0,0,0,1.60169,0.99997,1.02106,3,1,1,0.820314,0,0.820314,0.811036,0,42.1875,80.0834,80.3334,81.1112,3347,2360,1588.09,970,1600.27,125.695,190.055,195.258,128.156,190.055,627.947,43.5,11.512,7.65868,12.2,90,100,100,0,-0.390625,71.403,15.75,15.75,16.5
94,0,0,0,0,1.60895,0.99997,1.02097,3,1,1,0.820314,0,0.820314,0.813722,0,42.1875,80.3612,80.7223,79.7778,3363.5,2360,1584.8,970,1608.13,125.438,190.055,195.258,123.422,190.055,627.947,43.5,11.508,7.69334,12.204,90,100,100,0,-0.328125,71.403,15.75,15.75,15
94.033,0,0,0,0,1.60315,0.99997,1.01993,3,1,1,0.820314,0,0.820314,0.814699,0,42.1875,81.1112,81.5556,80.889,3372.25,2360,1588.4,970,1602.89,126,190.5,195.422,126.375,190.5,627.947,43.5,11.592,7.72268,12.288,90,100,100,0,-0.5625,71.403,15,15,15
94.066,0,0,0,0,1.60236,0.99997,1.02008,3,1,1,0.820314,0,0.820314,0.816408,0,42.1875,81.1667,81.5278,80.139,3382.5,2350,1584.84,970,1602.89,125.672,189.984,195.516,124.523,189.984,627.947,43.5,11.54,7.68534,12.236,90,100,100,0,-0.1875,71.403,14.25,14.25,14.25
94.1,0,0,0,0,1.60547,0.99997,1.0199,3,1,1,0.820314,0,0.820314,0.815675,0,42.1875,81.2778,81.6945,81.389,3392.5,2350,1582.58,970,1608.16,125.508,189.984,195.516,124.266,189.984,627.947,43.5,11.472,7.68001,12.176,90,100,100,0,-0.59375,71.403,14.25,14.25,13.5
94.133,0,0,0,0,1.59357,0.99997,1.01965,3,1,1,0.820314,0,0.820314,0.815675,0,42.1875,81.3612,81.0278,80.7778,3399,2360,1584.73,970,1597.62,125.695,190.406,195.609,126.516,190.406,631.346,43.5,11.512,7.65601,12.216,90,99.6079,100,0,-0.390625,71.403,15.75,15.75,16.5
94.166,0,0,0,0,1.59888,0.99997,1.02008,3,1,1,0.820314,0,0.820314,0.82007,0,42.1875,81.8612,81.3334,81.139,3409.75,2360,1586.25,970,1602.89,125.813,190.359,195.68,124.992,190.359,631.346,43.5,11.528,7.68268,12.232,90,100,100,0,-0.3125,71.403,15,15,15
94.2,0,0,0,0,1.60175,0.99997,1.01923,3,1,1,0.820314,0,0.820314,0.818361,0,42.1875,81.8612,82.5834,82.1945,3424.25,2360,1582.81,970,1605.47,125.531,190.359,195.68,125.367,190.359,631.346,43.5,11.496,7.67201,12.184,90,100,100,0,-0.3125,71.403,15.75,15.75,15
94.233,0,0,0,0,1.59992,0.99997,1.01978,3,1,1,0.820314,0,0.820314,0.819337,0,42.1875,82.2778,82.4723,81.5278,3434,2360,1582.03,970,1605.47,125.438,190.359,195.844,124.406,190.359,631.346,43.5,11.496,7.66401,12.184,90,100,100,0,-0.203125,71.403,15.75,15.75,15
94.266,0,0,0,0,1.59589,0.99997,1.02115,3,1,1,0.820314,0,0.820314,0.822999,0,42.1875,82.389,82.2501,81.6112,3445.75,2360,1580.47,970,1602.89,125.297,190.289,195.914,124.828,190.289,631.346,43.5,11.504,7.64801,12.192,90,100,100,0,-0.203125,71.403,15.75,15.75,15
94.3,0,0,0,0,1.60004,0.99997,1.02179,3,1,1,0.820314,0,0.820314,0.826661,0,42.1875,82.7501,83.639,83.4167,3454.5,2360,1585,970,1608.13,125.695,190.289,195.914,125.859,190.289,631.346,43.5,11.596,7.67734,12.276,90,100,100,0,-0.875,71.403,15.75,15.75,15
94.333,0,0,0,0,1.59796,0.99997,1.02295,3,1,1,0.820314,0,0.820314,0.824708,0,42.1875,83.139,83.5278,82.4445,3459.75,2360,1587.93,970,1605.47,125.93,190.266,196.031,124.828,190.266,635.154,43.5,11.64,7.70934,12.32,90,100,100,0,0.140625,71.403,15,15,15
94.366,0,0,0,0,1.59113,0.99997,1.02304,3,1,1,0.820314,0,0.820314,0.82007,0,42.1875,83.5556,83.1667,82.6667,3471.75,2360,1590.12,970,1600.23,126.094,190.219,196.055,125.93,190.219,635.154,43.5,11.656,7.74134,12.336,90,100,100,0,-0.53125,71.403,15,15,15
94.4,0,0,0,0,1.59168,0.99997,1.02182,3,1,1,0.820314,0,0.820314,0.813722,0,42.1875,83.5556,83.1945,82.3612,3483,2360,1586.41,970,1600.27,125.813,190.219,196.055,124.875,190.219,635.154,43.5,11.604,7.72534,12.316,90,100,100,0,-0.671875,71.403,14.25,14.25,14.25
94.433,0,0,0,0,1.59808,0.99997,1.02127,3,1,1,0.820314,0,0.820314,0.813722,0,42.1875,83.6667,84.6667,83.139,3489.5,2360,1581.41,970,1608.16,125.344,190.195,196.219,124.43,190.195,635.154,43.5,11.564,7.69334,12.276,90,100,100,0,-0.203125,71.403,15.75,15.75,18.75
94.466,0,0,0,0,1.59515,0.99997,1.01926,3,1,1,0.820314,0,0.820314,0.811769,0,42.1875,83.7778,84.5001,83.7223,3507,2360,1582.3,970,1608.16,125.414,190.172,196.289,124.805,190.172,635.154,43.5,11.508,7.64534,12.22,90,100,100,0,-0.640625,71.403,13.5,13.5,13.5
94.5,0,0,0,0,1.59393,0.99997,1.01679,3,1,1,0.820314,0,0.820314,0.809083,0,42.1875,84.0278,84.4167,83.139,3515.25,2360,1580.82,970,1608.13,125.32,190.172,196.289,123.75,190.172,635.154,43.5,11.468,7.63468,12.148,90,100,100,0,-0.453125,71.403,14.25,14.25,14.25
94.533,0,0,0,0,1.59247,0.99997,1.01618,3,1,1,0.820314,0,0.820314,0.811769,0,42.1875,84.0834,84.389,83.4167,3520.5,2360,1578.28,970,1608.16,125.086,190.125,196.383,124.336,190.125,638.729,43.5,11.44,7.61601,12.12,90,100,100,0,-0.359375,71.403,15.75,15.75,15
94.566,0,0,0,0,1.58606,0.99997,1.0137,3,1,1,0.820314,0,0.820314,0.808107,0,42.1875,84.4723,85.1667,83.1112,3538,2350,1578.67,970,1602.89,125.18,190.219,196.453,124.078,190.219,638.729,43.5,11.436,7.61334,12.116,90,100,100,0,-0.078125,71.403,16.5,16.5,15
94.6,0,0,0,0,1.58838,0.99997,1.01334,3,1,1,0.820314,0,0.820314,0.81006,0,42.1875,84.4723,85.2778,83.4445,3541.75,2350,1573.52,970,1608.16,124.781,190.219,196.453,123.773,190.219,638.729,43.5,11.384,7.57334,12.08,90,100,100,0,-0.65625,71.403,16.5,16.5,15
94.633,0,0,0,0,1.58032,0.99997,1.01227,3,1,1,0.820314,0,0.820314,0.811769,0,42.1875,84.2501,84.8612,83.1112,3554.5,2350,1567.54,970,1605.51,124.406,190.266,196.523,123.75,190.266,638.729,43.5,11.3,7.53068,11.996,90,100,100,0,-0.328125,71.403,17.25,17.25,16.5
94.666,0,0,0,0,1.58063,0.99997,1.01059,3,1,1,0.820314,0,0.820314,0.811036,0,42.1875,84.639,84.889,84.2778,3564,2340,1569.26,970,1608.16,124.664,189.094,196.57,125.016,189.094,638.729,43.5,11.332,7.51734,12.028,90,100,100,0,-0.25,71.403,17.25,17.25,16.5
94.7,0,0,0,0,1.58246,0.99997,1.01096,3,1,1,0.820314,0,0.820314,0.814699,0,42.1875,84.7223,85.9445,84.5834,3571.25,2340,1569.22,970,1610.82,124.688,189.094,196.57,125.039,189.094,638.729,43.5,11.324,7.53868,12.02,90,100,100,0,-0.71875,71.403,16.5,16.5,16.5
94.733,0,0,0,0,1.58026,0.99997,1.01166,3,1,1,0.820314,0,0.820314,0.82007,0,42.1875,85.3056,85.8056,85.0001,3588.5,2340,1569.26,970,1610.82,124.805,189.375,196.664,124.922,189.375,642.537,43.5,11.372,7.55734,12.068,90,100,100,0,0.015625,71.403,16.5,16.5,16.5
94.766,0,0,0,0,1.58362,0.99997,1.01389,3,1,1,0.820314,0,0.820314,0.825685,0,42.1875,85.5834,86.0001,85.1945,3596.25,2340,1568.4,970,1616.09,124.805,189.445,196.711,124.195,189.445,642.537,43.5,11.4,7.55734,12.096,90,100,100,0,-0.578125,71.403,16.5,16.5,16.5
94.8,0,0,0,0,1.58533,0.99997,1.01605,3,1,1,0.820314,0,0.820314,0.82837,0,42.1875,85.7501,86.0834,85.8612,3602.5,2340,1570.47,970,1618.67,124.969,189.445,196.711,124.5,189.445,642.537,43.5,11.452,7.58134,12.14,90,100,100,0,-0.71875,71.403,16.5,16.5,16.5
94.833,0,0,0,0,1.5871,0.99997,1.01914,3,1,1,0.820314,0,0.820314,0.830324,0,42.1875,86.1667,87.1112,86.7223,3617.75,2340,1573.32,970,1621.33,125.297,189.703,196.781,125.063,189.703,642.537,43.5,11.532,7.62668,12.22,90,100,100,0,-0.609375,71.403,16.5,16.5,16.5
94.866,0,0,0,0,1.58472,0.99997,1.02213,3,1,1,0.820314,0,0.820314,0.8313,0,42.1875,86.5001,87.0001,84.9723,3624.75,2340,1568.13,970,1618.71,124.922,189.773,196.828,123.281,189.773,642.537,43.5,11.524,7.64801,12.212,90,100,100,0,-0.671875,71.403,16.5,16.5,16.5
94.9,0,0,0,0,1.58545,0.99997,1.02393,3,1,1,0.820314,0,0.820314,0.830324,0,42.1875,86.6112,87.0556,87.5834,3631.5,2340,1571.6,970,1621.37,125.18,189.773,196.828,126.328,189.773,642.537,43.5,11.576,7.66668,12.272,90,100,100,0,-0.421875,71.403,16.5,16.5,16.5
94.933,0,0,0,0,1.58795,0.99997,1.02582,3,1,1,0.820314,0,0.820314,0.826661,0,42.1875,87.2501,88.1945,86.2501,3647.25,2340,1571.29,970,1624.02,125.273,190.125,196.922,123.539,190.125,646.346,43.5,11.616,7.71468,12.312,90,100,100,0,-0.609375,71.403,16.5,16.5,16.5
94.966,0,0,0,0,1.58374,0.99997,1.02564,3,1,1,0.820314,0,0.820314,0.821046,0,42.1875,87.5001,87.9445,88.0001,3656.25,2340,1576.29,970,1621.37,125.742,190.055,196.969,126.703,190.055,646.346,43.5,11.672,7.72534,12.368,90,100,100,0,-0.203125,71.403,16.5,16.5,16.5
95,0,0,0,0,1.58905,0.99997,1.02612,3,1,1,0.820314,0,0.820314,0.82007,0,42.1875,87.889,88.2501,87.4167,3664.25,2340,1577.89,970,1626.64,125.836,190.055,196.969,124.359,190.055,646.346,43.5,11.696,7.76534,12.376,90,100,100,0,-0.765625,71.403,16.5,16.5,16.5
95.033,0,0,0,0,1.58502,0.99997,1.0264,3,1,1,0.820314,0,0.820314,0.822023,0,42.1875,87.9723,88.0278,88.0278,3678.25,2340,1570,970,1624.06,125.25,190.477,197.063,126.352,190.477,646.346,43.5,11.616,7.70934,12.296,90,100,100,0,-0.765625,71.403,16.5,16.5,16.5
95.066,0,0,0,0,1.58661,0.99997,1.02612,3,1,1,0.820314,0,0.820314,0.821046,0,42.1875,88.3056,88.1112,86.8612,3686.25,2340,1572.7,970,1626.64,125.555,190.477,197.109,123.773,190.477,646.346,43.5,11.66,7.74934,12.34,90,100,100,0,-0.4375,71.403,16.5,16.5,16.5
95.1,0,0,0,0,1.58057,0.99997,1.02634,3,1,1,0.820314,0,0.820314,0.82007,0,42.1875,88.5834,88.7501,88.0834,3698,2340,1576.41,970,1621.37,125.813,190.477,197.109,126.117,190.477,646.346,43.5,11.708,7.73068,12.412,90,100,100,0,-0.53125,71.403,16.5,16.5,16.5
95.133,0,0,0,0,1.58539,0.99997,1.0271,3,1,1,0.820314,0,0.820314,0.82007,0,42.1875,89.1112,89.0001,88.8056,3706.75,2340,1574.26,970,1626.64,125.695,190.734,197.18,125.508,190.734,650.115,43.5,11.688,7.76534,12.392,90,100,100,0,-0.125,71.403,16.5,16.5,16.5
95.166,0,0,0,0,1.58466,0.99997,1.02795,3,1,1,0.820314,0,0.820314,0.822023,0,42.1875,89.1667,88.9723,87.9167,3717.25,2340,1572.81,970,1626.64,125.625,190.875,197.25,124.242,190.875,650.115,43.5,11.684,7.73334,12.388,90,100,100,0,-0.890625,71.403,16.5,16.5,16.5
95.2,0,0,0,0,1.58185,0.99997,1.0264,3,1,1,0.820314,0,0.820314,0.817384,0,42.1875,89.1667,88.8056,87.7501,3722,2340,1571.33,970,1624.06,125.484,190.875,197.25,124.617,190.875,650.115,43.5,11.652,7.73868,12.348,90,100,100,0,-0.25,71.403,16.5,16.5,16.5
95.233,0,0,0,0,1.58276,0.99997,1.02701,3,1,1,0.820314,0,0.820314,0.817384,0,42.1875,89.2223,89.8056,88.389,3740.5,2340,1566.72,970,1626.64,125.109,190.992,197.273,123.75,190.992,650.115,43.5,11.596,7.70934,12.292,90,100,100,0,-0.75,71.403,16.5,16.5,16.5
95.266,0,0,0,0,1.57312,0.99997,1.02579,3,1,1,0.820314,0,0.820314,0.814699,0,42.1875,89.5834,89.2223,89.2223,3748,2350,1567.23,970,1618.71,125.297,191.344,197.391,126.188,191.344,650.115,43.5,11.6,7.67734,12.296,90,99.6079,100,0,-0.515625,71.403,16.5,16.5,16.5
95.3,0,0,0,0,1.57568,0.99997,1.02509,3,1,1,0.820314,0,0.820314,0.814699,0,42.1875,89.5278,89.389,89.0278,3755.5,2350,1563.2,970,1621.37,124.922,191.344,197.391,124.758,191.344,650.115,43.5,11.552,7.66668,12.24,90,100,100,0,-0.140625,71.403,16.5,16.5,16.5
95.333,0,0,0,0,1.57276,0.99997,1.02432,3,1,1,0.820314,0,0.820314,0.814699,0,42.1875,89.9723,89.2223,88.4167,3772.5,2340,1561.25,970,1618.71,124.781,191.227,197.438,123.539,191.227,653.963,43.5,11.528,7.65868,12.216,90,100,100,0,-0.34375,71.403,17.25,17.25,16.5
95.366,0,0,0,0,1.5733,0.99997,1.02319,3,1,1,0.820314,0,0.820314,0.814699,0,42.1875,89.7501,90.2501,88.8056,3772.5,2350,1558.67,970,1618.71,124.617,191.602,197.484,123.891,191.602,653.963,43.5,11.5,7.61868,12.188,90,100,100,0,-0.75,71.403,17.25,17.25,16.5
95.4,0,0,0,0,1.56818,0.99997,1.02155,3,1,1,0.820314,0,0.820314,0.811769,0,42.1875,89.5834,89.9445,89.0001,3784.5,2350,1555.66,970,1616.09,124.336,191.602,197.484,124.102,191.602,653.963,43.5,11.444,7.59201,12.148,90,100,100,0,-0.75,71.403,17.25,17.25,16.5
95.433,0,0,0,0,1.56567,0.99997,1.02139,3,1,1,0.820314,0,0.820314,0.815675,0,42.1875,90.2223,89.8334,89.1112,3797.25,2350,1557.42,970,1613.44,124.57,191.789,197.555,123.938,191.789,653.963,43.5,11.472,7.60534,12.176,90,100,100,0,-0.375,71.403,17.25,17.25,16.5
95.466,0,0,0,0,1.56201,0.99997,1.02109,3,1,1,0.820314,0,0.820314,0.818361,0,42.1875,90.389,89.6112,88.9167,3805,2350,1555.12,970,1608.2,124.453,191.859,197.625,123.727,191.859,653.963,43.5,11.452,7.60001,12.156,90,100,100,0,-0.59375,71.403,17.25,17.25,16.5
95.5,0,0,0,0,1.56085,0.99997,1.02292,3,1,1,0.820314,0,0.820314,0.824708,0,42.1875,90.6112,90.5001,89.4167,3817.75,2350,1552.7,970,1608.16,124.219,191.859,197.625,123.445,191.859,653.963,43.5,11.452,7.60801,12.132,90,100,100,0,-0.265625,71.403,17.25,17.25,16.5
95.533,0,0,0,0,1.55982,0.99997,1.02329,3,1,1,0.820314,0,0.820314,0.821046,0,42.1875,90.639,90.4445,88.7223,3827,2350,1546.64,970,1608.16,123.773,192.117,197.695,121.758,192.117,657.576,43.5,11.376,7.57868,12.056,90,100,100,0,-0.90625,71.403,17.25,17.25,16.5
95.566,0,0,0,0,1.55628,0.99997,1.02481,3,1,1,0.820314,0,0.820314,0.819337,0,42.1875,90.5556,90.2223,89.8056,3836.25,2350,1544.57,970,1605.55,123.68,192.234,197.766,123.703,192.234,657.576,43.5,11.384,7.55201,12.064,90,100,100,0,-0.359375,71.403,17.25,17.25,16.5
95.6,0,0,0,0,1.55658,0.99997,1.02506,3,1,1,0.820314,0,0.820314,0.819337,0,42.1875,90.8612,91.1945,90.5279,3844,2350,1548.79,970,1605.55,124.008,192.234,197.766,124.148,192.234,657.576,43.5,11.436,7.57334,12.132,90,100,100,0,-0.546875,71.403,17.25,17.25,16.5
95.633,0,0,0,0,1.55414,0.99997,1.02252,3,1,1,0.820314,0,0.820314,0.815675,0,42.1875,91.389,91.0556,91.5556,3857.5,2350,1550.59,970,1602.89,124.219,192.422,197.813,125.016,192.422,657.576,43.5,11.428,7.59201,12.124,90,100,100,0,-0.46875,71.403,17.25,17.25,16.5
95.666,0,0,0,0,1.55646,0.99997,1.02185,3,1,1,0.820314,0,0.820314,0.812745,0,42.1875,91.5001,91.1945,90.9167,3866.75,2350,1547.7,970,1605.51,124.055,192.586,197.883,123.328,192.586,657.576,43.5,11.404,7.57334,12.1,90,100,100,0,-0.34375,71.403,17.25,17.25,16.5
95.7,0,0,0,0,1.56323,0.99997,1.02228,3,1,1,0.820314,0,0.820314,0.815675,0,42.1875,91.4445,91.5834,91.4445,3869.25,2350,1544.53,970,1613.44,123.75,192.586,197.883,122.484,192.586,657.576,43.5,11.368,7.55468,12.072,90,100,100,0,-0.578125,71.403,17.25,17.25,16.5
95.733,0,0,0,0,1.55554,0.99997,1.02289,3,1,1,0.820314,0,0.820314,0.822999,0,42.1875,92.3056,91.139,92.389,3889.5,2350,1554.96,970,1602.89,124.711,192.773,197.953,125.25,192.773,661.209,43.5,11.524,7.60534,12.228,90,100,100,0,-0.296875,71.403,17.25,17.25,16.5
95.766,0,0,0,0,1.56049,0.99997,1.02545,3,1,1,0.820314,0,0.820314,0.829347,0,42.1875,93.0556,92.4445,92.8056,3899,2350,1557.46,970,1605.51,125.016,192.938,198.023,126.68,192.938,661.209,43.5,11.62,7.67734,12.324,90,100,100,0,-0.796875,71.403,17.25,17.25,16.5
95.8,0,0,0,0,1.5625,0.99997,1.02756,3,1,1,0.820314,0,0.820314,0.830324,0,42.1875,93.2779,92.5834,93.0001,3904,2350,1562.23,970,1605.47,125.367,192.938,198.023,124.992,192.938,661.209,43.5,11.668,7.71201,12.356,90,100,100,0,-0.34375,71.403,17.25,17.25,16.5
95.833,0,0,0,0,1.57355,0.99997,1.02954,3,1,1,0.820314,0,0.820314,0.822023,0,42.1875,93.5279,93.1667,92.3334,3919,2350,1553.28,970,1616.05,124.594,192.984,198.047,122.344,192.984,661.209,43.5,11.592,7.71201,12.28,90,99.6079,100,0,-0.4375,71.403,17.25,17.25,16.5
95.866,0,0,0,0,1.57117,0.99997,1.03009,3,1,1,0.820314,0,0.820314,0.821046,0,42.1875,93.4167,93.0834,93.2223,3925,2360,1554.73,970,1613.4,124.781,193.336,198.141,124.102,193.336,661.209,43.5,11.62,7.69068,12.308,90,100,100,0,-0.25,71.403,17.25,17.25,16.5
95.9,0,0,0,0,1.57031,0.99997,1.02762,3,1,1,0.820314,0,0.820314,0.815675,0,42.1875,93.3056,94.0001,93.7223,3933.25,2360,1554.22,970,1613.4,124.688,193.336,198.141,124.57,193.336,661.209,43.5,11.584,7.66934,12.28,90,100,100,0,-0.59375,71.403,17.25,17.25,16.5
95.933,0,0,0,0,1.55927,0.99997,1.02615,3,1,1,0.820314,0,0.820314,0.816408,0,42.1875,93.6945,93.3612,94.0001,3942.5,2360,1551.45,970,1602.93,124.547,193.477,198.211,127.664,193.477,664.901,43.5,11.516,7.62401,12.212,90,100,100,0,-0.21875,71.403,17.25,17.25,16.5
95.966,0,0,0,0,1.57007,0.99997,1.02548,3,1,1,0.820314,0,0.820314,0.817384,0,42.1875,94.2779,93.9723,94.6112,3952,2360,1556.37,970,1613.4,124.992,193.406,198.258,125.156,193.406,664.901,43.5,11.604,7.66134,12.3,90,100,100,0,-0.59375,71.403,17.25,17.25,16.5
96,0,0,0,0,1.56885,0.99997,1.02634,3,1,1,0.820314,0,0.820314,0.821046,0,42.1875,94.6945,93.9167,94.0001,3965.5,2360,1556.56,970,1610.78,124.969,193.406,198.258,124.148,193.406,664.901,43.5,11.608,7.70668,12.312,90,100,100,0,-0.015625,71.403,17.25,17.25,16.5
96.033,0,0,0,0,1.56513,0.99997,1.02618,3,1,1,0.820314,0,0.820314,0.821046,0,42.1875,94.639,94.6945,94.8334,3977,2360,1555.04,970,1608.16,124.898,193.875,198.352,125.25,193.875,664.901,43.5,11.592,7.66401,12.296,90,100,100,0,-0.1875,71.403,17.25,17.25,16.5
96.066,0,0,0,0,1.56464,0.99997,1.02817,3,1,1,0.820314,0,0.820314,0.822999,0,42.1875,94.6945,94.6667,95.4167,3985.5,2360,1554.06,970,1608.16,124.875,193.852,198.398,126.539,193.852,664.901,43.5,11.588,7.66934,12.292,90,100,100,0,-0.65625,71.403,17.25,17.25,16.5
96.1,0,0,0,0,1.56024,0.99997,1.0293,3,1,1,0.820314,0,0.820314,0.823732,0,42.1875,95.0834,94.389,95.4167,3995.5,2360,1559.06,970,1602.93,125.25,193.852,198.398,127.805,193.852,664.901,43.5,11.684,7.67201,12.38,90,100,100,0,-0.21875,71.403,17.25,17.25,16.5
96.133,0,0,0,0,1.56757,0.99997,1.03034,3,1,1,0.820314,0,0.820314,0.819337,0,42.1875,95.7223,94.8334,96.6945,4004.25,2360,1563.91,970,1608.16,125.695,194.133,198.445,127.758,194.133,668.768,43.5,11.76,7.75734,12.456,90,100,100,0,0.015625,71.403,18,18,15.75
96.166,0,0,0,0,1.57001,0.99997,1.03116,3,1,1,0.820314,0,0.820314,0.822023,0,42.1875,96.5279,96.0001,95.4167,4014.25,2360,1564.1,970,1608.16,125.883,194.414,198.492,125.555,194.414,668.768,43.5,11.792,7.78934,12.488,90,100,100,0,-0.3125,71.403,17.25,17.25,15.75
96.2,0,0,0,0,1.57739,0.99997,1.02918,3,1,1,0.820314,0,0.820314,0.815675,0,42.1875,96.4723,96.4723,96.7779,4025,2360,1564.77,970,1616.09,125.906,194.414,198.492,125.32,194.414,668.768,43.5,11.768,7.77601,12.464,90,100,100,0,-0.390625,71.403,17.25,17.25,18
96.233,0,0,0,0,1.56622,0.99997,1.02899,3,1,1,0.820314,0,0.820314,0.816408,0,42.1875,97.2779,95.7779,97.889,4037.5,2360,1572.54,970,1602.93,126.82,194.719,198.539,129,194.719,668.768,43.5,11.872,7.80268,12.568,90,100,100,0,-0.484375,71.403,17.25,17.25,18
96.266,0,0,0,0,1.58057,0.99997,1.02628,3,1,1,0.820314,0,0.820314,0.813722,0,42.1875,97.8056,96.639,97.4167,4043.5,2350,1567.15,970,1616.05,126.516,193.594,198.539,125.227,193.594,668.768,43.5,11.832,7.83734,12.528,90,100,100,0,-0.734375,71.403,17.25,17.25,18
96.3,0,0,0,0,1.57587,0.99997,1.02628,3,1,1,0.820314,0,0.820314,0.814699,0,42.1875,97.9723,97.2501,96.2779,4051.25,2350,1565.04,970,1610.82,126.305,193.594,198.539,124.383,193.594,668.768,44.25,11.776,7.83201,12.472,90,99.6079,100,0,0.015625,71.403,17.25,17.25,18
96.333,0,0,0,0,1.57501,0.99997,1.02225,3,1,1,0.820314,0,0.820314,0.808107,0,42.1875,98.0556,97.2501,97.639,4065.5,2350,1561.48,970,1610.82,126.258,194.273,198.586,126.117,194.273,672.85,44.25,11.692,7.77334,12.388,90,100,100,0,-0.609375,71.403,17.25,17.25,18
96.366,0,0,0,0,1.56555,0.99997,1.02121,3,1,1,0.820314,0,0.820314,0.809083,0,42.1875,98.4445,96.6667,97.3612,4075.5,2350,1567.5,970,1600.27,126.867,194.273,198.586,127.828,194.273,672.85,44.25,11.764,7.78134,12.46,90,100,100,0,-0.265625,71.403,17.25,17.25,18
96.4,0,0,0,0,1.56488,0.99997,1.01889,3,1,1,0.820314,0,0.820314,0.807374,0,42.1875,98.6945,97.5556,98.0001,4089.75,2350,1568.4,970,1597.62,126.914,194.273,198.586,128.602,194.273,672.85,44.25,11.724,7.76801,12.42,89.25,100,100,0,-0.40625,71.403,17.25,17.25,18
96.433,0,0,0,0,1.57221,0.99997,1.01627,3,1,1,0.820314,0,0.820314,0.806398,0,42.1875,99.0279,98.0279,97.889,4098.25,2350,1561.25,970,1605.55,126.563,195.023,198.633,126.211,195.023,672.85,44.25,11.62,7.73068,12.316,89.25,100,100,0,-0.21875,71.403,17.25,17.25,18
96.466,0,0,0,0,1.58014,0.99997,1.01331,3,1,1,0.820314,0,0.820314,0.804445,0,42.1875,98.9167,98.5279,98.5279,4109,2350,1553.71,970,1613.44,126.164,195.164,198.656,125.367,195.164,672.85,44.25,11.536,7.66668,12.232,89.25,100,100,0,-0.609375,71.403,17.25,17.25,18
96.5,0,0,0,0,1.57495,0.99997,1.01166,3,1,1,0.820314,0,0.820314,0.807374,0,42.1875,99.3334,98.1945,98.3334,4115.75,2350,1557.5,970,1608.16,126.445,195.164,198.656,125.977,195.164,672.85,44.25,11.556,7.68268,12.244,90,100,100,0,-0.09375,71.403,17.25,17.25,18
96.533,0,0,0,0,1.56842,0.99997,1.01108,3,1,1,0.820314,0,0.820314,0.814699,0,42.1875,99.4445,98.6667,99.3056,4134.5,2350,1558.79,970,1600.27,126.68,195.469,198.68,128.063,195.469,676.815,44.25,11.572,7.65868,12.26,90,100,100,0,-0.421875,71.403,17.25,17.25,18
96.566,0,0,0,0,1.57684,0.99997,1.01151,3,1,1,0.820314,0,0.820314,0.817384,0,42.1875,100.195,99.2223,98.2779,4140.75,2350,1556.45,970,1608.16,126.68,196.008,198.703,124.617,196.008,676.815,44.25,11.568,7.70934,12.256,90,100,100,0,-0.609375,71.403,17.25,17.25,18
96.6,0,0,0,0,1.57868,0.99997,1.01404,3,1,1,0.820314,0,0.820314,0.823732,0,42.1875,100.028,99.3612,99.639,4148,2350,1551.29,970,1608.16,126.211,196.008,198.703,126.516,196.008,676.815,44.25,11.54,7.67734,12.252,90,100,100,0,-0.453125,71.403,17.25,17.25,18
96.633,0,0,0,0,1.57288,0.99997,1.01593,3,1,1,0.820314,0,0.820314,0.822023,0,42.1875,100.25,98.9723,100.611,4155.5,2350,1553.95,970,1602.93,126.656,196.289,198.727,128.883,196.289,676.815,44.25,11.6,7.68001,12.312,90,100,100,0,-0.09375,71.403,17.25,17.25,18
96.666,0,0,0,0,1.57947,0.99997,1.01849,3,1,1,0.820314,0,0.820314,0.824708,0,42.1875,101,99.4167,99.5556,4166,2350,1555.94,970,1608.16,127.031,196.617,198.75,124.641,196.617,676.815,44.25,11.632,7.76268,12.344,90,100,100,0,-0.546875,71.403,17.25,17.25,18
96.7,0,0,0,0,1.57037,0.99997,1.01975,3,1,1,0.820314,0,0.820314,0.825685,0,42.1875,100.778,99.7501,99.3612,4178.25,2350,1554.61,970,1597.58,126.891,196.617,198.75,126.492,196.617,676.815,44.25,11.656,7.71201,12.352,90,100,100,0,-0.296875,71.403,17.25,17.25,18
96.733,0,0,0,0,1.58075,0.99997,1.02155,3,1,1,0.820314,0,0.820314,0.824708,0,42.1875,101.417,100.389,99.7501,4181.75,2360,1547.5,970,1608.16,126.539,197.133,198.773,124.055,197.133,680.623,44.25,11.652,7.78668,12.348,90,100,100,0,-0.5625,71.403,17.25,17.25,18
96.766,0,0,0,0,1.58551,0.99997,1.02213,3,1,1,0.820314,0,0.820314,0.824708,0,42.1875,101.306,100.722,101.389,4194,2350,1546.09,970,1613.44,126.539,197.227,198.797,125.602,197.227,680.623,44.25,11.62,7.71734,12.316,90,100,100,0,-0.15625,71.403,17.25,17.25,18
96.8,0,0,0,0,1.57916,0.99997,1.02289,3,1,1,0.820314,0,0.820314,0.822999,0,42.1875,100.945,101.361,100.639,4207.5,2350,1540.74,970,1608.16,126.047,197.227,198.797,126.094,197.227,680.623,44.25,11.572,7.69868,12.26,90,100,100,0,-0.21875,71.403,17.25,17.25,18
96.833,0,0,0,0,1.5752,0.99997,1.02393,3,1,1,0.820314,0,0.820314,0.821046,0,42.1875,101.695,101.111,101.028,4217,2360,1541.95,970,1602.93,126.398,197.953,198.82,127.57,197.953,680.623,44.25,11.628,7.74134,12.316,90,100,100,0,0.15625,71.403,17.25,17.25,18
96.866,0,0,0,0,1.57996,0.99997,1.02493,3,1,1,0.820314,0,0.820314,0.823732,0,42.1875,102.167,101.389,100.778,4222.75,2360,1543.83,970,1608.16,126.773,198.07,198.844,125.109,198.07,680.623,44.25,11.692,7.77334,12.38,90,100,100,0,-0.640625,71.403,16.5,16.5,18
96.9,0,0,0,0,1.57086,0.99997,1.0257,3,1,1,0.820314,0,0.820314,0.824708,0,42.1875,102.222,100.806,101.639,4234.25,2360,1547.62,970,1597.58,127.078,198.07,198.844,127.945,198.07,680.623,44.25,11.748,7.75468,12.436,90,100,100,0,-0.65625,71.403,16.5,16.5,15.75
96.933,0,0,0,0,1.58197,0.99997,1.02728,3,1,1,0.820314,0,0.820314,0.823732,0,42.1875,102.972,102.472,101.639,4249.25,2360,1539.57,970,1605.55,126.563,198.516,198.867,126.188,198.516,684.315,44.25,11.672,7.81601,12.36,90,100,100,0,-0.25,71.403,17.25,17.25,15.75
96.966,0,0,0,0,1.58191,0.99997,1.02866,3,1,1,0.820314,0,0.820314,0.824708,0,42.1875,102.917,102.472,102.167,4260.75,2360,1538.13,970,1608.16,126.633,198.891,198.914,125.719,198.891,684.315,44.25,11.696,7.78668,12.384,90,100,100,0,-0.484375,71.403,17.25,17.25,18
97,0,0,0,0,1.58569,0.99997,1.0282,3,1,1,0.820314,0,0.820314,0.821046,0,42.1875,103.139,102.722,101.389,4269,2360,1535.66,970,1610.78,126.375,198.891,198.914,123.586,198.891,684.315,44.25,11.668,7.79468,12.38,90,100,100,0,-0.1875,71.403,17.25,17.25,18
97.033,0,0,0,0,1.578,0.99997,1.02905,3,1,1,0.820314,0,0.820314,0.82007,0,42.1875,103.195,102.222,103.695,4278.75,2360,1537.34,970,1602.93,126.773,199.336,198.938,128.156,199.336,684.315,44.25,11.696,7.77868,12.408,90,100,100,0,-0.296875,71.403,17.25,17.25,18
97.066,0,0,0,0,1.58746,0.99997,1.02957,3,1,1,0.820314,0,0.820314,0.823732,0,42.1875,103.833,102.833,104.472,4288.75,2360,1538.16,970,1610.78,127.055,199.289,198.961,126.914,199.289,684.315,44.25,11.764,7.83201,12.476,90,100,100,0,-0.6875,71.403,17.25,17.25,18
97.1,0,0,0,0,1.58972,0.99997,1.03088,3,1,1,0.820314,0,0.820314,0.826661,0,42.1875,104.306,103.945,102.528,4294.25,2360,1536.02,970,1610.78,126.844,199.289,198.961,124.57,199.289,684.315,44.25,11.736,7.85334,12.44,90,100,100,0,-0.34375,71.403,17.25,17.25,18
97.133,0,0,0,0,1.57483,0.99997,1.03055,3,1,1,0.820314,0,0.820314,0.818361,0,42.1875,104.528,102.945,103.333,4312,2350,1539.18,970,1597.58,127.219,199.148,198.961,127.805,199.148,688.162,44.25,11.8,7.84534,12.504,90,100,100,0,-0.21875,71.403,17.25,17.25,18
97.166,0,0,0,0,1.5705,0.99997,1.03058,3,1,1,0.820314,0,0.820314,0.816408,0,42.1875,104.583,102.695,103.445,4318.25,2350,1536.21,970,1592.3,127.289,199.5,199.008,129.188,199.5,688.162,44.25,11.772,7.81601,12.476,90,100,100,0,-0.59375,71.403,17.25,17.25,18
97.2,0,0,0,0,1.57269,0.99997,1.02933,3,1,1,0.820314,0,0.820314,0.815675,0,42.1875,104.833,103.722,103.833,4325.75,2350,1538.4,970,1592.3,127.453,199.5,199.008,128.602,199.5,688.162,44.25,11.772,7.81868,12.476,90,100,100,0,-0.21875,71.403,17.25,17.25,18
97.233,0,0,0,0,1.58002,0.99997,1.03012,3,1,1,0.820314,0,0.820314,0.821046,0,42.1875,104.889,104.222,103.945,4337,2350,1527.3,970,1600.27,126.68,199.359,199.031,127.242,199.359,688.162,44.25,11.668,7.80268,12.372,90,100,100,0,-0.515625,71.403,17.25,17.25,18
97.266,0,0,0,0,1.57593,0.99997,1.02982,3,1,1,0.820314,0,0.820314,0.819337,0,42.1875,105.167,103.945,105,4344,2340,1530.08,970,1597.62,127.078,199.313,199.055,128.719,199.313,688.162,44.25,11.724,7.78934,12.428,90,100,100,0,-0.4375,71.403,17.25,17.25,18
97.3,0,0,0,0,1.56915,0.99997,1.03021,3,1,1,0.820314,0,0.820314,0.817384,0,42.1875,105.583,103.5,105.25,4356.5,2340,1534.02,970,1592.3,127.383,199.313,199.055,129.352,199.313,688.162,44.25,11.768,7.82134,12.472,90,100,100,0,-0.328125,71.403,17.25,17.25,18
97.333,0,0,0,0,1.57532,0.99997,1.03015,3,1,1,0.820314,0,0.820314,0.818361,0,42.1875,105.528,104.945,105.528,4364.75,2340,1525.55,970,1597.58,126.938,199.57,199.102,128.766,199.57,691.951,44.25,11.684,7.78401,12.388,90,100,100,0,-0.1875,71.403,17.25,17.25,18
97.366,0,0,0,0,1.55884,0.99997,1.02866,3,1,1,0.820314,0,0.820314,0.815675,0,42.1875,106.556,103.861,105.806,4375.5,2340,1535.2,970,1584.38,127.898,199.289,199.102,130.805,199.289,691.951,44.25,11.8,7.84268,12.504,90,100,100,0,-0.359375,71.403,17.25,17.25,18
97.4,0,0,0,0,1.58276,0.99997,1.02799,3,1,1,0.820314,0,0.820314,0.813722,0,42.1875,106.333,106.445,105.667,4387,2340,1520.59,970,1605.51,126.586,199.289,199.102,125.461,199.289,691.951,45,11.612,7.81068,12.308,90,100,100,0,-0.546875,71.403,17.25,17.25,18
97.433,0,0,0,0,1.58637,0.99997,1.0289,3,1,1,0.820314,0,0.820314,0.822023,0,42.1875,106.861,105.695,106.861,4396,2330,1525.39,970,1608.16,127.172,199.383,199.125,125.602,199.383,691.951,45,11.696,7.84801,12.392,90,100,100,0,-0.484375,71.403,17.25,17.25,18
97.466,0,0,0,0,1.58423,0.99997,1.03021,3,1,1,0.820314,0,0.820314,0.824708,0,42.1875,106.389,112.389,106.445,4413,2330,1514.14,970,1605.55,126.492,199.688,199.172,126.656,199.688,691.951,45,11.584,7.76001,12.28,90,100,100,0,-0.3125,71.403,17.25,17.25,18
97.5,0,0,0,0,1.56983,0.99997,1.03085,3,1,1,0.820314,0,0.820314,0.821046,0,42.1875,106.917,105.528,106.861,4419.5,2330,1520.66,970,1597.58,127.055,199.688,199.172,128.367,199.688,691.951,45,11.676,7.78134,12.364,90,100,100,0,-0.5,71.403,17.25,17.25,18
97.533,0,0,0,0,1.58319,0.99997,1.03211,3,1,1,0.820314,0,0.820314,0.818361,0,42.1875,107.445,108.445,107.25,4430,2330,1517.46,970,1610.78,126.867,199.383,199.172,124.57,199.383,695.643,45,11.656,7.83201,12.344,90,100,100,0,-0.953125,71.403,17.25,17.25,18
97.566,0,0,0,0,1.57929,0.99997,1.03186,3,1,1,0.820314,0,0.820314,0.822023,0,42.1875,108.083,106.083,106.083,4437,2320,1517.81,970,1605.51,127.148,199.57,199.219,124.102,199.57,695.643,45,11.708,7.86934,12.396,90,99.2157,100,0,-0.109375,71.403,17.25,17.25,18
97.6,0,0,0,0,1.5813,0.99997,1.03125,3,1,1,0.820314,0,0.820314,0.819337,0,42.1875,107.889,111.278,106.556,4443.75,2330,1513.05,970,1605.51,126.703,199.57,199.219,125.016,199.57,695.643,45,11.612,7.82934,12.324,90,100,100,0,-0.53125,71.403,17.25,17.25,18
97.633,0,0,0,0,1.56299,0.99997,1.03162,3,1,1,0.820314,0,0.820314,0.819337,0,42.1875,108.195,106,107.472,4457.5,2320,1519.88,970,1592.3,127.523,199.594,199.242,127.664,199.594,695.643,45,11.724,7.83201,12.436,90,100,100,0,-0.625,71.403,17.25,17.25,18
97.666,0,0,0,0,1.56928,0.99997,1.03375,3,1,1,0.820314,0,0.820314,0.824708,0,42.1875,108.722,106.417,107.917,4462.75,2320,1519.77,970,1594.96,127.664,199.5,199.266,127.078,199.5,695.643,45,11.76,7.86934,12.472,90,100,100,0,-0.6875,71.403,17.25,17.25,18
97.7,0,0,0,0,1.57288,0.99997,1.035,3,1,1,0.820314,0,0.820314,0.827638,0,42.1875,108.195,112.611,106.861,4476.25,2320,1506.17,970,1595,126.422,199.5,199.266,127.406,199.5,695.643,45,11.616,7.78934,12.312,89.25,100,100,0,-0.15625,71.403,17.25,17.25,18
97.733,0,0,0,0,1.57166,0.99997,1.03809,3,1,1,0.820314,0,0.820314,0.827638,0,42.1875,108.778,108.528,107.389,4491.5,2320,1508.44,970,1605.47,126.82,199.617,199.289,124.922,199.617,699.256,45,11.696,7.84534,12.392,89.25,100,100,0,-0.40625,71.403,17.25,17.25,18
97.766,0,0,0,0,1.55573,0.99997,1.03815,3,1,1,0.820314,0,0.820314,0.822023,0,42.1875,109.861,106.417,107.139,4498.25,2310,1518.55,970,1587.03,127.922,199.641,199.313,127.523,199.641,699.256,45,11.84,7.93334,12.536,89.25,100,100,0,-0.25,71.403,17.25,17.25,18
97.8,0,0,0,0,1.565,0.99997,1.03876,3,0.982912,1,0.820314,0,0.820314,0.822023,0,42.1875,109.278,107.028,108.417,4503.75,2310,1509.18,970,1595,127.055,199.641,199.313,128.063,199.641,699.256,45,11.728,7.86134,12.416,90,99.6079,100,0,-0.28125,71.403,17.25,17.25,18
97.833,0,0,0,0,1.54736,0.99997,1.03891,3,0.982912,1,0.820314,0,0.820314,0.822023,0,42.1875,109.583,105.861,108.861,4513.75,2310,1513.98,970,1576.45,127.734,199.758,199.336,131.672,199.758,699.256,45,11.832,7.87201,12.52,90,100,100,0,-0.09375,71.403,17.25,17.25,18
97.866,0,0,0,0,1.56958,0.99997,1.03861,3,0.982912,1,0.820314,0,0.820314,0.819337,0,42.1875,109.861,108.417,108.195,4525.5,2310,1506.72,970,1594.96,127.195,199.523,199.336,125.672,199.523,699.256,45,11.736,7.86134,12.424,90,100,100,0,-0.359375,71.403,18,18,18
97.9,0,0,0,0,1.56439,0.99997,1.0383,3,0.980226,1,0.820314,0,0.820314,0.818361,0,42.1875,109.806,110.111,109.222,4537.75,2310,1504.69,970,1589.69,126.984,199.523,199.336,127.43,199.523,699.256,45,11.696,7.84801,12.384,90,100,100,0,0.25,71.403,18,18,18
97.933,0,0,0,0,1.56744,0.99997,1.03659,3,0.980226,1,0.820314,0,0.820314,0.812745,0,42.1875,110.389,113.306,108.695,4548.75,2300,1500.08,970,1592.3,126.75,199.664,199.359,125.836,199.664,702.967,45,11.652,7.82668,12.34,90,99.6079,100,0,-0.4375,71.403,17.25,17.25,18
97.966,0,0,0,0,1.56201,0.99997,1.03531,3,0.980226,1,0.820314,0,0.820314,0.813722,0,42.1875,109.972,113.889,108.139,4553,2300,1491.29,970,1594.92,126.188,199.758,199.359,124.523,199.758,702.967,45,11.556,7.77601,12.244,90,100,100,0,-0.3125,71.403,18,18,18
98,0,0,0,0,1.54425,0.99997,1.03522,3,0.97632,1,0.820314,0,0.820314,0.818361,0,42.1875,109.695,106.639,110.083,4563.25,2300,1496.91,970,1584.41,126.68,199.758,199.359,128.906,199.758,702.967,45,11.62,7.75201,12.324,90,100,100,0,-0.6875,71.403,18,18,18
98.033,0,0,0,0,1.5434,0.99997,1.03885,3,0.97632,1,0.820314,0,0.820314,0.830324,0,42.1875,110.445,107.445,109.139,4573,2300,1493.24,970,1587.03,126.586,199.758,199.383,126.445,199.758,702.967,45,11.612,7.80268,12.316,90,99.6079,100,0,-0.484375,71.403,18,18,18
98.066,0,0,0,0,1.55176,0.99997,1.04175,3,0.97632,1,0.820314,0,0.820314,0.82837,0,42.1875,110.389,112.111,109.111,4592,2290,1485.08,970,1592.3,125.977,199.617,199.383,124.805,199.617,702.967,45,11.548,7.78934,12.252,90,99.6079,100,0,-0.28125,71.403,18,18,18
98.1,0,0,0,0,1.55402,0.99997,1.04477,3,0.972658,1,0.820314,0,0.820314,0.829347,0,42.1875,110.222,116.139,109.917,4595.5,2290,1480.82,970,1600.23,125.555,199.617,199.383,124.102,199.617,702.967,45,11.536,7.75468,12.232,90,99.6079,100,0,-0.046875,71.403,18,18,18
98.133,0,0,0,0,1.53754,0.99997,1.04581,3,0.972658,1,0.820314,0,0.820314,0.823732,0,42.1875,110.695,107.083,112.056,4610.25,2290,1488.91,970,1589.69,126.492,199.711,199.406,128.016,199.711,706.619,45,11.664,7.79468,12.36,90,100,100,0,-0.671875,71.403,18,18,18
98.166,0,0,0,0,1.54584,0.99997,1.04648,3,0.972658,1,0.820314,0,0.820314,0.824708,0,42.1875,111.611,109.583,109.945,4616.75,2290,1483.55,970,1592.3,126.258,199.852,199.406,124.266,199.852,706.619,45,11.616,7.86134,12.312,90,100,100,0,-0.515625,71.403,18,18,18
98.2,0,0,0,0,1.5495,0.99997,1.04907,3,0.968019,1,0.820314,0,0.820314,0.830324,0,42.1875,111.083,118.778,109.611,4630.25,2290,1472.23,970,1597.54,125.203,199.852,199.406,123.234,199.852,706.619,45,11.528,7.81334,12.24,90,100,100,0,-0.046875,71.403,18,18,18
98.233,0,0,0,0,1.54468,0.99997,1.05017,3,0.968019,1,0.820314,0,0.820314,0.824708,0,42.1875,111.889,109.528,110.445,4636.75,2280,1480,970,1594.92,126.117,199.758,199.406,122.484,199.758,706.619,45,11.64,7.87201,12.352,90,100,100,0,-0.84375,71.403,18,18,18
98.266,0,0,0,0,1.54566,0.99997,1.05191,3,0.968019,1,0.820314,0,0.820314,0.826661,0,42.1875,111.306,119.417,111.417,4643,2280,1471.25,970,1592.3,125.461,199.641,199.43,125.156,199.641,706.619,45,11.584,7.81068,12.296,90,100,100,0,-0.59375,71.403,18,18,18
98.3,0,0,0,0,1.52869,0.99997,1.05274,3,0.964357,1,0.820314,0,0.820314,0.825685,0,42.1875,111.389,108.306,111.278,4653.25,2280,1475.9,970,1581.8,125.836,199.641,199.43,127.852,199.641,706.619,45,11.616,7.81868,12.312,90,100,100,0,-0.5625,71.403,18.75,18.75,18
98.333,0,0,0,0,1.54035,0.99997,1.05393,3,0.964357,1,0.820314,0,0.820314,0.823732,0,42.1875,112.417,112.222,110.611,4667,2280,1478.2,970,1592.3,126.305,199.875,199.43,123.984,199.875,709.959,45,11.636,7.89334,12.332,90,100,100,0,-0.046875,71.403,18,18,18
98.366,0,0,0,0,1.54303,0.99997,1.05451,3,0.964357,1,0.820314,0,0.820314,0.822999,0,42.1875,113.111,112.417,111.695,4675.75,2270,1477.54,970,1589.69,126.469,199.805,199.453,124.266,199.805,709.959,45,11.708,7.94134,12.404,90,100,100,0,-0.65625,71.403,18,18,18
98.4,0,0,0,0,1.54804,0.99997,1.05472,3,0.960207,1,0.820314,0,0.820314,0.821046,0,42.1875,113.167,120.778,110.75,4682.25,2280,1468.91,970,1592.3,125.648,199.805,199.453,122.438,199.805,709.959,45,11.584,7.94134,12.272,90,100,100,0,-0.21875,71.403,18,18,18
98.433,0,0,0,0,1.51355,0.99997,1.05444,3,0.960207,1,0.820314,0,0.820314,0.818361,0,42.1875,112.778,108.222,113.167,4694.75,2270,1477.62,970,1563.24,126.609,199.758,199.453,132.141,199.758,709.959,45,11.672,7.85334,12.36,90,100,100,0,-0.515625,71.403,18.75,18.75,18
98.466,0,0,0,0,1.52319,0.99997,1.05365,3,0.960207,1,0.820314,0,0.820314,0.818361,0,42.1875,113.695,108.889,111.528,4711,2270,1476.8,970,1573.87,126.656,199.664,199.477,126.938,199.664,709.959,45,11.712,7.92001,12.4,90,99.6079,100,0,-0.203125,71.403,18,18,18
98.5,0,0,0,0,1.52869,0.99997,1.0542,3,0.955812,1,0.820314,0,0.820314,0.821046,0,42.1875,113.75,109.306,111.695,4713.25,2270,1471.6,970,1579.1,126.164,199.664,199.477,125.227,199.664,709.959,45,11.636,7.88534,12.332,90,100,100,0,-0.1875,71.403,18,18,18
98.533,0,0,0,0,1.55072,0.99997,1.05414,3,0.955812,1,0.820314,0,0.820314,0.819337,0,42.1875,113.972,128.389,113.083,4728,2270,1460.2,970,1600.2,125.344,199.898,199.477,121.781,199.898,713.279,45,11.52,7.92001,12.216,90,99.6079,100,0,-0.71875,71.403,18,18,18
98.566,0,0,0,0,1.52753,0.99997,1.05518,3,0.955812,1,0.820314,0,0.820314,0.819337,0,42.1875,113.639,115.25,113.083,4741.5,2260,1462.73,970,1584.38,125.742,199.781,199.477,125.789,199.781,713.279,45,11.552,7.83468,12.248,90,100,100,0,-0.28125,71.403,18,18,18
98.6,0,0,0,0,1.52313,0.99997,1.05487,3,0.950929,1,0.820314,0,0.820314,0.819337,0,42.1875,113.861,111.861,113,4747.5,2260,1462.58,970,1584.38,125.719,199.781,199.477,125.625,199.781,713.279,45,11.552,7.84001,12.256,90,100,100,0,-0.28125,71.403,18.75,18.75,18
98.633,0,0,0,0,1.51691,0.99997,1.05692,3,0.950929,1,0.820314,0,0.820314,0.824708,0,42.1875,114.278,109.333,115.306,4756.5,2260,1472.73,970,1579.1,126.82,199.805,199.5,128.18,199.805,713.279,45,11.7,7.85334,12.404,90,100,100,0,0.046875,71.403,18,18,18
98.666,0,0,0,0,1.52185,0.99997,1.05719,3,0.950929,1,0.820314,0,0.820314,0.822023,0,42.1875,115.611,109.667,113.833,4764.75,2260,1471.41,970,1576.45,126.867,199.805,199.5,125.789,199.805,713.279,45,11.712,7.94401,12.416,90,100,100,0,-0.578125,71.403,18,18,18
98.7,0,0,0,0,1.53565,0.99997,1.05722,3,0.947023,1,0.820314,0,0.820314,0.818361,0,42.1875,115.25,119.695,114.472,4780,2260,1463.63,970,1584.38,126.141,199.805,199.5,124.875,199.805,713.279,45,11.584,7.90401,12.28,90,100,100,0,0.203125,71.403,18,18,18
98.733,0,0,0,0,1.52564,0.99997,1.05759,3,0.947023,1,0.820314,0,0.820314,0.819337,0,42.1875,115.611,111.833,113.972,4789.25,2260,1464.65,970,1576.45,126.422,199.852,199.523,125.297,199.852,716.678,45,11.624,7.92001,12.32,90,100,100,0,-0.296875,71.403,18,18,18
98.766,0,0,0,0,1.52228,0.99997,1.05753,3,0.947023,1,0.820314,0,0.820314,0.821046,0,42.1875,115.833,112.639,114.945,4797.5,2250,1462.85,970,1573.87,126.516,199.945,199.523,126.914,199.945,716.678,45,11.636,7.91201,12.332,90,100,100,0,0.421875,71.403,18,18,18
98.8,0,0,0,0,1.53497,0.99997,1.05679,3,0.94214,1,0.820314,0,0.820314,0.817384,0,42.1875,115.972,122.556,113.833,4809,2250,1455.16,970,1584.38,125.766,199.945,199.523,122.625,199.945,716.678,45,11.536,7.90934,12.224,90,100,100,0,-0.265625,71.403,18,18,18
98.833,0,0,0,0,1.52545,0.99997,1.05698,3,0.94214,1,0.820314,0,0.820314,0.816408,0,42.1875,116.361,119.806,115.306,4816.75,2250,1454.41,970,1581.76,125.813,199.758,199.547,124.664,199.758,716.678,45,11.524,7.90134,12.212,90,100,100,0,-0.6875,71.403,18,18,18
98.866,0,0,0,0,1.50092,0.99997,1.0564,3,0.94214,1,0.820314,0,0.820314,0.815675,0,42.1875,116.472,109.806,113.472,4823,2250,1460.55,970,1560.63,126.563,199.828,199.547,127.195,199.828,716.678,45,11.584,7.89601,12.272,90,100,100,0,-0.203125,71.403,18,18,18
98.9,0,0,0,0,1.52747,0.99997,1.05563,3,0.937501,1,0.820314,0,0.820314,0.817384,0,42.1875,116.472,121.889,115.778,4837,2250,1453.52,970,1581.76,125.883,199.828,199.547,124.664,199.828,716.678,45.75,11.512,7.88001,12.224,90,100,100,0,-0.109375,71.403,18,18,18
98.933,0,0,0,0,1.52661,0.99997,1.05737,3,0.937501,1,0.820314,0,0.820314,0.822999,0,42.1875,117.278,122.806,115.778,4848.75,2240,1449.3,970,1581.76,125.672,199.852,199.547,123.797,199.852,720.018,45.75,11.508,7.91468,12.22,90,100,100,0,-0.046875,71.403,18,18,18
98.966,0,0,0,0,1.50037,0.99997,1.05762,3,0.937501,1,0.820314,0,0.820314,0.819337,0,42.1875,117.306,110.639,116.111,4859.75,2240,1458.91,970,1560.63,126.82,199.992,199.57,128.414,199.992,720.018,45.75,11.632,7.90401,12.344,90,100,100,0,-0.453125,71.403,18,18,18
99,0,0,0,0,1.52478,0.99997,1.05847,3,0.931642,1,0.820314,0,0.820314,0.82007,0,42.1875,117.306,123.667,115.945,4866,2240,1447.54,970,1581.72,125.719,199.992,199.57,123.398,199.992,720.018,45.75,11.472,7.90134,12.168,90,100,100,0,0.015625,71.403,18,18,18
99.033,0,0,0,0,1.50885,0.99997,1.05826,3,0.931642,1,0.820314,0,0.820314,0.818361,0,42.1875,117.695,112.333,115.611,4874,2240,1448.24,970,1573.83,126,199.945,199.594,124.688,199.945,720.018,45.75,11.504,7.90401,12.2,90,100,100,0,0,71.403,18,18,18
99.066,0,0,0,0,1.5025,0.99997,1.05853,3,0.931642,1,0.820314,0,0.820314,0.821046,0,42.1875,117.306,111.861,116.917,4890.75,2230,1448.4,970,1565.94,126.094,199.734,199.594,127.547,199.734,720.018,45.75,11.496,7.85068,12.192,90,100,100,0,0.09375,71.403,18,18,18
99.1,0,0,0,0,1.51489,0.99997,1.05908,3,0.927248,1,0.820314,0,0.820314,0.822023,0,42.1875,117.917,118.806,116.889,4893.75,2230,1446.17,970,1576.45,125.859,199.734,199.594,124.148,199.734,720.018,45.75,11.472,7.88534,12.168,90,100,100,0,-0.109375,71.403,17.25,17.25,18
99.133,0,0,0,0,1.49951,0.99997,1.06183,3,0.927248,1,0.820314,0,0.820314,0.825685,0,42.1875,117.917,111.389,117.583,4905.75,2230,1448.91,970,1563.28,126.375,200.039,199.594,128.789,200.039,723.26,45.75,11.572,7.88001,12.268,90,100,100,0,-0.40625,71.403,18,18,18
99.166,0,0,0,0,1.51996,0.99997,1.06284,3,0.927248,1,0.820314,0,0.820314,0.823732,0,42.1875,119.445,117.139,116.583,4919.5,2230,1447.58,970,1579.06,126.492,199.992,199.617,121.313,199.992,723.26,45.75,11.6,8.00001,12.296,90,99.6079,100,0,0.4375,71.403,17.25,17.25,17.25
99.2,0,0,0,0,1.51984,0.99997,1.06357,3,0.921876,1,0.820314,0,0.820314,0.821046,0,42.1875,118.5,127.917,117.222,4924.25,2230,1438.05,970,1579.06,125.555,199.992,199.617,123.117,199.992,723.26,45.75,11.448,7.92001,12.16,90,100,100,0,0.03125,71.403,17.25,17.25,17.25
99.233,0,0,0,0,1.49951,0.99997,1.06259,3,0.921876,1,0.820314,0,0.820314,0.817384,0,42.1875,119.083,112.195,117.139,4937.25,2220,1446.25,970,1565.9,126.492,199.922,199.617,125.414,199.922,723.26,45.75,11.556,7.92801,12.268,90,100,100,0,0.234375,71.403,17.25,17.25,18
99.266,0,0,0,0,1.5155,0.99997,1.0604,3,0.921876,1,0.820314,0,0.820314,0.811769,0,42.1875,118.861,127.528,117.917,4946.25,2220,1434.77,970,1576.41,125.578,199.898,199.641,124.008,199.898,723.26,45.75,11.396,7.85601,12.108,90,100,100,0,-0.171875,71.403,18,18,18
99.3,0,0,0,0,1.51233,0.99997,1.05975,3,0.916261,1,0.820314,0,0.820314,0.813722,0,42.1875,118.333,130.972,117.75,4958.5,2220,1426.48,970,1581.76,124.781,199.898,199.641,123.75,199.898,723.26,45.75,11.308,7.79468,12.02,90,100,100,0,-0.140625,71.403,18.75,18.75,18
99.333,0,0,0,0,1.49219,0.99997,1.05859,3,0.916261,1,0.820314,0,0.820314,0.817384,0,42.1875,119.611,111.639,118.722,4971.75,2220,1439.41,970,1568.55,126.164,199.945,199.641,126.023,199.945,726.424,45.75,11.492,7.86401,12.204,90,100,100,0,0.84375,71.403,18,18,18
99.366,0,0,0,0,1.49994,0.99997,1.05975,3,0.916261,1,0.820314,0,0.820314,0.82007,0,42.1875,120.25,114.111,119.25,4973.25,2220,1441.64,970,1568.55,126.539,199.922,199.664,125.836,199.922,726.424,45.75,11.512,7.90401,12.224,90,100,100,0,0,71.403,17.25,17.25,18
99.4,0,0,0,0,1.50775,0.99997,1.06107,3,0.910158,1,0.820314,0,0.820314,0.823732,0,42.1875,120.583,121.972,120.083,4986.5,2220,1439.96,970,1568.55,126.352,199.922,199.664,126.422,199.922,726.424,45.75,11.488,7.94134,12.176,90,100,100,0,0.421875,71.403,17.25,17.25,18
99.433,0,0,0,0,1.50147,0.99997,1.06201,3,0.910158,1,0.820314,0,0.820314,0.821046,0,42.1875,119.972,120.472,119.417,4994,2210,1434.38,970,1571.13,126,199.969,199.664,125.484,199.969,726.424,45.75,11.436,7.84801,12.124,90,100,100,0,0.078125,71.403,17.25,17.25,18
99.466,0,0,0,0,1.50806,0.99997,1.06387,3,0.910158,1,0.820314,0,0.820314,0.825685,0,42.1875,120.361,126.917,120.5,5008.25,2210,1431.72,970,1576.45,125.93,199.992,199.664,125.648,199.992,726.424,45.75,11.42,7.87734,12.108,90,100,100,0,0.21875,71.403,18,18,18
99.5,0,0,0,0,1.49786,0.99997,1.06473,3,0.905031,1,0.820314,0,0.820314,0.822999,0,42.1875,120.889,113.75,119.806,5011.5,2210,1439.84,970,1571.13,126.68,199.992,199.664,125.602,199.992,726.424,45.75,11.524,7.92268,12.212,90,100,100,0,0.28125,71.403,18,18,18
99.533,0,0,0,0,1.50977,0.99997,1.0672,3,0.905031,1,0.820314,0,0.820314,0.826661,0,42.1875,122.222,119,122.028,5025,2210,1447.81,970,1571.13,127.242,199.758,199.664,126.281,199.758,729.764,45.75,11.636,8.03468,12.324,90,100,100,0,0.0625,71.403,18,18,18
99.566,0,0,0,0,1.51325,0.99997,1.06888,3,0.905031,1,0.820314,0,0.820314,0.82837,0,42.1875,122.556,121.361,121.528,5036.75,2210,1446.41,970,1568.55,127.266,199.664,199.641,126.398,199.664,729.764,45.75,11.652,8.04268,12.34,90,100,100,0,0.671875,71.403,18.75,18.75,18
99.6,0,0,0,0,1.50647,0.99997,1.06851,3,0.899171,1,0.820314,0,0.820314,0.819337,0,42.1875,122.389,119.5,121.528,5053.75,2210,1444.96,970,1560.63,127.078,199.664,199.641,127.289,199.664,729.764,46.5,11.612,8.00268,12.316,90,100,100,0,0.015625,71.403,18.75,18.75,18
99.633,0,0,0,0,1.50897,0.99997,1.06641,3,0.899171,1,0.820314,0,0.820314,0.811769,0,42.1875,122.695,121.806,121.695,5061.5,2210,1443.05,970,1563.24,126.867,199.688,199.594,126.492,199.688,729.764,46.5,11.548,7.99201,12.252,90,100,100,0,0.21875,71.403,18.75,18.75,18
99.666,0,0,0,0,1.50458,0.99997,1.06564,3,0.899171,1,0.820314,0,0.820314,0.815675,0,42.1875,122.806,118.278,121.861,5067.5,2210,1445.59,970,1555.35,127.078,199.617,199.57,128.133,199.617,729.764,46.5,11.572,7.98934,12.276,90,100,100,0,0.03125,71.403,18,18,18
99.7,0,0,0,0,1.52142,0.99997,1.06372,3,0.893068,1,0.820314,0,0.820314,0.816408,0,42.1875,122.695,131.778,122.889,5077,2210,1440.04,970,1571.17,126.516,199.617,199.57,125.297,199.617,729.764,46.5,11.472,7.93868,12.168,90,100,100,0,0.5625,71.403,18,18,18
99.733,0,0,0,0,1.50806,0.99997,1.06384,3,0.893068,1,0.820314,0,0.820314,0.815675,0,42.1875,122.278,126.583,122.556,5085.5,2210,1437.11,970,1571.17,126.211,199.594,199.547,126.68,199.594,732.967,46.5,11.388,7.87201,12.084,90,100,100,0,0.78125,71.403,18,18,18
99.766,0,0,0,0,1.49359,0.99997,1.06384,3,0.893068,1,0.820314,0,0.820314,0.817384,0,42.1875,123.389,114.861,122.889,5101,2210,1446.8,970,1560.63,127.078,199.57,199.523,128.297,199.57,732.967,46.5,11.536,7.94134,12.232,90,100,100,0,0.203125,71.403,18,18,18
99.8,0,0,0,0,1.50324,0.99997,1.064,3,0.886232,1,0.820314,0,0.820314,0.82007,0,42.1875,123.833,115.75,124.083,5102.75,2210,1450.27,970,1560.66,127.383,199.57,199.523,129.539,199.57,732.967,46.5,11.568,7.98668,12.256,90,100,100,0,0.296875,71.403,18,18,18
99.833,0,0,0,0,1.51697,0.99997,1.06461,3,0.886232,1,0.820314,0,0.820314,0.819337,0,42.1875,125.417,123.222,122.361,5118.5,2200,1444.77,970,1563.24,127.758,201,199.5,125.227,200.32,732.967,46.5,11.616,8.08268,12.304,90,100,100,0,0.296875,71.403,17.25,17.25,18
99.866,0,0,0,0,1.51764,0.99997,1.064,3,0.886232,1,0.820314,0,0.820314,0.815675,0,42.1875,125.222,125.333,123.333,5122,2200,1442.89,970,1563.24,127.547,199.523,199.453,125.133,199.523,732.967,46.5,11.54,8.04001,12.228,90,100,100,0,0.46875,71.403,18,18,18
99.9,0,0,0,0,1.50623,0.99997,1.06198,3,0.880861,1,0.820314,0,0.820314,0.81006,0,42.1875,123.945,125.167,123.056,5133.25,2200,1436.37,970,1557.97,126.891,199.523,199.453,127.055,199.523,732.967,46.5,11.416,7.89868,12.104,90,100,100,0,0.78125,71.403,18,18,18
99.933,0,0,0,0,1.51105,0.99997,1.06,3,0.880861,1,0.820314,0,0.820314,0.814699,0,42.1875,124.028,133.333,124.083,5140.5,2200,1428.75,970,1568.55,126.141,199.5,199.43,126.328,199.5,736.033,46.5,11.312,7.86934,12,90,100,100,0,0.453125,71.403,18,18,18
99.966,0,0,0,0,1.49671,0.99997,1.05972,3,0.880861,1,0.820314,0,0.820314,0.817384,0,42.1875,124.722,118.139,124.25,5152.75,2200,1437.03,970,1560.59,126.891,199.43,199.406,127.523,199.43,736.033,46.5,11.412,7.89601,12.1,90,100,100,0,0.453125,71.403,18,18,17.25
100,0,0,0,0,1.50488,0.99997,1.06174,3,0.875001,1,0.820314,0,0.820314,0.824708,0,42.1875,124.528,126.028,124.417,5161.5,2200,1434.69,970,1563.24,126.656,199.43,199.406,127.078,199.43,736.033,46.5,11.392,7.88001,12.088,90,100,100,0,0.359375,71.403,18,18,17.25
100.033,0,0,0,0,1.49933,0.99997,1.06613,3,0.875001,1,0.820314,0,0.820314,0.830324,0,42.1875,126.167,115.806,125.806,5175,2200,1446.68,970,1552.7,127.758,199.43,199.383,128.297,199.43,736.033,46.5,11.58,7.99468,12.276,90,100,100,0,0.046875,71.403,18,18,18
100.066,0,0,0,0,1.52203,0.99997,1.06818,3,0.875001,1,0.820314,0,0.820314,0.827638,0,42.1875,125.222,137.917,124.417,5186.5,2200,1431.37,970,1565.86,126.281,199.43,199.336,124.336,199.43,736.033,46.5,11.392,7.94934,12.088,90,100,100,0,0.578125,71.403,18,18,18
100.1,0,0,0,0,1.50354,0.99997,1.06821,3,0.868654,1,0.820314,0,0.820314,0.82007,0,42.1875,125.583,123.639,123.75,5190.25,2200,1436.05,970,1555.35,126.703,199.43,199.336,126.258,199.43,736.033,46.5,11.444,7.94668,12.132,90,100,100,0,0.609375,71.403,18,18,18
100.133,0,0,0,0,1.51087,0.99997,1.069,3,0.868654,1,0.820314,0,0.820314,0.822023,0,42.1875,125.945,129.167,126.528,5204.5,2200,1438.28,970,1563.24,126.867,199.359,199.313,127.148,199.359,739.08,46.5,11.476,7.97334,12.164,90,100,100,0,0.71875,71.403,18,18,18
100.166,0,0,0,0,1.51129,0.99997,1.06836,3,0.868654,1,0.820314,0,0.820314,0.821046,0,42.1875,126,131.195,125.472,5208.25,2200,1435.78,970,1563.24,126.586,199.289,199.289,126.492,199.289,739.08,46.5,11.408,7.95468,12.096,90,99.6079,100,0,0.3125,71.403,18,18,18
100.2,0,0,0,0,1.50281,0.99997,1.06909,3,0.863771,1,0.820314,0,0.820314,0.822023,0,42.1875,126.389,124.445,126.361,5222.75,2200,1438.91,970,1555.35,126.844,199.289,199.289,128.414,199.289,739.08,47.25,11.444,7.95201,12.148,90,100,100,0,-0.328125,71.403,18,18,18
100.233,0,0,0,0,1.50775,0.99997,1.07028,3,0.863771,1,0.820314,0,0.820314,0.822023,0,42.1875,127.195,121.695,125.639,5231.75,2200,1443.44,970,1555.27,127.219,199.336,199.242,126.094,199.336,739.08,47.25,11.536,8.04268,12.24,90,100,100,0,0.453125,71.403,18.75,18.75,18
100.266,0,0,0,0,1.50037,0.99997,1.07169,3,0.863771,1,0.820314,0,0.820314,0.825685,0,42.1875,127.556,116.667,126.167,5245.5,2200,1449.8,970,1544.8,127.805,199.266,199.219,128.203,199.266,739.08,47.25,11.612,8.07734,12.316,90,100,100,0,0.328125,71.403,18,18,17.25
100.3,0,0,0,0,1.53186,0.99997,1.07279,3,0.85962,1,0.820314,0,0.820314,0.824708,0,42.1875,127.5,143.389,127.417,5256.5,2200,1436.29,970,1568.55,126.469,199.266,199.219,124.945,199.266,739.08,47.25,11.452,8.02668,12.148,90,100,100,0,0.484375,71.403,18,18,17.25
100.333,0,0,0,0,1.50623,0.99997,1.07364,3,0.85962,1,0.820314,0,0.820314,0.82007,0,42.1875,128.195,120.111,127.222,5263,2200,1446.37,970,1555.27,127.383,199.219,199.195,127.008,199.219,741.971,47.25,11.564,8.06668,12.26,90,100,100,0,0.59375,71.403,18,18,17.25
100.366,0,0,0,0,1.52161,0.99997,1.07394,3,0.85962,1,0.820314,0,0.820314,0.822023,0,42.1875,127.972,132.945,127.417,5276,2200,1441.99,970,1560.59,126.938,199.219,199.172,125.25,199.219,741.971,47.25,11.512,8.04001,12.208,90,100,100,0,0.203125,71.403,18,18,18
100.4,0,0,0,0,1.50641,0.99997,1.07532,3,0.856447,1,0.820314,0,0.820314,0.824708,0,42.1875,127.722,127.5,127.583,5279.75,2200,1440.23,970,1550.08,126.727,199.219,199.172,128.648,199.219,741.971,47.25,11.508,8.00801,12.196,90,99.6079,100,0,0.53125,71.403,18,18,18
100.433,0,0,0,0,1.50781,0.99997,1.07645,3,0.856447,1,0.820314,0,0.820314,0.822999,0,42.1875,128.417,123.139,126.889,5292.75,2200,1444.53,970,1552.7,127.102,199.195,199.148,126.141,199.195,741.971,47.25,11.556,8.06401,12.244,90,99.6079,100,0,0.046875,71.403,18,18,18
100.466,0,0,0,0,1.52057,0.99997,1.07868,3,0.856447,1,0.820314,0,0.820314,0.825685,0,42.1875,128.028,136.611,128.472,5302,2200,1438.55,970,1560.59,126.492,199.172,199.125,125.906,199.172,741.971,47.25,11.5,8.02934,12.188,90,100,100,0,0.296875,71.403,18,18,18
100.5,0,0,0,0,1.50855,0.99997,1.078,3,0.852296,1,0.820314,0,0.820314,0.821046,0,42.1875,128.028,128.556,126.695,5306.75,2200,1437.46,970,1555.31,126.352,199.172,199.125,125.813,199.172,741.971,47.25,11.456,8.01601,12.152,90,100,100,0,0.5625,71.403,18,18,18
100.533,0,0,0,0,1.50104,0.99997,1.07904,3,0.852296,1,0.820314,0,0.820314,0.82007,0,42.1875,128.472,119.306,127.778,5322.75,2200,1443.28,970,1550.04,126.891,199.172,199.078,126.914,199.172,744.939,47.25,11.564,8.02134,12.26,90,100,100,0,0.578125,71.403,18,18,18
100.566,0,0,0,0,1.50903,0.99997,1.0795,3,0.852296,1,0.820314,0,0.820314,0.822999,0,42.1875,128.722,129.389,127.778,5329.5,2200,1440.39,970,1550.08,126.586,199.078,199.055,127.055,199.078,744.939,47.25,11.504,8.03201,12.2,90,100,100,0,0.1875,71.403,18,18,18
100.6,0,0,0,0,1.50574,0.99997,1.07892,3,0.849122,1,0.820314,0,0.820314,0.821046,0,42.1875,129.167,122.667,126.889,5339.75,2200,1442.3,970,1550.04,126.727,199.078,199.055,125.344,199.078,744.939,47.25,11.516,8.05068,12.212,90,100,100,0,0.109375,71.403,18,18,18
100.633,0,0,0,0,1.51105,0.99997,1.08069,3,0.849122,1,0.820314,0,0.820314,0.821046,0,42.1875,129.806,126.361,127.945,5353.25,2200,1444.06,970,1547.42,126.867,199.102,199.031,125.766,199.102,744.939,47.25,11.548,8.08534,12.244,90,100,100,0,0.203125,71.403,18,18,18
100.666,0,0,0,0,1.51251,0.99997,1.07987,3,0.849122,1,0.820314,0,0.820314,0.818361,0,42.1875,128.833,134.778,129.389,5355,2200,1437.66,970,1550.04,126.234,199.031,199.008,127.711,199.031,744.939,47.25,11.44,7.97068,12.136,90,100,100,0,0.5625,71.403,18,18,17.25
100.7,0,0,0,0,1.51544,0.99997,1.08041,3,0.846437,1,0.820314,0,0.820314,0.821046,0,42.1875,129.917,133.028,129.028,5366.5,2200,1438.16,970,1560.59,126.258,199.031,199.008,124.5,199.031,744.939,47.25,11.48,8.04001,12.176,90,100,100,0,0.015625,71.403,18.75,18.75,17.25
100.733,0,0,0,0,1.50586,0.99997,1.08157,3,0.846437,1,0.820314,0,0.820314,0.824708,0,42.1875,130.556,121.222,129.056,5385.75,2200,1448.52,970,1544.8,127.195,199.055,198.961,127.055,199.055,747.791,47.25,11.592,8.08268,12.288,90,100,100,0,0.203125,71.403,19.5,19.5,18
100.766,0,0,0,0,1.51044,0.99997,1.08261,3,0.846437,1,0.820314,0,0.820314,0.823732,0,42.1875,129.945,131.445,130.583,5386.75,2200,1443.55,970,1544.8,126.703,198.984,198.938,129.094,198.984,747.791,47.25,11.528,8.03201,12.224,90,100,100,0,0.796875,71.403,18,18,18
100.8,0,0,0,0,1.51349,0.99997,1.08368,3,0.844484,1,0.820314,0,0.820314,0.822023,0,42.1875,130.806,128.5,129.222,5396.5,2200,1444.96,970,1547.46,126.773,198.984,198.938,126.164,198.984,747.791,48,11.552,8.09601,12.248,90,99.6079,100,0,0.21875,71.403,18,18,18
100.833,0,0,0,0,1.52429,0.99997,1.08411,3,0.844484,1,0.820314,0,0.820314,0.818361,0,42.1875,130.5,139.583,129.945,5411.25,2200,1441.41,970,1555.31,126.094,198.469,198.914,125.18,198.469,747.791,48,11.464,8.06668,12.16,90,100,100,0,0.5,71.403,18,18,18
100.866,0,0,0,0,1.52295,0.99997,1.08377,3,0.844484,1,0.820314,0,0.820314,0.818361,0,42.1875,130.917,136.417,130.111,5418,2210,1442.27,970,1557.93,126.141,198.938,198.891,124.102,198.938,747.791,48,11.46,8.05868,12.156,90,100,100,0,0.890625,71.403,18,18,18
100.9,0,0,0,0,1.50012,0.99997,1.0846,3,0.841066,1,0.820314,0,0.820314,0.823732,0,42.1875,131.028,120.333,129.945,5425.75,2210,1450.04,970,1536.84,126.82,198.938,198.891,128.109,198.938,747.791,48,11.556,8.05601,12.252,90,100,100,0,0.140625,71.403,18,18,18
100.933,0,0,0,0,1.50757,0.99997,1.08603,3,0.841066,1,0.820314,0,0.820314,0.825685,0,42.1875,130.639,124.389,132.111,5438.5,2210,1452.07,970,1539.53,126.961,198.914,198.844,129.609,198.914,750.564,48,11.588,8.03201,12.284,90,100,100,0,0.359375,71.403,18,18,18
100.966,0,0,0,0,1.52179,0.99997,1.08823,3,0.841066,1,0.820314,0,0.820314,0.825685,0,42.1875,131.972,132.139,131.889,5442.5,2210,1450.86,970,1552.66,126.82,198.82,198.82,126.188,198.82,750.564,48,11.58,8.13068,12.276,90,100,100,0,0.09375,71.403,18,18,18
101,0,0,0,0,1.53491,0.99997,1.08884,3,0.838624,1,0.820314,0,0.820314,0.822023,0,42.1875,131.611,149.111,130.167,5455.5,2210,1434.84,970,1568.55,125.273,198.82,198.82,122.203,198.82,750.564,48,11.408,8.08268,12.096,90,100,100,0,0.609375,71.403,18,18,18
101.033,0,0,0,0,1.51013,0.99997,1.08884,3,0.838624,1,0.820314,0,0.820314,0.82007,0,42.1875,131.278,128.667,131.917,5477.25,2210,1444.41,970,1555.27,126.141,198.867,198.797,125.977,198.867,750.564,48,11.496,8.03468,12.184,90,100,100,0,0.671875,71.403,18,18,17.25
101.066,0,0,0,0,1.51801,0.99997,1.09033,3,0.838624,1,0.820314,0,0.820314,0.825685,0,42.1875,132.472,132.611,131.222,5473.25,2210,1447.85,970,1555.31,126.445,198.797,198.773,126.422,198.797,750.564,48,11.564,8.10668,12.252,90,100,100,0,0.28125,71.403,15.75,15.75,15.75
101.1,0,0,0,0,1.51642,0.99997,1.09116,3,0.836427,1,0.820314,0,0.820314,0.822999,0,42.1875,132.472,129.195,132.306,5485.25,2210,1451.64,970,1552.7,126.75,198.797,198.773,127.031,198.797,750.564,48,11.612,8.12268,12.308,90,100,100,0,0.625,71.403,18,18,25.5
101.133,0,0,0,0,1.52356,0.99997,1.09134,3,0.836427,1,0.820314,0,0.820314,0.818361,0,42.1875,132.833,131.667,133.222,5504.5,2210,1453.16,970,1557.93,126.867,198.82,198.727,125.367,198.82,753.162,48,11.608,8.16534,12.304,90,100,100,0,0.859375,71.403,14.25,14.25,14.25
101.166,0,0,0,0,1.51575,0.99997,1.09247,3,0.836427,1,0.820314,0,0.820314,0.822999,0,42.1875,133.056,129.917,133.472,5509.5,2210,1452.58,970,1547.42,126.773,198.75,198.609,128.25,198.75,753.162,48,11.6,8.12268,12.296,90,100,100,0,0.125,71.403,14.25,14.25,14.25
101.2,0,0,0,0,1.52081,0.99997,1.09262,3,0.834718,1,0.820314,0,0.820314,0.823732,0,42.1875,133.111,131.445,133.056,5515.5,2210,1452.7,970,1552.7,126.75,198.75,198.609,126.258,198.75,753.162,48,11.604,8.14401,12.3,90,100,100,0,0.25,71.403,15.75,15.75,15.75
101.233,0,0,0,0,1.51007,0.99997,1.09476,3,0.834718,1,0.820314,0,0.820314,0.823732,0,42.1875,133.583,123.389,134,5531.75,2210,1459.77,970,1539.49,127.383,198.609,198.445,129.211,198.609,753.162,48,11.68,8.14934,12.376,90,100,100,0,0.28125,71.403,18,18,18
101.266,0,0,0,0,1.52295,0.99997,1.09604,3,0.834718,1,0.820314,0,0.820314,0.822999,0,42.1875,134.5,130.195,133.056,5545.25,2210,1456.6,970,1544.77,127.055,198.422,198.047,126.328,198.422,753.162,48,11.696,8.22668,12.392,90,99.6079,100,0,0.703125,71.403,18,18,18
101.3,0,0,0,0,1.52881,0.99997,1.0957,3,0.833497,1,0.820314,0,0.820314,0.818361,0,42.1875,134.111,140.5,133.056,5556.5,2210,1448.24,970,1550.04,126.211,198.422,198.047,125.039,198.422,753.162,48,11.552,8.17334,12.256,90,100,100,0,0.78125,71.403,18,18,18
101.333,0,0,0,0,1.5174,0.99997,1.09564,3,0.833497,1,0.820314,0,0.820314,0.821046,0,42.1875,132.611,136.306,134.556,5557.5,2200,1445.16,970,1552.7,125.906,198.023,197.883,126.703,198.023,755.896,48,11.504,8.06668,12.208,90,99.6079,100,0,0.8125,71.403,18.75,18.75,18
101.366,0,0,0,0,1.50311,0.99997,1.09378,3,0.833497,1,0.820314,0,0.820314,0.814699,0,42.1875,134.167,122.806,133.917,5566.75,2200,1452.23,970,1539.53,126.563,197.859,197.695,128.648,197.859,755.896,48,11.584,8.11734,12.288,90,100,100,0,0.8125,71.403,18.75,18.75,25.5
101.4,0,0,0,0,1.51782,0.99997,1.09387,3,0.830812,1,0.820314,0,0.820314,0.816408,0,42.1875,134.056,131.75,132.583,5577,2200,1448.52,970,1552.7,126.211,197.859,197.695,124.172,197.859,755.896,48.75,11.536,8.15468,12.232,90,100,100,0,1.1875,71.403,18.75,18.75,25.5
101.433,0,0,0,0,1.50714,0.99997,1.09198,3,0.830812,1,0.820314,0,0.820314,0.812745,0,42.1875,134.75,123.889,132.5,5587.5,2200,1452.54,970,1534.22,126.563,197.672,197.461,126.633,197.672,755.896,48.75,11.56,8.14934,12.256,90,100,100,0,1.20313,71.403,17.25,17.25,18
101.466,0,0,0,0,1.53558,0.99997,1.09171,3,0.830812,1,0.820314,0,0.820314,0.813722,0,42.1875,134.806,146.083,133.639,5590.75,2200,1443.36,970,1557.93,125.695,197.438,197.367,122.039,197.438,755.896,48.75,11.444,8.05068,12.14,90,100,100,0,0.453125,71.403,17.25,17.25,25.5
101.5,0,0,0,0,1.50122,0.99997,1.09091,3,0.828615,1,0.820314,0,0.820314,0.816408,0,42.1875,133.861,125.75,134.361,5604.25,2200,1447.66,970,1534.22,126.094,197.438,197.367,128.766,197.438,755.896,48.75,11.448,8.01068,12.144,90,100,100,0,0.765625,71.403,18,18,25.5
101.533,0,0,0,0,1.52057,0.99997,1.09155,3,0.828615,1,0.820314,0,0.820314,0.82007,0,42.1875,134.806,141.417,133.917,5621,2200,1438.13,970,1555.27,125.203,197.344,197.016,122.977,197.344,758.514,48.75,11.4,8.06134,12.096,90,100,100,0,0.40625,71.403,18,18,18
101.566,0,0,0,0,1.49957,0.99997,1.09192,3,0.828615,1,0.820314,0,0.820314,0.818361,0,42.1875,134.861,125.167,133.028,5627.25,2190,1442.85,970,1539.53,125.672,196.992,196.852,125.859,196.992,758.514,48.75,11.452,8.04801,12.148,90,100,100,0,0.375,71.403,18,18,18
101.6,0,0,0,0,1.50629,0.99997,1.0918,3,0.82715,1,0.820314,0,0.820314,0.816408,0,42.1875,135.139,130.333,134.139,5636.75,2190,1441.72,970,1542.11,125.578,196.992,196.852,124.945,196.992,758.514,48.75,11.44,8.07468,12.128,90,99.6079,100,0,0.921875,71.403,17.25,17.25,18
101.633,0,0,0,0,1.51727,0.99997,1.09158,3,0.82715,1,0.820314,0,0.820314,0.819337,0,42.1875,135.556,136.833,134.583,5642.25,2190,1442.58,970,1544.77,125.367,196.383,196.617,123.328,196.383,758.514,48.75,11.4,8.04268,12.088,90,100,100,0,0.6875,71.403,18,18,18
101.666,0,0,0,0,1.50293,0.99997,1.09091,3,0.82715,1,0.820314,0,0.820314,0.816408,0,42.1875,136.083,124.972,135.5,5652.75,2190,1452.23,970,1523.63,126.281,196.594,196.359,128.039,196.594,758.514,48.75,11.528,8.09334,12.216,90,100,100,0,0.8125,71.403,18,18,18
101.7,0,0,0,0,1.52094,0.99997,1.0892,3,0.825685,1,0.820314,0,0.820314,0.811769,0,42.1875,135.25,144.333,134.583,5657,2190,1439.49,970,1539.49,125.086,196.594,196.359,124.664,196.594,758.514,48.75,11.34,8.00534,12.036,90,100,100,0,0.890625,71.403,18,18,18
101.733,0,0,0,0,1.50061,0.99997,1.09045,3,0.825685,1,0.820314,0,0.820314,0.822999,0,42.1875,135.083,128.361,134.361,5673,2190,1441.45,970,1534.22,125.297,196.336,196.148,125.789,196.336,761.014,48.75,11.352,7.97868,12.048,90,100,100,0,0.875,71.403,18,18,18
101.766,0,0,0,0,1.50476,0.99997,1.09354,3,0.825685,1,0.820314,0,0.820314,0.8313,0,42.1875,135.445,133.222,135.278,5683.75,2190,1438.09,970,1539.49,124.969,196.125,196.031,124.945,196.125,761.014,48.75,11.356,8.01068,12.052,90,100,100,0,0.9375,71.403,18,18,18
101.8,0,0,0,0,1.50006,0.99997,1.09659,3,0.824708,1,0.820314,0,0.820314,0.8313,0,42.1875,135.556,131.417,135.056,5687,2190,1440.2,970,1528.95,125.18,196.125,196.031,127.336,196.125,761.014,48.75,11.408,8.01601,12.112,90,100,100,0,1,71.403,18,18,18
101.833,0,0,0,0,1.52258,0.99997,1.10138,3,0.824708,1,0.820314,0,0.820314,0.832033,0,42.1875,136.139,153.417,133.222,5701.25,2190,1424.8,970,1547.42,123.727,196.008,195.797,121.008,196.008,761.014,48.75,11.336,8.06934,12.04,90,100,100,0,0.515625,71.403,18,18,18
101.866,0,0,0,0,1.49085,0.99997,1.10236,3,0.824708,1,0.820314,0,0.820314,0.826661,0,42.1875,136.25,124.722,134.139,5707.75,2180,1437.34,970,1531.56,124.898,195.773,195.328,124.43,195.773,761.014,48.75,11.472,8.08268,12.176,90,99.6079,100,0,0.796875,71.403,18,18,18
101.9,0,0,0,0,1.50501,0.99997,1.1022,3,0.826417,1,0.820314,0,0.820314,0.819337,0,42.1875,135.5,139.556,135.111,5718.5,2180,1430.16,970,1542.07,124.242,195.773,195.328,123.844,195.773,761.014,49.5,11.368,8.02668,12.072,90,99.6079,100,0,0.765625,71.403,18,18,18
101.933,0,0,0,0,1.49823,0.99997,1.1015,3,0.826417,1,0.820314,0,0.820314,0.819337,0,42.1875,135.278,134.278,135.278,5732.75,2180,1430.59,970,1544.73,124.313,195.305,194.977,123.797,195.305,763.435,49.5,11.372,7.99734,12.076,90,100,100,0,0.71875,71.403,18.75,18.75,18
101.966,0,0,0,0,1.49213,0.99997,1.10037,3,0.826417,1,0.820314,0,0.820314,0.818361,0,42.1875,136.528,128,137.222,5741.5,2170,1437.58,970,1531.6,124.969,194.953,194.555,126.75,194.953,763.435,49.5,11.448,8.04001,12.152,90,100,100,0,0.640625,71.403,18.75,18.75,18
102,0,0,0,0,1.51154,0.99997,1.09973,3,0.82715,1,0.820314,0,0.820314,0.815675,0,42.1875,137.639,142.056,136.639,5755.75,2170,1431.6,970,1542.07,124.406,194.953,194.555,122.344,194.953,763.435,49.5,11.408,8.10401,12.104,90,100,100,0,1.09375,71.403,18.75,18.75,18
102.033,0,0,0,0,1.50653,0.99997,1.09958,3,0.82715,1,0.820314,0,0.820314,0.819337,0,42.1875,136.528,139.417,136.417,5761.25,2170,1429.3,970,1542.07,124.195,194.531,193.922,121.289,194.531,763.435,49.5,11.336,8.02401,12.032,90,100,100,0,0.5,71.403,18.75,18.75,18
102.066,0,0,0,0,1.50946,0.99997,1.09863,3,0.82715,1,0.820314,0,0.820314,0.817384,0,42.1875,135.778,152.778,133.917,5769,2160,1413.09,970,1547.38,122.695,193.898,193.266,119.766,193.898,763.435,49.5,11.092,7.91734,11.788,90,99.6079,100,0,0.90625,71.403,18.75,18.75,18
102.1,0,0,0,0,1.48639,0.99997,1.10053,3,0.827638,1,0.820314,0,0.820314,0.821046,0,42.1875,136.833,125.722,136.195,5779,2160,1429.88,970,1534.18,124.289,193.898,193.266,123.609,193.898,763.435,49.5,11.352,7.97868,12.048,90,99.2157,100,0,1.39063,71.403,18.75,18.75,18
102.133,0,0,0,0,1.49457,0.99997,1.10077,3,0.827638,1,0.820314,0,0.820314,0.82007,0,42.1875,137.361,133.556,136.639,5787,2160,1429.77,970,1531.56,124.289,193.242,192.797,124.266,193.242,765.721,49.5,11.368,8.02401,12.064,90,100,100,0,0.765625,71.403,19.5,19.5,18.75
102.166,0,0,0,0,1.51044,0.99997,1.10132,3,0.827638,1,0.820314,0,0.820314,0.821046,0,42.1875,136.417,152.945,137.556,5801.5,2150,1418.52,970,1547.42,123.234,192.773,192.422,122.648,192.773,765.721,49.5,11.2,7.95201,11.896,90,100,100,0,1.0625,71.403,18.75,18.75,18.75
102.2,0,0,0,0,1.49036,0.99997,1.10098,3,0.826173,1,0.820314,0,0.820314,0.817384,0,42.1875,137.806,130.5,136.417,5811.5,2150,1429.88,970,1534.18,124.336,192.773,192.422,123.797,192.773,765.721,49.5,11.388,8.02934,12.084,90,100,100,0,1.20313,71.403,18.75,18.75,18
102.233,0,0,0,0,1.50202,0.99997,1.10053,3,0.826173,1,0.820314,0,0.820314,0.817384,0,42.1875,138.167,142.75,138.361,5829.75,2150,1427.15,970,1534.14,124.055,192.398,191.883,124.055,192.398,765.721,49.5,11.336,8.03734,12.032,90,100,100,0,1.20313,71.403,18.75,18.75,18
102.266,0,0,0,0,1.50311,0.99997,1.09973,3,0.826173,1,0.820314,0,0.820314,0.814699,0,42.1875,137.917,145.028,136.639,5842.25,2140,1419.45,970,1539.45,123.328,191.859,191.32,120.305,191.859,765.721,49.5,11.212,7.97334,11.908,90,100,100,0,0.484375,71.403,18.75,18.75,18
102.3,0,0,0,0,1.4859,0.99997,1.09873,3,0.824952,1,0.820314,0,0.820314,0.813722,0,42.1875,137.639,134.389,137.556,5844.5,2140,1425,970,1521.02,123.867,191.859,191.32,125.602,191.859,765.721,49.5,11.228,7.94668,11.924,90,100,100,0,1.0625,71.403,18.75,18.75,18.75
102.333,0,0,0,0,1.49616,0.99997,1.09735,3,0.824952,1,0.820314,0,0.820314,0.816408,0,42.1875,139.5,142.972,138.472,5847.75,2130,1423.36,970,1526.33,123.727,191.297,191.063,124.805,191.297,767.947,49.5,11.252,7.99734,11.948,90,99.6079,100,0,1.23438,71.403,18.75,18.75,18
102.366,0,0,0,0,1.48755,0.99997,1.09689,3,0.824952,1,0.820314,0,0.820314,0.816408,0,42.1875,138.917,131.028,137.333,5851.25,2130,1426.6,970,1526.29,124.031,191.039,190.547,122.977,191.039,767.947,49.5,11.268,7.97601,11.964,90,100,100,0,0.734375,71.403,18.75,18.75,25.5
102.4,0,0,0,0,1.50653,0.99997,1.09686,3,0.823976,1,0.820314,0,0.820314,0.816408,0,42.1875,138.806,152.389,135.722,5859.25,2130,1413.95,970,1534.14,122.859,191.039,190.547,120.258,191.039,767.947,50.25,11.136,7.97068,11.84,90,100,100,0,0.765625,71.403,18.75,18.75,25.5
102.433,0,0,0,0,1.4906,0.99997,1.0976,3,0.823976,1,0.820314,0,0.820314,0.821046,0,42.1875,138.167,140.389,137.111,5878.75,2130,1417.27,970,1528.91,122.906,190.078,190.313,122.531,190.078,767.947,50.25,11.108,7.89868,11.812,90,100,100,0,0.84375,71.403,18.75,18.75,18.75
102.466,0,0,0,0,1.48108,0.99997,1.09915,3,0.823976,1,0.820314,0,0.820314,0.822999,0,42.1875,138.056,135.083,137.111,5888,2130,1416.05,970,1523.63,122.813,190.289,189.492,123.375,190.289,767.947,50.25,11.104,7.88268,11.808,90,100,100,0,0.90625,71.403,16.5,16.5,16.5
102.5,0,0,0,0,1.48718,0.99997,1.09915,3,0.823243,1,0.820314,0,0.820314,0.817384,0,42.1875,138.167,139.778,136.195,5895,2130,1414.88,970,1528.91,122.695,190.289,189.492,121.359,190.289,767.947,50.25,11.096,7.88801,11.8,90,100,100,0,1.21875,71.403,16.5,16.5,16.5
102.533,0,0,0,0,1.49219,0.99997,1.10028,3,0.823243,1,0.820314,0,0.820314,0.822023,0,42.1875,139.195,143.5,136.861,5904.25,2120,1412.19,970,1536.8,122.461,189.469,189.07,119.953,189.469,770.096,50.25,11.1,7.93868,11.804,90,100,100,0,1.04688,71.403,19.5,19.5,18
102.566,0,0,0,0,1.4867,0.99997,1.10071,3,0.823243,1,0.820314,0,0.820314,0.826661,0,42.1875,138.611,140.833,137.333,5917,2110,1414.38,970,1528.91,122.695,189.047,188.648,120.633,189.047,770.096,50.25,11.072,7.88801,11.776,90,100,100,0,0.859375,71.403,19.5,19.5,18.75
102.6,0,0,0,0,1.48364,0.99997,1.10165,3,0.825685,1,0.820314,0,0.820314,0.821046,0,42.1875,138.111,140.528,138,5920.5,2110,1411.72,970,1528.91,122.438,189.047,188.648,122.625,189.047,770.096,50.25,11.088,7.86934,11.784,90,100,100,0,1.21875,71.403,19.5,19.5,18.75
102.633,0,0,0,0,1.47424,0.99997,1.10312,3,0.825685,1,0.820314,0,0.820314,0.822023,0,42.1875,138.222,134.778,137.333,5934.5,2110,1410.7,970,1526.33,122.344,188.625,188.297,122.719,188.625,770.096,50.25,11.1,7.89068,11.796,90,100,100,0,1.23438,71.403,19.5,19.5,18
102.666,0,0,0,0,1.47058,0.99997,1.10361,3,0.825685,1,0.820314,0,0.820314,0.819337,0,42.1875,138.639,132.167,136.417,5948.75,2110,1408.28,970,1520.98,122.133,188.273,187.805,121.453,188.273,770.096,50.25,11.076,7.88268,11.772,90,100,100,0,0.875,71.403,13.5,13.5,13.5
102.7,0,0,0,0,1.47565,0.99997,1.10471,3,0.824708,1,0.820314,0,0.820314,0.822999,0,42.1875,138.972,134.972,137.778,5954.5,2110,1410.2,970,1520.98,122.32,188.273,187.805,121.828,188.273,770.096,50.25,11.116,7.89868,11.812,90,100,100,0,1.28125,71.403,14.25,14.25,14.25
102.733,0,0,0,0,1.49231,0.99997,1.10605,3,0.824708,1,0.820314,0,0.820314,0.826661,0,42.1875,139.667,149.611,139.361,5967.75,2100,1406.72,970,1534.14,121.992,187.781,187.219,120,187.781,772.342,50.25,11.108,7.93868,11.804,90,100,100,0,0.953125,71.403,15,15,15
102.766,0,0,0,0,1.47656,0.99997,1.10635,3,0.824708,1,0.820314,0,0.820314,0.821046,0,42.1875,139.667,135.75,139.833,5973.5,2090,1414.57,970,1518.4,122.742,187.195,186.891,123.633,187.195,772.342,50.25,11.192,7.93068,11.888,90,100,100,0,0.90625,71.403,18.75,18.75,18.75
102.8,0,0,0,0,1.48743,0.99997,1.10886,3,0.823732,1,0.820314,0,0.820314,0.825685,0,42.1875,139.028,149.945,138.472,5983,2090,1403.87,970,1531.56,121.734,187.195,186.891,120.703,187.195,772.342,50.25,11.052,7.88268,11.756,90,100,100,0,1.01563,71.403,16.5,16.5,16.5
102.833,0,0,0,0,1.48602,0.99997,1.10785,3,0.823732,1,0.820314,0,0.820314,0.818361,0,42.1875,139.722,147.722,139.139,5989,2090,1402.46,970,1536.8,121.617,186.867,186.164,119.602,186.867,772.342,50.25,11.068,7.90668,11.772,90,100,100,0,1.07813,71.403,19.5,19.5,18.75
102.866,0,0,0,0,1.45941,0.99997,1.10803,3,0.823732,1,0.820314,0,0.820314,0.82007,0,42.1875,141.111,127.111,138.472,6001,2080,1420.82,970,1507.77,123.352,186.141,186.07,123.305,186.141,772.342,50.25,11.328,8.01334,12.032,90,100,100,0,1.25,71.403,19.5,19.5,18.75
102.9,0,0,0,0,1.5014,0.99997,1.10825,3,0.823243,1,0.820314,0,0.820314,0.82007,0,42.1875,140.945,159.306,138.695,6008.25,2080,1399.69,970,1536.8,121.336,186.141,186.07,117.375,186.141,772.342,50.25,11.064,7.98934,11.76,90.75,99.6079,100,0,0.78125,71.403,20.25,20.25,18.75
102.933,0,0,0,0,1.48737,0.99997,1.10654,3,0.823243,1,0.820314,0,0.820314,0.813722,0,42.1875,140.778,150.861,138,6022.75,2080,1399.41,970,1528.87,121.336,186.047,185.227,118.57,186.047,774.49,50.25,11.024,7.92801,11.72,90.75,100,100,0,1.15625,71.403,20.25,20.25,18.75
102.966,0,0,0,0,1.46454,0.99997,1.10443,3,0.823243,1,0.820314,0,0.820314,0.806398,0,42.1875,140.528,129.583,138.695,6032.5,2070,1409.69,970,1507.81,122.297,185.203,184.945,122.953,185.203,774.49,50.25,11.088,7.87468,11.784,90.75,100,100,0,1,71.403,20.25,20.25,18.75
103,0,0,0,0,1.47815,0.99997,1.10324,3,0.822511,1,0.820314,0,0.820314,0.814699,0,42.1875,140.028,147.778,138.472,6035,2070,1396.8,970,1520.94,121.102,185.203,184.945,119.602,185.203,774.49,50.25,10.896,7.84001,11.592,90.75,100,100,0,0.640625,71.403,20.25,20.25,18.75
103.033,0,0,0,0,1.47235,0.99997,1.10214,3,0.822511,1,0.820314,0,0.820314,0.819337,0,42.1875,139.5,148.25,137.556,6045.75,2070,1389.38,970,1520.94,120.398,184.922,184.313,118.781,184.922,774.49,50.25,10.82,7.76268,11.516,90.75,100,100,0,0.953125,71.403,20.25,20.25,18.75
103.066,0,0,0,0,1.46216,0.99997,1.10489,3,0.822511,1,0.820314,0,0.820314,0.822999,0,42.1875,139.722,138.611,140.083,6059.25,2060,1395.31,970,1518.36,120.984,184.289,184.148,121.172,184.289,774.49,50.25,10.936,7.78134,11.632,90.75,99.2157,100,0,0.921875,71.403,20.25,20.25,18.75
103.1,0,0,0,0,1.46924,0.99997,1.10779,3,0.822023,1,0.820314,0,0.820314,0.830324,0,42.1875,139.445,144.722,138.917,6069,2060,1390.63,970,1526.25,120.563,184.289,184.148,118.57,184.289,774.49,50.25,10.908,7.76801,11.604,90,99.6079,100,0,0.890625,71.403,20.25,20.25,18.75
103.133,0,0,0,0,1.46723,0.99997,1.10883,3,0.822023,1,0.820314,0,0.820314,0.819337,0,42.1875,138.806,148.778,139.139,6088.75,2060,1382.19,970,1531.56,119.531,183.727,183.234,117.773,183.727,776.756,50.25,10.76,7.71201,11.456,90,100,100,0,0.546875,71.403,21,21,19.5
103.166,0,0,0,0,1.45331,0.99997,1.11151,3,0.822023,1,0.820314,0,0.820314,0.824708,0,42.1875,139.139,138.917,140.083,6097.5,2050,1387.62,970,1520.98,120.047,183.211,182.438,121.781,183.211,776.756,50.25,10.912,7.73334,11.608,90,100,100,0,0.90625,71.403,21,21,19.5
103.2,0,0,0,0,1.43231,0.99997,1.11182,3,0.821779,1,0.820314,0,0.820314,0.829347,0,42.1875,139.889,125.5,138.917,6101.25,2050,1401.84,970,1502.54,121.406,183.211,182.438,123.727,183.211,776.756,50.25,11.08,7.76001,11.776,90.75,100,100,0,0.46875,71.403,20.25,20.25,19.5
103.233,0,0,0,0,1.45471,0.99997,1.1127,3,0.821779,1,0.820314,0,0.820314,0.82007,0,42.1875,141.417,131.111,139.139,6109.75,2040,1395.27,970,1510.43,120.797,182.414,182.156,119.953,182.414,776.756,50.25,11.096,7.88001,11.792,90.75,100,100,0,0.546875,71.403,20.25,20.25,18.75
103.266,0,0,0,0,1.47199,0.99997,1.11221,3,0.821779,1,0.820314,0,0.820314,0.814699,0,42.1875,139.972,153.333,140.306,6116,2040,1383.4,970,1520.94,119.695,182.133,181.992,119.203,182.133,776.756,50.25,10.876,7.75201,11.572,90.75,100,100,0,0.71875,71.403,20.25,20.25,19.5
103.3,0,0,0,0,1.44592,0.99997,1.1098,3,0.821534,1,0.820314,0,0.820314,0.81006,0,42.1875,140.306,129.083,138.917,6124.75,2040,1391.21,970,1502.5,120.445,182.133,181.992,121.125,182.133,776.756,50.25,10.992,7.74134,11.688,90.75,100,100,0,0.53125,71.403,21,21,19.5
103.333,0,0,0,0,1.46375,0.99997,1.10721,3,0.821534,1,0.820314,0,0.820314,0.814699,0,42.1875,140.361,150.472,138.917,6139.75,2040,1377.15,970,1518.32,119.156,181.969,181.805,117.797,181.969,778.748,50.25,10.808,7.70668,11.504,90.75,100,100,0,1.07813,71.403,21,21,19.5
103.366,0,0,0,0,1.45227,0.99997,1.10834,3,0.821534,1,0.820314,0,0.820314,0.824708,0,42.1875,139.833,145.195,139.139,6151.25,2040,1377.93,970,1513.05,119.25,181.781,181.523,120.68,181.781,778.748,50.25,10.816,7.65601,11.512,90.75,100,100,0,0.765625,71.403,21,21,19.5
103.4,0,0,0,0,1.43585,0.99997,1.11002,3,0.82129,1,0.820314,0,0.820314,0.823732,0,42.1875,140.889,125.778,140.778,6158.75,2040,1389.3,970,1499.88,120.328,181.781,181.523,124.195,181.781,778.748,51,10.972,7.68801,11.668,90,100,100,0,0.828125,71.403,15.75,15.75,15.75
103.433,0,0,0,0,1.45374,0.99997,1.11157,3,0.82129,1,0.820314,0,0.820314,0.818361,0,42.1875,141.583,137.861,141.25,6176.5,2030,1388.24,970,1510.47,120.258,181.5,181.406,120.938,181.5,778.748,51,11.096,7.80001,11.792,90,100,100,0,1.21875,71.403,15.75,15.75,15.75
103.466,0,0,0,0,1.46961,0.99997,1.11154,3,0.82129,1,0.820314,0,0.820314,0.819337,0,42.1875,142.056,146.945,140.528,6180.25,2030,1385.43,970,1520.94,119.977,181.383,181.055,116.602,181.383,778.748,51,11.044,7.81601,11.74,90,100,100,0,0.734375,71.403,16.5,16.5,16.5
103.5,0,0,0,0,1.4613,0.99997,1.11081,3,0.821046,1,0.820314,0,0.820314,0.816408,0,42.1875,141.111,149.222,141.25,6189.25,2030,1382.38,970,1507.81,119.672,181.383,181.055,122.016,181.383,778.748,51,10.94,7.72534,11.628,90,100,100,0,0.65625,71.403,17.25,17.25,17.25
103.533,0,0,0,0,1.45368,0.99997,1.10617,3,0.821046,1,0.820314,0,0.820314,0.804445,0,42.1875,141.806,141.139,141.25,6203.25,2030,1381.8,970,1513.05,119.648,181.031,180.727,119.695,181.031,780.642,51,10.92,7.73334,11.608,90,100,100,0,0.875,71.403,15.75,15.75,15.75
103.566,0,0,0,0,1.45422,0.99997,1.10227,3,0.821046,1,0.820314,0,0.820314,0.806398,0,42.1875,141.583,143.306,140.083,6208.5,2020,1377.54,970,1518.36,119.25,180.703,180.445,118.289,180.703,780.642,51,10.864,7.65868,11.552,90,100,100,0,0.5,71.403,21,21,18.75
103.6,0,0,0,0,1.45123,0.99997,1.10251,3,0.820802,1,0.820314,0,0.820314,0.816408,0,42.1875,142.861,136.528,141.25,6222.75,2020,1383.28,970,1515.66,119.813,180.703,180.445,118.5,180.703,780.642,51,10.948,7.73068,11.652,90.75,100,100,0,0.640625,71.403,20.25,20.25,26.25
103.633,0,0,0,0,1.47077,0.99997,1.10562,3,0.820802,1,0.820314,0,0.820314,0.827638,0,42.1875,142.056,161.722,141.472,6230.5,2020,1367.77,970,1531.56,118.336,180.422,180.094,117.258,180.422,780.642,51,10.792,7.65601,11.496,90.75,100,100,0,0.34375,71.403,21,21,19.5
103.666,0,0,0,0,1.43713,0.99997,1.10462,3,0.820802,1,0.820314,0,0.820314,0.815675,0,42.1875,142.639,127.139,142.195,6235.5,2020,1385.94,970,1510.43,120.07,180.07,179.93,121.875,180.07,780.642,51,11.004,7.69068,11.708,90.75,100,100,0,0.96875,71.403,21,21,19.5
103.7,0,0,0,0,1.44464,0.99997,1.1037,3,0.820802,1,0.820314,0,0.820314,0.809083,0,42.1875,143.028,133.639,140.778,6247.25,2020,1382.11,970,1510.43,119.695,180.07,179.93,119.531,180.07,780.642,51,10.952,7.72001,11.648,90,100,100,0,0.71875,71.403,21,21,19.5
103.733,0,0,0,0,1.44544,0.99997,1.10062,3,0.820802,1,0.820314,0,0.820314,0.812745,0,42.1875,142.167,138.167,141.695,6257.75,2020,1379.22,970,1507.77,119.438,179.906,179.883,120.445,179.906,782.674,51,10.912,7.63734,11.608,90,100,100,0,0.25,71.403,21,21,19.5
103.766,0,0,0,0,1.44434,0.99997,1.09891,3,0.820802,1,0.820314,0,0.820314,0.811036,0,42.1875,142.5,136.972,141.695,6268.25,2020,1377.89,970,1507.77,119.297,179.859,179.648,119.695,179.859,782.674,51,10.884,7.62668,11.58,90,100,100,0,1.15625,71.403,21,21,19.5
103.8,0,0,0,0,1.44971,0.99997,1.09833,3,0.820802,1,0.820314,0,0.820314,0.813722,0,42.1875,141.639,147.028,140.778,6277.25,2020,1366.68,970,1520.98,118.266,179.859,179.648,116.766,179.859,782.674,51,10.728,7.55468,11.432,90.75,100,100,0,0.703125,71.403,21,21,19.5
103.833,0,0,0,0,1.43353,0.99997,1.09781,3,0.820802,1,0.820314,0,0.820314,0.815675,0,42.1875,142.389,129.167,142.195,6285.25,2010,1377.62,970,1505.16,119.039,179.227,179.156,120.188,179.227,782.674,51,10.816,7.55734,11.52,90.75,99.6079,100,0,0.765625,71.403,21,21,19.5
103.866,0,0,0,0,1.4679,0.99997,1.09726,3,0.820802,1,0.820314,0,0.820314,0.813722,0,42.1875,141.361,164.111,142.417,6295.75,2010,1359.38,970,1528.91,117.328,179.133,178.969,115.734,179.133,782.674,51,10.636,7.47734,11.34,90.75,99.6079,100,0,0.765625,71.403,21,21,19.5
103.9,0,0,0,0,1.43359,0.99997,1.0961,3,0.820558,1,0.820314,0,0.820314,0.811769,0,42.1875,142,135.972,141,6299.75,2010,1369.49,970,1507.81,118.289,179.133,178.969,119.555,179.133,782.674,51.75,10.752,7.49601,11.448,90.75,100,100,0,1.5,71.403,21,21,19.5
103.933,0,0,0,0,1.4325,0.99997,1.09546,3,0.820558,1,0.820314,0,0.820314,0.818361,0,42.1875,142.611,131.417,141.472,6318.25,2010,1374.84,970,1502.54,118.805,178.945,178.828,120.094,178.945,784.627,51.75,10.808,7.52534,11.504,90.75,100,100,0,0.890625,71.403,21,21,19.5
103.966,0,0,0,0,1.45038,0.99997,1.09631,3,0.820558,1,0.820314,0,0.820314,0.823732,0,42.1875,142.445,149.083,140.528,6321,2010,1364.73,970,1513.05,117.867,178.805,178.664,116.273,178.805,784.627,51.75,10.7,7.51468,11.396,90.75,100,100,0,0.453125,71.403,21,21,19.5
104,0,0,0,0,1.45349,0.99997,1.09729,3,0.820558,1,0.820314,0,0.820314,0.822023,0,42.1875,142.917,150.389,141.25,6331.75,2010,1362.54,970,1518.32,117.68,178.805,178.664,115.336,178.805,784.627,51.75,10.708,7.53601,11.412,90.75,100,100,0,0.90625,71.403,21,21,19.5
104.033,0,0,0,0,1.43164,0.99997,1.09729,3,0.820558,1,0.820314,0,0.820314,0.815675,0,42.1875,142.333,136.861,141.528,6342.25,2000,1365.12,970,1499.84,117.938,178.641,178.266,118.547,178.641,784.627,51.75,10.768,7.46401,11.472,90.75,100,100,0,0.984375,71.403,21,21,19.5
104.066,0,0,0,0,1.43121,0.99997,1.09631,3,0.820558,1,0.820314,0,0.820314,0.82007,0,42.1875,142.639,137.889,142.167,6347.75,2000,1363.44,970,1499.84,117.797,178.242,177.961,118.945,178.242,784.627,51.75,10.748,7.47201,11.452,90.75,100,100,0,0.953125,71.403,21,21,19.5
104.1,0,0,0,0,1.43463,0.99997,1.09656,3,0.820558,1,0.820314,0,0.820314,0.822999,0,42.1875,143.195,142.417,142.167,6362.5,2000,1359.69,970,1499.84,117.445,178.242,177.961,117.656,178.242,784.627,51.75,10.708,7.49068,11.404,90.75,100,100,0,1.03125,71.403,21,21,19.5
104.133,0,0,0,0,1.47168,0.99997,1.09738,3,0.820558,1,0.820314,0,0.820314,0.82007,0,42.1875,142.972,175.611,142.861,6373.25,2000,1340.82,970,1534.18,115.688,177.938,177.867,111.961,177.938,786.306,51.75,10.556,7.49868,11.252,90.75,100,100,0,0.9375,71.403,21,21,19.5
104.166,0,0,0,0,1.43475,0.99997,1.09732,3,0.820558,1,0.820314,0,0.820314,0.812745,0,42.1875,143.722,137.195,141.945,6381.5,2000,1361.29,970,1510.39,117.609,177.844,177.633,114.375,177.844,786.306,51.75,10.732,7.46401,11.428,90.75,100,100,0,0.859375,71.403,21,21,27
104.2,0,0,0,0,1.43439,0.99997,1.09519,3,0.818849,1,0.820314,0,0.818849,0.811036,0,42.1875,143.278,143.389,142.417,6381.5,2000,1357.85,970,1502.5,117.305,177.844,177.633,117.469,177.844,786.306,51.75,10.748,7.48801,11.436,90.75,99.6079,100,0,0.296875,71.403,21,21,27
104.233,0,0,0,0,1.43713,0.99997,1.09305,3,0.818849,1,0.820314,0,0.818849,0.815675,0,42.1875,143.556,145.722,141,6392.25,1990,1353.75,970,1507.73,116.906,177.609,177.469,115.172,177.609,786.306,51.75,10.684,7.47468,11.372,90.75,100,100,0,0.453125,71.403,21,21,27
104.266,0,0,0,0,1.4458,0.99997,1.09421,3,0.818849,1,0.820314,0,0.818849,0.819337,0,42.1875,142.5,156.25,140.528,6404.75,1990,1343.95,970,1520.94,115.992,177.445,177.234,112.008,177.445,786.306,51.75,10.576,7.39201,11.264,90.75,100,100,0,0.8125,71.403,16.5,16.5,16.5
104.3,0,0,0,0,1.42517,0.99997,1.09494,3,0.817628,1,0.820314,0,0.817628,0.818361,0,42.1875,144.139,134.056,141.945,6415.5,1990,1359.49,970,1497.23,117.469,177.445,177.234,116.555,177.445,786.306,52.5,10.844,7.51734,11.548,90.75,100,100,0,0.84375,71.403,18.75,18.75,18.75
104.333,0,0,0,0,1.44141,0.99997,1.09787,3,0.817628,1,0.820314,0,0.817628,0.825685,0,42.1875,141.472,162.889,142.695,6429.25,1990,1337.81,970,1518.36,115.43,177.211,176.836,116.508,177.211,787.888,52.5,10.544,7.34134,11.248,90.75,100,100,0,0.921875,71.403,17.25,17.25,17.25
104.366,0,0,0,0,1.41217,0.99997,1.09592,3,0.817628,1,0.820314,0,0.817628,0.811036,0,42.1875,144.139,124.889,142.639,6429.25,1980,1360.59,970,1497.23,117.586,176.813,176.531,118.922,176.813,787.888,52.5,10.888,7.49601,11.592,90.75,100,100,0,0.359375,71.403,21,21,26.25
104.4,0,0,0,0,1.44306,0.99997,1.09787,3,0.816652,1,0.820314,0,0.816652,0.816408,0,42.1875,144.417,154.111,143.139,6446,1980,1346.68,970,1520.98,116.273,176.813,176.531,113.719,176.813,787.888,52.5,10.756,7.54401,11.46,90.75,100,100,0,0.828125,71.403,14.25,14.25,14.25
104.433,0,0,0,0,1.45355,0.99997,1.09699,3,0.816652,1,0.820314,0,0.816652,0.819337,0,42.1875,144.306,164.278,143.611,6461.25,1980,1341.33,970,1528.91,115.781,176.508,176.367,112.711,176.508,787.888,52.5,10.668,7.48534,11.372,90.75,100,100,0,1,71.403,17.25,17.25,17.25
104.466,0,0,0,0,1.42151,0.99997,1.09821,3,0.816652,1,0.820314,0,0.816652,0.818361,0,42.1875,143.667,141.167,143.833,6465.5,1980,1349.92,970,1507.77,116.602,176.344,175.992,118.242,176.344,787.888,52.5,10.76,7.41334,11.464,90.75,100,100,0,0.640625,71.403,21,21,26.25
104.5,0,0,0,0,1.41528,0.99997,1.10028,3,0.815675,1,0.820314,0,0.815675,0.823732,0,42.1875,143.722,133.111,143.583,6468.25,1980,1355.63,970,1502.5,117.141,176.344,175.992,119.297,176.344,787.888,52.5,10.864,7.44001,11.56,90.75,100,100,0,0.40625,71.403,18.75,18.75,18.75
104.533,0,0,0,0,1.41956,0.99997,1.1019,3,0.815675,1,0.820314,0,0.815675,0.82007,0,42.1875,145.306,127.945,143.583,6485,1980,1361.48,970,1499.84,117.422,175.57,175.945,117.164,175.57,789.822,52.5,10.984,7.56268,11.68,90.75,100,100,0,0.390625,71.403,17.25,17.25,17.25
104.566,0,0,0,0,1.44513,0.99997,1.10251,3,0.815675,1,0.820314,0,0.815675,0.814699,0,42.1875,143.889,156.167,142.861,6486.25,1980,1347.03,970,1518.36,116.063,175.922,175.875,114.422,175.922,789.822,52.5,10.756,7.47468,11.452,90.75,99.6079,100,0,0.828125,71.403,21,21,19.5
104.6,0,0,0,0,1.44452,0.99997,1.10178,3,0.815187,1,0.820314,0,0.815187,0.812745,0,42.1875,144.833,156.111,142.695,6492,1980,1344.88,970,1523.63,115.852,175.922,175.875,113.297,175.922,789.822,52.5,10.736,7.50668,11.432,90.75,100,100,0,0.390625,71.403,21,21,27
104.633,0,0,0,0,1.42554,0.99997,1.09915,3,0.815187,1,0.820314,0,0.815187,0.806398,0,42.1875,144.778,136.25,142.639,6509,1980,1352.77,970,1510.39,116.602,175.852,175.523,113.977,175.852,789.822,52.5,10.788,7.46934,11.484,90.75,99.6079,100,0,0.671875,71.403,19.5,19.5,19.5
104.666,0,0,0,0,1.42999,0.99997,1.09634,3,0.815187,1,0.820314,0,0.815187,0.803712,0,42.1875,143.139,153.556,144.167,6518.75,1970,1340.74,970,1507.77,115.477,175.5,175.219,117.398,175.5,789.822,52.5,10.556,7.33334,11.252,90.75,99.6079,100,0,0.125,71.403,15,15,15
104.7,0,0,0,0,1.43201,0.99997,1.09381,3,0.814699,1,0.820314,0,0.814699,0.805421,0,42.1875,144.195,148.139,144.556,6524.5,1970,1348.05,970,1520.94,116.18,175.5,175.219,112.969,175.5,789.822,52.5,10.612,7.38668,11.3,90.75,99.6079,100,0,0.515625,71.403,15.75,15.75,15.75
104.733,0,0,0,0,1.43372,0.99997,1.09152,3,0.814699,1,0.820314,0,0.814699,0.803712,0,42.1875,145.278,153.111,143.833,6537.25,1970,1342.73,970,1510.43,115.688,175.195,175.031,115.617,175.195,791.658,52.5,10.6,7.40001,11.288,90.75,100,100,0,0.890625,71.403,15,15,15
104.766,0,0,0,0,1.42255,0.99997,1.09317,3,0.814699,1,0.820314,0,0.814699,0.815675,0,42.1875,145.472,138.111,144.056,6548.75,1970,1349.41,970,1505.12,116.32,175.008,174.75,115.031,175.008,791.658,52.5,10.704,7.43734,11.392,90.75,100,100,0,0.375,71.403,15,15,15
104.8,0,0,0,0,1.42285,0.99997,1.09509,3,0.81421,1,0.820314,0,0.81421,0.821046,0,42.1875,144.25,145,143.361,6553,1970,1343.83,970,1499.84,115.781,175.008,174.75,116.977,175.008,791.658,53.25,10.636,7.35201,11.332,90.75,100,100,0,0.125,71.403,15.75,15.75,15.75
104.833,0,0,0,0,1.43616,0.99997,1.09634,3,0.81421,1,0.820314,0,0.81421,0.811769,0,42.1875,145.222,163.445,144.778,6563,1970,1325.43,970,1518.36,114.914,176.016,174.469,114.633,176.016,791.658,53.25,10.544,7.39468,11.24,90.75,100,100,0,0.8125,71.403,17.25,17.25,17.25
104.866,0,0,0,0,1.40833,0.99997,1.09546,3,0.81421,1,0.820314,0,0.81421,0.808107,0,42.1875,145.945,134.556,145.972,6581.75,1950,1342.42,970,1499.84,116.508,174.445,174.164,117.773,174.445,791.658,53.25,10.772,7.43201,11.468,90.75,100,100,0,0.8125,71.403,14.25,14.25,14.25
104.9,0,0,0,0,1.41657,0.99997,1.09424,3,0.812257,1,0.820314,0,0.812257,0.81006,0,42.1875,144.611,144.417,144.278,6578.75,1950,1334.88,970,1510.43,115.805,174.445,174.164,115.945,174.445,791.658,53.25,10.64,7.36534,11.344,90.75,100,100,0,0.265625,71.403,15.75,15.75,15.75
104.933,0,0,0,0,1.41187,0.99997,1.09296,3,0.812257,1,0.820314,0,0.812257,0.811036,0,42.1875,145.417,139.028,145.056,6590.5,1950,1338.32,970,1510.43,116.109,174.141,173.977,116.625,174.141,793.26,53.25,10.684,7.36268,11.388,90.75,100,100,0,0.40625,71.403,15.75,15.75,15.75
104.966,0,0,0,0,1.44403,0.99997,1.09488,3,0.812257,1,0.820314,0,0.812257,0.811769,0,42.1875,144.306,172.472,144.5,6610.75,1940,1315.2,970,1539.49,113.93,173.953,173.695,112.219,173.953,793.26,53.25,10.38,7.28534,11.084,90.75,100,100,0,0.796875,71.403,12.75,12.75,12.75
105,0,0,0,0,1.39606,0.99997,1.09442,3,0.810792,1,0.820314,0,0.810792,0.81006,0,42.1875,145.639,122.472,145.25,6602,1940,1346.56,970,1502.54,116.906,173.953,173.695,118.688,173.953,793.26,53.25,10.82,7.38401,11.524,90.75,100,100,0,0.71875,71.403,21,21,26.25
105.033,0,0,0,0,1.40747,0.99997,1.09442,3,0.810792,1,0.820314,0,0.810792,0.809083,0,41.4063,146.278,140.445,144.556,6621,1940,1333.4,970,1505.2,115.664,173.672,173.508,117.258,173.672,793.26,53.25,10.664,7.41334,11.368,90.75,99.6079,100,0,0.609375,70.6843,15,15,15
105.066,0,0,0,0,1.422,0.99997,1.09555,3,0.810792,1,0.820314,0,0.810792,0.811036,0,40.625,146.75,151.5,145.25,6635.5,1940,1328.05,970,1518.32,115.148,173.484,173.156,113.672,173.484,793.26,53.25,10.6,7.37601,11.304,90.75,100,100,0,0.234375,70.6843,13.5,13.5,13.5
105.1,0,0,0,0,1.42285,0.99997,1.09488,3,0.809572,1,0.820314,0,0.809572,0.809083,0,40.625,146.278,151.583,145.056,6631.25,1940,1326.56,970,1520.94,115.008,173.484,173.156,112.43,173.484,793.26,53.25,10.608,7.42134,11.304,90.75,100,100,0,0.609375,68.7052,15.75,15.75,15.75
105.133,0,0,0,0,1.41004,0.99997,1.09342,3,0.809572,1,0.820314,0,0.809572,0.803712,0,36.7188,146.222,142.778,145.695,6644.5,1920,1330.23,970,1515.66,115.125,172.734,172.969,114.609,171.797,794.998,53.25,10.596,7.34401,11.292,90.75,100,100,0,0.65625,67.0862,15,15,15
105.166,0,0,0,0,1.41638,0.99997,1.09351,3,0.809572,1,0.820314,0,0.809572,0.808107,0,31.25,146.389,146.306,146,6657.75,1770,1332.15,970,1507.81,115.313,172.945,172.828,115.406,157.43,794.998,53.25,10.624,7.37334,11.32,90.75,100,100,0,0.46875,64.9286,12.75,12.75,12.75
105.2,0,0,0,0,1.40393,0.99997,1.09378,3,0.808595,1,0.820314,0,0.808595,0.811769,0,31.25,145.278,144.945,144.167,6663.5,1670,1321.13,970,1494.57,114.258,172.945,172.828,114.234,148.055,794.998,53.25,10.508,7.31468,11.212,90.75,99.6079,100,0,0.25,61.8707,17.25,17.25,17.25
105.233,0,0,0,0,1.41638,0.99997,1.09607,3,0.808595,1,0.820314,0,0.808595,0.811036,0,21.0938,147.722,146.306,145.972,6672.5,1520,1332.07,970,1507.77,115.289,172.805,172.5,115.148,133.125,794.998,53.25,10.7,7.45068,11.404,90.75,100,100,0,0.234375,56.4751,19.5,19.5,19.5
105.266,0,0,0,0,1.42127,0.99997,1.09689,3,0.808595,1,0.820314,0,0.808595,0.811769,0,5.85938,147.389,148.695,144.278,6696.25,1330,1336.17,970,1513.05,115.688,172.477,172.242,116.602,115.664,794.998,53.25,10.76,7.43734,11.464,90.75,100,100,0,0.640625,50.8994,19.5,19.5,19.5
105.3,0,0,0,0,1.42377,0.99997,1.09439,3,0.807863,1,0.820314,0,0.807863,0.801759,0,5.85938,146.222,147.945,143.611,6659.25,1050,1338.79,970,1515.7,115.945,172.477,172.242,116.672,88.7578,794.998,54,10.74,7.34401,11.452,90.75,99.6079,98.8236,0,0.296875,42.9861,3.75,3.75,-0.75
105.333,0,0,0,0,1.41638,0.99997,1.09592,3,0.807863,1,0.820314,0,0.807863,0.81006,0,0,147.083,145.556,145.695,6654.75,970,1328.16,970,1507.77,114.938,172.219,172.594,114.75,48.3047,796.638,54,9.452,7.45868,10.164,90.75,77.2549,38.0392,0,0.390625,30.5745,3.75,3.75,-15.75
105.366,0,0,0,0,1.45361,0.99997,1.09665,3,0.807863,1,0.820314,0,0.807863,0.812745,0,0,142.611,133.417,143.583,6672.5,970,1287.46,970,1547.42,111.094,172.57,172.828,104.813,27.9375,796.638,54,8.864,6.41601,9.576,90.75,43.5294,28.6275,0,0.109375,21.9424,3.75,3.75,-22.5
105.4,0,0,0,0,1.56275,0.99997,1.09775,3,0.81006,1,0.820314,0,0.81006,0.808107,0,0,130.861,99.0834,137.778,6703.75,970,1103.16,970,1663.63,93.6797,172.57,172.828,77.4609,15.75,796.638,54,6.916,5.64534,7.612,90.75,29.4118,15.6863,0,0.53125,12.7687,4.5,4.5,-24.75
105.433,0,0,0,0,1.81091,0.99997,1,3,0.81006,1,0.820314,0,1.04688,0.773195,0,0,91.0279,38.5834,108.722,6753.5,970,670.508,970,1927.81,52.9219,172.805,171.961,29.9063,15.75,796.638,54,1.484,1.79467,2.18,90.75,12.9412,7.84314,0,0.796875,0,38.25,38.25,39.75
105.466,0,0,0,0,1.89527,0.99997,1,3,0.81006,1,0.820314,0,1.04688,0.797609,0,0,46.75,26.4167,75.0834,6727.75,970,450.391,970,2017.62,32.1328,171.938,171.961,20.5547,15.75,796.638,54,0.5,0.256,1.196,90.75,8.62745,7.84314,0,1.17188,0,39.75,39.75,45.75
105.5,0,0,0,0,1.84815,0.99997,1,3,0.897218,1,0.820314,0,1.04688,0.995607,0,0,34.8056,23,61.4445,6703.75,970,361.016,970,1967.42,23.7188,171.938,171.961,17.9531,15.75,796.638,54,0.5,0.00266667,1.196,90.75,7.45098,6.66667,0,0.390625,0,15,15,-9
105.533,0,0,0,0,1.76105,0.99997,1,3,0.897218,1,0.820314,0,0.820314,1.11255,0,0,24.7222,19.2222,50.5278,6650.25,970,298.633,970,1856.48,17.8359,171.938,172.055,15.1172,15.75,792.771,54,0.7,0.386667,1.396,90.75,6.66667,6.27451,0,0.40625,0,17.25,17.25,-14.25
105.566,0,0,0,0,1.66943,0.99997,1,3,0.897218,1,0.820314,0,0.820314,1.13745,0,0,19.7222,17.8611,46.1667,6587.5,970,273.359,970,1777.23,15.4453,172.031,173.344,14.1797,15.75,792.771,54,0.788,0.517334,1.484,90.75,6.27451,6.66667,0,0.796875,0,18,18,-12.75
105.6,0,0,0,0,1.60492,0.99997,1,3,0.952638,1,0.820314,0,0.820314,1.12256,0,0,18.6945,17.6389,42.2778,6548.75,970,264.57,970,1708.55,14.625,172.031,173.344,14.0859,15.75,792.771,54,0.828,0.546667,1.516,90.75,6.66667,6.66667,0,0.640625,0,18,18,-12.75
105.633,0,0,0,0,1.53546,0.99997,1,3,0.952638,1,0.820314,0,0.820314,1.06397,0,0,17.8056,17.7778,38.5834,6555.75,970,260.547,970,1634.57,14.25,172.922,174.375,14.1797,15.75,792.771,54,0.888,0.581334,1.576,90.75,7.05883,7.45098,0,0.4375,0,18,18,-12.75
105.666,0,0,0,0,1.4809,0.99997,1,3,0.952638,1,0.820314,0,0.820314,1.01001,0,0,17.6945,17.9445,37.1111,6496.25,970,261.055,970,1576.45,14.2969,174.352,174.984,14.4609,15.75,792.771,54,0.932,0.621334,1.62,90.75,7.45098,7.84314,0,0.546875,0,18,18,-12.75
105.7,0,0,0,0,1.44116,0.99997,1,3,0.980226,1,0.820314,0,0.820314,0.979982,0,0,17.6389,17.5,33.5834,6455.75,970,260.391,970,1534.18,14.25,174.352,174.984,14.1797,15.75,792.771,54,0.96,0.632001,1.656,90.75,7.45098,7.84314,0,0.28125,0,18,18,-12.75
105.733,0,0,0,0,1.37915,0.99997,1,3,0.980226,1,0.820314,0,0.820314,0.974855,0,0,17.75,17.6389,30.7778,6437.75,970,262.188,970,1468.16,14.4375,174.961,176.367,14.3438,15.75,792.4,54,0.996,0.666667,1.692,90.75,7.84314,8.2353,0,0.671875,0,18,18,-12.75
105.766,0,0,0,0,1.3692,0.99997,1,3,0.980226,1,0.820314,0,0.820314,0.984865,0,0,17.6389,17.9167,29.4167,6396.5,970,262.891,970,1457.58,14.5078,176.344,177.047,14.6484,15.75,792.4,54,1.028,0.685334,1.724,90.75,7.84314,8.2353,0,0.453125,0,17.25,17.25,-12.75
105.8,0,0,0,0,1.33692,0.99997,1,3,1,1,0.820314,0,0.820314,0.992677,0,0,17.8056,18.1667,25.5,6364,970,265.117,970,1423.24,14.7422,176.344,177.047,14.9297,15.75,792.4,53.25,1.056,0.698668,1.752,90.75,8.2353,8.62745,0,0.453125,0,17.25,17.25,-12
105.833,0,0,0,0,1.30719,0.99997,1,3,1,1,0.820314,0,0.820314,1,0,0,18.0556,18.5278,24.1667,6331.75,970,268.75,970,1391.56,15.0938,177.023,177.75,15.3047,15.75,792.4,53.25,1.096,0.722668,1.792,90.75,8.62745,8.62745,0,0.328125,0,16.5,16.5,-12
105.866,0,0,0,0,1.29224,0.99997,1.01254,3,1,1,0.820314,0,0.820314,1.00733,0,0,18.3333,18.5278,23.8056,6285.25,970,270.703,970,1375.7,15.2813,177.727,178.617,15.4219,15.75,792.4,53.25,1.14,0.744001,1.836,90.75,8.62745,8.62745,0,0.765625,0,16.5,16.5,-12
105.9,0,0,0,0,1.27741,0.99997,1.0246,3,1,1,0.820314,0,0.820314,1.00855,0,0,18.3333,18.8056,22.9445,6264.25,970,272.5,970,1359.84,15.4688,177.727,178.617,15.7031,15.75,792.4,52.5,1.188,0.770668,1.868,90.75,9.01961,9.01961,0,0.65625,0,15.75,15.75,-12
105.933,0,0,0,0,1.26001,0.99997,1.05072,3,1,1,0.820314,0,0.820314,1.00733,0,0,18.3889,18.4445,22.6111,6230.5,970,272.773,970,1341.37,15.4688,178.195,179.719,15.4922,15.75,792.576,52.5,1.236,0.805334,1.916,90.75,9.01961,9.01961,0,0.0625,0,15.75,15.75,-11.25
105.966,0,0,0,0,1.25256,0.99997,1.07626,3,1,1,0.820314,0,0.820314,1.00366,0,0,18.2778,18.3889,22.7778,6207.25,970,272.813,970,1333.44,15.4688,179.695,180.328,15.4922,15.75,792.576,52.5,1.272,0.826668,1.952,90.75,9.01961,9.01961,0,0.6875,0,15.75,15.75,-11.25
106,0,0,0,0,1.24268,0.99997,1.09952,3,1.01709,1,0.820314,0,0.820314,0.988527,0,0,18.2222,18.25,22.9445,6184.25,970,272.852,970,1322.85,15.4688,179.695,180.328,15.4453,15.75,792.576,52.5,1.304,0.842668,1.992,90.75,9.01961,9.01961,0,0.265625,0,15.75,15.75,-11.25
106.033,0,0,0,0,1.23023,0.99997,1.12799,3,1.01709,1,0.820314,0,0.820314,0.968507,0,0,18.1111,18.1945,22.8334,6137.25,970,273.281,970,1309.65,15.5156,180.305,181.008,15.5156,15.75,792.576,52.5,1.336,0.874668,2.024,90.75,9.01961,9.01961,0,0.203125,0,15.75,15.75,-12
106.066,0,0,0,0,1.22528,0.99997,1.14658,3,1.01709,1,0.820314,0,0.820314,0.958498,0,0,18.0556,18.0278,23.1389,6116,970,272.891,970,1304.38,15.4922,180.984,181.711,15.4219,15.75,792.576,52.5,1.36,0.890668,2.048,90.75,9.01961,9.01961,0,0.421875,0,15,15,-11.25
106.1,0,0,0,0,1.21784,0.99997,1.15979,3,1.02417,1,0.820314,0,0.820314,0.944826,0,0,18.0556,18.0833,22.9445,6088.75,970,273.398,970,1296.45,15.5391,180.984,181.711,15.5391,15.75,792.576,51.75,1.384,0.904001,2.072,90.75,9.01961,9.01961,0,0.46875,0,15,15,-10.5
106.133,0,0,0,0,1.20795,0.99997,1.17236,3,1.02417,1,0.820314,0,0.820314,0.917726,0,0,18,17.9722,22.0556,6064.25,970,273.438,970,1285.9,15.5391,181.688,182.648,15.5156,15.75,792.752,51.75,1.4,0.914668,2.088,90.75,9.01961,9.01961,0,0.515625,0,15,15,-10.5
106.166,0,0,0,0,1.20294,0.99997,1.18195,3,1.02417,1,0.820314,0,0.820314,0.907716,0,0,17.9167,17.9722,22.4445,6041,970,273.203,970,1280.59,15.5156,181.734,183.727,15.5625,15.75,792.752,51.75,1.412,0.922668,2.1,90.75,9.01961,9.01961,0,0.40625,0,15,15,-11.25
106.2,0,0,0,0,1.198,0.99997,1.1872,3,1.02759,1,0.820314,0,0.820314,0.895509,0,0,17.8056,18.0833,22.6667,6018,970,273.32,970,1275.31,15.5391,181.734,183.727,15.7266,15.75,792.752,51.75,1.428,0.920001,2.108,90.75,9.41177,9.01961,0,0.84375,0,15,15,-11.25
106.233,0,0,0,0,1.18805,0.99997,1.1918,3,1.02759,1,0.820314,0,0.820314,0.878175,0,0,17.75,17.9722,22.2778,5994,970,273.555,970,1264.77,15.5625,183.164,185.273,15.6797,15.75,792.752,51.75,1.428,0.928001,2.108,90.75,9.41177,9.41177,0,0.609375,0,15,15,-10.5
106.266,0,0,0,0,1.18305,0.99997,1.19495,3,1.02759,1,0.820314,0,0.820314,0.866212,0,0,17.6945,17.6945,22.0278,5972.5,970,273.281,970,1259.45,15.5391,183.164,186.047,15.4922,15,792.752,51.75,1.428,0.930668,2.108,90.75,9.01961,9.41177,0,0.46875,0,14.25,14.25,-11.25
106.3,0,0,0,0,1.1781,0.99997,1.198,3,1.03345,1,0.820314,0,0.820314,0.86255,0,0,17.6945,17.7778,21.25,5951,970,273.633,970,1254.18,15.5625,183.164,186.047,15.6328,15,792.752,51.75,1.436,0.933334,2.132,90.75,9.41177,9.41177,0,0.9375,0,14.25,14.25,-11.25
106.333,0,0,0,0,1.17072,0.99997,1.20035,3,1.03345,1,0.820314,0,0.820314,0.855958,0,0,17.6389,17.5556,20.9722,5921.75,970,273.945,970,1246.25,15.5625,182.742,187.242,15.5156,15,792.986,51.75,1.428,0.930668,2.124,90.75,9.41177,9.01961,0,0.984375,0,14.25,14.25,-10.5
106.366,0,0,0,0,1.17072,0.99997,1.20294,3,1.03345,1,0.820314,0,0.820314,0.853273,0,0,17.2222,16.9445,20.3056,5902,970,270.742,970,1246.25,15.2578,184.617,188.578,15.0234,15,792.986,51.75,1.404,0.912001,2.1,90.75,9.01961,9.01961,0,0.59375,0,14.25,14.25,-10.5
106.4,0,0,0,0,1.16821,0.99997,1.20462,3,1.04004,1,0.820314,0,0.820314,0.847658,0,0,16.8889,16.6389,19.7222,5878.75,970,267.148,970,1243.63,14.9297,184.617,188.578,14.8125,15,792.986,51.75,1.388,0.898668,2.084,90.75,8.62745,9.01961,0,1.03125,0,15,15,-9.75
106.433,0,0,0,0,1.16321,0.99997,1,3,1.04004,1,0.820314,0,0.820314,0.84131,0,0,16.6667,16.5833,18.7222,5857,970,266.836,970,1238.32,14.8828,185.648,189.75,14.8125,15,792.986,51.75,1.152,0.898668,1.848,90.75,8.62745,8.62745,0,0.828125,0,15,15,-9
106.466,0,0,0,0,1.16113,0.99997,1,3,1.04004,1,0.820314,0,1.04688,0.832033,0,0,16.5278,16.5556,18.6111,5828.5,970,266.797,970,1230.43,14.8828,187.078,190.945,14.8594,15,792.986,51.75,0.912,0.584001,1.608,90.75,9.01961,8.62745,0,0.8125,0,14.25,14.25,51
106.5,0,0,0,0,1.164,0.99997,1,3,1.04346,1,0.820314,0,1.04688,0.822999,0,0,16.4722,16.75,17.75,5778,970,267.93,970,1227.77,15,187.078,190.945,15.1641,15,792.986,51,0.928,0.586667,1.616,90.75,9.01961,8.62745,0,0.9375,0,14.25,14.25,51
106.533,0,0,0,0,1.15924,0.99997,1,3,1.04346,1,0.820314,0,1.04688,0.922121,0,0,16.3611,16.5278,18.3056,5701.25,970,276.445,970,1217.19,15.8203,188.531,193.828,17.7656,15,787.791,51,1.028,0.589334,1.716,90.75,8.62745,8.62745,0,0.90625,0,13.5,13.5,51
106.566,0,0,0,0,1.16168,0.99997,1,3,1.04346,1,0.820314,0,1.04688,1.16187,0,0,18.1111,16.4722,18.4445,5650.75,970,288.125,970,1214.57,16.9219,188.531,196.078,17.7188,15,787.791,51,1.076,0.674668,1.764,90.75,8.62745,8.62745,0,1.21875,0,12,12,48.75
106.6,0,0,0,0,1.16333,0.99997,1,3,1.05298,1,0.820314,0,1.04688,1.5376,0,0,18.3889,16.3333,18.8333,5597,970,292.734,970,1211.91,17.3672,188.531,196.078,17.7656,15,787.791,51,1.096,0.693334,1.776,91.5,8.62745,8.62745,0,1.15625,0,11.25,11.25,48.75
106.633,0,0,0,0,1.16248,0.99997,1,4,1.05298,1,0.820314,0,1.04688,1.96436,0,0,18.6389,16.1945,18.4445,5538,970,296.836,970,1203.98,17.7188,192.398,197.32,18.3281,15,787.791,51,1.124,0.693334,1.804,91.5,8.62745,8.62745,0,1.45313,0,11.25,11.25,48.75
106.666,0,0,0,0,1.16449,0.99997,1,4,1.05298,1,0.820314,0,1.04688,2.5398,0,0,18.2222,15.9167,17.8056,5484.25,970,293.945,970,1201.37,17.4609,195.656,198.609,17.6484,15,787.791,51,1.096,0.682668,1.776,91.5,8.2353,8.2353,0,1.15625,0,10.5,10.5,48.75
106.7,0,0,0,0,1.16742,0.99997,1,4,1.06177,1,0.820314,0,1.04688,3.42823,0,0,17.8056,15.6111,18.0278,5414,970,292.617,970,1198.71,17.5078,197.789,198.891,17.9766,15,787.791,51,1.128,0.672001,1.808,91.5,8.2353,8.2353,0,0.90625,0,10.5,10.5,48
106.733,0,0,0,0,1.1662,0.99997,1,4,1.06177,1,0.820314,0,1.04688,4.26661,0,0,17.5833,15.5833,16.6389,5357,970,289.453,970,1193.44,17.2031,197.789,198.891,17.2969,14.25,782.674,51,1.092,0.653334,1.772,91.5,8.2353,8.2353,0,1.125,0,10.5,10.5,48
106.766,0,0,0,0,1.17017,0.99997,1,4,1.06177,1,0.820314,0,1.04688,5.00001,0,0,17.5278,15.4722,16.6667,5319,970,287.266,970,1193.44,17.2031,198.633,199.031,16.7578,14.25,782.674,51,1.076,0.666667,1.756,91.5,8.2353,8.2353,0,0.296875,0,9.75,9.75,47.25
106.8,0,0,0,0,1.17206,0.99997,1,4,1.05884,1,0.820314,0,1.04688,5.00001,0,0,16.9445,14.8056,16.6667,5249.25,970,284.297,970,1190.78,17.0859,198.82,199.195,16.8984,14.25,782.674,51,1.088,0.658667,1.776,91.5,7.84314,7.45098,0,1.1875,0,9.75,9.75,47.25
106.833,0,0,0,0,1.17352,0.99997,1,4,1.05884,1,0.820314,0,1.04688,5.00001,0,0,16.8333,14.6667,15.8889,5206.5,970,280,970,1188.16,16.6875,198.82,199.195,16.2422,14.25,782.674,51,1.056,0.650667,1.744,91.5,7.45098,7.45098,0,1.1875,0,9,9,47.25
106.866,0,0,0,0,1.17395,0.99997,1,4,1.05884,1,0.820314,0,1.04688,5.00001,0,0,16.1945,14.5556,15.1945,5154.5,970,274.961,970,1185.51,16.3828,198.938,199.359,16.125,14.25,782.674,51,1.048,0.626667,1.736,91.5,7.45098,7.45098,0,0.984375,0,9,9,47.25
106.9,0,0,0,0,1.17279,0.99997,1,4,1.05884,1,0.820314,0,1.04688,5.00001,0,0,15.9722,14.4722,15.6389,5095,970,276.25,970,1180.23,16.5234,199.102,199.523,16.9453,14.25,782.674,51,1.076,0.640001,1.764,91.5,7.45098,7.45098,0,1.28125,0,8.25,8.25,46.5
106.933,0,0,0,0,1.17609,0.99997,1,4,1.05884,1,0.820314,0,1.04688,5.00001,0,0,15.9445,14.4445,15.4722,5048.75,970,273.008,970,1180.23,16.3828,199.102,199.523,16.2656,14.25,777.635,51,1.06,0.637334,1.748,91.5,7.45098,7.05883,0,0.8125,0,8.25,8.25,46.5
106.966,0,0,0,0,1.17615,0.99997,1,4,1.05884,1,0.820314,0,1.04688,5.00001,0,0,15.6111,13.7778,14.75,5002.5,970,270.117,970,1177.58,16.2656,199.336,199.664,15.7031,14.25,777.635,51,1.044,0.626667,1.732,91.5,7.05883,7.05883,0,1.125,0,8.25,8.25,46.5
107,0,0,0,0,1.17224,0.99997,1,4,1.05274,1,0.820314,0,1.04688,5.00001,0,0,14.5556,13.4722,13.75,4935,970,261.289,970,1172.3,15.4219,198.492,199.641,15.4688,14.25,777.635,51,1.008,0.602667,1.696,91.5,7.05883,7.05883,0,0.640625,0,8.25,8.25,47.25
107.033,0,0,0,0,1.17456,0.99997,1,4,1.05274,1,0.820314,0,1.04688,5.00001,0,0,14.5556,13.5556,13.9167,4891.5,970,262.344,970,1172.3,15.5391,198.492,199.641,15.0234,14.25,777.635,51,0.992,0.613334,1.68,91.5,7.05883,7.05883,0,0.625,0,8.25,8.25,47.25
107.066,0,0,0,0,1.17413,0.99997,1,4,1.05274,1,0.820314,0,1.04688,5.00001,0,0,14.1111,13.3611,13.4167,4844.75,970,259.766,970,1169.65,15.1875,197.859,199.594,14.7422,14.25,777.635,51,0.972,0.586667,1.66,91.5,7.05883,7.05883,0,0.5,0,8.25,8.25,47.25
107.1,0,0,0,0,1.1695,0.99997,1,4,1.04859,1,0.820314,0,1.04688,5.00001,0,0,13.8056,13.1389,13.7778,4805.25,970,260.313,970,1164.38,15.2344,197.859,199.594,16.0547,14.25,777.635,51,1.008,0.586667,1.688,91.5,7.05883,6.66667,0,0.15625,0,7.5,7.5,47.25
107.133,0,0,0,0,1.17011,0.99997,1,4,1.04859,1,0.820314,0,1.04688,5.00001,0,0,13.8056,13.1111,13.5278,4744.5,970,261.992,970,1161.72,15.2578,197.32,199.523,15.5859,14.25,773.025,51,0.992,0.589334,1.672,91.5,6.66667,6.66667,0,0.421875,0,7.5,7.5,47.25
107.166,0,0,0,0,1.16889,0.99997,1,4,1.04859,1,0.820314,0,1.04688,5.00001,0,0,13.3611,12.9445,12.9722,4705,970,259.766,970,1159.1,14.9531,197.742,199.477,15.2813,14.25,773.025,51,0.972,0.589334,1.652,91.5,6.66667,6.66667,0,-0.1875,0,8.25,8.25,48
107.2,0,0,0,0,1.17029,0.99997,1,4,1.03882,1,0.820314,0,1.04688,5.00001,0,0,13.5278,12.8333,13.3889,4656.75,970,263.672,970,1159.1,15.3047,197.742,199.477,15.2813,14.25,773.025,51,0.984,0.610667,1.664,91.5,6.66667,6.66667,0,0.40625,0,6.75,6.75,47.25
107.233,0,0,0,0,1.16589,0.99997,1,4,1.03882,1,0.820314,0,1.04688,5.00001,0,0,12.8889,12.6945,12.6389,4597.5,970,257.5,970,1153.79,14.6484,197.625,199.43,15.3281,14.25,773.025,51,0.952,0.562667,1.632,91.5,6.66667,6.66667,0,-0.125,0,7.5,7.5,48
107.266,0,0,0,0,1.16827,0.99997,1,4,1.03882,1,0.820314,0,1.04688,5.00001,0,0,13.2778,12.5556,12.5556,4554.25,970,264.648,970,1153.79,15.1875,197.742,199.383,14.5547,14.25,773.025,51,0.956,0.602667,1.636,91.5,6.66667,6.27451,0,0.03125,0,6.75,6.75,47.25
107.3,0,0,0,0,1.16394,0.99997,1,4,1.03101,1,0.820314,0,1.04688,5.00001,0,0,12.6667,12.3889,13.1667,4497,970,262.227,970,1148.52,14.8828,197.438,199.336,16.0078,14.25,773.025,51,0.976,0.586667,1.664,91.5,6.27451,6.27451,0,-0.078125,0,6.75,6.75,47.25
107.333,0,0,0,0,1.16699,0.99997,1,4,1.03101,1,0.820314,0,1.04688,5.00001,0,0,13,12.1111,12.7222,4458.25,970,266.328,970,1148.52,15.2344,197.438,199.336,15.1641,14.25,768.67,51,0.976,0.613334,1.664,91.5,6.27451,6.27451,0,-0.140625,0,6,6,46.5
107.366,0,0,0,0,1.16766,0.99997,1,4,1.03101,1,0.820314,0,1.04688,5.00001,0,0,12.4167,12.1111,11.25,4409.75,970,259.57,970,1148.52,14.5547,197.719,199.195,13.3125,14.25,768.67,51,0.9,0.568001,1.588,91.5,6.27451,6.27451,0,-0.109375,0,6.75,6.75,47.25
107.4,0,0,0,0,1.15662,0.99997,1,4,1.0249,1,0.820314,0,1.04688,5.00001,0,0,11.6667,11.9167,12.4445,4350.75,970,256.602,970,1140.59,14.1797,197.227,199.102,15.8672,14.25,768.67,51,0.94,0.562667,1.628,91.5,6.27451,6.27451,0,0.328125,0,6.75,6.75,47.25
107.433,0,0,0,0,1.15796,0.99997,1,4,1.0249,1,0.820314,0,1.04688,5.00001,0,0,11.7222,11.8056,10.3056,4314.5,970,253.359,970,1140.59,13.8984,197.227,199.102,13.1484,14.25,768.67,51,0.9,0.546667,1.588,91.5,6.27451,6.27451,0,-0.234375,0,6.75,6.75,47.25
107.466,0,0,0,0,1.15234,0.99997,1,4,1.0249,1,0.820314,0,1.04688,5.00001,0,0,11.25,11.6389,11.5833,4275.25,970,254.883,970,1137.97,13.9453,197.273,198.984,14.8828,14.25,768.67,51,0.916,0.554667,1.604,91.5,5.88235,6.27451,0,-0.421875,0,6.75,6.75,47.25
107.5,0,0,0,0,1.146,0.99997,1,5,1.01978,1,0.820314,0,1.04688,5.00001,0,0,10.8056,11.5278,10.1111,4216.25,970,249.609,970,1132.7,13.4063,196.523,198.867,13.9688,14.25,768.67,51,0.9,0.509334,1.58,91.5,5.88235,5.88235,0,-0.046875,0,6,6,48
107.533,0,0,0,0,1.1471,0.99997,1,5,1.01978,1,0.820314,0,1.04688,5.00001,0,0,10.9722,11.4167,11.6389,4175.25,970,257.188,970,1135.31,14.0625,196.523,198.867,14.7422,14.25,764.842,51,0.912,0.552001,1.592,91.5,5.88235,5.88235,0,0.09375,0,6,6,47.25
107.566,0,0,0,0,1.14758,0.99997,1,5,1.01978,1,0.820314,0,1.04688,5.00001,0,0,10.6945,11.3889,8.3889,4138.5,970,248.008,970,1135.31,13.1719,194.648,198.75,10.6406,14.25,764.842,51,0.9,0.493334,1.58,91.5,5.88235,5.88235,0,-0.21875,0,6,6,48
107.6,0,0,0,0,1.13843,0.99997,1,5,1.01587,1,0.820314,0,1.04688,5.00001,0,0,10.9722,11.25,11.3056,4080.5,970,258.984,970,1132.62,14.0156,193.313,198.633,14.2031,14.25,764.842,51,0.9,0.565334,1.58,91.5,5.88235,5.88235,0,0.265625,0,6,6,47.25
107.633,0,0,0,0,1.13629,0.99997,1,5,1.01587,1,0.820314,0,1.04688,5.00001,0,0,10.5556,11.0833,8.58334,4039.25,970,246.563,970,1130.04,12.9844,193.313,198.633,11.4609,14.25,764.842,51,0.9,0.501334,1.58,91.5,5.88235,5.88235,0,-0.453125,0,6,6,48
107.666,0,0,0,0,1.12476,0.99997,1,5,1.01587,1,0.820314,0,1.04688,5.00001,0,0,10.6389,10.9722,11.7222,4000,970,262.305,970,1124.73,14.2031,191.297,198.516,15.6797,14.25,764.842,51,0.94,0.592001,1.62,91.5,5.88235,5.88235,0,-0.328125,0,6,6,48
107.7,0,0,0,0,1.12683,0.99997,1,5,1,1,0.820314,0,1.04688,5.00001,0,0,10.6111,10.8333,9.19445,3960.75,970,255.625,970,1124.77,13.6406,191.297,198.516,12.5859,14.25,764.842,51,0.9,0.536001,1.58,91.5,5.88235,5.88235,0,-0.125,0,5.25,5.25,47.25
107.733,0,0,0,0,1.11871,0.99997,1,5,1,1,0.820314,0,1.04688,5.00001,0,0,10.2222,10.75,10.5556,3913.75,970,258.789,970,1122.11,13.9453,190.43,198.281,14.2734,14.25,761.248,51,0.9,0.554667,1.58,91.5,5.88235,5.4902,0,0.046875,0,5.25,5.25,47.25
107.766,0,0,0,0,1.11633,0.99997,1,5,1,1,0.820314,0,1.04688,5.00001,0,0,10.0556,10.5833,8.6389,3874.75,970,252.07,970,1119.45,13.4766,189.07,198.023,12.3516,14.25,761.248,51,0.9,0.512001,1.58,91.5,5.4902,5.4902,0,-0.390625,0,5.25,5.25,48
107.8,0,0,0,0,1.11066,0.99997,1,5,1,1,0.820314,0,1.04688,5.00001,0,0,10.3889,10.4722,10.4445,3820,970,261.523,970,1116.84,14.3438,189.352,197.766,14.5078,14.25,761.248,51,0.928,0.576001,1.608,91.5,5.4902,5.4902,0,-0.078125,0,5.25,5.25,47.25
107.833,0,0,0,0,1.10779,0.99997,1,5,1,1,0.820314,0,1.04688,5.00001,0,0,10.0556,10.3611,8.55556,3779.75,970,251.367,970,1114.18,13.5,189.352,197.766,12.5156,14.25,761.248,51,0.9,0.520001,1.58,91.5,5.4902,5.4902,0,-0.53125,0,5.25,5.25,48
107.866,0,0,0,0,1.1015,0.99997,1,5,1,1,0.820314,0,1.04688,5.00001,0,0,10.1667,10.25,10.9167,3751.75,970,259.258,970,1111.52,14.2266,188.602,197.461,15.9141,14.25,761.248,51,0.952,0.586667,1.632,91.5,5.4902,5.4902,0,-0.140625,0,5.25,5.25,48
107.9,0,0,0,0,1.09705,0.99997,1,5,1,1,0.820314,0,1.04688,5.00001,0,0,9.41667,10.0833,8.05556,3699,970,248.945,970,1108.91,13.4063,187.805,197.18,12.5859,14.25,761.248,51,0.9,0.514667,1.588,91.5,5.4902,5.4902,0,-0.046875,0,5.25,5.25,48.75
107.933,0,0,0,0,1.09357,0.99997,1,5,1,1,0.820314,0,1.04688,5.00001,0,0,9.52779,10.0278,10.25,3659.25,970,255.234,970,1108.87,14.0156,187.805,197.18,14.8359,14.25,757.83,51,0.924,0.554667,1.612,91.5,5.4902,5.4902,0,-0.375,0,5.25,5.25,48
107.966,0,0,0,0,1.09235,0.99997,1,5,1,1,0.820314,0,1.04688,5.00001,0,0,9.58334,10,8.58334,3617.75,970,251.211,970,1106.25,13.7578,187.313,196.922,13.1016,14.25,757.83,51,0.9,0.525334,1.588,91.5,5.4902,5.4902,0,0.171875,0,5.25,5.25,48
108,0,0,0,0,1.08991,0.99997,1,5,1,1,0.820314,0,1.04688,5.00001,0,0,9.75001,9.97223,9.19445,3567.5,970,256.523,970,1106.21,14.25,186,196.641,13.4297,14.25,757.83,51,0.9,0.570667,1.58,92.25,5.4902,5.09804,0,-0.5,0,5.25,5.25,48
108.033,0,0,0,0,1.08283,0.99997,1,5,1,1,0.820314,0,1.04688,5.00001,0,0,9.47223,9.6389,8.25001,3534.25,970,251.484,970,1100.98,13.8516,186,196.641,13.125,14.25,757.83,51,0.9,0.528001,1.58,92.25,5.09804,5.09804,0,-0.09375,0,5.25,5.25,48
108.066,0,0,0,0,1.07904,0.99997,1,5,1,1,0.820314,0,1.04688,5.00001,0,0,9.52779,9.61112,9.11112,3493,970,256.367,970,1098.32,14.3438,185.813,196.383,14.25,14.25,757.83,51,0.924,0.581334,1.604,92.25,5.09804,5.09804,0,-0.359375,0,4.5,4.5,48.75
108.1,0,0,0,0,1.07636,0.99997,1,5,1,1,0.820314,0,1.04688,5.00001,0,0,9.30556,9.47223,8.6389,3449.75,970,253.203,970,1095.7,14.0859,185.438,195.984,13.8047,14.25,757.83,51,0.9,0.549334,1.58,92.25,5.09804,5.09804,0,-0.1875,0,4.5,4.5,48.75
108.133,0,0,0,0,1.07489,0.99997,1,5,1,1,0.820314,0,1.04688,5.00001,0,0,9.36112,9.44445,9.25001,3406.25,970,255.508,970,1095.7,14.4609,185.438,195.984,14.4609,14.25,754.49,51,0.932,0.578667,1.612,92.25,5.09804,5.09804,0,0.015625,0,4.5,4.5,48.75
108.166,0,0,0,0,1.07153,0.99997,1,5,1,1,0.820314,0,1.04688,5.00001,0,0,9.11112,9.33334,7.80556,3376,970,247.93,970,1093.05,13.9922,184.875,195.633,12.8203,14.25,754.49,51,0.9,0.528001,1.58,92.25,5.09804,5.09804,0,-0.421875,0,4.5,4.5,48.75
108.2,0,0,0,0,1.06647,0.99997,1,5,1,1,0.820314,0,1.04688,5.00001,0,0,9.22223,9.16667,9.41667,3333.25,970,254.727,970,1090.39,14.5313,184.969,195.188,15.2109,14.25,754.49,51,0.952,0.581334,1.632,92.25,5.09804,5.09804,0,-0.0625,0,4.5,4.5,48.75
108.233,0,0,0,0,1.05945,0.99997,1,5,1,1,0.820314,0,1.04688,5.00001,0,0,9.00001,8.91667,7.13889,3289.75,970,242.148,970,1085.12,13.7109,184.969,195.188,12.7031,14.25,754.49,51,0.9,0.528001,1.58,92.25,5.09804,5.09804,0,-0.4375,0,4.5,4.5,48.75
108.266,0,0,0,0,1.05585,0.99997,1,5,1,1,0.820314,0,1.04688,5.00001,0,0,8.94445,8.8889,9.77779,3255.5,970,251.719,970,1085.08,14.6484,185.133,194.813,16.125,14.25,754.49,51,0.984,0.605334,1.664,92.25,5.09804,5.09804,0,-0.4375,0,4.5,4.5,48.75
108.3,0,0,0,0,1.05847,0.99997,1,5,1,1,0.820314,0,0.820314,5.00001,0,0,8.41667,8.83334,6.61112,3210.5,970,240.703,970,1085.12,13.7578,185.273,194.367,10.9219,14.25,754.49,51,1.464,0.893334,2.152,92.25,4.70588,4.70588,0,-0.1875,8.45196,4.5,4.5,-7.5
108.333,0,0,0,0,1.04852,0.99997,1,5,1,1,0.820314,0,0.820314,5.00001,0,0,8.58334,8.77778,10.4722,3186.25,970,249.57,970,1079.84,14.6719,185.273,194.367,18.5625,14.25,754.1,51,1.632,0.949335,2.34,92.25,4.70588,4.70588,0,-0.1875,16.1867,4.5,4.5,-1.5
108.366,0,0,0,0,1.05841,0.99997,1,5,1,1,0.820314,0,0.820314,5.00001,0,0,8.94445,8.52778,6.52778,3170.75,970,243.633,970,1085.12,14.2969,185.438,194.109,10.2656,28.0547,754.1,51,1.328,0.858668,2.016,92.25,4.70588,9.01961,0,-0.28125,23.5614,6.75,6.75,6.75
108.4,0,0,0,0,1.01569,0.99997,1,5,1,1,0.820314,0,0.820314,5.00001,0,0,9.22223,17,18.1667,3155,970,286.602,970,1058.71,17.7656,185.531,194.016,34.5234,30.3281,754.1,51,1.976,0.997335,2.656,92.25,10.1961,10.1961,0,0.078125,29.6757,11.25,11.25,11.25
108.433,0,0,0,0,1.02533,0.99997,1,5,1,1,0.820314,0,0.820314,5.00001,0,0,11.7778,17.7222,17.5,3149.75,970,343.359,970,1066.6,22.2891,185.531,194.016,29.7656,30.8672,754.1,51,2.036,1.312,2.716,92.25,10.5882,10.5882,0,-0.46875,30.9346,15,15,15
108.466,0,0,0,0,1.02405,0.99997,1,5,1,1,0.820314,0,0.820314,3.48975,0,0,15.0833,18.6945,18.1945,3163.75,970,377.266,970,1063.98,24.9844,185.555,193.992,31.0313,40.1484,754.1,51,2.332,1.504,3.012,92.25,10.9804,13.3333,0,0.25,30.5745,5.25,5.25,5.25
108.5,0,0,0,0,1.01355,0.99997,1,5,1,1,0.820314,0,0.820314,2.1875,0,0,17.8056,23.4445,22.1111,3166.75,970,433.398,970,1053.44,29.4609,185.578,194.063,38.6953,47.1563,754.1,51,2.856,1.83467,3.56,91.5,13.7255,14.902,0,-0.28125,26.6178,6,6,6
108.533,0,0,0,0,1.00684,0.99997,1,5,1,1,0.820314,0,0.820314,1.69287,0,0,19.6111,28.5834,27.2778,3183,970,509.297,970,1045.51,35.4609,185.578,194.063,46.9219,30.4688,754.568,51,3.464,2.02934,4.168,91.5,16.0784,15.6863,0,-0.140625,19.7833,0.75,0.75,0.75
108.566,0,0,0,0,1.00275,0.99997,1,5,1,1,0.820314,0,0.820314,1.2666,0,0,23.7222,24.5,29.6667,3195,970,556.211,970,1040.23,39.1641,185.531,194.156,40.1484,19.5938,754.568,51,3.104,2.37067,3.808,91.5,14.5098,9.01961,0,-0.140625,11.1498,-6,-6,-9
108.6,0,0,0,0,1.03839,0.99997,1,5,1,1,0.820314,0,0.820314,1.12256,0,0,21.75,13.8056,20.3611,3176.25,970,494.883,970,1077.19,34.2891,185.508,194.133,22.7578,16.7813,754.568,51,2.328,1.59467,3.016,92.25,8.2353,6.66667,0,0.015625,0.17853,-5.25,-5.25,-6
108.633,0,0,0,0,1.05371,0.99997,1,5,1,1,0.820314,0,0.820314,1.06177,0,0,18.9722,11.7222,15.3333,3183,970,438.672,970,1093.05,29.8125,185.508,194.133,19.2656,21.1641,754.568,51,1.992,1.36534,2.68,92.25,7.05883,5.4902,0,-0.5,0,-3,-3,-3
108.666,0,0,0,0,1.05878,0.99997,1,5,1,1,0.820314,0,0.820314,1.05933,0,0,15.5,9.1389,12.6667,3183.25,970,386.055,970,1098.32,25.6172,185.508,194.156,17.5547,20.1797,754.568,51,1.832,1.18133,2.52,92.25,5.09804,7.05883,0,-0.0625,0,0.75,0.75,0.75
108.7,0,0,0,0,1.05621,0.99997,1,5,1,1,0.820314,0,0.820314,1.03784,0,0,13.9722,12.5278,13.7222,3191,970,344.688,970,1095.7,22.3359,185.508,194.156,21.9141,20.8594,754.568,51,1.756,0.962668,2.444,92.25,7.05883,7.05883,0,-0.25,0,9,9,9
108.733,0,0,0,0,1.05872,0.99997,1,5,1,1,0.820314,0,0.820314,1.00171,0,0,13.4722,12.0278,12.8333,3203.75,970,338.672,970,1098.28,21.8203,185.508,194.227,20.1563,19.6641,753.943,51,1.664,1.09867,2.352,92.25,7.05883,7.05883,0,0.03125,0,0.75,0.75,-0.75
108.766,0,0,0,0,1.06128,0.99997,1,5,1,1,0.820314,0,0.820314,0.976076,0,0,13,12.0556,12.0833,3201.25,970,329.414,970,1100.94,21.0469,185.484,194.32,18.7969,19.0313,753.943,51,1.6,1.05067,2.288,92.25,7.05883,7.05883,0,-0.40625,0,6,6,6
108.8,0,0,0,0,1.05878,0.99997,1,5,1,1,0.820314,0,0.820314,0.962404,0,0,12.5833,12.0556,12.25,3206.25,970,324.063,970,1098.32,20.6016,185.438,194.32,19.9453,18.0234,753.943,51,1.608,1.02133,2.296,92.25,7.05883,6.66667,0,-0.1875,0,4.5,4.5,4.5
108.833,0,0,0,0,1.05621,0.99997,1,5,1,1,0.820314,0,0.820314,0.948488,0,0,12.4167,11.5556,12.2778,3201,970,321.523,970,1095.7,20.4141,185.438,194.32,20.5078,17.3438,753.943,51,1.62,1.008,2.308,92.25,6.66667,6.27451,0,-0.03125,0,3,3,3
108.866,0,0,0,0,1.05621,0.99997,1,5,1,1,0.820314,0,0.820314,0.936525,0,0,12.3611,11.1111,11.3333,3186.5,970,318.008,970,1095.7,20.1563,185.438,194.273,18.8203,16.7344,753.943,51,1.556,1.008,2.244,92.25,6.27451,6.27451,0,-0.03125,0,11.25,11.25,11.25
108.9,0,0,0,0,1.05371,0.99997,1,5,1,1,0.820314,0,0.820314,0.929933,0,0,11.7222,10.3056,9.36112,3191,970,302.07,970,1093.05,18.8906,185.484,194.227,16.0313,16.0078,753.943,51,1.44,0.909334,2.128,92.25,5.88235,5.4902,0,-0.4375,0,2.25,2.25,2.25
108.933,0,0,0,0,1.05115,0.99997,1,5,1,1,0.820314,0,0.820314,0.919923,0,0,11.3056,9.80556,10.5556,3181.5,970,296.563,970,1090.39,18.4688,185.484,194.227,18.1875,15.5391,753.65,51,1.484,0.914668,2.172,92.25,5.4902,5.4902,0,0.1875,0,12,12,12
108.966,0,0,0,0,1.05371,0.99997,1,5,1,1,0.820314,0,0.820314,0.903322,0,0,10.5556,9.52779,8.72223,3183.25,970,283.203,970,1093.05,17.4141,185.484,194.18,14.3672,15.3047,753.65,51,1.32,0.818668,2.008,92.25,5.4902,5.09804,0,-0.328125,0,2.25,2.25,2.25
109,0,0,0,0,1.04858,0.99997,1.00729,5,1,1,0.820314,0,0.820314,0.885744,0,0,9.86112,9.27779,9.16667,3174.5,970,268.477,970,1087.77,16.2891,185.484,194.109,15.7969,14.7891,753.65,50.25,1.324,0.818668,2.012,92.25,5.09804,5.09804,0,-0.15625,0,4.5,4.5,4.5
109.033,0,0,0,0,1.04858,0.99997,1.00833,5,1,1,0.820314,0,0.820314,0.870851,0,0,9.80556,9.05556,8.16667,3164.75,970,261.836,970,1087.77,15.75,185.484,194.109,13.8281,14.4375,753.65,50.25,1.24,0.805334,1.928,92.25,5.09804,5.09804,0,-0.234375,0,15.75,15.75,15.75
109.066,0,0,0,0,1.04602,0.99997,1.01056,5,1,1,0.820314,0,0.820314,0.860597,0,0,9.36112,8.72223,8.44445,3160.5,970,257.344,970,1085.12,15.4219,185.531,194.039,14.5078,14.25,753.65,50.25,1.26,0.770668,1.948,92.25,5.09804,4.70588,0,-0.421875,0,13.5,13.5,13.5
109.1,0,0,0,0,1.04096,0.99997,1.01639,5,1,1,0.820314,0,0.820314,0.855226,0,0,8.8889,8.36112,8.50001,3159,970,250.547,970,1079.84,14.8828,185.531,194.016,15.1406,14.25,753.65,50.25,1.252,0.762668,1.932,92.25,4.70588,4.70588,0,0.015625,0,4.5,4.5,4.5
109.133,0,0,0,0,1.04352,0.99997,1.02106,5,1,1,0.820314,0,0.820314,0.855226,0,0,8.94445,8.3889,6.83334,3141.25,970,245.117,970,1082.5,14.4609,185.531,194.016,11.4141,14.25,753.123,50.25,1.12,0.741334,1.8,92.25,4.70588,4.70588,0,-0.265625,4.4953,21,21,21
109.166,0,0,0,0,1.03589,0.99997,1.02564,5,1,1,0.820314,0,0.820314,0.856935,0,0,8.36112,8.33334,8.30556,3131,970,239.531,970,1074.57,14.0859,185.531,193.852,15.3047,18.1406,753.123,50.25,1.224,0.746668,1.904,92.25,4.70588,4.70588,0,-0.265625,12.2301,10.5,10.5,10.5
109.2,0,0,0,0,1.03589,0.99997,1.03055,5,1,1,0.820314,0,0.820314,0.856935,0,0,8.41667,12.4167,7.30556,3109.75,970,239.063,970,1074.57,14.0859,185.625,193.734,13.0078,33.3984,753.123,50.25,1.232,0.730668,1.936,92.25,7.05883,10.1961,0,-0.03125,23.3814,29.25,29.25,42
109.233,0,0,0,0,1.02057,0.99997,1.03446,5,1,1,0.820314,0,0.820314,0.857911,0,0,8.83334,17.6111,17.0556,3113.75,970,291.953,970,1058.71,18.3047,185.625,193.734,31.5938,34.0078,753.123,50.25,1.904,0.954668,2.608,92.25,10.1961,11.7647,0,-0.453125,29.4956,18.75,18.75,18.75
109.266,0,0,0,0,1.01801,0.99997,1.03915,5,1,1,0.820314,0,0.820314,0.861574,0,0,12.9445,19.9445,19.7222,3123,970,356.016,970,1056.05,23.4141,185.648,193.711,34.8516,40.6406,753.123,50.25,2.336,1.40267,3.04,92.25,11.7647,11.7647,0,0.015625,33.2738,9.75,9.75,9.75
109.3,0,0,0,0,1.00787,0.99997,1.04862,5,1,1,0.820314,0,0.820314,0.874513,0,0,16.6667,23.6111,23.3889,3138.5,970,433.32,970,1045.51,29.5078,185.695,193.875,41.5078,48.2578,753.123,50.25,3.148,1.76267,3.828,92.25,13.7255,14.902,0,-0.375,36.1501,0,0,0
109.333,0,0,0,0,1.00018,0.99997,1.05264,5,1,1,0.820314,0,0.820314,0.893312,0,0,18.6111,28.3611,26.7222,3142.25,970,497.422,970,1037.58,34.6172,185.695,193.875,47.3438,59.3438,752.947,50.25,3.68,2.176,4.36,92.25,16.4706,17.2549,0,-0.359375,36.1501,1.5,1.5,1.5
109.366,0,0,0,0,0.989991,0.99997,1.06082,5,1,1,0.820314,0,0.820314,0.922121,0,0,24.4722,36.1389,31.6389,3161.5,1030,573.008,970,1026.99,40.5703,185.602,193.992,55.6875,73.4766,752.947,50.25,4.42,2.82667,5.1,92.25,19.6078,20.3922,0,0.109375,33.4523,0,0,0
109.4,0,0,0,0,0.972169,0.99997,1.08499,5,1,1,0.820314,0,0.820314,0.969972,0,0,30.5,40.2223,38.3334,3191,970,692.773,970,1008.52,50.1094,186,194.227,65.8125,42.0938,752.947,50.25,5.32,3.472,6.024,92.25,22.7451,19.6078,0,-0.390625,23.74,-6,-6,-6
109.433,0,0,0,0,0.987489,0.99997,1.09793,5,1,1,0.820314,0,0.820314,1.00733,0,0,33,30.3334,39.5556,3193.75,970,773.828,970,1024.38,56.5781,186,194.227,63.3281,31.2891,752.947,50.25,5.564,3.58934,6.268,92.25,19.6078,12.549,0,-0.171875,11.87,-8.25,-8.25,-12
109.466,0,0,0,0,1.02313,0.99997,1.11368,5,1,1,0.820314,0,0.820314,1.00366,0,0,32.3056,21.8889,34.75,3222.5,970,698.516,970,1061.37,50.5313,185.461,194.32,35.5547,27.4453,752.947,50.25,4.104,2.75467,4.808,92.25,13.7255,11.3726,0,0.296875,0,-8.25,-8.25,-17.25
109.5,0,0,0,0,1.0639,0.99997,1.13614,5,1,1,0.820314,0,0.820314,0.93213,0,0,26.5556,18.75,26.4722,3245.25,970,602.969,970,1103.63,42.9141,185.883,194.602,30.2344,27.1641,752.947,51,3.564,2.27467,4.244,92.25,10.5882,10.1961,0,-0.28125,0,-7.5,-7.5,-20.25
109.533,0,0,0,0,1.08429,0.99997,1.15793,5,1,1,0.820314,0,0.820314,0.887941,0,0,24.5834,17.8333,22.9445,3256.25,970,545.859,970,1124.77,38.25,185.883,194.602,28.6641,24.6328,752.713,51,3.264,2.12267,3.944,92.25,10.1961,9.41177,0,0.359375,0,-6,-6,-23.25
109.566,0,0,0,0,1.09949,0.99997,1.16718,5,1,1,0.820314,0,0.820314,0.870851,0,0,21.6945,16.0833,19.7778,3264.25,970,489.844,970,1140.59,33.75,185.766,194.672,25.7813,22.2422,752.713,51,2.852,1.88267,3.532,92.25,9.01961,8.2353,0,0.109375,0,-4.5,-4.5,-21
109.6,0,0,0,0,1.10974,0.99997,1.16052,5,1,1,0.820314,0,0.820314,0.837648,0,0,18.8611,13.7778,15.7222,3267.5,970,433.516,970,1151.17,29.25,185.742,194.742,22.0781,21.0234,752.713,51,2.44,1.55734,3.136,92.25,7.45098,7.45098,0,-0.296875,0,-3,-3,-15.75
109.633,0,0,0,0,1.11224,0.99997,1.15384,5,1,1,0.820314,0,0.820314,0.809083,0,0,17.1111,12.8889,15.4445,3264.75,970,402.07,970,1153.79,26.7188,185.742,194.742,20.6719,20.0859,752.713,51,2.224,1.48,2.92,92.25,7.05883,7.45098,0,0.0625,0,-1.5,-1.5,-13.5
109.666,0,0,0,0,1.11737,0.99997,1.14374,5,1,1,0.820314,0,0.820314,0.784181,0,0,15.3889,12.9445,13.4167,3257.5,970,371.641,970,1159.1,24.3047,185.719,194.695,20.7891,19.1719,752.713,51,2.044,1.344,2.74,92.25,7.05883,7.05883,0,-0.34375,0,-0.75,-0.75,-3
109.7,0,0,0,0,1.11481,0.99997,1.12793,5,1,1,0.820314,0,0.820314,0.757325,0,0,14.2778,12.5,12.5833,3248.5,970,352.109,970,1156.45,22.7344,185.742,194.625,20.1328,18.2813,752.713,51,1.908,1.25333,2.588,92.25,6.66667,6.66667,0,-0.34375,0,7.5,7.5,7.5
109.733,0,0,0,0,1.11224,0.99997,1.11264,5,1,1,0.820314,0,0.820314,0.742433,0,0,13.6389,11.8056,11.2778,3255,970,338.203,970,1153.79,21.6563,185.742,194.625,18.9844,17.5313,752.459,51,1.788,1.176,2.468,92.25,6.27451,6.27451,0,-0.203125,0,3,3,3
109.766,0,0,0,0,1.10974,0.99997,1.09366,5,1,1,0.820314,0,0.820314,0.729982,0,0,12.6389,10.8056,12.0833,3251.25,970,322.734,970,1151.17,20.4141,185.766,194.648,17.3906,16.875,752.459,51,1.676,1.072,2.356,92.25,5.88235,5.88235,0,-0.265625,0,3,3,3
109.8,0,0,0,0,1.10462,0.99997,1.07703,5,1,1,0.820314,0,0.820314,0.729982,0,0,11.8333,10.5,9.08334,3232.75,970,303.477,970,1145.9,18.9141,185.719,194.578,16.9922,16.1016,752.459,51,1.552,0.994668,2.232,92.25,5.88235,5.4902,0,-0.03125,0,13.5,13.5,13.5
109.833,0,0,0,0,1.10718,0.99997,1.06244,5,1,1,0.820314,0,0.820314,0.729982,0,0,11.4445,9.3889,9.27779,3234.5,970,289.375,970,1148.52,17.7891,185.719,194.578,15.1875,15.5859,752.459,51,1.444,0.954668,2.124,92.25,5.09804,5.4902,0,0,0,4.5,4.5,4.5
109.866,0,0,0,0,1.09949,0.99997,1.05161,5,1,1,0.820314,0,0.820314,0.729982,0,0,10.3889,9.25001,4.25,3221.5,970,278.164,970,1140.59,16.9219,185.766,194.484,15.0234,15.0938,752.459,51,1.388,0.861334,2.068,92.25,5.09804,5.09804,0,0.140625,0,18.75,18.75,18.75
109.9,0,0,0,0,1.10205,0.99997,1.03879,5,1,1,0.820314,0,0.820314,0.729982,0,0,9.75001,9.05556,9.8889,3215,970,263.789,970,1143.24,15.7969,185.813,194.438,14.7422,14.7422,752.459,51,1.312,0.802668,1.992,92.25,4.70588,5.09804,0,0.09375,0,19.5,19.5,19.5
109.933,0,0,0,0,1.08936,0.99997,1.03064,5,1,1,0.820314,0,0.820314,0.729982,0,0,9.52779,8.77778,0,3207.75,970,258.242,970,1130.04,15.3516,185.813,194.438,14.3203,14.3906,752.146,51,1.268,0.792001,1.948,92.25,4.70588,4.70588,0,-0.3125,0,22.5,22.5,22.5
109.966,0,0,0,0,1.04858,0.99997,1.02292,5,1,1,0.820314,0,0.820314,0.729982,0,0,9.16667,8.44445,17.8889,3208,970,251.875,970,1087.77,14.8828,185.813,194.344,13.7813,14.25,752.146,51,1.212,0.749334,1.892,92.25,4.70588,4.70588,0,-0.21875,0,15,15,15
110,0,0,0,0,1.09699,0.99997,1.01239,5,1,1,0.820314,0,0.820314,0.729982,0,0,8.77778,8.47223,2.47222,3201.5,970,246.445,970,1137.97,14.4609,185.859,194.297,13.8516,14.25,752.146,50.25,1.188,0.725334,1.876,92.25,4.31373,4.70588,0,-0.28125,0,5.25,5.25,5.25
110.033,0,0,0,0,1.05371,0.99997,1.00488,5,1,1,0.820314,0,0.820314,0.729982,0,0,8.66667,8.19445,5.5,3189.75,970,243.32,970,1093.05,14.2266,185.859,194.297,13.4531,14.25,752.146,50.25,1.156,0.714668,1.844,92.25,4.31373,4.70588,0,-0.390625,0,20.25,20.25,20.25
110.066,0,0,0,0,1.08173,0.99997,0.997681,5,1,1,0.820314,0,0.820314,0.729982,0,0,8.52778,8.50001,11.5556,3183.25,970,240.273,970,1122.11,14.0391,185.883,194.18,13.9688,14.25,752.146,50.25,1.144,0.693334,1.832,92.25,4.31373,4.70588,0,0,0,17.25,17.25,17.25
110.1,0,0,0,0,1.05371,0.99997,0.987275,5,1,1,0.820314,0,0.820314,0.729982,0,0,8.47223,8.27778,2.58334,3175.25,970,239.18,970,1093.05,13.9688,185.906,194.133,13.6406,14.25,752.146,50.25,1.124,0.690668,1.804,92.25,4.31373,4.70588,0,-0.21875,0,15,15,15
110.133,0,0,0,0,1.05371,0.99997,0.979707,5,1,1,0.820314,0,0.820314,0.729982,0,0,8.36112,8.33334,18.5278,3171.75,970,237.578,970,1093.05,13.8281,185.906,194.133,13.7344,14.25,751.365,50.25,1.1,0.674668,1.78,92.25,4.70588,4.70588,0,-0.140625,0,13.5,13.5,13.5
110.166,0,0,0,0,1.07916,0.99997,0.973939,5,1,1,0.820314,0,0.820314,0.732911,0,0,8.36112,8.50001,2.27778,3163.5,970,238.203,970,1119.45,13.9219,185.93,194.063,14.0625,14.25,751.365,50.25,1.116,0.680001,1.796,92.25,4.70588,4.70588,0,0.234375,0,13.5,13.5,13.5
110.2,0,0,0,0,1.03076,0.99997,0.970887,5,1,1,0.820314,0,0.820314,0.753419,0,0,8.30556,8.27778,15,3150.75,970,238.008,970,1069.26,13.8984,185.977,193.945,13.7344,14.25,751.365,50.25,1.1,0.672001,1.78,92.25,4.70588,4.70588,0,-0.140625,0,15.75,15.75,15.75
110.233,0,0,0,0,1.07404,0.99997,0.969117,5,1,1,0.820314,0,0.820314,0.767579,0,0,8.30556,8.55556,10.3333,3143.25,970,238.32,970,1114.18,13.9688,185.977,193.945,14.25,14.25,751.365,50.25,1.116,0.677334,1.796,92.25,4.70588,4.70588,0,-0.296875,0,19.5,19.5,19.5
110.266,0,0,0,0,1.03839,0.99997,0.969727,5,1,1,0.820314,0,0.820314,0.783448,0,0,8.36112,8.27778,3.72223,3133.25,970,238.711,970,1077.19,14.0625,186,193.828,13.8281,14.25,751.365,50.25,1.1,0.680001,1.78,92.25,4.70588,4.70588,0,-0.03125,0,17.25,17.25,17.25
110.3,0,0,0,0,1.05878,0.99997,0.977418,5,1,1,0.820314,0,0.820314,0.813722,0,0,8.25001,8.44445,10.75,3119.75,970,237.852,970,1098.32,14.0391,186.023,193.734,14.1563,14.25,751.365,50.25,1.128,0.680001,1.808,92.25,4.70588,4.70588,0,-0.40625,0,20.25,20.25,20.25
110.333,0,0,0,0,1.05621,0.99997,0.985596,5,1,1,0.820314,0,0.820314,0.839601,0,0,8.30556,8.33334,0.805556,3107.75,970,238.047,970,1095.7,14.0391,186.023,193.734,14.0391,14.25,750.428,50.25,1.14,0.693334,1.82,92.25,4.70588,4.70588,0,0.015625,0,29.25,29.25,42
110.366,0,0,0,0,1.02313,0.99997,0.99762,5,1,1,0.820314,0,0.820314,0.867921,0,0,8.25001,8.16667,15.0278,3103.75,970,236.992,970,1061.37,13.9688,186.07,193.688,13.7578,14.25,750.428,50.25,1.136,0.693334,1.816,92.25,4.70588,4.70588,0,0.171875,0,21,21,21
110.4,0,0,0,0,1.05621,0.99997,1.01419,5,1,1,0.820314,0,0.820314,0.893312,0,0,8.25001,8.41667,4.44445,3095.5,970,237.305,970,1095.7,14.0156,186.07,193.57,14.2266,14.25,750.428,50.25,1.176,0.717334,1.864,92.25,4.70588,4.70588,0,-0.328125,0,16.5,16.5,16.5
110.433,0,0,0,0,1.0282,0.99997,1.02692,5,1,1,0.820314,0,0.820314,0.903322,0,0,8.25001,8.08334,4.86111,3087.25,970,236.719,970,1066.64,14.0156,186.07,193.57,13.7109,14.25,750.428,50.25,1.172,0.717334,1.86,92.25,4.70588,4.70588,0,0.328125,0,19.5,19.5,19.5
110.466,0,0,0,0,1.04096,0.99997,1.03925,5,1,1,0.820314,0,0.820314,0.907716,0,0,8.19445,8.22223,13.4445,3080,970,235.82,970,1079.84,13.9922,186.117,193.453,13.9688,14.25,750.428,50.25,1.192,0.728001,1.88,92.25,4.70588,4.70588,0,-0.53125,0,15,15,15
110.5,0,0,0,0,1.03418,0.99997,1.05859,5,1,1,0.820314,0,0.820314,0.918703,0,0,8.1389,8.16667,2.58334,3068.25,970,236.25,970,1079.84,14.0156,185.742,193.383,13.9219,14.25,750.428,50.25,1.216,0.741334,1.896,92.25,4.70588,4.70588,0,-0.25,0,13.5,13.5,13.5
110.533,0,0,0,0,1.01788,0.99997,1.07031,5,1,1,0.820314,0,0.820314,0.923341,0,0,8.1389,8.00001,13.7222,3057.25,970,235.195,970,1074.57,13.9219,185.742,193.383,13.6875,14.25,749.451,50.25,1.216,0.741334,1.896,92.25,4.70588,4.70588,0,0,0,20.25,20.25,20.25
110.566,0,0,0,0,1.03363,0.99997,1.08057,5,1,1,0.820314,0,0.820314,0.924318,0,0,8.1389,8.25001,4,3047.75,970,235.898,970,1082.5,14.0391,186.188,193.289,14.1563,14.25,749.451,50.25,1.252,0.762668,1.932,92.25,4.70588,4.70588,0,-0.328125,0,4.5,4.5,-1.5
110.6,0,0,0,0,0.995484,0.99997,1.09433,5,1,1,0.820314,0,0.820314,0.923341,0,0,8.19445,7.83334,11.5833,3023.75,970,249.297,970,1069.26,15.1641,185.813,193.125,21.1875,14.25,749.451,50.25,1.528,0.909334,2.208,92.25,4.70588,4.70588,0,-0.171875,0,4.5,4.5,-2.25
110.633,0,0,0,0,1.01459,0.99997,1.1023,5,1,1,0.820314,0,0.820314,0.921144,0,0,8.83334,8.08334,5.19445,3001.5,970,236.68,970,1079.84,14.1563,185.813,193.125,7.78125,14.25,749.451,50.25,1.06,0.874668,1.74,92.25,4.70588,4.70588,0,0.25,0,12.75,12.75,12.75
110.666,0,0,0,0,0.980714,0.99997,1.11002,5,1,1,0.820314,0,0.820314,0.918703,0,0,7.66667,7.83334,9.91667,2992,970,237.461,970,1061.37,14.3203,185.766,192.727,20.0859,14.25,749.451,50.25,1.496,0.749334,2.176,92.25,4.70588,4.70588,0,-0.46875,0,22.5,22.5,22.5
110.7,0,0,0,0,0.999879,0.99997,1,5,1,1,0.820314,0,1.04688,0.916505,0,0,8.66667,7.91667,8.00001,2979.25,970,249.609,970,1074.57,15.2813,185.766,192.727,12.9375,14.25,749.451,50.25,0.912,0.898668,1.592,92.25,4.70588,4.70588,0,-0.25,0,3,3,42
110.733,0,0,0,0,0.97284,0.99997,1,5,1,1,0.820314,0,1.04688,0.907716,0,0,7.72223,7.8889,5.58334,2950,970,226.68,970,1058.71,13.4531,185.672,191.836,11.7891,14.25,746.6,50.25,0.9,0.464001,1.58,92.25,4.70588,4.70588,0,-0.125,0,3.75,3.75,49.5
110.766,0,0,0,0,0.987305,0.99997,1,5,1,1,0.820314,0,1.04688,0.894533,0,0,8.58334,7.8889,10.2778,2915.5,970,252.461,970,1069.26,15.4922,186.141,189,18.3516,14.25,746.6,50.25,1.068,0.653334,1.748,92.25,4.70588,4.70588,0,-0.25,0,3,3,49.5
110.8,0,0,0,0,0.978333,0.99997,1,5,1,1,0.820314,0,1.04688,0.898927,0,0,7.8889,7.86112,7.91667,2866,970,240.039,970,1061.37,14.5078,183.656,185.953,15.8203,14.25,746.6,50.25,0.952,0.584001,1.632,92.25,4.70588,4.70588,0,0.046875,0,3.75,3.75,49.5
110.833,0,0,0,0,0.984132,0.99997,1,5,1,1,0.820314,0,1.04688,0.948488,0,0,8.41667,7.94445,8.69445,2829,970,253.477,970,1066.64,15.5391,183.656,185.953,15.6328,14.25,746.6,50.25,0.996,0.661334,1.676,92.25,4.70588,4.31373,0,0,0,3,3,49.5
110.866,0,0,0,0,0.97931,0.99997,1,5,1,1,0.820314,0,1.04688,1.03784,0,0,7.77778,7.72223,7.13889,2794,970,240.859,970,1061.37,14.5313,180.703,183.375,14.3438,14.25,746.6,50.25,0.92,0.528001,1.6,92.25,4.70588,4.31373,0,-0.46875,0,3.75,3.75,49.5
110.9,0,0,0,0,0.986878,0.99997,1,5,1,1,0.820314,0,1.04688,1.33667,0,0,8.25001,7.66667,7.02778,2744.25,970,252.031,970,1066.64,15.3984,177.797,180.117,12.4922,14.25,746.6,50.25,0.912,0.645334,1.592,92.25,4.31373,4.31373,0,-0.21875,0,3,3,49.5
110.933,0,0,0,0,0.979127,0.99997,1,5,1,1,0.820314,0,1.04688,1.53321,0,0,7.77778,7.61112,6.94445,2718.5,970,244.688,970,1061.37,14.8125,177.797,180.117,13.8984,14.25,743.709,50.25,0.92,0.541334,1.6,92.25,4.31373,4.31373,0,-0.171875,0,3.75,3.75,49.5
110.966,0,0,0,0,0.978272,0.99997,1,5,1,1,0.820314,0,1.04688,1.87012,0,0,8.02778,7.50001,8.11112,2680,970,255.898,970,1061.37,15.6797,174.75,177.023,15.75,14.25,743.709,50.25,0.996,0.666667,1.676,92.25,4.31373,4.31373,0,-0.484375,0,3,3,49.5
111,0,0,0,0,0.976319,0.99997,1,5,1,1,0.820314,0,1.04688,2.29444,0,0,7.55556,7.38889,7.41667,2644.5,970,248.555,970,1058.71,15.0938,171.258,174.445,15.3281,14.25,743.709,50.25,0.964,0.597334,1.644,92.25,4.31373,4.31373,0,-0.1875,0,3,3,49.5
111.033,0,0,0,0,0.982911,0.99997,1,5,1,1,0.820314,0,1.04688,2.5398,0,0,7.77778,7.30556,7.44445,2605.75,970,254.766,970,1061.33,15.5625,171.258,174.445,14.6719,14.25,743.709,50.25,0.964,0.650667,1.644,92.25,4.31373,3.92157,0,0.140625,0,3,3,49.5
111.066,0,0,0,0,0.978272,0.99997,1,5,1,1,0.820314,0,1.04688,3.0066,0,0,7.38889,7.19445,7.86112,2566.5,970,251.445,970,1056.09,15.2813,168.773,171.773,16.9688,14.25,743.709,50.25,1.012,0.576001,1.692,92.25,3.92157,3.92157,0,-0.15625,0,3,3,49.5
111.1,0,0,0,0,0.988526,0.99997,1,5,1,1,0.820314,0,1.04688,3.69483,0,0,7.50001,6.94445,6.88889,2528,970,255.547,970,1061.33,15.6094,165.797,168.398,13.6172,14.25,743.709,50.25,0.948,0.589334,1.628,92.25,3.92157,3.92157,0,-0.59375,0,3,3,49.5
111.133,0,0,0,0,0.978883,0.99997,1,5,1,1,0.820314,0,1.04688,4.03321,0,0,7.19445,6.88889,7.77778,2490.5,970,247.969,970,1053.44,15,165.797,168.398,17.4609,14.25,740.994,50.25,1.008,0.533334,1.688,92.25,3.92157,3.92157,0,-0.0625,0,3,3,48.75
111.166,0,0,0,0,0.983033,0.99997,1,5,1,1,0.820314,0,1.04688,4.83326,0,0,7.44445,6.83334,8.11112,2463.75,970,260.195,970,1056.02,15.9844,163.313,165.398,17.1797,14.25,740.994,50.25,1.044,0.650667,1.724,92.25,3.92157,3.52941,0,0.296875,0,2.25,2.25,48.75
111.2,0,0,0,0,0.975709,0.99997,1,5,1,1,0.820314,0,1.04688,5.00001,0,0,6.69445,6.58334,5.30556,2423.25,970,242.383,970,1048.16,14.625,160.313,162.305,12.1406,14.25,740.994,50.25,0.9,0.544001,1.58,92.25,3.52941,3.52941,0,-0.109375,0,3,3,48.75
111.233,0,0,0,0,0.979127,0.99997,1,5,1,1,0.820314,0,1.04688,5.00001,0,0,6.91667,6.52778,7.69445,2383.75,970,257.891,970,1053.4,15.8672,160.313,162.305,16.7344,14.25,740.994,50.25,1.024,0.634667,1.704,92.25,3.52941,3.52941,0,-0.171875,0,2.25,2.25,48
111.266,0,0,0,0,0.98462,0.99997,1,5,1,1,0.820314,0,1.04688,5.00001,0,0,6.61112,6.52778,4.52778,2356.25,970,243.125,970,1056.05,14.8125,157.102,159.164,9.49219,14.25,740.994,50.25,0.9,0.512001,1.58,92.25,3.52941,3.52941,0,0.234375,0,2.25,2.25,47.25
111.3,0,0,0,0,0.971986,0.99997,1,5,1,1,0.820314,0,1.04688,5.00001,0,0,7.13889,6.30556,9.52779,2316,970,261.328,970,1048.13,16.1953,153.867,155.859,22.3359,14.25,740.994,50.25,1.176,0.730668,1.856,92.25,3.52941,3.52941,0,-0.03125,0,2.25,2.25,47.25
111.333,0,0,0,0,0.981019,0.99997,1,5,1,1,0.820314,0,1.04688,5.00001,0,0,6.97223,6.38889,3.41667,2287.25,970,243.633,970,1050.78,14.9297,153.867,155.859,6.89063,14.25,738.338,50.25,0.9,0.602667,1.58,92.25,3.52941,3.52941,0,-0.515625,0,2.25,2.25,46.5
111.366,0,0,0,0,0.939759,0.99997,1,5,1,1,0.820314,0,1.04688,5.00001,0,0,6.22223,6.08334,11.0278,2247.5,970,259.57,970,1037.58,16.1953,150.445,153.328,28.4531,14.25,738.338,50.25,1.316,0.610667,1.996,92.25,3.13726,3.13726,0,0.03125,0,3,3,47.25
111.4,0,0,0,0,0.970521,0.99997,1,5,1,1,0.820314,0,1.04688,5.00001,0,0,6.86112,6.11112,2.22222,2203.5,970,241.953,970,1053.44,14.9297,147.82,150.094,4.07813,14.25,738.338,50.25,0.9,0.562667,1.588,92.25,3.13726,3.13726,0,-0.015625,0,1.5,1.5,45.75
111.433,0,0,0,0,0.927308,0.99997,1,5,1,1,0.820314,0,1.04688,5.00001,0,0,6,5.88889,10.1389,2175.25,970,256.992,970,1032.3,16.0781,147.82,150.094,27.9609,14.25,738.338,50.25,1.304,0.520001,1.992,92.25,3.13726,3.13726,0,-0.375,0,2.25,2.25,46.5
111.466,0,0,0,0,0.948792,0.99997,1,5,1,1,0.820314,0,1.04688,5.00001,0,0,7.19445,5.97223,6.83334,2145.75,970,272.93,970,1048.13,17.3672,144.516,146.813,15.4453,14.25,738.338,50.25,1.048,0.653334,1.736,92.25,3.13726,3.13726,0,-0.4375,0,0.75,0.75,44.25
111.5,0,0,0,0,0.919984,0.99997,1,5,1,1,0.828126,0,1.04688,5.00001,0,0,5.91667,5.69445,7.55556,2103,970,249.688,970,1032.3,15.6563,141.141,144.328,21.9375,14.25,738.338,50.25,1.128,0.472001,1.816,93,3.13726,3.13726,0,-0.03125,0,2.25,2.25,45.75
111.533,0,0,0,0,0.928406,0.99997,1,5,1,1,0.828126,0,1.04688,5.00001,0,0,6.97223,5.75,7.97223,2072.25,970,277.539,970,1042.81,17.7656,141.141,144.328,19.4531,14.25,735.701,50.25,1.132,0.909334,1.82,93,3.13726,2.7451,0,0.28125,0,0.75,0.75,43.5
111.566,0,0,0,0,0.928834,0.99997,1,5,1,1,0.833986,0,1.04688,5.00001,0,0,6.38889,5.69445,2.55556,2043.5,970,242.344,970,1045.51,15.1641,138.586,140.906,5.95313,14.25,735.701,50.25,0.9,0.490667,1.588,93,3.13726,2.7451,0,-0.296875,0,1.5,1.5,43.5
111.6,0,0,0,0,0.911317,0.99997,1,0,1,1,0.848146,0,1.04688,5.00001,0,0,6.80556,5.47223,7.80556,1996.5,970,281.094,970,1040.2,18.1875,135.094,138.258,19.7813,14.25,735.701,50.25,1.152,0.941335,1.832,93,2.7451,2.7451,0,-0.125,0,0.75,0.75,42
111.633,0,0,0,0,0.924988,0.99997,1,0,1,1,0.848146,0,1.04688,5.00001,0,0,6.91667,5.55556,2.58334,1983,970,259.805,970,1042.85,16.5703,135.094,138.258,5.17969,14.25,735.701,50.25,0.9,0.485334,1.58,93,2.7451,2.7451,0,0.078125,0,0.75,0.75,42.75
111.666,0,0,0,0,0.878663,0.99997,1,0,1,1,0.858644,0,1.04688,5.00001,0,0,5.97223,5.33334,7.58334,1949.75,970,255,970,1024.38,16.1484,131.859,135.539,23.5313,13.5,735.701,50.25,1.184,0.736001,1.864,93,2.7451,2.7451,0,0.28125,0,0.75,0.75,44.25
111.7,0,0,0,0,0.914307,0.99997,1,0,1,1,0.880372,0,1.04688,5.00001,0,0,5.97223,5.33334,2.47222,1902.25,970,260.664,970,1045.51,16.5703,128.766,132.117,4.61719,13.5,735.701,50.25,0.9,0.480001,1.58,93,2.7451,2.7451,0,0.015625,0,0,0,41.25
111.733,0,0,0,0,0.877442,0.99997,1,0,1,1,0.880372,0,1.04688,5.00001,0,0,5.47223,4.94445,8.77778,1869.5,970,265.43,970,1024.38,16.8047,128.766,132.117,27.7031,13.5,733.455,50.25,1.328,0.485334,2.008,93,2.7451,2.35294,0,-0.1875,0,0.75,0.75,44.25
111.766,0,0,0,0,0.891724,0.99997,1,0,1,1,0.896486,0,1.04688,5.00001,0,0,6.50001,4.83334,4.41667,1836.25,970,276.523,970,1040.23,17.5547,125.742,129.445,10.9453,13.5,733.455,50.25,0.968,0.912001,1.648,93,2.35294,2.35294,0,-0.171875,0,-0.75,-0.75,41.25
111.8,0,0,0,0,0.864258,0.99997,1,0,1,1,0.922365,0,1.04688,5.00001,0,0,5.30556,4.77778,4.91667,1802.5,970,250.703,970,1019.1,15.6094,123.211,126.727,16.0078,13.5,733.455,50.25,0.988,0.616001,1.668,93,2.35294,2.35294,0,0.390625,0,0,0,44.25
111.833,0,0,0,0,0.886597,0.99997,1,0,1,1,0.922365,0,1.04688,5.00001,0,0,6.05556,4.66667,7.22223,1768.75,970,287.344,970,1034.92,18.2344,123.211,126.727,20.6484,13.5,733.455,50.25,1.152,0.992001,1.832,93,2.35294,2.35294,0,0.375,0,-0.75,-0.75,42
111.866,0,0,0,0,0.886048,0.99997,1,0,1,1,0.941896,0,1.04688,5.00001,0,0,5.36112,4.58334,2.77778,1733.25,970,248.164,970,1034.92,15.2109,120.703,123.938,8.50781,13.5,733.455,50.25,0.804,0.418667,1.484,93,1.96079,2.35294,0,-0.03125,0,-0.75,-0.75,43.5
111.9,0,0,0,0,0.862672,0.99997,1,0,1,1,0.9563,0,1.04688,5.00001,0,0,5.91667,4.33334,8.47223,1698.25,970,290.469,970,1026.99,18.375,118.125,121.43,27.1641,13.5,733.455,50.25,1.348,0.837334,2.028,93,1.96079,1.96079,0,-0.140625,0,-0.75,-0.75,42.75
111.933,0,0,0,0,0.870362,0.99997,1,0,1,1,0.9563,0,1.04688,5.00001,0,0,5.22223,4.33334,2.52778,1662.75,970,252.07,970,1034.92,15.4219,118.125,121.43,7.47656,13.5,731.287,50.25,0.796,0.450667,1.476,93,1.96079,1.96079,0,0.078125,0,-1.5,-1.5,43.5
111.966,0,0,0,0,0.834962,0.99997,1,0,1,1,0.967287,0,1.04688,5.00001,0,0,5.36112,4.16667,8.86112,1645.25,970,276.914,970,1024.34,17.1563,116.133,119.742,31.4297,13.5,731.287,50.25,1.456,0.898668,2.136,93,1.96079,1.96079,0,0.46875,0,-1.5,-1.5,44.25
112,0,0,0,0,0.865784,0.99997,1,0,1,1,0.975587,0,1.04688,5.00001,0,0,5,4.30556,1.38889,1607.75,970,267.891,970,1034.92,16.5,114.469,117.117,1.89844,13.5,731.287,50.25,0.9,0.445334,1.58,93,1.96079,1.96079,0,0.65625,0,-2.25,-2.25,41.25
112.033,0,0,0,0,0.824219,0.99997,1,0,1,1,0.975587,0,1.04688,5.00001,0,0,4.66667,4.02778,9.55556,1570.5,970,286.484,970,1016.45,17.7422,114.469,117.117,35.4609,13.5,731.287,50.25,1.584,0.512001,2.264,93,1.96079,1.96079,0,0.1875,0,-2.25,-2.25,44.25
112.066,0,0,0,0,0.847474,0.99997,1,0,1,1,0.981691,0,1.04688,5.00001,0,0,5.41667,3.94445,6.75001,1551,970,294.883,970,1037.58,18.375,112.688,114.398,23.1563,13.5,731.287,50.25,1.232,0.784001,1.912,93,1.96079,1.96079,0,0.09375,0,-2.25,-2.25,42
112.1,0,0,0,0,0.81366,0.99997,1,0,1,1,1,0,1.04688,5.00001,0,0,4.63889,3.88889,4.19445,1513.5,970,264.805,970,1013.79,16.1719,110.555,112.617,15.2813,13.5,731.287,50.25,1.016,0.624001,1.684,93,1.96079,1.96079,0,0.046875,0,-2.25,-2.25,43.5
112.133,0,0,0,0,0.840577,0.99997,1,0,1,1,1,0,1.04688,5.00001,0,0,5.27778,3.97223,3.97223,1474,970,290.703,970,1029.65,18.0703,110.555,112.617,13.2656,13.5,729.119,50.25,1.004,1.04,1.672,93,1.96079,1.56863,0,0.296875,0,-3,-3,40.5
112.166,0,0,0,0,0.837159,0.99997,1,0,1,1,1,0,1.04688,5.00001,0,0,4.41667,4,0.444445,1453.25,970,262.617,970,1019.14,16.0313,109.055,110.273,0,13.5,729.119,50.25,0.9,0.405334,1.568,93,1.56863,1.56863,0,0.421875,0,-3,-3,40.5
112.2,0,0,0,0,0.836732,0.99997,1,0,1,1,1,0,1.04688,5.00001,0,0,5.05556,3.63889,8.44445,1411.5,970,303.086,970,1032.27,18.9844,107.203,108.727,33.6328,13.5,729.119,50.25,1.572,0.986668,2.252,93,1.56863,1.56863,0,0.421875,0,-3,-3,42
112.233,0,0,0,0,0.834412,0.99997,1,0,1,1,1,0,1.04688,5.00001,0,0,4.52778,3.63889,3.58334,1370,970,272.5,970,1026.99,16.7813,107.203,108.727,13.4766,13.5,729.119,50.25,0.972,0.512001,1.652,93,1.56863,1.56863,0,0.75,0,-3.75,-3.75,42
112.266,0,0,0,0,0.823731,0.99997,1,0,1,1,1,0,1.04688,5.00001,0,0,4.88889,3.52778,8.69445,1348.25,970,304.219,970,1026.95,19.1016,106.008,107.227,37.2188,13.5,729.119,50.25,1.64,1.03733,2.32,93,1.56863,1.17647,0,0.1875,0,-3.75,-3.75,42
112.3,0,0,0,0,0.835999,0.99997,1,0,1,1,1,0,1.04688,5.00001,0,0,4.47223,2.5,2.44445,1304.5,970,273.359,970,1026.99,16.875,104.766,104.836,9.07031,13.5,729.119,50.25,0.9,0.581334,1.568,93,0.392157,0.392157,0,0.328125,0,-4.5,-4.5,41.25
112.333,0,0,0,0,0.822754,0.99997,1,0,1,1,1,0,1.04688,5.00001,0,0,4.13889,2.41667,6.75001,1281.25,970,294.688,970,1021.68,18.4219,104.766,104.836,30.6328,13.5,727.361,50.25,1.448,0.565334,2.116,93,0,0.392157,0,0.546875,0,-4.5,-4.5,42
112.366,0,0,0,0,0.845154,0.99997,1,0,1,1,1,0,1.04688,5.00001,0,0,4.13889,2.5,2.22222,1258.75,970,280.313,970,1024.34,17.3672,102.586,103.148,9.1875,13.5,727.361,50.25,0.916,0.600001,1.584,93,0,0.784314,0,0.640625,0,-4.5,-4.5,40.5
112.4,0,0,0,0,0.816102,0.99997,1,0,1,1,1,0,1,5.00001,0,0,4.02778,3.27778,6.11112,1209.25,970,282.813,970,1011.17,17.5781,100.969,101.344,28.9922,18.0234,727.361,50.25,1.704,1.10133,2.384,93,0.784314,1.96079,0,0.921875,0,18.75,18.75,18.75
112.433,0,0,0,0,0.824769,0.99997,1,0,1,1,1,0,1,5.00001,0,0,4.02778,4.08334,2.66667,1186.25,970,273.945,970,1019.1,16.9219,100.969,101.344,11.8828,19.2422,727.361,50.25,1.16,1.10133,1.84,93,2.35294,2.35294,0,0.828125,0,12.75,12.75,12.75
112.466,0,0,0,0,0.801026,0.99997,1,0,1,1,1,0,1,5.00001,0,0,3.83334,4.22223,4.66667,1161.25,970,280.469,970,1008.52,17.3906,99.9844,99.5859,21.1406,18.9609,727.361,50.25,1.44,0.930668,2.12,93,2.35294,2.35294,0,0.421875,0,21,21,21
112.5,0,0,0,0,0.823548,0.99997,1,0,1,1,1,0,0.953126,5.00001,0,0,4.25,4.27778,2.41667,1126.75,970,300.117,970,1021.72,18.5859,98.1328,98.3203,10.1484,20.3203,727.361,50.25,1.236,1.28267,1.916,93,2.35294,2.35294,0,0.53125,0,6.75,6.75,6.75
112.533,0,0,0,0,0.803345,0.99997,1,0,1,1,1,0,0.953126,5.00001,0,0,3.94445,4.22223,7.05556,1125.25,970,323.75,970,1013.79,20.2969,98.1328,98.3203,33.8203,19.3359,726.736,50.25,1.952,0.800001,2.632,93,2.35294,2.35294,0,0.71875,0,6.75,6.75,6.75
112.566,0,0,0,0,0.80835,0.99997,1,0,1,1,1,0,0.953126,5.00001,0,0,4.47223,4.13889,5.66667,1119.25,970,335.469,970,1021.68,21.0938,96.9844,98.2734,27.8672,18.7031,726.736,50.25,1.796,1.16533,2.476,93,2.35294,2.35294,0,0.65625,0,1.5,1.5,1.5
112.6,0,0,0,0,0.800965,0.99997,1,0,1,1,1,0,0.953371,5.00001,0,0,4.30556,4.22223,2.91667,1135.75,970,321.445,970,1008.52,20.0859,97.0078,98.6484,12.0703,18.3281,726.736,50.25,1.3,0.845334,1.968,93,1.96079,1.56863,0,0.84375,0,-6,-6,-9.75
112.633,0,0,0,0,0.798157,0.99997,1,0,1,1,1,0,0.953371,5.00001,0,0,4.77778,3.91667,3.55556,1123.75,970,340,970,1013.79,21.4688,97.0078,98.6484,16.8516,14.9766,726.736,50.25,1.424,1.24267,2.092,93,1.96079,0.392157,0,1.125,0,-6.75,-6.75,-9.75
112.666,0,0,0,0,0.803712,0.99997,1,0,1,1,1,0,0.953371,5.00001,0,0,4.58334,2.5,3.5,1134,970,331.172,970,1016.45,20.7891,97.7344,98.2266,15.7969,14.9297,726.736,50.25,1.42,0.925334,2.088,93,0.392157,0,0,1.03125,0,-6,-6,-11.25
112.7,0,0,0,0,0.810853,0.99997,1,0,1,1,1,0,0.953371,4.63331,0,0,4.52778,2.33334,4.52778,1136.25,970,333.633,970,1016.41,20.9766,97.1484,98.6719,22.3828,15.0703,726.736,50.25,1.568,1.02133,2.272,93,0,0,0,0.625,0,-6,-6,-9
112.733,0,0,0,0,0.804932,0.99997,1,0,1,1,1,0,0.953371,3.53077,0,0,4.02778,2.38889,0.416667,1135,970,303.047,970,1008.52,18.7969,97.1484,98.6719,1.28906,14.9297,725.955,50.25,1.016,0.666667,1.72,93,0.784314,1.17647,0,0.640625,0,-6,-6,-9.75
112.766,0,0,0,0,0.786622,0.99997,1,0,1,1,1,0,0.953371,2.80664,0,0,4.13889,2.94445,4.77778,1130.5,970,310.273,970,1003.24,19.3125,97.8984,98.4609,23.4609,14.9297,725.955,50.25,1.448,0.936001,2.152,93,0.784314,0.784314,0,0.484375,0,-5.25,-5.25,-5.25
112.8,0,0,0,0,0.803528,0.99997,1,0,1,1,1,0,0.953126,2.08033,0,0,3.88889,3,1.86111,1119.25,970,298.086,970,1003.24,18.4219,97.7578,98.0625,7.40625,14.9766,725.955,50.25,1.096,0.717334,1.764,93,0.784314,1.17647,0,0.59375,0,-5.25,-5.25,-7.5
112.833,0,0,0,0,0.786683,0.99997,1,0,1,1,1,0,0.953126,1.79908,0,0,3.88889,2.91667,6.47223,1101.75,970,320.391,970,1008.48,19.9922,97.7578,98.0625,32.7891,15.0938,725.955,50.25,1.64,0.717334,2.308,93,0.784314,1.17647,0,0.765625,0,-4.5,-4.5,-4.5
112.866,0,0,0,0,0.805726,0.99997,1,0,1,1,1,0,0.953126,1.66333,0,0,4.02778,3.05556,2.83334,1102.75,970,310.781,970,1011.13,19.3125,97.4297,97.4531,13.8047,15.0938,725.955,50.25,1.208,0.792001,1.876,93,0.784314,1.17647,0,1.07813,0,-5.25,-5.25,-7.5
112.9,0,0,0,0,0.799134,0.99997,1,0,1,1,1,0,0.953126,1.42652,0,0,3.94445,3.19445,6.08334,1087.75,970,327.852,970,1000.59,20.4609,96.8203,97.1484,31.4297,15.0234,725.955,50.25,1.628,0.842668,2.308,93,1.17647,1.17647,0,1.1875,0,-5.25,-5.25,-6
112.933,0,0,0,0,0.819092,0.99997,1,0,1,1,1,0,0.953126,1.31909,0,0,4.19445,3.27778,2.25,1082,970,311.797,970,1011.17,19.2891,96.8203,97.1484,10.125,15.1172,725.291,50.25,1.14,1.05333,1.82,93,1.17647,1.17647,0,0.890625,0,-6,-6,-7.5
112.966,0,0,0,0,0.808655,0.99997,1,0,1,1,1,0,0.953126,1.24903,0,0,4.13889,3.22222,6.08334,1068.5,970,329.102,970,1005.86,20.5078,96.6328,96.6797,30.4453,15.1875,725.291,50.25,1.588,1.02667,2.268,93,1.17647,0.784314,0,0.953125,0,-5.25,-5.25,-6
113,0,0,0,0,0.819398,0.99997,1,0,1,1,1,0,0.953126,1.17554,0,0,4.02778,3.25,3.16667,1061.5,970,323.164,970,1008.48,20.0859,96.2344,95.9297,16.6875,15.3984,725.291,50.25,1.292,0.842668,1.98,93,1.17647,0.784314,0,0.5625,0,-6,-6,-8.25
113.033,0,0,0,0,0.812379,0.99997,1,0,1,1,1,0,0.953126,1.14282,0,0,3.94445,3.19445,3.52778,1056,970,318.555,970,997.969,19.6875,96.2344,95.9297,17.1328,15.4688,725.291,50.25,1.3,0.840001,1.988,93,1.17647,0.784314,0,0.484375,0,-5.25,-5.25,-6
113.066,0,0,0,0,0.827515,0.99997,1,0,1,1,1,0,0.953126,1.10742,0,0,4.19445,3.11111,6,1050,970,337.734,970,1008.52,21.0703,95.4375,95.5313,32.0625,15.5156,725.291,50.25,1.64,1.06133,2.328,93,0.784314,0.784314,0,0.59375,0,-5.25,-5.25,-5.25
113.1,0,0,0,0,0.811524,0.99997,1,0,1,1,1,0,0.953126,1.08057,0,0,3.83334,3.05556,6.13889,1031.25,970,337.148,970,1000.59,20.9766,95.1094,95.2266,32.3906,15.375,725.291,50.25,1.644,0.728001,2.324,93,0.784314,0.784314,0,0.8125,0,-5.25,-5.25,-5.25
113.133,0,0,0,0,0.811951,0.99997,1,0,1,1,1,0,0.953126,1.05933,0,0,4.08334,3.05556,2.83334,1026,970,328.516,970,1000.59,20.3438,95.1094,95.2266,15.4219,15.4453,724.588,50.25,1.3,1.06133,1.98,93,0.784314,0.784314,0,0.71875,0,-6,-6,-6.75
113.166,0,0,0,0,0.821107,0.99997,1,0,1,1,1,0,0.953126,1.03784,0,0,3.94445,2.97222,3.52778,1017.75,970,324.336,970,1005.86,19.9922,94.9219,94.6406,17.6719,15.5859,724.588,50.25,1.332,0.842668,2.012,93,0.784314,0.784314,0,1.23438,0,-6,-6,-6
113.2,0,0,0,0,0.825013,0.99997,1,0,1,1,1,0,0.953126,1.02319,0,0,3.97223,2.97222,5.22223,1000.5,970,338.867,970,1005.82,21.0469,94.3828,93.7031,29.3672,15.6563,724.588,50.25,1.604,1.03733,2.284,93,0.784314,0.784314,0,1.10938,0,-5.25,-5.25,-5.25
113.233,0,0,0,0,0.83014,0.99997,1,0,1,1,1,0,0.953126,1.01001,0,0,3.97223,3.02778,2.05556,993.75,970,321.68,970,995.313,19.7109,94.3828,93.7031,9.98438,15.9609,724.588,50.25,1.172,1.03733,1.852,93,0.784314,0.784314,0,1.03125,0,-6,-6,-6.75
113.266,0,0,0,0,0.816956,0.99997,1,0,1,1,1,0,0.953126,1.00366,0,0,3.97223,2.94445,5.86112,990.25,970,341.914,970,1000.55,21.1641,93.3281,93.7031,32.7656,15.7266,724.588,50.25,1.668,1.07467,2.348,93,0.784314,0.784314,0,0.671875,0,-5.25,-5.25,-5.25
113.3,0,0,0,0,0.829651,0.99997,1,0,1,1,1,0,0.953126,0.994142,0,0,3.77778,2.86111,2.19445,989.25,970,327.305,970,1000.59,20.0859,93.4219,93.7031,11.7656,15.8438,724.588,50.25,1.224,0.797334,1.904,93,0.392157,0.784314,0,0.578125,0,-6,-6,-7.5
113.333,0,0,0,0,0.823548,0.99997,1,0,1,1,1,0,0.953126,0.987306,0,0,3.83334,2.75,4.55556,983,970,333.945,970,995.313,20.5547,93.4219,93.7031,24.375,15.8438,723.885,50.25,1.504,0.968001,2.184,93,0.392157,0.784314,0,0.5625,0,-5.25,-5.25,-6
113.366,0,0,0,0,0.839234,0.99997,1,0,1,1,1,0,0.953126,0.983644,0,0,3.72223,2.75,2.97222,971.75,970,328.906,970,1003.24,20.2031,93.5391,93.7031,17.3203,15.9375,723.885,50.25,1.34,0.869334,2.02,93,0.392157,0.784314,0,0.734375,0,-6,-6,-6.75
113.4,0,0,0,0,0.83429,0.99997,1,0,1,1,1,0,0.953126,0.979982,0,0,3.61111,2.77778,4.72223,963,970,334.102,970,992.656,20.4609,93.2109,93.7031,27.4688,16.0547,723.885,50.25,1.544,0.829334,2.24,93,0.392157,0.784314,0,0.59375,0,-4.5,-4.5,-4.5
113.433,0,0,0,0,0.85022,0.99997,1,0,1,1,1,0,0.953126,0.974855,0,0,3.72223,2.77778,4.72223,963,970,334.102,970,1000.59,20.4609,93.2109,93.7031,27.4688,16.0781,723.885,50.25,1.544,0.994668,2.24,93,0.392157,0.392157,0,1.125,0,-4.5,-4.5,-4.5
113.466,0,0,0,0,0.841859,0.99997,1,0,1,1,1,0,0.953126,0.971193,0,0,3.5,2.86111,2.25,957.5,970,320.781,970,992.656,19.5,93.5625,93.7031,11.8828,16.1484,723.885,50.25,1.196,0.776001,1.892,93,0.392157,0.392157,0,0.90625,0,-6,-6,-6
113.5,0,0,0,0,0.849122,0.99997,1,0,1,1,1,0,0.953126,0.966066,0,0,3.66667,2.86111,1.91667,949,970,319.219,970,997.969,19.3359,93.5156,93.7031,10.5,16.0078,723.885,50.25,1.164,0.757334,1.852,93,0.392157,0.392157,0,1.1875,0,-6,-6,-6
113.533,0,0,0,0,0.839295,0.99997,1,0,1,1,1,0,0.953126,0.962404,0,0,3.44445,2.80556,5.11112,944,970,335,970,992.656,20.4609,93.5156,93.7031,29.5078,16.0547,723.221,50.25,1.58,0.757334,2.268,93,0.392157,0.392157,0,0.71875,0,-3,-3,-3
113.566,0,0,0,0,0.845765,0.99997,1,0,1,1,1,0,0.953126,0.957277,0,0,3.66667,2.80556,2.22222,937,970,322.93,970,995.313,19.5703,93.5156,93.7031,12.7031,16.1016,723.221,50.25,1.212,1.01333,1.9,93,0.392157,0.392157,0,0.875,0,-5.25,-5.25,-5.25
113.6,0,0,0,0,0.84137,0.99997,1,0,1,1,1,0,0.953126,0.953615,0,0,3.55556,2.83334,4.52778,930,970,331.523,970,992.656,20.2031,93.6094,93.7031,25.125,15.8672,723.221,50.25,1.492,0.957335,2.172,93,0.392157,0.392157,0,0.53125,0,-4.5,-4.5,-4.5
113.633,0,0,0,0,0.851929,0.99997,1,0,1,1,1,0,0.953126,0.952394,0,0,3.55556,2.52778,2.72222,921.5,970,325.625,970,992.656,19.7109,93.6094,93.7031,16.4063,16.0547,723.221,50.25,1.288,0.957335,1.968,93,0,0,0,0.515625,0,-5.25,-5.25,-6
113.666,0,0,0,0,0.862488,0.99997,1,0,1,1,1,0,0.953126,0.949953,0,0,3.44445,2.36111,3.41667,913.75,970,324.609,970,997.969,19.6172,93.5391,93.7031,19.0781,16.0078,723.221,50.25,1.344,0.834668,2.024,93,0,0,0,0.640625,0,-5.25,-5.25,-6
113.7,0,0,0,0,0.869752,0.99997,1,0,1,1,1,0,0.953126,0.951173,0,0,3.30556,2.36111,2.77778,898.5,970,321.445,970,995.273,19.3828,93.6563,93.7031,17.6016,16.0078,723.221,50.25,1.308,0.842668,1.988,93.75,0,0,0,0.8125,0,-4.5,-4.5,-4.5
113.733,0,0,0,0,0.876221,0.99997,1,0,1,1,1,0,0.953126,0.951173,0,0,3.30556,2.41667,2.75,889.5,970,316.289,970,995.313,18.9375,93.6563,93.7031,16.0781,16.3594,722.537,50.25,1.256,0.842668,1.936,93.75,0,0,0,0.921875,0,-3,-3,-3
113.766,0,0,0,0,0.875855,0.99997,1,0,1,1,1,0,0.953126,0.948488,0,0,3.19445,2.44445,3.02778,886,970,316.367,970,990.039,18.9141,93.5391,93.7031,19.0078,16.3359,722.537,50.25,1.312,0.805334,1.992,93.75,0,0,0,0.90625,0,-3,-3,-3
113.8,0,0,0,0,0.881531,0.99997,1,0,1,1,1,0,0.952882,0.946046,0,0,3.02778,2.47222,2.36111,882.25,970,308.203,970,987.383,18.3047,93.5859,93.7031,13.6641,16.2891,722.537,50.25,1.184,0.760001,1.864,93.75,0,0,0,1.125,0,-3.75,-3.75,-3.75
113.833,0,0,0,0,0.879456,0.99997,1,0,1,1,1,0,0.952882,0.944826,0,0,3.02778,2.41667,2.91667,875.25,970,309.258,970,987.383,18.375,93.5859,93.7031,18.9844,16.2891,722.537,50.25,1.284,0.760001,1.964,93.75,0,0,0,0.96875,0,-3,-3,-3
113.866,0,0,0,0,0.888062,0.99997,1,0,1,1,1,0,0.952882,0.943605,0,0,3.02778,2.47222,2.02778,866.75,970,299.727,970,992.656,17.6484,93.5859,93.7031,12.2578,16.2422,722.537,50.25,1.128,0.821334,1.808,93.75,0,0,0,0.953125,0,-3.75,-3.75,-3.75
113.9,0,0,0,0,0.879334,0.99997,1,0,1,1,1,0,0.952882,0.939943,0,0,2.86111,2.44445,2.30556,859,970,295.977,970,987.383,17.3672,93.6797,93.7031,15.2344,16.2656,722.537,50.25,1.172,0.746668,1.852,93.75,0,0,0,0.8125,0,-2.25,-2.25,-2.25
113.933,0,0,0,0,0.882325,0.99997,1,0,1,1,1,0,0.952882,0.937501,0,0,2.80556,2.41667,1.80556,851.5,970,285.82,970,992.656,16.5703,93.6797,93.7031,10.8281,16.2891,721.853,50.25,1.052,0.746668,1.732,93.75,0,0,0,0.765625,0,0,0,0
113.966,0,0,0,0,0.870728,0.99997,1,0,1,1,1,0,0.952882,0.935304,0,0,2.63889,2.41667,1.80556,851.5,970,285.82,970,987.383,16.5703,93.5859,93.7031,10.8281,16.3828,721.853,50.25,1.052,0.672001,1.732,93.75,0,0,0,0.9375,0,0,0,0
114,0,0,0,0,0.867188,0.99997,1,0,1,1,1,0,0.952882,0.936525,0,0,2.61111,2.44445,2.47222,841.75,970,285.469,970,990.039,16.5234,93.6563,93.7031,16.3594,16.4297,721.853,50.25,1.14,0.728001,1.82,93,0,0,0,0.890625,0,2.25,2.25,2.25
114.033,0,0,0,0,0.865113,0.99997,1,0,1,1,1,0,0.952882,0.935304,0,0,2.55556,2.44445,2.36111,832.25,970,283.125,970,987.383,16.3125,93.6563,93.7031,15.0234,16.5234,721.853,50.25,1.112,0.709334,1.792,93,0,0,0,0.953125,0,1.5,1.5,1.5
114.066,0,0,0,0,0.867127,0.99997,1,0,1,1,1,0,0.952882,0.934328,0,0,2.55556,2.44445,2.36111,826,970,282.188,970,990.039,16.2422,93.6563,93.7031,15.7266,16.6641,721.853,50.25,1.132,0.720001,1.812,93,0,0,0,1.15625,0,2.25,2.25,2.25
114.1,0,0,0,0,0.863465,0.99997,1,0,1,1,1,0,0.952882,0.935304,0,0,2.5,2.47222,2.61111,817.75,970,282.852,970,984.727,16.2422,93.6094,93.7031,16.6875,16.7109,721.853,50.25,1.144,0.728001,1.812,93.75,0,0,0,1.51563,0,2.25,2.25,2.25
114.133,0,0,0,0,0.869507,0.99997,1,0,1,1,1,0,0.952882,0.937501,0,0,2.44445,2.47222,2.16667,805,970,281.289,970,990,16.1016,93.6094,93.7031,15.2578,16.8047,721.092,50.25,1.116,0.709334,1.784,93.75,0,0,0,1.51563,0,4.5,4.5,4.5
114.166,0,0,0,0,0.865723,0.99997,1,0,1,1,1,0,0.952882,0.941164,0,0,2.33334,2.47222,1.75,793.75,970,273.711,970,987.383,15.4922,93.6797,93.7031,11.2266,17.0156,721.092,50.25,1.016,0.645334,1.684,93.75,0,0,0,1.26563,0,6.75,6.75,6.75
114.2,0,0,0,0,0.848206,0.99997,1,0,1,1,1,0,0.952882,0.944826,0,0,2.11111,2.41667,0.916667,790,970,259.648,970,987.383,14.4609,93.6094,93.7031,6.44531,17.1797,721.092,50.25,0.9,0.560001,1.58,93.75,0,0,0,1,0,9,9,9
114.233,0,0,0,0,0.819337,0.99997,1,0,1,1,1,0,0.952882,0.951173,0,0,2.11111,2.66667,2.61111,788.75,970,264.492,970,987.383,14.7891,93.6094,93.7031,17.6016,17.25,721.092,50.25,1.08,0.560001,1.76,93.75,0.392157,0.784314,0,0.8125,0,11.25,11.25,11.25
114.266,0,0,0,0,0.807435,0.99997,1,0,1,1,1,0,0.952882,0.956056,0,0,2.16667,2.66667,2.61111,788.75,970,264.492,970,984.727,14.7891,93.6094,93.7031,17.6016,17.2266,721.092,50.25,1.08,0.693334,1.76,93.75,0.784314,0.784314,0,1.0625,0,11.25,11.25,11.25
114.3,0,0,0,0,0.809632,0.99997,1,0,1,1,1,0,0.952882,0.966066,0,0,2.22222,3.02778,2.91667,775.75,970,273.398,970,987.383,15.4453,93.6328,93.7031,20.5313,17.25,721.092,50.25,1.156,0.741334,1.836,93.75,0.784314,0.784314,0,0.875,0,12.75,12.75,12.75
114.333,0,0,0,0,0.812012,0.99997,1,0,1,1,1,0,0.952882,0.973634,0,0,2.33334,3.05556,4,740.25,970,293.438,970,987.383,16.9219,93.6328,93.7031,28.3594,18.1875,720.174,50.25,1.364,0.874668,2.044,93.75,0.784314,0.784314,0,0.953125,0,21,21,33.75
114.366,0,0,0,0,0.816712,0.99997,1,0,1,1,1,0,0.952882,0.978517,0,0,2.44445,3.08334,3.55556,716.25,970,307.539,970,984.727,17.9531,93.6328,93.7031,26.0156,19.0078,720.174,50.25,1.348,0.877334,2.028,93.75,0.784314,0.392157,0,0.953125,0,21,21,32.25
114.4,0,0,0,0,0.824036,0.99997,1.00369,0,1,1,1,0,0.952882,0.982423,0,0,2.55556,2.97222,3.55556,713.5,970,321.133,970,987.344,18.9609,93.6328,93.7031,26.7188,26.6484,720.174,50.25,1.52,0.994668,2.208,93.75,1.96079,3.13726,0,0.875,0,20.25,20.25,29.25
114.433,0,0,0,0,0.829285,0.99997,1.00662,0,1,1,1,0,0.952882,0.989992,0,0,2.55556,5.52778,6.11112,721.75,970,360.352,970,987.383,21.8438,93.6328,93.7031,44.2266,26.8359,720.174,50.25,1.924,0.994668,2.612,93.75,3.52941,3.52941,0,1.32813,0,20.25,20.25,28.5
114.466,0,0,0,0,0.828492,0.99997,1.01022,0,1,1,1,0,0.952882,1,0,0,2.97222,5.52778,6.11112,721.75,970,360.352,970,982.109,21.8438,93.6563,93.7031,44.2266,21.1641,720.174,50.25,1.924,1.272,2.612,93.75,3.13726,2.7451,0,1.28125,0,20.25,20.25,28.5
114.5,0,0,0,0,0.834717,0.99997,1.01669,0,1,1,1,0,0.952882,1.02149,0,0,3.44445,5.11112,6.55556,736,970,400.508,970,984.727,24.7969,93.6563,93.7031,47.7188,19.7109,720.174,50.25,2.024,1.32,2.744,93.75,0.784314,0,0,1.26563,0,0.75,0.75,0.75
114.533,0,0,0,0,0.836976,0.99997,1.02341,0,1,1,1,0,0.952882,1.04004,0,0,3.33334,2.55556,3.58334,735.5,970,390.234,970,987.344,24.0469,93.6563,93.7031,18.1875,19.4297,719.275,50.25,1.636,1.06133,2.356,93.75,0,0,0,1.26563,0,-6,-6,-6
114.566,0,0,0,0,0.836976,0.99997,1.02551,0,1,1,1,0,0.952882,1.05005,0,0,3.25,2.30556,3.22222,744.5,970,378.047,970,987.383,23.1563,93.6563,93.7031,16.2188,19.4531,719.275,50.25,1.484,0.984001,2.204,93.75,0,0,0,1.25,0,-6,-6,-6
114.6,0,0,0,0,0.83252,0.99997,1.03101,0,1,1,1,0,0.952882,1.06641,0,0,3.19445,2.25,2.41667,761,970,366.094,970,982.109,22.2656,93.6563,93.7031,15.4688,19.0078,719.275,50.25,1.44,0.946668,2.12,93.75,0,0,0,1.32813,0,-6.75,-6.75,-6.75
114.633,0,0,0,0,0.83252,0.99997,1.03446,0,1,1,1,0,0.952882,1.07813,0,0,3.19445,2.25,2.41667,761,970,366.094,970,982.109,22.2656,93.6563,93.7031,15.4688,18.6094,719.275,50.25,1.44,0.946668,2.12,93.75,0,0,0,0.953125,0,-6.75,-6.75,-6.75
114.666,0,0,0,0,0.834717,0.99997,1.03818,0,1,1,1,0,0.952882,1.08765,0,0,3.08334,2.16667,2.72222,765.5,970,354.492,970,984.727,21.4219,93.6563,93.7031,14.8125,18.5859,719.275,50.25,1.4,0.912001,2.08,93.75,0,0,0,0.828125,0,-6,-6,-6
114.7,0,0,0,0,0.83252,0.99997,1.04389,0,1,1,1,0,0.952882,1.09741,0,0,3.02778,2.19445,2.55556,770.25,970,344.375,970,982.109,20.6719,93.6563,93.7031,14.9063,18.4219,719.275,50.25,1.38,0.896001,2.06,93.75,0,0,0,0.9375,0,-5.25,-5.25,-5.25
114.733,0,0,0,0,0.834717,0.99997,1.04669,0,1,1,1,0,0.952882,1.1001,0,0,2.91667,2.25,2.44445,771.75,970,335.938,970,984.727,20.0391,93.6563,93.7031,15.2578,18.4453,718.279,50.25,1.356,0.877334,2.036,93.75,0,0,0,0.9375,0,-4.5,-4.5,-4.5
114.766,0,0,0,0,0.83252,0.99997,1.04718,0,1,1,1,0,0.952882,1.09497,0,0,2.80556,2.25,2.61111,768.25,970,328.594,970,982.109,19.5,93.6563,93.7031,15.3281,18.3984,718.279,50.25,1.336,0.864001,2.016,93.75,0,0,0,1.23438,0,-3,-3,-3
114.8,0,0,0,0,0.83252,0.99997,1.05219,0,1,1,1,0,0.952882,1.09497,0,0,2.75,2.33334,2.41667,767,970,323.047,970,982.109,19.1016,93.6563,93.7031,15.9375,18.3984,718.279,50.25,1.336,0.861334,2.024,93.75,0,0.392157,0,1.35938,0,-1.5,-1.5,-1.5
114.833,0,0,0,0,0.83252,0.99997,1.05548,0,1,1,1,0,0.952882,1.09253,0,0,2.75,2.44445,3,771.5,970,319.141,970,982.109,18.8203,93.6563,93.7031,16.5938,18.3516,718.279,50.25,1.336,0.861334,2.024,93.75,0,0.392157,0,1.25,0,-1.5,-1.5,-1.5
114.866,0,0,0,0,0.83252,0.99997,1.06128,0,1,1,1,0,0.952882,1.09497,0,0,2.69445,2.44445,3,771.5,970,319.141,970,982.109,18.8203,93.6563,93.7031,16.5938,18.3047,718.279,50.25,1.336,0.861334,2.024,93.75,0.392157,0.392157,0,1.59375,0,-1.5,-1.5,-1.5
114.9,0,0,0,0,0.83252,0.99997,1.06601,0,1,1,1,0,0.952882,1.09009,0,0,2.69445,2.52778,2.5,777.5,970,316.328,970,982.109,18.6094,93.6563,93.7031,17.0156,18.0234,718.279,50.25,1.328,0.856001,2.016,93.75,0.392157,0.392157,0,1.54688,0,-1.5,-1.5,-1.5
114.933,0,0,0,0,0.83252,0.99997,1.07138,0,1,1,1,0,0.952882,1.09009,0,0,2.69445,2.52778,2.91667,779.5,970,313.789,970,982.109,18.4219,93.6563,93.7031,16.9922,17.8125,717.42,50.25,1.328,0.856001,1.996,93.75,0.392157,0.392157,0,1.32813,0,-2.25,-2.25,-2.25
114.966,0,0,0,0,0.83252,0.99997,1.0748,0,1,1,1,0,0.952882,1.08521,0,0,2.63889,2.52778,2.75,780.25,970,311.523,970,982.109,18.2578,93.6563,93.7031,16.9688,17.6953,717.42,50.25,1.328,0.856001,1.996,93.75,0.392157,0.392157,0,1.32813,0,-2.25,-2.25,-2.25
115,0,0,0,0,0.83252,0.99997,1.08096,0,1,1,1,0,0.952882,1.08301,0,0,2.63889,2.52778,3.02778,782.75,970,309.375,970,982.109,18.0938,93.6563,93.7031,16.8984,17.5547,717.42,50.25,1.324,0.853334,2.012,93.75,0.392157,0.392157,0,1.0625,0,-2.25,-2.25,-2.25
115.033,0,0,0,0,0.83252,0.99997,1.08298,0,1,1,1,0,0.952882,1.07593,0,0,2.63889,2.58334,2.83334,783.75,970,308.047,970,982.109,18,93.6563,93.7031,17.25,17.3672,717.42,50.25,1.328,0.853334,2.016,93.75,0.392157,0.392157,0,1,0,-2.25,-2.25,-2.25
115.066,0,0,0,0,0.83252,0.99997,1.0878,0,1,1,1,0,0.952882,1.07593,0,0,2.63889,2.52778,2.88889,778.75,970,306.445,970,982.109,17.8828,93.6563,93.7031,16.9922,17.2969,717.42,50.25,1.328,0.856001,2.016,93.75,0.392157,0.392157,0,1.21875,0,-1.5,-1.5,-1.5
115.1,0,0,0,0,0.830262,0.99997,1.09268,0,1,1,1,0,0.952882,1.07349,0,0,2.61111,2.52778,3,775.75,970,305.156,970,979.453,17.7891,93.6563,93.7031,17.0625,17.2031,717.42,50.25,1.328,0.856001,2.016,93.75,0.392157,0,0,0.890625,0,-1.5,-1.5,-1.5
115.133,0,0,0,0,0.83252,0.99997,1.09683,0,1,1,1,0,0.952882,1.07349,0,0,2.61111,2.52778,3,775.75,970,305.156,970,982.109,17.7891,93.6563,93.7031,17.0625,17.1797,716.541,50.25,1.328,0.856001,2.016,93.75,0.392157,0,0,1.01563,0,-1.5,-1.5,-1.5
115.166,0,0,0,0,0.830262,0.99997,1.10071,0,1,1,1,0,0.952882,1.07349,0,0,2.61111,2.52778,3,781,970,303.828,970,979.453,17.6953,93.6563,93.7031,16.9453,17.1563,716.541,50.25,1.316,0.848001,2.004,93.75,0.392157,0,0,1.14063,0,-2.25,-2.25,-2.25
115.2,0,0,0,0,0.830262,0.99997,1.1044,0,1,1,1,0,0.952882,1.07105,0,0,2.61111,2.52778,2.88889,779,970,302.734,970,979.453,17.6016,93.6563,93.7031,16.9922,16.9453,716.541,50.25,1.32,0.850668,2,93.75,0.392157,0,0,1.8125,0,-3,-3,-3
115.233,0,0,0,0,0.830262,0.99997,1.10675,0,1,1,1,0,0.952882,1.06885,0,0,2.55556,2.52778,3,769,970,302.109,970,979.453,17.5547,93.6563,93.7031,17.2031,16.9922,716.541,50.25,1.328,0.856001,2.008,93.75,0.392157,0,0,1.8125,0,0.75,0.75,0.75
115.266,0,0,0,0,0.830262,0.99997,1.10877,0,1,1,1,0,0.952882,1.06641,0,0,2.55556,2.5,2.72222,768.5,970,301.289,970,979.453,17.5078,93.6563,93.7031,17.0391,17.1563,716.541,50.25,1.328,0.856001,2.008,93.75,0.392157,0,0,1.45313,0,1.5,1.5,1.5
115.3,0,0,0,0,0.830262,0.99997,1.11142,0,1,1,1,0,0.952882,1.06397,0,0,2.55556,2.5,3,774,970,300.313,970,979.453,17.4375,93.6563,93.7031,16.8984,17.1094,716.541,50.25,1.324,0.853334,2.012,93.75,0.392157,0,0,1.46875,0,0,0,0
115.333,0,0,0,0,0.830262,0.99997,1.11328,0,1,1,1,0,0.952882,1.06177,0,0,2.55556,2.52778,2.83334,777.25,970,299.688,970,979.453,17.3906,93.6563,93.7031,17.0391,16.8984,715.701,50.25,1.328,0.853334,2.016,93.75,0.392157,0,0,1.125,0,-1.5,-1.5,-1.5
115.366,0,0,0,0,0.830262,0.99997,1.11585,0,1,1,1,0,0.952882,1.06177,0,0,2.55556,2.52778,2.83334,777.25,970,299.688,970,979.453,17.3906,93.6563,93.7031,17.0391,16.7344,715.701,50.25,1.328,0.856001,2.016,93.75,0.392157,0,0,1.25,0,-1.5,-1.5,-1.5
115.4,0,0,0,0,0.830262,0.99997,1.11902,0,1,1,1,0,0.952882,1.06177,0,0,2.5,2.5,3,770.75,970,299.063,970,979.453,17.3438,93.6563,93.7031,16.9922,16.6875,715.701,50.25,1.328,0.856001,1.996,93.75,0.392157,0,0,0.984375,0,-0.75,-0.75,-0.75
115.433,0,0,0,0,0.830262,0.99997,1.12204,0,1,1,1,0,0.952882,1.06397,0,0,2.44445,2.5,2.91667,758.5,970,298.945,970,979.453,17.3203,93.6563,93.7031,17.2734,16.7813,715.701,50.25,1.336,0.861334,2.004,93.75,0,0,0,0.75,0,0.75,0.75,0.75
115.466,0,0,0,0,0.830262,0.99997,1.12329,0,1,1,1,0,0.952882,1.06177,0,0,2.44445,2.36111,2.80556,762.75,970,297.227,970,979.453,17.2031,93.6563,93.7031,16.2188,16.9922,715.701,50.25,1.308,0.848001,1.976,93.75,0,0,0,0.75,0,0.75,0.75,0.75
115.5,0,0,0,0,0.830262,0.99997,1.1261,0,1,1,1,0,0.952882,1.06177,0,0,2.44445,2.41667,2.72222,765,970,296.172,970,979.453,17.1328,93.6563,93.7031,16.5469,16.8281,715.701,50.25,1.32,0.850668,2.008,93.75,0,0,0,1.1875,0,0.75,0.75,0.75
115.533,0,0,0,0,0.832459,0.99997,1.12695,0,1,1,1,0,0.952882,1.05933,0,0,2.44445,2.41667,2.77778,759.5,970,295.43,970,979.453,17.0625,93.6563,93.7031,16.6641,16.7344,714.881,50.25,1.32,0.850668,2.008,93.75,0,0,0,1.17188,0,1.5,1.5,1.5
115.566,0,0,0,0,0.836121,0.99997,1.12985,0,1,1,1,0,0.952882,1.06177,0,0,2.44445,2.41667,2.77778,759.5,970,295.43,970,979.453,17.0625,93.6563,93.7031,16.6641,16.7344,714.881,50.25,1.32,0.850668,2.008,93.75,0,0,0,1.40625,0,1.5,1.5,1.5
115.6,0,0,0,0,0.839051,0.99997,1.13013,0,1,1,1,0,0.952882,1.05689,0,0,2.44445,2.41667,2.80556,758.75,970,294.805,970,976.836,17.0156,93.6563,93.7031,16.6641,16.8047,714.881,49.5,1.316,0.853334,2.004,93.75,0,0,0,1.26563,0,1.5,1.5,1.5
115.633,0,0,0,0,0.845582,0.99997,1.1341,0,1,1,1,0,0.952882,1.06177,0,0,2.5,2.38889,2.75,762.5,970,298.672,970,979.453,17.2969,93.6563,93.7031,19.5234,16.7813,714.881,49.5,1.38,0.896001,2.084,93.75,0,0,0,1.46875,0,1.5,1.5,1.5
115.666,0,0,0,0,0.847413,0.99997,1.1359,0,1,1,1,0,0.952882,1.06177,0,0,2.5,2.41667,2.75,767.75,970,300.781,970,976.836,17.4609,93.6797,93.7031,18.6563,16.6406,714.881,49.5,1.384,0.896001,2.088,93.75,0,0,0,1.46875,0,0,0,0
115.7,0,0,0,0,0.854371,0.99997,1.13922,0,1,1,1,0,0.952882,1.06397,0,0,2.55556,2.38889,2.69445,767,970,303.008,970,979.453,17.625,93.6797,93.7031,18.9141,16.4766,714.881,49.5,1.404,0.909334,2.072,93.75,0,0,0,1.5625,0,-0.75,-0.75,-0.75
115.733,0,0,0,0,0.856019,0.99997,1.13895,0,1,1,1,0,0.952882,1.05933,0,0,2.55556,2.41667,2.69445,765,970,303.984,970,976.836,17.6953,93.6797,93.7031,18.2578,16.4063,713.982,49.5,1.396,0.909334,2.064,93.75,0,0,0,1.1875,0,-0.75,-0.75,-0.75
115.766,0,0,0,0,0.858643,0.99997,1.14075,0,1,1,1,0,0.952882,1.05933,0,,,,,,,,,,,,,,,,,,,,,,,,,,,,
