TimeStamp, dwkrz_0   , dwkrz_1   , dwkrz_2   , dwkrz_3   , fpvdk_w   , fra_w     , frm_w     , gangi     , lambts_w  , lamelsh_w , lamfa_w   , lamlash_w , lamsbg_w  , lamsoni_w , ldrlms_w  , ldtvm     , ml_w      , msdk_w    , mshfm_w   , nmot_w    , plsol     , ps_w      , pu        , pvdks_w   , rl_w      , rlmax_w   , rlmx_w    , rlroh_w   , rlsol_w   , tabgm_w   , tanslin   , te_w      , tevfakge_w, ti_b1     , tmotlin   , wdkba     , wdks      , wkrm      , wnwi_w    , wped_w    , zwist     , zwout     , zwsol     
  sec.ms , °KW       , °KW       , °KW       , °KW       , -         , -         , -         , gear      , -         , -         , -         , -         , -         , -         , , , g/s       , g/s       , g/s       , rpm       , mbar      , mbar      , mbar      , mbar      , , , , , , °C        , °C        , ms        , ms        , ms        , °C        , DK      , DK      , °KW       , °KW       , PED     , °KW       , °KW       , °KW       
TIME,IgnitionRetardCyl1,IgnitionRetardCyl4,IgnitionRetardCyl2,IgnitionRetardCyl3,,AdaptationPartial,LambdaControlAvg,SelectedGear,LambdaPartProtection,,TargetAFRDriverRequest,,AirFuelRatioDesired,AirFuelRatioCurrent,ChargeLimitEngineProtection,WastegateDutyCycle,,MassAirFlowAtThrottlePlate,MassAirFlow,EngineSpeed,BoostPressureDesired,,BaroPressure,BoostPressureActual,EngineLoad,EngineLoadCorrected,EngineLoadSpecified,,EngineLoadRequested,EGTModelBeforeCat,IntakeAirTemperature,EffInjectionTime,,FuelInjectorOnTime,CoolantTemperature,ThrottlePlateAngle,ThrottlePlateAngleRequested,AvgIgnitionRetardKnockControl,CamshaftAngle,AccelPedalPosition,IgnitionTimingAngle,IgnitionTimingAngleOverall,
0,0,0,0,0,0.970948,0.99997,0.960694,3,1,1,1,0,1,0.983644,0,0,6.80556,6.75001,6.83334,1277.5,970,488.906,970,987.383,28.125,101.461,103.828,27.9609,28.7344,684.666,53.25,1.892,1.24,2.572,96.75,3.52941,3.52941,0,21.4375,11.87,33.75,33.75,31.5
0.033,0,0,0,0,0.970704,0.99997,0.960419,3,1,1,1,0,1,0.982423,0,0,6.80556,6.72223,6.75001,1277.75,970,489.297,970,987.383,28.1484,101.438,103.852,28.3828,28.7813,684.666,53.25,1.9,1.24267,2.58,96.75,3.52941,3.52941,0,21.3438,11.87,33.75,33.75,31.5
0.067,0,0,0,0,0.971192,0.99997,0.961121,3,1,1,1,0,1,0.983644,0,0,6.86112,6.75001,6.72223,1279.75,970,490.234,970,987.383,28.2188,101.461,103.922,28.1719,28.8047,684.666,53.25,1.908,1.24533,2.588,96.75,3.52941,3.52941,0,21.625,11.87,33.75,33.75,31.5
0.1,0,0,0,0,0.971375,0.99997,0.960023,3,1,1,1,0,1,0.984865,0,0,6.86112,6.80556,6.88889,1281.5,970,491.094,970,987.383,28.2891,101.461,103.922,28.7813,28.5234,683.69,53.25,1.916,1.24533,2.596,96.75,3.52941,3.52941,0,21.2656,11.87,33.75,33.75,33.75
0.133,0,0,0,0,0.971741,0.99997,0.959504,3,1,1,1,0,1,0.986085,0,0,6.86112,6.72223,6.75001,1281.25,970,490.938,970,987.383,28.2656,101.531,103.969,28.1953,28.5703,683.69,53.25,1.924,1.25067,2.604,96.75,3.52941,3.52941,0,21.1563,11.87,33.75,33.75,33.75
0.167,0,0,0,0,0.971863,0.99997,0.959412,3,1,1,1,0,1,0.988527,0,0,6.86112,6.75001,6.72223,1279.75,970,490.469,970,987.383,28.2422,101.578,103.922,28.1016,28.5938,683.69,53.25,2.004,1.30133,2.692,96.75,3.52941,3.52941,0,21.125,11.87,33.75,33.75,33.75
0.2,0,0,0,0,0.971802,0.99997,0.959412,3,1,1,1,0,1,0.991212,0,0,6.86112,6.72223,6.69445,1281,970,490,970,987.383,28.1953,101.578,103.922,27.9609,28.5703,683.69,53.25,2,1.29867,2.688,96.75,3.52941,3.52941,0,20.7969,11.87,33,33,33.75
0.233,0,0,0,0,0.971558,0.99997,0.959534,3,1,1,1,0,1,0.994142,0,0,6.80556,6.75001,6.66667,1281.25,970,488.633,970,987.383,28.1016,101.508,103.922,27.8438,28.5938,683.69,53.25,1.988,1.29067,2.676,96.75,3.52941,3.52941,0,21.1875,11.87,33.75,33.75,33.75
0.267,0,0,0,0,0.97107,0.99997,0.958283,3,1,1,1,0,1,0.995607,0,0,6.80556,6.75001,6.66667,1282.75,970,488.125,970,987.383,28.0547,101.508,104.039,27.7969,28.5234,683.69,53.25,1.996,1.29067,2.676,96.75,3.52941,3.52941,0,21.7656,11.87,33.75,33.75,33.75
0.3,0,0,0,0,0.970826,0.99997,0.958649,3,1,1,1,0,1,0.998537,0,0,6.80556,6.72223,7.00001,1282.5,970,489.531,970,987.383,28.1719,101.508,104.039,29.1328,28.5,682.674,53.25,2.04,1.29867,2.72,96.75,3.52941,3.52941,0,21.4219,11.87,33.75,33.75,34.5
0.333,0,0,0,0,0.971497,0.99997,0.957886,3,1,1,1,0,1,0.998537,0,0,6.86112,6.72223,6.80556,1281,970,489.844,970,987.383,28.1953,101.625,104.016,28.3828,28.5469,682.674,53.25,2.028,1.30667,2.708,96.75,3.52941,3.52941,0,21.3125,11.87,33.75,33.75,34.5
0.367,0,0,0,0,0.971986,0.99997,0.95749,3,1,1,1,0,1,1,0,0,6.86112,6.72223,6.61112,1281,970,488.945,970,987.383,28.125,101.602,103.969,27.5859,28.5703,682.674,53.25,2,1.30667,2.68,96.75,3.52941,3.52941,0,21.1094,11.87,33.75,33.75,34.5
0.4,0,0,0,0,0.971741,0.99997,0.958527,3,1,1,1,0,1,1,0,0,6.80556,6.72223,6.72223,1282,970,488.789,970,987.383,28.125,101.602,103.969,28.0313,28.5703,682.674,53.25,2.004,1.29067,2.684,96.75,3.52941,3.52941,0,20.9375,11.87,33.75,33.75,33.75
0.433,0,0,0,0,0.971741,0.99997,0.957978,3,1,1,1,0,1,0.998537,0,0,6.80556,6.72223,6.63889,1281.75,970,488.086,970,987.383,28.0547,101.555,103.992,27.6797,28.5703,682.674,53.25,2,1.29333,2.68,96.75,3.52941,3.52941,0,21.2344,11.87,33.75,33.75,33.75
0.467,0,0,0,0,0.971131,0.99997,0.957734,3,1,1,1,0,1,0.997072,0,0,6.80556,6.75001,6.61112,1284.75,970,486.445,970,987.383,27.9375,101.578,104.109,27.5156,28.5,682.674,53.25,1.884,1.22667,2.572,96.75,3.52941,3.52941,0,21.1719,11.87,33,33,33.75
0.5,0,0,0,0,0.970582,0.99997,0.956879,3,1,1,1,0,1,0.994142,0,0,6.80556,6.75001,6.80556,1286.5,970,486.953,970,987.383,27.9844,101.578,104.109,28.2656,28.4063,681.697,53.25,1.896,1.23733,2.584,96.75,3.52941,3.52941,0,21.3125,11.87,33.75,33.75,33.75
0.533,0,0,0,0,0.970826,0.99997,0.956971,3,1,1,1,0,1,0.992677,0,0,6.80556,6.75001,6.66667,1284,970,486.836,970,987.383,27.9844,101.672,104.086,27.75,28.4531,681.697,53.25,1.892,1.24267,2.58,96.75,3.52941,3.52941,0,21.7188,11.87,33.75,33.75,34.5
0.567,0,0,0,0,0.970582,0.99997,0.956422,3,1,1,1,0,1,0.988527,0,0,6.80556,6.72223,6.63889,1283,970,486.289,970,987.383,27.9375,101.648,104.039,27.6563,28.5234,681.697,53.25,1.888,1.22933,2.568,96.75,3.52941,3.52941,0,21.1563,11.87,33.75,33.75,34.5
0.6,0,0,0,0,0.970277,0.99997,0.956544,3,1,1,1,0,1,0.987306,0,0,6.80556,6.75001,6.66667,1283.25,970,486.016,970,987.383,27.9141,101.648,104.039,28.4297,28.5469,681.697,53.25,1.904,1.22933,2.584,96.75,3.52941,3.52941,0,20.9688,11.87,33.75,33.75,33.75
0.633,0,0,0,0,0.97046,0.99997,0.956391,3,1,1,1,0,1,0.986085,0,0,6.80556,6.72223,6.75001,1284.5,970,486.953,970,987.383,27.9844,101.602,104.086,28.0781,28.5,681.697,53.25,1.9,1.23733,2.58,96.75,3.52941,3.52941,0,21.0156,11.87,33,33,33.75
0.667,0,0,0,0,0.970582,0.99997,0.956055,3,1,1,1,0,1,0.984865,0,0,6.80556,6.72223,6.69445,1286.75,970,486.641,970,987.383,27.9609,101.648,104.18,27.9375,28.4531,681.697,53.25,1.9,1.232,2.588,96.75,3.92157,3.52941,0,21.0938,11.87,33,33,33.75
0.7,0,0,0,0,0.97046,0.99997,0.955262,3,1,1,1,0,1,0.986085,0,0,6.80556,6.72223,6.75001,1286.25,970,486.68,970,987.383,27.9609,101.648,104.18,28.0313,28.4531,680.701,53.25,1.896,1.23733,2.584,96.75,3.52941,3.52941,0,21.2969,11.87,33.75,33.75,33.75
0.733,0,0,0,0,0.970521,0.99997,0.955231,3,1,1,1,0,1,0.987306,0,0,6.80556,6.72223,6.69445,1286.5,970,486.445,970,987.383,27.9375,101.742,104.156,27.8203,28.4531,680.701,53.25,1.892,1.232,2.58,96.75,3.52941,3.52941,0,21.6719,11.87,33.75,33.75,33.75
0.767,0,0,0,0,0.970826,0.99997,0.954713,3,1,1,1,0,1,0.988527,0,0,6.80556,6.69445,6.69445,1286.5,970,487.031,970,987.383,27.9844,101.719,104.156,27.8203,28.5,680.701,53.25,2.008,1.296,2.696,96.75,3.52941,3.52941,0,21.1094,11.87,33.75,33.75,33.75
0.8,0,0,0,0,0.971009,0.99997,0.954194,3,1,1,1,0,1,0.989992,0,0,6.80556,6.72223,6.88889,1287,970,487.969,970,987.383,28.0547,101.719,104.156,28.5938,28.4531,680.701,53.25,2.02,1.296,2.708,96.75,3.52941,3.52941,0,21.1875,11.87,33.75,33.75,33.75
0.833,0,0,0,0,0.971436,0.99997,0.954438,3,1,1,1,0,1,0.992677,0,0,6.86112,6.72223,6.72223,1287.75,970,487.695,970,987.383,28.0313,101.719,104.203,27.8906,28.4531,680.701,53.25,2.012,1.29867,2.7,96.75,3.52941,3.52941,0,21.125,11.87,33.75,33.75,33.75
0.867,0,0,0,0,0.971375,0.99997,0.953675,3,1,1,1,0,1,0.995607,0,0,6.80556,6.72223,6.61112,1289.75,970,486.211,970,987.383,27.9375,101.531,104.297,27.3984,28.3828,680.701,53.25,1.996,1.29067,2.676,96.75,3.52941,3.52941,0,21.125,11.87,33.75,33.75,33.75
0.9,0,0,0,0,0.970948,0.99997,0.953095,3,1,1,1,0,1,0.997072,0,0,6.80556,6.72223,6.66667,1286.75,970,485.781,970,987.383,27.8438,101.531,104.297,27.6797,28.4531,679.705,53.25,1.996,1.29067,2.676,96.75,3.52941,3.52941,0,21.3125,11.87,33,33,33.75
0.933,0,0,0,0,0.970582,0.99997,0.952637,3,1,1,1,0,1,0.998537,0,0,6.80556,6.69445,6.72223,1285.75,970,485.195,970,987.383,27.7969,101.836,104.203,27.9375,28.4063,679.705,53.25,1.996,1.28267,2.676,96.75,3.52941,3.52941,0,21.3906,11.87,33.75,33.75,34.5
0.967,0,0,0,0,0.970399,0.99997,0.951722,3,1,1,1,0,1,0.998537,0,0,6.80556,6.72223,6.69445,1287.5,970,485.156,970,987.383,27.7969,101.742,104.203,27.7734,28.4063,679.705,53.25,1.996,1.29067,2.676,96.75,3.52941,3.52941,0,21.2969,11.87,33.75,33.75,34.5
1,0,0,0,0,0.970155,0.99997,0.952668,3,1,1,1,0,1,0.998537,0,0,6.75001,6.72223,6.72223,1288.5,970,484.922,970,987.383,27.7734,101.742,104.203,27.8906,28.4531,679.705,53.25,1.996,1.288,2.676,96.75,3.52941,3.52941,0,21.4219,11.87,33.75,33.75,33.75
1.033,0,0,0,0,0.970032,0.99997,0.952393,3,1,1,1,0,1,0.997072,0,0,6.80556,6.72223,6.75001,1288.75,970,485.234,970,987.383,27.7969,101.742,104.25,27.9844,28.4297,679.705,53.25,2,1.29333,2.68,96.75,3.52941,3.52941,0,21.2188,11.87,33.75,33.75,33.75
1.067,0,0,0,0,0.970155,0.99997,0.950898,3,1,1,1,0,1,0.994142,0,0,6.80556,6.72223,6.63889,1289.75,970,484.648,970,987.383,27.75,101.789,104.297,27.5156,28.4063,679.705,53.25,1.884,1.22933,2.564,96.75,3.52941,3.52941,0,21.0781,11.87,33.75,33.75,33.75
1.1,0,0,0,0,0.96991,0.99997,0.950227,3,1,1,1,0,1,0.991212,0,0,6.80556,6.72223,6.72223,1290.75,970,484.766,970,987.383,27.7734,101.789,104.297,27.8438,28.3594,678.748,53.25,1.884,1.22667,2.564,96.75,3.52941,3.52941,0,21.125,11.87,33.75,33.75,33.75
1.133,0,0,0,0,0.96991,0.99997,0.949677,3,1,1,1,0,1,0.988527,0,0,6.80556,6.72223,6.63889,1291.25,970,484.258,970,987.383,27.7266,101.836,104.344,27.4688,28.3359,678.748,53.25,1.876,1.224,2.556,96.75,3.52941,3.52941,0,21.2344,11.87,33.75,33.75,33.75
1.167,0,0,0,0,0.9693,0.99997,0.950165,3,1,1,1,0,1,0.987306,0,0,6.80556,6.72223,6.97223,1290,970,485.586,970,987.383,27.8203,101.906,104.297,28.875,28.3828,678.748,53.25,1.904,1.24267,2.592,96.75,3.52941,3.52941,0,21.3281,11.87,33,33,33.75
1.2,0,0,0,0,0.970338,0.99997,0.949555,3,1,1,1,0,1,0.984865,0,0,6.80556,6.75001,6.80556,1290.25,970,486.133,970,987.383,27.8672,101.906,104.297,28.1719,28.3828,678.748,53.25,1.9,1.23733,2.588,96.75,3.52941,3.52941,0,21.5313,11.87,33.75,33.75,34.5
1.233,0,0,0,0,0.97046,0.99997,0.949311,3,1,1,1,0,1,0.983644,0,0,6.80556,6.72223,7.02778,1291.25,970,487.734,970,987.383,27.9609,101.836,104.344,29.0625,28.3594,678.748,53.25,1.92,1.22933,2.608,96.75,3.52941,3.52941,0,21.1406,11.87,33,33,33.75
1.267,0,0,0,0,0.971619,0.99997,0.949036,3,1,1,1,0,1,0.983644,0,0,6.86112,6.80556,6.77778,1289.75,970,487.891,970,987.383,27.9844,101.906,104.297,28.0781,28.4063,678.748,53.25,1.904,1.23733,2.592,96.75,3.52941,3.52941,0,20.875,11.87,33,33,33.75
1.3,0,0,0,0,0.971802,0.99997,0.948609,3,1,1,1,0,1,0.983644,0,0,6.86112,6.80556,6.80556,1292,970,489.258,970,987.383,28.0781,101.906,104.297,28.1484,28.3828,677.752,53.25,1.908,1.248,2.596,96.75,3.52941,3.52941,0,21.1406,11.87,33.75,33.75,33.75
1.333,0,0,0,0,0.972047,0.99997,0.94748,3,1,1,1,0,1,0.986085,0,0,6.91667,6.80556,6.91667,1293,970,490.195,970,987.383,28.1484,101.813,104.367,28.6875,28.3594,677.752,53.25,1.912,1.24533,2.6,96.75,3.52941,3.52941,0,20.9531,11.87,33,33,34.5
1.367,0,0,0,0,0.972413,0.99997,0.947236,3,1,1,1,0,1,0.987306,0,0,6.91667,6.80556,6.77778,1294,970,490.547,970,987.383,28.1719,101.883,104.367,28.1016,28.5,677.752,53.25,2.012,1.30667,2.692,96.75,3.92157,3.52941,0,21.375,11.87,33,33,32.25
1.4,0,0,0,0,0.972535,0.99997,0.946686,3,1,1,1,0,1,0.988527,0,0,6.91667,6.75001,6.86112,1292.5,970,490.977,970,987.383,28.1953,101.883,104.367,28.4531,28.4063,677.752,53.25,2.024,1.29867,2.704,96.75,3.92157,3.52941,0,21.6563,11.87,33.75,33.75,32.25
1.433,0,0,0,0,0.972962,0.99997,0.946778,3,1,1,1,0,1,0.991212,0,0,6.91667,6.75001,6.77778,1292.25,970,490.898,970,987.383,28.1953,101.883,104.367,28.1484,28.4766,677.752,53.25,2.02,1.304,2.7,96.75,3.92157,3.52941,0,21.2969,11.87,33.75,33.75,32.25
1.467,0,0,0,0,0.973389,0.99997,0.945374,3,1,1,1,0,1,0.992677,0,0,6.97223,6.75001,6.97223,1292,970,492.734,970,987.383,28.3359,101.883,104.367,28.9219,28.5,677.752,53.25,2.048,1.32267,2.728,96.75,3.92157,3.52941,0,21.25,11.87,33.75,33.75,32.25
1.5,0,0,0,0,0.974305,0.99997,0.944855,3,1,1,1,0,1,0.994142,0,0,6.91667,6.80556,6.75001,1293.25,970,492.188,970,987.383,28.2891,101.883,104.367,28.0078,28.3125,676.775,53.25,2.028,1.30667,2.708,96.75,3.52941,3.52941,0,20.9375,11.87,33.75,33.75,33.75
1.533,0,0,0,0,0.971741,0.99997,0.944428,3,1,1,1,0,1,0.995607,0,0,6.97223,6.80556,6.94445,1294.5,970,492.891,970,984.727,28.3359,101.883,104.461,28.7578,28.2656,676.775,53.25,2.044,1.32,2.724,96.75,3.52941,3.52941,0,20.8125,11.87,33.75,33.75,33.75
1.567,0,0,0,0,0.975281,0.99997,0.94336,3,1,1,1,0,1,0.995607,0,0,6.97223,6.83334,6.61112,1296.25,970,491.602,970,987.383,28.2422,101.977,104.531,27.2578,28.2188,676.775,53.25,2.004,1.29067,2.692,96.75,3.52941,3.52941,0,21.3438,11.87,33,33,33.75
1.6,0,0,0,0,0.974305,0.99997,0.943726,3,1,1,1,0,1,0.994142,0,0,6.91667,6.77778,6.61112,1295.5,970,490.117,970,987.383,28.1016,101.977,104.531,27.8203,28.2188,676.775,53.25,1.996,1.288,2.684,96.75,3.92157,3.52941,0,21.5625,11.87,33.75,33.75,34.5
1.633,0,0,0,0,0.973817,0.99997,0.943391,3,1,1,1,0,1,0.992677,0,0,6.86112,6.63889,6.61112,1293,970,488.438,970,987.383,28.0313,102.047,104.391,27.3984,28.3359,676.775,53.25,1.9,1.22933,2.588,96.75,3.52941,3.52941,0,21.4219,11.87,33.75,33.75,34.5
1.667,0,0,0,0,0.973267,0.99997,0.941743,3,1,1,1,0,1,0.989992,0,0,6.86112,6.63889,6.63889,1295,970,485.742,970,987.383,27.8203,101.906,104.438,27.4922,28.3125,676.775,53.25,1.876,1.21333,2.572,96.75,3.52941,3.52941,0,21.5469,11.87,33.75,33.75,34.5
1.7,0,0,0,0,0.972962,0.99997,0.941529,3,1,1,1,0,1,0.988527,0,0,6.80556,6.66667,6.58334,1297.25,970,484.766,970,987.383,27.75,101.906,104.438,27.2109,28.2891,675.818,53.25,1.864,1.224,2.56,96.75,3.52941,3.52941,0,20.9531,11.87,33,33,33.75
1.733,0,0,0,0,0.972657,0.99997,0.940644,3,1,1,1,0,1,0.986085,0,0,6.80556,6.63889,6.47223,1296.5,970,483.281,970,987.383,27.6563,101.953,104.555,26.8125,28.1953,675.818,53.25,1.856,1.21067,2.552,96.75,3.52941,3.52941,0,21.0625,11.87,33,33,33.75
1.767,0,0,0,0,0.97223,0.99997,0.940156,3,1,1,1,0,1,0.983644,0,0,6.75001,6.69445,6.52778,1295,970,482.109,970,987.383,27.5625,102.047,104.484,27.0703,28.2188,675.818,53.25,1.852,1.208,2.54,96.75,3.52941,3.52941,0,21.4375,11.87,33,33,33.75
1.8,0,0,0,0,0.97168,0.99997,0.939423,3,1,1,1,0,1,0.981203,0,0,6.75001,6.69445,6.63889,1296.25,970,481.992,970,987.383,27.5625,102.047,104.484,27.4922,28.2656,675.818,53.25,1.856,1.208,2.544,96.75,3.52941,3.52941,0,21.2969,11.87,33.75,33.75,34.5
1.833,0,0,0,0,0.971497,0.99997,0.93924,3,1,1,1,0,1,0.979982,0,0,6.75001,6.69445,6.66667,1295,970,482.07,970,987.383,27.5625,101.977,104.484,27.6328,28.2891,675.818,53.25,1.856,1.21333,2.544,96.75,3.52941,3.52941,0,21.3906,11.87,33.75,33.75,34.5
1.867,0,0,0,0,0.970948,0.99997,0.939027,3,1,1,1,0,1,0.979982,0,0,6.75001,6.69445,6.52778,1296.75,970,480.703,970,987.383,27.4688,101.977,104.531,27.0234,28.2422,675.818,53.25,1.84,1.20267,2.528,96.75,3.52941,3.52941,0,21.3438,11.87,33.75,33.75,33.75
1.9,0,0,0,0,0.970521,0.99997,0.938966,3,1,1,1,0,1,0.981203,0,0,6.75001,6.69445,6.69445,1298,970,481.016,970,987.383,27.4922,101.977,104.531,27.6797,28.1953,674.861,53.25,1.856,1.21333,2.544,96.75,3.52941,3.52941,0,21.2031,11.87,33.75,33.75,34.5
1.933,0,0,0,0,0.970277,0.99997,0.936921,3,1,1,1,0,1,0.982423,0,0,6.75001,6.69445,6.75001,1296.75,970,481.445,970,987.383,27.5156,102.023,104.555,27.9141,28.2188,674.861,53.25,1.952,1.27467,2.64,96.75,3.52941,3.52941,0,21.0938,11.87,33.75,33.75,33.75
1.967,0,0,0,0,0.970399,0.99997,0.936524,3,1,1,1,0,1,0.983644,0,0,6.80556,6.69445,6.75001,1297.5,970,482.031,970,987.383,27.5625,102.047,104.578,27.8906,28.1953,674.861,53.25,1.968,1.27467,2.648,96.75,3.52941,3.52941,0,21,11.87,33.75,33.75,33.75
2,0,0,0,0,0.970216,0.99997,0.936219,3,1,1,1,0,1,0.986085,0,0,6.75001,6.69445,6.50001,1296.25,970,480.742,970,987.383,27.4688,102.047,104.578,26.9297,28.2188,674.861,53.25,1.936,1.26933,2.616,96.75,3.52941,3.52941,0,21.1719,11.87,33,33,33.75
2.033,0,0,0,0,0.969544,0.99997,0.935487,3,1,1,1,0,1,0.987306,0,0,6.75001,6.69445,6.63889,1298,970,480.703,970,987.383,27.4688,102.07,104.531,27.4453,28.1953,674.861,53.25,1.944,1.264,2.624,96.75,3.52941,3.52941,0,21.5781,11.87,33,33,33.75
2.067,0,0,0,0,0.966126,0.99997,0.934632,3,1,1,1,0,1,0.989992,0,0,6.75001,6.66667,6.75001,1299.25,970,481.406,970,984.727,27.5156,102.023,104.625,28.4766,28.1484,674.861,53.25,1.964,1.27733,2.644,96.75,3.52941,3.52941,0,21.4375,11.87,33.75,33.75,34.5
2.1,0,0,0,0,0.969056,0.99997,0.93512,3,1,1,1,0,1,0.994142,0,0,6.75001,6.69445,6.63889,1299,970,481.055,970,987.383,27.4922,102.023,104.625,27.3047,28.1953,673.904,53.25,1.948,1.27733,2.628,96.75,3.52941,3.52941,0,21.3594,11.87,33.75,33.75,34.5
2.133,0,0,0,0,0.968629,0.99997,0.934235,3,1,1,1,0,1,0.995607,0,0,6.75001,6.69445,6.61112,1298.75,970,480.625,970,987.383,27.4688,102.117,104.625,27.2344,28.1719,673.904,53.25,1.944,1.26133,2.624,96.75,3.52941,3.52941,0,21.3125,11.87,33.75,33.75,34.5
2.167,0,0,0,0,0.968262,0.99997,0.933564,3,1,1,1,0,1,0.997072,0,0,6.75001,6.66667,6.63889,1297.5,970,480.547,970,987.383,27.4688,102.094,104.578,27.3984,28.1953,673.904,53.25,1.944,1.26133,2.624,96.75,3.52941,3.52941,0,21.1094,11.87,33.75,33.75,34.5
2.2,0,0,0,0,0.965638,0.99997,0.93332,3,1,1,1,0,1,0.997072,0,0,6.75001,6.63889,6.66667,1298.75,970,480.586,970,984.727,27.4688,102.094,104.578,27.5156,28.1953,673.904,53.25,1.948,1.264,2.628,96.75,3.52941,3.52941,0,21.1563,11.87,33.75,33.75,33.75
2.233,0,0,0,0,0.968384,0.99997,0.932923,3,1,1,1,0,1,0.995607,0,0,6.80556,6.66667,6.61112,1302.25,970,480.547,970,987.383,27.4688,102.047,104.719,27.0938,28.1016,673.904,53.25,1.848,1.2,2.528,96.75,3.52941,3.52941,0,21.5313,11.87,33,33,33.75
2.267,0,0,0,0,0.968446,0.99997,0.933472,3,1,1,1,0,1,0.994142,0,0,6.80556,6.69445,6.75001,1301,970,481.875,970,987.383,27.5625,102.188,104.695,28.3359,28.125,673.904,53.25,1.86,1.216,2.548,96.75,3.52941,3.52941,0,21.3906,11.87,33,33,33.75
2.3,0,0,0,0,0.968812,0.99997,0.932893,3,1,1,1,0,1,0.992677,0,0,6.80556,6.69445,6.55556,1300.25,970,481.094,970,987.383,27.4922,102.188,104.695,26.9063,28.1953,672.967,53.25,1.828,1.21333,2.516,96.75,3.52941,3.52941,0,21.5,11.87,33.75,33.75,34.5
2.333,0,0,0,0,0.965699,0.99997,0.932801,3,1,1,1,0,1,0.991212,0,0,6.75001,6.69445,6.63889,1298.5,970,480.82,970,984.727,27.4688,102.164,104.672,27.3281,28.2422,672.967,53.25,1.832,1.2,2.52,96.75,3.52941,3.52941,0,20.9375,11.87,33.75,33.75,34.5
2.367,0,0,0,0,0.968018,0.99997,0.932893,3,1,1,1,0,1,0.988527,0,0,6.80556,6.69445,6.80556,1300.25,970,481.602,970,987.383,27.5391,102.141,104.672,27.8672,28.2188,672.967,53.25,1.848,1.208,2.544,96.75,3.52941,3.52941,0,20.9531,11.87,33.75,33.75,34.5
2.4,0,0,0,0,0.96814,0.99997,0.933137,3,1,1,1,0,1,0.988527,0,0,6.80556,6.69445,6.72223,1301.5,970,482.539,970,987.344,27.6094,102.141,104.672,28.1484,28.2656,672.967,53.25,1.86,1.208,2.556,96.75,3.52941,3.52941,0,21.375,11.87,33,33,34.5
2.433,0,0,0,0,0.968507,0.99997,0.933533,3,1,1,1,0,1,0.988527,0,0,6.80556,6.69445,6.75001,1301.25,970,482.461,970,987.383,27.5859,102.141,104.695,27.5625,28.2656,672.967,53.25,1.856,1.21067,2.552,96.75,3.52941,3.52941,0,21.1719,11.87,33,33,32.25
2.467,0,0,0,0,0.966065,0.99997,0.933533,3,1,1,1,0,1,0.988527,0,0,6.86112,6.69445,6.88889,1302,970,483.75,970,984.727,27.6797,102.164,104.742,28.2188,28.2422,672.967,53.25,1.868,1.22133,2.548,96.75,3.52941,3.52941,0,21.5781,11.87,33.75,33.75,32.25
2.5,0,0,0,0,0.969361,0.99997,0.933472,3,1,1,1,0,1,0.989992,0,0,6.86112,6.69445,6.72223,1301.25,970,484.531,970,987.383,27.75,102.164,104.742,28.1953,28.2656,672.029,53.25,1.876,1.224,2.556,96.75,3.52941,3.52941,0,21.6719,11.87,33.75,33.75,31.5
2.533,0,0,0,0,0.969239,0.99997,0.933381,3,1,1,1,0,1,0.991212,0,0,6.80556,6.72223,6.69445,1302,970,483.32,970,987.383,27.6563,102.211,104.742,27.4219,28.1016,672.029,53.25,1.944,1.26933,2.624,96.75,3.52941,3.52941,0,21.3281,11.87,33.75,33.75,34.5
2.567,0,0,0,0,0.966248,0.99997,0.932954,3,1,1,1,0,1,0.994142,0,0,6.86112,6.72223,6.75001,1303.5,970,483.32,970,984.727,27.6563,102.188,104.789,27.6563,28.0547,672.029,53.25,1.964,1.27467,2.644,96.75,3.52941,3.52941,0,21.2344,11.87,33.75,33.75,34.5
2.6,0,0,0,0,0.969544,0.99997,0.933015,3,1,1,1,0,1,0.995607,0,0,6.86112,6.72223,6.75001,1301.25,970,484.531,970,987.383,27.75,102.188,104.789,27.6094,28.0781,672.029,53.25,1.972,1.29067,2.652,96.75,3.52941,3.52941,0,21.0469,11.87,33.75,33.75,33.75
2.633,0,0,0,0,0.969788,0.99997,0.933839,3,1,1,1,0,1,0.998537,0,0,6.86112,6.75001,6.72223,1303,970,484.141,970,987.383,27.7266,102.234,104.695,27.5156,28.0781,672.029,53.25,1.968,1.27467,2.648,96.75,3.52941,3.52941,0,20.9844,11.87,33.75,33.75,33.75
2.667,0,0,0,0,0.969727,0.99997,0.933533,3,1,1,1,0,1,1.00171,0,0,6.86112,6.75001,6.75001,1303.5,970,484.375,970,987.383,27.7266,102.141,104.789,27.6797,28.125,672.029,53.25,1.976,1.28,2.664,96.75,3.92157,3.52941,0,21.4688,11.87,33,33,33.75
2.7,0,0,0,0,0.969788,0.99997,0.9339,3,1,1,1,0,1,1.00366,0,0,6.86112,6.72223,6.55556,1303.5,970,484.063,970,987.344,27.7031,102.141,104.789,27.5391,28.0781,671.092,53.25,1.968,1.28,2.656,96.75,3.52941,3.52941,0,21.5156,11.87,33.75,33.75,34.5
2.733,0,0,0,0,0.969422,0.99997,0.933015,3,1,1,1,0,1,1.00366,0,0,6.86112,6.75001,6.63889,1304,970,483.125,970,987.383,27.6328,102.234,104.813,27.1172,28.0313,671.092,53.25,1.96,1.26933,2.648,96.75,3.52941,3.52941,0,21.375,11.87,33.75,33.75,34.5
2.767,0,0,0,0,0.969666,0.99997,0.932587,3,1,1,1,0,1,1.00366,0,0,6.86112,6.72223,7.02778,1304.75,970,485.469,970,987.383,27.8203,102.258,104.836,28.7578,28.0313,671.092,53.25,2.004,1.296,2.692,96.75,3.52941,3.52941,0,21.4219,11.87,33,33,33.75
2.8,0,0,0,0,0.970277,0.99997,0.932465,3,1,1,1,0,1,1.00171,0,0,6.86112,6.75001,6.72223,1304,970,485.078,970,987.383,27.7734,102.258,104.836,27.5859,28.0547,671.092,53.25,1.98,1.28,2.668,96.75,3.52941,3.52941,0,20.8125,11.87,33.75,33.75,34.5
2.833,0,0,0,0,0.970643,0.99997,0.932282,3,1,1,1,0,1,1,0,0,6.86112,6.72223,6.63889,1304.5,970,484.883,970,987.383,27.7734,102.281,104.836,27.2578,28.0547,671.092,53.25,1.876,1.21333,2.564,96.75,3.52941,3.52941,0,21.0781,11.87,33.75,33.75,33.75
2.867,0,0,0,0,0.970887,0.99997,0.933076,3,1,1,1,0,1,0.998537,0,0,6.91667,6.72223,6.80556,1305.75,970,485.859,970,987.383,27.8438,102.281,104.836,27.7969,28.0313,671.092,53.25,1.876,1.232,2.556,96,3.52941,3.52941,0,21.3906,11.87,33.75,33.75,33.75
2.9,0,0,0,0,0.971314,0.99997,0.932984,3,1,1,1,0,1,0.997072,0,0,6.91667,6.72223,6.88889,1305.25,970,486.406,970,987.383,27.8672,102.281,104.836,28.1953,28.0313,670.135,53.25,1.888,1.22133,2.568,96,3.52941,3.52941,0,21.0156,11.87,33.75,33.75,34.5
2.933,0,0,0,0,0.971802,0.99997,0.932526,3,1,1,1,0,1,0.995607,0,0,6.91667,6.72223,6.83334,1304.5,970,486.602,970,987.383,27.8906,102.281,104.859,28.0078,28.8047,670.135,53.25,1.888,1.22933,2.568,96,3.52941,3.52941,0,21.7188,12.2301,33.75,33.75,34.5
2.967,0,0,0,0,0.97223,0.99997,0.931641,3,1,1,1,0,1,0.989992,0,0,6.91667,6.72223,6.77778,1305.75,970,486.445,970,987.383,27.8906,102.305,104.859,27.7969,28.7813,670.135,53.25,1.88,1.22667,2.56,96.75,3.52941,3.52941,0,21.5625,12.2301,33,33,33.75
3,0,0,0,0,0.972352,0.99997,0.932404,3,1,1,1,0,1,0.989992,0,0,6.91667,6.75001,6.77778,1304.75,970,486.484,970,987.383,27.8906,102.305,104.859,27.9375,28.8047,670.135,53.25,1.884,1.22933,2.564,96.75,3.52941,3.92157,0,21.0781,12.2301,33,33,33.75
3.033,0,0,0,0,0.972352,0.99997,0.932099,3,1,1,1,0,1,0.988527,0,0,6.91667,6.91667,6.72223,1306.5,970,486.172,970,987.383,27.8672,102.305,104.906,28.8281,28.7578,670.135,53.25,1.912,1.22933,2.592,96.75,3.92157,3.92157,0,21.0938,12.2301,33,33,33.75
3.067,0,0,0,0,0.972657,0.99997,0.932374,3,1,1,1,0,1,0.988527,0,0,6.97223,6.94445,7.00001,1305.25,970,489.023,970,987.383,28.0547,102.352,104.859,28.8516,28.7813,670.135,53.25,1.916,1.24533,2.596,96,3.92157,3.92157,0,21.1719,12.2301,33.75,33.75,33.75
3.1,0,0,0,0,0.972779,0.99997,0.931122,3,1,1,1,0,1,0.987306,0,0,6.97223,6.88889,6.88889,1307,970,489.766,970,987.383,28.125,102.352,104.859,28.3594,28.7578,669.197,53.25,1.912,1.24,2.592,96,3.92157,3.92157,0,21.1719,12.2301,33.75,33.75,33.75
3.133,0,0,0,0,0.970093,0.99997,0.930909,3,1,1,1,0,1,0.988527,0,0,7.02778,6.86112,7.05556,1308,970,492.109,970,984.727,28.2891,102.305,104.906,29.625,28.7344,669.197,53.25,1.948,1.26667,2.628,96,3.92157,3.92157,0,21.4219,12.2301,33.75,33.75,34.5
3.167,0,0,0,0,0.971314,0.99997,0.929719,3,1,1,1,0,1,0.989992,0,0,7.02778,6.86112,6.94445,1308.5,970,494.297,970,984.727,28.4297,102.328,104.906,28.9219,28.7344,669.197,53.25,2.06,1.328,2.748,96,3.92157,3.92157,0,21.4688,12.2301,33.75,33.75,33.75
3.2,0,0,0,0,0.974732,0.99997,0.929932,3,1,1,1,0,1,0.992677,0,0,7.08334,6.88889,6.88889,1307.5,970,494.609,970,987.344,28.4531,102.328,104.906,28.6406,28.6875,669.197,53.25,2.048,1.32533,2.736,96,3.92157,3.92157,0,21.2969,12.2301,33.75,33.75,33.75
3.233,0,0,0,0,0.974976,0.99997,0.929078,3,1,1,1,0,1,0.992677,0,0,7.08334,6.91667,6.97223,1309.75,970,494.336,970,987.383,28.4531,102.328,105.023,28.2891,28.6875,669.197,53.25,2.04,1.31467,2.728,96,3.92157,3.92157,0,21.2656,12.2301,33.75,33.75,33.75
3.267,0,0,0,0,0.972291,0.99997,0.928437,3,1,1,1,0,1,0.995607,0,0,7.08334,6.91667,6.86112,1309.5,970,494.57,970,984.727,28.4531,102.445,105,28.5938,28.6641,669.197,53.25,2.048,1.32,2.728,96.75,3.92157,3.92157,0,20.9375,12.2301,33.75,33.75,33.75
3.3,0,0,0,0,0.972474,0.99997,0.927918,3,1,1,1,0,1,0.997072,0,0,7.08334,6.91667,6.86112,1309.75,970,494.648,970,984.727,28.4531,102.445,105,28.5234,28.6641,668.26,53.25,2.044,1.31733,2.724,96.75,3.92157,3.92157,0,21.2031,12.2301,33,33,33.75
3.333,0,0,0,0,0.975098,0.99997,0.927705,3,1,1,1,0,1,0.998537,0,0,7.08334,6.91667,7.02778,1309.5,970,493.984,970,987.383,28.4063,102.422,104.977,28.4531,28.7109,668.26,53.25,2.036,1.30667,2.716,96.75,3.92157,3.92157,0,21.4375,12.2301,33.75,33.75,33
3.367,0,0,0,0,0.975342,0.99997,0.926514,3,1,1,1,0,1,0.998537,0,0,7.08334,6.91667,7.08334,1309,970,495.508,970,987.383,28.5234,102.422,105,29.3906,28.7109,668.26,53.25,2.064,1.33067,2.744,96,3.92157,3.92157,0,21.3594,12.2301,33.75,33.75,33
3.4,0,0,0,0,0.975709,0.99997,0.925996,3,1,1,1,0,1,0.997072,0,0,7.08334,6.88889,6.75001,1307.75,970,492.93,970,987.383,28.3359,102.422,105,27.4922,28.7344,668.26,53.25,2.008,1.304,2.688,96,3.92157,3.92157,0,21.3125,12.2301,33.75,33.75,33.75
3.433,0,0,0,0,0.974976,0.99997,0.926575,3,1,1,1,0,1,0.995607,0,0,7.02778,6.88889,6.80556,1309,970,492.07,970,987.383,28.2891,102.422,104.953,27.7969,28.7109,668.26,53.25,2.008,1.29867,2.688,96,3.92157,3.92157,0,21.5,12.2301,33.75,33.75,33.75
3.467,0,0,0,0,0.974427,0.99997,0.926026,3,1,1,1,0,1,0.994142,0,0,7.02778,6.86112,6.97223,1312.75,970,491.953,970,987.383,28.2656,102.375,105.117,28.4531,28.6406,668.26,53.25,1.916,1.24,2.604,96.75,3.92157,3.92157,0,21.1094,12.2301,33,33,33.75
3.5,0,0,0,0,0.971986,0.99997,0.924744,3,1,1,1,0,1,0.991212,0,0,7.02778,6.88889,7.00001,1314.25,970,493.359,970,984.727,28.3828,102.375,105.117,29.1797,28.5469,667.322,53.25,1.936,1.248,2.624,96.75,3.92157,3.92157,0,21.2656,12.2301,33.75,33.75,33.75
3.533,0,0,0,0,0.975342,0.99997,0.924866,3,1,1,1,0,1,0.989992,0,0,7.08334,6.86112,6.86112,1313.25,970,493.555,970,987.344,28.3828,102.539,105.141,28.5234,28.5703,667.322,53.25,1.928,1.25333,2.616,96.75,3.92157,3.92157,0,21.2656,12.2301,33.75,33.75,33
3.567,0,0,0,0,0.975037,0.99997,0.924287,3,1,1,1,0,1,0.986085,0,0,7.02778,6.88889,7.02778,1310.5,970,492.695,970,987.383,28.3359,102.539,105.047,28.6172,28.6172,667.322,53.25,1.92,1.25067,2.6,96,3.92157,3.92157,0,21.5938,12.2301,33.75,33.75,33.75
3.6,0,0,0,0,0.975159,0.99997,0.923737,3,1,1,1,0,1,0.983644,0,0,7.02778,6.88889,6.86112,1310.5,970,492.188,970,987.383,28.2891,102.539,105.047,28.0313,28.6641,667.322,53.25,1.9,1.23467,2.58,96,3.92157,3.92157,0,21.7031,12.2301,33.75,33.75,33.75
3.633,0,0,0,0,0.974793,0.99997,0.923676,3,1,1,1,0,1,0.982423,0,0,7.02778,6.86112,6.86112,1311.75,970,491.094,970,987.383,28.2188,102.445,105.023,28.0781,28.6641,667.322,53.25,1.896,1.22933,2.576,96,3.92157,3.92157,0,21.3281,12.2301,33.75,33.75,34.5
3.667,0,0,0,0,0.974488,0.99997,0.922791,3,1,1,1,0,1,0.979982,0,0,7.02778,6.86112,6.77778,1311.75,970,490.352,970,987.383,28.1484,102.422,105.094,27.75,28.6172,667.322,53.25,1.884,1.22667,2.564,96,3.92157,3.92157,0,21.0938,12.2301,33.75,33.75,34.5
3.7,0,0,0,0,0.974183,0.99997,0.921662,3,1,1,1,0,1,0.981203,0,0,7.02778,6.86112,6.86112,1314.5,970,489.922,970,987.383,28.125,102.422,105.094,28.0781,28.5703,666.404,53.25,1.884,1.22667,2.564,96,3.92157,3.92157,0,21.0781,12.2301,33.75,33.75,33.75
3.733,0,0,0,0,0.971497,0.99997,0.920563,3,1,1,1,0,1,0.981203,0,0,7.02778,6.86112,6.77778,1314.75,970,489.297,970,984.727,28.0781,102.492,105.188,27.75,28.5,666.404,53.25,1.872,1.22133,2.552,96,3.92157,3.92157,0,21.25,12.2301,33.75,33.75,33.75
3.767,0,0,0,0,0.974,0.99997,0.920594,3,1,1,1,0,1,0.983644,0,0,7.02778,6.91667,6.91667,1312.75,970,489.727,970,987.383,28.1016,102.586,105.117,28.2188,28.5234,666.404,53.25,1.992,1.288,2.688,96,3.92157,3.92157,0,21.3594,12.2301,33.75,33.75,33.75
3.8,0,0,0,0,0.973939,0.99997,0.920075,3,1,1,1,0,1,0.986085,0,0,7.02778,6.86112,7.00001,1313.5,970,490.391,970,987.383,28.1484,102.586,105.117,28.5469,28.5703,666.404,53.25,2.004,1.288,2.7,96,3.92157,3.92157,0,21.4531,12.2301,33.75,33.75,34.5
3.833,0,0,0,0,0.971741,0.99997,0.919587,3,1,1,1,0,1,0.988527,0,0,7.02778,6.86112,6.97223,1312.75,970,490.938,970,984.727,28.1953,102.516,105.117,28.5,28.6172,666.404,53.25,2.004,1.296,2.7,96,3.92157,3.92157,0,21.375,12.2301,33.75,33.75,34.5
3.867,0,0,0,0,0.976014,0.99997,0.919007,3,1,1,1,0,1,0.992677,0,0,7.08334,6.88889,7.02778,1315.25,970,493.828,970,987.383,28.4063,102.516,105.211,28.5703,28.5469,666.404,53.25,2.032,1.30933,2.712,96,3.92157,3.92157,0,21.4375,12.2301,33.75,33.75,33.75
3.9,0,0,0,0,0.976075,0.99997,0.91919,3,1,1,1,0,1,0.997072,0,0,7.08334,6.88889,7.19445,1317.5,970,493.945,970,987.383,28.4063,102.516,105.211,29.2734,28.4063,665.467,53.25,2.032,1.288,2.712,96,3.92157,3.92157,0,20.8125,12.2301,33.75,33.75,34.5
3.933,0,0,0,0,0.976624,0.99997,0.918793,3,1,1,1,0,1,1,0,0,7.08334,6.88889,6.80556,1316,970,492.93,970,987.383,28.3359,102.586,105.305,27.7734,28.4297,665.467,53.25,2,1.29067,2.68,96,3.92157,3.92157,0,21,12.2301,33,33,33
3.967,0,0,0,0,0.976624,0.99997,0.917451,3,1,1,1,0,1,1,0,0,7.08334,6.88889,6.77778,1314.75,970,491.367,970,987.383,28.2188,102.656,105.234,27.7266,28.5,665.467,53.25,1.988,1.29067,2.668,96.75,3.92157,3.92157,0,21.4844,12.2301,33,33,33.75
4,0,0,0,0,0.976197,0.99997,0.918061,3,1,1,1,0,1,1,0,0,7.02778,6.88889,6.86112,1315.5,970,491.094,970,987.383,28.2188,102.656,105.234,28.0547,28.5469,665.467,53.25,1.988,1.28533,2.668,96.75,3.92157,3.92157,0,21.4219,12.2301,33,33,33.75
4.033,0,0,0,0,0.976014,0.99997,0.918244,3,1,1,1,0,1,1,0,0,7.02778,6.88889,6.97223,1315,970,491.523,970,987.383,28.2422,102.586,105.211,28.5,28.5469,665.467,53.25,2.004,1.296,2.684,96.75,3.92157,3.92157,0,21.75,12.2301,33,33,33.75
4.067,0,0,0,0,0.975953,0.99997,0.91684,3,1,1,1,0,1,0.995607,0,0,7.02778,6.86112,6.83334,1316.75,970,490.117,970,987.383,28.1484,102.586,105.281,27.9375,28.5,665.467,53.25,1.872,1.22133,2.552,96,3.92157,3.92157,0,21.5,12.2301,33.75,33.75,34.5
4.1,0,0,0,0,0.975831,0.99997,0.917115,3,1,1,1,0,1,0.994142,0,0,7.02778,6.86112,6.83334,1317.25,970,489.766,970,987.383,28.125,102.586,105.281,27.9375,28.4766,664.549,53.25,1.872,1.22133,2.552,96,3.92157,3.92157,0,20.9688,12.2301,33,33,33.75
4.133,0,0,0,0,0.975404,0.99997,0.917481,3,1,1,1,0,1,0.991212,0,0,6.97223,6.86112,7.08334,1317.75,970,489.688,970,987.383,28.1016,102.633,105.234,28.9219,28.5,664.549,53.25,1.892,1.208,2.572,96,3.92157,3.92157,0,21.25,12.2301,33,33,33.75
4.167,0,0,0,0,0.975831,0.99997,0.917176,3,1,1,1,0,1,0.988527,0,0,7.02778,6.86112,6.94445,1316.75,970,490.117,970,987.383,28.1484,102.586,105.281,28.3828,28.5,664.549,53.25,1.888,1.22933,2.568,96,3.92157,3.92157,0,21.1719,12.2301,33,33,33.75
4.2,0,0,0,0,0.976197,0.99997,0.916779,3,1,1,1,0,1,0.986085,0,0,7.02778,6.80556,6.83334,1319.5,970,490.156,970,987.383,28.1484,102.586,105.281,27.8906,28.4766,664.549,53.25,1.88,1.23467,2.56,96,3.92157,3.92157,0,21.1563,12.2301,33.75,33.75,33.75
4.233,0,0,0,0,0.976441,0.99997,0.91684,3,1,1,1,0,1,0.984865,0,0,7.02778,6.86112,6.69445,1320,970,488.828,970,987.383,28.0547,102.633,105.375,27.3047,28.3828,664.549,53.25,1.852,1.208,2.532,96,3.52941,3.92157,0,21.875,12.2301,33.75,33.75,33.75
4.267,0,0,0,0,0.97577,0.99997,0.917054,3,1,1,1,0,1,0.984865,0,0,7.02778,6.80556,6.91667,1319.25,970,488.672,970,987.383,28.0313,102.727,105.375,28.2188,28.4063,664.549,53.25,1.88,1.22133,2.56,96,3.52941,3.92157,0,21.5156,12.2301,33,33,33.75
4.3,0,0,0,0,0.976014,0.99997,0.916474,3,1,1,1,0,1,0.986085,0,0,7.02778,6.86112,6.80556,1318,970,488.281,970,987.383,28.0078,102.727,105.375,27.7969,28.4531,663.631,53.25,1.864,1.22133,2.544,96,3.92157,3.92157,0,21.2656,12.2301,33,33,33.75
4.333,0,0,0,0,0.975892,0.99997,0.915803,3,1,1,1,0,1,0.987306,0,0,7.02778,6.86112,6.91667,1316.75,970,488.672,970,987.383,28.0313,102.727,105.281,28.2656,28.5,663.631,53.25,1.872,1.22133,2.552,96,3.52941,3.92157,0,21.3281,12.2301,33,33,33.75
4.367,0,0,0,0,0.975831,0.99997,0.915436,3,1,1,1,0,1,0.988527,0,0,6.97223,6.86112,6.72223,1318.75,970,486.914,970,987.383,27.9141,102.633,105.352,27.4453,28.4531,663.631,53.25,1.952,1.26667,2.632,96,3.92157,3.92157,0,21.1094,12.2301,33.75,33.75,33.75
4.4,0,0,0,0,0.975404,0.99997,0.914918,3,1,1,1,0,1,0.991212,0,0,6.97223,6.86112,6.83334,1320,970,486.836,970,987.383,27.9141,102.633,105.352,27.8672,28.4063,663.631,53.25,1.96,1.272,2.64,96,3.92157,3.92157,0,21.3281,12.2301,33.75,33.75,33.75
4.433,0,0,0,0,0.975526,0.99997,0.914979,3,1,1,1,0,1,0.994142,0,0,7.02778,6.86112,7.02778,1320,970,488.047,970,987.383,27.9844,102.68,105.398,28.6406,28.3828,663.631,53.25,1.992,1.28533,2.672,96,3.92157,3.92157,0,21.5469,12.2301,33,33,33.75
4.467,0,0,0,0,0.976136,0.99997,0.914918,3,1,1,1,0,1,0.997072,0,0,7.02778,6.86112,6.83334,1320.75,970,488.164,970,987.383,28.0078,102.727,105.492,27.8438,28.3359,663.631,53.25,1.98,1.28267,2.66,96,3.92157,3.92157,0,21.3906,12.2301,33,33,33.75
4.5,0,0,0,0,0.976197,0.99997,0.914338,3,1,1,1,0,1,0.998537,0,0,7.02778,6.86112,6.91667,1321.75,970,488.398,970,987.383,28.0078,102.727,105.492,28.1719,28.3828,662.752,53.25,1.988,1.27467,2.668,96,3.92157,3.92157,0,21.4531,12.2301,33.75,33.75,34.5
4.533,0,0,0,0,0.976441,0.99997,0.914643,3,1,1,1,0,1,1.00171,0,0,7.02778,6.86112,6.75001,1321,970,487.617,970,987.383,27.9609,102.82,105.422,27.5156,28.3828,662.752,53.25,1.968,1.26667,2.648,96,3.92157,3.92157,0,21.0156,12.2301,33.75,33.75,34.5
4.567,0,0,0,0,0.976502,0.99997,0.913972,3,1,1,1,0,1,1.00366,0,0,6.97223,6.80556,6.61112,1320.25,970,486.484,970,987.383,27.8906,102.75,105.398,26.9766,28.4063,662.752,52.5,1.952,1.25867,2.632,96,3.92157,3.92157,0,21.0469,12.2301,33,33,33.75
4.6,0,0,0,0,0.975648,0.99997,0.914735,3,1,1,1,0,1,1.00366,0,0,6.97223,6.86112,6.77778,1321.5,970,486.016,970,987.383,27.8438,102.75,105.398,27.6094,28.4063,662.752,52.5,1.96,1.26667,2.64,96,3.92157,3.92157,0,21.375,12.2301,33,33,33.75
4.633,0,0,0,0,0.97522,0.99997,0.913666,3,1,1,1,0,1,1,0,0,6.97223,6.86112,6.55556,1321.5,970,483.281,970,987.383,27.6563,102.727,105.445,26.7422,28.3594,662.752,52.5,1.844,1.25867,2.524,96,3.92157,3.92157,0,21.2188,12.2301,33.75,33.75,34.5
4.667,0,0,0,0,0.974244,0.99997,0.914155,3,1,1,1,0,1,0.998537,0,0,6.91667,6.83334,6.69445,1320.5,970,483.672,970,987.383,27.6797,103.008,105.398,27.9141,28.4063,662.752,52.5,1.852,1.208,2.532,96,3.92157,3.92157,0,21.6563,12.2301,33.75,33.75,34.5
4.7,0,0,0,0,0.974122,0.99997,0.914216,3,1,1,1,0,1,0.997072,0,0,6.91667,6.83334,6.77778,1321.75,970,482.93,970,987.383,27.6797,103.008,105.398,27.5156,28.4297,661.873,52.5,1.852,1.20267,2.532,96,3.92157,3.92157,0,21.5156,12.2301,33.75,33.75,34.5
4.733,0,0,0,0,0.973756,0.99997,0.914216,3,1,1,1,0,1,0.995607,0,0,6.97223,6.77778,6.72223,1323.25,970,482.305,970,987.383,27.6563,102.75,105.445,27.3047,28.3828,661.873,52.5,1.844,1.2,2.524,96,3.92157,3.92157,0,21.0313,12.2301,33.75,33.75,34.5
4.767,0,0,0,0,0.973145,0.99997,0.91388,3,1,1,1,0,1,0.992677,0,0,6.91667,6.83334,6.88889,1324,970,482.148,970,987.383,27.6328,102.891,105.539,27.9844,28.3359,661.873,52.5,1.856,1.208,2.544,95.25,3.92157,3.92157,0,21.1719,12.2301,33.75,33.75,34.5
4.8,0,0,0,0,0.973023,0.99997,0.914521,3,1,1,1,0,1,0.992677,0,0,6.91667,6.83334,6.66667,1324.75,970,481.289,970,987.383,27.5625,102.891,105.539,27.0938,28.2891,661.873,52.5,1.836,1.208,2.524,95.25,3.92157,3.92157,0,21.0156,12.2301,33.75,33.75,33.75
4.833,0,0,0,0,0.972413,0.99997,0.91446,3,1,1,1,0,1,0.991212,0,0,6.91667,6.83334,6.75001,1321.75,970,481.172,970,987.383,27.5625,102.984,105.445,27.4922,28.3594,661.873,52.5,1.84,1.2,2.528,95.25,3.52941,3.92157,0,21.2031,12.2301,33.75,33.75,33.75
4.867,0,0,0,0,0.971986,0.99997,0.915223,3,1,1,1,0,1,0.991212,0,0,6.91667,6.83334,6.83334,1323.25,970,481.445,970,987.383,27.5859,102.891,105.516,27.7969,28.3594,661.873,52.5,1.852,1.20533,2.54,96,3.92157,3.92157,0,21.75,12.2301,33,33,33.75
4.9,0,0,0,0,0.972108,0.99997,0.914643,3,1,1,1,0,1,0.992677,0,0,6.91667,6.83334,6.83334,1325.75,970,482.422,970,987.383,27.6563,102.891,105.516,27.75,28.3594,660.994,52.5,1.856,1.21333,2.544,96,3.92157,3.92157,0,21.4375,12.2301,33.75,33.75,34.5
4.933,0,0,0,0,0.97223,0.99997,0.914826,3,1,1,1,0,1,0.994142,0,0,6.97223,6.83334,6.77778,1325,970,482.266,970,987.383,27.6328,102.961,105.609,27.5625,28.2891,660.994,52.5,1.848,1.20267,2.536,96,3.92157,3.92157,0,21.3594,12.2301,33.75,33.75,34.5
4.967,0,0,0,0,0.971986,0.99997,0.914399,3,1,1,1,0,1,0.997072,0,0,6.97223,6.86112,6.94445,1324.5,970,483.164,970,987.383,27.7031,103.055,105.609,28.2188,28.2891,660.994,52.5,1.968,1.264,2.648,96,3.92157,3.92157,0,21.2656,12.2301,33.75,33.75,34.5
5,0,0,0,0,0.972108,0.99997,0.91504,3,1,1,1,0,1,1,0,0,6.97223,6.86112,6.83334,1323.5,970,483.281,970,987.383,27.7266,103.055,105.609,27.7969,28.3594,660.994,52.5,1.968,1.272,2.648,96,3.92157,3.92157,0,20.875,12.2301,33.75,33.75,33.75
5.033,0,0,0,0,0.971986,0.99997,0.915223,3,1,1,1,0,1,1.00171,0,0,6.97223,6.86112,6.86112,1322,970,483.594,970,987.383,27.75,103.055,105.469,27.9375,28.4297,660.994,52.5,1.976,1.27467,2.656,96,3.92157,3.92157,0,21.2813,12.2301,33.75,33.75,33.75
5.067,0,0,0,0,0.972169,0.99997,0.915833,3,1,1,1,0,1,1.00488,0,0,6.97223,6.86112,6.80556,1325.25,970,484.102,970,987.383,27.7734,102.914,105.586,27.75,28.3594,660.994,52.5,1.968,1.26933,2.648,96,3.92157,3.92157,0,21.5156,12.2301,33.75,33.75,33.75
5.1,0,0,0,0,0.972047,0.99997,0.916199,3,1,1,1,0,1,1.00733,0,0,7.02778,6.86112,6.91667,1327.25,970,484.688,970,987.383,27.8203,102.914,105.586,28.1719,28.2891,660.135,52.5,1.984,1.28,2.664,96,3.92157,3.92157,0,21.375,12.2301,33.75,33.75,34.5
5.133,0,0,0,0,0.972352,0.99997,0.915742,3,1,1,1,0,1,1.00733,0,0,7.02778,6.86112,7.00001,1325.75,970,486.523,970,987.383,27.9375,103.031,105.68,28.5234,28.2422,660.135,52.5,2,1.28267,2.68,96,3.92157,3.92157,0,21.6094,12.2301,33.75,33.75,33.75
5.167,0,0,0,0,0.972962,0.99997,0.915253,3,1,1,1,0,1,1.00855,0,0,7.02778,6.86112,6.94445,1324,970,487.109,970,987.383,27.9844,103.148,105.539,28.3359,28.3359,660.135,52.5,1.996,1.28533,2.676,96,3.92157,3.92157,0,21.2656,12.2301,33.75,33.75,33.75
5.2,0,0,0,0,0.973511,0.99997,0.917115,3,1,1,1,0,1,1.01001,0,0,7.08334,6.83334,6.63889,1326.5,970,486.602,970,987.383,27.9609,103.148,105.539,27.0938,28.3359,660.135,52.5,1.972,1.29067,2.652,96,3.92157,3.92157,0,20.9375,12.2301,33.75,33.75,33.75
5.233,0,0,0,0,0.973206,0.99997,0.916932,3,1,1,1,0,1,1.00855,0,0,7.02778,6.83334,6.86112,1327.75,970,486.563,970,987.383,27.9609,102.984,105.633,27.9375,28.2656,660.135,52.5,1.984,1.28,2.664,96,3.92157,3.92157,0,21.125,12.2301,33.75,33.75,33.75
5.267,0,0,0,0,0.973572,0.99997,0.917481,3,1,1,1,0,1,1.00611,0,0,7.02778,6.86112,6.83334,1327.75,970,486.875,970,987.383,27.9844,103.078,105.68,27.8203,28.2422,660.135,52.5,1.876,1.21867,2.556,96,3.92157,3.92157,0,21.1563,12.2301,33.75,33.75,33.75
5.3,0,0,0,0,0.973695,0.99997,0.915559,3,1,1,1,0,1,1,0,0,7.02778,6.86112,6.88889,1326.25,970,486.992,970,987.383,27.9844,103.078,105.68,28.0781,28.2891,659.256,52.5,1.884,1.224,2.564,96,3.92157,3.92157,0,21.625,12.2301,33.75,33.75,33.75
5.333,0,0,0,0,0.973756,0.99997,0.916505,3,1,1,1,0,1,0.998537,0,0,7.02778,6.86112,6.72223,1325.5,970,486.055,970,987.383,27.9141,103.148,105.609,27.4219,28.3125,659.256,52.5,1.864,1.22133,2.544,96,3.92157,3.92157,0,21.8125,12.2301,33.75,33.75,33.75
5.367,0,0,0,0,0.973145,0.99997,0.916382,3,1,1,1,0,1,0.995607,0,0,7.02778,6.86112,6.91667,1328,970,486.367,970,987.383,27.9375,103.055,105.68,28.125,28.2656,659.256,52.5,1.884,1.224,2.564,95.25,3.92157,3.92157,0,21.2969,12.2301,33.75,33.75,33.75
5.4,0,0,0,0,0.973572,0.99997,0.916627,3,1,1,1,0,1,0.994142,0,0,7.08334,6.86112,6.88889,1329.75,970,487.5,970,987.383,28.0078,103.055,105.68,27.9844,28.2656,659.256,52.5,1.896,1.232,2.576,95.25,3.92157,3.92157,0,21.0469,12.2301,33.75,33.75,33.75
5.433,0,0,0,0,0.973878,0.99997,0.917268,3,1,1,1,0,1,0.992677,0,0,7.08334,6.86112,6.83334,1329,970,487.148,970,987.383,27.9844,103.125,105.75,27.7969,28.2422,659.256,52.5,1.884,1.22133,2.564,95.25,3.92157,3.92157,0,21.2188,12.2301,33.75,33.75,33.75
5.467,0,0,0,0,0.974061,0.99997,0.917023,3,1,1,1,0,1,0.991212,0,0,7.08334,6.86112,6.80556,1327.25,970,487.617,970,987.383,28.0313,103.195,105.656,27.7266,28.2188,659.256,52.5,1.884,1.23733,2.564,95.25,3.92157,3.92157,0,21.125,12.2301,33.75,33.75,33.75
5.5,0,0,0,0,0.974244,0.99997,0.916901,3,1,1,1,0,1,0.992677,0,0,7.08334,6.86112,6.66667,1328.75,970,486.211,970,987.383,27.9141,103.195,105.656,27.1406,28.2422,658.397,52.5,1.864,1.22133,2.544,95.25,3.92157,3.92157,0,21.5781,12.2301,33.75,33.75,33.75
5.533,0,0,0,0,0.973756,0.99997,0.916596,3,1,1,1,0,1,0.994142,0,0,7.02778,6.83334,6.88889,1329,970,486.328,970,987.383,27.9375,103.102,105.727,28.0078,28.2656,658.397,52.5,1.88,1.22133,2.56,95.25,3.92157,3.92157,0,21.4375,12.2301,33.75,33.75,33.75
5.567,0,0,0,0,0.974061,0.99997,0.915009,3,1,1,1,0,1,0.994142,0,0,7.08334,6.86112,6.91667,1330.75,970,486.797,970,987.383,27.9609,103.148,105.773,28.1016,28.1953,658.397,52.5,2,1.288,2.68,95.25,3.92157,3.92157,0,21.5469,12.2301,33.75,33.75,33.75
5.6,0,0,0,0,0.974366,0.99997,0.91565,3,1,1,1,0,1,0.997072,0,0,7.08334,6.86112,6.94445,1330.25,970,487.148,970,987.383,27.9844,103.148,105.773,28.1953,28.1719,658.397,52.5,2.004,1.29067,2.684,95.25,3.92157,3.92157,0,21.4219,12.2301,33,33,33.75
5.633,0,0,0,0,0.974061,0.99997,0.915467,3,1,1,1,0,1,0.998537,0,0,7.02778,6.83334,6.72223,1329.5,970,485.156,970,987.383,27.8438,103.195,105.773,27.3281,28.1719,658.397,52.5,1.972,1.272,2.652,95.25,3.92157,3.92157,0,21,12.2301,33,33,33.75
5.667,0,0,0,0,0.973511,0.99997,0.914521,3,1,1,1,0,1,1,0,0,7.02778,6.83334,6.88889,1331.25,970,485.039,970,987.383,27.8438,103.195,105.773,27.9609,28.1719,658.397,52.5,1.98,1.27467,2.66,95.25,3.92157,3.92157,0,21.1406,12.2301,33,33,33.75
5.7,0,0,0,0,0.973572,0.99997,0.91446,3,1,1,1,0,1,1.00171,0,0,7.02778,6.83334,6.88889,1332,970,485.195,970,987.383,27.8438,103.195,105.773,27.9609,28.1719,657.537,52.5,1.98,1.27733,2.66,95.25,3.92157,3.92157,0,21.3906,12.2301,33.75,33.75,33.75
5.733,0,0,0,0,0.973878,0.99997,0.913361,3,1,1,1,0,1,1.00171,0,0,7.02778,6.86112,6.83334,1329.5,970,485.078,970,987.383,27.8438,103.195,105.75,27.7734,28.2188,657.537,52.5,1.984,1.28,2.664,95.25,3.92157,3.92157,0,21.2969,12.2301,33.75,33.75,33.75
5.767,0,0,0,0,0.973695,0.99997,0.912781,3,1,1,1,0,1,1.00171,0,0,7.08334,6.83334,6.88889,1331.25,970,485.977,970,987.344,27.9141,103.172,105.797,28.5703,28.1719,657.537,52.5,2,1.29067,2.688,96,3.92157,3.92157,0,21.4844,12.2301,33.75,33.75,34.5
5.8,0,0,0,0,0.974427,0.99997,0.913148,3,1,1,1,0,1,1.00171,0,0,7.02778,6.83334,7.00001,1330,970,486.563,970,987.383,27.9375,103.172,105.797,28.3125,28.2188,657.537,52.5,2,1.288,2.688,96,3.92157,3.92157,0,21.3281,12.2301,33.75,33.75,33.75
5.833,0,0,0,0,0.974732,0.99997,0.912385,3,1,1,1,0,1,0.998537,0,0,7.08334,6.86112,7.02778,1332.75,970,486.797,970,987.383,27.9609,103.219,105.867,28.4063,28.1484,657.537,52.5,1.908,1.27733,2.596,96,3.92157,3.92157,0,21.125,12.2301,33.75,33.75,33.75
5.867,0,0,0,0,0.975159,0.99997,0.91272,3,1,1,1,0,1,0.997072,0,0,7.08334,6.86112,6.91667,1334.75,970,486.797,970,987.383,27.9609,103.289,105.938,27.9609,28.0781,657.537,52.5,1.884,1.22133,2.564,95.25,3.92157,3.92157,0,21.3438,12.2301,33.75,33.75,33.75
5.9,0,0,0,0,0.974915,0.99997,0.912751,3,1,1,1,0,1,0.995607,0,0,7.08334,6.86112,7.05556,1334.25,970,486.797,970,987.383,27.9609,103.289,105.938,28.5469,28.0781,656.697,52.5,1.892,1.21067,2.572,95.25,3.92157,3.92157,0,21.0938,12.2301,34.5,34.5,34.5
5.933,0,0,0,0,0.975281,0.99997,0.911591,3,1,1,1,0,1,0.992677,0,0,7.08334,6.86112,6.83334,1332,970,486.367,970,987.383,27.9375,103.336,105.914,27.7031,28.1719,656.697,52.5,1.876,1.216,2.556,95.25,3.92157,3.92157,0,21.3594,12.2301,34.5,34.5,34.5
5.967,0,0,0,0,0.974671,0.99997,0.911805,3,1,1,1,0,1,0.989992,0,0,7.02778,6.86112,6.83334,1329.5,970,484.961,970,987.383,27.8438,103.313,105.75,27.7734,28.2188,656.697,52.5,1.864,1.21333,2.544,95.25,3.92157,3.92157,0,21.875,12.2301,33.75,33.75,33.75
6,0,0,0,0,0.974549,0.99997,0.911805,3,1,1,1,0,1,0.988527,0,0,7.02778,6.83334,6.97223,1331.25,970,485.625,970,987.383,27.8906,103.313,105.75,28.2891,28.1953,656.697,52.5,1.88,1.22133,2.56,95.25,3.92157,3.92157,0,21.2969,12.2301,33.75,33.75,34.5
6.033,0,0,0,0,0.974854,0.99997,0.911591,3,1,1,1,0,1,0.987306,0,0,7.08334,6.80556,6.94445,1334.75,970,485.82,970,987.383,27.8906,103.172,105.914,28.1016,28.1484,656.697,52.5,1.884,1.216,2.564,95.25,3.92157,3.92157,0,21.1094,12.2301,33.75,33.75,33.75
6.067,0,0,0,0,0.97522,0.99997,0.911195,3,1,1,1,0,1,0.986085,0,0,7.08334,6.86112,6.83334,1335,970,485.469,970,987.383,27.8672,103.313,105.938,27.6797,28.1016,656.697,52.5,1.868,1.21333,2.548,95.25,3.92157,3.92157,0,21.0313,12.2301,34.5,34.5,33.75
6.1,0,0,0,0,0.975404,0.99997,0.91092,3,1,1,1,0,1,0.987306,0,0,7.08334,6.86112,6.88889,1333.25,970,486.172,970,987.383,27.9141,103.313,105.938,27.9141,28.1016,655.838,52.5,1.876,1.22667,2.556,95.25,3.52941,3.92157,0,21.0469,12.2301,33.75,33.75,33.75
6.133,0,0,0,0,0.975709,0.99997,0.909608,3,1,1,1,0,1,0.988527,0,0,7.08334,6.86112,7.02778,1334,970,486.992,970,987.383,27.9844,103.336,105.867,28.4531,28.125,655.838,52.5,1.888,1.22667,2.568,95.25,3.92157,3.92157,0,21.4688,12.2301,33,33,33.75
6.167,0,0,0,0,0.976014,0.99997,0.90973,3,1,1,1,0,1,0.991212,0,0,7.08334,6.86112,6.94445,1335.25,970,486.602,970,987.383,27.9609,103.289,105.938,28.1016,28.125,655.838,52.5,1.98,1.27733,2.66,95.25,3.92157,3.52941,0,21.5625,12.2301,34.5,34.5,34.5
6.2,0,0,0,0,0.976136,0.99997,0.909547,3,1,1,1,0,1,0.992677,0,0,7.08334,6.88889,6.72223,1336.5,970,485.391,970,987.383,27.8672,103.289,105.938,27.2109,28.0313,655.838,52.5,1.956,1.27733,2.636,95.25,3.92157,3.52941,0,21.5469,12.2301,33.75,33.75,33.75
6.233,0,0,0,0,0.975526,0.99997,0.909058,3,1,1,1,0,1,0.994142,0,0,7.08334,6.86112,6.75001,1337.25,970,484.492,970,987.383,27.7969,103.313,106.031,27.3047,28.0313,655.838,52.5,1.956,1.264,2.636,95.25,3.52941,3.52941,0,21.4844,12.2301,33.75,33.75,33.75
6.267,0,0,0,0,0.974793,0.99997,0.908967,3,1,1,1,0,1,0.998537,0,0,7.02778,6.86112,6.86112,1334.25,970,483.828,970,987.383,27.75,103.406,105.914,27.7969,28.125,655.838,52.5,1.96,1.26667,2.648,95.25,3.52941,3.52941,0,20.875,12.2301,33,33,33.75
6.3,0,0,0,0,0.974732,0.99997,0.908692,3,1,1,1,0,1,1,0,0,7.02778,6.86112,6.80556,1336,970,483.242,970,987.383,27.7031,103.406,105.914,27.5391,28.1484,654.998,52.5,1.952,1.264,2.64,95.25,3.92157,3.52941,0,21.1094,12.2301,33.75,33.75,33.75
6.333,0,0,0,0,0.974549,0.99997,0.908265,3,1,1,1,0,1,1.00171,0,0,7.02778,6.83334,6.77778,1338,970,482.734,970,987.383,27.6797,103.313,105.984,27.3984,28.0313,654.998,52.5,1.952,1.26133,2.64,95.25,3.92157,3.92157,0,21.4531,12.2301,34.5,34.5,33.75
6.367,0,0,0,0,0.974305,0.99997,0.908356,3,1,1,1,0,1,1.00366,0,0,7.02778,6.80556,6.77778,1336.25,970,482.188,970,987.383,27.6328,103.359,105.984,27.4219,27.2813,654.998,52.5,1.952,1.264,2.632,95.25,3.92157,3.92157,0,21.375,11.87,34.5,34.5,34.5
6.4,0,0,0,0,0.974244,0.99997,0.907777,3,1,1,1,0,1,1,0,0,7.02778,6.80556,6.77778,1336.5,970,481.836,970,987.383,27.6094,103.359,105.984,27.4219,27.3047,654.998,52.5,1.952,1.26133,2.632,95.25,3.92157,3.52941,0,21.8281,11.87,34.5,34.5,34.5
6.433,0,0,0,0,0.974244,0.99997,0.908417,3,1,1,1,0,1,1,0,0,7.02778,6.77778,6.86112,1335.5,970,482.07,970,987.383,27.6328,103.359,105.961,27.7734,27.3281,654.998,52.5,1.956,1.264,2.636,95.25,3.52941,3.52941,0,21.2344,11.87,34.5,34.5,34.5
6.467,0,0,0,0,0.974549,0.99997,0.907777,3,1,1,1,0,1,0.998537,0,0,6.97223,6.63889,6.69445,1336,970,480.352,970,987.383,27.5156,103.336,105.984,27.0938,27.3281,654.998,52.5,1.828,1.192,2.508,95.25,3.52941,3.52941,0,21.0313,11.87,34.5,34.5,34.5
6.5,0,0,0,0,0.97461,0.99997,0.907105,3,1,1,1,0,1,0.995607,0,0,6.97223,6.63889,6.41667,1339,970,476.523,970,987.383,27.2344,103.336,105.984,25.9453,27.3047,654.158,52.5,1.784,1.18133,2.464,95.25,3.52941,3.52941,0,21.2031,11.87,33.75,33.75,33.75
6.533,0,0,0,0,0.973817,0.99997,0.907288,3,1,1,1,0,1,0.994142,0,0,6.91667,6.58334,6.47223,1339.5,970,474.844,970,987.383,27.1172,103.359,106.078,26.1797,27.2578,654.158,52.5,1.788,1.168,2.468,95.25,3.52941,3.52941,0,20.9063,11.87,33.75,33.75,34.5
6.567,0,0,0,0,0.972962,0.99997,0.907563,3,1,1,1,0,1,0.991212,0,0,6.86112,6.63889,6.52778,1337.5,970,472.734,970,987.383,26.9531,103.453,106.055,26.4141,27.3984,654.158,52.5,1.788,1.168,2.468,95.25,3.52941,3.52941,0,21.2969,11.87,33.75,33.75,33
6.6,0,0,0,0,0.972474,0.99997,0.907685,3,1,1,1,0,1,0.989992,0,0,6.86112,6.63889,6.50001,1336.75,970,471.719,970,987.383,26.8828,103.453,106.055,26.3203,26.7188,654.158,52.5,1.784,1.168,2.464,95.25,3.52941,3.52941,0,21.6719,11.5099,34.5,34.5,32.25
6.633,0,0,0,0,0.971925,0.99997,0.907044,3,1,1,1,0,1,0.987306,0,0,6.80556,6.63889,6.52778,1335,970,471.055,970,987.383,26.8359,103.43,105.938,26.4609,26.7891,654.158,52.5,1.776,1.16267,2.456,95.25,3.52941,3.52941,0,21.2969,11.5099,34.5,34.5,32.25
6.667,0,0,0,0,0.970948,0.99997,0.907471,3,1,1,1,0,1,0.987306,0,0,6.80556,6.55556,6.69445,1337.75,970,470.273,970,987.383,26.7891,103.313,106.031,27.0703,25.8516,654.158,52.5,1.78,1.16533,2.46,95.25,3.52941,3.52941,0,21.3594,11.1498,34.5,34.5,32.25
6.7,0,0,0,0,0.97107,0.99997,0.906129,3,1,1,1,0,1,0.987306,0,0,6.75001,6.41667,6.25,1337.75,970,467.969,970,987.383,26.625,103.313,106.031,25.3359,25.8516,653.358,52.5,1.74,1.13867,2.42,95.25,3.52941,3.52941,0,21.0313,11.1498,34.5,34.5,35.25
6.733,0,0,0,0,0.970338,0.99997,0.906068,3,1,1,1,0,1,0.988527,0,0,6.69445,6.30556,6.25,1338.25,970,463.906,970,987.383,26.3203,103.406,106.102,25.3125,25.8047,653.358,52.5,1.792,1.17867,2.472,95.25,3.13726,3.13726,0,21,11.1498,33.75,33.75,34.5
6.767,0,0,0,0,0.969971,0.99997,0.906098,3,1,1,1,0,1,0.991212,0,0,6.63889,6.30556,6.11112,1337.75,970,460.117,970,987.383,26.0625,103.477,106.125,24.7734,25.7813,653.358,52.5,1.78,1.18133,2.46,95.25,3.13726,3.13726,0,21.4063,11.1498,34.5,34.5,34.5
6.8,0,0,0,0,0.969422,0.99997,0.906312,3,1,1,1,0,1,0.994142,0,0,6.61112,6.27778,6.27778,1335.75,970,459.18,970,987.383,25.9922,103.477,106.125,25.4766,25.8516,653.358,52.5,1.792,1.16267,2.472,95.25,3.13726,3.13726,0,21.3281,11.1498,35.25,35.25,35.25
6.833,0,0,0,0,0.969117,0.99997,0.906007,3,1,1,1,0,1,0.995607,0,0,6.55556,6.27778,6.11112,1335,970,457.383,970,987.383,25.8516,103.477,105.938,24.8438,25.9219,653.358,52.5,1.772,1.15733,2.452,95.25,3.13726,3.13726,0,21.6406,11.1498,35.25,35.25,36
6.867,0,0,0,0,0.96814,0.99997,0.905457,3,1,1,1,0,1,0.998537,0,0,6.50001,6.30556,6.08334,1339,970,453.789,970,987.383,25.5938,103.313,106.078,24.6563,25.8516,653.358,52.5,1.748,1.144,2.436,95.25,3.13726,3.13726,0,21.1719,11.1498,35.25,35.25,35.25
6.9,0,0,0,0,0.967347,0.99997,0.905091,3,1,1,1,0,1,1,0,0,6.50001,6.27778,6.19445,1338.75,970,453.008,970,987.383,25.5469,103.313,106.078,25.1016,25.8281,652.557,52.5,1.756,1.152,2.444,95.25,3.13726,3.13726,0,21.0313,11.1498,35.25,35.25,36
6.933,0,0,0,0,0.967042,0.99997,0.904603,3,1,1,1,0,1,1.00171,0,0,6.50001,6.22223,6.13889,1336.25,970,451.211,970,987.383,25.4297,103.43,106.078,24.9141,25.8516,652.557,52.5,1.748,1.14933,2.436,95.25,3.13726,3.13726,0,21.0469,11.1498,34.5,34.5,36
6.967,0,0,0,0,0.966675,0.99997,0.904755,3,1,1,1,0,1,1.00366,0,0,6.44445,6.22223,6.22223,1336.5,970,450.898,970,987.383,25.4063,103.43,105.984,25.2422,25.9922,652.557,52.5,1.752,1.14933,2.44,95.25,3.13726,3.13726,0,21.1563,11.1498,34.5,34.5,33.75
7,0,0,0,0,0.966981,0.99997,0.904542,3,1,1,1,0,1,1.00366,0,0,6.44445,6.22223,6.16667,1338.25,970,450.586,970,987.383,25.3828,103.43,105.984,24.9844,26.0156,652.557,52.5,1.748,1.15733,2.436,95.25,3.13726,3.13726,0,21.3125,11.1498,35.25,35.25,33
7.033,0,0,0,0,0.966981,0.99997,0.905823,3,1,1,1,0,1,1.00488,0,0,6.44445,6.27778,6.08334,1339.25,970,449.414,970,987.383,25.2891,103.336,106.055,24.6563,25.9688,652.557,52.5,1.736,1.13867,2.424,95.25,3.13726,3.13726,0,21.7813,11.1498,35.25,35.25,33
7.067,0,0,0,0,0.966126,0.99997,0.90619,3,1,1,1,0,1,1.00366,0,0,6.38889,6.27778,6.02778,1335.75,970,447.383,970,987.383,25.1484,103.406,105.961,24.4922,25.875,652.557,52.5,1.632,1.07733,2.312,95.25,3.13726,3.13726,0,21.25,11.1498,35.25,35.25,33.75
7.1,0,0,0,0,0.964967,0.99997,0.905915,3,1,1,1,0,1,1.00171,0,0,6.33334,6.25,6.08334,1334.25,970,446.758,970,987.383,25.1016,103.406,105.961,24.75,25.9688,651.795,52.5,1.636,1.08267,2.316,95.25,3.13726,3.13726,0,21.2031,11.1498,35.25,35.25,35.25
7.133,0,0,0,0,0.964234,0.99997,0.906678,3,1,1,1,0,1,1.00171,0,0,6.33334,6.25,6.19445,1334.5,970,446.602,970,987.383,25.1016,103.313,105.961,25.1719,25.9453,651.795,52.5,1.648,1.08267,2.328,95.25,3.13726,3.13726,0,21.3281,11.1498,35.25,35.25,35.25
7.167,0,0,0,0,0.963929,0.99997,0.906159,3,1,1,1,0,1,0.998537,0,0,6.38889,6.19445,6.22223,1337.25,970,446.797,970,987.383,25.1016,103.313,106.031,25.2422,25.9219,651.795,52.5,1.652,1.09067,2.332,95.25,3.13726,3.13726,0,21.0313,11.1498,35.25,35.25,35.25
7.2,0,0,0,0,0.964173,0.99997,0.907014,3,1,1,1,0,1,0.998537,0,0,6.38889,6.25,6.16667,1337.75,970,447.422,970,987.383,25.1484,103.313,106.031,25.0078,26.0156,651.795,52.5,1.652,1.10133,2.332,95.25,3.13726,3.13726,0,21.4531,11.1498,34.5,34.5,33.75
7.233,0,0,0,0,0.961426,0.99997,0.907624,3,1,1,1,0,1,0.998537,0,0,6.38889,6.25,6.25,1337.75,970,447.695,970,984.727,25.1719,103.383,106.031,25.3359,25.9922,651.795,52.5,1.656,1.09333,2.336,95.25,3.13726,3.13726,0,18.6719,11.1498,34.5,34.5,33.75
7.267,0,0,0,0,0.964478,0.99997,0.909608,3,1,1,1,0,1,1,0,0,6.38889,6.25,6.22223,1334.75,970,448.711,970,987.383,25.2422,103.383,105.938,25.1484,26.0156,651.795,52.5,1.664,1.096,2.344,95.25,3.13726,3.13726,0,17.1563,11.1498,34.5,34.5,33
7.3,0,0,0,0,0.964539,0.99997,0.909821,3,1,1,1,0,1,1.00171,0,0,6.38889,6.25,6.25,1335.25,970,448.75,970,987.383,25.2422,103.383,105.938,25.2891,26.0859,651.014,52.5,1.66,1.096,2.34,95.25,3.13726,3.13726,0,14.4219,11.1498,33.75,33.75,31.5
7.333,0,0,0,0,0.964234,0.99997,0.909974,3,1,1,1,0,1,1.00366,0,0,6.38889,6.25,6.16667,1336,970,447.617,970,987.383,25.7813,103.242,105.984,24.9844,25.9219,651.014,52.5,1.772,1.088,2.452,95.25,3.13726,3.13726,0,13,11.1498,33,33,33
7.367,0,0,0,0,0.963502,0.99997,0.911683,3,1,1,1,0,1,1.00855,0,0,6.50001,6.25,6.13889,1336.5,970,446.211,970,987.383,25.6641,103.898,105.984,24.8906,25.8984,651.014,52.5,1.784,1.16533,2.472,95.25,3.13726,3.13726,0,11.25,11.1498,33,33,33
7.4,0,0,0,0,0.963135,0.99997,0.91269,3,1,1,1,0,1,1.01148,0,0,6.63889,6.25,6.19445,1335.25,970,443.984,970,987.383,26.0859,103.898,105.984,25.1484,25.8984,651.014,52.5,1.816,1.192,2.504,95.25,3.13726,3.13726,0,10.6563,11.1498,32.25,32.25,30.75
7.433,0,0,0,0,0.960389,0.99997,0.912965,3,1,1,1,0,1,1.01489,0,0,6.75001,6.22223,6.25,1334.5,970,443.828,970,984.727,26.7656,103.852,105.938,25.9922,26.0625,651.014,52.5,1.876,1.224,2.564,95.25,3.13726,3.13726,0,9.78125,11.1498,32.25,32.25,30.75
7.467,0,0,0,0,0.96399,0.99997,0.914429,3,1,1,1,0,1,1.01831,0,0,6.75001,6.27778,6.02778,1337.5,970,438.711,970,987.383,26.3906,103.992,106.031,24.2109,26.0625,651.014,52.5,1.816,1.18133,2.496,95.25,3.13726,3.13726,0,8.48438,11.1498,30.75,30.75,30
7.5,0,0,0,0,0.963196,0.99997,0.916382,3,1,1,1,0,1,1.02319,0,0,6.69445,6.27778,6.25,1338,970,436.758,970,987.383,26.5781,103.992,106.031,25.1484,25.9688,650.233,52.5,1.844,1.18133,2.524,95.25,3.13726,3.13726,0,7.28125,11.1498,30.75,30.75,30
7.533,0,0,0,0,0.962952,0.99997,0.916871,3,1,1,1,0,1,1.0249,0,0,6.69445,6.27778,6.25,1336.5,970,434.609,970,987.383,26.4141,103.664,105.984,25.2188,25.9922,650.233,52.5,1.84,1.19733,2.52,95.25,3.13726,3.13726,0,6.64063,11.1498,30.75,30.75,30
7.567,0,0,0,0,0.959901,0.99997,0.917664,3,1,1,1,0,1,1.02661,0,0,6.69445,6.33334,6.38889,1334.75,970,431.563,970,984.727,26.4844,103.594,105.938,25.8516,26.0625,650.233,52.5,1.852,1.20533,2.532,95.25,3.13726,3.13726,0,5.59375,11.1498,30.75,30.75,29.25
7.6,0,0,0,0,0.960389,0.99997,0.919831,3,1,1,1,0,1,1.02661,0,0,6.75001,6.27778,6.30556,1334.75,970,430.547,970,984.727,26.6484,103.594,105.938,26.0156,26.8125,650.233,52.5,1.88,1.22933,2.56,95.25,3.52941,3.13726,0,5.375,11.5099,29.25,29.25,28.5
7.633,0,0,0,0,0.963746,0.99997,0.920899,3,1,1,1,0,1,1.0249,0,0,6.80556,6.36112,6.38889,1334.25,970,428.984,970,987.383,26.8594,103.547,105.938,25.6641,26.7656,650.233,52.5,1.876,1.21867,2.556,95.25,3.52941,3.13726,0,5.04688,11.5099,30,30,28.5
7.667,0,0,0,0,0.963685,0.99997,0.921479,3,1,1,1,0,1,1.02149,0,0,6.75001,6.52778,6.25,1335,970,424.219,970,987.383,26.6953,103.617,105.938,25.2188,26.7422,650.233,52.5,1.756,1.15733,2.436,95.25,3.52941,3.52941,0,4.76563,11.5099,30,30,28.5
7.7,0,0,0,0,0.960023,0.99997,0.921906,3,1,1,1,0,1,1.01831,0,0,6.75001,6.44445,6.55556,1334.5,970,424.805,970,984.727,26.7188,103.617,105.938,27.0938,27.4688,649.412,52.5,1.796,1.14933,2.476,95.25,3.52941,3.52941,0,4.28125,11.87,30,30,27.75
7.733,0,0,0,0,0.96106,0.99997,0.922761,3,1,1,1,0,1,1.01489,0,0,6.75001,6.47223,6.44445,1333.75,970,424.531,970,984.727,26.7188,103.5,105.891,26.5547,27.4922,649.412,52.5,1.788,1.168,2.468,95.25,3.52941,3.52941,0,3.20313,11.87,30,30,27.75
7.767,0,0,0,0,0.961426,0.99997,0.922425,3,1,1,1,0,1,1.00611,0,0,6.75001,6.69445,6.41667,1334,970,423.359,970,984.727,26.6953,103.336,105.914,26.2734,29.625,649.412,52.5,1.788,1.168,2.476,95.25,3.92157,3.52941,0,2.73438,12.9488,29.25,29.25,27.75
7.8,0,0,0,0,0.96106,0.99997,0.920472,3,1,1,1,0,1,0.997072,0,0,6.86112,6.77778,6.88889,1335.25,970,425.469,970,984.727,27.0234,103.336,105.914,28.0547,31.6641,649.412,52.5,1.84,1.20267,2.528,95.25,3.92157,4.31373,0,2.28125,14.0276,28.5,28.5,27
7.833,0,0,0,0,0.961304,0.99997,0.92096,3,1,1,1,0,1,0.992677,0,0,6.86112,7.55556,7.30556,1336,970,431.094,970,984.727,27.6328,103.5,105.984,29.6016,35.0156,649.412,52.5,1.916,1.24533,2.604,95.25,4.31373,4.70588,0,2.15625,15.8266,29.25,29.25,27
7.867,0,0,0,0,0.960328,0.99997,0.921387,3,1,1,1,0,1,0.989992,0,0,7.13889,8.97223,8.83334,1335.75,970,449.844,970,984.727,29.1094,103.523,105.938,35.5781,41.8359,649.412,52.5,2.176,1.30133,2.856,95.25,5.4902,5.4902,0,2.23438,19.6032,29.25,29.25,26.25
7.9,0,0,0,0,0.959901,0.99997,0.919953,3,1,1,1,0,1,0.988527,0,0,7.38889,10.0556,9.69445,1335.25,970,465.195,970,984.727,30.1875,103.523,105.938,38.9531,47.2266,648.631,52.5,2.324,1.39734,3.004,95.25,6.27451,6.66667,0,1.98438,22.8412,28.5,28.5,33.75
7.933,0,0,0,0,0.956605,0.99997,0.918793,3,1,1,1,0,1,0.988527,0,0,7.97223,10.6667,10.4445,1336.75,970,484.297,970,982.109,31.5469,103.477,106.008,42.4219,52.2188,648.631,52.5,2.54,1.62667,3.22,95.25,7.05883,7.45098,0,1.51563,25.719,28.5,28.5,33
7.967,0,0,0,0,0.953248,0.99997,0.917329,3,1,1,1,0,1,0.988527,0,0,8.83334,11.6945,12.1111,1342,970,528.359,970,979.453,34.7109,103.383,106.195,48.375,58.5469,648.631,52.5,2.984,1.912,3.672,95.25,8.2353,8.62745,0,1.09375,29.6757,27.75,27.75,31.5
8,-1.5,0,-1.5,0,0.951478,0.99997,0.91684,3,1,1,1,0,1,0.992677,0,0,9.36112,13.25,12.9722,1344.25,970,555.508,970,976.836,36.6797,103.383,106.195,52.1016,62.8828,648.631,52.5,3.148,2.01867,3.836,95.25,9.01961,9.80392,-0.75,0.65625,32.3735,27,27,30.75
8.033,-1.5,0,-1.5,0,0.951112,0.99997,0.916749,3,1,1,1,0,1,0.997072,0,0,9.91667,15.1945,14.6389,1351.25,1010,615.391,970,976.836,40.9453,103.617,106.406,58.5938,66.0703,648.631,52.5,3.52,2.13334,4.208,95.25,9.80392,10.1961,-0.75,1.0625,34.1725,24.75,24.75,22.5
8.067,-1.5,0,-1.5,0,0.947755,0.99997,1.00592,3,1,1,1,0,1,1.01489,0,0,11.1389,16.0833,15.7778,1356,1070,676.289,970,974.18,45.3984,104.016,106.734,62.7656,70.0313,648.631,52.5,4.136,2.46134,4.816,95.25,10.9804,10.9804,-0.75,0.96875,37.0504,22.5,22.5,21
8.1,-1.5,0,-1.5,0,0.947694,0.99997,1.00708,3,1,1,1,0,1,1.0249,0,0,11.7222,17.1667,16.1945,1357,1140,705.469,970,974.18,47.4609,104.016,106.734,64.0781,74.8125,647.889,52.5,4.288,2.58934,4.968,95.25,11.7647,12.1569,-0.75,0.921875,40.2868,19.5,19.5,21
8.133,-1.5,0,-1.5,0,0.946351,0.99997,1.00775,3,1,1,1,0,1,1.03003,0,0,12.8333,17.4167,16.8889,1359.25,1210,735.117,970,974.18,49.5938,104.086,106.828,66.4453,80.0391,647.889,52.5,4.476,2.77067,5.156,95.25,12.549,12.9412,-0.75,0.859375,43.5248,19.5,19.5,20.25
8.167,-1.5,0,-1.5,0,0.942445,0.99997,1.01074,3,1,1,1,0,1,1.03589,0,0,13.8611,18.1945,17.4167,1364.5,1280,787.969,970,971.523,53.3672,104.18,107.016,68.6016,85.7813,647.889,52.5,4.532,2.86667,5.212,95.25,14.902,14.902,-0.75,0.65625,48.2017,18,18,18
8.2,-1.5,0,-1.5,0,0.940675,0.99997,1.01105,3,1,1,1,0,1,1.03003,0,0,14.3889,18.8889,18.0833,1366,1320,815.273,970,971.523,55.3125,104.18,107.016,70.8516,89.5078,647.889,52.5,4.536,2.88,5.216,95.25,16.0784,16.4706,-0.75,0.421875,50.8994,15,15,17.25
8.233,-1.5,0,-1.5,0,0.941346,0.99997,1.01596,3,1,1,1,0,1,1.03394,0,5.85938,15.3333,18.8056,18.4445,1373.5,1360,863.125,970,974.18,58.7344,104.344,107.18,70.9453,93.375,647.889,52.5,4.82,3.104,5.5,95.25,17.2549,18.4314,-0.75,0.546875,54.1374,13.5,13.5,15.75
8.267,-1.5,0,-1.5,0,0.93982,0.99997,1.01852,3,1,1,1,0,1,1.03003,0,12.1094,15.7222,17.8889,19.75,1370.75,1370,909.883,970,974.18,62.0625,104.461,107.203,76.125,95.5781,647.889,53.25,5.436,3.28267,6.116,95.25,20,26.2745,-0.75,0.6875,56.115,12,12,26.25
8.3,-1.5,0,-0.75,0,0.944947,0.99997,1.02484,3,1,1,1,0,1,1.04004,0,12.1094,16.1945,16.8056,19.3333,1374.5,1410,928.945,970,974.18,63.4453,104.461,107.203,74.2734,98.3203,647.186,53.25,5.376,3.62134,6.056,95.25,29.4118,42.7451,-0.75,0.765625,57.914,12.75,12.75,18.75
8.333,-1.5,0,-0.75,0,0.957337,0.99997,1.02805,3,1,1,1,0,1,1.05005,0,18.3594,17.2778,17.0278,21.7222,1380.25,1440,959.219,970,971.523,65.6016,104.531,107.602,82.8281,100.102,647.186,53.25,5.228,3.52,5.908,95.25,43.9216,55.2941,0,0.625,59.1729,10.5,10.5,12.75
8.367,-1.5,0,-0.75,0,0.98755,0.99997,1.03177,3,1,1,1,0,1,1.05469,0,21.875,18.0556,17.8056,20,1391.5,1470,994.57,970,976.836,68.1328,104.906,108,75.0938,102.305,647.186,53.25,5.472,3.68534,6.16,95.25,59.2157,67.8432,0,0.484375,60.9719,8.25,8.25,8.25
8.4,-1.5,0,-0.75,0,0.998841,0.99997,1.03876,3,1,1,1,0,1,1.07105,0,21.875,18.2778,18.9445,19.1667,1398.5,1490,1003.32,970,979.453,68.7891,104.906,108,70.6406,103.711,647.186,53.25,5.436,3.68267,6.124,95.25,68.6275,72.549,0,0.359375,61.6906,8.25,8.25,9
8.433,-1.5,0,-0.75,0,1.00299,0.99997,1.03906,3,1,1,1,0,1,1.06177,0,22.6563,18.3889,18.4445,19.3611,1396,1500,1006.95,970,982.109,69.0469,105.258,108.258,71.1328,104.695,647.186,53.25,5.392,3.63467,6.08,95.25,74.5098,72.9412,0,0.375,61.6906,9.75,9.75,11.25
8.467,-1.5,0,-0.75,0,1.0094,0.99997,1.05002,3,1,1,1,0,1,1.07349,0,24.2188,18.6111,18.5556,19.5556,1405.5,1510,1013.91,970,984.727,69.5625,105.492,108.516,71.3906,105.258,647.186,53.25,5.392,3.632,6.08,95.25,74.1177,73.7255,0,0.5625,62.4108,8.25,8.25,8.25
8.5,-1.5,0,-0.75,0,1.01788,0.99997,1.04681,3,1,1,1,0,1,1.05005,0,24.2188,18.75,18.6389,19.5833,1414.25,1510,1015.78,970,990.039,69.7266,105.492,108.516,70.7813,105.492,646.444,53.25,5.38,3.624,6.068,95.25,74.5098,73.7255,0,0.71875,62.7694,6.75,6.75,6.75
8.533,-1.5,0,-0.75,0,1.02228,0.99997,1.04926,3,1,1,1,0,1,1.03198,0,25.7813,18.75,19.4445,19.7222,1415.5,1510,1021.05,970,992.656,70.125,105.727,108.586,70.875,105.727,646.444,53.25,5.364,3.61867,6.052,95.25,74.5098,73.7255,0,0.65625,63.1295,8.25,8.25,8.25
8.567,-1.5,0,-0.75,0,1.02405,0.99997,1.0571,3,1,1,1,0,1,1.04004,0,25.7813,18.9722,19.5,19.4445,1433,1510,1021.88,970,995.313,70.3594,106.008,108.938,69.2109,105.727,646.444,53.25,5.388,3.62934,6.076,95.25,74.1177,74.902,0,0.25,63.1295,4.5,4.5,4.5
8.6,-1.5,0,-0.75,0,1.0249,0.99997,1.05335,3,1,1,1,0,1,1.02149,0,25.7813,19.1945,19.5278,19.8889,1426.25,1510,1022.85,970,997.969,70.4297,106.008,108.938,70.9922,106.008,646.444,53.25,5.356,3.62934,6.044,95.25,75.6863,74.902,0,0.140625,63.8498,9,9,9
8.633,-1.5,0,-0.75,0,1.03003,0.99997,1.05499,3,1,1,1,0,1,1.01831,0,27.3438,19.3056,19.5278,20.1945,1431.5,1510,1025.78,970,1003.24,70.6406,106.078,109.477,72.3281,106.078,646.444,53.25,5.368,3.61334,6.056,95.25,74.902,74.902,0,0.328125,63.8498,7.5,7.5,7.5
8.667,-1.5,0,-0.75,0,1.03595,0.99997,1.05545,3,1,1,1,0,1,1.02149,0,27.3438,19.5,19.6111,20.0833,1445,1510,1027.81,970,1008.52,70.8281,106.594,109.969,70.9453,106.078,646.444,53.25,5.384,3.62667,6.072,95.25,75.2941,76.4706,0,0.375,63.8498,6,6,6
8.7,-1.5,0,-0.75,0,1.03589,0.99997,1.05255,3,1,1,1,0,1,1.01148,0,27.3438,19.5,20.3611,20.5,1449.25,1520,1030.63,970,1008.52,71.0625,106.594,109.969,72.0938,106.594,645.936,53.25,5.364,3.61867,6.052,95.25,76.4706,76.4706,0,0.5625,63.8498,7.5,7.5,7.5
8.733,-1.5,0,-0.75,0,1.03992,0.99997,1.05655,3,1,1,1,0,1,1.02319,0,27.3438,19.7778,20.3889,20.8889,1455.75,1530,1033.59,970,1013.79,71.2734,107.039,110.344,72.9844,107.039,645.936,53.25,5.388,3.62934,6.076,95.25,76.0785,76.4706,0,0.546875,63.8498,6.75,6.75,6.75
8.767,-1.5,0,-0.75,0,1.04657,0.99997,1.05335,3,1,1,1,0,1,1.01319,0,27.3438,19.9445,20.4722,21.1111,1462,1530,1038.05,970,1021.72,71.625,107.344,110.578,73.2891,107.039,645.936,53.25,5.392,3.632,6.072,95.25,76.4706,78.0392,0,0.234375,63.8498,7.5,7.5,7.5
8.8,-1.5,0,-0.75,0,1.04364,0.99997,1.05643,3,1,1,1,0,1,1.02002,0,27.3438,20.0278,20.5278,21.6389,1471.25,1530,1046.05,970,1019.1,72.2344,107.344,110.578,75.3281,107.344,645.936,53.25,5.46,3.64267,6.14,95.25,77.6471,78.0392,0,0.03125,63.8498,7.5,7.5,7.5
8.833,-1.5,0,-0.75,0,1.05359,0.99997,1.05707,3,1,1,1,0,1,1.02319,0,28.125,20.3611,20.6667,21.4722,1477.25,1530,1048.16,970,1026.99,72.3984,107.555,110.93,73.5938,107.555,645.936,53.25,5.472,3.688,6.152,95.25,78.4314,78.0392,0,0.140625,64.2083,8.25,8.25,9
8.867,-1.5,0,-0.75,0,1.05737,0.99997,1.05762,3,1,1,1,0,1,1.01831,0,28.9063,20.6667,20.8056,22.25,1485.75,1530,1056.25,970,1029.65,73.0078,107.859,111.445,75.8906,107.555,645.936,53.25,5.504,3.712,6.192,95.25,78.4314,79.6079,0,0.4375,64.5685,9,9,9
8.9,-1.5,0,-0.75,0,1.06494,0.99997,1.06055,3,1,1,1,0,1,1.02319,0,28.9063,20.7778,21.6389,22.0278,1497.75,1530,1061.45,970,1034.92,73.4063,107.859,111.445,74.2969,107.859,645.819,53.25,5.536,3.73067,6.224,95.25,79.2157,79.6079,0,0.578125,64.5685,8.25,8.25,8.25
8.933,-1.5,0,-0.75,0,1.06903,0.99997,1.06097,3,1,1,0.983888,0,1,1.02002,0,28.9063,21.0556,21.6667,22.3334,1498.75,1540,1064.45,970,1040.2,73.6641,108.328,111.891,75.3516,108.328,645.819,53.25,5.548,3.744,6.236,95.25,80,79.6079,0,0.28125,64.5685,9.75,9.75,8.25
8.967,-1.5,0,-0.75,0,1.07483,0.99997,1.06497,3,1,1,0.982179,0,0.983888,1.02661,0,28.9063,21.2778,21.7778,22.3611,1505.5,1540,1070.78,970,1045.47,74.1328,108.68,112.242,75.1172,108.328,645.819,53.25,5.68,3.83467,6.36,95.25,80,81.5687,0,0.015625,64.5685,8.25,8.25,8.25
9,-1.5,0,-0.75,0,1.0791,0.99997,1.0643,3,1,1,0.982179,0,0.983888,1.02149,0,28.9063,21.2778,21.9445,22.4722,1505.25,1540,1072.27,970,1050.78,74.2734,108.68,112.242,74.9531,108.68,645.819,53.25,5.672,3.83467,6.352,95.25,81.5687,81.5687,0,0.15625,64.5685,9,9,12
9.033,-1.5,0,-0.75,0,1.07971,0.99997,1.06571,3,1,1,0.980714,0,0.983888,1.01831,0,28.9063,21.4167,21.9167,22.2778,1512.5,1550,1072.85,970,1053.4,74.3203,108.938,112.219,74.6484,108.938,645.819,53.25,5.668,3.82934,6.348,95.25,81.9608,81.5687,0,0.09375,64.5685,8.25,8.25,9
9.067,-1.5,0,-0.75,0,1.08508,0.99997,1.06854,3,1,1,0.979738,0,0.980714,1.02319,0,28.9063,21.75,22.6945,22.9167,1527.25,1550,1078.79,970,1058.67,74.7656,109.523,113.273,76.0547,108.938,645.819,53.25,5.736,3.87734,6.416,95.25,81.5687,81.5687,0,0.390625,64.5685,8.25,8.25,8.25
9.1,-1.5,0,-0.75,0,1.086,0.99997,1.06891,3,1,1,0.979738,0,0.980714,1.01831,0,28.9063,22,22.7778,23.6389,1534.5,1550,1086.8,970,1061.37,75.5625,109.523,113.273,78.1172,109.406,645.721,53.25,5.8,3.904,6.48,95.25,82.353,82.7451,0,0.5,64.5685,9,9,9
9.133,-1.5,0,-0.75,0,1.09418,0.99997,1.07465,3,1,1,0.978761,0,0.980714,1.02149,0,30.4688,22.3334,22.8334,23.9167,1545,1560,1091.33,970,1069.26,75.9141,110.227,114.117,78.4688,110.227,645.721,53.25,5.868,3.97067,6.548,95.25,83.1373,82.7451,0,0.34375,65.2872,6.75,6.75,6.75
9.167,-1.5,0,-0.75,0,1.09686,0.99997,1.07462,3,1,1,0.97632,0,0.978761,1.01319,0,33.5938,22.5,22.9722,23.9722,1547.5,1560,1096.64,970,1071.88,76.3359,110.93,114.234,78.7031,110.227,645.721,53.25,5.92,4.00801,6.6,95.25,83.1373,84.7059,0,0.078125,66.9061,9,9,9
9.2,-1.5,0,-0.75,0,1.10449,0.99997,1.07929,3,1,1,0.97632,0,0.978761,1.01319,0,33.5938,22.5556,23.0834,24.4167,1556.5,1570,1102.5,970,1079.8,76.8047,110.93,114.234,79.6172,110.93,645.721,53.25,5.96,4.00801,6.64,95.25,84.3138,84.7059,0,-0.25,67.8064,9.75,9.75,8.25
9.233,-1.5,0,-0.75,0,1.10767,0.99997,1.08197,3,1,1,0.974367,0,0.978761,1.0166,0,35.9375,22.8056,23.25,24.5,1568,1570,1106.68,970,1079.84,77.1563,111.023,114.703,79.3828,111.023,645.721,53.25,6.008,4.04534,6.688,95.25,84.7059,84.7059,0,0.125,68.165,9,9,8.25
9.267,-1.5,0,-0.75,0,1.11725,0.99997,1.08426,3,1,1,0.967287,0,0.974367,1.01001,0,37.5,23.1945,24.1667,25.0834,1579,1570,1113.91,970,1087.77,77.7188,111.422,115.406,80.2266,111.023,645.721,53.25,6.096,4.10134,6.776,95.25,85.0981,86.2745,0,0.34375,68.8852,8.25,8.25,7.5
9.3,-1.5,0,-0.75,0,1.12311,0.99997,1.08658,3,1,1,0.967287,0,0.974367,1.00733,0,37.5,23.3889,24.1945,25.0556,1584,1570,1118.28,970,1093.01,78.0469,111.422,115.406,80.5313,111.422,645.623,53.25,6.136,4.12801,6.816,95.25,85.8824,86.2745,0,0.375,69.2453,7.5,7.5,7.5
9.333,-1.5,0,-0.75,0,1.12579,0.99997,1.08792,3,1,1,0.961671,0,0.974367,1.00366,0,38.2813,23.7778,24.3611,24.75,1592.25,1580,1120.43,970,1095.7,78.2578,112.031,116.109,78.5156,112.031,645.623,53.25,6.144,4.16001,6.824,95.25,85.8824,86.2745,0,0.0625,69.2453,7.5,7.5,7.5
9.367,-1.5,0,-0.75,0,1.1319,0.99997,1.09055,3,1,1,0.957521,0,0.961671,1.00488,0,39.0625,23.8889,24.5,25.1945,1595,1580,1124.45,970,1103.63,78.5859,112.617,116.508,79.3359,112.031,645.623,53.25,6.264,4.24267,6.944,95.25,85.8824,87.8432,0,-0.109375,69.6039,6.75,6.75,7.5
9.4,-1.5,0,-0.75,0,1.13617,0.99997,1.09274,3,1,1,0.957521,0,0.961671,1.00366,0,39.0625,23.9722,24.6389,24.9445,1604.75,1590,1124.84,970,1108.91,78.6563,112.617,116.508,78.2109,112.617,645.623,53.25,6.26,4.24534,6.94,95.25,87.8432,87.8432,0,0,69.964,8.25,8.25,7.5
9.433,-1.5,0,-0.75,0,1.1391,0.99997,1.09421,3,1,1,0.954591,0,0.961671,1.00366,0,40.625,24.25,25.3889,25.8334,1612.25,1590,1128.32,970,1114.14,78.9844,112.969,116.977,80.8828,112.969,645.623,53.25,6.304,4.26667,6.984,95.25,88.2353,87.8432,0,0.234375,70.3242,9.75,9.75,7.5
9.467,-1.5,0,-0.75,0,1.14136,0.99997,1.09439,3,1,1,0.95215,0,0.954591,0.992677,0,40.625,24.5834,25.4445,25.8334,1624.75,1590,1132.03,970,1119.41,79.2891,113.555,117.914,80.3672,112.969,645.623,53.25,6.36,4.30667,7.048,95.25,88.2353,90.1961,0,0.25,70.3242,9,9,8.25
9.5,-1.5,0,-0.75,0,1.13971,0.99997,1.10025,3,1,1,0.95215,0,0.954591,0.994142,0,40.625,24.7222,25.4722,26.4722,1632.5,1590,1140.16,970,1119.45,80.1094,113.555,117.914,82.7578,113.555,645.799,53.25,6.492,4.34934,7.18,95.25,89.804,90.1961,0,0.125,70.3242,9.75,9.75,8.25
9.533,-1.5,0,-0.75,0,1.14807,0.99997,1.09946,3,1,1,0.950441,0,0.954591,0.989992,0,40.625,25.0556,25.6667,25.8056,1637.75,1600,1141.6,970,1127.38,80.3672,114.305,118.594,79.7109,114.305,645.799,53.25,6.5,4.39467,7.188,95.25,90.5883,90.1961,0,0.03125,70.6843,10.5,10.5,9
9.567,-1.5,0,-0.75,0,1.15082,0.99997,1.10303,3,1,1,0.94922,0,0.950441,0.988527,0,40.625,25.1667,25.7222,26.7778,1646.5,1600,1145.86,970,1132.66,80.7188,114.797,118.969,82.4531,114.305,645.799,53.25,6.556,4.44001,7.236,95.25,90.1961,91.3726,0,0.015625,70.6843,9,9,7.5
9.6,-1.5,0,-0.75,0,1.15906,0.99997,1.10529,3,1,1,0.94922,0,0.950441,0.984865,0,40.625,25.4722,26.5834,26.5,1654.25,1600,1145.63,970,1140.59,80.7891,114.797,118.969,80.5781,114.797,645.799,53.25,6.58,4.45601,7.26,95.25,91.3726,91.3726,0,0.1875,71.403,7.5,7.5,8.25
9.633,-1.5,0,-0.75,0,1.1579,0.99997,1.10538,3,1,1,0.948244,0,0.950441,0.976076,0,42.1875,25.8056,26.6111,27,1664.25,1610,1149.73,970,1143.2,81.2344,115.148,119.555,82.5469,115.148,645.799,53.25,6.612,4.47734,7.292,95.25,91.3726,91.3726,0,0.265625,71.7631,8.25,8.25,8.25
9.667,-1.5,0,-0.75,0,1.16107,0.99997,1.1087,3,1,1,0.947511,0,0.948244,0.977296,0,43.75,26.0556,26.6667,27.3611,1677.75,1610,1153.59,970,1148.48,81.5625,115.711,120.445,82.8984,115.148,645.799,53.25,6.676,4.52001,7.356,95.25,91.3726,93.7255,0,0.140625,72.1232,6.75,6.75,8.25
9.7,-1.5,0,-0.75,0,1.16614,0.99997,1.1102,3,1,1,0.947511,0,0.948244,0.971193,0,43.75,26.1667,26.8334,27.4722,1678.5,1610,1157.58,970,1153.79,82.0547,115.711,120.445,82.5938,115.711,645.799,53.25,6.712,4.54667,7.392,95.25,92.9412,93.7255,0,-0.171875,72.1232,7.5,7.5,7.5
9.733,-1.5,0,-0.75,0,1.17029,0.99997,1.11148,3,1,1,0.947023,0,0.948244,0.969972,0,43.75,26.3889,26.9722,27.8334,1682.25,1620,1161.56,970,1159.1,82.4297,116.25,120.656,83.5547,116.25,645.799,53.25,6.748,4.55734,7.428,95.25,93.7255,93.7255,0,-0.140625,72.1232,8.25,8.25,7.5
9.767,-1.5,0,-0.75,0,1.17365,0.99997,1.1124,3,1,1,0.946535,0,0.947023,0.966066,0,44.9219,26.6945,27.8056,27.8334,1696.75,1620,1163.09,970,1164.38,82.5469,116.508,121.359,82.9922,116.25,645.799,53.25,6.764,4.58134,7.444,95.25,93.7255,94.5098,0,0.0625,72.4818,8.25,8.25,8.25
9.8,-1.5,0,-0.75,0,1.17804,0.99997,1.11505,3,1,1,0.946535,0,0.947023,0.969972,0,44.9219,26.9722,27.9722,28.75,1711.75,1620,1167.38,970,1172.3,83.0391,116.508,121.359,84.7266,116.508,645.799,53.25,6.828,4.60534,7.508,95.25,95.6863,94.5098,0,0.296875,72.4818,6.75,6.75,6.75
9.833,-1.5,0,-0.75,0,1.18427,0.99997,1.1142,3,1,1,0.946291,0,0.947023,0.964845,0,44.9219,27.1389,27.9722,28.5278,1710,1620,1169.3,970,1180.23,83.1797,117.094,121.992,84.2813,117.094,645.799,53.25,6.836,4.62934,7.516,95.25,94.902,94.5098,0,-0.0625,72.4818,9,9,9.75
9.867,-1.5,0,-0.75,0,1.18518,0.99997,1.11627,3,1,1,0.946046,0,0.946291,0.963625,0,44.9219,27.4445,28.1111,29.4445,1726.75,1620,1179.22,970,1182.85,84.375,117.797,122.789,86.5781,117.094,645.799,53.25,6.98,4.67467,7.676,95.25,94.5098,96.8628,0,-0.125,72.4818,6.75,6.75,6.75
9.9,-1.5,0,-0.75,0,1.19171,0.99997,1.11627,3,1,1,0.946046,0,0.946291,0.957277,0,44.9219,27.8334,28.1945,28.3056,1735,1620,1176.64,970,1188.13,84.1875,117.797,122.789,82.7344,117.797,645.955,53.25,6.928,4.69334,7.624,95.25,96.0785,96.8628,0,-0.171875,72.4818,6,6,6
9.933,-1.5,0,-0.75,0,1.19556,0.99997,1.11771,3,1,1,0.945802,0,0.946291,0.958498,0,44.9219,28.1389,29.1389,29.4722,1746.5,1630,1178.2,970,1196.02,84.5156,118.336,123.305,85.1016,118.336,645.955,53.25,6.956,4.71201,7.652,95.25,96.8628,96.8628,0,0.25,72.4818,6,6,6
9.967,-1.5,0,-0.75,0,1.19946,0.99997,1.1163,3,1,1,0.945802,0,0.945802,0.951173,0,44.9219,28.1945,29.25,29.8334,1752.75,1630,1180.2,970,1203.95,84.8203,118.617,123.82,85.4766,118.336,645.955,53.25,6.964,4.70401,7.652,95.25,96.8628,99.2157,0,0.40625,72.4818,7.5,7.5,7.5
10,-1.5,0,-0.75,0,1.19891,0.99997,1.11777,3,1,1,0.945802,0,0.945802,0.951173,0,44.9219,28.3611,29.1667,29.5,1759,1630,1181.41,970,1206.6,84.9141,118.617,123.82,85.6172,118.617,645.955,53.25,6.996,4.71734,7.684,95.25,98.8236,99.2157,0,0.203125,72.4818,7.5,7.5,7.5
10.033,-1.5,0,-0.75,0,1.20239,0.99997,1.11655,3,1,1,0.945558,0,0.945802,0.947267,0,44.9219,28.6389,29.4167,29.6945,1765.25,1630,1181.45,970,1211.91,85.1016,119.109,124.711,84.6563,119.109,645.955,53.25,6.996,4.73867,7.684,95.25,99.6079,99.2157,0,-0.15625,72.4818,8.25,8.25,8.25
10.067,-1.5,0,-0.75,0,1.20368,0.99997,1.11575,3,1,1,0.945558,0,0.945558,0.943605,0,46.4844,28.9445,30.1667,29.8611,1777.25,1630,1185,970,1217.19,85.4063,120.117,125.367,85.3594,119.109,645.955,53.25,7.028,4.76001,7.708,95.25,99.2157,99.2157,0,-0.015625,73.202,9,9,7.5
10.1,-1.5,0,-0.75,0,1.20776,0.99997,1.11411,3,1,1,0.945558,0,0.945558,0.938722,0,46.4844,29.1667,30.2778,30.8056,1793.75,1640,1187.93,970,1225.08,85.7813,120.117,125.367,86.6953,120.117,646.502,53.25,7.052,4.77601,7.732,95.25,99.6079,100,0,0.0625,73.9207,9,9,7.5
10.133,-1.5,0,-0.75,0,1.2085,0.99997,1.11319,3,1,1,0.945558,0,0.945558,0.937501,0,48.8281,29.75,30.3334,31.2778,1804,1650,1193.55,970,1227.77,86.4609,120.773,126.516,87.8438,120.773,646.502,53.25,7.12,4.82401,7.8,95.25,100,100,0,0.3125,74.6409,9,9,8.25
10.167,-1.5,0,-0.75,0,1.21747,0.99997,1.1109,3,1,1,0.945314,0,0.945558,0.934328,0,51.5625,29.9722,31.1945,31.3056,1809.5,1640,1197.19,970,1238.28,86.7422,121.594,127.102,88.3594,120.773,646.502,53.25,7.116,4.82134,7.796,95.25,100,100,0,-0.21875,75.001,8.25,8.25,7.5
10.2,-1.5,0,-0.75,0,1.2193,0.99997,1.11066,3,1,1,0.945314,0,0.945558,0.936525,0,51.5625,30,31.3334,31.8056,1813,1650,1202.46,970,1243.59,87.2813,121.594,127.102,89.1797,121.594,646.502,53.25,7.18,4.83734,7.86,95.25,100,100,0,-0.15625,75.3596,8.25,8.25,7.5
10.233,-1.5,0,-0.75,0,1.22009,0.99997,1.10852,3,1,1,0.945314,0,0.945558,0.934328,0,51.5625,30.5556,31.3889,31.8611,1825.5,1660,1207.54,970,1246.21,87.7969,122.016,127.523,88.8516,122.016,646.502,53.25,7.212,4.88801,7.892,95.25,100,100,0,-0.109375,75.3596,8.25,8.25,7.5
10.267,-1.5,0,-0.75,0,1.22736,0.99997,1.10608,3,1,1,0.945314,0,0.945314,0.928712,0,53.125,30.9722,31.6389,32.5278,1842.25,1660,1215.94,970,1254.14,88.6875,122.484,128.625,89.2734,122.016,646.502,53.25,7.272,4.90934,7.952,95.25,100,100,0,0.421875,75.7197,6,6,7.5
10.3,-1.5,0,-0.75,0,1.232,0.99997,1.10385,3,1,1,0.945314,0,0.945314,0.923341,0,53.125,31.1945,31.6945,32.3611,1843.5,1660,1216.25,970,1259.41,88.7344,122.484,128.625,88.8984,122.484,646.873,53.25,7.268,4.92801,7.948,95.25,100,100,0,0.15625,75.7197,7.5,7.5,6.75
10.333,-1.5,0,-0.75,0,1.23517,0.99997,1.10251,3,1,1,0.945314,0,0.945314,0.924318,0,53.125,31.5556,32.4722,33,1852,1670,1221.72,970,1264.73,89.2969,123.281,129.164,91.0547,123.281,646.873,53.25,7.304,4.95201,7.984,95.25,100,100,0,0.21875,75.7197,7.5,7.5,6.75
10.367,-1.5,0,-0.75,0,1.24005,0.99997,1.09784,3,1,1,0.941408,0,0.945314,0.918703,0,54.6875,31.7778,32.7222,33.5556,1873,1660,1223.24,970,1272.7,89.6719,123.797,130.172,90.3984,123.281,646.873,53.25,7.288,4.92534,7.976,95.25,100,100,0,-0.171875,76.0798,7.5,7.5,6.75
10.4,-1.5,0,-0.75,0,1.24316,0.99997,1.09644,3,1,1,0.941408,0,0.945314,0.921144,0,54.6875,32.25,32.8056,33.8334,1882.5,1670,1228.05,970,1277.93,90.0703,123.797,130.172,90.8906,123.797,646.873,53.25,7.312,4.95734,8,95.25,100,100,0,0.171875,76.0798,6.75,6.75,6.75
10.433,-1.5,0,-0.75,0,1.24817,0.99997,1.09274,3,1,1,0.938478,0,0.945314,0.916505,0,54.6875,32.5834,33.6667,34.5278,1884.25,1670,1232.46,970,1283.2,90.6094,124.617,131.133,92.9063,124.617,646.873,53.25,7.38,4.98934,8.068,95.25,100,100,0,0.3125,76.0798,7.5,7.5,7.5
10.467,-1.5,0,-0.75,0,1.25122,0.99997,1.09,3,1,1,0.932374,0,0.938478,0.918703,0,58.2031,33.1667,33.8056,34.6389,1897,1670,1245.7,970,1285.9,91.6875,125.32,131.836,93.2578,124.617,646.873,53.25,7.512,5.09334,8.2,94.5,100,100,0,0.21875,76.7985,5.25,5.25,6.75
10.5,-1.5,0,-0.75,0,1.26001,0.99997,1.08667,3,1,1,0.932374,0,0.938478,0.914308,0,58.2031,33.4167,34.0556,35.5834,1905,1680,1253.79,970,1293.83,92.4844,125.32,131.836,94.7344,125.32,647.576,53.25,7.556,5.12001,8.244,94.5,100,100,0,-0.21875,76.7985,6,6,6
10.533,-1.5,0,-0.75,0,1.26642,0.99997,1.08554,3,1,1,0.927736,0,0.938478,0.919923,0,58.2031,33.8056,34.2222,35.5278,1918.5,1680,1258.71,970,1299.1,93.0469,125.883,132.563,94.1016,125.883,647.576,53.25,7.608,5.16001,8.296,94.5,100,100,0,0.0625,76.7985,6,6,6
10.567,-1.5,0,-0.75,0,1.27368,0.99997,1.08258,3,1,1,0.924318,0,0.927736,0.924318,0,59.7656,34.2778,34.5,36.0556,1930.5,1680,1259.38,970,1307.03,93.1406,126.539,133.641,93.9609,125.883,647.576,53.25,7.652,5.18934,8.332,95.25,100,100,0,0.5625,77.1587,6.75,6.75,6
10.6,-1.5,0,-0.75,0,1.2807,0.99997,1.08185,3,1,1,0.924318,0,0.927736,0.925539,0,59.7656,34.5,35.3889,36.0278,1940,1690,1263.36,970,1312.3,93.7031,126.539,133.641,94.2422,126.539,647.576,53.25,7.692,5.22134,8.372,95.25,100,100,0,0.328125,77.1587,5.25,5.25,6
10.633,-1.5,0,-0.75,0,1.28754,0.99997,1.08041,3,1,1,0.921632,0,0.927736,0.924318,0,59.7656,35.0278,35.5834,36.3334,1950.75,1690,1267.15,970,1320.23,94.1484,127.313,134.25,93.9375,127.313,647.576,53.25,7.712,5.23201,8.392,95.25,100,100,0,-0.125,77.1587,6,6,6
10.667,-1.5,0,0,0,1.29212,0.99997,1.07925,3,1,1,0.91797,0,0.921632,0.925539,0,59.7656,35.5556,35.7223,37.3334,1962.25,1690,1276.64,970,1325.51,94.9453,127.898,135.375,97.0547,127.313,647.576,53.25,7.84,5.32001,8.528,95.25,100,100,0,-0.125,77.1587,6.75,6.75,5.25
10.7,-1.5,0,0,0,1.29981,0.99997,1.07999,3,1,1,0.91797,0,0.921632,0.922121,0,59.7656,35.7778,36.7778,37.75,1970.25,1700,1281.99,970,1333.44,95.625,127.898,135.375,97.4063,127.898,648.045,53.25,7.904,5.35734,8.592,95.25,100,100,0,0.1875,77.1587,7.5,7.5,6
10.733,-1.5,0,0,0,1.30615,0.99997,1.07944,3,1,1,0.91504,0,0.921632,0.921144,0,59.7656,36.0834,36.9445,38.1945,1977,1700,1286.17,970,1341.37,96.1641,128.719,136.242,97.7813,128.719,648.045,53.25,7.944,5.39201,8.632,95.25,100,100,0,0.4375,77.1587,6.75,6.75,6.75
10.767,-1.5,0,0,0,1.31622,0.99997,1.0816,3,1,1,0.908937,0,0.91504,0.925539,0,59.7656,36.7223,37.25,38.9167,2003.25,1700,1294.14,970,1351.88,97.0078,129.422,137.203,98.1563,128.719,648.045,53.25,8.104,5.46401,8.784,95.25,100,100,0,0.109375,77.1587,5.25,5.25,6.75
10.8,-1.5,0,0,0,1.32501,0.99997,1.08014,3,1,1,0.908937,0,0.91504,0.923341,0,59.7656,37.0556,38.3334,39.75,2013.25,1710,1300.08,970,1359.8,97.5,129.422,137.203,99.6094,129.422,648.045,53.25,8.132,5.50134,8.812,95.25,100,100,0,-0.140625,77.1587,6.75,6.75,6.75
10.833,-1.5,0,0,0,1.33063,0.99997,1.08099,3,1,1,0.904298,0,0.91504,0.925539,0,59.7656,37.5278,38.4723,39.4723,2018.5,1710,1304.18,970,1365.08,97.8984,130.031,138.258,98.9766,130.031,648.045,53.25,8.156,5.53067,8.836,95.25,100,100,0,0.046875,77.1587,6,6,6.75
10.867,-1.5,0,0,0,1.33472,0.99997,1.08063,3,1,1,0.898927,0,0.904298,0.922121,0,59.7656,38,38.5278,39.8889,2023,1710,1311.05,970,1370.43,98.4844,131.086,138.867,100.641,130.031,648.045,53.25,8.352,5.67201,9.056,95.25,100,100,0,0.75,77.1587,7.5,7.5,6
10.9,-1.5,0,0,0,1.34406,0.99997,1.08133,3,1,1,0.898927,0,0.904298,0.918703,0,59.7656,38.3334,38.8334,40.0556,2035.75,1720,1315.94,970,1378.36,99.0938,131.086,138.867,99.2109,131.086,648.631,53.25,8.42,5.72001,9.124,95.25,100,100,0,0.328125,77.5188,6,6,6.75
10.933,-1.5,0,0,0,1.34943,0.99997,1.08102,3,1,1,0.894777,0,0.904298,0.914308,0,61.3281,38.8056,39.0556,40.1667,2049.5,1720,1318.16,970,1383.63,99.2578,131.227,139.852,98.5547,131.227,648.631,53.25,8.384,5.69334,9.088,95.25,100,100,0,-0.15625,77.5188,7.5,7.5,6.75
10.967,-1.5,0,0,0,1.35895,0.99997,1.08066,3,1,1,0.887941,0,0.894777,0.911134,0,61.3281,39.5,40.0278,41.7223,2069.25,1720,1328.71,970,1394.18,100.125,132.047,141.516,102.07,131.227,648.631,53.25,8.58,5.83467,9.268,94.5,100,100,0,0.03125,77.5188,8.25,8.25,6.75
11,-1.5,0,0,0,1.37067,0.99997,1.08173,3,1,1,0.887941,0,0.894777,0.908937,0,61.3281,39.7778,40.1667,41.8056,2072.75,1730,1338.48,970,1404.77,100.828,132.047,141.516,102.469,132.047,648.631,53.25,8.66,5.86667,9.348,94.5,100,100,0,0.453125,77.5188,7.5,7.5,6
11.033,-1.5,0,0,0,1.37976,0.99997,1.08093,3,1,1,0.882814,0,0.894777,0.90674,0,61.3281,40.1945,40.3889,42.3056,2076.5,1750,1346.45,970,1412.66,101.484,133.547,141.867,103.875,133.547,648.631,53.25,8.74,5.94134,9.428,94.5,100,100,0,0.234375,77.5188,7.5,7.5,9
11.067,-1.5,0,0,0,1.38501,0.99997,1.08167,3,1,1,0.878908,0,0.882814,0.907716,0,61.3281,40.7223,41.6389,42.75,2090.25,1750,1355.12,970,1415.31,102.211,133.805,142.734,104.016,133.547,648.631,53.25,8.888,6.05067,9.568,94.5,100,100,0,0.046875,77.5188,5.25,5.25,8.25
11.1,-1.5,0,0,0,1.39716,0.99997,1.08243,3,1,1,0.878908,0,0.882814,0.903322,0,61.3281,40.9445,41.8889,43.0278,2101.25,1760,1361.64,970,1425.9,102.703,133.805,142.734,103.734,133.805,649.041,53.25,8.972,6.07467,9.652,94.5,99.6079,100,0,0,77.5188,6,6,6
11.133,-1.5,0,0,0,1.4054,0.99997,1.08273,3,1,1,0.875978,0,0.882814,0.903322,0,61.3281,41.6389,42.0278,43.3611,2113.5,1760,1369.14,970,1433.83,103.266,134.531,143.883,104.297,134.531,649.041,53.25,9.02,6.13334,9.7,94.5,100,100,0,0.40625,77.5188,6,6,6.75
11.167,-1.5,0,0,0,1.40863,0.99997,1.08258,3,1,1,0.869874,0,0.875978,0.892335,0,61.3281,42.2223,42.3056,44.5834,2127.5,1760,1378.71,970,1436.45,104.086,135.563,144.867,106.852,134.531,649.041,53.25,9.152,6.22401,9.832,94.5,100,100,0,0.28125,77.5188,6,6,6
11.2,-1.5,0,0,0,1.41797,0.99997,1.08377,3,1,1,0.869874,0,0.875978,0.888917,0,61.3281,42.3334,43.4723,44.0834,2135.25,1780,1382.85,970,1444.38,104.391,135.563,144.867,104.883,135.563,649.041,53.25,9.216,6.26934,9.896,94.5,100,100,0,-0.21875,77.8774,6,6,6
11.233,-1.5,0,0,0,1.42774,0.99997,1.0838,3,1,1,0.865236,0,0.875978,0.884523,0,64.8438,43.0834,43.5556,45.4167,2146.75,1790,1392.66,970,1454.96,105.164,136.898,145.453,107.695,136.898,649.041,53.25,9.292,6.31734,9.972,94.5,99.6079,100,0,-0.078125,78.5976,7.5,7.5,6
11.267,-1.5,0,0,0,1.43231,0.99997,1.08337,3,1,1,0.859865,0,0.865236,0.877199,0,69.9219,43.25,43.9723,44.6667,2159,1790,1389.8,970,1460.23,104.977,137.391,146.672,104.555,136.898,649.041,53.25,9.348,6.35467,10.028,94.5,100,100,0,0.546875,79.6764,7.5,7.5,6
11.3,-1.5,0,0,0,1.4419,0.99997,1.08383,3,1,1,0.859865,0,0.865236,0.875245,0,69.9219,43.3334,43.9723,45.3334,2164,1800,1398.24,970,1470.78,105.633,137.391,146.672,106.711,137.391,649.627,53.25,9.444,6.40801,10.124,94.5,100,100,0,0.21875,80.0365,6.75,6.75,7.5
11.333,-1.5,0,0,0,1.44757,0.99997,1.0824,3,1,1,0.855958,0,0.865236,0.867189,0,70.3125,43.9723,45.1667,46.6389,2177.25,1810,1407.97,970,1476.05,106.43,138.563,147.047,109.055,138.563,649.627,53.25,9.504,6.43201,10.184,94.5,100,100,0,-0.0625,80.3966,7.5,7.5,7.5
11.367,-1.5,0,0,0,1.45758,0.99997,1.0831,3,1,1,0.848878,0,0.855958,0.861574,0,70.3125,44.6667,45.4723,47.1667,2187.5,1810,1415.16,970,1486.64,107.016,138.867,148.313,107.461,138.563,649.627,53.25,9.688,6.58134,10.376,94.5,100,100,0,0.0625,80.3966,6.75,6.75,6.75
11.4,-1.5,0,0,0,1.4621,0.99997,1.08151,3,1,1,0.848878,0,0.855958,0.864259,0,70.3125,45.0556,45.6111,46.3889,2203.25,1820,1419.73,970,1491.88,107.367,138.867,148.313,107.18,138.867,649.627,53.25,9.704,6.59734,10.392,94.5,100,100,0,0.484375,80.3966,6.75,6.75,6.75
11.433,-1.5,0,0,0,1.47528,0.99997,1.0791,3,1,1,0.843751,0,0.855958,0.855226,0,70.3125,45.3611,46.8889,47.6111,2210.25,1830,1422.58,970,1505.16,107.578,140.063,149.742,108.211,140.063,649.627,53.25,9.68,6.57067,10.368,94.5,100,100,0,0.109375,80.3966,8.25,8.25,8.25
11.467,-1.5,0,0,0,1.47968,0.99997,1.0773,3,1,1,0.837892,0,0.843751,0.845949,0,70.3125,45.8056,47.0556,49,2223,1830,1434.61,970,1510.39,108.563,141.422,150.328,111.938,140.063,649.627,53.25,9.96,6.70934,10.648,94.5,100,100,0,-0.046875,80.3966,7.5,7.5,7.5
11.5,-1.5,0,0,0,1.48413,0.99997,1.07657,3,1,1,0.837892,0,0.843751,0.842286,0,70.3125,46.1667,47.1945,48.4167,2230,1850,1439.92,970,1515.7,108.984,141.422,150.328,110.555,141.422,650.33,53.25,9.996,6.75734,10.684,94.5,100,100,0,-0.03125,80.3966,9,9,7.5
11.533,-1.5,0,0,0,1.49463,0.99997,1.07391,3,1,1,0.833497,0,0.843751,0.839601,0,69.9219,46.8056,47.4167,48.6945,2242.5,1860,1445.86,970,1526.29,109.43,142.008,151.148,110.32,142.008,650.33,53.25,10.024,6.79468,10.712,94.5,100,100,0,0,80.0365,9,9,7.5
11.567,-1.5,0,0,0,1.50403,0.99997,1.07123,3,1,1,0.830079,0,0.833497,0.836671,0,69.9219,47.5,48.5556,49.0556,2260.5,1860,1454.38,970,1536.84,110.156,142.781,152.508,110.531,142.008,650.33,53.25,10.192,6.90934,10.896,94.5,100,100,0,-0.03125,80.0365,6.75,6.75,8.25
11.6,-1.5,0,0,0,1.50696,0.99997,1.07071,3,1,1,0.830079,0,0.833497,0.833986,0,69.9219,47.6111,48.8334,50.1667,2268.75,1870,1463.63,970,1542.07,110.883,142.781,152.508,112.477,142.781,650.33,53.25,10.272,6.90934,10.976,94.5,100,100,0,-0.109375,80.0365,9,9,8.25
11.633,-1.5,0,0,0,1.51215,0.99997,1.0694,3,1,1,0.827638,0,0.833497,0.833986,0,69.9219,48.0834,49,50.1945,2274.75,1880,1467.38,970,1547.42,111.188,144.094,153.094,112.664,144.094,650.33,53.25,10.276,6.96534,10.98,94.5,100,100,0,-0.21875,80.0365,9,9,8.25
11.667,-1.5,0,0,0,1.52789,0.99997,1.06928,3,1,1,0.825929,0,0.827638,0.826661,0,69.9219,48.8334,49.5278,50.8889,2288,1880,1477.03,970,1563.24,111.961,144.703,154.172,112.336,144.094,650.33,53.25,10.428,7.06668,11.116,94.5,100,100,0,0.515625,80.0365,7.5,7.5,8.25
11.7,-1.5,0,0,0,1.53302,0.99997,1.06735,3,1,1,0.825929,0,0.827638,0.825685,0,69.9219,49,50.5,51.2778,2297,1890,1481.33,970,1568.55,112.289,144.703,154.172,113.719,144.703,651.424,53.25,10.46,7.08001,11.148,94.5,100,100,0,-0.125,80.0365,9,9,7.5
11.733,-1.5,0,0,0,1.54279,0.99997,1.06607,3,1,1,0.824464,0,0.827638,0.823732,0,69.9219,49.8056,50.8889,52.6112,2314.5,1900,1493.59,970,1579.1,113.227,145.734,155.25,114.961,145.734,651.424,53.25,10.568,7.14934,11.256,94.5,100,100,0,-0.125,80.0365,9.75,9.75,9
11.767,-1.5,0,0,0,1.54974,0.99997,1.06528,3,1,1,0.823488,0,0.824464,0.822023,0,69.9219,50.3334,51.1112,52.4445,2324.5,1900,1500.94,970,1587.03,113.789,146.789,156.07,114.914,145.734,651.424,53.25,10.636,7.21601,11.34,94.5,100,100,0,0.046875,80.0365,8.25,8.25,9.75
11.8,-1.5,0,0,0,1.55512,0.99997,1.06455,3,1,1,0.823488,0,0.824464,0.819337,0,69.9219,50.6389,52.25,52.75,2334.75,1920,1505.78,970,1592.3,114.188,146.789,156.07,115.5,146.789,651.424,53.25,10.668,7.22134,11.372,94.5,100,100,0,-0.03125,80.0365,10.5,10.5,9
11.833,-1.5,0,0,0,1.56708,0.99997,1.06262,3,1,1,0.822755,0,0.824464,0.813722,0,69.9219,51.3056,52.3889,53.6945,2341.75,1930,1514.8,970,1605.51,114.844,147.609,157.359,117.656,147.609,651.424,53.25,10.764,7.29334,11.468,94.5,100,100,0,0.015625,80.0365,9,9,9
11.867,-1.5,0,0,0,1.57752,0.99997,1.06073,3,1,1,0.822023,0,0.822755,0.803712,0,69.9219,52.0278,52.7223,54.6667,2356.25,1930,1527.34,970,1616.09,115.828,149.227,158.273,118.781,147.609,651.424,53.25,10.896,7.38134,11.584,94.5,100,100,0,-0.171875,80.0365,9.75,9.75,9.75
11.9,-1.5,0,0,0,1.58569,0.99997,1.05869,3,1,1,0.822023,0,0.822755,0.806398,0,69.9219,52.4723,53.2778,54.6667,2367.75,1940,1531.48,970,1623.98,116.414,149.227,158.273,117.094,149.227,652.361,53.25,10.912,7.39734,11.6,94.5,100,100,0,0.140625,79.6764,10.5,10.5,8.25
11.933,-1.5,0,0,0,1.59375,0.99997,1.05563,3,1,1,0.821534,0,0.822755,0.804445,0,69.9219,53.0556,54.5,55.3334,2378,1950,1539.02,970,1631.95,116.953,149.766,159.258,117.68,149.766,652.361,53.25,10.94,7.41068,11.628,94.5,100,100,0,0.078125,79.3163,9,9,9.75
11.967,-1.5,0,0,0,1.60089,0.99997,1.05234,3,1,1,0.82129,0,0.821534,0.802736,0,66.4063,53.6389,54.9167,56.6667,2390.25,1950,1548.09,970,1642.5,117.656,150.75,160.336,119.695,149.766,652.361,53.25,11.016,7.46134,11.704,94.5,100,100,0,0.09375,78.5976,9.75,9.75,9.75
12,-1.5,0,0,0,1.61475,0.99997,1.04965,3,1,1,0.82129,0,0.821534,0.798341,0,66.4063,54.0556,55.2778,56.6389,2402.25,1970,1554.18,970,1658.32,118.102,150.75,160.336,118.219,150.75,652.361,53.25,11.032,7.47201,11.72,94.5,100,100,0,0.0625,77.5188,11.25,11.25,9.75
12.033,-1.5,0,0,0,1.61505,0.99997,1.04663,3,1,1,0.821046,0,0.821534,0.793702,0,58.2031,54.6945,56.3612,57.5278,2410.75,1980,1564.8,970,1658.36,118.898,151.852,161.273,121.617,151.852,652.361,53.25,11.112,7.52534,11.8,94.5,100,100,0,0.46875,76.2599,9.75,9.75,10.5
12.067,-1.5,0,0,0,1.62689,0.99997,1.04276,3,1,1,0.820802,0,0.821046,0.792726,0,53.125,55.3334,56.6112,57.9167,2427.75,1980,1572.11,970,1674.22,119.484,152.766,162.586,122.484,151.852,652.361,53.25,11.132,7.53868,11.812,94.5,100,100,0,-0.296875,75.5397,11.25,11.25,10.5
12.1,-1.5,0,0,0,1.63648,0.99997,1.03961,3,1,1,0.820802,0,0.821046,0.793702,0,53.125,55.7778,57.1667,58.25,2440.75,1990,1580.04,970,1684.73,120.047,152.766,162.586,120.563,152.766,653.416,53.25,11.152,7.55734,11.832,94.5,100,100,0,-0.421875,75.5397,11.25,11.25,10.5
12.133,-1.5,0,0,0,1.64374,0.99997,1.03629,3,1,1,0.820802,0,0.821046,0.795167,0,53.125,56.1945,58.3889,57.4445,2447.75,2010,1583.71,970,1692.7,120.305,154.078,163.688,119.484,154.078,653.416,53.25,11.116,7.52801,11.796,94.5,99.6079,100,0,0.390625,75.5397,9,9,10.5
12.167,-1.5,0,0,0,1.63983,0.99997,1.03339,3,1,1,0.820558,0,0.820802,0.802736,0,53.125,56.5278,58.4723,59.4445,2454.75,2010,1594.69,970,1697.97,121.406,155.555,164.086,124.125,154.078,653.416,53.25,11.248,7.54134,11.928,94.5,100,100,0,0.15625,75.5397,8.25,8.25,9.75
12.2,-1.5,0,0,0,1.64386,0.99997,1.03192,3,1,1,0.820558,0,0.820802,0.809083,0,53.125,57.1667,58.6112,58.25,2466,2020,1596.45,970,1703.24,121.547,155.555,164.086,120.844,155.555,653.416,53.25,11.212,7.62401,11.892,94.5,100,100,0,-0.125,75.5397,10.5,10.5,9
12.233,-1.5,0,0,0,1.64813,0.99997,1.03088,3,1,1,0.820558,0,0.820802,0.814699,0,53.125,57.3612,58.7778,59.9723,2483.75,2030,1597.42,970,1711.17,121.547,155.625,165.375,123.797,155.625,653.416,53.25,11.164,7.54134,11.844,94.5,100,100,0,0.046875,75.5397,11.25,11.25,9.75
12.267,-1.5,0,0,0,1.65137,0.99997,1.03119,3,1,1,0.820558,0,0.820558,0.82007,0,53.125,57.8612,60.1112,59.6667,2499.25,2030,1598.32,970,1719.06,121.617,156.891,166.898,122.484,155.625,653.416,53.25,11.172,7.55734,11.852,94.5,100,100,0,0.25,75.5397,9.75,9.75,10.5
12.3,-1.5,0,0,0,1.64447,0.99997,1.03128,3,1,1,0.820558,0,0.820558,0.819337,0,53.125,57.9723,60.1112,58.9445,2501.5,2040,1598.09,970,1716.48,121.523,156.891,166.898,121.359,156.891,654.705,53.25,11.152,7.55468,11.832,94.5,100,100,0,-0.234375,75.5397,10.5,10.5,10.5
12.333,-1.5,0,0,0,1.65198,0.99997,1.03244,3,1,1,0.820558,0,0.820558,0.822023,0,53.125,58.3889,60.1389,59.25,2511.25,2060,1602.66,970,1726.99,121.852,158.438,167.391,121.031,158.438,654.705,53.25,11.224,7.60534,11.904,94.5,100,100,0,0.015625,75.5397,11.25,11.25,9.75
12.367,-1.5,0,0,0,1.64044,0.99997,1.03336,3,1,1,0.820314,0,0.820558,0.827638,0,53.125,58.9167,59.7778,59.6667,2528.5,2060,1606.64,970,1719.1,122.156,159.094,168.422,122.859,158.438,654.705,53.25,11.26,7.62401,11.948,94.5,100,100,0,0.390625,75.5397,10.5,10.5,11.25
12.4,-1.5,0,0,0,1.63922,0.99997,1.03412,3,1,1,0.820314,0,0.820558,0.829347,0,53.125,59.25,60.8889,61,2539,2070,1618.09,970,1719.1,123.094,159.094,168.422,126.047,159.094,654.705,53.25,11.4,7.67468,12.088,94.5,100,100,0,0.125,75.5397,11.25,11.25,11.25
12.433,-1.5,0,0,0,1.64868,0.99997,1.03494,3,1,1,0.820314,0,0.820558,0.824708,0,53.125,59.5556,61.2223,59.5834,2541.75,2080,1612.7,970,1732.3,122.813,160.242,169.148,121.078,160.242,654.705,53.25,11.344,7.68001,12.032,94.5,100,100,0,-0.34375,75.5397,11.25,11.25,10.5
12.467,-1.5,0,0,0,1.64148,0.99997,1.03516,3,1,1,0.820314,0,0.820314,0.82007,0,53.125,59.5,60.9723,60.3334,2559.5,2080,1605.12,970,1732.3,122.297,160.969,169.734,123.023,160.242,654.705,53.25,11.288,7.62668,11.984,94.5,100,100,0,0.125,75.5397,12,12,11.25
12.5,-1.5,0,0,0,1.64081,0.99997,1.0358,3,1,1,0.820314,0,0.820314,0.821046,0,53.125,59.8334,60.6945,61.1945,2573,2090,1608.32,970,1737.58,122.555,160.969,169.734,125.273,160.969,655.994,53.25,11.324,7.63201,12.02,94.5,100,100,0,0.25,75.5397,11.25,11.25,11.25
12.533,-1.5,0,0,0,1.62787,0.99997,1.03565,3,1,1,0.820314,0,0.820314,0.821046,0,53.125,60.25,61.3889,61.3056,2582,2100,1613.98,970,1724.41,123.258,161.813,170.953,126.492,161.813,655.994,53.25,11.4,7.65601,12.096,94.5,100,100,0,-0.046875,75.5397,12,12,10.5
12.567,-1.5,0,0,0,1.63324,0.99997,1.03595,3,1,1,0.820314,0,0.820314,0.825685,0,53.125,60.8889,61.7778,61.5,2588,2100,1614.38,970,1732.3,123.281,162.82,171.516,124.102,161.813,655.994,53.25,11.42,7.72801,12.108,94.5,100,100,0,-0.15625,75.5397,12,12,11.25
12.6,-1.5,0,0,0,1.63013,0.99997,1.03595,3,1,1,0.820314,0,0.820314,0.82837,0,53.125,61.3612,61.4723,61.3056,2599.25,2110,1619.49,970,1729.69,123.75,162.82,171.516,124.078,162.82,655.994,53.25,11.476,7.76534,12.164,94.5,100,100,0,0.25,75.5397,10.5,10.5,11.25
12.633,-1.5,0,0,0,1.63324,0.99997,1.03696,3,1,1,0.820314,0,0.820314,0.827638,0,53.125,61.3612,61.5834,61.8612,2612.75,2120,1615.08,970,1732.3,123.516,163.523,172.313,124.523,163.523,655.994,53.25,11.432,7.73868,12.12,94.5,100,100,0,-0.0625,75.5397,12,12,11.25
12.667,-1.5,0,0,0,1.62781,0.99997,1.03857,3,1,1,0.820314,0,0.820314,0.827638,0,53.125,61.6945,62.2778,61.1667,2625.25,2120,1610.86,970,1732.3,123.117,164.438,173.438,122.297,163.523,655.994,53.25,11.384,7.70134,12.096,93.75,100,100,0,-0.28125,75.5397,12,12,11.25
12.7,-1.5,0,0,0,1.61987,0.99997,1.03888,3,1,1,0.820314,0,0.820314,0.826661,0,53.125,62.0556,62,62.4445,2633.5,2130,1616.95,970,1724.41,123.82,164.438,173.438,126.188,164.438,657.498,53.25,11.516,7.76001,12.228,93.75,100,100,0,0.3125,75.8998,12,12,11.25
12.733,-1.5,0,0,0,1.63068,0.99997,1.04007,3,1,1,0.820314,0,0.820314,0.82837,0,54.6875,62.6945,62.1667,62.7778,2644.25,2140,1620.31,970,1734.92,124.242,165.469,174.234,124.617,165.469,657.498,53.25,11.564,7.82401,12.276,93.75,100,100,0,0.1875,75.8998,12,12,11.25
12.767,-1.5,0,0,0,1.63049,0.99997,1.04123,3,1,1,0.820314,0,0.820314,0.829347,0,54.6875,62.6112,63.3612,64.2501,2656.75,2140,1618.79,970,1734.96,124.031,166.359,175.078,126.234,165.469,657.498,53.25,11.552,7.77601,12.24,94.5,100,100,0,-0.203125,75.8998,11.25,11.25,11.25
12.8,-1.5,0,0,0,1.63464,0.99997,1.04172,3,1,1,0.820314,0,0.820314,0.825685,0,54.6875,63.1389,63.5278,63.6112,2663.5,2150,1619.41,970,1740.2,124.219,166.359,175.078,123.422,166.359,657.498,53.25,11.568,7.85068,12.256,94.5,100,100,0,0.078125,75.8998,12,12,10.5
12.833,-1.5,0,0,0,1.63599,0.99997,1.04227,3,1,1,0.820314,0,0.820314,0.823732,0,54.6875,63.7778,63.5834,64.3056,2674.75,2150,1627.58,970,1740.23,124.992,167.18,175.805,124.242,167.18,657.498,53.25,11.664,7.88801,12.352,94.5,100,100,0,0.140625,76.2599,9,9,11.25
12.867,-1.5,0,0,0,1.64581,0.99997,1.04404,3,1,1,0.820314,0,0.820314,0.832033,0,56.6406,64.4167,63.9723,66.2223,2691.25,2160,1638.09,970,1745.47,125.906,167.977,176.883,126.68,167.18,657.498,53.25,11.816,7.96268,12.512,93.75,100,100,0,-0.015625,76.2599,9.75,9.75,10.5
12.9,-1.5,0,0,0,1.6366,0.99997,1.04468,3,1,1,0.820314,0,0.820314,0.832033,0,56.6406,64.8334,64.5278,65.7501,2693.25,2160,1643.09,970,1732.34,126.258,167.977,176.883,130.594,167.977,659.022,53.25,11.956,8.02401,12.652,93.75,100,100,0,0.15625,76.2599,12,12,10.5
12.933,-1.5,0,0,0,1.65595,0.99997,1.04544,3,1,1,0.820314,0,0.820314,0.82837,0,56.6406,65.2778,65.2778,65.6112,2705.25,2180,1644.57,970,1750.82,126.469,169.102,177.492,124.383,169.102,659.022,53.25,11.908,8.05068,12.604,93.75,100,100,0,-0.125,76.2599,11.25,11.25,11.25
12.967,-1.5,0,0,0,1.65845,0.99997,1.04712,3,1,1,0.820314,0,0.820314,0.825685,0,56.6406,66.2778,65.3889,68.6667,2716.75,2180,1666.25,970,1750.78,128.25,169.734,178.195,130.453,169.102,659.022,53.25,12.216,8.19734,12.904,93.75,100,100,0,-0.09375,76.2599,11.25,11.25,10.5
13,-1.5,0,0,0,1.67835,0.99997,1.04755,3,1,1,0.820314,0,0.820314,0.821046,0,56.6406,66.6112,67.1112,68.6945,2729,2180,1670.78,970,1766.64,128.508,169.734,178.195,128.086,169.734,659.022,53.25,12.208,8.24534,12.896,93.75,100,100,0,0,76.6185,9.75,9.75,10.5
13.033,-1.5,0,0,0,1.68366,0.99997,1.04721,3,1,1,0.820314,0,0.820314,0.815675,0,58.2031,67.2501,67.3056,68.9445,2735.75,2190,1673.4,970,1769.3,128.766,170.461,178.898,128.625,170.461,659.022,53.25,12.22,8.26134,12.908,93.75,100,100,0,0.140625,76.6185,10.5,10.5,10.5
13.067,-1.5,0,0,0,1.69367,0.99997,1.04697,3,1,1,0.820314,0,0.820314,0.82007,0,59.7656,67.9445,67.7223,70.2223,2751,2190,1684.73,970,1777.19,129.563,171.352,179.977,130.383,170.461,659.022,53.25,12.344,8.33601,13.032,94.5,100,100,0,-0.265625,76.9786,10.5,10.5,9.75
13.1,-1.5,0,0,0,1.69092,0.99997,1.04514,3,1,1,0.820314,0,0.820314,0.816408,0,59.7656,68.6389,67.6112,71.3056,2762.5,2200,1701.84,970,1769.3,131.063,171.352,179.977,135.141,171.352,661.072,53.25,12.56,8.43734,13.248,94.5,100,100,0,-0.140625,76.9786,11.25,11.25,9.75
13.133,-1.5,0,0,0,1.71161,0.99997,1.04587,3,1,1,0.820314,0,0.820314,0.822023,0,59.7656,69.8056,69.0001,72.7501,2767.5,2210,1713.59,970,1785.16,132.117,172.359,180.797,137.156,172.359,661.072,53.25,12.704,8.58668,13.392,94.5,100,100,0,0.25,76.9786,11.25,11.25,11.25
13.167,-1.5,0,0,0,1.72162,0.99997,1.0459,3,1,1,0.820314,0,0.820314,0.824708,0,59.7656,70.9167,69.8889,74.0834,2785.75,2220,1731.13,970,1787.77,133.359,173.273,181.781,138.398,172.359,661.072,53.25,12.872,8.70134,13.56,93.75,100,100,0,-0.390625,76.9786,11.25,11.25,10.5
13.2,-1.5,0,0,0,1.73676,0.99997,1.04605,3,1,1,0.820314,0,0.820314,0.821046,0,59.7656,71.5556,70.5001,75.1112,2799.75,2230,1747.3,970,1798.36,134.789,173.273,181.781,138.867,173.273,661.072,53.25,13.032,8.76801,13.72,93.75,100,100,0,-0.296875,76.9786,10.5,10.5,10.5
13.233,-1.5,0,0,0,1.75244,0.99997,1.04669,3,1,1,0.820314,0,0.820314,0.822023,0,59.7656,72.7778,71.1389,76.3334,2808,2240,1762.19,970,1808.91,136.172,174.352,182.859,140.25,174.352,661.072,53.25,13.152,8.85868,13.84,93.75,100,100,0,0.25,76.9786,9.75,9.75,9.75
13.267,-1.5,0,0,0,1.7746,0.99997,1.04733,3,1,1,0.820314,0,0.820314,0.825685,0,59.7656,73.8056,73.0278,77.1945,2820,2240,1782.77,970,1822.15,137.883,175.313,183.469,141.609,174.352,661.072,53.25,13.308,8.95468,13.996,93.75,100,100,0,-0.3125,76.9786,9.75,9.75,9.75
13.3,-1.5,0,0,0,1.79151,0.99997,1.0484,3,1,1,0.820314,0,0.820314,0.82837,0,59.7656,74.3889,73.6667,77.9167,2825.5,2250,1790.08,970,1835.35,138.445,175.313,183.469,140.93,175.313,663.533,53.25,13.388,9.00801,14.076,93.75,100,100,0,0.046875,76.9786,9.75,9.75,9.75
13.333,-1.5,0,0,0,1.8122,0.99997,1.04984,3,1,1,0.820314,0,0.820314,0.832033,0,59.7656,75.3056,74.5834,77.8056,2837.75,2250,1796.76,970,1851.17,139.078,175.992,184.148,138.773,175.992,663.533,53.25,13.496,9.12534,14.184,93.75,100,100,0,0.3125,77.3387,9,9,9
13.367,-1.5,0,0,0,1.82568,0.99997,1.05203,3,1,1,0.820314,0,0.820314,0.833009,0,59.7656,76.2501,76.1667,80.6945,2851.75,2250,1819.34,970,1856.48,140.859,176.883,185.227,145.313,175.992,663.533,53.25,13.708,9.26934,14.42,94.5,100,100,0,-0.296875,77.3387,9,9,9.75
13.4,-1.5,0,0,0,1.84564,0.99997,1.05344,3,1,1,0.820314,0,0.820314,0.832033,0,59.7656,77.2223,77.0001,79.9167,2855.75,2260,1831.05,970,1872.3,142.008,176.883,185.227,141.68,176.883,663.533,53.25,13.856,9.35468,14.568,94.5,100,100,0,-0.1875,77.3387,9.75,9.75,10.5
13.433,-1.5,0,0,0,1.86188,0.99997,1.05451,3,1,1,0.820314,0,0.820314,0.827638,0,59.7656,78.2223,77.6667,81.5001,2874.25,2270,1839.45,970,1885.55,142.805,177.844,185.859,143.109,177.844,663.533,53.25,13.964,9.41601,14.676,94.5,100,100,0,0.171875,77.3387,7.5,7.5,9
13.467,-1.5,0,0,0,1.87457,0.99997,1.05631,3,1,1,0.820314,0,0.820314,0.82837,0,59.7656,79.139,78.1667,83.139,2894.75,2270,1853.09,970,1893.44,144.516,179.203,187.266,146.813,177.844,663.533,53.25,14.172,9.49868,14.868,93.75,99.6079,100,0,-0.4375,77.3387,6.75,6.75,6.75
13.5,-1.5,0,0,0,1.86688,0.99997,1.05731,3,1,1,0.820314,0,0.820314,0.82837,0,59.7656,80.0278,79.3334,81.3056,2897,2280,1858.44,970,1880.27,144.938,179.203,187.266,145.195,179.203,666.541,53.25,14.3,9.60801,14.996,93.75,100,100,0,-0.03125,77.3387,8.25,8.25,8.25
13.533,-1.5,0,0,0,1.8811,0.99997,1.05756,3,1,1,0.820314,0,0.820314,0.827638,0,59.7656,80.9445,80.5001,82.889,2904.5,2290,1870.35,970,1888.16,146.016,179.977,187.875,143.531,179.977,666.541,53.25,14.34,9.70401,15.036,93.75,100,100,0,0.390625,77.3387,9.75,9.75,9.75
13.567,-1.5,0,0,0,1.90546,0.99997,1.0582,3,1,1,0.820314,0,0.820314,0.824708,0,59.7656,82.1667,80.6112,83.6667,2919.5,2290,1888.2,970,1904.02,147.422,180.75,188.742,148.313,179.977,666.541,53.25,14.52,9.82935,15.216,93.75,100,100,0,-0.390625,77.3387,9,9,9
13.6,-1.5,0,0,0,1.92047,0.99997,1.05835,3,1,1,0.820314,0,0.820314,0.82007,0,59.7656,82.389,82.3334,84.9167,2930.25,2290,1892.38,970,1917.23,147.938,180.75,188.742,149.508,180.75,666.541,53.25,14.6,9.86935,15.296,93.75,100,100,0,0.109375,77.3387,7.5,7.5,8.25
13.633,-1.5,0,0,0,1.92011,0.99997,1.05832,3,1,1,0.820314,0,0.820314,0.815675,0,59.7656,83.6667,82.3056,84.6945,2944,2300,1902.07,970,1911.95,148.898,181.641,189.609,151.125,181.641,666.541,53.25,14.72,9.96801,15.416,93.75,100,100,0,-0.03125,77.3387,9,9,8.25
13.667,-1.5,0,0,0,1.93347,0.99997,1.05695,3,1,1,0.820314,0,0.820314,0.813722,0,59.7656,84.1945,82.889,85.139,2959.5,2300,1903.79,970,1922.5,149.016,182.672,190.828,150.516,181.641,666.541,54,14.708,9.96001,15.396,93.75,100,100,0,-0.46875,77.3387,9,9,8.25
13.7,-1.5,0,0,0,1.94245,0.99997,1.0556,3,1,1,0.820314,0,0.820314,0.815675,0,59.7656,84.5834,83.2778,85.0556,2959,2310,1909.18,970,1927.81,149.742,182.672,190.828,150.047,182.672,670.428,54,14.752,9.98668,15.44,93.75,100,100,0,-0.1875,77.3387,9,9,9
13.733,-1.5,0,0,0,1.95203,0.99997,1.05356,3,1,1,0.820314,0,0.820314,0.812745,0,59.7656,84.7778,83.6945,86.5556,2970.25,2320,1912.58,970,1933.09,150.07,183.656,191.133,152.156,183.656,670.428,54,14.792,10.016,15.48,93.75,100,100,0,0.109375,77.3387,8.25,8.25,9
13.767,-1.5,0,0,0,1.96356,0.99997,1.05246,3,1,1,0.820314,0,0.820314,0.81006,0,61.3281,86.1112,85.3056,86.3612,2992.75,2320,1920.51,970,1941.02,150.703,184.383,192.539,150.047,183.656,670.428,54,14.848,10.048,15.544,93.75,100,100,0,-0.15625,77.6988,6.75,6.75,6.75
13.8,-1.5,0,0,0,1.96423,0.99997,1.05188,3,1,1,0.820314,0,0.820314,0.811769,0,61.3281,86.1667,85.3612,87.0278,2994.75,2330,1921.84,970,1941.02,151.125,184.383,192.539,152.156,184.383,670.428,54,14.888,10.0587,15.584,93.75,100,100,0,-0.078125,78.0574,7.5,7.5,8.25
13.833,-1.5,0,0,0,1.97174,0.99997,1.05051,3,1,1,0.820314,0,0.820314,0.812745,0,63.2813,86.6112,85.639,87.5001,3000.75,2330,1925.86,970,1946.29,151.43,184.547,192.539,152.25,184.547,670.428,54,14.888,10.0587,15.584,93.75,100,100,0,0.34375,78.0574,7.5,7.5,9.75
13.867,-1.5,0,0,0,1.97724,0.99997,1.04971,3,1,1,0.820314,0,0.820314,0.819337,0,63.2813,87.3056,87.0556,88.4445,3022.75,2330,1931.91,970,1946.29,151.898,183.961,193.078,153.047,184.547,670.428,54,14.968,10.104,15.664,93.75,100,100,0,-0.234375,78.0574,6.75,6.75,6.75
13.9,-1.5,0,0,0,1.98413,0.99997,1.04825,3,1,1,0.820314,0,0.820314,0.814699,0,63.2813,87.8334,87.3612,90.2501,3022.75,2320,1939.84,970,1951.56,152.578,183.961,193.078,155.391,183.961,674.979,54,15.02,10.112,15.716,93.75,100,100,0,-0.09375,78.0574,9,9,9
13.933,-1.5,0,0,0,1.99036,0.99997,1.04816,3,1,1,0.820314,0,0.820314,0.815675,0,63.2813,88.7223,87.639,89.5834,3035.75,2320,1949.06,970,1954.22,153.305,183.727,193.148,153.305,183.727,674.979,54,15.14,10.2133,15.836,93.75,100,100,0,0.21875,78.0574,8.25,8.25,8.25
13.967,-1.5,0,0,0,2.00385,0.99997,1.04776,3,1,1,0.820314,0,0.820314,0.816408,0,63.2813,89.5834,88.2223,91.139,3049.25,2320,1957.3,970,1962.15,153.961,182.672,193.266,154.758,183.727,674.979,54,15.248,10.2693,15.944,93.75,100,100,0,-0.21875,78.0574,9,9,8.25
14,-1.5,0,0,0,2.0119,0.99997,1.04758,3,1,1,0.820314,0,0.820314,0.816408,0,63.2813,89.9723,89.7223,91.4723,3061.5,2310,1963.24,970,1967.42,154.359,182.672,193.266,155.273,182.672,674.979,54,15.308,10.2853,16.004,93.75,100,100,0,0.078125,78.0574,7.5,7.5,7.5
14.033,-1.5,0,0,0,2.02106,0.99997,1.04596,3,1,1,0.820314,0,0.820314,0.809083,0,63.2813,90.6112,90.139,91.1112,3074.5,2310,1963.67,970,1975.35,154.383,182.625,193.383,154.148,182.625,674.979,54,15.284,10.28,15.98,93.75,100,100,0,-0.25,78.0574,8.25,8.25,8.25
14.067,-1.5,0,0,0,2.02844,0.99997,1.04422,3,1,1,0.820314,0,0.820314,0.808107,0,63.2813,91.3334,90.4723,93.2223,3081,2310,1975.16,970,1980.63,155.32,182.531,193.477,158.086,182.625,674.979,54,15.392,10.3493,16.088,93.75,100,100,0,-0.46875,78.0574,8.25,8.25,7.5
14.1,-1.5,0,0,0,2.03833,0.99997,1.04178,3,1,1,0.820314,0,0.820314,0.809083,0,63.2813,91.6112,90.5834,93.9723,3077.75,2310,1987.97,970,1988.55,156.305,182.531,193.477,160.734,182.531,679.744,54,15.504,10.36,16.2,93.75,100,100,0,0.484375,78.0574,8.25,8.25,9.75
14.133,-1.5,0,0,0,2.05292,0.99997,1.0387,3,1,1,0.820314,0,0.820314,0.805421,0,63.2813,92.5279,91.5556,94.8334,3098.5,2310,1994.69,970,1999.1,156.844,182.531,193.523,158.766,182.531,679.744,54,15.544,10.4293,16.24,93.75,100,100,0,-0.25,78.0574,6.75,6.75,6.75
14.167,-1.5,0,0,0,2.06775,0.99997,1.03699,3,1,1,0.820314,0,0.820314,0.807374,0,63.2813,93.7501,93.5556,96.3612,3119.75,2310,2006.29,970,2012.34,157.734,182.531,193.711,158.977,182.531,679.744,54,15.66,10.48,16.348,93.75,100,100,0,-0.203125,78.0574,6,6,6
14.2,-1.5,0,0,0,2.091,0.99997,1.03528,3,1,1,0.820314,0,0.820314,0.808107,0,63.2813,94.0556,94.6112,95.3334,3120.75,2310,2009.26,970,2030.82,157.969,182.531,193.711,154.57,182.531,679.744,54,15.708,10.5147,16.396,93.75,100,100,0,-0.125,78.0574,6.75,6.75,6.75
14.233,-1.5,0,0,0,2.07843,0.99997,1.03262,3,1,1,0.820314,0,0.820314,0.802736,0,63.2813,94.8056,95.5001,97.2223,3123,2310,2023.32,970,2014.96,159.141,182.438,193.711,163.148,182.438,679.744,54,15.816,10.5173,16.504,93.75,100,100,0,-0.34375,78.0574,6.75,6.75,8.25
14.267,-1.5,0,0,0,2.09253,0.99997,1.0307,3,1,1,0.820314,0,0.820314,0.806398,0,63.2813,95.9723,96.139,97.7501,3151.25,2310,2029.41,970,2028.16,159.633,182.461,193.945,161.719,182.438,679.744,54,15.86,10.592,16.548,93.75,100,100,0,0.046875,78.0574,5.25,5.25,5.25
14.3,-1.5,0,0,0,2.09577,0.99997,1.02872,3,1,1,0.820314,0,0.820314,0.807374,0,63.2813,96.4723,96.3056,98.1112,3159.5,2310,2036.95,970,2030.82,160.172,182.461,193.945,161.906,182.461,685.096,54,15.924,10.6107,16.612,93.75,100,100,0,-0.328125,78.0574,6,6,6
14.333,-1.5,0,0,0,2.10242,0.99997,1.02683,3,1,1,0.820314,0,0.820314,0.807374,0,63.2813,96.3056,99.0556,96.8612,3162.5,2310,2028.91,970,2036.09,159.516,182.367,194.039,157.242,182.367,685.096,54,15.836,10.5653,16.524,93.75,100,100,0,-0.390625,78.0574,6.75,6.75,6.75
14.367,-1.5,0,0,0,2.10455,0.99997,1.02445,3,1,1,0.820314,0,0.820314,0.807374,0,63.2813,97.4167,98.1112,99.0556,3173.25,2310,2050,970,2041.33,161.227,182.344,194.063,162.164,182.367,685.096,54,16.012,10.6427,16.716,93.75,100,100,0,0.109375,78.0574,7.5,7.5,7.5
14.4,-1.5,0,0,0,2.09937,0.99997,1.02203,3,1,1,0.820314,0,0.820314,0.803712,0,63.2813,98.1112,97.889,98.2223,3190.25,2300,2050.63,970,2033.48,161.297,182.344,194.063,162.938,182.344,685.096,54,15.992,10.6827,16.696,93.75,100,100,0,-0.25,78.0574,6,6,6
14.433,-1.5,0,0,0,2.10968,0.99997,1.02097,3,1,1,0.820314,0,0.820314,0.809083,0,63.2813,98.2223,98.3612,97.4723,3201,2310,2045.47,970,2044.02,160.828,182.344,194.25,158.203,182.344,685.096,54,15.92,10.616,16.624,93.75,100,100,0,-0.703125,78.0574,5.25,5.25,5.25
14.467,-1.5,0,0,0,2.1117,0.99997,1.01852,3,1,1,0.820314,0,0.820314,0.811769,0,63.2813,98.2779,98.4445,98.3334,3211.75,2310,2038.95,970,2046.68,160.313,182.273,194.367,159.047,182.344,685.096,54,15.828,10.5627,16.524,93.75,100,100,0,-0.171875,78.0574,8.25,8.25,7.5
14.5,-1.5,0,0,0,2.09802,0.99997,1.01901,3,1,1,0.820314,0,0.820314,0.815675,0,63.2813,98.4445,99.2779,98.889,3215,2300,2043.24,970,2036.09,160.617,182.273,194.367,162.68,182.273,690.701,54,15.792,10.536,16.488,93.75,100,100,0,-0.3125,78.0574,7.5,7.5,7.5
14.533,-1.5,0,0,0,2.10224,0.99997,1.01782,3,1,1,0.820314,0,0.820314,0.812745,0,63.2813,98.8056,99.4723,98.3334,3228,2300,2040.98,970,2041.37,160.453,182.227,194.414,160.008,182.227,690.701,54,15.8,10.56,16.496,93.75,100,100,0,-0.5625,78.0574,6.75,6.75,6.75
14.567,-1.5,0,0,0,2.09522,0.99997,1.01679,3,1,1,0.820314,0,0.820314,0.811769,0,63.2813,98.7501,99.139,98.889,3244.75,2300,2031.99,970,2038.75,159.75,182.203,194.578,160.852,182.227,690.701,54,15.716,10.504,16.412,93.75,100,100,0,-0.53125,78.0574,6.75,6.75,7.5
14.6,-1.5,0,0,0,2.07172,0.99997,1.01636,3,1,1,0.820314,0,0.820314,0.813722,0,63.2813,98.9723,99.5001,98.2223,3255,2300,2037.19,970,2020.27,160.125,182.203,194.578,163.828,182.203,690.701,54,15.648,10.4507,16.344,93.75,100,100,0,-0.46875,78.0574,8.25,8.25,7.5
14.633,-1.5,0,0,0,2.08734,0.99997,1.01444,3,1,1,0.820314,0,0.820314,0.811036,0,63.2813,99.5001,100.25,98.6945,3254.75,2300,2035.98,970,2036.09,160.008,182.133,194.625,158.836,182.133,690.701,54,15.64,10.4987,16.336,93.75,100,100,0,-0.25,78.0574,8.25,8.25,9
14.667,-1.5,0,0,0,2.06885,0.99997,1.01389,3,1,1,0.820314,0,0.820314,0.816408,0,63.2813,99.389,99.3334,99.2223,3271.75,2300,2031.84,970,2022.93,159.656,182.133,194.766,162.07,182.133,690.701,54,15.528,10.4107,16.224,93.75,100,100,0,-0.3125,78.0574,9,9,8.25
14.7,-1.5,0,0,0,2.07843,0.99997,1.01276,3,1,1,0.820314,0,0.820314,0.816408,0,63.2813,99.5001,99.8056,99.5001,3280.75,2300,2025.55,970,2033.48,159.141,182.133,194.766,159.422,182.133,696.209,54,15.448,10.3653,16.144,93.75,100,100,0,-0.359375,78.0574,7.5,7.5,7.5
14.733,-1.5,0,0,0,2.0871,0.99997,1.01309,3,1,1,0.820314,0,0.820314,0.818361,0,63.2813,99.7223,101.556,98.1667,3293,2300,2014.49,970,2043.98,158.227,182.109,194.93,153.328,182.109,696.209,54,15.356,10.3547,16.052,93.75,99.6079,100,0,-0.484375,78.0574,7.5,7.5,7.5
14.767,-1.5,0,0,0,2.06482,0.99997,1.01309,3,1,1,0.820314,0,0.820314,0.817384,0,63.2813,99.6112,100.5,99.4167,3300.25,2300,2011.76,970,2028.16,157.992,182.016,194.977,158.555,182.109,696.209,54,15.272,10.288,15.968,93.75,100,100,0,-0.59375,78.0574,9,9,8.25
14.8,-1.5,0,0,0,2.06317,0.99997,1.01404,3,1,1,0.820314,0,0.820314,0.822999,0,63.2813,99.4445,100.445,98.7223,3309.25,2300,2005.74,970,2030.78,157.523,182.016,194.977,156.234,182.016,696.209,54,15.236,10.2613,15.932,93.75,100,100,0,-0.3125,78.0574,9,9,8.25
14.833,-1.5,0,0,0,2.0586,0.99997,1.01459,3,1,1,0.820314,0,0.820314,0.825685,0,63.2813,99.9723,100.222,99.2223,3324.75,2300,2008.16,970,2028.16,157.711,181.992,195.07,156.516,181.992,696.209,54,15.264,10.2773,15.96,93.75,100,100,0,-0.484375,78.0574,9,9,8.25
14.867,-1.5,0,0,0,2.05213,0.99997,1.01721,3,1,1,0.820314,0,0.820314,0.8313,0,63.2813,100.028,101.361,99.0556,3334.25,2300,1999.96,970,2022.93,157.055,181.57,195.188,157.125,181.992,696.209,54,15.204,10.248,15.892,93.75,100,100,0,-0.4375,78.0574,9,9,8.25
14.9,-1.5,0,0,0,2.05182,0.99997,1.01941,3,1,1,0.820314,0,0.820314,0.832033,0,63.2813,99.9723,101.333,101.389,3342,2300,2005.86,970,2028.16,157.148,181.57,195.188,158.438,181.57,701.229,54,15.24,10.2373,15.928,93.75,100,100,0,0,78.0574,7.5,7.5,8.25
14.933,-1.5,0,0,0,2.04871,0.99997,1.02127,3,1,1,0.820314,0,0.820314,0.829347,0,63.2813,100.639,101.195,100.111,3350.75,2310,2009.06,970,2025.55,157.406,181.922,195.258,156.328,181.922,701.229,54,15.352,10.3093,16.04,93.75,100,100,0,-0.734375,78.0574,7.5,7.5,8.25
14.967,-1.5,0,0,0,2.04517,0.99997,1.02402,3,1,1,0.820314,0,0.820314,0.833009,0,63.2813,101.278,101.028,101.195,3364.25,2310,2012.5,970,2022.89,157.711,181.5,195.398,158.016,181.922,701.229,54,15.436,10.3707,16.132,93.75,100,100,0,-0.125,78.0574,7.5,7.5,8.25
15,-1.5,0,0,0,2.04798,0.99997,1.0246,3,1,1,0.820314,0,0.820314,0.830324,0,63.2813,101,102.556,101.195,3371.75,2300,2006.64,970,2025.55,157.195,181.5,195.398,157.359,181.5,701.229,54,15.384,10.3387,16.08,93.75,100,100,0,-0.078125,78.0574,7.5,7.5,8.25
15.033,-1.5,0,0,0,2.02948,0.99997,1.02448,3,1,1,0.820314,0,0.820314,0.822023,0,63.2813,101.472,101.611,100.111,3388.5,2300,2007.5,970,2009.73,157.242,181.43,195.492,158.625,181.43,701.229,54,15.392,10.32,16.088,93.75,100,100,0,-0.703125,78.0574,9,9,8.25
15.067,-1.5,0,0,0,2.02362,0.99997,1.02539,3,1,1,0.820314,0,0.820314,0.823732,0,63.2813,101.639,101.333,100.889,3390.5,2300,2004.45,970,2007.07,157.031,181.406,195.586,160.758,181.43,701.229,54.75,15.348,10.3173,16.044,93.75,100,100,0,-0.625,78.0574,9,9,9.75
15.1,-1.5,0,0,0,2.03974,0.99997,1.02432,3,1,1,0.820314,0,0.820314,0.819337,0,63.2813,101.861,102.139,100.583,3403.25,2300,2004.18,970,2025.51,156.984,181.406,195.586,153.914,181.406,706.346,54.75,15.364,10.3173,16.06,93.75,100,100,0,-0.09375,78.0574,8.25,8.25,8.25
15.133,-1.5,0,0,0,2.02301,0.99997,1.02329,3,1,1,0.820314,0,0.820314,0.816408,0,63.2813,102.111,102.667,101.472,3409,2300,2003.91,970,2009.73,156.938,181.383,195.703,159.586,181.383,706.346,54.75,15.312,10.2907,16.008,93.75,100,100,0,-0.59375,78.0574,9,9,9.75
15.167,-1.5,0,0,0,2.03131,0.99997,1.02374,3,1,1,0.820314,0,0.820314,0.822023,0,63.2813,102.111,103.083,102.695,3421.5,2300,2001.68,970,2022.89,156.75,181.336,195.75,157.688,181.383,706.346,54.75,15.28,10.272,15.976,93.75,100,100,0,-0.234375,78.0574,9,9,9.75
15.2,-1.5,0,0,0,2.03412,0.99997,1.02448,3,1,1,0.820314,0,0.820314,0.824708,0,63.2813,102.333,103.167,102.556,3429.25,2300,1998.32,970,2028.16,156.492,181.336,195.75,156.305,181.336,706.346,54.75,15.264,10.264,15.96,93.75,99.6079,100,0,-0.578125,78.0574,9,9,9
15.233,-1.5,0,0,0,2.02802,0.99997,1.02521,3,1,1,0.820314,0,0.820314,0.824708,0,63.2813,103.139,102.917,103.083,3440.25,2300,2009.49,970,2020.27,157.383,181.336,195.867,158.32,181.336,706.346,54.75,15.428,10.3547,16.124,93.75,100,100,0,-0.421875,78.0574,9,9,7.5
15.267,-1.5,0,0,0,2.03278,0.99997,1.02695,3,1,1,0.820314,0,0.820314,0.822999,0,63.2813,103.945,104.583,104.695,3455.25,2300,2011.91,970,2025.51,157.594,181.289,196.031,158.836,181.336,706.346,54.75,15.484,10.3973,16.18,93.75,100,100,0,-0.375,78.0574,9,9,8.25
15.3,-1.5,0,0,0,2.02631,0.99997,1.02661,3,1,1,0.820314,0,0.820314,0.818361,0,63.2813,104.306,104.25,103.25,3461.25,2300,2011.09,970,2020.27,157.5,181.289,196.031,157.852,181.289,711.346,54.75,15.524,10.4187,16.22,93.75,100,100,0,-0.3125,78.0574,9,9,8.25
15.333,-1.5,0,0,0,2.02893,0.99997,1.02695,3,1,1,0.820314,0,0.820314,0.819337,0,63.2813,104.417,104.389,104.25,3472,2300,2011.33,970,2025.55,157.5,181.219,196.102,157.453,181.219,711.346,54.75,15.492,10.392,16.188,93.75,100,100,0,0.015625,78.0574,9,9,8.25
15.367,-1.5,0,0,0,2.03168,0.99997,1.02655,3,1,1,0.820314,0,0.820314,0.821046,0,63.2813,104.583,104.528,105.917,3479.25,2300,2015.7,970,2028.16,157.852,181.195,196.172,160.078,181.219,711.346,54.75,15.508,10.3867,16.204,93.75,100,100,0,-0.515625,78.0574,9,9,8.25
15.4,-1.5,0,0,0,2.03485,0.99997,1.02741,3,1,1,0.820314,0,0.820314,0.824708,0,63.2813,105.111,106.083,103.861,3493.5,2300,2011.17,970,2030.82,157.5,181.195,196.172,156.023,181.195,711.346,54.75,15.5,10.4053,16.196,93.75,100,100,0,-0.140625,78.0574,9,9,8.25
15.433,-1.5,0,0,0,2.02863,0.99997,1.02789,3,1,1,0.820314,0,0.820314,0.823732,0,63.2813,105.111,105.778,104.778,3505,2300,2007.85,970,2028.16,157.195,181.195,196.336,157.875,181.195,711.346,54.75,15.46,10.368,16.156,93.75,100,100,0,-0.75,78.0574,9,9,8.25
15.467,-1.5,0,0,0,2.0343,0.99997,1.02969,3,1,1,0.820314,0,0.820314,0.825685,0,63.2813,105.417,106.083,105.417,3512.75,2300,2009.53,970,2036.09,157.336,181.102,196.359,156.727,181.195,711.346,54.75,15.52,10.416,16.224,93.75,100,100,0,-0.375,78.0574,9,9,8.25
15.5,-1.5,0,0,0,2.0343,0.99997,1.0307,3,1,1,0.820314,0,0.820314,0.826661,0,63.2813,105.361,106.083,104.806,3523,2300,2005.08,970,2038.75,156.984,181.102,196.359,154.781,181.102,716.482,54.75,15.504,10.3947,16.208,93.75,100,100,0,-0.078125,78.0574,9.75,9.75,9
15.533,-1.5,0,0,0,2.02881,0.99997,1.03235,3,1,1,0.820314,0,0.820314,0.827638,0,63.2813,106.056,107.195,104.278,3538.5,2300,2000.94,970,2033.48,156.773,181.289,196.477,153.703,181.289,716.482,54.75,15.508,10.424,16.212,93.75,100,100,0,-0.625,78.0574,9.75,9.75,9
15.567,-1.5,0,0,0,2.01752,0.99997,1.03262,3,1,1,0.820314,0,0.820314,0.822023,0,63.2813,105.472,106.611,103.972,3544.75,2300,1989.92,970,2028.16,155.883,181.594,196.523,154.805,181.289,716.482,54.75,15.376,10.3227,16.088,93.75,100,100,0,-0.078125,78.0574,9.75,9.75,9.75
15.6,-1.5,0,0,0,2.00812,0.99997,1.03156,3,1,1,0.820314,0,0.820314,0.815675,0,63.2813,105.972,106.111,105.945,3552.75,2290,1990.27,970,2022.89,156.398,181.594,196.523,157.805,181.594,716.482,54.75,15.356,10.312,16.068,93.75,100,100,0,-0.59375,78.0574,9.75,9.75,9
15.633,-1.5,0,0,0,2.00964,0.99997,1.02963,3,1,1,0.820314,0,0.820314,0.811769,0,63.2813,105.972,106.222,105.833,3554.75,2290,1986.45,970,2025.55,156.188,181.336,196.57,157.148,181.336,716.482,54.75,15.312,10.296,16.024,93.75,100,100,0,-0.453125,78.0574,8.25,8.25,9
15.667,-1.5,0,0,0,2.00659,0.99997,1.02689,3,1,1,0.820314,0,0.820314,0.811769,0,63.2813,106.278,107.25,106.75,3576,2290,1986.37,970,2025.55,156.188,182.016,196.641,157.758,181.336,716.482,54.75,15.256,10.264,15.952,93.75,100,100,0,-0.078125,78.0574,9.75,9.75,9
15.7,-1.5,0,0,0,2.013,0.99997,1.02503,3,1,1,0.820314,0,0.820314,0.813722,0,63.2813,107.195,107.583,106.528,3591.5,2290,1984.61,970,2033.48,156.234,182.016,196.641,154.992,182.016,721.482,54.75,15.228,10.2667,15.924,93.75,100,100,0,-0.203125,78.0574,7.5,7.5,7.5
15.733,-1.5,0,0,0,2.01575,0.99997,1.02326,3,1,1,0.820314,0,0.820314,0.811769,0,63.2813,107.139,107.75,107.195,3588.5,2290,1985.04,970,2038.71,156.398,182.039,196.734,155.156,182.039,721.482,54.75,15.212,10.2427,15.908,93.75,100,100,0,-0.09375,78.0574,8.25,8.25,9.75
15.767,-1.5,0,0,0,2.02222,0.99997,1.02332,3,1,1,0.820314,0,0.820314,0.817384,0,63.2813,107.139,108.083,107.083,3607.5,2290,1977.58,970,2046.64,155.789,182.297,196.781,153.328,182.039,721.482,54.75,15.156,10.208,15.844,93.75,100,100,0,-0.796875,78.0574,7.5,7.5,7.5
15.8,-1.5,0,0,0,2.0138,0.99997,1.02332,3,1,1,0.820314,0,0.820314,0.822023,0,63.2813,107.667,108.833,108.111,3623,2290,1979.26,970,2041.37,156.07,182.297,196.781,156.469,182.297,721.482,54.75,15.132,10.1867,15.82,93.75,100,100,0,-0.546875,78.0574,7.5,7.5,7.5
15.833,-1.5,0,0,0,2.01392,0.99997,1.02628,3,1,1,0.820314,0,0.820314,0.8313,0,63.2813,108.028,108.833,107.361,3625.25,2290,1978.36,970,2043.98,156.117,182.438,196.875,155.203,182.438,721.482,54.75,15.184,10.2347,15.872,93.75,100,100,0,-0.875,78.0574,8.25,8.25,8.25
15.867,-1.5,0,0,0,2.01026,0.99997,1.02966,3,1,1,0.820314,0,0.820314,0.830324,0,63.2813,108.778,108.639,110.528,3635.75,2290,1986.02,970,2041.37,156.75,182.578,196.898,160.5,182.438,721.482,54.75,15.308,10.3093,16.004,93.75,100,100,0,-0.5625,78.0574,8.25,8.25,8.25
15.9,-1.5,0,0,0,2.01465,0.99997,1.03229,3,1,1,0.820314,0,0.820314,0.830324,0,63.2813,108.778,108.861,109.25,3642.75,2290,1981.99,970,2046.68,156.539,182.578,196.898,157.406,182.578,726.795,54.75,15.388,10.32,16.084,93.75,100,100,0,-0.328125,78.0574,9.75,9.75,9.75
15.933,-1.5,0,0,0,2.01447,0.99997,1.03507,3,1,1,0.820314,0,0.820314,0.833009,0,63.2813,108.945,110.139,108.5,3660.25,2290,1976.91,970,2046.68,156.281,182.813,196.992,155.883,182.813,726.795,54.75,15.384,10.344,16.08,93.75,100,100,0,-0.890625,78.0574,7.5,7.5,7.5
15.967,-1.5,0,0,0,2.021,0.99997,1.03705,3,1,1,0.820314,0,0.820314,0.830324,0,63.2813,109.361,110.472,109.445,3666.5,2290,1977.23,970,2057.23,156.305,182.906,197.039,154.852,182.813,726.795,54.75,15.412,10.3573,16.1,93.75,100,100,0,-0.34375,78.0574,9.75,9.75,9
16,-1.5,0,0,0,2.0166,0.99997,1.03616,3,1,1,0.820314,0,0.820314,0.824708,0,63.2813,109.806,110.25,109.028,3677.75,2290,1978.79,970,2054.61,156.539,182.906,197.039,155.344,182.906,726.795,54.75,15.432,10.3653,16.12,93.75,100,100,0,-0.78125,78.0574,9.75,9.75,9
16.033,-1.5,0,0,0,2.01068,0.99997,1.038,3,1,1,0.820314,0,0.820314,0.826661,0,63.2813,109.917,109.917,108.917,3688.5,2290,1976.21,970,2049.34,156.469,183.188,197.133,156.75,183.188,726.795,54.75,15.464,10.3893,16.152,93.75,100,100,0,-0.234375,78.4175,7.5,7.5,7.5
16.067,-1.5,0,0,0,2.01434,0.99997,1.03775,3,1,1,0.820314,0,0.820314,0.823732,0,64.8438,110.389,111.306,110.945,3691.75,2290,1979.18,970,2054.61,156.773,183.164,197.156,157.453,183.188,726.795,54.75,15.496,10.4133,16.192,93.75,100,100,0,-0.46875,78.4175,9.75,9.75,9.75
16.1,-1.5,0,0,0,2.0072,0.99997,1.03894,3,1,1,0.820314,0,0.820314,0.824708,0,64.8438,110.695,110.917,110.028,3707.75,2290,1977.93,970,2049.3,156.68,183.164,197.156,156.727,183.164,732.127,54.75,15.504,10.3973,16.2,93.75,100,100,0,-0.359375,78.4175,9,9,9
16.133,-1.5,0,0,0,2.0091,0.99997,1.03986,3,1,1,0.820314,0,0.820314,0.826661,0,64.8438,111.306,111,109.028,3720,2300,1972.46,970,2051.91,156.422,183.586,197.25,153.445,183.586,732.127,54.75,15.496,10.424,16.192,93.75,100,100,0,-0.5,78.4175,7.5,7.5,7.5
16.167,-1.5,0,0,0,2.00403,0.99997,1.03995,3,0.976808,1,0.820314,0,0.820314,0.821046,0,64.8438,110.695,110.667,110.25,3724.25,2300,1965.55,970,2049.26,155.836,183.445,197.297,155.438,183.586,732.127,55.5,15.388,10.36,16.1,93.75,99.6079,100,0,-0.671875,78.4175,9.75,9.75,9.75
16.2,-1.5,0,0,0,2.00324,0.99997,1.03857,3,0.976808,1,0.820314,0,0.820314,0.815675,0,64.8438,110.861,111.889,109.556,3736.75,2290,1956.48,970,2049.3,155.156,183.445,197.297,154.031,183.445,732.127,55.5,15.3,10.3387,16.012,93.75,100,100,0,-0.140625,78.4175,9,9,9
16.233,-1.5,0,0,0,1.9986,0.99997,1.03784,3,0.976808,1,0.820314,0,0.820314,0.812745,0,64.8438,111.028,111.583,110.528,3737.75,2300,1961.6,970,2046.68,155.695,183.82,197.367,155.508,183.82,732.127,55.5,15.332,10.3147,16.044,93.75,100,100,0,-0.390625,78.4175,10.5,10.5,10.5
16.267,-1.5,0,0,0,1.99634,0.99997,1.03534,3,0.969972,1,0.820314,0,0.820314,0.812745,0,64.8438,111.722,111.472,112.195,3763.5,2300,1965.51,970,2044.06,156.141,183.914,197.414,157.102,183.82,732.127,55.5,15.336,10.304,16.032,93.75,100,100,0,-0.265625,78.4175,7.5,7.5,7.5
16.3,-1.5,0,0,0,1.99548,0.99997,1.03378,3,0.969972,1,0.820314,0,0.820314,0.811769,0,64.8438,112.083,112.667,111.611,3766,2300,1961.56,970,2044.06,155.813,183.914,197.414,156.352,183.914,737.576,55.5,15.276,10.288,15.972,93.75,100,100,0,-0.296875,78.4175,9,9,9
16.333,-1.5,0,0,0,1.99951,0.99997,1.0318,3,0.969972,1,0.820314,0,0.820314,0.811036,0,64.8438,112.25,112.917,111.972,3771,2300,1960.35,970,2049.3,155.813,184.031,197.484,155.273,184.031,737.576,55.5,15.24,10.2693,15.936,93.75,100,100,0,-0.40625,78.4175,10.5,10.5,10.5
16.367,-1.5,0,0,0,1.99683,0.99997,1.03098,3,0.961427,1,0.820314,0,0.820314,0.812745,0,64.8438,112.528,112.75,112.278,3785.75,2300,1961.45,970,2049.3,155.906,184.266,197.555,155.367,184.031,737.576,55.5,15.236,10.2533,15.924,93.75,100,100,0,-0.203125,78.4175,9,9,9
16.4,-1.5,0,0,0,2.00098,0.99997,1.03024,3,0.961427,1,0.820314,0,0.820314,0.814699,0,64.8438,112.945,112.972,112.833,3800.75,2300,1959.1,970,2054.61,155.836,184.266,197.555,154.477,184.266,737.576,55.5,15.212,10.2507,15.9,93.75,100,100,0,-0.4375,78.4175,8.25,8.25,8.25
16.433,-1.5,0,0,0,1.99365,0.99997,1.02976,3,0.961427,1,0.820314,0,0.820314,0.816408,0,64.8438,113.111,113.75,113.056,3806,2300,1959.38,970,2046.68,156.023,184.43,197.625,156.82,184.43,737.576,55.5,15.22,10.24,15.908,93.75,100,100,0,0.390625,78.4175,9.75,9.75,9.75
16.467,-1.5,0,0,0,1.99664,0.99997,1.03183,3,0.954835,1,0.820314,0,0.820314,0.823732,0,64.8438,113.639,113.945,114.639,3812.75,2300,1961.33,970,2051.95,156.258,184.5,197.695,157.266,184.43,737.576,55.5,15.284,10.2613,15.98,93.75,100,100,0,-0.28125,78.4175,8.25,8.25,9
16.5,-1.5,0,0,0,1.99603,0.99997,1.0325,3,0.954835,1,0.820314,0,0.820314,0.822023,0,64.8438,113.972,113.917,115,3826.5,2300,1964.06,970,2051.95,156.469,184.5,197.695,157.219,184.5,743.084,55.5,15.324,10.288,16.02,93.75,100,100,0,-0.21875,78.4175,9,9,9
16.533,-1.5,0,0,0,1.99652,0.99997,1.03308,3,0.954835,1,0.820314,0,0.820314,0.82007,0,64.8438,114.695,113.945,114.639,3836.75,2300,1964.14,970,2051.95,156.609,184.758,197.742,158.414,184.758,743.084,55.5,15.384,10.3253,16.08,93.75,100,100,0,-0.15625,78.4175,10.5,10.5,9.75
16.567,-1.5,0,0,0,2.0069,0.99997,1.03351,3,0.946779,1,0.820314,0,0.820314,0.821046,0,64.8438,114.972,115.722,115.361,3851,2300,1965.04,970,2062.5,156.82,184.922,197.813,156.656,184.758,743.084,55.5,15.384,10.3253,16.088,93.75,100,100,0,0,78.4175,11.25,11.25,9.75
16.6,-1.5,0,0,0,2.00751,0.99997,1.0333,3,0.946779,1,0.820314,0,0.820314,0.82007,0,64.8438,115.333,115.75,117.111,3858.5,2300,1970.2,970,2065.16,157.242,184.922,197.813,158.859,184.922,743.084,55.5,15.464,10.3413,16.168,93.75,100,100,0,-0.4375,78.4175,9.75,9.75,10.5
16.633,-1.5,0,0,0,2.01569,0.99997,1.03302,3,0.946779,1,0.820314,0,0.820314,0.819337,0,64.8438,116.25,116.222,116.861,3865.75,2300,1972.38,970,2073.05,157.57,185.063,197.883,156.727,185.063,743.084,55.5,15.512,10.408,16.216,93.75,100,100,0,-0.09375,78.4175,9.75,9.75,10.5
16.667,-1.5,0,0,0,2.01349,0.99997,1.03211,3,0.940431,1,0.820314,0,0.820314,0.819337,0,64.8438,116.778,116.111,116,3877.25,2300,1975.16,970,2070.39,157.781,185.227,197.953,159.773,185.063,743.084,55.5,15.564,10.4133,16.252,93.75,100,100,0,-0.46875,78.4175,11.25,11.25,12
16.7,-1.5,0,0,0,2.02655,0.99997,1.03244,3,0.940431,1,0.820314,0,0.820314,0.82007,0,64.8438,117.278,118.139,117.778,3886.5,2300,1974.38,970,2081.02,157.805,185.227,197.953,156.797,185.227,748.396,55.5,15.528,10.4133,16.216,93.75,100,100,0,-0.46875,78.4175,10.5,10.5,10.5
16.733,-1.5,0,0,0,2.02289,0.99997,1.03424,3,0.940431,1,0.820314,0,0.820314,0.827638,0,64.8438,117.472,117.945,117.333,3899,2300,1973.4,970,2078.36,157.852,185.414,198,157.852,185.414,748.396,55.5,15.564,10.4347,16.252,93.75,100,100,0,-0.296875,78.4175,9.75,9.75,9.75
16.767,-1.5,0,0,0,2.02783,0.99997,1.03778,3,0.931398,1,0.820314,0,0.820314,0.8313,0,64.8438,117.917,118.222,117.972,3911.75,2300,1975.16,970,2083.63,158.109,185.555,198.07,157.195,185.414,748.396,55.5,15.676,10.512,16.372,93.75,100,100,0,-0.484375,78.4175,9.75,9.75,9.75
16.8,-1.5,0,0,0,2.02344,0.99997,1.04089,3,0.931398,1,0.820314,0,0.820314,0.830324,0,64.8438,117.639,118,117.361,3917.75,2300,1965.47,970,2083.63,157.289,185.555,198.07,157.078,185.555,748.396,55.5,15.616,10.4533,16.312,93.75,100,100,0,0.171875,78.4175,10.5,10.5,10.5
16.833,-1.5,0,0,0,2.01276,0.99997,1.04199,3,0.924318,1,0.820314,0,0.820314,0.824708,0,64.8438,118.278,118.583,118.917,3934.75,2300,1975.66,970,2073.09,158.273,185.742,198.141,160.102,185.742,748.396,55.5,15.736,10.4747,16.432,93.75,100,100,0,-0.234375,78.4175,9.75,9.75,10.5
16.867,-1.5,0,0,0,2.01557,0.99997,1.04273,3,0.924318,1,0.820314,0,0.820314,0.823732,0,64.8438,118.972,118.75,117.722,3945.75,2300,1970.63,970,2075.74,158.063,186,198.258,157.008,185.742,748.396,55.5,15.74,10.5093,16.436,93.75,100,100,0,-0.546875,78.4175,9.75,9.75,10.5
16.9,-1.5,0,0,0,2.00653,0.99997,1.04205,3,0.924318,1,0.820314,0,0.820314,0.822999,0,64.8438,118.972,118.195,117.861,3954,2300,1966.52,970,2067.85,157.688,186,198.258,158.438,186,753.396,55.5,15.644,10.4693,16.34,93.75,99.6079,100,0,-0.421875,78.4175,9.75,9.75,10.5
16.933,-1.5,0,0,0,2.00916,0.99997,1.04266,3,0.916261,1,0.820314,0,0.820314,0.825685,0,64.8438,118.972,118.361,119.861,3957.25,2300,1969.14,970,2073.09,157.969,185.93,198.281,159.211,185.93,753.396,56.25,15.68,10.4693,16.376,93.75,100,100,0,-0.140625,78.4175,11.25,11.25,10.5
16.967,-1.5,0,0,0,2.01062,0.99997,1.04437,3,0.916261,1,0.820314,0,0.820314,0.827638,0,64.8438,119.833,118.445,120.222,3972.75,2300,1972.77,970,2073.09,158.016,185.906,198.352,159,185.93,753.396,56.25,15.768,10.5413,16.464,93.75,100,100,0,-0.5,78.4175,11.25,11.25,10.5
17,-1.5,0,0,0,2.01679,0.99997,1.04456,3,0.916261,1,0.820314,0,0.820314,0.823732,0,64.8438,119.833,120.056,119.222,3978.75,2300,1969.38,970,2078.32,157.734,185.906,198.352,156.047,185.906,753.396,56.25,15.728,10.5147,16.424,93.75,100,100,0,-0.234375,78.4175,11.25,11.25,10.5
17.033,-1.5,0,0,0,2.01666,0.99997,1.04263,3,0.909914,1,0.820314,0,0.820314,0.816408,0,64.8438,119.667,120.083,120.389,3994,2300,1961.48,970,2081.02,157.219,186.445,198.422,157.734,186.445,753.396,56.25,15.596,10.4427,16.292,93.75,100,100,0,-0.75,78.4175,11.25,11.25,10.5
17.067,-1.5,0,0,0,2.01257,0.99997,1.04239,3,0.909914,1,0.820314,0,0.820314,0.818361,0,64.8438,120.528,119.833,120.5,3996.25,2300,1969.65,970,2075.74,157.898,186.047,198.469,158.25,186.445,753.396,56.25,15.708,10.4933,16.404,93.75,100,100,0,-0.109375,78.4175,11.25,11.25,10.5
17.1,-1.5,0,0,0,2.01087,0.99997,1.04141,3,0.909914,1,0.820314,0,0.820314,0.819337,0,64.8438,120.778,121.028,120.222,4009,2300,1968.05,970,2073.09,157.828,186.047,198.469,157.594,186.047,758.67,56.25,15.696,10.5173,16.392,93.75,100,100,0,-0.1875,78.4175,12,12,11.25
17.133,-1.5,0,0,0,2.0069,0.99997,1.04193,3,0.904542,1,0.820314,0,0.820314,0.819337,0,64.8438,121.417,120.778,119.861,4027.75,2300,1963.44,970,2070.43,157.781,186.609,198.516,156.773,186.609,758.67,56.25,15.66,10.512,16.356,93.75,100,100,0,-0.359375,78.4175,12,12,11.25
17.167,-1.5,0,0,0,2.00458,0.99997,1.04291,3,0.904542,1,0.820314,0,0.820314,0.822023,0,64.8438,121.278,120.639,120.639,4033.75,2300,1959.84,970,2067.81,157.477,186.656,198.539,157.594,186.609,758.67,56.25,15.676,10.4693,16.38,93.75,100,100,0,-0.140625,78.4175,12,12,11.25
17.2,-1.5,0,0,0,1.9997,0.99997,1.04349,3,0.904542,1,0.820314,0,0.820314,0.822023,0,64.8438,121.695,120.361,120.917,4043.5,2300,1956.21,970,2062.5,157.477,186.656,198.539,157.945,186.656,758.67,56.25,15.64,10.464,16.344,93.75,100,100,0,-0.828125,78.4175,10.5,10.5,11.25
17.233,-1.5,0,0,0,2.00092,0.99997,1.04474,3,0.904542,1,0.820314,0,0.820314,0.822999,0,64.8438,122.056,121.583,122.361,4051.75,2280,1959.84,970,2062.5,157.969,185.695,198.563,158.625,185.695,758.67,56.25,15.708,10.488,16.412,93.75,100,100,0,-0.21875,78.4175,10.5,10.5,11.25
17.267,-1.5,0,0,0,2.00055,0.99997,1.04462,3,0.898683,1,0.820314,0,0.820314,0.821046,0,64.8438,122,121.556,121.806,4062.75,2280,1954.14,970,2062.5,157.781,184.992,198.586,157.547,185.695,758.67,56.25,15.688,10.48,16.384,93.75,100,100,0,-0.265625,78.4175,12,12,11.25
17.3,-1.5,0,0,0,2.00324,0.99997,1.04559,3,0.898683,1,0.820314,0,0.820314,0.822023,0,64.8438,122.445,121.667,122.556,4072.75,2270,1953.28,970,2065.12,157.664,184.992,198.586,157.148,184.992,763.65,56.25,15.664,10.4933,16.36,93.75,99.6079,100,0,0.296875,78.4175,12,12,11.25
17.333,-1.5,0,0,0,2.00867,0.99997,1.04529,3,0.894044,1,0.820314,0,0.820314,0.821046,0,64.8438,122.75,123.25,122.556,4084.25,2270,1943.87,970,2070.43,157.219,185.297,198.609,157.055,185.297,763.65,56.25,15.592,10.456,16.288,93.75,100,100,0,-0.625,78.4175,11.25,11.25,11.25
17.367,-1.5,0,0,0,2.00507,0.99997,1.04327,3,0.894044,1,0.820314,0,0.820314,0.816408,0,64.8438,122.917,123.056,121.083,4095,2270,1943.13,970,2067.81,157.359,185.508,198.633,155.273,185.297,763.65,56.25,15.58,10.4453,16.276,93.75,100,100,0,-0.28125,78.4175,11.25,11.25,10.5
17.4,-1.5,0,0,0,1.99518,0.99997,1.04132,3,0.894044,1,0.820314,0,0.820314,0.811036,0,64.8438,123.5,122.445,123.556,4106.75,2270,1951.37,970,2059.88,158.016,185.508,198.633,159,185.508,763.65,56.25,15.612,10.4507,16.308,93.75,100,100,0,-0.453125,78.4175,12,12,10.5
17.433,-1.5,0,0,0,1.99988,0.99997,1.04031,3,0.890138,1,0.820314,0,0.820314,0.815675,0,64.8438,123.972,122.722,120.778,4114.5,2270,1940.47,970,2059.88,157.43,186.117,198.656,154.5,186.117,763.65,56.25,15.544,10.4533,16.248,93.75,100,100,0,-0.046875,78.4175,10.5,10.5,11.25
17.467,-1.5,0,0,0,1.99933,0.99997,1.03955,3,0.890138,1,0.820314,0,0.820314,0.818361,0,64.8438,123.833,122.667,123.556,4122,2270,1938.55,970,2062.5,157.219,186.234,198.68,157.125,186.117,763.65,56.25,15.448,10.3707,16.152,93.75,100,100,0,-0.3125,78.4175,10.5,10.5,11.25
17.5,-1.5,0,0,0,2.00055,0.99997,1.03977,3,0.890138,1,0.820314,0,0.820314,0.818361,0,64.8438,123.722,123.889,123.722,4129.75,2270,1933.05,970,2062.5,156.984,186.234,198.68,157.641,186.234,768.474,56.25,15.424,10.352,16.128,93.75,100,100,0,0.046875,78.4175,10.5,10.5,11.25
17.533,-1.5,0,0,0,1.99829,0.99997,1.03867,3,0.890138,1,0.820314,0,0.820314,0.812745,0,64.8438,124.528,123.75,123.306,4142.5,2270,1937.3,970,2059.88,157.5,186.609,198.703,156.469,186.609,768.474,56.25,15.468,10.3893,16.172,93.75,100,100,0,-0.6875,78.4175,12,12,11.25
17.567,-0.75,0,0,0,1.99506,0.99997,1.03919,3,0.887208,1,0.820314,0,0.820314,0.821046,0,64.8438,124.25,123.556,126.833,4154.5,2270,1937.34,970,2054.65,157.453,187.242,198.75,162.352,186.609,768.474,56.25,15.452,10.3307,16.164,93.75,100,100,0,0.078125,78.4175,12,12,11.25
17.6,-0.75,0,0,0,2.00513,0.99997,1.03867,3,0.887208,1,0.820314,0,0.820314,0.819337,0,64.8438,125.278,124.167,124,4162,2280,1933.83,970,2065.16,157.57,187.242,198.75,155.414,187.242,768.474,56.25,15.476,10.3973,16.188,93.75,100,100,0,-0.359375,78.4175,12,12,11.25
17.633,-0.75,0,0,0,1.99518,0.99997,1.0397,3,0.884767,1,0.820314,0,0.820314,0.819337,0,64.8438,125.806,124.75,124.833,4172.25,2270,1938.63,970,2051.95,158.086,187.102,198.75,158.203,187.102,768.474,57,15.596,10.4613,16.292,93.75,100,100,0,-0.1875,78.4175,11.25,11.25,11.25
17.667,-0.75,0,0,0,1.99762,0.99997,1.03888,3,0.884767,1,0.820314,0,0.820314,0.816408,0,64.8438,125,126.083,125.389,4185.25,2270,1924.41,970,2054.65,157.266,187.969,198.797,159.047,187.102,768.474,57,15.384,10.312,16.08,93.75,100,100,0,-0.03125,78.4175,11.25,11.25,11.25
17.7,-0.75,0,0,0,1.98779,0.99997,1.03909,3,0.884767,1,0.820314,0,0.820314,0.82007,0,64.8438,125.861,124.278,126.083,4192.25,2280,1927.93,970,2049.3,157.523,187.969,198.797,160.102,187.969,773.181,57,15.464,10.36,16.16,93.75,100,100,0,0.09375,78.4175,11.25,11.25,11.25
17.733,-0.75,0,0,0,1.99433,0.99997,1.04041,3,0.882814,1,0.820314,0,0.820314,0.822023,0,64.8438,126.056,124.667,126.833,4200.5,2270,1925.51,970,2054.61,157.453,187.875,198.82,159.914,187.875,773.181,57,15.448,10.376,16.136,93.75,100,100,0,-0.171875,78.4175,11.25,11.25,11.25
17.767,-0.75,0,0,0,1.98615,0.99997,1.0412,3,0.882814,1,0.820314,0,0.820314,0.822999,0,64.8438,126.445,125.445,126.417,4208.75,2280,1930.2,970,2046.68,158.133,188.531,198.844,161.063,187.875,773.181,57,15.52,10.3627,16.208,93.75,100,100,0,0.046875,78.4175,11.25,11.25,10.5
17.8,-0.75,0,0,0,2.00733,0.99997,1.04196,3,0.882814,1,0.820314,0,0.820314,0.822999,0,64.8438,127.083,133.889,124.889,4220.5,2280,1914.65,970,2067.77,156.773,188.531,198.844,153.211,188.531,773.181,57,15.444,10.4053,16.132,93.75,100,100,0,-0.25,78.4175,12,12,11.25
17.833,-0.75,0,0,0,1.9989,0.99997,1.0445,3,0.87964,1,0.820314,0,0.820314,0.825685,0,64.8438,127.195,131.028,125.778,4235.25,2280,1910.31,970,2065.12,156.68,188.789,198.867,153.773,188.789,773.181,57,15.428,10.392,16.124,93.75,100,100,0,-0.328125,78.4175,11.25,11.25,11.25
17.867,-0.75,0,0,0,1.96961,0.99997,1.04553,3,0.87964,1,0.820314,0,0.820314,0.825685,0,64.8438,127.278,124.417,126.389,4240.75,2280,1919.1,970,2044.02,157.711,189.164,198.891,158.977,188.789,773.181,57,15.536,10.3707,16.232,93.75,100,100,0,-0.109375,78.4175,11.25,11.25,11.25
17.9,-0.75,0,0,0,1.99036,0.99997,1.0484,3,0.87964,1,0.820314,0,0.820314,0.829347,0,64.8438,127.333,131.667,127,4248,2280,1906.6,970,2062.46,156.586,189.164,198.891,155.156,189.164,777.693,57,15.452,10.4027,16.148,93.75,100,100,0,0.03125,78.4175,11.25,11.25,11.25
17.933,-0.75,0,0,0,1.98157,0.99997,1.04895,3,0.877199,1,0.820314,0,0.820314,0.824708,0,64.8438,127.972,126.306,127.083,4261.75,2280,1911.72,970,2054.65,157.172,189.398,198.914,157.078,189.398,777.693,57,15.56,10.4187,16.256,93.75,100,100,0,-0.265625,78.4175,12,12,11.25
17.967,-0.75,0,0,0,1.97876,0.99997,1.04956,3,0.877199,1,0.820314,0,0.820314,0.821046,0,64.8438,128.528,126.139,127.778,4273.5,2280,1916.99,970,2049.3,157.594,190.031,198.938,157.688,189.398,777.693,57,15.624,10.4667,16.32,93.75,100,100,0,0.078125,78.4175,12,12,11.25
18,-0.75,0,0,0,1.97553,0.99997,1.04907,3,0.877199,1,0.820314,0,0.820314,0.82007,0,64.8438,128.528,125.917,127.139,4283.75,2280,1912.19,970,2046.72,157.5,190.031,198.938,157.828,190.031,777.693,57,15.576,10.4693,16.272,93.75,99.6079,100,0,-0.453125,78.4175,12,12,11.25
18.033,-0.75,0,0,0,1.97962,0.99997,1.04825,3,0.875001,1,0.820314,0,0.820314,0.817384,0,64.8438,128.945,127.333,129,4290.5,2280,1909.65,970,2051.95,157.547,190.172,198.961,158.273,190.172,777.693,57,15.552,10.4293,16.248,93.75,99.6079,100,0,0.046875,78.4175,11.25,11.25,11.25
18.067,-0.75,0,0,0,1.98059,0.99997,1.04855,3,0.875001,1,0.820314,0,0.820314,0.821046,0,64.8438,128.778,129.806,129,4305.25,2280,1904.26,970,2051.99,157.219,190.477,198.984,157.641,190.172,777.693,57,15.512,10.392,16.208,93.75,100,100,0,-0.5,78.4175,12,12,11.25
18.1,-0.75,0,0,0,1.98786,0.99997,1.04739,3,0.875001,1,0.820314,0,0.820314,0.817384,0,64.8438,129.472,132.722,129.945,4314,2280,1905.2,970,2059.88,157.266,190.477,198.984,156.797,190.477,782.01,57,15.496,10.3947,16.192,93.75,100,100,0,-0.171875,78.4175,12,12,11.25
18.133,-0.75,0,0,0,1.97626,0.99997,1.04627,3,0.873536,1,0.820314,0,0.820314,0.816408,0,64.8438,129.472,130.778,128.861,4328.25,2290,1896.48,970,2057.19,156.867,191.156,199.031,156.281,191.156,782.01,57,15.404,10.3867,16.116,93.75,100,100,0,-0.453125,78.4175,12,12,11.25
18.167,-0.75,0,0,0,1.97601,0.99997,1.04584,3,0.873536,1,0.820314,0,0.820314,0.816408,0,64.8438,129.75,130.722,131.195,4337,2290,1900.39,970,2057.19,157.172,191.203,199.055,158.578,191.156,782.01,57,15.412,10.3413,16.124,93.75,100,100,0,-0.609375,78.4175,12,12,11.25
18.2,-0.75,0,0,0,1.974,0.99997,1.04685,3,0.873536,1,0.820314,0,0.820314,0.822023,0,64.8438,130.5,128.111,128.667,4342.75,2280,1898.79,970,2054.61,157.289,191.203,199.055,154.734,191.203,782.01,57,15.484,10.3867,16.196,93.75,100,100,0,-0.234375,78.4175,12,12,11.25
18.233,-0.75,0,0,0,1.97217,0.99997,1.04752,3,0.872316,1,0.820314,0,0.820314,0.818361,0,64.8438,130.222,131.667,131.361,4352.75,2290,1895.2,970,2051.95,157.102,191.578,199.055,158.625,191.578,782.01,57.75,15.424,10.3333,16.12,93.75,100,100,0,0.015625,78.4175,12,12,11.25
18.267,0,0,0,0,1.97308,0.99997,1.0513,3,0.872316,1,0.820314,0,0.820314,0.82837,0,64.8438,131.028,129.306,129.611,4364.75,2290,1894.3,970,2051.95,158.109,191.813,199.102,155.016,191.578,782.01,57.75,15.616,10.4373,16.312,93.75,100,100,0,-0.453125,78.4175,12,12,11.25
18.3,0,0,0,0,1.96063,0.99997,1.05115,3,0.872316,1,0.820314,0,0.820314,0.82837,0,64.8438,131.083,131,130.861,4370.5,2270,1886.21,970,2044.02,157.359,191.813,199.102,158.695,191.813,786.346,57.75,15.488,10.392,16.184,93.75,100,100,0,-0.359375,78.4175,12,12,11.25
18.333,0,0,0,0,1.95038,0.99997,1.05182,3,0.86963,1,0.820314,0,0.820314,0.817384,0,64.8438,131.25,127.833,131.667,4378.25,2260,1887.3,970,2038.75,157.594,190.852,199.102,160.078,190.852,786.346,57.75,15.512,10.3627,16.208,93.75,100,100,0,-0.546875,78.4175,12,12,12
18.367,0,0,0,0,1.95947,0.99997,1.05216,3,0.86963,1,0.820314,0,0.820314,0.82007,0,64.8438,131.083,136.806,131.195,4391,2260,1874.38,970,2049.34,156.82,192.539,199.148,157.43,190.852,786.346,57.75,15.424,10.3227,16.12,93.75,100,100,0,-0.015625,78.4175,12,12,12
18.4,0,0,0,0,1.94794,0.99997,1.05338,3,0.86963,1,0.820314,0,0.820314,0.829347,0,64.8438,131.722,127.667,131.972,4400,2280,1877.93,970,2044.02,157.078,192.539,199.148,158.484,192.539,786.346,57.75,15.496,10.3867,16.192,93.75,100,100,0,-0.46875,78.4175,12,12,12
18.433,0,0,0,0,1.9574,0.99997,1.05518,3,0.867677,1,0.820314,0,0.820314,0.825685,0,64.8438,131.972,136.695,132.111,4405.75,2270,1874.02,970,2049.3,156.891,192.492,199.172,157.055,192.492,786.346,57.75,15.5,10.3893,16.196,93.75,100,100,0,-0.21875,78.4175,12,12,12
18.467,0,0,0,0,1.96222,0.99997,1.05637,3,0.867677,1,0.820314,0,0.820314,0.822023,0,64.8438,131.945,141.583,131.806,4428,2270,1867.07,970,2057.23,156.469,193.031,199.195,154.898,192.492,786.346,57.75,15.436,10.3733,16.132,93.75,99.6079,100,0,-0.6875,78.4175,12,12,12
18.5,0,0,0,0,1.9436,0.99997,1.0564,3,0.867677,1,0.820314,0,0.820314,0.822999,0,64.8438,132.472,130.972,132.306,4435.75,2280,1870.39,970,2046.72,156.727,193.031,199.195,158.086,193.031,790.349,57.75,15.46,10.3787,16.156,93.75,100,100,0,-0.453125,78.4175,12,12,12
18.533,0,0,0,0,1.93689,0.99997,1.05856,3,0.864503,1,0.820314,0,0.820314,0.825685,0,64.8438,133.917,128.111,131.195,4447,2280,1878.52,970,2038.75,157.805,193.5,199.219,154.664,193.5,790.349,57.75,15.664,10.464,16.384,93.75,100,100,0,-0.640625,78.4175,12,12,12
18.567,0,0,0,0,1.95361,0.99997,1.06079,3,0.864503,1,0.820314,0,0.820314,0.833009,0,64.8438,132.667,143.361,132.445,4451,2280,1857.34,970,2054.57,156.117,193.547,199.242,154.359,193.5,790.349,57.75,15.46,10.3813,16.18,93.75,100,100,0,0.046875,78.4175,12,12,12
18.6,0,0,0,0,1.93805,0.99997,1.06326,3,0.864503,1,0.820314,0,0.820314,0.829347,0,64.8438,133,130.583,133.583,4457.5,2280,1864.38,970,2049.3,156.703,193.547,199.242,156.469,193.547,790.349,57.75,15.568,10.408,16.288,93.75,100,100,0,-0.375,78.4175,12,12,12
18.633,0,0,0,0,1.94434,0.99997,1.06485,3,0.864503,1,0.820314,0,0.820314,0.825685,0,64.8438,133.75,134.667,132.945,4472.75,2280,1860.82,970,2049.3,156.539,194.039,199.266,154.805,194.039,790.349,57.75,15.592,10.4667,16.312,93.75,100,100,0,-0.421875,78.4175,12,12,12
18.667,0,0,0,0,1.94293,0.99997,1.06482,3,0.861818,1,0.820314,0,0.820314,0.82007,0,64.8438,134.222,130.917,134.361,4474.75,2280,1867.85,970,2044.02,157.125,194.391,199.289,156.563,194.039,790.349,57.75,15.676,10.4853,16.38,93.75,100,100,0,0.015625,78.4175,12,12,12
18.7,0,0,0,0,1.94916,0.99997,1.0639,3,0.861818,1,0.820314,0,0.820314,0.821046,0,64.8438,134.445,137.361,134.222,4489,2280,1864.8,970,2044.02,157.055,194.391,199.289,156.469,194.391,794.158,57.75,15.636,10.472,16.34,93.75,100,100,0,-0.09375,78.4175,12,12,12
18.733,0,0,0,0,1.94904,0.99997,1.06268,3,0.859865,1,0.820314,0,0.820314,0.817384,0,64.8438,134.806,144.278,134.361,4507,2280,1854.61,970,2049.3,156.516,194.883,199.313,156,194.883,794.158,58.5,15.52,10.4427,16.224,93.75,100,100,0,-0.5625,78.4175,12,12,12
18.767,0,0,0,0,1.9292,0.99997,1.06134,3,0.859865,1,0.820314,0,0.820314,0.816408,0,64.8438,134.861,131.111,133.806,4513.75,2280,1855.23,970,2036.09,156.539,195,199.336,158.883,194.883,794.158,58.5,15.54,10.3867,16.244,93.75,100,100,0,-0.09375,78.4175,12,12,12
18.8,0,0,0,0,1.93378,0.99997,1.06204,3,0.859865,1,0.820314,0,0.820314,0.82007,0,64.8438,135.445,130.167,135.167,4518,2280,1859.26,970,2044.02,157.148,195,199.336,155.414,195,794.158,58.5,15.596,10.424,16.3,93.75,100,100,0,-0.671875,78.4175,12,12,12
18.833,0,0,0,0,1.92981,0.99997,1.06149,3,0.859865,1,0.820314,0,0.820314,0.82007,0,64.8438,135.556,131.167,134.361,4527.5,2280,1855.7,970,2033.48,156.961,195.375,199.336,156.727,195.375,794.158,58.5,15.54,10.4427,16.244,93.75,100,100,0,-0.234375,78.4175,12.75,12.75,11.25
18.867,0,0,0,0,1.92279,0.99997,1.0632,3,0.858156,1,0.820314,0,0.820314,0.822023,0,64.8438,135.972,130.667,135.667,4545.25,2280,1859.3,970,2028.16,157.477,195.867,199.359,158.461,195.375,794.158,58.5,15.608,10.4373,16.296,93.75,100,100,0,-0.46875,78.4175,12,12,12
18.9,0,0,0,0,1.93939,0.99997,1.06549,3,0.858156,1,0.820314,0,0.820314,0.821046,0,64.8438,135.945,143.806,135.639,4552.25,2290,1844.65,970,2046.68,156.141,195.867,199.359,154.195,195.867,797.849,58.5,15.512,10.424,16.2,93.75,100,100,0,-0.03125,78.4175,12.75,12.75,13.5
18.933,0,0,0,0,1.92755,0.99997,1.06638,3,0.856691,1,0.820314,0,0.820314,0.824708,0,64.8438,135.667,144.056,134.528,4562,2280,1834.41,970,2038.75,155.531,196.219,199.359,155.695,196.219,797.849,58.5,15.412,10.376,16.108,93.75,100,100,0,-0.1875,78.4175,12.75,12.75,13.5
18.967,0,0,0,0,1.9256,0.99997,1.06738,3,0.856691,1,0.820314,0,0.820314,0.825685,0,64.8438,136.472,137,137.278,4566,2290,1844.45,970,2041.37,156.656,195.047,199.383,156.328,196.219,797.849,58.5,15.556,10.4293,16.252,93.75,100,100,0,-0.28125,78.4175,12.75,12.75,13.5
19,0,0,0,0,1.93042,0.99997,1.06979,3,0.856691,1,0.820314,0,0.820314,0.827638,0,64.8438,136.833,136.139,136.083,4580,2270,1845.27,970,2041.37,156.68,195.047,199.383,153.914,195.047,797.849,58.5,15.624,10.4293,16.32,93.75,100,100,0,0.140625,78.4175,11.25,11.25,11.25
19.033,0,0,0,0,1.91876,0.99997,1.07196,3,0.854249,1,0.820314,0,0.820314,0.82837,0,64.8438,137.278,132.889,139.083,4589.25,2270,1849.06,970,2028.16,157.289,195.586,199.383,160.313,195.586,797.849,58.5,15.692,10.4613,16.388,93.75,100,100,0,-0.515625,78.4175,12,12,12.75
19.067,0,0,0,0,1.94348,0.99997,1.07398,3,0.854249,1,0.820314,0,0.820314,0.829347,0,64.8438,137.528,148.5,138.278,4600.5,2270,1838.75,970,2046.68,156.305,195.352,199.406,153.984,195.586,797.849,58.5,15.64,10.5093,16.344,93.75,99.6079,100,0,0.15625,78.4175,12,12,12
19.1,0,0,0,0,1.93201,0.99997,1.07477,3,0.854249,1,0.820314,0,0.820314,0.825685,0,64.8438,138.389,142.111,136.778,4606,2270,1840.31,970,2036.09,156.305,195.352,199.406,154.453,195.352,801.365,58.5,15.704,10.5493,16.408,93.75,99.6079,100,0,-0.34375,78.4175,12,12,12
19.133,0,0,0,0,1.92688,0.99997,1.07254,3,0.852052,1,0.820314,0,0.820314,0.811769,0,64.8438,136.778,145.222,138.278,4623,2280,1832.15,970,2046.64,155.672,196.102,199.406,155.063,196.102,801.365,58.5,15.532,10.4507,16.236,93.75,100,100,0,0.0625,78.4175,12.75,12.75,12
19.167,0,0,0,0,1.90619,0.99997,1.07089,3,0.852052,1,0.820314,0,0.820314,0.812745,0,64.8438,138.167,130.611,138.083,4629.5,2280,1840.16,970,2025.59,156.375,196.242,199.406,159.023,196.102,801.365,58.5,15.568,10.4427,16.272,93.75,99.6079,100,0,0.03125,78.4175,12.75,12.75,12.75
19.2,0,0,0,0,1.9093,0.99997,1.06949,3,0.852052,1,0.820314,0,0.820314,0.819337,0,64.8438,138.639,132.139,139.417,4641.75,2280,1843.4,970,2022.93,156.984,196.242,199.406,160.734,196.242,801.365,58.5,15.616,10.4373,16.32,93.75,100,100,0,-0.015625,78.4175,12,12,12
19.233,0,0,0,0,1.93121,0.99997,1.07044,3,0.850343,1,0.820314,0,0.820314,0.822999,0,64.8438,139.556,140.972,139.583,4652.5,2270,1840.7,970,2038.71,156.938,196.289,199.43,154.641,196.289,801.365,59.25,15.652,10.504,16.348,93.75,100,100,0,-0.53125,78.4175,12.75,12.75,12
19.267,0,0,0,0,1.90851,0.99997,1.07166,3,0.850343,1,0.820314,0,0.820314,0.823732,0,64.8438,139.833,131.917,138.556,4660.5,2270,1844.41,970,2017.62,157.594,196.875,199.43,157.992,196.289,801.365,59.25,15.724,10.4933,16.42,93.75,100,100,0,0.140625,78.4175,12.75,12.75,12.75
19.3,0,0,0,0,1.91565,0.99997,1.07398,3,0.850343,1,0.820314,0,0.820314,0.824708,0,64.8438,139.389,140.972,138.917,4670.5,2280,1832.38,970,2020.27,156.469,196.875,199.43,157.5,196.875,804.529,59.25,15.64,10.4613,16.336,93.75,100,100,0,-0.109375,78.4175,12,12,12
19.333,0,0,0,0,1.91803,0.99997,1.07275,3,0.849122,1,0.820314,0,0.820314,0.817384,0,64.8438,139.611,139.972,139.306,4682.25,2280,1832.73,970,2030.78,156.609,196.992,199.453,155.086,196.992,804.529,59.25,15.64,10.4613,16.336,93.75,100,100,0,-0.375,78.4175,12,12,12
19.367,0,0,0,0,1.93073,0.99997,1.07242,3,0.849122,1,0.820314,0,0.820314,0.816408,0,64.8438,140.083,151.5,141.083,4686.75,2280,1829.73,970,2038.71,156.633,197.648,199.453,155.25,196.992,804.529,59.25,15.596,10.4613,16.292,93.75,100,100,0,-0.375,78.4175,12.75,12.75,12.75
19.4,0,0,0,0,1.92584,0.99997,1.07236,3,0.849122,1,0.820314,0,0.820314,0.821046,0,64.8438,140.722,146.556,141.611,4694,2280,1833.52,970,2033.44,156.938,197.648,199.453,156.773,197.648,804.529,59.25,15.676,10.496,16.372,93.75,99.6079,100,0,-0.328125,78.4175,11.25,11.25,11.25
19.433,0,0,0,0,1.90833,0.99997,1.07394,3,0.846437,1,0.820314,0,0.820314,0.823732,0,64.8438,140.833,138.167,140.083,4708,2280,1832.66,970,2020.27,156.914,197.578,199.477,158.344,197.578,804.529,59.25,15.656,10.496,16.352,93.75,100,100,0,0.109375,78.4175,12.75,12.75,12.75
19.467,0,0,0,0,1.90003,0.99997,1.07477,3,0.846437,1,0.820314,0,0.820314,0.82007,0,64.8438,140.583,136.333,140.083,4723.5,2280,1830.47,970,2009.73,156.703,198.469,199.477,160.383,197.578,804.529,59.25,15.628,10.4533,16.324,93.75,100,100,0,-0.234375,78.4175,12,12,12
19.5,0,0,0,0,1.90137,0.99997,1.07587,3,0.846437,1,0.820314,0,0.820314,0.821046,0,64.8438,141.639,134.972,139.889,4726.5,2280,1830.55,970,2009.69,157.125,198.469,199.477,158.391,198.469,807.791,59.25,15.712,10.504,16.408,93.75,100,100,0,-0.265625,78.4175,12.75,12.75,12
19.533,0,0,0,0,1.91498,0.99997,1.07401,3,0.844484,1,0.820314,0,0.820314,0.816408,0,64.8438,141.306,145.722,142.222,4734,2280,1824.65,970,2028.16,156.656,198.117,199.477,155.672,198.117,807.791,59.25,15.62,10.4613,16.352,93.75,100,100,0,-0.390625,78.4175,12.75,12.75,12
19.567,0,0,0,0,1.90039,0.99997,1.07337,3,0.844484,1,0.820314,0,0.820314,0.815675,0,64.8438,141.945,137.445,139.695,4753.5,2280,1822.23,970,2017.62,156.398,198.891,199.5,154.969,198.117,807.791,59.25,15.584,10.4587,16.316,93.75,100,100,0,0.34375,78.4175,12.75,12.75,12.75
19.6,0,0,0,0,1.90277,0.99997,1.07257,3,0.844484,1,0.820314,0,0.820314,0.817384,0,64.8438,142.222,140.056,141.445,4761,2280,1821.09,970,2017.62,156.703,198.891,199.5,156.352,198.891,807.791,59.25,15.596,10.4507,16.328,93.75,100,100,0,-0.171875,78.4175,12,12,11.25
19.633,0,0,0,0,1.90112,0.99997,1.07251,3,0.844484,1,0.820314,0,0.820314,0.819337,0,64.8438,142.861,139.778,142.083,4771.75,2280,1822.62,970,2014.96,157.008,198.586,199.5,156.75,198.586,807.791,59.25,15.64,10.4773,16.372,93.75,100,100,0,-0.421875,78.4175,13.5,13.5,11.25
19.667,0,0,0,0,1.90283,0.99997,1.07263,3,0.842775,1,0.820314,0,0.820314,0.817384,0,64.8438,142.333,147.083,143.445,4783.75,2280,1817.19,970,2007.07,156.68,198.563,199.523,159.023,198.586,807.791,59.25,15.544,10.416,16.248,93.75,100,100,0,-0.21875,78.4175,13.5,13.5,12.75
19.7,0,0,0,0,1.90698,0.99997,1.07132,3,0.842775,1,0.820314,0,0.820314,0.814699,0,64.8438,142.861,153.111,143.222,4790.75,2270,1807.11,970,2020.2,155.719,198.563,199.523,155.742,198.563,810.701,59.25,15.424,10.392,16.128,93.75,100,100,0,0.234375,78.4175,13.5,13.5,12.75
19.733,0,0,0,0,1.9021,0.99997,1.06961,3,0.84131,1,0.820314,0,0.820314,0.812745,0,64.8438,143.889,144.639,141.445,4801.5,2270,1810.23,970,2012.34,156.258,198.68,199.523,152.813,198.68,810.701,60,15.504,10.4347,16.2,93.75,100,100,0,0.34375,78.4175,13.5,13.5,12.75
19.767,0,0,0,0,1.8808,0.99997,1.07077,3,0.84131,1,0.820314,0,0.820314,0.822023,0,64.8438,142.972,138.056,142.25,4815.25,2270,1808.36,970,1993.83,155.953,198.188,199.547,157.711,198.68,810.701,60,15.432,10.3493,16.128,93.75,100,100,0,-0.21875,78.4175,13.5,13.5,12.75
19.8,-1.5,0,0,0,1.88239,0.99997,1.07141,3,0.84131,1,0.820314,0,0.820314,0.822999,0,64.8438,142.695,139.361,142.222,4816,2270,1805.27,970,1999.1,155.625,198.188,199.547,156.164,198.188,810.701,60,15.356,10.312,16.052,93.75,100,100,0,-0.078125,78.4175,12,12,24
19.833,-1.5,0,0,0,1.89423,0.99997,1.0734,3,0.84131,1,0.820314,0,0.820314,0.823732,0,64.8438,142.111,156.472,144.389,4828.5,2270,1792.58,970,2020.23,154.617,198.516,199.547,156.234,198.516,810.701,60,15.232,10.256,15.928,93.75,100,100,0,-0.015625,78.4175,12.75,12.75,12.75
19.867,-1.5,0,0,0,1.88538,0.99997,1.07617,3,0.840333,1,0.820314,0,0.820314,0.82837,0,64.8438,144.528,134.556,142.611,4841,2270,1808.52,970,2012.34,156.281,198.633,199.57,152.719,198.516,810.701,60,15.572,10.456,16.268,93.75,100,100,0,0.625,78.4175,12.75,12.75,12.75
19.9,-1.5,0,0,0,1.86615,0.99997,1.07803,3,0.840333,1,0.820314,0,0.820314,0.827638,0,64.8438,143.833,134.25,144.972,4843.25,2270,1820,970,1988.55,157.289,198.633,199.57,160.289,198.633,813.533,60,15.636,10.3867,16.332,93.75,100,100,0,-0.203125,78.4175,11.25,11.25,12.75
19.933,-1.5,0,0,0,1.88355,0.99997,1.0777,3,0.837892,1,0.820314,0,0.820314,0.817384,0,64.8438,143.945,146.639,144.972,4853.5,2270,1803.48,970,1996.48,155.906,198.539,199.57,159.914,198.539,813.533,60,15.5,10.3893,16.204,93.75,100,100,0,0.203125,78.4175,12,12,12
19.967,-1.5,0,0,0,1.89301,0.99997,1.07733,3,0.837892,1,0.820314,0,0.820314,0.819337,0,64.8438,143.278,158.639,145.639,4872.5,2270,1790.43,970,2017.66,154.688,198.938,199.594,156.844,198.539,813.533,60,15.316,10.3253,16.02,93.75,99.6079,100,0,0.03125,78.4175,13.5,13.5,12
20,-1.5,0,0,0,1.86798,0.99997,1.07611,3,0.837892,1,0.820314,0,0.820314,0.817384,0,64.8438,145.583,134.306,144.778,4879.5,2260,1807.66,970,2001.76,156.727,198.938,199.594,157.125,198.938,813.533,60,15.6,10.408,16.304,93.75,99.6079,100,0,0.421875,78.4175,12,12,12
20.033,-1.5,0,0,0,1.87708,0.99997,1.07803,3,0.835939,1,0.820314,0,0.820314,0.825685,0,64.8438,146.222,136.028,145.195,4885.75,2260,1807.73,970,1993.83,156.867,198.516,199.594,157.148,198.516,813.533,60,15.656,10.4827,16.36,93.75,100,100,0,0.125,78.4175,13.5,13.5,12.75
20.067,-1.5,0,0,0,1.87818,0.99997,1.07913,3,0.835939,1,0.820314,0,0.820314,0.824708,0,64.8438,145.861,141.222,146.167,4896.25,2260,1807.58,970,1988.55,156.797,198.586,199.594,160.102,198.516,813.533,60,15.664,10.4907,16.368,93.75,99.6079,100,0,-0.265625,78.4175,13.5,13.5,12.75
20.1,-1.5,0,0,0,1.88812,0.99997,1.07938,3,0.835939,1,0.820314,0,0.820314,0.818361,0,64.8438,146,150.5,146.167,4901.75,2260,1798.95,970,1999.1,156.211,198.586,199.594,156.844,198.586,816.033,60,15.564,10.4453,16.268,93.75,100,100,0,0.375,78.4175,12,12,12.75
20.133,-1.5,0,0,0,1.86365,0.99997,1.07803,3,0.83423,1,0.820314,0,0.820314,0.814699,0,64.8438,145.528,135.056,145.972,4916.25,2250,1800.23,970,1983.28,156.492,198.563,199.617,159.023,198.563,816.033,61.5,15.508,10.368,16.22,93.75,100,100,0,0.140625,78.4175,12.75,12.75,12
20.167,-1.5,0,0,0,1.89807,0.99997,1.07623,3,0.83423,1,0.820314,0,0.820314,0.812745,0,64.8438,146,162.472,147,4923.5,2250,1784.1,970,2017.62,155.273,198.703,199.617,153.258,198.563,816.033,61.5,15.352,10.3467,16.064,93.75,100,100,0,0.671875,78.4175,11.25,11.25,12
20.2,-1.5,0,0,0,1.88013,0.99997,1.07416,3,0.83423,1,0.820314,0,0.820314,0.811036,0,64.8438,146.695,152.083,146.806,4939,2250,1787.38,970,2007.03,155.531,198.703,199.617,155.953,198.703,816.033,61.5,15.4,10.3547,16.112,93.75,100,100,0,0.21875,78.4175,12.75,12.75,12
20.233,-1.5,0,0,0,1.8772,0.99997,1.07333,3,0.833009,1,0.820314,0,0.820314,0.818361,0,64.8438,148.028,142.139,146.972,4948.75,2250,1795.86,970,2004.41,156.563,198.656,199.641,154.664,198.656,816.033,61.5,15.504,10.4213,16.208,93.75,100,100,0,0.09375,78.4175,12.75,12.75,11.25
20.267,-1.5,0,0,0,1.88068,0.99997,1.07303,3,0.833009,1,0.820314,0,0.820314,0.816408,0,64.8438,147.389,152.056,147.195,4957,2250,1787.11,970,2004.38,155.719,198.609,199.641,155.273,198.656,816.033,61.5,15.352,10.3387,16.056,93.75,99.6079,100,0,0.296875,78.4175,11.25,11.25,12
20.3,-1.5,0,0,0,1.88178,0.99997,1.07428,3,0.833009,1,0.820314,0,0.820314,0.82007,0,64.8438,147.556,157.806,149.222,4962.75,2240,1782.89,970,2009.69,155.531,198.609,199.641,156.961,198.609,818.435,61.5,15.348,10.328,16.052,93.75,99.6079,100,0,0.046875,78.4175,12.75,12.75,12
20.333,-1.5,0,0,0,1.86231,0.99997,1.07501,3,0.832033,1,0.820314,0,0.820314,0.822023,0,64.8438,149.056,136.889,148.583,4973.25,2240,1804.34,970,1991.17,157.641,198.469,199.641,157.734,198.469,818.435,61.5,15.636,10.4187,16.34,93.75,100,100,0,0.375,78.4175,12,12,11.25
20.367,-1.5,0,0,0,1.87897,0.99997,1.07669,3,0.832033,1,0.820314,0,0.820314,0.824708,0,64.8438,148.945,148.333,147.389,4985.75,2240,1790.31,970,1996.48,156.609,198.656,199.664,154.594,198.469,818.435,61.5,15.552,10.4133,16.256,93.75,100,100,0,0.453125,78.4175,13.5,13.5,12
20.4,-1.5,0,0,0,1.90064,0.99997,1.07691,3,0.832033,1,0.820314,0,0.820314,0.822023,0,64.8438,149.111,170.333,149.195,4995,2240,1774.18,970,2017.62,155.063,198.656,199.664,152.344,198.656,818.435,61.5,15.372,10.4213,16.076,93.75,100,100,0,0.421875,78.4175,12.75,12.75,12.75
20.433,-1.5,0,0,0,1.85968,0.99997,1.0762,3,0.8313,1,0.820314,0,0.820314,0.814699,0,64.8438,147.945,147.945,147.583,5005.75,2240,1776.25,970,1996.48,155.461,198.609,199.664,156.094,198.609,818.435,61.5,15.312,10.2773,16.008,93.75,99.6079,100,0,0.625,78.4175,13.5,13.5,12
20.467,-1.5,0,0,-1.5,1.8645,0.99997,1.07639,3,0.8313,1,0.820314,0,0.820314,0.82007,0,64.8438,148.361,154.278,148,5016.5,2240,1770.31,970,2001.76,154.594,197.93,199.664,154.992,198.609,818.435,61.5,15.228,10.2667,15.924,93.75,100,100,-0.75,-0.046875,78.4175,13.5,13.5,12
20.5,-1.5,-1.5,0,-1.5,1.86151,0.99997,1.07633,3,0.8313,1,0.820314,0,0.820314,0.822023,0,64.8438,147.445,155.111,148.389,5029.25,2230,1766.64,970,2007.03,154.195,197.93,199.664,154.734,197.93,820.72,61.5,15.164,10.192,15.86,93.75,99.6079,100,-0.75,0.890625,78.4175,12.75,12.75,12
20.533,-1.5,-1.5,0,-1.5,1.84802,0.99997,1.07633,3,0.830568,1,0.820314,0,0.820314,0.817384,0,64.8438,148.583,140.806,149.806,5035,2240,1777.93,970,1996.48,155.18,198.258,199.641,157.336,198.258,820.72,61.5,15.276,10.24,15.996,93.75,100,100,-0.75,0.640625,78.4175,12,12,12
20.567,-1.5,-1.5,0,-1.5,1.86688,0.99997,1.07678,3,0.830568,1,0.820314,0,0.820314,0.818361,0,64.8438,149,152.111,148.583,5036.75,2240,1772.66,970,2009.69,154.641,198.234,199.617,152.953,198.258,820.72,61.5,15.248,10.296,15.968,93.75,100,100,-0.75,0.703125,78.4175,13.5,13.5,12
20.6,-1.5,-1.5,0,-1.5,1.8598,0.99997,1.07675,3,0.830568,1,0.820314,0,0.820314,0.822023,0,64.8438,149.306,147.667,150.445,5056.25,2240,1778.95,970,2004.41,155.203,198.234,199.617,155.695,198.234,820.72,61.5,15.292,10.28,16.012,93.75,100,100,-0.75,0.03125,78.4175,12,12,12
20.633,-1.5,-1.5,0,-1.5,1.84778,0.99997,1.0773,3,0.828615,1,0.820314,0,0.820314,0.82007,0,64.8438,149.861,137.778,148.389,5067.5,2240,1784.96,970,1985.9,155.742,198.258,199.594,157.313,198.258,820.72,62.25,15.408,10.3307,16.104,93.75,100,100,-0.75,0.21875,78.4175,13.5,13.5,12
20.667,-1.5,-1.5,0,-1.5,1.85956,0.99997,1.07788,3,0.828615,1,0.820314,0,0.820314,0.817384,0,64.8438,150.917,142.611,149.611,5082,2240,1784.92,970,1991.21,155.695,198.211,199.547,155.344,198.258,820.72,62.25,15.424,10.368,16.12,93.75,100,100,-0.75,0.71875,78.4175,12,12,12
20.7,-1.5,-1.5,0,-1.5,1.85962,0.99997,1.0773,3,0.828615,1,0.820314,0,0.820314,0.818361,0,64.8438,151.083,143.556,149.806,5081.25,2240,1787.73,970,1983.32,155.93,198.211,199.547,156.961,198.211,822.927,62.25,15.436,10.368,16.132,93.75,100,100,-0.75,0.59375,78.4175,12,12,12
20.733,-1.5,-1.5,0,-1.5,1.85156,0.99997,1.07691,3,0.826906,1,0.820314,0,0.820314,0.817384,0,64.8438,150.056,138.945,149.833,5094,2240,1784.96,970,1975.35,155.625,198.07,199.523,156.914,198.07,822.927,62.25,15.384,10.3093,16.08,93.75,100,100,-0.75,0.40625,78.4175,12,12,12
20.767,-1.5,-1.5,0,-1.5,1.85925,0.99997,1.07617,3,0.826906,1,0.820314,0,0.820314,0.816408,0,64.8438,152.028,139.528,150.639,5100.25,2240,1790.04,970,1977.97,156.047,198.117,199.5,155.555,198.07,822.927,62.25,15.436,10.3707,16.132,93.75,100,100,-0.75,0.828125,78.4175,12,12,12
20.8,-1.5,-1.5,0,-1.5,1.86395,0.99997,1.07669,3,0.826906,1,0.820314,0,0.820314,0.819337,0,64.8438,151.333,150.167,151.889,5115,2240,1783.4,970,1975.35,155.391,198.117,199.5,157.734,198.117,822.927,62.25,15.352,10.296,16.048,93.75,100,100,-0.75,0.6875,78.4175,12.75,12.75,12
20.833,-1.5,-1.5,0,-1.5,1.88294,0.99997,1.07678,3,0.825685,1,0.820314,0,0.820314,0.821046,0,64.8438,151.667,170.056,150.639,5122.75,2240,1766.02,970,1991.21,153.727,198.117,199.477,153.211,198.117,822.927,62.25,15.18,10.2693,15.876,93.75,99.6079,100,-0.75,0.640625,78.4175,12,12,12
20.867,-1.5,-1.5,0,-1.5,1.85706,0.99997,1.07828,3,0.825685,1,0.820314,0,0.820314,0.821046,0,64.8438,151.25,149.333,151.889,5129,2240,1777.85,970,1980.63,154.781,198.07,199.453,156.281,198.117,822.927,62.25,15.264,10.2507,15.96,93.75,100,100,-0.75,0.421875,78.4175,12,12,12
20.9,-1.5,-1.5,0,-1.5,1.84412,0.99997,1.0784,3,0.825685,1,0.820314,0,0.820314,0.821046,0,64.8438,151.333,139.278,151.667,5136,2240,1782.73,970,1970.08,155.203,198.07,199.453,157.688,198.07,825.076,62.25,15.308,10.264,16.004,93.75,100,100,-0.75,0.6875,78.4175,13.5,13.5,12
20.933,-1.5,-1.5,0,-1.5,1.86389,0.99997,1.07925,3,0.824464,1,0.820314,0,0.820314,0.82007,0,64.8438,152.25,151.139,153.111,5153.75,2240,1781.95,970,1977.97,155.086,198.117,199.406,155.953,198.117,825.076,62.25,15.352,10.2987,16.048,93.75,100,100,-0.75,0.8125,78.4175,12,12,12
20.967,-1.5,-1.5,0,-1.5,1.87488,0.99997,1.0799,3,0.824464,1,0.820314,0,0.820314,0.823732,0,64.8438,152.195,160.417,152.278,5159,2240,1773.83,970,1991.21,154.289,198.047,199.383,152.93,198.117,825.076,62.25,15.288,10.28,15.984,93.75,100,100,-0.75,0.375,78.4175,13.5,13.5,12
21,-1.5,-1.5,0,-1.5,1.86487,0.99997,1.08112,3,0.824464,1,0.820314,0,0.820314,0.825685,0,64.8438,153,148.695,153.333,5166,2240,1783.91,970,1983.24,155.18,198.047,199.383,155.32,198.047,825.076,62.25,15.396,10.312,16.092,93.75,100,100,-0.75,0.421875,78.4175,12,12,12
21.033,-1.5,-1.5,0,-1.5,1.8714,0.99997,1.08325,3,0.823732,1,0.820314,0,0.820314,0.824708,0,64.8438,153.278,155.139,151.667,5176.75,2240,1781.29,970,1983.28,154.875,198.047,199.359,153.891,198.047,825.076,63,15.416,10.3627,16.112,93.75,100,100,-0.75,0.265625,78.4175,13.5,13.5,12
21.067,-1.5,-1.5,0,-1.5,1.86731,0.99997,1.08328,3,0.823732,1,0.820314,0,0.820314,0.819337,0,64.8438,154.611,144.611,153.333,5186.5,2240,1790.43,970,1977.97,155.367,197.672,199.313,153.938,198.047,825.076,63,15.52,10.4213,16.224,93.75,100,100,-0.75,1.20313,78.4175,12,12,12
21.1,-1.5,-1.5,0,-1.5,1.88416,0.99997,1.08304,3,0.823732,1,0.820314,0,0.820314,0.819337,0,64.8438,153.945,163.445,153.528,5202,2250,1780.94,970,1985.9,154.43,197.672,199.313,153.422,197.672,827.107,63,15.376,10.4053,16.08,93.75,100,100,-0.75,1.01563,78.4175,12,12,12
21.133,-1.5,-1.5,0,-1.5,1.87219,0.99997,1.08066,3,0.822999,1,0.820314,0,0.820314,0.813722,0,64.8438,154.333,148.639,152.917,5209,2240,1791.6,970,1977.97,155.367,197.484,199.289,153.516,197.484,827.107,63,15.424,10.3627,16.128,93.75,100,100,-0.75,0.078125,78.4175,12,12,12
21.167,-1.5,-1.5,0,-1.5,1.87738,0.99997,1.07947,3,0.822999,1,0.820314,0,0.820314,0.811769,0,64.8438,153.695,161.583,153.333,5221.75,2240,1780.43,970,1980.63,154.313,195.656,199.266,153.984,197.484,827.107,63,15.272,10.2773,15.976,93.75,100,100,-0.75,1,78.4175,12,12,12
21.2,-1.5,-1.5,0,-1.5,1.85504,0.99997,1.07849,3,0.822999,1,0.820314,0,0.820314,0.816408,0,64.8438,153.528,147.278,153.556,5223.75,2230,1783.75,970,1967.42,154.57,195.656,199.266,157.359,195.656,827.107,63,15.268,10.2427,15.972,93.75,100,100,-0.75,0.84375,78.4175,13.5,13.5,12
21.233,-1.5,-1.5,0,-1.5,1.86658,0.99997,1.07834,3,0.822511,1,0.820314,0,0.820314,0.82007,0,64.8438,154.611,153.306,154.778,5235.5,2230,1786.33,970,1970.08,154.758,195.75,199.242,156.563,195.75,827.107,63,15.3,10.2773,16.004,93.75,100,100,-0.75,0.65625,78.4175,12,12,12
21.267,-1.5,-1.5,0,-1.5,1.88416,0.99997,1.07932,3,0.822511,1,0.820314,0,0.820314,0.822023,0,64.8438,155.722,158.472,155,5248.25,2230,1790.55,970,1977.97,155.086,195.773,199.219,153.398,195.75,827.107,63,15.396,10.3467,16.1,93.75,100,100,-0.75,0.4375,78.4175,13.5,13.5,12
21.3,-1.5,-1.5,0,-1.5,1.87909,0.99997,1.07983,3,0.822511,1,0.820314,0,0.820314,0.82007,0,64.8438,155.833,157.833,156.611,5260.25,2230,1790.66,970,1972.66,155.086,195.773,199.219,155.672,195.773,829.256,63,15.4,10.336,16.104,93.75,100,100,-0.75,0.96875,78.4175,12,12,12
21.333,-1.5,-1.5,0,-1.5,1.87036,0.99997,1.08014,3,0.822023,1,0.820314,0,0.820314,0.817384,0,64.8438,156.472,143.917,156.333,5277,2230,1800.12,970,1962.15,155.906,195.75,199.172,155.273,195.75,829.256,63,15.5,10.368,16.196,93.75,99.6079,100,-0.75,1.4375,78.4175,12,12,12
21.367,-1.5,-1.5,0,-1.5,1.8786,0.99997,1.07779,3,0.822023,1,0.820314,0,0.820314,0.812745,0,64.8438,156.361,156.472,156.695,5278.75,2230,1794.45,970,1959.53,155.344,194.438,199.148,156.914,195.75,829.256,63,15.408,10.3413,16.104,93.75,99.6079,100,-0.75,0.390625,78.4175,12.75,12.75,12
21.4,-1.5,-1.5,0,-1.5,1.8725,0.99997,1.07742,3,0.822023,1,0.820314,0,0.820314,0.814699,0,64.8438,156.25,153.111,154.972,5289,2220,1791.6,970,1962.15,155.016,194.438,199.148,154.734,194.438,829.256,63,15.324,10.3093,16.02,93.75,99.6079,100,-0.75,0.53125,78.4175,12,12,12
21.433,-1.5,-1.5,0,-1.5,1.88281,0.99997,1.07437,3,0.821779,1,0.820314,0,0.820314,0.81006,0,64.8438,155.667,166.445,156.472,5291.75,2220,1781.84,970,1977.97,154.078,194.391,199.125,153.305,194.391,829.256,63.75,15.168,10.24,15.888,93.75,100,100,-0.75,0.953125,78.4175,12,12,12
21.467,-1.5,-1.5,0,-1.5,1.86487,0.99997,1.0733,3,0.821779,1,0.820314,0,0.820314,0.814699,0,64.8438,156.667,148.583,155.639,5302,2220,1788.59,970,1967.42,154.641,194.508,199.102,153.961,194.391,829.256,63.75,15.204,10.248,15.924,93.75,100,100,-0.75,0.484375,78.4175,13.5,13.5,13.5
21.5,-1.5,-1.5,0,-1.5,1.88245,0.99997,1.07459,3,0.821779,1,0.820314,0,0.820314,0.825685,0,64.8438,156.833,164.056,156.333,5319,2220,1781.99,970,1975.31,153.984,194.508,199.102,151.875,194.508,831.15,63.75,15.16,10.256,15.88,93.75,100,100,-0.75,1.32813,78.4175,11.25,11.25,11.25
21.533,-1.5,-1.5,0,-1.5,1.86609,0.99997,1.07547,3,0.821534,1,0.820314,0,0.820314,0.817384,0,64.8438,156.611,151.361,156.083,5321.75,2200,1788.52,970,1956.84,154.547,193.125,199.078,155.25,193.125,831.15,63.75,15.22,10.224,15.924,93.75,100,100,-0.75,1.26563,78.4175,13.5,13.5,15.75
21.567,-1.5,-1.5,0,-1.5,1.8617,0.99997,1.07529,3,0.821534,1,0.820314,0,0.820314,0.811036,0,64.8438,157.278,147.861,156.25,5339,2200,1790.63,970,1951.56,154.688,192.633,199.031,156.047,193.125,831.15,63.75,15.236,10.2613,15.94,93.75,100,100,-0.75,0.96875,78.4175,11.25,11.25,11.25
21.6,-1.5,-1.5,0,-1.5,1.87305,0.99997,1.07272,3,0.821534,1,0.820314,0,0.820314,0.811769,0,64.8438,158.056,159.25,157.306,5345.5,2190,1785.23,970,1954.22,154.898,192.633,199.031,155.438,192.633,831.15,63.75,15.236,10.2907,15.94,93.75,100,100,-0.75,1.375,78.4175,11.25,11.25,11.25
21.633,-1.5,-1.5,0,-1.5,1.86286,0.99997,1.0712,3,0.82129,1,0.820314,0,0.820314,0.815675,0,64.8438,157.306,155.889,157.083,5354.25,2160,1780.2,970,1951.56,154.383,190.289,199.008,155.719,190.289,831.15,63.75,15.088,10.1733,15.792,93.75,100,100,-0.75,0.859375,78.4175,12,12,12
21.667,-1.5,-1.5,0,-1.5,1.85816,0.99997,1.07135,3,0.82129,1,0.820314,0,0.820314,0.819337,0,64.8438,157.639,152.889,157.583,5362.75,2160,1780.94,970,1948.95,154.406,191.297,198.984,156,190.289,831.15,63.75,15.128,10.1787,15.832,93.75,100,100,-0.75,0.890625,78.4175,12,12,12
21.7,-1.5,-1.5,0,-1.5,1.87128,0.99997,1.07227,3,0.82129,1,0.820314,0,0.820314,0.821046,0,64.8438,157.945,165.139,156.833,5377.25,2180,1773.01,970,1962.15,153.656,191.297,198.984,151.969,191.297,832.908,63.75,15.068,10.1867,15.772,93.75,100,100,-0.75,1.59375,78.4175,12.75,12.75,11.25
21.733,-2.25,-1.5,0,-1.5,1.85657,0.99997,1.07391,3,0.821046,1,0.820314,0,0.820314,0.823732,0,64.8438,158.111,156.361,157.861,5391.75,2180,1773.52,970,1954.22,153.656,191.344,198.938,154.031,191.344,832.908,63.75,15.052,10.1547,15.756,93.75,100,100,-0.75,0.640625,78.4175,14.25,14.25,12.75
21.767,-2.25,-1.5,0,-1.5,1.85675,0.99997,1.07471,3,0.821046,1,0.820314,0,0.820314,0.82007,0,64.8438,158.5,155.111,155.833,5399.5,2180,1771.68,970,1948.95,153.445,191.344,198.914,151.898,191.344,832.908,63.75,15.044,10.1707,15.748,93.75,100,100,-0.75,1.32813,78.4175,10.5,10.5,10.5
21.8,-2.25,-1.5,0,-1.5,1.86853,0.99997,1.07465,3,0.821046,1,0.820314,0,0.820314,0.816408,0,64.8438,157.695,169.667,157.083,5403.25,2180,1761.72,970,1959.49,152.484,191.344,198.914,151.055,191.344,832.908,63.75,14.94,10.1333,15.644,93.75,100,100,-0.75,1.10938,78.4175,12.75,12.75,15
21.833,-2.25,-1.5,0,-1.5,1.85156,0.99997,1.0741,3,0.820802,1,0.820314,0,0.820314,0.819337,0,64.8438,158.556,151.639,159.389,5417,2180,1776.45,970,1948.95,153.773,191.344,198.891,154.102,191.344,832.908,63.75,15.052,10.1227,15.748,93.75,100,100,-0.75,1.26563,78.4175,12,12,15.75
21.867,-2.25,-1.5,0,-1.5,1.86188,0.99997,1.07398,3,0.820802,1,0.820314,0,0.820314,0.816408,0,64.8438,159.556,155.139,158.611,5419,2180,1777.15,970,1951.52,153.797,189.961,198.867,151.758,191.344,832.908,63.75,15.104,10.1867,15.8,93.75,100,100,-0.75,1.1875,78.4175,12.75,12.75,13.5
21.9,-2.25,-1.5,0,-1.5,1.84876,0.99997,1.07422,3,0.820802,1,0.820314,0,0.820314,0.821046,0,64.8438,159.083,145.917,159.222,5432.75,2160,1780,970,1943.63,154.031,189.961,198.867,153.82,189.961,835.056,63.75,15.104,10.1893,15.8,93.75,100,100,-0.75,0.609375,78.4175,12.75,12.75,15
21.933,-2.25,-1.5,0,-1.5,1.85895,0.99997,1.07437,3,0.820802,1,0.820314,0,0.820314,0.819337,0,64.8438,159.333,158.806,160.417,5443.5,2170,1774.92,970,1941.02,153.516,190.055,198.844,154.852,190.055,835.056,64.5,15.032,10.152,15.744,93.75,100,100,-0.75,1.03125,78.4175,12.75,12.75,12.75
21.967,-2.25,-1.5,0,-1.5,1.86231,0.99997,1.07605,3,0.820802,1,0.820314,0,0.820314,0.823732,0,64.8438,159.556,162.611,157.333,5457.5,2170,1768.79,970,1946.29,152.906,189.633,198.797,150.773,190.055,835.056,64.5,14.996,10.1253,15.708,93.75,100,100,-0.75,1.15625,78.4175,11.25,11.25,11.25
22,-2.25,-1.5,0,-1.5,1.85858,0.99997,1.07428,3,0.820802,1,0.820314,0,0.820314,0.813722,0,64.8438,159.139,162.278,161.167,5463.25,2170,1771.91,970,1943.63,152.813,189.633,198.797,154.57,189.633,835.056,64.5,14.956,10.1067,15.668,93.75,100,100,-0.75,0.921875,78.4175,10.5,10.5,10.5
22.033,-2.25,-1.5,0,-1.5,1.85498,0.99997,1.07294,3,0.820558,1,0.820314,0,0.820314,0.813722,0,64.8438,158.695,160.722,159.139,5469.25,2170,1769.02,970,1948.95,152.484,190.031,198.797,153.07,190.031,835.056,64.5,14.844,10.0453,15.548,93.75,100,100,-0.75,1.07813,78.4175,11.25,11.25,11.25
22.067,-2.25,-1.5,0,-1.5,1.84808,0.99997,1.07251,3,0.820558,1,0.820314,0,0.820314,0.817384,0,64.8438,160.028,150.833,160.417,5480.25,2170,1776.64,970,1941.02,153.164,188.273,198.75,154.641,190.031,835.056,64.5,14.952,10.0907,15.656,93.75,99.6079,100,-0.75,1.3125,78.4175,13.5,13.5,11.25
22.1,-2.25,-1.5,0,-1.5,1.86835,0.99997,1.07303,3,0.820558,1,0.820314,0,0.820314,0.822999,0,64.8438,161.111,165.306,161.361,5493.25,2150,1776.17,970,1951.52,153.07,188.273,198.75,152.555,188.273,836.892,64.5,15.004,10.1467,15.708,93.75,99.6079,100,-0.75,1.17188,78.4175,12,12,11.25
22.133,-2.25,-1.5,0,-1.5,1.86511,0.99997,1.07434,3,0.820558,1,0.820314,0,0.820314,0.82007,0,64.8438,160.306,163.778,160.417,5499.5,2150,1772.23,970,1948.95,152.648,188.273,198.727,151.5,188.273,836.892,64.5,14.936,10.1173,15.64,93.75,100,100,-0.75,0.96875,78.4175,13.5,13.5,11.25
22.167,-2.25,-1.5,0,-1.5,1.84375,0.99997,1.07337,3,0.820558,1,0.820314,0,0.820314,0.815675,0,64.8438,160.417,151.472,161.167,5508.5,2160,1776.25,970,1933.13,153,188.344,198.516,156.188,188.273,836.892,64.5,14.944,10.0693,15.648,93.75,100,100,-0.75,0.453125,78.4175,11.25,11.25,11.25
22.2,-2.25,-1.5,0,-1.5,1.85327,0.99997,1.07315,3,0.820558,1,0.820314,0,0.820314,0.816408,0,64.8438,161,154.972,160.056,5519.75,2160,1773.59,970,1938.36,152.695,188.344,198.516,152.273,188.344,836.892,64.5,14.916,10.0907,15.62,93.75,100,100,-0.75,0.859375,78.4175,12,12,11.25
22.233,-2.25,-1.5,0,-1.5,1.85877,0.99997,1.07114,3,0.820558,1,0.820314,0,0.820314,0.813722,0,64.8438,160.611,164.333,160.917,5533,2140,1769.18,970,1946.29,152.227,186.891,198.398,151.969,186.891,836.892,64.5,14.824,10.0347,15.528,93.75,100,100,-0.75,0.078125,78.4175,12,12,11.25
22.267,-2.25,-1.5,0,-1.5,1.86182,0.99997,1.07007,3,0.820558,1,0.820314,0,0.820314,0.815675,0,64.8438,160.945,165.861,160.917,5530.75,2140,1768.75,970,1951.56,152.133,186.891,198.234,151.57,186.891,836.892,64.5,14.796,10.0187,15.5,93.75,100,100,-0.75,0.75,78.4175,13.5,13.5,11.25
22.3,-2.25,-1.5,0,-1.5,1.85449,0.99997,1.06989,3,0.820558,1,0.820314,0,0.820314,0.82007,0,64.8438,161.583,157.389,160.917,5537,2140,1772.27,970,1948.95,152.414,186.891,198.234,151.031,186.891,838.67,64.5,14.836,10.056,15.54,93.75,100,100,-0.75,1,78.4175,11.25,11.25,11.25
22.333,-2.25,-1.5,0,-1.5,1.87097,0.99997,1.07126,3,0.820558,1,0.820314,0,0.820314,0.82007,0,64.8438,161.917,166.695,159.833,5560.5,2140,1768.71,970,1954.18,152.016,186.938,197.953,146.953,186.938,838.67,66,14.816,10.088,15.52,93.75,100,100,-0.75,0.921875,78.4175,11.25,11.25,11.25
22.367,-2.25,-1.5,0,-1.5,1.85101,0.99997,1.06937,3,0.820558,1,0.820314,0,0.820314,0.811036,0,64.8438,160.472,165.889,159.417,5565.75,2140,1762.34,970,1935.74,151.406,186.938,197.789,152.813,186.938,838.67,66,14.66,9.94401,15.364,93.75,100,100,-0.75,0.4375,78.4175,11.25,11.25,11.25
22.4,-2.25,-1.5,0,-1.5,1.8562,0.99997,1.06891,3,0.820558,1,0.820314,0,0.820314,0.812745,0,64.8438,161.417,162.445,163.278,5568.75,2140,1769.1,970,1948.91,151.992,186.938,197.789,151.594,186.938,838.67,66,14.744,9.96535,15.448,93.75,100,100,-0.75,0.65625,78.4175,10.5,10.5,10.5
22.433,-2.25,-1.5,0,-1.5,1.85266,0.99997,1.06909,3,0.818849,1,0.820314,0,0.820314,0.823732,0,64.8438,162.167,156.861,161.361,5582.25,2150,1774.41,970,1941.02,152.438,186.938,197.578,152.32,186.938,838.67,66,14.804,10.008,15.5,93.75,100,100,-0.75,1.26563,78.4175,11.25,11.25,11.25
22.467,-2.25,-1.5,0,-1.5,1.86469,0.99997,1.07034,3,0.818849,1,0.820314,0,0.818849,0.823732,0,64.8438,163.778,157.861,163.25,5598,2150,1781.6,970,1948.91,153.047,183.656,197.203,150.586,186.938,838.67,66,14.928,10.0987,15.624,93.75,100,100,-0.75,0.46875,78.4175,11.25,11.25,11.25
22.5,-2.25,-1.5,0,-1.5,1.85657,0.99997,1.07318,3,0.818849,1,0.820314,0,0.818849,0.826661,0,64.8438,163.028,152.472,162.472,5607.25,2110,1785.35,970,1933.13,153.023,183.656,197.203,153.258,183.656,840.349,66,15.008,10.104,15.704,93.75,100,100,-0.75,0.4375,78.4175,11.25,11.25,11.25
22.533,-2.25,-1.5,0,-1.5,1.8833,0.99997,1.07419,3,0.817628,1,0.820314,0,0.818849,0.82007,0,64.8438,163.195,183.278,161.472,5610.5,2120,1768.71,970,1951.56,151.477,184.078,197.039,150.188,184.078,840.349,66,14.864,10.1173,15.584,93.75,100,100,-0.75,1,78.4175,10.5,10.5,11.25
22.567,-2.25,-1.5,0,-1.5,1.85938,0.99997,1.07251,3,0.817628,1,0.820314,0,0.817628,0.81006,0,64.8438,163.778,158.361,162.222,5616.75,2120,1780.2,970,1933.13,152.508,183.656,196.898,152.18,184.078,840.349,66,14.972,10.104,15.692,93.75,100,100,-0.75,0.734375,78.4175,12.75,12.75,11.25
22.6,-2.25,-1.5,0,-1.5,1.86432,0.99997,1.06992,3,0.817628,1,0.820314,0,0.817628,0.809083,0,64.8438,162.861,169.222,163.528,5629.5,2120,1771.72,970,1943.63,151.711,183.656,196.898,152.438,183.656,840.349,66,14.804,10.0507,15.524,93.75,99.6079,100,-0.75,1.28125,78.4175,10.5,10.5,11.25
22.633,-2.25,-1.5,0,-1.5,1.857,0.99997,1.06729,3,0.816652,1,0.820314,0,0.817628,0.81006,0,64.8438,163.445,156.167,163.528,5643.25,2100,1778.4,970,1941.02,152.32,182.227,196.523,150.352,182.227,840.349,66,14.856,10.0373,15.56,93.75,99.6079,100,-0.75,0.71875,78.4175,11.25,11.25,11.25
22.667,-2.25,-1.5,0,-1.5,1.85401,0.99997,1.06799,3,0.816652,1,0.820314,0,0.816652,0.815675,0,64.8438,164.195,157.306,163.528,5651.75,2100,1779.73,970,1927.81,152.438,182.227,196.43,153.281,182.227,840.349,66,14.904,10.0507,15.608,93.75,99.6079,100,-0.75,0.984375,78.4175,11.25,11.25,11.25
22.7,-2.25,-1.5,0,-1.5,1.87042,0.99997,1.06702,3,0.816652,1,0.820314,0,0.816652,0.812745,0,64.8438,164.945,169.611,164.333,5656,2100,1774.8,970,1938.36,151.969,182.227,196.43,149.719,182.227,842.185,66,14.864,10.104,15.568,93.75,100,100,-0.75,1.125,78.4175,11.25,11.25,11.25
22.733,-2.25,-1.5,0,-1.5,1.85956,0.99997,1.06497,3,0.815675,1,0.820314,0,0.816652,0.806398,0,64.8438,162.972,168.5,162.667,5663.5,2100,1766.09,970,1938.36,151.172,182.227,196.313,150.305,182.227,842.185,66.75,14.64,9.93868,15.336,93.75,99.6079,100,-0.75,0.953125,78.4175,12.75,12.75,15
22.767,-2.25,-1.5,0,-1.5,1.84693,0.99997,1.06336,3,0.815675,1,0.820314,0,0.815675,0.809083,0,64.8438,163.556,162.167,164.195,5674.25,2100,1767.66,970,1930.47,151.313,180.797,195.938,154.266,182.227,842.185,66.75,14.64,9.92268,15.336,93.75,100,100,-0.75,0.953125,78.4175,10.5,10.5,12
22.8,-2.25,-1.5,0,-1.5,1.84827,0.99997,1.0636,3,0.815675,1,0.820314,0,0.815675,0.814699,0,64.8438,164.611,156.556,164.861,5689.25,2080,1772.77,970,1933.09,151.781,180.797,195.938,152.578,180.797,842.185,66.75,14.732,9.94668,15.428,93.75,100,100,-0.75,1,78.4175,9.75,9.75,9.75
22.833,-2.25,-1.5,0,-1.5,1.85986,0.99997,1.06558,3,0.815187,1,0.820314,0,0.815675,0.818361,0,64.8438,163.972,172,164.083,5698,2080,1762.5,970,1943.63,150.844,180.797,195.727,150.586,180.797,842.185,66.75,14.66,9.93868,15.372,93.75,100,100,-0.75,1.25,78.4175,9.75,9.75,9.75
22.867,-2.25,-1.5,0,-1.5,1.83569,0.99997,1.06595,3,0.815187,1,0.820314,0,0.815187,0.814699,0,64.8438,165.306,149.833,165.306,5707.75,2080,1777.27,970,1925.16,151.828,180.398,195.609,153.703,180.797,842.185,66.75,14.8,10.0267,15.512,93.75,100,100,-0.75,0.515625,78.4175,9.75,9.75,9.75
22.9,-2.25,-1.5,0,-1.5,1.84778,0.99997,1.06696,3,0.815187,1,0.820314,0,0.815187,0.816408,0,64.8438,166.056,150.806,165.139,5712,2090,1781.88,970,1919.88,152.25,180.398,195.609,151.992,180.398,843.923,66.75,14.9,10.0667,15.612,93.75,100,100,-0.75,0.765625,78.4175,10.5,10.5,11.25
22.933,-2.25,-1.5,0,-1.5,1.8559,0.99997,1.06732,3,0.814699,1,0.820314,0,0.815187,0.816408,0,64.8438,164.028,169.139,166.195,5723,2070,1766.45,970,1930.47,150.844,179.367,194.883,153.375,179.367,843.923,66.75,14.656,9.91468,15.36,93.75,100,100,-0.75,0.859375,78.4175,10.5,10.5,11.25
22.967,-2.25,-1.5,0,-1.5,1.84564,0.99997,1.06729,3,0.814699,1,0.820314,0,0.814699,0.813722,0,64.8438,166.222,151.5,166.445,5733.75,2070,1781.25,970,1922.54,152.18,178.969,194.438,154.336,179.367,843.923,66.75,14.896,10.0347,15.6,93.75,100,100,-0.75,0.75,78.4175,13.5,13.5,10.5
23,-2.25,-1.5,0,-1.5,1.87183,0.99997,1.06601,3,0.814699,1,0.820314,0,0.814699,0.807374,0,64.8438,166.639,175.389,165.083,5744.75,2070,1767.27,970,1938.32,150.914,178.969,194.438,148.828,178.969,843.923,66.75,14.76,10.0613,15.464,93.75,100,100,-0.75,1.14063,78.4175,11.25,11.25,11.25
23.033,-2.25,-1.5,0,-1.5,1.87067,0.99997,1.06134,3,0.81421,1,0.820314,0,0.814699,0.799073,0,64.8438,167.278,171.472,165.528,5759.25,2070,1770.51,970,1935.66,151.195,178.969,193.688,148.336,178.969,843.923,66.75,14.7,10.0053,15.404,93.75,100,100,-0.75,1.14063,78.4175,12.75,12.75,11.25
23.067,-2.25,-1.5,0,-1.5,1.8548,0.99997,1.05899,3,0.81421,1,0.820314,0,0.81421,0.802736,0,64.8438,166.111,164.806,165.139,5769,2070,1768.2,970,1922.5,150.984,178.969,193.594,150.914,178.969,843.923,66.75,14.612,9.92001,15.316,93.75,100,100,-0.75,0.875,78.4175,12.75,12.75,12.75
23.1,-2.25,-1.5,0,-1.5,1.85388,0.99997,1.05597,3,0.81421,1,0.820314,0,0.81421,0.802736,0,64.8438,166.222,168.333,165.389,5775.75,2070,1764.38,970,1922.5,150.633,178.969,193.594,150.188,178.969,845.427,66.75,14.528,9.88535,15.232,93.75,100,100,-0.75,1.26563,78.4175,12.75,12.75,12.75
23.133,-2.25,-1.5,0,-1.5,1.8548,0.99997,1.05469,3,0.813722,1,0.820314,0,0.81421,0.805421,0,64.8438,165.917,174.75,164.583,5781.25,2070,1756.52,970,1927.77,149.93,178.969,193.219,148.078,178.969,845.427,67.5,14.376,9.82935,15.072,93.75,100,100,-0.75,1.32813,78.4175,13.5,13.5,12
23.167,-2.25,-1.5,0,-1.5,1.82385,0.99997,1.05451,3,0.813722,1,0.820314,0,0.813722,0.811769,0,64.8438,165.167,156.222,165.639,5793.5,2070,1758.13,970,1904.06,150.07,176.109,192.586,154.922,178.969,845.427,67.5,14.4,9.71735,15.096,93.75,99.6079,100,-0.75,1.1875,78.4175,11.25,11.25,12
23.2,-2.25,-1.5,0,-1.5,1.84259,0.99997,1.05768,3,0.813722,1,0.820314,0,0.813722,0.821046,0,64.8438,165.806,171,165.722,5801.5,2040,1749.45,970,1919.92,149.273,176.109,192.586,149.977,176.109,845.427,67.5,14.376,9.77601,15.072,93.75,99.2157,100,-0.75,1.1875,78.4175,14.25,14.25,12
23.233,-2.25,-1.5,0,-1.5,1.81922,0.99997,1.06024,3,0.812013,1,0.820314,0,0.813722,0.818361,0,64.8438,164.417,156.695,166.695,5818.25,2040,1751.76,970,1911.99,149.484,176.109,191.883,153.422,176.109,845.427,67.5,14.392,9.68801,15.096,93.75,99.6079,100,-0.75,1.5,78.4175,14.25,14.25,12
23.267,-2.25,-1.5,0,-1.5,1.83734,0.99997,1.06311,3,0.812013,1,0.820314,0,0.812013,0.816408,0,64.8438,166.5,166.472,166.972,5833,2040,1750.51,970,1927.77,149.039,175.734,191.227,149.039,176.109,845.427,67.5,14.476,9.85068,15.18,93.75,100,100,-0.75,1.04688,78.4175,11.25,11.25,12
23.3,-2.25,-1.5,0,-1.5,1.83032,0.99997,1.06628,3,0.812013,1,0.820314,0,0.812013,0.82837,0,64.8438,166.806,153.445,166.722,5837.5,2040,1760.23,970,1914.57,149.93,175.734,191.227,151.805,175.734,846.658,67.5,14.632,9.87468,15.336,93.75,100,100,-0.75,1.20313,78.4175,13.5,13.5,12
23.333,-2.25,-1.5,0,-1.5,1.84631,0.99997,1.06751,3,0.810548,1,0.820314,0,0.812013,0.818361,0,64.8438,165.917,176.028,166.445,5844.5,2030,1748.32,970,1927.77,148.852,174.703,190.992,148.617,174.703,846.658,67.5,14.52,9.84535,15.252,93.75,100,100,-0.75,1.10938,78.4175,12,12,12
23.367,-2.25,-1.5,0,-1.5,1.84314,0.99997,1.06784,3,0.810548,1,0.820314,0,0.810548,0.811036,0,64.8438,166.445,170.611,166.445,5854.75,2030,1750.12,970,1925.16,149.016,174.305,190.57,148.266,174.703,846.658,67.5,14.576,9.88535,15.308,93.75,100,100,-0.75,0.96875,78.4175,12,12,12
23.4,-2.25,-1.5,0,-1.5,1.836,0.99997,1.06735,3,0.810548,1,0.820314,0,0.810548,0.811036,0,64.8438,168.417,156.222,164.583,5860.5,2020,1758.32,970,1911.95,149.766,174.305,190.57,146.32,174.305,846.658,67.5,14.692,10,15.424,93.75,100,100,-0.75,0.953125,78.4175,12.75,12.75,11.25
23.433,-2.25,-1.5,0,-1.5,1.83472,0.99997,1.06394,3,0.809327,1,0.820314,0,0.810548,0.800782,0,64.8438,166.75,165.917,166.195,5878.75,2010,1750.23,970,1909.3,149.039,172.898,190.313,149.203,172.898,846.658,67.5,14.476,9.83735,15.172,93.75,100,100,-0.75,0.984375,78.4175,12.75,12.75,12
23.467,-2.25,-1.5,0,-1.5,1.84827,0.99997,1.06146,3,0.809327,1,0.820314,0,0.809327,0.798341,0,64.8438,167.278,176.222,166.195,5890.25,2010,1743.75,970,1919.88,148.453,172.898,189.68,145.594,172.898,846.658,67.5,14.444,9.83201,15.14,93.75,100,100,-0.75,0.875,78.4175,12.75,12.75,12
23.5,-2.25,-1.5,0,-1.5,1.82654,0.99997,1.05863,3,0.809327,1,0.820314,0,0.809327,0.798341,0,64.8438,166.333,168.722,168.028,5899.5,2010,1745.59,970,1901.37,148.617,172.898,189.68,151.992,172.898,847.83,67.5,14.376,9.74401,15.072,93.75,100,100,-0.75,0.859375,78.4175,13.5,13.5,12
23.533,-2.25,-1.5,0,-1.5,1.8313,0.99997,1.05576,3,0.808351,1,0.820314,0,0.809327,0.800782,0,64.8438,167.333,169.167,166.833,5904.25,2010,1743.67,970,1906.68,148.453,172.898,189.234,148.758,172.898,847.83,68.25,14.324,9.73335,15.036,93.75,100,100,-0.75,1.04688,78.4175,12.75,12.75,12
23.567,-2.25,-1.5,0,-1.5,1.83856,0.99997,1.05518,3,0.808351,1,0.820314,0,0.808351,0.803712,0,64.8438,167.028,177.472,167.222,5907.75,2010,1735.51,970,1919.88,147.703,172.898,188.836,146.344,172.898,847.83,68.25,14.256,9.68535,14.968,93.75,99.6079,100,-0.75,1.07813,78.4175,15,15,13.5
23.6,-2.25,-1.5,0,-1.5,1.81433,0.99997,1.05612,3,0.808351,1,0.820314,0,0.808351,0.804445,0,64.8438,167.611,159.5,167.778,5919.25,2010,1743.75,970,1898.75,148.453,172.898,188.836,151.242,172.898,847.83,68.25,14.34,9.71201,15.052,93.75,100,100,-0.75,0.921875,78.4175,12.75,12.75,13.5
23.633,-2.25,-1.5,0,-1.5,1.86231,0.99997,1.05612,3,0.807618,1,0.820314,0,0.808351,0.808107,0,64.8438,168.195,200.75,167.528,5935.75,2010,1721.09,970,1935.66,146.391,172.898,188.016,142.617,172.898,847.83,68.25,14.148,9.73601,14.852,93.75,100,100,-0.75,0.890625,78.4175,12.75,12.75,12
23.667,-2.25,-1.5,0,-1.5,1.80756,0.99997,1.05594,3,0.807618,1,0.820314,0,0.807618,0.804445,0,64.8438,168.306,152.695,168.028,5945.25,2010,1743.59,970,1898.75,148.102,172.523,187.57,149.672,172.898,847.83,68.25,14.316,9.68535,15.02,93.75,100,100,-0.75,1.07813,78.4175,15,15,13.5
23.7,-2.25,-1.5,0,-1.5,1.83515,0.99997,1.0556,3,0.807618,1,0.820314,0,0.807618,0.802736,0,64.8438,167.833,180.667,167.528,5948.75,2010,1729.88,970,1914.53,146.859,172.523,187.57,145.641,172.523,848.963,68.25,14.196,9.70135,14.9,93.75,100,100,-0.75,1.03125,78.4175,12.75,12.75,13.5
23.733,-2.25,-1.5,0,-1.5,1.81427,0.99997,1.05508,3,0.80713,1,0.820314,0,0.807618,0.805421,0,64.8438,166.222,168.556,168.556,5961.75,2000,1731.48,970,1906.68,147,171.469,187.055,149.648,171.469,848.963,68.25,14.152,9.56801,14.848,93.75,100,100,-0.75,1.42188,78.4175,12.75,12.75,13.5
23.767,-2.25,-1.5,0,-1.5,1.81757,0.99997,1.05579,3,0.80713,1,0.820314,0,0.80713,0.806398,0,64.8438,166.972,172.417,168.028,5968.75,2000,1728.32,970,1911.95,146.719,171.094,186.773,148.313,171.469,848.963,68.25,14.156,9.60001,14.852,93.75,100,100,-0.75,1.5,78.4175,15,15,13.5
23.8,-2.25,-1.5,0,-1.5,1.80548,0.99997,1.0567,3,0.80713,1,0.820314,0,0.80713,0.809083,0,64.8438,169.417,153.306,166.972,5973.5,1990,1742.15,970,1898.75,147.984,171.094,186.773,146.93,171.094,848.963,68.25,14.336,9.73068,15.032,93.75,99.6079,100,-0.75,0.828125,78.4175,12.75,12.75,12.75
23.833,-2.25,-1.5,0,-1.5,1.8302,0.99997,1.0582,3,0.806642,1,0.820314,0,0.80713,0.81006,0,64.8438,167.972,181.167,167.056,5983,1990,1724.1,970,1909.26,146.344,171.094,186.281,144.445,171.094,848.963,68.25,14.16,9.68001,14.864,93.75,100,100,-0.75,1.20313,78.4175,12.75,12.75,12
23.867,-2.25,-1.5,0,-1.5,1.8067,0.99997,1.05722,3,0.806642,1,0.820314,0,0.806642,0.801759,0,64.8438,167.389,167.445,167.528,5998.75,1990,1725.04,970,1893.48,146.438,168.258,185.625,148.57,171.094,848.963,68.25,14.156,9.59468,14.86,93.75,100,100,-0.75,1.45313,78.4175,15,15,13.5
23.9,-2.25,-1.5,0,-1.5,1.80249,0.99997,1.05612,3,0.806642,1,0.820314,0,0.806642,0.80005,0,64.8438,166.5,170.695,166.195,6007,1960,1715.2,970,1898.79,145.547,168.258,185.625,146.813,168.258,849.881,68.25,14.02,9.52535,14.724,93.75,99.6079,100,-0.75,0.609375,78.4175,13.5,13.5,15.75
23.933,-2.25,-1.5,0,-1.5,1.80518,0.99997,1.05322,3,0.806154,1,0.820314,0,0.806642,0.799073,0,64.8438,167.667,170.945,165.139,6020.25,1960,1712.97,970,1906.64,145.336,168.258,185.086,143.25,168.258,849.881,69,13.964,9.52801,14.676,93.75,99.6079,100,-0.75,0.78125,78.4175,13.5,13.5,14.25
23.967,-2.25,-1.5,0,-1.5,1.79926,0.99997,1.05472,3,0.806154,1,0.820314,0,0.806154,0.808107,0,64.8438,167.083,170.417,168.028,6027.5,1960,1715.16,970,1901.37,145.547,168.258,184.781,147.539,168.258,849.881,69,14.008,9.50135,14.72,93.75,100,100,-0.75,1.15625,78.4175,15.75,15.75,15
24,-2.25,-1.5,0,-1.5,1.80414,0.99997,1.05475,3,0.806154,1,0.820314,0,0.806154,0.807374,0,64.8438,167.25,173.417,166.972,6031.25,1960,1709.73,970,1917.23,145.055,168.258,184.781,144.094,168.258,849.881,69,13.964,9.48801,14.676,93.75,100,100,-0.75,0.78125,78.4175,13.5,13.5,12.75
24.033,-2.25,-1.5,0,-1.5,1.80011,0.99997,1.05734,3,0.805909,1,0.820314,0,0.806154,0.809083,0,64.8438,168.028,170.5,168.028,6044.5,1940,1710.74,970,1914.57,145.148,166.828,184.266,144.984,166.828,849.881,69,14.008,9.52801,14.728,93.75,100,100,-0.75,0.84375,78.4175,13.5,13.5,12.75
24.067,-2.25,-1.5,0,-1.5,1.79706,0.99997,1.05863,3,0.805909,1,0.820314,0,0.805909,0.811769,0,64.8438,168.306,164.833,169.917,6052,1940,1718.83,970,1909.3,145.57,166.477,183.938,147.398,166.828,849.881,69,14.076,9.55201,14.796,93.75,99.6079,100,-0.75,1.0625,78.4175,15.75,15.75,14.25
24.1,-2.25,-1.5,0,-1.5,1.80481,0.99997,1.05951,3,0.805909,1,0.820314,0,0.805909,0.809083,0,64.8438,168.722,168.306,168.028,6064.25,1940,1718.01,970,1914.53,145.5,166.477,183.938,144.469,166.477,850.72,69,14.116,9.57068,14.836,93.75,100,100,-0.75,1.25,78.4175,13.5,13.5,14.25
24.133,-2.25,-1.5,0,-1.5,1.7793,0.99997,1.06097,3,0.805665,1,0.820314,0,0.805909,0.809083,0,64.8438,168.528,152.056,168.861,6076.5,1950,1728.48,970,1885.55,146.438,166.828,183.141,151.477,166.828,850.72,69,14.188,9.54935,14.892,93.75,100,100,-0.75,1.10938,78.4175,13.5,13.5,14.25
24.167,-2.25,-1.5,0,-1.5,1.80945,0.99997,1.06052,3,0.805665,1,0.820314,0,0.805665,0.803712,0,64.8438,171.195,159.028,169.111,6080.25,1950,1731.13,970,1904.02,146.672,166.477,182.977,143.25,166.828,850.72,69,14.288,9.73601,14.992,93.75,100,100,-0.75,0.828125,78.4175,12,12,12
24.2,-2.25,-1.5,0,-1.5,1.79187,0.99997,1.05933,3,0.805665,1,0.820314,0,0.805665,0.799073,0,64.8438,170.333,153.083,168.306,6096.25,1940,1739.18,970,1874.96,147.422,166.477,182.977,146.836,166.477,850.72,69,14.348,9.71735,15.052,93.75,100,100,-0.75,1,78.4175,12.75,12.75,12.75
24.233,-2.25,-1.5,0,-1.5,1.82556,0.99997,1.05469,3,0.805421,1,0.820314,0,0.805665,0.792726,0,64.8438,169.639,187.833,170.195,6108.5,1940,1715.23,970,1890.82,145.242,166.477,182.484,146.391,166.477,850.72,69,14.032,9.58935,14.728,93.75,100,100,-0.75,1.20313,78.4175,14.25,14.25,14.25
24.267,-2.25,-1.5,0,-1.5,1.81073,0.99997,1.05188,3,0.805421,1,0.820314,0,0.805421,0.791993,0,64.8438,169.111,177.833,169.111,6117.25,1940,1710.59,970,1898.75,145.852,167.672,182.109,144.047,166.477,850.72,69,14.02,9.46668,14.716,93.75,100,100,-0.75,0.609375,78.4175,12.75,12.75,12.75
24.3,-2.25,-1.5,0,-1.5,1.81073,0.99997,1.0488,3,0.805421,1,0.820314,0,0.805421,0.791993,0,64.8438,169.917,185.111,170.195,6122.25,1940,1699.8,970,1901.37,144.867,167.672,182.109,144.375,167.672,851.736,69,13.888,9.48535,14.584,93.75,100,100,-0.75,0.90625,78.4175,12.75,12.75,12.75
24.333,-2.25,-1.5,0,-1.5,1.77997,0.99997,1.04965,3,0.805421,1,0.820314,0,0.805421,0.805421,0,64.8438,169.75,155,168.861,6139.75,1930,1709.65,970,1885.55,145.758,166.477,181.922,145.758,166.477,851.736,69.75,13.948,9.42668,14.652,93.75,100,100,-0.75,1.07813,78.4175,14.25,14.25,12.75
24.367,-2.25,-1.5,0,-1.5,1.79913,0.99997,1.05161,3,0.805421,1,0.820314,0,0.805421,0.81006,0,64.8438,169.806,177.945,169.917,6148.75,1930,1696.72,970,1904.02,144.563,167.648,181.477,142.945,166.477,851.736,69.75,13.868,9.42668,14.572,93.75,100,100,-0.75,0.609375,78.4175,14.25,14.25,14.25
24.4,-2.25,-1.5,0,-1.5,1.78803,0.99997,1.05304,3,0.805421,1,0.820314,0,0.805421,0.805421,0,64.8438,171.028,165.389,169.639,6153.75,1940,1705,970,1885.55,145.313,167.648,181.477,145.5,167.648,851.736,69.75,13.996,9.50668,14.7,93.75,100,100,-0.75,0.84375,78.4175,14.25,14.25,12.75
24.433,-2.25,-1.5,0,-1.5,1.79315,0.99997,1.05423,3,0.805177,1,0.820314,0,0.805421,0.803712,0,64.8438,170.611,171.111,168.861,6152.5,1930,1699.92,970,1890.82,144.844,166.242,181.406,143.297,166.242,851.736,69.75,13.964,9.49335,14.676,93.75,100,100,-0.75,0.859375,78.4175,15.75,15.75,24
24.467,-2.25,-1.5,0,-1.5,1.81268,0.99997,1.05469,3,0.805177,1,0.820314,0,0.805177,0.806398,0,64.8438,168.833,196.639,169.917,6158.75,1930,1681.88,970,1914.57,142.875,165.867,181.242,141.328,166.242,851.736,69.75,13.712,9.37335,14.424,93.75,99.6079,100,-0.75,0.9375,78.4175,13.5,13.5,24.75
24.5,-2.25,-1.5,0,-2.25,1.78876,0.99997,1.05508,3,0.805177,1,0.820314,0,0.805177,0.808107,0,64.8438,169.75,174.472,169.861,6170.25,1930,1692.66,970,1903.98,143.859,165.867,181.242,143.227,165.867,852.537,69.75,13.848,9.38935,14.56,93.75,100,100,-1.5,0.859375,78.4175,13.5,13.5,13.5
24.533,-2.25,-1.5,0,-2.25,1.776,0.99997,1.05524,3,0.805177,1,0.820314,0,0.805177,0.803712,0,64.8438,170.695,160.278,168.861,6181.5,1930,1699.65,970,1885.55,144.492,166.242,180.938,144.492,166.242,852.537,69.75,13.908,9.44268,14.604,94.5,100,100,-1.5,0.953125,78.4175,12.75,12.75,12.75
24.567,-2.25,-1.5,0,-2.25,1.79718,0.99997,1.05579,3,0.805177,1,0.820314,0,0.805177,0.808107,0,64.8438,169.222,186.056,169.917,6190.5,1930,1683.24,970,1904.02,142.992,165.844,180.75,142.266,166.242,852.537,69.75,13.74,9.36535,14.436,94.5,100,100,-1.5,0.921875,78.4175,12.75,12.75,12.75
24.6,-2.25,-1.5,0,-2.25,1.79938,0.99997,1.05722,3,0.805177,1,0.820314,0,0.805177,0.81006,0,64.8438,171.722,179.167,169.361,6193,1930,1697.89,970,1906.64,144.328,165.844,180.75,138.563,165.844,852.537,69.75,13.88,9.48535,14.576,94.5,100,100,-1.5,0.578125,78.4175,12,12,12
24.633,-2.25,-1.5,0,-2.25,1.79126,0.99997,1.05795,3,0.804933,1,0.820314,0,0.805177,0.804445,0,64.8438,170.695,179.611,169.639,6220,1930,1686.48,970,1890.82,143.297,165.844,180.563,142.594,165.844,852.537,69.75,13.836,9.43468,14.548,93.75,100,100,-1.5,0.921875,78.4175,11.25,11.25,11.25
24.667,-2.25,-1.5,0,-2.25,1.77881,0.99997,1.05652,3,0.804933,1,0.820314,0,0.804933,0.799073,0,64.8438,170.861,167.195,169.361,6224,1930,1691.88,970,1877.62,143.789,164.438,180.281,142.898,165.844,852.537,69.75,13.868,9.42135,14.58,93.75,100,100,-1.5,0.828125,78.4175,12,12,12
24.7,-2.25,-1.5,0,-2.25,1.78797,0.99997,1.0557,3,0.804933,1,0.820314,0,0.804933,0.802736,0,64.8438,169.945,179.278,170.195,6233,1910,1684.3,970,1890.82,143.109,164.438,180.281,142.148,164.438,853.259,69.75,13.76,9.36535,14.472,93.75,100,100,-1.5,0.984375,78.4175,12.75,12.75,12.75
24.733,-2.25,-1.5,0,-2.25,1.78394,0.99997,1.05527,3,0.804933,1,0.820314,0,0.804933,0.803712,0,64.8438,170.556,178.806,168.556,6244.75,1900,1676.76,970,1896.05,142.406,163.008,180.07,140.133,163.008,853.259,71.25,13.688,9.33868,14.392,94.5,99.6079,100,-1.5,0.984375,78.4175,13.5,13.5,13.5
24.767,-2.25,-1.5,0,-2.25,1.77667,0.99997,1.05628,3,0.804933,1,0.820314,0,0.804933,0.805421,0,64.8438,170.861,172.056,170.195,6252.5,1900,1682.81,970,1888.16,142.969,163.008,179.602,142.57,163.008,853.259,71.25,13.76,9.33868,14.464,94.5,100,100,-1.5,0.828125,78.4175,13.5,13.5,13.5
24.8,-2.25,-1.5,0,-2.25,1.77051,0.99997,1.05686,3,0.804933,1,0.820314,0,0.804933,0.802736,0,64.8438,170.222,170.222,170.445,6260.25,1900,1680.31,970,1890.82,142.734,163.008,179.602,142.852,163.008,853.259,71.25,13.744,9.29334,14.448,94.5,100,100,-1.5,1.3125,78.4175,12.75,12.75,12.75
24.833,-2.25,-1.5,0,-2.25,1.76679,0.99997,1.0567,3,0.804933,1,0.820314,0,0.804933,0.803712,0,64.8438,171.083,163.445,170.195,6274.75,1900,1685,970,1880.23,143.18,163.008,179.461,143.461,163.008,853.259,71.25,13.78,9.32801,14.476,93.75,100,100,-1.5,1.76563,78.4175,11.25,11.25,11.25
24.867,-2.25,-1.5,0,-2.25,1.75879,0.99997,1.05618,3,0.804933,1,0.820314,0,0.804933,0.803712,0,64.8438,171.778,155.972,169.111,6282.5,1900,1686.21,970,1874.96,142.945,162.656,179.25,142.945,163.008,853.259,71.25,13.76,9.36001,14.456,93.75,100,100,-1.5,0.703125,78.4175,12,12,12
24.9,-2.25,-1.5,0,-2.25,1.77875,0.99997,1.05624,3,0.804933,1,0.820314,0,0.804933,0.800782,0,64.8438,170.639,179.528,172.639,6297,1900,1678.98,970,1885.59,142.289,162.656,179.25,144.398,162.656,854.392,71.25,13.696,9.29334,14.392,93.75,100,100,-1.5,0.890625,78.4175,15,15,15
24.933,-2.25,-1.5,0,-2.25,1.7713,0.99997,1.05783,3,0.804933,1,0.820314,0,0.804933,0.81006,0,64.8438,171.333,163.861,171.278,6305,1900,1684.38,970,1890.82,142.781,163.008,178.969,140.156,163.008,854.392,71.25,13.768,9.32001,14.464,94.5,100,100,-1.5,1.1875,78.4175,13.5,13.5,13.5
24.967,-2.25,-1.5,0,-2.25,1.77112,0.99997,1.05969,3,0.804933,1,0.820314,0,0.804933,0.811769,0,64.8438,171.945,170.25,171.806,6313,1900,1681.05,970,1885.55,142.477,161.227,178.5,142.711,163.008,854.392,71.25,13.756,9.33068,14.452,94.5,100,100,-1.5,1.10938,78.4175,12.75,12.75,12.75
25,-2.25,-1.5,0,-2.25,1.77326,0.99997,1.06119,3,0.804933,1,0.820314,0,0.804933,0.807374,0,64.8438,172.472,169.222,172.917,6327.75,1880,1683.48,970,1885.55,142.711,161.227,178.5,142.547,161.227,854.392,71.25,13.8,9.35468,14.496,94.5,100,100,-1.5,0.71875,78.4175,13.5,13.5,13.5
25.033,-2.25,-1.5,0,-2.25,1.81012,0.99997,1.06171,3,0.804933,1,0.820314,0,0.804933,0.805421,0,64.8438,170.695,209.722,170.722,6338.25,1880,1650.2,970,1919.88,139.688,161.227,178.266,135.609,161.227,854.392,71.25,13.492,9.26934,14.188,94.5,100,100,-1.5,1.32813,78.4175,10.5,10.5,10.5
25.067,-2.25,-1.5,0,-2.25,1.74671,0.99997,1.06253,3,0.804933,1,0.820314,0,0.804933,0.805421,0,64.8438,172.306,149.25,172.583,6342.25,1880,1684.65,970,1877.62,142.805,161.227,178.336,144.188,161.227,854.392,71.25,13.832,9.32268,14.528,94.5,100,100,-1.5,1.60938,78.4175,15,15,24.75
25.1,-2.25,-1.5,0,-2.25,1.74426,0.99997,1.06271,3,0.804933,1,0.820314,0,0.804933,0.808107,0,64.8438,171.445,149.056,171.278,6350.5,1880,1685.66,970,1869.69,142.898,161.227,178.336,144.469,161.227,855.466,71.25,13.808,9.30401,14.504,94.5,100,100,-1.5,0.875,78.4175,13.5,13.5,13.5
25.133,-2.25,-1.5,0,-2.25,1.77258,0.99997,1.06378,3,0.804689,1,0.820314,0,0.804933,0.806398,0,64.8438,172.306,180.056,170.445,6357.25,1880,1664.73,970,1880.23,141.023,161.227,178.008,139.617,161.227,855.466,72.75,13.676,9.34401,14.38,94.5,100,100,-1.5,0.90625,78.4175,14.25,14.25,17.25
25.167,-2.25,-1.5,0,-2.25,1.76691,0.99997,1.06293,3,0.804689,1,0.820314,0,0.804689,0.800782,0,64.8438,170.611,182.917,170.528,6362.5,1880,1657.42,970,1882.89,140.063,160.875,177.68,140.766,161.227,855.466,72.75,13.512,9.20001,14.216,94.5,100,100,-1.5,0.671875,78.4175,16.5,16.5,17.25
25.2,-2.25,-1.5,0,-2.25,1.76074,0.99997,1.06052,3,0.804689,1,0.820314,0,0.804689,0.795167,0,64.8438,170.611,177.722,169.639,6378.75,1880,1656.6,970,1885.55,139.992,160.875,177.68,139.5,160.875,855.466,72.75,13.512,9.16268,14.216,94.5,100,100,-1.5,1.17188,78.4175,12.75,12.75,12.75
25.233,-2.25,-1.5,0,-2.25,1.73908,0.99997,1.06064,3,0.804689,1,0.820314,0,0.804689,0.806398,0,64.8438,172.583,148.556,170.528,6392.25,1890,1679.65,970,1864.41,142.078,161.227,177.516,141.141,161.227,855.466,72.75,13.748,9.25334,14.444,94.5,100,100,-1.5,1.0625,78.4175,13.5,13.5,13.5
25.267,-2.25,-1.5,0,-2.25,1.7785,0.99997,1.06183,3,0.804689,1,0.820314,0,0.804689,0.811036,0,64.8438,171.333,188.556,173.472,6399.25,1890,1659.41,970,1888.16,140.227,160.875,177.164,139.406,161.227,855.466,72.75,13.56,9.21068,14.256,94.5,100,100,-1.5,0.890625,78.4175,12,12,12
25.3,-2.25,-0.75,0,-2.25,1.77179,0.99997,1.06262,3,0.804689,1,0.820314,0,0.804689,0.803712,0,64.8438,171.778,187.861,172.361,6403.25,1880,1655.74,970,1888.16,139.898,160.875,177.164,141.211,160.875,856.091,72.75,13.512,9.17868,14.208,94.5,100,100,-0.75,1.125,78.4175,15,15,15
25.333,-2.25,-0.75,0,-2.25,1.7547,0.99997,1.06418,3,0.804689,1,0.820314,0,0.804689,0.805421,0,64.8438,171.972,168.667,172.083,6414.25,1870,1668.67,970,1877.62,141.07,159.445,176.93,142.852,159.445,856.091,72.75,13.668,9.22668,14.372,94.5,100,100,-0.75,1.125,78.4175,15,15,15
25.367,-2.25,-0.75,0,-2.25,1.75519,0.99997,1.06558,3,0.804689,1,0.820314,0,0.804689,0.809083,0,64.8438,172.611,167.472,172.083,6428,1870,1668.87,970,1872.3,141.07,158.039,176.836,142.172,159.445,856.091,72.75,13.688,9.27734,14.392,94.5,100,100,-0.75,0.578125,78.4175,13.5,13.5,13.5
25.4,-2.25,-0.75,0,-2.25,1.75427,0.99997,1.06543,3,0.804689,1,0.820314,0,0.804689,0.805421,0,64.8438,173.417,162.25,173.722,6436.25,1850,1674.18,970,1869.65,141.539,158.039,176.836,141.867,158.039,856.091,72.75,13.732,9.29601,14.436,94.5,100,100,-0.75,0.828125,78.4175,12.75,12.75,12.75
25.433,-2.25,-0.75,0,-2.25,1.74591,0.99997,1.06476,3,0.804689,1,0.820314,0,0.804689,0.799073,0,64.8438,174.056,157.528,170.722,6443.25,1820,1674.96,970,1848.59,141.609,158.039,176.508,143.742,155.25,856.091,72.75,13.732,9.24801,14.436,94.5,100,100,-0.75,0.84375,78.4175,14.25,14.25,17.25
25.467,-2.25,-0.75,0,-2.25,1.75983,0.99997,1.06464,3,0.804689,1,0.820314,0,0.804689,0.802736,0,64.8438,172.778,177.639,174.278,6455.75,1820,1662.62,970,1867.03,140.484,158.039,176.18,143.016,155.227,856.091,72.75,13.596,9.19468,14.3,94.5,100,100,-0.75,1.04688,78.4175,12.75,12.75,12.75
25.5,-2.25,-0.75,0,-2.25,1.77692,0.99997,1.06323,3,0.804689,1,0.820314,0,0.804689,0.803712,0,64.8438,172.528,195.778,172.083,6471,1820,1641.76,970,1893.44,138.586,158.039,176.18,136.359,155.156,856.697,72.75,13.392,9.14134,14.096,94.5,99.6079,100,-0.75,0.671875,78.4175,12,12,12
25.533,-2.25,-0.75,0,-2.25,1.73615,0.99997,1.06494,3,0.804689,1,0.820314,0,0.804689,0.806398,0,64.8438,172.306,156.639,169.861,6471,1820,1661.41,970,1856.52,140.367,158.039,176.133,140.883,155.016,856.697,74.25,13.58,9.15468,14.276,94.5,100,100,-0.75,0.5625,78.4175,15,15,15
25.567,-2.25,-0.75,0,-2.25,1.77313,0.99997,1.06458,3,0.804689,1,0.820314,0,0.804689,0.803712,0,64.8438,171.556,195.417,171.556,6479.25,1820,1636.56,970,1896.09,137.836,157.711,175.758,135.094,155.016,856.697,74.25,13.304,9.08801,14,94.5,99.6079,100,-0.75,1.15625,78.4175,14.25,14.25,17.25
25.6,-2.25,-0.75,0,-2.25,1.73193,0.99997,1.06662,3,0.804689,1,0.820314,0,0.804689,0.808107,0,64.8438,171.889,160.139,172.361,6490.5,1820,1655.59,970,1867.03,139.547,157.711,175.758,141.352,154.969,856.697,74.25,13.524,9.06401,14.22,94.5,99.6079,100,-0.75,0.796875,78.4175,13.5,13.5,13.5
25.633,-2.25,-0.75,0,-2.25,1.7453,0.99997,1.06656,3,0.804689,1,0.820314,0,0.804689,0.805421,0,64.8438,172.583,172.556,172.083,6503.25,1810,1647.46,970,1885.55,138.82,158.039,175.523,137.789,153.68,856.697,74.25,13.448,9.13334,14.16,94.5,99.6079,100,-0.75,0.671875,78.4175,12,12,12
25.667,-2.25,-0.75,0,-2.25,1.75891,0.99997,1.06897,3,0.804689,1,0.820314,0,0.804689,0.81006,0,64.8438,171.972,182.667,173.722,6510.25,1810,1641.88,970,1893.44,138.328,157.711,175.242,136.734,153.68,856.697,74.25,13.432,9.11201,14.144,94.5,99.6079,100,-0.75,0.4375,78.4175,15.75,15.75,17.25
25.7,-2.25,-0.75,0,-2.25,1.75623,0.99997,1.07163,3,0.804689,1,0.820314,0,0.804689,0.816408,0,64.8438,174.278,176.778,172.583,6520.25,1810,1646.37,970,1885.55,138.75,157.711,175.242,136.313,153.844,857.478,74.25,13.544,9.22134,14.256,94.5,99.6079,100,-0.75,1.14063,78.0574,12,12,12
25.733,-2.25,-0.75,0,-2.25,1.73877,0.99997,1.07282,3,0.804689,1,0.820314,0,0.804689,0.806398,0,61.3281,175.25,154.083,172.639,6541.5,1780,1661.13,970,1861.76,140.086,156.281,174.984,137.766,151.453,857.478,74.25,13.688,9.23468,14.392,94.5,99.2157,100,-0.75,0.53125,76.2599,12,12,12
25.767,-2.25,-0.75,0,-2.25,1.77301,0.99997,1.07333,3,0.804689,1,0.820314,0,0.804689,0.808107,0,43.75,171.278,199.806,174.278,6533,1760,1632.38,970,1885.55,137.484,156.281,174.844,137.344,149.086,857.478,74.25,13.38,9.08534,14.084,94.5,100,100,-0.75,0.546875,72.1232,14.25,14.25,15.75
25.8,-2.25,-0.75,0,-2.25,1.7475,0.99997,1.07068,3,0.804689,1,0.820314,0,0.804689,0.798341,0,43.75,172.417,173.722,173.472,6543,1630,1648.71,970,1872.3,138.961,156.281,174.844,139.359,137.508,857.478,74.25,13.548,9.20534,14.252,94.5,100,100,-0.75,0.359375,64.3884,15,15,15
25.833,-2.25,-0.75,0,-2.25,1.7475,0.99997,1.07047,3,0.804689,1,0.820314,0,0.804689,0.802736,0,12.1094,175.195,173.639,172.083,6557.25,1040,1646.84,970,1872.3,138.82,156.281,174.422,138.984,84.6797,857.478,74.25,13.532,9.22401,14.244,94.5,100,49.0196,-0.75,0.421875,44.4251,11.25,11.25,11.25
25.867,-2.25,-0.75,0,-2.25,1.73029,0.99997,1.06961,3,0.804689,1,0.820314,0,0.804689,0.801759,0,0,171.333,170.833,169.167,6563,1040,1625.82,970,1853.87,136.594,154.547,174.539,136.5,79.5938,857.478,74.25,11.984,9.12534,12.696,94.5,81.5687,40,-0.75,0.5,25.8991,3.75,3.75,3
25.9,-2.25,-0.75,0,-2.25,1.7771,0.99997,1.07138,3,0.804689,1,0.820314,0,0.804689,0.81006,0,0,172.25,152.361,166.972,6537.25,970,1615.7,970,1904.02,135.703,154.547,174.539,122.25,15.75,858.025,74.25,11.932,8.31734,12.644,94.5,45.8824,16.8628,-0.75,0.109375,7.19309,3.75,3.75,-31.5
25.933,-2.25,-0.75,0,-2.25,1.97931,0.99997,1.07236,3,0.828126,1,0.820314,0,0.804689,0.805421,0,0,137.583,59.6112,149.611,6550,970,1078.98,970,2120.63,87.2813,154.875,174.469,47.6953,15.75,858.025,75,5.732,6.03467,6.436,94.5,17.6471,10.1961,-0.75,0.171875,0,3.75,3.75,-28.5
25.967,-2.25,-0.75,0,-2.25,2.23816,0.99997,1.06006,3,0.828126,1,0.820314,0,0.820314,0.756593,0,0,70.1667,40.3889,112.556,6499,970,699.023,970,2398.01,52.9922,154.523,175.43,32.6016,15.75,858.025,75,2.768,2.02134,3.472,94.5,11.3726,10.1961,-0.75,0.359375,0,7.5,7.5,-23.25
26,0,0,0,0,2.22089,0.99997,1.06235,3,0.828126,1,0.820314,0,0.820314,0.729982,0,0,55.25,32.7222,86.4167,6486.25,970,532.07,970,2379.49,38.0391,154.523,175.43,26.4844,15.75,858.025,75,2.124,1.73067,2.828,94.5,9.41177,5.88235,-0.75,0.75,0,9.75,9.75,-22.5
26.033,0,0,0,0,2.08997,0.99997,1.04508,3,0.91797,1,0.820314,0,0.820314,0.729982,0,0,33.75,18,66.1945,6454.25,970,361.133,970,2226.29,22.6406,154.523,175.688,14.6484,15.75,858.025,75,1.244,1,1.94,94.5,5.09804,5.09804,-0.75,1.03125,0,13.5,13.5,-18
26.067,0,0,0,0,2.01904,0.99997,1.03235,3,0.91797,1,0.820314,0,0.820314,0.729982,0,0,21.3611,16.2222,53.5278,6384.25,970,297.07,970,2120.63,16.875,154.523,177.422,13.3359,15.75,858.025,75,1.004,0.685334,1.7,94.5,4.70588,5.4902,-0.75,0.703125,0,15.75,15.75,-15.75
26.1,0,0,0,0,1.86096,0.99997,1.01047,3,0.91797,1,0.820314,0,0.820314,0.762941,0,0,18.8056,15.8056,47.3889,6315.75,970,270.703,970,1993.83,14.5313,154.523,177.422,13.1484,15.75,853.162,75,0.908,0.618667,1.604,94.5,5.09804,5.4902,-0.75,0.875,0,16.5,16.5,-13.5
26.133,0,0,0,0,1.74011,0.99997,1.01379,3,0.970705,1,0.820314,0,0.820314,0.842286,0,0,16.6667,15.7778,44.3889,6338.25,970,258.867,970,1864.41,13.5,154.523,177.844,13.0781,15.75,853.162,74.25,0.896,0.597334,1.584,94.5,5.4902,5.88235,-0.75,1.17188,0,17.25,17.25,-13.5
26.167,0,0,0,0,1.65137,0.99997,1,3,0.970705,1,0.820314,0,0.820314,0.781739,0,0,15.9445,15.6667,41.8611,6282.5,970,256.406,970,1769.3,13.3125,155.273,179.156,13.1016,15.75,853.162,74.25,0.92,0.605334,1.608,94.5,5.88235,6.27451,-0.75,0.46875,0,17.25,17.25,-13.5
26.2,0,0,0,0,1.58478,0.99997,1.0076,3,0.970705,1,0.820314,0,0.820314,0.766114,0,0,16.6389,17.8056,39.3334,6234.25,970,266.523,970,1697.97,14.3438,155.273,179.156,15,15.75,853.162,74.25,1.032,0.658667,1.72,94.5,7.05883,6.66667,-0.75,0.84375,0,16.5,16.5,-12.75
26.233,0,0,0,0,1.51331,0.99997,1.00095,3,1,1,0.820314,0,0.820314,0.766114,0,0,17.3611,17.6667,35.75,6200.75,970,270.781,970,1621.37,14.7656,155.953,180.141,14.9297,15.75,853.162,74.25,1.072,0.693334,1.776,95.25,7.05883,7.05883,-0.75,0.828125,0,16.5,16.5,-12.75
26.267,0,0,0,0,1.46887,0.99997,1,3,1,1,0.820314,0,0.820314,0.800782,0,0,17.4722,17.5278,33.8056,6186.75,970,270.859,970,1573.83,14.8125,156.703,180.82,14.8594,15.75,853.162,74.25,1.096,0.709334,1.8,95.25,7.45098,7.45098,-0.75,0.640625,0,16.5,16.5,-12.75
26.3,0,0,0,0,1.4245,0.99997,1.00156,3,1,1,0.820314,0,0.820314,0.836671,0,0,17.3611,17,33.7222,6152.5,970,269.023,970,1526.29,14.6484,156.703,180.82,14.4844,15.75,852.517,74.25,1.088,0.712001,1.792,95.25,7.45098,7.45098,-0.75,0.65625,0,16.5,16.5,-13.5
26.333,0,0,0,0,1.37268,0.99997,1.01758,3,1,1,0.820314,0,0.820314,0.876222,0,0,16.9445,16.9445,30.6945,6124.75,970,267.344,970,1470.78,14.5313,158.109,181.219,14.5078,15.75,852.517,72.75,1.136,0.728001,1.832,94.5,7.84314,7.84314,-0.75,0.640625,0,15.75,15.75,-13.5
26.367,0,0,0,0,1.34564,0.99997,1.03421,3,1,1,0.820314,0,0.820314,0.888917,0,0,16.8889,16.8611,30.6945,6106,970,266.953,970,1441.76,14.4609,159.188,182.156,14.4609,15.75,852.517,72.75,1.164,0.757334,1.86,94.5,7.84314,8.2353,-0.75,0.9375,0,15.75,15.75,-13.5
26.4,0,0,0,0,1.31354,0.99997,1.05081,3,1,1,0.820314,0,0.820314,0.895509,0,0,16.8333,17.0278,29.3611,6085,970,267.813,970,1407.38,14.5547,159.188,182.156,14.6719,15.75,852.517,72.75,1.204,0.770668,1.9,94.5,8.2353,8.2353,-0.75,0.828125,0,15.75,15.75,-13.5
26.433,0,0,0,0,1.27905,0.99997,1.06982,3,1.02271,1,0.820314,0,0.820314,0.89673,0,0,16.9445,17.3611,29.0278,6050.75,970,270.273,970,1370.43,14.8125,159.516,183.656,15.0469,15.75,852.517,71.25,1.248,0.794668,1.936,95.25,8.62745,8.62745,-0.75,0.703125,0,15.75,15.75,-12
26.467,0,0,0,0,1.26178,0.99997,1.08197,3,1.02271,1,0.820314,0,0.820314,0.893312,0,0,17.3611,17.75,29.8889,6027.5,970,273.828,970,1351.91,15.1406,159.188,184.852,15.4219,15.75,852.517,71.25,1.292,0.829334,1.98,95.25,8.62745,8.62745,-0.75,0.8125,0,15,15,-12.75
26.5,0,0,0,0,1.23962,0.99997,1.0911,3,1.02271,1,0.820314,0,0.820314,0.887941,0,0,17.4722,17.3056,29.5556,6004.75,970,274.648,970,1328.16,15.2344,159.188,184.852,15.0938,15.75,852.224,71.25,1.3,0.837334,1.988,95.25,8.62745,9.01961,-0.75,0.96875,0,15,15,-12.75
26.533,0,0,0,0,1.21991,0.99997,1.10117,3,1.03076,1,0.820314,0,0.820314,0.882326,0,0,17.3611,17.6111,30.25,5977.25,970,275.313,970,1307.03,15.3047,160.594,186.211,15.4453,15.75,852.224,69.75,1.324,0.845334,2.012,95.25,9.01961,9.01961,-0.75,0.984375,0,14.25,14.25,-13.5
26.567,0,0,0,0,1.20758,0.99997,1.10861,3,1.03076,1,0.820314,0,0.820314,0.882326,0,0,17.4167,17.4445,30.0556,5955.75,970,275.938,970,1293.83,15.3516,160.242,187.289,15.3516,15.75,852.224,69.75,1.328,0.856001,2.016,95.25,9.01961,9.01961,-0.75,1.03125,0,14.25,14.25,-13.5
26.6,0,0,0,0,1.19769,0.99997,1.11462,3,1.03076,1,0.820314,0,0.820314,0.879152,0,0,17.4722,17.4445,30.4445,5935.75,970,276.758,970,1283.24,15.4219,160.242,187.289,15.3984,15,852.224,69.75,1.34,0.866668,2.028,95.25,9.01961,9.01961,-0.75,0.921875,0,14.25,14.25,-12.75
26.633,0,0,0,0,1.18286,0.99997,1.1228,3,1.03882,1,0.820314,0,0.820314,0.874513,0,0,17.4167,17.3333,30.3056,5909,970,276.875,970,1267.38,15.4453,160.594,188.484,15.375,15,852.224,69,1.34,0.872001,2.028,95.25,9.01961,8.62745,-0.75,1.5,0,14.25,14.25,-12
26.667,0,0,0,0,1.17548,0.99997,1.12872,3,1.03882,1,0.820314,0,0.820314,0.870851,0,0,17.1667,16.8056,29.8611,5881,970,274.688,970,1259.45,15.2578,161.648,189.727,14.9766,15,852.224,69,1.336,0.858668,2.024,95.25,9.01961,8.62745,-0.75,0.78125,0,14.25,14.25,-12
26.7,0,0,0,0,1.16815,0.99997,1.13397,3,1.03882,1,0.820314,0,0.820314,0.867921,0,0,16.8889,16.5,29.1945,5863.75,970,271.016,970,1251.56,14.9063,161.648,189.727,14.7422,15,851.951,69,1.324,0.850668,2.012,95.25,8.62745,9.01961,-0.75,1.3125,0,15,15,-11.25
26.733,0,0,0,0,1.16071,0.99997,1.14002,3,1.04297,1,0.820314,0,0.820314,0.863283,0,0,16.5278,16.3889,28.25,5830.75,970,269.492,970,1243.63,14.7656,163.055,190.547,14.6953,15,851.951,69,1.32,0.842668,2.016,95.25,9.01961,9.01961,-0.75,0.765625,0,14.25,14.25,-12
26.767,0,0,0,0,1.15082,0.99997,1.14404,3,1.04297,1,0.820314,0,0.820314,0.858888,0,0,16.3056,16.4445,29,5812.75,970,268.789,970,1233.05,14.7188,163.055,191.695,14.8125,15,851.951,69,1.328,0.848001,2.024,95.25,9.01961,9.01961,-0.75,0.5,0,14.25,14.25,-12
26.8,0,0,0,0,1.14343,0.99997,1.14758,3,1.04297,1,0.820314,0,0.820314,0.854249,0,0,16.3056,16.3333,28.9167,5789.25,970,269.414,970,1225.12,14.7656,163.055,191.695,14.7656,15,851.951,69,1.332,0.853334,2.028,95.25,9.01961,9.01961,-0.75,0.921875,0,14.25,14.25,-11.25
26.833,0,0,0,0,1.13361,0.99997,1.15091,3,1.04883,1,0.820314,0,0.820314,0.848634,0,0,16.25,16.1945,27.6945,5772.5,970,268.867,970,1214.57,14.7188,164.461,192.82,14.6719,15,851.951,69,1.328,0.853334,2.016,95.25,9.01961,9.01961,-0.75,0.859375,0,14.25,14.25,-11.25
26.867,0,0,0,0,1.14594,0.99997,1.15378,3,1.04883,1,0.820314,0,0.820314,0.846925,0,0,16.25,16.4722,18.8611,5754.75,970,270,970,1227.77,14.8359,165.516,193.828,14.9766,15,851.951,69,1.348,0.864001,2.036,95.25,9.01961,9.01961,-0.75,0.765625,0,14.25,14.25,-11.25
26.9,0,0,0,0,1.14594,0.99997,1.15549,3,1.04883,1,0.820314,0,0.820314,0.843995,0,0,16.25,16.5556,18.1667,5732.75,970,271.68,970,1227.77,14.9531,165.516,193.828,15.1172,15,851.58,69,1.364,0.869334,2.052,95.25,9.01961,9.01961,-0.75,1.26563,0,14.25,14.25,-11.25
26.933,0,0,0,0,1.13605,0.99997,1.15909,3,1.05176,1,0.820314,0,0.820314,0.843995,0,0,16.3056,16.1945,16.5556,5706.5,970,271.758,970,1217.19,14.9766,165.867,195.047,14.8594,15,851.58,69,1.36,0.874668,2.048,95.25,9.01961,9.01961,-0.75,0.953125,0,13.5,13.5,-11.25
26.967,0,0,0,0,1.13941,0.99997,1.16202,3,1.05176,1,0.820314,0,0.820314,0.844972,0,0,16.1945,16.2778,17.3333,5681.75,970,271.484,970,1217.19,14.9531,165.516,195.914,15,15,851.58,69,1.368,0.869334,2.056,95.25,9.01961,9.01961,-0.75,0.953125,0,13.5,13.5,-11.25
27,0,0,0,0,1.13941,0.99997,1.16513,3,1.05176,1,0.820314,0,0.820314,0.844972,0,0,16.1945,16.25,17.1667,5664.5,970,271.602,970,1214.57,14.9531,165.516,195.914,15,15,851.58,69,1.372,0.874668,2.06,95.25,9.01961,9.01961,-0.75,1.25,0,13.5,13.5,-11.25
27.033,0,0,0,0,1.13837,0.99997,1.16904,3,1.05713,1,0.820314,0,0.820314,0.843263,0,0,16.1389,16.2778,16.9167,5648.5,970,273.945,970,1209.3,15.1875,166.922,196.242,16.2188,15,851.58,68.25,1.44,0.877334,2.128,95.25,9.01961,9.01961,-0.75,1.59375,0,13.5,13.5,-11.25
27.067,0,0,0,0,1.1416,0.99997,1.17136,3,1.05713,1,0.820314,0,0.820314,0.839601,0,0,16.7778,16.1111,17.4722,5628.5,970,280.195,970,1209.3,15.75,168.328,196.734,16.2422,15,851.58,68.25,1.468,0.920001,2.156,95.25,8.62745,9.01961,-0.75,1.15625,0,12.75,12.75,3
27.1,0,0,0,0,1.1391,0.99997,1.17285,3,1.05713,1,0.820314,0,0.820314,0.835695,0,0,16.8333,16.0833,16.2222,5607.25,970,279.688,970,1203.98,15.7031,168.328,196.734,15.7734,15,851.384,68.25,1.444,0.912001,2.132,95.25,9.01961,8.62745,-0.75,1.32813,0,12.75,12.75,2.25
27.133,0,0,0,0,1.13849,0.99997,1.17279,3,1.05982,1,0.820314,0,0.820314,0.826661,0,0,16.8333,15.8889,15.4722,5579.25,970,277.539,970,1201.37,15.5156,168.328,197.273,14.7422,15,851.384,68.25,1.392,0.917334,2.08,95.25,8.62745,8.62745,-0.75,1.71875,0,12,12,1.5
27.167,0,0,0,0,1.13593,0.99997,1.17142,3,1.05982,1,0.820314,0,0.820314,0.819337,0,0,16.5833,15.8889,16.1389,5558.5,970,278.242,970,1198.71,15.5859,169.734,197.695,15.3281,15,851.384,68.25,1.424,0.922668,2.112,95.25,8.62745,8.62745,-0.75,1,0,17.25,17.25,17.25
27.2,0,0,0,0,1.133,0.99997,1.16632,3,1.05982,1,0.820314,0,0.820314,0.804445,0,0,16.6389,15.9445,15.5833,5547.25,970,279.063,970,1193.44,15.6563,169.734,197.695,15.3047,15,851.384,68.25,1.412,0.930668,2.1,95.25,8.62745,8.62745,-0.75,1.51563,0,17.25,17.25,17.25
27.233,0,0,0,0,1.13226,0.99997,1.15952,3,1.06494,1,0.820314,0,0.820314,0.792726,0,0,16.5833,15.8333,15.5,5523.75,970,276.445,970,1190.78,15.4219,169.734,198.141,14.9063,15,851.384,68.25,1.376,0.925334,2.064,95.25,8.62745,8.62745,-0.75,1.01563,0,15,15,15
27.267,0,0,0,0,1.12976,0.99997,1.1532,3,1.06494,1,0.820314,0,0.820314,0.78882,0,0,16.0833,15.7778,15.5833,5503.5,970,275.508,970,1188.16,15.3281,171.07,198.656,15.2344,15,851.384,68.25,1.392,0.882668,2.08,95.25,8.62745,8.62745,-0.75,0.8125,0,17.25,17.25,17.25
27.3,0,0,0,0,1.12787,0.99997,1.14563,3,1.06494,1,0.820314,0,0.820314,0.782716,0,0,16.0278,15.6111,15.4722,5486.25,970,274.18,970,1185.51,15.2344,171.07,198.656,15.1406,14.25,850.955,68.25,1.38,0.880001,2.068,95.25,8.62745,8.62745,-0.75,1.29688,0,17.25,17.25,17.25
27.333,0,0,0,0,1.12653,0.99997,1.13821,3,1.06763,1,0.820314,0,0.820314,0.783448,0,0,16.0278,15.6667,15.2778,5468.25,970,273.789,970,1182.85,15.2578,171.094,198.75,14.8125,14.25,850.955,68.25,1.344,0.882668,2.04,95.25,8.62745,8.2353,-0.75,0.703125,0,11.25,11.25,8.25
27.367,0,0,0,0,1.12396,0.99997,1.13361,3,1.06763,1,0.820314,0,0.820314,0.787355,0,0,15.5556,14.9167,15.3333,5446.5,970,271.055,970,1180.23,15,172.031,198.82,15.2578,14.25,850.955,68.25,1.368,0.861334,2.064,95.25,8.2353,8.2353,-0.75,1.01563,0,12,12,9
27.4,0,0,0,0,1.1239,0.99997,1.12912,3,1.06763,1,0.820314,0,0.820314,0.78882,0,0,15.1945,14.4445,12.8333,5423.75,970,259.414,970,1180.23,13.9688,172.031,198.82,12.5625,14.25,850.955,68.25,1.208,0.810668,1.904,95.25,7.84314,8.2353,-0.75,0.953125,0,13.5,13.5,13.5
27.433,0,0,0,0,1.11762,0.99997,1.12586,4,1.06909,1,0.820314,0,0.820314,0.793702,0,0,14.6389,14.5,14.7778,5404.25,970,263.789,970,1174.92,14.4375,172.453,198.867,14.6719,14.25,850.955,68.25,1.32,0.834668,2.008,95.25,8.2353,8.2353,-0.75,0.4375,0,12,12,-3
27.467,0,0,0,0,1.1156,0.99997,1.12427,4,1.06909,1,0.820314,0,0.820314,0.798341,0,0,14.3889,14.5833,13.7778,5380,970,259.102,970,1172.3,13.9922,171.961,198.961,13.875,14.25,850.955,68.25,1.26,0.784001,1.948,95.25,8.2353,8.2353,-0.75,0.734375,0,12,12,-3
27.5,0,0,0,0,1.11255,0.99997,1.12418,4,1.06909,1,0.820314,0,0.820314,0.805421,0,0,14.3333,14.4445,13.5556,5357,970,257.227,970,1169.65,13.9219,171.961,198.961,13.8047,14.25,850.31,68.25,1.26,0.770668,1.948,95.25,8.2353,8.2353,-0.75,1,0,12,12,-3
27.533,0,0,0,0,1.1095,0.99997,1.12625,4,1.06958,1,0.820314,0,0.820314,0.818361,0,0,14.3889,14.3889,14.1945,5337,970,259.766,970,1167.03,14.2031,173.367,199.008,14.3672,14.25,850.31,68.25,1.304,0.805334,1.996,95.25,8.2353,8.2353,-0.75,0.796875,0,11.25,11.25,-3.75
27.567,0,0,0,0,1.10736,0.99997,1.12955,4,1.06958,1,0.820314,0,0.820314,0.826661,0,0,14.3889,14.3056,13.4722,5316.25,970,259.219,970,1164.38,14.1563,174.797,199.078,14.0156,14.25,850.31,68.25,1.292,0.792001,1.984,95.25,8.2353,8.2353,-0.75,1.3125,0,32.25,32.25,42
27.6,0,0,0,0,1.1037,0.99997,1.13483,4,1.06958,1,0.820314,0,0.820314,0.836671,0,0,13.9722,14.3333,13.5556,5300.25,970,255.82,970,1161.72,13.8281,174.797,199.078,14.0156,14.25,850.31,68.25,1.288,0.757334,1.98,95.25,8.2353,8.2353,-0.75,0.578125,0,31.5,31.5,42
27.633,0,0,0,0,1.10101,0.99997,1.14185,4,1.07007,1,0.820314,0,0.820314,0.843995,0,0,14.2222,14.3056,13.0556,5287.25,970,256.406,970,1159.1,13.9219,176.063,199.125,13.4063,14.25,850.31,67.5,1.276,0.802668,1.984,95.25,8.2353,8.2353,-0.75,1,0,31.5,31.5,42
27.667,0,0,0,0,1.09564,0.99997,1.14713,4,1.07007,1,0.820314,0,0.820314,0.844972,0,0,13.6389,14.1945,13.3333,5271.25,970,253.203,970,1156.45,13.6641,174.727,199.148,13.8984,14.25,850.31,67.5,1.292,0.786668,2,95.25,8.2353,8.2353,-0.75,1.0625,0,31.5,31.5,41.25
27.7,0,0,0,0,1.09503,0.99997,1.15289,4,1.07007,1,0.820314,0,0.820314,0.847658,0,0,13.6945,14.2222,14.0556,5265,970,255.938,970,1156.45,13.9219,174.727,199.148,14.2969,14.25,849.822,67.5,1.336,0.797334,2.044,95.25,8.2353,8.2353,-0.75,0.8125,0,31.5,31.5,41.25
27.733,0,0,0,0,1.0932,0.99997,1.15906,4,1.07398,1,0.820314,0,0.820314,0.848634,0,0,14.2222,14.1945,13.3056,5238.25,970,256.445,970,1153.79,14.0156,176.016,199.195,13.5703,14.25,849.822,67.5,1.308,0.813334,2.016,95.25,8.2353,8.2353,-0.75,0.765625,0,29.25,29.25,29.25
27.767,0,0,0,0,1.09125,0.99997,1.16376,4,1.07398,1,0.820314,0,0.820314,0.850587,0,0,13.6945,14.1389,13.1111,5228.25,970,252.773,970,1153.79,13.6875,177.398,199.242,13.3594,14.25,849.822,67.5,1.288,0.786668,1.996,95.25,8.2353,8.2353,-0.75,1.25,0,31.5,31.5,41.25
27.8,0,0,0,0,1.08753,0.99997,1.16681,4,1.07398,1,0.820314,0,0.820314,0.847658,0,0,13.6945,14.1111,13.3611,5215.5,970,253.438,970,1151.17,13.8047,177.398,199.242,13.6641,14.25,849.822,67.5,1.316,0.805334,2.024,95.25,8.2353,8.2353,-0.75,1.15625,0,31.5,31.5,41.25
27.833,0,0,0,0,1.08148,0.99997,1.16953,4,1.08008,1,0.820314,0,0.820314,0.838624,0,0,13.6389,13.9722,13.4445,5189.25,970,254.219,970,1145.9,13.8984,177.398,199.289,14.1797,14.25,849.822,67.5,1.344,0.792001,2.044,95.25,8.2353,8.2353,-0.75,1.3125,0,10.5,10.5,-6.75
27.867,0,0,0,0,1.08057,0.99997,1.17102,4,1.08008,1,0.820314,0,0.820314,0.833986,0,0,13.75,13.9445,13.3611,5172.25,970,254.297,970,1145.9,13.9922,177.234,199.359,13.7578,14.25,849.822,67.5,1.336,0.824001,2.036,95.25,8.2353,8.2353,-0.75,0.5,0,10.5,10.5,-6.75
27.9,0,0,0,0,1.08008,0.99997,1.17093,4,1.08008,1,0.820314,0,0.820314,0.830324,0,0,13.8056,13.9445,13.4167,5151,970,253.203,970,1145.9,13.8984,177.234,199.359,13.6875,14.25,848.748,67.5,1.328,0.824001,2.028,95.25,8.2353,8.2353,-0.75,1.01563,0,10.5,10.5,-6.75
27.933,0,0,0,0,1.07654,0.99997,1.17123,4,1.08301,1,0.820314,0,0.820314,0.82837,0,0,13.6945,13.8889,13.4722,5129,970,253.984,970,1143.24,14.0391,177.258,199.406,14.1328,14.25,848.748,67.5,1.36,0.816001,2.068,95.25,8.2353,8.2353,-0.75,0.9375,0,10.5,10.5,-7.5
27.967,0,0,0,0,1.07611,0.99997,1.17123,4,1.08301,1,0.820314,0,0.820314,0.827638,0,0,13.8056,13.8056,13.8889,5107.25,970,255.625,970,1143.24,14.25,178.57,199.477,14.2266,14.25,848.748,67.5,1.38,0.832001,2.088,95.25,8.2353,7.84314,-0.75,1.03125,0,9.75,9.75,-7.5
28,0,0,0,0,1.07483,0.99997,1.17181,4,1.08301,1,0.820314,0,0.820314,0.827638,0,0,13.9722,13.8889,12.9722,5096.75,970,255,970,1140.59,14.2031,178.57,199.477,13.5234,14.25,848.748,67.5,1.34,0.848001,2.048,95.25,8.2353,7.84314,-0.75,1.125,0,22.5,22.5,22.5
28.033,0,0,0,0,1.07208,0.99997,1.17227,4,1.08838,1,0.820314,0,0.820314,0.825685,0,0,13.8611,13.8333,12.8056,5075.25,970,253.633,970,1137.97,14.1094,179.93,199.523,13.3594,14.25,848.748,67.5,1.328,0.826668,2.028,95.25,7.84314,7.84314,-0.75,0.671875,0,27.75,27.75,27.75
28.067,0,0,0,0,1.07105,0.99997,1.17069,4,1.08838,1,0.820314,0,0.820314,0.817384,0,0,13.4722,13.7222,13.0556,5066.5,970,251.289,970,1137.97,13.9688,179.836,199.57,13.5234,14.25,848.748,67.5,1.336,0.813334,2.036,95.25,8.2353,7.84314,-0.75,0.984375,0,9.75,9.75,-8.25
28.1,0,0,0,0,1.06775,0.99997,1.16727,4,1.08838,1,0.820314,0,0.820314,0.804445,0,0,13.5278,13.6667,12.8611,5051.25,970,250.195,970,1135.31,13.8516,179.836,199.57,13.5469,14.25,847.771,67.5,1.328,0.824001,2.028,95.25,7.84314,7.84314,-0.75,0.71875,0,30,30,31.5
28.133,0,0,0,0,1.06409,0.99997,1.16223,4,1.09107,1,0.820314,0,0.820314,0.796876,0,0,13.4167,13.6111,12.75,5033.5,970,250.938,970,1132.66,13.9688,179.813,199.617,13.5703,14.25,847.771,67.5,1.324,0.837334,2.024,95.25,7.84314,7.84314,-0.75,0.515625,0,9.75,9.75,-8.25
28.167,0,0,0,0,1.06354,0.99997,1.15778,4,1.09107,1,0.820314,0,0.820314,0.796876,0,0,13.3611,13.6111,13.2778,5017.5,970,250.82,970,1132.66,13.9688,180.727,199.641,13.9453,14.25,847.771,67.5,1.352,0.810668,2.052,95.25,7.84314,7.84314,-0.75,1.21875,0,25.5,25.5,25.5
28.2,0,0,0,0,1.06036,0.99997,1.15311,4,1.09107,1,0.820314,0,0.820314,0.796876,0,0,13.3056,13.5556,13,5011.5,970,249.492,970,1130.04,13.8516,180.727,199.641,14.0625,14.25,847.771,67.5,1.344,0.810668,2.044,95.25,7.84314,7.84314,-0.75,0.734375,0,30,30,40.5
28.233,0,0,0,0,1.06,0.99997,1.14969,4,1.09619,1,0.820314,0,0.820314,0.80005,0,0,13.4167,13.5556,13.5,4985.75,970,252.305,970,1130,14.1563,181.102,199.688,13.8281,14.25,847.771,67.5,1.34,0.818668,2.048,95.25,7.84314,7.84314,-0.75,0.5625,0,28.5,28.5,28.5
28.267,0,0,0,0,1.05982,0.99997,1.14822,4,1.09619,1,0.820314,0,0.820314,0.803712,0,0,13.3056,13.4722,13.3333,4974.25,970,250.625,970,1130.04,13.9922,180.164,199.664,13.8516,14.25,847.771,67.5,1.332,0.808001,2.04,95.25,7.84314,7.84314,-0.75,0.390625,0,9,9,-9
28.3,0,0,0,0,1.0567,0.99997,1.14615,4,1.09619,1,0.820314,0,0.820314,0.803712,0,0,13.2222,13.5,13.6389,4950.25,970,251.953,970,1127.38,14.1094,180.164,199.664,14.6484,14.25,846.814,67.5,1.372,0.808001,2.08,95.25,7.84314,7.84314,-0.75,0.96875,0,9,9,-9
28.333,0,0,0,0,1.05505,0.99997,1.14423,4,1.09888,1,0.820314,0,0.820314,0.804445,0,0,13.5278,13.4167,13.75,4924.25,970,256.563,970,1124.77,14.4844,180,199.641,14.9531,14.25,846.814,67.5,1.396,0.837334,2.112,95.25,7.84314,7.84314,-0.75,0.5625,0,9,9,-9
28.367,0,0,0,0,1.05548,0.99997,1.14398,4,1.09888,1,0.820314,0,0.820314,0.807374,0,0,13.4167,13.4167,13.4445,4909.75,970,255.195,970,1124.77,14.3203,179.484,199.617,14.4141,14.25,846.814,67.5,1.36,0.810668,2.076,95.25,7.84314,7.84314,-0.75,0.25,0,9,9,-9
28.4,0,0,0,0,1.05335,0.99997,1.14282,4,1.09888,1,0.820314,0,0.820314,0.809083,0,0,13.5278,13.3056,13.5556,4889.75,970,258.945,970,1122.11,14.6484,179.484,199.617,14.7422,14.25,846.814,67.5,1.388,0.837334,2.104,95.25,7.84314,7.84314,-0.75,0.359375,0,9,9,-9
28.433,0,0,0,0,1.05219,0.99997,1.14142,4,1.10425,1,0.820314,0,0.820314,0.809083,0,0,13.5833,13.3056,13.3611,4867.75,970,259.961,970,1119.45,14.6953,178.828,199.594,14.7891,14.25,846.814,67.5,1.396,0.845334,2.112,95.25,7.84314,7.84314,-0.75,0.234375,0,26.25,26.25,26.25
28.467,0,0,0,0,1.0528,0.99997,1.1405,4,1.10425,1,0.820314,0,0.820314,0.808107,0,0,13.2222,13.25,13.0278,4860.5,970,255.898,970,1119.45,14.3438,180.188,199.57,14.5313,14.25,846.814,67.5,1.364,0.808001,2.08,95.25,7.84314,7.84314,-0.75,0.828125,0,22.5,22.5,22.5
28.5,0,0,0,0,1.05274,0.99997,1.13724,4,1.10425,1,0.820314,0,0.820314,0.801759,0,0,13.2778,13.25,12.75,4842.5,970,255.625,970,1119.45,14.3203,180.188,199.57,13.8281,14.25,845.662,67.5,1.324,0.842668,2.04,95.25,7.84314,7.84314,-0.75,0.03125,0,28.5,28.5,28.5
28.533,0,0,0,0,1.05042,0.99997,1.13126,4,1.10669,1,0.820314,0,0.820314,0.792726,0,0,13.1111,13.1667,13.1667,4831.5,970,254.219,970,1116.84,14.1563,179.086,199.57,14.4375,14.25,845.662,66.75,1.34,0.805334,2.032,95.25,7.84314,7.84314,-0.75,0.28125,0,23.25,23.25,23.25
28.567,0,0,0,0,1.04663,0.99997,1.12582,4,1.10669,1,0.820314,0,0.820314,0.788087,0,0,12.7778,13.0833,12.5,4823.75,970,251.641,970,1114.18,13.9453,179.227,199.547,13.9688,14.25,845.662,66.75,1.3,0.776001,1.992,95.25,7.84314,7.84314,-0.75,0.15625,0,8.25,8.25,-9
28.6,0,0,0,0,1.04553,0.99997,1.11936,4,1.10669,1,0.820314,0,0.820314,0.784181,0,0,12.7778,13.0833,12.8611,4803,970,252.148,970,1114.18,13.9688,179.227,199.547,14.1328,14.25,845.662,66.75,1.3,0.776001,1.992,95.25,7.84314,7.84314,-0.75,0.703125,0,28.5,28.5,40.5
28.633,0,0,0,0,1.04517,0.99997,1.11154,4,1.11206,1,0.820314,0,0.820314,0.784181,0,0,12.8889,13,13.0833,4779.25,970,254.766,970,1114.18,14.1563,178.57,199.523,14.3438,14.25,845.662,66.75,1.308,0.797334,2.008,95.25,7.84314,7.84314,-0.75,0.453125,0,8.25,8.25,-9
28.667,0,0,0,0,1.04498,0.99997,1.10919,4,1.11206,1,0.820314,0,0.820314,0.791993,0,0,13.0556,13.0833,12.6945,4777,970,255.664,970,1114.18,14.25,178.313,199.523,13.6641,14.25,845.662,66.75,1.28,0.810668,1.98,95.25,7.84314,7.84314,-0.75,-0.125,0,8.25,8.25,-9
28.7,0,0,0,0,1.04199,0.99997,1.10825,4,1.11206,1,0.820314,0,0.820314,0.802736,0,0,12.8333,12.9722,12.5278,4756.5,970,253.867,970,1111.52,14.0625,178.313,199.523,13.9453,14.25,844.666,66.75,1.28,0.776001,1.98,95.25,7.84314,7.84314,-0.75,0.0625,0,29.25,29.25,40.5
28.733,0,0,0,0,1.0423,0.99997,1.10825,4,1.1145,1,0.820314,0,0.820314,0.811769,0,0,12.8333,12.9167,12.5833,4735.5,970,255.039,970,1111.52,14.1328,177.75,199.5,13.8281,14.25,844.666,66.75,1.28,0.781334,1.972,95.25,7.84314,7.45098,-0.75,0.03125,0,8.25,8.25,-5.25
28.767,0,0,0,0,1.03919,0.99997,1.11255,4,1.1145,1,0.820314,0,0.820314,0.818361,0,0,12.7778,12.8889,12.8611,4722.75,970,256.563,970,1108.91,14.2266,177.234,199.477,14.6016,14.25,844.666,66.75,1.328,0.805334,2.02,95.25,7.84314,7.45098,-0.75,0.546875,0,8.25,8.25,-5.25
28.8,0,0,0,0,1.03998,0.99997,1,4,1.1145,1,0.820314,0,0.820314,0.819337,0,0,12.8333,12.8611,13,4704.25,970,258.672,970,1108.91,14.4141,177.234,199.477,14.5547,14.25,844.666,66.75,1.196,0.808001,1.888,95.25,7.84314,7.45098,-0.75,-0.234375,0,8.25,8.25,-5.25
28.833,0,0,0,0,1.03558,0.99997,1,4,1.11987,1,0.820314,0,1.04688,0.825685,0,0,12.8333,12.8056,12.75,4665.5,970,261.484,970,1103.63,14.625,176.672,199.453,15,14.25,844.666,66.75,0.956,0.562667,1.648,95.25,7.84314,7.45098,-0.75,0.109375,0,7.5,7.5,48
28.867,0,0,0,0,1.03937,0.99997,1,4,1.11987,1,0.820314,0,1.04688,0.82837,0,0,12.7778,12.7778,12.2778,4624.5,970,260.547,970,1106.25,14.5547,175.266,199.406,13.6875,14.25,844.666,66.75,0.912,0.554667,1.604,95.25,7.84314,7.45098,-0.75,-0.015625,0,7.5,7.5,48
28.9,0,0,0,0,1.03406,0.99997,1,4,1.11987,1,0.820314,0,1.04688,0.860597,0,0,12.7222,12.6945,13.1667,4585,970,265.195,970,1100.98,14.8594,175.266,199.406,15.6094,14.25,839.861,66.75,0.98,0.589334,1.672,95.25,7.45098,7.45098,-0.75,0.359375,0,7.5,7.5,48
28.933,0,0,0,0,1.03857,0.99997,1,4,1.12622,1,0.820314,0,1.04688,0.987306,0,0,12.7222,12.6945,12.25,4528.25,970,263.047,970,1103.63,14.5781,174.844,199.359,14.0391,14.25,839.861,66.75,0.92,0.578667,1.612,95.25,7.45098,7.45098,-0.75,0.109375,0,7.5,7.5,48
28.967,0,0,0,0,1.03546,0.99997,1,4,1.12622,1,0.820314,0,1.04688,1.08765,0,0,12.5833,12.5833,12.7222,4477.5,970,265.273,970,1100.98,14.6719,173.109,199.313,15.1641,14.25,839.861,66.75,0.948,0.586667,1.64,95.25,7.45098,7.45098,-0.75,-0.09375,0,6.75,6.75,47.25
29,0,0,0,0,1.03565,0.99997,1,4,1.12622,1,0.820314,0,1.04688,1.36475,0,0,12.5833,12.6667,13,4440.25,970,268.828,970,1100.98,14.9766,173.109,199.313,15.5156,14.25,839.861,66.75,0.968,0.592001,1.66,95.25,7.45098,7.45098,-0.75,0.015625,0,6.75,6.75,47.25
29.033,0,0,0,0,1.03888,0.99997,1,4,1.13355,1,0.820314,0,1.04688,1.81104,0,0,12.5278,12.1111,12.6389,4382.75,970,268.984,970,1103.59,14.8828,171.984,199.195,14.5547,14.25,839.861,66.75,0.948,0.586667,1.64,95.25,7.05883,7.05883,-0.75,0.15625,0,6.75,6.75,47.25
29.067,0,0,0,0,1.03674,0.99997,1,4,1.13355,1,0.820314,0,1.04688,2.01783,0,0,12.1945,12.0278,11.9167,4342,970,266.445,970,1100.98,14.6719,170.203,199.055,14.6016,14.25,839.861,66.75,0.932,0.573334,1.624,95.25,7.05883,7.05883,-0.75,0.15625,0,6.75,6.75,47.25
29.1,0,0,0,0,1.03381,0.99997,1,4,1.13355,1,0.820314,0,1.04688,2.24097,0,0,11.9722,11.9167,11.9445,4304,970,268.438,970,1098.32,14.7422,170.203,199.055,15.0703,14.25,835.271,66.75,0.956,0.578667,1.648,95.25,7.05883,7.05883,-0.75,-0.546875,0,6.75,6.75,47.25
29.133,0,0,0,0,1.0379,0.99997,1,4,1.14087,1,0.820314,0,1.04688,2.83326,0,0,11.9722,11.8889,12.3333,4249.75,970,269.297,970,1100.98,14.7188,169.242,198.961,15.0703,14.25,835.271,66.75,0.948,0.576001,1.64,95.25,7.05883,7.05883,-0.75,0.03125,0,6.75,6.75,47.25
29.167,0,0,0,0,1.03772,0.99997,1,4,1.14087,1,0.820314,0,1.04688,3.40772,0,0,11.7222,11.6111,11.6111,4208.75,970,268.047,970,1100.98,14.5078,167.367,198.844,14.4141,14.25,835.271,66.75,0.92,0.573334,1.612,95.25,7.05883,7.05883,-0.75,-0.15625,0,6,6,47.25
29.2,0,0,0,0,1.03528,0.99997,1,4,1.14087,1,0.820314,0,1.04688,3.75635,0,0,11.6667,11.4167,10.8333,4169.5,970,268.008,970,1098.32,14.5078,167.367,198.844,13.9453,14.25,835.271,66.75,0.912,0.589334,1.604,95.25,6.66667,6.66667,-0.75,-0.078125,0,6,6,47.25
29.233,0,0,0,0,1.03552,0.99997,1,4,1.1482,1,0.820314,0,1.04688,4.03321,0,0,11.3333,11.4167,11.4722,4116.75,970,268.594,970,1098.32,14.4609,166.242,198.727,14.6719,14.25,835.271,66.75,0.924,0.568001,1.624,95.25,6.66667,6.66667,-0.75,-0.21875,0,6,6,47.25
29.267,0,0,0,0,1.03528,0.99997,1,4,1.1482,1,0.820314,0,1.04688,4.39991,0,0,11.25,11.3333,11.4445,4077,970,268.984,970,1098.32,14.4844,166.289,198.609,14.9297,14.25,835.271,66.75,0.932,0.576001,1.632,95.25,6.66667,6.66667,-0.75,0.078125,0,6,6,47.25
29.3,0,0,0,0,1.03259,0.99997,1,4,1.1482,1,0.820314,0,1.04688,4.89991,0,0,11.0833,11.25,11,4039.75,970,268.828,970,1095.7,14.4141,166.289,198.609,14.9297,14.25,830.974,66.75,0.932,0.560001,1.632,95.25,6.66667,6.66667,-0.75,-0.296875,0,6,6,47.25
29.333,0,0,0,0,1.034,0.99997,1,4,1.14038,1,0.820314,0,1.04688,5.00001,0,0,11.1945,10.9722,10.3333,3980.75,970,271.68,970,1095.7,14.5547,164.859,198.516,13.7109,14.25,830.974,66.75,0.904,0.584001,1.584,96,6.27451,6.27451,-0.75,-0.03125,0,6,6,47.25
29.367,0,0,0,0,1.03058,0.99997,1,4,1.14038,1,0.820314,0,1.04688,5.00001,0,0,10.8056,10.8611,10.5833,3941,970,270,970,1093.05,14.4141,163.617,198.281,14.6016,14.25,830.974,66.75,0.92,0.576001,1.6,96,6.27451,6.27451,-0.75,0,0,5.25,5.25,47.25
29.4,0,0,0,0,1.03247,0.99997,1,4,1.14038,1,0.820314,0,1.04688,5.00001,0,0,10.8056,10.7778,10.6111,3903,970,270.547,970,1095.7,14.4609,163.617,198.281,14.1563,14.25,830.974,66.75,0.912,0.578667,1.592,96,6.27451,6.27451,-0.75,-0.0625,0,5.25,5.25,47.25
29.433,0,0,0,0,1.02551,0.99997,1,5,1.13428,1,0.820314,0,1.04688,5.00001,0,0,10.3889,10.6389,11.1389,3857,970,268.828,970,1090.39,14.4141,163.195,198.023,16.0781,14.25,830.974,66.75,0.96,0.538667,1.64,96,6.27451,6.27451,-0.75,0.078125,0,5.25,5.25,47.25
29.467,0,0,0,0,1.03009,0.99997,1,5,1.13428,1,0.820314,0,1.04688,5.00001,0,0,10.6111,10.5,9.6389,3816.75,970,268.828,970,1093.05,14.5078,163.078,197.719,13.2891,14.25,830.974,66.75,0.9,0.565334,1.58,96,6.27451,6.27451,-0.75,-0.4375,0,5.25,5.25,47.25
29.5,0,0,0,0,1.02704,0.99997,1,5,1.13428,1,0.820314,0,1.04688,5.00001,0,0,10.4445,10.3889,10.0833,3785.25,970,267.305,970,1090.39,14.3906,163.078,197.719,14.4844,14.25,826.912,66.75,0.924,0.568001,1.604,96,5.88235,6.27451,-0.75,0.171875,0,5.25,5.25,47.25
29.533,0,0,0,0,1.02771,0.99997,1,5,1.11841,1,0.820314,0,1.04688,5.00001,0,0,10.4445,10.25,9.77779,3735.5,970,268.516,970,1090.39,14.5547,162.656,197.461,13.8281,14.25,826.912,66.75,0.912,0.586667,1.592,96,5.88235,5.88235,-0.75,-0.21875,0,5.25,5.25,48
29.567,0,0,0,0,1.0246,0.99997,1,5,1.11841,1,0.820314,0,1.04688,5.00001,0,0,10.1111,10.1945,10.2778,3694.5,970,267.227,970,1087.77,14.5313,161.977,197.156,14.9766,14.25,826.912,66.75,0.948,0.565334,1.648,96,5.88235,5.88235,-0.75,-0.0625,0,5.25,5.25,48
29.6,0,0,0,0,1.02625,0.99997,1,5,1.11841,1,0.820314,0,1.04688,5.00001,0,0,10.2778,10.1111,9.47223,3654.5,970,267.461,970,1087.77,14.5547,161.977,197.156,13.6406,14.25,826.912,66.75,0.908,0.573334,1.608,96,5.88235,5.88235,-0.75,0.0625,0,5.25,5.25,48
29.633,0,0,0,0,1.0199,0.99997,1,5,1.10571,1,0.820314,0,1.04688,5.00001,0,0,9.91667,9.8889,10.0833,3602.5,970,266.719,970,1082.5,14.5781,161.391,196.898,15.3516,14.25,826.912,66.75,0.956,0.554667,1.656,96,5.88235,5.88235,-0.75,-0.375,0,5.25,5.25,48
29.667,0,0,0,0,1.01972,0.99997,1,5,1.10571,1,0.820314,0,1.04688,5.00001,0,0,9.86112,9.77779,9.22223,3572.5,970,264.531,970,1082.5,14.3906,160.734,196.641,13.9219,14.25,826.912,66.75,0.908,0.562667,1.608,96,5.88235,5.88235,-0.75,0.25,0,5.25,5.25,48
29.7,0,0,0,0,1.01917,0.99997,1,5,1.10571,1,0.820314,0,1.04688,5.00001,0,0,9.75001,9.30556,9.02778,3531.25,970,262.031,970,1082.5,14.2969,160.734,196.641,13.5469,14.25,823.045,66.75,0.904,0.568001,1.604,96,5.4902,5.88235,-0.75,-0.390625,0,5.25,5.25,48
29.733,0,0,0,0,1.01563,0.99997,1,5,1.08447,1,0.820314,0,1.04688,5.00001,0,0,9.36112,9.00001,8.58334,3490.25,970,255.977,970,1079.84,13.8984,160.383,196.406,13.4063,14.25,823.045,66,0.9,0.546667,1.6,96,5.09804,5.4902,-0.75,-0.109375,0,4.5,4.5,48.75
29.767,0,0,0,0,1.0141,0.99997,1,5,1.08447,1,0.820314,0,1.04688,5.00001,0,0,9.00001,9.00001,9.00001,3449.25,970,252.93,970,1079.84,13.8281,160.266,196.031,13.7109,14.25,823.045,66,0.9,0.546667,1.6,96,5.09804,5.4902,-0.75,0.015625,0,4.5,4.5,49.5
29.8,0,0,0,0,1.01233,0.99997,1,5,1.08447,1,0.820314,0,1.04688,5.00001,0,0,9.05556,9.05556,8.75001,3416,970,253.555,970,1077.19,13.875,160.266,196.031,13.8047,14.25,823.045,66,0.9,0.560001,1.6,96,5.09804,5.4902,-0.75,-0.203125,0,4.5,4.5,48.75
29.833,0,0,0,0,1.00903,0.99997,1,5,1.06763,1,0.820314,0,1.04688,5.00001,0,0,9.00001,9.02778,8.36112,3363.5,970,250.82,970,1074.57,13.8516,159.82,195.609,13.5938,14.25,823.045,66,0.9,0.546667,1.592,96,5.09804,5.4902,-0.75,-0.15625,0,4.5,4.5,48.75
29.867,0,0,0,0,1.00562,0.99997,1,5,1.06763,1,0.820314,0,1.04688,5.00001,0,0,8.72223,8.91667,8.3889,3330,970,250.195,970,1071.91,13.8047,159.984,195.164,14.0391,14.25,823.045,66,0.9,0.536001,1.592,96,5.09804,5.4902,-0.75,-0.375,0,4.5,4.5,49.5
29.9,0,0,0,0,1.00751,0.99997,1,5,1.06763,1,0.820314,0,1.04688,5.00001,0,0,8.83334,9.05556,8.83334,3299.5,970,250.664,970,1074.57,14.0156,159.984,195.164,13.9219,14.25,819.47,66,0.9,0.562667,1.592,96,5.4902,5.4902,-0.75,0.125,0,4.5,4.5,48.75
29.933,0,0,0,0,1.00391,0.99997,1,5,1.0542,1,0.820314,0,1.04688,5.00001,0,0,9.00001,8.8889,7.97223,3243,970,252.93,970,1069.26,14.3438,160.125,194.813,13.6406,14.25,819.47,66,0.908,0.589334,1.6,96,5.4902,5.09804,-0.75,-0.34375,0,4.5,4.5,49.5
29.967,0,0,0,0,1.00006,0.99997,1,5,1.0542,1,0.820314,0,1.04688,5.00001,0,0,8.72223,8.69445,8.36112,3213,970,252.188,970,1066.64,14.4375,160.242,194.367,14.4375,14.25,819.47,66,0.944,0.568001,1.636,96,5.09804,5.09804,-0.75,-0.0625,0,4.5,4.5,49.5
30,0,0,0,0,1.00086,0.99997,1,5,1.0542,1,0.820314,0,1.04688,5.00001,0,0,8.83334,8.69445,8.77778,3178.75,970,254.492,970,1066.64,14.625,160.242,194.367,14.8359,14.25,819.47,66,0.952,0.581334,1.644,96,5.09804,5.09804,-0.75,-0.0625,0,4.5,4.5,49.5
30.033,0,0,0,0,0.997742,0.99997,1,5,1.04321,1,0.820314,0,1.04688,5.00001,0,0,8.66667,8.66667,8.61112,3135.25,970,251.484,970,1063.98,14.5547,160.383,193.992,14.9766,14.25,819.47,66,0.948,0.573334,1.64,96,5.09804,5.09804,-0.75,-0.28125,0,4.5,4.5,49.5
30.067,0,0,0,0,0.998597,0.99997,1,5,1.04321,1,0.820314,0,1.04688,5.00001,0,0,8.77778,8.58334,8.86112,3102.25,970,255.352,970,1063.98,14.8594,160.523,193.617,15.2344,14.25,819.47,66,0.968,0.592001,1.66,96,5.09804,5.09804,-0.75,0.328125,0,4.5,4.5,49.5
30.1,0,0,0,0,0.99524,0.99997,1,5,1.04321,1,0.820314,0,1.04688,5.00001,0,0,8.58334,8.52778,7.94445,3065.75,970,248.867,970,1061.37,14.5078,160.523,193.617,13.6875,14.25,816.013,66,0.916,0.549334,1.608,96,5.09804,5.09804,-0.75,0.09375,0,4.5,4.5,49.5
30.133,0,0,0,0,0.997437,0.99997,1,5,1.03467,1,0.820314,0,1.04688,5.00001,0,0,8.72223,8.3889,8.08334,3021,970,252.695,970,1061.37,14.9766,160.664,193.219,13.2422,14.25,816.013,66,0.912,0.618667,1.604,96,5.09804,4.70588,-0.75,0.015625,0,3.75,3.75,49.5
30.167,0,0,0,0,0.991883,0.99997,1,5,1.03467,1,0.820314,0,1.04688,5.00001,0,0,8.1389,8.25001,7.63889,2987.75,970,245.156,970,1058.71,14.3906,160.641,192.281,13.6172,14.25,816.013,66,0.908,0.554667,1.6,96,4.70588,4.70588,-0.75,-0.046875,0,4.5,4.5,49.5
30.2,0,0,0,0,0.994752,0.99997,1,5,1.03467,1,0.820314,0,1.04688,5.00001,0,0,8.25001,8.19445,8.50001,2951.5,970,248.867,970,1061.37,14.7891,160.641,192.281,15.6797,14.25,816.013,66,0.976,0.576001,1.668,96,4.70588,4.70588,-0.75,-0.078125,0,3.75,3.75,49.5
30.233,0,0,0,0,0.992127,0.99997,1,5,1.02759,1,0.820314,0,1.04688,5.00001,0,0,7.94445,7.94445,6.97223,2906.5,970,240.273,970,1058.71,14.1328,160.078,189.234,13.1016,14.25,816.013,66,0.9,0.528001,1.592,96,4.70588,4.70588,-0.75,-0.21875,0,3.75,3.75,49.5
30.267,0,0,0,0,0.989381,0.99997,1,5,1.02759,1,0.820314,0,1.04688,5.00001,0,0,8.02778,7.94445,8.77778,2869.75,970,248.125,970,1058.67,14.7188,162.633,186.164,16.0313,14.25,816.013,66,0.98,0.600001,1.68,96,4.70588,4.70588,-0.75,0.265625,0,3.75,3.75,49.5
30.3,0,0,0,0,0.991944,0.99997,1,5,1.02759,1,0.820314,0,1.04688,5.00001,0,0,7.83334,7.86112,6.52778,2833.25,970,240.703,970,1058.71,14.1797,162.633,186.164,12.3047,14.25,812.771,66,0.9,0.538667,1.6,96,4.70588,4.70588,-0.75,-0.15625,0,3.75,3.75,49.5
30.333,0,0,0,0,0.989075,0.99997,1,5,1.02222,1,0.820314,0,1.04688,5.00001,0,0,7.66667,7.69445,8.30556,2785.25,970,249.258,970,1058.67,14.8125,161.648,183.82,15.3984,14.25,812.771,66,0.964,0.597334,1.644,96,4.31373,4.31373,-0.75,-0.328125,0,3.75,3.75,49.5
30.367,0,0,0,0,0.987366,0.99997,1,5,1.02222,1,0.820314,0,1.04688,5.00001,0,0,7.50001,7.63889,7.16667,2750.25,970,242.656,970,1056.05,14.2969,160.898,180.539,14.0156,14.25,812.771,66,0.904,0.544001,1.584,96,4.31373,4.31373,-0.75,0.078125,0,3.75,3.75,49.5
30.4,0,0,0,0,0.987,0.99997,1,5,1.02222,1,0.820314,0,1.04688,5.00001,0,0,7.55556,7.55556,8.33334,2725.25,970,248.75,970,1056.05,14.7656,160.898,180.539,16.0781,14.25,812.771,66,0.976,0.605334,1.656,96,4.31373,4.31373,-0.75,-0.390625,0,3.75,3.75,49.5
30.433,0,0,0,0,0.986085,0.99997,1,5,1.01782,1,0.820314,0,1.04688,5.00001,0,0,7.50001,7.41667,6.83334,2676,970,242.188,970,1053.48,14.25,160.547,177.375,14.2266,14.25,812.771,64.5,0.904,0.546667,1.584,96,4.31373,4.31373,-0.75,-0.109375,0,3.75,3.75,49.5
30.467,0,0,0,0,0.984498,0.99997,1,5,1.01782,1,0.820314,0,1.04688,5.00001,0,0,7.38889,7.38889,8.22223,2652.5,970,247.93,970,1053.44,14.6719,159.398,174.867,16.7578,14.25,812.771,64.5,0.984,0.610667,1.664,96,4.31373,4.31373,-0.75,-0.03125,0,3.75,3.75,49.5
30.5,0,0,0,0,0.986756,0.99997,1,5,1.01782,1,0.820314,0,1.04688,5.00001,0,0,7.13889,7.16667,5.66667,2614.5,970,239.375,970,1053.44,14.0156,159.398,174.867,11.7188,14.25,809.724,64.5,0.9,0.528001,1.58,96,3.92157,3.92157,-0.75,-0.328125,0,3.75,3.75,49.5
30.533,0,0,0,0,0.987611,0.99997,1,5,1,1,0.820314,0,1.04688,5.00001,0,0,7.25001,7.02778,5.88889,2563.25,970,245.898,970,1056.02,14.4844,158.977,172.266,11.3906,14.25,809.724,64.5,0.9,0.645334,1.58,96,3.92157,3.92157,-0.75,-0.21875,0,3.75,3.75,49.5
30.567,0,0,0,0,0.978577,0.99997,1,5,1,1,0.820314,0,1.04688,5.00001,0,0,6.55556,6.97223,5,2537.5,970,233.281,970,1050.78,13.5469,157.852,168.891,10.9922,14.25,809.724,64.5,0.9,0.496001,1.58,96,3.92157,3.92157,-0.75,-0.015625,0,3.75,3.75,49.5
30.6,0,0,0,0,0.972474,0.99997,1,5,1,1,0.820314,0,1.04688,5.00001,0,0,6.69445,6.94445,8.97223,2501.75,970,259.258,970,1050.74,15.4688,157.852,168.891,18.6094,14.25,809.724,64.5,1.06,0.605334,1.74,96,3.92157,3.92157,-0.75,0.015625,0,2.25,2.25,48.75
30.633,0,0,0,0,0.971009,0.99997,1,5,1,1,0.820314,0,1.04688,5.00001,0,0,6.61112,6.66667,3.63889,2462,970,230.234,970,1048.13,13.3359,157.945,166.055,8.50781,14.25,809.724,64.5,0.9,0.448001,1.58,96,3.92157,3.92157,-0.75,-0.234375,0,3,3,48.75
30.667,0,0,0,0,0.957032,0.99997,1,5,1,1,0.820314,0,1.04688,5.00001,0,0,7.25001,6.50001,11.2222,2437.75,970,260.703,970,1048.09,15.6094,156.703,163.195,26.4141,14.25,809.724,64.5,1.252,0.778668,1.932,96,3.92157,3.52941,-0.75,0.125,0,3,3,48.75
30.7,-0.75,0,0,-0.75,0.974305,0.99997,1,5,1,1,0.820314,0,1.04688,5.00001,0,0,7.38889,6.58334,2.30556,2397.25,970,234.531,970,1053.44,13.7344,156.703,163.195,3.86719,14.25,806.619,64.5,0.9,0.490667,1.58,96,3.52941,3.52941,0,0.421875,0,2.25,2.25,48
30.733,-0.75,0,0,-0.75,0.934449,0.99997,1,5,1,1,0.820314,0,1.04688,5.00001,0,0,6.80556,6.30556,12.4722,2355.75,970,275.391,970,1037.58,16.8281,153.703,159.914,29.2734,14.25,806.619,64.5,1.332,0.784001,2.02,96,3.52941,3.52941,0,0,0,2.25,2.25,47.25
30.767,-0.75,0,0,-0.75,0.955262,0.99997,1,5,1,1,0.820314,0,1.04688,5.00001,0,0,6.69445,6.50001,2.88889,2329.5,970,252.656,970,1048.13,15.1406,150.305,156.68,3.75,14.25,806.619,64.5,0.9,0.434667,1.588,96,3.52941,3.52941,0,-0.109375,0,1.5,1.5,46.5
30.8,-0.75,0,0,-0.75,0.906068,0.99997,1,5,1,1,0.820314,0,1.04688,5.00001,0,0,6.11112,6.13889,12.5833,2290.5,970,270.938,970,1026.99,16.5703,150.305,156.68,32.7188,14.25,806.619,64.5,1.456,0.408001,2.144,96,3.52941,3.52941,0,-0.28125,0,3,3,47.25
30.833,-0.75,0,0,-0.75,0.945191,0.99997,1,5,1,1,0.820314,0,1.04688,5.00001,0,0,7.61112,6.11112,2.02778,2249,970,249.492,970,1050.78,15.0469,146.953,153.445,2.88281,14.25,806.619,64.5,0.9,0.792001,1.58,96,3.52941,3.52941,0,0.390625,0,1.5,1.5,45.75
30.867,-0.75,0,0,-0.75,0.899964,0.99997,1,5,1,1,0.820314,0,1.04688,5.00001,0,0,5.97223,5.83334,9.05556,2220.75,970,254.492,970,1026.99,15.4688,143.648,151.031,25.1484,14.25,806.619,64.5,1.216,0.450667,1.896,96,3.52941,3.52941,0,-0.0625,0,2.25,2.25,46.5
30.9,-0.75,0,0,-0.75,0.914429,0.99997,1,5,1,1,0.820314,0,1.04688,5.00001,0,0,7.38889,5.97223,7.91667,2194.25,970,283.555,970,1042.85,17.625,143.648,151.031,17.5313,14.25,803.533,64.5,1.092,0.912001,1.772,96,3.52941,3.52941,0,-0.15625,0,0.75,0.75,45
30.933,-0.75,0,0,-0.75,0.888306,0.99997,1,0,1,1,0.820314,0,1.04688,5.00001,0,0,5.91667,5.77778,7.50001,2151,970,251.055,970,1026.99,15.2813,141.188,147.797,21.7266,14.25,803.533,64.5,1.104,0.405334,1.784,96.75,3.52941,3.52941,0,0.34375,0,2.25,2.25,45.75
30.967,-0.75,0,0,-0.75,0.897095,0.99997,1,0,1,1,0.82422,0,1.04688,5.00001,0,0,7.44445,5.86112,9.61112,2121.75,970,293.906,970,1037.58,18.4688,137.93,144.539,23.0859,14.25,803.533,64.5,1.248,0.776001,1.928,96.75,3.52941,3.13726,0,0.171875,0,0.75,0.75,43.5
31,-0.75,0,0,-0.75,0.901612,0.99997,1,0,1,1,0.82422,0,1.04688,5.00001,0,0,6.80556,5.83334,1.11111,2094,970,249.297,970,1042.85,15.2109,137.93,144.539,1.75781,14.25,803.533,64.5,0.652,0.514667,1.332,96.75,3.52941,3.13726,0,0.203125,0,0.75,0.75,43.5
31.033,-0.75,0,0,-0.75,0.879822,0.99997,1,0,1,1,0.82715,0,1.04688,5.00001,0,0,7.02778,5.69445,10.2222,2047.5,970,298.516,970,1032.3,18.9375,134.859,141.984,26.2969,14.25,803.533,64.5,1.312,1.01067,1.992,96.75,3.52941,3.13726,0,-0.140625,0,0.75,0.75,42
31.067,-0.75,0,0,-0.75,0.890504,0.99997,1,0,1,1,0.843019,0,1.04688,5.00001,0,0,6.80556,5.72223,2.02778,2018,970,257.813,970,1042.85,16.0078,132.703,138.586,3.63281,14.25,803.533,64.5,0.732,0.552001,1.412,96.75,3.13726,3.13726,0,0.046875,0,0.75,0.75,42.75
31.1,-0.75,0,0,-0.75,0.855408,0.99997,1,0,1,1,0.843019,0,1.04688,5.00001,0,0,6.16667,5.44445,12.2222,1988.5,970,291.797,970,1021.72,18.5391,132.703,138.586,35.3438,14.25,800.818,64.5,1.636,0.658667,2.316,96.75,3.13726,3.13726,0,0.375,0,1.5,1.5,43.5
31.133,-0.75,0,0,-0.75,0.88678,0.99997,1,0,1,1,0.854738,0,1.04688,5.00001,0,0,7.19445,5.5,3.16667,1957.25,970,279.531,970,1040.23,17.6016,128.719,135.961,6.07031,13.5,800.818,64.5,0.9,0.818668,1.58,96.75,3.13726,3.13726,0,-0.109375,0,-0.75,-0.75,40.5
31.167,-0.75,0,0,-0.75,0.839112,0.99997,1,0,1,1,0.877443,0,1.04688,5.00001,0,0,6.11112,5.30556,7.41667,1927.25,970,268.242,970,1019.1,16.7578,125.648,133.453,22.8281,13.5,800.818,64.5,1.192,0.741334,1.872,96.75,3.13726,3.13726,0,0.046875,0,0.75,0.75,43.5
31.2,-0.75,0,0,-0.75,0.872376,0.99997,1,0,1,1,0.877443,0,1.04688,5.00001,0,0,6.91667,5.19445,7.58334,1894.25,970,302.422,970,1042.85,19.1719,125.648,133.453,19.875,13.5,800.818,64.5,1.168,1.05067,1.848,96.75,2.7451,2.7451,0,-0.015625,0,-0.75,-0.75,40.5
31.233,-0.75,0,0,-0.75,0.838196,0.99997,1,0,1,1,0.894533,0,1.04688,5.00001,0,0,5.52778,4.80556,9.77779,1846.25,970,281.172,970,1019.1,17.4844,123.516,130.781,31.1484,13.5,800.818,63.75,1.476,0.480001,2.164,96,2.7451,2.7451,0,0.59375,0,0,0,44.25
31.267,-0.75,0,0,-0.75,0.854676,0.99997,1,0,1,1,0.91504,0,1.04688,5.00001,0,0,6.69445,4.77778,3.52778,1814,970,288.672,970,1037.58,17.9297,121.102,128.156,8.13281,13.5,800.818,63.75,0.908,0.981335,1.596,96,2.7451,2.35294,0,0.296875,0,-0.75,-0.75,40.5
31.3,-0.75,0,0,-0.75,0.835938,0.99997,1,0,1,1,0.91504,0,1.04688,5.00001,0,0,6.16667,4.63889,1.16667,1796.25,970,261.484,970,1024.38,15.9609,121.102,128.156,1.21875,13.5,798.103,63.75,0.664,0.584001,1.352,96,2.35294,2.35294,0,0.3125,0,-0.75,-0.75,42
31.333,-0.75,0,0,-0.75,0.832337,0.99997,1,0,1,1,0.930421,0,1.04688,5.00001,0,0,6.27778,4.52778,4.58334,1746.75,970,292.031,970,1032.3,18.0703,118.805,125.531,12.6797,13.5,798.103,63.75,0.988,1.05333,1.668,96.75,2.35294,2.35294,0,0.140625,0,-0.75,-0.75,40.5
31.367,-0.75,0,0,-0.75,0.831055,0.99997,1,0,1,1,0.947755,0,1.04688,5.00001,0,0,5.22223,4.58334,0.666667,1729,970,262.656,970,1024.38,15.9375,116.508,122.906,0,13.5,798.103,63.75,0.9,0.394667,1.58,96.75,2.35294,2.35294,0,0.71875,0,-1.5,-1.5,41.25
31.4,-0.75,0,0,-0.75,0.820557,0.99997,1,0,1,1,0.947755,0,1.04688,5.00001,0,0,5.30556,4.36111,11.1389,1695,970,303.828,970,1032.27,18.8203,116.508,122.906,37.4531,13.5,798.103,63.75,1.712,0.690668,2.392,96.75,2.35294,2.35294,0,0.453125,0,-0.75,-0.75,43.5
31.433,-0.75,0,0,-0.75,0.826111,0.99997,1,0,1,1,0.960695,0,1.04688,5.00001,0,0,5.86112,4.38889,0.194445,1660,970,267.266,970,1021.72,16.0781,114.258,120.422,0,13.5,798.103,63.75,0.9,0.672001,1.58,96.75,2.35294,2.35294,0,0.515625,0,-1.5,-1.5,41.25
31.467,-0.75,0,0,-0.75,0.803223,0.99997,1,0,1,1,0.970705,0,1.04688,5.00001,0,0,5.86112,4.16667,10.8056,1624.25,970,309.102,970,1013.79,19.0781,112.172,117.891,38.25,13.5,798.103,63.75,1.748,1.08,2.428,96.75,2.35294,1.96079,0,0.328125,0,-1.5,-1.5,42.75
31.5,-0.75,0,0,-0.75,0.83838,0.99997,1,0,1,1,0.970705,0,1.04688,5.00001,0,0,5.52778,4.16667,4.19445,1605.75,970,298.672,970,1037.58,18.2109,112.172,117.891,12.6797,13.5,795.584,63.75,0.988,0.642667,1.668,96.75,1.96079,1.96079,0,0.25,0,-2.25,-2.25,40.5
31.533,-0.75,0,0,-0.75,0.80243,0.99997,1,0,1,1,0.978029,0,1.04688,5.00001,0,0,4.94445,4.05556,9.91667,1550.75,970,310.117,970,1013.79,18.9609,110.438,116.18,36.3984,13.5,795.584,63.75,1.712,0.725334,2.392,96.75,1.96079,1.96079,0,0.390625,0,-2.25,-2.25,42.75
31.567,-0.75,0,0,-0.75,0.833253,0.99997,1,0,1,1,0.9834,0,1.04688,5.00001,0,0,5.11112,4.11111,2.72222,1531.75,970,291.25,970,1032.3,17.625,109.336,113.484,7.35938,13.5,795.584,63.75,0.9,0.568001,1.58,96.75,1.96079,1.96079,0,0.21875,0,-2.25,-2.25,40.5
31.6,-0.75,0,0,-0.75,0.79065,0.99997,1,0,1,1,0.9834,0,1.04688,5.00001,0,0,4.58334,3.86111,8.83334,1493.75,970,298.047,970,1013.79,18.1172,109.336,113.484,34.0313,13.5,795.584,63.75,1.592,0.458667,2.272,96.75,1.96079,1.96079,0,1.01563,0,-3,-3,43.5
31.633,-0.75,0,0,-0.75,0.81952,0.99997,1,0,1,1,1,0,1.04688,5.00001,0,0,5.36112,3.91667,0.194445,1454.75,970,282.188,970,1032.3,17.0156,107.25,111.75,0,13.5,795.584,63.75,0.9,0.882668,1.58,96.75,1.96079,1.56863,0,0.53125,0,-3,-3,39.75
31.667,-0.75,0,0,-0.75,0.786011,0.99997,1,0,1,1,1,0,1.04688,5.00001,0,0,4.58334,3.86111,4.16667,1433.5,970,280.352,970,1008.52,16.875,105.867,109.547,15.8906,13.5,795.584,63.75,1.04,0.648001,1.72,96.75,1.96079,1.56863,0,0.3125,0,-3,-3,42
31.7,-0.75,0,0,-0.75,0.801697,0.99997,1,0,1,1,1,0,1.04688,5.00001,0,0,5.27778,3.77778,10,1414,970,318.828,970,1024.34,19.6172,105.867,109.547,40.5703,13.5,793.142,63.75,1.804,1.12267,2.484,96.75,1.96079,1.56863,0,0.203125,0,-3,-3,42
31.733,-0.75,0,0,-0.75,0.784058,0.99997,1,0,1,1,1,0,1.04688,5.00001,0,0,4.77778,3.58334,2.22222,1371,970,279.688,970,1008.52,16.875,104.227,108.023,6.58594,13.5,793.142,63.75,0.82,0.584001,1.5,96.75,1.56863,1.56863,0,0.53125,0,-3.75,-3.75,40.5
31.767,-0.75,0,0,-0.75,0.798462,0.99997,1,0,1,1,1,0,1.04688,5.00001,0,0,4.88889,3.52778,2.88889,1328.5,970,300.391,970,1019.1,18.3516,103.078,106.523,11.5547,13.5,793.142,63.75,0.964,1.072,1.66,96.75,1.56863,1.56863,0,0.921875,0,-3.75,-3.75,39
31.8,-0.75,0,0,-0.75,0.806946,0.99997,1,0,1,1,1,0,1.04688,5.00001,0,0,4.63889,2.63889,1.86111,1307.75,970,279.922,970,1026.99,16.8984,103.078,106.523,5.76563,13.5,793.142,63.75,0.9,0.637334,1.596,96.75,0.392157,0.392157,0,0.859375,0,-4.5,-4.5,40.5
31.833,-0.75,0,0,-0.75,0.799012,0.99997,1,0,1,1,1,0,1.04688,5.00001,0,0,4.58334,2.58334,1.83333,1263.75,970,288.086,970,1019.1,17.4844,101.953,104.953,7.45313,13.5,793.142,63.75,0.9,1,1.58,96.75,0.392157,0.392157,0,0.953125,0,-4.5,-4.5,39.75
31.867,-0.75,0,0,-0.75,0.801453,0.99997,1,0,1,1,1,0,1.04688,5.00001,0,0,3.83334,2.55556,2.16667,1240.25,970,272.383,970,1024.38,16.3828,100.688,102.469,7.82813,16.8047,793.142,63.75,0.984,0.637334,1.664,96.75,0.392157,0.392157,0,0.78125,0,-4.5,-4.5,41.25
31.9,-0.75,0,0,-0.75,0.790162,0.99997,1,0,1,1,1,0,1,5.00001,0,0,3.83334,2.72222,7.02778,1217.25,970,300.078,970,1016.41,18.3516,100.688,102.469,33.4453,16.9922,792.361,63.75,1.916,0.637334,2.596,96.75,1.96079,1.96079,0,0.625,0,17.25,17.25,17.25
31.933,-0.75,0,0,-0.75,0.801514,0.99997,1,0,1,1,1,0,1,5.00001,0,0,3.88889,3.80556,5.02778,1168.75,970,290.977,970,1019.1,17.6953,98.7422,100.734,21.9609,18.4219,792.361,63.75,1.484,0.720001,2.172,96.75,1.96079,1.96079,0,0.59375,0,21,21,21
31.967,-0.75,0,0,-0.75,0.786255,0.99997,1,0,1,1,1,0,0.953126,5.00001,0,0,3.94445,3.72223,7.63889,1144.25,970,323.203,970,1005.86,19.9688,97.6406,98.9766,37.5469,18.8906,792.361,63.75,1.912,0.960001,2.6,96.75,1.96079,1.96079,0,0.859375,0,15,15,15
32,-0.75,0,0,-0.75,0.811768,0.99997,1,0,1,1,1,0,0.953126,5.00001,0,0,4.30556,3.88889,1.61111,1135.75,970,300.195,970,1021.72,18.1875,97.6406,98.9766,5.8125,18.6328,792.361,63.75,1.12,1.25333,1.808,96.75,1.96079,1.96079,0,0.84375,0,6,6,6
32.033,-0.75,0,0,-0.75,0.789734,0.99997,1,0,1,1,1,0,0.953126,5.00001,0,0,4.30556,3.94445,7.33334,1133.5,970,328.555,970,1005.86,20.1563,95.7422,98.6484,35.6484,17.9297,792.361,63,1.884,1.21867,2.572,96.75,1.96079,1.96079,0,1.04688,0,8.25,8.25,8.25
32.067,-0.75,0,0,-0.75,0.812195,0.99997,1,0,1,1,1,0,0.953126,5.00001,0,0,4.36111,3.94445,4.80556,1116.75,970,335.586,970,1019.1,20.6484,95.9063,97.9688,24.4922,17.9531,792.361,63,1.676,1.09067,2.356,96.75,1.96079,1.96079,0,1.04688,0,1.5,1.5,1.5
32.1,-0.75,0,0,-0.75,0.798157,0.99997,1,0,1,1,1,0,0.953126,5.00001,0,0,4.19445,3.97223,8.55556,1137.5,970,356.836,970,1003.24,22.1016,95.9063,97.9688,41.8359,15,791.463,63,2.04,0.824001,2.72,96.75,1.96079,1.56863,0,0.96875,0,-5.25,-5.25,-5.25
32.133,-0.75,0,0,-0.75,0.816895,0.99997,1,0,1,1,1,0,0.953126,5.00001,0,0,4.77778,3.47222,2.27778,1137.25,970,338.086,970,1013.75,20.8359,95.1797,98.7188,10.5703,14.3672,791.463,63,1.26,0.813334,1.94,96.75,0.392157,0,0,0.859375,0,-6.75,-6.75,-12
32.167,-0.75,0,0,-0.75,0.804383,0.99997,1,0,1,1,1,0,0.953371,5.00001,0,0,4.47223,2.5,4.27778,1145.5,970,335.117,970,1005.86,20.625,96.3516,99,19.0313,14.2734,791.463,63,1.476,0.954668,2.164,96.75,0,0,0,0.828125,0,-6,-6,-11.25
32.2,-0.75,0,0,-0.75,0.823853,0.99997,1,0,1,1,1,0,0.953371,4.89991,0,0,4.30556,2.30556,3.02778,1142.5,970,326.406,970,1016.45,20.0391,96.3516,99,15.2813,14.2031,791.463,63,1.36,0.888001,2.048,96.75,0,0.784314,0,0.890625,0,-6,-6,-9
32.233,-0.75,0,0,-0.75,0.801758,0.99997,1,0,1,1,1,0,0.953371,2.99341,0,0,3.83334,3,6.66667,1136,970,318.125,970,1005.82,19.4297,96.8672,98.7656,32.7188,14.2266,791.463,63,1.648,0.610667,2.336,96.75,0.784314,0.784314,0,0.796875,0,-3.75,-3.75,-3.75
32.267,-0.75,0,0,-0.75,0.825074,0.99997,1,0,1,1,1,0,0.953126,2.32129,0,0,4.08334,3,3.52778,1132.5,970,314.57,970,1013.75,19.1953,96.7266,98.5313,17.25,14.2266,791.463,63,1.288,0.848001,1.976,96.75,0.784314,0.784314,0,0.984375,0,-5.25,-5.25,-6.75
32.3,-0.75,0,0,-0.75,0.818055,0.99997,1,0,1,1,1,0,0.953126,1.89356,0,0,3.83334,3.02778,2.11111,1122.5,970,297.617,970,997.969,17.9766,96.7266,98.5313,8.76563,14.2969,790.369,63,1.1,0.714668,1.788,96.75,0.784314,0.784314,0,1.14063,0,-5.25,-5.25,-6.75
32.333,-0.75,0,0,-0.75,0.826172,0.99997,1,0,1,1,1,0,0.953126,1.52417,0,0,4.13889,3.05556,1.44445,1101.5,970,302.227,970,1008.52,18.2109,96.7734,97.4531,6.60938,14.3672,790.369,63,1.012,1.08267,1.692,96.75,0.784314,0.784314,0,0.984375,0,-5.25,-5.25,-7.5
32.367,-0.75,0,0,-0.75,0.81012,0.99997,1,0,1,1,1,0,0.953126,1.39624,0,0,3.77778,2.94445,5.08334,1089.5,970,312.93,970,1005.86,18.9609,94.9922,96.9609,24.8203,14.5547,790.369,63,1.444,0.664001,2.124,96.75,0.784314,0.784314,0,0.578125,0,-3.75,-3.75,-3.75
32.4,-0.75,0,0,-0.75,0.804627,0.99997,1,0,1,1,1,0,0.953126,1.30518,0,0,3.88889,2.94445,4.02778,1076.25,970,316.406,970,1000.59,19.0313,94.9922,96.9609,21.1172,14.3438,790.369,63,1.36,0.933334,2.04,96.75,0.784314,0.784314,0,0.875,0,-5.25,-5.25,-6
32.433,-0.75,0,0,-0.75,0.806946,0.99997,1,0,1,1,1,0,0.953126,1.18921,0,0,3.61111,3.02778,2.13889,1071.75,970,300.43,970,997.969,17.8594,95.3906,96.4688,9.21094,14.6016,790.369,63,1.068,0.693334,1.748,96.75,0.784314,0.784314,0,0.890625,0,-5.25,-5.25,-5.25
32.467,-0.75,0,0,-0.75,0.807007,0.99997,1,0,1,1,1,0,0.953126,1.14014,0,0,3.94445,2.97222,6.36112,1061,970,325.781,970,1005.86,19.6406,95.0391,95.9297,33.4688,14.6484,790.369,63,1.624,1.048,2.312,96.75,0.784314,0.784314,0,0.8125,0,-2.25,-2.25,-2.25
32.5,-0.75,0,0,-0.75,0.808045,0.99997,1,0,1,1,1,0,0.953126,1.10742,0,0,3.61111,2.97222,1.69445,1050.75,970,307.227,970,1003.24,18.2813,95.0391,95.9297,8.22656,14.7422,789.549,63,1.044,0.680001,1.732,96.75,0.784314,0.784314,0,1.17188,0,-5.25,-5.25,-6
32.533,-0.75,0,0,-0.75,0.797486,0.99997,1,0,1,1,1,0,0.953126,1.07349,0,0,3.83334,2.91667,3.27778,1028,970,320.586,970,997.969,19.1719,94.6406,95.2266,18.2344,14.6484,789.549,63,1.296,0.970668,1.976,96.75,0.784314,0.784314,0,1.3125,0,-5.25,-5.25,-5.25
32.567,-0.75,0,0,-0.75,0.81189,0.99997,1,0,1,1,1,0,0.953126,1.04785,0,0,3.72223,2.88889,3.25,1021.25,970,315.508,970,1005.86,18.8203,94.0313,94.4766,16.0547,14.7422,789.549,63,1.236,0.800001,1.916,96.75,0.784314,0.784314,0,1.09375,0,-5.25,-5.25,-6
32.6,-0.75,0,0,-0.75,0.806763,0.99997,1,0,1,1,1,0,0.953126,1.03198,0,0,3.61111,2.38889,5.25,1012.25,970,332.188,970,995.313,19.9219,94.0313,94.4766,29.1094,14.8594,789.549,63,1.564,0.800001,2.244,96.75,0,0,0,1.17188,0,-3.75,-3.75,-3.75
32.633,-0.75,0,0,-0.75,0.826356,0.99997,1,0,1,1,1,0,0.953126,1.01001,0,0,3.83334,2.47222,1.38889,1004.75,970,310.039,970,997.969,18.3281,93.3047,94.1484,6.30469,15,789.549,63,1.056,0.685334,1.736,96.75,0.392157,0.392157,0,1.03125,0,-5.25,-5.25,-7.5
32.667,-0.75,0,0,-0.75,0.797303,0.99997,1,0,1,1,1,0,0.953126,0.991212,0,0,3.66667,2.52778,5.30556,996.25,970,327.344,970,997.969,19.5469,93.2109,93.7031,28.9922,15.0234,789.549,63,1.544,0.997335,2.232,96.75,0.392157,0.392157,0,0.953125,0,-2.25,-2.25,-2.25
32.7,-0.75,0,0,-0.75,0.815125,0.99997,1,0,1,1,1,0,0.953126,0.978517,0,0,3.66667,2.52778,1.27778,988,970,307.93,970,1000.55,18.1406,93.2109,93.7031,7.61719,14.9297,788.689,63,1.068,0.693334,1.756,96.75,0.392157,0.392157,0,0.53125,0,-5.25,-5.25,-7.5
32.733,-0.75,0,0,-0.75,0.793641,0.99997,1,0,1,1,1,0,0.953126,0.971193,0,0,3.5,2.52778,4.94445,976,970,321.563,970,995.313,19.0781,92.7891,93.7031,26.5547,15,788.689,63,1.484,0.954668,2.172,96.75,0.392157,0.392157,0,0.875,0,-3,-3,-3
32.767,-0.75,0,0,-0.75,0.810853,0.99997,1,0,1,1,1,0,0.953126,0.967287,0,0,3.38889,2.55556,2.72222,958.75,970,316.719,970,1003.24,18.7266,93.0234,93.7031,16.1016,15.1172,788.689,63,1.244,0.805334,1.924,96.75,0.392157,0.392157,0,1.03125,0,-3.75,-3.75,-3.75
32.8,-0.75,0,0,0,0.808167,0.99997,1,0,1,1,1,0,0.953126,0.963625,0,0,3.38889,2.66667,4.19445,949.25,970,322.5,970,992.656,19.0547,93.0234,93.7031,22.2891,15.3281,788.689,63,1.4,0.898668,2.08,96.75,0.392157,0,0,1.21875,0,-3.75,-3.75,-3.75
32.833,0,0,0,0,0.827759,0.99997,1,0,1,1,1,0,0.953126,0.958498,0,0,3.38889,2.55556,3.52778,932.5,970,326.602,970,1000.59,19.3359,93,93.7031,21.5859,15.4453,788.689,62.25,1.392,0.898668,2.072,96.75,0.392157,0,0,1.1875,0,-3.75,-3.75,-3.75
32.867,0,0,0,0,0.827759,0.99997,1,0,1,1,1,0,0.953126,0.957277,0,0,3.25,2.58334,2.69445,919.25,970,319.375,970,992.656,18.75,93,93.7031,14.9063,15.6563,788.689,62.25,1.22,0.786668,1.916,96.75,0.392157,0,0,1.45313,0,-3.75,-3.75,-3.75
32.9,0,0,0,0,0.83783,0.99997,1,0,1,1,1,0,0.953126,0.956056,0,0,3.30556,2.52778,3.52778,910.75,970,324.219,970,1000.59,19.0313,93,93.7031,21.75,15.8438,787.849,62.25,1.384,0.885334,2.08,96.75,0,0,0,1.0625,0,-3.75,-3.75,-3.75
32.933,0,0,0,0,0.831421,0.99997,1,0,1,1,1,0,0.953126,0.952394,0,0,3.13889,2.47222,2.16667,905.5,970,312.5,970,990.039,18.2109,93.1172,93.7031,11.8359,15.9609,787.849,62.25,1.144,0.738668,1.84,96.75,0,0,0,0.96875,0,-4.5,-4.5,-4.5
32.967,0,0,0,0,0.838318,0.99997,1,0,1,1,1,0,0.952882,0.947267,0,0,3.19445,2.38889,3.88889,900.5,970,322.695,970,997.969,18.8906,93.1406,93.7031,24.4922,15.9375,787.849,62.25,1.436,0.920001,2.116,96.75,0,0,0,0.703125,0,-3,-3,-3
33,0,0,0,0,0.835877,0.99997,1,0,1,1,1,0,0.952882,0.943605,0,0,3.02778,2.44445,1.77778,894.5,970,308.32,970,990.039,17.8594,93.1406,93.7031,10.0547,15.9609,787.849,62.25,1.096,0.709334,1.776,96.75,0,0,0,1.04688,0,-5.25,-5.25,-5.25
33.033,0,0,0,0,0.841859,0.99997,1,0,1,1,1,0,0.952882,0.937501,0,0,3.08334,2.44445,3.69445,885.25,970,317.305,970,997.969,18.4922,93.2813,93.7031,23.3906,16.0078,787.849,62.25,1.392,0.890668,2.072,96.75,0,0,0,0.765625,0,-3.75,-3.75,-3.75
33.067,0,0,0,0,0.840882,0.99997,1,0,1,1,1,0,0.952882,0.933107,0,0,2.91667,2.5,2.25,874.5,970,308.125,970,990.039,17.7891,93.4688,93.7031,12.8438,16.1016,787.849,62.25,1.144,0.738668,1.824,96.75,0,0,0,0.890625,0,-4.5,-4.5,-4.5
33.1,0,0,0,0,0.845582,0.99997,1,0,1,1,1,0,0.952882,0.927736,0,0,2.97222,2.41667,3.47222,862.5,970,315.586,970,995.313,18.3281,93.4688,93.7031,22.4297,16.0078,786.971,62.25,1.376,0.877334,2.056,96.75,0,0,0,1,0,0,0,0
33.133,0,0,0,0,0.844849,0.99997,1,0,1,1,1,0,0.952882,0.921144,0,0,2.80556,2.5,1.80556,852.5,970,303.594,970,987.383,17.4375,93.3516,93.7031,10.9219,16.1719,786.971,62.25,1.1,0.706668,1.78,96.75,0,0,0,1.46875,0,-0.75,-0.75,-0.75
33.167,0,0,0,0,0.84607,0.99997,1,0,1,1,1,0,0.952882,0.916505,0,0,2.80556,2.5,2.97222,843.75,970,307.93,970,995.313,17.7422,93.375,93.7031,20.1328,16.3359,786.971,62.25,1.288,0.821334,1.976,96.75,0,0,0,1.46875,0,0.75,0.75,0.75
33.2,0,0,0,0,0.845887,0.99997,1,0,1,1,1,0,0.952882,0.913331,0,0,2.80556,2.5,2.30556,833.75,970,301.836,970,987.383,17.2266,93.375,93.7031,13.9688,16.4297,786.971,62.25,1.152,0.821334,1.84,96.75,0,0,0,1.45313,0,0.75,0.75,0.75
33.233,0,0,0,0,0.845582,0.99997,1,0,1,1,1,0,0.952882,0.908937,0,0,2.69445,2.47222,2.61111,825,970,303.047,970,992.617,17.2969,93.3281,93.7031,17.9766,16.5703,786.971,62.25,1.24,0.789334,1.928,96.75,0,0,0,1.375,0,3,3,3
33.267,0,0,0,0,0.844788,0.99997,1,0,1,1,1,0,0.952882,0.907716,0,0,2.63889,2.5,2.77778,817.25,970,303.672,970,987.383,17.3438,93.4688,93.7031,17.6953,16.6875,786.971,62.25,1.236,0.786668,1.932,96.75,0,0,0,1.26563,0,3,3,3
33.3,0,0,0,0,0.847535,0.99997,1,0,1,1,1,0,0.952882,0.907716,0,0,2.63889,2.5,2.02778,812.25,970,298.594,970,987.383,16.9219,93.4688,93.7031,14.2031,16.7813,786.072,62.25,1.152,0.786668,1.848,96.75,0,0,0,1.21875,0,2.25,2.25,2.25
33.333,0,0,0,0,0.849061,0.99997,1,0,1,1,1,0,0.952882,0.90674,0,0,2.61111,2.5,3.38889,810.25,970,306.055,970,992.656,17.4375,93.375,93.7031,21.5625,16.8281,786.072,62.25,1.316,0.733334,2.012,96.75,0,0,0,1,0,3,3,3
33.367,0,0,0,0,0.848023,0.99997,1,0,1,1,1,0,0.952882,0.90674,0,0,2.63889,2.5,1.55556,808,970,295.703,970,987.383,16.6875,93.4453,93.7031,11.0391,16.7813,786.072,62.25,1.072,0.837334,1.752,96.75,0,0,0,0.84375,0,0.75,0.75,0.75
33.4,0,0,0,0,0.843751,0.99997,1,0,1,1,1,0,0.952882,0.90674,0,0,2.55556,2.5,1.55556,808,970,295.703,970,990.039,16.6875,93.4453,93.7031,11.0391,16.7344,786.072,62.25,1.072,0.685334,1.752,96.75,0,0,0,1.15625,0,0.75,0.75,0.75
33.433,0,0,0,0,0.835633,0.99997,1,0,1,1,1,0,0.952882,0.911134,0,0,2.55556,2.47222,2.91667,805.5,970,299.531,970,987.383,16.9688,93.4922,93.7031,19.0781,16.7109,786.072,62.25,1.236,0.786668,1.916,96.75,0,0,0,1.35938,0,1.5,1.5,1.5
33.467,0,0,0,0,0.835023,0.99997,1,0,1,1,1,0,0.952882,0.912111,0,0,2.5,2.47222,1.69445,804.5,970,291.055,970,987.383,16.3359,93.4922,93.7031,11.7188,16.5938,786.072,62.25,1.072,0.682668,1.76,96.75,0,0,0,1.28125,0,0.75,0.75,0.75
33.5,0,0,0,0,0.82428,0.99997,1,0,1,1,1,0,0.952882,0.915529,0,0,2.61111,2.44445,3.77778,800.75,970,305.43,970,987.383,17.3672,93.4922,93.7031,25.2422,16.5938,784.978,62.25,1.368,0.869334,2.056,96.75,0,0,0,1.28125,0,1.5,1.5,1.5
33.533,0,0,0,0,0.828736,0.99997,1,0,1,1,1,0,0.952882,0.919923,0,0,2.5,2.47222,1.69445,793.75,970,296.094,970,984.727,16.6875,93.5391,93.7031,11.6016,16.5703,784.978,62.25,1.08,0.693334,1.768,96.75,0,0,0,1.35938,0,-0.75,-0.75,-0.75
33.567,0,0,0,0,0.821534,0.99997,1,0,1,1,1,0,0.952882,0.925539,0,0,2.61111,2.44445,3.44445,784.5,970,307.773,970,990,17.5313,93.5156,93.7031,23.9297,16.6641,784.978,62.25,1.344,0.861334,2.024,96.75,0,0,0,1.51563,0,2.25,2.25,2.25
33.6,0,0,0,0,0.830628,0.99997,1,0,1,1,1,0,0.952882,0.93213,0,0,2.61111,2.44445,2.44445,767.75,970,305.547,970,990.039,17.3672,93.5156,93.7031,16.1719,16.7578,784.978,62.25,1.196,0.861334,1.876,96.75,0,0,0,1.54688,0,1.5,1.5,1.5
33.633,0,0,0,0,0.82837,0.99997,1,0,1,1,1,0,0.952882,0.938722,0,0,2.5,2.44445,2.61111,762,970,307.852,970,984.727,17.5313,93.5391,93.7031,18.7969,17.0391,784.978,61.5,1.26,0.770668,1.948,96.75,0,0,0,1.34375,0,3,3,3
33.667,0,0,0,0,0.832337,0.99997,1,0,1,1,1,0,0.952882,0.943605,0,0,2.5,2.44445,2.61111,762,970,307.852,970,987.383,17.5313,93.5391,93.7031,18.7969,17.0391,784.978,61.5,1.26,0.808001,1.948,96.75,0,0,0,1.03125,0,3,3,3
33.7,0,0,0,0,0.835023,0.99997,1,0,1,1,1,0,0.952882,0.946046,0,0,2.61111,2.44445,3.5,753.5,970,318.789,970,984.727,18.3047,93.5391,93.7031,24.3281,17.1563,783.865,61.5,1.392,0.893334,2.08,96.75,0,0,0,1.04688,0,3.75,3.75,3.75
33.733,0,0,0,0,0.842103,0.99997,1,0,1,1,1,0,0.952882,0.953615,0,0,2.55556,2.47222,2.02778,752.5,970,313.008,970,984.727,17.8828,93.5625,93.7031,14.7422,17.3203,783.865,61.5,1.184,0.770668,1.872,96.75,0,0,0,1.25,0,0.75,0.75,0.75
33.767,0,0,0,0,0.837281,0.99997,1,0,1,1,1,0,0.952882,0.957277,0,0,2.61111,2.41667,3.41667,748.75,970,323.477,970,984.727,18.6328,93.5625,93.7031,24.375,17.3438,783.865,61.5,1.404,0.906668,2.092,96.75,0,0,0,1.25,0,3,3,3
33.8,0,0,0,0,0.846131,0.99997,1,0,1,1,1,0,0.952882,0.963625,0,0,2.61111,2.5,2.02778,750,970,316.836,970,984.727,18.1641,93.5625,93.7031,14.5313,17.4141,783.865,61.5,1.188,0.906668,1.876,96.75,0,0,0,1.01563,0,0.75,0.75,0.75
33.833,0,0,0,0,0.841126,0.99997,1,0,1,1,1,0,0.952882,0.969972,0,0,2.55556,2.41667,2.86111,746.75,970,321.328,970,982.109,18.4922,93.5859,93.7031,20.9531,17.3906,783.865,61.5,1.34,0.776001,2.028,96.75,0,0,0,1.17188,0,1.5,1.5,1.5
33.867,0,0,0,0,0.847352,0.99997,1,0,1,1,1,0,0.952882,0.973634,0,0,2.61111,2.41667,2.86111,746.75,970,321.328,970,987.383,18.4922,93.7969,93.7031,20.9531,17.4141,783.865,61.5,1.34,0.864001,2.028,96.75,0,0,0,1.40625,0,1.5,1.5,1.5
33.9,0,0,0,0,0.847474,0.99997,1,0,1,1,1,0,0.952882,0.977296,0,0,2.61111,2.44445,2.80556,745.75,970,322.422,970,982.109,18.6094,93.7969,93.7031,19.1719,17.4844,782.771,61.5,1.304,0.848001,1.992,96.75,0,0,0,1.40625,0,1.5,1.5,1.5
33.933,0,0,0,0,0.850342,0.99997,1,0,1,1,1,0,0.952882,0.981203,0,0,2.55556,2.44445,1.83333,745.5,970,314.453,970,984.727,18.0469,93.6094,93.7031,13.6875,17.5078,782.771,61.5,1.176,0.762668,1.864,96.75,0,0,0,1.78125,0,1.5,1.5,1.5
33.967,0,0,0,0,0.840821,0.99997,1,0,1,1,1,0,0.952882,0.981203,0,0,2.55556,2.41667,2.88889,743.75,970,318.164,970,982.109,18.3047,93.6094,93.7031,20.3672,17.5078,782.771,61.5,1.32,0.850668,2,96.75,0,0,0,1.26563,0,3.75,3.75,3.75
34,0,0,0,0,0.845521,0.99997,1,0,1,1,1,0,0.952882,0.982423,0,0,2.55556,2.41667,1.86111,748,970,310.664,970,982.109,17.7656,93.6094,93.7031,13.6641,17.5547,782.771,61.5,1.156,0.850668,1.836,96.75,0,0,0,1.125,0,0.75,0.75,0.75
34.033,0,0,0,0,0.840272,0.99997,1.00241,0,1,1,1,0,0.952882,0.984865,0,0,2.5,2.41667,2.58334,745.5,970,312.031,970,982.109,17.8594,93.6094,93.7031,18.6328,17.4844,782.771,61.5,1.26,0.749334,1.94,96.75,0,0,0,0.984375,0,3,3,3
34.067,0,0,0,0,0.84192,0.99997,1.00485,0,1,1,1,0,0.952882,0.986085,0,0,2.5,2.41667,2.58334,745.5,970,312.031,970,984.727,17.8594,93.6094,93.7031,18.6328,17.4844,782.771,61.5,1.26,0.813334,1.94,96.75,0,0,0,1.34375,0,3,3,3
34.1,0,0,0,0,0.841736,0.99997,1.00607,0,1,1,1,0,0.952882,0.986085,0,0,2.5,2.38889,2.5,743.5,970,311.25,970,982.109,17.8125,93.6094,93.7031,17.3906,17.5313,781.619,61.5,1.24,0.800001,1.92,96.75,0,0,0,1.34375,0,3,3,3
34.133,0,0,0,0,0.84369,0.99997,1.00708,0,1,1,1,0,0.952882,0.987306,0,0,2.44445,2.41667,2.08333,743.5,970,306.836,970,984.727,17.4844,93.6328,93.7031,15.0938,17.6016,781.619,61.5,1.184,0.762668,1.864,96.75,0,0,0,1,0,3.75,3.75,3.75
34.167,0,0,0,0,0.837769,0.99997,1.00732,0,1,1,1,0,0.952882,0.987306,0,0,2.44445,2.38889,2.77778,739.75,970,309.922,970,982.109,17.7188,93.6328,93.7031,19.4063,17.625,781.619,61.5,1.276,0.824001,1.964,96.75,0,0,0,1.07813,0,5.25,5.25,5.25
34.2,0,0,0,0,0.841492,0.99997,1.00797,0,1,1,1,0,0.952882,0.988527,0,0,2.44445,2.38889,1.94445,739.5,970,304.141,970,982.109,17.2969,93.6328,93.7031,14.1563,17.7422,781.619,61.5,1.16,0.824001,1.848,96.75,0,0,0,1.14063,0,4.5,4.5,4.5
34.233,0,0,0,0,0.837159,0.99997,1.00931,0,1,1,1,0,0.952882,0.991212,0,0,2.38889,2.30556,2.5,741,970,305.234,970,982.109,17.3672,93.6328,93.7031,17.9766,17.7656,781.619,61.5,1.24,0.749334,1.92,96.75,0,0,0,1.35938,0,6,6,6
34.267,0,0,0,0,0.837037,0.99997,1.01016,0,1,1,1,0,0.952882,0.992677,0,0,2.44445,2.30556,2.5,741,970,305.234,970,982.109,17.3672,93.6328,93.7031,17.9766,17.7656,781.619,61.5,1.24,0.800001,1.92,96.75,0,0,0,1.51563,0,6,6,6
34.3,0,0,0,0,0.837098,0.99997,1.01123,0,1,1,1,0,0.952882,0.994142,0,0,2.44445,2.33334,2.44445,745.25,970,305.273,970,979.453,17.3672,93.6328,93.7031,17.4141,17.7422,780.506,61.5,1.228,0.792001,1.908,96.75,0,0,0,1.51563,0,5.25,5.25,5.25
34.333,0,0,0,0,0.841492,0.99997,1.01315,0,1,1,1,0,0.952882,0.997072,0,0,2.44445,2.38889,2.38889,747.75,970,305.469,970,982.109,17.3906,93.6328,93.7031,17.5078,17.6484,780.506,61.5,1.236,0.797334,1.916,96.75,0,0,0,1.26563,0,4.5,4.5,4.5
34.367,0,0,0,0,0.840516,0.99997,1.01444,0,1,1,1,0,0.952882,0.998537,0,0,2.44445,2.38889,2.63889,748.25,970,307.188,970,979.453,17.5078,93.6328,93.7031,18.4688,17.6016,780.506,61.5,1.26,0.813334,1.948,96.75,0,0,0,1.46875,0,4.5,4.5,4.5
34.4,0,0,0,0,0.843323,0.99997,1.01587,0,1,1,1,0,0.952882,1,0,0,2.44445,2.38889,2.63889,748.25,970,307.188,970,979.453,17.5078,93.6328,93.7031,18.4688,17.5781,780.506,61.5,1.26,0.813334,1.948,96.75,0,0,0,1.28125,0,4.5,4.5,4.5
34.433,0,0,0,0,0.844849,0.99997,1.01889,0,1,1,1,0,0.952882,1.00488,0,0,2.44445,2.38889,2.36111,747.5,970,306.602,970,979.453,17.4609,93.6328,93.7031,17.1563,17.6016,780.506,61.5,1.24,0.800001,1.928,96.75,0,0,0,1.04688,0,3.75,3.75,3.75
34.467,0,0,0,0,0.846192,0.99997,1.02069,0,1,1,1,0,0.952882,1.00733,0,0,2.5,2.41667,2.5,750.75,970,307.305,970,979.453,17.5313,93.6563,93.7031,17.9063,17.6016,780.506,61.5,1.256,0.810668,1.936,96.75,0,0,0,0.84375,0,3.75,3.75,3.75
34.5,0,0,0,0,0.847047,0.99997,1.02277,0,1,1,1,0,0.952882,1.01001,0,0,2.44445,2.41667,2.27778,753.5,970,305.117,970,979.453,17.3672,93.6563,93.7031,16.1953,17.5313,779.353,61.5,1.212,0.784001,1.892,96.75,0,0,0,0.84375,0,3,3,3
34.533,0,0,0,0,0.846131,0.99997,1.02548,0,1,1,1,0,0.952882,1.01319,0,0,2.44445,2.41667,2.41667,756,970,304.531,970,979.453,17.3203,93.6563,93.7031,17.0156,17.4375,779.353,61.5,1.232,0.794668,1.912,96.75,0,0,0,1.125,0,2.25,2.25,2.25
34.567,0,0,0,0,0.846619,0.99997,1.0267,0,1,1,1,0,0.952882,1.01319,0,0,2.44445,2.41667,2.44445,755.5,970,304.258,970,979.453,17.2969,93.6563,93.7031,17.1563,17.3906,779.353,61.5,1.236,0.797334,1.916,96.75,0,0,0,1.53125,0,3,3,3
34.6,0,0,0,0,0.847291,0.99997,1.02866,0,1,1,1,0,0.952882,1.01489,0,0,2.44445,2.41667,2.33334,758,970,302.578,970,979.453,17.1797,93.6563,93.7031,16.2656,17.3672,779.353,61.5,1.22,0.797334,1.9,96.75,0,0,0,1.26563,0,3,3,3
34.633,0,0,0,0,0.846741,0.99997,1.03189,0,1,1,1,0,0.952882,1.01831,0,0,2.44445,2.41667,2.58334,760.25,970,303.789,970,979.453,17.2734,93.6563,93.7031,17.9297,17.2734,779.353,60,1.256,0.786668,1.936,96.75,0,0,0,1.46875,0,2.25,2.25,2.25
34.667,0,0,0,0,0.84784,0.99997,1.03397,0,1,1,1,0,0.952882,1.02002,0,0,2.5,2.41667,2.58334,760.25,970,303.789,970,979.453,17.2734,93.6563,93.7031,17.9297,17.25,779.353,60,1.256,0.810668,1.936,96.75,0,0,0,1.375,0,2.25,2.25,2.25
34.7,0,0,0,0,0.848939,0.99997,1.03604,0,1,1,1,0,0.952882,1.02149,0,0,2.44445,2.41667,2.33334,761,970,301.953,970,979.453,17.1328,93.6563,93.7031,16.1484,17.1563,778.26,60,1.224,0.784001,1.904,96.75,0,0,0,1.375,0,2.25,2.25,2.25
34.733,0,0,0,0,0.848572,0.99997,1.03882,0,1,1,1,0,0.952882,1.02319,0,0,2.44445,2.44445,2.55556,760.25,970,302.813,970,979.453,17.2031,93.6563,93.7031,17.6719,17.1094,778.26,60,1.256,0.805334,1.936,96.75,0,0,0,1.6875,0,2.25,2.25,2.25
34.767,0,0,0,0,0.847657,0.99997,1.04111,0,1,1,1,0,0.952882,1.0249,0,0,2.44445,2.41667,2.30556,758.5,970,300.82,970,976.836,17.0625,93.6563,93.7031,15.9844,17.1094,778.26,60,1.22,0.781334,1.9,96.75,0,0,0,1.125,0,2.25,2.25,2.25
34.8,0,0,0,0,0.846436,0.99997,1.04199,0,1,1,1,0,0.952882,1.02319,0,0,2.44445,2.41667,2.61111,757.25,970,303.438,970,976.836,17.25,93.6563,93.7031,18.7031,17.0859,778.26,60,1.276,0.781334,1.956,96.75,0,0,0,1.15625,0,2.25,2.25,2.25
34.833,0,0,0,0,0.851319,0.99997,1.04566,0,1,1,1,0,0.952882,1.02661,0,0,2.44445,2.44445,2.55556,753,970,304.102,970,979.453,17.2969,93.6563,93.7031,17.6719,17.0859,778.26,60,1.256,0.824001,1.944,96.75,0,0,0,0.9375,0,3,3,3
34.867,0,0,0,0,0.85077,0.99997,1.04736,0,1,1,1,0,0.952882,1.02661,0,0,2.44445,2.44445,2.55556,753,970,304.102,970,976.836,17.2969,93.6563,93.7031,17.6719,17.0859,778.26,60,1.256,0.813334,1.944,96.75,0,0,0,1.14063,0,3,3,3
34.9,0,0,0,0,0.854554,0.99997,1.04993,0,1,1,1,0,0.952882,1.02832,0,0,2.44445,2.41667,2.55556,750.25,970,305.82,970,979.453,17.4141,93.6563,93.7031,18.375,17.1328,777.146,60,1.284,0.829334,1.972,96.75,0,0,0,0.921875,0,2.25,2.25,2.25
34.933,0,0,0,0,0.855164,0.99997,1.05304,0,1,1,1,0,0.952882,1.03003,0,0,2.44445,2.44445,2.61111,750,970,306.797,970,976.836,17.4844,93.6563,93.7031,18.0234,17.1797,777.146,60,1.28,0.829334,1.968,96.75,0,0,0,1.03125,0,2.25,2.25,2.25
34.967,0,0,0,0,0.856629,0.99997,1.05484,0,1,1,1,0,0.952882,1.03003,0,0,2.5,2.41667,2.44445,751.75,970,306.758,970,976.836,17.4844,93.6563,93.7031,17.4609,17.2031,777.146,60,1.276,0.826668,1.944,96.75,0,0,0,1.03125,0,2.25,2.25,2.25
