TimeStamp, dwkrz_0   , dwkrz_1   , dwkrz_2   , dwkrz_3   , fpvdk_w   , fra_w     , frm_w     , gangi     , lambts_w  , lamelsh_w , lamfa_w   , lamlash_w , lamsbg_w  , lamsoni_w , ldrlms_w  , ldtvm     , ml_w      , msdk_w    , mshfm_w   , nmot_w    , plsol     , ps_w      , pu        , pvdks_w   , rl_w      , rlmax_w   , rlmx_w    , rlroh_w   , rlsol_w   , tabgm_w   , tanslin   , te_w      , tevfakge_w, ti_b1     , tmotlin   , wdkba     , wdks      , wkrm      , wnwi_w    , wped_w    , zwist     , zwout     , zwsol     
  sec.ms , °KW       , °KW       , °KW       , °KW       , -         , -         , -         , gear      , -         , -         , -         , -         , -         , -         , , , g/s       , g/s       , g/s       , rpm       , mbar      , mbar      , mbar      , mbar      , , , , , , °C        , °C        , ms        , ms        , ms        , °C        , DK      , DK      , °KW       , °KW       , PED     , °KW       , °KW       , °KW       
TIME,IgnitionRetardCyl1,IgnitionRetardCyl4,IgnitionRetardCyl2,IgnitionRetardCyl3,,AdaptationPartial,LambdaControlAvg,SelectedGear,LambdaPartProtection,,TargetAFRDriverRequest,,AirFuelRatioDesired,AirFuelRatioCurrent,ChargeLimitEngineProtection,WastegateDutyCycle,,MassAirFlowAtThrottlePlate,MassAirFlow,EngineSpeed,BoostPressureDesired,,BaroPressure,BoostPressureActual,EngineLoad,EngineLoadCorrected,EngineLoadSpecified,,EngineLoadRequested,EGTModelBeforeCat,IntakeAirTemperature,EffInjectionTime,,FuelInjectorOnTime,CoolantTemperature,ThrottlePlateAngle,ThrottlePlateAngleRequested,AvgIgnitionRetardKnockControl,CamshaftAngle,AccelPedalPosition,IgnitionTimingAngle,IgnitionTimingAngleOverall,
0,0,0,0,0,0.941956,0.99997,1.11249,0,1,1,1,0,1,0.978517,0,0,4.36111,4.36111,4.38889,1502.25,970,259.18,970,968.906,15.3984,111.258,112.055,15.2813,16.3125,555.584,54.75,1.164,0.717334,1.844,93,1.56863,1.96079,-0.75,0.4375,6.83451,23.25,23.25,23.25
0.033,0,0,0,0,0.942017,0.99997,1.1109,0,1,1,1,0,1,0.976076,0,0,4.36111,4.38889,4.5,1504.75,970,259.141,970,968.906,15.3984,111.258,112.055,15.6563,16.3125,555.272,54.75,1.164,0.714668,1.844,93,1.56863,1.96079,-0.75,0.703125,6.83451,23.25,23.25,23.25
0.067,0,0,0,0,0.942445,0.99997,1.10782,0,1,1,1,0,1,0.972414,0,0,4.36111,4.47223,4.36111,1505.75,970,258.281,970,968.906,15.3281,111.281,112.195,15.1641,16.5703,555.272,54.75,1.148,0.709334,1.836,93,1.56863,1.96079,-0.75,0.53125,7.19309,24,24,24
0.1,0,0,0,0,0.941895,0.99997,1.10645,0,1,1,1,0,1,0.971193,0,0,4.36111,4.47223,4.61111,1506.25,970,259.336,970,968.906,15.3984,111.422,112.242,16.0078,16.5938,555.272,54.75,1.164,0.709334,1.852,93,1.56863,1.96079,-0.75,0.5,7.19309,24,24,24
0.133,0,0,0,0,0.9422,0.99997,1.10492,0,1,1,1,0,1,0.968507,0,0,4.36111,4.47223,4.47223,1505,970,259.336,970,968.906,15.3984,111.422,112.242,15.5391,16.6172,555.272,54.75,1.156,0.709334,1.844,93,1.56863,1.96079,-0.75,0.109375,7.19309,23.25,23.25,23.25
0.167,0,0,0,0,0.941956,0.99997,1.10291,0,1,1,1,0,1,0.967287,0,0,4.41667,4.61111,4.58334,1503.5,970,260.547,970,968.906,15.4922,111.422,112.219,15.9609,16.6641,555.272,54.75,1.164,0.717334,1.844,93,1.96079,1.96079,-0.75,0.203125,7.19309,23.25,23.25,23.25
0.2,0,0,0,0,0.941834,0.99997,1.10196,0,1,1,1,0,1,0.967287,0,0,4.41667,4.61111,4.75,1502.75,970,262.188,970,968.906,15.6094,111.375,112.148,16.5469,17.2969,555.272,54.75,1.184,0.720001,1.864,93,1.96079,1.96079,-0.75,0.515625,7.55321,24,24,24
0.233,0,0,0,0,0.942567,0.99997,1.10007,0,1,1,1,0,1,0.967287,0,0,4.47223,4.61111,4.75,1501,970,264.57,970,968.906,15.7734,111.375,112.148,16.5703,17.25,554.998,54.75,1.192,0.728001,1.872,93,1.96079,1.96079,-0.75,0.5625,7.55321,24,24,24
0.267,0,0,0,0,0.943604,0.99997,1.09821,0,1,1,1,0,1,0.968507,0,0,4.52778,4.69445,4.61111,1498.5,970,266.289,970,968.906,15.8906,111.281,112.031,16.1016,17.7656,554.998,54.75,1.248,0.776001,1.928,93,1.96079,1.96079,-0.75,0.4375,7.91332,24,24,24
0.3,0,0,0,0,0.943543,0.99997,1.09766,0,1,1,1,0,1,0.971193,0,0,4.52778,4.86111,4.88889,1497.75,970,268.164,970,968.906,16.0313,111.141,111.914,17.0859,17.7656,554.998,54.75,1.268,0.770668,1.948,93,1.96079,1.96079,-0.75,0.125,7.91332,24,24,24
0.333,0,0,0,0,0.94397,0.99997,1.09677,0,1,1,1,0,1,0.973634,0,0,4.63889,4.88889,5.02778,1497,970,272.813,970,968.906,16.3594,111.141,111.914,17.5781,18.3281,554.998,54.75,1.3,0.797334,1.98,93,1.96079,2.35294,-0.75,0.359375,8.27343,24.75,24.75,24.75
0.367,0,0,0,0,0.944703,0.99997,1.0943,0,1,1,1,0,1,0.974855,0,0,4.66667,4.97223,5.11112,1495.75,970,276.328,970,968.906,16.6172,111.023,111.867,17.8828,18.3281,554.998,54.75,1.316,0.797334,1.996,93,2.35294,2.35294,-0.75,0.4375,8.27343,25.5,25.5,25.5
0.4,0,0,0,0,0.94513,0.99997,1.09442,0,1,1,1,0,1,0.978517,0,0,4.66667,4.97223,5.11112,1496.25,970,278.281,970,968.906,16.7578,110.977,111.82,17.8828,18.1406,554.998,54.75,1.324,0.813334,2.004,93,2.35294,2.35294,-0.75,0.625,8.27343,25.5,25.5,25.5
0.433,0,0,0,0,0.947755,0.99997,1.09366,0,1,1,1,0,1,0.981203,0,0,4.77778,5.25,5.44445,1498.5,970,282.148,970,971.523,17.0156,110.977,111.82,18.4219,18.1172,554.705,54.75,1.34,0.813334,2.02,93,2.35294,2.35294,-0.75,0.609375,8.27343,25.5,25.5,25.5
0.467,0,0,0,0,0.945557,0.99997,1.09271,0,1,1,1,0,1,0.983644,0,0,4.88889,5.25,5.30556,1501.75,970,287.695,970,968.906,17.4141,110.953,111.914,18.6094,17.8594,554.705,54.75,1.356,0.850668,2.044,93,2.35294,2.35294,-0.75,0.296875,8.27343,27,27,27
0.5,0,0,0,0,0.946412,0.99997,1.09174,0,1,1,1,0,1,0.984865,0,0,4.94445,5.25,5.25,1502.25,970,289.18,970,968.906,17.5313,111.023,112.055,18.375,18.2578,554.705,54.75,1.352,0.845334,2.04,93,2.35294,2.35294,-0.75,0.109375,8.63202,27,27,27
0.533,0,0,0,0,0.949158,0.99997,1.091,0,1,1,1,0,1,0.984865,0,0,5.05556,5.25,5.36112,1505.5,970,291.563,970,971.523,17.6953,111.023,112.055,18.0938,18.1406,554.705,54.75,1.352,0.853334,2.04,93,2.35294,2.35294,-0.75,0.203125,8.63202,27,27,27
0.567,0,0,0,0,0.947327,0.99997,1.09204,0,1,1,1,0,1,0.986085,0,0,5.11112,5.22223,5.41667,1508,970,295.977,970,968.906,18,111.141,112.242,18.9375,18,554.705,54.75,1.336,0.832001,2.024,93,2.35294,2.35294,-0.75,0.359375,8.63202,27,27,27
0.6,0,0,0,0,0.948792,0.99997,1.09128,0,1,1,1,0,1,0.984865,0,0,5.16667,5.25,5.19445,1510,970,296.133,970,968.906,18,111.328,112.359,18.1172,17.9063,554.705,54.75,1.312,0.829334,2,93,2.35294,2.35294,-0.75,0.5625,8.63202,26.25,26.25,26.25
0.633,0,0,0,0,0.951478,0.99997,1.0907,0,1,1,1,0,1,0.983644,0,0,5.16667,5.22223,5.30556,1511.5,970,296.406,970,971.523,18.0234,111.328,112.359,17.8594,17.8828,554.393,54.75,1.312,0.824001,2,93,2.35294,2.35294,-0.75,0.65625,8.63202,24.75,24.75,24.75
0.667,0,0,0,0,0.949097,0.99997,1.09003,0,1,1,1,0,1,0.982423,0,0,5.16667,5.13889,5.27778,1511.25,970,297.891,970,968.906,18.1406,111.445,112.523,18.4219,18.3516,554.393,54.75,1.336,0.826668,2.016,93,2.35294,2.35294,-0.75,0.328125,8.99213,27.75,27.75,27.75
0.7,0,0,0,0,0.952637,0.99997,1.0892,0,1,1,1,0,1,0.979982,0,0,5.22223,5.13889,5.13889,1511.25,970,296.602,970,971.523,18.0938,111.82,112.5,17.3438,18.375,554.393,54.75,1.304,0.829334,1.984,93,2.35294,2.35294,-0.75,0.109375,8.99213,27.75,27.75,27.75
0.733,0,0,0,0,0.949036,0.99997,1.08835,0,1,1,1,0,1,0.977296,0,0,5.16667,5.11112,5.16667,1510.5,970,295.039,970,968.906,17.9766,111.82,112.5,18.2109,18.8203,554.393,54.75,1.324,0.794668,2.004,93,2.35294,2.35294,-0.75,0.09375,9.35224,27.75,27.75,27.75
0.767,0,0,0,0,0.949342,0.99997,1.08774,0,1,1,1,0,1,0.974855,0,0,5.16667,5.11112,5.11112,1508.25,970,295.547,970,968.906,18,111.516,112.477,17.9297,18.9844,554.393,54.75,1.312,0.824001,1.992,93,2.35294,2.35294,-0.75,0.484375,9.35224,27.75,27.75,27.75
0.8,0,0,0,0,0.952393,0.99997,1.08728,0,1,1,1,0,1,0.972414,0,0,5.16667,5.13889,5.13889,1506.75,970,294.609,970,971.523,17.9297,111.469,112.289,17.4141,19.7109,554.393,54.75,1.3,0.813334,1.98,93,2.35294,2.35294,-0.75,0.71875,9.71235,27.75,27.75,27.75
0.833,0,0,0,0,0.949342,0.99997,1.08548,0,1,1,1,0,1,0.971193,0,0,5.11112,5.13889,5.19445,1503.25,970,295.195,970,968.906,17.9766,111.469,112.289,18.4219,19.7813,554.041,54.75,1.332,0.813334,2.012,93,2.35294,2.35294,-0.75,0.5,9.71235,27.75,27.75,27.75
0.867,0,0,0,0,0.949952,0.99997,1.08405,0,1,1,1,0,1,0.969972,0,0,5.11112,5.22223,5.16667,1497,970,295.938,970,968.906,18.0469,111.281,112.125,18.2813,20.6953,554.041,54.75,1.388,0.861334,2.076,93,2.35294,2.7451,-0.75,0.09375,10.0709,27.75,27.75,27.75
0.9,0,0,0,0,0.952637,0.99997,1.08295,0,1,1,1,0,1,0.969972,0,0,5.11112,5.30556,5.36112,1494,970,297.305,970,971.484,18.1406,111.094,111.75,18.9375,21.4219,554.041,54.75,1.408,0.866668,2.096,93,2.35294,3.13726,-0.75,0.25,10.4311,27.75,27.75,27.75
0.933,0,0,0,0,0.949769,0.99997,1.08157,0,1,1,1,0,1,0.969972,0,0,5.11112,5.75,5.72223,1487,970,300.664,970,968.906,18.375,111.094,111.75,20.3672,22.2422,554.041,54.75,1.448,0.864001,2.136,93,2.7451,3.13726,-0.75,0.234375,10.7912,27.75,27.75,27.75
0.967,0,0,0,0,0.949769,0.99997,1.08045,0,1,1,1,0,1,0.971193,0,0,5.27778,6.02778,6.02778,1481,970,310.156,970,968.906,19.0547,110.742,111.492,21.4453,22.9219,554.041,54.75,1.488,0.944001,2.184,93,3.13726,3.13726,-0.75,0.390625,11.1498,27.75,27.75,27.75
1,0,0,0,0,0.950501,0.99997,1.07864,0,1,1,1,0,1,0.971193,0,0,5.36112,6.05556,6.44445,1478.25,970,316.25,970,968.906,19.5,110.508,111.281,22.9453,23.0859,554.041,54.75,1.544,0.944001,2.24,93,3.13726,3.13726,-0.75,0.53125,11.1498,28.5,28.5,28.5
1.033,0,0,0,0,0.954896,0.99997,1.0773,0,1,1,1,0,1,0.972414,0,0,5.52778,6.16667,6.33334,1473,970,324.961,970,971.523,20.1094,110.508,111.281,21.9844,23.1563,553.729,54.75,1.54,0.994668,2.236,93,3.13726,3.52941,-0.75,0.625,11.1498,30.75,30.75,30.75
1.067,0,0,0,0,0.953431,0.99997,1.07459,0,1,1,1,0,1,0.972414,0,0,5.75,6.47223,6.72223,1468.5,970,336.406,970,968.906,20.9297,110.297,110.977,24.0938,23.8594,553.729,54.75,1.608,1.02933,2.296,93,3.52941,3.52941,-0.75,0.25,11.5099,29.25,29.25,29.25
1.1,0,0,0,0,0.954774,0.99997,1.07306,0,1,1,1,0,1,0.972414,0,0,5.86112,6.47223,6.86112,1467.25,970,342.148,970,968.906,21.3281,110.039,110.813,24.5859,23.8594,553.729,54.75,1.64,1.04267,2.328,93,3.52941,3.52941,-0.75,0.125,11.5099,29.25,29.25,29.25
1.133,0,0,0,0,0.956361,0.99997,1.07114,0,1,1,1,0,1,0.969972,0,0,6,6.50001,6.88889,1465.25,970,351.484,970,968.906,21.9844,110.039,110.813,24.6797,23.8594,553.729,54.75,1.676,1.072,2.364,93,3.52941,3.52941,-0.75,0.21875,11.5099,29.25,29.25,29.25
1.167,0,0,0,0,0.958131,0.99997,1.06958,0,1,1,1,0,1,0.968507,0,0,6.16667,6.52778,6.72223,1464.75,970,354.766,970,968.906,22.2188,109.898,110.695,24.0703,23.8594,553.729,54.75,1.596,1.04,2.284,93,3.52941,3.52941,-0.75,0.609375,11.5099,29.25,29.25,29.25
1.2,0,0,0,0,0.959717,0.99997,1.06839,0,1,1,1,0,1,0.967287,0,0,6.27778,6.55556,6.88889,1464,970,362.266,970,968.906,22.7578,109.805,110.672,24.6797,23.8594,553.729,54.75,1.628,1.06133,2.308,93,3.52941,3.52941,-0.75,0.515625,11.5099,31.5,31.5,36
1.233,0,0,0,0,0.961243,0.99997,1.06699,0,1,1,1,0,1,0.966066,0,0,6.33334,6.55556,6.61112,1463.25,970,363.672,970,968.906,22.8516,109.805,110.672,23.6719,23.9063,553.436,54.75,1.6,1.04533,2.28,93,3.52941,3.52941,-0.75,0.4375,11.5099,31.5,31.5,36
1.267,0,0,0,0,0.961976,0.99997,1.06567,0,1,1,1,0,1,0.964845,0,0,6.44445,6.55556,6.91667,1461.5,970,368.438,970,968.906,23.2031,109.805,110.602,24.7969,23.8359,553.436,54.75,1.644,1.072,2.324,93,3.52941,3.52941,-0.75,0.125,11.5099,30.75,30.75,36
1.3,0,0,0,0,0.96338,0.99997,1.06372,0,1,1,1,0,1,0.962404,0,0,6.50001,6.58334,6.97223,1460.5,970,373.047,970,968.906,23.5313,109.758,110.555,25.0078,23.8359,553.436,54.75,1.66,1.072,2.34,93,3.52941,3.52941,-0.75,0.171875,11.5099,28.5,28.5,28.5
1.333,0,0,0,0,0.967347,0.99997,1.06229,0,1,1,1,0,1,0.961183,0,0,6.55556,6.58334,6.77778,1459.25,970,374.258,970,971.484,23.6016,109.758,110.555,24.3047,24.6797,553.436,54.75,1.648,1.07467,2.328,93,3.52941,3.52941,-0.75,0.328125,11.87,28.5,28.5,28.5
1.367,0,0,0,0,0.96576,0.99997,1.06033,0,1,1,1,0,1,0.959962,0,0,6.61112,6.55556,6.86112,1456.5,970,377.031,970,968.906,23.8125,109.711,110.438,24.7969,24.7734,553.436,54.75,1.668,1.088,2.348,93,3.52941,3.52941,-0.75,0.65625,11.87,28.5,28.5,28.5
1.4,0,0,0,0,0.969422,0.99997,1.06,0,1,1,1,0,1,0.961183,0,0,6.61112,6.80556,6.80556,1453,970,377.734,970,971.523,23.8594,109.617,110.32,24.0234,24.7969,553.436,54.75,1.644,1.07733,2.324,93,3.92157,3.52941,-0.75,0.640625,11.87,28.5,28.5,28.5
1.433,0,0,0,0,0.966614,0.99997,1.05814,0,1,1,1,0,1,0.961183,0,0,6.63889,6.77778,7.22223,1451.25,970,381.523,970,968.906,24.1172,109.617,110.32,26.2734,24.9375,553.163,54.75,1.72,1.12267,2.4,93,3.92157,3.92157,-0.75,0.171875,11.87,28.5,28.5,28.5
1.467,0,0,0,0,0.971375,0.99997,1.0553,0,1,1,1,0,1,0.962404,0,0,6.69445,6.80556,6.97223,1447.25,970,385.82,970,971.484,24.4219,109.5,110.18,25.3359,25.0078,553.163,54.75,1.792,1.16267,2.48,93,3.92157,3.92157,-0.75,0.078125,11.87,30,30,35.25
1.5,0,0,0,0,0.972047,0.99997,1.05487,0,1,1,1,0,1,0.964845,0,0,6.69445,6.83334,7.02778,1445.5,970,386.641,970,971.523,24.4922,109.383,109.969,24.9609,25.0547,553.163,54.75,1.796,1.15733,2.484,93,3.92157,3.92157,-0.75,0.25,11.87,30,30,35.25
1.533,0,0,0,0,0.972169,0.99997,1.05344,0,1,1,1,0,1,0.966066,0,0,6.75001,6.83334,7.08334,1441,970,388.672,970,971.523,24.6328,109.383,109.969,25.4531,25.0313,553.163,54.75,1.804,1.16533,2.492,93,3.92157,3.92157,-0.75,0.390625,11.87,30,30,35.25
1.567,0,0,0,0,0.973267,0.99997,1.05206,0,1,1,1,0,1,0.969972,0,0,6.75001,6.83334,6.97223,1439.25,970,390.898,970,971.523,24.7969,109.195,109.805,25.1953,25.1016,553.163,54.75,1.804,1.16267,2.492,93,3.92157,3.52941,-0.75,0.8125,11.87,30,30,35.25
1.6,0,0,0,0,0.973695,0.99997,1.05127,0,1,1,1,0,1,0.972414,0,0,6.75001,6.83334,7.02778,1437.5,970,391.953,970,971.523,24.8672,109.031,109.688,25.4766,25.1484,553.163,54.75,1.82,1.17333,2.508,93,3.92157,3.52941,-0.75,0.625,11.87,30,30,35.25
1.633,0,0,0,0,0.974244,0.99997,1.05023,0,1,1,1,0,1,0.974855,0,0,6.75001,6.83334,7.22223,1435,970,394.492,970,971.523,25.0547,109.031,109.688,26.2734,25.1953,552.889,54.75,1.836,1.16533,2.524,93,3.92157,3.52941,-0.75,0.359375,11.87,30,30,35.25
1.667,0,0,0,0,0.975648,0.99997,1.04858,0,1,1,1,0,1,0.976076,0,0,6.86112,6.86112,7.05556,1431.75,970,396.797,970,971.523,25.2188,108.938,109.594,25.7813,25.2422,552.889,54.75,1.828,1.18133,2.508,93.75,3.92157,3.52941,-0.75,0.171875,11.87,30,30,35.25
1.7,0,0,0,0,0.976441,0.99997,1.04691,0,1,1,1,0,1,0.976076,0,0,6.86112,6.86112,7.27778,1430,970,398.984,970,971.523,25.3594,108.844,109.477,26.625,25.3359,552.889,54.75,1.856,1.18133,2.536,93.75,3.92157,3.52941,-0.75,0.078125,11.87,30,30,35.25
1.733,0,0,0,0,0.977967,0.99997,1.04617,0,1,1,1,0,1,0.974855,0,0,6.91667,6.86112,7.22223,1427.75,970,400.703,970,971.523,25.4766,108.844,109.477,26.4609,25.4063,552.889,54.75,1.86,1.2,2.54,93.75,3.92157,3.52941,-0.75,0.546875,11.87,27.75,27.75,27.75
1.767,0,0,0,0,0.979249,0.99997,1.04498,0,1,1,1,0,1,0.972414,0,0,6.91667,6.88889,6.94445,1424,970,401.328,970,971.523,25.5234,108.75,109.266,25.5234,25.5469,552.889,54.75,1.748,1.128,2.428,93,3.92157,3.52941,-0.75,0.625,11.87,27,27,27
1.8,0,0,0,0,0.979554,0.99997,1.04285,0,1,1,1,0,1,0.968507,0,0,6.91667,6.86112,6.97223,1420.5,970,401.719,970,971.523,25.5703,108.539,109.148,25.6875,25.5469,552.889,54.75,1.732,1.128,2.412,93,3.92157,3.52941,-0.75,0.78125,11.87,27.75,27.75,27.75
1.833,0,0,0,0,0.979981,0.99997,1.0419,0,1,1,1,0,1,0.967287,0,0,6.86112,6.86112,6.80556,1418.25,970,401.016,970,971.523,25.5,108.539,109.148,25.125,25.8047,552.635,54.75,1.712,1.11467,2.392,93,3.92157,3.52941,-0.75,0.359375,11.87,27.75,27.75,27.75
1.867,0,0,0,0,0.979676,0.99997,1.04047,0,1,1,1,0,1,0.963625,0,0,6.86112,6.86112,7.00001,1413.5,970,401.094,970,971.523,25.5234,108.422,108.984,25.9219,25.8984,552.635,54.75,1.724,1.12533,2.404,93,3.92157,3.52941,-0.75,0.234375,11.87,29.25,29.25,34.5
1.9,0,0,0,0,0.980103,0.99997,1.03894,0,1,1,1,0,1,0.961183,0,0,6.80556,6.80556,6.80556,1407.25,970,400.664,970,971.523,25.4766,108.281,108.703,25.3125,25.9922,552.635,54.75,1.704,1.11733,2.384,93,3.52941,3.52941,-0.75,0.328125,11.87,29.25,29.25,34.5
1.933,0,0,0,0,0.980103,0.99997,1.03766,0,1,1,1,0,1,0.959962,0,0,6.80556,6.80556,6.94445,1403.5,970,401.289,970,971.523,25.5234,108.281,108.703,25.8984,26.0859,552.635,54.75,1.724,1.12533,2.404,93,3.92157,3.92157,-0.75,0.15625,11.87,29.25,29.25,34.5
1.967,0,0,0,0,0.98053,0.99997,1.03656,0,1,1,1,0,1,0.959962,0,0,6.75001,6.80556,6.94445,1396.25,970,402.07,970,971.523,25.5938,108,108.445,26.0391,26.1797,552.635,54.75,1.736,1.13067,2.424,93,3.92157,3.92157,-0.75,0.65625,11.87,29.25,29.25,34.5
2,0,0,0,0,0.980897,0.99997,1.03601,0,1,1,1,0,1,0.961183,0,0,6.75001,6.80556,6.83334,1392.5,970,402.188,970,971.523,25.5938,107.742,108.047,25.6875,26.3438,552.635,54.75,1.716,1.13067,2.404,93,3.92157,3.92157,-0.75,0.546875,11.87,29.25,29.25,34.5
2.033,0,0,0,0,0.980836,0.99997,1.03433,0,1,1,1,0,1,0.962404,0,0,6.75001,6.80556,6.91667,1384,970,402.969,970,971.523,25.6406,107.742,108.047,26.1563,26.4844,552.342,54.75,1.732,1.12,2.42,93,3.92157,3.92157,-0.75,0.453125,11.87,30,30,34.5
2.067,0,0,0,0,0.980958,0.99997,1.03232,0,1,1,1,0,1,0.966066,0,0,6.69445,6.86112,6.83334,1379,970,403.438,970,971.523,25.6875,107.344,107.742,25.9453,26.6953,552.342,54.75,1.808,1.18133,2.496,93,3.92157,3.92157,-0.75,0.390625,11.87,29.25,29.25,34.5
2.1,0,0,0,0,0.98053,0.99997,1.03113,0,1,1,1,0,1,0.968507,0,0,6.69445,6.86112,6.91667,1370.75,970,403.867,970,971.523,25.7109,107.086,107.414,26.4141,26.8125,552.342,54.75,1.824,1.16533,2.512,93,3.92157,3.92157,-0.75,0.265625,11.87,29.25,29.25,34.5
2.133,0,0,0,0,0.982972,0.99997,1.03095,0,1,1,1,0,1,0.972414,0,0,6.63889,6.86112,6.80556,1366.25,970,404.453,970,974.141,25.7578,107.086,107.414,26.0859,27.0469,552.342,54.75,1.824,1.184,2.512,93,3.92157,3.92157,-0.75,0.53125,11.87,29.25,29.25,34.5
2.167,0,0,0,0,0.980103,0.99997,1.03037,0,1,1,1,0,1,0.977296,0,0,6.63889,6.88889,6.88889,1359,970,406.602,970,971.523,25.8984,106.758,107.086,26.6719,27.1406,552.342,54.75,1.836,1.192,2.516,93,3.92157,3.92157,-0.75,0.734375,11.87,30,30,34.5
2.2,0,0,0,0,0.980225,0.99997,1.02936,0,1,1,1,0,1,0.981203,0,0,6.63889,6.86112,6.77778,1355.25,970,407.227,970,971.523,25.9453,106.43,106.688,26.2969,27.3047,552.342,54.75,1.836,1.192,2.516,93,3.92157,3.92157,-0.75,0.859375,11.87,30,30,34.5
2.233,0,0,0,0,0.982972,0.99997,1.0293,0,1,1,1,0,1,0.984865,0,0,6.69445,6.88889,6.72223,1348,970,408.203,970,974.18,26.0156,106.43,106.688,25.5703,27.4219,552.069,54.75,1.824,1.216,2.504,93,3.92157,3.92157,-0.75,0.859375,11.87,29.25,29.25,34.5
2.267,0,0,0,0,0.979554,0.99997,1.02829,0,1,1,1,0,1,0.987306,0,0,6.63889,6.94445,6.88889,1343.75,970,409.766,970,971.523,26.1328,106.055,106.406,27.0234,27.6094,552.069,54.75,1.852,1.208,2.532,93,3.92157,3.92157,-0.75,0.453125,11.87,29.25,29.25,34.5
2.3,0,0,0,0,0.979737,0.99997,1.02795,0,1,1,1,0,1,0.989992,0,0,6.69445,6.88889,7.16667,1334.5,970,415.391,970,971.523,26.5313,105.773,106.102,28.2422,27.6563,552.069,54.75,1.916,1.224,2.596,93,3.92157,3.92157,-0.75,0.390625,11.87,28.5,28.5,33.75
2.333,0,0,0,0,0.983399,0.99997,1.02829,0,1,1,1,0,1,0.989992,0,0,6.75001,6.94445,7.22223,1331,970,418.477,970,974.141,26.7422,105.773,106.102,28.5,27.9141,552.069,54.75,1.936,1.25333,2.616,93,3.92157,3.92157,-0.75,0.453125,11.87,28.5,28.5,33.75
2.367,0,0,0,0,0.984498,0.99997,1.02878,0,1,1,1,0,1,0.989992,0,0,6.75001,6.97223,7.05556,1323,970,421.367,970,974.18,26.9531,105.492,105.797,27.5156,28.125,552.069,54.75,1.828,1.184,2.508,93.75,3.92157,3.92157,-0.75,0.703125,11.87,26.25,26.25,26.25
2.4,0,0,0,0,0.981934,0.99997,1.0286,0,1,1,1,0,1,0.988527,0,0,6.75001,7.00001,7.00001,1318.5,970,423.164,970,971.523,27.0703,105.188,105.328,28.1016,28.3594,552.069,54.75,1.836,1.19733,2.516,93.75,3.92157,3.92157,-0.75,0.875,11.87,27.75,27.75,33
2.433,0,0,0,0,0.982423,0.99997,1.02844,0,1,1,1,0,1,0.987306,0,0,6.80556,7.00001,7.22223,1314.75,970,426.172,970,971.523,27.2813,105.188,105.328,28.9922,28.4297,551.737,54.75,1.872,1.224,2.552,93.75,3.92157,3.92157,-0.75,0.796875,11.87,27.75,27.75,33
2.467,0,0,0,0,0.986085,0.99997,1.02799,0,1,1,1,0,1,0.986085,0,0,6.80556,7.02778,6.94445,1306.75,970,427.891,970,974.18,27.4219,104.742,105.094,27.3516,28.6406,551.737,54.75,1.824,1.192,2.504,93,3.92157,3.92157,-0.75,0.5625,11.87,26.25,26.25,26.25
2.5,0,0,0,0,0.98523,0.99997,1.02853,0,1,1,1,0,1,0.986085,0,0,6.80556,6.97223,7.30556,1298.25,970,430.977,970,974.18,27.6328,104.531,104.766,29.2031,28.6875,551.737,54.75,1.888,1.19733,2.576,93,3.92157,3.92157,-0.75,0.5625,11.87,28.5,28.5,33
2.533,0,0,0,0,0.98578,0.99997,1.02915,0,1,1,1,0,1,0.984865,0,0,6.80556,7.02778,6.94445,1294.5,970,431.367,970,974.18,27.6563,104.531,104.766,27.8906,28.8516,551.737,54.75,1.856,1.208,2.544,93,3.92157,3.92157,-0.75,0.578125,11.87,28.5,28.5,33
2.567,0,0,0,0,0.983338,0.99997,1.02884,0,1,1,1,0,1,0.983644,0,0,6.80556,6.97223,7.22223,1285.25,970,436.641,970,971.523,28.0313,104.203,104.461,29.7656,29.0625,551.737,54,1.928,1.23467,2.608,93,3.92157,3.92157,-0.75,0.78125,11.87,28.5,28.5,33
2.6,0,0,0,0,0.987122,0.99997,1.02887,0,1,1,1,0,1,0.983644,0,0,6.80556,6.97223,7.11112,1281,970,437.734,970,974.18,28.1016,103.898,104.109,28.7344,28.9688,551.737,54,1.908,1.256,2.588,93,3.92157,3.92157,-0.75,0.75,11.87,27.75,27.75,33
2.633,0,0,0,0,0.984925,0.99997,1.02832,0,1,1,1,0,1,0.984865,0,0,6.86112,7.02778,7.19445,1277.25,970,439.492,970,971.523,28.2422,103.898,104.109,29.2266,29.2031,551.444,54,1.916,1.248,2.596,93,3.92157,3.92157,-0.75,1,11.87,27.75,27.75,33
2.667,0,0,0,0,0.98816,0.99997,1.02838,0,1,1,1,0,1,0.988527,0,0,6.80556,7.00001,6.94445,1269.5,970,441.133,970,974.18,28.3594,103.594,103.828,28.3594,29.2969,551.444,54,1.984,1.296,2.664,93,3.92157,3.92157,-0.75,0.765625,11.87,26.25,26.25,26.25
2.7,0,0,0,0,0.987977,0.99997,1.02835,0,1,1,1,0,1,0.989992,0,0,6.80556,7.05556,7.08334,1266.75,970,442.227,970,974.18,28.4297,103.313,103.453,29.0625,29.5781,551.444,54,2.016,1.296,2.696,93,3.92157,3.92157,-0.75,0.578125,11.87,26.25,26.25,26.25
2.733,0,0,0,0,0.987672,0.99997,1.02783,0,1,1,1,0,1,0.991212,0,0,6.80556,7.00001,6.83334,1263.25,970,441.797,970,974.18,28.4063,103.313,103.453,28.1719,29.6719,551.444,54,1.996,1.29333,2.676,93,3.92157,3.92157,-0.75,0.609375,11.87,28.5,28.5,33
2.767,0,0,0,0,0.986939,0.99997,1.02823,0,1,1,1,0,1,0.994142,0,0,6.80556,7.02778,7.11112,1257,970,444.18,970,974.18,28.5703,102.938,103.195,29.5313,29.8125,551.444,54,2.044,1.32533,2.732,93,3.92157,3.92157,-0.75,0.484375,11.87,27.75,27.75,33
2.8,0,0,0,0,0.987183,0.99997,1.02789,0,1,1,1,0,1,0.995607,0,0,6.80556,7.02778,6.91667,1253.75,970,444.57,970,974.18,28.5938,102.68,102.961,28.8281,29.6953,551.444,54,2.032,1.31467,2.72,93,3.92157,3.92157,-0.75,0.703125,11.87,27.75,27.75,33
2.833,0,0,0,0,0.986939,0.99997,1.02795,0,1,1,1,0,1,0.998537,0,0,6.80556,7.02778,7.11112,1250.25,970,446.328,970,974.18,28.7109,102.68,102.961,29.7188,29.7891,551.17,54,2.052,1.33067,2.74,93,3.92157,3.92157,-0.75,1.07813,11.87,27.75,27.75,33
2.867,0,0,0,0,0.986878,0.99997,1.02753,0,1,1,1,0,1,1.00171,0,0,6.80556,6.97223,7.00001,1242.75,970,448.438,970,974.18,28.8516,102.492,102.703,29.4609,30.2109,551.17,54,2.056,1.33067,2.744,93.75,3.92157,3.92157,-0.75,0.90625,11.87,28.5,28.5,32.25
2.9,0,0,0,0,0.986939,0.99997,1.02771,0,1,1,1,0,1,1.00366,0,0,6.80556,7.02778,7.00001,1239.5,970,449.531,970,974.18,28.9453,102.469,102.445,29.5547,30.3516,551.17,54,2.06,1.33333,2.748,93.75,3.92157,3.92157,-0.75,0.8125,11.87,28.5,28.5,32.25
2.933,0,0,0,0,0.986573,0.99997,1.02844,0,1,1,1,0,1,1.00366,0,0,6.80556,7.02778,6.88889,1231,970,450,970,974.18,29.0391,102.469,102.445,29.2969,30.7266,551.17,54,2.068,1.33067,2.756,93.75,3.92157,3.92157,-0.75,0.578125,11.87,24.75,24.75,24.75
2.967,0,0,0,0,0.985718,0.99997,1.0289,0,1,1,1,0,1,1.00171,0,0,6.80556,7.02778,7.05556,1227.25,970,451.641,970,974.18,29.1563,101.977,102.141,30.0938,31.2656,551.17,54,1.992,1.28533,2.68,93,3.92157,3.92157,-0.75,0.34375,11.87,27,27,31.5
3,0,0,0,0,0.98578,0.99997,1.02814,0,1,1,1,0,1,1,0,0,6.80556,7.02778,7.00001,1223,970,452.93,970,974.18,29.25,101.719,101.836,29.9766,32.2031,551.17,54,1.992,1.29333,2.672,93,3.92157,3.92157,-0.75,0.75,12.2301,27,27,31.5
3.033,0,0,0,0,0.986207,0.99997,1.02823,0,1,1,1,0,1,0.998537,0,0,6.80556,7.08334,7.27778,1215.5,970,458.594,970,974.18,29.6484,101.719,101.836,31.3359,32.3906,550.819,54,2.044,1.30933,2.724,93,3.92157,3.92157,-0.75,0.703125,12.2301,26.25,26.25,31.5
3.067,0,0,0,0,0.987,0.99997,1.02881,0,1,1,1,0,1,0.998537,0,0,6.86112,7.16667,7.25001,1212,970,461.211,970,974.18,29.8359,101.438,101.578,31.3125,32.6484,550.819,54,2.056,1.33067,2.736,93.75,3.92157,3.92157,-0.75,0.890625,12.2301,26.25,26.25,31.5
3.1,0,0,0,0,0.987122,0.99997,1.02899,0,1,1,1,0,1,0.997072,0,0,6.86112,7.33334,7.25001,1207.25,970,463.75,970,974.18,30,101.156,101.273,31.4531,32.8594,550.819,54,2.072,1.33867,2.752,93.75,3.92157,3.92157,-0.75,1.07813,12.2301,26.25,26.25,31.5
3.133,0,0,0,0,0.986939,0.99997,1.02954,0,1,1,1,0,1,0.997072,0,0,6.86112,7.30556,7.25001,1199,970,468.672,970,974.18,30.3516,101.156,101.273,31.6641,33.3047,550.819,54,2.092,1.34934,2.772,93.75,3.92157,3.92157,-0.75,0.828125,12.2301,24.75,24.75,24.75
3.167,0,0,0,0,0.986634,0.99997,1.03088,0,1,1,1,0,1,0.997072,0,0,6.91667,7.33334,7.25001,1193.5,970,470.938,970,974.18,30.5156,100.898,100.969,31.8047,33.7734,550.819,54,2.116,1.36534,2.796,93.75,3.92157,3.92157,-0.75,0.53125,12.2301,26.25,26.25,30.75
3.2,0,0,0,0,0.986329,0.99997,1.03165,0,1,1,1,0,1,0.998537,0,0,6.91667,7.36112,7.33334,1189.25,970,473.672,970,974.18,30.7031,100.664,100.617,32.2734,34.0078,550.819,54,2.14,1.38134,2.82,93.75,4.31373,4.31373,-0.75,0.59375,12.2301,26.25,26.25,30.75
3.233,0,0,0,0,0.985718,0.99997,1.03177,0,1,1,1,0,1,1,0,0,6.97223,7.75001,8.11112,1180.5,970,485.195,970,974.18,31.5,100.664,100.617,35.9766,34.3125,550.467,54,2.264,1.38934,2.944,93.75,4.31373,4.31373,-0.75,0.59375,12.2301,25.5,25.5,30.75
3.267,-1.5,0,-1.5,0,0.986634,0.99997,1.0322,0,1,1,1,0,1,1.00488,0,0,7.08334,7.63889,7.75001,1175.5,970,489.922,970,974.18,31.8047,100.289,100.289,34.5234,35.4141,550.467,54,2.372,1.528,3.052,93,4.31373,4.31373,-0.75,0.765625,12.5887,25.5,25.5,30.75
3.3,-1.5,0,-1.5,0,0.986939,0.99997,1.03351,0,1,1,1,0,1,1.00855,0,0,7.13889,7.72223,7.72223,1172.25,970,494.141,970,974.18,32.1094,99.9844,99.9844,34.5,35.6484,550.467,54,2.384,1.536,3.064,93,4.31373,4.31373,-0.75,1.09375,12.5887,22.5,22.5,22.5
3.333,-1.5,0,-1.5,0,0.986756,0.99997,1.03391,0,1,1,1,0,1,1.01001,0,0,7.19445,7.8889,7.91667,1165.5,970,503.438,970,974.18,32.7422,99.9844,99.9844,35.5781,35.9063,550.467,54,2.448,1.54934,3.128,93,4.31373,4.31373,-0.75,1.14063,12.5887,22.5,22.5,22.5
3.367,-1.5,0,-1.5,0,0.986695,0.99997,1.03577,0,1,1,1,0,1,1.01489,0,0,7.30556,7.91667,7.91667,1162.5,970,508.008,970,974.18,33.0469,99.6797,99.75,35.6484,36.9375,550.467,54,2.468,1.58934,3.148,93,4.31373,4.31373,-0.75,1.0625,12.9488,25.5,25.5,29.25
3.4,-1.5,0,-1.5,0,0.986634,0.99997,1.03586,0,1,1,1,0,1,1.0166,0,0,7.33334,7.91667,7.8889,1161,970,511.953,970,974.18,33.3281,99.4453,99.5859,35.5781,36.9844,550.467,54,2.476,1.59467,3.156,93,4.31373,4.31373,-0.75,0.75,12.9488,21.75,21.75,21.75
3.433,-1.5,0,-1.5,0,0.986451,0.99997,1.03586,0,1,1,1,0,1,1.0166,0,0,7.38889,7.8889,7.80556,1159.75,970,514.961,970,974.18,33.5391,99.4453,99.5859,35.25,37.8516,550.135,54,2.476,1.59467,3.156,93,4.31373,4.31373,-0.75,0.671875,13.3089,24,24,29.25
3.467,-1.5,0,-1.5,0,0.986207,0.99997,1.03726,0,1,1,1,0,1,1.01831,0,0,7.44445,8.00001,7.69445,1156.25,970,519.766,970,974.18,33.8672,99.2813,99.4922,34.8516,37.9453,550.135,54,2.496,1.60534,3.176,93,4.70588,4.70588,-0.75,0.5625,13.3089,24.75,24.75,28.5
3.5,-1.5,0,-1.5,0,0.985047,0.99997,1.0369,0,1,1,1,0,1,1.0166,0,0,7.50001,8.05556,8.08334,1154.25,970,524.141,970,974.18,34.1719,99.2109,99.3281,36.6563,38.0859,550.135,54,2.568,1.65067,3.248,93,4.70588,4.70588,-0.75,0.875,13.3089,23.25,23.25,28.5
3.533,-1.5,0,-1.5,0,0.985047,0.99997,1.0387,0,1,1,1,0,1,1.01489,0,0,7.55556,8.25001,8.22223,1152.5,970,529.141,970,974.18,34.5234,99.2109,99.3281,37.3594,38.1563,550.135,54,2.604,1.672,3.284,93,4.70588,4.70588,-0.75,0.953125,13.3089,24,24,28.5
3.567,-1.5,0,-1.5,0,0.985413,0.99997,1.03784,0,1,1,1,0,1,1.01001,0,0,7.72223,8.30556,8.52778,1149,970,541.602,970,974.18,35.3906,99.0469,99.2578,38.8828,38.2266,550.135,54,2.56,1.64534,3.248,93.75,4.70588,4.70588,-0.75,0.953125,13.3089,24,24,29.25
3.6,-1.5,0,-1.5,0,0.986146,0.99997,1.03757,0,1,1,1,0,1,1.00611,0,0,7.72223,8.30556,8.16667,1149,970,544.453,970,974.18,35.5781,99,99.1406,37.2188,38.2969,550.135,54,2.536,1.64534,3.224,93.75,4.70588,4.70588,-0.75,1.01563,13.3089,21,21,21
3.633,-1.5,0,-1.5,0,0.985657,0.99997,1.03757,1,1,1,1,0,1,1.00171,0,0,7.83334,8.33334,8.36112,1149.25,970,548.359,970,974.18,35.8594,99,99.1406,38.0859,39.0938,549.823,54,2.572,1.65334,3.26,93.75,4.70588,4.70588,-0.75,1.04688,13.669,23.25,23.25,28.5
3.667,-1.5,0,-1.5,0,0.984986,0.99997,1.03708,1,1,1,1,0,1,0.995607,0,0,7.83334,8.30556,8.41667,1148.5,970,553.242,970,974.18,36.2109,98.8828,99.1406,38.3672,39,549.823,54,2.596,1.624,3.284,93,4.70588,4.70588,-0.75,0.78125,13.669,23.25,23.25,27.75
3.7,-1.5,0,-1.5,0,0.984925,0.99997,1.03677,1,1,1,1,0,1,0.992677,0,0,7.8889,8.25001,8.00001,1148.25,970,553.672,970,974.18,36.2344,98.8828,99.1172,36.4922,39.0234,549.823,54,2.548,1.66934,3.236,93,4.70588,4.70588,-0.75,0.546875,13.669,20.25,20.25,20.25
3.733,-1.5,0,-1.5,0,0.984498,0.99997,1.03711,1,1,1,1,0,1,0.989992,0,0,7.8889,8.44445,8.02778,1146.25,970,553.359,970,974.18,36.2109,98.8828,99.1172,36.0469,39.9844,549.823,54,2.524,1.62134,3.212,93,4.70588,4.70588,-0.75,0.8125,14.0276,22.5,22.5,27.75
3.767,-1.5,0,-1.5,0,0.985291,0.99997,1.03616,1,1,1,1,0,1,0.987306,0,0,7.94445,8.41667,8.47223,1147.25,970,557.422,970,976.836,36.4922,98.8828,99.0469,38.8125,39.9141,549.823,54,2.62,1.68267,3.308,93.75,4.70588,4.70588,-0.75,0.953125,14.0276,20.25,20.25,20.25
3.8,-1.5,0,-1.5,0,0.984803,0.99997,1.03531,1,1,1,1,0,1,0.987306,0,0,7.97223,8.44445,8.47223,1147.25,970,561.367,970,976.836,36.7734,98.7891,99.0234,38.2969,39.9609,549.823,54,2.62,1.65867,3.308,93.75,4.70588,5.09804,-0.75,1.03125,14.0276,21,21,21
3.833,-1.5,0,-1.5,0,0.98169,0.99997,1.03345,1,1,1,1,0,1,0.987306,0,0,8.08334,8.66667,8.58334,1145.5,970,565.703,970,974.18,37.0781,98.7891,99.0234,39.5391,39.8906,549.549,54,2.656,1.70667,3.344,93.75,5.09804,5.09804,-0.75,1.1875,14.0276,21,21,21
3.867,-1.5,0,-1.5,0,0.98462,0.99997,1.03308,1,1,1,1,0,1,0.988527,0,0,8.19445,8.6389,8.8889,1147,970,571.563,970,976.836,37.5,98.7891,99,40.8047,39.8672,549.549,54,2.848,1.82934,3.536,93.75,5.09804,5.09804,-0.75,1.10938,14.0276,20.25,20.25,20.25
3.9,-1.5,0,-1.5,0,0.985108,0.99997,1.03235,1,1,1,1,0,1,0.989992,0,0,8.19445,8.69445,8.61112,1146.25,970,573.789,970,976.836,37.6641,98.7656,99.0469,38.9297,39.9375,549.549,54,2.796,1.79467,3.476,93.75,5.09804,5.09804,-0.75,4.92188,14.0276,20.25,20.25,20.25
3.933,-1.5,0,-1.5,0,0.984742,0.99997,1.03079,1,1,1,1,0,1,0.991212,0,0,8.25001,8.66667,8.44445,1147.75,970,577.148,970,976.836,37.8984,98.7656,99.0469,38.2734,40.7578,549.549,54,2.78,1.81334,3.46,93.75,5.09804,5.09804,-0.75,7.64063,14.3877,21,21,21
3.967,-1.5,0,-1.5,0,0.983887,0.99997,1.03052,1,1,1,1,0,1,0.994142,0,0,8.30556,8.58334,8.55556,1150,970,578.477,970,976.836,37.9922,98.8125,99.0938,38.7656,42.0234,549.549,54,2.8,1.79734,3.488,93.75,5.09804,5.09804,-0.75,12.0469,15.1079,21.75,21.75,22.5
4,-1.5,0,-1.5,0,0.983582,0.99997,1.02918,1,1,1,1,0,1,0.995607,0,0,8.36112,8.6389,8.55556,1153.5,970,579.57,970,976.836,38.0625,99,99.3047,38.6953,42.5625,549.549,54,2.8,1.79734,3.488,93.75,5.09804,5.4902,-0.75,13.9375,15.4665,22.5,22.5,22.5
4.033,-1.5,0,-1.5,0,0.983277,0.99997,1.0268,1,1,1,1,0,1,0.992677,0,0,8.1389,8.66667,8.6389,1159.5,970,580.859,970,976.836,36.9844,99,99.3047,38.9063,43.6641,549.256,54,2.712,1.74134,3.4,93.75,5.4902,5.4902,-0.75,15.4688,16.1867,23.25,23.25,24
4.067,-1.5,0,-1.5,0,0.982484,0.99997,1.02548,1,1,1,1,0,1,0.991212,0,0,8.25001,9.27779,9.19445,1182.25,970,591.016,970,976.836,36.8203,97.9453,99.9141,40.6875,42.3984,549.256,54,2.716,1.74667,3.404,93,5.4902,5.4902,-0.75,16.3594,16.1867,23.25,23.25,23.25
4.1,-1.5,0,-1.5,0,0.982178,0.99997,1.02524,1,1,1,1,0,1,0.988527,0,0,8.47223,9.33334,9.11112,1197.5,970,595.703,970,976.836,37.1484,99.1406,100.922,39.8203,40.9219,549.256,54,2.764,1.776,3.452,93,5.4902,5.4902,-0.75,17.9688,16.1867,25.5,25.5,25.5
4.133,-1.5,0,-1.5,0,0.981568,0.99997,1.02347,1,1,1,1,0,1,0.983644,0,0,8.58334,9.41667,9.36112,1216.75,970,600.547,970,976.836,36.9609,99.1406,100.922,40.2422,39.5625,549.256,54,2.736,1.76,3.424,93,5.4902,5.4902,-0.75,18.7969,16.1867,24,24,24
4.167,-1.5,0,-1.5,0,0.984376,0.99997,1.02136,1,1,1,1,0,1,0.978517,0,0,8.83334,9.16667,9.19445,1258,970,606.406,970,979.414,37.0078,100.148,102.375,38.2734,37.3594,549.256,54,2.54,1.63467,3.228,93.75,5.4902,5.4902,-0.75,19.25,16.1867,26.25,26.25,26.25
4.2,-1.5,0,-1.5,0,0.984132,0.99997,1.01981,1,1,1,1,0,1,0.974855,0,0,8.94445,9.11112,9.00001,1277.25,970,605.234,970,979.453,36.9141,101.789,103.828,36.2813,36.8203,549.256,54,2.468,1.592,3.156,93.75,5.4902,5.09804,-0.75,19.9219,16.1867,27,27,27
4.233,-1.5,0,-1.5,0,0.983399,0.99997,1.01813,1,1,1,1,0,1,0.972414,0,0,9.00001,8.83334,8.75001,1309,970,600.273,970,979.453,36.2578,101.789,103.828,34.6641,36.1641,549.061,54,2.38,1.536,3.068,93.75,5.09804,5.09804,-0.75,20.9688,16.1867,24.75,24.75,24.75
4.267,-1.5,0,0,0,0.982789,0.99997,1.01679,1,1,1,1,0,1,0.971193,0,0,9.05556,8.8889,8.86112,1319.25,970,598.164,970,979.453,36.0234,103.289,105,34.8984,35.7891,549.061,54,2.38,1.53067,3.068,93.75,5.09804,5.09804,-0.75,21.1563,16.1867,25.5,25.5,25.5
4.3,0,0,0,0,0.982606,0.99997,1.01477,1,1,1,1,0,1,0.968507,0,0,9.05556,8.80556,8.75001,1330.5,970,593.828,970,979.453,35.5547,104.672,105.609,34.2891,35.8828,549.061,54,2.348,1.53067,3.036,93.75,5.09804,5.09804,-0.75,21.4063,16.1867,27.75,27.75,27.75
4.333,0,0,0,0,0.982362,0.99997,1.01349,1,1,1,1,0,1,0.967287,0,0,9.00001,8.80556,8.83334,1333.5,970,592.266,970,979.453,35.4375,104.672,105.609,34.5703,35.5781,549.061,54,2.356,1.50934,3.044,93.75,5.09804,5.09804,-0.75,21.2344,16.1867,30.75,30.75,35.25
4.367,0,0,0,0,0.982423,0.99997,1.01236,1,1,1,1,0,1,0.968507,0,0,8.94445,8.86112,8.72223,1338.5,970,587.852,970,979.453,35.1094,105.164,105.891,33.4453,35.6016,549.061,54,2.316,1.48267,2.996,93,5.09804,5.09804,-0.75,20.9375,16.1867,32.25,32.25,36
4.4,0,0,0,0,0.983948,0.99997,1.01178,1,1,1,1,0,1,0.972414,0,0,8.94445,8.83334,8.8889,1342,970,587.266,970,982.07,35.0859,105.586,106.195,34.7578,35.5547,549.061,54,2.348,1.504,3.028,93,5.09804,5.09804,-0.75,20.9531,16.1867,33,33,36.75
4.433,0,0,0,0,0.984254,0.99997,1.00909,1,1,1,1,0,1,0.973634,0,0,8.94445,8.94445,8.8889,1355,970,584.844,970,982.109,34.8984,105.586,106.195,33.9375,36.0469,548.807,54,2.312,1.496,2.992,93,5.09804,5.09804,-0.75,20.8281,16.5469,32.25,32.25,36
4.467,0,0,0,0,0.984009,0.99997,1.00803,1,1,1,1,0,1,0.976076,0,0,9.05556,8.91667,8.91667,1367.25,970,584.141,970,982.109,34.8516,105.891,106.664,34.4531,35.4844,548.807,53.25,2.44,1.56267,3.12,93.75,5.09804,5.09804,-0.75,21.3281,16.5469,32.25,32.25,36.75
4.5,0,0,0,0,0.983887,0.99997,1.00732,1,1,1,1,0,1,0.978517,0,0,9.11112,8.94445,8.94445,1395.25,970,579.883,970,982.109,34.5469,106.336,107.555,33.2813,35.1328,548.807,53.25,2.4,1.54134,3.08,93.75,5.09804,5.09804,-0.75,21.625,16.5469,33,33,36.75
4.533,0,0,0,0,0.983582,0.99997,1.00601,1,1,1,1,0,1,0.982423,0,0,9.22223,8.97223,8.97223,1410.5,970,577.578,970,982.109,34.3828,106.336,107.555,33.0938,33.9844,548.807,53.25,2.384,1.52,3.064,93.75,5.4902,5.4902,-0.75,21.2188,16.5469,33,33,36.75
4.567,0,0,0,0,0.982789,0.99997,1.00598,1,1,1,1,0,1,0.987306,0,0,9.30556,9.1389,9.16667,1441,970,573.828,970,982.109,34.1016,107.227,109.313,33.1875,32.9766,548.807,53.25,2.376,1.50934,3.064,93.75,5.4902,5.4902,-0.75,21.2031,16.5469,25.5,25.5,25.5
4.6,0,0,0,0,0.982667,0.99997,1.00412,1,1,1,1,0,1,0.988527,0,0,9.41667,9.27779,9.36112,1464.75,970,571.523,970,982.109,33.9375,108.961,110.32,33.375,32.6719,548.807,53.25,2.38,1.504,3.068,93.75,5.4902,5.4902,-0.75,20.9375,16.5469,22.5,22.5,22.5
4.633,0,0,0,0,0.982789,0.99997,1.00382,1,1,1,1,0,1,0.991212,0,0,9.47223,9.27779,9.19445,1474,970,569.453,970,982.109,33.7969,108.961,110.32,32.625,31.9453,548.612,53.25,2.344,1.48267,3.032,93.75,5.4902,5.09804,-0.75,21.0781,16.5469,21,21,21
4.667,0,0,0,0,0.985169,0.99997,1.0029,1,1,1,1,0,1,0.989992,0,0,9.47223,9.02778,9.05556,1489.25,970,564.922,970,984.688,33.4688,109.945,111.023,31.8047,31.7578,548.612,53.25,2.312,1.456,3,93.75,5.09804,5.09804,-0.75,21.2656,16.5469,19.5,19.5,19.5
4.7,0,0,0,0,0.982423,0.99997,1.0029,1,1,1,1,0,1,0.989992,0,0,9.41667,9.00001,9.02778,1496.5,970,558.594,970,982.109,33,110.625,111.75,31.7109,31.8047,548.612,53.25,2.288,1.432,2.976,93.75,5.09804,5.09804,-0.75,21.3125,16.5469,22.5,22.5,22.5
4.733,0,0,0,0,0.984925,0.99997,1.0018,1,1,1,1,0,1,0.987306,0,0,9.36112,9.00001,9.22223,1499.5,970,556.563,970,984.727,32.8594,110.625,111.75,31.7109,32.8594,548.612,53.25,2.28,1.43467,2.968,93.75,5.09804,5.09804,-0.75,21.6094,17.2656,33.75,33.75,38.25
4.767,0,0,0,0,0.984986,0.99997,1.00153,1,1,1,1,0,1,0.986085,0,0,9.30556,9.02778,9.1389,1506.75,970,551.992,970,984.727,32.5313,111.305,111.961,31.4766,34.6172,548.612,53.25,2.156,1.35467,2.844,93,5.4902,5.4902,-0.75,20.9844,18.3444,33.75,33.75,37.5
4.8,0,0,0,0,0.984864,0.99997,1.00086,1,1,1,1,0,1,0.982423,0,0,9.30556,9.30556,9.41667,1516.5,970,549.727,970,984.727,32.3672,111.469,112.523,32.3438,36.5625,548.612,53.25,2.184,1.34134,2.872,93,5.4902,5.4902,-0.75,20.9375,19.4247,33,33,39
4.833,0,0,0,0,0.984803,0.99997,1.00073,1,1,1,1,0,1,0.981203,0,0,9.36112,9.75001,9.33334,1523.75,970,549.063,970,984.727,32.3203,111.469,112.523,31.9453,37.5,548.455,53.25,2.172,1.36267,2.86,93,5.88235,6.27451,-0.75,21.2188,20.1434,33,33,31.5
4.867,0,0,0,0,0.983399,0.99997,1.0004,1,1,1,1,0,1,0.978517,0,0,9.6389,10.3889,10.5556,1540.5,970,558.086,970,984.688,32.9766,111.984,113.109,36.375,37.8047,548.455,53.25,2.3,1.43734,2.98,93,6.27451,6.27451,-0.75,21.4063,20.5035,34.5,34.5,30.75
4.9,0,0,0,0,0.984071,0.99997,0.999543,1,1,1,1,0,1,0.976076,0,0,9.80556,10.4167,10.5278,1561.5,970,565.352,970,984.727,33.4922,112.5,114.352,35.1563,38.3438,548.455,53.25,2.316,1.44,2.996,93,6.27451,6.66667,-0.75,21.5313,20.8621,33.75,33.75,30
4.933,0,0,0,0,0.984376,0.99997,0.999299,1,1,1,1,0,1,0.976076,0,0,10.1111,10.6667,10.8333,1573.5,970,569.219,970,984.727,33.7734,112.5,114.352,35.9531,37.6406,548.455,53.25,2.344,1.472,3.024,93,6.66667,6.66667,-0.75,21.0625,20.8621,33.75,33.75,37.5
4.967,0,0,0,0,0.981324,0.99997,0.998353,1,1,1,1,0,1,0.977296,0,0,10.3889,11.3889,11.4445,1608,970,580.508,970,982.109,34.5703,113.648,116.086,37.8281,37.8984,548.455,53.25,2.42,1.47467,3.1,93.75,7.05883,6.66667,-0.75,21.0313,21.2222,33.75,33.75,36.75
5,0,0,0,0,0.984071,0.99997,0.997224,1,1,1,1,0,1,0.979982,0,0,10.6111,11.5556,11.6389,1618.25,970,585.078,970,984.727,34.9453,115.406,117.117,37.4766,37.6875,548.455,53.25,2.412,1.52,3.092,93.75,7.05883,7.05883,-0.75,21.0625,21.2222,34.5,34.5,36.75
5.033,0,0,0,0,0.984254,0.99994,0.997102,1,1,1,1,0,1,0.983644,0,0,10.9167,11.5833,11.5278,1635,970,591.211,970,984.727,35.3906,115.406,117.117,36.8203,38.1797,548.319,53.25,2.424,1.528,3.104,93.75,7.05883,7.05883,-0.75,21.2188,21.5823,34.5,34.5,36.75
5.067,0,0,0,0,0.984193,0.99994,0.996461,1,1,1,1,0,1,0.987306,0,0,11.3056,11.5,11.6945,1650.5,970,595.43,970,984.727,35.9297,116.719,118.406,37.0547,39.75,548.319,53.25,2.584,1.63467,3.272,93,7.05883,7.05883,-0.75,21.4063,22.301,34.5,34.5,36.75
5.1,0,0,0,0,0.984437,0.99994,0.996674,1,1,1,1,0,1,0.994142,0,0,11.3333,11.5556,11.6389,1660.75,970,597.031,970,984.727,36.2109,117.75,119.414,36.6797,41.2969,548.319,53.25,2.616,1.616,3.304,93,7.05883,7.45098,-0.75,21.2031,23.0213,34.5,34.5,36.75
5.133,0,0,0,0,0.987122,0.99994,0.996033,1,1,1,1,0,1,0.997072,0,0,11.4445,11.8333,11.6389,1666.25,970,596.563,970,987.383,36.1641,117.75,119.414,35.9297,41.8125,548.319,53.25,2.596,1.648,3.284,93,7.05883,8.2353,-0.75,20.9844,23.3814,33.75,33.75,36.75
5.167,0,0,0,0,0.984071,0.99994,0.994233,1,1,1,1,0,1,0.997072,0,0,11.6667,12.7222,12.75,1681.25,970,605.391,970,984.727,36.9375,118.383,120.094,39.8906,44.0625,548.319,53.25,2.756,1.71467,3.444,93.75,7.84314,8.2353,-0.75,20.9688,24.4602,33,33,36
5.2,0,0,0,0,0.984254,0.99994,0.992249,1,1,1,1,0,1,0.994142,0,0,11.8333,12.6945,13.1111,1687.75,970,611.484,970,984.727,37.4766,118.781,120.938,40.8281,44.7422,548.319,53.25,2.848,1.752,3.536,93.75,7.84314,8.62745,-0.75,21.3281,24.8203,33,33,36
5.233,0,0,0,0,0.984864,0.999879,0.990144,1,1,1,1,0,1,0.988527,0,0,12.3611,13.5278,13.1389,1704,970,619.648,970,984.727,38.0625,118.781,120.938,40.4531,45.3516,548.338,53.25,2.796,1.784,3.484,93.75,8.62745,8.62745,-0.75,21.3594,25.1789,33,33,36
5.267,0,0,0,0,0.984254,0.999879,0.990998,1,1,1,1,0,1,0.984865,0,0,12.8333,14,13.9445,1725,960,630.82,965,984.727,39.0703,119.719,121.711,42.375,45.5391,548.338,53.25,2.908,1.85867,3.596,93,9.01961,9.01961,-0.75,21.3906,25.539,33,33,36
5.3,0,0,0,0,0.984071,0.999879,0.989075,1,1,1,1,0,1,0.982423,0,0,13.0556,14.4722,14.7222,1749.5,960,644.219,965,984.727,40.4297,120.773,123.258,44.0859,46.3125,548.338,53.25,3.056,1.88,3.744,93,9.41177,9.01961,-0.75,21.0313,25.8991,32.25,32.25,35.25
5.333,0,0,0,0,0.984376,0.999879,0.987427,1,1,1,1,0,1,0.978517,0,0,13.6945,14.6945,14.6111,1778,960,652.773,965,984.727,41.0625,120.773,123.258,43.0547,46.3828,548.338,53.25,3,1.94934,3.688,93,9.41177,9.41177,-0.75,21.1719,26.2592,32.25,32.25,35.25
5.367,0,0,0,0,0.984437,0.999879,0.985444,1,1,1,1,0,1,0.976076,0,0,14.4445,15.1111,15.2778,1805,960,660.781,965,984.727,42.0234,122.039,125.414,44.4844,47.3438,548.338,52.5,2.968,1.91467,3.656,93.75,9.80392,10.1961,-0.75,21.4219,26.9779,32.25,32.25,36
5.4,0,0,0,0,0.984864,0.999879,0.985688,1,1,1,1,0,1,0.978517,0,0,14.6389,15.6945,15.3611,1828.75,960,667.539,965,984.727,42.9141,123.914,127.523,44.0625,48.2578,548.338,52.5,2.988,1.93067,3.676,93.75,10.1961,10.1961,-0.75,21.5,27.338,32.25,32.25,36
5.433,0,0,0,0,0.98755,0.999818,0.98578,1,1,1,1,0,1,0.982423,0,0,15.3056,16.1667,16.3056,1848.5,960,675.391,965,987.383,43.5,123.914,127.523,45.7969,49.2188,548.514,52.5,3.052,1.97067,3.74,93.75,10.5882,10.5882,-0.75,21.375,28.0567,31.5,31.5,35.25
5.467,0,0,0,0,0.987611,0.999818,0.985322,1,1,1,1,0,1,0.983644,0,0,15.7222,16.3611,16.3889,1865.5,960,682.148,965,987.383,44.2969,125.555,129.211,45.75,49.9688,548.514,52.5,3.076,1.99467,3.756,93.75,10.9804,10.9804,-0.75,20.9688,28.4168,31.5,31.5,35.25
5.5,0,0,0,0,0.987244,0.999818,0.987,1,1,1,1,0,1,0.987306,0,0,15.8889,17,17.0833,1880,960,690,965,987.383,45.1172,126.75,130.477,47.4375,50.1797,548.514,52.5,3.168,1.992,3.848,93.75,10.9804,10.9804,-0.75,21.1719,28.4168,30.75,30.75,35.25
5.533,0,0,0,0,0.990235,0.999818,0.989136,1,1,1,1,0,1,0.997072,0,0,16.4722,16.9445,17.25,1891,960,697.266,965,990.039,45.6563,126.75,130.477,47.0859,50.6719,548.514,52.5,3.184,2.06667,3.864,93.75,11.3726,11.3726,-0.75,21.5156,28.7769,30,30,34.5
5.567,0,0,0,0,0.989747,0.999818,0.993439,1,1,1,1,0,1,1.01489,0,0,16.8333,17.75,18.1111,1918.25,960,707.305,965,990.039,46.5938,127.617,131.508,49.125,52.125,548.514,52.5,3.3,2.096,3.988,93.75,11.7647,11.7647,-0.75,21.3594,29.4956,30,30,34.5
5.6,0,0,0,0,0.98993,0.999818,0.998078,1,1,1,1,0,1,1.02832,0,0,17.2222,18.1111,18.75,1940.5,960,716.406,965,990.039,47.6719,128.813,133.594,50.4141,52.6875,548.514,52.5,3.436,2.13334,4.124,93.75,12.1569,12.1569,-0.75,21.0156,29.8558,30,30,34.5
5.633,0,0,0,0,0.993287,0.999818,1.00061,1,1,1,1,0,1,1.03394,0,0,17.8611,18.4167,18.7222,1964.75,960,722.305,965,992.617,48.1406,128.813,133.594,49.2188,52.1719,548.573,52.5,3.4,2.224,4.088,93.75,12.1569,12.549,-0.75,21.125,29.8558,29.25,29.25,33.75
5.667,0,0,0,0,0.996583,0.999818,1.00699,1,1,1,1,0,1,1.04199,0,0,18.5,19.1389,19,1990.25,960,725.664,965,995.313,48.75,130.57,135.539,48.9844,52.3594,548.573,52.5,3.548,2.29067,4.244,93.75,12.549,12.549,-0.75,21.1719,30.2159,28.5,28.5,33.75
5.7,0,0,0,0,0.995667,0.999818,1.01172,1,1,1,0.98047,0,1,1.0459,0,0,18.6389,19.25,19.7778,2018.25,960,730.195,965,995.313,49.4531,132.188,137.789,50.6953,53.5781,548.573,52.5,3.696,2.32534,4.392,93.75,12.549,12.9412,-0.75,21.5,30.5745,28.5,28.5,34.5
5.733,0,0,0,0,0.998719,0.999818,1.01575,1,1,1,0.98047,0,1,1.04785,0,0,19.3333,19.3056,19.7778,2050,960,731.367,965,997.93,49.5469,132.188,137.789,50.1563,53.2031,548.573,52.5,3.672,2.376,4.368,93.75,12.9412,12.9412,0,21.0313,30.5745,28.5,28.5,27
5.767,0,0,0,0,0.999207,0.999818,1.01816,1,1,1,0.965822,0,0.965822,1.04199,0,0,19.7778,19.8333,20.5,2092.5,970,733.984,970,997.969,49.5234,133.148,141.234,50.7656,53.4844,548.573,52.5,3.696,2.392,4.384,93.75,12.9412,13.3333,0,20.9531,30.5745,28.5,28.5,27
5.8,0,0,0,0,1.00214,0.999818,1.02142,1,1,1,0.947023,0,0.965822,1.03003,0,0,19.8889,21,20.8889,2115.25,970,737.07,970,1000.59,49.5938,136.031,143.508,50.9297,52.9688,548.573,52.5,3.712,2.40534,4.4,93.75,13.7255,13.3333,0,21.25,30.5745,27,27,25.5
5.833,0,0,0,0,1.00427,0.99994,1.02176,1,1,1,0.947023,0,0.965822,1.02149,0,0,20.4167,20.6389,21.2778,2137.25,970,743.438,970,1003.2,50.0859,136.031,143.508,51.6797,53.5547,548.709,52.5,3.804,2.45067,4.492,93.75,13.7255,13.7255,0,21.25,30.9346,28.5,28.5,25.5
5.867,0,0,0,0,1.00781,0.99994,1.02222,1,1,1,0.932863,0,0.932863,1.01489,0,0,20.6667,20.9722,21.4167,2162.75,970,746.484,970,1005.86,50.1563,138.07,145.828,50.6953,55.9922,548.709,52.5,3.76,2.424,4.448,93.75,13.7255,13.7255,0,21.3594,31.6548,29.25,29.25,26.25
5.9,0,0,0,0,1.0105,0.99994,1.03668,1,1,1,0.912599,0,0.932863,1.01148,0,0,20.7778,21.0556,21.0834,2179,970,746.133,970,1008.52,50.0391,140.156,147.375,49.3828,57.3047,548.709,52.5,3.896,2.53067,4.584,93.75,13.7255,14.902,0,21.0781,32.0134,27.75,27.75,32.25
5.933,0,0,0,0,1.00922,0.99994,1.02768,1,1,1,0.912599,0,0.932863,1,0,0,21.0556,23.5556,23,2207,970,754.531,970,1008.52,50.6719,140.156,147.375,53.9766,57.0703,548.709,52.5,4,2.51467,4.688,93.75,15.2941,14.902,0,21.3438,32.0134,29.25,29.25,32.25
5.967,0,0,0,0,1.01025,0.99994,1.03095,1,1,1,0.897218,0,0.897218,0.994142,0,0,21.9167,23.6945,23.4722,2239.75,970,772.656,970,1011.17,51.9375,141.539,149.414,53.9063,59.4609,548.709,52.5,4.28,2.68267,4.976,93.75,15.6863,15.2941,0,21.6406,32.7336,28.5,28.5,31.5
6,0,0,0,0,1.00964,0.99994,1.04566,1,1,1,0.877931,0,0.897218,0.986085,0,0,22.4445,23.3889,24.0556,2265,970,781.602,970,1011.17,52.5703,143.672,152.063,55.0313,60.0938,548.709,52.5,4.52,2.824,5.216,93.75,15.6863,16.4706,0,21.2031,32.7336,28.5,28.5,30
6.033,0,0,0,0,1.01257,1.00015,1.04212,1,1,1,0.877931,0,0.897218,0.983644,0,0,23.1945,24.8056,24.7778,2292.5,970,788.594,970,1013.79,53.1094,143.672,152.063,55.7813,59.7891,548.846,52.5,4.488,2.856,5.184,93.75,16.4706,16.4706,0,21.3125,32.7336,28.5,28.5,30
6.067,0,0,0,0,1.01514,1.00015,1.04779,1,1,1,0.863527,0,0.863527,0.979982,0,0,24.0278,24.6389,25.25,2335.25,970,802.461,970,1016.45,54,145.781,155.32,55.6641,60.3516,548.846,51.75,4.56,2.90134,5.248,93.75,16.4706,16.4706,0,21.375,32.7336,28.5,28.5,30
6.1,0,0,0,0,1.02118,1.00015,1.05887,1,1,1,0.852785,0,0.863527,0.962404,0,0,24.25,24.9445,25.4722,2377.5,970,807.656,970,1021.72,54.1406,148.852,158.695,54.5859,61.1484,548.846,51.75,4.776,3.06134,5.464,93.75,16.4706,16.8628,0,21.2969,32.7336,28.5,28.5,29.25
6.133,0,0,0,0,1.02448,1.00015,1.05783,1,1,1,0.852785,0,0.863527,0.943605,0,0,24.9445,26.1111,26.2222,2404.75,970,811.133,970,1024.38,54.3984,148.852,158.695,55.5938,60.8438,548.846,51.75,4.792,3.05067,5.48,93.75,17.2549,17.2549,0,21.0625,32.7336,28.5,28.5,29.25
6.167,0,0,0,0,1.02655,1.00015,1.06213,1,1,1,0.844728,0,0.844728,0.925539,0,0,25.6389,26.2778,27.0556,2440.75,970,821.758,970,1026.99,55.0547,151.992,161.203,56.7656,62.7656,548.846,51.75,4.908,3.128,5.596,93,17.6471,18.0392,0,21.0938,33.0937,28.5,28.5,28.5
6.2,0,0,0,0,1.02924,1.00015,1.07288,1,1,1,0.838624,0,0.844728,0.901124,0,0,25.8611,27.0834,27.7222,2474.75,990,831.719,970,1029.65,55.5938,154.5,164.719,57.6328,64.3359,548.846,51.75,5.156,3.20534,5.844,93,18.0392,19.2157,0,21.4219,33.0937,28.5,28.5,27.75
6.233,0,0,0,0,1.03412,1.00049,1.06381,1,1,1,0.838624,0,0.844728,0.883546,0,0,26.6945,28.2222,28.1945,2495.25,990,838.477,970,1034.92,56.1094,154.5,164.719,57.4922,64.1016,549.276,51.75,5.12,3.26667,5.808,93,19.6078,19.2157,0,21.3125,33.0937,27.75,27.75,27.75
6.267,0,0,0,0,1.03589,1.00049,1.06311,1,1,1,0.833986,0,0.833986,0.873536,0,0,27.7222,28.1945,29.8611,2539,1000,862.813,970,1037.58,57.7969,157.875,167.273,60.1875,64.8047,549.276,51.75,5.36,3.39467,6.048,93.75,19.2157,19.2157,0,21.0625,33.0937,27.75,27.75,27.75
6.3,0,0,0,0,1.04364,1.00049,1.06638,1,1,1,0.830568,0,0.833986,0.864259,0,0,28.1945,29.5834,29.7778,2562.75,1020,866.758,970,1042.85,58.2422,161.039,169.641,58.9688,66.7266,549.276,51.75,5.332,3.45067,6.02,93.75,19.6078,19.6078,0,21.2344,33.0937,27.75,27.75,27.75
6.333,0,0,0,0,1.04852,1.00049,1.06351,1,1,1,0.830568,0,0.833986,0.855958,0,0,29.0556,28.5278,31.0278,2600,1020,877.305,970,1048.09,59.0625,161.039,169.641,60.4453,66.5156,549.276,51.75,5.492,3.51467,6.18,93.75,19.2157,19.6078,0,21.5781,33.0937,27,27,28.5
6.367,0,0,0,0,1.0567,1.00049,1.06198,1,1,1,0.828126,0,0.828126,0.844972,0,0,30,32.0834,31.6111,2635.5,1030,882.188,970,1053.44,59.7656,163.805,172.125,61.0547,67.5234,549.276,51.75,5.396,3.49067,6.084,93.75,20.7843,20.3922,0,21.2188,33.0937,27.75,27.75,29.25
6.4,0,0,0,0,1.05798,1.00049,1.06513,1,1,1,0.826173,0,0.828126,0.838624,0,0,30.75,31.9445,33.2778,2672.5,1030,898.945,970,1056.02,61.4531,166.617,175.219,63.8203,68.3672,549.276,51.75,5.708,3.632,6.396,93.75,20.7843,20.7843,0,21.4063,33.0937,27.75,27.75,29.25
6.433,0,0,0,0,1.07031,1.00082,1.06183,1,1,1,0.826173,0,0.828126,0.833986,0,0,31.7778,32.5,33.7778,2711.5,1030,904.258,970,1066.64,61.875,166.617,175.219,62.5781,68.1328,549.432,51.75,5.668,3.68267,6.356,93.75,20.7843,21.1765,0,21.5156,33.0937,26.25,26.25,29.25
6.467,0,0,0,0,1.07617,1.00082,1.06094,1,1,1,0.824708,0,0.824708,0.833986,0,0,32.7222,32.8611,33.9722,2750.5,1040,906.055,970,1071.91,62.3906,169.688,177.938,62.5547,69.0234,549.432,51,5.708,3.71734,6.396,93.75,20.7843,21.5686,0,21.3281,33.0937,27,27,29.25
6.5,0,0,0,0,1.08313,1.00082,1.06021,1,1,1,0.823488,0,0.824708,0.827638,0,0,33.1667,34.6667,35.75,2790.5,1050,912.695,970,1079.84,63.5156,173.203,181.383,64.8047,70.2891,549.432,51,5.892,3.70667,6.58,93.75,21.5686,21.5686,0,21.3594,33.0937,27.75,27.75,30.75
6.533,0,0,0,0,1.09039,1.00082,1.05945,1,1,1,0.823488,0,0.824708,0.822023,0,0,34.2778,34.8334,36.3889,2829.75,1040,917.813,970,1087.77,63.9141,173.203,181.383,64.7578,70.0313,549.432,51,5.888,3.83734,6.576,93.75,21.5686,21.5686,0,21.5938,33.0937,27.75,27.75,31.5
6.567,0,0,0,0,1.10346,1.00082,1.05902,1,1,1,0.822755,0,0.822755,0.821046,0,0,35.3056,36.0834,37.7223,2877.5,1050,922.891,970,1100.98,64.6875,176.203,184.078,65.4609,71.1563,549.432,51,5.968,3.88,6.656,93.75,21.5686,21.9608,0,21.4531,33.0937,27.75,27.75,31.5
6.6,0,0,0,0,1.1084,1.00082,1.05783,1,1,1,0.822023,0,0.822755,0.817384,0,0,35.6667,37.9445,38.8889,2914.25,1040,929.922,970,1106.25,65.6953,179.273,187.172,67.5938,70.9219,549.432,51,6.02,3.872,6.708,93.75,22.3529,21.9608,0,21.5156,32.7336,27,27,31.5
6.633,0,0,0,0,1.11792,1.00113,1.05621,1,1,1,0.822023,0,0.822755,0.814699,0,0,37.0556,37.8611,39.8611,2950,1000,938.125,970,1116.84,66.3516,179.273,187.172,67.6875,67.7109,550.155,51,6.084,3.96,6.772,93.75,22.3529,21.9608,0,22.0156,31.8349,27.75,27.75,31.5
6.667,0,0,0,0,1.13403,1.00113,1.05405,1,1,1,0.821779,0,0.821779,0.809083,0,0,38,37.3334,40.2223,2998.5,970,935.117,970,1132.66,66.5625,181.078,190.336,65.2031,52.5234,550.155,51,5.876,3.904,6.58,93.75,21.5686,20.7843,0,21.4375,27.158,27.75,27.75,33
6.7,0,0,0,0,1.14728,1.00113,1.05261,1,1,1,0.82129,0,0.821779,0.807374,0,0,38.0556,34.4445,40.8611,3029.75,970,917.539,970,1145.9,65.5078,182.039,192.984,59.5313,37.5,550.155,51,5.404,3.73867,6.108,93.75,20,16.8628,0,21.5,22.1225,-5.25,-5.25,-5.25
6.733,0,0,0,0,1.17639,1.00113,1.04956,1,1,1,0.82129,0,0.821779,0.800782,0,0,36.1945,28.1945,37.4723,2990.25,970,866.758,970,1174.92,61.4297,182.039,192.984,49.3594,24,550.155,51,4.66,3.28267,5.364,93.75,16.0784,11.7647,0,21.4375,15.8266,-9,-9,-12
6.767,0,0,0,0,1.23724,1.00113,1.04535,1,1,1,0.821046,0,0.821046,0.792726,0,0,30.1667,19.3333,30.75,2920.75,970,777.109,970,1235.7,54.1406,181.992,192.422,34.6406,14.25,550.155,50.25,3.72,2.40534,4.408,93.75,8.62745,4.31373,0,21.0469,5.93423,-9.75,-9.75,-18
6.8,0,0,0,0,1.26892,1.00113,1.03684,1,1,1,0.820802,0,0.821046,0.778566,0,0,26.6111,7.83334,21.2778,2867.75,970,650.977,970,1267.38,43.4766,180.141,187.148,14.2969,14.25,550.155,50.25,2.516,2.01067,3.204,93.75,3.13726,3.52941,0,21.8906,0,-9,-9,-21
6.833,0,0,0,0,1.2901,1.00113,1.02988,1,1,1,0.820802,0,0.821046,0.762208,0,0,18.2222,7.55556,0,2832.75,970,529.531,970,1288.52,33.7969,180.141,187.148,13.9453,14.25,553.299,50.25,1.988,1.28267,2.676,93.75,2.7451,3.52941,0,21.875,0,-6,-6,-18
6.867,0,0,0,0,1.21082,1.00113,1.0101,1,1,1,0.820802,0,0.820802,0.735353,0,0,14.2778,6.80556,26.1667,2774,970,423.672,970,1209.3,25.1484,181.641,183.516,12.8438,14.25,553.299,50.25,1.508,1.032,2.196,93.75,2.7451,2.7451,0,21.0781,0,-2.25,-2.25,-15
6.9,0,0,0,0,1.28211,1.00113,1,1,1,1,0.820558,0,0.820802,0.730714,0,0,12.5278,7.19445,1,2756,970,375.156,970,1280.55,21.1875,178.781,181.477,13.6641,14.25,553.299,50.25,1.388,0.938668,2.076,93.75,2.7451,3.13726,0,21.4375,0,-0.75,-0.75,-12.75
6.933,0,0,0,0,1.21082,1.00113,1.01923,1,1,1,0.820558,0,0.820802,0.812745,0,0,10.0556,6.97223,0,2726,970,352.617,970,1209.3,19.4063,178.781,181.477,13.3828,14.25,553.299,50.25,1.336,0.837334,2.024,93.75,2.7451,3.13726,0,21.7656,0,0.75,0.75,-11.25
6.967,0,0,0,0,1.20014,1.00113,1.03598,1,1,1,0.820558,0,0.820558,0.916505,0,0,8.77778,6.75001,22.3889,2677.5,970,320.039,970,1198.67,16.7109,176.484,178.313,13.1953,14.25,553.299,50.25,1.296,0.808001,1.992,93.75,2.7451,2.7451,0,21.1563,0,2.25,2.25,-6
7,0,0,0,0,1.25049,1.00113,1.04926,1,1,1,0.820558,0,0.820558,0.959962,0,0,8.25001,7.16667,0,2635.75,970,308.789,970,1248.91,15.7031,173.461,175.359,14.2266,14.25,553.299,50.25,1.316,0.810668,2.012,93.75,2.7451,3.13726,0,21.4219,0,3,3,-4.5
7.033,0,0,0,0,1.18433,1.00113,1.06958,1,1,1,0.820558,0,0.820558,0.989992,0,0,7.55556,6.80556,0,2609.25,970,303.047,970,1182.85,15.2578,173.461,175.359,13.6406,14.25,554.373,50.25,1.288,0.800001,1.984,93.75,2.7451,2.7451,0,21.3906,0,3,3,-3.75
7.067,0,0,0,0,1.21869,1.00113,1.10642,1,1,1,0.820558,0,0.820558,1.01319,0,0,7.13889,6.97223,8.75001,2560,970,296.055,970,1217.19,14.5781,170.391,172.031,14.25,14.25,554.373,50.25,1.328,0.813334,2.016,93.75,2.7451,2.7451,0,20.5313,0,3.75,3.75,-2.25
7.1,0,0,0,0,1.21338,1.00113,1.12943,1,1,1,0.820314,0,0.820558,1.00488,0,0,7.02778,6.97223,0,2534,970,295.742,970,1211.91,14.4375,167.25,169.359,14.3906,14.25,554.373,50.25,1.328,0.834668,2.016,93.75,2.7451,2.7451,0,16.3438,0,3.75,3.75,-2.25
7.133,0,0,0,0,1.14996,1.00113,1.13986,1,1,1,0.820314,0,0.820558,0.962404,0,0,6.80556,6.52778,19.5,2495,970,293.438,970,1148.52,14.25,167.25,169.359,13.6875,14.25,554.373,50.25,1.312,0.824001,2,93.75,2.7451,2.35294,0,13.9063,0,3,3,-1.5
7.167,0,0,0,0,1.20807,1.00113,1.15799,1,1,1,0.820314,0,0.820314,0.917726,0,0,6.86112,6.77778,0,2463.25,970,291.25,970,1206.6,14.7422,164.484,166.641,14.3906,14.25,554.373,50.25,1.368,0.861334,2.064,93.75,2.7451,2.35294,0,10.4219,0,3,3,-1.5
7.2,0,0,0,0,1.14197,1.00113,1.16708,1,1,1,0.820314,0,0.820314,0.897706,0,0,6.86112,6.58334,0,2443.75,970,289.727,970,1140.59,15.75,162.563,164.438,14.0859,14.25,554.373,50.25,1.48,0.869334,2.176,93.75,2.7451,2.35294,0,7.875,0,3,3,-1.5
7.233,0,0,0,0,1.1499,1.00113,1.15939,1,1,1,0.820314,0,0.820314,0.852296,0,0,7.02778,6.44445,18,2415.25,970,281.719,970,1148.48,15.1172,162.563,164.438,13.9688,14.25,554.784,50.25,1.368,0.861334,2.064,93.75,2.7451,2.35294,0,6.17188,0,2.25,2.25,-4.5
7.267,0,0,0,0,1.17377,1.00113,1.13538,1,1,1,0.820314,0,0.820314,0.785646,0,0,7.13889,6.61112,0,2383,970,276.172,970,1172.3,15.75,160.805,161.836,14.5078,14.25,554.784,50.25,1.38,0.877334,2.06,93.75,2.7451,2.7451,0,4.57813,0,2.25,2.25,-4.5
7.3,0,0,0,0,1.12616,1.00113,1.13229,1,1,1,0.820314,0,0.820314,0.776368,0,0,7.02778,6.36112,21.1945,2362,970,271.602,970,1124.77,16.0547,158.227,159.445,14.0859,14.25,554.784,50.25,1.416,0.861334,2.096,93.75,2.7451,2.35294,0,2.75,0,2.25,2.25,-4.5
7.333,0,0,0,0,1.17108,1.00113,1.10861,1,1,1,0.820314,0,0.820314,0.749513,0,0,6.97223,6.30556,1.66667,2336,970,263.633,970,1169.61,15.4453,158.227,159.445,14.1328,14.25,554.784,50.25,1.336,0.845334,2.016,93.75,2.35294,2.35294,0,1.82813,0,2.25,2.25,-6.75
7.367,0,0,0,0,1.11816,1.00113,1.08365,1,1,1,0.820314,0,0.820314,0.735353,0,0,6.86112,6.11112,5.16667,2299.75,970,256.367,970,1116.84,15.4453,155.414,157.055,13.8984,14.25,554.784,50.25,1.304,0.832001,1.984,93.75,2.35294,2.35294,0,1.45313,0,2.25,2.25,-6.75
7.4,0,0,0,0,1.12616,1.00113,1.06964,2,1,1,0.820314,0,0.820314,0.739259,0,0,6.61112,6.11112,16.7778,2280,970,251.719,970,1124.77,15.3984,153,154.359,14.0156,14.25,554.784,50.25,1.32,0.802668,2,93.75,2.35294,2.35294,0,0.75,0,2.25,2.25,-6.75
7.433,0,0,0,0,1.13672,1.00113,1.05319,2,1,1,0.820314,0,0.820314,0.737062,0,0,6.55556,6.36112,0,2264,970,249.18,970,1135.31,15.2109,153,154.359,14.6953,14.25,555.096,50.25,1.288,0.802668,1.968,93.75,2.35294,2.35294,0,0.234375,0,2.25,2.25,-6.75
7.467,0,0,0,0,1.11029,1.00113,1.03824,2,1,1,0.820314,0,0.820314,0.744142,0,0,6.33334,5.86112,17.3333,2243,970,244.063,970,1108.91,14.8594,150.117,152.508,13.6641,14.25,555.096,50.25,1.224,0.762668,1.904,93.75,2.35294,2.35294,0,0.046875,0,1.5,1.5,-6
7.5,0,0,0,0,1.14728,1.00113,1.02274,2,1,1,0.820314,0,0.820314,0.739991,0,0,6.22223,6,0,2218,970,240.273,970,1145.9,14.625,147.891,150.445,14.1563,14.25,555.096,50.25,1.212,0.754668,1.892,93.75,2.35294,2.35294,0,0.46875,0,2.25,2.25,-6
7.533,0,0,0,0,1.10236,1.00113,1.01581,2,1,1,0.820314,0,0.820314,0.740968,0,0,6.11112,5.77778,5.66667,2206.5,970,237.93,970,1100.98,14.4375,147.891,150.445,13.7109,14.25,555.096,50.25,1.18,0.741334,1.86,93.75,2.35294,2.35294,0,0.296875,0,2.25,2.25,-6
7.567,0,0,0,0,1.12872,1.00113,1.00388,2,1,1,0.820314,0,0.820314,0.733888,0,0,5.97223,5.94445,4.72223,2189.25,970,235.508,970,1127.34,14.2969,145.688,149.391,14.2031,14.25,555.096,50.25,1.164,0.722668,1.86,93.75,2.35294,2.35294,0,-0.125,0,2.25,2.25,-5.25
7.6,0,0,0,0,1.11285,1.00113,0.998383,2,1,1,0.820314,0,0.820314,0.732911,0,0,5.91667,5.86112,0,2176.5,970,235.156,970,1111.52,14.2969,144.492,147.961,14.0859,14.25,555.096,50.25,1.156,0.730668,1.852,93.75,2.35294,2.35294,0,-0.1875,0,2.25,2.25,-5.25
7.633,0,0,0,0,1.08118,1.00113,0.994294,2,1,1,0.820314,0,0.820314,0.736085,0,0,5.80556,5.69445,18.25,2160.75,970,233.828,970,1079.84,14.1797,144.492,147.961,13.7813,14.25,555.272,50.25,1.14,0.709334,1.836,93.75,2.35294,2.35294,0,0.3125,0,2.25,2.25,-6
7.667,0,0,0,0,1.12354,1.00113,0.991181,2,1,1,0.820314,0,0.820314,0.74878,0,0,5.80556,5.94445,0,2139,970,234.453,970,1122.11,14.2734,142.945,146.766,14.5313,14.25,555.272,50.25,1.16,0.722668,1.856,93.75,2.35294,2.35294,0,0.140625,0,2.25,2.25,-6
7.7,0,0,0,0,1.07849,1.00113,0.988801,2,1,1,0.828126,0,0.820314,0.759767,0,0,5.75,5.61112,11.3333,2125.5,970,233.672,970,1077.19,14.25,141.633,145.148,13.8047,14.25,555.272,50.25,1.136,0.720001,1.832,93.75,1.96079,1.96079,0,-0.21875,0,2.25,2.25,-6
7.733,0,0,0,0,1.11285,1.00113,0.986359,2,1,1,0.828126,0,0.820314,0.767579,0,0,5.69445,5.75,8.61112,2110.5,970,233.086,970,1111.52,14.2031,141.633,145.148,14.25,14.25,555.272,50.25,1.148,0.714668,1.844,93.75,1.96079,1.96079,0,0.21875,0,2.25,2.25,-6
7.767,0,0,0,0,1.07849,1.00113,0.987763,2,1,1,0.833986,0,0.833986,0.780275,0,0,5.63889,5.58334,6.27778,2091.5,970,232.891,970,1077.19,14.2031,139.922,143.883,13.9688,14.25,555.272,50.25,1.128,0.701334,1.808,93.75,1.96079,2.35294,0,0.171875,0,2.25,2.25,-6
7.8,0,0,0,0,1.08118,1.00113,1,2,1,1,0.842286,0,0.833986,0.791261,0,0,5.58334,5.61112,12.25,2076.5,970,232.383,970,1079.84,14.2031,138.586,142.313,14.1328,14.25,555.272,50.25,1.148,0.698668,1.828,93.75,1.96079,1.96079,0,0.3125,0,2.25,2.25,-6.75
7.833,0,0,0,0,1.10816,1.00113,1,2,1,1,0.842286,0,1.04688,0.805421,0,0,5.58334,5.72223,0,2060.25,970,233.359,970,1103.63,14.2969,138.586,142.313,14.5313,14.25,553.866,50.25,0.924,0.576001,1.604,93.75,1.96079,1.96079,0,-0.0625,0,2.25,2.25,45
7.867,0,0,0,0,1.05737,1.00113,1,2,1,1,0.84839,0,1.04688,0.814699,0,0,5.52778,5.44445,13.5556,2024.25,970,232.109,970,1066.64,14.2266,136.922,141,14.0625,14.25,553.866,50.25,0.912,0.565334,1.592,93.75,1.96079,1.96079,0,-0.0625,0,2.25,2.25,45
7.9,0,0,0,0,1.09961,1.00113,1,2,1,1,0.858888,0,1.04688,0.82007,0,0,5.41667,5.5,0,1992.5,970,210.078,970,1095.7,12.6094,135.563,138.07,0,14.25,553.866,50.25,0.9,0.570667,1.58,93.75,1.96079,1.96079,0,0.171875,0,2.25,2.25,45
7.933,0,0,0,0,1.04157,1.00113,1,2,1,1,0.858888,0,1.04688,0.829347,0,0,4.36111,5.22223,10.9445,1958.5,970,233.945,970,1058.71,14.4141,135.563,138.07,34.9453,14.25,553.866,50.25,1.4,0.373334,2.08,93.75,1.96079,1.96079,0,0.21875,0,1.5,1.5,47.25
7.967,0,0,0,0,1.07935,1.00113,1,2,1,1,0.866945,0,1.04688,0.853273,0,0,6.33334,5.33334,6.27778,1923.75,970,272.852,970,1087.77,17.2969,131.93,135.164,15.4922,13.5,553.866,50.25,1.044,0.674668,1.724,93.75,1.96079,1.96079,0,-0.171875,0,0,0,42
8,0,0,0,0,1.03369,1.00113,1,2,1,1,0.886476,0,1.04688,0.892335,0,0,5.52778,5.33334,2.91667,1888.75,970,236.641,970,1050.78,14.4844,128.859,132.352,9.375,13.5,553.866,50.25,0.812,0.397334,1.492,93.75,1.96079,1.96079,0,-0.125,0,0.75,0.75,44.25
8.033,0,0,0,0,1.03095,1.00113,1,2,1,1,0.886476,0,1.04688,0.966066,0,0,7.02778,4.66667,12.8889,1853.25,970,309.844,970,1053.44,19.9453,128.859,132.352,40.2656,13.5,552.538,50.25,1.672,1.07733,2.352,93.75,1.56863,1.56863,0,0.125,0,0,0,42
8.067,0,0,0,0,1.0448,1.00113,1,2,1,1,0.901124,0,1.04688,1.10498,0,0,5.69445,4.75,0,1818,970,265.273,970,1061.37,16.5,126.094,129.469,0,13.5,552.538,50.25,0.696,0.434667,1.376,93.75,1.56863,1.56863,0,0.390625,0,-0.75,-0.75,41.25
8.1,0,0,0,0,1.03278,1.00113,1,2,1,1,0.918214,0,1.04688,1.27027,0,0,5.52778,4.52778,9.80556,1781,970,289.727,970,1058.67,18.2109,123.375,126.539,34.3359,13.5,552.538,50.25,1.56,0.616001,2.24,93.75,1.56863,1.17647,0,0.515625,0,0,0,43.5
8.133,0,0,0,0,1.06891,1.00113,1,2,1,1,0.918214,0,0.901124,1.46655,0,0,5.63889,4.75,0,1743.75,970,274.141,970,1077.19,17.0625,123.375,126.539,0,13.5,552.538,50.25,0.964,0.621334,1.644,93.75,1.56863,1.17647,0,-0.171875,0.898755,-0.75,-0.75,-1.5
8.167,0,0,0,0,1.01209,1.00113,1,2,1,1,0.930665,0,0.930665,1.83448,0,0,5.27778,4.52778,7.36112,1705.75,970,266.055,970,1045.51,16.3359,120.609,123.609,26.8828,13.5,552.538,50.25,2.064,1.28,2.752,93.75,1.17647,1.17647,0,0.234375,1.61745,6,6,6
8.2,0,0,0,0,1.04926,1.00113,1,2,1,1,0.940187,0,0.930665,2.11597,0,0,6.11112,4.30556,3.22222,1689.5,970,284.883,970,1066.64,17.625,118.055,121.383,8.15625,13.5,552.538,50.25,1.34,1.416,2.028,93.75,1.17647,1.17647,0,0.265625,1.61745,-1.5,-1.5,-3
8.233,0,0,0,0,1.02106,1.00113,1,2,1,1,0.940187,0,0.930665,2.30347,0,0,4.94445,4.19445,5.86112,1659.75,970,267.188,970,1048.13,16.3359,118.055,121.383,21.8906,13.5,552.596,50.25,1.676,0.589334,2.364,93.75,1.17647,1.17647,0,0.609375,1.61745,6,6,6
8.267,0,0,0,0,1.03357,1.00113,1,2,1,1,0.947511,0,0.947511,2.60645,0,0,5.91667,4.25,4.22223,1635.75,970,294.805,970,1056.05,18.2578,116.25,119.602,13.3125,13.5,552.596,50.25,1.344,1.368,2.024,93.75,1.17647,1.17647,0,0.40625,1.61745,-1.5,-1.5,-2.25
8.3,0,0,0,0,1.03485,1.00113,1,2,1,1,0.952638,0,0.947511,2.89991,0,0,5,4.33334,0,1635.75,970,266.445,970,1050.78,16.2188,114.867,118.453,0,13.5,552.596,50.25,0.848,0.536001,1.528,93.75,1.17647,1.17647,0,0.125,1.61745,0,0,0
8.333,0,0,0,0,1.0296,1.00113,1,2,1,1,0.952638,0,0.947511,2.73999,0,0,5.91667,4.16667,11.7222,1609.5,970,310,970,1050.74,19.3125,114.867,118.453,42.5156,13.5,552.596,50.25,2.124,1.32,2.804,93.75,1.17647,1.17647,0,0.0625,1.61745,4.5,4.5,4.5
8.367,0,0,0,0,1.04694,1.00113,1,2,1,1,0.956789,0,0.956789,2.21411,0,0,5.11112,4.22223,0,1577.25,970,280.898,970,1048.13,17.1563,113.93,117.188,0,13.5,552.596,50.25,0.9,0.528001,1.58,93.75,1.17647,1.17647,0,0.25,1.61745,-1.5,-1.5,-1.5
8.4,0,0,0,0,1.01025,1.00113,1,2,1,1,0.959718,0,0.956789,1.91138,0,0,4.94445,4.02778,9.72223,1543.25,970,306.992,970,1032.3,19.0313,113.039,115.008,37.7813,13.5,552.596,50.25,1.908,0.714668,2.588,93.75,0.784314,0.784314,0,0.75,1.61745,5.25,5.25,5.25
8.433,0,0,0,0,1.05097,1.00113,1,2,1,1,0.959718,0,0.956789,1.55982,0,0,5.30556,3.86111,4.25,1509.25,970,300.43,970,1061.37,18.5391,113.039,115.008,14.8125,13.5,552.733,50.25,1.216,0.776001,1.896,93.75,0.784314,0.784314,0,0.484375,1.61745,0,0,0
8.467,0,0,0,0,1.00153,1.00113,1,2,1,1,0.961916,0,0.961916,1.2981,0,0,4.94445,3.77778,7.52778,1454.25,970,292.031,970,1029.65,17.9531,111.305,112.406,29.6484,13.5,552.733,50.25,1.612,0.994668,2.292,93.75,0.784314,0.784314,0,0.375,1.61745,7.5,7.5,7.5
8.5,0,0,0,0,1.03717,1.00113,1,2,1,1,0.963625,0,0.961916,1.14551,0,0,5.52778,3.58334,1.22222,1394.5,970,300.039,970,1048.13,18.5625,109.008,109.359,3.72656,13.5,552.733,50.25,0.972,1.17067,1.652,93.75,0.392157,0.784314,0,0.1875,1.61745,-0.75,-0.75,-0.75
8.533,0,0,0,0,1.0235,1.00113,1,2,1,1,0.963625,0,0.961916,1.03589,0,0,4.41667,3.47222,1.30556,1367.5,970,277.93,970,1048.13,16.9688,109.008,109.359,4.33594,14.4375,552.733,50.25,0.888,0.557334,1.568,93.75,0.392157,0.784314,0,0.234375,1.97757,8.25,8.25,8.25
8.567,0,0,0,0,0.987366,1.00113,1,2,1,1,0.965089,0,0.965089,0.963625,0,0,5,3.33334,3.97223,1302.5,970,313.555,970,1034.92,19.5469,106.43,107.133,17.625,15.3047,552.733,51,1.288,1.248,1.968,93.75,0.392157,0.784314,0,0.609375,1.97757,23.25,23.25,23.25
8.6,0,0,0,0,0.994019,1.00113,1,2,1,1,0.973634,0,0.965089,0.953615,0,0,4.83334,3.44445,0,1267.75,970,283.203,970,1029.65,17.3906,104.508,104.742,0,17.8828,552.733,51,0.9,0.834668,1.58,93.75,0.392157,0.784314,0,0.640625,1.97757,29.25,29.25,36
8.633,0,0,0,0,0.961488,1.00113,1,3,1,1,0.973634,0,0.965089,0.943605,0,0,4.58334,3.30556,7.72223,1240.5,970,311.484,970,1026.99,19.4063,104.508,104.742,35.625,22.1484,552.772,51,1.768,1.144,2.448,93.75,0.392157,1.56863,0,0.859375,2.33768,27,27,38.25
8.667,0,0,0,0,0.99939,1.00113,1,3,1,1,0.980226,0,0.980226,0.929933,0,0,4.66667,5.69445,1,1172.75,970,297.188,970,1045.51,18.3984,102.398,102.492,2.50781,25.8516,552.772,51,0.9,1.032,1.596,93.75,2.35294,2.7451,0,1,2.69779,29.25,29.25,33.75
8.7,0,0,0,0,0.965638,1.00113,1,3,1,1,1,0,0.980226,0.916505,0,0,4.08334,6.61112,11.7778,1143.25,970,356.602,970,1026.99,22.5234,100.336,100.008,56.6719,27.3516,552.772,51,2.172,0.573334,2.868,93.75,3.52941,4.31373,0,0.640625,2.69779,27,27,37.5
8.733,0,0,0,0,0.974915,1.00113,1,3,1,1,1,0,0.980226,0.90674,0,0,5.11112,7.25001,7.75001,1114.25,970,381.367,970,1037.54,24.2813,100.336,100.008,38.4844,29.9063,552.772,51,1.984,1.27733,2.68,93.75,4.31373,4.31373,0,0.65625,2.69779,25.5,25.5,33.75
8.767,0,0,0,0,0.970826,1.00113,1,3,1,1,1,0,1,0.887941,0,0,5.22223,7.36112,7.44445,1090.25,970,397.891,970,1029.65,25.2891,98.4375,97.875,34.9453,31.3594,552.772,51,1.976,1.27733,2.672,93.75,4.31373,4.31373,0,0.65625,2.69779,24.75,24.75,32.25
8.8,0,0,0,0,0.974854,1.00113,1,3,1,1,1,0,1,0.877199,0,0,5.52778,7.50001,8.86112,1068.75,970,427.852,970,1032.3,27.4453,96.2109,96.2109,44.6016,32.1328,552.772,51,2.216,1.432,2.896,93.75,4.31373,4.31373,0,0.796875,2.69779,24.75,24.75,32.25
8.833,0,0,0,0,0.97577,1.00113,1,3,1,1,1,0,1,0.866212,0,0,5.63889,7.52778,7.36112,1053.75,970,442.5,970,1029.65,28.3594,96.2109,96.2109,36.8906,32.8359,552.498,51,2.156,1.384,2.836,93.75,4.31373,4.31373,0,0.796875,2.69779,24,24,30.75
8.867,0,0,0,0,0.976746,1.00113,1,3,1,1,1,0,1,0.844972,0,0,6.16667,7.44445,7.63889,1048.75,970,478.906,970,1026.99,30.9141,94.5938,95.3672,38.7891,32.5078,552.498,51,2.372,1.52,3.052,93.75,4.31373,4.31373,0,1.125,2.69779,22.5,22.5,29.25
8.9,0,0,0,0,0.977967,1.00113,1,3,1,1,1,0,1,0.832033,0,0,6.16667,7.27778,7.80556,1058,970,492.617,970,1026.99,31.8984,93.8438,95.4844,39.75,31.5234,552.498,51,2.404,1.52,3.084,93.75,3.92157,3.13726,0,1.14063,2.69779,23.25,23.25,29.25
8.933,0,0,0,0,0.980836,1.00113,1,3,1,1,1,0,1,0.823732,0,0,6.50001,6.36112,6.86112,1066.5,970,496.719,970,1026.99,32.2031,93.8438,95.4844,34.5469,28.9922,552.498,51,2.328,1.49334,3.008,93.75,3.13726,3.13726,0,1.14063,2.69779,7.5,7.5,7.5
8.967,0,0,0,0,0.980225,1.00113,1,3,1,1,1,0,1,0.811769,0,0,6.44445,6.16667,5.47223,1066.25,970,489.453,970,1024.38,31.7109,94.125,96.1172,27.5391,27.1406,552.498,51.75,2.128,1.36534,2.808,93.75,2.7451,1.96079,0,0.8125,2.69779,3,3,3
9,0,0,0,0,0.980347,1.00113,1,3,1,1,1,0,1,0.81006,0,0,6.38889,5.13889,6.30556,1062.75,970,490.117,970,1024.38,31.7578,95.0156,95.9766,32.1563,27.1875,552.498,51.75,2.232,1.43467,2.912,93.75,1.96079,1.96079,0,0.875,3.05638,4.5,4.5,4.5
9.033,0,0,0,0,0.975831,1.00113,1,3,1,1,1,0,1,0.812745,0,0,6.11112,5.05556,5.02778,1057.75,970,462.5,970,1024.38,29.7891,95.0156,95.9766,25.5469,27.3281,552.108,51.75,1.956,1.2,2.636,93.75,1.96079,1.96079,0,0.8125,3.41649,6.75,6.75,6.75
9.067,0,0,0,0,0.973084,1.00113,1,3,1,1,1,0,1,0.824708,0,0,5.97223,5.02778,5.55556,1053.5,970,461.758,970,1024.34,29.7188,94.8984,95.8125,29.3203,28.1953,552.108,51.75,2.04,1.31467,2.72,93.75,1.96079,2.35294,0,0.890625,3.7766,11.25,11.25,11.25
9.1,0,0,0,0,0.970032,1.00113,1,3,1,1,1,0,1,0.836671,0,0,5.97223,5.16667,3.05556,1051,970,439.375,970,1016.45,28.1016,94.8281,95.5547,15.3281,28.2891,552.108,51.75,1.692,1.31467,2.372,93.75,2.35294,2.35294,0,0.765625,3.7766,12.75,12.75,12.75
9.133,0,0,0,0,0.952271,1.00113,1,3,1,1,1,0,1,0.846925,0,0,5.80556,5.13889,7.00001,1050.25,970,452.852,970,1019.06,29.0625,94.8281,95.5547,36.7969,28.3125,552.108,51.75,2.124,1.384,2.804,93.75,2.35294,2.7451,0,1.20313,3.7766,23.25,23.25,23.25
9.167,0,0,0,0,0.961182,1.00113,1,3,1,1,1,0,1,0.864259,0,0,5.58334,5.25,3.97223,1053.75,970,439.688,970,1021.72,28.1016,94.6172,95.5313,20.6016,28.4297,552.108,51.75,1.788,1.14933,2.468,93.75,2.35294,2.7451,0,1.3125,4.13671,17.25,17.25,17.25
9.2,0,0,0,0,0.946229,1.00113,1,3,1,1,1,0,1,0.876222,0,0,5.58334,5.36112,5.47223,1052,970,438.438,970,1011.17,28.0078,94.6406,95.6016,27.3047,28.7109,552.108,51.75,1.888,1.22667,2.576,93.75,2.7451,2.7451,0,0.84375,4.4953,23.25,23.25,23.25
9.233,0,0,0,0,0.960877,1.00113,1,3,1,1,1,0,1,0.891115,0,0,5.75,5.58334,4.33334,1055,970,437.734,970,1021.72,27.9609,94.6406,95.6016,21,28.6641,551.756,51.75,1.784,1.35467,2.472,93.75,2.7451,2.7451,0,0.953125,4.4953,19.5,19.5,19.5
9.267,0,0,0,0,0.948731,1.00113,1,3,1,1,1,0,1,0.903322,0,0,5.69445,5.69445,6.58334,1052.25,970,446.445,970,1016.45,28.6172,94.8047,95.6953,33.5859,28.9688,551.756,51.75,2.036,1.32267,2.724,93.75,2.7451,2.7451,0,0.671875,4.85541,24,24,24
9.3,0,0,0,0,0.953431,1.00113,1,3,1,1,1,0,1,0.909914,0,0,5.69445,5.69445,5.19445,1051.75,970,443.125,970,1016.45,28.3594,94.9922,95.5781,26.4844,29.0391,551.756,51.75,1.904,1.32267,2.592,93.75,2.7451,2.7451,0,0.8125,4.85541,23.25,23.25,23.25
9.333,0,0,0,0,0.948792,1.00113,1,3,1,1,1,0,1,0.918703,0,0,5.63889,5.69445,5.30556,1051.75,970,440.859,970,1013.79,28.1953,94.9922,95.5781,26.9063,29.2969,551.756,51.75,1.896,1.22667,2.584,93.75,2.7451,2.7451,0,0.953125,5.21553,23.25,23.25,23.25
9.367,0,0,0,0,0.951295,1.00113,1,3,1,1,1,0,1,0.927736,0,0,5.75,5.72223,6.55556,1053.25,970,449.18,970,1016.45,28.8047,94.875,95.5781,33.5625,29.2734,551.756,51.75,2.06,1.33067,2.748,93.75,2.7451,2.7451,0,1.21875,5.21553,23.25,23.25,23.25
9.4,0,0,0,0,0.947083,1.00113,0.99701,3,1,1,1,0,1,0.935304,0,0,5.63889,5.72223,6.11112,1055.75,970,446.563,970,1013.79,28.6172,94.9219,95.6719,31.0313,29.1797,551.756,51.75,1.996,1.2,2.684,93.75,2.7451,2.7451,0,1.21875,5.21553,24,24,24
9.433,0,0,0,0,0.944642,1.00113,0.992646,3,1,1,1,0,1,0.942384,0,0,5.75,5.80556,5.91667,1055.25,970,449.492,970,1011.17,28.8281,94.9219,95.6719,30.5156,29.1094,551.385,51.75,2,1.29333,2.688,93.75,3.13726,2.7451,0,1.35938,5.21553,23.25,23.25,23.25
9.467,0,0,0,0,0.947083,1.00113,0.990296,3,1,1,1,0,1,0.952394,0,0,5.75,5.80556,5.86112,1053,970,450.469,970,1011.17,28.8984,95.0859,95.7188,29.4609,29.2031,551.385,51.75,1.98,1.27467,2.668,93.75,3.13726,2.7451,0,1.125,5.21553,25.5,25.5,30.75
9.5,0,0,0,0,0.947694,1.00113,0.989777,3,1,1,1,0,1,0.957277,0,0,5.75,5.80556,6.08334,1053.25,970,453.789,970,1011.17,29.1328,95.1563,95.6484,31.0547,29.2266,551.385,51.75,2.068,1.27467,2.756,93.75,3.13726,2.7451,0,1.1875,5.21553,23.25,23.25,23.25
9.533,0,0,0,0,0.94983,1.00113,0.990449,3,1,1,1,0,1,0.963625,0,0,5.80556,5.80556,5.66667,1053,970,453.242,970,1011.17,29.0859,95.1563,95.6484,28.8047,29.2266,551.385,51.75,2.024,1.30133,2.712,93.75,3.13726,2.7451,0,0.84375,5.21553,22.5,22.5,22.5
9.567,0,0,0,0,0.947449,1.00113,0.989136,3,1,1,1,0,1,0.968507,0,0,5.86112,5.83334,5.86112,1055.25,970,453.984,970,1008.52,29.1328,95.1094,95.625,29.5781,29.1563,551.385,51.75,2.04,1.31467,2.728,93.75,3.13726,2.7451,0,0.84375,5.21553,22.5,22.5,22.5
9.6,0,0,0,0,0.948853,1.00113,0.988862,3,1,1,1,0,1,0.974855,0,0,5.86112,5.83334,5.55556,1054.25,970,454.883,970,1008.52,29.1563,94.875,95.7656,28.3594,29.0625,551.385,51.75,1.916,1.272,2.596,93.75,3.13726,2.7451,0,0.90625,5.21553,18.75,18.75,18.75
9.633,0,0,0,0,0.949097,1.00113,0.986939,3,1,1,1,0,1,0.977296,0,0,5.86112,5.80556,6,1053,970,456.836,970,1008.52,29.2969,94.875,95.7656,30.4219,29.1563,550.975,51.75,1.956,1.23467,2.636,93.75,3.13726,2.7451,0,1.125,5.21553,20.25,20.25,20.25
9.667,0,0,0,0,0.950379,1.00113,0.987092,3,1,1,1,0,1,0.984865,0,0,5.86112,5.83334,5.94445,1052.75,970,457.891,970,1008.52,29.3438,95.3203,95.625,30,29.1328,550.975,51.75,1.952,1.25867,2.648,93.75,3.13726,2.7451,0,1.26563,5.21553,18.75,18.75,18.75
9.7,0,0,0,0,0.948853,1.00113,0.985871,3,1,1,1,0,1,0.987306,0,0,5.86112,5.83334,5.75,1053.5,970,457.227,970,1005.86,29.2969,95.1563,95.6484,28.9219,29.2266,550.975,51.75,1.928,1.24533,2.624,93.75,3.13726,2.7451,0,1.5,5.21553,18.75,18.75,18.75
9.733,0,0,0,0,0.948792,1.00113,0.986726,3,1,1,1,0,1,0.992677,0,0,5.91667,5.80556,6.08334,1056.25,970,459.922,970,1005.86,29.5078,95.1563,95.6484,31.0547,28.8281,550.975,51.75,1.968,1.272,2.664,93.75,3.13726,2.7451,0,1.21875,4.85541,18.75,18.75,18.75
9.767,0,0,0,0,0.951112,1.00113,0.985688,3,1,1,1,0,1,0.994142,0,0,5.91667,5.77778,5.66667,1055.25,970,458.203,970,1005.86,29.3906,95.2031,95.7422,28.6406,28.7109,550.975,51.75,1.92,1.256,2.608,93.75,2.7451,2.7451,0,0.796875,4.85541,15.75,15.75,15.75
9.8,0,0,0,0,0.951295,1.00113,0.986787,3,1,1,1,0,1,0.997072,0,0,5.86112,5.77778,6.11112,1053.5,970,460.313,970,1005.86,29.5313,95.3438,95.7188,30.7734,28.7813,550.975,51.75,1.964,1.24,2.652,93.75,3.13726,2.7451,0,0.859375,4.85541,16.5,16.5,16.5
9.833,0,0,0,0,0.952637,1.00113,0.98758,3,1,1,1,0,1,1,0,0,5.91667,5.77778,5.80556,1054.75,970,459.648,970,1005.86,29.4844,95.3438,95.7188,29.1094,28.875,550.584,51.75,1.94,1.26933,2.628,93.75,2.7451,2.7451,0,0.78125,4.85541,16.5,16.5,16.5
9.867,0,0,0,0,0.953736,1.00113,0.989106,3,1,1,1,0,1,1.00611,0,0,5.86112,5.75,5.61112,1056.25,970,457.422,970,1005.86,29.3203,95.2969,95.6953,28.0547,28.8047,550.584,51.75,2.004,1.29333,2.7,93.75,2.7451,2.7451,0,0.796875,4.85541,16.5,16.5,16.5
9.9,0,0,0,0,0.950806,1.00113,0.990113,3,1,1,1,0,1,1.00855,0,0,5.86112,5.77778,5.88889,1056.25,970,457.461,970,1003.24,29.3203,95.2969,95.7422,29.3672,28.7578,550.584,51.75,2.04,1.31467,2.736,93.75,2.7451,2.7451,0,0.71875,4.85541,17.25,17.25,17.25
9.933,0,0,0,0,0.951478,1.00113,0.993165,3,1,1,1,0,1,1.01489,0,0,5.86112,5.72223,5.61112,1058,970,456.211,970,1003.24,29.25,95.2969,95.7422,28.5234,28.6875,550.584,51.75,2.024,1.30133,2.72,93.75,2.7451,2.7451,0,1.26563,4.85541,17.25,17.25,17.25
9.967,0,0,0,0,0.952088,1.00113,0.994935,3,1,1,1,0,1,1.01831,0,0,5.86112,5.75,5.66667,1058.25,970,454.531,970,1003.24,29.1328,95.3672,95.8125,28.4766,28.6875,550.584,51.75,2.008,1.304,2.696,93.75,2.7451,2.7451,0,1.42188,4.85541,17.25,17.25,17.25
10,0,0,0,0,0.952393,1.00113,0.997285,3,1,1,1,0,1,1.02319,0,0,5.86112,5.66667,5.69445,1058,970,453.594,970,1003.24,29.0625,95.4609,95.8125,28.5469,28.6641,550.584,51.75,2.016,1.29333,2.704,93.75,2.7451,2.7451,0,1.20313,4.85541,17.25,17.25,17.25
10.033,0,0,0,0,0.952698,1.00113,0.998261,3,1,1,1,0,1,1.0249,0,0,5.86112,5.69445,5.94445,1058.25,970,454.531,970,1003.24,29.1328,95.4609,95.8125,29.6719,28.6641,550.194,51.75,2.044,1.29867,2.732,93.75,2.7451,2.7451,0,1.17188,4.85541,18,18,18
10.067,0,0,0,0,0.954285,1.00113,1.00064,3,1,1,1,0,1,1.02832,0,0,5.86112,5.69445,5.63889,1057,970,453.945,970,1003.2,29.0859,95.4609,95.8125,28.7578,28.7344,550.194,51.75,2.028,1.304,2.716,93.75,2.7451,2.7451,0,0.96875,4.85541,17.25,17.25,17.25
10.1,0,0,0,0,0.952454,1.00113,1.00229,3,1,1,1,0,1,1.03003,0,0,5.80556,5.69445,5.63889,1054.75,970,452.266,970,1000.59,28.9688,95.4844,95.6953,28.0078,28.8047,550.194,51.75,2.008,1.29333,2.704,93.75,2.7451,2.7451,0,0.765625,4.85541,18,18,18
10.133,0,0,0,0,0.952515,1.00113,1.00333,3,1,1,1,0,1,1.03003,0,0,5.80556,5.69445,5.69445,1057.25,970,452.031,970,1000.59,28.9453,95.4844,95.6953,28.8281,28.7344,550.194,51.75,2.02,1.30133,2.716,93.75,2.7451,2.7451,0,0.921875,4.85541,18.75,18.75,18.75
10.167,0,0,0,0,0.953614,1.00113,1.00617,3,1,1,1,0,1,1.02832,0,0,5.80556,5.69445,5.52778,1060.75,970,450.273,970,1000.59,28.8281,95.3438,95.7891,27.6563,28.6172,550.194,51.75,1.904,1.30933,2.592,93.75,2.7451,2.7451,0,1.10938,4.85541,18.75,18.75,18.75
10.2,0,0,0,0,0.953736,1.00113,1.00659,3,1,1,1,0,1,1.0249,0,0,5.80556,5.66667,5.75,1059,970,450.078,970,1000.59,28.8047,95.4609,95.9063,28.7109,28.5234,550.194,51.75,1.924,1.22667,2.612,93.75,2.7451,2.7451,0,1.01563,4.85541,18.75,18.75,18.75
10.233,0,0,0,0,0.954041,1.00113,1.00778,3,1,1,1,0,1,1.02319,0,0,5.75,5.66667,5.72223,1057.25,970,449.688,970,1000.59,28.7813,95.4609,95.9063,28.5703,28.5703,549.803,51.75,1.924,1.24267,2.612,93.75,2.7451,2.7451,0,1.1875,4.85541,19.5,19.5,19.5
10.267,0,0,0,0,0.952332,1.00113,1.00934,3,1,1,1,0,1,1.02149,0,0,5.75,5.66667,5.75,1055.75,970,450.469,970,997.969,28.8281,95.6016,95.7891,29.2969,28.7344,549.803,52.5,1.944,1.256,2.632,93.75,2.7451,2.7451,0,1.25,4.85541,20.25,20.25,20.25
10.3,0,0,0,0,0.953248,1.00113,1.01047,3,1,1,1,0,1,1.02002,0,0,5.80556,5.66667,5.63889,1058.5,970,449.922,970,997.969,28.8047,95.4609,95.8359,28.5,28.6641,549.803,52.5,1.924,1.24267,2.62,93.75,2.7451,2.7451,0,0.9375,4.85541,20.25,20.25,20.25
10.333,0,0,0,0,0.953675,1.00113,1.01151,3,1,1,1,0,1,1.01831,0,0,5.80556,5.66667,5.61112,1061,970,448.906,970,997.969,28.7344,95.4609,95.8359,28.1719,28.5469,549.803,52.5,1.916,1.23733,2.612,93.75,2.7451,2.7451,0,0.734375,4.85541,18.75,18.75,18.75
10.367,0,0,0,0,0.954285,1.00113,1.01257,3,1,1,1,0,1,1.01489,0,0,5.80556,5.63889,5.63889,1062,970,447.422,970,997.969,28.6172,95.4844,95.9297,28.0781,28.3594,549.803,51.75,1.916,1.24,2.596,93.75,2.7451,2.7451,0,0.90625,4.85541,24.75,24.75,30
10.4,0,0,0,0,0.954652,1.00113,1.01422,3,1,1,1,0,1,1.01489,0,0,5.75,5.66667,5.83334,1061,970,448.008,970,997.969,28.6641,95.6484,95.9531,29.0156,28.3594,549.803,51.75,1.936,1.23733,2.616,93.75,2.7451,2.7451,0,0.765625,4.85541,24.75,24.75,30.75
10.433,0,0,0,0,0.955445,1.00113,1.01416,3,1,1,1,0,1,1.01489,0,0,5.75,5.66667,5.69445,1058.75,970,447.461,970,997.969,28.6406,95.6484,95.9531,28.3359,28.5234,549.413,51.75,1.92,1.24,2.6,93.75,2.7451,2.7451,0,0.984375,4.85541,24.75,24.75,22.5
10.467,0,0,0,0,0.955811,1.00113,1.01453,3,1,1,1,0,1,1.01489,0,0,5.75,5.66667,5.52778,1060,970,445.547,970,997.969,28.4766,95.6953,95.8359,27.4219,28.5938,549.413,51.75,1.976,1.27733,2.656,93.75,2.7451,2.7451,0,1.42188,4.85541,24.75,24.75,23.25
10.5,0,0,0,0,0.953126,1.00113,1.01563,3,1,1,1,0,1,1.0166,0,0,5.75,5.66667,5.80556,1060,970,446.016,970,995.313,28.5234,95.5078,95.8828,28.7813,28.6172,549.413,51.75,2.02,1.30133,2.708,93.75,2.7451,2.7451,0,1.1875,4.85541,24.75,24.75,24
10.533,0,0,0,0,0.953858,1.00113,1.01645,3,1,1,1,0,1,1.01831,0,0,5.69445,5.63889,5.58334,1058.75,970,445.664,970,995.313,28.5,95.5078,95.8828,28.3125,28.6406,549.413,51.75,2.008,1.29333,2.696,93.75,2.7451,2.7451,0,1.25,4.85541,24.75,24.75,24
10.567,0,0,0,0,0.954713,1.00113,1.01599,3,1,1,1,0,1,1.01831,0,0,5.75,5.66667,5.66667,1062.75,970,445.586,970,995.313,28.5,95.6016,95.9063,28.3359,28.5703,549.413,52.5,2.008,1.29333,2.688,93.75,2.7451,2.7451,0,0.890625,4.85541,24.75,24.75,24
10.6,0,0,0,0,0.955201,1.00113,1.01694,3,1,1,1,0,1,1.02002,0,0,5.75,5.66667,5.58334,1063.5,970,444.492,970,995.313,28.4297,95.5781,95.9766,27.8203,28.4531,549.413,52.5,1.996,1.29333,2.676,93.75,2.7451,2.7451,0,0.953125,4.85541,24.75,24.75,24
10.633,0,0,0,0,0.955323,1.00113,1.01682,3,1,1,1,0,1,1.02002,0,0,5.75,5.66667,5.66667,1063.5,970,443.984,970,995.313,28.3828,95.5781,95.9766,28.125,28.4297,549.002,52.5,2,1.288,2.68,93.75,2.7451,2.7451,0,1,4.85541,24.75,24.75,24
10.667,0,0,0,0,0.955506,1.00113,1.01718,3,1,1,1,0,1,1.02002,0,0,5.69445,5.66667,5.61112,1061,970,443.203,970,995.313,28.3359,95.6953,96.0234,27.8906,28.5,549.002,52.5,1.996,1.28533,2.676,93.75,2.7451,2.7451,0,0.984375,4.85541,24.75,24.75,24
10.7,0,0,0,0,0.952882,1.00113,1.01648,3,1,1,1,0,1,1.01831,0,0,5.69445,5.66667,5.58334,1060.25,970,442.227,970,992.656,28.2656,95.7656,95.8828,27.7266,28.5938,549.002,52.5,1.976,1.27467,2.672,93.75,2.7451,2.7451,0,1.03125,4.85541,24.75,24.75,24
10.733,0,0,0,0,0.955567,1.00113,1.01709,3,1,1,1,0,1,1.0166,0,0,5.69445,5.63889,5.72223,1060.25,970,443.32,970,995.313,28.3359,95.7656,95.8828,28.9922,28.5703,549.002,52.5,2.004,1.29333,2.7,93.75,2.7451,2.7451,0,1.26563,4.85541,24.75,24.75,24
10.767,0,0,0,0,0.95337,1.00113,1.01697,3,1,1,1,0,1,1.01319,0,0,5.69445,5.63889,5.83334,1064,970,443.359,970,992.656,28.3359,95.5547,95.9297,29.2734,28.5703,549.002,52.5,1.924,1.24,2.612,93.75,2.7451,2.7451,0,1.10938,4.85541,24.75,24.75,24
10.8,0,0,0,0,0.954835,1.00113,1.0174,3,1,1,1,0,1,1.01148,0,0,5.69445,5.66667,5.66667,1065.5,970,443.281,970,992.656,28.3359,95.625,96.0234,28.2891,28.3125,549.002,52.5,1.9,1.24,2.588,93.75,2.7451,2.7451,0,1.39063,4.85541,24.75,24.75,24
10.833,0,0,0,0,0.955323,1.00113,1.01691,3,1,1,1,0,1,1.00855,0,0,5.69445,5.66667,5.69445,1061.75,970,443.398,970,992.656,28.3359,95.625,96.0234,28.4297,28.4766,548.592,52.5,1.9,1.22933,2.588,93.75,2.7451,2.7451,0,1.21875,4.85541,24.75,24.75,24
10.867,0,0,0,0,0.955933,1.00113,1.01807,3,1,1,1,0,1,1.00733,0,0,5.69445,5.66667,5.66667,1060.25,970,443.242,970,992.656,28.3359,95.7422,95.9531,28.2422,28.5469,548.592,52.5,1.896,1.22667,2.584,93.75,2.7451,2.7451,0,0.71875,4.85541,24.75,24.75,24
10.9,0,0,0,0,0.955689,1.00113,1.01767,3,1,1,1,0,1,1.00488,0,0,5.69445,5.66667,5.38889,1062.75,970,440.781,970,992.656,28.1484,95.6484,95.9766,26.7656,28.5,548.592,52.5,1.86,1.20267,2.556,93.75,2.7451,2.7451,0,0.703125,4.85541,24.75,24.75,24
10.933,0,0,0,0,0.955262,1.00113,1.01706,3,1,1,1,0,1,1.00171,0,0,5.69445,5.61112,5.88889,1063.25,970,442.344,970,992.656,28.2656,95.6484,95.9766,27.3281,28.4766,548.592,52.5,1.868,1.23467,2.564,93.75,2.7451,2.7451,0,1.01563,4.85541,24.75,24.75,23.25
10.967,0,0,0,0,0.952821,1.00113,1.01666,3,1,1,1,0,1,0.998537,0,0,5.63889,5.66667,5.55556,1063,970,439.766,970,990.039,28.0781,95.6719,96.0234,27.4688,28.4531,548.592,52.5,1.864,1.20533,2.544,93.75,2.7451,2.7451,0,1.0625,4.85541,24.75,24.75,24
11,0,0,0,0,0.954835,1.00113,1.0174,3,1,1,1,0,1,0.998537,0,0,5.63889,5.63889,5.80556,1062.25,970,441.641,970,992.617,28.2188,95.7422,95.9766,29.2969,28.4766,548.592,52.5,1.908,1.20533,2.588,93.75,2.7451,2.7451,0,1.07813,4.85541,24.75,24.75,24
11.033,0,0,0,0,0.953797,1.00113,1.0173,3,1,1,1,0,1,0.998537,0,0,5.69445,5.66667,5.58334,1063.25,970,440.391,970,990.039,28.125,95.7422,95.9766,27.4219,28.4531,548.221,52.5,1.868,1.208,2.548,93.75,2.7451,2.7451,0,1.17188,4.85541,24.75,24.75,23.25
11.067,0,0,0,0,0.953614,1.00113,1.01685,3,1,1,1,0,1,1,0,0,5.69445,5.63889,5.75,1063.75,970,441.484,970,990.039,28.1953,95.6719,96,28.8516,28.4297,548.221,52.5,1.988,1.28533,2.668,93.75,2.7451,2.7451,0,1.14063,4.85541,24.75,24.75,24
11.1,0,0,0,0,0.954102,1.00113,1.01621,3,1,1,1,0,1,1.00171,0,0,5.69445,5.63889,5.83334,1063.25,970,442.227,970,990.039,28.2656,95.7188,96.0234,29.0625,28.4063,548.221,52.5,1.996,1.272,2.684,93.75,2.7451,2.7451,0,1.04688,4.85541,24.75,24.75,23.25
11.133,0,0,0,0,0.955079,1.00113,1.01651,3,1,1,1,0,1,1.00366,0,0,5.69445,5.66667,5.58334,1064,970,441.367,970,990.039,28.1953,95.7188,96.0234,27.7266,28.4531,548.221,52.5,1.968,1.288,2.656,93.75,2.7451,2.7451,0,0.8125,4.85541,24.75,24.75,23.25
11.167,0,0,0,0,0.955323,1.00113,1.01691,3,1,1,1,0,1,1.00611,0,0,5.69445,5.66667,5.83334,1064,970,442.422,970,990.039,28.2656,95.7422,96.0234,28.875,28.4297,548.221,52.5,1.996,1.288,2.684,93.75,2.7451,2.7451,0,0.84375,4.85541,24.75,24.75,23.25
11.2,0,0,0,0,0.9563,1.00113,1.01724,3,1,1,1,0,1,1.00855,0,0,5.69445,5.66667,5.61112,1066,970,441.523,970,990.039,28.2188,95.7188,96.0938,27.7031,28.3359,548.221,52.5,1.968,1.26933,2.656,93.75,2.7451,2.7451,0,0.671875,4.85541,24.75,24.75,23.25
11.233,0,0,0,0,0.956177,1.00113,1.01721,3,1,1,1,0,1,1.01001,0,0,5.69445,5.66667,5.66667,1064.5,970,441.133,970,990.039,28.1953,95.7188,96.0938,27.9844,28.3828,547.791,52.5,1.972,1.272,2.66,93.75,2.7451,2.7451,0,0.953125,4.85541,24.75,24.75,23.25
11.267,0,0,0,0,0.955933,1.00113,1.01669,3,1,1,1,0,1,1.01001,0,0,5.69445,5.69445,5.66667,1065,970,439.609,970,990.039,28.0781,95.8125,96.0469,27.9375,28.3828,547.791,52.5,1.96,1.264,2.656,93.75,2.7451,2.7451,0,1.26563,4.85541,24.75,24.75,24
11.3,0,0,0,0,0.95575,1.00113,1.01648,3,1,1,1,0,1,1.01001,0,0,5.69445,5.69445,5.63889,1064.5,970,439.141,970,990.039,28.0547,95.7422,96.0703,27.7969,28.3828,547.791,52.5,1.96,1.264,2.656,93.75,2.7451,2.7451,0,1.375,4.85541,24.75,24.75,24
11.333,0,0,0,0,0.953004,1.00113,1.01669,3,1,1,1,0,1,1.01001,0,0,5.63889,5.63889,5.75,1064.25,970,440.508,970,987.383,28.1484,95.7422,96.0703,28.9453,28.4063,547.791,52.5,1.988,1.28267,2.684,93.75,2.7451,2.7451,0,1.32813,4.85541,24.75,24.75,24
11.367,0,0,0,0,0.954102,1.00113,1.01767,3,1,1,1,0,1,1.00855,0,0,5.69445,5.66667,5.69445,1066.25,970,441.016,970,987.383,28.1719,95.7891,96.0469,28.4766,28.3359,547.791,52.5,1.896,1.22133,2.592,93.75,2.7451,2.7451,0,1.04688,4.85541,25.5,25.5,24
11.4,0,0,0,0,0.954713,1.00113,1.01801,3,1,1,1,0,1,1.00733,0,0,5.69445,5.63889,5.63889,1065,970,440.938,970,987.383,28.1719,95.7422,96.0703,28.125,28.3594,547.791,52.5,1.884,1.21867,2.572,93.75,2.7451,2.7451,0,0.9375,4.85541,25.5,25.5,24
11.433,0,0,0,0,0.95514,1.00113,1.01834,3,1,1,1,0,1,1.00611,0,0,5.69445,5.66667,5.69445,1064.5,970,441.133,970,987.383,28.1953,95.7422,96.0703,28.3125,28.4063,547.401,52.5,1.884,1.21867,2.572,93.75,2.7451,2.7451,0,0.765625,4.85541,24.75,24.75,23.25
11.467,0,0,0,0,0.955811,1.00113,1.01715,3,1,1,1,0,1,1.00171,0,0,5.69445,5.61112,5.69445,1064.75,970,441.367,970,987.383,28.1953,95.7891,96.0469,28.1719,28.4063,547.401,52.5,1.884,1.22133,2.564,93.75,2.7451,2.7451,0,0.90625,4.85541,24.75,24.75,23.25
11.5,0,0,0,0,0.956361,1.00113,1.01675,3,1,1,1,0,1,0.998537,0,0,5.69445,5.66667,5.75,1067.25,970,441.602,970,987.383,28.2188,95.7422,96.0703,28.3594,28.4063,547.401,52.5,1.884,1.21867,2.564,93.75,2.7451,2.7451,0,0.953125,4.85541,24.75,24.75,24
11.533,0,0,0,0,0.95691,1.00113,1.01785,3,1,1,1,0,1,0.998537,0,0,5.69445,5.66667,5.72223,1066,970,441.602,970,987.383,28.2188,95.7422,96.0703,28.2188,28.3125,547.401,52.5,1.884,1.21867,2.564,93.75,2.7451,2.7451,0,1.09375,4.85541,24.75,24.75,24
11.567,0,0,0,0,0.957398,1.00113,1.0184,3,1,1,1,0,1,0.998537,0,0,5.69445,5.61112,5.61112,1065.25,970,440.742,970,987.383,28.1484,95.7656,96.0938,27.6797,28.3594,547.401,52.5,1.876,1.21333,2.556,93.75,2.7451,2.7451,0,1.3125,4.85541,24.75,24.75,23.25
11.6,0,0,0,0,0.957398,1.00113,1.01828,3,1,1,1,0,1,0.997072,0,0,5.69445,5.66667,5.63889,1066.25,970,440.117,970,987.383,28.125,95.8125,96.1172,27.75,28.3359,547.401,52.5,1.872,1.21067,2.552,93.75,2.7451,2.7451,0,1.40625,4.85541,24.75,24.75,23.25
11.633,0,0,0,0,0.957459,1.00113,1.01938,3,1,1,1,0,1,0.998537,0,0,5.69445,5.69445,5.75,1066.5,970,440.313,970,987.383,28.125,95.8125,96.1172,28.2656,28.3125,547.01,52.5,1.884,1.21867,2.564,93.75,2.7451,2.7451,0,1.10938,4.85541,25.5,25.5,24
11.667,0,0,0,0,0.957642,1.00113,1.01782,3,1,1,1,0,1,0.998537,0,0,5.69445,5.69445,5.80556,1066.75,970,440.352,970,987.383,28.125,95.8359,96.0938,28.5234,28.3359,547.01,52.5,1.968,1.27467,2.648,93.75,2.7451,2.7451,0,0.9375,4.85541,24.75,24.75,23.25
11.7,0,0,0,0,0.955384,1.00113,1.01795,3,1,1,1,0,1,1,0,0,5.69445,5.66667,5.72223,1066.75,970,440.352,970,984.727,28.125,95.7891,96.1406,28.125,28.2891,547.01,52.5,1.972,1.27467,2.652,93.75,2.7451,2.7451,0,0.71875,4.85541,24.75,24.75,23.25
11.733,0,0,0,0,0.958253,1.00113,1.01834,3,1,1,1,0,1,1.00171,0,0,5.69445,5.66667,5.72223,1065,970,441.328,970,987.344,28.1953,95.7891,96.1406,28.7578,28.3594,547.01,52.5,1.984,1.28,2.664,93.75,2.7451,2.7451,0,0.96875,4.85541,24.75,24.75,23.25
11.767,0,0,0,0,0.958863,1.00113,1.01914,3,1,1,1,0,1,1.00488,0,0,5.69445,5.66667,5.52778,1065,970,439.531,970,987.383,28.0781,95.8594,96.0703,27.0469,28.3594,547.01,52.5,1.948,1.256,2.628,93.75,2.7451,2.7451,0,1.09375,4.85541,24.75,24.75,24
11.8,0,0,0,0,0.958314,1.00113,1.01941,3,1,1,1,0,1,1.00733,0,0,5.69445,5.66667,5.69445,1066.25,970,439.219,970,987.383,28.0547,95.7656,96.1172,27.8906,28.3594,547.01,52.5,1.964,1.26667,2.652,93.75,2.7451,2.7451,0,0.96875,4.85541,24.75,24.75,24
11.833,0,0,0,0,0.955933,1.00113,1.01917,3,1,1,1,0,1,1.00855,0,0,5.69445,5.66667,5.77778,1069.25,970,439.453,970,984.727,28.0781,95.7656,96.1172,28.2188,28.2422,546.62,52.5,1.972,1.272,2.66,93.75,2.7451,2.7451,0,1.35938,4.85541,24.75,24.75,23.25
11.867,0,0,0,0,0.956727,1.00113,1.01874,3,1,1,1,0,1,1.01001,0,0,5.69445,5.69445,5.72223,1067,970,440.586,970,984.727,28.1484,95.8125,96.2344,28.5,28.2891,546.62,52.5,1.98,1.27733,2.66,93.75,2.7451,2.7451,0,1.25,4.85541,25.5,25.5,24
11.9,0,0,0,0,0.957215,1.00113,1.01914,3,1,1,1,0,1,1.01148,0,0,5.69445,5.61112,5.58334,1065.75,970,439.961,970,984.727,28.1016,95.9531,96.1406,27.75,28.3359,546.62,52.5,1.968,1.27733,2.648,93.75,2.7451,2.7451,0,1.17188,4.85541,25.5,25.5,24
11.933,0,0,0,0,0.957459,1.00113,1.02042,3,1,1,1,0,1,1.01148,0,0,5.69445,5.66667,5.72223,1065.75,970,440.352,970,984.727,28.125,95.9531,96.1406,28.3594,28.3359,546.62,52.5,1.976,1.27467,2.656,93.75,2.7451,2.7451,0,1.10938,4.85541,24.75,24.75,23.25
11.967,0,0,0,0,0.957825,1.00113,1.02039,3,1,1,1,0,1,1.01001,0,0,5.69445,5.66667,5.55556,1066,970,439.336,970,984.727,28.0547,95.8359,96.0938,27.4922,28.3594,546.62,52.5,1.868,1.20533,2.548,93.75,2.7451,2.7451,0,1.01563,4.85541,24.75,24.75,24
12,0,0,0,0,0.957642,1.00113,1.02094,3,1,1,1,0,1,1.01001,0,0,5.69445,5.66667,5.69445,1068,970,439.336,970,984.727,28.0547,95.7656,96.1875,28.0313,28.2656,546.62,52.5,1.876,1.21333,2.564,93.75,2.7451,2.7451,0,0.796875,4.85541,24.75,24.75,24
12.033,0,0,0,0,0.957886,1.00113,1.02109,3,1,1,1,0,1,1.00855,0,0,5.69445,5.66667,5.63889,1067,970,438.789,970,984.727,28.0313,95.7656,96.1875,27.75,28.2656,546.229,52.5,1.872,1.21333,2.56,93.75,2.7451,2.7451,0,1.04688,4.85541,24.75,24.75,24
12.067,0,0,0,0,0.957947,1.00113,1.02103,3,1,1,1,0,1,1.00611,0,0,5.63889,5.69445,5.52778,1067.5,970,437.461,970,984.727,27.9375,95.8828,96.1406,27.1875,28.2656,546.229,52.5,1.852,1.19733,2.54,93.75,2.7451,2.7451,0,1.01563,4.85541,24.75,24.75,23.25
12.1,0,0,0,0,0.954591,1.00113,1.02155,3,1,1,1,0,1,1.00488,0,0,5.63889,5.66667,5.83334,1067.5,970,438.594,970,982.109,28.0078,95.6016,96.1641,28.6641,28.2656,546.229,52.5,1.884,1.21867,2.572,93.75,2.7451,2.7451,0,1.40625,4.85541,24.75,24.75,23.25
12.133,0,0,0,0,0.958008,1.00113,1.02203,3,1,1,1,0,1,1.00366,0,0,5.63889,5.69445,5.63889,1067,970,439.063,970,984.688,27.9844,95.6016,96.1641,28.3125,28.3125,546.229,52.5,1.88,1.216,2.568,93.75,2.7451,2.7451,0,1.25,4.85541,24.75,24.75,24
12.167,0,0,0,0,0.958375,1.00113,1.02176,3,1,1,1,0,1,0.998537,0,0,5.63889,5.69445,5.47223,1068,970,437.109,970,984.727,27.8438,95.8594,96.1406,26.7656,28.2188,546.229,52.5,1.844,1.21333,2.54,93.75,2.7451,2.7451,0,1.10938,4.85541,24.75,24.75,24
12.2,0,0,0,0,0.957642,1.00113,1.02341,3,1,1,1,0,1,1,0,0,5.63889,5.66667,5.72223,1067,970,437.383,970,984.727,27.8672,95.8125,96.1875,28.0313,28.2656,546.229,52.5,1.86,1.192,2.556,93.75,2.7451,2.7451,0,0.9375,4.85541,24.75,24.75,24
12.233,0,0,0,0,0.957337,1.00113,1.02371,3,1,1,1,0,1,1.00171,0,0,5.63889,5.66667,5.80556,1066.75,970,438.32,970,984.727,27.9375,95.8125,96.1875,28.4766,28.2891,545.838,52.5,1.88,1.20533,2.576,93.75,2.7451,2.7451,0,0.9375,4.85541,24.75,24.75,24
12.267,0,0,0,0,0.955567,1.00113,1.02322,3,1,1,1,0,1,1.00171,0,0,5.63889,5.69445,5.66667,1067.75,970,438.008,970,982.109,27.9141,95.8828,96.1406,27.75,28.2656,545.838,52.5,1.952,1.26133,2.648,93.75,2.7451,2.7451,0,1.14063,4.85541,24.75,24.75,24
12.3,0,0,0,0,0.955628,1.00113,1.02365,3,1,1,1,0,1,1.00366,0,0,5.63889,5.66667,5.63889,1067.75,970,438.477,970,982.109,27.9375,95.8125,96.1641,28.2188,28.2656,545.838,52.5,1.972,1.272,2.66,93.75,2.7451,2.7451,0,1.03125,4.85541,24.75,24.75,24
12.333,0,0,0,0,0.958741,1.00113,1.02365,3,1,1,1,0,1,1.00488,0,0,5.69445,5.66667,5.75,1069,970,439.531,970,984.727,28.0078,95.8125,96.1641,28.6172,28.2422,545.838,52.5,1.984,1.28,2.672,93.75,2.7451,2.7451,0,1.21875,4.85541,24.75,24.75,23.25
12.367,0,0,0,0,0.956605,1.00113,1.02448,3,1,1,1,0,1,1.00733,0,0,5.63889,5.69445,5.72223,1069.25,970,439.414,970,982.109,28.0078,95.8594,96.2109,28.4063,28.2656,545.838,52.5,1.98,1.264,2.66,93.75,2.7451,2.7451,0,1.10938,4.85541,24.75,24.75,24
12.4,0,0,0,0,0.956849,1.00113,1.02387,3,1,1,1,0,1,1.00855,0,0,5.69445,5.61112,5.58334,1070.25,970,438.789,970,982.109,27.9609,95.9063,96.2344,27.6094,28.2422,545.838,52.5,1.968,1.27733,2.648,93.75,2.7451,2.7451,0,1.42188,4.85541,24.75,24.75,24
12.433,0,0,0,0,0.957154,1.00113,1.02429,3,1,1,1,0,1,1.01001,0,0,5.69445,5.66667,5.63889,1069.25,970,438.594,970,982.109,27.9609,95.9063,96.2344,27.8438,28.1953,545.448,52.5,1.972,1.272,2.652,93.75,2.7451,2.7451,0,1.1875,4.85541,24.75,24.75,24
12.467,0,0,0,0,0.957398,1.00113,1.02405,3,1,1,1,0,1,1.01001,0,0,5.63889,5.66667,5.69445,1067.25,970,438.828,970,982.109,27.9609,95.9063,96.2344,28.125,28.2891,545.448,52.5,1.972,1.272,2.652,93.75,2.7451,2.7451,0,0.734375,4.85541,24.75,24.75,23.25
12.5,0,0,0,0,0.957581,1.00113,1.02383,3,1,1,1,0,1,1.01001,0,0,5.63889,5.66667,5.61112,1068.25,970,438.32,970,982.109,27.9375,95.9063,96.1875,27.6563,28.2656,545.448,52.5,1.96,1.264,2.648,93.75,2.7451,2.7451,0,0.796875,4.85541,24.75,24.75,23.25
12.533,0,0,0,0,0.957581,1.00113,1.02454,3,1,1,1,0,1,1.01001,0,0,5.63889,5.66667,5.66667,1068.75,970,438.203,970,982.109,27.9141,95.9063,96.1875,27.8672,28.2422,545.448,52.5,1.964,1.26667,2.652,93.75,2.7451,2.7451,0,0.90625,4.85541,24.75,24.75,23.25
12.567,0,0,0,0,0.95752,1.00113,1.02527,3,1,1,1,0,1,1.01001,0,0,5.63889,5.66667,5.61112,1069,970,437.109,970,982.109,27.8438,95.8594,96.1875,27.5625,28.2422,545.448,52.5,1.868,1.20533,2.548,93.75,2.7451,2.7451,0,1,4.85541,24.75,24.75,24
12.6,0,0,0,0,0.957337,1.00113,1.02524,3,1,1,1,0,1,1.00855,0,0,5.63889,5.66667,5.63889,1068,970,436.836,970,982.109,27.8203,95.8594,96.2109,27.6797,28.2656,545.448,52.5,1.864,1.20533,2.544,93.75,2.7451,2.7451,0,1.20313,4.85541,24.75,24.75,24
12.633,0,0,0,0,0.957215,1.00113,1.02536,3,1,1,1,0,1,1.00733,0,0,5.63889,5.69445,5.72223,1069.25,970,437.188,970,982.109,27.8438,95.8594,96.2109,28.0547,28.2422,545.057,52.5,1.876,1.21333,2.556,93.75,2.7451,2.7451,0,1.42188,4.85541,24.75,24.75,24
12.667,0,0,0,0,0.957459,1.00113,1.026,3,1,1,1,0,1,1.00611,0,0,5.63889,5.61112,5.61112,1069,970,436.68,970,982.109,27.8203,95.8828,96.2344,27.5391,28.2422,545.057,52.5,1.864,1.20533,2.544,93.75,2.7451,2.7451,0,1.21875,4.85541,25.5,25.5,24
12.7,0,0,0,0,0.957398,1.00113,1.02496,3,1,1,1,0,1,1.00171,0,0,5.63889,5.66667,5.61112,1068.75,970,436.172,970,982.109,27.7734,95.9063,96.2109,27.5156,28.5234,545.057,52.5,1.864,1.20533,2.552,93.75,2.7451,2.7451,0,1.04688,5.21553,25.5,25.5,24
12.733,0,0,0,0,0.957276,1.00113,1.02481,3,1,1,1,0,1,0.998537,0,0,5.63889,5.66667,5.69445,1069.75,970,436.328,970,982.109,27.7969,95.9063,96.2109,27.8906,28.4766,545.057,52.5,1.864,1.20533,2.552,93.75,2.7451,2.7451,0,1,5.21553,26.25,26.25,24
12.767,0,0,0,0,0.95752,1.00113,1.02551,3,1,1,1,0,1,0.997072,0,0,5.63889,5.61112,5.63889,1067.5,970,436.289,970,982.109,27.7969,95.8828,96.2109,27.6797,28.5469,545.057,52.5,1.868,1.208,2.548,93.75,2.7451,2.7451,0,0.96875,5.21553,25.5,25.5,24
12.8,0,0,0,0,0.955079,1.00113,1.02695,3,1,1,1,0,1,0.998537,0,0,5.63889,5.61112,5.55556,1069.75,970,435.352,970,979.453,27.7266,95.8828,96.2344,27.2109,28.4766,545.057,52.5,1.86,1.208,2.54,93.75,2.7451,2.7451,0,0.734375,5.21553,25.5,25.5,24
12.833,0,0,0,0,0.957337,1.00113,1.02695,3,1,1,1,0,1,0.998537,0,0,5.63889,5.66667,5.75,1071,970,436.914,970,982.07,27.8203,95.8828,96.2344,28.7344,28.4531,544.686,52.5,1.884,1.21867,2.564,93.75,2.7451,2.7451,0,0.90625,5.21553,25.5,25.5,23.25
12.867,0,0,0,0,0.958253,1.00113,1.02615,3,1,1,1,0,1,0.998537,0,0,5.63889,5.66667,5.61112,1071.5,970,436.094,970,982.109,27.7734,95.9063,96.2813,27.3047,28.3828,544.686,52.5,1.864,1.20533,2.544,93.75,2.7451,2.7451,0,1.21875,5.21553,24.75,24.75,23.25
12.9,0,0,0,0,0.958131,1.00113,1.02618,3,1,1,1,0,1,1,0,0,5.63889,5.66667,5.66667,1068.75,970,435.898,970,982.109,27.7734,95.9766,96.2813,27.6797,28.4297,544.686,52.5,1.96,1.26667,2.648,93.75,2.7451,2.7451,0,1.35938,5.21553,25.5,25.5,24
12.933,0,0,0,0,0.958131,1.00113,1.02725,3,1,1,1,0,1,1.00366,0,0,5.63889,5.66667,5.66667,1068.25,970,435.82,970,982.109,27.75,95.9766,96.2813,27.7266,28.5,544.686,52.5,1.96,1.264,2.648,93.75,2.7451,2.7451,0,1.25,5.21553,25.5,25.5,24
12.967,0,0,0,0,0.958008,1.00113,1.02686,3,1,1,1,0,1,1.00611,0,0,5.63889,5.66667,5.69445,1069.5,970,436.875,970,982.07,27.8203,95.9766,96.1875,28.4297,28.5,544.686,52.5,1.98,1.27733,2.676,93.75,2.7451,2.7451,0,1.34375,5.21553,26.25,26.25,24
13,0,0,0,0,0.956177,1.00113,1.02667,3,1,1,1,0,1,1.00733,0,0,5.63889,5.66667,5.75,1070.25,970,437.07,970,979.453,27.8438,95.8594,96.2578,27.9609,28.5,544.686,52.5,1.972,1.272,2.668,93.75,2.7451,2.7451,0,0.96875,5.21553,24.75,24.75,24
13.033,0,0,0,0,0.956483,1.00113,1.02683,3,1,1,1,0,1,1.00855,0,0,5.63889,5.66667,5.66667,1070,970,437.656,970,979.453,27.8906,95.8594,96.2578,28.2188,28.4766,544.315,52.5,1.98,1.27733,2.676,93.75,2.7451,2.7451,0,0.640625,5.21553,24.75,24.75,23.25
13.067,0,0,0,0,0.95691,1.00113,1.02716,3,1,1,1,0,1,1.01001,0,0,5.63889,5.66667,5.72223,1071,970,438.086,970,979.453,27.9141,95.9531,96.2578,28.2656,28.4531,544.315,52.5,1.984,1.272,2.672,93.75,2.7451,2.7451,0,1.0625,5.21553,24.75,24.75,23.25
13.1,0,0,0,0,0.957276,1.00113,1.0268,3,1,1,1,0,1,1.01001,0,0,5.69445,5.69445,5.66667,1071,970,438.086,970,979.453,27.9141,95.9297,96.2813,27.9141,28.4531,544.315,52.5,1.976,1.28,2.664,93.75,2.7451,2.7451,0,0.921875,5.21553,24.75,24.75,24
13.133,0,0,0,0,0.95752,1.00113,1.02707,3,1,1,1,0,1,1.01001,0,0,5.69445,5.69445,5.69445,1070.25,970,438.242,970,979.453,27.9375,95.9297,96.2813,28.0313,28.4531,544.315,52.5,1.98,1.27733,2.668,93.75,2.7451,2.7451,0,1.07813,5.21553,24.75,24.75,24
13.167,0,0,0,0,0.957764,1.00113,1.02756,3,1,1,1,0,1,1.00855,0,0,5.63889,5.69445,5.72223,1067.75,970,438.633,970,979.453,27.9609,95.9766,96.2578,28.1953,28.5469,544.315,52.5,1.896,1.22133,2.584,93.75,2.7451,2.7451,0,1.39063,5.21553,24.75,24.75,23.25
13.2,0,0,0,0,0.95807,1.00113,1.02841,3,1,1,1,0,1,1.00855,0,0,5.69445,5.69445,5.77778,1069.25,970,439.297,970,979.453,28.0078,95.9297,96.2344,28.4063,28.5234,544.315,52.5,1.892,1.224,2.58,93.75,2.7451,2.7451,0,1.42188,5.21553,24.75,24.75,23.25
13.233,0,0,0,0,0.958619,1.00113,1.02811,3,1,1,1,0,1,1.00488,0,0,5.69445,5.69445,5.77778,1071.25,970,439.766,970,979.453,28.0313,95.9297,96.2344,28.3125,28.4531,543.924,52.5,1.896,1.22667,2.584,93.75,2.7451,2.7451,0,1.1875,5.21553,24.75,24.75,24
13.267,0,0,0,0,0.958985,1.00113,1.02664,3,1,1,1,0,1,1,0,0,5.69445,5.69445,5.63889,1073,970,438.984,970,979.453,27.9844,95.9063,96.3281,27.5625,28.4063,543.924,52.5,1.876,1.21333,2.556,93.75,2.7451,2.7451,0,1.09375,5.21553,24.75,24.75,23.25
13.3,0,0,0,0,0.958863,1.00113,1.02738,3,1,1,1,0,1,0.998537,0,0,5.69445,5.69445,5.66667,1071.5,970,438.555,970,979.453,27.9609,96,96.3516,27.7266,28.3359,543.924,52.5,1.876,1.21333,2.556,93.75,2.7451,2.7451,0,0.875,5.21553,24.75,24.75,23.25
13.333,0,0,0,0,0.958802,1.00113,1.02768,3,1,1,1,0,1,0.997072,0,0,5.69445,5.69445,5.69445,1070,970,438.438,970,979.453,27.9609,96,96.3516,27.8906,28.4531,543.924,52.5,1.88,1.216,2.56,93.75,2.7451,2.7451,0,1,5.21553,24.75,24.75,24
13.367,0,0,0,0,0.958863,1.00113,1.0285,3,1,1,1,0,1,0.997072,0,0,5.69445,5.72223,5.75,1069.25,970,438.75,970,979.453,27.9609,96.0703,96.2578,28.1719,28.5234,543.924,52.5,1.884,1.21867,2.564,93.75,2.7451,2.7451,0,1,5.21553,24.75,24.75,24
13.4,0,0,0,0,0.959229,1.00113,1.02826,3,1,1,1,0,1,0.995607,0,0,5.69445,5.66667,5.80556,1071,970,439.414,970,979.453,28.0078,95.9297,96.2813,28.4063,28.4766,543.924,52.5,1.896,1.22667,2.584,93.75,2.7451,2.7451,0,1.20313,5.21553,24.75,24.75,24
13.433,0,0,0,0,0.959779,1.00113,1.0282,3,1,1,1,0,1,0.995607,0,0,5.69445,5.69445,5.77778,1071.25,970,439.805,970,979.453,28.0547,95.9297,96.2813,28.2656,28.4531,543.553,52.5,1.892,1.224,2.58,93.75,2.7451,2.7451,0,1.42188,5.21553,24.75,24.75,24
13.467,0,0,0,0,0.95984,1.00113,1.02728,3,1,1,1,0,1,0.997072,0,0,5.69445,5.72223,5.80556,1071,970,439.961,970,979.453,28.0547,95.9531,96.3516,28.4063,28.4531,543.553,52.5,1.984,1.28267,2.664,93.75,2.7451,2.7451,0,1.3125,5.21553,24.75,24.75,24
13.5,0,0,0,0,0.960267,1.00113,1.02692,3,1,1,1,0,1,0.997072,0,0,5.69445,5.72223,5.69445,1070.5,970,439.648,970,979.453,28.0313,96.0703,96.2578,27.8672,28.4531,543.553,52.5,1.976,1.28267,2.656,93.75,2.7451,2.7451,0,1.15625,5.21553,24.75,24.75,24
13.533,0,0,0,0,0.960145,1.00113,1.0264,3,1,1,1,0,1,0.997072,0,0,5.69445,5.72223,5.63889,1071.25,970,438.906,970,979.453,27.9844,96.0703,96.2578,27.5625,28.4531,543.553,52.5,1.972,1.272,2.652,93.75,2.7451,2.7451,0,1.29688,5.21553,24.75,24.75,23.25
13.567,0,0,0,0,0.959717,1.00113,1.02722,3,1,1,1,0,1,1,0,0,5.69445,5.72223,5.72223,1071.5,970,438.867,970,979.453,27.9844,95.9297,96.3047,27.9609,28.4063,543.553,52.5,1.972,1.272,2.652,93.75,2.7451,2.7451,0,1.03125,5.21553,24.75,24.75,23.25
13.6,0,0,0,0,0.959779,1.00113,1.02646,3,1,1,1,0,1,1,0,0,5.69445,5.72223,5.66667,1073,970,438.438,970,979.453,27.9375,95.9531,96.3281,27.6563,28.4063,543.553,52.5,1.964,1.27467,2.652,93.75,2.7451,2.7451,0,0.8125,5.21553,24.75,24.75,23.25
13.633,0,0,0,0,0.959717,1.00113,1.02646,3,1,1,1,0,1,1.00171,0,0,5.69445,5.72223,5.69445,1072.75,970,438.164,970,979.453,27.9375,95.9531,96.3281,27.7734,28.3594,543.163,52.5,1.964,1.26667,2.652,93.75,2.7451,2.7451,0,1.1875,5.21553,24.75,24.75,23.25
13.667,0,0,0,0,0.959473,1.00113,1.02649,3,1,1,1,0,1,1.00366,0,0,5.69445,5.69445,5.66667,1072.25,970,437.695,970,979.453,27.8906,96,96.3516,27.6563,28.3828,543.163,52.5,1.96,1.264,2.648,93.75,2.7451,2.7451,0,1.0625,5.21553,24.75,24.75,23.25
13.7,0,0,0,0,0.95929,1.00113,1.02567,3,1,1,1,0,1,1.00366,0,0,5.69445,5.69445,5.72223,1072,970,437.734,970,979.453,27.9141,96.0234,96.3281,27.9375,28.4063,543.163,52.5,1.968,1.26933,2.656,93.75,2.7451,2.7451,0,1.34375,5.21553,24.75,24.75,23.25
13.733,0,0,0,0,0.956788,1.00113,1.02515,3,1,1,1,0,1,1.00366,0,0,5.63889,5.72223,5.69445,1071.5,970,437.578,970,976.836,27.8906,96.0234,96.3281,27.8203,28.4063,543.163,52.5,1.96,1.264,2.648,93.75,2.7451,2.7451,0,1.4375,5.21553,25.5,25.5,24
13.767,0,0,0,0,0.957032,1.00113,1.02591,3,1,1,1,0,1,1.00171,0,0,5.69445,5.69445,5.80556,1071.5,970,439.531,970,976.836,28.0313,95.9766,96.3047,28.8281,28.3359,543.163,52.5,1.904,1.272,2.592,93.75,2.7451,2.7451,0,1.15625,5.21553,24.75,24.75,24
13.8,0,0,0,0,0.957825,1.00113,1.02655,3,1,1,1,0,1,1.00171,0,0,5.69445,5.69445,5.61112,1069.75,970,439.18,970,976.836,28.0078,95.9766,96.3047,27.8203,28.3828,543.163,52.5,1.876,1.22667,2.564,93.75,2.7451,2.7451,0,0.921875,5.21553,24.75,24.75,24
13.833,0,0,0,0,0.958192,1.00113,1.02545,3,1,1,1,0,1,0.998537,0,0,5.69445,5.69445,5.61112,1072.25,970,438.633,970,976.836,27.9609,95.9766,96.3047,27.6797,28.4766,542.791,52.5,1.872,1.21067,2.56,93.75,2.7451,2.7451,0,0.828125,5.21553,24.75,24.75,24
13.867,0,0,0,0,0.958008,1.00113,1.02533,3,1,1,1,0,1,0.997072,0,0,5.69445,5.72223,5.63889,1075.5,970,438.125,970,976.836,27.9375,95.9531,96.3281,27.6563,28.2656,542.791,52.5,1.864,1.20533,2.552,93.75,2.7451,2.7451,0,1.0625,5.21553,24.75,24.75,23.25
13.9,0,0,0,0,0.960572,1.00113,1.02493,3,1,1,1,0,1,0.995607,0,0,5.69445,5.69445,5.75,1074.5,970,438.477,970,979.453,27.9609,95.9766,96.4219,28.1719,28.2656,542.791,52.5,1.88,1.216,2.568,93.75,2.7451,2.7451,0,1.03125,5.21553,24.75,24.75,23.25
13.933,0,0,0,0,0.957886,1.00113,1.02472,3,1,1,1,0,1,0.994142,0,0,5.63889,5.75,5.63889,1072.25,970,437.07,970,976.836,27.8672,95.9766,96.4219,27.0703,28.3828,542.791,52.5,1.86,1.20267,2.548,93.75,2.7451,2.7451,0,1.25,5.21553,24.75,24.75,23.25
13.967,0,0,0,0,0.960206,1.00113,1.02515,3,1,1,1,0,1,0.992677,0,0,5.69445,5.72223,5.80556,1071.5,970,437.969,970,979.453,27.9141,96.0938,96.3281,27.9609,28.3828,542.791,52.5,1.876,1.21333,2.556,94.5,2.7451,2.7451,0,1.48438,5.21553,24.75,24.75,24
14,0,0,0,0,0.957825,1.00113,1.02615,3,1,1,1,0,1,0.994142,0,0,5.69445,5.66667,5.63889,1073.75,970,437.734,970,976.836,27.8906,95.9766,96.3047,27.7734,28.4297,542.791,52.5,1.868,1.21333,2.548,94.5,2.7451,2.7451,0,1.46875,5.21553,24.75,24.75,24
14.033,0,0,0,0,0.958008,1.00113,1.02499,3,1,1,1,0,1,0.994142,0,0,5.69445,5.69445,5.69445,1073.75,970,437.852,970,976.836,27.9141,95.9766,96.3047,27.9844,28.3594,542.42,52.5,1.876,1.21333,2.556,94.5,2.7451,2.7451,0,1.25,5.21553,24.75,24.75,24
14.067,0,0,0,0,0.958314,1.00113,1.02448,3,1,1,1,0,1,0.994142,0,0,5.69445,5.69445,5.69445,1073.75,970,437.852,970,976.836,27.9141,95.9531,96.3984,27.9375,28.3125,542.42,52.5,1.96,1.26667,2.64,93.75,2.7451,2.7451,0,1.01563,5.21553,24.75,24.75,23.25
14.1,0,0,0,0,0.958375,1.00113,1.0246,3,1,1,1,0,1,0.995607,0,0,5.69445,5.69445,5.63889,1072.75,970,437.422,970,976.836,27.8906,96.0703,96.3516,27.6563,28.3359,542.42,52.5,1.96,1.264,2.648,93.75,2.7451,2.7451,0,1,5.21553,24.75,24.75,23.25
14.133,0,0,0,0,0.958314,1.00113,1.02472,3,1,1,1,0,1,0.997072,0,0,5.63889,5.69445,5.69445,1071.5,970,437.422,970,976.836,27.8906,96.0703,96.3516,27.8672,28.3828,542.42,52.5,1.96,1.26667,2.648,93.75,2.7451,2.7451,0,0.859375,5.21553,24.75,24.75,24
14.167,0,0,0,0,0.958436,1.00113,1.02509,3,1,1,1,0,1,0.998537,0,0,5.69445,5.69445,5.69445,1076,970,437.227,970,976.836,27.8672,96,96.3984,27.7734,28.2891,542.42,52.5,1.96,1.264,2.64,94.5,2.7451,2.7451,0,1.0625,5.21553,24.75,24.75,24
14.2,0,0,0,0,0.958436,1.00113,1.02503,3,1,1,1,0,1,1,0,0,5.69445,5.66667,5.63889,1075.25,970,436.602,970,976.836,27.8203,96.0469,96.4453,27.4922,28.2422,542.42,52.5,1.956,1.264,2.636,94.5,2.7451,2.7451,0,1.32813,5.21553,24.75,24.75,24
14.233,0,0,0,0,0.958436,1.00113,1.02512,3,1,1,1,0,1,1.00171,0,0,5.63889,5.69445,5.69445,1073.75,970,436.602,970,976.836,27.8203,96.0469,96.4453,27.8203,28.3125,542.049,52.5,1.96,1.264,2.64,94.5,2.7451,2.7451,0,1.32813,5.21553,25.5,25.5,24
14.267,0,0,0,0,0.958558,1.00113,1.02466,3,1,1,1,0,1,1.00366,0,0,5.63889,5.69445,5.77778,1071.75,970,437.813,970,976.836,27.9141,96.1172,96.3984,28.2422,28.3594,542.049,52.5,1.968,1.26667,2.656,93.75,2.7451,2.7451,0,1.3125,5.21553,24.75,24.75,24
14.3,0,0,0,0,0.959046,1.00113,1.02405,3,1,1,1,0,1,1.00366,0,0,5.69445,5.69445,5.66667,1074.5,970,437.344,970,976.836,27.8672,96.0469,96.3047,27.6328,28.4063,542.049,52.5,1.96,1.26933,2.648,93.75,2.7451,2.7451,0,1.42188,5.21553,24.75,24.75,24
14.333,0,0,0,0,0.959107,1.00113,1.02356,3,1,1,1,0,1,1.00171,0,0,5.69445,5.69445,5.75,1076.25,970,437.539,970,976.836,27.8906,96.0469,96.3047,28.0078,28.3125,542.049,52.5,1.96,1.264,2.648,93.75,2.7451,2.7451,0,1.03125,5.21553,24.75,24.75,24
14.367,0,0,0,0,0.959351,1.00113,1.02432,3,1,1,1,0,1,1.00171,0,0,5.63889,5.72223,5.63889,1074.5,970,435.938,970,976.836,27.7734,95.9297,96.4688,26.8828,28.2891,542.049,52.5,1.852,1.19467,2.54,94.5,2.7451,2.7451,0,1.09375,5.21553,24.75,24.75,23.25
14.4,0,0,0,0,0.95868,1.00113,1.02347,3,1,1,1,0,1,0.998537,0,0,5.63889,5.69445,5.69445,1073.25,970,436.172,970,976.836,27.7969,96.1641,96.375,27.9375,28.3125,542.049,52.5,1.86,1.20533,2.556,94.5,2.7451,2.7451,0,1.15625,5.21553,25.5,25.5,23.25
14.433,0,0,0,0,0.958924,1.00113,1.02393,3,1,1,1,0,1,0.998537,0,0,5.63889,5.69445,5.75,1072.75,970,436.758,970,976.836,27.8203,96.1641,96.375,28.1719,28.3359,541.678,52.5,1.872,1.21067,2.568,94.5,2.7451,2.7451,0,1.04688,5.21553,25.5,25.5,24
14.467,0,0,0,0,0.959351,1.00113,1.02356,3,1,1,1,0,1,0.997072,0,0,5.69445,5.69445,5.61112,1075,970,436.055,970,976.836,27.7734,96.0234,96.3516,27.3984,28.3125,541.678,52.5,1.856,1.208,2.536,93.75,2.7451,2.7451,0,1.21875,5.21553,24.75,24.75,23.25
14.5,0,0,0,0,0.959229,1.00113,1.02341,3,1,1,1,0,1,0.995607,0,0,5.63889,5.69445,5.80556,1075,970,436.875,970,976.836,27.8438,96,96.4453,28.3125,28.2891,541.678,52.5,1.872,1.2,2.552,93.75,2.7451,2.7451,0,1.53125,5.21553,25.5,25.5,24
14.533,0,0,0,0,0.959473,1.00113,1.02326,3,1,1,1,0,1,0.994142,0,0,5.69445,5.69445,5.72223,1074.75,970,436.992,970,976.836,27.8438,96,96.4453,27.9375,28.2891,541.678,52.5,1.864,1.20533,2.544,93.75,2.7451,2.7451,0,1.67188,5.21553,24.75,24.75,24
14.567,0,0,0,0,0.95984,1.00113,1.02417,3,1,1,1,0,1,0.994142,0,0,5.69445,5.69445,5.80556,1075.25,970,437.695,970,976.836,27.9141,96.1172,96.4219,28.3125,28.2656,541.678,52.5,1.88,1.216,2.56,93.75,2.7451,2.7451,0,1.17188,5.21553,24.75,24.75,24
14.6,0,0,0,0,0.960206,1.00113,1.02509,3,1,1,1,0,1,0.995607,0,0,5.69445,5.69445,5.66667,1074.25,970,437.227,970,976.836,27.8672,96.0703,96.3984,27.6328,28.2891,541.678,52.5,1.864,1.20533,2.552,93.75,2.7451,2.7451,0,1.21875,5.21553,24.75,24.75,24
14.633,0,0,0,0,0.960084,1.00113,1.02365,3,1,1,1,0,1,0.994142,0,0,5.69445,5.69445,5.63889,1075.75,970,436.602,970,976.836,27.8203,96.0703,96.3984,27.4688,28.2656,541.307,52.5,1.864,1.20533,2.552,93.75,2.7451,2.7451,0,1.03125,5.21553,24.75,24.75,23.25
14.667,0,0,0,0,0.95929,1.00113,1.02383,3,1,1,1,0,1,0.995607,0,0,5.63889,5.69445,5.77778,1072.75,970,435.781,970,976.836,27.7734,96.0469,96.4453,28.2188,28.2422,541.307,52.5,1.952,1.264,2.632,94.5,2.7451,2.7451,0,1.125,5.21553,25.5,25.5,23.25
14.7,0,0,0,0,0.959656,1.00113,1.02399,3,1,1,1,0,1,0.997072,0,0,5.63889,5.69445,5.63889,1071.25,970,435.469,970,976.836,27.75,96.1172,96.3516,27.5859,28.4297,541.307,52.5,1.948,1.264,2.628,94.5,2.7451,2.7451,0,1.10938,5.21553,25.5,25.5,23.25
14.733,0,0,0,0,0.959412,1.00113,1.02408,3,1,1,1,0,1,0.998537,0,0,5.63889,5.69445,5.72223,1073.25,970,435.703,970,976.836,27.75,96.1172,96.3516,27.9141,28.3359,541.307,52.5,1.96,1.264,2.64,94.5,2.7451,2.7451,0,1.23438,5.21553,25.5,25.5,23.25
14.767,0,0,0,0,0.959534,1.00113,1.02411,3,1,1,1,0,1,1.00171,0,0,5.63889,5.69445,5.69445,1076,970,435.625,970,976.836,27.75,96,96.375,27.7031,28.2656,541.307,52.5,1.952,1.25867,2.632,93.75,2.7451,2.7451,0,1.54688,5.21553,25.5,25.5,24
14.8,0,0,0,0,0.959717,1.00113,1.02515,3,1,1,1,0,1,1.00611,0,0,5.69445,5.69445,5.55556,1078,970,434.844,970,976.836,27.7031,96,96.5156,26.9766,28.1719,541.307,52.5,1.94,1.264,2.628,93.75,2.7451,2.7451,0,1.65625,5.21553,25.5,25.5,23.25
14.833,0,0,0,0,0.959351,1.00113,1.02499,3,1,1,1,0,1,1.00733,0,0,5.63889,5.69445,5.66667,1075.5,970,434.648,970,976.836,27.7031,96,96.5156,27.5859,28.1484,540.936,52.5,1.944,1.25067,2.632,93.75,2.7451,2.7451,0,1.45313,5.21553,25.5,25.5,23.25
14.867,0,0,0,0,0.958985,1.00113,1.02557,3,1,1,1,0,1,1.01001,0,0,5.63889,5.66667,5.66667,1074.5,970,434.492,970,976.836,27.6797,96.2109,96.4453,27.6094,28.2656,540.936,52.5,1.944,1.256,2.632,94.5,2.7451,2.7451,0,1.45313,5.21553,25.5,25.5,24
14.9,0,0,0,0,0.958985,1.00113,1.02524,3,1,1,1,0,1,1.01001,0,0,5.63889,5.66667,5.75,1073.75,970,435.039,970,976.836,27.7266,96.0938,96.3984,28.0313,28.3359,540.936,52.5,1.956,1.26133,2.644,94.5,2.7451,2.7451,0,1.14063,5.21553,25.5,25.5,24
14.933,0,0,0,0,0.959351,1.00113,1.02472,3,1,1,1,0,1,1.00855,0,0,5.63889,5.69445,5.58334,1074.25,970,434.219,970,976.836,27.6563,96.0938,96.3984,27.2109,28.3125,540.936,52.5,1.94,1.25067,2.628,94.5,2.7451,2.7451,0,0.984375,5.21553,25.5,25.5,23.25
14.967,0,0,0,0,0.958741,1.00113,1.02533,3,1,1,1,0,1,1.00733,0,0,5.63889,5.66667,5.69445,1075.75,970,433.75,970,976.836,27.6094,96.0469,96.3984,27.7031,28.2656,540.936,52.5,1.86,1.25067,2.548,94.5,2.7451,2.7451,0,1.3125,5.21553,25.5,25.5,24
15,0,0,0,0,0.95868,1.00113,1.0257,3,1,1,1,0,1,1.00611,0,0,5.63889,5.66667,5.72223,1074.75,970,434.18,970,976.836,27.6563,96.0469,96.4688,27.8906,28.2422,540.936,52.5,1.86,1.2,2.548,94.5,2.7451,2.7451,0,1.35938,5.21553,25.5,25.5,24
15.033,0,0,0,0,0.958924,1.00113,1.02597,3,1,1,1,0,1,1.00488,0,0,5.63889,5.66667,5.52778,1075,970,432.969,970,976.836,27.5625,96.0469,96.4688,26.9063,28.2656,540.584,52.5,1.836,1.18933,2.524,94.5,2.7451,2.7451,0,1.51563,5.21553,25.5,25.5,24
15.067,0,0,0,0,0.958558,1.00113,1.02585,3,1,1,1,0,1,1,0,0,5.63889,5.66667,5.69445,1076.5,970,433.125,970,976.836,27.5859,96.1406,96.4453,27.6797,28.1719,540.584,52.5,1.848,1.19733,2.536,93.75,2.7451,2.7451,0,1.45313,5.21553,25.5,25.5,24
15.1,0,0,0,0,0.958741,1.00113,1.02634,3,1,1,1,0,1,0.998537,0,0,5.63889,5.66667,5.72223,1075.5,970,433.555,970,976.836,27.6094,96.0938,96.4453,27.8672,28.125,540.584,52.5,1.856,1.20267,2.536,93.75,2.7451,2.7451,0,1.375,5.21553,25.5,25.5,24
15.133,0,0,0,0,0.958802,1.00113,1.02643,3,1,1,1,0,1,0.997072,0,0,5.63889,5.66667,5.58334,1076,970,432.852,970,976.836,27.5625,96.0938,96.4453,27.1641,28.0781,540.584,52.5,1.844,1.19467,2.524,93.75,2.7451,2.7451,0,1.17188,5.21553,25.5,25.5,24
15.167,0,0,0,0,0.958497,1.00113,1.0271,3,1,1,1,0,1,0.997072,0,0,5.63889,5.66667,5.75,1074.75,970,433.555,970,976.836,27.6094,96.1172,96.4219,28.0078,28.0078,540.584,52.5,1.86,1.20533,2.54,94.5,2.7451,2.7451,0,1.3125,5.21553,25.5,25.5,23.25
15.2,0,0,0,0,0.956177,1.00113,1.02686,3,1,1,1,0,1,0.995607,0,0,5.63889,5.66667,5.58334,1075.5,970,432.891,970,974.18,27.5625,96.0938,96.4219,27.1875,27.9141,540.584,52.5,1.852,1.20533,2.532,94.5,2.7451,2.7451,0,1.21875,5.21553,25.5,25.5,23.25
15.233,0,0,0,0,0.958375,1.00113,1.02738,3,1,1,1,0,1,0.997072,0,0,5.63889,5.66667,5.80556,1075.25,970,434.922,970,976.797,27.7031,96.0938,96.4219,28.875,27.8438,540.233,52.5,1.884,1.21867,2.564,94.5,2.7451,2.7451,0,1.26563,5.21553,26.25,26.25,24
15.267,0,0,0,0,0.959351,1.00113,1.02658,3,1,1,1,0,1,0.997072,0,0,5.63889,5.69445,5.58334,1075,970,433.906,970,976.836,27.6328,96.0703,96.4453,27.0703,27.6563,540.233,52.5,1.932,1.25067,2.612,94.5,2.7451,2.7451,0,1.4375,5.21553,26.25,26.25,24
15.3,0,0,0,0,0.95868,1.00113,1.02667,3,1,1,1,0,1,0.998537,0,0,5.63889,5.69445,5.55556,1075.5,970,432.813,970,976.836,27.5625,96.1172,96.4453,26.9531,27.5391,540.233,52.5,1.928,1.24533,2.616,94.5,2.7451,2.7451,0,1.59375,5.21553,26.25,26.25,31.5
15.333,0,0,0,0,0.95807,1.00113,1.02673,3,1,1,1,0,1,1,0,0,5.63889,5.44445,5.63889,1076.25,970,432.5,970,976.836,27.5391,96.1172,96.4453,27.8672,27.6094,540.233,52.5,1.952,1.25067,2.64,94.5,2.7451,2.7451,0,1.65625,5.21553,25.5,25.5,24
15.367,0,0,0,0,0.956849,1.00113,1.02692,3,1,1,1,0,1,1.00366,0,0,5.58334,5.47223,5.38889,1078.75,970,430.742,970,974.18,27.4219,96.0938,96.5391,26.1328,27.1875,540.233,52.5,1.916,1.23733,2.596,94.5,2.7451,2.7451,0,1.35938,4.85541,25.5,25.5,24
15.4,0,0,0,0,0.958924,1.00113,1.02725,3,1,1,1,0,1,1.00611,0,0,5.58334,5.44445,5.61112,1076,970,431.445,970,976.797,27.4688,96.2109,96.4688,27.8906,27.2109,540.233,52.5,1.948,1.23733,2.628,94.5,2.7451,2.7451,0,1.17188,4.85541,25.5,25.5,24
15.433,0,0,0,0,0.96045,1.00113,1.02713,3,1,1,1,0,1,1.00733,0,0,5.58334,5.47223,5.5,1074.75,970,430.117,970,976.836,27.375,96.2109,96.4688,26.625,27.2109,539.881,52.5,1.916,1.23733,2.596,94.5,2.7451,2.7451,0,1.125,4.85541,25.5,25.5,23.25
15.467,0,0,0,0,0.960511,1.00113,1.02728,3,1,1,1,0,1,1.00855,0,0,5.58334,5.47223,5.41667,1074.25,970,427.852,970,976.836,27.2109,96.1172,96.4219,26.2969,27.2109,539.881,52.5,1.904,1.24267,2.592,94.5,2.7451,2.7451,0,1.1875,4.85541,25.5,25.5,23.25
15.5,0,0,0,0,0.957703,1.00113,1.02692,3,1,1,1,0,1,1.00855,0,0,5.52778,5.47223,5.55556,1076.5,970,428.398,970,974.18,27.2344,96.0938,96.3984,27.5625,27.1172,539.881,52.5,1.924,1.22933,2.612,94.5,2.7451,2.35294,0,1.20313,4.85541,26.25,26.25,24
15.533,0,0,0,0,0.960877,1.00113,1.02719,3,1,1,1,0,1,1.00855,0,0,5.52778,5.5,5.36112,1077,970,426.25,970,976.836,27.0938,96.0938,96.3984,25.875,26.8828,539.881,52.5,1.888,1.24267,2.576,94.5,2.7451,2.35294,0,1.48438,4.85541,26.25,26.25,31.5
15.567,0,0,0,0,0.960267,1.00113,1.02756,3,1,1,1,0,1,1.00733,0,0,5.52778,5.47223,5.63889,1076.25,970,426.563,970,976.836,27.1172,96.0469,96.5156,27.3047,26.6719,539.881,52.5,1.832,1.184,2.52,94.5,2.7451,2.35294,0,1.59375,4.4953,25.5,25.5,31.5
15.6,0,0,0,0,0.958253,1.00113,1.02795,3,1,1,1,0,1,1.00611,0,0,5.52778,5.5,5.58334,1075.25,970,426.523,970,974.18,27.1172,96.1875,96.4453,27.0938,26.1094,539.881,52.5,1.82,1.17867,2.508,94.5,2.7451,2.35294,0,1.32813,3.7766,25.5,25.5,24
15.633,0,0,0,0,0.961182,1.00113,1.0267,3,1,1,1,0,1,1.00171,0,0,5.52778,5.44445,5.41667,1075.5,970,426.133,970,976.836,27.0703,96.1875,96.4453,26.8828,26.0859,539.53,52.5,1.816,1.176,2.504,94.5,2.7451,2.35294,0,1.54688,3.7766,25.5,25.5,23.25
15.667,0,0,0,0,0.959351,1.00113,1.02738,3,1,1,1,0,1,0.998537,0,0,5.52778,5.30556,5.41667,1076,970,425.781,970,974.18,27.0469,96.0938,96.4453,26.8125,26.0859,539.53,52.5,1.816,1.176,2.504,94.5,2.35294,2.35294,0,1.20313,3.7766,25.5,25.5,24
15.7,0,0,0,0,0.960267,1.00113,1.02704,3,1,1,1,0,1,0.995607,0,0,5.52778,5.22223,5.22223,1075.5,970,423.789,970,974.18,26.9063,96.0938,96.4688,25.7813,26.0156,539.53,52.5,1.788,1.176,2.476,94.5,2.35294,2.35294,0,1.17188,3.7766,25.5,25.5,24
15.733,0,0,0,0,0.960938,1.00113,1.02728,3,1,1,1,0,1,0.994142,0,0,5.41667,5.25,5.22223,1075.75,970,420.898,970,974.18,26.7188,96.0938,96.4688,25.0781,25.9688,539.53,52.5,1.76,1.14133,2.448,94.5,2.35294,2.35294,0,0.984375,3.7766,25.5,25.5,24
15.767,0,0,0,0,0.963013,1.00113,1.02658,3,1,1,1,0,1,0.991212,0,0,5.41667,5.19445,5.13889,1076.5,970,418.711,970,976.836,26.5547,96.1172,96.4688,25.3359,25.6172,539.53,52.5,1.752,1.13867,2.44,94.5,2.35294,2.35294,0,1.45313,3.41649,25.5,25.5,24
15.8,0,0,0,0,0.962647,1.00113,1.02707,3,1,1,1,0,1,0.991212,0,0,5.36112,5.27778,5.11112,1074.75,970,415.625,970,976.836,26.3438,96.1172,96.4219,24.5859,25.6406,539.53,52.5,1.724,1.12,2.412,94.5,2.35294,2.35294,0,1.54688,3.41649,25.5,25.5,24
15.833,0,0,0,0,0.961488,1.00113,1.02689,3,1,1,1,0,1,0.991212,0,0,5.30556,5.22223,5.11112,1074.25,970,412.969,970,976.836,26.1328,96.1172,96.4219,24.6563,25.6172,539.159,52.5,1.72,1.11733,2.408,94.5,1.96079,2.35294,0,1.71875,3.41649,25.5,25.5,24.75
15.867,0,0,0,0,0.961488,1.00113,1.02576,3,1,1,1,0,1,0.991212,0,0,5.22223,4.97223,4.80556,1073.5,970,406.719,970,976.836,25.6875,96.0938,96.3984,23.2969,25.6172,539.159,52.5,1.752,1.13867,2.44,94.5,1.96079,2.35294,0,1.65625,3.41649,25.5,25.5,24.75
15.9,0,0,0,0,0.960328,1.00113,1.0256,3,1,1,1,0,1,0.992677,0,0,5.22223,4.94445,4.80556,1073.5,970,403.047,970,976.836,25.4297,96.0469,96.375,23.3438,25.5938,539.159,52.5,1.74,1.13867,2.428,94.5,1.96079,2.35294,0,1.625,3.41649,25.5,25.5,25.5
15.933,0,0,0,0,0.956788,1.00113,1.02478,3,1,1,1,0,1,0.992677,0,0,5.16667,4.97223,4.88889,1074.25,970,400.391,970,974.18,25.2422,96.0469,96.375,23.7422,25.5234,539.159,52.5,1.736,1.128,2.424,94.5,1.96079,2.35294,0,1.14063,3.41649,25.5,25.5,25.5
15.967,0,0,0,0,0.959168,1.00113,1.02438,3,1,1,1,0,1,0.995607,0,0,5.11112,4.91667,5.02778,1073.75,970,400.078,970,976.836,25.2188,96.0234,96.3984,25.0547,25.5234,539.159,52.5,1.764,1.14667,2.452,94.5,1.96079,2.35294,0,1.20313,3.41649,26.25,26.25,24.75
16,0,0,0,0,0.956483,1.00113,1.02432,3,1,1,1,0,1,0.997072,0,0,5.11112,4.94445,4.94445,1072.75,970,396.875,970,974.18,24.9844,96.0469,96.3984,24.5859,25.5,539.159,52.5,1.74,1.12,2.428,94.5,1.96079,2.35294,0,1.21875,3.41649,27,27,25.5
16.033,0,0,0,0,0.956605,1.00113,1.02399,3,1,1,1,0,1,0.998537,0,0,5.05556,4.94445,5.05556,1072.5,970,396.914,970,974.18,24.9844,96.0469,96.3984,25.0313,25.7813,538.788,52.5,1.748,1.13067,2.436,94.5,1.96079,2.35294,0,1.17188,3.7766,27,27,25.5
16.067,0,0,0,0,0.957825,1.00113,1.02295,3,1,1,1,0,1,0.998537,0,0,5.05556,5.02778,4.88889,1073.5,970,395.547,970,974.18,24.8906,96.0469,96.3516,24.1172,26.0156,538.788,52.5,1.724,1.12,2.404,94.5,2.35294,2.35294,0,1.23438,4.13671,26.25,26.25,24.75
16.1,0,0,0,0,0.957337,1.00113,1.02231,3,1,1,1,0,1,0.998537,0,0,5.05556,5.16667,5.19445,1072.75,970,396.563,970,974.18,24.9609,96,96.3516,25.5469,26.0156,538.788,52.5,1.744,1.13333,2.424,94.5,2.35294,2.35294,0,1.67188,4.13671,26.25,26.25,24.75
16.133,0,0,0,0,0.957703,1.00113,1.0228,3,1,1,1,0,1,1,0,0,5.05556,5.16667,5.08334,1071.25,970,396.602,970,974.18,24.9609,96,96.3516,25.0078,26.0625,538.788,52.5,1.732,1.12533,2.412,94.5,2.35294,2.35294,0,1.65625,4.13671,26.25,26.25,25.5
16.167,0,0,0,0,0.957947,1.00113,1.02179,3,1,1,1,0,1,0.997072,0,0,5.11112,5.16667,5.08334,1071,970,397.695,970,974.18,25.0313,96.0234,96.3047,24.9375,26.0391,538.788,52.5,1.668,1.14133,2.356,94.5,2.35294,2.35294,0,1.29688,4.13671,26.25,26.25,25.5
16.2,0,0,0,0,0.957886,1.00113,1.02228,3,1,1,1,0,1,0.997072,0,0,5.05556,5.16667,5.11112,1071.5,970,397.695,970,974.18,25.0313,95.9531,96.2813,25.0313,26.0156,538.788,52.5,1.66,1.08267,2.348,94.5,2.35294,2.35294,0,1.40625,4.13671,26.25,26.25,25.5
16.233,0,0,0,0,0.957581,1.00113,1.0217,3,1,1,1,0,1,0.995607,0,0,5.11112,5.16667,5.13889,1073,970,397.852,970,974.18,25.0547,95.9531,96.2813,25.1484,25.9922,538.456,52.5,1.664,1.08533,2.352,94.5,2.35294,2.35294,0,1.125,4.13671,26.25,26.25,25.5
16.267,0,0,0,0,0.957398,1.00113,1.02057,3,1,1,1,0,1,0.992677,0,0,5.11112,5.16667,5.13889,1071,970,398.008,970,974.18,25.0781,95.9297,96.3516,25.1719,25.9688,538.456,52.5,1.668,1.08533,2.356,94.5,2.35294,2.35294,0,1.15625,4.13671,26.25,26.25,24.75
16.3,0,0,0,0,0.957459,1.00113,1.02039,3,1,1,1,0,1,0.991212,0,0,5.11112,5.16667,5.22223,1069.75,970,398.828,970,974.18,25.125,96.0469,96.2344,25.6172,26.0156,538.456,52.5,1.676,1.09067,2.364,94.5,2.35294,2.35294,0,1.39063,4.13671,26.25,26.25,24.75
16.333,0,0,0,0,0.957642,1.00113,1.02045,3,1,1,1,0,1,0.989992,0,0,5.11112,5.16667,5.13889,1068.75,970,398.906,970,974.18,25.125,96.0469,96.2344,25.1953,26.3438,538.456,52.5,1.672,1.088,2.36,94.5,2.35294,2.35294,0,1.45313,4.4953,26.25,26.25,24.75
16.367,0,0,0,0,0.958008,1.00113,1.02087,3,1,1,1,0,1,0.989992,0,0,5.11112,5.19445,5.13889,1069.5,970,400.039,970,974.18,25.1953,95.8828,96.2109,25.1719,26.3906,538.456,52.5,1.676,1.09067,2.364,94.5,2.35294,2.35294,0,1.45313,4.4953,26.25,26.25,25.5
16.4,0,0,0,0,0.958008,1.00113,1.02094,3,1,1,1,0,1,0.989992,0,0,5.11112,5.19445,5.19445,1070.5,970,400.391,970,974.18,25.2188,95.8594,96.2344,25.4297,26.2969,538.456,52.5,1.68,1.09067,2.368,94.5,2.35294,2.35294,0,1.5625,4.4953,26.25,26.25,25.5
16.433,0,0,0,0,0.960511,1.00113,1.02094,3,1,1,1,0,1,0.989992,0,0,5.11112,5.19445,5.25,1068.75,970,401.172,970,976.797,25.2891,95.8594,96.2344,25.7344,26.6016,538.104,52.5,1.692,1.10133,2.38,94.5,2.35294,2.35294,0,1.57813,4.85541,26.25,26.25,25.5
16.467,0,0,0,0,0.957947,1.00113,1.02048,3,1,1,1,0,1,0.992677,0,0,5.11112,5.22223,5.19445,1066.5,970,400.547,970,974.18,25.2422,95.9063,96.2109,24.9141,26.6719,538.104,52.5,1.752,1.14133,2.44,94.5,2.35294,2.35294,0,1.125,4.85541,25.5,25.5,25.5
16.5,0,0,0,0,0.957459,1.00113,1.02094,3,1,1,1,0,1,0.995607,0,0,5.11112,5.25,5.25,1067,970,401.602,970,974.18,25.3125,95.8828,96.1406,25.9219,26.6953,538.104,52.5,1.772,1.152,2.46,94.5,2.35294,2.35294,0,1.15625,4.85541,26.25,26.25,25.5
16.533,0,0,0,0,0.957459,1.00113,1.02078,3,1,1,1,0,1,0.997072,0,0,5.11112,5.27778,5.19445,1068.25,970,401.992,970,974.18,25.3359,95.8828,96.1406,25.5703,26.6719,538.104,52.5,1.772,1.14933,2.46,94.5,2.35294,2.35294,0,1.32813,4.85541,25.5,25.5,24.75
16.567,0,0,0,0,0.957703,1.00113,1.02121,3,1,1,1,0,1,1,0,0,5.16667,5.27778,5.36112,1069,970,404.531,970,974.18,25.5234,95.7656,96.2578,26.3438,26.5781,538.104,52.5,1.792,1.16267,2.46,94.5,2.35294,2.35294,0,1.34375,4.85541,25.5,25.5,25.5
16.6,0,0,0,0,0.958253,1.00113,1.02185,3,1,1,1,0,1,1.00366,0,0,5.16667,5.27778,5.25,1066.5,970,405,970,974.18,25.5469,95.9297,96.2109,25.8281,26.6719,538.104,52.5,1.788,1.16267,2.456,94.5,2.35294,2.35294,0,1.32813,4.85541,25.5,25.5,25.5
16.633,0,0,0,0,0.958192,1.00113,1.02234,3,1,1,1,0,1,1.00611,0,0,5.16667,5.27778,5.33334,1067,970,406.016,970,974.18,25.6172,95.9297,96.2109,26.2031,26.6719,537.772,52.5,1.8,1.168,2.468,94.5,2.35294,2.35294,0,1.625,4.85541,25.5,25.5,25.5
16.667,0,0,0,0,0.958619,1.00113,1.02225,3,1,1,1,0,1,1.00733,0,0,5.22223,5.27778,5.33334,1067,970,406.914,970,974.18,25.6875,95.8594,96.1406,26.2031,26.7188,537.772,52.5,1.804,1.17067,2.472,94.5,2.35294,2.35294,0,1.57813,4.85541,25.5,25.5,25.5
16.7,0,0,0,0,0.958802,1.00113,1.02246,3,1,1,1,0,1,1.00855,0,0,5.22223,5.27778,5.25,1066.25,970,407.07,970,974.18,25.6875,95.8125,96.1172,25.8047,26.7188,537.772,52.5,1.796,1.16533,2.484,94.5,2.35294,2.35294,0,1.26563,4.85541,25.5,25.5,25.5
16.733,0,0,0,0,0.958497,1.00113,1.02243,3,1,1,1,0,1,1.00855,0,0,5.16667,5.25,5.38889,1063.5,970,408.164,970,974.18,25.7813,95.8125,96.1172,26.5547,27.0469,537.772,52.5,1.816,1.16267,2.504,94.5,2.35294,2.35294,0,1.17188,5.21553,25.5,25.5,25.5
16.767,0,0,0,0,0.959046,1.00113,1.02322,3,1,1,1,0,1,1.00733,0,0,5.22223,5.30556,5.36112,1064,970,409.102,970,974.18,25.8281,95.8125,96.0234,26.3906,27.0703,537.772,52.5,1.74,1.128,2.428,94.5,2.35294,2.35294,0,1.32813,5.21553,25.5,25.5,24
16.8,0,0,0,0,0.959351,1.00113,1.02417,3,1,1,1,0,1,1.00733,0,0,5.22223,5.30556,5.44445,1066.75,970,410.508,970,974.18,25.9453,95.6719,96.1406,26.7422,26.9766,537.772,52.5,1.744,1.128,2.432,94.5,2.35294,2.35294,0,1.21875,5.21553,25.5,25.5,24
16.833,0,0,0,0,0.959779,1.00113,1.02478,3,1,1,1,0,1,1.00488,0,0,5.27778,5.47223,5.27778,1067,970,410.43,970,974.18,25.9453,95.8359,96.1406,25.8984,26.9531,537.42,52.5,1.728,1.12267,2.416,94.5,2.7451,2.35294,0,1.26563,5.21553,26.25,26.25,24.75
16.867,0,0,0,0,0.959717,1.00113,1.02493,3,1,1,1,0,1,1.00488,0,0,5.27778,5.47223,5.58334,1064.75,970,414.219,970,974.18,26.2031,95.8359,96.1406,27.4453,26.9297,537.42,52.5,1.764,1.136,2.452,94.5,2.35294,2.35294,0,1.67188,5.21553,26.25,26.25,24.75
16.9,0,0,0,0,0.960145,1.00113,1.02521,3,1,1,1,0,1,1.00366,0,0,5.27778,5.47223,5.38889,1062.25,970,414.766,970,974.18,26.25,95.8359,96.0703,26.5547,27.0234,537.42,52.5,1.756,1.14667,2.444,94.5,2.35294,2.35294,0,1.5625,5.21553,25.5,25.5,24.75
16.933,0,0,0,0,0.959901,1.00113,1.02518,3,1,1,1,0,1,1,0,0,5.27778,5.41667,5.58334,1063.25,970,416.68,970,974.18,26.3672,95.7656,96,27.4922,27.1172,537.42,52.5,1.776,1.14133,2.464,94.5,2.35294,2.35294,0,1.70313,5.21553,25.5,25.5,24.75
16.967,0,0,0,0,0.960755,1.00113,1.02631,3,1,1,1,0,1,1,0,0,5.30556,5.41667,5.5,1065.75,970,417.695,970,974.18,26.4375,95.7656,96,27.0234,27.0234,537.42,52.5,1.776,1.152,2.464,94.5,2.35294,2.35294,0,1.48438,5.21553,25.5,25.5,24.75
17,0,0,0,0,0.961243,1.00113,1.02777,3,1,1,1,0,1,1.00171,0,0,5.30556,5.41667,5.41667,1066,970,417.93,970,974.18,26.4609,95.6484,96.0938,26.6016,27,537.42,52.5,1.776,1.152,2.464,94.5,2.35294,2.35294,0,1.14063,5.21553,25.5,25.5,24.75
17.033,0,0,0,0,0.961365,1.00113,1.02756,3,1,1,1,0,1,1.00171,0,0,5.30556,5.41667,5.5,1063.25,970,418.906,970,974.18,26.5313,95.6484,96.0938,27.0938,27.0938,537.049,52.5,1.788,1.16,2.476,94.5,2.35294,2.35294,0,1.10938,5.21553,25.5,25.5,24
17.067,0,0,0,0,0.962037,1.00113,1.02823,3,1,1,1,0,1,1.00488,0,0,5.36112,5.41667,5.5,1062,970,420.781,970,974.18,26.6719,95.8125,96,27.1172,27.0703,537.049,52.5,1.884,1.16267,2.564,94.5,2.35294,2.35294,0,1.25,5.21553,25.5,25.5,24
17.1,0,0,0,0,0.962586,1.00113,1.02857,3,1,1,1,0,1,1.00733,0,0,5.36112,5.47223,5.5,1063.5,970,421.367,970,974.18,26.7188,95.6953,95.9531,27.0703,27.1406,537.049,52.5,1.892,1.22133,2.572,94.5,2.35294,2.35294,0,1.4375,5.21553,25.5,25.5,24.75
17.133,0,0,0,0,0.962891,1.00113,1.02963,3,1,1,1,0,1,1.01001,0,0,5.41667,5.44445,5.61112,1064.25,970,422.734,970,974.18,26.8125,95.6016,96.0469,27.6094,27.0703,537.049,52.5,1.908,1.23467,2.588,94.5,2.35294,2.35294,0,1.53125,5.21553,25.5,25.5,24.75
17.167,0,0,0,0,0.963685,1.00113,1.02908,3,1,1,1,0,1,1.01001,0,0,5.36112,5.44445,5.38889,1063.25,970,422.305,970,974.18,26.7656,95.6016,96.0469,26.5547,27.0938,537.049,52.5,1.892,1.22133,2.572,94.5,2.35294,2.35294,0,1.71875,5.21553,25.5,25.5,24
17.2,0,0,0,0,0.963502,1.00113,1.02985,3,1,1,1,0,1,1.01148,0,0,5.36112,5.44445,5.44445,1064.5,970,422.305,970,974.18,26.7656,95.7422,96.0469,26.7891,27.2813,537.049,52.5,1.896,1.22667,2.584,94.5,2.7451,2.35294,0,1.57813,5.57411,25.5,25.5,24
17.233,0,0,0,0,0.963502,1.00113,1.03104,3,1,1,1,0,1,1.01489,0,0,5.36112,5.44445,5.5,1063,970,422.813,970,974.18,26.8125,95.7188,96.0234,27.0938,28.1484,536.698,52.5,1.9,1.22667,2.588,94.5,2.35294,2.35294,0,1.53125,6.65445,25.5,25.5,24.75
17.267,0,0,0,0,0.963685,1.00113,1.03088,3,1,1,1,0,1,1.01489,0,0,5.41667,5.44445,5.41667,1062,970,422.617,970,974.18,26.7891,95.7188,96.0234,26.6953,30.9141,536.698,52.5,1.896,1.22667,2.584,94.5,2.35294,2.7451,0,1.29688,8.27343,25.5,25.5,24
17.3,0,0,0,0,0.963685,1.00113,1.03015,3,1,1,1,0,1,1.01319,0,0,5.36112,5.66667,5.41667,1062,970,422.461,970,974.18,26.7891,95.7188,95.9531,26.6953,32.3672,536.698,52.5,1.908,1.22667,2.596,94.5,2.7451,3.13726,0,1.28125,8.99213,26.25,26.25,24.75
17.333,0,0,0,0,0.959901,1.00113,1.03201,3,1,1,1,0,1,1.01489,0,0,5.41667,6.05556,5.91667,1061,970,426.211,970,971.523,27.0469,95.6484,95.9297,29.2031,35.8594,536.698,52.5,1.968,1.272,2.656,94.5,3.13726,3.92157,0,1.25,10.4311,26.25,26.25,24.75
17.367,0,0,0,0,0.95984,1.00113,1.03244,3,1,1,1,0,1,1.01319,0,0,5.58334,6.33334,6.44445,1062.25,970,434.492,970,971.523,27.6328,95.6484,95.9297,32.3672,37.6641,536.698,52.5,1.988,1.28267,2.676,94.5,3.92157,3.92157,0,1.40625,11.1498,26.25,26.25,24.75
17.4,0,0,0,0,0.96045,1.00113,1.0325,3,1,1,1,0,1,1.01148,0,0,5.75,7.02778,6.88889,1063.75,970,445.039,970,971.523,28.3828,95.6016,96.0234,34.3828,39.3984,536.698,52.5,2.064,1.33067,2.752,94.5,4.31373,4.31373,0,1.35938,11.87,26.25,26.25,24
17.433,0,0,0,0,0.961243,1.00113,1.03232,3,1,1,1,0,1,1.00855,0,0,5.97223,7.86112,7.94445,1068.75,970,475.664,970,971.523,30.5859,95.6953,96.2109,39.2109,42.3281,536.385,52.5,2.32,1.43467,3.008,94.5,4.70588,4.70588,0,1.875,13.1288,24.75,24.75,23.25
17.467,0,0,0,0,0.961976,1.00113,1.03272,3,1,1,1,0,1,1.00733,0,0,6.44445,8.52778,8.58334,1067.75,970,493.945,970,971.523,31.8984,95.6953,96.2109,42.3047,47.5078,536.385,52.5,2.484,1.59467,3.164,94.5,5.09804,5.4902,0,1.60938,15.4665,24,24,22.5
17.5,-1.5,0,-1.5,0,0.95984,1.00113,1.03284,3,1,1,1,0,1,1.00611,0,0,6.44445,9.00001,9.05556,1066.75,970,513.828,970,968.906,33.3984,96.1406,96.1641,44.625,52.9219,536.385,52.5,2.64,1.59467,3.32,94.5,5.4902,6.27451,-0.75,1.57813,17.8057,24,24,22.5
17.533,-1.5,0,-1.5,0,0.960328,1.00113,1.03391,3,1,1,1,0,1,1.00488,0,0,7.13889,9.97223,10,1068.5,990,539.336,970,968.906,35.2031,95.8359,96.1875,49.7344,64.1719,536.385,52.5,2.912,1.864,3.592,94.5,6.66667,7.45098,-0.75,1.26563,23.3814,21.75,21.75,21.75
17.567,-1.5,0,-1.5,0,0.960389,1.00113,1.0314,3,1,1,1,0,1,1.00366,0,0,7.55556,11.2222,10.8056,1072.25,1070,567.617,970,968.906,37.2422,95.8359,96.1875,53.3203,69.8203,536.385,52.5,3.224,2.05867,3.904,94.5,7.45098,8.62745,-0.75,1.21875,26.9779,23.25,23.25,20.25
17.6,-1.5,0,-1.5,0,0.956116,1.00113,1.03293,3,1,1,1,0,1,1.00488,0,0,8.08334,13.1945,11.8889,1076.5,1110,600.469,970,966.25,39.5859,95.8125,96.4922,58.2656,72.9141,536.385,52.5,3.512,2.23734,4.2,94.5,8.62745,9.01961,-0.75,1.17188,29.8558,19.5,19.5,19.5
17.633,-1.5,0,-1.5,0,0.955018,1.00113,1.03436,3,1,1,1,0,1,1.00733,0,0,8.72223,13.9722,13.9445,1082.5,1130,681.641,970,966.25,45.3984,95.8125,96.4922,68.1797,76.1484,536.229,52.5,4.148,2.46667,4.836,94.5,9.41177,9.80392,-0.75,1.28125,33.0937,18,18,18
17.667,-1.5,0,-1.5,0,0.952637,1.00113,1.03558,3,1,1,1,0,1,1.01148,0,0,9.97223,14.3889,14.1389,1086.75,1150,718.984,970,963.594,48.0703,96.1641,96.7031,69.3047,78.3047,536.229,52.5,4.484,2.808,5.164,94.5,10.1961,10.5882,-0.75,1.3125,35.7915,18.75,18.75,18
17.7,-1.5,0,-1.5,0,0.95514,1.00113,1.03687,3,1,1,1,0,1,1.0166,0,0,9.97223,14.6667,14.4445,1092.25,1180,753.555,970,966.211,50.5313,96.5625,97.0547,70.1953,80.7891,536.229,52.5,4.54,2.88,5.22,94.5,10.9804,10.9804,-0.75,1.60938,38.3092,15.75,15.75,18
17.733,-1.5,0,-1.5,0,0.954041,1.00113,1.03577,3,1,1,1,0,1,1.01319,0,0,10.9722,15.0278,14.5556,1094,1220,808.789,970,966.25,54.6328,96.75,97.1016,69.7266,83.9531,536.229,52.5,4.62,2.904,5.3,94.5,11.7647,12.1569,-0.75,1.6875,41.9058,12.75,12.75,14.25
17.767,-1.5,0,-1.5,0,0.951661,1.00113,1.03644,3,1,1,1,0,1,1.01148,0,0,11.3333,14.8611,14.8056,1096.5,1250,833.984,970,966.25,56.4141,96.75,97.1016,70.7578,86.25,536.229,52.5,4.712,2.96,5.408,94.5,12.549,13.3333,-0.75,1.32813,44.0649,13.5,13.5,15
17.8,-1.5,0,-1.5,0,0.950867,1.00113,1.03641,3,1,1,1,0,1,1.00855,0,0,11.7778,15.9722,14.8333,1098,1290,856.445,970,966.25,58.0313,96.75,97.2188,70.8047,88.7578,536.229,52.5,4.664,3.03734,5.36,94.5,14.1177,14.5098,-0.75,1.28125,46.9428,10.5,10.5,12.75
17.833,-1.5,0,-1.5,0,0.945557,1.00113,1.03449,3,1,1,1,0,1,0.995607,0,0.390625,12.4167,15.5833,14.8889,1094.75,1330,877.07,970,966.25,59.5078,96.8906,97.1484,71.25,91.8281,536.229,52.5,4.852,3.152,5.548,94.5,16.0784,27.451,-0.75,1,50.0007,10.5,10.5,24
17.867,-1.5,0,-1.5,0,0.937195,1.00113,1.03671,3,1,1,1,0,1,0.998537,0,0.390625,12.7222,17.1667,15.2778,1097.5,1350,898.008,970,963.594,61.0078,96.8906,97.1484,72.9141,93.3281,536.229,52.5,4.892,3.22134,5.588,94.5,30.1961,43.9216,-0.75,1.20313,51.6181,9,9,23.25
17.9,-1.5,0,-1.5,0,0.934083,1.00113,1.03925,3,1,1,1,0,1,1.01001,0,4.29688,13.4722,13.5556,18.9722,1103.25,1370,944.453,970,958.32,64.3125,96.7266,97.4766,90.7266,94.9453,536.229,52.5,5.84,3.87467,6.528,94.5,45.4902,52.1569,-0.75,1.34375,53.2371,9.75,9.75,11.25
17.933,-1.5,0,-1.5,0,0.973145,1.00113,1.03943,3,1,1,1,0,1,1.0166,0,8.20313,14,14,15.1945,1101.75,1390,980.742,970,966.25,66.9141,97.1484,97.4063,72.3281,96.5391,536.229,52.5,5.212,3.44,5.9,94.5,53.3334,52.1569,-0.75,1.4375,54.1374,6.75,6.75,23.25
17.967,-1.5,0,-1.5,0,0.983277,1.00113,1.04279,3,1,1,1,0,1,1.03003,0,8.20313,14.2778,14.1945,15.0833,1115,1400,986.016,970,968.867,67.2891,97.1484,97.4063,70.3125,97.1484,536.229,52.5,5.224,3.51734,5.912,94.5,52.9412,52.1569,-0.75,1.46875,54.8561,5.25,5.25,5.25
18,-1.5,0,-1.5,0,0.988282,1.00113,1.05002,3,1,1,1,0,1,1.05689,0,11.3281,14.5556,14.3333,15.1667,1132.75,1390,988.867,970,968.906,67.5,96.8203,98.5547,69.1172,96.8203,536.229,52.5,5.232,3.52267,5.92,94.5,53.3334,53.3334,-0.75,1.53125,56.4751,0,0,0
18.033,-1.5,0,-1.5,0,0.992127,1.00113,1.0423,3,1,1,1,0,1,1.03003,0,15.2344,14.5556,14.8333,15.0556,1123.25,1390,992.656,970,968.906,67.7813,98.2969,98.5078,69.6094,96.8203,536.346,52.5,5.18,3.51467,5.868,94.5,54.1177,53.3334,-0.75,1.3125,57.5539,6,6,7.5
18.067,-1.5,0,-1.5,0,0.995911,1.00113,1.04852,3,1,1,1,0,1,1.02661,0,15.2344,14.6111,14.8889,15.1111,1131,1420,994.414,970,971.523,67.8984,98.2969,98.5078,68.9063,98.2969,536.346,51.75,5.2,3.49867,5.896,94.5,53.7255,53.3334,-0.75,1.07813,59.1729,4.5,4.5,5.25
18.1,-1.5,0,-1.5,0,0.99878,1.00113,1.05759,3,1,1,1,0,1,1.04395,0,21.0938,14.6111,14.9445,15.2222,1142,1410,995.156,970,974.18,67.9688,98.0625,98.4844,68.3906,98.0625,536.346,51.75,5.216,3.49867,5.912,94.5,53.3334,53.7255,-0.75,1.15625,62.0507,3,3,3
18.133,-1.5,0,-1.5,0,1.00122,1.00113,1.05566,3,1,1,1,0,1,1.03589,0,21.0938,14.8611,14.9445,15.1667,1146.75,1410,995.508,970,976.797,67.9922,98.0625,98.4844,68.2031,98.0625,536.346,51.75,5.212,3.50934,5.908,94.5,54.5098,53.7255,-0.75,1.07813,63.6697,2.25,2.25,2.25
18.167,-1.5,0,-1.5,0,1.00305,1.00113,1.05566,3,1,1,1,0,1,1.0166,0,27.3438,14.75,15,15.5278,1145.75,1410,999.922,970,976.836,68.3203,97.9453,99.0469,69.8672,97.9453,536.346,51.75,5.208,3.496,5.896,94.5,54.1177,53.7255,-0.75,1.04688,65.6473,4.5,4.5,5.25
18.2,-1.5,0,-1.5,0,1.00696,1.00113,1.06284,3,1,1,1,0,1,1.03198,0,33.5938,14.9167,15.0556,15.6389,1156.5,1420,1001.52,970,979.453,68.4141,98.6484,99.0234,69.3516,98.6484,536.346,51.75,5.228,3.504,5.916,94.5,54.1177,54.902,-0.75,1.54688,67.4463,3,3,3
18.233,-1.5,0,-1.5,0,1.00891,1.00113,1.06012,3,1,1,1,0,1,1.0249,0,36.7188,15.1389,15.0833,15.4445,1161.5,1420,1001.64,970,979.453,68.4375,98.4375,99.5859,68.5078,98.6484,536.639,51.75,5.228,3.52,5.916,94.5,55.2941,54.902,-0.75,1.5,68.7052,3,3,3
18.267,-1.5,0,-1.5,0,1.01288,1.00113,1.06073,3,1,1,1,0,1,1.01831,0,36.7188,15.1945,15.1111,15.6945,1163,1420,1003.79,970,982.109,68.5781,98.4375,99.5859,69.8203,98.4375,536.639,51.75,5.216,3.50934,5.904,94.5,54.902,54.902,-0.75,1.14063,69.0653,7.5,7.5,5.25
18.3,-1.5,0,-1.5,0,1.01727,1.00113,1.06552,3,1,1,1,0,1,1.02832,0,38.2813,15.3333,15.6667,16.1945,1181.75,1430,1009.49,970,984.727,69.1406,99.3047,99.8906,70.2188,99.3047,536.639,51.75,5.28,3.52267,5.976,94.5,54.902,56.8628,-0.75,1.09375,69.784,3,3,3
18.333,-1.5,0,-1.5,0,1.02435,1.00113,1.06238,3,1,1,0.976076,0,1,1.0166,0,41.4063,15.6111,15.7222,16.0556,1183,1430,1010.66,970,990,69.2344,99.2813,100.383,69.8906,99.3047,536.639,51.75,5.288,3.56,5.984,94.5,57.2549,56.8628,-0.75,1.0625,71.0429,4.5,4.5,5.25
18.367,-1.5,0,-1.5,0,1.02216,1.00113,1.06326,3,1,1,0.976076,0,0.976076,1.01148,0,41.4063,15.6111,15.8056,16.4722,1179,1430,1013.44,970,987.383,69.4453,99.2813,100.383,71.0156,99.2813,536.639,51,5.288,3.56,5.984,95.25,57.2549,56.8628,-0.75,1.15625,71.403,6,6,9
18.4,-1.5,0,-1.5,0,1.02625,1.00113,1.06671,3,1,1,0.968263,0,0.976076,1.01831,0,42.9688,15.6667,15.8333,16.5833,1188.25,1430,1019.26,970,990.039,69.8438,99.8438,100.406,71.6953,99.8438,536.639,51,5.444,3.648,6.132,95.25,57.2549,58.0392,-0.75,1.07813,72.1232,4.5,4.5,4.5
18.433,-1.5,0,-1.5,0,1.03491,1.00113,1.06638,3,1,1,0.962648,0,0.976076,1.02149,0,47.2656,15.9722,15.9167,16.4445,1201.75,1430,1019.45,970,995.273,69.8672,99.7031,101.063,69.9844,99.8438,536.971,51,5.432,3.664,6.12,95.25,58.0392,58.0392,-0.75,1.35938,73.5621,1.5,1.5,1.5
18.467,-1.5,0,-1.5,0,1.03534,1.00113,1.06516,3,1,1,0.962648,0,0.962648,1.01319,0,47.2656,15.8333,15.9722,16.3056,1191.75,1430,1019.26,970,995.313,69.8438,99.7031,101.063,69.75,99.7031,536.971,51,5.404,3.64267,6.092,95.25,58.0392,58.0392,-0.75,1.4375,73.9207,6.75,6.75,9.75
18.5,-1.5,0,-1.5,0,1.03851,1.00113,1.06879,3,1,1,0.958253,0,0.962648,1.02002,0,48.8281,16.0278,16.5,17.1111,1213.75,1440,1025.16,970,997.969,70.2656,100.5,101.063,72.1406,100.5,536.971,51,5.52,3.70667,6.216,95.25,58.0392,58.8235,-0.75,1.26563,74.6409,3.75,3.75,3.75
18.533,-1.5,0,-1.5,0,1.04334,1.00113,1.07373,3,1,1,0.95508,0,0.962648,1.00733,0,51.5625,16.4722,16.5833,17.25,1225.5,1440,1027.5,970,1000.59,70.4297,100.477,101.93,71.7656,100.5,536.971,51,5.52,3.72267,6.216,95.25,58.8235,58.8235,-0.75,0.953125,75.3596,2.25,2.25,2.25
18.567,-1.5,0,-1.5,0,1.04474,1.00113,1.07184,3,1,1,0.95508,0,0.95508,1.00366,0,51.5625,16.4722,16.5833,17.1945,1226,1440,1029.88,970,1000.59,70.6406,100.477,101.93,71.9766,100.477,536.971,50.25,5.576,3.76267,6.272,95.25,58.8235,58.8235,-0.75,0.78125,75.3596,5.25,5.25,5.25
18.6,-1.5,0,-1.5,0,1.05206,1.00113,1.07495,3,1,1,0.952638,0,0.95508,1.01001,0,54.6875,16.5278,16.7222,17.7778,1227.5,1450,1037.38,970,1005.86,71.1797,101.203,101.93,73.8047,101.203,536.971,50.25,5.692,3.816,6.38,95.25,58.8235,61.1765,-0.75,1,76.0798,7.5,7.5,9
18.633,-1.5,0,-1.5,0,1.05701,1.00113,1.0734,3,1,1,0.950685,0,0.95508,0.998537,0,61.3281,16.7222,16.8056,17,1235.75,1450,1035.23,970,1008.52,71.0391,101.227,102.305,69.8203,101.203,537.245,50.25,5.66,3.82667,6.348,95.25,61.9608,61.1765,-0.75,1.14063,77.6988,5.25,5.25,6.75
18.667,-1.5,0,-1.5,0,1.05963,1.00113,1.07785,3,1,1,0.950685,0,0.950685,0.988527,0,61.3281,16.7778,16.8611,17.5278,1244.75,1450,1039.92,970,1011.17,71.3906,101.227,102.305,71.8359,101.227,537.245,50.25,5.716,3.848,6.396,95.25,61.9608,61.1765,-0.75,1.15625,78.4175,5.25,5.25,6
18.7,-1.5,0,-1.5,0,1.06427,1.00113,1.08185,3,1,1,0.949464,0,0.950685,0.994142,0,66.4063,16.9445,17.4445,17.6389,1247.75,1460,1040.82,970,1013.79,71.4609,101.531,102.633,71.9766,101.531,537.245,50.25,5.724,3.864,6.404,95.25,61.1765,61.9608,-0.75,1.4375,79.1378,7.5,7.5,5.25
18.733,-1.5,0,-1.5,0,1.06628,1.00113,1.07953,3,1,1,0.948244,0,0.950685,0.978517,0,70.3125,17.1667,17.4722,17.8056,1256.75,1460,1042.58,970,1016.45,71.6016,101.836,103.078,72.6094,101.531,537.245,50.25,5.736,3.87734,6.416,95.25,62.353,61.9608,-0.75,1.04688,80.2166,6,6,5.25
18.767,-1.5,0,-1.5,0,1.07001,1.00113,1.08499,3,1,1,0.948244,0,0.948244,0.979982,0,70.3125,17.4167,17.5556,18.2778,1267,1460,1049.14,970,1019.1,72.0938,101.836,103.078,73.5469,101.836,537.245,50.25,5.82,3.936,6.508,94.5,62.353,61.9608,-0.75,0.875,80.5751,5.25,5.25,6
18.8,-1.5,0,-1.5,0,1.07416,1.00113,1.08737,3,1,1,0.947511,0,0.948244,0.986085,0,70.7031,17.4167,17.5833,18.0556,1269.5,1470,1050.43,970,1021.68,72.3516,102.445,103.453,72.9375,102.445,537.245,50.25,5.844,3.936,6.532,94.5,62.353,63.5294,-0.75,0.796875,80.5751,6.75,6.75,6
18.833,-1.5,0,-1.5,0,1.07874,1.00113,1.0849,3,1,1,0.947023,0,0.948244,0.973634,0,71.0938,17.6389,17.7222,18.2778,1278.5,1470,1053.16,970,1024.38,72.5859,102.586,103.875,72.9141,102.445,537.284,50.25,5.836,3.96267,6.524,94.5,63.9216,63.5294,-0.75,0.640625,80.9353,6.75,6.75,5.25
18.867,-1.5,0,-1.5,0,1.08514,1.00113,1.08881,3,1,1,0.947023,0,0.947023,0.973634,0,71.0938,17.8056,17.75,18.4722,1283.5,1470,1055.12,970,1029.61,72.7266,102.586,103.875,73.8516,102.586,537.284,50.25,5.856,3.96267,6.568,94.5,63.1373,63.5294,-0.75,0.84375,81.2954,5.25,5.25,5.25
18.9,-1.5,0,-1.5,0,1.0871,1.00113,1.091,3,1,1,0.946535,0,0.947023,0.978517,0,71.4844,17.6945,18.5278,18.25,1278.75,1470,1054.49,970,1029.65,72.6797,102.914,103.875,72.3516,102.914,537.284,50.25,5.852,3.96267,6.564,94.5,63.9216,65.4902,-0.75,1.28125,81.6555,6.75,6.75,11.25
18.933,-1.5,0,-1.5,0,1.086,1.00113,1.08789,3,1,1,0.946291,0,0.947023,0.958498,0,72.6563,17.9167,17.8611,18.9722,1297.75,1470,1059.84,970,1032.3,73.0781,102.938,104.578,74.5547,102.914,537.284,50.25,5.88,3.97067,6.592,94.5,65.8824,65.4902,-0.75,1.125,82.7343,6.75,6.75,4.5
18.967,-1.5,0,-1.5,0,1.09406,1.00113,1.09116,3,1,1,0.946291,0,0.946291,0.962404,0,72.6563,18.2778,18.5556,19.0556,1309.75,1470,1062.3,970,1037.58,73.2656,102.938,104.578,74.6719,102.938,537.284,50.25,5.896,3.992,6.608,95.25,65.4902,65.4902,-0.75,0.953125,82.7343,2.25,2.25,2.25
19,-1.5,0,-1.5,0,1.09448,1.00113,1.09103,3,1,1,0.946046,0,0.946291,0.962404,0,73.0469,18.3333,18.6667,19.1111,1315.25,1480,1065.9,970,1037.58,73.5703,103.57,105.023,74.2734,103.57,537.284,50.25,5.924,4.01334,6.62,95.25,65.8824,67.451,-0.75,0.640625,83.0944,5.25,5.25,5.25
19.033,-1.5,0,-1.5,0,1.09985,1.00113,1.08966,3,1,1,0.945802,0,0.946291,0.952394,0,73.4375,18.4445,18.7778,19.25,1314,1480,1066.76,970,1042.85,73.6406,103.922,105.164,74.1328,103.57,537.772,50.25,5.924,4.01334,6.62,95.25,67.8432,67.451,-0.75,0.609375,83.453,6.75,6.75,9
19.067,-1.5,0,-1.5,0,1.10254,1.00113,1.09198,3,1,1,0.945802,0,0.945802,0.959962,0,73.4375,18.5556,18.8333,19.6111,1323.75,1480,1072.66,970,1045.51,74.0625,103.922,105.164,75.4453,103.922,537.772,50.25,5.98,4.05067,6.668,95.25,67.451,67.451,-0.75,0.703125,83.453,6.75,6.75,6
19.1,-1.5,0,-1.5,0,1.10944,1.00113,1.09021,3,1,1,0.945802,0,0.945802,0.957277,0,73.8281,18.6945,18.8889,19.6945,1329.75,1490,1074.57,970,1050.74,74.2266,104.063,105.75,75.3047,104.063,537.772,50.25,5.98,4.05067,6.668,95.25,67.451,67.8432,-0.75,0.671875,84.1732,5.25,5.25,6
19.133,-1.5,0,-1.5,0,1.11316,1.00113,1.09015,3,1,1,0.945558,0,0.945802,0.951173,0,74.6094,19.0278,19.6945,20.3056,1344,1490,1082.23,970,1050.78,74.7891,104.625,106.266,77.2969,104.063,537.772,50.25,6.02,4.05334,6.708,95.25,68.2353,67.8432,-0.75,0.953125,84.5333,5.25,5.25,6.75
19.167,-1.5,0,-1.5,0,1.11627,1.00113,1.09259,3,1,1,0.945558,0,0.945558,0.958498,0,74.6094,19.3333,19.6945,20.3333,1352.75,1490,1086.17,970,1053.4,75.0938,104.625,106.266,77.3203,104.625,537.772,49.5,6.056,4.10134,6.744,95.25,68.2353,67.8432,-0.75,0.6875,84.5333,6.75,6.75,6
19.2,-1.5,0,-1.5,0,1.12329,1.00113,1.08969,3,1,1,0.945558,0,0.945558,0.949953,0,74.6094,19.5,19.8889,20.1667,1353.25,1500,1089.65,970,1058.71,75.3984,105.07,106.758,75.5625,105.07,537.772,49.5,6.076,4.13067,6.78,95.25,68.2353,70.5883,-0.75,0.53125,84.8919,6.75,6.75,5.25
19.233,-1.5,0,-1.5,0,1.125,1.00113,1.09116,3,1,1,0.945558,0,0.945558,0.948488,0,74.6094,19.5,19.8889,20.2778,1357.75,1500,1091.05,970,1061.37,75.4922,105.469,106.781,76.3125,105.07,538.358,49.5,6.08,4.12001,6.784,95.25,70.9804,70.5883,-0.75,0.453125,84.8919,5.25,5.25,5.25
19.267,-1.5,0,-1.5,0,1.12769,1.00113,1.09113,3,1,1,0.945558,0,0.945558,0.949953,0,74.6094,19.6667,20,20.6111,1375.5,1500,1094.69,970,1063.98,75.7734,105.469,106.781,76.2891,105.469,538.358,49.5,6.112,4.14134,6.8,95.25,70.5883,70.5883,-0.75,0.265625,84.8919,5.25,5.25,5.25
19.3,-1.5,0,-1.5,0,1.13367,1.00113,1.08875,3,1,1,0.945558,0,0.945558,0.941164,0,74.6094,19.8889,20.75,20.6389,1376.25,1500,1095.39,970,1069.22,75.8672,105.516,107.438,76.2422,105.516,538.358,49.5,6.096,4.14134,6.784,95.25,70.9804,70.9804,-0.75,0.484375,84.8919,6.75,6.75,5.25
19.333,-1.5,0,-1.5,0,1.13226,1.00113,1.09033,3,1,1,0.945314,0,0.945558,0.946046,0,74.6094,20.0278,20.75,20.6945,1382.25,1500,1097.73,970,1071.88,76.0547,106.078,107.672,76.5938,105.516,538.358,49.5,6.112,4.13334,6.8,95.25,71.3726,70.9804,-0.75,0.796875,84.5333,7.5,7.5,5.25
19.367,-1.5,0,-1.5,0,1.13361,1.00113,1.08807,3,1,1,0.945314,0,0.945314,0.942384,0,74.6094,20.25,20.7778,21.5,1391.25,1510,1102.23,970,1074.57,76.3828,106.078,107.672,78.9609,106.078,538.358,49.5,6.144,4.16267,6.832,95.25,71.3726,70.9804,-0.75,0.53125,84.5333,5.25,5.25,5.25
19.4,-1.5,0,-1.5,0,1.13715,1.00113,1.08707,3,1,1,0.945314,0,0.945314,0.938722,0,74.6094,20.4167,20.8611,21.25,1399.25,1510,1106.29,970,1077.19,76.7109,106.289,108.234,77.2969,106.289,538.358,49.5,6.168,4.17067,6.872,95.25,71.7647,73.3334,-0.75,0.546875,84.5333,5.25,5.25,5.25
19.433,-1.5,0,-1.5,0,1.14276,1.00113,1.08783,3,1,1,0.945314,0,0.945314,0.943605,0,74.6094,20.5833,21.7222,21.3056,1411.75,1510,1109.3,970,1082.5,76.9688,106.758,108.375,76.4766,106.289,538.768,49.5,6.176,4.19201,6.88,95.25,73.3334,73.3334,-0.75,0.296875,84.8919,5.25,5.25,5.25
19.467,-1.5,0,-1.5,0,1.14215,1.00113,1.0864,3,1,1,0.945314,0,0.945314,0.942384,0,74.6094,20.7778,21.6945,21.3334,1417,1520,1109.18,970,1085.08,76.9688,106.758,108.375,76.8984,106.758,538.768,48.75,6.16,4.17334,6.848,95.25,73.3334,73.3334,-0.75,0.109375,85.7922,6.75,6.75,5.25
19.5,-1.5,0,-1.5,0,1.14124,1.00113,1.08661,3,1,1,0.945314,0,0.945314,0.944826,0,75.3906,20.9445,21.6945,22.25,1426.5,1520,1114.49,970,1087.77,77.5781,107.18,109.313,79.4766,107.18,538.768,48.75,6.232,4.18134,6.92,95.25,73.3334,75.2941,-0.75,0.375,86.691,7.5,7.5,6
19.533,-1.5,0,-1.5,0,1.14832,1.00113,1.08588,3,1,1,0.945314,0,0.945314,0.946046,0,76.9531,21.2222,21.75,22.1389,1433,1520,1116.05,970,1095.7,77.6953,107.719,109.523,78.6094,107.18,538.768,48.75,6.24,4.22667,6.928,95.25,75.6863,75.2941,-0.75,0.6875,87.4112,5.25,5.25,5.25
19.567,-1.5,0,-1.5,0,1.14606,1.00113,1.08514,3,1,1,0.945314,0,0.945314,0.939943,0,76.9531,21.3611,21.8056,22.5834,1436.75,1530,1120.04,970,1095.7,78.0234,107.719,109.523,80.0156,107.719,538.768,48.75,6.248,4.23201,6.936,95.25,75.2941,75.2941,-0.75,0.578125,88.1299,6,6,6
19.6,-1.5,0,-1.5,0,1.15387,1.00113,1.08691,3,1,1,0.945314,0,0.945314,0.944826,0,77.7344,21.4722,21.8056,22.7222,1438.25,1530,1124.61,970,1103.59,78.3516,107.906,109.711,80.9766,107.906,538.768,48.75,6.288,4.25867,6.976,95.25,75.6863,76.0785,-0.75,0.109375,88.1299,7.5,7.5,6
19.633,-0.75,0,-1.5,0,1.15601,1.00113,1.08502,3,1,1,0.945314,0,0.945314,0.938722,0,78.125,21.6389,21.9445,22.5,1450.5,1530,1124.61,970,1106.21,78.375,108.07,110.156,79.4063,107.906,539.666,48.75,6.276,4.25067,6.964,95.25,76.0785,76.0785,-0.75,-0.046875,88.49,6.75,6.75,6
19.667,-0.75,0,-1.5,0,1.15491,1.00113,1.08588,3,1,1,0.945314,0,0.945314,0.942384,0,78.125,21.8611,22.6945,23.9445,1465.25,1530,1132.58,970,1106.25,79.0078,108.07,110.156,83.6016,108.07,539.666,48.75,6.348,4.24267,7.036,95.25,76.4706,76.0785,0,0.34375,88.49,6.75,6.75,6
19.7,-0.75,0,-1.5,0,1.16113,1.00113,1.08487,3,1,1,0.945314,0,0.945314,0.943605,0,78.125,22.0556,22.7222,23.5556,1478,1530,1136.17,970,1111.52,79.2656,108.492,111.164,81.3281,108.492,539.666,48.75,6.372,4.30134,7.06,95.25,76.4706,78.4314,0,0.3125,88.49,3,3,3
19.733,-0.75,0,-1.5,0,1.16779,1.00113,1.08362,3,1,1,0.945314,0,0.945314,0.939943,0,78.125,22.3334,22.9722,23.3056,1482.25,1530,1139.3,970,1116.84,79.5703,109.359,111.328,79.3828,108.492,539.666,48.75,6.364,4.32801,7.052,95.25,78.8236,78.4314,0,0.46875,88.49,6,6,6
19.767,-0.75,0,-1.5,0,1.17017,1.00113,1.0838,3,1,1,0.945314,0,0.945314,0.942384,0,78.125,22.6111,23.75,23.8889,1492.5,1540,1148.2,970,1119.45,80.25,109.359,111.328,81.4922,109.359,539.666,48.75,6.452,4.34934,7.14,95.25,78.4314,78.4314,0,0.421875,88.49,5.25,5.25,5.25
19.8,-0.75,0,-1.5,0,1.17523,1.00113,1.08191,3,1,1,0.945314,0,0.945314,0.936525,0,78.125,22.8056,23.7778,24.1389,1493.75,1550,1152.19,970,1124.73,80.5547,109.5,111.703,82.8281,109.5,539.666,48.75,6.468,4.37067,7.156,95.25,78.4314,80,0,0.140625,88.8501,7.5,7.5,7.5
19.833,-0.75,0,-1.5,0,1.17822,1.00113,1.0842,3,1,1,0.945314,0,0.945314,0.947267,0,78.9063,23.0278,23.9167,24.6389,1505,1550,1156.8,970,1130,80.9297,109.828,112.219,83.1563,109.5,540.487,48.75,6.496,4.37867,7.184,95.25,80.3922,80,0,0.09375,89.2087,6,6,6
19.867,-0.75,0,-1.5,0,1.1803,1.00113,1.08237,3,1,1,0.945314,0,0.945314,0.946046,0,78.9063,23.3334,23.9722,24.6389,1516.75,1550,1159.57,970,1132.66,81.1641,109.828,112.219,82.4766,109.828,540.487,48,6.504,4.39734,7.192,95.25,80.3922,80,0,0.078125,90.2875,8.25,8.25,6
19.9,-0.75,0,-1.5,0,1.18213,1.00113,1.08307,3,1,1,0.945314,0,0.945314,0.948488,0,80.4688,23.4445,24.0278,24.7222,1519.25,1550,1161.84,970,1135.31,81.375,110.273,112.898,82.6406,110.273,540.487,48,6.52,4.40534,7.208,95.25,80.7843,82.353,0,0.515625,91.3678,6.75,6.75,6.75
19.933,-0.75,0,-1.5,0,1.18927,1.00113,1.08356,3,1,1,0.945314,0,0.945314,0.951173,0,81.6406,23.7222,24.1389,24.6667,1527,1550,1168.05,970,1140.59,81.8438,110.883,113.25,82.4531,110.273,540.487,48,6.58,4.45867,7.268,95.25,82.7451,82.353,0,0.46875,92.0865,7.5,7.5,8.25
19.967,-0.75,0,-1.5,0,1.19373,1.00113,1.08341,3,1,1,0.945314,0,0.945314,0.947267,0,81.6406,24.0278,25,25.0556,1542,1560,1170.51,970,1145.9,82.0547,110.883,113.25,82.1484,110.883,540.487,48,6.596,4.46934,7.284,95.25,81.9608,82.353,0,0.296875,92.0865,6.75,6.75,7.5
20,-0.75,0,-1.5,0,1.1933,1.00113,1.08466,3,1,1,0.945314,0,0.945314,0.948488,0,81.6406,24.3611,24.9167,25.5556,1550.75,1570,1174.53,970,1148.48,82.3594,111.469,114.398,84.6563,111.469,540.487,48,6.632,4.49334,7.32,95.25,82.7451,83.9216,0,0.0625,92.0865,8.25,8.25,7.5
20.033,-0.75,0,-1.5,0,1.20087,1.00113,1.08429,3,1,1,0.945314,0,0.945314,0.944826,0,81.6406,24.5834,25.1111,25.7222,1555,1560,1178.28,970,1156.41,82.8984,112.195,114.586,84.0938,111.469,541.756,48,6.68,4.52534,7.368,95.25,84.7059,83.9216,0,-0.15625,92.0865,8.25,8.25,7.5
20.067,-0.75,0,-1.5,0,1.20252,1.00113,1.08652,3,1,1,0.945314,0,0.945314,0.952394,0,81.6406,24.7222,25.1111,25.5,1564.75,1570,1179.22,970,1159.1,82.9922,112.195,114.586,83.5313,112.195,541.756,48,6.672,4.52001,7.368,95.25,83.9216,83.9216,0,-0.015625,92.0865,8.25,8.25,7.5
20.1,-0.75,0,-1.5,0,1.20483,1.00113,1.08569,3,1,1,0.945314,0,0.945314,0.953615,0,81.6406,24.8334,26.0556,26.1389,1571.25,1580,1183.71,970,1161.72,83.3672,112.359,115.148,84.5156,112.359,541.756,48,6.724,4.53601,7.42,95.25,84.3138,85.4902,0,0.515625,92.0865,8.25,8.25,7.5
20.133,-0.75,0,-1.5,0,1.20752,1.00113,1.08588,3,1,1,0.945314,0,0.945314,0.949953,0,81.6406,25.1667,26.1389,26.7222,1587.75,1580,1190.39,970,1164.38,83.8828,112.828,115.805,85.9922,112.359,541.756,48,6.776,4.56534,7.472,95.25,85.8824,85.4902,0,0.359375,92.0865,8.25,8.25,7.5
20.167,-0.75,0,-1.5,0,1.21503,1.00113,1.08649,3,1,1,0.945314,0,0.945314,0.949953,0,81.6406,25.5834,26.2222,26.8056,1597,1580,1192.19,970,1172.27,84.0234,112.828,115.805,85.0547,112.828,541.756,47.25,6.784,4.59467,7.472,95.25,85.4902,85.4902,0,0.234375,92.0865,6.75,6.75,7.5
20.2,0,0,-1.5,0,1.21649,1.00113,1.08652,3,1,1,0.945314,0,0.945314,0.947267,0,81.6406,25.6389,26.3334,26.8056,1601,1590,1195.16,970,1174.92,84.3047,113.391,116.578,84.9375,113.391,541.756,47.25,6.8,4.60534,7.488,95.25,85.8824,88.2353,0,-0.15625,92.0865,6,6,6.75
20.233,0,0,-1.5,0,1.22205,1.00113,1.08783,3,1,1,0.945314,0,0.945314,0.952394,0,81.25,25.8611,27.2222,27.25,1605.25,1590,1200.78,970,1182.85,84.7266,114.094,117,86.1797,113.391,542.85,47.25,6.856,4.61867,7.544,95.25,88.6275,88.2353,0,0.109375,91.7264,8.25,8.25,6.75
20.267,0,0,-1.5,0,1.21802,1.00113,1.08695,3,1,1,0.945314,0,0.945314,0.948488,0,81.25,26.1111,27.1667,27.3611,1615.5,1600,1203.28,970,1182.85,85.0078,114.094,117,86.6484,114.094,542.85,47.25,6.86,4.63734,7.548,95.25,88.6275,88.2353,0,0.34375,91.7264,6,6,6.75
20.3,0,0,-1.5,0,1.22315,1.00113,1.08853,3,1,1,0.945314,0,0.945314,0.953615,0,81.25,26.1667,27.25,28,1620.25,1600,1207.5,970,1190.78,85.4297,114.516,117.703,87.7266,114.516,542.85,47.25,6.916,4.64801,7.604,95.25,88.6275,89.804,0,0.625,91.7264,7.5,7.5,6.75
20.333,0,0,-1.5,0,1.22315,1.00113,1.08856,3,1,1,0.945314,0,0.945314,0.953615,0,81.25,26.75,27.2778,27.8056,1639.5,1600,1209.3,970,1193.4,85.5703,115.336,118.641,86.6953,114.516,542.85,47.25,6.912,4.68267,7.6,95.25,90.1961,89.804,0,0.390625,91.7264,3.75,3.75,3.75
20.367,0,0,-1.5,0,1.23218,1.00113,1.08911,3,1,1,0.945314,0,0.945314,0.952394,0,81.25,27.1389,27.3611,28.2222,1649.5,1600,1215.51,970,1201.37,86.3203,115.336,118.641,87.2813,115.336,542.85,47.25,6.996,4.73867,7.684,95.25,89.804,89.804,0,-0.03125,91.7264,3.75,3.75,3.75
20.4,0,0,-1.5,0,1.23352,1.00113,1.08933,3,1,1,0.945314,0,0.945314,0.949953,0,81.25,27.1945,28.5834,28.5834,1657,1610,1217.85,970,1203.98,85.9922,115.148,119.109,87.4453,115.148,542.85,47.25,6.936,4.74401,7.624,95.25,90.1961,91.3726,0,-0.015625,91.7264,6,6,6
20.433,0,0,-1.5,0,1.23316,1.00113,1.08988,3,1,1,0.945314,0,0.945314,0.947267,0,81.25,27.25,28.5834,28.8334,1668.75,1610,1221.84,970,1209.3,86.2969,116.484,120.023,87.7031,115.148,544.393,47.25,6.968,4.70401,7.656,95.25,91.7647,91.3726,0,0.171875,91.7264,5.25,5.25,5.25
20.467,0,0,-1.5,0,1.2359,1.00113,1.08865,3,1,1,0.945314,0,0.945314,0.943605,0,81.25,27.7222,28.6389,28.8889,1666.5,1620,1228.01,970,1214.57,86.9766,116.484,120.023,88.0547,116.484,544.393,47.25,7.04,4.76534,7.736,95.25,91.3726,91.3726,0,0.625,91.7264,6.75,6.75,9.75
20.5,0,0,-1.5,0,1.23932,1.00113,1.08893,3,1,1,0.945314,0,0.945314,0.944826,0,81.25,27.6111,28.6945,28.8611,1672,1630,1229.1,970,1219.84,87.0703,117.375,120.188,87.7031,117.375,544.393,47.25,7.04,4.76801,7.736,95.25,91.7647,93.7255,0,0.296875,91.7264,5.25,5.25,8.25
20.533,0,0,-1.5,0,1.24201,1.00113,1.08811,3,1,1,0.945314,0,0.945314,0.946046,0,81.25,28.1945,28.8611,29.75,1693.5,1630,1236.88,970,1225.12,88.0547,117.305,120.773,89.3438,117.375,544.393,47.25,7.152,4.82134,7.848,95.25,94.1177,93.7255,0,0.28125,91.7264,5.25,5.25,5.25
20.567,0,0,-1.5,0,1.24463,1.00113,1.08783,3,1,1,0.945314,0,0.945314,0.944826,0,81.25,28.6389,29.75,29.7778,1702.75,1630,1238.24,970,1227.77,88.1719,117.305,120.773,88.9453,117.305,544.393,47.25,7.148,4.84267,7.844,95.25,94.1177,93.7255,0,0.078125,91.7264,4.5,4.5,4.5
20.6,0,0,-1.5,0,1.24658,1.00113,1.08749,3,1,1,0.945314,0,0.945314,0.943605,0,81.25,28.7222,29.7778,29.6389,1711.25,1630,1238.83,970,1233.05,88.5,117.938,121.852,87.9609,117.938,544.393,47.25,7.168,4.84267,7.864,95.25,94.1177,96.0785,0,0.1875,91.7264,5.25,5.25,5.25
20.633,0,0,-1.5,0,1.24701,1.00113,1.08682,3,1,1,0.945314,0,0.945314,0.939943,0,81.25,28.8889,29.9445,30.25,1718.5,1630,1239.53,970,1238.32,88.5703,118.711,122.391,88.8984,117.938,545.858,47.25,7.144,4.84267,7.84,95.25,96.4706,96.0785,0,0.234375,91.7264,5.25,5.25,6
20.667,0,0,-1.5,0,1.25018,1.00113,1.08667,3,1,1,0.945314,0,0.945314,0.942384,0,81.25,29.3611,29.9167,30.8056,1728.75,1640,1245.16,970,1243.63,89.1328,118.711,122.391,90.6094,118.711,545.858,47.25,7.212,4.88534,7.892,95.25,96.4706,96.0785,0,0.3125,91.7264,6.75,6.75,6
20.7,0,0,-1.5,0,1.25678,1.00113,1.0838,3,1,1,0.945314,0,0.945314,0.93213,0,81.25,29.5834,30.8889,30.8334,1741.25,1640,1245.9,970,1251.56,89.4375,119.297,123.398,89.4609,119.297,545.858,47.25,7.216,4.86934,7.896,95.25,96.4706,97.6471,0,-0.203125,91.7264,6,6,6
20.733,0,0,-1.5,0,1.25958,1.00113,1.08313,3,1,1,0.945314,0,0.945314,0.93213,0,81.25,29.8611,30.8889,30.6945,1748.75,1640,1248.36,970,1259.45,89.6719,120,123.844,89.2734,119.297,545.858,47.25,7.22,4.89867,7.9,95.25,97.6471,97.6471,0,0.015625,91.7264,7.5,7.5,6
20.767,0,0,-1.5,0,1.25494,1.00113,1.08087,3,1,1,0.945314,0,0.945314,0.927736,0,81.25,29.9722,30.8889,30.8334,1756.25,1650,1247.03,970,1259.45,89.6953,120,123.844,89.4375,120,545.858,46.5,7.184,4.86667,7.88,95.25,97.6471,97.6471,0,0.046875,91.7264,6,6,6.75
20.8,0,0,-1.5,0,1.25885,1.00113,1.08023,3,1,1,0.945314,0,0.945314,0.93213,0,81.25,30.1667,30.9722,31.7778,1766.75,1650,1251.72,970,1267.38,90.1875,120.375,124.406,91.0313,120.375,545.858,46.5,7.252,4.88801,7.948,95.25,98.0392,99.6079,0,0.359375,91.7264,6.75,6.75,6.75
20.833,0,0,-1.5,0,1.26245,1.00113,1.07678,3,1,1,0.945314,0,0.945314,0.927736,0,81.25,30.6111,31.9445,32,1781.25,1650,1255.16,970,1272.7,90.4922,121.008,125.578,90.8438,120.375,547.635,46.5,7.248,4.91734,7.944,95.25,100,99.6079,0,-0.015625,91.7264,5.25,5.25,6
20.867,0,0,-1.5,0,1.26294,1.00113,1.07547,3,1,1,0.945314,0,0.945314,0.927736,0,81.25,31.0278,31.9722,32.2778,1792.75,1650,1261.02,970,1275.31,91.1953,121.008,125.578,91.6406,121.008,547.635,46.5,7.328,4.96534,8.016,95.25,100,99.6079,0,-0.171875,91.7264,7.5,7.5,6
20.9,0,0,-1.5,0,1.26404,1.00113,1.07327,3,1,1,0.945314,0,0.945314,0.923341,0,81.25,31.3889,32,32.9722,1799.5,1660,1267.5,970,1277.93,92.1328,122.297,126.563,93.7969,122.297,547.635,46.5,7.42,4.96801,8.108,95.25,100,100,0,-0.28125,91.7264,6,6,6
20.933,0,0,-1.5,0,1.27063,1.00113,1.07111,3,1,1,0.945314,0,0.945314,0.922121,0,81.25,31.7778,33.0278,32.75,1808.5,1660,1271.33,970,1283.24,92.4609,122.719,127.055,92.4844,122.297,547.635,46.5,7.42,5.03734,8.108,95.25,100,100,0,0.21875,91.7264,7.5,7.5,6.75
20.967,0,0,-1.5,0,1.27423,1.00113,1.06876,3,1,1,0.945314,0,0.945314,0.919923,0,81.25,32.0278,33.1111,33.0834,1816.75,1670,1274.3,970,1288.52,92.7891,122.719,127.055,93.0469,122.719,547.635,46.5,7.424,5.04534,8.112,95.25,100,100,0,0.296875,91.7264,5.25,5.25,6.75
21,0,0,-1.5,0,1.27924,1.00113,1.06735,3,1,1,0.945314,0,0.945314,0.923341,0,81.25,32.3611,33.25,33.4167,1828.25,1670,1277.5,970,1296.45,93.2109,123.188,127.758,92.6953,123.188,547.635,46.5,7.444,5.05067,8.132,95.25,100,100,0,0.046875,91.7264,6.75,6.75,6
21.033,0,0,-1.5,0,1.27875,1.00113,1.06372,3,1,1,0.945314,0,0.945314,0.921144,0,81.25,32.6667,33.2222,33.8611,1835.5,1670,1278.91,970,1299.1,93.3281,123.773,128.508,94.2188,123.188,549.256,46.5,7.42,5.02667,8.108,95.25,100,100,0,-0.15625,91.7264,5.25,5.25,6
21.067,0,0,-1.5,0,1.28638,1.00113,1.06238,3,1,1,0.945314,0,0.945314,0.923341,0,81.25,33.1667,33.4167,34.0834,1854,1670,1281.8,970,1307.03,93.75,123.773,128.508,93.1875,123.773,549.256,46.5,7.44,5.04267,8.128,95.25,100,100,0,0.140625,91.7264,7.5,7.5,6
21.1,0,0,-1.5,0,1.28876,1.00113,1.06006,3,1,1,0.941408,0,0.945314,0.921144,0,81.25,33.2222,34.3056,35.3889,1859.5,1680,1290.31,970,1309.65,94.6172,124.453,129.492,97.2656,124.453,549.256,46.5,7.516,5.05334,8.204,95.25,100,100,0,0.28125,91.7264,6,6,6.75
21.133,0,0,-1.5,0,1.29999,1.00113,1.05829,3,1,1,0.938478,0,0.945314,0.925539,0,81.25,33.6945,34.4445,34.9167,1869.5,1680,1294.69,970,1320.23,94.9688,125.273,130.336,95.1797,124.453,549.256,46.5,7.54,5.12801,8.228,95.25,100,100,0,0.21875,91.7264,7.5,7.5,6.75
21.167,0,0,-1.5,0,1.30127,1.00113,1.05566,3,1,1,0.938478,0,0.938478,0.919923,0,81.25,34.2222,34.5556,35.3889,1881.75,1690,1297.62,970,1322.81,95.3906,125.273,130.336,96,125.273,549.256,46.5,7.552,5.12001,8.24,95.25,100,100,0,-0.109375,91.7264,5.25,5.25,6.75
21.2,0,0,-0.75,0,1.30383,1.00113,1.05408,3,1,1,0.936281,0,0.938478,0.919923,0,81.25,34.3334,35.5278,36.6111,1892.75,1690,1304.1,970,1325.51,96.1172,126,131.203,98.7656,126,549.256,46.5,7.668,5.15201,8.356,95.25,100,100,0,-0.1875,91.7264,7.5,7.5,6.75
21.233,0,0,-0.75,0,1.31043,1.00113,1.05164,3,1,1,0.934572,0,0.938478,0.921144,0,81.25,34.9723,35.6945,36.8611,1907.75,1690,1311.21,970,1333.4,96.8906,126.727,132.141,98.6953,126,551.405,46.5,7.732,5.20534,8.42,95.25,100,100,0,0.34375,91.7264,7.5,7.5,6.75
21.267,0,0,-0.75,0,1.31879,1.00113,1.05042,3,1,1,0.934572,0,0.934572,0.927736,0,81.25,35.4445,35.7778,36.9445,1912.75,1700,1313.87,970,1341.33,97.1016,126.727,132.141,98.625,126.727,551.405,46.5,7.732,5.24534,8.436,95.25,100,100,0,0.578125,91.7264,6.75,6.75,6.75
21.3,0,0,-0.75,0,1.31983,1.00113,1.04834,3,1,1,0.929445,0,0.934572,0.928712,0,81.25,35.5,36.0278,36.3056,1918.25,1700,1314.88,970,1341.37,97.1953,127.781,132.961,96.1172,127.781,551.405,46.5,7.72,5.27734,8.424,95.25,100,100,0,0.40625,91.7264,4.5,4.5,6
21.333,0,0,-0.75,0,1.3299,1.00113,1.04697,3,1,1,0.925539,0,0.934572,0.928712,0,81.25,36.1389,37.0556,37.5,1938.25,1700,1322.11,970,1351.91,98.2031,128.25,134.039,98.1563,127.781,551.405,46.5,7.828,5.32001,8.532,95.25,100,100,0,-0.015625,91.7264,7.5,7.5,6
21.367,0,0,-0.75,0,1.33685,1.00113,1.04685,3,1,1,0.925539,0,0.925539,0.929933,0,81.25,36.6389,37.25,38.0278,1947.25,1700,1323.09,970,1359.84,98.5547,128.25,134.039,98.7422,128.25,551.405,46.5,7.924,5.37601,8.612,95.25,100,100,0,-0.09375,91.7264,7.5,7.5,6.75
21.4,0,0,-0.75,0,1.33447,1.00113,1.0466,3,1,1,0.920656,0,0.925539,0.93091,0,81.25,36.7223,37.1945,38.9167,1964,1710,1326.41,970,1359.84,99.0234,129.117,134.977,101.672,129.117,551.405,46.5,7.96,5.35467,8.648,95.25,100,100,0,0.25,91.7264,6.75,6.75,6.75
21.433,0,0,-0.75,0,1.34577,1.00113,1.04706,3,1,1,0.917238,0,0.925539,0.93091,0,81.25,37.2778,38.3889,38.6945,1977,1710,1332.93,970,1370.39,99.7734,129.914,136.031,99.8672,129.117,553.358,46.5,8.028,5.41334,8.716,95.25,100,100,0,0.3125,91.7264,6.75,6.75,6.75
21.467,0,0,-0.75,0,1.35199,1.00113,1.04633,3,1,1,0.917238,0,0.917238,0.927736,0,81.25,37.8056,38.5,40.0834,1979.5,1720,1337.66,970,1378.32,100.172,129.914,136.031,102.844,129.914,553.358,45.75,8.068,5.47734,8.756,95.25,100,100,0,-0.078125,91.7264,6.75,6.75,6
21.5,0,0,-0.75,0,1.35809,1.00113,1.0463,3,1,1,0.910402,0,0.917238,0.928712,0,81.25,37.9723,38.5834,39.8334,1985.25,1720,1344.77,970,1383.59,100.734,130.711,136.711,102.703,130.711,553.358,45.75,8.2,5.53867,8.888,95.25,100,100,0,0.125,91.7264,6,6,5.25
21.533,0,0,-0.75,0,1.36554,1.00113,1.04627,3,1,1,0.905519,0,0.917238,0.928712,0,81.25,38.5,38.75,40.8056,2000.75,1720,1353.09,970,1391.52,101.578,131.32,137.602,104.531,130.711,553.358,45.75,8.276,5.58667,8.964,95.25,100,100,0,0.484375,91.7264,6,6,5.25
21.567,0,0,-0.75,0,1.37732,1.00113,1.04685,3,1,1,0.905519,0,0.905519,0.935304,0,81.25,39.3334,40.0556,41.25,2016.25,1730,1360,970,1399.49,102.328,131.32,137.602,103.664,131.32,553.358,45.75,8.36,5.67734,9.04,95.25,100,100,0,0.40625,91.7264,6.75,6.75,6.75
21.6,0,0,-0.75,0,1.38757,1.00113,1.04651,3,1,1,0.899904,0,0.905519,0.929933,0,81.25,39.5556,40.3056,42.0556,2031,1730,1366.37,970,1410.04,102.797,131.789,138.867,104.742,131.789,553.358,45.75,8.512,5.77334,9.192,95.25,100,100,0,-0.03125,91.7264,6,6,6.75
21.633,0,0,0,0,1.39154,1.00113,1.04865,3,1,1,0.895509,0,0.905519,0.928712,0,81.25,40.1945,41.3334,42.1111,2044.75,1730,1374.45,970,1412.7,103.453,132.891,140.109,104.836,131.789,555.545,45.75,8.56,5.81334,9.24,95.25,100,100,0,0.015625,91.7264,8.25,8.25,6.75
21.667,0,0,0,0,1.3971,1.00113,1.05008,3,1,1,0.895509,0,0.895509,0.929933,0,81.25,40.6667,41.5,42.7778,2048.75,1750,1381.88,970,1417.97,104.063,132.891,140.109,106.336,132.891,555.545,45.75,8.744,5.94667,9.44,95.25,100,100,0,0.25,91.7264,8.25,8.25,8.25
21.7,0,0,0,0,1.40192,1.00113,1.0506,3,1,1,0.888429,0,0.895509,0.925539,0,81.25,40.7778,41.6389,43.3334,2056.25,1760,1388.44,970,1423.24,104.813,134.32,140.625,107.508,134.32,555.545,45.75,8.824,5.94667,9.52,95.25,100,100,0,0.546875,91.7264,6.75,6.75,7.5
21.733,0,0,0,0,1.41101,1.00113,1.05383,3,1,1,0.883302,0,0.895509,0.926515,0,81.25,41.6389,41.8889,43.6945,2076.75,1760,1398.2,970,1431.13,105.586,134.438,141.633,107.578,134.32,555.545,45.75,8.936,6.04001,9.632,95.25,100,100,0,0.0625,91.7264,7.5,7.5,6.75
21.767,0,0,0,0,1.42304,1.00113,1.05447,3,1,1,0.883302,0,0.883302,0.921144,0,81.25,42,42.25,43.5278,2088.25,1760,1398.59,970,1441.76,105.656,134.438,141.633,105.328,134.438,555.545,45.75,9.036,6.14134,9.724,95.25,100,100,0,-0.234375,91.7264,8.25,8.25,6.75
21.8,0,0,0,0,1.42542,1.00113,1.05838,3,1,1,0.879152,0,0.883302,0.919923,0,81.25,42.2778,43.1945,44.0556,2098,1770,1402.7,970,1444.38,105.984,135.352,142.898,106.992,135.352,555.545,45.75,9.084,6.15734,9.772,95.25,100,100,0,0.171875,91.7264,8.25,8.25,7.5
21.833,0,0,0,0,1.42877,1.00113,1.05936,3,1,1,0.876222,0,0.883302,0.915529,0,81.25,42.6389,43.2778,44.8611,2111,1770,1410.2,970,1449.61,106.57,136.547,143.508,108.984,135.352,557.401,45.75,9.148,6.18934,9.836,95.25,100,100,0,0.375,91.7264,8.25,8.25,8.25
21.867,0,0,0,0,1.44232,1.00113,1.06061,3,1,1,0.876222,0,0.876222,0.912111,0,81.25,43.0834,43.6667,43.9445,2126.5,1790,1406.8,970,1462.89,106.359,136.547,143.508,104.273,136.547,557.401,45.75,9.184,6.24267,9.88,95.25,100,100,0,0.09375,91.7264,7.5,7.5,8.25
21.9,0,0,0,0,1.4433,1.00113,1.06378,3,1,1,0.870119,0,0.876222,0.904542,0,81.25,43.3056,44.5556,46.2778,2134.75,1800,1415.08,970,1465.51,106.969,137.086,145.008,110.438,137.086,557.401,45.75,9.28,6.25867,9.976,95.25,100,100,0,-0.046875,91.7264,9,9,7.5
21.933,0,0,0,0,1.45355,1.00113,1.06207,3,1,1,0.86548,0,0.876222,0.884523,0,81.25,43.9723,44.8889,45.7778,2154,1790,1419.49,970,1476.09,107.344,138.469,146.391,107.977,137.086,557.401,45.75,9.296,6.32534,9.992,95.25,99.6079,100,0,-0.328125,91.7264,9,9,8.25
21.967,0,0,0,0,1.45831,1.00113,1.06354,3,1,1,0.86548,0,0.86548,0.882326,0,81.25,44.5278,45.0278,46.4167,2164.5,1810,1424.73,970,1481.37,107.789,138.469,146.391,109.125,138.469,557.401,45.75,9.36,6.36267,10.048,95.25,100,100,0,0.234375,91.7264,9,9,9
22,0,0,0,0,1.46271,1.00113,1.06278,3,1,1,0.855958,0,0.86548,0.871583,0,81.25,44.6389,46.0556,46.4723,2172.25,1830,1427.03,970,1486.64,107.953,139.828,147.234,108.961,139.828,557.401,45.75,9.504,6.45334,10.192,95.25,100,100,0,0.0625,91.7264,8.25,8.25,8.25
22.033,0,0,0,0,1.47101,1.00113,1.06116,3,1,1,0.849122,0,0.86548,0.866212,0,81.25,45.1667,46.1111,47.7223,2188.75,1830,1438.48,970,1497.23,108.914,140.672,148.383,111.703,139.828,559.764,45.75,9.596,6.49334,10.284,95.25,100,100,0,-0.21875,91.7264,9,9,8.25
22.067,0,0,0,0,1.48016,1.00113,1.05972,3,1,1,0.849122,0,0.849122,0.864259,0,81.25,45.8611,46.3889,48.2778,2194.5,1840,1446.33,970,1505.16,109.523,140.672,148.383,112.219,140.672,559.764,45.75,9.676,6.56801,10.372,95.25,100,100,0,0.21875,91.7264,9,9,8.25
22.1,0,0,0,0,1.4834,1.00113,1.05774,3,1,1,0.843751,0,0.849122,0.858888,0,81.25,45.9723,47.5556,49,2212.5,1850,1454.34,970,1507.77,110.414,142.148,149.484,113.438,142.148,559.764,45.75,9.94,6.66934,10.636,95.25,100,100,0,0.125,91.7264,9,9,8.25
22.133,0,0,0,0,1.49494,1.00113,1.05515,3,1,1,0.839845,0,0.849122,0.848634,0,81.25,46.8611,47.9167,48.7778,2229.25,1850,1458.4,970,1518.32,110.742,142.922,150.398,111.492,142.148,559.764,45.75,9.928,6.75201,10.624,95.25,100,100,0,0.046875,91.7264,8.25,8.25,9
22.167,0,0,0,0,1.49841,1.00113,1.05338,3,1,1,0.839845,0,0.839845,0.843995,0,81.25,47.3889,48.0278,50.1945,2242.25,1860,1466.48,970,1523.59,111.422,142.922,150.398,114.211,142.922,559.764,45.75,10.104,6.74668,10.816,95.25,100,100,0,0.046875,91.7264,9,9,8.25
22.2,0,0,0,0,1.50421,1.00113,1.05383,3,1,1,0.834962,0,0.839845,0.840333,0,81.25,47.7778,49.1112,49.8889,2257,1880,1467.23,970,1528.91,111.445,143.859,151.898,112.875,143.859,559.764,45.75,10.08,6.81601,10.792,95.25,100,100,0,0.0625,91.7264,9,9,8.25
22.233,0,0,0,0,1.51434,1.00113,1.05014,3,1,1,0.8313,0,0.839845,0.843995,0,81.25,48.5834,49.4723,50.4167,2263.75,1870,1479.3,970,1539.49,112.453,145.359,152.719,113.156,143.859,562.01,45.75,10.18,6.89601,10.892,95.25,100,100,0,0.296875,91.7264,9.75,9.75,9
22.267,0,0,0,0,1.52503,1.00113,1.04877,3,1,1,0.8313,0,0.8313,0.84131,0,81.25,48.8889,49.7223,50.6389,2274.5,1890,1481.88,970,1550.04,112.641,145.359,152.719,112.852,145.359,562.01,45,10.172,6.89601,10.86,95.25,100,100,0,-0.140625,91.7264,9,9,9
22.3,0,0,0,0,1.52942,1.00113,1.05008,3,1,1,0.828615,0,0.8313,0.84131,0,81.25,49.1667,50.8612,51.7778,2289.25,1910,1493.52,970,1555.31,113.531,146.227,154.031,115.359,146.227,562.01,45,10.38,6.99734,11.068,95.25,100,100,0,0.03125,91.7264,9.75,9.75,9
22.333,0,0,0,0,1.53888,1.00113,1.04935,3,1,1,0.826661,0,0.8313,0.835695,0,81.25,49.75,51.1667,52.4445,2310.25,1900,1503.4,970,1565.9,114.305,147.563,154.992,115.688,146.227,562.01,45,10.468,7.09334,11.156,95.25,100,100,0,0.296875,91.7264,9.75,9.75,9
22.367,0,0,0,0,1.54675,1.00113,1.04865,3,1,1,0.826661,0,0.826661,0.829347,0,81.25,50.75,51.4167,52.6112,2321.5,1920,1506.84,970,1573.83,114.586,147.563,154.992,115.242,147.563,562.01,45,10.532,7.13868,11.244,95.25,100,100,0,0.015625,91.7264,9,9,9.75
22.4,0,0,0,0,1.55444,1.00113,1.04901,3,1,1,0.824952,0,0.826661,0.822999,0,81.25,51.0834,51.5,53.9167,2333.5,1930,1515.31,970,1581.76,115.195,148.523,156.797,118.5,148.523,562.01,45,10.62,7.17068,11.332,95.25,100,100,0,-0.265625,91.7264,9.75,9.75,9.75
22.433,0,0,0,0,1.56763,1.00113,1.04593,3,1,1,0.823732,0,0.826661,0.816408,0,81.25,51.7778,53.2778,54.1389,2349,1930,1524.41,970,1592.3,115.945,150.352,157.852,115.523,148.523,564.452,45,10.688,7.26934,11.4,95.25,100,100,0,0.390625,91.7264,11.25,11.25,9
22.467,0,0,0,0,1.57807,1.00113,1.04446,3,1,1,0.823732,0,0.823732,0.816408,0,81.25,52.4167,53.4723,54.8612,2367.5,1960,1529.06,970,1605.47,116.297,150.352,157.852,117.117,150.352,564.452,45,10.72,7.23734,11.408,95.25,100,100,0,0.140625,91.7264,11.25,11.25,10.5
22.5,0,0,0,0,1.57648,1.00113,1.04334,3,1,1,0.822999,0,0.823732,0.817384,0,81.25,52.7223,54.4167,55.3334,2373,1970,1536.8,970,1605.51,117.141,151.828,159.234,119.461,151.828,564.452,45,10.832,7.27734,11.52,95.25,100,100,0,-0.015625,91.7264,10.5,10.5,10.5
22.533,0,0,0,0,1.5871,1.00113,1.04016,3,1,1,0.822267,0,0.823732,0.809083,0,81.25,53.3056,54.6389,55.7778,2385,1970,1543.95,970,1618.71,117.727,152.906,160.008,120.117,151.828,564.452,45,10.86,7.33601,11.548,95.25,100,100,0,-0.296875,91.7264,10.5,10.5,10.5
22.567,0,0,0,0,1.59412,1.00113,1.03861,3,1,1,0.822267,0,0.822267,0.806398,0,81.25,53.9167,55.0278,56.5,2402.25,1990,1550.23,970,1626.64,118.195,152.906,160.008,119.977,152.906,564.452,45,10.888,7.34934,11.584,95.25,100,100,0,-0.25,91.7264,12,12,11.25
22.6,0,0,0,0,1.60486,1.00113,1.03571,3,1,1,0.821779,0,0.822267,0.796876,0,81.25,54.6112,56.5,57.3889,2418,2000,1559.02,970,1637.23,118.828,153.727,161.484,120.281,153.727,564.452,45,10.964,7.41601,11.66,95.25,100,100,0,0.265625,91.7264,11.25,11.25,11.25
22.633,0,0,0,0,1.62048,1.00113,1.03235,3,1,1,0.821534,0,0.822267,0.799073,0,81.25,55.5,56.5834,58.6112,2438,2000,1573.87,970,1653.09,120.023,155.273,163.195,123.469,153.727,567.166,45,11.076,7.46668,11.772,95.25,100,100,0,-0.09375,91.7264,11.25,11.25,11.25
22.667,0,0,0,0,1.62109,1.00113,1.02976,3,1,1,0.821534,0,0.821534,0.804445,0,81.25,56.0834,57.0834,58.4723,2447.75,2020,1577.27,970,1655.7,120.258,155.273,163.195,121.734,155.273,567.166,45,11.052,7.46934,11.74,95.25,100,100,0,-0.03125,91.7264,12,12,11.25
22.7,0,0,0,0,1.63696,1.00113,1.0264,3,1,1,0.821046,0,0.821534,0.801759,0,81.25,56.6389,58.8889,59.3889,2459,2040,1584.77,970,1671.56,120.797,157.078,164.156,119.977,157.078,567.166,45,11.096,7.54401,11.784,95.25,100,100,0,0.34375,91.7264,11.25,11.25,11.25
22.733,0,0,0,0,1.64765,1.00113,1.02503,3,1,1,0.821046,0,0.821534,0.809083,0,81.25,57.1112,59.2223,60.4445,2486.5,2040,1594.34,970,1690.04,121.477,158.18,165.75,121.711,157.078,567.166,45,11.12,7.51468,11.808,95.25,100,100,0,-0.078125,91.7264,11.25,11.25,11.25
22.767,0,0,0,0,1.64752,1.00113,1.02466,3,1,1,0.821046,0,0.821046,0.817384,0,81.25,58.3334,60.4445,61.4723,2496.25,2060,1606.72,970,1690.04,122.438,158.18,165.75,125.367,158.18,567.166,45,11.24,7.61334,11.928,95.25,99.6079,100,0,-0.171875,91.7264,12,12,11.25
22.8,0,0,0,0,1.65491,1.00113,1.02402,3,1,1,0.820802,0,0.821046,0.82007,0,81.25,58.9723,60.7223,62.0556,2511.25,2080,1624.53,970,1695.35,124.055,160.219,167.414,126.68,160.219,567.166,45,11.476,7.72534,12.164,95.25,100,100,0,0.234375,91.7264,12,12,11.25
22.833,0,0,0,0,1.67139,1.00113,1.02509,3,1,1,0.820558,0,0.821046,0.824708,0,81.25,60.4723,61.3334,63.2778,2528.75,2080,1645.2,970,1711.13,125.625,161.766,168.422,126.516,160.219,570.077,45,11.708,7.89868,12.396,95.25,100,100,0,0.046875,91.7264,12,12,12
22.867,0,0,0,0,1.68469,1.00113,1.02594,3,1,1,0.820558,0,0.820558,0.826661,0,81.25,61.1112,63.0556,65.1667,2545.75,2100,1657.93,970,1721.76,126.563,161.766,168.422,130.008,161.766,570.077,45,11.82,7.96534,12.508,95.25,100,100,0,-0.1875,91.7264,12,12,12
22.9,0,0,0,0,1.70142,1.00113,1.02655,3,1,1,0.820558,0,0.820558,0.822999,0,81.25,61.75,63.6945,64.5278,2556.25,2120,1659.45,970,1740.23,126.844,163.148,169.664,125.859,163.148,570.077,45,11.848,8.00801,12.536,95.25,100,100,0,0,91.7264,12,12,12
22.933,0,0,0,0,1.71558,1.00113,1.02625,3,1,1,0.820558,0,0.820558,0.812745,0,81.25,62.3334,65.1945,66.9167,2578,2120,1671.33,970,1758.75,127.852,164.414,170.695,130.781,163.148,570.077,45,11.94,8.03734,12.628,95.25,100,100,0,0.375,91.7264,12,12,12
22.967,0,0,0,0,1.7074,1.00113,1.02692,3,1,1,0.820558,0,0.820558,0.818361,0,81.25,63.8889,64.9167,67.8612,2594.25,2130,1686.8,970,1753.44,128.977,164.414,170.695,135.563,164.414,570.077,45,12.104,8.19201,12.816,95.25,100,100,0,-0.078125,91.7264,10.5,10.5,12
23,0,0,0,0,1.7406,1.00113,1.02542,3,1,1,0.820558,0,0.820558,0.815675,0,81.25,64.2501,66.1667,69.1945,2608.5,2140,1705.23,970,1785.16,130.617,165.703,172.195,132.305,165.703,570.077,45,12.324,8.25868,13.036,95.25,100,100,0,-0.09375,91.7264,11.25,11.25,10.5
23.033,0,0,0,0,1.75018,1.00113,1.02451,3,1,1,0.820314,0,0.820558,0.815675,0,81.25,66.1112,67.5278,71.2223,2626.5,2150,1733.05,970,1790.43,132.633,167.227,173.508,137.391,165.703,573.475,45,12.592,8.47734,13.304,95.25,100,100,0,0.25,91.7264,10.5,10.5,10.5
23.067,0,0,0,0,1.76428,1.00113,1.0246,3,1,1,0.820314,0,0.820314,0.822999,0,81.25,67.3889,68.0556,72.8889,2643.25,2160,1757.3,970,1801.02,134.742,167.227,173.508,140.695,167.227,573.475,45,12.84,8.64268,13.528,95.25,100,100,0,0.109375,91.7264,9.75,9.75,10.5
23.1,0,0,0,0,1.79352,1.00113,1.02469,3,1,1,0.820314,0,0.820314,0.823732,0,81.25,68.4723,70.2501,74.4445,2660,2180,1774.92,970,1824.77,136.289,168.563,174.656,141.703,168.563,573.475,45,12.936,8.70134,13.624,95.25,100,100,0,-0.078125,91.7264,10.5,10.5,9.75
23.133,0,0,0,0,1.82733,1.00113,1.0246,3,1,1,0.820314,0,0.820314,0.817384,0,81.25,70.3334,71.6112,75.0834,2681.25,2180,1796.37,970,1853.79,137.883,169.992,176.367,138.188,168.563,573.475,45,13.084,8.82134,13.772,95.25,100,100,0,0.3125,91.7264,9.75,9.75,9.75
23.167,0,0,0,0,1.82172,1.00113,1.02481,3,1,1,0.820314,0,0.820314,0.816408,0,81.25,71.8889,72.4167,76.9445,2698,2190,1827.03,970,1843.28,140.648,169.992,176.367,147.633,169.992,573.475,45,13.336,8.97868,14.024,95.25,100,100,0,0.125,91.7264,10.5,10.5,9.75
23.2,0,0,0,0,1.85767,1.00113,1.02475,3,1,1,0.820314,0,0.820314,0.818361,0,81.25,72.8334,73.8334,80.1945,2717,2210,1852.73,970,1874.96,143.25,172.008,177.516,149.203,172.008,573.475,45,13.62,9.05868,14.308,95.25,100,100,0,0.09375,91.7264,9.75,9.75,9.75
23.233,0,0,0,0,1.89118,1.00113,1.02478,3,1,1,0.820314,0,0.820314,0.823732,0,81.25,75.3334,76.2501,82.5278,2737.75,2210,1879.53,970,1901.33,145.336,172.992,179.297,150.844,172.008,577.674,45,13.852,9.31201,14.54,95.25,100,100,0,0.578125,91.7264,7.5,7.5,7.5
23.267,0,0,0,0,1.91504,1.00113,1.02606,3,1,1,0.820314,0,0.820314,0.832033,0,81.25,77.1667,77.1945,84.4723,2752,2220,1911.76,970,1917.23,148.266,172.992,179.297,154.453,172.992,577.674,45,14.216,9.54668,14.912,95.25,100,100,0,0,91.7264,7.5,7.5,7.5
23.3,0,0,0,0,1.95087,1.00113,1.02777,3,1,1,0.820314,0,0.820314,0.836671,0,81.25,78.389,78.6667,86.0001,2768,2230,1941.99,970,1943.63,150.844,174.539,180.094,154.945,174.539,577.674,45,14.5,9.68535,15.196,95.25,100,100,0,-0.203125,91.7264,6,6,6
23.333,0,0,0,0,1.99725,1.00113,1.03159,3,1,1,0.820314,0,0.820314,0.84131,0,81.25,81.0001,81.0001,88.2501,2784.5,2230,1972.58,970,1977.97,153.234,175.734,181.734,158.789,174.539,577.674,45,14.844,9.98135,15.54,95.25,100,100,0,0.171875,91.7264,6.75,6.75,6.75
23.367,0,0,0,0,2.00726,1.00113,1.03604,3,1,1,0.820314,0,0.820314,0.849611,0,81.25,83.889,82.139,91.3334,2805.75,2240,2010.66,970,1980.59,156.656,175.734,181.734,164.836,175.734,577.674,45,15.352,10.3653,16.048,95.25,100,100,0,0.15625,91.7264,5.25,5.25,5.25
23.4,0,0,0,0,2.06238,1.00113,1.04004,3,1,1,0.820314,0,0.820314,0.853273,0,81.25,84.7778,85.5556,93.4167,2817,2260,2032.07,970,2025.55,158.789,177.469,183.445,163.57,177.469,577.674,45,15.832,10.488,16.528,95.25,100,100,0,-0.109375,91.7264,6.75,6.75,6.75
23.433,0,0,0,0,2.10327,1.00113,1.04614,3,1,1,0.820314,0,0.820314,0.855958,0,81.25,87.139,87.2501,97.8612,2843.5,2260,2085.47,970,2051.95,163.336,179.063,184.57,171.82,177.469,583.573,45,16.596,10.8213,17.292,95.25,100,100,0,0.046875,91.7264,4.5,4.5,4.5
23.467,0,0,0,0,2.13904,1.00113,1.05084,3,1,1,0.820314,0,0.820314,0.856935,0,81.25,90.1112,89.9445,98.3056,2867,2280,2116.17,970,2075.74,165.75,179.063,184.57,172.055,179.063,583.573,45,17.208,11.208,17.904,95.25,100,100,0,0.21875,91.7264,3.75,3.75,3.75
23.5,0,0,0,0,2.20654,1.00113,1.05557,3,1,1,0.820314,0,0.820314,0.855226,0,81.25,91.4445,90.4723,101.111,2886.5,2290,2139.41,970,2133.83,168.117,180.586,186.516,168.445,180.586,583.573,45,17.628,11.3973,18.324,95.25,100,100,0,-0.03125,91.7264,3.75,3.75,3.75
23.533,0,0,0,0,2.2533,1.00113,1.06003,3,1,1,0.820314,0,0.820314,0.840333,0,81.25,94.1112,91.7779,103.556,2904.5,2290,2179.73,970,2162.89,171.328,182.461,187.969,177.82,180.586,583.573,45,18.264,11.752,18.96,95.25,100,100,0,0.046875,91.7264,3,3,3
23.567,0,0,0,0,2.27594,1.00113,1.06241,3,1,1,0.820314,0,0.820314,0.833009,0,81.25,96.9445,91.7779,105.083,2924.75,2310,2203.67,970,2170.78,173.648,182.461,187.969,178.313,182.461,583.573,45,18.484,12.08,19.18,95.25,100,100,0,0.390625,91.7264,3,3,3
23.6,0,0,0,0,2.31561,1.00113,1.06189,3,1,1,0.820314,0,0.820314,0.823732,0,81.25,98.2223,95.639,107.75,2944.5,2320,2236.95,970,2189.3,176.789,184.125,189.656,184.313,184.125,583.573,45,18.776,12.2,19.472,95.25,100,100,0,-0.359375,91.7264,3.75,3.75,3.75
23.633,0,0,0,0,2.37531,1.00113,1.06116,3,1,1,0.820314,0,0.820314,0.818361,0,81.25,101.111,102.25,108.5,2969,2320,2266.64,970,2234.22,179.156,185.883,191.32,182.672,184.125,591.834,45,18.948,12.4267,19.644,95.25,100,100,0,0.28125,91.7264,4.5,4.5,4.5
23.667,0,0,0,0,2.41028,1.00113,1.05945,3,1,1,0.820314,0,0.820314,0.811036,0,81.25,103.889,106.028,111.861,2995.5,2340,2292.81,970,2268.55,181.734,185.883,191.32,185.461,185.883,591.834,45,19.16,12.6,19.856,95.25,100,100,0,0,91.7264,4.5,4.5,4.5
23.7,0,0,0,0,2.42298,1.00113,1.05914,3,1,1,0.820314,0,0.820314,0.811769,0,81.25,105.111,104.222,113.417,3026,2350,2320.43,970,2276.48,184.828,188.063,192.984,190.477,188.063,591.834,45,19.436,12.6827,20.132,95.25,100,99.6079,0,-0.28125,91.7264,5.25,5.25,5.25
23.733,0,0,0,0,2.47247,1.00113,1.05649,3,1,1,0.820314,0,0.820314,0.812745,0,81.25,107.667,109.778,115.083,3037.5,2360,2347.07,970,2316.09,186.961,188.859,193.172,191.438,188.063,591.834,45,19.564,12.896,20.26,95.25,100,100,0,0.03125,91.7264,5.25,5.25,5.25
23.767,0,0,0,0,2.50519,1.00113,1.05499,3,1,1,0.820314,0,0.820314,0.811769,0,81.25,110,111.306,117.889,3048.25,2370,2373.16,970,2345.16,189.023,188.859,193.172,194.039,188.859,591.834,45,19.72,13.0373,20.416,95.25,100,99.6079,0,-0.09375,91.7264,4.5,4.5,4.5
23.8,0,0,0,0,2.54383,1.00113,1.05457,3,1,1,0.820314,0,0.820314,0.815675,0,81.25,111.139,109.583,119.083,3066.75,2370,2393.71,970,2374.18,190.617,188.695,193.336,193.43,188.695,591.834,45,19.832,13.1253,20.528,95.25,100,99.6079,0,-0.4375,91.7264,4.5,4.5,4.5
23.833,0,0,0,0,2.57727,1.00113,1.05438,3,1,1,0.820314,0,0.820314,0.821046,0,81.25,113.75,106.195,121.556,3117.75,2370,2424.49,970,2390.08,192.984,188.672,193.664,200.883,188.695,601.795,45,20.048,13.2427,20.744,95.25,100,100,0,0.078125,91.7264,5.25,5.25,5.25
23.867,0,0,0,0,2.64679,1.00113,1.05444,3,1,1,0.820314,0,0.820314,0.814699,0,81.25,116.139,98.1112,122.139,3138.5,2370,2438.13,970,2429.69,194.109,188.672,193.664,195.516,188.672,601.795,45,20.136,13.3467,20.824,95.25,100,100,0,-0.375,91.7264,4.5,4.5,4.5
23.9,0,0,0,0,2.69116,1.00113,1.05469,3,1,1,0.820314,0,0.820314,0.815675,0,81.25,116.583,99.6667,123.167,3143,2370,2459.57,970,2435,195.797,188.531,193.852,200.906,188.531,601.795,45,20.312,13.4187,21,95.25,100,100,0,-0.5,91.7264,4.5,4.5,4.5
23.933,0,0,0,0,2.78766,1.00113,1.05658,3,1,1,0.820314,0,0.820314,0.829347,0,81.25,118.75,99.6667,124.306,3168,2370,2481.6,970,2471.95,197.555,188.461,194.039,198.891,188.531,601.795,45,20.528,13.6,21.216,95.25,100,100,0,-0.09375,91.7264,3.75,3.75,3.75
23.967,0,0,0,0,2.84558,1.00113,1.05893,3,1,1,0.820314,0,0.820314,0.836671,0,81.25,121.806,101.111,128.028,3196.5,2360,2506.48,970,2485.16,199.594,188.461,194.039,203.93,188.461,601.795,45,20.784,13.8,21.48,95.25,100,100,0,-0.65625,91.7264,4.5,4.5,4.5
24,0,0,0,0,2.9137,1.00113,1.06329,3,1,1,0.820314,0,0.820314,0.843263,0,81.25,123.028,101.111,128.917,3214.5,2370,2523.67,970,2503.67,200.836,188.883,194.391,203.438,188.883,601.795,45,20.968,13.88,21.664,95.25,100,100,0,-0.515625,91.7264,6.75,6.75,6.75
24.033,0,0,0,0,2.95337,1.00113,1.07163,3,1,1,0.820314,0,0.820314,0.858888,0,81.25,124.945,104.167,127.139,3280,2370,2535.74,970,2511.6,200.719,188.297,194.742,200.883,188.883,612.576,45,21.144,14.0027,21.84,95.25,100,100,0,-0.5,91.7264,6.75,6.75,6.75
24.067,0,0,0,0,2.9657,1.00113,1.07831,3,1,1,0.820314,0,0.820314,0.860597,0,81.25,126.111,105.583,127.917,3290.5,2360,2528.01,970,2522.15,200.719,188.297,194.742,201.844,188.297,612.576,45,21.268,14.1227,21.964,95.25,100,100,0,-0.578125,91.7264,5.25,5.25,5.25
24.1,0,0,0,0,2.98126,1.0011,1.08695,3,1,1,0.820314,0,0.820314,0.861574,0,81.25,126.167,105.583,130.445,3303.75,2360,2534.53,970,2535.35,200.672,188.602,194.906,203.648,188.602,612.576,45,21.384,14.2027,22.08,95.25,100,100,0,-0.140625,91.7264,5.25,5.25,5.25
24.133,0,0,0,0,3.01081,1.00113,1.09354,3,1,1,0.820314,0,0.820314,0.85132,0,81.25,126.972,105.583,129.25,3334,2360,2550.98,970,2543.28,200.578,188.555,195.141,200.156,188.602,612.576,45,21.552,14.2987,22.248,95.25,100,100,0,-0.75,91.7264,4.5,4.5,4.5
24.167,0,0,0,0,3.00775,1.00113,1.10028,3,1,1,0.820314,0,0.820314,0.853273,0,81.25,128.472,107.083,131.167,3355.25,2360,2559.96,970,2540.7,200.578,188.555,195.141,204.023,188.555,612.576,45,21.684,14.3974,22.396,95.25,100,100,0,-0.578125,91.7264,4.5,4.5,4.5
24.2,0,0,0,0,3.01111,1.0011,1.10333,3,1,1,0.820314,0,0.820314,0.848634,0,81.25,129.167,108.611,131.778,3378.75,2360,2559.96,970,2543.55,200.461,188.484,195.469,203.695,188.484,612.576,45,21.724,14.416,22.436,95.25,100,100,0,0.03125,91.7264,3.75,3.75,3.75
24.233,0,0,0,0,3.01111,1.0011,1.10825,3,1,1,0.820314,0,0.820314,0.844972,0,81.25,129.528,108.611,131.417,3398.5,2360,2559.96,970,2543.55,200.438,188.367,195.586,202.336,188.484,623.768,45,21.812,14.4667,22.524,95.25,100,100,0,-0.703125,91.7264,3.75,3.75,3.75
24.267,0,0,0,0,3.01111,1.00113,1.10959,3,1,1,0.820314,0,0.820314,0.839601,0,81.25,130.861,108.556,132.861,3420.75,2360,2559.96,970,2543.55,200.438,188.367,195.586,202.641,188.367,623.768,44.25,21.84,14.5254,22.56,95.25,99.6079,100,0,-0.03125,91.7264,3.75,3.75,3.75
24.3,0,0,0,0,3.01111,1.0011,1.11334,3,1,1,0.820314,0,0.820314,0.837648,0,81.25,131.445,110.056,135.139,3451.75,2360,2559.96,970,2543.55,200.32,188.32,195.891,204.961,188.32,623.768,44.25,21.904,14.5307,22.624,95.25,100,100,0,-0.03125,91.7264,3.75,3.75,3.75
24.333,0,0,0,0,3.01111,1.00113,1.1149,3,1,1,0.820314,0,0.820314,0.829347,0,81.25,132.667,111.583,135.111,3477.75,2360,2559.96,970,2543.55,200.25,188.227,196.125,203.461,188.32,623.768,44.25,21.928,14.5654,22.648,95.25,100,100,0,-0.4375,91.7264,3.75,3.75,3.75
24.367,0,0,0,0,3.01111,1.0011,1.11557,3,1,1,0.820314,0,0.820314,0.825685,0,81.25,133.472,111.556,136.528,3495.5,2360,2559.96,970,2543.55,200.25,188.227,196.125,204.516,188.227,623.768,45,21.94,14.5707,22.636,96,99.6079,100,0,-0.4375,91.7264,3.75,3.75,3.75
24.4,0,0,0,0,3.01111,1.00113,1.11731,3,1,1,0.820314,0,0.820314,0.832033,0,81.25,133.75,113.111,138.056,3519.25,2360,2559.96,970,2543.55,200.18,188.109,196.313,205.43,188.109,623.768,45,21.956,14.6107,22.652,96,100,100,0,0.03125,91.7264,3.75,3.75,3.75
24.433,0,0,0,0,3.01111,1.00113,1.11798,3,1,1,0.820314,0,0.820314,0.824708,0,81.25,135.195,114.639,136.5,3553.5,2360,2559.96,970,2543.55,200.18,188.531,196.547,201.117,188.109,634.803,45,21.968,14.5867,22.664,96,100,100,0,-0.171875,91.7264,4.5,4.5,4.5
24.467,0,0,0,0,3.01111,1.0011,1.11939,3,1,1,0.820314,0,0.820314,0.825685,0,81.25,137,114.611,136.5,3584,2360,2558.24,970,2543.55,200.508,188.531,196.547,199.406,188.531,634.803,44.25,22.036,14.64,22.74,95.25,99.6079,100,0,-0.171875,91.7264,4.5,4.5,4.5
24.5,0,0,0,0,3.01111,1.00113,1.12207,3,1,1,0.820314,0,0.820314,0.832033,0,81.25,137.472,115.917,137.639,3596.25,2350,2559.45,970,2543.55,201.492,188.906,196.711,200.414,188.906,634.803,44.25,22.188,14.664,22.892,95.25,100,100,0,-0.640625,91.7264,4.5,4.5,4.5
24.533,0,0,0,0,3.01111,1.00113,1.12558,3,1,1,0.820314,0,0.820314,0.834962,0,81.25,139.028,117.222,137.778,3626.25,2350,2543.59,970,2543.55,201.492,188.766,196.875,198.938,188.906,634.803,44.25,22.26,14.7547,22.964,95.25,100,100,0,-0.453125,91.7264,4.5,4.5,4.5
24.567,0,0,0,0,3.01111,1.00113,1.12857,3,1,1,0.820314,0,0.820314,0.835695,0,81.25,140.528,117.222,139.195,3652.5,2350,2524.92,970,2543.55,201.914,188.766,196.875,199.547,188.766,634.803,44.25,22.36,14.8374,23.056,96,100,100,0,-0.453125,91.7264,5.25,5.25,5.25
24.6,0,0,0,0,3.01111,1.0011,1.13171,3,1,1,0.820314,0,0.820314,0.835695,0,81.25,141.278,118.556,139.333,3675.5,2350,2499.61,970,2543.55,201.609,189.727,197.039,198.516,189.727,634.803,44.25,22.396,14.888,23.092,96,100,100,0,-0.6875,91.7264,6.75,6.75,6.75
24.633,0,0,0,0,3.01111,1.0011,1.13452,3,1,1,0.820314,0,0.820314,0.82837,0,81.25,141.75,119.833,139.5,3724.75,2350,2474.77,970,2543.55,200.109,190.219,197.25,196.125,189.727,646.209,44.25,22.284,14.8054,22.98,96,100,100,0,-1.10938,91.7264,8.25,8.25,6.75
24.667,0,0,0,0,3.01111,1.0011,1.13565,3,1,1,0.820314,0,0.820314,0.829347,0,81.25,141.639,121.111,139.945,3730.75,2350,2459.92,970,2543.55,198.867,190.219,197.25,196.43,190.219,646.209,44.25,22.168,14.72,22.856,95.25,100,100,0,-0.296875,91.7264,6.75,6.75,6.75
24.7,0,0,0,0,3.01111,1.0011,1.13068,3,1,1,0.820314,0,0.820314,0.809083,0,81.25,141.639,121.111,142.695,3750,2350,2455.23,970,2543.55,198.773,190.359,197.391,199.242,190.359,646.209,44.25,22.06,14.688,22.748,95.25,100,100,0,-0.296875,91.7264,6.75,6.75,6.75
24.733,0,0,0,0,3.01111,1.00113,1.12775,3,1,1,0.820314,0,0.820314,0.804445,0,81.25,142.611,122.417,142.111,3779.75,2350,2447.93,970,2543.55,198.609,191.109,197.508,196.875,190.359,646.209,44.25,21.988,14.6374,22.676,95.25,99.6079,100,0,-0.65625,91.7264,6,6,6
24.767,0,0,0,0,3.01111,1.0011,1.12354,3,1,1,0.820314,0,0.820314,0.806398,0,81.25,143.667,122.445,141.556,3801.25,2350,2438.2,970,2543.55,197.766,191.109,197.508,195,191.109,646.209,44.25,21.812,14.56,22.516,96,100,100,0,-0.421875,91.7264,6,6,6
24.8,0,0,0,0,3.01111,1.00113,1.12238,3,1,1,0.820314,0,0.820314,0.811036,0,81.25,143.833,123.75,144.361,3820.5,2350,2436.6,970,2543.55,198.047,191.344,197.672,197.859,191.344,646.209,44.25,21.82,14.4907,22.524,96,100,100,0,-0.609375,91.7264,6,6,6
24.833,0,0,0,0,3.01111,1.00113,1.12268,3,1,1,0.820314,0,0.820314,0.816408,0,81.25,144.889,124.945,143.889,3846,2350,2428.71,970,2543.55,197.719,191.719,197.789,195.891,191.344,657.342,44.25,21.792,14.4587,22.496,96,100,100,0,-0.34375,91.7264,6,6,6
24.867,0,0,0,0,3.01111,1.00113,1.12174,3,1,1,0.820314,0,0.820314,0.815675,0,81.25,145.695,129.806,146.417,3868.75,2350,2425.23,970,2543.55,197.414,191.719,197.789,198.164,191.719,657.342,44.25,21.736,14.4267,22.432,96,100,100,0,-0.765625,91.7264,6,6,6
24.9,0,0,0,0,3.01111,1.00113,1.11978,3,1,1,0.820314,0,0.820314,0.809083,0,81.25,145.861,130.945,148.389,3893.5,2350,2423.95,970,2543.55,197.719,192.234,197.953,199.57,192.234,657.342,44.25,21.736,14.4,22.432,96,100,100,0,-0.234375,91.7264,6,6,6
24.933,0,0,0,0,3.01111,1.0011,1.11826,3,1,1,0.820314,0,0.820314,0.808107,0,81.25,147.611,133.556,145.833,3931.75,2350,2413.48,970,2543.55,197.273,192.609,198.141,194.203,192.234,657.342,44.25,21.656,14.3974,22.352,96,100,100,0,-0.40625,91.7264,6.75,6.75,6.75
24.967,0,0,0,0,3.01111,1.0011,1.11527,3,1,1,0.820314,0,0.820314,0.807374,0,81.25,148.361,137.195,147.028,3952.5,2350,2408.2,970,2543.55,196.805,192.609,198.141,194.789,192.609,657.342,44.25,21.536,14.3547,22.24,96,100,100,0,-0.203125,91.7264,6.75,6.75,6.75
25,0,0,0,0,3.01111,1.0011,1.11337,3,1,1,0.820314,0,0.820314,0.808107,0,81.25,148.722,140.5,148.25,3974.5,2350,2401.09,970,2543.55,197.133,193.5,198.328,195.328,193.5,657.342,44.25,21.536,14.288,22.24,96,100,100,0,-0.0625,91.7264,6.75,6.75,6.75
25.033,0,0,0,0,3.01111,1.0011,1.11282,3,1,1,0.820314,0,0.820314,0.812745,0,81.25,149.806,146.333,148.972,4000.5,2350,2391.8,970,2543.55,196.664,193.383,198.445,195,193.5,668.026,44.25,21.476,14.2694,22.18,96,100,100,0,-0.453125,91.7264,6.75,6.75,6.75
25.067,0,0,0,0,3.01111,1.0011,1.11444,3,1,1,0.820314,0,0.820314,0.821046,0,81.25,150.389,152.083,149.75,4018,2350,2383.75,970,2543.55,195.961,193.383,198.445,195.164,193.383,668.026,45,21.428,14.232,22.132,95.25,100,100,0,0.078125,91.7264,7.5,7.5,7.5
25.1,0,0,0,0,3.00806,1.0011,1.11444,3,1,1,0.820314,0,0.820314,0.818361,0,81.25,150.5,153.167,151.445,4041.25,2350,2381.56,970,2543.55,196.43,194.602,198.516,196.242,194.602,668.026,45,21.48,14.2134,22.184,95.25,100,100,0,-0.296875,91.7264,7.5,7.5,7.5
25.133,0,0,0,0,3.01392,1.0011,1.11173,3,1,1,0.820314,0,0.820314,0.808107,0,81.25,152.028,155.639,151.917,4068.25,2360,2378.91,970,2538.01,196.148,195.375,198.586,196.547,194.602,668.026,45,21.396,14.2614,22.1,95.25,100,100,0,-0.15625,91.7264,7.5,7.5,7.5
25.167,0,0,0,0,2.99665,1.0011,1.11276,3,1,1,0.820314,0,0.820314,0.811036,0,81.25,153.583,158.695,152.417,4097.75,2350,2372.93,970,2527.42,196.641,195.375,198.586,196.688,195.375,668.026,45,21.476,14.2614,22.172,96,100,100,0,-0.390625,91.7264,9.75,9.75,9.75
25.2,0,0,0,0,2.99311,1.0011,1.11197,3,1,1,0.820314,0,0.820314,0.816408,0,81.25,154.222,161.25,153.945,4124.25,2340,2365.66,970,2532.73,196.945,194.766,198.656,195.141,194.766,668.026,45,21.492,14.2614,22.188,96,100,100,0,0,91.7264,7.5,7.5,7.5
25.233,0,0,0,0,2.96588,1.0011,1.10797,3,1,1,0.820314,0,0.820314,0.809083,0,81.25,155.278,164.75,154.056,4140.75,2340,2361.02,970,2522.15,197.156,195.492,198.703,194.648,194.766,678.69,45,21.44,14.224,22.136,96,100,100,0,-0.390625,91.7264,8.25,8.25,8.25
25.267,0,0,0,0,2.95856,1.0011,1.1059,3,1,1,0.820314,0,0.820314,0.804445,0,81.25,155.667,169.556,155.472,4163,2340,2347.27,970,2530.04,195.867,195.492,198.703,193.688,195.492,678.69,45,21.256,14.1147,21.96,96,100,100,0,0.21875,91.7264,7.5,7.5,7.5
25.3,0,0,0,0,2.89197,1.0011,1.10602,3,1,1,0.820314,0,0.820314,0.811769,0,81.25,155.611,171.167,156.945,4184,2340,2359.41,970,2493.13,197.813,196.781,198.773,202.078,196.781,678.69,45,21.468,14.072,22.172,96,100,100,0,-0.171875,91.7264,7.5,7.5,7.5
25.333,0,0,0,0,2.888,1.0011,1.10217,3,1,1,0.820314,0,0.820314,0.81006,0,81.25,157.278,176.778,156.945,4212.25,2340,2335.7,970,2514.26,196.406,197.25,198.82,195.82,196.781,678.69,45,21.244,14.1174,21.948,96,100,100,0,-0.3125,91.7264,7.5,7.5,7.5
25.367,0,0,0,0,2.84583,1.0011,1.10489,3,1,1,0.820314,0,0.820314,0.814699,0,81.25,158.556,180.389,157.083,4236,2340,2332.46,970,2501.05,196.031,197.25,198.82,197.414,197.25,678.69,45,21.26,14.1174,21.948,96,100,100,0,-0.203125,91.7264,7.5,7.5,7.5
25.4,0,0,0,0,2.82044,1.0011,1.10327,3,1,1,0.820314,0,0.820314,0.814699,0,81.25,158.861,183,157.611,4261.25,2340,2323.87,970,2506.29,196.266,198.539,198.914,193.945,198.539,678.69,45,21.252,14.0934,21.94,96,100,99.6079,0,0.3125,91.7264,7.5,7.5,7.5
25.433,0,0,0,0,2.78394,1.0011,1.10083,3,1,1,0.820314,0,0.820314,0.809083,0,81.25,159.556,186.556,160.195,4285,2350,2312.85,970,2516.88,195.867,198.938,198.961,192.844,198.539,688.943,45,21.16,14.072,21.848,96,99.6079,99.6079,0,-0.296875,91.7264,7.5,7.5,7.5
25.467,0,0,0,0,2.73206,1.0011,1.09915,3,0.982179,1,0.820314,0,0.820314,0.804445,0,81.25,160.945,189.139,160,4308.25,2340,2312.15,970,2506.29,195.703,198.938,198.961,194.484,198.938,688.943,45,21.112,14.032,21.808,96,99.6079,99.6079,0,-0.03125,91.7264,8.25,8.25,8.25
25.5,0,0,0,0,2.68189,1.0011,1.0957,3,0.982179,1,0.820314,0,0.820314,0.802736,0,81.25,161.361,189.972,161.861,4331.5,2340,2312.66,970,2495.74,196.641,199.734,199.031,196.945,199.734,688.943,45,21.148,13.992,21.844,96,99.6079,99.6079,0,-0.359375,91.7264,8.25,8.25,8.25
25.533,0,0,0,0,2.62952,1.0011,1.09363,3,0.982179,1,0.820314,0,0.820314,0.813722,0,81.25,161.917,196.028,161.111,4356,2340,2297.54,970,2498.4,195.984,199.664,199.078,194.25,199.734,688.943,45,21.032,13.9334,21.728,96,99.6079,99.6079,0,-0.03125,91.7264,7.5,7.5,7.5
25.567,0,0,0,0,2.5672,1.0011,1.09418,3,0.967043,1,0.820314,0,0.820314,0.816408,0,81.25,163.445,197.695,160.556,4378.75,2340,2293.05,970,2482.54,195.469,199.664,199.078,194.695,199.664,688.943,45,20.992,13.952,21.688,96,99.6079,99.6079,0,-0.203125,91.7264,8.25,8.25,8.25
25.6,0,0,0,0,2.53119,1.0011,1.09418,3,0.967043,1,0.820314,0,0.820314,0.814699,0,81.25,163.139,204.667,162.611,4409,2330,2275.63,970,2493.09,194.695,199.805,199.148,192.961,199.805,688.943,45,20.904,13.8667,21.6,96,99.6079,99.6079,0,0.234375,91.7264,8.25,8.25,8.25
25.633,0,0,0,0,2.46625,1.0011,1.09256,3,0.967043,1,0.820314,0,0.820314,0.81006,0,81.25,164.361,186,163.361,4422.75,2330,2276.76,970,2490.43,195.398,199.758,199.195,192.047,199.805,698.768,45,20.952,13.944,21.648,96,99.6079,99.6079,0,-0.296875,91.7264,7.5,7.5,7.5
25.667,0,0,0,0,2.42914,1.0011,1.09512,3,0.948732,1,0.820314,0,0.820314,0.817384,0,81.25,165,177.972,165.056,4453,2320,2271.05,970,2474.65,194.766,199.758,199.195,197.344,199.758,698.768,45,20.936,13.8747,21.632,96,99.6079,99.6079,0,-0.328125,91.7264,7.5,7.5,7.5
25.7,0,0,0,0,2.41577,1.0011,1.09366,3,0.948732,1,0.820314,0,0.820314,0.816408,0,81.25,166,172.083,164.195,4468.75,2310,2267.81,970,2479.88,195.352,200.063,199.266,193.336,200.063,698.768,45,20.964,13.8827,21.66,96,100,100,0,-0.125,91.7264,11.25,11.25,11.25
25.733,0,0,0,0,2.3844,1.0011,1.09021,3,0.948732,1,0.820314,0,0.820314,0.806398,0,81.25,167.139,165.472,165.056,4509,2320,2261.48,970,2461.41,195.516,200.039,199.336,195.094,200.063,698.768,45,20.92,13.8534,21.616,96,100,100,0,0.140625,91.7264,11.25,11.25,11.25
25.767,0,-1.5,0,-1.5,2.40497,1.0011,1.08878,3,0.932619,1,0.820314,0,0.820314,0.808107,0,81.25,167.5,182.222,166.556,4528.25,2310,2236.21,970,2485.12,193.125,200.039,199.336,189.539,200.039,698.768,45,20.64,13.76,21.352,96,100,100,-0.75,-0.1875,91.7264,11.25,11.25,10.5
25.8,0,-1.5,0,-1.5,2.37122,1.0011,1.08753,3,0.932619,1,0.820314,0,0.820314,0.813722,0,81.25,167.278,169.445,167.889,4537.75,2300,2242.66,970,2466.68,194.297,199.922,199.359,193.898,199.922,698.768,45,20.74,13.7174,21.452,96,100,100,-0.75,-0.734375,91.7264,8.25,8.25,8.25
25.833,0,-1.5,0,-1.5,2.35034,1.0011,1.08551,3,0.932619,1,0.820314,0,0.820314,0.811769,0,81.25,168.528,160.861,167.889,4561.25,2300,2244.14,970,2445.55,194.273,199.922,199.359,196.57,199.922,708.221,45,20.696,13.728,21.408,96,100,100,-0.75,-0.09375,91.7264,10.5,10.5,10.5
25.867,0,-1.5,0,-1.5,2.36914,1.0011,1.08518,3,0.914796,1,0.820314,0,0.820314,0.813722,0,81.25,170.333,172.083,167.111,4599.75,2300,2227.89,970,2458.75,193.336,199.922,199.359,188.109,199.922,708.221,45,20.588,13.7334,21.3,96,100,100,-0.75,-0.25,91.7264,7.5,7.5,7.5
25.9,0,-1.5,0,-1.5,2.34265,1.0011,1.08652,3,0.914796,1,0.820314,0,0.820314,0.822023,0,81.25,169.417,163.472,170.583,4603.25,2290,2232.3,970,2432.34,194.93,200.578,199.383,196.781,200.578,708.221,45,20.784,13.6507,21.496,96,100,100,-0.75,-0.390625,91.7264,9,9,9
25.933,0,-1.5,0,-1.5,2.3736,1.00107,1.08682,3,0.914796,1,0.820314,0,0.820314,0.815675,0,81.25,171.083,191.361,170.75,4642.5,2290,2199.02,970,2464.02,192.68,200.25,199.43,188.953,200.578,708.221,45,20.544,13.6694,21.256,96,100,100,-0.75,-0.703125,91.7264,7.5,7.5,7.5
25.967,0,-1.5,0,-1.5,2.30609,1.0011,1.08777,3,0.900636,1,0.820314,0,0.820314,0.82007,0,81.25,172.083,162.333,169.417,4651.75,2280,2212.62,970,2405.94,193.781,200.25,199.43,199.945,200.25,708.221,45,20.68,13.7307,21.384,96,100,100,-0.75,-0.296875,91.7264,6.75,6.75,6.75
26,0,-1.5,0,-1.5,2.3244,1.0011,1.08652,3,0.900636,1,0.820314,0,0.820314,0.816408,0,81.25,171.722,177.361,171.333,4679.25,2270,2197.7,970,2421.76,192.984,200.039,199.453,196.547,200.039,708.221,45,20.568,13.656,21.272,96,100,100,-0.75,0.296875,91.7264,7.5,7.5,7.5
26.033,0,-1.5,0,-1.5,2.32123,1.0011,1.08731,3,0.900636,1,0.820314,0,0.820314,0.818361,0,81.25,172.667,176.556,172.722,4706.5,2270,2197.77,970,2427.11,193.453,199.992,199.477,195.914,200.039,717.283,45,20.64,13.648,21.344,96,99.6079,100,-0.75,0.21875,91.7264,6.75,6.75,6.75
26.067,0,-1.5,0,-1.5,2.31403,1.0011,1.08844,3,0.887697,1,0.820314,0,0.820314,0.822023,0,81.25,175.083,166.472,173.5,4725,2270,2202.85,970,2429.69,193.805,199.992,199.477,192.234,199.992,717.283,45.75,20.7,13.7627,21.396,96,99.6079,100,-0.75,-0.375,91.7264,6.75,6.75,6.75
26.1,0,-1.5,0,-1.5,2.29657,1.00107,1.09042,3,0.887697,1,0.820314,0,0.820314,0.82837,0,81.25,174.445,155.25,174.695,4743.75,2260,2210.23,970,2403.28,195.328,200.367,199.5,196.617,200.367,717.283,45.75,20.896,13.784,21.592,96,100,100,-0.75,0.0625,91.7264,6.75,6.75,6.75
26.133,0,-1.5,0,-1.5,2.33862,1.00107,1.08939,3,0.887697,1,0.820314,0,0.820314,0.808107,0,81.25,175.333,192,174.056,4773.25,2260,2172.85,970,2440.23,192.328,200.039,199.5,187.031,200.367,717.283,45.75,20.552,13.688,21.248,96,100,100,-0.75,0.109375,91.7264,6.75,6.75,6.75
26.167,0,-1.5,0,-1.5,2.3031,1.00107,1.08783,3,0.877443,1,0.820314,0,0.820314,0.811769,0,81.25,176.361,176.889,173.889,4787.5,2250,2174.84,970,2421.76,192.398,200.039,199.5,189.492,200.039,717.283,45.75,20.528,13.688,21.24,96,100,100,-0.75,0.15625,91.7264,7.5,7.5,7.5
26.2,0,-1.5,0,-1.5,2.29926,1.0011,1.08432,3,0.877443,1,0.820314,0,0.820314,0.812745,0,81.25,175.722,180.695,175.195,4822.25,2250,2166.02,970,2421.76,192.516,200.531,199.547,189.328,200.531,717.283,45.75,20.48,13.5547,21.192,96,99.6079,100,-0.75,-0.109375,91.7264,7.5,7.5,7.5
26.233,0,-1.5,0,-1.5,2.27704,1.0011,1.0813,3,0.877443,1,0.820314,0,0.820314,0.806398,0,81.25,176.945,176.889,175.445,4837,2250,2160.39,970,2398.01,192.258,199.922,199.547,193.688,200.531,725.994,45.75,20.348,13.5067,21.06,96,100,100,-0.75,-0.296875,91.7264,7.5,7.5,7.5
26.267,0,-1.5,0,-1.5,2.29199,1.00107,1.08002,3,0.867433,1,0.820314,0,0.820314,0.811036,0,81.25,178.278,181.917,177.278,4854.25,2240,2157.7,970,2405.94,191.883,199.922,199.547,188.883,199.922,725.994,45.75,20.284,13.56,20.996,96,100,100,-0.75,0.359375,91.7264,7.5,7.5,7.5
26.3,0,-1.5,0,-1.5,2.28851,1.00107,1.07883,3,0.867433,1,0.820314,0,0.820314,0.812745,0,81.25,175.889,197.528,177.5,4878,2240,2131.68,970,2413.87,190.266,200.438,199.594,190.242,200.438,725.994,45.75,20.024,13.2853,20.736,96,100,100,-0.75,0.171875,91.7264,7.5,7.5,7.5
26.333,0,-1.5,0,-1.5,2.26227,1.0011,1.07858,3,0.867433,1,0.820314,0,0.820314,0.814699,0,81.25,177.639,187.222,177.278,4903.5,2240,2129.34,970,2405.94,189.891,200.297,199.617,189.141,200.438,725.994,45.75,20.044,13.28,20.756,96,100,100,-0.75,0.125,91.7264,6.75,6.75,6.75
26.367,0,-1.5,0,-1.5,2.23615,1.0011,1.08014,3,0.85962,1,0.820314,0,0.820314,0.818361,0,81.25,179.5,168.833,179.111,4916.25,2230,2141.68,970,2382.15,191.672,200.297,199.617,193.969,200.297,725.994,46.5,20.192,13.4027,20.896,96,100,100,-0.75,-0.140625,91.7264,6.75,6.75,6.75
26.4,0,-1.5,0,-1.5,2.25885,1.00107,1.07907,3,0.85962,1,0.820314,0,0.820314,0.816408,0,81.25,180.028,182.25,177.5,4938.25,2220,2128.44,970,2398.01,190.898,200.156,199.617,185.695,200.156,725.994,46.5,20.08,13.392,20.784,96,100,100,-0.75,0.546875,91.7264,10.5,10.5,9.75
26.433,0,-1.5,0,-1.5,2.22296,1.00107,1.07983,3,0.85962,1,0.820314,0,0.820314,0.819337,0,81.25,178.75,174.111,178.667,4976.75,2220,2120.86,970,2374.22,190.992,200.555,199.664,190.922,200.156,734.314,46.5,20.06,13.16,20.764,96,100,100,-0.75,0.4375,91.7264,12,12,10.5
26.467,0,-2.25,0,-1.5,2.21704,1.00107,1.07956,3,0.853273,1,0.820314,0,0.820314,0.816408,0,81.25,181.639,172.695,178.889,4997.5,2220,2116.09,970,2361.02,190.43,200.555,199.664,190.148,200.555,734.314,46.5,20.008,13.2987,20.704,96,100,100,-0.75,0.1875,91.7264,7.5,7.5,7.5
26.5,0,-2.25,0,-1.5,2.23047,1.00107,1.07822,3,0.853273,1,0.820314,0,0.820314,0.809083,0,81.25,181.111,187.417,178.445,4997.5,2210,2099.53,970,2368.91,189.141,200.016,199.664,186.211,200.016,734.314,46.5,19.828,13.216,20.524,96,100,100,-0.75,0.484375,91.7264,9.75,9.75,9.75
26.533,0,-2.25,0,-1.5,2.23212,1.00107,1.07498,3,0.853273,1,0.820314,0,0.820314,0.808107,0,81.25,180.139,205.722,178.445,5031.75,2210,2069.92,970,2379.49,186.422,199.922,199.641,183.07,200.016,734.314,46.5,19.452,13.008,20.148,96,100,100,-0.75,0.265625,91.7264,6,6,6
26.567,0,-2.25,0,-1.5,2.19733,1.0011,1.07327,3,0.84839,1,0.820314,0,0.820314,0.812745,0,81.25,180.361,184.972,178.667,5045.25,2210,2078.55,970,2358.36,187.125,199.922,199.641,185.789,199.922,734.314,46.5,19.52,12.8827,20.224,96,100,100,-0.75,0.625,91.7264,9,9,9
26.6,0,-2.25,0,-1.5,2.17481,1.0011,1.07312,3,0.84839,1,0.820314,0,0.820314,0.816408,0,81.25,180.417,173.75,178.445,5070,2210,2078.91,970,2337.23,187.125,199.664,199.57,187.172,199.664,734.314,46.5,19.48,12.888,20.184,96,100,100,-0.75,0.28125,91.7264,6.75,6.75,6.75
26.633,0,-2.25,0,-1.5,2.16882,1.0011,1.07324,3,0.84839,1,0.820314,0,0.820314,0.815675,0,81.25,181.917,164.722,180.278,5091.5,2210,2085.35,970,2331.95,187.641,199.594,199.523,185.391,199.664,742.361,46.5,19.536,12.9093,20.24,96,100,100,-0.75,0.578125,91.7264,7.5,7.5,7.5
26.667,0,-2.25,0,-1.5,2.1872,1.0011,1.07532,3,0.842775,1,0.820314,0,0.820314,0.816408,0,81.25,182.695,177.722,179.833,5107.25,2210,2079.18,970,2329.34,186.938,199.594,199.523,183.586,199.594,742.361,47.25,19.516,12.9707,20.212,96,100,100,-0.75,0.875,91.7264,6,6,6
26.7,0,-2.25,0,-1.5,2.1817,1.00107,1.07483,3,0.842775,1,0.820314,0,0.820314,0.82007,0,81.25,182.972,181.972,179.611,5122.75,2210,2071.84,970,2313.48,186.188,199.547,199.477,184.898,199.547,742.361,47.25,19.436,12.9387,20.132,96,100,100,-0.75,0.28125,91.7264,9,9,9
26.733,0,-2.25,0,-1.5,2.17456,1.0011,1.07291,3,0.842775,1,0.820314,0,0.820314,0.81006,0,81.25,181.417,189.917,179.833,5152.75,2210,2055.63,970,2305.55,184.594,199.523,199.406,184.641,199.547,742.361,47.25,19.208,12.704,19.904,96,100,100,-0.75,0.34375,91.7264,7.5,7.5,7.5
26.767,0,-2.25,0,-1.5,2.12995,1.0011,1.07047,3,0.838136,1,0.820314,0,0.820314,0.809083,0,81.25,182.917,163.583,181.222,5169.5,2210,2071.88,970,2271.21,186,199.523,199.406,190.711,199.523,742.361,47.25,19.32,12.6747,20.016,96,100,100,-0.75,0.328125,91.7264,7.5,7.5,7.5
26.8,0,-2.25,0,-1.5,2.1698,1.0011,1.06638,3,0.838136,1,0.820314,0,0.820314,0.804445,0,81.25,182.639,189.75,181,5194.75,2210,2049.3,970,2305.55,183.844,199.477,199.336,180.727,199.477,742.361,47.25,19.024,12.6373,19.72,96,100,100,-0.75,0.796875,91.7264,6.75,6.75,6.75
26.833,0,-2.25,0,-1.5,2.13519,1.0011,1.06464,3,0.838136,1,0.820314,0,0.820314,0.811036,0,81.25,182.695,165,182.417,5205.5,2210,2064.3,970,2273.83,185.133,199.289,199.289,186.234,199.477,749.666,47.25,19.12,12.4933,19.816,96,100,100,-0.75,1.32813,91.7264,7.5,7.5,7.5
26.867,0,-2.25,0,-1.5,2.16181,1.0011,1.06329,3,0.834718,1,0.820314,0,0.820314,0.816408,0,81.25,182.556,191.056,182.167,5223.75,2210,2044.61,970,2287.07,183.164,199.289,199.289,182.531,199.289,749.666,48,18.9,12.464,19.596,96,100,100,-0.75,0.546875,91.7264,7.5,7.5,7.5
26.9,0,-2.25,0,-1.5,2.14276,1.0011,1.06311,3,0.834718,1,0.820314,0,0.820314,0.816408,0,81.25,182.556,184.778,182.417,5243.75,2210,2041.33,970,2276.48,183.211,199.781,199.242,185.203,199.781,749.666,48,18.872,12.4,19.568,96,100,100,-0.75,0.578125,91.7264,6.75,6.75,6.75
26.933,0,-2.25,0,-1.5,2.1485,1.0011,1.06479,3,0.834718,1,0.820314,0,0.820314,0.817384,0,81.25,183.722,189.222,182.167,5268.5,2210,2032.3,970,2289.69,182.273,199.289,199.172,178.945,199.781,749.666,48,18.808,12.4187,19.504,96,100,100,-0.75,1.03125,91.7264,7.5,7.5,7.5
26.967,0,-2.25,0,-1.5,2.12964,1.0011,1.06198,3,0.831788,1,0.820314,0,0.820314,0.811769,0,81.25,183.722,179,182.361,5287.25,2210,2032.62,970,2271.21,182.18,199.289,199.172,182.367,199.289,749.666,48,18.776,12.288,19.472,96,100,100,-0.75,0.203125,91.7264,6.75,6.75,6.75
27,0,-2.25,0,-1.5,2.13074,1.0011,1.06281,3,0.831788,1,0.820314,0,0.820314,0.813722,0,81.25,184.361,183.167,182.167,5299.25,2210,2028.24,970,2268.55,181.266,198.75,199.125,180.773,198.75,749.666,48,18.688,12.328,19.384,96,100,100,-0.75,0.59375,91.7264,7.5,7.5,7.5
27.033,0,-2.25,0,-1.5,2.11231,1.00107,1.05978,3,0.831788,1,0.820314,0,0.820314,0.812745,0,81.25,185,166.417,181.472,5324.75,2210,2035.43,970,2242.15,181.852,199.125,199.055,180.797,198.75,756.873,48,18.7,12.288,19.396,96,100,100,-0.75,0.453125,91.7264,8.25,8.25,8.25
27.067,0,-2.25,0,-1.5,2.12738,1.0011,1.05747,3,0.829591,1,0.820314,0,0.820314,0.808107,0,81.25,184.083,186.833,182.417,5345.5,2220,2019.38,970,2252.7,180.188,199.125,199.055,178.992,199.125,756.873,48.75,18.476,12.104,19.18,96,100,100,-0.75,1.15625,91.7264,6.75,6.75,6.75
27.1,0,-2.25,0,-1.5,2.12549,1.0011,1.05496,3,0.829591,1,0.820314,0,0.820314,0.808107,0,81.25,183.889,189.528,182.861,5347.5,2220,2014.38,970,2252.7,179.648,199.078,199.008,178.078,199.078,756.873,48.75,18.4,12.088,19.104,96,100,100,-0.75,1.03125,91.7264,9.75,9.75,9.75
27.133,0,-2.25,0,-1.5,2.11182,1.0011,1.05457,3,0.829591,1,0.820314,0,0.820314,0.815675,0,81.25,184.611,177.917,183.778,5390.75,2220,2017.97,970,2239.49,179.883,199.055,198.938,178.922,199.078,756.873,48.75,18.424,12.0507,19.128,96,100,100,-0.75,0.921875,91.7264,6,6,6
27.167,0,-2.25,0,-1.5,2.12262,1.0011,1.05432,3,0.827638,1,0.820314,0,0.820314,0.817384,0,81.25,185.222,184.806,184.056,5384,2220,2016.88,970,2239.49,179.672,199.055,198.938,177.211,199.055,756.873,48.75,18.396,12.0587,19.1,96,100,100,-0.75,0.921875,91.7264,9,9,9
27.2,0,-2.25,0,-1.5,2.11078,1.00107,1.05518,3,0.827638,1,0.820314,0,0.820314,0.818361,0,81.25,183.972,190.833,183.583,5422.75,2220,2004.34,970,2228.98,178.406,198.914,198.891,180.07,198.914,756.873,48.75,18.228,11.9467,18.932,96,100,100,-0.75,1.26563,91.7264,8.25,8.25,8.25
27.233,0,-2.25,0,-1.5,2.099,1.00107,1.05292,3,0.827638,1,0.820314,0,0.820314,0.808107,0,81.25,184.889,179.417,183.806,5434.75,2220,2005.04,970,2226.29,178.359,198.891,198.867,178.125,198.914,764.002,48.75,18.228,11.912,18.932,96,100,100,-0.75,0.53125,91.7264,7.5,7.5,7.5
27.267,0,-2.25,0,-1.5,2.10419,1.0011,1.05347,3,0.826173,1,0.820314,0,0.820314,0.814699,0,81.25,185.806,181.306,183.083,5446.5,2220,2002.97,970,2226.29,178.055,198.891,198.867,174.938,198.891,764.002,48.75,18.2,11.888,18.896,96,100,100,-0.75,1.03125,91.7264,7.5,7.5,7.5
27.3,0,-2.25,0,-1.5,2.09467,1.00107,1.05133,3,0.826173,1,0.820314,0,0.820314,0.817384,0,81.25,186.445,169.111,182.639,5473.25,2220,2008.59,970,2213.09,178.547,198.961,198.797,173.859,198.961,764.002,48.75,18.22,11.9067,18.916,96,100,100,-0.75,0.984375,91.7264,9,9,9
27.333,0,-2.25,0,-1.5,2.11273,1.00107,1.05121,3,0.826173,1,0.820314,0,0.820314,0.812745,0,81.25,185.056,198.556,184.278,5488.25,2220,1988.52,970,2221.02,176.531,198.773,198.75,172.898,198.961,764.002,48.75,17.964,11.76,18.66,96,100,100,-0.75,1.20313,91.7264,7.5,7.5,7.5
27.367,0,-2.25,0,-1.5,2.08887,1.00107,1.04776,3,0.824952,1,0.820314,0,0.820314,0.805421,0,81.25,184.472,190.833,185,5507.5,2220,1985,970,2205.16,176.086,198.773,198.75,178.289,198.773,764.002,49.5,17.856,11.624,18.552,96,100,100,-0.75,1.14063,91.7264,10.5,10.5,10.5
27.4,0,-2.25,0,-1.5,2.0705,1.0011,1.04605,3,0.824952,1,0.820314,0,0.820314,0.809083,0,81.25,184.417,172.972,185,5516.5,2220,1988.98,970,2202.54,176.391,198.773,198.563,177.797,198.773,764.002,49.5,17.864,11.616,18.56,96,100,100,-0.75,0.078125,91.7264,13.5,13.5,10.5
27.433,0,-2.25,0,-1.5,2.04981,1.0011,1.04477,3,0.824952,1,0.820314,0,0.820314,0.816408,0,81.25,186.695,167.583,184.278,5559.5,2220,1995.47,970,2170.82,176.906,198.539,197.742,179.156,198.773,770.857,49.5,17.888,11.6107,18.584,96,100,100,-0.75,0.71875,91.7264,13.5,13.5,9.75
27.467,0,-2.25,0,-1.5,2.09613,1.00107,1.04382,3,0.822511,1,0.820314,0,0.820314,0.812745,0,81.25,186.611,196.917,184.056,5580.25,2220,1971.84,970,2202.54,174.586,198.539,197.742,169.242,198.539,770.857,49.5,17.632,11.5973,18.344,96,100,100,-0.75,0.8125,91.7264,12,12,12
27.5,0,-2.25,0,-1.5,2.09143,1.0011,1.0441,3,0.822511,1,0.820314,0,0.820314,0.812745,0,81.25,185.695,209.639,182.639,5571,2210,1954.26,970,2197.23,172.828,197.695,197.531,170.203,197.695,770.857,49.5,17.384,11.4933,18.096,96,100,100,-0.75,0.4375,91.7264,10.5,10.5,20.25
27.533,0,-2.25,0,-1.5,2.06256,1.0011,1.04178,3,0.822511,1,0.820314,0,0.820314,0.813722,0,81.25,185.806,186.528,183.5,5594.75,2220,1962.54,970,2181.41,173.508,197.508,197.156,172.688,197.695,770.857,49.5,17.376,11.4133,18.088,96,100,100,-0.75,0.796875,91.7264,12.75,12.75,20.25
27.567,0,-2.25,0,-1.5,2.04328,1.0011,1.0415,3,0.820558,1,0.820314,0,0.820314,0.811769,0,81.25,185.917,174.389,183.583,5620,2210,1962.34,970,2165.55,173.414,197.508,197.156,174.82,197.508,770.857,50.25,17.296,11.3387,18,96,100,100,-0.75,0.90625,91.7264,8.25,8.25,8.25
27.6,0,-2.25,0,-1.5,2.05701,1.00107,1.03851,3,0.820558,1,0.820314,0,0.820314,0.81006,0,81.25,186.806,179.695,183.778,5627.25,2210,1960.43,970,2173.48,173.18,197.133,196.758,169.078,197.133,770.857,50.25,17.276,11.376,17.98,96,100,100,-0.75,1.10938,91.7264,10.5,10.5,10.5
27.633,0,-2.25,0,-1.5,2.05927,1.0011,1.039,3,0.820558,1,0.820314,0,0.820314,0.817384,0,81.25,185.75,191.583,185.195,5646.5,2210,1949.57,970,2170.82,172.102,196.734,196.57,170.367,197.133,777.224,50.25,17.1,11.2827,17.804,96,100,100,-0.75,0.828125,91.7264,11.25,11.25,10.5
27.667,0,-2.25,0,-1.5,2.04224,1.0011,1.03934,3,0.818849,1,0.820314,0,0.818849,0.819337,0,81.25,186.639,179.417,184.333,5671,2210,1953.55,970,2147.03,172.43,196.734,196.57,171.727,196.734,777.224,50.25,17.172,11.2933,17.892,96,100,100,-0.75,1.32813,91.7264,7.5,7.5,7.5
27.7,0,-2.25,0,-1.5,2.05896,1.0011,1.03873,3,0.818849,1,0.820314,0,0.818849,0.815675,0,81.25,186,203.667,184.056,5679.5,2210,1932.7,970,2162.89,170.438,196.547,195.961,168.563,196.547,777.224,50.25,16.896,11.1973,17.616,96,100,100,-0.75,0.703125,91.7264,6.75,6.75,6.75
27.733,0,-2.25,0,-1.5,2.0434,1.00107,1.04044,3,0.818849,1,0.820314,0,0.818849,0.821046,0,81.25,185.167,196.639,183.806,5704.5,2210,1925.78,970,2165.51,169.734,195.938,195.516,166.313,196.547,777.224,50.25,16.764,11.0933,17.484,96,100,100,-0.75,0.84375,91.7264,8.25,8.25,8.25
27.767,0,-2.25,0,-1.5,2.02954,1.0011,1.04004,3,0.817628,1,0.820314,0,0.817628,0.82007,0,81.25,185.278,192.556,184.333,5712,2200,1920.43,970,2162.89,169.219,195.938,195.516,167.672,195.938,777.224,50.25,16.688,11.0427,17.384,96,100,100,-0.75,0.734375,91.7264,10.5,10.5,10.5
27.8,0,-2.25,0,-1.5,2.00635,1.00107,1.04092,3,0.817628,1,0.820314,0,0.817628,0.816408,0,81.25,185,169.583,185.472,5738.25,2200,1933.28,970,2141.76,170.391,195.492,194.648,172.102,195.492,777.224,50.25,16.816,11.0587,17.512,96,100,100,-0.75,0.71875,91.7264,7.5,7.5,7.5
27.833,0,-2.25,0,-1.5,2.03174,1.0011,1.04224,3,0.817628,1,0.820314,0,0.817628,0.821046,0,81.25,187.083,195.222,183.778,5747,2200,1917.7,970,2152.34,168.891,194.625,194.227,166.102,195.492,782.928,50.25,16.776,11.1733,17.472,96,100,100,-0.75,1.0625,91.7264,9,9,9
27.867,0,-2.25,0,-1.5,2.0141,1.00107,1.04187,3,0.816652,1,0.820314,0,0.816652,0.817384,0,81.25,186.389,182.028,186.056,5777,2190,1921.13,970,2139.14,169.219,194.625,194.227,168.445,194.625,782.928,50.25,16.736,11.0613,17.432,96.75,100,100,-0.75,0.984375,91.7264,8.25,8.25,8.25
27.9,0,-2.25,0,-1.5,1.98651,1.00107,1.04358,3,0.816652,1,0.820314,0,0.816652,0.819337,0,81.25,186.5,168.222,185.195,5774.75,2180,1930.43,970,2102.15,170.086,194.203,193.148,175.617,194.203,782.928,50.25,16.848,11.0667,17.544,96.75,100,100,-0.75,0.734375,91.7264,9,9,9
27.933,0,-2.25,0,-1.5,2.02783,1.0011,1.04501,3,0.816652,1,0.820314,0,0.816652,0.822023,0,81.25,185.583,209.306,186.056,5808.25,2180,1897.93,970,2146.99,167.016,193.125,192.164,166.055,194.203,782.928,50.25,16.516,11.0133,17.212,96.75,100,100,-0.75,0.78125,91.7264,11.25,11.25,11.25
27.967,0,-2.25,0,-1.5,1.97333,1.0011,1.0459,3,0.81421,1,0.820314,0,0.81421,0.817384,0,81.25,186.695,168.056,184.333,5819.5,2170,1913.32,970,2104.77,168.445,193.125,192.164,171.68,193.125,782.928,51,16.696,10.9573,17.408,96.75,100,100,-0.75,1.04688,91.7264,9,9,9
28,0,-2.25,0,-1.5,1.99725,1.0011,1.04529,3,0.81421,1,0.820314,0,0.81421,0.811769,0,81.25,185.861,191.306,185.972,5832,2160,1897.27,970,2123.32,166.922,192.141,191.391,168.844,192.141,782.928,51,16.504,10.9547,17.216,96.75,100,100,-0.75,1,91.7264,13.5,13.5,13.5
28.033,0,-2.25,0,-1.5,1.99677,1.00107,1.04492,3,0.81421,1,0.820314,0,0.81421,0.815675,0,81.25,186.917,192.389,185.472,5851.25,2160,1890,970,2131.21,166.242,191.367,190.547,164.25,192.141,788.24,51,16.456,10.9547,17.168,96.75,99.6079,100,-0.75,1.51563,91.7264,11.25,11.25,11.25
28.067,0,-2.25,0,-1.5,1.99848,1.0011,1.04611,3,0.812257,1,0.820314,0,0.812257,0.817384,0,81.25,185.75,202.056,184.056,5866,2150,1877.15,970,2136.48,165.047,191.367,190.547,162.75,191.367,788.24,51.75,16.296,10.8613,16.992,96,99.2157,100,-0.75,1.54688,91.7264,14.25,14.25,11.25
28.1,0,-2.25,0,-1.5,1.97797,1.00107,1.04599,3,0.812257,1,0.820314,0,0.812257,0.814699,0,81.25,186.5,174.333,183.833,5890.25,2140,1891.52,970,2118.01,166.383,190.523,189.727,162.609,190.523,788.24,51.75,16.48,10.9227,17.176,96,100,100,-0.75,0.8125,91.7264,12.75,12.75,11.25
28.133,-1.5,-2.25,0,-1.5,1.97937,1.00107,1.04712,3,0.812257,1,0.820314,0,0.812257,0.811769,0,81.25,186.556,189,186.195,5911.25,2140,1878.98,970,2118.01,165.211,189.703,189.188,164.156,190.523,788.24,51.75,16.324,10.856,17.02,96,100,100,-0.75,1.29688,91.7264,12.75,12.75,11.25
28.167,-1.5,-2.25,0,-1.5,1.97095,1.00107,1.04538,3,0.810792,1,0.820314,0,0.810792,0.804445,0,81.25,186.5,183.806,184.333,5918.25,2140,1873.52,970,2112.7,164.672,189.703,189.188,161.766,189.703,788.24,51.75,16.252,10.8053,16.956,96,99.6079,100,-0.75,1.5,91.7264,12,12,11.25
28.2,-1.5,-2.25,0,-1.5,1.96417,1.0011,1.0426,3,0.810792,1,0.820314,0,0.810792,0.800782,0,81.25,185.806,187.167,184.639,5938,2130,1869.06,970,2102.15,164.25,189.164,188.203,163.734,189.164,788.24,51.75,16.124,10.7813,16.828,96,100,100,-0.75,0.640625,91.7264,12.75,12.75,11.25
28.233,-1.5,-2.25,0,-1.5,1.9787,1.0011,1.04205,3,0.810792,1,0.820314,0,0.810792,0.809083,0,81.25,187.5,205.083,185.195,5964,2130,1855.08,970,2104.77,162.938,188.18,187.242,160.242,189.164,793.318,51.75,16.032,10.8027,16.736,96,100,100,-0.75,0.921875,91.7264,12.75,12.75,11.25
28.267,-1.5,-2.25,0,-1.5,1.96405,1.0011,1.04202,3,0.809572,1,0.820314,0,0.809572,0.807374,0,81.25,185.75,196.611,183.778,5971.25,2120,1852.19,970,2099.45,162.656,188.18,187.242,159.82,188.18,793.318,52.5,15.884,10.6187,16.58,96,99.6079,100,-0.75,1.17188,91.7264,12,12,11.25
28.3,-1.5,-2.25,0,-1.5,1.94232,1.0011,1.04202,3,0.809572,1,0.820314,0,0.809572,0.808107,0,81.25,184.195,188.945,183.778,5984.25,2110,1845.7,970,2091.56,161.648,186.773,186.445,162.422,186.773,793.318,52.5,15.72,10.5253,16.416,96,100,100,-0.75,0.984375,91.7264,12.75,12.75,12
28.333,-1.5,-2.25,0,-1.5,1.92847,1.00107,1.04608,3,0.809572,1,0.820314,0,0.809572,0.821046,0,81.25,184.833,172.722,186.333,6004.75,2110,1854.34,970,2091.56,162.445,186.422,185.836,164.32,186.773,793.318,52.5,15.896,10.5387,16.592,96,99.6079,100,-0.75,0.71875,91.7264,12.75,12.75,12
28.367,-1.5,-2.25,0,-1.5,1.90796,1.00107,1.0491,3,0.808595,1,0.820314,0,0.808595,0.823732,0,81.25,188.722,167.222,184.639,6019.25,2110,1875.7,970,2057.23,164.438,186.422,185.836,164.531,186.422,793.318,52.5,16.344,10.8267,17.048,96,100,100,-0.75,1.23438,91.7264,12.75,12.75,12
28.4,-1.5,-2.25,0,-1.5,1.94574,1.00107,1.05328,3,0.808595,1,0.820314,0,0.808595,0.819337,0,81.25,188.25,186.139,184.639,6039.75,2100,1847.89,970,2078.36,161.836,185.813,184.523,158.18,185.813,793.318,52.5,16.112,10.84,16.816,96,100,100,-0.75,1.10938,91.7264,13.5,13.5,12.75
28.433,-1.5,-2.25,0,-1.5,1.95874,1.0011,1.0546,3,0.808595,1,0.820314,0,0.808595,0.81006,0,81.25,184.361,219.084,183.5,6053.25,2100,1815.04,970,2096.88,158.766,184.5,184.148,156.422,185.813,797.595,52.5,15.608,10.5253,16.312,96,100,100,-0.75,0.71875,91.7264,14.25,14.25,13.5
28.467,-1.5,-2.25,0,-1.5,1.91138,1.00107,1.05328,3,0.807863,1,0.820314,0,0.807863,0.808107,0,81.25,184.945,178.445,184.639,6070.25,2090,1830.16,970,2070.47,160.172,184.5,184.148,162.258,184.5,797.595,53.25,15.736,10.504,16.448,96,100,100,-0.75,0.890625,91.7264,13.5,13.5,12.75
28.5,-1.5,-2.25,0,-1.5,1.90747,1.00107,1.05502,3,0.807863,1,0.820314,0,0.807863,0.816408,0,81.25,186.611,167.222,186.945,6086.25,2080,1844.69,970,2065.16,161.531,184.125,182.953,162.234,184.125,797.595,53.25,15.956,10.576,16.668,96,100,100,-0.75,1.0625,91.7264,13.5,13.5,12.75
28.533,-1.5,-2.25,0,-1.5,1.93622,1.00107,1.05707,3,0.807863,1,0.820314,0,0.807863,0.815675,0,81.25,187.389,188.111,185.472,6101.25,2080,1831.84,970,2075.7,160.313,182.93,182.602,155.438,184.125,797.595,53.25,15.892,10.6453,16.604,96,100,100,-0.75,0.765625,91.7264,13.5,13.5,12.75
28.567,-1.5,-2.25,0,-1.5,1.9353,1.0011,1.05985,3,0.80713,1,0.820314,0,0.80713,0.811769,0,81.25,184.25,210.445,185.472,6114.75,2070,1807.42,970,2083.63,158.039,182.93,182.602,158.109,182.93,797.595,53.25,15.608,10.4427,16.304,96,100,100,-0.75,0.546875,91.7264,13.5,13.5,22.5
28.6,-1.5,-2.25,0,-1.5,1.88513,1.0011,1.05887,3,0.80713,1,0.820314,0,0.80713,0.806398,0,81.25,185.278,165.222,184.917,6128.5,2070,1824.26,970,2049.34,159.609,182.578,181.898,162.516,182.578,797.595,53.25,15.724,10.464,16.42,96,100,100,-0.75,1.20313,91.7264,14.25,14.25,15
28.633,-1.5,-2.25,0,-1.5,1.91797,1.00107,1.06076,3,0.80713,1,0.820314,0,0.80713,0.813722,0,81.25,185.945,198.583,184.639,6143.75,2070,1802.89,970,2070.43,157.617,181.875,181.547,156.094,182.578,801.502,53.25,15.576,10.5067,16.272,96,100,100,-0.75,0.75,91.7264,14.25,14.25,22.5
28.667,-1.5,-2.25,0,-1.5,1.90058,1.00107,1.06305,3,0.806642,1,0.820314,0,0.806642,0.816408,0,81.25,185.111,188.806,184.056,6156.25,2060,1801.72,970,2062.54,157.5,181.875,181.547,158.367,181.875,801.502,54,15.536,10.4107,16.232,96,100,100,-0.75,0.484375,91.7264,15,15,15
28.7,-1.5,-2.25,0,-1.5,1.89606,1.00107,1.06592,3,0.806642,1,0.820314,0,0.806642,0.816408,0,81.25,186.333,179.917,186.056,6172.75,2050,1808.95,970,2062.5,157.828,181.125,181.078,157.664,181.125,801.502,54,15.668,10.4827,16.364,96,100,100,-0.75,1.1875,91.7264,11.25,11.25,11.25
28.733,-1.5,-2.25,0,-1.5,1.89996,1.00107,1.06915,3,0.806642,1,0.820314,0,0.806642,0.816408,0,81.25,186.611,183.167,186.945,6185.5,2050,1807.66,970,2054.61,157.688,181.055,180.797,157.805,181.125,801.502,54,15.716,10.512,16.412,96,100,100,-0.75,0.921875,91.7264,14.25,14.25,12.75
28.767,-1.5,-2.25,0,-1.5,1.89624,1.0011,1.07022,3,0.806398,1,0.820314,0,0.806398,0.814699,0,81.25,186.639,181.389,183.361,6211,2050,1802.81,970,2046.68,157.242,181.055,180.797,155.227,181.055,801.502,54,15.692,10.52,16.396,96,100,100,-0.75,0.921875,91.7264,14.25,14.25,12.75
28.8,-1.5,-2.25,0,-1.5,1.89826,1.0011,1.07144,3,0.806398,1,0.820314,0,0.806398,0.81006,0,81.25,183.833,201.556,187.222,6222.75,2050,1787.66,970,2051.95,155.836,180.773,180.375,160.547,180.773,801.502,54,15.444,10.3627,16.148,96,100,100,-0.75,0.71875,91.7264,14.25,14.25,13.5
28.833,-1.5,-2.25,0,-1.5,1.85358,1.0011,1.07098,3,0.806398,1,0.820314,0,0.806398,0.805421,0,81.25,186.639,162.472,184.778,6240.75,2050,1813.16,970,2022.89,158.203,180.352,180.047,160.148,180.773,805.271,54,15.736,10.432,16.44,96,100,100,-0.75,1.0625,91.7264,13.5,13.5,13.5
28.867,-1.5,-2.25,0,-1.5,1.89325,1.0011,1.07031,3,0.805909,1,0.820314,0,0.805909,0.808107,0,81.25,185.917,190.75,185.778,6251.25,2050,1787.42,970,2051.91,155.813,180.352,180.047,154.664,180.352,805.271,54.75,15.452,10.4,16.148,96,100,100,-0.75,0.828125,91.7264,14.25,14.25,12.75
28.9,-1.5,-2.25,0,-1.5,1.89288,1.00107,1.07059,3,0.805909,1,0.820314,0,0.805909,0.808107,0,81.25,185.056,190.667,185.111,6256.5,2040,1784.1,970,2059.84,155.508,180.023,179.602,151.992,180.023,805.271,54.75,15.448,10.392,16.144,96,100,100,-0.75,0.828125,91.7264,15.75,15.75,13.5
28.933,-1.5,-2.25,0,-1.5,1.89838,1.0011,1.07248,3,0.805909,1,0.820314,0,0.805909,0.807374,0,81.25,187.667,197.778,185.195,6281.25,2040,1776.17,970,2065.12,154.781,179.578,179.086,149.789,180.023,805.271,54.75,15.416,10.4107,16.112,96,100,100,-0.75,0.9375,91.7264,15.75,15.75,13.5
28.967,-1.5,-2.25,0,-1.5,1.88117,1.00107,1.07172,3,0.805665,1,0.820314,0,0.805665,0.809083,0,81.25,185,197.278,183.222,6289.25,2040,1765.2,970,2057.23,153.75,179.578,179.086,152.367,179.578,805.271,54.75,15.18,10.2427,15.876,96,100,100,-0.75,0.921875,91.7264,15,15,13.5
29,-1.5,-2.25,0,-1.5,1.86023,1.0011,1.07419,3,0.805665,1,0.820314,0,0.805665,0.811036,0,81.25,184.611,173.639,185.111,6310.25,2030,1776.95,970,2046.68,154.852,179.063,178.922,154.266,179.063,805.271,54.75,15.328,10.2667,16.024,96,100,100,-0.75,0.96875,91.7264,15,15,13.5
29.033,-1.5,-2.25,0,-1.5,1.8725,1.00107,1.0773,3,0.805665,1,0.820314,0,0.805665,0.815675,0,81.25,184.833,195.111,183.5,6325,2030,1758.28,970,2054.61,153.094,178.898,178.523,151.734,179.063,808.689,54.75,15.164,10.2533,15.86,96,100,100,-0.75,0.828125,91.7264,10.5,10.5,10.5
29.067,-1.5,-2.25,0,-1.5,1.86206,1.0011,1.07834,3,0.805421,1,0.820314,0,0.805421,0.812745,0,81.25,184.778,190.195,184.056,6337,2030,1758.2,970,2049.3,153.094,178.898,178.523,153.797,178.898,808.689,55.5,15.168,10.2107,15.872,96,100,100,-0.75,0.96875,91.7264,14.25,14.25,23.25
29.1,-1.5,-2.25,0,-1.5,1.8559,1.0011,1.08087,3,0.805421,1,0.820314,0,0.805421,0.811769,0,81.25,185.278,180.278,184.639,6349,2030,1761.48,970,2051.91,153.047,178.078,177.984,151.125,178.078,808.689,55.5,15.268,10.3067,15.972,96,100,100,-0.75,1.32813,91.7264,12,12,12
29.133,-1.5,-2.25,0,-1.5,1.8664,1.00107,1.08417,3,0.805421,1,0.820314,0,0.805421,0.815675,0,81.25,187.889,184,184.056,6364,2030,1762.23,970,2046.68,153.094,177.961,177.633,148.664,178.078,808.689,55.5,15.38,10.3867,16.084,96,100,100,-0.75,0.984375,91.7264,13.5,13.5,13.5
29.167,-1.5,-2.25,0,-1.5,1.86707,1.0011,1.08295,3,0.805421,1,0.820314,0,0.805421,0.809083,0,81.25,187.972,188.111,185.472,6382.75,2020,1765.78,970,2038.75,153.445,177.961,177.633,150.094,177.961,808.689,56.25,15.288,10.312,16,96,100,100,-0.75,0.671875,91.7264,9.75,9.75,9.75
29.2,-1.5,-2.25,0,-1.5,1.85614,1.00107,1.08533,3,0.805421,1,0.820314,0,0.805421,0.807374,0,81.25,186.333,183.028,184.056,6391,2020,1759.02,970,2022.89,152.813,177.609,177.492,151.313,177.609,808.689,56.25,15.268,10.2933,15.98,96,100,100,-0.75,0.671875,91.7264,14.25,14.25,24
29.233,-1.5,-2.25,0,-1.5,1.84949,1.00107,1.08334,3,0.805421,1,0.820314,0,0.805421,0.803712,0,81.25,187.278,176.806,186.333,6412.75,2020,1761.91,970,2012.34,153.094,177.469,177.117,153.258,177.609,811.99,56.25,15.3,10.2853,16.012,96,99.6079,100,-0.75,0.6875,91.7264,12.75,12.75,12.75
29.267,-1.5,-2.25,0,-1.5,1.89722,1.0011,1.08267,3,0.805177,1,0.820314,0,0.805177,0.802736,0,81.25,183.278,231.722,182.083,6421,2020,1712.07,970,2065.12,148.453,177.469,177.117,142.102,177.469,811.99,56.25,14.64,10.0267,15.336,96,100,100,-0.75,0.546875,91.7264,15,15,16.5
29.3,-1.5,-2.25,0,-1.5,1.83295,1.00107,1.08179,3,0.805177,1,0.820314,0,0.805177,0.799073,0,81.25,185.111,173.861,186.195,6432,2020,1742.03,970,2028.16,152.32,178.383,176.695,150.258,178.383,811.99,56.25,15.048,10.0533,15.744,96,100,100,-0.75,0.265625,91.7264,16.5,16.5,16.5
29.333,-1.5,-2.25,0,-1.5,1.8559,1.00107,1.08283,3,0.805177,1,0.820314,0,0.805177,0.809083,0,81.25,187.445,195.445,185.778,6446,2020,1731.56,970,2033.48,151.336,176.672,176.508,147.117,178.383,811.99,56.25,15.024,10.2133,15.72,96,100,100,-0.75,0.609375,91.7264,15,15,24
29.367,-1.5,-2.25,0,-1.5,1.87006,1.00107,1.0831,3,0.805177,1,0.820314,0,0.805177,0.81006,0,81.25,185,218.334,184.639,6469.5,2000,1708.67,970,2049.26,149.203,176.672,176.508,144.164,176.672,811.99,57,14.684,10.0213,15.38,96,100,100,-0.75,1.23438,91.7264,12.75,12.75,12.75
29.4,-1.5,-2.25,0,-1.5,1.841,1.0011,1.08527,3,0.805177,1,0.820314,0,0.805177,0.807374,0,81.25,188.139,187.75,185.833,6473.75,2000,1729.18,970,2025.55,151.125,176.484,175.828,147.773,176.484,811.99,57,15.016,10.1493,15.712,96,100,100,-0.75,0.515625,91.7264,15,15,16.5
29.433,-1.5,-2.25,0,-1.5,1.8017,1.00107,1.08441,3,0.805177,1,0.820314,0,0.805177,0.800782,0,81.25,184.028,169.528,185.195,6487.75,2000,1728.55,970,1991.21,151.055,175.805,175.547,157.078,176.484,814.92,57,14.848,9.94401,15.544,96,100,100,-0.75,0.640625,91.7264,14.25,14.25,14.25
29.467,-1.5,-2.25,0,-1.5,1.8291,1.0011,1.08472,3,0.804933,1,0.820314,0,0.804933,0.801759,0,81.25,188.083,178.861,184.778,6503.25,1990,1726.45,970,2012.34,150.844,175.805,175.547,145.641,175.805,814.92,57,14.996,10.176,15.7,96,100,100,-0.75,0.921875,91.7264,14.25,14.25,16.5
29.5,-1.5,-2.25,0,-1.5,1.82874,1.0011,1.08514,3,0.804933,1,0.820314,0,0.804933,0.808107,0,81.25,184.417,200.667,184.778,6511.75,1990,1707.38,970,2004.45,148.711,175.125,175.289,152.156,175.125,814.92,57,14.628,9.97335,15.332,96,100,100,-0.75,0.90625,91.7264,14.25,14.25,14.25
29.533,-1.5,-2.25,0,-1.5,1.7948,1.0011,1.08655,3,0.804933,1,0.820314,0,0.804933,0.806398,0,80.4688,184.417,168.833,185.472,6530.25,1990,1720.08,970,1991.25,149.906,175.266,174.82,154.57,175.125,814.92,57,14.768,9.88268,15.472,96,100,100,-0.75,0.578125,91.0077,12.75,12.75,12.75
29.567,-1.5,-2.25,0,-1.5,1.81842,1.0011,1.08688,3,0.804933,1,0.820314,0,0.804933,0.803712,0,80.4688,186.278,189.111,184.056,6553,1990,1706.48,970,2007.07,148.617,175.266,174.82,147.234,175.266,814.92,57.75,14.672,9.98135,15.368,96,100,100,-0.75,0.890625,90.2875,13.5,13.5,14.25
29.6,-1.5,-2.25,0,-1.5,1.81116,1.00107,1.08832,3,0.804933,1,0.820314,0,0.804933,0.808107,0,78.9063,187.833,171.806,186.056,6545.75,1980,1719.84,970,1999.1,149.883,174.797,174.656,146.883,174.797,814.92,57.75,14.88,10.0773,15.576,96,100,100,-0.75,0.59375,89.0286,14.25,14.25,16.5
29.633,-1.5,-2.25,0,-1.5,1.81903,1.0011,1.08951,3,0.804933,1,0.820314,0,0.804933,0.808107,0,76.1719,185.695,197.333,186.611,6565.75,1980,1699.88,970,2004.45,148.008,174.633,174.188,149.555,174.797,817.967,57.75,14.62,9.93601,15.316,96,100,100,-0.75,0.859375,86.3308,12.75,12.75,12.75
29.667,-1.5,-2.25,0,-1.5,1.79938,1.0011,1.09158,3,0.804933,1,0.820314,0,0.804933,0.807374,0,76.1719,184.25,185.945,184.639,6587.5,1980,1699.65,970,1985.94,147.984,174.633,174.188,151.711,174.633,817.967,57.75,14.612,9.89868,15.308,96,100,100,-0.75,0.53125,83.453,12.75,12.75,12.75
29.7,-1.5,-2.25,0,-1.5,1.82404,1.0011,1.09165,3,0.804933,1,0.820314,0,0.804933,0.808107,0,71.4844,188.139,194.445,185.111,6591.75,1980,1696.95,970,2009.69,147.727,174.164,174.094,142.453,174.164,817.967,57.75,14.692,10.0213,15.388,96,100,100,-0.75,0.484375,80.2166,13.5,13.5,16.5
29.733,-1.5,-2.25,0,-1.5,1.75635,1.0011,1.09158,3,0.804933,1,0.820314,0,0.804933,0.804445,0,54.6875,184.361,152.583,185.778,6605,1980,1718.55,970,1956.84,149.742,174.07,173.484,156.703,174.164,817.967,57.75,14.784,9.77335,15.48,96,100,100,-0.75,0.25,76.0798,16.5,16.5,16.5
29.767,-1.5,-2.25,0,-1.5,1.79169,1.00107,1.09296,3,0.804933,1,0.820314,0,0.804933,0.811036,0,54.6875,184.528,183.945,186.333,6626.75,1970,1693.4,970,1988.59,147.398,174.07,173.484,151.289,174.07,817.967,58.5,14.572,9.84801,15.268,96,100,100,-0.75,0.421875,73.3821,12.75,12.75,12.75
29.8,-1.5,-2.25,0,-1.5,1.78003,1.00107,1.0932,3,0.804933,1,0.820314,0,0.804933,0.808107,0,39.8438,187.889,157.667,186.056,6628.25,1970,1711.52,970,1975.35,148.734,173.063,173.391,149.086,173.063,817.967,58.5,14.772,9.94935,15.468,96,100,100,-0.75,0.40625,68.5251,12.75,12.75,12.75
29.833,-1.5,-2.25,0,-1.5,1.75629,1.00107,1.09549,3,0.804933,1,0.820314,0,0.804933,0.81006,0,23.4375,183.25,152.667,186.056,6641.5,1770,1708.09,970,1954.26,148.406,173.367,172.875,156.047,154.758,820.467,58.5,14.672,9.72801,15.368,96,100,100,-0.75,-0.015625,61.8707,15,15,14.25
29.867,-1.5,-2.25,0,-1.5,1.78711,1.0011,1.09802,3,0.804933,1,0.820314,0,0.804933,0.811036,0,23.4375,183.278,185.806,187.222,6666.5,1620,1679.14,970,1993.79,145.688,173.367,172.875,145.945,140.672,820.467,59.25,14.468,9.84268,15.164,96,100,100,-0.75,0.296875,57.914,9.75,9.75,9.75
29.9,-1.5,-2.25,0,-1.5,1.76349,1.0011,1.09869,3,0.804933,1,0.820314,0,0.804933,0.811769,0,9.76563,183.889,182.139,184.056,6672.5,1470,1655.98,970,1967.46,143.531,172.852,172.57,142.922,126.984,820.467,59.25,14.232,9.74668,14.928,96,94.1177,51.7647,-0.75,0.59375,53.0571,13.5,13.5,13.5
29.933,-1.5,-2.25,0,-1.5,1.76349,1.0011,1,3,0.804933,1,0.820314,0,1.04688,0.811769,0,0,184.667,180.778,184.056,6687.25,1190,1645.35,970,1967.46,142.523,172.547,172.031,141.563,100.805,820.467,59.25,9.544,9.04534,10.24,96,55.6863,45.4902,-0.75,0.5,45.3238,16.5,16.5,24.75
29.967,-1.5,-2.25,0,-1.5,1.79425,1.0011,1,3,0.804689,1,0.820314,0,0.804689,0.82007,0,0,177.639,175.028,180.167,6659.25,1180,1615.35,970,2001.76,139.734,172.547,172.031,137.625,94.1719,820.467,59.25,12.052,8.32801,12.756,96,45.0981,38.0392,-0.75,0.828125,39.0279,13.5,13.5,13.5
30,-1.5,-2.25,0,-1.5,1.80609,1.0011,1.00241,3,0.804689,1,0.820314,0,0.804689,0.873536,0,0,172.778,164.056,174.278,6663.5,1130,1541.68,970,2014.96,132.914,172.008,172.711,128.906,90.2344,820.467,59.25,11.56,8.29601,12.264,96,40,38.0392,-0.75,0.625,32.7336,10.5,10.5,10.5
30.033,-1.5,-2.25,0,-1.5,1.80609,1.0011,1,3,0.804689,1,0.820314,0,0.804689,0.892335,0,0,161.917,145.278,168.861,6665,1010,1434.38,970,2014.96,122.953,172.688,172.336,113.93,79.3125,821.502,59.25,9.732,7.05868,10.436,96,34.902,31.7647,-0.75,0.234375,26.0792,3.75,3.75,3.75
30.067,-1.5,-2.25,0,-1.5,1.77771,1.00113,1.00601,3,0.804689,1,0.820314,0,0.804689,0.843263,0,0,140.945,126.389,163.195,6663.5,970,1285.82,970,1983.28,109.242,172.688,172.336,99.3047,71.9531,821.502,60,8.312,6.00001,9.008,96,30.9804,29.8039,-0.75,0.609375,19.4247,4.5,4.5,4.5
30.1,-1.5,-2.25,0,-1.5,1.74927,1.0011,1.01431,3,0.804689,1,0.820314,0,0.804689,0.833986,0,0,132.139,101.278,156.222,6641.5,970,1124.06,970,1951.56,94.125,171.914,172.664,79.8281,63.2109,821.502,60,6.856,5.34401,7.552,96,27.0588,26.6667,-0.75,0.375,12.5887,5.25,5.25,5.25
30.133,-1.5,-2.25,0,-1.5,1.73981,1.00113,1.01898,3,0.804689,1,0.820314,0,0.804689,0.82007,0,0,105.056,80.6112,141.333,6662,970,913.125,970,1941.02,74.7656,172.641,172.781,63.3516,53.8594,821.502,60,5.44,4.15201,6.136,96,23.1373,22.7451,-0.75,0.0625,5.93423,6,6,6
30.167,-1.5,-2.25,0,-1.5,1.75769,1.00113,1.02026,3,0.847658,1,0.820314,0,0.820314,0.809083,0,0,82.0556,64.8056,130.75,6656.25,970,781.445,970,1941.02,62.6719,172.641,172.781,50.9766,47.8359,821.502,61.5,4.276,3.048,4.972,96,19.6078,20,-0.75,0.3125,2.33768,9,9,9
30.2,-1.5,-2.25,0,-1.5,1.79627,1.00113,1.01544,3,0.847658,1,0.820314,0,0.820314,0.791993,0,0,72.4167,59.8889,114.861,6654.75,970,682.266,970,1935.7,53.5313,172.758,172.781,47.1094,43.7578,821.502,61.5,3.672,2.664,4.368,96,18.0392,17.2549,-0.75,0.859375,0,12.75,12.75,12.75
30.233,0,0,0,0,1.79871,1.00113,1.01328,3,0.847658,1,0.820314,0,0.820314,0.773195,0,0,60.1389,49.0556,91.5556,6648.75,970,570.742,970,1896.09,43.1953,172.758,172.945,38.625,36.6328,817.713,61.5,2.96,2.096,3.656,96,15.6863,16.0784,-0.75,0.34375,0,13.5,13.5,13.5
30.267,0,0,0,0,1.763,1.00113,1.00855,3,0.904298,1,0.820314,0,0.820314,0.756593,0,0,50.2778,44.4723,81.8334,6640,970,525.547,970,1837.97,39.0234,172.758,172.945,35.0625,31.9219,817.713,61.5,2.636,1.832,3.324,96,14.5098,14.5098,-0.75,0.578125,0,15.75,15.75,15.75
30.3,0,0,0,0,1.72095,1.00113,1.00101,3,0.904298,1,0.820314,0,0.820314,0.754152,0,0,45.6945,36.8056,71.1389,6631.25,970,468.672,970,1779.88,33.6563,172.547,173.156,29.0625,27.6563,817.713,61.5,2.252,1.616,2.94,96,12.549,12.9412,-0.75,0.40625,0,15,15,15
30.333,0,0,0,0,1.66412,1.00113,1,3,0.904298,1,0.820314,0,0.820314,0.788087,0,0,37.4723,31.5834,58.1667,6631.25,970,406.523,970,1708.55,27.8672,173.133,173.25,24.9375,23.4375,817.713,61.5,1.904,1.30933,2.592,96,11.3726,11.3726,-0.75,0.3125,0,16.5,16.5,16.5
30.367,0,0,0,0,1.61609,1.00113,1,3,0.944337,1,0.820314,0,0.820314,0.822999,0,0,32.0834,27.9722,50,6616.5,970,370.469,970,1653.09,24.4922,173.133,173.25,22.125,21.1406,817.713,61.5,1.656,1.12533,2.352,96,10.5882,10.5882,-0.75,0.796875,0,16.5,16.5,16.5
30.4,0,0,0,0,1.44147,1.00113,1,3,0.944337,1,0.820314,0,0.820314,0.8313,0,0,29.0556,23,46.0556,6610.75,970,335.82,970,1608.16,21.2578,173.227,173.297,18.2109,15.75,817.713,61.5,1.396,1.00533,2.092,96,9.80392,9.80392,-0.75,1.03125,0,16.5,16.5,-15
30.433,0,0,0,0,1.38702,1.00113,1,3,0.944337,1,0.820314,0,0.820314,0.814699,0,0,23.9445,20.0833,41.75,6597.75,970,300.586,970,1547.42,17.9531,173.273,173.859,15.9375,15.75,814.197,61.5,1.2,0.842668,1.896,96,9.01961,8.62745,-0.75,0.484375,0,17.25,17.25,-14.25
30.467,0,0,0,0,1.35388,1.00113,1.00214,3,0.976076,1,0.820314,0,0.820314,0.815675,0,0,20.3611,18.3333,38.1667,6561.5,970,277.656,970,1510.43,15.8203,173.273,173.859,14.625,15.75,814.197,61.5,1.096,0.733334,1.784,96,8.2353,8.62745,-0.75,0.84375,0,18,18,-13.5
30.5,0,0,0,0,1.32782,1.00113,1.00516,3,0.976076,1,0.820314,0,0.820314,0.827638,0,0,19.1389,18.0556,35.8611,6534.5,970,268.594,970,1481.37,14.9297,173.438,174.68,14.4609,15.75,814.197,61.5,1.08,0.722668,1.768,96,8.2353,8.62745,-0.75,0.640625,0,17.25,17.25,-13.5
30.533,0,0,0,0,1.28046,1.00113,1.00995,3,0.976076,1,0.820314,0,0.820314,0.843263,0,0,18.1111,18,33.9445,6493.5,970,264.727,970,1428.52,14.5781,174.492,175.57,14.5078,15.75,814.197,61.5,1.076,0.720001,1.764,96,8.62745,9.01961,-0.75,0.734375,0,18,18,-12.75
30.567,0,0,0,0,1.2544,1.00113,1.01932,3,1,1,0.820314,0,0.820314,0.864259,0,0,18.1667,18.2778,34.3056,6540,970,264.453,970,1399.49,14.5781,174.492,175.57,14.625,15.75,814.197,60,1.1,0.733334,1.788,96,9.01961,9.01961,-0.75,0.65625,0,18,18,-12
30.6,0,0,0,0,1.22833,1.00113,1.03192,3,1,1,0.820314,0,0.820314,0.885744,0,0,18.4445,18.5278,33.4445,6567.25,970,265.625,970,1370.43,14.6719,172.266,173.672,14.7656,15.75,814.197,60,1.132,0.746668,1.82,96,9.41177,9.41177,-0.75,0.578125,0,18.75,18.75,-11.25
30.633,0,0,0,0,1.19995,1.00113,1.05658,3,1,1,0.820314,0,0.820314,0.919923,0,0,18.5556,18.75,33.5,6619.5,970,266.523,970,1338.71,14.7656,173.648,173.672,14.8125,15.75,813.396,60,1.168,0.776001,1.856,96,9.41177,9.41177,-0.75,0.140625,0,18.75,18.75,-10.5
30.667,0,0,0,0,1.18335,1.00113,1.07443,3,1,1,0.820314,0,0.820314,0.929933,0,0,18.6111,18.8889,33.1667,6602,970,267.383,970,1320.23,14.8594,173.648,173.672,14.9766,15.75,813.396,60,1.204,0.802668,1.892,96,9.80392,9.80392,-0.75,0.796875,0,18.75,18.75,-10.5
30.7,0,0,0,0,1.16919,1.00113,1.09668,3,1,1,0.820314,0,0.820314,0.942384,0,0,18.8056,19.5278,33.9167,6573,970,270.742,970,1304.38,15.1406,171.867,173.883,15.5391,15.75,813.396,60,1.252,0.826668,1.94,96,10.1961,10.1961,-0.75,0.484375,0,18,18,-10.5
30.733,0,0,0,0,1.15729,1.00113,1.12393,3,1,1,0.820314,0,0.820314,0.947267,0,0,19.1389,19.0833,32.1667,6558.75,970,272.461,970,1291.17,15.3047,172.242,174.422,15.2344,15.75,813.396,60,1.296,0.861334,1.984,96,10.1961,10.1961,-0.75,0.484375,0,17.25,17.25,-11.25
30.767,0,0,0,0,1.17157,1.00113,1.14249,3,1,1,0.820314,0,0.820314,0.948488,0,0,19.3333,19.75,25.6389,6564.5,970,274.609,970,1307.03,15.5156,172.242,174.422,15.75,15.75,813.396,59.25,1.336,0.896001,2.032,96,10.1961,10.1961,-0.75,0.203125,0,17.25,17.25,-10.5
30.8,0,0,0,0,1.16681,1.00113,1.16031,3,1,1,0.820314,0,0.820314,0.946046,0,0,19.5556,19.6667,24.7222,6555.75,970,276.094,970,1301.72,15.6797,171.867,174.305,15.7031,15.75,813.396,59.25,1.364,0.912001,2.06,96,10.1961,10.1961,-0.75,0.640625,0,17.25,17.25,-10.5
30.833,0,0,0,0,1.15967,1.00113,1,3,1,1,0.820314,0,0.820314,0.937501,0,0,19.6111,19.5556,24.5556,6553,970,276.172,970,1293.83,15.6797,171.867,174.281,15.5859,15.75,813.689,59.25,1.164,0.925334,1.86,96,10.1961,10.1961,-0.75,0.5625,0,17.25,17.25,-10.5
30.867,0,0,0,0,1.15729,1.00113,1,3,1,1,0.820314,0,1.04688,0.923341,0,0,19.3333,19.3056,23.5834,6543,970,274.57,970,1291.17,15.5391,171.867,174.281,15.4453,15.75,813.689,59.25,0.916,0.616001,1.612,96,10.1961,10.1961,-0.75,0.171875,0,17.25,17.25,52.5
30.9,0,0,0,0,1.14783,1.00113,1,3,1,1,0.820314,0,1.04688,0.903322,0,0,19.3056,19.3611,22.5834,6504.75,970,274.336,970,1280.59,15.5859,171.258,174.984,15.5625,15.75,813.689,59.25,0.92,0.616001,1.616,96,10.1961,10.1961,-0.75,0.453125,0,17.25,17.25,52.5
30.933,0,0,0,0,1.13599,1.00113,1,3,1,1,0.820314,0,1.04688,1.05469,0,0,19.1945,19.2222,22.0556,6499,970,272.969,970,1267.38,15.4688,171.867,175.266,15.4688,15.75,813.689,59.25,0.916,0.613334,1.612,96,10.1961,10.1961,-0.75,0.859375,0,17.25,17.25,52.5
30.967,0,0,0,0,1.12891,1.00113,1,3,1,1,0.820314,0,1.04688,1.39282,0,0,19.0833,18.8611,22.3334,6514.5,970,271.719,970,1259.45,15.3516,171.867,175.266,15.1406,15.75,813.689,59.25,0.904,0.608001,1.592,96,10.1961,10.1961,-0.75,0.6875,0,17.25,17.25,52.5
31,0,0,0,0,1.12183,1.00113,1,3,1,1,0.820314,0,1.04688,1.85816,0,0,19.0833,19.1389,22.4445,6514.5,970,272.266,970,1251.56,15.3984,172.711,175.125,15.375,15.75,813.689,59.25,0.908,0.610667,1.596,96,10.5882,10.5882,-0.75,0.25,0,17.25,17.25,52.5
31.033,0,0,0,0,1.11469,1.00113,1,3,1,1,0.820314,0,1.04688,2.69996,0,0,19.0833,19.1111,21.6667,6494.75,970,272.109,970,1243.63,15.3984,172.711,175.313,15.3984,15.75,807.849,59.25,0.908,0.610667,1.596,96,10.5882,10.5882,-0.75,0.578125,0,17.25,17.25,52.5
31.067,0,0,0,0,1.10761,1.00113,1,3,1,1,0.820314,0,1.04688,3.48975,0,0,19.0278,19.4167,21.1389,6485,970,272.07,970,1235.7,15.3984,172.711,175.313,15.6563,15.75,807.849,58.5,0.912,0.608001,1.608,96,10.5882,10.5882,-0.75,0.453125,0,17.25,17.25,52.5
31.1,0,0,0,0,1.10291,1.00113,1,3,1,1,0.820314,0,1.04688,4.23316,0,0,19.1389,19.0278,21.1389,6486.25,970,272.93,970,1230.43,15.4453,172.336,175.781,15.3516,15.75,807.849,58.5,0.912,0.613334,1.608,96,10.5882,10.5882,-0.75,1.0625,0,17.25,17.25,52.5
31.133,0,0,0,0,1.09815,1.00113,1,3,1,1,0.820314,0,1.04688,5.00001,0,0,19.0833,19.25,21.2778,6469.5,970,273.477,970,1225.12,15.4922,172.711,175.805,15.5625,15.75,807.849,58.5,0.92,0.613334,1.616,96,10.5882,10.5882,-0.75,0.546875,0,17.25,17.25,52.5
31.167,0,0,0,0,1.09338,1.00113,1,3,1,1,0.820314,0,1.04688,5.00001,0,0,19.1389,19.1667,20.8333,6464,970,273.672,970,1219.84,15.5156,172.711,175.805,15.5156,15.75,807.849,58.5,0.92,0.613334,1.6,96,10.5882,10.5882,-0.75,0.59375,0,17.25,17.25,52.5
31.2,0,0,0,0,1.08624,1.00113,1,3,1,1,0.820314,0,1.04688,5.00001,0,0,19.0833,19.0278,20.3889,6457,970,273.359,970,1211.91,15.4688,172.313,176.133,15.3984,15.75,807.849,58.5,0.912,0.613334,1.592,96,10.5882,10.5882,-0.75,0.578125,0,17.25,17.25,52.5
31.233,0,0,0,0,1.08392,1.00113,1,3,1,1,0.820314,0,1.04688,5.00001,0,0,19.0278,19.1667,20.6945,6454.25,970,273.398,970,1209.3,15.4922,172.313,176.32,15.5391,15.75,802.283,58.5,0.916,0.613334,1.596,96,10.5882,10.5882,-0.75,0.9375,0,17.25,17.25,52.5
31.267,0,0,0,0,1.07916,1.00113,1,3,1,1,0.820314,0,1.04688,5.00001,0,0,19.0278,19.3333,20.1945,6437.75,970,274.18,970,1203.98,15.5625,172.313,176.32,15.7031,15.75,802.283,58.5,0.92,0.616001,1.6,95.25,10.9804,10.5882,-0.75,0.359375,0,17.25,17.25,52.5
31.3,0,0,0,0,1.07446,1.00113,1,3,1,1,0.820314,0,1.04688,5.00001,0,0,19.0833,18.9445,20.0556,6432,970,273.438,970,1198.71,15.4453,173.367,176.367,15.4219,15.75,802.283,58.5,0.912,0.616001,1.592,95.25,10.5882,10.5882,-0.75,0.5625,0,17.25,17.25,52.5
31.333,0,0,0,0,1.0719,1.00113,1,3,1,1,0.820314,0,1.04688,5.00001,0,0,19.1389,18.9445,20.25,6432,970,274.414,970,1193.44,15.5391,173.742,176.555,15.4219,15.75,802.283,58.5,0.92,0.616001,1.6,95.25,10.5882,10.9804,-0.75,0.296875,0,16.5,16.5,52.5
31.367,0,0,0,0,1.07275,1.00113,1,3,1,1,0.820314,0,1.04688,5.00001,0,0,19.0833,19.1111,19.9167,6425.25,970,274.883,970,1190.78,15.5859,173.742,176.555,15.5625,15.75,802.283,58.5,0.92,0.616001,1.6,95.25,10.9804,10.9804,-0.75,0.921875,0,16.5,16.5,52.5
31.4,0,0,0,0,1.07068,1.00113,1,3,1,1,0.820314,0,1.04688,5.00001,0,0,19.0278,19.1667,20.3611,6419.75,970,274.609,970,1185.51,15.5625,173.344,176.789,15.6328,15.75,802.283,58.5,0.92,0.616001,1.6,95.25,10.9804,10.9804,-0.75,0.296875,0,16.5,16.5,52.5
31.433,0,0,0,0,1.07282,1.00113,1,3,1,1,0.820314,0,1.04688,5.00001,0,0,19.8333,19.1111,20.4445,6397.75,970,284.766,970,1182.85,16.5234,173.344,177,16.9453,15.75,796.756,58.5,0.988,0.658667,1.668,95.25,10.5882,10.9804,-0.75,0.375,0,16.5,16.5,51.75
31.467,0,0,0,0,1.07312,1.00113,1,3,1,1,0.820314,0,1.04688,5.00001,0,0,20.0278,18.9445,20.3611,6393.75,970,284.609,970,1180.23,16.5234,173.344,177,17.0625,15.75,796.756,58.5,0.996,0.656001,1.676,96,10.5882,10.9804,-0.75,0.1875,0,16.5,16.5,51.75
31.5,0,0,0,0,1.07227,1.00113,1,3,1,1,0.820314,0,1.04688,5.00001,0,0,20.0833,19.1389,19.6389,6396.5,970,284.414,970,1177.58,16.4531,172.945,177.375,16.5938,15.75,796.756,58.5,0.98,0.650667,1.66,96,10.9804,10.9804,-0.75,0.296875,0,16.5,16.5,51
31.533,0,0,0,0,1.07074,1.00113,1,3,1,1,0.820314,0,1.04688,5.00001,0,0,20.5833,19.0278,20.4722,6387,970,289.609,970,1172.3,16.9453,173.344,177.469,17.4141,15.75,796.756,58.5,1.024,0.677334,1.704,96,10.9804,10.9804,-0.75,0.5,0,16.5,16.5,51
31.567,0,0,0,0,1.07098,1.00113,1,3,1,1,0.820314,0,1.04688,5.00001,0,0,20.6389,19.1389,19.6667,6370.75,970,288.828,970,1169.65,16.875,173.344,177.469,16.5469,15.75,796.756,58.5,0.988,0.664001,1.676,95.25,10.9804,10.9804,-0.75,0.28125,0,16.5,16.5,51.75
31.6,0,0,0,0,1.07062,1.00113,1,3,1,1,0.820314,0,1.04688,5.00001,0,0,20.3611,19.0278,20.1111,6366.5,970,287.93,970,1167.03,16.8047,172.945,177.563,16.875,15.75,796.756,58.5,1,0.664001,1.688,95.25,10.9804,10.9804,-0.75,0.828125,0,16.5,16.5,51.75
31.633,0,0,0,0,1.07337,1.00113,1,3,1,1,0.820314,0,1.04688,5.00001,0,0,20.25,18.8611,20.1111,6355.75,970,286.367,970,1167.03,16.6406,172.945,177.75,16.2188,15.75,791.306,58.5,0.98,0.650667,1.668,95.25,10.5882,10.9804,-0.75,0.75,0,16.5,16.5,51.75
31.667,0,0,0,0,1.07037,1.00113,1,3,1,1,0.820314,0,1.04688,5.00001,0,0,20.3611,18.9445,19.8611,6357.25,970,288.398,970,1161.72,16.8281,172.945,177.75,16.9922,15.75,791.306,58.5,1.012,0.680001,1.692,95.25,10.9804,10.9804,-0.75,0.546875,0,16.5,16.5,51
31.7,0,0,0,0,1.07263,1.00113,1,3,1,1,0.820314,0,1.04688,5.00001,0,0,20.25,18.9445,20.6945,6350.5,970,288.477,970,1161.72,16.8047,172.57,177.961,17.2031,15.75,791.306,58.5,1.016,0.658667,1.696,95.25,10.9804,10.9804,-0.75,0.25,0,16.5,16.5,51.75
31.733,0,0,0,0,1.07092,1.00113,1,3,1,1,0.820314,0,1.04688,5.00001,0,0,20.25,18.9167,20.25,6333,970,289.375,970,1156.45,16.8984,172.945,178.125,17.1094,15.75,791.306,58.5,1.02,0.669334,1.7,95.25,10.9804,10.9804,-0.75,0.59375,0,15.75,15.75,51
31.767,0,0,0,0,1.06867,1.00113,1,3,1,1,0.820314,0,1.04688,5.00001,0,0,20.1945,18.7778,19.6667,6326.25,970,288.516,970,1151.17,16.8047,172.945,178.125,17.2734,15.75,791.306,58.5,1.024,0.685334,1.704,95.25,10.5882,10.5882,-0.75,0.640625,0,16.5,16.5,51.75
31.8,0,0,0,0,1.07337,1.00113,1,3,1,1,0.820314,0,1.04688,5.00001,0,0,20.0833,18.9445,19.75,6319.75,970,285.664,970,1153.79,16.5469,172.57,178.5,16.4063,15.75,791.306,58.5,0.984,0.653334,1.664,95.25,10.5882,10.5882,-0.75,0.453125,0,16.5,16.5,51.75
31.833,0,0,0,0,1.07007,1.00113,1,3,1,1,0.820314,0,1.04688,5.00001,0,0,19.8889,18.8056,20.3056,6317,970,289.297,970,1148.52,16.875,172.57,178.711,17.4844,15.75,785.779,58.5,1.036,0.661334,1.716,95.25,10.5882,10.5882,-0.75,0.21875,0,16.5,16.5,51.75
31.867,0,0,0,0,1.07221,1.00113,1,3,1,1,0.820314,0,1.04688,5.00001,0,0,19.8889,18.8056,19.5833,6310.25,970,285.898,970,1148.52,16.5703,172.57,178.711,16.5,15.75,785.779,58.5,0.996,0.666667,1.684,95.25,10.5882,10.5882,-0.75,0.765625,0,16.5,16.5,51.75
31.9,0,0,0,0,1.07361,1.00113,1,3,1,1,0.820314,0,1.04688,5.00001,0,0,19.9445,18.8333,19.5833,6302.5,970,284.414,970,1148.52,16.4297,172.57,178.781,16.1484,15.75,785.779,58.5,0.976,0.664001,1.664,95.25,10.5882,10.5882,-0.75,0.453125,0,16.5,16.5,51.75
31.933,0,0,0,0,1.07147,1.00113,1,3,1,1,0.820314,0,1.04688,5.00001,0,0,19.8889,18.8333,19.5278,6286.5,970,286.094,970,1143.24,16.5938,174,178.969,16.7109,15.75,785.779,58.5,0.996,0.645334,1.684,95.25,10.5882,10.5882,-0.75,0.078125,0,15.75,15.75,51.75
31.967,0,0,0,0,1.0733,1.00113,1,3,1,1,0.820314,0,1.04688,5.00001,0,0,19.9722,18.9445,19.6945,6280,970,286.602,970,1143.24,16.6406,174,178.969,16.5,15.75,785.779,58.5,0.996,0.658667,1.684,96,10.5882,10.5882,-0.75,0.5625,0,15.75,15.75,51.75
32,0,0,0,0,1.07477,1.00113,1,3,1,1,0.820314,0,1.04688,5.00001,0,0,19.7778,18.6667,20,6274.75,970,285.625,970,1143.24,16.5,173.602,179.297,16.5234,15.75,785.779,58.5,0.996,0.669334,1.684,96,10.5882,10.5882,-0.75,0.625,0,15.75,15.75,51.75
32.033,0,0,0,0,1.07452,1.00113,1,3,1,1,0.820314,0,1.04688,5.00001,0,0,19.6667,18.7778,19.0833,6272,970,283.516,970,1140.59,16.3125,174,179.508,16.0781,15.75,780.349,58.5,0.976,0.656001,1.664,96,10.5882,10.5882,-0.75,0.703125,0,15.75,15.75,51.75
32.067,0,0,0,0,1.07343,1.00113,1,3,1,1,0.820314,0,1.04688,5.00001,0,0,19.7778,18.7778,19.6389,6264.25,970,286.484,970,1137.97,16.5938,174,179.508,16.6172,15.75,780.349,58.5,1.004,0.658667,1.684,95.25,10.5882,10.5882,-0.75,0.234375,0,15.75,15.75,51.75
32.1,0,0,0,0,1.07575,1.00113,1,3,1,1,0.820314,0,1.04688,5.00001,0,0,19.8889,18.8056,19.3889,6257.75,970,285.977,970,1137.97,16.5469,173.602,179.648,16.2656,15.75,780.349,58.5,0.984,0.658667,1.664,95.25,10.5882,10.5882,-0.75,0.78125,0,15.75,15.75,51
32.133,0,0,0,0,1.07514,1.00113,1,3,1,1,0.820314,0,1.04688,5.00001,0,0,19.6111,18.5833,19.3333,6251.25,970,284.609,970,1135.31,16.4063,173.602,179.695,16.2656,15.75,780.349,58.5,0.988,0.658667,1.668,95.25,10.5882,10.5882,-0.75,0.625,0,15.75,15.75,51
32.167,0,0,0,0,1.07404,1.00113,1,3,1,1,0.820314,0,1.04688,5.00001,0,0,19.6111,18.8889,19.5278,6235.5,970,285.898,970,1132.66,16.5234,173.602,179.695,16.7813,15.75,780.349,58.5,1.012,0.666667,1.7,95.25,10.5882,10.5882,-0.75,0.296875,0,15.75,15.75,51
32.2,0,0,0,0,1.07544,1.00113,1,3,1,1,0.820314,0,1.04688,5.00001,0,0,19.5556,18.6389,19.75,6227.75,970,284.688,970,1132.66,16.4063,173.602,179.906,16.875,15.75,780.349,58.5,1.008,0.632001,1.696,95.25,10.5882,10.5882,-0.75,0.515625,0,15.75,15.75,51
32.233,0,0,0,0,1.07733,1.00113,1,3,1,1,0.820314,0,1.04688,5.00001,0,0,19.5556,18.6667,19.1667,6218.75,970,282.578,970,1132.66,16.2188,173.602,180.141,16.0547,15.75,774.978,58.5,0.976,0.645334,1.664,95.25,10.5882,10.5882,-0.75,0.5625,0,15.75,15.75,51
32.267,0,0,0,0,1.07538,1.00113,1,3,1,1,0.820314,0,1.04688,5.00001,0,0,19.3333,18.4445,19.75,6218.75,970,285.156,970,1130.04,16.4531,173.602,180.141,16.875,15.75,774.978,58.5,1.016,0.661334,1.704,95.25,10.5882,10.5882,-0.75,0.78125,0,15.75,15.75,51.75
32.3,0,0,0,0,1.07733,1.00113,1,3,1,1,0.820314,0,1.04688,5.00001,0,0,19.4445,18.6111,18.75,6212.25,970,283.477,970,1130.04,16.3125,173.602,180.469,15.8672,15.75,774.978,58.5,0.976,0.650667,1.664,95.25,10.5882,10.5882,-0.75,0.40625,0,15.75,15.75,51.75
32.333,0,0,0,0,1.07562,1.00113,1,3,1,1,0.820314,0,1.04688,5.00001,0,0,19.0278,18.6389,19.4722,6203.25,970,283.711,970,1127.38,16.3359,173.602,180.609,16.6641,15.75,774.978,58.5,1.004,0.645334,1.692,95.25,10.5882,10.5882,-0.75,0.390625,0,15.75,15.75,51.75
32.367,0,0,0,0,1.07764,1.00113,1,3,1,1,0.820314,0,1.04688,5.00001,0,0,19.3056,18.6111,18.9445,6198.25,970,283.555,970,1127.38,16.3125,173.602,180.609,16.0313,15.75,774.978,58.5,0.976,0.637334,1.656,95.25,10.5882,10.5882,-0.75,0.453125,0,15.75,15.75,51.75
32.4,0,0,0,0,1.07648,1.00113,1,3,1,1,0.820314,0,1.04688,5.00001,0,0,19.25,18.6111,18.5,6193,970,282.383,970,1124.77,16.1953,173.602,180.727,16.2422,15.75,774.978,58.5,0.988,0.648001,1.668,95.25,10.5882,10.5882,-0.75,0.390625,0,15.75,15.75,51.75
32.433,0,0,0,0,1.07806,1.00113,1,3,1,1,0.820314,0,1.04688,5.00001,0,0,19.3056,18.5556,18.75,6174,970,283.086,970,1124.77,16.2656,173.602,180.867,15.9609,15.75,769.588,58.5,0.98,0.653334,1.66,95.25,10.5882,10.5882,-0.75,0.3125,0,15.75,15.75,51.75
32.467,0,0,0,0,1.07922,1.00113,1,3,1,1,0.820314,0,1.04688,5.00001,0,0,19.3333,18.5,18.6111,6169,970,283.477,970,1124.77,16.3125,173.602,180.867,15.6328,15.75,769.588,58.5,0.968,0.637334,1.648,95.25,10.5882,10.5882,-0.75,0.609375,0,15.75,15.75,51
32.5,0,0,0,0,1.07788,1.00113,1,3,1,1,0.820314,0,1.04688,5.00001,0,0,18.9722,18.5,18.9722,6160,970,283.125,970,1122.11,16.2422,174.656,181.078,16.5703,15.75,769.588,58.5,1,0.632001,1.68,95.25,10.5882,10.5882,-0.75,0.359375,0,15.75,15.75,51.75
32.533,0,0,0,0,1.07971,1.00113,1,3,1,1,0.820314,0,1.04688,5.00001,0,0,19.0833,18.5278,19.0278,6152.5,970,283.477,970,1122.11,16.2656,175.031,181.266,16.2422,15.75,769.588,58.5,0.996,0.640001,1.676,95.25,10.5882,10.5882,-0.75,0.84375,0,15.75,15.75,51.75
32.567,0,0,0,0,1.08038,1.00113,1,3,1,1,0.820314,0,1.04688,5.00001,0,0,18.8056,18.3056,18.3056,6147.5,970,280.508,970,1122.11,15.9844,175.031,181.266,15.6094,15.75,769.588,58.5,0.968,0.629334,1.648,95.25,10.5882,10.5882,-0.75,0.390625,0,15.75,15.75,51.75
32.6,0,0,0,0,1.08112,1.00113,1,3,1,1,0.820314,0,1.04688,5.00001,0,0,18.75,18.5556,18.9445,6138.5,970,281.016,970,1122.11,16.0313,174.633,181.594,16.1484,15.75,769.588,58.5,0.984,0.642667,1.664,95.25,10.5882,10.5882,-0.75,0.640625,0,15,15,51.75
32.633,0,0,0,0,1.07929,1.00113,1,3,1,1,0.820314,0,1.04688,5.00001,0,0,18.9167,18.3333,18.9722,6137.25,970,283.359,970,1119.45,16.2656,174.633,181.781,16.3359,15.75,764.432,58.5,1.004,0.653334,1.684,95.25,10.5882,10.5882,-0.75,1,0,15,15,51.75
32.667,0,0,0,0,1.0813,1.00113,1,3,1,1,0.820314,0,1.04688,5.00001,0,0,18.9722,18.5,18.5,6129.75,970,282.539,970,1119.45,16.1719,174.633,181.781,15.75,15.75,764.432,58.5,0.972,0.634667,1.66,95.25,10.5882,10.5882,-0.75,0.34375,0,15,15,51.75
32.7,0,0,0,0,1.07916,1.00113,1,3,1,1,0.820314,0,1.04688,5.00001,0,0,18.8611,18.2778,18.75,6123.5,970,283.867,970,1116.84,16.3125,174.633,181.969,16.4766,15.75,764.432,58.5,1.008,0.642667,1.696,95.25,10.5882,10.5882,-0.75,0.5625,0,15,15,51
32.733,0,0,0,0,1.08002,1.00113,1,3,1,1,0.820314,0,1.04688,5.00001,0,0,18.75,18.4722,18.8333,6114.75,970,282.305,970,1116.84,16.1484,174.633,182.156,16.3594,15.75,764.432,58.5,0.996,0.650667,1.684,95.25,10.5882,10.1961,-0.75,0.828125,0,15,15,51
32.767,0,0,0,0,1.08362,1.00113,1,3,1,1,0.820314,0,1.04688,5.00001,0,0,18.5556,18.3333,18.9722,6109.75,970,280.195,970,1119.45,15.9609,174.633,182.156,16.0313,15.75,764.432,58.5,0.984,0.626667,1.664,95.25,10.5882,10.1961,-0.75,0.546875,0,15,15,51.75
32.8,0,0,0,0,1.08179,1.00113,1,3,1,1,0.820314,0,1.04688,5.00001,0,0,18.6945,18.1389,19.0833,6101.25,970,282.5,970,1116.84,16.1719,174.633,182.203,16.4766,15.75,764.432,58.5,1.008,0.634667,1.688,95.25,10.1961,10.1961,-0.75,0.6875,0,15,15,51.75
32.833,0,0,0,0,1.08264,1.00113,1,3,1,1,0.820314,0,1.04688,5.00001,0,0,18.6389,18.2222,18.4445,6092.5,970,280.742,970,1116.84,16.0078,176.063,182.695,15.7969,15.75,759.334,58.5,0.976,0.626667,1.656,95.25,10.1961,10.1961,-0.75,0.640625,0,15,15,51.75
32.867,0,0,0,0,1.08063,1.00113,1,3,1,1,0.820314,0,1.04688,5.00001,0,0,18.5,18.2778,18.75,6086.25,970,281.328,970,1114.18,16.0547,176.063,182.695,16.7344,15.75,759.334,58.5,1.012,0.650667,1.7,95.25,10.1961,10.1961,-0.75,0.71875,0,15,15,51
32.9,0,0,0,0,1.08136,1.00113,1,3,1,1,0.820314,0,1.04688,5.00001,0,0,18.5,18.1945,18.8056,6071.5,970,282.07,970,1114.18,16.1016,175.664,182.953,16.6172,15.75,759.334,58.5,1.008,0.624001,1.696,95.25,10.1961,10.1961,-0.75,0.28125,0,15,15,51
32.933,0,0,0,0,1.08533,1.00113,1,3,1,1,0.820314,0,1.04688,5.00001,0,0,18.6389,18.25,18.25,6064.25,970,281.719,970,1116.84,16.0547,176.063,183.281,15.5391,15.75,759.334,58.5,0.972,0.650667,1.66,95.25,10.1961,10.1961,-0.75,0.625,0,15,15,51
32.967,0,0,0,0,1.0835,1.00113,1,3,1,1,0.820314,0,1.04688,5.00001,0,0,18.6389,18.1667,18.3333,6058,970,282.188,970,1114.18,16.1016,176.063,183.281,15.9609,15.75,759.334,58.5,0.988,0.640001,1.668,95.25,10.1961,10.1961,-0.75,0.484375,0,15,15,51
33,0,0,0,0,1.08447,1.00113,1,3,1,1,0.820314,0,1.04688,5.00001,0,0,18.6111,18.1389,18.1667,6052,970,281.25,970,1114.18,16.0313,175.664,183.609,15.7266,15.75,759.334,58.5,0.976,0.645334,1.656,95.25,10.1961,10.1961,-0.75,0.59375,0,15,15,51.75
33.033,0,0,0,0,1.08514,1.00113,1,3,1,1,0.820314,0,1.04688,5.00001,0,0,18.5,18.1389,18.6111,6045.75,970,281.094,970,1114.18,16.0078,175.664,183.984,16.1016,15.75,754.314,58.5,0.992,0.637334,1.672,95.25,10.1961,10.1961,-0.75,0.375,0,15,15,51.75
33.067,0,0,0,0,1.08563,1.00113,1,3,1,1,0.820314,0,1.04688,5.00001,0,0,18.2778,17.9445,18.2222,6036,970,279.766,970,1114.18,15.8906,175.664,183.984,15.7969,15.75,754.314,58.5,0.98,0.621334,1.668,95.25,10.1961,10.1961,-0.75,0.734375,0,15,15,51.75
33.1,0,0,0,0,1.08618,1.00113,1,3,1,1,0.820314,0,1.04688,5.00001,0,0,18.2222,18.1667,18.6945,6027.5,970,280.82,970,1114.18,15.9844,175.664,184.359,16.2188,15.75,754.314,58.5,1,0.621334,1.688,95.25,10.1961,10.1961,-0.75,0.78125,0,15,15,51.75
33.133,0,0,0,0,1.08722,1.00113,1,3,1,1,0.820314,0,1.04688,5.00001,0,0,18.3333,18.0556,18.3333,6021.5,970,279.766,970,1114.18,15.8906,175.664,184.781,15.9375,15.75,754.314,58.5,0.984,0.626667,1.672,95.25,10.1961,10.1961,-0.75,0.53125,0,15,15,51.75
33.167,0,0,0,0,1.08478,1.00113,1,3,1,1,0.820314,0,1.04688,5.00001,0,0,18.5,17.9722,18.5,6013,970,282.773,970,1111.52,16.1719,175.664,184.781,16.3828,15.75,754.314,58.5,1.012,0.645334,1.7,95.25,10.1961,10.1961,-0.75,1,0,15,15,51.75
33.2,0,0,0,0,1.08862,1.00113,1,3,1,1,0.820314,0,1.04688,5.00001,0,0,18.3333,18.1945,17.8056,6008.25,970,278.984,970,1114.18,15.7969,175.664,185.063,15.4219,15.75,754.314,58.5,0.964,0.624001,1.652,95.25,10.1961,10.1961,-0.75,0.78125,0,15,15,51.75
33.233,0,0,0,0,1.08637,1.00113,1,3,1,1,0.820314,0,1.04688,5.00001,0,0,18.2222,17.9722,18.4445,6002.25,970,282.07,970,1111.52,16.1016,175.664,185.508,16.2891,15.75,749.373,58.5,1.008,0.637334,1.696,95.25,10.1961,10.1961,-0.75,0.5625,0,15,15,51.75
33.267,0,0,0,0,1.08728,1.00113,1,3,1,1,0.820314,0,1.04688,5.00001,0,0,18.3333,17.9722,18.9167,5992.75,970,282.266,970,1111.52,16.125,175.664,185.508,16.5703,15.75,749.373,58.5,1.02,0.640001,1.708,95.25,10.1961,10.1961,-0.75,1,0,14.25,14.25,51
33.3,0,0,0,0,1.08862,1.00113,1,3,1,1,0.820314,0,1.04688,5.00001,0,0,18.4445,18,18.4722,5988,970,282.305,970,1111.52,16.125,175.664,186.07,16.1719,15,749.373,58.5,1.008,0.629334,1.696,95.25,10.1961,10.1961,-0.75,0.75,0,14.25,14.25,51
33.333,0,0,0,0,1.08923,1.00113,1,3,1,1,0.820314,0,1.04688,5.00001,0,0,18.1111,17.8611,18.1111,5977.25,970,280.547,970,1111.52,15.9609,175.664,186.211,16.1484,15,749.373,58.5,0.988,0.616001,1.676,95.25,10.1961,9.80392,-0.75,0.796875,0,14.25,14.25,51.75
33.367,0,0,0,0,1.09015,1.00113,1,3,1,1,0.820314,0,1.04688,5.00001,0,0,18.3889,17.2222,17.9722,5971.25,970,281.797,970,1111.52,16.0781,175.664,186.211,15.8203,15,749.373,58.5,0.984,0.637334,1.664,95.25,9.80392,9.80392,-0.75,0.90625,0,14.25,14.25,51
33.4,0,0,0,0,1.09418,1.00113,1,3,1,1,0.820314,0,1.04688,5.00001,0,0,17.8056,16.8333,17.3611,5965.25,970,274.766,970,1114.18,15.4219,177.07,186.609,15.0938,15,749.373,58.5,0.952,0.610667,1.632,95.25,9.41177,9.80392,-0.75,0.90625,0,14.25,14.25,51.75
33.433,0,0,0,0,1.0954,1.00113,1,3,1,1,0.820314,0,1.04688,5.00001,0,0,17.5833,17.0556,17.5278,5957,970,274.375,970,1114.18,15.375,177.07,186.938,15.2813,15,744.588,58.5,0.952,0.608001,1.632,95.25,9.80392,9.80392,-0.75,0.921875,0,14.25,14.25,51.75
33.467,0,0,0,0,1.09625,1.00113,1,3,1,1,0.820314,0,1.04688,5.00001,0,0,17.3611,17,17.1389,5950,970,273.008,970,1114.18,15.2578,177.07,186.938,14.9531,15,744.588,58.5,0.94,0.600001,1.62,95.25,9.41177,9.80392,-0.75,0.875,0,14.25,14.25,51.75
33.5,0,0,0,0,1.09705,1.00113,1,3,1,1,0.820314,0,1.04688,5.00001,0,0,17.3056,17,17.1111,5942.75,970,271.445,970,1114.18,15.0938,177.07,187.383,14.9531,15,744.588,58.5,0.932,0.597334,1.612,95.25,9.41177,9.41177,-0.75,1.03125,0,14.25,14.25,51
33.533,0,0,0,0,1.09686,1.00113,1,3,1,1,0.820314,0,1.04688,5.00001,0,0,17,16.8611,17.0278,5932.25,970,271.016,970,1114.18,15.0703,178.5,187.734,15.0234,15,744.588,58.5,0.932,0.594667,1.612,95.25,9.41177,9.41177,-0.75,1.20313,0,14.25,14.25,51
33.567,0,0,0,0,1.09515,1.00113,1,3,1,1,0.820314,0,1.04688,5.00001,0,0,17.1111,16.8889,17.6945,5927.5,970,274.063,970,1111.52,15.3516,178.5,187.734,15.9609,15,744.588,58.5,0.976,0.613334,1.664,95.25,9.41177,9.41177,-0.75,1.03125,0,14.25,14.25,51.75
33.6,0,0,0,0,1.09552,1.00113,1,3,1,1,0.820314,0,1.04688,5.00001,0,0,17.1111,16.8889,17.3333,5919.25,970,272.734,970,1111.52,15.2109,177.07,188.063,15.7031,15,744.588,58.5,0.956,0.594667,1.644,95.25,9.41177,9.41177,-0.75,0.84375,0,14.25,14.25,51.75
33.633,0,0,0,0,1.09955,1.00113,1,3,1,1,0.820314,0,1.04688,5.00001,0,0,17.3056,16.9722,16.6667,5918.25,970,271.211,970,1114.18,15.0703,177.07,188.602,14.4609,15,739.861,58.5,0.916,0.589334,1.604,95.25,9.41177,9.41177,-0.75,1.03125,0,14.25,14.25,51.75
33.667,0,0,0,0,1.09705,1.00113,1,3,1,1,0.820314,0,1.04688,5.00001,0,0,17.2222,16.8611,17.4722,5914.75,970,273.945,970,1111.52,15.3281,177.07,188.602,15.6328,15,739.861,58.5,0.968,0.616001,1.648,95.25,9.41177,9.41177,-0.75,0.5625,0,14.25,14.25,51.75
33.7,0,0,0,0,1.0979,1.00113,1,3,1,1,0.820314,0,1.04688,5.00001,0,0,17.2778,16.7778,16.7222,5907.75,970,272.188,970,1111.52,15.1406,176.672,188.836,14.9531,15,739.861,58.5,0.932,0.600001,1.612,95.25,9.41177,9.41177,-0.75,0.75,0,14.25,14.25,51.75
33.733,0,0,0,0,1.09937,1.00113,1,3,1,1,0.820314,0,1.04688,5.00001,0,0,17.1667,16.8611,16.8056,5898.5,970,272.383,970,1111.52,15.1641,177.07,189.258,14.9297,15,739.861,58.5,0.936,0.605334,1.616,95.25,9.41177,9.41177,-0.75,1,0,14.25,14.25,51.75
33.767,0,0,0,0,1.09943,1.00113,1,3,1,1,0.820314,0,1.04688,5.00001,0,0,17,16.7778,16.9167,5892.75,970,272.266,970,1111.52,15.1406,177.07,189.258,15.1406,15,739.861,58.5,0.948,0.597334,1.628,95.25,9.41177,9.41177,-0.75,0.609375,0,14.25,14.25,51
33.8,0,0,0,0,1.09973,1.00113,1,3,1,1,0.820314,0,1.04688,5.00001,0,0,17,16.75,17.5,5883.5,970,273.047,970,1111.52,15.2109,178.102,189.727,15.5859,15,739.861,58.5,0.964,0.608001,1.644,95.25,9.41177,9.41177,-0.75,0.546875,0,14.25,14.25,51.75
33.833,0,0,0,0,1.10095,1.00113,1,3,1,1,0.820314,0,1.04688,5.00001,0,0,17,16.75,17.1111,5875.25,970,272.656,970,1111.52,15.1875,178.102,190.031,15.2344,15,735.174,58.5,0.948,0.602667,1.628,95.25,9.41177,9.41177,-0.75,0.90625,0,14.25,14.25,51.75
33.867,0,0,0,0,1.1012,1.00113,1,3,1,1,0.820314,0,1.04688,5.00001,0,0,16.7778,16.8889,16.4167,5869.5,970,269.414,970,1111.52,14.8828,178.102,190.031,14.625,15,735.174,58.5,0.912,0.578667,1.6,95.25,9.41177,9.41177,-0.75,0.71875,0,14.25,14.25,51.75
33.9,0,0,0,0,1.1012,1.00113,1,3,1,1,0.820314,0,1.04688,5.00001,0,0,16.8889,16.6389,17.75,5858,970,273.164,970,1111.52,15.2344,178.102,190.359,15.7266,15,735.174,58.5,0.968,0.600001,1.656,95.25,9.41177,9.41177,-0.75,0.546875,0,14.25,14.25,51.75
33.933,0,0,0,0,1.10156,1.00113,1,3,1,1,0.820314,0,1.04688,5.00001,0,0,16.7222,16.6111,17.0278,5852.5,970,272.813,970,1111.52,15.1875,179.508,190.5,14.9766,15,735.174,58.5,0.94,0.589334,1.628,95.25,9.41177,9.41177,-0.75,0.5625,0,13.5,13.5,51
33.967,0,0,0,0,1.09949,1.00113,1,3,1,1,0.820314,0,1.04688,5.00001,0,0,16.7778,16.5556,16.6667,5841,970,271.797,970,1108.91,15.0938,179.508,190.5,15.3516,15,735.174,58.5,0.948,0.605334,1.628,95.25,9.41177,9.41177,-0.75,0.84375,0,13.5,13.5,50.25
34,0,0,0,0,1.1004,1.00113,1,3,1,1,0.820314,0,1.04688,5.00001,0,0,16.9445,16.7222,16.1945,5837.5,970,272.344,970,1108.91,15.1406,179.508,190.875,14.7891,15,735.174,58.5,0.932,0.605334,1.612,95.25,9.41177,9.41177,-0.75,0.984375,0,13.5,13.5,50.25
34.033,0,0,0,0,1.1004,1.00113,1,3,1,1,0.820314,0,1.04688,5.00001,0,0,16.6389,16.5833,16.9722,5828.5,970,272.109,970,1108.91,15.1406,179.508,191.227,15.6328,15,730.603,58.5,0.96,0.589334,1.64,95.25,9.41177,9.41177,-0.75,1.20313,0,14.25,14.25,51.75
34.067,0,0,0,0,1.10077,1.00113,1,3,1,1,0.820314,0,1.04688,5.00001,0,0,16.6389,16.5833,16.8889,5820.5,970,272.07,970,1108.91,15.1172,179.508,191.227,15.5859,15,730.603,58.5,0.956,0.605334,1.644,95.25,9.41177,9.41177,-0.75,0.53125,0,14.25,14.25,51.75
34.1,0,0,0,0,1.10132,1.00113,1,3,1,1,0.820314,0,1.04688,5.00001,0,0,16.7778,16.4722,16.8056,5821.75,970,271.367,970,1108.91,15.0703,179.508,191.578,15.4453,15,730.603,58.5,0.952,0.584001,1.64,95.25,9.41177,9.41177,-0.75,0.84375,0,13.5,13.5,51.75
34.133,0,0,0,0,1.10407,1.00113,1,3,1,1,0.820314,0,1.04688,5.00001,0,0,16.5278,16.6111,16.3333,5812.75,970,268.32,970,1111.52,14.7656,179.508,192.141,14.625,15,730.603,58.5,0.912,0.589334,1.6,95.25,9.41177,9.41177,-0.75,0.96875,0,14.25,14.25,51.75
34.167,0,0,0,0,1.10376,1.00113,1,3,1,1,0.820314,0,1.04688,5.00001,0,0,16.5278,16.6111,17.25,5806,970,271.094,970,1111.52,15.0234,179.508,192.141,15.5391,15,730.603,58.5,0.948,0.597334,1.636,95.25,9.41177,9.41177,-0.75,1.10938,0,14.25,14.25,51.75
34.2,0,0,0,0,1.10498,1.00113,1,3,1,1,0.820314,0,1.04688,5.00001,0,0,16.7778,16.6111,16.1945,5801.5,970,270.313,970,1111.52,14.9531,179.508,192.422,14.5078,15,730.603,58.5,0.916,0.597334,1.604,95.25,9.41177,9.41177,-0.75,0.578125,0,13.5,13.5,51
34.233,0,0,0,0,1.1048,1.00113,1,3,1,1,0.820314,0,1.04688,5.00001,0,0,16.6667,16.6389,16.2778,5787,970,270.664,970,1111.48,15,179.508,192.797,14.1563,15,726.053,58.5,0.904,0.608001,1.592,95.25,9.41177,9.41177,-0.75,1.03125,0,13.5,13.5,51
34.267,0,0,0,0,1.1015,1.00113,1,3,1,1,0.820314,0,1.04688,5.00001,0,0,16.6389,16.4167,17.0278,5780.25,970,272.578,970,1108.91,15.1641,179.508,192.797,15.6797,15,726.053,58.5,0.964,0.608001,1.644,95.25,9.01961,9.41177,-0.75,1.14063,0,14.25,14.25,51.75
34.3,0,0,0,0,1.10223,1.00113,1,3,1,1,0.820314,0,1.04688,5.00001,0,0,16.6389,16.5833,16.6111,5773.5,970,271.641,970,1108.91,15.0938,179.508,193.195,15.0938,15,726.053,58.5,0.94,0.592001,1.62,95.25,9.41177,9.41177,-0.75,0.453125,0,13.5,13.5,51
34.333,0,0,0,0,1.10498,1.00113,1,3,1,1,0.820314,0,1.04688,5.00001,0,0,16.5833,16.4445,16.6667,5765.75,970,270.547,970,1111.48,14.9766,180.914,193.266,14.7422,15,726.053,58.5,0.924,0.602667,1.604,95.25,9.41177,9.01961,-0.75,0.734375,0,13.5,13.5,51
34.367,0,0,0,0,1.10297,1.00113,1,3,1,1,0.820314,0,1.04688,5.00001,0,0,16.6389,16.4167,16.25,5767,970,271.719,970,1108.91,15.0938,180.914,193.266,15.375,15,726.053,58.5,0.952,0.589334,1.632,95.25,9.01961,9.01961,-0.75,0.828125,0,13.5,13.5,51
34.4,0,0,0,0,1.10303,1.00113,1,3,1,1,0.820314,0,1.04688,5.00001,0,0,16.4722,16.4722,16,5757,970,269.102,970,1108.91,14.8125,180.516,193.664,14.9531,15,726.053,58.5,0.924,0.581334,1.604,95.25,9.01961,9.01961,-0.75,0.546875,0,14.25,14.25,51.75
34.433,0,0,0,0,1.10352,1.00113,1,3,1,1,0.820314,0,1.04688,5.00001,0,0,16.5278,16.4445,16.6111,5749.25,970,271.211,970,1108.91,15.0234,180.914,194.133,15.1641,15,721.619,58.5,0.948,0.597334,1.628,95.25,9.01961,9.01961,-0.75,0.5625,0,14.25,14.25,51.75
34.467,0,0,0,0,1.10266,1.00113,1,3,1,1,0.820314,0,1.04688,5.00001,0,0,16.3611,16.4722,16.0278,5742.5,970,270.508,970,1108.91,14.9531,180.914,194.133,14.7188,15,721.619,58.5,0.924,0.597334,1.612,95.25,9.41177,9.01961,-0.75,0.765625,0,14.25,14.25,51.75
34.5,0,0,0,0,1.1026,1.00113,1,3,1,1,0.820314,0,1.04688,5.00001,0,0,16.3611,16.4167,16.4445,5731.75,970,272.07,970,1108.91,15.0938,180.516,194.438,15.1875,15,721.619,58.5,0.948,0.605334,1.636,95.25,9.41177,9.01961,-0.75,0.8125,0,14.25,14.25,50.25
34.533,0,0,0,0,1.1037,1.00113,1,3,1,1,0.820314,0,1.04688,5.00001,0,0,16.4722,16.3333,16.5278,5725,970,272.266,970,1108.91,15.1172,181.922,194.625,15.3281,15,721.619,58.5,0.96,0.592001,1.648,95.25,9.01961,9.01961,-0.75,0.984375,0,13.5,13.5,50.25
34.567,0,0,0,0,1.10327,1.00113,1,3,1,1,0.820314,0,1.04688,5.00001,0,0,16.4722,16.25,16.3056,5715.25,970,272.031,970,1108.91,15.0938,181.922,194.625,15.0938,15,721.619,58.5,0.952,0.610667,1.64,95.25,9.01961,9.01961,-0.75,1.09375,0,12.75,12.75,50.25
34.6,0,0,0,0,1.10321,1.00113,1,3,1,1,0.820314,0,1.04688,5.00001,0,0,16.1389,16.0833,16.3611,5719.5,970,270.391,970,1108.91,14.9297,181.922,194.977,15.4219,15,721.619,58.5,0.952,0.581334,1.64,95.25,9.01961,9.01961,-0.75,0.890625,0,13.5,13.5,51
34.633,0,0,0,0,1.10413,1.00113,1,3,1,1,0.820314,0,1.04688,5.00001,0,0,16.4167,16.3333,16.2222,5708.75,970,272.109,970,1108.91,15.0938,181.922,195.445,15.1172,15,717.225,58.5,0.948,0.610667,1.636,95.25,9.01961,9.01961,-0.75,1,0,12.75,12.75,50.25
34.667,0,0,0,0,1.10419,1.00113,1,3,1,1,0.820314,0,1.04688,5.00001,0,0,16.3611,16.1111,16.3889,5701.25,970,271.836,970,1108.91,15.0703,181.922,195.445,15.0938,15,717.225,58.5,0.952,0.602667,1.64,95.25,9.01961,9.01961,-0.75,1.14063,0,12.75,12.75,50.25
34.7,0,0,0,0,1.10437,1.00113,1,3,1,1,0.820314,0,1.04688,5.00001,0,0,16.1945,16.1667,15.9445,5691.5,970,269.883,970,1108.91,14.8828,183.352,195.75,14.8125,15,717.225,58.5,0.936,0.589334,1.624,95.25,9.01961,9.01961,-0.75,0.578125,0,13.5,13.5,51
34.733,0,0,0,0,1.10498,1.00113,1,3,1,1,0.820314,0,1.04688,5.00001,0,0,16.25,16.2778,16.5556,5680.5,970,271.484,970,1108.91,15.0469,183.352,195.844,15.2813,15,717.225,58.5,0.952,0.597334,1.64,95.25,9.01961,9.01961,-0.75,0.953125,0,12.75,12.75,50.25
34.767,0,0,0,0,1.1048,1.00113,1,3,1,1,0.820314,0,1.04688,5.00001,0,,,,,,,,,,,,,,,,,,,,,,,,,,,,
